line,kind,seq,flag,t_scan_rx_ns,t_flag_rx_ns,t_uart_tx_ns,t_c_rx_ns,sim_time,x,y,yaw,wp_i,min_range,min_mm,local_v,local_w,edge_v,edge_w,edge_ok,edge_seq_used,t_send_ns,t_recv_ns,rtt_us,held,deadline_miss,rtt_min_us,rtt_win_us,rtt_degraded,t_det_rtt_ns,flag_seq,t_det_meta_ns,c_seq,v_out,w_out,mode,state,switch_us,n_sw,bad_lines,lost
1,settle,0,0,10152232974769,,10152233021438,10152235717430,705.261,0.0000,0.0000,0.0000,0,0.5891,589,0,0,0,0,0,,,,,,,,,,,,,0,0,0,0,0,0,0,0,0
2,scan,1,0,10152275550535,,10152275689062,10152277709914,705.761,0.0002,-0.0000,0.0001,0,0.5909,590,220,0,0,0,0,,,,,1,1,,,0,,,,1,0,0,0,0,0,0,0,0
3,scan,2,0,10152325725799,,10152325846320,10152327721850,705.811,0.0002,-0.0000,0.0001,0,0.6015,601,220,0,0,0,0,,,,,1,1,,,0,,,,2,0,0,0,0,0,0,0,0
4,scan,3,0,10152376243652,,10152376429270,10152378663343,705.861,0.0002,-0.0000,0.0001,0,0.6019,601,220,0,0,0,0,,,,,1,1,,,0,,,,3,0,0,0,0,0,0,0,0
5,scan,4,0,10152426068687,,10152426182737,10152427669677,705.911,0.0002,-0.0000,0.0001,0,0.5935,593,220,0,0,0,0,,,,,1,1,,,0,,,,4,0,0,0,0,0,0,0,0
6,scan,5,0,10152476486271,,10152476681686,10152478644128,705.961,0.0002,-0.0000,0.0001,0,0.6002,600,220,0,0,0,0,,,,,1,1,,,0,,,,5,0,0,0,0,0,0,0,0
7,scan,6,0,10152525943287,,10152526119782,10152527764591,706.011,0.0002,-0.0000,0.0001,0,0.5893,589,220,0,220,1,1,1,10152275612247,10152484384699,208772,0,1,208772,208772,0,,,,6,220,1,0,0,0,0,0,0
8,scan,7,0,10152575714882,,10152575834700,10152577675234,706.061,0.0002,-0.0000,0.0001,0,0.5805,580,220,0,220,1,1,2,10152325770006,10152533234582,207464,0,1,207464,208118,0,,,,7,220,1,0,0,0,0,0,0
9,scan,8,0,10152625986297,,10152626109591,10152627819583,706.111,0.0037,-0.0000,0.0001,0,0.5860,586,220,0,220,1,1,3,10152376306439,10152583523353,207216,0,1,207216,207817,0,,,,8,220,1,0,0,0,0,0,0
10,scan,9,0,10152675931295,,10152676061135,10152677736250,706.161,0.0071,-0.0000,0.0001,0,0.5899,589,220,0,220,1,1,4,10152426111011,10152633344513,207233,0,1,207216,207671,0,,,,9,220,1,0,0,0,0,0,0
11,scan,10,0,10152726074447,,10152726191855,10152727668356,706.211,0.0175,-0.0000,0.0001,0,0.5842,584,220,0,220,1,1,5,10152476572205,10152681770257,205198,0,1,205198,207177,0,,,,10,220,1,0,0,0,0,0,0
12,scan,11,0,10152775930116,,10152776096234,10152777758600,706.261,0.0245,-0.0000,0.0001,0,0.5749,574,220,0,220,1,1,6,10152526024999,10152733084205,207059,0,1,205198,207157,0,,,,11,220,1,0,0,0,0,0,0
13,scan,12,0,10152825758921,,10152825881647,10152827735768,706.311,0.0394,-0.0000,0.0001,0,0.5618,561,220,0,220,1,1,7,10152575759269,10152780632099,204872,0,1,204872,206831,0,,,,12,220,1,0,0,0,0,0,0
14,scan,13,0,10152875710235,,10152875834845,10152877758246,706.361,0.0469,-0.0000,0.0002,0,0.5559,555,220,0,220,1,1,8,10152626028637,10152833263071,207234,0,1,204872,206881,0,,,,13,220,1,0,0,0,0,0,0
15,scan,14,0,10152925646346,,10152925759761,10152927742067,706.411,0.0618,0.0000,0.0003,0,0.5466,546,220,-1,220,1,1,9,10152675978249,10152879767711,203789,0,1,203789,206537,0,,,,14,220,1,0,0,0,0,0,0
16,scan,15,0,10152975797337,,10152975922785,10152977723181,706.461,0.0693,0.0000,0.0003,0,0.5359,535,220,-1,220,1,1,10,10152726115253,10152930618907,204503,0,1,203789,206334,0,,,,15,220,1,0,0,0,0,0,0
17,scan,16,0,10153025730394,,10153025857943,10153027719607,706.511,0.0843,0.0000,0.0003,0,0.5261,526,220,-1,220,1,1,11,10152775976535,10152980416846,204440,0,1,203789,206162,0,,,,16,220,1,0,0,0,0,0,0
18,scan,17,0,10153076060035,,10153076268227,10153077763222,706.561,0.0918,0.0000,0.0004,0,0.5075,507,220,-1,220,1,1,12,10152825801834,10153033173281,207371,0,1,203789,206263,0,,,,17,220,1,0,0,0,0,0,0
19,scan,18,0,10153125858939,,10153125970939,10153127820105,706.611,0.1067,0.0000,0.0004,0,0.5153,515,220,-1,220,1,1,13,10152875754762,10153082214718,206459,0,1,203789,206278,0,,,,18,220,1,0,0,0,0,0,0
20,scan,19,0,10153176789569,,10153176919489,10153178725205,706.661,0.1142,0.0000,0.0005,0,0.5100,510,220,-1,220,1,1,14,10152925683759,10153133555096,207871,0,1,203789,206392,0,,,,19,220,1,0,0,0,0,0,0
21,scan,20,0,10153226355793,,10153226469098,10153228635431,706.711,0.1292,0.0000,0.0005,0,0.4889,488,220,-1,220,1,1,15,10152975842779,10153180115926,204273,0,1,203789,206250,0,,,,20,220,1,0,0,0,0,0,0
22,scan,21,0,10153276479696,,10153276613591,10153278666923,706.761,0.1366,0.0000,0.0006,0,0.4796,479,220,-1,220,1,1,16,10153025769925,10153233153522,207383,0,1,203789,206321,0,,,,21,220,1,0,0,0,0,0,0
23,scan,22,0,10153326470862,,10153326607613,10153328919815,706.811,0.1441,0.0000,0.0006,0,0.4848,484,220,-1,220,1,1,17,10153076133710,10153280265644,204131,0,1,203789,206192,0,,,,22,220,1,0,0,0,0,0,0
24,scan,23,0,10153376553566,,10153376678888,10153378670682,706.861,0.1591,0.0000,0.0007,0,0.4705,470,220,-1,220,1,1,18,10153125896121,10153332591284,206695,0,1,203789,206220,0,,,,23,220,1,0,0,0,0,0,0
25,scan,24,0,10153426552219,,10153426686730,10153428809317,706.911,0.1666,0.0001,0.0007,0,0.4621,462,220,-2,220,1,1,19,10153176837378,10153380445155,203607,0,1,203607,206083,0,,,,24,220,1,0,0,0,0,0,0
26,scan,25,0,10153476768850,,10153476904616,10153478990807,706.961,0.1815,0.0001,0.0008,0,0.4555,455,220,-2,220,-1,1,20,10153226390780,10153430963700,204572,0,1,203607,206007,0,,,,25,220,-1,0,0,0,0,0,0
27,scan,26,0,10153526715170,,10153526879744,10153529729567,707.011,0.1890,0.0001,0.0008,0,0.4375,437,220,-2,220,-1,1,21,10153276526347,10153481103809,204577,0,1,203607,205939,0,,,,26,220,-1,0,0,0,0,0,0
28,scan,27,0,10153576673865,,10153576784037,10153578773235,707.061,0.2040,0.0001,0.0008,0,0.4333,433,220,-2,220,-1,1,22,10153326510641,10153533985173,207474,0,1,203607,206009,0,,,,27,220,-1,0,0,0,0,0,0
29,scan,28,0,10153626722007,,10153626845895,10153628818020,707.111,0.2115,0.0001,0.0007,0,0.4176,417,220,-2,220,-1,1,23,10153376597398,10153580890913,204293,0,1,203607,205934,0,,,,28,220,-1,0,0,0,0,0,0
30,scan,29,0,10153677095930,,10153677228733,10153678750282,707.161,0.2264,0.0001,0.0006,0,0.4070,406,220,-1,220,-1,1,24,10153426594249,10153633856154,207261,0,1,203607,205989,0,,,,29,220,-1,0,0,0,0,0,0
31,scan,30,0,10153727363214,,10153727480761,10153729625210,707.211,0.2339,0.0001,0.0006,0,0.4155,415,220,-1,220,-1,1,25,10153476817973,10153681809935,204991,0,1,203607,205950,0,,,,30,220,-1,0,0,0,0,0,0
32,scan,31,0,10153777448166,,10153777746043,10153779764078,707.261,0.2489,0.0001,0.0006,0,0.3890,389,220,-1,220,-1,1,26,10153526772022,10153732124782,205352,0,1,203607,205927,0,,,,31,220,-1,0,1,0,0,0,0
33,scan,32,0,10153827218794,,10153827340862,10153828750829,707.311,0.2564,0.0001,0.0005,0,0.4044,404,220,-1,220,-1,1,27,10153576715999,10153781173386,204457,0,1,203607,205872,0,,,,32,220,-1,0,0,0,0,0,0
34,scan,33,0,10153877293505,,10153877412293,10153879614916,707.361,0.2713,0.0001,0.0004,0,0.4014,401,220,-1,220,-1,1,28,10153626767566,10153834045283,207277,0,1,203607,205922,0,,,,33,220,-1,0,0,0,0,0,0
35,scan,34,0,10153927269193,,10153927383660,10153928710963,707.411,0.2788,0.0001,0.0004,0,0.3921,392,220,-1,220,-1,1,29,10153677143709,10153881688334,204544,0,1,203607,205875,0,,,,34,220,-1,0,1,0,0,0,0
36,scan,35,0,10153977007012,,10153977123228,10153978671311,707.461,0.2937,0.0001,0.0004,0,0.3850,384,220,-1,220,-1,1,30,10153727407571,10153935095249,207687,0,1,203607,205935,0,,,,35,220,-1,0,1,0,0,0,0
37,scan,36,0,10154027202964,,10154027324063,10154028678485,707.511,0.3012,0.0001,0.0003,0,0.3887,388,220,-1,220,-1,1,31,10153777510729,10153982087285,204576,0,1,203607,205891,0,,,,36,220,-1,0,1,0,0,0,0
38,scan,37,0,10154077661639,,10154077919718,10154079799002,707.561,0.3162,0.0001,0.0002,0,0.3707,370,220,-1,220,-1,1,32,10153827261590,10154035006870,207745,0,1,203607,205949,0,,,,37,220,-1,0,1,0,0,0,0
39,scan,38,0,10154127483854,,10154127614029,10154129917763,707.611,0.3236,0.0001,0.0002,0,0.3655,365,220,-1,220,1,1,33,10153877332101,10154082651748,205319,0,1,203607,205930,0,,,,38,220,1,0,1,0,0,0,0
40,scan,39,0,10154177431268,,10154177593046,10154179810784,707.661,0.3311,0.0001,0.0002,0,0.3566,356,220,-1,220,1,1,34,10153927309132,10154133813640,206504,0,1,203607,205947,0,,,,39,220,1,0,1,0,0,0,0
41,scan,40,0,10154227670373,,10154227815528,10154229865084,707.711,0.3461,0.0001,0.0002,0,0.3700,370,220,-1,220,1,1,35,10153977044929,10154184700017,207655,0,1,203607,205996,0,,,,40,220,1,0,1,0,0,0,0
42,scan,41,0,10154277502019,,10154277637847,10154279645090,707.761,0.3535,0.0001,0.0002,0,0.3629,362,220,-1,220,1,1,36,10154027245899,10154234093522,206847,0,1,203607,206019,0,,,,41,220,1,0,1,0,0,0,0
43,scan,42,0,10154327487860,,10154327623491,10154329745359,707.811,0.3685,0.0001,0.0004,0,0.3619,361,220,-1,220,1,1,37,10154077741359,10154285376438,207635,0,1,203607,206063,0,,,,42,220,1,0,1,0,0,0,0
44,scan,43,0,10154377707356,,10154377849513,10154379944639,707.861,0.3760,0.0001,0.0004,0,0.3712,371,220,-1,220,1,1,38,10154127531209,10154335284991,207753,0,1,203607,206108,0,,,,43,220,1,0,1,0,0,0,0
45,scan,44,0,10154427742892,,10154427886801,10154429972505,707.911,0.3910,0.0002,0.0004,0,0.3629,362,220,-1,220,1,1,39,10154177490937,10154385186427,207695,0,1,203607,206148,0,,,,44,220,1,0,1,0,0,0,0
46,scan,45,0,10154477765489,,10154477899971,10154479781617,707.961,0.3984,0.0002,0.0005,0,0.3717,371,220,-1,220,1,1,40,10154227720540,10154435026038,207305,0,1,203607,206177,0,,,,45,220,1,0,1,0,0,0,0
47,scan,46,0,10154528041357,,10154528195378,10154529708763,708.011,0.4134,0.0002,0.0005,0,0.3897,389,220,-2,220,1,1,41,10154277547913,10154485111785,207563,0,1,203607,206147,0,,,,46,220,1,0,1,0,0,0,0
48,scan,47,0,10154578103208,,10154578251662,10154579768321,708.061,0.4209,0.0002,0.0006,0,0.3738,373,220,-2,220,1,1,42,10154327541814,10154535254854,207713,0,1,203607,206153,0,,,,47,220,1,0,1,0,0,0,0
49,scan,48,0,10154627891351,,10154628076622,10154629755805,708.111,0.4358,0.0002,0.0006,0,0.3940,394,220,-2,220,1,1,43,10154377757572,10154584766205,207008,0,1,203607,206148,0,,,,48,220,1,0,1,0,0,0,0
50,scan,49,0,10154677858253,,10154677982935,10154679756288,708.161,0.4433,0.0002,0.0007,0,0.6409,640,220,-2,220,1,1,44,10154427800185,10154633850508,206050,0,1,203607,206118,0,,,,49,220,1,0,0,0,0,0,0
51,scan,50,0,10154727642504,,10154727771603,10154729697822,708.211,0.4583,0.0002,0.0007,0,1.5092,1509,220,-2,220,1,1,45,10154477814195,10154684739107,206924,0,1,203607,206162,0,,,,50,220,1,0,0,0,0,0,0
52,scan,51,0,10154777797037,,10154777931605,10154779709894,708.261,0.4658,0.0002,0.0008,0,1.5015,1501,220,-2,220,-1,1,46,10154528091762,10154735056628,206964,0,1,203607,206159,0,,,,51,220,-1,0,0,0,0,0,0
53,scan,52,0,10154827744624,,10154827877363,10154829716331,708.311,0.4807,0.0002,0.0008,0,1.4724,1472,220,-2,220,0,1,47,10154578163637,10154782696869,204533,0,1,203607,206151,0,,,,52,220,0,0,0,0,0,0,0
54,scan,53,0,10154877710976,,10154877853256,10154879823336,708.361,0.4882,0.0002,0.0008,0,1.4775,1477,220,-2,220,0,1,48,10154627938615,10154832187711,204249,0,1,203607,206076,0,,,,53,220,0,0,0,0,0,0,0
55,scan,54,0,10154927923459,,10154928093017,10154929703171,708.411,0.5032,0.0002,0.0007,0,1.4693,1469,220,-2,220,0,1,49,10154677901081,10154883157380,205256,0,1,203607,206113,0,,,,54,220,0,0,0,0,0,0,0
56,scan,55,0,10154978311661,,10154978509488,10154980615865,708.461,0.5106,0.0002,0.0007,0,1.4530,1453,220,-2,220,0,1,50,10154727685604,10154931935376,204249,0,1,203607,206106,0,,,,55,220,0,0,0,0,0,0,0
57,scan,56,0,10155028613260,,10155028751222,10155030828489,708.511,0.5181,0.0002,0.0007,0,1.4467,1446,220,-2,220,0,1,51,10154777844899,10154985154403,207309,0,1,203607,206178,0,,,,56,220,0,0,0,0,0,0,0
58,scan,57,0,10155078383713,,10155078526608,10155080723090,708.561,0.5331,0.0003,0.0008,0,1.4203,1420,220,-2,220,0,1,52,10154827789511,10155035129811,207340,0,1,203607,206177,0,,,,57,220,0,0,0,0,0,0,0
59,scan,58,0,10155128612630,,10155128747771,10155130757657,708.611,0.5406,0.0003,0.0008,0,1.4223,1422,220,-2,220,0,1,53,10154877761203,10155085711251,207950,0,1,203607,206215,0,,,,58,220,0,0,0,0,0,0,0
60,scan,59,0,10155178657389,,10155178794373,10155180786731,708.661,0.5555,0.0003,0.0007,0,1.4165,1416,220,-2,220,0,1,54,10154927959538,10155135580323,207620,0,1,203607,206208,0,,,,59,220,0,0,0,0,0,0,0
61,scan,60,0,10155228731158,,10155228870896,10155230706669,708.711,0.5630,0.0003,0.0007,0,1.3992,1399,220,-2,220,0,1,55,10154978357944,10155186118094,207760,0,1,203607,206296,0,,,,60,220,0,0,0,0,0,0,0
62,scan,61,0,10155278835884,,10155279000269,10155280729807,708.761,0.5780,0.0003,0.0008,0,1.3924,1392,220,-2,220,0,1,56,10155028667427,10155236368266,207700,0,1,203607,206304,0,,,,61,220,0,0,0,0,0,0,0
63,scan,62,0,10155328938439,,10155329087935,10155330785189,708.811,0.5854,0.0003,0.0008,0,1.3724,1372,220,-2,220,0,1,57,10155078432864,10155285741311,207308,0,1,203607,206383,0,,,,62,220,0,0,0,0,0,0,0
64,scan,63,0,10155378655933,,10155378793796,10155380804873,708.861,0.6004,0.0003,0.0007,0,1.3623,1362,220,-2,220,0,1,58,10155128660002,10155335971770,207311,0,1,203607,206398,0,,,,63,220,0,0,0,0,0,0,0
65,scan,64,0,10155428813958,,10155428935806,10155430680908,708.911,0.6079,0.0003,0.0007,0,1.3598,1359,220,-3,220,0,1,59,10155178702880,10155385566486,206863,0,1,203607,206480,0,,,,64,220,0,0,0,0,0,0,0
66,scan,65,0,10155478799520,,10155478939638,10155480742310,708.961,0.6229,0.0003,0.0007,0,1.3422,1342,220,-3,220,0,1,60,10155228782094,10155435404017,206621,0,1,203607,206531,0,,,,65,220,0,0,0,0,0,0,0
67,scan,66,0,10155528814806,,10155528937153,10155530711644,709.011,0.6303,0.0003,0.0007,0,1.3301,1330,220,-3,220,0,1,61,10155278877515,10155485545235,206667,0,1,203607,206583,0,,,,66,220,0,0,0,0,0,0,0
68,scan,67,0,10155578874507,,10155578999915,10155580740188,709.061,0.6453,0.0003,0.0007,0,1.3256,1325,220,-3,220,0,1,62,10155328988035,10155536282244,207294,0,1,203607,206579,0,,,,67,220,0,0,0,0,0,0,0
69,scan,68,0,10155628789894,,10155628914499,10155631738478,709.111,0.6528,0.0003,0.0007,0,1.2992,1299,220,-3,220,0,1,63,10155378697260,10155585875130,207177,0,1,203607,206651,0,,,,68,220,0,0,0,0,0,0,0
70,scan,69,0,10155678509230,,10155678632086,10155680665758,709.161,0.6677,0.0003,0.0007,0,1.2950,1295,220,-3,220,0,1,64,10155428854371,10155636168992,207314,0,1,203607,206652,0,,,,69,220,0,0,0,0,0,0,0
71,scan,70,0,10155728678758,,10155728856418,10155730766782,709.211,0.6752,0.0004,0.0007,0,1.2900,1289,220,-3,220,0,1,65,10155478855923,10155686981497,208125,0,1,203607,206730,0,,,,70,220,0,0,0,0,0,0,0
72,scan,71,0,10155779185827,,10155779330329,10155780667133,709.261,0.6902,0.0004,0.0007,0,1.2835,1283,220,-3,220,0,1,66,10155528856885,10155736098877,207241,0,1,203607,206778,0,,,,71,220,0,0,0,0,0,0,0
73,scan,72,0,10155829458222,,10155829581755,10155831591173,709.311,0.6976,0.0004,0.0007,0,1.2662,1266,220,-3,220,0,1,67,10155578919342,10155785839893,206920,0,1,203607,206839,0,,,,72,220,0,0,0,0,0,0,0
74,scan,73,0,10155879448708,,10155879577875,10155881656622,709.361,0.7051,0.0004,0.0007,0,1.2488,1248,220,-3,220,0,1,68,10155628834432,10155836120334,207285,0,1,203607,206839,0,,,,73,220,0,0,0,0,0,0,0
75,scan,74,0,10155929567163,,10155929714566,10155931818935,709.411,0.7201,0.0004,0.0007,0,1.2520,1252,220,-3,220,0,1,69,10155678548524,10155886106838,207558,0,1,203607,206915,0,,,,74,220,0,0,0,0,0,0,0
76,scan,75,0,10155979726629,,10155979890014,10155981740839,709.461,0.7276,0.0004,0.0007,0,1.2358,1235,220,-3,220,0,1,70,10155728770712,10155936302946,207532,0,1,203607,206911,0,,,,75,220,0,0,0,0,0,0,0
77,scan,76,0,10156029547769,,10156029668118,10156031700967,709.511,0.7425,0.0004,0.0007,0,1.2293,1229,220,-3,220,0,1,71,10155779222821,10155985961578,206738,0,1,203607,206965,0,,,,76,220,0,0,0,0,0,0,0
78,scan,77,0,10156079491878,,10156079610023,10156081652845,709.561,0.7500,0.0004,0.0007,0,1.2158,1215,220,-3,220,0,1,72,10155829500954,10156036185318,206684,0,1,203607,206938,0,,,,77,220,0,0,0,0,0,0,0
79,scan,78,0,10156129360767,,10156129502408,10156131692937,709.611,0.7650,0.0004,0.0007,0,1.2068,1206,220,-3,220,0,1,73,10155879495245,10156085723027,206227,0,1,203607,206961,0,,,,78,220,0,0,0,0,0,0,0
80,scan,79,0,10156179270434,,10156179393431,10156181615194,709.661,0.7724,0.0004,0.0007,0,1.1924,1192,220,-3,220,0,1,74,10155929618209,10156137128125,207509,0,1,203607,206986,0,,,,79,220,0,0,0,0,0,0,0
81,scan,80,0,10156229314022,,10156229439259,10156231586554,709.711,0.7874,0.0004,0.0007,0,1.1789,1178,220,-4,220,0,1,75,10155979786813,10156187583369,207796,0,1,203607,206990,0,,,,80,220,0,0,0,0,0,0,0
82,scan,81,0,10156279538307,,10156279674672,10156281748978,709.761,0.7949,0.0004,0.0007,0,1.1756,1175,220,-4,220,0,1,76,10156029588772,10156236892083,207303,0,1,203607,207001,0,,,,81,220,0,0,0,0,0,0,0
83,scan,82,0,10156329228960,,10156329346709,10156330704186,709.811,0.8098,0.0005,0.0007,0,1.1502,1150,220,-4,220,0,1,77,10156079532150,10156287291204,207759,0,1,203607,207004,0,,,,82,220,0,0,0,0,0,0,0
84,scan,83,0,10156379492763,,10156379616219,10156381669357,709.861,0.8173,0.0005,0.0007,0,1.1493,1149,220,-4,220,0,1,78,10156129405253,10156336598119,207192,0,1,203607,206990,0,,,,83,220,0,0,0,0,0,0,0
85,scan,84,0,10156429544754,,10156429681267,10156431723339,709.911,0.8323,0.0005,0.0007,0,1.1398,1139,220,-4,220,0,1,79,10156179313275,10156385915837,206602,0,1,203607,206963,0,,,,84,220,0,0,0,0,0,0,0
86,scan,85,0,10156479659361,,10156479784342,10156481742756,709.961,0.8398,0.0005,0.0007,0,1.1147,1114,220,-4,220,0,1,80,10156229354434,10156436777040,207422,0,1,203607,206966,0,,,,85,220,0,0,0,0,0,0,0
87,scan,86,0,10156529465383,,10156529593277,10156531629316,710.011,0.8547,0.0005,0.0007,0,1.1077,1107,220,-4,220,0,1,81,10156279586363,10156486930869,207344,0,1,203607,206960,0,,,,86,220,0,0,0,0,0,0,0
88,scan,87,0,10156579526032,,10156579653545,10156581719785,710.061,0.8622,0.0005,0.0007,0,1.1026,1102,220,-4,220,0,1,82,10156329266641,10156536462500,207195,0,1,203607,206947,0,,,,87,220,0,0,0,0,0,0,0
89,scan,88,0,10156629690898,,10156629810560,10156631718455,710.111,0.8772,0.0005,0.0007,0,1.0910,1090,220,-5,220,0,1,83,10156379536197,10156586904200,207368,0,1,203607,206956,0,,,,88,220,0,0,0,0,0,0,0
90,scan,89,0,10156679824412,,10156679950672,10156681846576,710.161,0.8846,0.0005,0.0007,0,1.0665,1066,220,-5,220,0,1,84,10156429592246,10156636685998,207093,0,1,203607,206983,0,,,,89,220,0,0,0,0,0,0,0
91,scan,90,0,10156729858715,,10156729994039,10156731951105,710.211,0.8921,0.0005,0.0007,0,1.0711,1071,220,-5,220,0,1,85,10156479702705,10156687020150,207317,0,1,203607,206992,0,,,,90,220,0,0,0,0,0,0,0
92,scan,91,0,10156779808936,,10156779934219,10156781668296,710.261,0.9071,0.0005,0.0007,0,1.0547,1054,220,-5,220,0,1,86,10156529505091,10156736671286,207166,0,1,203607,206997,0,,,,91,220,0,0,0,0,0,0,0
93,scan,92,0,10156829811497,,10156829936180,10156831709311,710.311,0.9146,0.0005,0.0007,0,1.0404,1040,220,-5,220,0,1,87,10156579574624,10156786782854,207208,0,1,203607,207064,0,,,,92,220,0,0,0,0,0,0,0
94,scan,93,0,10156879735891,,10156879865778,10156881811668,710.361,0.9295,0.0005,0.0007,0,1.0350,1035,220,-5,220,-6,1,88,10156629728030,10156836531652,206803,0,1,203607,207128,0,,,,93,220,-6,0,0,0,0,0,0
95,scan,94,0,10156929850643,,10156929974162,10156931681197,710.411,0.9370,0.0005,0.0007,0,1.0267,1026,220,-6,220,-6,1,89,10156679866877,10156887143235,207276,0,1,203607,207179,0,,,,94,220,-6,0,0,0,0,0,0
96,scan,95,0,10156979817778,,10156979995030,10156981822214,710.461,0.9520,0.0006,0.0005,0,1.0158,1015,220,-6,220,-6,1,90,10156729907363,10156934104543,204197,0,1,203607,207177,0,,,,95,220,-6,0,0,0,0,0,0
97,scan,96,0,10157029803721,,10157029926800,10157031748712,710.511,0.9594,0.0006,0.0002,0,0.9938,993,220,-5,220,-7,1,91,10156779853777,10156987150850,207297,0,1,203607,207177,0,,,,96,220,-7,0,0,0,0,0,0
98,scan,97,0,10157079970057,,10157080138173,10157081683251,710.561,0.9744,0.0006,-0.0004,0,0.9870,986,220,-4,220,-7,1,92,10156829855544,10157034080917,204225,0,1,203607,207099,0,,,,97,220,-7,0,0,0,0,0,0
99,scan,98,0,10157130074483,,10157130197098,10157131721408,710.611,0.9819,0.0006,-0.0005,0,0.9771,977,220,-4,220,-7,1,93,10156879786041,10157086402472,206616,0,1,203607,207066,0,,,,98,220,-7,0,0,0,0,0,0
100,scan,99,0,10157180667159,,10157180796169,10157182668156,710.661,0.9968,0.0005,-0.0009,0,0.9648,964,220,-3,220,-7,1,94,10156929892079,10157134037776,204145,0,1,203607,206979,0,,,,99,220,-7,0,0,0,0,0,0
101,scan,100,0,10157230013080,,10157230135797,10157231746502,710.711,1.0043,0.0005,-0.0012,0,0.9586,958,220,-3,220,-8,1,95,10156979875703,10157186139749,206264,0,1,203607,206942,0,,,,100,220,-8,0,0,0,0,0,0
102,scan,101,0,10157280061536,,10157280182759,10157281673914,710.761,1.0193,0.0005,-0.0018,0,0.9584,958,220,-2,220,-6,1,96,10157029847085,10157236812638,206965,0,1,203607,206923,0,,,,101,220,-6,0,0,0,0,0,0
103,scan,102,0,10157330300403,,10157330440798,10157332618089,710.811,1.0268,0.0005,-0.0020,0,0.9360,935,220,-2,220,-7,1,97,10157080047232,10157287239274,207192,0,1,203607,206920,0,,,,102,220,-7,0,0,0,0,0,0
104,scan,103,0,10157380207828,,10157380328351,10157381719720,710.861,1.0417,0.0005,-0.0025,0,0.9249,924,220,-1,220,-5,1,98,10157130114547,10157337090164,206975,0,1,203607,206912,0,,,,103,220,-5,0,0,0,0,0,0
105,scan,104,0,10157430432081,,10157430562682,10157432666267,710.911,1.0492,0.0004,-0.0027,0,0.9171,917,220,-1,220,-6,1,99,10157180710402,10157388757955,208047,0,1,203607,206941,0,,,,104,220,-6,0,0,0,0,0,0
106,scan,105,0,10157481029749,,10157481249290,10157482817260,710.961,1.0642,0.0004,-0.0031,1,0.9074,907,0,1000,220,-6,1,100,10157230056195,10157436688904,206632,0,1,203607,206942,0,,,,105,220,-6,0,0,0,0,0,0
107,scan,106,0,10157530476300,,10157530605304,10157532707615,711.011,1.0716,0.0004,-0.0033,1,0.8796,879,0,1000,220,-5,1,101,10157280100881,10157486368020,206267,0,1,203607,206932,0,,,,106,220,-5,0,0,0,0,0,0
108,scan,107,0,10157580743378,,10157580864036,10157582817721,711.061,1.0791,0.0004,-0.0035,1,0.8743,874,0,1000,220,-5,1,102,10157330348243,10157537485231,207136,0,1,203607,206928,0,,,,107,220,-5,0,0,0,0,0,0
109,scan,108,0,10157630528820,,10157630669793,10157632682802,711.111,1.0941,0.0003,-0.0039,1,0.8687,868,0,1000,220,5,1,103,10157380247500,10157587609036,207361,0,1,203607,206932,0,,,,108,220,5,0,0,0,0,0,0
110,scan,109,0,10157680956257,,10157681168600,10157682687010,711.161,1.1016,0.0003,-0.0040,1,0.8668,866,0,1000,220,7,1,104,10157430477783,10157637532313,207054,0,1,203607,206926,0,,,,109,220,7,0,0,0,0,0,0
111,scan,110,0,10157730689535,,10157730813086,10157733756145,711.211,1.1165,0.0002,-0.0039,1,0.8466,846,0,1000,0,999,1,105,10157481102690,10157687984410,206881,0,1,203607,206895,0,,,,110,0,999,0,0,0,0,0,0
112,scan,111,0,10157780783326,,10157780906768,10157782746340,711.261,1.1240,0.0002,-0.0035,1,0.8396,839,0,1000,0,999,1,106,10157530521547,10157736681793,206160,0,1,203607,206868,0,,,,111,0,999,0,0,0,0,0,0
113,scan,112,0,10157830583543,,10157830713039,10157832760108,711.311,1.1355,0.0001,-0.0030,1,0.8079,807,0,1000,0,999,1,107,10157580788400,10157788209003,207420,0,1,203607,206880,0,,,,112,0,999,0,0,0,0,0,0
114,scan,113,0,10157880626087,,10157880747194,10157882745878,711.361,1.1395,0.0001,-0.0031,1,0.8321,832,0,1000,0,999,1,108,10157630576975,10157838124762,207547,0,1,203607,206887,0,,,,113,0,999,0,0,0,0,0,0
115,scan,114,0,10157930748040,,10157930886050,10157932933164,711.411,1.1446,0.0001,-0.0022,1,0.8092,809,0,1000,0,999,1,109,10157681042566,10157888130689,207088,0,1,203607,206875,0,,,,114,0,999,0,0,0,0,0,0
116,scan,115,0,10157981489241,,10157981654334,10157983804913,711.461,1.1462,0.0001,0.0052,1,0.8271,827,0,1000,0,999,1,110,10157730733820,10157937924554,207190,0,1,203607,206867,0,,,,115,0,999,0,0,0,0,0,0
117,scan,116,0,10158031653274,,10158031797313,10158033713643,711.511,1.1478,0.0001,0.0532,1,0.8224,822,0,1000,0,999,1,111,10157780827720,10157988343376,207515,0,1,203607,206886,0,,,,116,0,999,0,0,0,0,0,0
118,scan,117,0,10158081329487,,10158081458878,10158083609737,711.561,1.1477,0.0001,0.0921,1,0.8209,820,0,1000,0,999,1,112,10157830623919,10158040961915,210337,0,1,203607,206977,0,,,,117,0,999,0,0,0,0,0,0
119,scan,118,0,10158131336881,,10158131458488,10158133603618,711.611,1.1476,0.0001,0.1725,1,0.8117,811,0,1000,0,999,1,113,10157880668883,10158087730331,207061,0,1,203607,206998,0,,,,118,0,999,0,0,0,0,0,0
120,scan,119,0,10158181466098,,10158181646480,10158183846324,711.661,1.1475,0.0001,0.2046,1,0.8206,820,0,1000,0,999,1,114,10157930792867,10158137699493,206906,0,1,203607,206983,0,,,,119,0,999,0,0,0,0,0,0
121,scan,120,0,10158231643785,,10158231779907,10158233816488,711.711,1.1474,0.0001,0.2631,1,0.8122,812,0,1000,0,999,1,115,10157981553887,10158187848988,206295,0,1,203607,206946,0,,,,120,0,999,0,0,0,0,0,0
122,scan,121,0,10158281629652,,10158281762370,10158283860014,711.761,1.1474,0.0000,0.2972,1,0.8221,822,0,1000,0,999,1,116,10158031702972,10158239308928,207605,0,1,203607,206953,0,,,,121,0,999,0,0,0,0,0,0
123,scan,122,0,10158331450097,,10158331566679,10158333611991,711.811,1.1473,0.0000,0.3714,1,0.8115,811,0,1000,0,999,1,117,10158081370175,10158288249061,206878,0,1,203607,206931,0,,,,122,0,999,0,0,0,0,0,0
124,scan,123,0,10158381320199,,10158381447194,10158383663582,711.861,1.1472,-0.0000,0.4060,1,0.8127,812,0,1000,0,999,1,118,10158131375425,10158335698839,204323,0,1,203607,206859,0,,,,123,0,999,0,0,0,0,0,0
125,scan,124,0,10158431374091,,10158431501989,10158433692503,711.911,1.1472,-0.0001,0.4382,1,0.8170,817,0,1000,0,999,1,119,10158181528975,10158389306465,207777,0,1,203607,206889,0,,,,124,0,999,0,0,0,0,0,0
126,scan,125,0,10158481195873,,10158481317710,10158483599137,711.961,1.1471,-0.0001,0.5029,1,0.8159,815,0,1000,0,999,1,120,10158231689816,10158436080341,204390,0,1,203607,206813,0,,,,125,0,999,0,0,0,0,0,0
127,scan,126,0,10158531246350,,10158531375974,10158533592263,712.011,1.1470,-0.0001,0.5377,1,0.8148,814,0,1000,0,999,1,121,10158281674383,10158489036641,207362,0,1,203607,206813,0,,,,126,0,999,0,0,0,0,0,0
128,scan,127,0,10158581631473,,10158581768504,10158583679600,712.061,1.1469,-0.0002,0.6080,1,0.8062,806,0,1000,0,999,1,122,10158331485359,10158538938829,207453,0,1,203607,206820,0,,,,127,0,999,0,0,0,0,0,0
129,scan,128,0,10158631509795,,10158631637149,10158633830102,712.111,1.1469,-0.0003,0.6416,1,0.8093,809,0,1000,0,999,1,123,10158381364495,10158589011331,207646,0,1,203607,206827,0,,,,128,0,999,0,0,0,0,0,0
130,scan,129,0,10158682206531,,10158682371577,10158684708188,712.161,1.1468,-0.0003,0.7078,1,0.8138,813,0,1000,0,999,1,124,10158431415965,10158638714565,207298,0,1,203607,206832,0,,,,129,0,999,0,0,0,0,0,0
131,scan,130,0,10158731751484,,10158731885443,10158733656135,712.211,1.1467,-0.0004,0.7417,1,0.8234,823,0,1000,0,999,1,125,10158481238372,10158689086163,207847,0,1,203607,206845,0,,,,130,0,999,0,0,0,0,0,0
132,scan,131,0,10158781677026,,10158781807395,10158783746902,712.261,1.1467,-0.0005,0.8108,1,0.8061,806,0,1000,0,999,1,126,10158531290142,10158738447769,207157,0,1,203607,206845,0,,,,131,0,999,0,0,0,0,0,0
133,scan,132,0,10158831762074,,10158831948982,10158833688821,712.311,1.1466,-0.0005,0.8449,1,0.8060,806,0,1000,0,999,1,127,10158581678458,10158788800034,207121,0,1,203607,206843,0,,,,132,0,999,0,0,0,0,0,0
134,scan,133,0,10158881551050,,10158881675038,10158883710593,712.361,1.1466,-0.0006,0.9121,1,0.8204,820,0,1000,0,999,1,128,10158631552696,10158839047125,207494,0,1,203607,206860,0,,,,133,0,999,0,0,0,0,0,0
135,scan,134,0,10158931740978,,10158931863612,10158933855944,712.411,1.1465,-0.0007,0.9459,1,0.8228,822,0,1000,0,999,1,129,10158682265803,10158889428984,207163,0,1,203607,206857,0,,,,134,0,999,0,0,0,0,0,0
136,scan,135,0,10158981554344,,10158981684894,10158983657753,712.461,1.1465,-0.0008,1.0142,1,0.8414,841,0,1000,0,999,1,130,10158731798063,10158939691775,207893,0,1,203607,206950,0,,,,135,0,999,0,0,0,0,0,0
137,scan,136,0,10159031704898,,10159031830245,10159033743316,712.511,1.1465,-0.0008,1.0483,1,0.6301,630,0,956,0,999,1,131,10158781722420,10158986126879,204404,0,1,203607,206877,0,,,,136,0,999,0,0,0,0,0,0
138,scan,137,0,10159081693418,,10159081826876,10159083737082,712.561,1.1464,-0.0009,1.1159,1,0.6047,604,0,821,0,999,1,132,10158831841741,10159039095922,207254,0,1,203607,206953,0,,,,137,0,999,0,0,0,0,0,0
139,scan,138,0,10159131684615,,10159131813011,10159133724352,712.611,1.1464,-0.0010,1.1497,1,0.5757,575,220,753,0,999,1,133,10158881591165,10159085951105,204359,0,1,203607,206897,0,,,,138,0,999,0,0,0,0,0,0
140,scan,139,0,10159182023460,,10159182145960,10159183916979,712.661,1.1464,-0.0011,1.2176,1,0.5718,571,220,617,0,999,1,134,10158931783508,10159139373111,207589,0,1,203607,206983,0,,,,139,0,999,0,0,0,0,0,0
141,scan,140,0,10159231899602,,10159232068502,10159233724976,712.711,1.1463,-0.0011,1.2517,1,0.5587,558,220,549,0,997,1,135,10158981593721,10159185848459,204254,0,1,203607,206932,0,,,,140,0,997,0,0,0,0,0,0
142,scan,141,0,10159281817362,,10159282010465,10159283823358,712.761,1.1463,-0.0012,1.2857,1,0.5732,573,220,481,0,966,1,136,10159031746444,10159236279246,204532,0,1,203607,206872,0,,,,141,0,966,0,0,0,0,0,0
143,scan,142,0,10159331728138,,10159331875165,10159333664130,712.811,1.1463,-0.0013,1.3534,1,0.5728,572,220,346,1,821,1,137,10159081737032,10159286127313,204390,0,1,203607,206802,0,,,,142,1,821,0,0,0,0,0,0
144,scan,143,0,10159381897459,,10159382035488,10159383860275,712.861,1.1463,-0.0014,1.3870,1,0.5664,566,220,278,220,748,1,138,10159131728540,10159339605880,207877,0,1,203607,206824,0,,,,143,220,748,0,0,0,0,0,0
145,scan,144,0,10159432035322,,10159432159254,10159433710694,712.911,1.1465,-0.0003,1.4490,1,0.5575,557,220,154,220,600,1,139,10159182061083,10159386378577,204317,0,1,203607,206731,0,,,,144,220,600,0,0,0,0,0,0
146,scan,145,0,10159482768216,,10159482907744,10159484671274,712.961,1.1467,0.0020,1.4770,1,0.5706,570,220,99,220,532,1,140,10159231945599,10159439386267,207440,0,1,203607,206751,0,,,,145,220,532,0,0,0,0,0,0
147,scan,146,0,10159532674127,,10159532815088,10159534670830,713.011,1.1472,0.0100,1.5346,1,0.5504,550,220,-16,220,465,1,141,10159281898138,10159486470149,204572,0,1,203607,206709,0,,,,146,220,465,0,0,0,0,0,0
148,scan,147,0,10159582652894,,10159582776901,10159584785868,713.061,1.1474,0.0158,1.5657,1,0.5474,547,220,-79,220,332,1,142,10159331780294,10159538807945,207027,0,1,203607,206706,0,,,,147,220,332,0,0,0,0,0,0
149,scan,148,0,10159632956771,,10159633081598,10159634684906,713.111,1.1470,0.0294,1.6213,1,0.5495,549,220,-191,220,265,1,143,10159381944147,10159585292858,203348,0,1,203348,206606,0,,,,148,220,265,0,0,0,0,0,0
150,scan,149,0,10159683174551,,10159683381448,10159685762218,713.161,1.1466,0.0368,1.6348,1,0.5209,520,220,-220,220,146,1,144,10159432078723,10159639035650,206956,0,1,203348,206603,0,,,,149,220,146,0,0,0,0,0,0
151,scan,150,0,10159732759981,,10159732886325,10159735608645,713.211,1.1456,0.0517,1.6350,1,0.5203,520,220,-223,220,94,1,145,10159482818326,10159687394580,204576,0,1,203348,206546,0,,,,150,220,94,0,0,0,0,0,0
152,scan,151,0,10159782598249,,10159782752025,10159784753854,713.261,1.1451,0.0592,1.6356,1,0.5186,518,220,-226,220,-16,1,146,10159532721135,10159737183285,204462,0,1,203348,206503,0,,,,151,220,-16,0,0,0,0,0,0
153,scan,152,0,10159832867128,,10159833028472,10159834795608,713.311,1.1441,0.0741,1.6484,1,0.5106,510,220,-254,220,-74,1,147,10159582698665,10159787309097,204610,0,1,203348,206433,0,,,,152,220,-74,0,0,0,0,0,0
154,scan,153,0,10159882891243,,10159883032301,10159884708931,713.361,1.1435,0.0816,1.6510,1,0.4958,495,220,-261,220,-179,1,148,10159632998117,10159840123259,207125,0,1,203348,206422,0,,,,153,220,-179,0,0,0,0,0,0
155,scan,154,0,10159932697175,,10159932819572,10159934733938,713.411,1.1424,0.0965,1.6391,1,0.4764,476,220,-241,220,-207,1,149,10159683226175,10159887519931,204293,0,1,203348,206352,0,,,,154,220,-207,0,0,0,0,0,0
156,scan,155,0,10159983075912,,10159983208463,10159984728368,713.461,1.1419,0.1040,1.6293,1,0.4608,460,220,-223,220,-209,1,150,10159732804137,10159940040881,207236,0,1,203348,206354,0,,,,155,220,-209,0,0,0,0,0,0
157,scan,156,0,10160033453687,,10160033676046,10160035732665,713.511,1.1411,0.1189,1.6148,1,0.4726,472,220,-197,220,-213,1,151,10159782665201,10159987124451,204459,0,1,203348,206277,0,,,,156,220,-213,0,0,0,0,0,0
158,scan,157,0,10160082902612,,10160083024329,10160084789726,713.561,1.1408,0.1264,1.6096,1,0.4536,453,220,-188,220,-239,1,152,10159832921904,10160040667722,207745,0,1,203348,206212,0,,,,157,220,-239,0,0,0,0,0,0
159,scan,158,0,10160133132311,,10160133257634,10160135634197,713.611,1.1406,0.1339,1.6037,1,0.4488,448,220,-177,220,-247,1,153,10159882938018,10160088140149,205202,0,1,203348,206166,0,,,,158,220,-247,0,0,0,0,0,0
160,scan,159,0,10160183281975,,10160183417340,10160185702073,713.661,1.1402,0.1489,1.5868,1,0.4470,447,220,-146,220,-227,1,154,10159932737225,10160137998337,205261,0,1,203348,206125,0,,,,159,220,-227,0,0,0,0,0,0
161,scan,160,0,10160233678444,,10160233860997,10160235707914,713.711,1.1401,0.1564,1.5771,1,0.4262,426,220,-127,220,-209,1,155,10159983120462,10160190463189,207342,0,1,203348,206151,0,,,,160,220,-209,0,0,0,0,0,0
162,scan,161,0,10160283260151,,10160283383854,10160285678479,713.761,1.1401,0.1714,1.5610,1,0.4228,422,220,-97,220,-185,1,156,10160033526115,10160241600923,208074,0,1,203348,206163,0,,,,161,220,-185,0,0,0,0,0,0
163,scan,162,0,10160333502629,,10160333666204,10160335795153,713.811,1.1402,0.1789,1.5550,1,0.4013,401,220,-85,220,-177,1,157,10160082944192,10160289725113,206780,0,1,203348,206160,0,,,,162,220,-177,0,0,0,0,0,0
164,scan,163,0,10160383390939,,10160383512132,10160385678931,713.861,1.1406,0.1938,1.5434,1,0.4003,400,220,-63,220,-166,1,158,10160133173393,10160340476025,207302,0,1,203348,206235,0,,,,163,220,-166,0,0,0,0,0,0
165,scan,164,0,10160433707713,,10160433832551,10160435685407,713.911,1.1408,0.2013,1.5372,1,0.3972,397,220,-51,220,-137,1,159,10160183327748,10160390211212,206883,0,1,203348,206212,0,,,,164,220,-137,0,1,0,0,0,0
166,scan,165,0,10160483598352,,10160483723619,10160485813438,713.961,1.1414,0.2163,1.5254,1,0.3721,372,220,-28,220,-119,1,160,10160233725006,10160440683826,206958,0,1,203348,206277,0,,,,165,220,-119,0,1,0,0,0,0
167,scan,166,0,10160533531698,,10160533663360,10160535786199,714.011,1.1417,0.2238,1.5209,1,0.3771,377,220,-20,220,-90,1,161,10160283302773,10160489954956,206652,0,1,203348,206259,0,,,,166,220,-90,0,1,0,0,0,0
168,scan,167,0,10160583406697,,10160583528495,10160585766074,714.061,1.1425,0.2388,1.5141,1,0.3717,371,220,-6,220,-80,1,162,10160333565872,10160541158215,207592,0,1,203348,206262,0,,,,167,220,-80,0,1,0,0,0,0
169,scan,168,0,10160633927122,,10160634063633,10160635754043,714.111,1.1430,0.2462,1.5114,1,0.3584,358,220,-1,220,-57,1,163,10160383431594,10160589806725,206375,0,1,203348,206230,0,,,,168,220,-57,0,1,0,0,0,0
170,scan,169,0,10160684138468,,10160684263060,10160685771798,714.161,1.1439,0.2612,1.5063,1,0.3645,364,220,10,220,-46,1,164,10160433751854,10160641395603,207643,0,1,203348,206239,0,,,,169,220,-46,0,1,0,0,0,0
171,scan,170,0,10160733904076,,10160734029750,10160735821481,714.211,1.1444,0.2686,1.5043,1,0.3586,358,220,14,220,-25,1,165,10160483639551,10160691229012,207589,0,1,203348,206233,0,,,,170,220,-25,0,1,0,0,0,0
172,scan,171,0,10160783698329,,10160783846387,10160785672539,714.261,1.1454,0.2836,1.5018,1,0.3463,346,220,19,220,-17,1,166,10160533574298,10160740275226,206700,0,1,203348,206221,0,,,,171,220,-17,0,1,0,0,0,0
173,scan,172,0,10160833703631,,10160833853520,10160835913688,714.311,1.1459,0.2910,1.5011,1,0.3428,342,220,20,220,-3,1,167,10160583449656,10160788967481,205517,0,1,203348,206181,0,,,,172,220,-3,0,1,0,0,0,0
174,scan,173,0,10160883796906,,10160883921105,10160885923940,714.361,1.1470,0.3059,1.5004,1,0.3391,339,220,22,220,1,1,168,10160633975619,10160841627078,207651,0,1,203348,206185,0,,,,173,220,1,0,1,0,0,0,0
175,scan,174,0,10160933724231,,10160933847415,10160935725327,714.411,1.1475,0.3134,1.5003,1,0.3420,342,220,23,220,11,1,169,10160684179068,10160888260036,204080,0,1,203348,206108,0,,,,174,220,11,0,1,0,0,0,0
176,scan,175,0,10160984055939,,10160984182884,10160985821936,714.461,1.1480,0.3208,1.5004,1,0.3185,318,220,23,220,14,1,170,10160733945139,10160941488464,207543,0,1,203348,206099,0,,,,175,220,14,0,1,0,0,0,0
177,scan,176,0,10161033827563,,10161033947392,10161035693931,714.511,1.1491,0.3358,1.5011,1,0.3238,323,220,22,220,18,1,171,10160783738763,10160988259876,204521,0,1,203348,206102,0,,,,176,220,18,0,1,0,0,0,0
178,scan,177,0,10161083766711,,10161083902969,10161085700991,714.561,1.1496,0.3432,1.5017,1,0.3228,322,220,21,220,21,1,172,10160833746241,10161041354202,207607,0,1,203348,206111,0,,,,177,220,21,0,1,0,0,0,0
179,scan,178,0,10161134447480,,10161134585191,10161136673368,714.611,1.1506,0.3581,1.5029,1,0.3092,309,220,19,220,23,1,173,10160883834602,10161088254016,204419,0,1,203348,206112,0,,,,178,220,23,0,1,0,0,0,0
180,scan,179,0,10161184419479,,10161184577253,10161186762456,714.661,1.1511,0.3656,1.5037,1,0.3185,318,220,17,220,22,1,174,10160933766140,10161142004335,208238,0,1,203348,206129,0,,,,179,220,22,0,1,0,0,0,0
181,scan,180,0,10161234144971,,10161234268542,10161235737290,714.711,1.1521,0.3805,1.5053,1,0.3114,311,220,14,220,23,1,175,10160984100777,10161188578513,204477,0,1,203348,206134,0,,,,180,220,23,0,1,0,0,0,0
182,scan,181,0,10161284504949,,10161284652060,10161286799921,714.761,1.1526,0.3880,1.5060,1,0.3221,322,220,13,220,22,1,176,10161033868759,10161241423517,207554,0,1,203348,206210,0,,,,181,220,22,0,1,0,0,0,0
183,scan,182,0,10161334676495,,10161334807129,10161336836640,714.811,1.1535,0.4029,1.5075,1,0.3171,317,220,10,220,21,1,177,10161083811414,10161287946285,204134,0,1,203348,206203,0,,,,182,220,21,0,1,0,0,0,0
184,scan,183,0,10161384657600,,10161384792700,10161386715571,714.861,1.1540,0.4104,1.5083,1,0.3260,325,220,9,220,19,1,178,10161134494293,10161342206265,207711,0,1,203348,206199,0,,,,183,220,19,0,1,0,0,0,0
185,scan,184,0,10161434685594,,10161434803789,10161436711991,714.911,1.1549,0.4253,1.5097,1,0.3429,342,220,6,220,17,1,179,10161184463291,10161388986152,204522,0,1,203348,206204,0,,,,184,220,17,0,1,0,0,0,0
186,scan,185,0,10161484706635,,10161484852646,10161486807442,714.961,1.1554,0.4328,1.5104,1,0.3277,327,220,5,220,15,1,180,10161234187123,10161439563403,205376,0,1,203348,206153,0,,,,185,220,15,0,1,0,0,0,0
187,scan,186,0,10161534661729,,10161534838415,10161536752863,715.011,1.1563,0.4477,1.5115,1,0.3852,385,220,3,220,14,1,181,10161284563116,10161489223521,204660,0,1,203348,206155,0,,,,186,220,14,0,1,0,0,0,0
188,scan,187,0,10161584742938,,10161584939479,10161586843991,715.061,1.1567,0.4552,1.5119,1,1.0128,1012,220,2,220,11,1,182,10161334719195,10161542392212,207673,0,1,203348,206171,0,,,,187,220,11,0,0,0,0,0,0
189,scan,188,0,10161634795074,,10161634922221,10161637611245,715.111,1.1576,0.4701,1.5128,1,1.0264,1026,220,0,220,10,1,183,10161384704970,10161589027432,204322,0,1,203348,206196,0,,,,188,220,10,0,0,0,0,0,0
190,scan,189,0,10161684885610,,10161685017384,10161686715669,715.161,1.1580,0.4776,1.5132,1,1.0150,1015,220,-1,220,7,1,184,10161434724073,10161641797827,207073,0,1,203348,206198,0,,,,189,220,7,0,0,0,0,0,0
191,scan,190,0,10161734796912,,10161734917842,10161736814850,715.211,1.1589,0.4925,1.5138,1,1.0193,1019,220,-2,220,6,1,185,10161484754943,10161688835314,204080,0,1,203348,206186,0,,,,190,220,6,0,0,0,0,0,0
192,scan,191,0,10161784706782,,10161784834655,10161786795919,715.261,1.1593,0.5000,1.5140,1,1.0185,1018,220,-3,220,4,1,186,10161534721149,10161742226482,207505,0,1,203348,206262,0,,,,191,220,4,0,0,0,0,0,0
193,scan,192,0,10161835101351,,10161835241529,10161837481076,715.311,1.1597,0.5075,1.5142,1,1.0283,1028,220,-3,220,4,1,187,10161584800961,10161791581167,206780,0,1,203348,206316,0,,,,192,220,4,0,0,0,0,0,0
194,scan,193,0,10161885098679,,10161885240966,10161886789334,715.361,1.1606,0.5224,1.5145,1,1.0328,1032,220,-4,220,2,1,188,10161634835999,10161841950459,207114,0,1,203348,206316,0,,,,193,220,2,0,0,0,0,0,0
195,scan,194,0,10161934898181,,10161935018674,10161936900553,715.411,1.1610,0.5299,1.5146,1,1.0246,1024,220,-4,220,1,1,189,10161684937952,10161892126612,207188,0,1,203348,206388,0,,,,194,220,1,0,0,0,0,0,0
196,scan,195,0,10161985077881,,10161985199980,10161986675821,715.461,1.1618,0.5448,1.5148,1,1.0223,1022,220,-4,220,-1,1,190,10161734834420,10161942196750,207362,0,1,203348,206392,0,,,,195,220,-1,0,0,0,0,0,0
197,scan,196,0,10162034964307,,10162035100105,10162036695935,715.511,1.1623,0.5523,1.5148,1,1.0299,1029,220,-4,220,-2,1,191,10161784748830,10161992047530,207298,0,1,203348,206463,0,,,,196,220,-2,0,0,0,0,0,0
198,scan,197,0,10162084771985,,10162084897925,10162086741274,715.561,1.1631,0.5672,1.5147,1,1.0286,1028,220,-4,220,0,1,192,10161835148328,10162041904681,206756,0,1,203348,206438,0,,,,197,220,0,0,0,0,0,0,0
199,scan,198,0,10162134704597,,10162134824513,10162136772895,715.611,1.1635,0.5747,1.5146,1,0.9967,996,220,-4,220,-2,1,193,10161885145586,10162092367489,207221,0,1,203348,206488,0,,,,198,220,-2,0,0,0,0,0,0
200,scan,199,0,10162185530908,,10162185675486,10162187836606,715.661,1.1644,0.5896,1.5145,1,1.0073,1007,220,-4,220,-3,1,194,10161934939582,10162141910503,206970,0,1,203348,206531,0,,,,199,220,-3,0,0,0,0,0,0
201,scan,200,0,10162235478674,,10162235615296,10162237738369,715.711,1.1648,0.5971,1.5145,1,1.0148,1014,220,-4,220,-3,1,195,10161985119568,10162192989312,207869,0,1,203348,206544,0,,,,200,220,-3,0,0,0,0,0,0
202,scan,201,0,10162285838191,,10162285984327,10162287781409,715.761,1.1656,0.6120,1.5143,1,1.0236,1023,220,-4,220,-4,1,196,10162035011093,10162241913719,206902,0,1,203348,206515,0,,,,201,220,-4,0,0,0,0,0,0
203,scan,202,0,10162335643944,,10162335776600,10162337831529,715.811,1.1660,0.6195,1.5142,1,1.0147,1014,220,-4,220,-3,1,197,10162084815390,10162292646717,207831,0,1,203348,206541,0,,,,202,220,-3,0,0,0,0,0,0
204,scan,203,0,10162385451013,,10162385638602,10162387745589,715.861,1.1669,0.6344,1.5139,1,1.0073,1007,220,-3,220,-2,1,198,10162134745417,10162342159580,207414,0,1,203348,206544,0,,,,203,220,-2,0,0,0,0,0,0
205,scan,204,0,10162435400809,,10162435542738,10162437730824,715.911,1.1673,0.6419,1.5138,1,1.0150,1014,220,-3,220,-2,1,199,10162185580015,10162392903000,207322,0,1,203348,206555,0,,,,204,220,-2,0,0,0,0,0,0
206,scan,205,0,10162486002559,,10162486124959,10162488050896,715.961,1.1682,0.6568,1.5137,1,1.0271,1027,220,-3,220,-1,1,200,10162235529251,10162443198126,207668,0,1,203348,206573,0,,,,205,220,-1,0,0,0,0,0,0
207,scan,206,0,10162535555075,,10162535679018,10162538050382,716.011,1.1686,0.6643,1.5136,1,1.0160,1015,220,-3,220,0,1,201,10162285890526,10162493887144,207996,0,1,203348,206606,0,,,,206,220,0,0,0,0,0,0,0
208,scan,207,0,10162586421527,,10162586534327,10162588950324,716.061,1.1695,0.6792,1.5135,1,1.0028,1002,220,-3,220,-2,1,202,10162335689362,10162542959156,207269,0,1,203348,206598,0,,,,207,220,-2,0,0,0,0,0,0
209,scan,208,0,10162636281407,,10162636406802,10162638911875,716.111,1.1699,0.6867,1.5135,1,1.0191,1019,220,-3,220,-1,1,203,10162385495041,10162592968294,207473,0,1,203348,206626,0,,,,208,220,-1,0,0,0,0,0,0
210,scan,209,0,10162686625231,,10162686845690,10162688996576,716.161,1.1703,0.6942,1.5136,1,1.0282,1028,220,-3,220,-3,1,204,10162435443783,10162643305439,207861,0,1,203348,206631,0,,,,209,220,-3,0,0,0,0,0,0
211,scan,210,0,10162736339786,,10162736453755,10162738785018,716.211,1.1712,0.7091,1.5135,1,0.9926,992,220,-3,220,-2,1,205,10162486042321,10162693230844,207188,0,1,203348,206621,0,,,,210,220,-2,0,0,0,0,0,0
212,scan,211,0,10162786444913,,10162786578290,10162788818802,716.261,1.1716,0.7166,1.5134,1,1.0154,1015,220,-3,220,0,1,206,10162535597711,10162742588754,206991,0,1,203348,206628,0,,,,211,220,0,0,0,0,0,0,0
213,scan,212,0,10162836252292,,10162836374867,10162838623450,716.311,1.1725,0.7315,1.5132,1,0.9999,999,220,-2,220,-3,1,207,10162586458637,10162793867815,207409,0,1,203348,206676,0,,,,212,220,-3,0,0,0,0,0,0
214,scan,213,0,10162886273497,,10162886405007,10162888671612,716.361,1.1729,0.7390,1.5132,1,1.0156,1015,220,-2,220,-1,1,208,10162636323916,10162843968293,207644,0,1,203348,206676,0,,,,213,220,-1,0,0,0,0,0,0
215,scan,214,0,10162936105825,,10162936232271,10162937708400,716.411,1.1737,0.7539,1.5132,1,1.0106,1010,220,-2,220,-3,1,209,10162686699648,10162894118249,207418,0,1,203348,206759,0,,,,214,220,-3,0,0,0,0,0,0
216,scan,215,0,10162986305495,,10162986440579,10162988627582,716.461,1.1742,0.7614,1.5131,1,0.9932,993,220,-2,220,-1,1,210,10162736378200,10162943994034,207615,0,1,203348,206761,0,,,,215,220,-1,0,0,0,0,0,0
217,scan,216,0,10163036363701,,10163036493463,10163038628894,716.511,1.1750,0.7763,1.5129,1,1.0100,1009,220,-2,220,1,1,211,10162786490799,10162994249321,207758,0,1,203348,206842,0,,,,216,220,1,0,0,0,0,0,0
218,scan,217,0,10163086396214,,10163086522091,10163088747752,716.561,1.1755,0.7838,1.5129,1,1.0105,1010,220,-2,220,-2,1,212,10162836292226,10163043805783,207513,0,1,203348,206839,0,,,,217,220,-2,0,0,0,0,0,0
219,scan,218,0,10163136885988,,10163137033981,10163138740378,716.611,1.1763,0.7987,1.5129,1,1.0024,1002,220,-2,220,0,1,213,10162886319362,10163090090908,203771,0,1,203348,206823,0,,,,218,220,0,0,0,0,0,0,0
220,scan,219,0,10163186397921,,10163186522878,10163188646180,716.661,1.1768,0.8062,1.5129,1,0.9909,990,220,-2,220,1,1,214,10162936151324,10163143491938,207340,0,1,203348,206801,0,,,,219,220,1,0,0,0,0,0,0
221,scan,220,0,10163236430797,,10163236554202,10163238639778,716.711,1.1776,0.8211,1.5128,1,1.0107,1010,220,-2,220,-1,1,215,10162986352046,10163190143341,203791,0,1,203348,206784,0,,,,220,220,-1,0,0,0,0,0,0
222,scan,221,0,10163286478078,,10163286598462,10163288674041,716.761,1.1781,0.8286,1.5128,1,0.9898,989,220,-2,220,0,1,216,10163036403098,10163243612006,207208,0,1,203348,206775,0,,,,221,220,0,0,0,0,0,0,0
223,scan,222,0,10163336655441,,10163336785327,10163338719104,716.811,1.1789,0.8435,1.5129,1,1.0000,999,220,-2,220,-3,1,217,10163086438954,10163290950267,204511,0,1,203348,206784,0,,,,222,220,-3,0,0,0,0,0,0
224,scan,223,0,10163386925863,,10163387066363,10163388706063,716.861,1.1794,0.8510,1.5129,1,1.0005,1000,220,-2,220,-2,1,218,10163136935918,10163344384038,207448,0,1,203348,206778,0,,,,223,220,-2,0,0,0,0,0,0
225,scan,224,0,10163436865919,,10163437066148,10163438728158,716.911,1.1802,0.8659,1.5127,1,0.9829,982,220,-2,220,1,1,219,10163186441209,10163390605140,204163,0,1,203348,206769,0,,,,224,220,1,0,0,0,0,0,0
226,scan,225,0,10163486633711,,10163486763482,10163488839567,716.961,1.1807,0.8734,1.5126,1,0.9904,990,220,-2,220,1,1,220,10163236473413,10163441515463,205042,0,1,203348,206760,0,,,,225,220,1,0,0,0,0,0,0
227,scan,226,0,10163536827302,,10163536955894,10163538805051,717.011,1.1811,0.8808,1.5125,1,0.9975,997,220,-2,220,-1,1,221,10163286519238,10163491600023,205080,0,1,203348,206771,0,,,,226,220,-1,0,0,0,0,0,0
228,scan,227,0,10163586650350,,10163586791030,10163588813528,717.061,1.1820,0.8958,1.5127,1,1.0079,1007,220,-2,220,0,1,222,10163336697564,10163544135462,207437,0,1,203348,206765,0,,,,227,220,0,0,0,0,0,0,0
229,scan,228,0,10163636907133,,10163637041107,10163639597930,717.111,1.1824,0.9032,1.5128,1,0.9895,989,220,-2,220,-3,1,223,10163386974808,10163591549945,204575,0,1,203348,206771,0,,,,228,220,-3,0,0,0,0,0,0
230,scan,229,0,10163686607716,,10163686728913,10163688699604,717.161,1.1833,0.9182,1.5127,1,0.9911,991,220,-2,220,-2,1,224,10163436930613,10163644458129,207527,0,1,203348,206783,0,,,,229,220,-2,0,0,0,0,0,0
231,scan,230,0,10163736881691,,10163737017846,10163738821847,717.211,1.1837,0.9256,1.5125,1,0.9784,978,220,-2,220,1,1,225,10163486677112,10163691329073,204651,0,1,203348,206797,0,,,,230,220,1,0,0,0,0,0,0
232,scan,231,0,10163786723473,,10163786858256,10163788772840,717.261,1.1846,0.9406,1.5123,1,0.9920,991,220,-2,220,-2,1,226,10163536871143,10163743248447,206377,0,1,203348,206769,0,,,,231,220,-2,0,0,0,0,0,0
233,scan,232,0,10163836861064,,10163836993117,10163838687217,717.311,1.1850,0.9480,1.5124,1,0.9772,977,220,-2,220,-1,1,227,10163586692789,10163792100651,205407,0,1,203348,206734,0,,,,232,220,-1,0,0,0,0,0,0
234,scan,233,0,10163886582560,,10163886702711,10163888680678,717.361,1.1859,0.9630,1.5125,1,0.9753,975,220,-2,220,-3,1,228,10163636955054,10163843349433,206394,0,1,203348,206716,0,,,,233,220,-3,0,0,0,0,0,0
235,scan,234,0,10163936779535,,10163936904498,10163938676357,717.411,1.1863,0.9705,1.5124,1,0.9773,977,220,-2,220,-3,1,229,10163686649612,10163892946041,206296,0,1,203348,206694,0,,,,234,220,-3,0,0,0,0,0,0
236,scan,235,0,10163987091454,,10163987217306,10163988699047,717.461,1.1872,0.9854,1.5121,1,0.9806,980,220,-2,220,1,1,230,10163736924086,10163944282465,207358,0,1,203348,206694,0,,,,235,220,1,0,0,0,0,0,0
237,scan,236,0,10164037715327,,10164037856023,10164039939415,717.511,1.1876,0.9929,1.5120,1,0.9686,968,220,-2,220,3,1,231,10163786769559,10163994841300,208071,0,1,203348,206713,0,,,,236,220,3,0,0,0,0,0,0
238,scan,237,0,10164087447964,,10164087592086,10164089715007,717.561,1.1885,1.0078,1.5120,1,0.9577,957,220,-2,220,0,1,232,10163836906479,10164044645908,207739,0,1,203348,206738,0,,,,237,220,0,0,0,0,0,0,0
239,scan,238,0,10164138057798,,10164138364265,10164140643392,717.611,1.1890,1.0153,1.5122,1,0.9500,950,220,-2,220,-1,1,233,10163886622382,10164093591249,206968,0,1,203348,206732,0,,,,238,220,-1,0,0,0,0,0,0
240,scan,239,0,10164188140373,,10164188264673,10164190706118,717.661,1.1898,1.0302,1.5124,1,0.9255,925,220,-3,220,-2,1,234,10163936822443,10164141212705,204390,0,1,203348,206667,0,,,,239,220,-2,0,0,0,0,0,0
241,scan,240,0,10164237554157,,10164237678170,10164239940590,717.711,1.1903,1.0377,1.5123,1,0.9250,924,220,-3,220,-1,1,235,10163987133230,10164193973798,206840,0,1,203348,206641,0,,,,240,220,-1,0,0,0,0,0,0
242,scan,241,0,10164287407703,,10164287523364,10164289638152,717.761,1.1911,1.0526,1.5120,2,0.9166,916,0,1000,220,3,1,236,10164037762829,10164242627351,204864,0,1,203348,206590,0,,,,241,220,3,0,0,0,0,0,0
243,scan,242,0,10164337810642,,10164338068865,10164339865324,717.811,1.1916,1.0601,1.5120,2,0.8977,897,0,1000,220,5,1,237,10164087495740,10164294170848,206675,0,1,203348,206562,0,,,,242,220,5,0,0,0,0,0,0
244,scan,243,0,10164387664580,,10164387789968,10164389849397,717.861,1.1920,1.0675,1.5121,2,0.8831,883,0,1000,220,1,1,238,10164138162999,10164343018907,204855,0,1,203348,206498,0,,,,243,220,1,0,0,0,0,0,0
245,scan,244,0,10164437592588,,10164437730026,10164439796190,717.911,1.1929,1.0825,1.5125,2,0.8830,882,0,1000,220,2,1,239,10164188181080,10164395857491,207676,0,1,203348,206506,0,,,,244,220,2,0,0,0,0,0,0
246,scan,245,0,10164487799388,,10164487937046,10164489786945,717.961,1.1933,1.0899,1.5127,2,0.8658,865,0,1000,220,-4,1,240,10164237595731,10164444928239,207332,0,1,203348,206498,0,,,,245,220,-4,0,0,0,0,0,0
247,scan,246,0,10164537452301,,10164537574183,10164539772079,718.011,1.1942,1.1049,1.5127,2,0.8512,851,0,1000,0,999,1,241,10164287444770,10164492402617,204957,0,1,203348,206422,0,,,,246,0,999,0,0,0,0,0,0
248,scan,247,0,10164587723195,,10164587851742,10164589767272,718.061,1.1946,1.1123,1.5124,2,0.8450,844,0,1000,0,999,1,242,10164337900517,10164544995504,207094,0,1,203348,206418,0,,,,247,0,999,0,0,0,0,0,0
249,scan,248,0,10164637892566,,10164638203475,10164639741706,718.111,1.1953,1.1238,1.5181,2,0.8346,834,0,1000,0,999,1,243,10164387709522,10164592616695,204907,0,1,203348,206354,0,,,,248,0,999,0,0,0,0,0,0
250,scan,249,0,10164687750266,,10164687872724,10164689711876,718.161,1.1955,1.1278,1.5264,2,0.8340,834,0,1000,0,999,1,244,10164437638783,10164644880004,207241,0,1,203348,206338,0,,,,249,0,999,0,0,0,0,0,0
251,scan,250,0,10164737773751,,10164737914995,10164739806246,718.211,1.1957,1.1326,1.5425,2,0.8321,832,0,1000,0,999,1,245,10164487847243,10164695888662,208041,0,1,203348,206359,0,,,,250,0,999,0,0,0,0,0,0
252,scan,251,0,10164787663893,,10164787805407,10164789775370,718.261,1.1957,1.1340,1.5511,2,0.8297,829,0,1000,0,999,1,246,10164537492702,10164745020841,207528,0,1,203348,206373,0,,,,251,0,999,0,0,0,0,0,0
253,scan,252,0,10164837653989,,10164837785713,10164839728798,718.311,1.1957,1.1351,1.5969,2,0.8313,831,0,1000,0,999,1,247,10164587768421,10164792371832,204603,0,1,203348,206303,0,,,,252,0,999,0,0,0,0,0,0
254,scan,253,0,10164887946661,,10164888128414,10164889751000,718.361,1.1957,1.1351,1.6380,2,0.8411,841,0,1000,0,999,1,248,10164637959023,10164844880878,206921,0,1,203348,206285,0,,,,253,0,999,0,0,0,0,0,0
255,scan,254,0,10164937874817,,10164938025508,10164939780966,718.411,1.1957,1.1349,1.7229,2,0.8311,831,0,1000,0,999,1,249,10164687793338,10164892504542,204711,0,1,203348,206217,0,,,,254,0,999,0,0,0,0,0,0
256,scan,255,0,10164988301573,,10164988426385,10164990639655,718.461,1.1958,1.1349,1.7540,2,0.8211,821,0,1000,0,999,1,250,10164737813380,10164945042372,207228,0,1,203348,206207,0,,,,255,0,999,0,0,0,0,0,0
257,scan,256,0,10165038096492,,10165038230027,10165039788317,718.511,1.1958,1.1348,1.8092,2,0.8194,819,0,1000,0,999,1,251,10164787725409,10164995214689,207489,0,1,203348,206200,0,,,,256,0,999,0,0,0,0,0,0
258,scan,257,0,10165088351275,,10165088475709,10165090665406,718.561,1.1958,1.1347,1.8436,2,0.8338,833,0,1000,0,999,1,252,10164837697861,10165045288009,207590,0,1,203348,206202,0,,,,257,0,999,0,0,0,0,0,0
259,scan,258,0,10165138543397,,10165138661334,10165140831749,718.611,1.1958,1.1346,1.9201,2,0.8260,825,0,1000,0,999,1,253,10164888039228,10165095066905,207027,0,1,203348,206284,0,,,,258,0,999,0,0,0,0,0,0
260,scan,259,0,10165188321115,,10165188440833,10165190610654,718.661,1.1959,1.1345,1.9547,2,0.8240,823,0,1000,0,999,1,254,10164937917203,10165145083320,207166,0,1,203348,206279,0,,,,259,0,999,0,0,0,0,0,0
261,scan,260,0,10165238613211,,10165238739230,10165240769801,718.711,1.1959,1.1345,1.9862,2,0.8275,827,0,1000,0,999,1,255,10164988345489,10165195104011,206758,0,1,203348,206354,0,,,,260,0,999,0,0,0,0,0,0
262,scan,261,0,10165288383842,,10165288506792,10165290589295,718.761,1.1960,1.1344,2.0499,2,0.8280,828,0,1000,0,999,1,256,10165038140500,10165245836249,207695,0,1,203348,206366,0,,,,261,0,999,0,0,0,0,0,0
263,scan,262,0,10165338965359,,10165339131726,10165340694398,718.811,1.1960,1.1343,2.0850,2,0.8244,824,0,1000,0,999,1,257,10165088392458,10165295004350,206611,0,1,203348,206418,0,,,,262,0,999,0,0,0,0,0,0
264,scan,263,0,10165388624069,,10165388745886,10165390917852,718.861,1.1961,1.1343,2.1561,2,0.8312,831,0,1000,0,999,1,258,10165138580415,10165346514815,207934,0,1,203348,206430,0,,,,263,0,999,0,0,0,0,0,0
265,scan,264,0,10165438591992,,10165438722686,10165440840241,718.911,1.1961,1.1342,2.1896,2,0.8258,825,0,1000,0,999,1,259,10165188362339,10165396059720,207697,0,1,203348,206519,0,,,,264,0,999,0,0,0,0,0,0
266,scan,265,0,10165488870474,,10165488997506,10165490753898,718.961,1.1962,1.1341,2.2551,2,0.8298,829,0,1000,0,999,1,260,10165238656495,10165445976142,207319,0,1,203348,206576,0,,,,265,0,999,0,0,0,0,0,0
267,scan,266,0,10165538675149,,10165538796188,10165540818534,719.011,1.1962,1.1341,2.2891,2,0.8192,819,0,1000,0,999,1,261,10165288425022,10165493658975,205233,0,1,203348,206580,0,,,,266,0,999,0,0,0,0,0,0
268,scan,267,0,10165588742031,,10165588856214,10165590738927,719.061,1.1963,1.1340,2.3586,2,0.8229,822,0,1000,0,999,1,262,10165339016697,10165545856290,206839,0,1,203348,206565,0,,,,267,0,999,0,0,0,0,0,0
269,scan,268,0,10165638853616,,10165638988850,10165640818038,719.111,1.1963,1.1340,2.3927,2,0.8307,830,0,1000,0,999,1,263,10165388666069,10165594028120,205362,0,1,203348,206584,0,,,,268,0,999,0,0,0,0,0,0
270,scan,269,0,10165688697032,,10165688833755,10165691741982,719.161,1.1964,1.1339,2.4596,2,0.8420,842,0,1000,0,999,1,264,10165438637021,10165646713911,208076,0,1,203348,206598,0,,,,269,0,999,0,0,0,0,0,0
271,scan,270,0,10165738628398,,10165738767623,10165740729100,719.211,1.1965,1.1339,2.4933,2,0.8413,841,0,1000,0,999,1,265,10165488914162,10165696615466,207701,0,1,203348,206674,0,,,,270,0,999,0,0,0,0,0,0
272,scan,271,0,10165788648846,,10165788775002,10165790752430,719.261,1.1966,1.1338,2.5617,2,0.8415,841,0,1000,0,999,1,266,10165538717555,10165746198337,207480,0,1,203348,206702,0,,,,271,0,999,0,0,0,0,0,0
273,scan,272,0,10165838721189,,10165838848115,10165840696504,719.311,1.1966,1.1338,2.5959,2,0.8572,857,0,1000,0,999,1,267,10165588780447,10165793322537,204542,0,1,203348,206680,0,,,,272,0,999,0,0,0,0,0,0
274,scan,273,0,10165888841303,,10165888972454,10165890711642,719.361,1.1967,1.1337,2.6634,2,0.8519,851,0,901,0,999,1,268,10165638901474,10165845044396,206142,0,1,203348,206674,0,,,,273,0,999,0,0,0,0,0,0
275,scan,274,0,10165939436853,,10165939586070,10165941698636,719.411,1.1968,1.1337,2.6971,2,0.8635,863,0,834,0,999,1,269,10165688748000,10165896059262,207311,0,1,203348,206699,0,,,,274,0,999,0,0,0,0,0,0
276,scan,275,0,10165989641575,,10165989758048,10165991751186,719.461,1.1969,1.1337,2.7651,2,0.8892,889,220,698,0,999,1,270,10165738677828,10165943033696,204355,0,1,203348,206624,0,,,,275,0,999,0,0,0,0,0,0
277,scan,276,0,10166039489911,,10166039651724,10166041698565,719.511,1.1970,1.1336,2.7992,2,0.9106,910,220,629,0,999,1,271,10165788690097,10165995880403,207190,0,1,203348,206602,0,,,,276,0,999,0,0,0,0,0,0
278,scan,277,0,10166089417637,,10166089547176,10166091708998,719.561,1.1970,1.1336,2.8332,2,0.9307,930,220,561,0,997,1,272,10165838764960,10166044833742,206068,0,1,203348,206560,0,,,,277,0,997,0,0,0,0,0,0
279,scan,278,0,10166139492307,,10166139625190,10166141757264,719.611,1.1971,1.1336,2.9009,2,0.9488,948,220,426,0,907,1,273,10165888884897,10166096071736,207186,0,1,203348,206566,0,,,,278,0,907,0,0,0,0,0,0
280,scan,279,0,10166189553108,,10166189694885,10166191760785,719.661,1.1972,1.1336,2.9348,2,0.9735,973,220,358,0,836,1,274,10165939486149,10166144095421,204609,0,1,203348,206571,0,,,,279,0,836,0,0,0,0,0,0
281,scan,280,0,10166239843747,,10166239996056,10166241702372,719.711,1.1973,1.1336,2.9987,2,0.6008,600,220,230,220,688,1,275,10165989678967,10166196743809,207064,0,1,203348,206577,0,,,,280,220,688,0,0,0,0,0,0
282,scan,281,0,10166289724871,,10166289852809,10166291795448,719.761,1.1974,1.1336,3.0258,2,0.5578,557,220,176,220,614,1,276,10166039546450,10166247827808,208281,0,1,203348,206662,0,,,,281,220,614,0,0,0,0,0,0
283,scan,282,0,10166339378106,,10166339513871,10166342045316,719.811,1.1940,1.1339,3.0852,2,0.5574,557,220,58,220,545,1,277,10166089460320,10166297619091,208158,0,1,203348,206699,0,,,,282,220,545,0,0,0,0,0,0
284,scan,283,0,10166389715238,,10166389852604,10166391787233,719.861,1.1906,1.1340,3.1244,2,0.5438,543,220,-21,220,411,1,278,10166139539388,10166347020478,207481,0,1,203348,206765,0,,,,283,220,411,0,0,0,0,0,0
285,scan,284,0,10166439656896,,10166439778180,10166441706287,719.911,1.1804,1.1338,-3.0791,2,0.5307,530,220,-181,220,344,1,279,10166189604340,10166397511941,207907,0,1,203348,206771,0,,,,284,220,344,0,0,0,0,0,0
286,scan,285,0,10166489474795,,10166489602280,10166491782632,719.961,1.1741,1.1333,-3.0470,2,0.5255,525,220,-245,220,221,1,280,10166239901006,10166447428673,207527,0,1,203348,206776,0,,,,285,220,221,0,0,0,0,0,0
287,scan,286,0,10166539333165,,10166539450774,10166541655588,720.011,1.1603,1.1317,-3.0127,2,0.5144,514,220,-316,220,169,1,281,10166289771858,10166494430771,204658,0,1,203348,206768,0,,,,286,220,169,0,0,0,0,0,0
288,scan,287,0,10166589466055,,10166589585916,10166591692413,720.061,1.1529,1.1307,-3.0111,2,0.5103,510,220,-320,220,56,1,282,10166339423369,10166547129183,207705,0,1,203348,206784,0,,,,287,220,56,0,0,0,0,0,0
289,scan,288,0,10166639585801,,10166639741588,10166642064288,720.111,1.1381,1.1288,-3.0135,2,0.4852,485,220,-317,220,-18,1,283,10166389765475,10166594014849,204249,0,1,203348,206767,0,,,,288,220,-18,0,0,0,0,0,0
290,scan,289,0,10166689468219,,10166689612065,10166691794368,720.161,1.1306,1.1278,-3.0098,2,0.4932,493,220,-325,220,-172,1,284,10166439698968,10166647461684,207762,0,1,203348,206780,0,,,,289,220,-172,0,0,0,0,0,0
291,scan,290,0,10166739535263,,10166739666289,10166741697685,720.211,1.1158,1.1258,-3.0034,2,0.4899,489,220,-340,220,-232,1,285,10166489520231,10166696779238,207259,0,1,203348,206761,0,,,,290,220,-232,0,0,0,0,0,0
292,scan,291,0,10166789436410,,10166789560065,10166791625118,720.261,1.1084,1.1248,-3.0062,2,0.4776,477,220,-336,220,-295,1,286,10166539370786,10166747479990,208109,0,1,203348,206775,0,,,,291,220,-295,0,0,0,0,0,0
293,scan,292,0,10166839834035,,10166840095254,10166841693228,720.311,1.0935,1.1229,-3.0281,2,0.4749,474,220,-294,220,-299,1,287,10166589507474,10166797303956,207796,0,1,203348,206855,0,,,,292,220,-299,0,0,0,0,0,0
294,scan,293,0,10166889752951,,10166889882150,10166891782672,720.361,1.0861,1.1221,-3.0419,2,0.4853,485,220,-267,220,-296,1,288,10166639638159,10166847203842,207565,0,1,203348,206871,0,,,,293,220,-296,0,0,0,0,0,0
295,scan,294,0,10166939801894,,10166939934246,10166941747435,720.411,1.0786,1.1214,-3.0534,2,0.4617,461,220,-245,220,-303,1,289,10166689516897,10166896367753,206850,0,1,203348,206924,0,,,,294,220,-303,0,0,0,0,0,0
296,scan,295,0,10166989676603,,10166989824267,10166991710587,720.461,1.0637,1.1202,-3.0695,2,0.4784,478,220,-215,220,-317,1,290,10166739578560,10166946129205,206550,0,1,203348,206908,0,,,,295,220,-317,0,0,0,0,0,0
297,scan,296,0,10167039708357,,10167039829480,10167041772180,720.511,1.0562,1.1197,-3.0782,2,0.4819,481,220,-198,220,-313,1,291,10166789481251,10166996224483,206743,0,1,203348,206889,0,,,,296,220,-313,0,0,0,0,0,0
298,scan,297,0,10167089816447,,10167089952317,10167091749727,720.561,1.0412,1.1189,-3.1014,2,0.4908,490,220,-153,220,-276,1,292,10166839896501,10167047992252,208095,0,1,203348,206902,0,,,,297,220,-276,0,0,0,0,0,0
299,scan,298,0,10167140105595,,10167140229846,10167141728439,720.611,1.0337,1.1187,-3.1137,2,0.5281,528,220,-129,220,-252,1,293,10166889796721,10167096808071,207011,0,1,203348,206901,0,,,,298,220,-252,0,0,0,0,0,0
300,scan,299,0,10167190127475,,10167190267248,10167192642402,720.661,1.0187,1.1184,-3.1327,2,0.9421,942,220,-91,220,-233,1,294,10166939847650,10167147436995,207589,0,1,203348,206912,0,,,,299,220,-233,0,0,0,0,0,0
301,scan,300,0,10167240137826,,10167240279273,10167242665834,720.711,1.0112,1.1183,-3.1396,2,0.9359,935,220,-78,220,-203,1,295,10166989715134,10167197563519,207848,0,1,203348,206939,0,,,,300,220,-203,0,0,0,0,0,0
302,scan,301,0,10167290150741,,10167290288743,10167292634811,720.761,0.9962,1.1184,3.1292,2,0.9079,907,220,-50,220,-188,1,296,10167039748325,10167247280889,207532,0,1,203348,206935,0,,,,301,220,-188,0,0,0,0,0,0
303,scan,302,0,10167340100672,,10167340223021,10167341870123,720.811,0.9887,1.1185,3.1216,2,0.9158,915,220,-34,220,-146,1,297,10167089870392,10167297246998,207376,0,1,203348,206954,0,,,,302,220,-146,0,0,0,0,0,0
304,scan,303,0,10167390318206,,10167390477402,10167392696306,720.861,0.9738,1.1189,3.1087,2,0.9053,905,220,-9,220,-121,1,298,10167140148612,10167348162365,208013,0,1,203348,206956,0,,,,303,220,-121,0,0,0,0,0,0
305,scan,304,0,10167440373023,,10167440503340,10167442642899,720.911,0.9663,1.1192,3.1044,2,0.8863,886,220,0,220,-86,1,299,10167190176397,10167397717131,207540,0,1,203348,206952,0,,,,304,220,-86,0,0,0,0,0,0
306,scan,305,0,10167490433447,,10167490558379,10167492719427,720.961,0.9513,1.1198,3.0978,2,0.8662,866,220,13,220,-73,1,300,10167240185238,10167447666535,207481,0,1,203348,206956,0,,,,305,220,-73,0,0,0,0,0,0
307,scan,306,0,10167540481792,,10167540605861,10167542712989,721.011,0.9439,1.1201,3.0950,2,0.8721,872,220,19,220,-47,1,301,10167290198256,10167495330137,205131,0,1,203348,206954,0,,,,306,220,-47,0,0,0,0,0,0
308,scan,307,0,10167590405939,,10167590600514,10167593629435,721.061,0.9289,1.1209,3.0903,2,0.8530,853,220,28,220,-33,1,302,10167340142318,10167547655948,207513,0,1,203348,206970,0,,,,307,220,-33,0,0,0,0,0,0
309,scan,308,0,10167640470446,,10167640675175,10167642684458,721.111,0.9214,1.1213,3.0888,2,0.8424,842,220,31,220,-8,1,303,10167390366804,10167595025759,204658,0,1,203348,206953,0,,,,308,220,-8,0,0,0,0,0,0
310,scan,309,0,10167690526636,,10167690638438,10167692636940,721.161,0.9065,1.1221,3.0873,2,0.8318,831,220,35,220,1,1,304,10167440418660,10167648097957,207679,0,1,203348,206943,0,,,,309,220,1,0,0,0,0,0,0
311,scan,310,0,10167740388836,,10167740505083,10167742619806,721.211,0.8990,1.1225,3.0873,2,0.8351,835,220,35,220,13,1,305,10167490473333,10167697912428,207439,0,1,203348,206936,0,,,,310,220,13,0,0,0,0,0,0
312,scan,311,0,10167790439178,,10167790560474,10167792775118,721.261,0.8916,1.1229,3.0875,2,0.8199,819,220,35,220,18,1,306,10167540524359,10167747939582,207415,0,1,203348,206935,0,,,,311,220,18,0,0,0,0,0,0
313,scan,312,0,10167840515151,,10167840648988,10167842723699,721.311,0.8766,1.1237,3.0883,2,0.7899,789,220,33,220,28,1,307,10167590444481,10167798084512,207640,0,1,203348,207012,0,,,,312,220,28,0,0,0,0,0,0
314,scan,313,0,10167891052510,,10167891272194,10167893675175,721.361,0.8692,1.1241,3.0889,2,0.7981,798,220,32,220,30,1,308,10167640533077,10167847120547,206587,0,1,203348,207023,0,,,,313,220,30,0,0,0,0,0,0
315,scan,314,0,10167940699012,,10167940853442,10167942885722,721.411,0.8542,1.1249,3.0907,2,0.7802,780,220,29,220,34,1,309,10167690562115,10167898265682,207703,0,1,203348,207033,0,,,,314,220,34,0,0,0,0,0,0
316,scan,315,0,10167990872818,,10167990992558,10167992743193,721.461,0.8468,1.1252,3.0919,2,0.7755,775,220,26,220,34,1,310,10167740428581,10167947853491,207424,0,1,203348,207110,0,,,,315,220,34,0,0,0,0,0,0
317,scan,316,0,10168040846669,,10168040969016,10168042671077,721.511,0.8318,1.1260,3.0943,2,0.7645,764,220,22,220,35,1,311,10167790480313,10167997757296,207276,0,1,203348,207112,0,,,,316,220,35,0,0,0,0,0,0
318,scan,317,0,10168091279250,,10168091414908,10168093712584,721.561,0.8244,1.1263,3.0954,2,0.7597,759,220,20,220,33,1,312,10167840561018,10168047884505,207323,0,1,203348,207143,0,,,,317,220,33,0,0,0,0,0,0
319,scan,318,0,10168141296827,,10168141416924,10168143605448,721.611,0.8094,1.1270,3.0977,2,0.7410,740,220,15,220,31,1,313,10167891118849,10168099718755,208599,0,1,203348,207179,0,,,,318,220,31,0,0,0,0,0,0
320,scan,319,0,10168191483040,,10168191606628,10168193688657,721.661,0.8019,1.1273,3.0988,2,0.7312,731,220,13,220,28,1,314,10167940751738,10168147745073,206993,0,1,203348,207238,0,,,,319,220,28,0,0,0,0,0,0
321,scan,320,0,10168241338894,,10168241471903,10168243624628,721.711,0.7870,1.1279,3.1010,2,0.7212,721,220,9,220,25,1,315,10167990915887,10168198787596,207871,0,1,203348,207258,0,,,,320,220,25,0,0,0,0,0,0
322,scan,321,0,10168291405219,,10168291536737,10168293606314,721.761,0.7795,1.1282,3.1019,2,0.7175,717,220,7,220,22,1,316,10168040888348,10168248385750,207497,0,1,203348,207239,0,,,,321,220,22,0,0,0,0,0,0
323,scan,322,0,10168341236979,,10168341365090,10168343710302,721.811,0.7646,1.1288,3.1035,2,0.6969,696,220,4,220,20,1,317,10168091318803,10168298225181,206906,0,1,203348,207208,0,,,,322,220,20,0,0,0,0,0,0
324,scan,323,0,10168391566878,,10168391731227,10168393770910,721.861,0.7571,1.1291,3.1042,2,0.7006,700,220,2,220,15,1,318,10168141338848,10168348123394,206784,0,1,203348,207190,0,,,,323,220,15,0,0,0,0,0,0
325,scan,324,0,10168441601864,,10168441732396,10168443689445,721.911,0.7422,1.1296,3.1055,2,0.6836,683,220,0,220,12,1,319,10168191524577,10168399237701,207713,0,1,203348,207185,0,,,,324,220,12,0,0,0,0,0,0
326,scan,325,0,10168491871975,,10168491996379,10168493697654,721.961,0.7347,1.1299,3.1060,2,0.6775,677,220,-1,220,9,1,320,10168241393277,10168448422587,207029,0,1,203348,207173,0,,,,325,220,9,0,0,0,0,0,0
327,scan,326,0,10168542751170,,10168542997834,10168544730610,722.011,0.7197,1.1304,3.1067,2,0.6730,672,220,-3,220,7,1,321,10168291450733,10168496773055,205322,0,1,203348,207189,0,,,,326,220,7,0,0,0,0,0,0
328,scan,327,0,10168591928266,,10168592074391,10168593770166,722.061,0.7123,1.1307,3.1070,2,0.6558,655,220,-3,220,5,1,322,10168341279490,10168548272201,206992,0,1,203348,207172,0,,,,327,220,5,0,0,0,0,0,0
329,scan,328,0,10168641646210,,10168641769622,10168643758317,722.111,0.7048,1.1309,3.1072,2,0.6350,634,220,-4,220,3,1,323,10168391616428,10168597067946,205451,0,1,203348,207202,0,,,,328,220,3,0,0,0,0,0,0
330,scan,329,0,10168691852913,,10168691978352,10168693692956,722.161,0.6898,1.1315,3.1076,2,0.6243,624,220,-5,220,0,1,324,10168441647326,10168648185445,206538,0,1,203348,207171,0,,,,329,220,0,0,0,0,0,0,0
331,scan,330,0,10168741544768,,10168741665393,10168743743787,722.211,0.6824,1.1317,3.1077,2,0.6293,629,220,-5,220,-1,1,325,10168491915090,10168699338884,207423,0,1,203348,207175,0,,,,330,220,-1,0,0,0,0,0,0
332,scan,331,0,10168791704495,,10168791822457,10168793766817,722.261,0.6674,1.1322,3.1077,2,0.6139,613,220,-5,220,-3,1,326,10168542859388,10168750181087,207321,0,1,203348,207155,0,,,,331,220,-3,0,0,0,0,0,0
333,scan,332,0,10168841659432,,10168841810083,10168843661341,722.311,0.6599,1.1325,3.1076,2,0.5879,587,220,-5,220,-2,1,327,10168591969084,10168799211547,207242,0,1,203348,207142,0,,,,332,220,-2,0,0,0,0,0,0
334,scan,333,0,10168891678038,,10168891809575,10168893730261,722.361,0.6450,1.1330,3.1074,2,0.5990,599,220,-4,220,-3,1,328,10168641690292,10168849087916,207397,0,1,203348,207137,0,,,,333,220,-3,0,0,0,0,0,0
335,scan,334,0,10168941749580,,10168941885623,10168943744446,722.411,0.6375,1.1332,3.1073,2,0.5957,595,220,-4,220,-5,1,329,10168691899367,10168899316492,207417,0,1,203348,207152,0,,,,334,220,-5,0,0,0,0,0,0
336,scan,335,0,10168991856651,,10168991985736,10168993715294,722.461,0.6225,1.1337,3.1072,2,0.5880,588,220,-4,220,-4,1,330,10168741587893,10168948950420,207362,0,1,203348,207172,0,,,,335,220,-4,0,0,0,0,0,0
337,scan,336,0,10169041868297,,10169042025691,10169043890872,722.511,0.6151,1.1340,3.1070,2,0.5776,577,220,-4,220,-5,1,331,10168791742940,10168999107604,207364,0,1,203348,207187,0,,,,336,220,-5,0,0,0,0,0,0
338,scan,337,0,10169091737841,,10169091865075,10169093840859,722.561,0.6001,1.1345,3.1066,2,0.5675,567,220,-3,220,-5,1,332,10168841719307,10169049278223,207558,0,1,203348,207174,0,,,,337,220,-5,0,0,0,0,0,0
339,scan,338,0,10169141885291,,10169142020372,10169143672786,722.611,0.5926,1.1348,3.1064,2,0.5570,557,220,-2,220,-3,1,333,10168891725545,10169099324813,207599,0,1,203348,207189,0,,,,338,220,-3,0,0,0,0,0,0
340,scan,339,0,10169192157118,,10169192296562,10169193766507,722.661,0.5777,1.1353,3.1062,2,0.5463,546,220,-2,220,-3,1,334,10168941800385,10169149196045,207395,0,1,203348,207184,0,,,,339,220,-3,0,0,0,0,0,0
341,scan,340,0,10169242613221,,10169242819451,10169244742432,722.711,0.5702,1.1356,3.1061,2,0.5225,522,220,-2,220,-3,1,335,10168991900773,10169199839428,207938,0,1,203348,207186,0,,,,340,220,-3,0,0,0,0,0,0
342,scan,341,0,10169292184702,,10169292299108,10169293715601,722.761,0.5553,1.1361,3.1059,2,0.5293,529,220,-1,220,-3,1,336,10169041922001,10169249374573,207452,0,1,203348,207184,0,,,,341,220,-3,0,0,0,0,0,0
343,scan,342,0,10169342815858,,10169342964075,10169344762091,722.811,0.5478,1.1364,3.1058,2,0.5204,520,220,-1,220,-2,1,337,10169091780559,10169299528977,207748,0,1,203348,207193,0,,,,342,220,-2,0,0,0,0,0,0
344,scan,343,0,10169392828748,,10169392947691,10169394682013,722.861,0.5328,1.1369,3.1056,2,0.5162,516,220,-1,220,-1,1,338,10169141931979,10169351352007,209420,0,1,203348,207228,0,,,,343,220,-1,0,0,0,0,0,0
345,scan,344,0,10169442688573,,10169442823293,10169444793381,722.911,0.5254,1.1372,3.1055,2,0.4932,493,220,-1,220,-1,1,339,10169192201899,10169399548196,207346,0,1,203348,207224,0,,,,344,220,-1,0,0,0,0,0,0
346,scan,345,0,10169493657557,,10169493789654,10169495892599,722.961,0.5179,1.1375,3.1055,2,0.4815,481,220,-1,220,-1,1,340,10169242722455,10169449756086,207033,0,1,203348,207212,0,,,,345,220,-1,0,0,0,0,0,0
347,scan,346,0,10169543499997,,10169543648616,10169545977718,723.011,0.5029,1.1380,3.1054,2,0.4779,477,220,0,220,-1,1,341,10169292222094,10169497266775,205044,0,1,203348,207210,0,,,,346,220,-1,0,0,0,0,0,0
348,scan,347,0,10169593128342,,10169593310276,10169595733628,723.061,0.4955,1.1383,3.1054,2,0.4711,471,220,0,220,-1,1,342,10169342859256,10169549781331,206922,0,1,203348,207196,0,,,,347,220,-1,0,0,0,0,0,0
349,scan,348,0,10169643199680,,10169643327283,10169644712069,723.111,0.4805,1.1388,3.1053,2,0.4641,464,220,0,220,-1,1,343,10169392864682,10169597340722,204476,0,1,203348,207191,0,,,,348,220,-1,0,0,0,0,0,0
350,scan,349,0,10169693154424,,10169693284814,10169694699220,723.161,0.4730,1.1391,3.1053,2,0.4497,449,220,0,220,-1,1,344,10169442736129,10169649931366,207195,0,1,203348,207179,0,,,,349,220,-1,0,0,0,0,0,0
351,scan,350,0,10169742973258,,10169743106769,10169744737495,723.211,0.4581,1.1396,3.1052,2,0.4428,442,220,0,220,0,1,345,10169493705024,10169700106198,206401,0,1,203348,207153,0,,,,350,220,0,0,0,0,0,0,0
352,scan,351,0,10169793056588,,10169793177095,10169794669751,723.261,0.4506,1.1399,3.1052,2,0.4423,442,220,0,220,1,1,346,10169543579888,10169751111048,207531,0,1,203348,207156,0,,,,351,220,1,0,0,0,0,0,0
353,scan,352,0,10169842917810,,10169843100395,10169844711984,723.311,0.4357,1.1404,3.1052,2,0.4220,421,220,0,220,0,1,347,10169593194105,10169800341537,207147,0,1,203348,207143,0,,,,352,220,0,0,0,0,0,0,0
354,scan,353,0,10169893460799,,10169893617139,10169895668373,723.361,0.4282,1.1407,3.1052,2,0.4173,417,220,0,220,1,1,348,10169643242869,10169850099486,206856,0,1,203348,207150,0,,,,353,220,1,0,0,0,0,0,0
355,scan,354,0,10169943323904,,10169943443883,10169945603544,723.411,0.4132,1.1413,3.1053,2,0.4179,417,220,0,220,1,1,349,10169693198218,10169901338017,208139,0,1,203348,207161,0,,,,354,220,1,0,0,0,0,0,0
356,scan,355,0,10169993446045,,10169993587739,10169995678807,723.461,0.4058,1.1415,3.1053,2,0.3974,397,220,0,220,1,1,350,10169743025969,10169949414155,206388,0,1,203348,207135,0,,,,355,220,1,0,1,0,0,0,0
357,scan,356,0,10170043512403,,10170043639847,10170045754996,723.511,0.3908,1.1421,3.1054,2,0.3789,378,220,0,220,1,1,351,10169793097353,10170000796256,207698,0,1,203348,207146,0,,,,356,220,1,0,1,0,0,0,0
358,scan,357,0,10170093737051,,10170093876147,10170095760880,723.561,0.3833,1.1423,3.1054,2,0.3986,398,220,0,220,0,1,352,10169842959082,10170050910358,207951,0,1,203348,207161,0,,,,357,220,0,0,1,0,0,0,0
359,scan,358,0,10170143822994,,10170143944915,10170145824137,723.611,0.3684,1.1429,3.1055,2,0.3833,383,220,-1,220,1,1,353,10169893514337,10170100197385,206683,0,1,203348,207114,0,,,,358,220,1,0,1,0,0,0,0
360,scan,359,0,10170193679519,,10170193813202,10170195839745,723.661,0.3609,1.1431,3.1055,2,0.3698,369,220,-1,220,0,1,354,10169943364444,10170151003274,207638,0,1,203348,207130,0,,,,359,220,0,0,1,0,0,0,0
361,scan,360,0,10170243739852,,10170243942083,10170245757788,723.711,0.3460,1.1437,3.1055,2,0.3547,354,220,-1,220,1,1,355,10169993495152,10170200810785,207315,0,1,203348,207116,0,,,,360,220,1,0,1,0,0,0,0
362,scan,361,0,10170293587284,,10170293709362,10170295707630,723.761,0.3385,1.1440,3.1055,2,0.3488,348,220,-1,220,1,1,356,10170043552277,10170251263429,207711,0,1,203348,207121,0,,,,361,220,1,0,1,0,0,0,0
363,scan,362,0,10170343474394,,10170343612770,10170345834887,723.811,0.3310,1.1442,3.1055,2,0.3556,355,220,-1,220,0,1,357,10170093784386,10170301242728,207458,0,1,203348,207135,0,,,,362,220,0,0,1,0,0,0,0
364,scan,363,0,10170393358284,,10170393490939,10170395674411,723.861,0.3161,1.1448,3.1056,2,0.3429,342,220,-1,220,1,1,358,10170143865141,10170351356744,207491,0,1,203348,207153,0,,,,363,220,1,0,1,0,0,0,0
365,scan,364,0,10170443389625,,10170443516453,10170445665793,723.911,0.3086,1.1450,3.1056,2,0.3472,347,220,-1,220,-1,1,359,10170193724581,10170400949787,207225,0,1,203348,207140,0,,,,364,220,-1,0,1,0,0,0,0
366,scan,365,0,10170494492397,,10170494639832,10170496856958,723.961,0.2936,1.1456,3.1056,2,0.3325,332,220,-1,220,1,1,360,10170243803817,10170451321870,207518,0,1,203348,207153,0,,,,365,220,1,0,1,0,0,0,0
367,scan,366,0,10170543960006,,10170544247965,10170545999957,724.011,0.2862,1.1458,3.1056,2,0.3308,330,220,-1,220,1,1,361,10170293629123,10170499212480,205583,0,1,203348,207159,0,,,,366,220,1,0,1,0,0,0,0
368,scan,367,0,10170594062272,,10170594235192,10170595748951,724.061,0.2712,1.1464,3.1056,2,0.3259,325,220,-1,220,-1,1,362,10170343523397,10170550061993,206538,0,1,203348,207148,0,,,,367,220,-1,0,1,0,0,0,0
369,scan,368,0,10170643910397,,10170644105460,10170645844258,724.111,0.2637,1.1466,3.1056,2,0.3101,310,220,-1,220,-1,1,363,10170393402143,10170598235226,204833,0,1,203348,207132,0,,,,368,220,-1,0,1,0,0,0,0
370,scan,369,0,10170693768994,,10170693892483,10170695745104,724.161,0.2488,1.1472,3.1057,2,0.3216,321,220,-1,220,-1,1,364,10170443432318,10170648258352,204826,0,1,203348,207090,0,,,,369,220,-1,0,1,0,0,0,0
371,scan,370,0,10170743728608,,10170743896756,10170745811014,724.211,0.2413,1.1475,3.1056,2,0.3054,305,220,-1,220,-1,1,365,10170494536212,10170702111059,207574,0,1,203348,207093,0,,,,370,220,-1,0,1,0,0,0,0
372,scan,371,0,10170793769860,,10170793919591,10170795792851,724.261,0.2264,1.1480,3.1054,2,0.3210,320,220,-1,220,-1,1,366,10170544081076,10170749046503,204965,0,1,203348,207034,0,,,,371,220,-1,0,1,0,0,0,0
373,scan,372,0,10170843890720,,10170844080212,10170845750502,724.311,0.2189,1.1483,3.1054,2,0.3052,305,220,-1,220,-2,1,367,10170594110460,10170800537687,206427,0,1,203348,207014,0,,,,372,220,-2,0,1,0,0,0,0
374,scan,373,0,10170893691982,,10170893818951,10170895711347,724.361,0.2039,1.1488,3.1054,2,0.2870,287,220,-1,220,-1,1,368,10170643953704,10170850917082,206963,0,1,203348,207003,0,,,,373,220,-1,0,1,0,0,0,0
375,scan,374,0,10170944291581,,10170944433681,10170946668676,724.411,0.1965,1.1491,3.1054,2,0.3151,315,220,0,220,-1,1,369,10170693809512,10170900542233,206732,0,1,203348,206986,0,,,,374,220,-1,0,1,0,0,0,0
376,scan,375,0,10170994402454,,10170994525132,10170996712096,724.461,0.1815,1.1496,3.1052,2,0.3176,317,220,0,220,-2,1,370,10170743793036,10170950985121,207192,0,1,203348,206982,0,,,,375,220,-2,0,1,0,0,0,0
377,scan,376,0,10171044565336,,10171044692397,10171046972696,724.511,0.1740,1.1499,3.1051,2,0.3098,309,220,0,220,1,1,371,10170793819339,10171001435726,207616,0,1,203348,206988,0,,,,376,220,1,0,1,0,0,0,0
378,scan,377,0,10171094646726,,10171094796383,10171096819494,724.561,0.1591,1.1504,3.1051,2,0.3258,325,220,0,220,0,1,372,10170843958923,10171048670889,204711,0,1,203348,206917,0,,,,377,220,0,0,1,0,0,0,0
379,scan,378,0,10171144668674,,10171144794241,10171146785578,724.611,0.1516,1.1507,3.1052,2,0.3339,333,220,0,220,1,1,373,10170893734398,10171100961513,207227,0,1,203348,206908,0,,,,378,220,1,0,1,0,0,0,0
380,scan,379,0,10171194401188,,10171194527545,10171196651764,724.661,0.1441,1.1510,3.1052,2,0.3613,361,220,0,220,1,1,374,10170944341730,10171148608336,204266,0,1,203348,206829,0,,,,379,220,1,0,1,0,0,0,0
381,scan,380,0,10171244437637,,10171244570970,10171246666750,724.711,0.1292,1.1515,3.1053,2,1.0456,1045,220,0,220,1,1,375,10170994441037,10171201948621,207507,0,1,203348,206819,0,,,,380,220,1,0,0,0,0,0,0
382,scan,381,0,10171294590204,,10171294726514,10171296761971,724.761,0.1217,1.1518,3.1053,2,1.0355,1035,220,0,220,1,1,376,10171044609023,10171249118713,204509,0,1,203348,206745,0,,,,381,220,1,0,0,0,0,0,0
383,scan,382,0,10171344524919,,10171344647324,10171346758053,724.811,0.1068,1.1523,3.1054,2,1.0257,1025,220,0,220,0,1,377,10171094698582,10171299257620,204559,0,1,203348,206665,0,,,,382,220,0,0,0,0,0,0,0
384,scan,383,0,10171395046456,,10171395227846,10171396868868,724.861,0.0993,1.1526,3.1054,2,1.0145,1014,220,-1,220,1,1,378,10171144712636,10171350190056,205477,0,1,203348,206567,0,,,,383,220,1,0,0,0,0,0,0
385,scan,384,0,10171444774136,,10171444896377,10171446858234,724.911,0.0843,1.1532,3.1054,2,1.0076,1007,220,-1,220,1,1,379,10171194447711,10171402064403,207616,0,1,203348,206574,0,,,,384,220,1,0,0,0,0,0,0
386,scan,385,0,10171494906266,,10171495032346,10171496725562,724.961,0.0769,1.1534,3.1054,2,0.9976,997,220,-1,220,2,1,380,10171244482664,10171449537143,205054,0,1,203348,206524,0,,,,385,220,2,0,0,0,0,0,0
387,scan,386,0,10171544955125,,10171545068836,10171546722699,725.011,0.0619,1.1540,3.1055,2,0.9909,990,220,-1,220,1,1,381,10171294638806,10171499220123,204581,0,1,203348,206512,0,,,,386,220,1,0,0,0,0,0,0
388,scan,387,0,10171595142253,,10171595278611,10171597657821,725.061,0.0544,1.1542,3.1056,2,0.9876,987,220,-1,220,0,1,382,10171344566445,10171549577093,205010,0,1,203348,206465,0,,,,387,220,0,0,0,0,0,0,0
389,scan,388,0,10171644900313,,10171645023186,10171646786933,725.111,0.0395,1.1548,3.1057,2,0.9775,977,220,-1,220,1,1,383,10171395108382,10171599380855,204272,0,1,203348,206460,0,,,,388,220,1,0,0,0,0,0,0
390,scan,389,0,10171694746111,,10171694869037,10171696735812,725.161,0.0320,1.1550,3.1057,2,0.9744,974,220,-1,220,1,1,384,10171444816049,10171651305426,206489,0,1,203348,206442,0,,,,389,220,1,0,0,0,0,0,0
391,scan,390,0,10171744702512,,10171744821120,10171746698145,725.211,0.0171,1.1556,3.1057,2,0.9577,957,220,-1,220,0,1,385,10171494952521,10171701771776,206819,0,1,203348,206452,0,,,,390,220,0,0,0,0,0,0,0
392,scan,391,0,10171794932337,,10171795063235,10171796763489,725.261,0.0096,1.1558,3.1057,2,0.9499,949,220,-1,220,-1,1,386,10171544998469,10171752521369,207522,0,1,203348,206452,0,,,,391,220,-1,0,0,0,0,0,0
393,scan,392,0,10171844690370,,10171844815965,10171846790349,725.311,-0.0054,1.1564,3.1058,2,0.9376,937,220,-1,220,-1,1,387,10171595200031,10171801815214,206615,0,1,203348,206439,0,,,,392,220,-1,0,0,0,0,0,0
394,scan,393,0,10171894684099,,10171894836195,10171896800511,725.361,-0.0128,1.1566,3.1058,2,0.9289,928,220,-1,220,-1,1,388,10171644941484,10171852539743,207598,0,1,203348,206457,0,,,,393,220,-1,0,0,0,0,0,0
395,scan,394,0,10171945044923,,10171945241638,10171947593687,725.411,-0.0278,1.1572,3.1056,2,0.9121,912,220,-1,220,-1,1,389,10171694788929,10171901875123,207086,0,1,203348,206431,0,,,,394,220,-1,0,0,0,0,0,0
396,scan,395,0,10171995302858,,10171995422086,10171997589353,725.461,-0.0353,1.1575,3.1055,2,0.9254,925,220,-1,220,0,1,390,10171744745106,10171952384219,207639,0,1,203348,206462,0,,,,395,220,0,0,0,0,0,0,0
397,scan,396,0,10172045078599,,10172045215261,10172047154562,725.511,-0.0427,1.1577,3.1056,2,0.9112,911,220,-1,220,-1,1,391,10171794979122,10172001277116,206297,0,1,203348,206427,0,,,,396,220,-1,0,0,0,0,0,0
398,scan,397,0,10172095355968,,10172095497752,10172097640016,725.561,-0.0577,1.1583,3.1056,2,0.9037,903,220,-1,220,-1,1,392,10171844731442,10172051562773,206831,0,1,203348,206399,0,,,,397,220,-1,0,0,0,0,0,0
399,scan,398,0,10172145957828,,10172146123112,10172147767186,725.611,-0.0652,1.1585,3.1056,2,0.9065,906,220,-1,220,0,1,393,10171894744887,10172101927345,207182,0,1,203348,206412,0,,,,398,220,0,0,0,0,0,0,0
400,scan,399,0,10172196270068,,10172196412625,10172198618647,725.661,-0.0801,1.1591,3.1055,2,0.8940,894,220,-1,220,-1,1,394,10171945107546,10172152207022,207099,0,1,203348,206398,0,,,,399,220,-1,0,0,0,0,0,0
401,scan,400,0,10172247077303,,10172247219299,10172248818968,725.711,-0.0876,1.1593,3.1054,2,0.8961,896,220,-1,220,-2,1,395,10171995351812,10172201855047,206503,0,1,203348,206378,0,,,,400,220,-2,0,0,0,0,0,0
402,scan,401,0,10172296580492,,10172296715430,10172298774121,725.761,-0.1025,1.1599,3.1055,2,0.8949,894,220,-1,220,0,1,396,10172045125462,10172253861691,208736,0,1,203348,206404,0,,,,401,220,0,0,0,0,0,0,0
403,scan,402,0,10172347017480,,10172347173715,10172348792836,725.811,-0.1100,1.1601,3.1054,2,0.8907,890,220,-1,220,-1,1,397,10172095404489,10172302330419,206925,0,1,203348,206390,0,,,,402,220,-1,0,0,0,0,0,0
404,scan,403,0,10172397381997,,10172397524390,10172399670206,725.861,-0.1250,1.1607,3.1052,2,0.8848,884,220,0,220,0,1,398,10172146009700,10172354367056,208357,0,1,203348,206412,0,,,,403,220,0,0,0,0,0,0,0
405,scan,404,0,10172447123805,,10172447269628,10172448777361,725.911,-0.1324,1.1610,3.1052,2,0.8581,858,220,0,220,1,1,399,10172196320666,10172403875466,207554,0,1,203348,206420,0,,,,404,220,1,0,0,0,0,0,0
406,scan,405,0,10172496798195,,10172496959652,10172498802812,725.961,-0.1474,1.1615,3.1053,2,0.8764,876,220,0,220,0,1,400,10172247125896,10172454260050,207134,0,1,203348,206411,0,,,,405,220,0,0,0,0,0,0,0
407,scan,406,0,10172547130947,,10172547373730,10172549771580,726.011,-0.1549,1.1618,3.1053,2,0.8702,870,220,-1,220,1,1,401,10172296626240,10172500923226,204296,0,1,203348,206378,0,,,,406,220,1,0,0,0,0,0,0
408,scan,407,0,10172597058530,,10172597199638,10172598741303,726.061,-0.1698,1.1623,3.1054,2,0.8656,865,220,-1,220,1,1,402,10172347071945,10172554222698,207150,0,1,203348,206394,0,,,,407,220,1,0,0,0,0,0,0
409,scan,408,0,10172646892640,,10172647035357,10172648738468,726.111,-0.1773,1.1626,3.1054,2,0.8483,848,220,-1,220,2,1,403,10172397432087,10172602274335,204842,0,1,203348,206394,0,,,,408,220,2,0,0,0,0,0,0
410,scan,409,0,10172696715591,,10172696858339,10172698848718,726.161,-0.1922,1.1631,3.1054,2,0.8653,865,220,-1,220,1,1,404,10172447175008,10172654111364,206936,0,1,203348,206447,0,,,,409,220,1,0,0,0,0,0,0
411,scan,410,0,10172746882019,,10172747031661,10172748741587,726.211,-0.1997,1.1634,3.1055,2,0.8575,857,220,-1,220,2,1,405,10172496846946,10172703879310,207032,0,1,203348,206433,0,,,,410,220,2,0,0,0,0,0,0
412,scan,411,0,10172797498231,,10172797645303,10172799741777,726.261,-0.2147,1.1639,3.1057,2,0.8904,890,220,-1,220,1,1,406,10172547217782,10172754243167,207025,0,1,203348,206485,0,,,,411,220,1,0,0,0,0,0,0
413,scan,412,0,10172846711875,,10172846875800,10172848673145,726.311,-0.2221,1.1642,3.1057,2,0.8660,865,220,-1,220,1,1,407,10172597107348,10172804548814,207441,0,1,203348,206510,0,,,,412,220,1,0,0,0,0,0,0
414,scan,413,0,10172896829538,,10172896975148,10172898698894,726.361,-0.2296,1.1645,3.1058,2,0.8705,870,220,-2,220,2,1,408,10172646943240,10172854199668,207256,0,1,203348,206517,0,,,,413,220,2,0,0,0,0,0,0
415,scan,414,0,10172947135537,,10172947289319,10172948717542,726.411,-0.2446,1.1650,3.1058,2,0.9138,913,220,-2,220,1,1,409,10172696765377,10172904453097,207687,0,1,203348,206541,0,,,,414,220,1,0,0,0,0,0,0
416,scan,415,0,10172996775039,,10172996920282,10172998752414,726.461,-0.2520,1.1653,3.1059,2,0.9253,925,220,-2,220,-2,1,410,10172746932687,10172954078593,207145,0,1,203348,206540,0,,,,415,220,-2,0,0,0,0,0,0
417,scan,416,0,10173047024028,,10173047164305,10173048815846,726.511,-0.2670,1.1658,3.1060,2,1.0332,1033,220,-2,220,-1,1,411,10172797545921,10173004362928,206817,0,1,203348,206520,0,,,,416,220,-1,0,0,0,0,0,0
418,scan,417,0,10173097206718,,10173097346747,10173099577024,726.561,-0.2745,1.1661,3.1059,2,1.0288,1028,220,-2,220,-1,1,412,10172846759962,10173054847687,208087,0,1,203348,206604,0,,,,417,220,-1,0,0,0,0,0,0
419,scan,418,0,10173146768936,,10173146903736,10173148753934,726.611,-0.2894,1.1666,3.1057,2,1.0329,1032,220,-1,220,-2,1,413,10172896882103,10173103033395,206151,0,1,203348,206578,0,,,,418,220,-2,0,0,0,0,0,0
420,scan,419,0,10173196699220,,10173196833899,10173198751105,726.661,-0.2969,1.1669,3.1056,2,1.0332,1033,220,-1,220,-1,1,414,10172947189576,10173153396679,206207,0,1,203348,206626,0,,,,419,220,-1,0,0,0,0,0,0
421,scan,420,0,10173246620013,,10173246744504,10173248716505,726.711,-0.3118,1.1674,3.1056,2,1.0198,1019,220,-1,220,-1,1,415,10172996825056,10173200883674,204058,0,1,203348,206540,0,,,,420,220,-1,0,0,0,0,0,0
422,scan,421,0,10173297180029,,10173297304859,10173299920803,726.761,-0.3193,1.1677,3.1056,2,1.0248,1024,220,-1,220,0,1,416,10173047074249,10173254433104,207358,0,1,203348,206611,0,,,,421,220,0,0,0,0,0,0,0
423,scan,422,0,10173346958108,,10173347096504,10173348886023,726.811,-0.3343,1.1682,3.1055,2,1.0251,1025,220,-1,220,-1,1,417,10173097257695,10173301705766,204448,0,1,203348,206608,0,,,,422,220,-1,0,0,0,0,0,0
424,scan,423,0,10173397319659,,10173397455505,10173399640295,726.861,-0.3417,1.1685,3.1055,2,1.0438,1043,220,-1,220,0,1,418,10173146816900,10173355634938,208818,0,1,203348,206692,0,,,,423,220,0,0,0,0,0,0,0
425,scan,424,0,10173447186894,,10173447310214,10173448725248,726.911,-0.3567,1.1690,3.1055,2,1.0188,1018,220,-1,220,-1,1,419,10173196747464,10173402290859,205543,0,1,203348,206640,0,,,,424,220,-1,0,0,0,0,0,0
426,scan,425,0,10173497502036,,10173497641824,10173499756186,726.961,-0.3642,1.1693,3.1055,2,1.0233,1023,220,-1,220,-2,1,420,10173246661078,10173454380642,207719,0,1,203348,206707,0,,,,425,220,-2,0,0,0,0,0,0
427,scan,426,0,10173548056198,,10173548266773,10173550773925,727.011,-0.3791,1.1699,3.1054,2,1.0336,1033,220,-1,220,0,1,421,10173297226444,10173501660630,204434,0,1,203348,206703,0,,,,426,220,0,0,0,0,0,0,0
428,scan,427,0,10173597848113,,10173598020313,10173600786218,727.061,-0.3866,1.1701,3.1054,2,1.0472,1047,220,-1,220,1,1,422,10173347013653,10173554245021,207231,0,1,203348,206758,0,,,,427,220,1,0,0,0,0,0,0
429,scan,428,0,10173647857807,,10173647986161,10173649839062,727.111,-0.4015,1.1707,3.1053,2,1.0316,1031,220,-1,220,2,1,423,10173397366610,10173603993772,206627,0,1,203348,206817,0,,,,428,220,2,0,0,0,0,0,0
430,scan,429,0,10173697700953,,10173697908581,10173699771796,727.161,-0.4090,1.1709,3.1053,2,1.0290,1029,220,-1,220,-1,1,424,10173447227192,10173653993763,206766,0,1,203348,206824,0,,,,429,220,-1,0,0,0,0,0,0
431,scan,430,0,10173747797763,,10173747940550,10173749726701,727.211,-0.4165,1.1712,3.1054,2,1.0332,1033,220,-1,220,-1,1,425,10173497551057,10173702142669,204591,0,1,203348,206769,0,,,,430,220,-1,0,0,0,0,0,0
432,scan,431,0,10173797721213,,10173797863321,10173799697768,727.261,-0.4314,1.1717,3.1055,2,1.0263,1026,220,-1,220,1,1,426,10173548170926,10173755524365,207353,0,1,203348,206764,0,,,,431,220,1,0,0,0,0,0,0
433,scan,432,0,10173847700535,,10173847853185,10173849825212,727.311,-0.4389,1.1720,3.1054,2,1.0349,1034,220,-1,220,1,1,427,10173597899037,10173805097012,207197,0,1,203348,206779,0,,,,432,220,1,0,0,0,0,0,0
434,scan,433,0,10173897746977,,10173897883631,10173899669206,727.361,-0.4539,1.1726,3.1053,2,1.0371,1037,220,-1,220,2,1,428,10173647897185,10173855523076,207625,0,1,203348,206780,0,,,,433,220,2,0,0,0,0,0,0
435,scan,434,0,10173947795142,,10173947927630,10173949653104,727.411,-0.4613,1.1728,3.1054,2,1.0184,1018,220,-1,220,1,1,429,10173697814636,10173904961883,207147,0,1,203348,206781,0,,,,434,220,1,0,0,0,0,0,0
436,scan,435,0,10173997697550,,10173997846028,10173999745630,727.461,-0.4763,1.1734,3.1056,2,1.0299,1029,220,-2,220,1,1,430,10173747845816,10173955299498,207453,0,1,203348,206776,0,,,,435,220,1,0,0,0,0,0,0
437,scan,436,0,10174048194152,,10174048339708,10174049717196,727.511,-0.4838,1.1736,3.1057,2,1.0151,1015,220,-2,220,0,1,431,10173797770323,10174005029707,207259,0,1,203348,206800,0,,,,436,220,0,0,0,0,0,0,0
438,scan,437,0,10174098450127,,10174098596692,10174100733301,727.561,-0.4987,1.1742,3.1056,2,1.0302,1030,220,-2,220,1,1,432,10173847755539,10174054815864,207060,0,1,203348,206806,0,,,,437,220,1,0,0,0,0,0,0
439,scan,438,0,10174148300346,,10174148445661,10174150767086,727.611,-0.5062,1.1744,3.1056,2,1.0176,1017,220,-2,220,2,1,433,10173897794073,10174105179241,207385,0,1,203348,206811,0,,,,438,220,2,0,0,0,0,0,0
440,scan,439,0,10174198040308,,10174198168697,10174199754565,727.661,-0.5211,1.1750,3.1057,2,1.0193,1019,220,-2,220,2,1,434,10173947841973,10174154472068,206630,0,1,203348,206800,0,,,,439,220,2,0,0,0,0,0,0
441,scan,440,0,10174248057704,,10174248196799,10174249757520,727.711,-0.5286,1.1753,3.1058,2,1.0103,1010,220,-2,220,-2,1,435,10173997760730,10174204336678,206575,0,1,203348,206801,0,,,,440,220,-2,0,0,0,0,0,0
442,scan,441,0,10174298211256,,10174298348657,10174299940444,727.761,-0.5436,1.1758,3.1059,2,1.0168,1016,220,-2,220,0,1,436,10174048245843,10174255224556,206978,0,1,203348,206757,0,,,,441,220,0,0,0,0,0,0,0
443,scan,442,0,10174348326064,,10174348457016,10174350755074,727.811,-0.5510,1.1761,3.1059,2,1.0343,1034,220,-2,220,-1,1,437,10174098496923,10174304942191,206445,0,1,203348,206745,0,,,,442,220,-1,0,0,0,0,0,0
444,scan,443,0,10174398115674,,10174398240905,10174399672277,727.861,-0.5660,1.1766,3.1056,2,1.0240,1024,220,-2,220,-2,1,438,10174148351625,10174355268868,206917,0,1,203348,206709,0,,,,443,220,-2,0,0,0,0,0,0
445,scan,444,0,10174448381766,,10174448520795,10174450683491,727.911,-0.5735,1.1769,3.1056,2,1.0119,1011,220,-2,220,-1,1,439,10174198081776,10174405304125,207222,0,1,203348,206701,0,,,,444,220,-1,0,0,0,0,0,0
446,scan,445,0,10174498448938,,10174498574843,10174500724702,727.961,-0.5884,1.1774,3.1056,2,1.0413,1041,220,-2,220,-2,1,440,10174248108211,10174455433193,207324,0,1,203348,206706,0,,,,445,220,-2,0,0,0,0,0,0
447,scan,446,0,10174548605330,,10174548739418,10174550719578,728.011,-0.5959,1.1777,3.1056,2,1.0181,1018,220,-2,220,0,1,441,10174298257872,10174502996994,204739,0,1,203348,206717,0,,,,446,220,0,0,0,0,0,0,0
448,scan,447,0,10174598578848,,10174598719828,10174600771676,728.061,-0.6034,1.1779,3.1055,2,1.0018,1001,220,-2,220,-1,1,442,10174348372694,10174555276148,206903,0,1,203348,206711,0,,,,447,220,-1,0,0,0,0,0,0
449,scan,448,0,10174648358823,,10174648497481,10174650596521,728.111,-0.6183,1.1785,3.1054,2,1.0148,1014,220,-2,220,0,1,443,10174398155454,10174603084776,204929,0,1,203348,206713,0,,,,448,220,0,0,0,0,0,0,0
450,scan,449,0,10174698444715,,10174698578029,10174700743804,728.161,-0.6258,1.1787,3.1054,2,1.0047,1004,220,-2,220,0,1,444,10174448428980,10174655536559,207107,0,1,203348,206717,0,,,,449,220,0,0,0,0,0,0,0
451,scan,450,0,10174748534426,,10174748669253,10174750681818,728.211,-0.6408,1.1793,3.1055,2,1.0143,1014,220,-2,220,-2,1,445,10174498488707,10174705892537,207403,0,1,203348,206726,0,,,,450,220,-2,0,0,0,0,0,0
452,scan,451,0,10174798442635,,10174798575385,10174800673298,728.261,-0.6482,1.1796,3.1054,2,1.0072,1007,220,-2,220,0,1,446,10174548653718,10174755509909,206856,0,1,203348,206722,0,,,,451,220,0,0,0,0,0,0,0
453,scan,452,0,10174848838124,,10174849011449,10174850658244,728.311,-0.6632,1.1801,3.1053,2,1.0184,1018,220,-2,220,1,1,447,10174598627634,10174806031286,207403,0,1,203348,206721,0,,,,452,220,1,0,0,0,0,0,0
454,scan,453,0,10174898843523,,10174898986893,10174900765022,728.361,-0.6707,1.1804,3.1053,2,1.0119,1011,220,-2,220,-1,1,448,10174648404465,10174852928915,204524,0,1,203348,206653,0,,,,453,220,-1,0,0,0,0,0,0
455,scan,454,0,10174948804744,,10174948950394,10174950729814,728.411,-0.6856,1.1809,3.1054,2,1.0042,1004,220,-2,220,2,1,449,10174698490539,10174906081757,207591,0,1,203348,206651,0,,,,454,220,2,0,0,0,0,0,0
456,scan,455,0,10174998947647,,10174999073217,10175000774172,728.461,-0.6931,1.1812,3.1054,2,1.0236,1023,220,-2,220,0,1,450,10174748582243,10174953029913,204447,0,1,203348,206583,0,,,,455,220,0,0,0,0,0,0,0
457,scan,456,0,10175048725947,,10175048871539,10175050681537,728.511,-0.7080,1.1817,3.1054,2,1.0261,1026,220,-2,220,2,1,451,10174798489167,10175005838616,207349,0,1,203348,206596,0,,,,456,220,2,0,0,0,0,0,0
458,scan,457,0,10175098894614,,10175099034052,10175100782111,728.561,-0.7155,1.1820,3.1054,2,1.0130,1012,220,-2,220,0,1,452,10174848888907,10175055489001,206600,0,1,203348,206559,0,,,,457,220,0,0,0,0,0,0,0
459,scan,458,0,10175148907495,,10175149056746,10175150720938,728.611,-0.7305,1.1825,3.1055,2,1.0190,1018,220,-2,220,-1,1,453,10174898892597,10175106005241,207112,0,1,203348,206583,0,,,,458,220,-1,0,0,0,0,0,0
460,scan,459,0,10175198816626,,10175198967620,10175200712582,728.661,-0.7379,1.1828,3.1055,2,0.9987,998,220,-2,220,1,1,454,10174948855682,10175155735009,206879,0,1,203348,206600,0,,,,459,220,1,0,0,0,0,0,0
461,scan,460,0,10175248818265,,10175248959377,10175250729810,728.711,-0.7529,1.1833,3.1054,2,1.0060,1005,220,-2,220,0,1,455,10174998994249,10175206196536,207202,0,1,203348,206679,0,,,,460,220,0,0,0,0,0,0,0
462,scan,461,0,10175299181938,,10175299354969,10175301671299,728.761,-0.7604,1.1836,3.1054,2,1.0183,1018,220,-2,220,2,1,456,10175048776454,10175256059408,207282,0,1,203348,206677,0,,,,461,220,2,0,0,0,0,0,0
463,scan,462,0,10175349485302,,10175349607866,10175351748072,728.811,-0.7753,1.1842,3.1055,2,1.0102,1010,220,-2,220,1,1,457,10175098942698,10175306051380,207108,0,1,203348,206743,0,,,,462,220,1,0,0,0,0,0,0
464,scan,463,0,10175399647157,,10175399786321,10175401760969,728.861,-0.7828,1.1844,3.1056,2,0.9966,996,220,-3,220,2,1,458,10175148965557,10175356143927,207178,0,1,203348,206702,0,,,,463,220,2,0,0,0,0,0,0
465,scan,464,0,10175449922851,,10175450080141,10175451756791,728.911,-0.7903,1.1847,3.1057,2,1.0186,1018,220,-3,220,-1,1,459,10175198875857,10175406291851,207415,0,1,203348,206749,0,,,,464,220,-1,0,0,0,0,0,0
466,scan,465,0,10175499797705,,10175499955581,10175501715699,728.961,-0.8052,1.1852,3.1058,2,1.0061,1006,220,-3,220,-1,1,460,10175248861857,10175456898897,208037,0,1,203348,206757,0,,,,465,220,-1,0,0,0,0,0,0
467,scan,466,0,10175549872818,,10175550008082,10175551689710,729.011,-0.8127,1.1855,3.1058,2,1.0183,1018,220,-3,220,2,1,461,10175299249770,10175503975461,204725,0,1,203348,206764,0,,,,466,220,2,0,0,0,0,0,0
468,scan,467,0,10175599814020,,10175599943202,10175601711291,729.061,-0.8276,1.1860,3.1058,2,0.9934,993,220,-3,220,-2,1,462,10175349523839,10175557540221,208016,0,1,203348,206784,0,,,,467,220,-2,0,0,0,0,0,0
469,scan,468,0,10175650027966,,10175650163296,10175652670480,729.111,-0.8351,1.1863,3.1058,2,1.0026,1002,220,-3,220,-4,1,463,10175399694332,10175604149022,204454,0,1,203348,206730,0,,,,468,220,-4,0,0,0,0,0,0
470,scan,469,0,10175699771165,,10175699900197,10175701690447,729.161,-0.8501,1.1868,3.1058,2,0.9985,998,220,-4,220,0,1,464,10175449968931,10175657425282,207456,0,1,203348,206747,0,,,,469,220,0,0,0,0,0,0,0
471,scan,470,0,10175749952514,,10175750117893,10175751735852,729.211,-0.8575,1.1871,3.1057,2,1.0117,1011,220,-3,220,-3,1,465,10175499846211,10175706363920,206517,0,1,203348,206795,0,,,,470,220,-3,0,0,0,0,0,0
472,scan,471,0,10175800159843,,10175800317961,10175801699674,729.261,-0.8725,1.1877,3.1053,2,1.0059,1005,220,-3,220,1,1,466,10175549919887,10175757209125,207289,0,1,203348,206793,0,,,,471,220,1,0,0,0,0,0,0
473,scan,472,0,10175850077798,,10175850224163,10175851731895,729.311,-0.8800,1.1879,3.1053,2,0.9986,998,220,-3,220,-2,1,467,10175599858938,10175807176198,207317,0,1,203348,206796,0,,,,472,220,-2,0,0,0,0,0,0
474,scan,473,0,10175900153021,,10175900294270,10175902656618,729.361,-0.8949,1.1885,3.1053,2,1.0131,1013,220,-3,220,-3,1,468,10175650073259,10175855582105,205508,0,1,203348,206744,0,,,,473,220,-3,0,0,0,0,0,0
475,scan,474,0,10175950312096,,10175950455999,10175952689956,729.411,-0.9024,1.1887,3.1053,2,1.0163,1016,220,-3,220,-1,1,469,10175699814651,10175907140655,207326,0,1,203348,206748,0,,,,474,220,-1,0,0,0,0,0,0
476,scan,475,0,10176000222142,,10176000355780,10176002614405,729.461,-0.9173,1.1893,3.1051,2,0.9957,995,220,-3,220,-3,1,470,10175750004025,10175957337046,207333,0,1,203348,206745,0,,,,475,220,-3,0,0,0,0,0,0
477,scan,476,0,10176050532285,,10176050680766,10176052859569,729.511,-0.9248,1.1896,3.1050,2,0.9828,982,220,-3,220,2,1,471,10175800210414,10176007030264,206819,0,1,203348,206734,0,,,,476,220,2,0,0,0,0,0,0
478,scan,477,0,10176100498214,,10176100629821,10176102817926,729.561,-0.9398,1.1901,3.1049,2,1.0073,1007,220,-3,220,0,1,472,10175850127015,10176057580433,207453,0,1,203348,206744,0,,,,477,220,0,0,0,0,0,0,0
479,scan,478,0,10176150238717,,10176150386216,10176152628763,729.611,-0.9472,1.1904,3.1050,2,1.0079,1007,220,-3,220,-3,1,473,10175900201647,10176106513325,206311,0,1,203348,206717,0,,,,478,220,-3,0,0,0,0,0,0
480,scan,479,0,10176200770466,,10176201019020,10176202666134,729.661,-0.9622,1.1909,3.1052,2,1.0010,1001,220,-3,220,1,1,474,10175950361208,10176156444637,206083,0,1,203348,206703,0,,,,479,220,1,0,0,0,0,0,0
481,scan,480,0,10176250424525,,10176250559835,10176252819323,729.711,-0.9697,1.1912,3.1050,2,0.9911,991,220,-3,220,-3,1,475,10176000268261,10176206110380,205842,0,1,203348,206685,0,,,,480,220,-3,0,0,0,0,0,0
482,scan,481,0,10176300810968,,10176300947709,10176302703196,729.761,-0.9771,1.1915,3.1048,2,0.9834,983,220,-3,220,2,1,476,10176050584577,10176257659622,207075,0,1,203348,206687,0,,,,481,220,2,0,0,0,0,0,0
483,scan,482,0,10176350878379,,10176351013246,10176352733545,729.811,-0.9921,1.1920,3.1047,2,0.9673,967,220,-3,220,-2,1,477,10176100541140,10176307314134,206772,0,1,203348,206696,0,,,,482,220,-2,0,0,0,0,0,0
484,scan,483,0,10176400878599,,10176401049282,10176402669463,729.861,-0.9996,1.1923,3.1047,2,0.9601,960,220,-3,220,-4,1,478,10176150284171,10176357680129,207395,0,1,203348,206708,0,,,,483,220,-4,0,0,0,0,0,0
485,scan,484,0,10176450812630,,10176450963857,10176452799767,729.911,-1.0145,1.1928,3.1047,2,0.9514,951,220,-3,220,-1,1,479,10176200850414,10176408556761,207706,0,1,203348,206720,0,,,,484,220,-1,0,0,0,0,0,0
486,scan,485,0,10176500879714,,10176501023968,10176502692472,729.961,-1.0220,1.1931,3.1046,2,0.9430,943,220,-3,220,-3,1,480,10176250473059,10176458116477,207643,0,1,203348,206728,0,,,,485,220,-3,0,0,0,0,0,0
487,scan,486,0,10176551549332,,10176551757339,10176553680435,730.011,-1.0369,1.1937,3.1042,2,0.9313,931,220,-3,220,-5,1,481,10176300858502,10176505700292,204841,0,1,203348,206730,0,,,,486,220,-5,0,0,0,0,0,0
488,scan,487,0,10176601505190,,10176601649555,10176603948796,730.061,-1.0444,1.1940,3.1041,2,0.9224,922,220,-3,220,-2,1,482,10176350924699,10176557763471,206838,0,1,203348,206729,0,,,,487,220,-2,0,0,0,0,0,0
489,scan,488,0,10176651097117,,10176651225570,10176652660492,730.111,-1.0594,1.1945,3.1040,3,0.9116,911,0,1000,220,-5,1,483,10176400942862,10176608409299,207466,0,1,203348,206792,0,,,,488,220,-5,0,0,0,0,0,0
490,scan,489,0,10176701161243,,10176701304695,10176702688678,730.161,-1.0668,1.1948,3.1039,3,0.9024,902,0,1000,220,-1,1,484,10176450867345,10176658070945,207203,0,1,203348,206794,0,,,,489,220,-1,0,0,0,0,0,0
491,scan,490,0,10176750517244,,10176750641429,10176752683109,730.211,-1.0818,1.1954,3.1036,3,0.8755,875,0,1000,220,-3,1,485,10176500931713,10176708249054,207317,0,1,203348,206792,0,,,,490,220,-3,0,0,0,0,0,0
492,scan,491,0,10176800593691,,10176800717875,10176802717051,730.261,-1.0893,1.1957,3.1036,3,0.8576,857,0,1000,220,3,1,486,10176551624836,10176759376652,207751,0,1,203348,206815,0,,,,491,220,3,0,0,0,0,0,0
493,scan,492,0,10176850485032,,10176850630582,10176852710351,730.311,-1.1042,1.1962,3.1036,3,0.8540,854,0,1000,220,0,1,487,10176601555582,10176808389998,206834,0,1,203348,206800,0,,,,492,220,0,0,0,0,0,0,0
494,scan,493,0,10176900507929,,10176900643938,10176902716224,730.361,-1.1117,1.1965,3.1037,3,0.8436,843,0,1000,0,999,1,488,10176651139761,10176857803057,206663,0,1,203348,206854,0,,,,493,0,999,0,0,0,0,0,0
495,scan,494,0,10176950749043,,10176950877169,10176952862223,730.411,-1.1255,1.1970,3.1026,3,0.8464,846,0,1000,0,999,1,489,10176701207070,10176908699068,207491,0,1,203348,206851,0,,,,494,0,999,0,0,0,0,0,0
496,scan,495,0,10177001738535,,10177001942567,10177004158265,730.461,-1.1307,1.1972,3.0969,3,0.8322,832,0,1000,0,999,1,490,10176750561403,10176957971233,207409,0,1,203348,206925,0,,,,495,0,999,0,0,0,0,0,0
497,scan,496,0,10177051892327,,10177052060106,10177053785071,730.511,-1.1377,1.1976,3.0777,3,0.8259,825,0,1000,0,999,1,491,10176800639270,10177008647034,208007,0,1,203348,206942,0,,,,496,0,999,0,0,0,0,0,0
498,scan,497,0,10177102656303,,10177102879256,10177104748005,730.561,-1.1402,1.1978,3.0737,3,0.8212,821,0,1000,0,999,1,492,10176850528625,10177058224668,207696,0,1,203348,206969,0,,,,497,0,999,0,0,0,0,0,0
499,scan,498,0,10177152128286,,10177152268035,10177154632503,730.611,-1.1421,1.1979,3.0807,3,0.8207,820,0,1000,0,999,1,493,10176900554236,10177108072015,207517,0,1,203348,206979,0,,,,498,0,999,0,0,0,0,0,0
500,scan,499,0,10177201717533,,10177201894489,10177203793494,730.661,-1.1442,1.1980,3.1297,3,0.8199,819,0,1000,0,999,1,494,10176950790911,10177157950572,207159,0,1,203348,206986,0,,,,499,0,999,0,0,0,0,0,0
501,scan,500,0,10177251936777,,10177252099608,10177253849158,730.711,-1.1443,1.1980,-3.1188,3,0.8223,822,0,1000,0,999,1,495,10177001810987,10177209347206,207536,0,1,203348,206995,0,,,,500,0,999,0,0,0,0,0,0
502,scan,501,0,10177301692881,,10177301827292,10177303845736,730.761,-1.1442,1.1980,-3.0459,3,0.8235,823,0,1000,0,999,1,496,10177051934259,10177259768552,207834,0,1,203348,207008,0,,,,501,0,999,0,0,0,0,0,0
503,scan,502,0,10177352185356,,10177352351439,10177354739103,730.811,-1.1441,1.1980,-3.0120,3,0.8175,817,0,1000,0,999,1,497,10177102748568,10177309960469,207211,0,1,203348,207011,0,,,,502,0,999,0,0,0,0,0,0
504,scan,503,0,10177402116477,,10177402252239,10177403789099,730.861,-1.1440,1.1981,-2.9478,3,0.8189,818,0,1000,0,999,1,498,10177152175922,10177359731290,207555,0,1,203348,207020,0,,,,503,0,999,0,0,0,0,0,0
505,scan,504,0,10177451964241,,10177452137038,10177453878996,730.911,-1.1439,1.1981,-2.9143,3,0.8106,810,0,1000,0,999,1,499,10177201776550,10177409528234,207751,0,1,203348,207029,0,,,,504,0,999,0,0,0,0,0,0
506,scan,505,0,10177501973595,,10177502120764,10177503814456,730.961,-1.1438,1.1981,-2.8442,3,0.8247,824,0,1000,0,999,1,500,10177251985582,10177459894206,207908,0,1,203348,207026,0,,,,505,0,999,0,0,0,0,0,0
507,scan,506,0,10177552279395,,10177552433965,10177554853479,731.011,-1.1438,1.1981,-2.8097,3,0.8143,814,0,1000,0,999,1,501,10177301741902,10177506211881,204469,0,1,203348,207019,0,,,,506,0,999,0,0,0,0,0,0
508,scan,507,0,10177602386027,,10177602518043,10177604991822,731.061,-1.1437,1.1982,-2.7431,3,0.8213,821,0,1000,0,999,1,502,10177352240668,10177559555375,207314,0,1,203348,207002,0,,,,507,0,999,0,0,0,0,0,0
509,scan,508,0,10177652910006,,10177653066083,10177655704517,731.111,-1.1436,1.1982,-2.7097,3,0.8189,818,0,1000,0,999,1,503,10177402166328,10177606824743,204658,0,1,203348,207007,0,,,,508,0,999,0,0,0,0,0,0
510,scan,509,0,10177702617844,,10177702759234,10177704847270,731.161,-1.1435,1.1983,-2.6412,3,0.8283,828,0,1000,0,999,1,504,10177452045251,10177659805614,207760,0,1,203348,207014,0,,,,509,0,999,0,0,0,0,0,0
511,scan,510,0,10177752473145,,10177752606310,10177754797776,731.211,-1.1435,1.1983,-2.6068,3,0.8239,823,0,1000,0,999,1,505,10177502024673,10177706705131,204680,0,1,203348,206968,0,,,,510,0,999,0,0,0,0,0,0
512,scan,511,0,10177802226540,,10177802347996,10177803763172,731.261,-1.1434,1.1984,-2.5393,3,0.8189,818,0,1000,0,999,1,506,10177552329445,10177759695749,207366,0,1,203348,206970,0,,,,511,0,999,0,0,0,0,0,0
513,scan,512,0,10177852394463,,10177852527386,10177854676012,731.311,-1.1433,1.1984,-2.5057,3,0.8058,805,0,1000,0,999,1,507,10177602430234,10177806707710,204277,0,1,203348,206894,0,,,,512,0,999,0,0,0,0,0,0
514,scan,513,0,10177902604800,,10177902726648,10177904797780,731.361,-1.1433,1.1985,-2.4377,3,0.8232,823,0,1000,0,999,1,508,10177652975418,10177857497446,204522,0,1,203348,206870,0,,,,513,0,999,0,0,0,0,0,0
515,scan,514,0,10177952495216,,10177952617709,10177954664025,731.411,-1.1432,1.1985,-2.4035,3,0.8151,815,0,1000,0,999,1,509,10177702665095,10177906974217,204309,0,1,203348,206794,0,,,,514,0,999,0,0,0,0,0,0
516,scan,515,0,10178002606148,,10178002727615,10178004679340,731.461,-1.1432,1.1986,-2.3695,3,0.8153,815,0,1000,0,999,1,510,10177752519945,10177960059732,207539,0,1,203348,206800,0,,,,515,0,999,0,0,0,0,0,0
517,scan,516,0,10178052381698,,10178052516051,10178054703690,731.511,-1.1431,1.1987,-2.3018,3,0.8070,807,0,1000,0,999,1,511,10177802265860,10178007014426,204748,0,1,203348,206748,0,,,,516,0,999,0,0,0,0,0,0
518,scan,517,0,10178102543915,,10178102673342,10178104815376,731.561,-1.1431,1.1987,-2.2680,3,0.8229,822,0,1000,0,999,1,512,10177852438386,10178060202743,207764,0,1,203348,206756,0,,,,517,0,999,0,0,0,0,0,0
519,scan,518,0,10178152908048,,10178153051801,10178154746917,731.611,-1.1430,1.1988,-2.2000,3,0.8191,819,0,1000,0,999,1,513,10177902642672,10178107083495,204440,0,1,203348,206709,0,,,,518,0,999,0,0,0,0,0,0
520,scan,519,0,10178202792240,,10178202944602,10178204766042,731.661,-1.1430,1.1989,-2.1660,3,0.7905,790,0,1000,0,999,1,514,10177952537919,10178159845037,207307,0,1,203348,206739,0,,,,519,0,999,0,0,0,0,0,0
521,scan,520,0,10178252647610,,10178252776892,10178254794056,731.711,-1.1429,1.1990,-2.0982,3,0.7636,763,0,1000,0,999,1,515,10178002651298,10178207339552,204688,0,1,203348,206710,0,,,,520,0,999,0,0,0,0,0,0
522,scan,521,0,10178302624277,,10178302737725,10178304682585,731.761,-1.1429,1.1990,-2.0644,3,0.7511,751,0,940,0,999,1,516,10178052426585,10178259224499,206797,0,1,203348,206704,0,,,,521,0,999,0,0,0,0,0,0
523,scan,522,0,10178352889728,,10178353019885,10178354655744,731.811,-1.1429,1.1991,-1.9965,3,0.7468,746,0,804,0,999,1,517,10178102588097,10178309957244,207369,0,1,203348,206718,0,,,,522,0,999,0,0,0,0,0,0
524,scan,523,0,10178403444013,,10178403645767,10178405800341,731.861,-1.1428,1.1992,-1.9625,3,0.7249,724,220,736,0,999,1,518,10178152953420,10178359943467,206990,0,1,203348,206708,0,,,,523,0,999,0,0,0,0,0,0
525,scan,524,0,10178453110413,,10178453236746,10178454666039,731.911,-1.1428,1.1993,-1.8946,3,0.7424,742,220,600,0,999,1,519,10178202837079,10178409847614,207010,0,1,203348,206691,0,,,,524,0,999,0,0,0,0,0,0
526,scan,525,0,10178503233835,,10178503362211,10178505601648,731.961,-1.1428,1.1994,-1.8607,3,0.7529,752,220,532,0,994,1,520,10178252693544,10178460747492,208053,0,1,203348,206701,0,,,,525,0,994,0,0,0,0,0,0
527,scan,526,0,10178553442899,,10178553627666,10178555812017,732.011,-1.1428,1.1995,-1.7929,3,0.7348,734,220,397,0,946,1,521,10178302665471,10178508729884,206064,0,1,203348,206732,0,,,,526,0,946,0,0,0,0,0,0
528,scan,527,0,10178603048496,,10178603174710,10178604664947,732.061,-1.1428,1.1995,-1.7591,3,0.7357,735,220,329,24,803,1,522,10178352939648,10178559953022,207013,0,1,203348,206736,0,,,,527,24,803,0,0,0,0,0,0
529,scan,528,0,10178653069641,,10178653192999,10178654712520,732.111,-1.1429,1.1987,-1.6945,3,0.7534,753,220,200,220,731,1,523,10178403487300,10178610001272,206513,0,1,203348,206712,0,,,,528,220,731,0,0,0,0,0,0
530,scan,529,0,10178703116416,,10178703239414,10178705641566,732.161,-1.1430,1.1979,-1.6673,3,0.7277,727,220,145,220,584,1,524,10178453151757,10178657473082,204321,0,1,203348,206640,0,,,,529,220,584,0,0,0,0,0,0
531,scan,530,0,10178753413973,,10178753536902,10178755628065,732.211,-1.1433,1.1927,-1.6185,3,0.7410,740,220,48,220,516,1,525,10178503277299,10178711708133,208430,0,1,203348,206668,0,,,,530,220,516,0,0,0,0,0,0
532,scan,531,0,10178803929187,,10178804076922,10178805702459,732.261,-1.1435,1.1883,-1.5912,3,0.7398,739,220,-7,220,382,1,526,10178553515740,10178758022047,204506,0,1,203348,206587,0,,,,531,220,382,0,0,0,0,0,0
533,scan,532,0,10178853753898,,10178853877629,10178855822372,732.311,-1.1435,1.1828,-1.5615,3,0.7305,730,220,-66,220,316,1,527,10178603093525,10178809731283,206637,0,1,203348,206582,0,,,,532,220,316,0,0,0,0,0,0
534,scan,533,0,10178903356501,,10178903476945,10178905674954,732.361,-1.1430,1.1693,-1.5074,3,0.7265,726,220,-175,220,191,1,528,10178653111695,10178857991495,204879,0,1,203348,206537,0,,,,533,220,191,0,0,0,0,0,0
535,scan,534,0,10178953407013,,10178953586317,10178955718437,732.411,-1.1425,1.1618,-1.4930,3,0.6981,698,220,-204,220,139,1,529,10178703157706,10178909999596,206841,0,1,203348,206521,0,,,,534,220,139,0,0,0,0,0,0
536,scan,535,0,10179003651482,,10179003781550,10179005696549,732.461,-1.1413,1.1469,-1.4950,3,0.7057,705,220,-202,220,45,1,530,10178753451982,10178960553097,207101,0,1,203348,206513,0,,,,535,220,45,0,0,0,0,0,0
537,scan,536,0,10179053684701,,10179053811087,10179055777895,732.511,-1.1408,1.1395,-1.4978,3,0.6863,686,220,-197,220,-6,1,531,10178803971714,10179011906577,207934,0,1,203348,206512,0,,,,536,220,-6,0,0,0,0,0,0
538,scan,537,0,10179103634167,,10179103749335,10179105700568,732.561,-1.1396,1.1246,-1.4872,3,0.6742,674,220,-219,220,-61,1,532,10178853797793,10179060821393,207023,0,1,203348,206495,0,,,,537,220,-61,0,0,0,0,0,0
539,scan,538,0,10179153897535,,10179154024156,10179155684056,732.611,-1.1390,1.1171,-1.4831,3,0.6635,663,220,-228,220,-167,1,533,10178903397400,10179110616266,207218,0,1,203348,206487,0,,,,538,220,-167,0,0,0,0,0,0
540,scan,539,0,10179203640907,,10179203763824,10179205897172,732.661,-1.1377,1.1022,-1.4920,3,0.6597,659,220,-212,220,-193,1,534,10178953448082,10179160609346,207161,0,1,203348,206487,0,,,,539,220,-193,0,0,0,0,0,0
541,scan,540,0,10179253896569,,10179254025047,10179255690401,732.711,-1.1372,1.0947,-1.5019,3,0.6322,632,220,-193,220,-191,1,535,10179003695141,10179210226265,206531,0,1,203348,206462,0,,,,540,220,-191,0,0,0,0,0,0
542,scan,541,0,10179303711429,,10179303825262,10179305712278,732.761,-1.1363,1.0798,-1.5171,3,0.6324,632,220,-163,220,-186,1,536,10179053729171,10179259609009,205879,0,1,203348,206413,0,,,,541,220,-186,0,0,0,0,0,0
543,scan,542,0,10179353694422,,10179353814605,10179355762522,732.811,-1.1359,1.0723,-1.5215,3,0.6149,614,220,-155,220,-208,1,537,10179103672494,10179309996238,206323,0,1,203348,206391,0,,,,542,220,-208,0,0,0,0,0,0
544,scan,543,0,10179404165322,,10179404365609,10179406689269,732.861,-1.1352,1.0573,-1.5321,3,0.6207,620,220,-135,220,-216,1,538,10179153942270,10179360853690,206911,0,1,203348,206375,0,,,,543,220,-216,0,0,0,0,0,0
545,scan,544,0,10179453937063,,10179454088968,10179455683759,732.911,-1.1349,1.0498,-1.5401,3,0.6067,606,220,-119,220,-200,1,539,10179203682350,10179411446367,207764,0,1,203348,206375,0,,,,544,220,-200,0,0,0,0,0,0
546,scan,545,0,10179503919410,,10179504073603,10179505891934,732.961,-1.1346,1.0348,-1.5571,3,0.5882,588,220,-86,220,-183,1,540,10179253937762,10179460702460,206764,0,1,203348,206347,0,,,,545,220,-183,0,0,0,0,0,0
547,scan,546,0,10179554055227,,10179554188840,10179556576724,733.011,-1.1345,1.0274,-1.5637,3,0.5810,580,220,-73,220,-156,1,541,10179303753183,10179508292433,204539,0,1,203348,206349,0,,,,546,220,-156,0,0,0,0,0,0
548,scan,547,0,10179603864782,,10179603981563,10179606655040,733.061,-1.1345,1.0124,-1.5743,3,0.5693,569,220,-52,220,-148,1,542,10179353734553,10179560783546,207048,0,1,203348,206342,0,,,,547,220,-148,0,0,0,0,0,0
549,scan,548,0,10179653860343,,10179653990082,10179655852265,733.111,-1.1346,1.0049,-1.5793,3,0.5754,575,220,-42,220,-128,1,543,10179404233147,10179608352496,204119,0,1,203348,206328,0,,,,548,220,-128,0,0,0,0,0,0
550,scan,549,0,10179703897532,,10179704057586,10179705830256,733.161,-1.1346,0.9974,-1.5844,3,0.5596,559,220,-32,220,-113,1,544,10179453982432,10179658369512,204387,0,1,203348,206244,0,,,,549,220,-113,0,0,0,0,0,0
551,scan,550,0,10179753941771,,10179754089040,10179755786827,733.211,-1.1349,0.9824,-1.5939,3,0.5431,543,220,-13,220,-81,1,545,10179503958756,10179711358280,207399,0,1,203348,206312,0,,,,550,220,-81,0,0,0,0,0,0
552,scan,551,0,10179803864825,,10179803985737,10179805727937,733.261,-1.1351,0.9749,-1.5978,3,0.5348,534,220,-6,220,-68,1,546,10179554105792,10179758625659,204519,0,1,203348,206241,0,,,,551,220,-68,0,0,0,0,0,0
553,scan,552,0,10179853688946,,10179853818217,10179855677842,733.311,-1.1356,0.9600,-1.6032,3,0.5176,517,220,5,220,-49,1,547,10179603900059,10179811292096,207392,0,1,203348,206319,0,,,,552,220,-49,0,0,0,0,0,0
554,scan,553,0,10179904546295,,10179904815303,10179906747771,733.361,-1.1358,0.9525,-1.6049,3,0.5218,521,220,8,220,-40,1,548,10179653903151,10179861161821,207258,0,1,203348,206387,0,,,,553,220,-40,0,0,0,0,0,0
555,scan,554,0,10179954512768,,10179954730860,10179956751282,733.411,-1.1363,0.9376,-1.6079,3,0.5026,502,220,15,220,-31,1,549,10179703942361,10179912613724,208671,0,1,203348,206496,0,,,,554,220,-31,0,0,0,0,0,0
556,scan,555,0,10180004531531,,10180004694839,10180006787643,733.461,-1.1366,0.9301,-1.6094,3,0.5066,506,220,18,220,-12,1,550,10179753988927,10179961185160,207196,0,1,203348,206488,0,,,,555,220,-12,0,0,0,0,0,0
557,scan,556,0,10180054657505,,10180054787640,10180056821641,733.511,-1.1372,0.9151,-1.6114,3,0.4842,484,220,22,220,-4,1,551,10179803907035,10180011339583,207432,0,1,203348,206555,0,,,,556,220,-4,0,0,0,0,0,0
558,scan,557,0,10180105102220,,10180105302350,10180107725313,733.561,-1.1375,0.9077,-1.6117,3,0.4832,483,220,22,220,6,1,552,10179853731762,10180060943620,207211,0,1,203348,206541,0,,,,557,220,6,0,0,0,0,0,0
559,scan,558,0,10180154796822,,10180154918861,10180156718899,733.611,-1.1381,0.8927,-1.6113,3,0.4656,465,220,22,220,9,1,553,10179904638277,10180111379333,206741,0,1,203348,206598,0,,,,558,220,9,0,0,0,0,0,0
560,scan,559,0,10180204921463,,10180205051384,10180206732508,733.661,-1.1384,0.8853,-1.6110,3,0.4625,462,220,21,220,15,1,554,10179954585498,10180161143587,206558,0,1,203348,206580,0,,,,559,220,15,0,0,0,0,0,0
561,scan,560,0,10180254882955,,10180255000088,10180256736843,733.711,-1.1390,0.8703,-1.6104,3,0.4345,434,220,20,220,17,1,555,10180004585378,10180211322623,206737,0,1,203348,206631,0,,,,560,220,17,0,0,0,0,0,0
562,scan,561,0,10180304797511,,10180304912570,10180306710023,733.761,-1.1393,0.8628,-1.6099,3,0.4536,453,220,19,220,21,1,556,10180054699194,10180261965023,207265,0,1,203348,206643,0,,,,561,220,21,0,0,0,0,0,0
563,scan,562,0,10180354759939,,10180354884192,10180356731921,733.811,-1.1399,0.8479,-1.6085,3,0.4348,434,220,17,220,23,1,557,10180105169209,10180312334599,207165,0,1,203348,206638,0,,,,562,220,23,0,0,0,0,0,0
564,scan,563,0,10180404845041,,10180404978658,10180406834160,733.861,-1.1402,0.8404,-1.6077,3,0.4287,428,220,15,220,21,1,558,10180154837670,10180361398447,206560,0,1,203348,206627,0,,,,563,220,21,0,0,0,0,0,0
565,scan,564,0,10180454943818,,10180455058023,10180456871681,733.911,-1.1407,0.8254,-1.6062,3,0.4151,415,220,12,220,21,1,559,10180204967182,10180412916462,207949,0,1,203348,206650,0,,,,564,220,21,0,0,0,0,0,0
566,scan,565,0,10180504962276,,10180505090182,10180506673784,733.961,-1.1410,0.8180,-1.6055,3,0.4121,412,220,11,220,19,1,560,10180254920987,10180462538250,207617,0,1,203348,206639,0,,,,565,220,19,0,0,0,0,0,0
567,scan,566,0,10180555163389,,10180555277580,10180556732576,734.011,-1.1412,0.8105,-1.6048,3,0.4006,400,220,10,220,19,1,561,10180304840764,10180509432444,204591,0,1,203348,206603,0,,,,566,220,19,0,0,0,0,0,0
568,scan,567,0,10180605204305,,10180605334898,10180607770402,734.061,-1.1417,0.7955,-1.6035,3,0.3939,393,220,7,220,18,1,562,10180354802685,10180562239746,207437,0,1,203348,206613,0,,,,567,220,18,0,1,0,0,0,0
569,scan,568,0,10180655292312,,10180655444072,10180657611733,734.111,-1.1420,0.7881,-1.6029,3,0.3855,385,220,6,220,16,1,563,10180404887829,10180609378321,204490,0,1,203348,206563,0,,,,568,220,16,0,1,0,0,0,0
570,scan,569,0,10180705448587,,10180705571600,10180707666488,734.161,-1.1424,0.7731,-1.6016,3,0.3804,380,220,3,220,12,1,564,10180454979194,10180662228594,207249,0,1,203348,206636,0,,,,569,220,12,0,1,0,0,0,0
571,scan,570,0,10180755920566,,10180756078493,10180757729825,734.211,-1.1427,0.7657,-1.6011,3,0.3766,376,220,2,220,10,1,565,10180505007008,10180716101942,211094,0,1,203348,206702,0,,,,570,220,10,0,1,0,0,0,0
572,scan,571,0,10180805391641,,10180805536401,10180807694587,734.261,-1.1431,0.7507,-1.6003,3,0.3579,357,220,1,220,10,1,566,10180555204028,10180762316664,207112,0,1,203348,206768,0,,,,571,220,10,0,1,0,0,0,0
573,scan,572,0,10180855344422,,10180855498647,10180857623274,734.311,-1.1433,0.7432,-1.6000,3,0.3496,349,220,0,220,7,1,567,10180605258000,10180812255700,206997,0,1,203348,206777,0,,,,572,220,7,0,1,0,0,0,0
574,scan,573,0,10180905612668,,10180905761890,10180907771858,734.361,-1.1438,0.7283,-1.5995,3,0.3392,339,220,-1,220,6,1,568,10180655343638,10180862406968,207063,0,1,203348,206831,0,,,,573,220,6,0,1,0,0,0,0
575,scan,574,0,10180955176250,,10180955294942,10180957646111,734.411,-1.1440,0.7208,-1.5992,3,0.3431,343,220,-2,220,4,1,569,10180705491261,10180912083044,206591,0,1,203348,206825,0,,,,574,220,4,0,1,0,0,0,0
576,scan,575,0,10181005077213,,10181005192838,10181006764673,734.461,-1.1444,0.7059,-1.5988,3,0.3482,348,220,-2,220,3,1,570,10180755964428,10180963212048,207247,0,1,203348,206829,0,,,,575,220,3,0,1,0,0,0,0
577,scan,576,0,10181055251480,,10181055408260,10181057632965,734.511,-1.1446,0.6984,-1.5987,3,0.3232,323,220,-3,220,1,1,571,10180805439401,10181012325455,206886,0,1,203348,206802,0,,,,576,220,1,0,1,0,0,0,0
578,scan,577,0,10181105717170,,10181105899094,10181107756961,734.561,-1.1450,0.6834,-1.5985,3,0.3220,322,220,-3,220,0,1,572,10180855413193,10181061973898,206560,0,1,203348,206791,0,,,,577,220,0,0,1,0,0,0,0
579,scan,578,0,10181155617019,,10181155800921,10181157788025,734.611,-1.1452,0.6759,-1.5985,3,0.3263,326,220,-3,220,-1,1,573,10180905657262,10181112532196,206874,0,1,203348,206782,0,,,,578,220,-1,0,1,0,0,0,0
580,scan,579,0,10181205617955,,10181205774637,10181207700724,734.661,-1.1456,0.6610,-1.5985,3,0.3151,315,220,-3,220,-1,1,574,10180955216501,10181162319833,207103,0,1,203348,206781,0,,,,579,220,-1,0,1,0,0,0,0
581,scan,580,0,10181255487281,,10181255613391,10181257617416,734.711,-1.1458,0.6535,-1.5986,3,0.3191,319,220,-3,220,-2,1,575,10181005114665,10181212353261,207238,0,1,203348,206798,0,,,,580,220,-2,0,1,0,0,0,0
582,scan,581,0,10181305481963,,10181305589499,10181307678102,734.761,-1.1463,0.6386,-1.5987,3,0.3156,315,220,-3,220,-1,1,576,10181055290370,10181262049274,206758,0,1,203348,206820,0,,,,581,220,-1,0,1,0,0,0,0
583,scan,582,0,10181355441994,,10181355599885,10181357718328,734.811,-1.1465,0.6311,-1.5987,3,0.3163,316,220,-3,220,-1,1,577,10181105776540,10181313869845,208093,0,1,203348,206865,0,,,,582,220,-1,0,1,0,0,0,0
584,scan,583,0,10181405661594,,10181405794749,10181407773557,734.861,-1.1467,0.6236,-1.5988,3,0.3055,305,220,-2,220,-2,1,578,10181155671602,10181362804444,207132,0,1,203348,206870,0,,,,583,220,-2,0,1,0,0,0,0
585,scan,584,0,10181455728628,,10181455860422,10181457797559,734.911,-1.1471,0.6086,-1.5989,3,0.3044,304,220,-2,220,-1,1,579,10181205669537,10181413129682,207460,0,1,203348,206863,0,,,,584,220,-1,0,1,0,0,0,0
586,scan,585,0,10181505715499,,10181505857873,10181507772502,734.961,-1.1473,0.6012,-1.5989,3,0.2976,297,220,-2,220,-1,1,580,10181255529369,10181463338623,207809,0,1,203348,206889,0,,,,585,220,-1,0,1,0,0,0,0
587,scan,586,0,10181555697460,,10181555817540,10181558640497,735.011,-1.1477,0.5862,-1.5990,3,0.3036,303,220,-2,220,-2,1,581,10181305517129,10181510117432,204600,0,1,203348,206890,0,,,,586,220,-2,0,1,0,0,0,0
588,scan,587,0,10181606484788,,10181606644450,10181608757542,735.061,-1.1479,0.5787,-1.5991,3,0.3034,303,220,-2,220,-2,1,582,10181355486785,10181563227826,207741,0,1,203348,206908,0,,,,587,220,-2,0,1,0,0,0,0
589,scan,588,0,10181656239080,,10181656362033,10181657650907,735.111,-1.1484,0.5638,-1.5991,3,0.3010,300,220,-2,220,-1,1,583,10181405701516,10181611125353,205423,0,1,203348,206940,0,,,,588,220,-1,0,1,0,0,0,0
590,scan,589,0,10181706597710,,10181706767179,10181708689780,735.161,-1.1486,0.5563,-1.5992,3,0.3134,313,220,-2,220,-2,1,584,10181455773357,10181663306045,207532,0,1,203348,207019,0,,,,589,220,-2,0,1,0,0,0,0
591,scan,590,0,10181756206118,,10181756329212,10181758714697,735.211,-1.1490,0.5414,-1.5994,3,0.3195,319,220,-1,220,-2,1,585,10181505765096,10181712832233,207067,0,1,203348,207010,0,,,,590,220,-2,0,1,0,0,0,0
592,scan,591,0,10181806633922,,10181806783801,10181808815351,735.261,-1.1492,0.5339,-1.5994,3,0.3189,318,220,-1,220,-1,1,586,10181555738717,10181763150125,207411,0,1,203348,207083,0,,,,591,220,-1,0,1,0,0,0,0
593,scan,592,0,10181856610543,,10181856756767,10181858876816,735.311,-1.1496,0.5189,-1.5995,3,1.0677,1067,220,-1,220,-2,1,587,10181606538728,10181814153440,207614,0,1,203348,207088,0,,,,592,220,-2,0,0,0,0,0,0
594,scan,593,0,10181906476635,,10181906599408,10181908692317,735.361,-1.1499,0.5114,-1.5996,3,1.0561,1056,220,-1,220,-2,1,588,10181656280255,10181862827849,206547,0,1,203348,207071,0,,,,593,220,-2,0,0,0,0,0,0
595,scan,594,0,10181956462703,,10181956582966,10181958631260,735.411,-1.1503,0.4965,-1.5996,3,1.0394,1039,220,-1,220,-1,1,589,10181706654734,10181914093486,207438,0,1,203348,207040,0,,,,594,220,-1,0,0,0,0,0,0
596,scan,595,0,10182006301939,,10182006420786,10182008820106,735.461,-1.1505,0.4890,-1.5997,3,1.0562,1056,220,-1,220,-2,1,590,10181756246601,10181963987265,207740,0,1,203348,207053,0,,,,595,220,-2,0,0,0,0,0,0
597,scan,596,0,10182056271576,,10182056402990,10182058615661,735.511,-1.1509,0.4741,-1.5999,3,1.0655,1065,220,0,220,-2,1,591,10181806677039,10182014048193,207371,0,1,203348,207052,0,,,,596,220,-2,0,0,0,0,0,0
598,scan,597,0,10182106370211,,10182106488700,10182108610851,735.561,-1.1512,0.4666,-1.5999,3,1.0570,1057,220,0,220,1,1,592,10181856659465,10182064886324,208226,0,1,203348,207077,0,,,,597,220,1,0,0,0,0,0,0
599,scan,598,0,10182157062863,,10182157260910,10182158810777,735.611,-1.1516,0.4516,-1.6000,3,1.0647,1064,220,0,220,0,1,593,10181906519985,10182113657676,207137,0,1,203348,207087,0,,,,598,220,0,0,0,0,0,0,0
600,scan,599,0,10182206488719,,10182206612531,10182208634254,735.661,-1.1518,0.4442,-1.6000,3,1.0492,1049,220,0,220,0,1,594,10181956502021,10182164231127,207729,0,1,203348,207116,0,,,,599,220,0,0,0,0,0,0,0
601,scan,600,0,10182256819140,,10182256949197,10182258769077,735.711,-1.1520,0.4367,-1.5999,3,1.0570,1056,220,0,220,1,1,595,10182006340508,10182213866649,207526,0,1,203348,207136,0,,,,600,220,1,0,0,0,0,0,0
602,scan,601,0,10182306693090,,10182306819398,10182308689721,735.761,-1.1525,0.4217,-1.5999,3,1.0619,1061,220,0,220,0,1,596,10182056309190,10182263401381,207092,0,1,203348,207132,0,,,,601,220,0,0,0,0,0,0,0
603,scan,602,0,10182357630149,,10182357777718,10182359835741,735.811,-1.1527,0.4142,-1.5999,3,1.0351,1035,220,0,220,0,1,597,10182106410162,10182312289022,205878,0,1,203348,207100,0,,,,602,220,0,0,0,0,0,0,0
604,scan,603,0,10182407503181,,10182407636652,10182409771499,735.861,-1.1531,0.3993,-1.5999,3,1.0569,1056,220,0,220,1,1,598,10182157126247,10182362699080,205572,0,1,203348,207075,0,,,,603,220,1,0,0,0,0,0,0
605,scan,604,0,10182458088259,,10182458229192,10182460656678,735.911,-1.1533,0.3918,-1.5999,3,1.0637,1063,220,0,220,0,1,599,10182206530575,10182413420447,206889,0,1,203348,207048,0,,,,604,220,0,0,0,0,0,0,0
606,scan,605,0,10182507375564,,10182507495552,10182509720007,735.961,-1.1538,0.3769,-1.5998,3,1.0593,1059,220,-1,220,0,1,600,10182256864696,10182464177416,207312,0,1,203348,207041,0,,,,605,220,0,0,0,0,0,0,0
607,scan,606,0,10182557359501,,10182557485840,10182559631076,736.011,-1.1540,0.3694,-1.5998,3,1.0636,1063,220,-1,220,0,1,601,10182306739893,10182511402338,204662,0,1,203348,207042,0,,,,606,220,0,0,0,0,0,0,0
608,scan,607,0,10182607233602,,10182607361655,10182609625768,736.061,-1.1544,0.3544,-1.5999,3,1.0525,1052,220,-1,220,1,1,602,10182357680624,10182566621255,208940,0,1,203348,207080,0,,,,607,220,1,0,0,0,0,0,0
609,scan,608,0,10182657538337,,10182657661771,10182659728108,736.111,-1.1546,0.3470,-1.5999,3,1.0523,1052,220,0,220,0,1,603,10182407548651,10182615176623,207627,0,1,203348,207158,0,,,,608,220,0,0,0,0,0,0,0
610,scan,609,0,10182707349177,,10182707479239,10182709751655,736.161,-1.1551,0.3320,-1.5998,3,1.0437,1043,220,-1,220,0,1,604,10182458136899,10182662838569,204701,0,1,203348,207095,0,,,,609,220,0,0,0,0,0,0,0
611,scan,610,0,10182757428738,,10182757564566,10182759585654,736.211,-1.1553,0.3245,-1.5998,3,1.0454,1045,220,-1,220,1,1,605,10182507415286,10182713951730,206536,0,1,203348,206981,0,,,,610,220,1,0,0,0,0,0,0
612,scan,611,0,10182807581963,,10182807703102,10182809838365,736.261,-1.1557,0.3096,-1.5998,3,1.0590,1058,220,-1,220,0,1,606,10182557402702,10182762114417,204711,0,1,203348,206921,0,,,,611,220,0,0,0,0,0,0,0
613,scan,612,0,10182857520218,,10182857646649,10182859805778,736.311,-1.1559,0.3021,-1.5998,3,1.0508,1050,220,-1,220,0,1,607,10182607275569,10182814144379,206868,0,1,203348,206918,0,,,,612,220,0,0,0,0,0,0,0
614,scan,613,0,10182907642837,,10182907773241,10182909766184,736.361,-1.1564,0.2871,-1.5997,3,1.0619,1061,220,-1,220,1,1,608,10182657580283,10182862040469,204460,0,1,203348,206853,0,,,,613,220,1,0,0,0,0,0,0
615,scan,614,0,10182957689468,,10182957821063,10182959705621,736.411,-1.1566,0.2797,-1.5997,3,1.0540,1054,220,-1,220,0,1,609,10182707392116,10182913704485,206312,0,1,203348,206846,0,,,,614,220,0,0,0,0,0,0,0
616,scan,615,0,10183007551885,,10183007680577,10183009698188,736.461,-1.1570,0.2647,-1.5997,3,1.0551,1055,220,-1,220,0,1,610,10182757472394,10182964869720,207397,0,1,203348,206849,0,,,,615,220,0,0,0,0,0,0,0
617,scan,616,0,10183057632844,,10183057792210,10183059744699,736.511,-1.1572,0.2572,-1.5997,3,1.0595,1059,220,-1,220,1,1,611,10182807622143,10183014055202,206433,0,1,203348,206838,0,,,,616,220,1,0,0,0,0,0,0
618,scan,617,0,10183107586225,,10183107714215,10183109977252,736.561,-1.1574,0.2498,-1.5997,3,1.0652,1065,220,-1,220,0,1,612,10182857563507,10183065286756,207723,0,1,203348,206867,0,,,,617,220,0,0,0,0,0,0,0
619,scan,618,0,10183157750364,,10183157878938,10183159683132,736.611,-1.1579,0.2348,-1.5997,3,1.0438,1043,220,-1,220,0,1,613,10182907686479,10183112127805,204441,0,1,203348,206806,0,,,,618,220,0,0,0,0,0,0,0
620,scan,619,0,10183207633373,,10183207763252,10183209745629,736.661,-1.1581,0.2273,-1.5996,3,1.0505,1050,220,-1,220,1,1,614,10182957730612,10183165172718,207442,0,1,203348,206815,0,,,,619,220,1,0,0,0,0,0,0
621,scan,620,0,10183257574264,,10183257698201,10183259758624,736.711,-1.1585,0.2124,-1.5996,3,1.0596,1059,220,-1,220,0,1,615,10183007588160,10183213193231,205605,0,1,203348,206774,0,,,,620,220,0,0,0,0,0,0,0
622,scan,621,0,10183307731882,,10183307848283,10183309770470,736.761,-1.1587,0.2049,-1.5996,3,1.0590,1059,220,-1,220,0,1,616,10183057686265,10183265194563,207508,0,1,203348,206793,0,,,,621,220,0,0,0,0,0,0,0
623,scan,622,0,10183358234247,,10183358430640,10183360629983,736.811,-1.1592,0.1899,-1.5996,3,1.0641,1064,220,-1,220,0,1,617,10183107631014,10183312895762,205264,0,1,203348,206722,0,,,,622,220,0,0,0,0,0,0,0
624,scan,623,0,10183408269937,,10183408415015,10183410636837,736.861,-1.1594,0.1825,-1.5996,3,1.0470,1046,220,-1,220,0,1,618,10183157795384,10183365598048,207802,0,1,203348,206739,0,,,,623,220,0,0,0,0,0,0,0
625,scan,624,0,10183458232061,,10183458360298,10183460630089,736.911,-1.1598,0.1675,-1.5996,3,1.0510,1051,220,-1,220,0,1,619,10183207677143,10183414939771,207262,0,1,203348,206734,0,,,,624,220,0,0,0,0,0,0,0
626,scan,625,0,10183508414178,,10183508546133,10183510773843,736.961,-1.1600,0.1600,-1.5996,3,1.0428,1042,220,-1,220,1,1,620,10183257616710,10183464974616,207357,0,1,203348,206722,0,,,,625,220,1,0,0,0,0,0,0
627,scan,626,0,10183558132612,,10183558252721,10183559660257,737.011,-1.1605,0.1451,-1.5996,3,1.0379,1037,220,-1,220,1,1,621,10183307776512,10183513020374,205243,0,1,203348,206738,0,,,,626,220,1,0,0,0,0,0,0
628,scan,627,0,10183608334380,,10183608468882,10183611696926,737.061,-1.1607,0.1376,-1.5995,3,1.0392,1039,220,-1,220,0,1,622,10183358301976,10183565790821,207488,0,1,203348,206732,0,,,,627,220,0,0,0,0,0,0,0
629,scan,628,0,10183658228590,,10183658351557,10183660703500,737.111,-1.1611,0.1226,-1.5994,3,1.0454,1045,220,-1,220,0,1,623,10183408330810,10183615773214,207442,0,1,203348,206783,0,,,,628,220,0,0,0,0,0,0,0
630,scan,629,0,10183708191119,,10183708314178,10183709783648,737.161,-1.1613,0.1152,-1.5994,3,1.0307,1030,220,-2,220,1,1,624,10183458275190,10183665890510,207615,0,1,203348,206785,0,,,,629,220,1,0,0,0,0,0,0
631,scan,630,0,10183758134831,,10183758260166,10183759713184,737.211,-1.1618,0.1002,-1.5995,3,1.0301,1030,220,-1,220,0,1,625,10183508459771,10183715546012,207086,0,1,203348,206785,0,,,,630,220,0,0,0,0,0,0,0
632,scan,631,0,10183808385800,,10183808515403,10183810605863,737.261,-1.1620,0.0927,-1.5995,3,1.0048,1004,220,-1,220,0,1,626,10183558172511,10183765568890,207396,0,1,203348,206785,0,,,,631,220,0,0,0,0,0,0,0
633,scan,632,0,10183858673815,,10183858803130,10183860699549,737.311,-1.1624,0.0778,-1.5994,3,1.0035,1003,220,-2,220,1,1,627,10183608381538,10183816067110,207685,0,1,203348,206787,0,,,,632,220,1,0,0,0,0,0,0
634,scan,633,0,10183908738350,,10183908866176,10183910776792,737.361,-1.1626,0.0703,-1.5994,3,1.0032,1003,220,-2,220,-2,1,628,10183658270681,10183866060273,207789,0,1,203348,206818,0,,,,633,220,-2,0,0,0,0,0,0
635,scan,634,0,10183958814742,,10183958946883,10183960852417,737.411,-1.1628,0.0628,-1.5994,3,0.9795,979,220,-2,220,-2,1,629,10183708233161,10183915916082,207682,0,1,203348,206824,0,,,,634,220,-2,0,0,0,0,0,0
636,scan,635,0,10184008557480,,10184008670624,10184010759781,737.461,-1.1633,0.0479,-1.5995,3,0.9939,993,220,-2,220,-1,1,630,10183758178006,10183965665086,207487,0,1,203348,206817,0,,,,635,220,-1,0,0,0,0,0,0
637,scan,636,0,10184058700263,,10184058832881,10184060702908,737.511,-1.1635,0.0404,-1.5996,3,0.9720,972,220,-1,220,-2,1,631,10183808430721,10184016095478,207664,0,1,203348,206825,0,,,,636,220,-2,0,0,0,0,0,0
638,scan,637,0,10184108619577,,10184108767528,10184110658343,737.561,-1.1639,0.0254,-1.5997,3,0.9668,966,220,-1,220,-2,1,632,10183858712700,10184065801810,207089,0,1,203348,206796,0,,,,637,220,-2,0,0,0,0,0,0
639,scan,638,0,10184158700129,,10184158831000,10184160768994,737.611,-1.1641,0.0180,-1.5997,3,0.9647,964,220,-1,220,-1,1,633,10183908781497,10184116046315,207264,0,1,203348,206799,0,,,,638,220,-1,0,0,0,0,0,0
640,scan,639,0,10184208871661,,10184208994986,10184210730297,737.661,-1.1645,0.0030,-1.5999,3,0.9617,961,220,-1,220,-1,1,634,10183958859235,10184165882614,207023,0,1,203348,206782,0,,,,639,220,-1,0,0,0,0,0,0
641,scan,640,0,10184258954881,,10184259080247,10184260762575,737.711,-1.1648,-0.0045,-1.5999,3,0.9482,948,220,-1,220,-2,1,635,10184008598689,10184215757382,207158,0,1,203348,206773,0,,,,640,220,-2,0,0,0,0,0,0
642,scan,641,0,10184308731412,,10184308857293,10184310817595,737.761,-1.1652,-0.0194,-1.6000,3,0.9377,937,220,-1,220,0,1,636,10184058748180,10184265915174,207166,0,1,203348,206774,0,,,,641,220,0,0,0,0,0,0,0
643,scan,642,0,10184358713983,,10184358838911,10184360742224,737.811,-1.1654,-0.0269,-1.6000,3,0.9492,949,220,-1,220,0,1,637,10184108664868,10184312942373,204277,0,1,203348,206734,0,,,,642,220,0,0,0,0,0,0,0
644,scan,643,0,10184408809635,,10184408936566,10184410685619,737.861,-1.1659,-0.0418,-1.6001,3,0.9190,918,220,0,220,0,1,638,10184158743327,10184365858695,207115,0,1,203348,206773,0,,,,643,220,0,0,0,0,0,0,0
645,scan,644,0,10184458738681,,10184458881533,10184460751794,737.911,-1.1661,-0.0493,-1.6001,3,0.9198,919,220,0,220,1,1,639,10184208914019,10184413494007,204579,0,1,203348,206715,0,,,,644,220,1,0,0,0,0,0,0
646,scan,645,0,10184508971386,,10184509092497,10184510688390,737.961,-1.1665,-0.0643,-1.6000,3,0.9217,921,220,-1,220,1,1,640,10184258998965,10184465462392,206463,0,1,203348,206694,0,,,,645,220,1,0,0,0,0,0,0
647,scan,646,0,10184559164630,,10184559301394,10184561617053,738.011,-1.1667,-0.0718,-1.6000,3,0.9016,901,220,-1,220,0,1,641,10184308776926,10184513985439,205208,0,1,203348,206708,0,,,,646,220,0,0,0,0,0,0,0
648,scan,647,0,10184609037551,,10184609175282,10184610710971,738.061,-1.1672,-0.0867,-1.5999,3,0.8918,891,220,-1,220,0,1,642,10184358756966,10184565983002,207226,0,1,203348,206665,0,,,,647,220,0,0,0,0,0,0,0
649,scan,648,0,10184659408485,,10184659554468,10184661684948,738.111,-1.1674,-0.0942,-1.5999,3,0.8940,893,220,-1,220,1,1,643,10184408853277,10184616403968,207550,0,1,203348,206663,0,,,,648,220,1,0,0,0,0,0,0
650,scan,649,0,10184709627152,,10184709742511,10184711689691,738.161,-1.1678,-0.1091,-1.6000,3,0.9050,905,220,-1,220,0,1,644,10184458789675,10184666104341,207314,0,1,203348,206728,0,,,,649,220,0,0,0,0,0,0,0
651,scan,650,0,10184759227350,,10184759347777,10184760748072,738.211,-1.1680,-0.1166,-1.5999,3,0.8709,870,220,-1,220,1,1,645,10184509012618,10184716557013,207544,0,1,203348,206753,0,,,,650,220,1,0,0,0,0,0,0
652,scan,651,0,10184809290902,,10184809410109,10184811627843,738.261,-1.1683,-0.1241,-1.5999,3,0.8758,875,220,-1,220,1,1,646,10184559211503,10184766135611,206924,0,1,203348,206809,0,,,,651,220,1,0,0,0,0,0,0
653,scan,652,0,10184859423785,,10184859571007,10184861643158,738.311,-1.1687,-0.1390,-1.5998,3,0.8743,874,220,-1,220,0,1,647,10184609077660,10184816284928,207207,0,1,203348,206817,0,,,,652,220,0,0,0,0,0,0,0
654,scan,653,0,10184909536442,,10184909680850,10184911717055,738.361,-1.1689,-0.1465,-1.5998,3,0.8635,863,220,-1,220,0,1,648,10184659460798,10184866986858,207526,0,1,203348,206894,0,,,,653,220,0,0,0,0,0,0,0
655,scan,654,0,10184959382237,,10184959538343,10184961674990,738.411,-1.1693,-0.1615,-1.5998,3,0.8895,889,220,-1,220,1,1,649,10184709663171,10184917070786,207407,0,1,203348,206921,0,,,,654,220,1,0,0,0,0,0,0
656,scan,655,0,10185009292319,,10185009418657,10185010783083,738.461,-1.1696,-0.1689,-1.5998,3,0.8683,868,220,-1,220,0,1,650,10184759269955,10184965805702,206535,0,1,203348,206900,0,,,,655,220,0,0,0,0,0,0,0
657,scan,656,0,10185059405819,,10185059530047,10185061583732,738.511,-1.1700,-0.1839,-1.5998,3,0.8833,883,220,-1,220,0,1,651,10184809332337,10185016832766,207500,0,1,203348,206926,0,,,,656,220,0,0,0,0,0,0,0
658,scan,657,0,10185109381286,,10185109497623,10185111657601,738.561,-1.1702,-0.1914,-1.5997,3,0.8455,845,220,-1,220,1,1,652,10184859474224,10185065689270,206215,0,1,203348,206889,0,,,,657,220,1,0,0,0,0,0,0
659,scan,658,0,10185159458952,,10185159584846,10185161702722,738.611,-1.1706,-0.2063,-1.5997,3,0.8802,880,220,-1,220,1,1,653,10184909585960,10185116770080,207184,0,1,203348,206957,0,,,,658,220,1,0,0,0,0,0,0
660,scan,659,0,10185209676512,,10185209812455,10185211825713,738.661,-1.1709,-0.2138,-1.5997,3,0.8651,865,220,-1,220,0,1,654,10184959443910,10185166135695,206691,0,1,203348,206938,0,,,,659,220,0,0,0,0,0,0,0
661,scan,660,0,10185259575268,,10185259707732,10185261765258,738.711,-1.1713,-0.2288,-1.5996,3,0.8602,860,220,-1,220,1,1,655,10185009334789,10185216627770,207292,0,1,203348,206981,0,,,,660,220,1,0,0,0,0,0,0
662,scan,661,0,10185309504220,,10185309666762,10185311693610,738.761,-1.1715,-0.2362,-1.5996,3,0.8518,851,220,-1,220,0,1,656,10185059447104,10185266220307,206773,0,1,203348,206962,0,,,,661,220,0,0,0,0,0,0,0
663,scan,662,0,10185359526754,,10185359652677,10185361691367,738.811,-1.1719,-0.2512,-1.5996,3,0.8764,876,220,-1,220,0,1,657,10185109419007,10185316882167,207463,0,1,203348,207017,0,,,,662,220,0,0,0,0,0,0,0
664,scan,663,0,10185409692887,,10185409868896,10185411741977,738.861,-1.1722,-0.2587,-1.5996,3,1.0236,1023,220,-1,220,1,1,658,10185159501151,10185365693995,206192,0,1,203348,206977,0,,,,663,220,1,0,0,0,0,0,0
665,scan,664,0,10185459499856,,10185459625990,10185461723186,738.911,-1.1726,-0.2736,-1.5996,3,1.0139,1013,220,-2,220,1,1,659,10185209723381,10185415608541,205885,0,1,203348,206943,0,,,,664,220,1,0,0,0,0,0,0
666,scan,665,0,10185509875496,,10185510007945,10185511667373,738.961,-1.1728,-0.2811,-1.5996,3,1.0256,1025,220,-2,220,0,1,660,10185259619392,10185466165762,206546,0,1,203348,206922,0,,,,665,220,0,0,0,0,0,0,0
667,scan,666,0,10185559505907,,10185559616343,10185561740581,739.011,-1.1732,-0.2961,-1.5995,3,1.0297,1029,220,-2,220,1,1,661,10185309550599,10185516600074,207049,0,1,203348,206967,0,,,,666,220,1,0,0,0,0,0,0
668,scan,667,0,10185609821801,,10185609945443,10185612618656,739.061,-1.1734,-0.3035,-1.5995,3,1.0305,1030,220,-2,220,1,1,662,10185359567690,10185566106043,206538,0,1,203348,206944,0,,,,667,220,1,0,0,0,0,0,0
669,scan,668,0,10185659684002,,10185659813689,10185661836826,739.111,-1.1737,-0.3110,-1.5995,3,1.0353,1035,220,-2,220,0,1,663,10185409752218,10185616103306,206351,0,1,203348,206916,0,,,,668,220,0,0,0,0,0,0,0
670,scan,669,0,10185709801392,,10185709922045,10185711768820,739.161,-1.1741,-0.3260,-1.5995,3,1.0383,1038,220,-2,220,1,1,664,10185459541548,10185666931209,207389,0,1,203348,206911,0,,,,669,220,1,0,0,0,0,0,0
671,scan,670,0,10185759713181,,10185759857653,10185761831708,739.211,-1.1743,-0.3334,-1.5994,3,1.0191,1019,220,-2,220,1,1,665,10185509923320,10185716906930,206983,0,1,203348,206908,0,,,,670,220,1,0,0,0,0,0,0
672,scan,671,0,10185809705437,,10185809839127,10185811692606,739.261,-1.1747,-0.3484,-1.5993,3,1.0375,1037,220,-2,220,-2,1,666,10185559540880,10185767143330,207602,0,1,203348,206913,0,,,,671,220,-2,0,0,0,0,0,0
673,scan,672,0,10185860531976,,10185860674282,10185862885328,739.311,-1.1749,-0.3559,-1.5993,3,1.0337,1033,220,-2,220,-2,1,667,10185609862856,10185816960576,207097,0,1,203348,206899,0,,,,672,220,-2,0,0,0,0,0,0
674,scan,673,0,10185910474268,,10185910613040,10185912730676,739.361,-1.1754,-0.3708,-1.5994,3,1.0404,1040,220,-2,220,-1,1,668,10185659729168,10185866982599,207253,0,1,203348,206885,0,,,,673,220,-1,0,0,0,0,0,0
675,scan,674,0,10185960805685,,10185960948614,10185962830854,739.411,-1.1756,-0.3783,-1.5995,3,1.0200,1019,220,-2,220,-2,1,669,10185709842860,10185917318799,207475,0,1,203348,206880,0,,,,674,220,-2,0,0,0,0,0,0
676,scan,675,0,10186010761311,,10186010904409,10186012865531,739.461,-1.1760,-0.3933,-1.5997,3,1.0202,1020,220,-2,220,-2,1,670,10185759763844,10185966920845,207157,0,1,203348,206872,0,,,,675,220,-2,0,0,0,0,0,0
677,scan,676,0,10186060972033,,10186061114649,10186063625276,739.511,-1.1762,-0.4007,-1.5997,3,1.0414,1041,220,-2,220,-1,1,671,10185809751222,10186016277809,206526,0,1,203348,206843,0,,,,676,220,-1,0,0,0,0,0,0
678,scan,677,0,10186110624965,,10186110758256,10186112846218,739.561,-1.1767,-0.4157,-1.5998,3,1.0123,1012,220,-2,220,-1,1,672,10185860582858,10186067057764,206474,0,1,203348,206828,0,,,,677,220,-1,0,0,0,0,0,0
679,scan,678,0,10186160906389,,10186161051764,10186162748369,739.611,-1.1769,-0.4232,-1.5998,3,1.0245,1024,220,-1,220,-2,1,673,10185910524877,10186117983568,207458,0,1,203348,206833,0,,,,678,220,-2,0,0,0,0,0,0
680,scan,679,0,10186210960073,,10186211100966,10186212759797,739.661,-1.1773,-0.4381,-1.5999,3,1.0257,1025,220,-1,220,-1,1,674,10185960856460,10186168605074,207748,0,1,203348,206851,0,,,,679,220,-1,0,0,0,0,0,0
681,scan,680,0,10186261044612,,10186261238275,10186262818187,739.711,-1.1775,-0.4456,-1.6000,3,1.0208,1020,220,-1,220,0,1,675,10186010810348,10186217819203,207008,0,1,203348,206847,0,,,,680,220,0,0,0,0,0,0,0
682,scan,681,0,10186310999050,,10186311184074,10186312680559,739.761,-1.1780,-0.4605,-1.6001,3,1.0403,1040,220,-1,220,0,1,676,10186061020299,10186268329042,207308,0,1,203348,206851,0,,,,681,220,0,0,0,0,0,0,0
683,scan,682,0,10186361095895,,10186361236560,10186362744265,739.811,-1.1782,-0.4680,-1.6001,3,1.0229,1022,220,-1,220,1,1,677,10186110666945,10186318079123,207412,0,1,203348,206929,0,,,,682,220,1,0,0,0,0,0,0
684,scan,683,0,10186410803376,,10186410990980,10186412755271,739.861,-1.1786,-0.4830,-1.6000,3,1.0305,1030,220,-1,220,1,1,678,10186160953008,10186368443312,207490,0,1,203348,206939,0,,,,683,220,1,0,0,0,0,0,0
685,scan,684,0,10186461198894,,10186461353150,10186463634572,739.911,-1.1788,-0.4905,-1.6000,3,1.0202,1020,220,-1,220,0,1,679,10186211007228,10186418350117,207342,0,1,203348,207008,0,,,,684,220,0,0,0,0,0,0,0
686,scan,685,0,10186511111397,,10186511253047,10186512889359,739.961,-1.1791,-0.4979,-1.5999,3,1.0135,1013,220,-1,220,1,1,680,10186261114945,10186468285841,207170,0,1,203348,207025,0,,,,685,220,1,0,0,0,0,0,0
687,scan,686,0,10186561095761,,10186561231624,10186563696031,740.011,-1.1795,-0.5129,-1.5999,3,1.0315,1031,220,-1,220,0,1,681,10186311059570,10186517496833,206437,0,1,203348,207056,0,,,,686,220,0,0,0,0,0,0,0
688,scan,687,0,10186611364580,,10186611500518,10186613644109,740.061,-1.1797,-0.5204,-1.5999,3,1.0193,1019,220,-1,220,0,1,682,10186361145063,10186567563204,206418,0,1,203348,207036,0,,,,687,220,0,0,0,0,0,0,0
689,scan,688,0,10186661339756,,10186661472110,10186663629344,740.111,-1.1802,-0.5353,-1.5999,3,1.0269,1026,220,-2,220,1,1,683,10186410855198,10186618066370,207211,0,1,203348,207027,0,,,,688,220,1,0,0,0,0,0,0
690,scan,689,0,10186711359541,,10186711494753,10186713699697,740.161,-1.1804,-0.5428,-1.5999,3,1.0140,1014,220,-2,220,1,1,684,10186461248098,10186668802734,207554,0,1,203348,207033,0,,,,689,220,1,0,0,0,0,0,0
691,scan,690,0,10186761454917,,10186761594437,10186763696596,740.211,-1.1808,-0.5577,-1.5999,3,1.0325,1032,220,-2,220,0,1,685,10186511159009,10186715724444,204565,0,1,203348,206959,0,,,,690,220,0,0,0,0,0,0,0
692,scan,691,0,10186812132163,,10186812271807,10186813766081,740.261,-1.1810,-0.5652,-1.5998,3,1.0244,1024,220,-2,220,-1,1,686,10186561142400,10186768777845,207635,0,1,203348,206977,0,,,,691,220,-1,0,0,0,0,0,0
693,scan,692,0,10186861671739,,10186861804309,10186863657153,740.311,-1.1815,-0.5802,-1.5998,3,1.0144,1014,220,-2,220,1,1,687,10186611411954,10186816706244,205294,0,1,203348,206929,0,,,,692,220,1,0,0,0,0,0,0
694,scan,693,0,10186912028521,,10186912172394,10186913736918,740.361,-1.1817,-0.5877,-1.5998,3,1.0177,1017,220,-2,220,0,1,688,10186661385113,10186868678278,207293,0,1,203348,206923,0,,,,693,220,0,0,0,0,0,0,0
695,scan,694,0,10186961564069,,10186961698707,10186963783403,740.411,-1.1821,-0.6026,-1.5999,3,1.0243,1024,220,-2,220,-1,1,689,10186711405868,10186916521810,205115,0,1,203348,206866,0,,,,694,220,-1,0,0,0,0,0,0
696,scan,695,0,10187012092805,,10187012242307,10187014721462,740.461,-1.1823,-0.6101,-1.5999,3,1.0171,1017,220,-2,220,1,1,690,10186761502741,10186968162399,206659,0,1,203348,206869,0,,,,695,220,1,0,0,0,0,0,0
697,scan,696,0,10187061786882,,10187061922108,10187063821361,740.511,-1.1828,-0.6250,-1.5998,3,1.0051,1005,220,-2,220,0,1,691,10186812178417,10187019748211,207569,0,1,203348,206871,0,,,,696,220,0,0,0,0,0,0,0
698,scan,697,0,10187111735376,,10187111953677,10187113775351,740.561,-1.1830,-0.6325,-1.5998,3,1.0310,1031,220,-2,220,-1,1,692,10186861716733,10187068294712,206577,0,1,203348,206880,0,,,,697,220,-1,0,0,0,0,0,0
699,scan,698,0,10187161611892,,10187161744462,10187163764764,740.611,-1.1834,-0.6475,-1.5998,3,0.9974,997,220,-2,220,1,1,693,10186912078503,10187119100051,207021,0,1,203348,206876,0,,,,698,220,1,0,0,0,0,0,0
700,scan,699,0,10187211729454,,10187211868216,10187213768018,740.661,-1.1836,-0.6549,-1.5998,3,0.9995,999,220,-2,220,0,1,694,10186961609516,10187168710136,207100,0,1,203348,206886,0,,,,699,220,0,0,0,0,0,0,0
701,scan,700,0,10187261798357,,10187261926114,10187263743129,740.711,-1.1841,-0.6699,-1.5999,3,1.0108,1010,220,-2,220,-1,1,695,10187012138447,10187219351162,207212,0,1,203348,206884,0,,,,700,220,-1,0,0,0,0,0,0
702,scan,701,0,10187311861565,,10187311995833,10187313667105,740.761,-1.1843,-0.6774,-1.5998,3,1.0191,1019,220,-2,220,1,1,696,10187061828833,10187268963510,207134,0,1,203348,206893,0,,,,701,220,1,0,0,0,0,0,0
703,scan,702,0,10187362206800,,10187362346769,10187364576442,740.811,-1.1845,-0.6849,-1.5998,3,1.0124,1012,220,-2,220,0,1,697,10187111844406,10187319169634,207325,0,1,203348,206889,0,,,,702,220,0,0,0,0,0,0,0
704,scan,703,0,10187412895528,,10187413052343,10187414826721,740.861,-1.1849,-0.6998,-1.5998,3,1.0255,1025,220,-2,220,-1,1,698,10187161654216,10187368433639,206779,0,1,203348,206904,0,,,,703,220,-1,0,0,0,0,0,0
705,scan,704,0,10187463010863,,10187463178766,10187464824536,740.911,-1.1851,-0.7073,-1.5998,3,1.0143,1014,220,-2,220,1,1,699,10187211774822,10187419362672,207587,0,1,203348,206947,0,,,,704,220,1,0,0,0,0,0,0
706,scan,705,0,10187512725194,,10187512876502,10187514967057,740.961,-1.1856,-0.7222,-1.5998,3,1.0114,1011,220,-2,220,0,1,700,10187261836744,10187469198651,207361,0,1,203348,206967,0,,,,705,220,0,0,0,0,0,0,0
707,scan,706,0,10187562803793,,10187562942290,10187564940251,741.011,-1.1858,-0.7297,-1.5998,3,1.0085,1008,220,-2,220,-1,1,701,10187311907794,10187519288176,207380,0,1,203348,206975,0,,,,706,220,-1,0,0,0,0,0,0
708,scan,707,0,10187612568744,,10187612702085,10187614683369,741.061,-1.1862,-0.7447,-1.5997,3,0.9942,994,220,-3,220,-2,1,702,10187362253876,10187568815974,206562,0,1,203348,206976,0,,,,707,220,-2,0,0,0,0,0,0
709,scan,708,0,10187662440170,,10187662562931,10187665630367,741.111,-1.1864,-0.7521,-1.5998,3,1.0103,1010,220,-3,220,0,1,703,10187412946188,10187619168876,206222,0,1,203348,206973,0,,,,708,220,0,0,0,0,0,0,0
710,scan,709,0,10187712594410,,10187712727711,10187714713952,741.161,-1.1869,-0.7671,-1.5999,3,0.9968,996,220,-2,220,-1,1,704,10187463060108,10187670005781,206945,0,1,203348,206961,0,,,,709,220,-1,0,0,0,0,0,0
711,scan,710,0,10187762527610,,10187762665038,10187764709910,741.211,-1.1871,-0.7746,-1.6000,3,1.0072,1007,220,-2,220,2,1,705,10187512774882,10187720183538,207408,0,1,203348,206972,0,,,,710,220,2,0,0,0,0,0,0
712,scan,711,0,10187812579669,,10187812715486,10187814782972,741.261,-1.1875,-0.7895,-1.5999,3,1.0016,1001,220,-3,220,1,1,706,10187562852243,10187770019347,207167,0,1,203348,206961,0,,,,711,220,1,0,0,0,0,0,0
713,scan,712,0,10187862761838,,10187862911775,10187864912365,741.311,-1.1878,-0.7970,-1.5998,3,1.0059,1005,220,-3,220,-1,1,707,10187612611263,10187820143453,207532,0,1,203348,206972,0,,,,712,220,-1,0,0,0,0,0,0
714,scan,713,0,10187912729564,,10187912893569,10187914689171,741.361,-1.1882,-0.8120,-1.5997,3,1.0012,1001,220,-3,220,-2,1,708,10187662480794,10187870129192,207648,0,1,203348,206982,0,,,,713,220,-2,0,0,0,0,0,0
715,scan,714,0,10187962998680,,10187963147455,10187964773319,741.411,-1.1884,-0.8194,-1.5997,3,1.0136,1013,220,-3,220,0,1,709,10187712640057,10187921769064,209129,0,1,203348,207023,0,,,,714,220,0,0,0,0,0,0,0
716,scan,715,0,10188012649935,,10188012787107,10188014908442,741.461,-1.1888,-0.8344,-1.6000,3,1.0126,1012,220,-3,220,-1,1,710,10187762573588,10187970008294,207434,0,1,203348,207030,0,,,,715,220,-1,0,0,0,0,0,0
717,scan,716,0,10188063058532,,10188063222094,10188064683379,741.511,-1.1891,-0.8419,-1.6000,3,0.9946,994,220,-3,220,2,1,711,10187812622801,10188023535731,210912,0,1,203348,207140,0,,,,716,220,2,0,0,0,0,0,0
718,scan,717,0,10188113262809,,10188113394757,10188115626703,741.561,-1.1895,-0.8568,-1.5999,3,1.0152,1015,220,-3,220,1,1,712,10187862812512,10188069952086,207139,0,1,203348,207156,0,,,,717,220,1,0,0,0,0,0,0
719,scan,718,0,10188163430318,,10188163568700,10188165746026,741.611,-1.1897,-0.8643,-1.5998,3,1.0130,1012,220,-3,220,-2,1,713,10187912789660,10188120719009,207929,0,1,203348,207168,0,,,,718,220,-2,0,0,0,0,0,0
720,scan,719,0,10188213619138,,10188213758743,10188215732744,741.661,-1.1899,-0.8718,-1.5997,3,1.0020,1001,220,-3,220,-3,1,714,10187963047838,10188171214653,208166,0,1,203348,207179,0,,,,719,220,-3,0,0,0,0,0,0
721,scan,720,0,10188263406438,,10188263547097,10188265704524,741.711,-1.1904,-0.8867,-1.5998,3,1.0136,1013,220,-4,220,0,1,715,10188012691496,10188226739389,214047,0,1,203348,207355,0,,,,720,220,0,0,0,0,0,0,0
722,scan,721,0,10188313677851,,10188313831237,10188315802651,741.761,-1.1906,-0.8942,-1.5999,3,1.0034,1003,220,-3,220,-1,1,716,10188063105134,10188270096671,206991,0,1,203348,207347,0,,,,721,220,-1,0,0,0,0,0,0
723,scan,722,0,10188363748954,,10188363902442,10188365725874,741.811,-1.1910,-0.9092,-1.6001,3,1.0033,1003,220,-3,220,-4,1,717,10188113301111,10188321898241,208597,0,1,203348,207376,0,,,,722,220,-4,0,0,0,0,0,0
724,scan,723,0,10188416347057,,10188416485036,10188418601524,741.861,-1.1912,-0.9166,-1.6001,3,1.0132,1013,220,-3,220,1,1,718,10188163476600,10188371141979,207665,0,1,203348,207381,0,,,,723,220,1,0,0,0,0,0,0
725,scan,724,0,10188465515691,,10188465667180,10188467718300,741.911,-1.1917,-0.9316,-1.6001,3,0.9928,992,220,-3,220,-1,1,719,10188213668281,10188421396029,207727,0,1,203348,207390,0,,,,724,220,-1,0,0,0,0,0,0
726,scan,725,0,10188514632299,,10188514771842,10188516774569,741.961,-1.1919,-0.9391,-1.6002,3,1.0041,1004,220,-3,220,-3,1,720,10188263452620,10188471200030,207747,0,1,203348,207405,0,,,,725,220,-3,0,0,0,0,0,0
727,scan,726,0,10188564606602,,10188564768566,10188566784054,742.011,-1.1923,-0.9540,-1.6002,3,0.9913,991,220,-4,220,1,1,721,10188313738644,10188519861035,206122,0,1,203348,207397,0,,,,726,220,1,0,0,0,0,0,0
728,scan,727,0,10188614365017,,10188614514168,10188616657387,742.061,-1.1926,-0.9615,-1.6003,3,0.9952,995,220,-4,220,-2,1,722,10188363805110,10188571500444,207695,0,1,203348,207429,0,,,,727,220,-2,0,0,0,0,0,0
729,scan,728,0,10188663967432,,10188664130432,10188665681387,742.111,-1.1930,-0.9765,-1.6004,3,0.9853,985,220,-3,220,-3,1,723,10188416394045,10188622630767,206236,0,1,203348,207404,0,,,,728,220,-3,0,0,0,0,0,0
730,scan,729,0,10188713882257,,10188714016745,10188715728435,742.161,-1.1932,-0.9839,-1.6005,3,0.9797,979,220,-3,220,0,1,724,10188465565077,10188674086520,208521,0,1,203348,207429,0,,,,729,220,0,0,0,0,0,0,0
731,scan,730,0,10188763831680,,10188763985323,10188766017101,742.211,-1.1937,-0.9989,-1.6006,3,0.9583,958,220,-3,220,-1,1,725,10188514678592,10188722379470,207700,0,1,203348,207507,0,,,,730,220,-1,0,0,0,0,0,0
732,scan,731,0,10188813910878,,10188814061201,10188815784074,742.261,-1.1939,-1.0064,-1.6006,3,0.9599,959,220,-3,220,-5,1,726,10188564675044,10188772095510,207420,0,1,203348,207502,0,,,,731,220,-5,0,0,0,0,0,0
733,scan,732,0,10188863798742,,10188863921051,10188865694622,742.311,-1.1943,-1.0213,-1.6006,3,0.9400,940,220,-4,220,2,1,727,10188614416104,10188822143697,207727,0,1,203348,207562,0,,,,732,220,2,0,0,0,0,0,0
734,scan,733,0,10188913750624,,10188913925415,10188915674095,742.361,-1.1946,-1.0288,-1.6008,3,0.9323,932,220,-4,220,-2,1,728,10188664038192,10188871632700,207594,0,1,203348,207570,0,,,,733,220,-2,0,0,0,0,0,0
735,scan,734,0,10188963699977,,10188963812798,10188965685080,742.411,-1.1950,-1.0437,-1.6011,3,0.9309,930,220,-3,220,-4,1,729,10188713927026,10188921735668,207808,0,1,203348,207637,0,,,,734,220,-4,0,0,0,0,0,0
736,scan,735,0,10189013798703,,10189013967175,10189015765440,742.461,-1.1952,-1.0512,-1.6011,4,0.9030,903,0,1000,220,2,1,730,10188763887801,10188971519739,207631,0,1,203348,207662,0,,,,735,220,2,0,0,0,0,0,0
737,scan,736,0,10189064131083,,10189064298977,10189065827240,742.511,-1.1955,-1.0587,-1.6010,4,0.8991,899,0,1000,220,0,1,731,10188813956101,10189021668872,207712,0,1,203348,207665,0,,,,736,220,0,0,0,0,0,0,0
738,scan,737,0,10189113852148,,10189113996521,10189115742109,742.561,-1.1959,-1.0736,-1.6011,4,0.8898,889,0,1000,220,-5,1,732,10188863837955,10189067987274,204149,0,1,203348,207605,0,,,,737,220,-5,0,0,0,0,0,0
739,scan,738,0,10189163796988,,10189163939382,10189165790604,742.611,-1.1961,-1.0811,-1.6011,4,0.8802,880,0,1000,220,4,1,733,10188913814689,10189121285650,207470,0,1,203348,207616,0,,,,738,220,4,0,0,0,0,0,0
740,scan,739,0,10189213713028,,10189213852120,10189215727443,742.661,-1.1966,-1.0961,-1.6011,4,0.8637,863,0,1000,220,-2,1,734,10188963737043,10189168131541,204394,0,1,203348,207548,0,,,,739,220,-2,0,0,0,0,0,0
741,scan,740,0,10189263776051,,10189263909243,10189265741461,742.711,-1.1968,-1.1036,-1.6011,4,0.8591,859,0,1000,0,999,1,735,10189013856084,10189221760804,207904,0,1,203348,207565,0,,,,740,0,999,0,0,0,0,0,0
742,scan,741,0,10189314237098,,10189314361477,10189315744625,742.761,-1.1972,-1.1174,-1.5999,4,0.8413,841,0,1000,0,999,1,736,10189064192539,10189268632148,204439,0,1,203348,207498,0,,,,741,0,999,0,0,0,0,0,0
743,scan,742,0,10189364643834,,10189364854150,10189366799560,742.811,-1.1974,-1.1225,-1.5954,4,0.8423,842,0,1000,0,999,1,737,10189113903554,10189321341973,207438,0,1,203348,207501,0,,,,742,0,999,0,0,0,0,0,0
744,scan,743,0,10189414478047,,10189414604374,10189416696898,742.861,-1.1975,-1.1294,-1.5798,4,0.8352,835,0,1000,0,999,1,738,10189163856851,10189368119437,204262,0,1,203348,207438,0,,,,743,0,999,0,0,0,0,0,0
745,scan,744,0,10189464571312,,10189464715314,10189466804918,742.911,-1.1975,-1.1314,-1.5730,4,0.8345,834,0,1000,0,999,1,739,10189213756604,10189419312055,205555,0,1,203348,207387,0,,,,744,0,999,0,0,0,0,0,0
746,scan,745,0,10189515019806,,10189515217783,10189516711124,742.961,-1.1975,-1.1336,-1.5477,4,0.8337,833,0,1000,0,999,1,740,10189263821090,10189468174194,204353,0,1,203348,207312,0,,,,745,0,999,0,0,0,0,0,0
747,scan,746,0,10189565434832,,10189565577816,10189567801280,743.011,-1.1975,-1.1339,-1.5183,4,0.8316,831,0,1000,0,999,1,741,10189314278653,10189522124457,207845,0,1,203348,207324,0,,,,746,0,999,0,0,0,0,0,0
748,scan,747,0,10189614798549,,10189614931635,10189616715358,743.061,-1.1975,-1.1338,-1.4325,4,0.8277,827,0,1000,0,999,1,742,10189364714960,10189569096107,204381,0,1,203348,207269,0,,,,747,0,999,0,0,0,0,0,0
749,scan,748,0,10189664800757,,10189664940880,10189667587084,743.111,-1.1975,-1.1337,-1.3929,4,0.8311,831,0,1000,0,999,1,743,10189414520206,10189622012273,207492,0,1,203348,207301,0,,,,748,0,999,0,0,0,0,0,0
750,scan,749,0,10189714587999,,10189714721186,10189716936249,743.161,-1.1976,-1.1336,-1.3350,4,0.8392,839,0,1000,0,999,1,744,10189464620602,10189669187269,204566,0,1,203348,207241,0,,,,749,0,999,0,0,0,0,0,0
751,scan,750,0,10189765465324,,10189765603769,10189767672684,743.211,-1.1976,-1.1335,-1.3063,4,0.8319,831,0,1000,0,999,1,745,10189515074244,10189722776609,207702,0,1,203348,207249,0,,,,750,0,999,0,0,0,0,0,0
752,scan,751,0,10189814928941,,10189815051630,10189816721686,743.261,-1.1976,-1.1334,-1.2337,4,0.8238,823,0,1000,0,999,1,746,10189565484797,10189769728753,204243,0,1,203348,207176,0,,,,751,0,999,0,0,0,0,0,0
753,scan,752,0,10189864816287,,10189864964567,10189866720937,743.311,-1.1976,-1.1334,-1.1957,4,0.8223,822,0,1000,0,999,1,747,10189614840634,10189822325832,207485,0,1,203348,207174,0,,,,752,0,999,0,0,0,0,0,0
754,scan,753,0,10189914854327,,10189914991499,10189916821069,743.361,-1.1977,-1.1333,-1.1610,4,0.8315,831,0,1000,0,999,1,748,10189664847941,10189869209949,204362,0,1,203348,207092,0,,,,753,0,999,0,0,0,0,0,0
755,scan,754,0,10189965692588,,10189965849229,10189967728412,743.411,-1.1977,-1.1332,-1.0985,4,0.8210,820,0,1000,0,999,1,749,10189714642828,10189919254619,204611,0,1,203348,206979,0,,,,754,0,999,0,0,0,0,0,0
756,scan,755,0,10190016803763,,10190016943028,10190018718530,743.461,-1.1977,-1.1332,-1.0657,4,0.8302,830,0,1000,0,999,1,750,10189765514295,10189969940534,204426,0,1,203348,206904,0,,,,755,0,999,0,0,0,0,0,0
757,scan,756,0,10190066248834,,10190066377023,10190067654201,743.511,-1.1978,-1.1331,-0.9947,4,0.8219,821,0,1000,0,999,1,751,10189814967476,10190021931115,206963,0,1,203348,206805,0,,,,756,0,999,0,0,0,0,0,0
758,scan,757,0,10190116031289,,10190116166621,10190117786602,743.561,-1.1979,-1.1330,-0.9596,4,0.8259,825,0,1000,0,999,1,752,10189864868346,10190070797997,205929,0,1,203348,206775,0,,,,757,0,999,0,0,0,0,0,0
759,scan,758,0,10190165589095,,10190165739174,10190167635972,743.611,-1.1979,-1.1330,-0.8935,4,0.8233,823,0,1000,0,999,1,753,10189914900778,10190122145165,207244,0,1,203348,206758,0,,,,758,0,999,0,0,0,0,0,0
760,scan,759,0,10190215387368,,10190215515165,10190217621034,743.661,-1.1980,-1.1329,-0.8606,4,0.8283,828,0,1000,0,999,1,754,10189965745466,10190170608881,204863,0,1,203348,206675,0,,,,759,0,999,0,0,0,0,0,0
761,scan,760,0,10190265472430,,10190265600459,10190267674208,743.711,-1.1981,-1.1328,-0.7919,4,0.8259,825,0,1000,0,999,1,755,10190016850763,10190224687025,207836,0,1,203348,206520,0,,,,760,0,999,0,0,0,0,0,0
762,scan,761,0,10190315590133,,10190315717022,10190317665244,743.761,-1.1981,-1.1328,-0.7572,4,0.8311,831,0,1000,0,999,1,756,10190066289317,10190273796444,207507,0,1,203348,206533,0,,,,761,0,999,0,0,0,0,0,0
763,scan,762,0,10190365486202,,10190365635161,10190367672483,743.811,-1.1982,-1.1327,-0.6895,4,0.8308,830,0,1000,0,999,1,757,10190116080045,10190323727303,207647,0,1,203348,206509,0,,,,762,0,999,0,0,0,0,0,0
764,scan,763,0,10190415834770,,10190415969296,10190417856607,743.861,-1.1982,-1.1327,-0.6561,4,0.8226,822,0,1000,0,999,1,758,10190165634113,10190373011583,207377,0,1,203348,206530,0,,,,763,0,999,0,0,0,0,0,0
765,scan,764,0,10190465839403,,10190465969453,10190467672085,743.911,-1.1984,-1.1326,-0.5883,4,0.8186,818,0,1000,0,999,1,759,10190215429847,10190421979135,206549,0,1,203348,206473,0,,,,764,0,999,0,0,0,0,0,0
766,scan,765,0,10190515870155,,10190516049976,10190517928501,743.961,-1.1984,-1.1326,-0.5540,4,0.7582,758,0,1000,0,999,1,760,10190265515163,10190472963413,207448,0,1,203348,206465,0,,,,765,0,999,0,0,0,0,0,0
767,scan,766,0,10190565601423,,10190565710073,10190567924311,744.011,-1.1985,-1.1326,-0.4860,4,0.7533,753,0,904,0,999,1,761,10190315633901,10190522115193,206481,0,1,203348,206474,0,,,,766,0,999,0,0,0,0,0,0
768,scan,767,0,10190615647352,,10190615791303,10190617720459,744.061,-1.1986,-1.1325,-0.4523,4,0.7280,728,0,837,0,999,1,762,10190365534660,10190572764881,207230,0,1,203348,206462,0,,,,767,0,999,0,0,0,0,0,0
769,scan,768,0,10190665769742,,10190665892797,10190667667790,744.111,-1.1987,-1.1325,-0.3847,4,0.7310,731,220,702,0,999,1,763,10190415880545,10190623093690,207213,0,1,203348,206487,0,,,,768,0,999,0,0,0,0,0,0
770,scan,769,0,10190715774145,,10190715896434,10190717809257,744.161,-1.1987,-1.1325,-0.3507,4,0.7401,740,220,634,0,999,1,764,10190465884545,10190673061529,207176,0,1,203348,206453,0,,,,769,0,999,0,0,0,0,0,0
771,scan,770,0,10190765904525,,10190766048303,10190768115921,744.211,-1.1988,-1.1325,-0.3166,4,0.7400,739,220,566,0,997,1,765,10190515918524,10190722592391,206673,0,1,203348,206428,0,,,,770,0,997,0,0,0,0,0,0
772,scan,771,0,10190815719318,,10190815852535,10190817790391,744.261,-1.1989,-1.1324,-0.2488,4,0.7453,745,220,430,0,910,1,766,10190565640078,10190773227473,207587,0,1,203348,206432,0,,,,771,0,910,0,0,0,0,0,0
773,scan,772,0,10190865757742,,10190865902010,10190867795483,744.311,-1.1990,-1.1324,-0.2150,4,0.7315,731,220,362,0,839,1,767,10190615694040,10190824451507,208757,0,1,203348,206458,0,,,,772,0,839,0,0,0,0,0,0
774,scan,773,0,10190915806248,,10190915944194,10190917671094,744.361,-1.1991,-1.1324,-0.1510,4,0.7379,737,220,234,220,693,1,768,10190665807290,10190872987033,207179,0,1,203348,206447,0,,,,773,220,693,0,0,0,0,0,0
775,scan,774,0,10190965752234,,10190965910734,10190967772261,744.411,-1.1991,-1.1324,-0.1238,4,0.7402,740,220,180,220,618,1,769,10190715813930,10190923433127,207619,0,1,203348,206442,0,,,,774,220,618,0,0,0,0,0,0
776,scan,775,0,10191015705288,,10191015847603,10191017641564,744.461,-1.1958,-1.1327,-0.0642,4,0.7473,747,220,61,220,549,1,770,10190765953249,10190973281670,207328,0,1,203348,206435,0,,,,775,220,549,0,0,0,0,0,0
777,scan,776,0,10191065960182,,10191066178683,10191067942264,744.511,-1.1924,-1.1329,-0.0251,4,0.7153,715,220,-17,220,414,1,771,10190815764971,10191023515285,207750,0,1,203348,206436,0,,,,776,220,414,0,0,0,0,0,0
778,scan,777,0,10191115753145,,10191115892299,10191117900263,744.561,-1.1821,-1.1327,0.0543,4,0.7094,709,220,-176,220,348,1,772,10190865808134,10191072862510,207054,0,1,203348,206508,0,,,,777,220,348,0,0,0,0,0,0
779,scan,778,0,10191165727278,,10191165864128,10191167704418,744.611,-1.1759,-1.1323,0.0864,4,0.7209,720,220,-241,220,224,1,773,10190915853501,10191123287414,207433,0,1,203348,206508,0,,,,778,220,224,0,0,0,0,0,0
780,scan,779,0,10191215792416,,10191215917557,10191217754226,744.661,-1.1620,-1.1308,0.1211,4,0.7094,709,220,-313,220,173,1,774,10190965800971,10191173862316,208061,0,1,203348,206599,0,,,,779,220,173,0,0,0,0,0,0
781,scan,780,0,10191265820480,,10191265972061,10191267719251,744.711,-1.1546,-1.1299,0.1227,4,0.6934,693,220,-317,220,59,1,775,10191015755556,10191221971952,206216,0,1,203348,206557,0,,,,780,220,59,0,0,0,0,0,0
782,scan,781,0,10191316499194,,10191316621651,10191318702935,744.761,-1.1398,-1.1281,0.1204,4,0.6891,689,220,-315,220,-16,1,776,10191066035482,10191273169648,207134,0,1,203348,206624,0,,,,781,220,-16,0,0,0,0,0,0
783,scan,782,0,10191366523274,,10191366644765,10191368838112,744.811,-1.1324,-1.1272,0.1242,4,0.6778,677,220,-324,220,-167,1,777,10191115800696,10191323375344,207574,0,1,203348,206628,0,,,,782,220,-167,0,0,0,0,0,0
784,scan,783,0,10191416630943,,10191416767457,10191418745347,744.861,-1.1175,-1.1253,0.1309,4,0.6595,659,220,-340,220,-228,1,778,10191165775364,10191373382715,207607,0,1,203348,206711,0,,,,783,220,-228,0,0,0,0,0,0
785,scan,784,0,10191467525471,,10191467734042,10191469775910,744.911,-1.1101,-1.1243,0.1283,4,0.6588,658,220,-336,220,-293,1,779,10191215835153,10191423305074,207469,0,1,203348,206759,0,,,,784,220,-293,0,0,0,0,0,0
786,scan,785,0,10191517478744,,10191517609810,10191519913305,744.961,-1.0952,-1.1225,0.1066,4,0.6538,653,220,-295,220,-297,1,780,10191265870615,10191473514187,207643,0,1,203348,206842,0,,,,785,220,-297,0,0,0,0,0,0
787,scan,786,0,10191568324324,,10191568470588,10191570843429,745.011,-1.0878,-1.1218,0.0929,4,0.6371,637,220,-269,220,-295,1,781,10191316539766,10191524575913,208036,0,1,203348,206846,0,,,,786,220,-295,0,0,0,0,0,0
788,scan,787,0,10191617537419,,10191617693602,10191619873970,745.061,-1.0803,-1.1211,0.0814,4,0.6240,623,220,-247,220,-303,1,782,10191366562735,10191574834703,208271,0,1,203348,206944,0,,,,787,220,-303,0,0,0,0,0,0
789,scan,788,0,10191667504125,,10191667639069,10191670787184,745.111,-1.0653,-1.1200,0.0653,4,0.6166,616,220,-216,220,-318,1,783,10191416676837,10191623508484,206831,0,1,203348,206927,0,,,,788,220,-318,0,0,0,0,0,0
790,scan,789,0,10191717620172,,10191717756995,10191719753443,745.161,-1.0579,-1.1196,0.0568,4,0.6023,602,220,-200,220,-314,1,784,10191467600825,10191676334939,208734,0,1,203348,207031,0,,,,789,220,-314,0,0,0,0,0,0
791,scan,790,0,10191767436741,,10191767589087,10191769762770,745.211,-1.0429,-1.1189,0.0335,4,0.5981,598,220,-155,220,-278,1,785,10191517518170,10191723358748,205840,0,1,203348,206985,0,,,,790,220,-278,0,0,0,0,0,0
792,scan,791,0,10191817519867,,10191817663322,10191819724840,745.261,-1.0354,-1.1187,0.0211,4,0.5798,579,220,-131,220,-254,1,786,10191568374138,10191773740075,205365,0,1,203348,207013,0,,,,791,220,-254,0,0,0,0,0,0
793,scan,792,0,10191867198407,,10191867328125,10191869620019,745.311,-1.0204,-1.1185,0.0020,4,0.5658,565,220,-94,220,-233,1,787,10191617583635,10191825142270,207558,0,1,203348,207015,0,,,,792,220,-233,0,0,0,0,0,0
794,scan,793,0,10191917393915,,10191917551812,10191919636730,745.361,-1.0129,-1.1185,-0.0048,4,0.5541,554,220,-80,220,-205,1,788,10191667549920,10191872915690,205365,0,1,203348,207040,0,,,,793,220,-205,0,0,0,0,0,0
795,scan,794,0,10191967386746,,10191967531511,10191969680487,745.411,-0.9979,-1.1187,-0.0193,4,0.5369,536,220,-52,220,-190,1,789,10191717670671,10191925304212,207633,0,1,203348,207115,0,,,,794,220,-190,0,0,0,0,0,0
796,scan,795,0,10192017366298,,10192017501581,10192019824112,745.461,-0.9904,-1.1189,-0.0270,4,0.5393,539,220,-37,220,-146,1,790,10191767485009,10191975758611,208273,0,1,203348,207211,0,,,,795,220,-146,0,0,0,0,0,0
797,scan,796,0,10192067489946,,10192067623809,10192069696644,745.511,-0.9754,-1.1194,-0.0400,4,0.5207,520,220,-11,220,-124,1,791,10191817568589,10192025159657,207591,0,1,203348,207227,0,,,,796,220,-124,0,0,0,0,0,0
798,scan,797,0,10192117315024,,10192117451378,10192119637515,745.561,-0.9679,-1.1197,-0.0444,4,0.5223,522,220,-2,220,-88,1,792,10191867242233,10192075566312,208324,0,1,203348,207287,0,,,,797,220,-88,0,0,0,0,0,0
799,scan,798,0,10192167622432,,10192167757135,10192169864982,745.611,-0.9530,-1.1204,-0.0510,4,0.5121,512,220,11,220,-75,1,793,10191917464171,10192124979902,207515,0,1,203348,207294,0,,,,798,220,-75,0,0,0,0,0,0
800,scan,799,0,10192218118813,,10192218256748,10192220701785,745.661,-0.9455,-1.1208,-0.0539,4,0.5030,502,220,17,220,-49,1,794,10191967437765,10192173763659,206325,0,1,203348,207330,0,,,,799,220,-49,0,0,0,0,0,0
801,scan,800,0,10192268389098,,10192268520080,10192270639112,745.711,-0.9305,-1.1217,-0.0588,4,0.4982,498,220,27,220,-34,1,795,10192017413038,10192225220546,207807,0,1,203348,207330,0,,,,800,220,-34,0,0,0,0,0,0
802,scan,801,0,10192318221400,,10192318367814,10192320837993,745.761,-0.9231,-1.1221,-0.0603,4,0.4833,483,220,30,220,-10,1,796,10192067535277,10192274215182,206679,0,1,203348,207309,0,,,,801,220,-10,0,0,0,0,0,0
803,scan,802,0,10192368183417,,10192368319765,10192369650238,745.811,-0.9081,-1.1230,-0.0619,4,0.4792,479,220,34,220,-2,1,797,10192117361129,10192324986705,207625,0,1,203348,207308,0,,,,802,220,-2,0,0,0,0,0,0
804,scan,803,0,10192418293227,,10192418464796,10192420948446,745.861,-0.9007,-1.1235,-0.0620,4,0.4592,459,220,34,220,11,1,798,10192167667652,10192374433650,206765,0,1,203348,207293,0,,,,803,220,11,0,0,0,0,0,0
805,scan,804,0,10192468579014,,10192468718935,10192470883858,745.911,-0.8932,-1.1239,-0.0619,4,0.4607,460,220,34,220,17,1,799,10192218167891,10192426180732,208012,0,1,203348,207330,0,,,,804,220,17,0,0,0,0,0,0
806,scan,805,0,10192518473081,,10192518640451,10192520869536,745.961,-0.8783,-1.1249,-0.0613,4,0.4337,433,220,33,220,27,1,800,10192268432043,10192475834212,207402,0,1,203348,207328,0,,,,805,220,27,0,0,0,0,0,0
807,scan,806,0,10192568694081,,10192568827987,10192570785090,746.011,-0.8708,-1.1253,-0.0608,4,0.4400,440,220,32,220,28,1,801,10192318272405,10192525917972,207645,0,1,203348,207357,0,,,,806,220,28,0,0,0,0,0,0
808,scan,807,0,10192618705240,,10192618844922,10192620809007,746.061,-0.8559,-1.1262,-0.0590,4,0.4194,419,220,29,220,33,1,802,10192368233927,10192575804892,207570,0,1,203348,207366,0,,,,807,220,33,0,0,0,0,0,0
809,scan,808,0,10192668963308,,10192669126933,10192671002003,746.111,-0.8485,-1.1266,-0.0578,4,0.4231,423,220,27,220,32,1,803,10192418364947,10192625521181,207156,0,1,203348,207365,0,,,,808,220,32,0,0,0,0,0,0
810,scan,809,0,10192718530317,,10192718652424,10192720823796,746.161,-0.8335,-1.1275,-0.0556,4,0.4138,413,220,22,220,33,1,804,10192468629244,10192672775156,204145,0,1,203348,207289,0,,,,809,220,33,0,0,0,0,0,0
811,scan,810,0,10192768383900,,10192768529604,10192770703880,746.211,-0.8261,-1.1279,-0.0546,4,0.4087,408,220,20,220,31,1,805,10192518522905,10192724761724,206238,0,1,203348,207278,0,,,,810,220,31,0,0,0,0,0,0
812,scan,811,0,10192818311407,,10192818436474,10192820625140,746.261,-0.8111,-1.1287,-0.0524,4,0.4039,403,220,16,220,31,1,806,10192568744910,10192771809569,203064,0,1,203348,207165,0,,,,811,220,31,0,0,0,0,0,0
813,scan,812,0,10192868404605,,10192868552972,10192870655429,746.311,-0.8037,-1.1291,-0.0513,4,0.3845,384,220,14,220,28,1,807,10192618750244,10192825863345,207113,0,1,203348,207124,0,,,,812,220,28,0,1,0,0,0,0
814,scan,813,0,10192918402886,,10192918536615,10192920652085,746.361,-0.7887,-1.1298,-0.0492,4,0.3881,388,220,10,220,26,1,808,10192669010288,10192873517232,204506,0,1,203348,207057,0,,,,813,220,26,0,1,0,0,0,0
815,scan,814,0,10192968332617,,10192968465526,10192970596403,746.411,-0.7813,-1.1302,-0.0483,4,0.3755,375,220,8,220,22,1,809,10192718573499,10192923305752,204732,0,1,203348,206985,0,,,,814,220,22,0,1,0,0,0,0
816,scan,815,0,10193018579648,,10193018721844,10193020784334,746.461,-0.7663,-1.1309,-0.0466,4,0.3597,359,220,5,220,21,1,810,10192768428684,10192972624625,204195,0,1,203348,206906,0,,,,815,220,21,0,1,0,0,0,0
817,scan,816,0,10193068806979,,10193068942429,10193070834272,746.511,-0.7588,-1.1313,-0.0459,4,0.3430,342,220,4,220,16,1,811,10192818352346,10193025953841,207601,0,1,203348,206903,0,,,,816,220,16,0,1,0,0,0,0
818,scan,817,0,10193118538128,,10193118663507,10193120859308,746.561,-0.7439,-1.1319,-0.0446,4,0.3503,350,220,1,220,13,1,812,10192868462578,10193072612570,204149,0,1,203348,206830,0,,,,817,220,13,0,1,0,0,0,0
819,scan,818,0,10193168883212,,10193169024609,10193170670682,746.611,-0.7364,-1.1323,-0.0440,4,0.3448,344,220,0,220,10,1,813,10192918446702,10193126102153,207655,0,1,203348,206836,0,,,,818,220,10,0,1,0,0,0,0
820,scan,819,0,10193218838278,,10193218973323,10193220779639,746.661,-0.7215,-1.1329,-0.0432,4,0.3385,338,220,-2,220,8,1,814,10192968378810,10193174237243,205858,0,1,203348,206781,0,,,,819,220,8,0,1,0,0,0,0
821,scan,820,0,10193268857229,,10193268999398,10193270742672,746.711,-0.7140,-1.1332,-0.0429,4,0.3285,328,220,-2,220,6,1,815,10193018621708,10193226072141,207450,0,1,203348,206811,0,,,,820,220,6,0,1,0,0,0,0
822,scan,821,0,10193318886082,,10193319027760,10193320862502,746.761,-0.7065,-1.1336,-0.0427,4,0.3208,320,220,-3,220,4,1,816,10193068853904,10193274080036,205226,0,1,203348,206764,0,,,,821,220,4,0,1,0,0,0,0
823,scan,822,0,10193368629983,,10193368774346,10193370798003,746.811,-0.6916,-1.1342,-0.0423,4,0.3270,326,220,-4,220,2,1,817,10193118576576,10193325890970,207314,0,1,203348,206757,0,,,,822,220,2,0,1,0,0,0,0
824,scan,823,0,10193418785074,,10193418928777,10193420920680,746.861,-0.6841,-1.1345,-0.0421,4,0.3117,311,220,-4,220,0,1,818,10193168933822,10193376263483,207329,0,1,203348,206750,0,,,,823,220,0,0,1,0,0,0,0
825,scan,824,0,10193468699373,,10193468849610,10193470863966,746.911,-0.6691,-1.1351,-0.0420,4,0.3100,309,220,-4,220,-1,1,819,10193218876534,10193423368244,204491,0,1,203348,206676,0,,,,824,220,-1,0,1,0,0,0,0
826,scan,825,0,10193518825059,,10193518971955,10193520803848,746.961,-0.6617,-1.1355,-0.0420,4,0.3022,302,220,-4,220,-2,1,820,10193268906354,10193476597964,207691,0,1,203348,206677,0,,,,825,220,-2,0,1,0,0,0,0
827,scan,826,0,10193568844713,,10193568976992,10193571726609,747.011,-0.6467,-1.1361,-0.0422,4,0.2966,296,220,-4,220,-1,1,821,10193318935618,10193526141715,207206,0,1,203348,206656,0,,,,826,220,-1,0,1,0,0,0,0
828,scan,827,0,10193618932399,,10193619178957,10193620755951,747.061,-0.6393,-1.1364,-0.0422,4,0.2934,293,220,-4,220,-4,1,822,10193368685005,10193576262184,207577,0,1,203348,206639,0,,,,827,220,-4,0,1,0,0,0,0
829,scan,828,0,10193668747003,,10193668880159,10193670751633,747.111,-0.6243,-1.1370,-0.0423,4,0.2961,296,220,-4,220,-3,1,823,10193418835546,10193625958021,207122,0,1,203348,206646,0,,,,828,220,-3,0,1,0,0,0,0
830,scan,829,0,10193719134114,,10193719270577,10193721664633,747.161,-0.6168,-1.1373,-0.0424,4,0.2927,292,220,-4,220,-4,1,824,10193468750895,10193677230100,208479,0,1,203348,206640,0,,,,829,220,-4,0,1,0,0,0,0
831,scan,830,0,10193769128187,,10193769261424,10193770733971,747.211,-0.6019,-1.1380,-0.0428,4,0.2851,285,220,-3,220,-4,1,825,10193518874589,10193726430321,207555,0,1,203348,206683,0,,,,830,220,-4,0,1,0,0,0,0
832,scan,831,0,10193819477707,,10193819634122,10193821753801,747.261,-0.5944,-1.1383,-0.0429,4,0.2891,289,220,-3,220,-4,1,826,10193568893449,10193777593710,208700,0,1,203348,206766,0,,,,831,220,-4,0,1,0,0,0,0
833,scan,832,0,10193869333317,,10193869488871,10193871719139,747.311,-0.5795,-1.1389,-0.0432,4,0.2893,289,220,-2,220,-4,1,827,10193618980146,10193827767619,208787,0,1,203348,206797,0,,,,832,220,-4,0,1,0,0,0,0
834,scan,833,0,10193919678862,,10193919814495,10193921680666,747.361,-0.5720,-1.1393,-0.0433,4,0.2957,295,220,-2,220,-4,1,828,10193668792472,10193880079271,211286,0,1,203348,206945,0,,,,833,220,-4,0,1,0,0,0,0
835,scan,834,0,10193969743510,,10193969884379,10193971742963,747.411,-0.5571,-1.1399,-0.0436,4,0.2927,292,220,-1,220,-4,1,829,10193719181522,10193926063227,206881,0,1,203348,206926,0,,,,834,220,-4,0,1,0,0,0,0
836,scan,835,0,10194019694818,,10194019827693,10194021814749,747.461,-0.5496,-1.1402,-0.0437,4,0.3010,301,220,-1,220,-2,1,830,10193769172086,10193976736913,207564,0,1,203348,206908,0,,,,835,220,-2,0,1,0,0,0,0
837,scan,836,0,10194069805360,,10194069929433,10194071722248,747.511,-0.5346,-1.1409,-0.0440,4,0.3190,318,220,-1,220,-2,1,831,10193819530188,10194026069090,206538,0,1,203348,206882,0,,,,836,220,-2,0,1,0,0,0,0
838,scan,837,0,10194119706041,,10194119840352,10194121791720,747.561,-0.5272,-1.1412,-0.0440,4,0.3279,327,220,0,220,-2,1,832,10193869383858,10194078487294,209103,0,1,203348,206901,0,,,,837,220,-2,0,1,0,0,0,0
839,scan,838,0,10194169852480,,10194169983771,10194171875763,747.611,-0.5197,-1.1416,-0.0441,4,1.0518,1051,220,0,220,-2,1,833,10193919727139,10194127259383,207532,0,1,203348,206902,0,,,,838,220,-2,0,0,0,0,0,0
840,scan,839,0,10194219834669,,10194219970243,10194221762380,747.661,-0.5047,-1.1422,-0.0442,4,1.0426,1042,220,0,220,0,1,834,10193969785687,10194178129909,208344,0,1,203348,206952,0,,,,839,220,0,0,0,0,0,0,0
841,scan,840,0,10194269898322,,10194270034981,10194271884528,747.711,-0.4973,-1.1425,-0.0442,4,1.0607,1060,220,0,220,0,1,835,10194019741066,10194227511093,207770,0,1,203348,206951,0,,,,840,220,0,0,0,0,0,0,0
842,scan,841,0,10194319720922,,10194319877324,10194321743620,747.761,-0.4823,-1.1432,-0.0443,4,1.0538,1053,220,0,220,0,1,836,10194069842373,10194275145783,205303,0,1,203348,206917,0,,,,841,220,0,0,0,0,0,0,0
843,scan,842,0,10194369795959,,10194369924022,10194371782297,747.811,-0.4748,-1.1435,-0.0443,4,1.0366,1036,220,0,220,0,1,837,10194119750204,10194325148233,205398,0,1,203348,206861,0,,,,842,220,0,0,0,0,0,0,0
844,scan,843,0,10194419684773,,10194419810111,10194421760466,747.861,-0.4599,-1.1442,-0.0442,4,1.0667,1066,220,0,220,1,1,838,10194169899071,10194375502143,205603,0,1,203348,206832,0,,,,843,220,1,0,0,0,0,0,0
845,scan,844,0,10194470151234,,10194470300799,10194471684603,747.911,-0.4524,-1.1445,-0.0442,4,1.0565,1056,220,0,220,0,1,839,10194219880262,10194425925042,206044,0,1,203348,206783,0,,,,844,220,0,0,0,0,0,0,0
846,scan,845,0,10194519915169,,10194520121870,10194521839670,747.961,-0.4375,-1.1452,-0.0443,4,1.0553,1055,220,0,220,1,1,840,10194269944563,10194478320208,208375,0,1,203348,206807,0,,,,845,220,1,0,0,0,0,0,0
847,scan,846,0,10194569877072,,10194570000951,10194571978777,748.011,-0.4300,-1.1455,-0.0442,4,1.0525,1052,220,0,220,0,1,841,10194319775353,10194528102035,208326,0,1,203348,206824,0,,,,846,220,0,0,0,0,0,0,0
848,scan,847,0,10194620130976,,10194620254846,10194621921557,748.061,-0.4151,-1.1462,-0.0442,4,1.0567,1056,220,0,220,1,1,842,10194369840025,10194577952993,208112,0,1,203348,206838,0,,,,847,220,1,0,0,0,0,0,0
849,scan,848,0,10194670111242,,10194670292574,10194672959929,748.111,-0.4076,-1.1465,-0.0442,4,1.0594,1059,220,0,220,0,1,843,10194419725515,10194627566512,207840,0,1,203348,206855,0,,,,848,220,0,0,0,0,0,0,0
850,scan,849,0,10194720313449,,10194720444694,10194722618154,748.161,-0.3927,-1.1472,-0.0442,4,1.0537,1053,220,0,220,1,1,844,10194470196556,10194676873104,206676,0,1,203348,206918,0,,,,849,220,1,0,0,0,0,0,0
851,scan,850,0,10194770639908,,10194770781284,10194772769569,748.211,-0.3852,-1.1475,-0.0442,4,1.0371,1037,220,0,220,0,1,845,10194519952062,10194727185413,207233,0,1,203348,206943,0,,,,850,220,0,0,0,0,0,0,0
852,scan,851,0,10194820541228,,10194820670969,10194822695416,748.261,-0.3702,-1.1482,-0.0441,4,1.0477,1047,220,0,220,1,1,846,10194569922508,10194777436773,207514,0,1,203348,207054,0,,,,851,220,1,0,0,0,0,0,0
853,scan,852,0,10194870446568,,10194870580245,10194872673969,748.311,-0.3628,-1.1485,-0.0441,4,1.0446,1044,220,0,220,0,1,847,10194620172193,10194826780752,206608,0,1,203348,207042,0,,,,852,220,0,0,0,0,0,0,0
854,scan,853,0,10194920414211,,10194920529303,10194922675397,748.361,-0.3478,-1.1492,-0.0441,4,1.0522,1052,220,0,220,1,1,848,10194670171219,10194877880304,207709,0,1,203348,207122,0,,,,853,220,1,0,0,0,0,0,0
855,scan,854,0,10194970588966,,10194970760280,10194972888106,748.411,-0.3403,-1.1495,-0.0441,4,1.0550,1055,220,0,220,0,1,849,10194720355321,10194927749464,207394,0,1,203348,207188,0,,,,854,220,0,0,0,0,0,0,0
856,scan,855,0,10195020859160,,10195021019616,10195022804433,748.461,-0.3329,-1.1498,-0.0441,4,1.0338,1033,220,0,220,1,1,850,10194770688034,10194978354613,207666,0,1,203348,207275,0,,,,855,220,1,0,0,0,0,0,0
857,scan,856,0,10195071009058,,10195071155160,10195072753357,748.511,-0.3179,-1.1505,-0.0441,4,1.0368,1036,220,0,220,0,1,851,10194820581707,10195028142526,207560,0,1,203348,207274,0,,,,856,220,0,0,0,0,0,0,0
858,scan,857,0,10195120997156,,10195121145626,10195122881118,748.561,-0.3104,-1.1508,-0.0440,4,1.0278,1027,220,0,220,0,1,852,10194870491252,10195077622515,207131,0,1,203348,207349,0,,,,857,220,0,0,0,0,0,0,0
859,scan,858,0,10195171007109,,10195171145515,10195172753330,748.611,-0.2955,-1.1515,-0.0440,4,1.0330,1032,220,-1,220,0,1,853,10194920450025,10195127798839,207348,0,1,203348,207341,0,,,,858,220,0,0,0,0,0,0,0
860,scan,859,0,10195220922690,,10195221082603,10195222735338,748.661,-0.2880,-1.1518,-0.0440,4,1.0094,1009,220,-1,220,0,1,854,10194970641024,10195178289671,207648,0,1,203348,207386,0,,,,859,220,0,0,0,0,0,0,0
861,scan,860,0,10195270695819,,10195270829598,10195272724874,748.711,-0.2731,-1.1524,-0.0440,4,0.9991,999,220,0,220,1,1,855,10195020905646,10195228753989,207848,0,1,203348,207396,0,,,,860,220,1,0,0,0,0,0,0
862,scan,861,0,10195320907047,,10195321048922,10195322695090,748.761,-0.2656,-1.1528,-0.0440,4,0.9870,986,220,0,220,0,1,856,10195071060645,10195278270874,207210,0,1,203348,207445,0,,,,861,220,0,0,0,0,0,0,0
863,scan,862,0,10195370761081,,10195370897576,10195372739590,748.811,-0.2507,-1.1534,-0.0440,4,0.9811,981,220,-1,220,1,1,857,10195121047352,10195328779580,207732,0,1,203348,207456,0,,,,862,220,1,0,0,0,0,0,0
864,scan,863,0,10195420956475,,10195421136135,10195422682541,748.861,-0.2432,-1.1538,-0.0440,4,0.9783,978,220,-1,220,0,1,858,10195171055207,10195381468931,210413,0,1,203348,207533,0,,,,863,220,0,0,0,0,0,0,0
865,scan,864,0,10195470967626,,10195471107042,10195472682581,748.911,-0.2282,-1.1544,-0.0440,4,0.9646,964,220,-1,220,1,1,859,10195220987652,10195428498493,207510,0,1,203348,207608,0,,,,864,220,1,0,0,0,0,0,0
866,scan,865,0,10195520986519,,10195521133170,10195522675483,748.961,-0.2208,-1.1547,-0.0440,4,0.9707,970,220,-1,220,0,1,860,10195270740591,10195478091741,207351,0,1,203348,207600,0,,,,865,220,0,0,0,0,0,0,0
867,scan,866,0,10195571146811,,10195571276392,10195572889624,749.011,-0.2058,-1.1554,-0.0439,4,0.9546,954,220,-1,220,1,1,861,10195320955798,10195528760649,207804,0,1,203348,207615,0,,,,866,220,1,0,0,0,0,0,0
868,scan,867,0,10195621416755,,10195621548946,10195623755700,749.061,-0.1984,-1.1557,-0.0439,4,0.9408,940,220,-1,220,0,1,862,10195370807955,10195578230760,207422,0,1,203348,207611,0,,,,867,220,0,0,0,0,0,0,0
869,scan,868,0,10195671205365,,10195671329784,10195673611645,749.111,-0.1834,-1.1564,-0.0439,4,0.9422,942,220,-1,220,1,1,863,10195421009035,10195628342464,207333,0,1,203348,207616,0,,,,868,220,1,0,0,0,0,0,0
870,scan,869,0,10195721460954,,10195721601660,10195723788450,749.161,-0.1759,-1.1567,-0.0439,4,0.9310,930,220,-1,220,0,1,864,10195471013014,10195678149590,207136,0,1,203348,207583,0,,,,869,220,0,0,0,0,0,0,0
871,scan,870,0,10195771454022,,10195771577305,10195773630770,749.211,-0.1610,-1.1574,-0.0439,4,0.9165,916,220,-1,220,1,1,865,10195521035265,10195728782384,207747,0,1,203348,207587,0,,,,870,220,1,0,0,0,0,0,0
872,scan,871,0,10195821367079,,10195821494305,10195823624917,749.261,-0.1535,-1.1577,-0.0439,4,0.9183,918,220,-1,220,0,1,866,10195571187627,10195778138649,206951,0,1,203348,207544,0,,,,871,220,0,0,0,0,0,0,0
873,scan,872,0,10195871579250,,10195871712671,10195873715595,749.311,-0.1461,-1.1580,-0.0438,4,0.9096,909,220,-1,220,1,1,867,10195621463779,10195826428712,204964,0,1,203348,207448,0,,,,872,220,1,0,0,0,0,0,0
874,scan,873,0,10195921451322,,10195921590559,10195923637675,749.361,-0.1311,-1.1587,-0.0438,4,0.9045,904,220,-1,220,0,1,868,10195671245296,10195878245966,207000,0,1,203348,207341,0,,,,873,220,0,0,0,0,0,0,0
875,scan,874,0,10195971692818,,10195971849370,10195973836576,749.411,-0.1236,-1.1590,-0.0438,4,0.8888,888,220,-1,220,1,1,869,10195721510197,10195929200687,207690,0,1,203348,207361,0,,,,874,220,1,0,0,0,0,0,0
876,scan,875,0,10196021584038,,10196021717153,10196023719477,749.461,-0.1087,-1.1597,-0.0438,4,0.8843,884,220,-1,220,0,1,870,10195771490020,10195976795611,205305,0,1,203348,207305,0,,,,875,220,0,0,0,0,0,0,0
877,scan,876,0,10196071767787,,10196071902835,10196073794722,749.511,-0.1012,-1.1600,-0.0437,4,0.8773,877,220,-1,220,1,1,871,10195821408791,10196025769755,204360,0,1,203348,207250,0,,,,876,220,1,0,0,0,0,0,0
878,scan,877,0,10196121622937,,10196121748869,10196123738855,749.561,-0.0863,-1.1607,-0.0437,4,0.8680,868,220,-1,220,0,1,872,10195871625169,10196079111054,207485,0,1,203348,207210,0,,,,877,220,0,0,0,0,0,0,0
879,scan,878,0,10196171579896,,10196171709596,10196173747438,749.611,-0.0788,-1.1610,-0.0437,4,0.8579,857,220,-1,220,1,1,873,10195921492606,10196126237498,204744,0,1,203348,207140,0,,,,878,220,1,0,0,0,0,0,0
880,scan,879,0,10196221972758,,10196222089513,10196223750439,749.661,-0.0638,-1.1616,-0.0436,4,0.8492,849,220,-2,220,1,1,874,10195971740089,10196179565190,207825,0,1,203348,207127,0,,,,879,220,1,0,0,0,0,0,0
881,scan,880,0,10196271817251,,10196271954734,10196273742617,749.711,-0.0564,-1.1620,-0.0436,4,0.8678,867,220,-2,220,1,1,875,10196021628706,10196226707110,205078,0,1,203348,207060,0,,,,880,220,1,0,0,0,0,0,0
882,scan,881,0,10196321837116,,10196321959266,10196323660023,749.761,-0.0414,-1.1626,-0.0435,4,0.8323,832,220,-2,220,1,1,876,10196071813162,10196279112011,207298,0,1,203348,207110,0,,,,881,220,1,0,0,0,0,0,0
883,scan,882,0,10196371886707,,10196372045137,10196373846870,749.811,-0.0340,-1.1629,-0.0435,4,0.8501,850,220,-2,220,1,1,877,10196121663201,10196328763281,207100,0,1,203348,207152,0,,,,882,220,1,0,0,0,0,0,0
884,scan,883,0,10196421752105,,10196421876151,10196423808364,749.861,-0.0190,-1.1636,-0.0434,4,0.8481,848,220,-2,220,1,1,878,10196171624878,10196379118828,207493,0,1,203348,207200,0,,,,883,220,1,0,0,0,0,0,0
885,scan,884,0,10196472066199,,10196472286291,10196473703382,749.911,-0.0115,-1.1639,-0.0434,4,0.8231,823,220,-2,220,1,1,879,10196222012722,10196429548721,207535,0,1,203348,207237,0,,,,884,220,1,0,0,0,0,0,0
886,scan,885,0,10196521716801,,10196521868576,10196523829304,749.961,0.0034,-1.1646,-0.0433,4,0.8506,850,220,-2,220,1,1,880,10196271859736,10196479188059,207328,0,1,203348,207211,0,,,,885,220,1,0,0,0,0,0,0
887,scan,886,0,10196571584587,,10196571698697,10196573762782,750.011,0.0109,-1.1649,-0.0433,4,0.8503,850,220,-2,220,1,1,881,10196321878432,10196529548585,207670,0,1,203348,207194,0,,,,886,220,1,0,0,0,0,0,0
888,scan,887,0,10196622172405,,10196622297093,10196623760942,750.061,0.0258,-1.1655,-0.0432,4,0.8515,851,220,-3,220,-1,1,882,10196371929971,10196579712971,207783,0,1,203348,207186,0,,,,887,220,-1,0,0,0,0,0,0
889,scan,888,0,10196671968848,,10196672144401,10196673799526,750.111,0.0333,-1.1659,-0.0432,4,0.8458,845,220,-3,220,0,1,883,10196421795038,10196629481422,207686,0,1,203348,207182,0,,,,888,220,0,0,0,0,0,0,0
890,scan,889,0,10196722134419,,10196722257514,10196724071496,750.161,0.0408,-1.1662,-0.0432,4,0.8557,855,220,-3,220,-1,1,884,10196472142164,10196679742185,207600,0,1,203348,207205,0,,,,889,220,-1,0,0,0,0,0,0
891,scan,890,0,10196772374089,,10196772496401,10196774688630,750.211,0.0557,-1.1668,-0.0432,4,0.8751,875,220,-3,220,0,1,885,10196521763992,10196729480320,207716,0,1,203348,207217,0,,,,890,220,0,0,0,0,0,0,0
892,scan,891,0,10196822540384,,10196822663183,10196824829967,750.261,0.0632,-1.1671,-0.0433,4,0.8548,854,220,-3,220,-1,1,886,10196571626398,10196778964863,207338,0,1,203348,207213,0,,,,891,220,-1,0,0,0,0,0,0
893,scan,892,0,10196872491715,,10196872616293,10196874613418,750.311,0.0781,-1.1678,-0.0433,4,0.8800,880,220,-3,220,0,1,887,10196622211024,10196829827814,207616,0,1,203348,207238,0,,,,892,220,0,0,0,0,0,0,0
894,scan,893,0,10196922583347,,10196922706162,10196924791297,750.361,0.0856,-1.1681,-0.0433,4,1.0433,1043,220,-3,220,-1,1,888,10196672058011,10196878408376,206350,0,1,203348,207204,0,,,,893,220,-1,0,0,0,0,0,0
895,scan,894,0,10196972695797,,10196972823840,10196974685859,750.411,0.1006,-1.1688,-0.0434,4,1.0174,1017,220,-3,220,-2,1,889,10196722176394,10196929223277,207046,0,1,203348,207196,0,,,,894,220,-2,0,0,0,0,0,0
896,scan,895,0,10197022474347,,10197022606254,10197024711235,750.461,0.1080,-1.1691,-0.0434,4,1.0209,1020,220,-3,220,-1,1,890,10196772415574,10196979873990,207458,0,1,203348,207190,0,,,,895,220,-1,0,0,0,0,0,0
897,scan,896,0,10197072301352,,10197072424520,10197074573008,750.511,0.1230,-1.1697,-0.0435,4,1.0249,1024,220,-2,220,-2,1,891,10196822581443,10197029735457,207154,0,1,203348,207180,0,,,,896,220,-2,0,0,0,0,0,0
898,scan,897,0,10197122916734,,10197123115185,10197125603667,750.561,0.1304,-1.1701,-0.0435,4,1.0186,1018,220,-2,220,-1,1,892,10196872535234,10197079405016,206869,0,1,203348,207174,0,,,,897,220,-1,0,0,0,0,0,0
899,scan,898,0,10197172902274,,10197173042584,10197174730858,750.611,0.1454,-1.1707,-0.0436,4,1.0317,1031,220,-2,220,-2,1,893,10196922626588,10197130043528,207416,0,1,203348,207175,0,,,,898,220,-2,0,0,0,0,0,0
900,scan,899,0,10197222728498,,10197222851257,10197224730008,750.661,0.1529,-1.1710,-0.0437,4,1.0317,1031,220,-2,220,-1,1,894,10196972739559,10197180121629,207382,0,1,203348,207169,0,,,,899,220,-1,0,0,0,0,0,0
901,scan,900,0,10197272539372,,10197272662912,10197274707673,750.711,0.1678,-1.1717,-0.0438,4,1.0177,1017,220,-2,220,-2,1,895,10197022517097,10197230050071,207532,0,1,203348,207161,0,,,,900,220,-2,0,0,0,0,0,0
902,scan,901,0,10197322425641,,10197322550989,10197324830496,750.761,0.1753,-1.1720,-0.0438,4,1.0118,1011,220,-2,220,-1,1,896,10197072341423,10197279544104,207202,0,1,203348,207161,0,,,,901,220,-1,0,0,0,0,0,0
903,scan,902,0,10197372525435,,10197372699929,10197374762518,750.811,0.1902,-1.1727,-0.0439,4,1.0190,1018,220,-2,220,0,1,897,10197122984045,10197331495357,208511,0,1,203348,207180,0,,,,902,220,0,0,0,0,0,0,0
904,scan,903,0,10197423563189,,10197423713415,10197426001976,750.861,0.1977,-1.1730,-0.0439,4,1.0250,1025,220,-2,220,1,1,898,10197172945805,10197380277219,207331,0,1,203348,207103,0,,,,903,220,1,0,0,0,0,0,0
905,scan,904,0,10197473254264,,10197473400836,10197475750982,750.911,0.2126,-1.1737,-0.0440,4,1.0207,1020,220,-2,220,0,1,899,10197222771559,10197430008461,207236,0,1,203348,207096,0,,,,904,220,0,0,0,0,0,0,0
906,scan,905,0,10197523150949,,10197523290835,10197524702749,750.961,0.2201,-1.1740,-0.0439,4,1.0298,1029,220,-2,220,1,1,900,10197272579552,10197480599779,208020,0,1,203348,207113,0,,,,905,220,1,0,0,0,0,0,0
907,scan,906,0,10197573493380,,10197573636068,10197575733587,751.011,0.2276,-1.1743,-0.0438,4,1.0117,1011,220,-2,220,0,1,901,10197322469462,10197529827105,207357,0,1,203348,207102,0,,,,906,220,0,0,0,0,0,0,0
908,scan,907,0,10197623424146,,10197623560404,10197626595284,751.061,0.2425,-1.1750,-0.0438,4,1.0008,1000,220,-2,220,1,1,902,10197372565986,10197580672353,208106,0,1,203348,207119,0,,,,907,220,1,0,0,0,0,0,0
909,scan,908,0,10197673539445,,10197673676585,10197675663851,751.111,0.2500,-1.1753,-0.0438,4,1.0165,1016,220,-2,220,0,1,903,10197423613194,10197631222089,207608,0,1,203348,207126,0,,,,908,220,0,0,0,0,0,0,0
910,scan,909,0,10197723482990,,10197723614055,10197725686732,751.161,0.2650,-1.1760,-0.0438,4,1.0179,1017,220,-2,220,1,1,904,10197473292970,10197680895350,207602,0,1,203348,207137,0,,,,909,220,1,0,0,0,0,0,0
911,scan,910,0,10197773723658,,10197773849134,10197775704565,751.211,0.2724,-1.1763,-0.0437,4,1.0134,1013,220,-2,220,0,1,905,10197523200037,10197729692664,206492,0,1,203348,207106,0,,,,910,220,0,0,0,0,0,0,0
912,scan,911,0,10197823823420,,10197823960997,10197825738606,751.261,0.2874,-1.1769,-0.0437,4,0.9970,997,220,-2,220,-1,1,906,10197573540135,10197780118534,206578,0,1,203348,207097,0,,,,911,220,-1,0,0,0,0,0,0
913,scan,912,0,10197873742553,,10197873864810,10197875736952,751.311,0.2949,-1.1773,-0.0437,4,0.9990,999,220,-3,220,0,1,907,10197623471589,10197829098900,205627,0,1,203348,207113,0,,,,912,220,0,0,0,0,0,0,0
914,scan,913,0,10197923714999,,10197923844369,10197925686381,751.361,0.3098,-1.1779,-0.0438,4,1.0185,1018,220,-3,220,-1,1,908,10197673587486,10197880769637,207182,0,1,203348,207118,0,,,,913,220,-1,0,0,0,0,0,0
915,scan,914,0,10197973847291,,10197974054773,10197975850347,751.411,0.3173,-1.1782,-0.0438,4,1.0156,1015,220,-3,220,0,1,909,10197723528551,10197930176894,206648,0,1,203348,207092,0,,,,914,220,0,0,0,0,0,0,0
916,scan,915,0,10198023814493,,10198023940877,10198025779486,751.461,0.3322,-1.1789,-0.0438,4,1.0103,1010,220,-3,220,-1,1,910,10197773767650,10197981139795,207372,0,1,203348,207143,0,,,,915,220,-1,0,0,0,0,0,0
917,scan,916,0,10198073980153,,10198074129545,10198075701634,751.511,0.3397,-1.1792,-0.0438,4,1.0118,1011,220,-3,220,0,1,911,10197823868524,10198031619581,207751,0,1,203348,207228,0,,,,916,220,0,0,0,0,0,0,0
918,scan,917,0,10198123662171,,10198123780357,10198125875621,751.561,0.3546,-1.1799,-0.0438,4,1.0026,1002,220,-3,220,-1,1,912,10197873783893,10198080999104,207215,0,1,203348,207221,0,,,,917,220,-1,0,0,0,0,0,0
919,scan,918,0,10198173728810,,10198173860958,10198175699873,751.611,0.3621,-1.1802,-0.0438,4,1.0078,1007,220,-3,220,0,1,913,10197923759434,10198131265732,207506,0,1,203348,207290,0,,,,918,220,0,0,0,0,0,0,0
920,scan,919,0,10198223779720,,10198223898648,10198225680429,751.661,0.3771,-1.1809,-0.0439,4,0.9995,999,220,-3,220,-1,1,914,10197973908792,10198181216527,207307,0,1,203348,207277,0,,,,919,220,-1,0,0,0,0,0,0
921,scan,920,0,10198273802192,,10198273928525,10198275726049,751.711,0.3845,-1.1812,-0.0439,4,0.9908,990,220,-3,220,0,1,915,10198023858219,10198231378551,207520,0,1,203348,207339,0,,,,920,220,0,0,0,0,0,0,0
922,scan,921,0,10198323683701,,10198323810341,10198325789527,751.761,0.3995,-1.1819,-0.0439,4,1.0164,1016,220,-3,220,-1,1,916,10198074037968,10198281210891,207172,0,1,203348,207335,0,,,,921,220,-1,0,0,0,0,0,0
923,scan,922,0,10198373798418,,10198373923700,10198375975360,751.811,0.4069,-1.1822,-0.0439,4,1.0048,1004,220,-3,220,0,1,917,10198123701060,10198331320200,207619,0,1,203348,207348,0,,,,922,220,0,0,0,0,0,0,0
924,scan,923,0,10198424503119,,10198424627691,10198426677043,751.861,0.4144,-1.1825,-0.0439,4,1.0201,1020,220,-3,220,-1,1,918,10198173775539,10198381351093,207575,0,1,203348,207350,0,,,,923,220,-1,0,0,0,0,0,0
925,scan,924,0,10198474276174,,10198474426189,10198476651785,751.911,0.4294,-1.1832,-0.0439,4,1.0109,1010,220,-3,220,0,1,919,10198223818078,10198431256048,207437,0,1,203348,207348,0,,,,924,220,0,0,0,0,0,0,0
926,scan,925,0,10198524298797,,10198524431265,10198526879155,751.961,0.4368,-1.1835,-0.0439,4,1.0124,1012,220,-3,220,-2,1,920,10198273845199,10198482132332,208287,0,1,203348,207372,0,,,,925,220,-2,0,0,0,0,0,0
927,scan,926,0,10198574239955,,10198574397670,10198577015838,752.011,0.4518,-1.1842,-0.0440,4,0.9961,996,220,-3,220,0,1,921,10198323719297,10198531501015,207781,0,1,203348,207375,0,,,,926,220,0,0,0,0,0,0,0
928,scan,927,0,10198624443717,,10198624626390,10198626706399,752.061,0.4593,-1.1845,-0.0441,4,0.9951,995,220,-3,220,-2,1,922,10198373841791,10198578048364,204206,0,1,203348,207285,0,,,,927,220,-2,0,0,0,0,0,0
929,scan,928,0,10198674193284,,10198674320803,10198675713967,752.111,0.4742,-1.1851,-0.0442,4,1.0158,1015,220,-3,220,2,1,923,10198424547561,10198631670118,207122,0,1,203348,207271,0,,,,928,220,2,0,0,0,0,0,0
930,scan,929,0,10198724601609,,10198724733181,10198726861506,752.161,0.4817,-1.1855,-0.0442,4,1.0118,1011,220,-3,220,-2,1,924,10198474331249,10198679072178,204740,0,1,203348,207200,0,,,,929,220,-2,0,0,0,0,0,0
931,scan,930,0,10198774283179,,10198774421876,10198776635682,752.211,0.4966,-1.1861,-0.0442,4,0.9965,996,220,-3,220,-4,1,925,10198524344609,10198731695251,207350,0,1,203348,207191,0,,,,930,220,-4,0,0,0,0,0,0
932,scan,931,0,10198824419244,,10198824547940,10198826814243,752.261,0.5041,-1.1865,-0.0442,4,0.9936,993,220,-3,220,-2,1,926,10198574296133,10198779004291,204708,0,1,203348,207125,0,,,,931,220,-2,0,0,0,0,0,0
933,scan,932,0,10198874617099,,10198874761095,10198876798562,752.311,0.5190,-1.1871,-0.0445,4,1.0006,1000,220,-3,220,-4,1,927,10198624513276,10198831506015,206992,0,1,203348,207109,0,,,,932,220,-4,0,0,0,0,0,0
934,scan,933,0,10198924680801,,10198924806081,10198926693634,752.361,0.5265,-1.1875,-0.0446,4,0.9965,996,220,-2,220,-2,1,928,10198674237098,10198881147462,206910,0,1,203348,207123,0,,,,933,220,-2,0,0,0,0,0,0
935,scan,934,0,10198974377962,,10198974527912,10198976668507,752.411,0.5415,-1.1881,-0.0448,4,1.0012,1001,220,-2,220,-4,1,929,10198724650370,10198931472986,206822,0,1,203348,207118,0,,,,934,220,-4,0,0,0,0,0,0
936,scan,935,0,10199024600248,,10199024734919,10199026739018,752.461,0.5489,-1.1885,-0.0448,4,1.0078,1007,220,-2,220,-2,1,930,10198774321718,10198980478672,206156,0,1,203348,207085,0,,,,935,220,-2,0,0,0,0,0,0
937,scan,936,0,10199074550096,,10199074676627,10199076682662,752.511,0.5639,-1.1891,-0.0450,4,0.9910,991,220,-2,220,-4,1,931,10198824463340,10199030994014,206530,0,1,203348,207069,0,,,,936,220,-4,0,0,0,0,0,0
938,scan,937,0,10199124835614,,10199125031849,10199126748480,752.561,0.5713,-1.1895,-0.0451,4,0.9959,995,220,-2,220,-3,1,932,10198874678166,10199081967822,207289,0,1,203348,207080,0,,,,937,220,-3,0,0,0,0,0,0
939,scan,938,0,10199174820219,,10199174940201,10199176704806,752.611,0.5863,-1.1901,-0.0453,4,0.9841,984,220,-1,220,-3,1,933,10198924724039,10199131726245,207002,0,1,203348,207070,0,,,,938,220,-3,0,0,0,0,0,0
940,scan,939,0,10199224778144,,10199224922333,10199226763871,752.661,0.5938,-1.1905,-0.0454,4,0.9807,980,220,-1,220,-1,1,934,10198974417911,10199181911762,207493,0,1,203348,207072,0,,,,939,220,-1,0,0,0,0,0,0
941,scan,940,0,10199275019726,,10199275165909,10199276723992,752.711,0.6012,-1.1908,-0.0455,4,1.0128,1012,220,-1,220,-4,1,935,10199024646196,10199231724186,207077,0,1,203348,207061,0,,,,940,220,-4,0,0,0,0,0,0
942,scan,941,0,10199324769668,,10199324900022,10199326826425,752.761,0.6162,-1.1915,-0.0457,4,0.9941,994,220,-1,220,-1,1,936,10199074592311,10199281922155,207329,0,1,203348,207064,0,,,,941,220,-1,0,0,0,0,0,0
943,scan,942,0,10199374930140,,10199375065409,10199376721365,752.811,0.6237,-1.1919,-0.0457,4,1.0009,1000,220,-1,220,-4,1,937,10199124913857,10199332186975,207273,0,1,203348,207033,0,,,,942,220,-4,0,0,0,0,0,0
944,scan,943,0,10199424818669,,10199424941402,10199426699780,752.861,0.6386,-1.1925,-0.0459,4,0.9874,987,220,-1,220,-2,1,938,10199174855956,10199382246749,207390,0,1,203348,207035,0,,,,943,220,-2,0,0,0,0,0,0
945,scan,944,0,10199474740115,,10199474887980,10199476773178,752.911,0.6461,-1.1929,-0.0460,4,0.9961,996,220,0,220,-5,1,939,10199224826470,10199432119591,207293,0,1,203348,207036,0,,,,944,220,-5,0,0,0,0,0,0
,wdog,,,,,,10199625082806,,,,,,,,,,,,,,,,,,,,,,,,,944,0,0,0,3,0,0,0,
