line,kind,seq,flag,t_scan_rx_ns,t_flag_rx_ns,t_uart_tx_ns,t_c_rx_ns,sim_time,x,y,yaw,wp_i,min_range,min_mm,local_v,local_w,edge_v,edge_w,edge_ok,edge_seq_used,t_send_ns,t_recv_ns,rtt_us,held,deadline_miss,rtt_min_us,rtt_win_us,rtt_degraded,t_det_rtt_ns,flag_seq,t_det_meta_ns,c_seq,v_out,w_out,mode,state,switch_us,n_sw,bad_lines,lost
1,settle,0,0,5563349040512,,5563349087462,5563352911107,53.365,0.0000,0.0000,0.0000,0,0.5937,593,0,0,0,0,0,,,,,,,,,,,,,0,0,0,0,0,0,84,0,0
2,scan,1,0,5563368885566,,5563369032462,5563370855758,53.865,0.0001,-0.0000,0.0000,0,0.5937,593,220,0,0,0,0,,,,,1,1,,,0,,,,1,0,0,0,0,0,84,0,0
3,scan,2,0,5563419381093,,5563419635515,5563421787883,53.915,0.0001,-0.0000,0.0000,0,0.6019,601,220,0,220,1,1,1,5563368952458,5563374469365,5516,0,0,5516,5516,0,,,,2,220,1,0,0,0,84,0,0
4,scan,3,0,5563468873099,,5563468993560,5563470754822,53.965,0.0001,-0.0000,0.0000,0,0.5951,595,220,0,220,1,1,2,5563419479227,5563426614349,7135,0,0,5516,6326,0,,,,3,220,1,0,0,0,84,0,0
5,scan,4,0,5563519126726,,5563519267113,5563521855999,54.015,0.0012,-0.0000,0.0000,0,0.5942,594,220,0,220,1,1,3,5563468914653,5563475497256,6582,0,0,5516,6411,0,,,,4,220,1,0,0,0,84,0,0
6,scan,5,0,5563569419243,,5563569539170,5563571737000,54.065,0.0070,-0.0000,0.0000,0,0.5846,584,220,0,220,1,1,4,5563519178027,5563526584227,7406,0,0,5516,6660,0,,,,5,220,1,0,0,0,84,0,0
7,scan,6,0,5563619096634,,5563619237849,5563621707371,54.115,0.0116,-0.0000,-0.0000,0,0.5800,580,220,0,220,1,1,5,5563569464714,5563577209698,7744,0,0,5516,6877,0,,,,6,220,1,0,0,0,84,0,0
8,scan,7,0,5563669132475,,5563669254735,5563671875773,54.165,0.0243,-0.0000,-0.0000,0,0.5710,570,220,0,220,1,1,6,5563619144318,5563626827989,7683,0,0,5516,7011,0,,,,7,220,1,0,0,0,84,0,0
9,scan,8,0,5563719148091,,5563719319764,5563721748116,54.215,0.0318,-0.0000,0.0000,0,0.5708,570,220,0,220,1,1,7,5563669175729,5563677601263,8425,0,0,5516,7213,0,,,,8,220,1,0,0,0,84,0,0
10,scan,9,0,5563769164767,,5563769312540,5563771889271,54.265,0.0467,-0.0000,0.0001,0,0.5503,550,220,0,220,1,1,8,5563719205954,5563727113873,7907,0,0,5516,7300,0,,,,9,220,1,0,0,0,84,0,0
11,scan,10,0,5563819469267,,5563819585964,5563821940203,54.315,0.0542,-0.0000,0.0001,0,0.5358,535,220,0,220,1,1,9,5563769220975,5563777073791,7852,0,0,5516,7361,0,,,,10,220,1,0,0,0,84,0,0
12,scan,11,0,5563869406341,,5563869534398,5563871745878,54.365,0.0692,-0.0000,0.0002,0,0.5351,535,220,0,220,1,1,10,5563819509850,5563827176009,7666,0,0,5516,7392,0,,,,11,220,1,0,0,0,84,0,0
13,scan,12,0,5563919412574,,5563919530297,5563921733830,54.415,0.0767,0.0000,0.0002,0,0.5288,528,220,0,220,1,1,11,5563869451828,5563877195600,7743,0,0,5516,7424,0,,,,12,220,1,0,0,0,84,0,0
14,scan,13,0,5563969498598,,5563969612491,5563971763634,54.465,0.0916,0.0000,0.0003,0,0.5262,526,220,-1,220,1,1,12,5563919454900,5563927034231,7579,0,0,5516,7436,0,,,,13,220,1,0,0,0,84,0,0
15,scan,14,0,5564019392914,,5564019508552,5564021737025,54.515,0.0991,0.0000,0.0003,0,0.5172,517,220,-1,220,1,1,13,5563969537876,5563977442379,7904,0,0,5516,7472,0,,,,14,220,1,0,0,0,84,0,0
16,scan,15,0,5564069130916,,5564069242572,5564071670185,54.565,0.1140,0.0000,0.0004,0,0.5026,502,220,-1,220,1,1,14,5564019433299,5564027245490,7812,0,0,5516,7497,0,,,,15,220,1,0,0,0,84,0,0
17,scan,16,0,5564119268142,,5564119396195,5564121738825,54.615,0.1215,0.0000,0.0004,0,0.4883,488,220,-1,220,1,1,15,5564069168539,5564076807227,7638,0,0,5516,7506,0,,,,16,220,1,0,0,0,84,0,0
18,scan,17,0,5564169281246,,5564169389966,5564171727283,54.665,0.1365,0.0000,0.0005,0,0.4712,471,220,-1,220,1,1,16,5564119314263,5564127346367,8032,0,0,5516,7539,0,,,,17,220,1,0,0,0,84,0,0
19,scan,18,0,5564219251646,,5564219395152,5564222722375,54.715,0.1440,0.0000,0.0005,0,0.4833,483,220,-1,220,1,1,17,5564169319663,5564176526868,7207,0,0,5516,7519,0,,,,18,220,1,0,0,0,84,0,0
20,scan,19,0,5564269538028,,5564269646359,5564271832271,54.765,0.1589,0.0000,0.0006,0,0.4657,465,220,-1,220,-1,1,18,5564219301887,5564226773186,7471,0,0,5516,7517,0,,,,19,220,-1,0,0,0,84,0,0
21,scan,20,0,5564319820721,,5564319975388,5564321718516,54.815,0.1664,0.0000,0.0006,0,0.4640,464,220,-1,220,-1,1,19,5564269574763,5564277242279,7667,0,0,5516,7525,0,,,,20,220,-1,0,0,0,84,0,0
22,scan,21,0,5564369770707,,5564369918458,5564371818860,54.865,0.1739,0.0000,0.0007,0,0.4542,454,220,-1,220,-1,1,20,5564319880664,5564327862327,7981,0,0,5516,7548,0,,,,21,220,-1,0,0,0,84,0,0
23,scan,22,0,5564419824115,,5564419952966,5564421700239,54.915,0.1889,0.0001,0.0006,0,0.4457,445,220,-1,220,-1,1,21,5564369815788,5564374389915,4574,0,0,4574,7406,0,,,,22,220,-1,0,0,0,84,0,0
24,scan,23,0,5564470098104,,5564470226576,5564472767316,54.965,0.1963,0.0001,0.0005,0,0.4294,429,220,-1,220,-1,1,22,5564419864336,5564427622992,7758,0,0,4574,7422,0,,,,23,220,-1,0,0,0,84,0,0
25,scan,24,0,5564519867868,,5564519987928,5564522706381,55.015,0.2113,0.0001,0.0004,0,0.4262,426,220,-1,220,1,1,23,5564470145224,5564477815470,7670,0,0,4574,7433,0,,,,24,220,1,0,0,0,84,0,0
26,scan,25,0,5564570040092,,5564570158786,5564572749789,55.065,0.2188,0.0001,0.0004,0,0.4158,415,220,-1,220,1,1,24,5564519907236,5564527707304,7800,0,0,4574,7448,0,,,,25,220,1,0,0,0,84,0,0
27,scan,26,0,5564619912342,,5564620086791,5564622726896,55.115,0.2338,0.0001,0.0004,0,0.4176,417,220,-1,220,1,1,25,5564570082165,5564577697641,7615,0,0,4574,7455,0,,,,26,220,1,0,0,0,84,0,0
28,scan,27,0,5564669889468,,5564670019555,5564671693783,55.165,0.2412,0.0001,0.0005,0,0.4080,408,220,-1,220,1,1,26,5564619958897,5564627264868,7305,0,0,4574,7449,0,,,,27,220,1,0,0,0,84,0,0
29,scan,28,0,5564720054815,,5564720183237,5564722697471,55.215,0.2562,0.0001,0.0006,0,0.3853,385,220,-1,220,1,1,27,5564669934703,5564677784508,7849,0,0,4574,7464,0,,,,28,220,1,0,1,0,84,0,0
30,scan,29,0,5564770054113,,5564770187975,5564772673200,55.265,0.2637,0.0001,0.0006,0,0.3943,394,220,-1,220,-1,1,28,5564720097516,5564727303063,7205,0,0,4574,7454,0,,,,29,220,-1,0,1,0,84,0,0
31,scan,30,0,5564820062077,,5564820186023,5564822776472,55.315,0.2786,0.0001,0.0006,0,0.3899,389,220,-1,220,-1,1,29,5564770099754,5564776806527,6706,0,0,4574,7429,0,,,,30,220,-1,0,1,0,84,0,0
32,scan,31,0,5564870145987,,5564870280844,5564872723371,55.365,0.2861,0.0001,0.0006,0,0.3785,378,220,-1,220,-1,1,30,5564820105221,5564826959103,6853,0,0,4574,7410,0,,,,31,220,-1,0,1,0,84,0,0
33,scan,32,0,5564920261290,,5564920393009,5564922676550,55.415,0.3011,0.0001,0.0005,0,0.3836,383,220,-1,220,-1,1,31,5564870196459,5564877386886,7190,0,0,4574,7402,0,,,,32,220,-1,0,1,0,84,0,0
34,scan,33,0,5564970547232,,5564970722972,5564972894650,55.465,0.3085,0.0001,0.0004,0,0.3654,365,220,-1,220,1,1,32,5564920304768,5564927428168,7123,0,0,4574,7394,0,,,,33,220,1,0,1,0,84,0,0
35,scan,34,0,5565022915647,,5565023102038,5565026064647,55.515,0.3235,0.0001,0.0004,0,0.3716,371,220,-1,220,1,1,33,5564970626541,5564978558112,7931,0,0,4574,7410,0,,,,34,220,1,0,1,0,84,0,0
36,scan,35,0,5565072132599,,5565072277854,5565074820296,55.565,0.3310,0.0001,0.0005,0,0.3700,369,220,-1,220,1,1,34,5565022986888,5565031095014,8108,0,0,4574,7430,0,,,,35,220,1,0,1,0,84,0,0
37,scan,36,0,5565121642575,,5565121865432,5565123768591,55.615,0.3459,0.0001,0.0006,0,0.3726,372,220,-1,220,1,1,35,5565072184831,5565079534877,7350,0,0,4574,7428,0,,,,36,220,1,0,1,0,84,0,0
38,scan,37,0,5565171240295,,5565171385828,5565173826002,55.665,0.3534,0.0001,0.0006,0,0.3730,372,220,-2,220,-1,1,36,5565121690733,5565129470216,7779,0,0,4574,7438,0,,,,37,220,-1,0,1,0,84,0,0
39,scan,38,0,5565221080105,,5565221227855,5565223792301,55.715,0.3609,0.0001,0.0006,0,0.3579,357,220,-2,220,-1,1,37,5565171287058,5565181797513,10510,0,0,4574,7521,0,,,,38,220,-1,0,1,0,84,0,0
40,scan,39,0,5565271109911,,5565271268751,5565273700414,55.765,0.3758,0.0001,0.0006,0,0.3621,362,220,-2,220,-1,1,38,5565221128188,5565227596788,6468,0,0,4574,7493,0,,,,39,220,-1,0,1,0,84,0,0
41,scan,40,0,5565320945330,,5565321080126,5565323697474,55.815,0.3833,0.0002,0.0005,0,0.3679,367,220,-1,220,-1,1,39,5565271155727,5565279060562,7904,0,0,4574,7504,0,,,,40,220,-1,0,1,0,84,0,0
42,scan,41,0,5565370762052,,5565370894667,5565372712716,55.865,0.3983,0.0002,0.0004,0,0.3543,354,220,-1,220,-1,1,40,5565320992649,5565327557778,6565,0,0,4574,7480,0,,,,41,220,-1,0,1,0,84,0,0
43,scan,42,0,5565420932893,,5565421101836,5565423671230,55.915,0.4058,0.0002,0.0004,0,0.3856,385,220,-1,220,1,1,41,5565370806830,5565375436941,4630,0,0,4574,7458,0,,,,42,220,1,0,1,0,84,0,0
44,scan,43,0,5565470880291,,5565471020976,5565472752026,55.965,0.4207,0.0002,0.0004,0,0.3602,360,220,-1,220,1,1,42,5565420998482,5565427696228,6697,0,0,4574,7447,0,,,,43,220,1,0,1,0,84,0,0
45,scan,44,0,5565521286815,,5565521423032,5565523780631,56.015,0.4282,0.0002,0.0004,0,0.3791,379,220,-1,220,1,1,43,5565470927910,5565478032291,7104,0,0,4574,7460,0,,,,44,220,1,0,1,0,84,0,0
46,scan,45,0,5565571445992,,5565571609385,5565573753233,56.065,0.4432,0.0002,0.0005,0,0.4217,421,220,-2,220,1,1,44,5565521335465,5565528204012,6868,0,0,4574,7447,0,,,,45,220,1,0,0,0,84,0,0
47,scan,46,0,5565621377206,,5565621511015,5565623726854,56.115,0.4507,0.0002,0.0006,0,0.6640,664,220,-2,220,0,1,45,5565571493432,5565578888219,7394,0,0,4574,7438,0,,,,46,220,0,0,0,0,84,0,0
48,scan,47,0,5565670980977,,5565671133275,5565673710572,56.165,0.4656,0.0002,0.0006,0,1.5043,1504,220,-2,220,0,1,46,5565621424271,5565628822500,7398,0,0,4574,7431,0,,,,47,220,0,0,0,0,84,0,0
49,scan,48,0,5565720942870,,5565721088719,5565723703267,56.215,0.4731,0.0002,0.0006,0,1.4784,1478,220,-2,220,0,1,47,5565671039018,5565675766137,4727,0,0,4574,7338,0,,,,48,220,0,0,0,0,84,0,0
50,scan,49,0,5565770975346,,5565771106583,5565773885243,56.265,0.4881,0.0002,0.0006,0,1.4764,1476,220,-2,220,0,1,48,5565720993150,5565727828213,6835,0,0,4574,7312,0,,,,49,220,0,0,0,0,84,0,0
51,scan,50,0,5565821146279,,5565821287553,5565823727232,56.315,0.4955,0.0002,0.0006,0,1.4650,1464,220,-2,220,0,1,49,5565771018826,5565778423602,7404,0,0,4574,7300,0,,,,50,220,0,0,0,0,84,0,0
52,scan,51,0,5565871006960,,5565871132703,5565873749933,56.365,0.5105,0.0002,0.0006,0,1.4484,1448,220,-2,220,0,1,50,5565821198479,5565828823367,7624,0,0,4574,7299,0,,,,51,220,0,0,0,0,84,0,0
53,scan,52,0,5565921421024,,5565921562067,5565923756105,56.415,0.5180,0.0002,0.0006,0,1.4450,1445,220,-2,220,0,1,51,5565871049422,5565878965730,7916,0,0,4574,7304,0,,,,52,220,0,0,0,0,84,0,0
54,scan,53,0,5565971675237,,5565971816979,5565973694739,56.465,0.5329,0.0002,0.0006,0,1.4272,1427,220,-2,220,0,1,52,5565921471214,5565929176547,7705,0,0,4574,7307,0,,,,53,220,0,0,0,0,84,0,0
55,scan,54,0,5566021631780,,5566021771058,5566023687908,56.515,0.5404,0.0002,0.0006,0,1.4218,1421,220,-2,220,0,1,53,5565971728122,5565979354061,7625,0,0,4574,7300,0,,,,54,220,0,0,0,0,84,0,0
56,scan,55,0,5566071484267,,5566071623876,5566073743268,56.565,0.5479,0.0002,0.0006,0,1.4235,1423,220,-2,220,0,1,54,5566021680572,5566029210274,7529,0,0,4574,7293,0,,,,55,220,0,0,0,0,84,0,0
57,scan,56,0,5566121479426,,5566121601191,5566123733729,56.615,0.5628,0.0003,0.0006,0,1.3972,1397,220,-2,220,0,1,55,5566071528238,5566079365907,7837,0,0,4574,7298,0,,,,56,220,0,0,0,0,84,0,0
58,scan,57,0,5566171447038,,5566171573426,5566173754567,56.665,0.5703,0.0003,0.0006,0,1.3890,1389,220,-2,220,0,1,56,5566121521138,5566129303118,7781,0,0,4574,7292,0,,,,57,220,0,0,0,0,84,0,0
59,scan,58,0,5566221413076,,5566221548139,5566224751698,56.715,0.5853,0.0003,0.0006,0,1.3664,1366,220,-2,220,0,1,57,5566171492533,5566178933861,7441,0,0,4574,7297,0,,,,58,220,0,0,0,0,84,0,0
60,scan,59,0,5566271596403,,5566271720889,5566273800912,56.765,0.5928,0.0003,0.0006,0,1.3702,1370,220,-2,220,0,1,58,5566221455877,5566229109269,7653,0,0,4574,7302,0,,,,59,220,0,0,0,0,84,0,0
61,scan,60,0,5566321727274,,5566321868012,5566323743276,56.815,0.6077,0.0003,0.0006,0,1.3554,1355,220,-2,220,0,1,59,5566271641708,5566275843736,4202,0,0,4202,7215,0,,,,60,220,0,0,0,0,84,0,0
62,scan,61,0,5566371589868,,5566371707117,5566373738201,56.865,0.6152,0.0003,0.0006,0,1.3437,1343,220,-2,220,0,1,60,5566321777947,5566325788646,4010,0,0,4010,7116,0,,,,61,220,0,0,0,0,84,0,0
63,scan,62,0,5566421695595,,5566421828837,5566423810455,56.915,0.6302,0.0003,0.0006,0,1.3405,1340,220,-2,220,0,1,61,5566371634182,5566375958529,4324,0,0,4010,7110,0,,,,62,220,0,0,0,0,84,0,0
64,scan,63,0,5566471892828,,5566472058620,5566474666634,56.965,0.6377,0.0003,0.0006,0,1.3204,1320,220,-2,220,0,1,62,5566421741914,5566429696078,7954,0,0,4010,7115,0,,,,63,220,0,0,0,0,84,0,0
65,scan,64,0,5566522220753,,5566522355468,5566524735454,57.015,0.6526,0.0003,0.0006,0,1.3094,1309,220,-2,220,0,1,63,5566471941446,5566479351005,7409,0,0,4010,7108,0,,,,64,220,0,0,0,0,84,0,0
66,scan,65,0,5566572482594,,5566572627976,5566574716914,57.065,0.6601,0.0003,0.0006,0,1.3015,1301,220,-2,220,0,1,64,5566522268463,5566530264954,7996,0,0,4010,7113,0,,,,65,220,0,0,0,0,84,0,0
67,scan,66,0,5566622725727,,5566622858639,5566624760112,57.115,0.6751,0.0003,0.0006,0,1.2825,1282,220,-2,220,0,1,65,5566572533245,5566581399924,8866,0,0,4010,7144,0,,,,66,220,0,0,0,0,84,0,0
68,scan,67,0,5566672865621,,5566673003622,5566675718147,57.165,0.6825,0.0003,0.0006,0,1.2848,1284,220,-2,220,0,1,66,5566622769739,5566630286154,7516,0,0,4010,7150,0,,,,67,220,0,0,0,0,84,0,0
69,scan,68,0,5566722701248,,5566722824962,5566724717246,57.215,0.6975,0.0003,0.0006,0,1.2593,1259,220,-3,220,0,1,67,5566672914908,5566680682317,7767,0,0,4010,7148,0,,,,68,220,0,0,0,0,84,0,0
70,scan,69,0,5566772812464,,5566772949720,5566774709379,57.265,0.7050,0.0003,0.0006,0,1.2598,1259,220,-3,220,0,1,68,5566722741866,5566730128690,7386,0,0,4010,7152,0,,,,69,220,0,0,0,0,84,0,0
71,scan,70,0,5566823504289,,5566823787911,5566825753729,57.315,0.7199,0.0003,0.0006,0,1.2548,1254,220,-3,220,0,1,69,5566772862275,5566780568591,7706,0,0,4010,7177,0,,,,70,220,0,0,0,0,84,0,0
72,scan,71,0,5566873265791,,5566873438927,5566875837002,57.365,0.7274,0.0003,0.0006,0,1.2387,1238,220,-3,220,0,1,70,5566823595020,5566831581364,7986,0,0,4010,7205,0,,,,71,220,0,0,0,0,84,0,0
73,scan,72,0,5566922905507,,5566923049837,5566925803088,57.415,0.7349,0.0004,0.0006,0,1.2304,1230,220,-3,220,0,1,71,5566873318567,5566881077627,7759,0,0,4010,7220,0,,,,72,220,0,0,0,0,84,0,0
74,scan,73,0,5566972781353,,5566972916290,5566974864019,57.465,0.7499,0.0004,0.0006,0,1.2118,1211,220,-3,220,0,1,72,5566922958254,5566931127696,8169,0,0,4010,7246,0,,,,73,220,0,0,0,0,84,0,0
75,scan,74,0,5567022860685,,5567023000239,5567025760444,57.515,0.7573,0.0004,0.0006,0,1.2051,1205,220,-3,220,0,1,73,5566972828401,5566979318194,6489,0,0,4010,7227,0,,,,74,220,0,0,0,0,84,0,0
76,scan,75,0,5567072938851,,5567073074185,5567075691532,57.565,0.7723,0.0004,0.0006,0,1.1856,1185,220,-3,220,0,1,74,5567022909883,5567030154920,7245,0,0,4010,7188,0,,,,75,220,0,0,0,0,84,0,0
77,scan,76,0,5567122489588,,5567122620499,5567124768442,57.615,0.7798,0.0004,0.0006,0,1.1719,1171,220,-3,220,0,1,75,5567072987354,5567080621131,7633,0,0,4010,7195,0,,,,76,220,0,0,0,0,84,0,0
78,scan,77,0,5567172719866,,5567172861985,5567174727820,57.665,0.7947,0.0004,0.0006,0,1.1664,1166,220,-3,220,0,1,76,5567122534935,5567130173652,7638,0,0,4010,7192,0,,,,77,220,0,0,0,0,84,0,0
79,scan,78,0,5567222966897,,5567223103508,5567225635995,57.715,0.8022,0.0004,0.0006,0,1.1511,1151,220,-3,220,0,1,77,5567172770480,5567176991135,4220,0,0,4010,7034,0,,,,78,220,0,0,0,0,84,0,0
80,scan,79,0,5567272736277,,5567272900673,5567274737666,57.765,0.8172,0.0004,0.0006,0,1.1430,1142,220,-3,220,0,1,78,5567223015194,5567230871867,7856,0,0,4010,7069,0,,,,79,220,0,0,0,0,84,0,0
81,scan,80,0,5567322842322,,5567322977799,5567325713781,57.815,0.8247,0.0004,0.0006,0,1.1400,1139,220,-3,220,0,1,79,5567272798373,5567279767696,6969,0,0,4010,7046,0,,,,80,220,0,0,0,0,84,0,0
82,scan,81,0,5567372820186,,5567372953140,5567374718618,57.865,0.8396,0.0004,0.0006,0,1.1256,1125,220,-3,220,0,1,80,5567322890653,5567330627301,7736,0,0,4010,7075,0,,,,81,220,0,0,0,0,84,0,0
83,scan,82,0,5567423035745,,5567423166549,5567425746008,57.915,0.8471,0.0004,0.0006,0,1.1172,1117,220,-4,220,0,1,81,5567372868665,5567377572152,4703,0,0,4010,7077,0,,,,82,220,0,0,0,0,84,0,0
84,scan,83,0,5567472867184,,5567473003318,5567474709133,57.965,0.8621,0.0004,0.0006,0,1.1019,1101,220,-4,220,0,1,82,5567423082301,5567427352799,4270,0,0,4010,7016,0,,,,83,220,0,0,0,0,84,0,0
85,scan,84,0,5567522906381,,5567523044721,5567524759992,58.015,0.8695,0.0004,0.0006,0,1.0893,1089,220,-4,220,0,1,83,5567472914974,5567480847998,7933,0,0,4010,7037,0,,,,84,220,0,0,0,0,84,0,0
86,scan,85,0,5567572770883,,5567572903515,5567574760862,58.065,0.8845,0.0004,0.0006,0,1.0860,1086,220,-4,220,0,1,84,5567522955428,5567530877208,7921,0,0,4010,7063,0,,,,85,220,0,0,0,0,84,0,0
87,scan,86,0,5567622941515,,5567623110951,5567625794622,58.115,0.8920,0.0004,0.0006,0,1.0647,1064,220,-4,220,0,1,85,5567572815432,5567578421830,5606,0,0,4010,7019,0,,,,86,220,0,0,0,0,84,0,0
88,scan,87,0,5567673088069,,5567673208257,5567675915871,58.165,0.9069,0.0005,0.0006,0,1.0534,1053,220,-4,220,0,1,86,5567622992573,5567627610630,4618,0,0,4010,6949,0,,,,87,220,0,0,0,0,84,0,0
89,scan,88,0,5567723151242,,5567723305710,5567726018715,58.215,0.9144,0.0005,0.0006,0,1.0345,1034,220,-4,220,0,1,87,5567673125107,5567679400118,6275,0,0,4010,6988,0,,,,88,220,0,0,0,0,84,0,0
90,scan,89,0,5567773619461,,5567773757868,5567775815811,58.265,0.9219,0.0005,0.0006,0,1.0232,1023,220,-5,220,0,1,88,5567723198065,5567730615855,7417,0,0,4010,7002,0,,,,89,220,0,0,0,0,84,0,0
91,scan,90,0,5567826376282,,5567826524476,5567828820314,58.315,0.9369,0.0005,0.0006,0,1.0226,1022,220,-5,220,0,1,89,5567773669666,5567781799264,8129,0,0,4010,7020,0,,,,90,220,0,0,0,0,84,0,0
92,scan,91,0,5567875572098,,5567875737091,5567877865316,58.365,0.9443,0.0005,0.0006,0,1.0202,1020,220,-5,220,0,1,90,5567826428160,5567833823821,7395,0,0,4010,7015,0,,,,91,220,0,0,0,0,84,0,0
93,scan,92,0,5567924771030,,5567924902310,5567926829172,58.415,0.9593,0.0005,0.0006,0,0.9912,991,220,-5,220,0,1,91,5567875622049,5567882000948,6378,0,0,4010,6976,0,,,,92,220,0,0,0,0,84,0,0
94,scan,93,0,5567974684169,,5567974819409,5567976925399,58.465,0.9668,0.0005,0.0006,0,0.9848,984,220,-5,220,0,1,92,5567924816536,5567930759963,5943,0,0,4010,6932,0,,,,93,220,0,0,0,0,84,0,0
95,scan,94,0,5568024434579,,5568024588990,5568026770201,58.515,0.9817,0.0005,0.0006,0,0.9806,980,220,-6,220,0,1,93,5567974732159,5567982405836,7673,0,0,4010,6933,0,,,,94,220,0,0,0,0,84,0,0
96,scan,95,0,5568074255141,,5568074382838,5568076692456,58.565,0.9892,0.0005,0.0006,0,0.9631,963,220,-6,220,0,1,94,5568024484359,5568029030928,4546,0,0,4010,6859,0,,,,95,220,0,0,0,0,84,0,0
97,scan,96,0,5568123894556,,5568124055880,5568126700980,58.615,1.0042,0.0005,0.0006,0,0.9621,962,220,-6,220,-9,1,95,5568074297662,5568082078874,7781,0,0,4010,6857,0,,,,96,220,-9,0,0,0,84,0,0
98,scan,97,0,5568173975425,,5568174121729,5568176703331,58.665,1.0117,0.0005,0.0006,0,0.9456,945,220,-7,220,-10,1,96,5568123938007,5568131653341,7715,0,0,4010,6856,0,,,,97,220,-10,0,0,0,84,0,0
99,scan,98,0,5568223761421,,5568223879623,5568225764354,58.715,1.0266,0.0005,0.0003,0,0.9426,942,220,-7,220,-10,1,97,5568174020766,5568181412228,7391,0,0,4010,6855,0,,,,98,220,-10,0,0,0,84,0,0
100,scan,99,0,5568273823928,,5568273967484,5568276713650,58.765,1.0341,0.0005,-0.0002,0,0.9233,923,220,-6,220,-9,1,98,5568223799525,5568231021302,7221,0,0,4010,6844,0,,,,99,220,-9,0,0,0,84,0,0
101,scan,100,0,5568323786922,,5568323911083,5568325758834,58.815,1.0491,0.0005,-0.0012,0,0.9154,915,220,-4,220,-10,1,99,5568273883369,5568281484928,7601,0,0,4010,6929,0,,,,100,220,-10,0,0,0,84,0,0
102,scan,101,0,5568373848374,,5568373985110,5568375759704,58.865,1.0565,0.0005,-0.0014,1,0.9058,905,0,1000,220,-9,1,100,5568323827801,5568331605293,7777,0,0,4010,7023,0,,,,101,220,-9,0,0,0,84,0,0
103,scan,102,0,5568423673239,,5568423815426,5568425711795,58.915,1.0715,0.0005,-0.0018,1,0.8915,891,0,1000,0,999,1,101,5568373893199,5568378045151,4151,0,0,4010,7019,0,,,,102,0,999,0,0,0,84,0,0
104,scan,103,0,5568474004540,,5568474131445,5568476680835,58.965,1.0790,0.0005,-0.0022,1,0.8884,888,0,1000,0,999,1,102,5568423719886,5568430966933,7247,0,0,4010,7001,0,,,,103,0,999,0,0,0,84,0,0
105,scan,104,0,5568524407573,,5568524548343,5568526731863,59.015,1.0905,0.0004,-0.0026,1,0.8739,873,0,1000,0,999,1,103,5568474048740,5568481686607,7637,0,0,4010,7007,0,,,,104,0,999,0,0,0,84,0,0
106,scan,105,0,5568574491557,,5568574627764,5568576741974,59.065,1.0945,0.0004,-0.0023,1,0.8733,873,0,1000,0,999,1,104,5568524451481,5568531360309,6908,0,0,4010,6979,0,,,,105,0,999,0,0,0,84,0,0
107,scan,106,0,5568624878729,,5568625031025,5568627718735,59.115,1.0974,0.0004,-0.0020,1,0.8614,861,0,1000,0,999,1,105,5568574540820,5568582124777,7583,0,0,4010,6947,0,,,,106,0,999,0,0,0,84,0,0
108,scan,107,0,5568674855516,,5568674978207,5568676828535,59.165,1.1012,0.0004,0.0065,1,0.8582,858,0,1000,0,999,1,106,5568624939284,5568632177611,7238,0,0,4010,6940,0,,,,107,0,999,0,0,0,84,0,0
109,scan,108,0,5568724648889,,5568724920626,5568726693293,59.215,1.1023,0.0004,0.0243,1,0.8619,861,0,1000,0,999,1,107,5568674895681,5568682337826,7442,0,0,4010,6932,0,,,,108,0,999,0,0,0,84,0,0
110,scan,109,0,5568774395388,,5568774529200,5568776736393,59.265,1.1027,0.0004,0.0928,1,0.8654,865,0,1000,0,999,1,108,5568724740477,5568731407460,6666,0,0,4010,6914,0,,,,109,0,999,0,0,0,84,0,0
111,scan,110,0,5568824394801,,5568824538001,5568826701330,59.315,1.1026,0.0004,0.1352,1,0.8542,854,0,1000,0,999,1,109,5568774440168,5568782085398,7645,0,0,4010,6913,0,,,,110,0,999,0,0,0,84,0,0
112,scan,111,0,5568874375957,,5568874502436,5568876701415,59.365,1.1025,0.0004,0.2059,1,0.8674,867,0,1000,0,999,1,110,5568824444432,5568831686615,7242,0,0,4010,6894,0,,,,111,0,999,0,0,0,84,0,0
113,scan,112,0,5568924447858,,5568924598711,5568926747341,59.415,1.1024,0.0004,0.2343,1,0.8634,863,0,1000,0,999,1,111,5568874419202,5568882231046,7811,0,0,4010,6895,0,,,,112,0,999,0,0,0,84,0,0
114,scan,113,0,5568974831616,,5568974978834,5568976812645,59.465,1.1023,0.0003,0.2981,1,0.8620,861,0,1000,0,999,1,112,5568924499345,5568931737854,7238,0,0,4010,6872,0,,,,113,0,999,0,0,0,84,0,0
115,scan,114,0,5569024694742,,5569024818393,5569026731203,59.515,1.1023,0.0003,0.3353,1,0.8514,851,0,1000,0,999,1,113,5568974889889,5568979542446,4652,0,0,4010,6826,0,,,,114,0,999,0,0,0,84,0,0
116,scan,115,0,5569074556887,,5569074679345,5569076693880,59.565,1.1022,0.0003,0.4071,1,0.8628,862,0,1000,0,999,1,114,5569024739124,5569032599967,7860,0,0,4010,6842,0,,,,115,0,999,0,0,0,84,0,0
117,scan,116,0,5569124428892,,5569124561036,5569126747487,59.615,1.1021,0.0002,0.4393,1,0.8554,855,0,1000,0,999,1,115,5569074596951,5569081970334,7373,0,0,4010,6835,0,,,,116,0,999,0,0,0,84,0,0
118,scan,117,0,5569174502875,,5569174618083,5569176743400,59.665,1.1020,0.0002,0.5039,1,0.8493,849,0,1000,0,999,1,116,5569124471680,5569131457609,6985,0,0,4010,6819,0,,,,117,0,999,0,0,0,84,0,0
119,scan,118,0,5569224727116,,5569224850217,5569226736175,59.715,1.1020,0.0002,0.5387,1,0.8531,853,0,1000,0,999,1,117,5569174541491,5569181792275,7250,0,0,4010,6895,0,,,,118,0,999,0,0,0,84,0,0
120,scan,119,0,5569274778641,,5569274905698,5569276754383,59.765,1.1019,0.0001,0.6090,1,0.8460,846,0,1000,0,999,1,118,5569224771155,5569231616585,6845,0,0,4010,6869,0,,,,119,0,999,0,0,0,84,0,0
121,scan,120,0,5569324787779,,5569324939385,5569326737833,59.815,1.1018,0.0000,0.6427,1,0.8659,865,0,1000,0,999,1,119,5569274821991,5569282237817,7415,0,0,4010,6880,0,,,,120,0,999,0,0,0,84,0,0
122,scan,121,0,5569374903766,,5569375033182,5569377648910,59.865,1.1018,-0.0000,0.7088,1,0.8594,859,0,1000,0,999,1,120,5569324845172,5569331609887,6764,0,0,4010,6856,0,,,,121,0,999,0,0,0,84,0,0
123,scan,122,0,5569424768464,,5569424888726,5569426727561,59.915,1.1017,-0.0001,0.7427,1,0.8537,853,0,1000,0,999,1,121,5569374944901,5569379703861,4758,0,0,4010,6858,0,,,,122,0,999,0,0,0,84,0,0
124,scan,123,0,5569475198635,,5569475319620,5569477730120,59.965,1.1017,-0.0001,0.7772,1,0.8539,853,0,1000,0,999,1,122,5569424808819,5569429223502,4414,0,0,4010,6861,0,,,,123,0,999,0,0,0,84,0,0
125,scan,124,0,5569525618959,,5569525783895,5569527696987,60.015,1.1016,-0.0002,0.8459,1,0.8630,863,0,1000,0,999,1,123,5569475240631,5569482875324,7634,0,0,4010,6854,0,,,,124,0,999,0,0,0,84,0,0
126,scan,125,0,5569575799912,,5569575938412,5569577696650,60.065,1.1016,-0.0003,0.8795,1,0.8586,858,0,1000,0,999,1,124,5569525690625,5569532962026,7271,0,0,4010,6837,0,,,,125,0,999,0,0,0,84,0,0
127,scan,126,0,5569625551659,,5569625705816,5569627761033,60.115,1.1015,-0.0004,0.9468,1,0.8659,865,0,1000,0,999,1,125,5569575848085,5569583215477,7367,0,0,4010,6881,0,,,,126,0,999,0,0,0,84,0,0
128,scan,127,0,5569675918639,,5569676131670,5569678681486,60.165,1.1015,-0.0004,0.9809,1,0.6213,621,0,1000,0,999,1,126,5569625606713,5569629374095,3767,0,0,3767,6860,0,,,,127,0,999,0,0,0,84,0,0
129,scan,128,0,5569725241894,,5569725377315,5569727732530,60.215,1.1014,-0.0005,1.0493,1,0.5729,572,0,879,0,996,1,127,5569675974631,5569682651172,6676,0,0,3767,6870,0,,,,128,0,996,0,0,0,84,0,0
130,scan,129,0,5569775614567,,5569775756155,5569777689231,60.265,1.1014,-0.0006,1.0832,1,0.5518,551,0,811,0,886,1,128,5569725282591,5569733171930,7889,0,0,3767,6882,0,,,,129,0,886,0,0,0,84,0,0
131,scan,130,0,5569825597168,,5569825735675,5569827698631,60.315,1.1014,-0.0007,1.1498,1,0.5467,546,220,678,3,811,1,129,5569775665358,5569782722433,7057,0,0,3767,6886,0,,,,130,3,811,0,0,0,84,0,0
132,scan,131,0,5569875804923,,5569875957636,5569878656927,60.365,1.1013,-0.0007,1.1802,1,0.5461,546,220,617,220,665,1,130,5569825637944,5569833090823,7452,0,0,3767,6857,0,,,,131,220,665,0,0,0,84,0,0
133,scan,132,0,5569925511320,,5569925634609,5569927817219,60.415,1.1017,0.0004,1.2351,1,0.5434,543,220,508,220,602,1,131,5569875857459,5569883708415,7850,0,0,3767,6893,0,,,,132,220,602,0,0,0,84,0,0
134,scan,133,0,5569975951860,,5569976114883,5569978682883,60.465,1.1025,0.0025,1.2673,1,0.5412,541,220,444,220,493,1,132,5569925551543,5569933192075,7640,0,0,3767,6936,0,,,,133,220,493,0,0,0,84,0,0
135,scan,134,0,5570025486586,,5570025606374,5570027789632,60.515,1.1045,0.0102,1.3460,1,0.5404,540,220,289,220,429,1,133,5569975995756,5569983456313,7460,0,0,3767,6930,0,,,,134,220,429,0,0,0,84,0,0
136,scan,135,0,5570075608792,,5570075728236,5570077685649,60.565,1.1057,0.0158,1.3838,1,0.5240,523,220,215,220,277,1,134,5570025526592,5570033440583,7913,0,0,3767,7015,0,,,,135,220,277,0,0,0,84,0,0
137,scan,136,0,5570125865362,,5570126004799,5570128683809,60.615,1.1077,0.0286,1.4393,1,0.5211,521,220,106,220,205,1,135,5570075648635,5570083389234,7740,0,0,3767,7014,0,,,,136,220,205,0,0,0,84,0,0
138,scan,137,0,5570175894287,,5570176061471,5570178732682,60.665,1.1086,0.0358,1.4506,1,0.5152,515,220,84,220,102,1,136,5570125917839,5570133314954,7397,0,0,3767,7006,0,,,,137,220,102,0,0,0,84,0,0
139,scan,138,0,5570225767196,,5570225885541,5570228741069,60.715,1.1104,0.0506,1.4485,1,0.5072,507,220,89,220,80,1,137,5570175936558,5570183407874,7471,0,0,3767,7008,0,,,,138,220,80,0,0,0,84,0,0
140,scan,139,0,5570275830921,,5570276112467,5570278668993,60.765,1.1114,0.0581,1.4472,1,0.4909,490,220,92,220,83,1,138,5570225803712,5570233227932,7424,0,0,3767,7013,0,,,,139,220,83,0,0,0,84,0,0
141,scan,140,0,5570325756976,,5570325888366,5570327705661,60.815,1.1123,0.0655,1.4508,1,0.4901,490,220,86,220,88,1,139,5570275876070,5570283772152,7896,0,0,3767,7020,0,,,,140,220,88,0,0,0,84,0,0
142,scan,141,0,5570376049481,,5570376169433,5570378698645,60.865,1.1140,0.0803,1.4641,1,0.4819,481,220,60,220,81,1,140,5570325802139,5570333332645,7530,0,0,3767,7014,0,,,,141,220,81,0,0,0,84,0,0
143,scan,142,0,5570426451714,,5570426579101,5570428713451,60.915,1.1147,0.0877,1.4672,1,0.4707,470,220,54,220,58,1,141,5570376092891,5570380582335,4489,0,0,3767,7022,0,,,,142,220,58,0,0,0,84,0,0
144,scan,143,0,5570476426465,,5570476546590,5570478771208,60.965,1.1163,0.1026,1.4680,1,0.4517,451,220,53,220,53,1,142,5570426495479,5570434652816,8157,0,0,3767,7045,0,,,,143,220,53,0,0,0,84,0,0
145,scan,144,0,5570526454688,,5570526583295,5570528708515,61.015,1.1170,0.1101,1.4692,1,0.4506,450,220,51,220,51,1,143,5570476466126,5570483507536,7041,0,0,3767,7030,0,,,,144,220,51,0,0,0,84,0,0
146,scan,145,0,5570576365001,,5570576494363,5570578717889,61.065,1.1185,0.1249,1.4749,1,0.4398,439,220,40,220,49,1,144,5570526500931,5570534106504,7605,0,0,3767,7048,0,,,,145,220,49,0,0,0,84,0,0
147,scan,146,0,5570626440914,,5570626598964,5570628724159,61.115,1.1192,0.1324,1.4773,1,0.4305,430,220,36,220,40,1,145,5570576407989,5570583819186,7411,0,0,3767,7043,0,,,,146,220,40,0,0,0,84,0,0
148,scan,147,0,5570676505959,,5570676643324,5570678765038,61.165,1.1206,0.1473,1.4794,1,0.4201,420,220,32,220,35,1,146,5570626490413,5570634608836,8118,0,0,3767,7065,0,,,,147,220,35,0,0,0,84,0,0
149,scan,148,0,5570726590339,,5570726723627,5570728735381,61.215,1.1213,0.1547,1.4802,1,0.4260,425,220,31,220,33,1,147,5570676553749,5570680771298,4217,0,0,3767,6985,0,,,,148,220,33,0,0,0,84,0,0
150,scan,149,0,5570776654164,,5570776778515,5570778772449,61.265,1.1226,0.1696,1.4829,1,0.4203,420,220,26,220,30,1,148,5570726636712,5570734558281,7921,0,0,3767,7016,0,,,,149,220,30,0,0,0,84,0,0
151,scan,150,0,5570826727494,,5570826851149,5570828718583,61.315,1.1233,0.1771,1.4844,1,0.4069,406,220,23,220,26,1,149,5570776695939,5570783808329,7112,0,0,3767,7003,0,,,,150,220,26,0,0,0,84,0,0
152,scan,151,0,5570876776739,,5570876902991,5570878699738,61.365,1.1246,0.1920,1.4863,1,0.3935,393,220,20,220,23,1,150,5570826770126,5570834389685,7619,0,0,3767,7012,0,,,,151,220,23,0,1,0,84,0,0
153,scan,152,0,5570926655467,,5570926812646,5570928778628,61.415,1.1252,0.1994,1.4869,1,0.3810,380,220,18,220,21,1,151,5570876819232,5570883416430,6597,0,0,3767,6982,0,,,,152,220,21,0,1,0,84,0,0
154,scan,153,0,5570976706242,,5570976860664,5570978718244,61.465,1.1264,0.2144,1.4884,1,0.3849,384,220,16,220,18,1,152,5570926713354,5570933194640,6481,0,0,3767,6963,0,,,,153,220,18,0,1,0,84,0,0
155,scan,154,0,5571026493457,,5571026650870,5571028769778,61.515,1.1271,0.2218,1.4892,1,0.3625,362,220,14,220,16,1,153,5570976750707,5570982753531,6002,0,0,3767,6997,0,,,,154,220,16,0,1,0,84,0,0
156,scan,155,0,5571076779288,,5571076927523,5571078759313,61.565,1.1283,0.2367,1.4905,1,0.3527,352,220,12,220,15,1,154,5571026561039,5571033999798,7438,0,0,3767,6986,0,,,,155,220,15,0,1,0,84,0,0
157,scan,156,0,5571126810605,,5571126941424,5571129700950,61.615,1.1289,0.2442,1.4909,1,0.3477,347,220,11,220,13,1,155,5571076818433,5571083592798,6774,0,0,3767,6971,0,,,,156,220,13,0,1,0,84,0,0
158,scan,157,0,5571176933266,,5571177072151,5571179702276,61.665,1.1295,0.2516,1.4913,1,0.3495,349,220,11,220,12,1,156,5571126855629,5571135149455,8293,0,0,3767,7004,0,,,,157,220,12,0,1,0,84,0,0
159,scan,158,0,5571226865828,,5571227015526,5571229688652,61.715,1.1306,0.2666,1.4923,1,0.3431,343,220,9,220,11,1,157,5571176990294,5571183245962,6255,0,0,3767,6979,0,,,,158,220,11,0,1,0,84,0,0
160,scan,159,0,5571276930936,,5571277085808,5571279660581,61.765,1.1312,0.2740,1.4927,1,0.3325,332,220,8,220,11,1,158,5571226916120,5571234332488,7416,0,0,3767,6993,0,,,,159,220,11,0,1,0,84,0,0
161,scan,160,0,5571326800588,,5571326927930,5571328690119,61.815,1.1324,0.2889,1.4935,1,0.3239,323,220,6,220,8,1,159,5571276976796,5571285185855,8209,0,0,3767,7013,0,,,,160,220,8,0,1,0,84,0,0
162,scan,161,0,5571376926400,,5571377057613,5571379656678,61.865,1.1330,0.2964,1.4939,1,0.3211,321,220,6,220,6,1,160,5571326842420,5571334688280,7845,0,0,3767,7040,0,,,,161,220,6,0,1,0,84,0,0
163,scan,162,0,5571426911725,,5571427046178,5571429668396,61.915,1.1341,0.3113,1.4945,1,0.3180,317,220,5,220,7,1,161,5571376970965,5571381625878,4654,0,0,3767,7038,0,,,,162,220,7,0,1,0,84,0,0
164,scan,163,0,5571477442718,,5571477587088,5571479725584,61.965,1.1347,0.3187,1.4947,1,0.3193,319,220,4,220,6,1,162,5571426957052,5571434939854,7982,0,0,3767,7127,0,,,,163,220,6,0,1,0,84,0,0
165,scan,164,0,5571527621189,,5571527764769,5571529683757,62.015,1.1358,0.3336,1.4950,1,0.3133,313,220,4,220,5,1,163,5571477493663,5571485557693,8064,0,0,3767,7138,0,,,,164,220,5,0,1,0,84,0,0
166,scan,165,0,5571577895775,,5571578052687,5571580762558,62.065,1.1364,0.3411,1.4952,1,0.3208,320,220,3,220,5,1,164,5571527671277,5571535386805,7715,0,0,3767,7149,0,,,,165,220,5,0,1,0,84,0,0
167,scan,166,0,5571627774904,,5571627907563,5571629735611,62.115,1.1375,0.3560,1.4956,1,0.3085,308,220,2,220,4,1,165,5571577958977,5571586092289,8133,0,0,3767,7168,0,,,,166,220,4,0,1,0,84,0,0
168,scan,167,0,5571677867739,,5571678011904,5571680700176,62.165,1.1381,0.3635,1.4958,1,0.3007,300,220,2,220,4,1,166,5571627819163,5571635352138,7532,0,0,3767,7262,0,,,,167,220,4,0,1,0,84,0,0
169,scan,168,0,5571727504015,,5571727630924,5571729743165,62.215,1.1392,0.3784,1.4960,1,0.2945,294,220,2,220,3,1,167,5571677918698,5571684743459,6824,0,0,3767,7266,0,,,,168,220,3,0,1,0,84,0,0
170,scan,169,0,5571777538898,,5571777676971,5571779702019,62.265,1.1397,0.3858,1.4961,1,0.3048,304,220,2,220,3,1,168,5571727546170,5571734499498,6953,0,0,3767,7242,0,,,,169,220,3,0,1,0,84,0,0
171,scan,170,0,5571827496298,,5571827623565,5571829747596,62.315,1.1409,0.4008,1.4964,1,0.3033,303,220,1,220,4,1,169,5571777594537,5571785037429,7442,0,0,3767,7252,0,,,,170,220,4,0,1,0,84,0,0
172,scan,171,0,5571877621222,,5571877771854,5571879806830,62.365,1.1414,0.4082,1.4965,1,0.2966,296,220,1,220,3,1,170,5571827537336,5571835266664,7729,0,0,3767,7259,0,,,,171,220,3,0,1,0,84,0,0
173,scan,172,0,5571928188305,,5571928325580,5571930703386,62.415,1.1425,0.4231,1.4967,1,0.3106,310,220,0,220,0,1,171,5571877666606,5571884935019,7268,0,0,3767,7244,0,,,,172,220,0,0,1,0,84,0,0
174,scan,173,0,5571977722536,,5571977855611,5571979810355,62.465,1.1431,0.4306,1.4968,1,0.3120,311,220,0,220,2,1,172,5571928236994,5571935431455,7194,0,0,3767,7233,0,,,,173,220,2,0,1,0,84,0,0
175,scan,174,0,5572028168386,,5572028304295,5572030758997,62.515,1.1436,0.4381,1.4969,1,0.3222,322,220,0,220,1,1,173,5571977768191,5571985410169,7641,0,0,3767,7238,0,,,,174,220,1,0,1,0,84,0,0
176,scan,175,0,5572078243991,,5572078381173,5572080820197,62.565,1.1447,0.4530,1.4969,1,0.3450,344,220,0,220,2,1,174,5572028215044,5572035806592,7591,0,0,3767,7230,0,,,,175,220,2,0,1,0,84,0,0
177,scan,176,0,5572128255119,,5572128405315,5572132144549,62.615,1.1453,0.4605,1.4970,1,1.0264,1026,220,0,220,2,1,175,5572078290713,5572086012274,7721,0,0,3767,7229,0,,,,176,220,2,0,0,0,84,0,0
178,scan,177,0,5572178098097,,5572178217502,5572180810965,62.665,1.1464,0.4754,1.4971,1,1.0255,1025,220,0,220,1,1,176,5572128305675,5572135838673,7532,0,0,3767,7232,0,,,,177,220,1,0,0,0,84,0,0
179,scan,178,0,5572228424301,,5572228624244,5572230858071,62.715,1.1469,0.4828,1.4972,1,1.0237,1023,220,-1,220,0,1,177,5572178138619,5572185422486,7283,0,0,3767,7228,0,,,,178,220,0,0,0,0,84,0,0
180,scan,179,0,5572277880392,,5572278008848,5572280639843,62.765,1.1480,0.4977,1.4973,1,1.0335,1033,220,-1,220,1,1,178,5572228493321,5572235766790,7273,0,0,3767,7224,0,,,,179,220,1,0,0,0,84,0,0
181,scan,180,0,5572328023159,,5572328234948,5572330711065,62.815,1.1486,0.5052,1.4973,1,1.0211,1021,220,-1,220,1,1,179,5572277923466,5572285832587,7909,0,0,3767,7224,0,,,,180,220,1,0,0,0,84,0,0
182,scan,181,0,5572378060735,,5572378195914,5572380674216,62.865,1.1497,0.5201,1.4973,1,1.0244,1024,220,-1,220,2,1,180,5572328142881,5572335923621,7780,0,0,3767,7230,0,,,,181,220,2,0,0,0,84,0,0
183,scan,182,0,5572428471893,,5572428622120,5572430860859,62.915,1.1502,0.5276,1.4973,1,1.0361,1036,220,-1,220,2,1,181,5572378106634,5572383105114,4998,0,0,3767,7243,0,,,,182,220,2,0,0,0,84,0,0
184,scan,183,0,5572478462167,,5572478592599,5572480693013,62.965,1.1513,0.5425,1.4975,1,1.0343,1034,220,-1,220,1,1,182,5572428518395,5572435714135,7195,0,0,3767,7219,0,,,,183,220,1,0,0,0,84,0,0
185,scan,184,0,5572528427338,,5572528586005,5572530939779,63.015,1.1519,0.5499,1.4976,1,1.0080,1008,220,-1,220,-1,1,183,5572478506583,5572485862117,7355,0,0,3767,7227,0,,,,184,220,-1,0,0,0,84,0,0
186,scan,185,0,5572578424096,,5572578548926,5572580741504,63.065,1.1530,0.5649,1.4976,1,1.0022,1002,220,-2,220,0,1,184,5572528480247,5572535444314,6964,0,0,3767,7211,0,,,,185,220,0,0,0,0,84,0,0
187,scan,186,0,5572628826404,,5572628957716,5572631664667,63.115,1.1535,0.5723,1.4976,1,1.0168,1016,220,-1,220,-1,1,185,5572578464826,5572586104764,7639,0,0,3767,7217,0,,,,186,220,-1,0,0,0,84,0,0
188,scan,187,0,5572678812516,,5572678948898,5572681624704,63.165,1.1546,0.5872,1.4975,1,1.0172,1017,220,-1,220,1,1,186,5572628873374,5572636797757,7924,0,0,3767,7212,0,,,,187,220,1,0,0,0,84,0,0
189,scan,188,0,5572728745544,,5572728876987,5572730714047,63.215,1.1552,0.5947,1.4975,1,1.0134,1013,220,-1,220,3,1,187,5572678856883,5572686126135,7269,0,0,3767,7288,0,,,,188,220,3,0,0,0,84,0,0
190,scan,189,0,5572778547636,,5572778663875,5572780712523,63.265,1.1562,0.6096,1.4975,1,1.0242,1024,220,-1,220,1,1,188,5572728792803,5572734841382,6048,0,0,3767,7241,0,,,,189,220,1,0,0,0,84,0,0
191,scan,190,0,5572828630938,,5572828794187,5572830649266,63.315,1.1568,0.6171,1.4976,1,1.0188,1018,220,-2,220,-2,1,189,5572778582991,5572786195850,7612,0,0,3767,7254,0,,,,190,220,-2,0,0,0,84,0,0
192,scan,191,0,5572878596722,,5572878730251,5572880808386,63.365,1.1573,0.6246,1.4978,1,1.0108,1010,220,-2,220,0,1,190,5572828684759,5572835705907,7021,0,0,3767,7239,0,,,,191,220,0,0,0,0,84,0,0
193,scan,192,0,5572928349232,,5572928471165,5572930757796,63.415,1.1584,0.6395,1.4977,1,1.0183,1018,220,-2,220,-2,1,191,5572878642107,5572887350172,8708,0,0,3767,7292,0,,,,192,220,-2,0,0,0,84,0,0
194,scan,193,0,5572978583644,,5572978705896,5572980724615,63.465,1.1590,0.6469,1.4976,1,1.0223,1022,220,-2,220,-2,1,192,5572928390475,5572935513650,7123,0,0,3767,7308,0,,,,193,220,-2,0,0,0,84,0,0
195,scan,194,0,5573029005032,,5573029145295,5573031748409,63.515,1.1601,0.6619,1.4974,1,0.9883,988,220,-1,220,-1,1,193,5572978626337,5572986489515,7863,0,0,3767,7354,0,,,,194,220,-1,0,0,0,84,0,0
196,scan,195,0,5573078882345,,5573079088112,5573081667648,63.565,1.1606,0.6693,1.4974,1,1.0325,1032,220,-1,220,1,1,194,5573029054480,5573035289269,6234,0,0,3767,7324,0,,,,195,220,1,0,0,0,84,0,0
197,scan,196,0,5573128828519,,5573128960864,5573131641547,63.615,1.1617,0.6842,1.4974,1,1.0129,1012,220,-1,220,3,1,195,5573078996984,5573086116678,7119,0,0,3767,7333,0,,,,196,220,3,0,0,0,84,0,0
198,scan,197,0,5573179123611,,5573179252690,5573181726442,63.665,1.1623,0.6917,1.4974,1,0.9963,996,220,-1,220,2,1,196,5573128870813,5573136526362,7655,0,0,3767,7317,0,,,,197,220,2,0,0,0,84,0,0
199,scan,198,0,5573229024666,,5573229172557,5573231670906,63.715,1.1634,0.7066,1.4976,1,1.0163,1016,220,-2,220,0,1,197,5573179169947,5573186884281,7714,0,0,3767,7353,0,,,,198,220,0,0,0,0,84,0,0
200,scan,199,0,5573279402321,,5573279537417,5573281706864,63.765,1.1639,0.7141,1.4977,1,1.0261,1026,220,-2,220,-2,1,198,5573229072044,5573237022323,7950,0,0,3767,7367,0,,,,199,220,-2,0,0,0,84,0,0
201,scan,200,0,5573329120043,,5573329240987,5573331693455,63.815,1.1650,0.7290,1.4977,1,0.9905,990,220,-2,220,-1,1,199,5573279448496,5573286604648,7156,0,0,3767,7340,0,,,,200,220,-1,0,0,0,84,0,0
202,scan,201,0,5573379466684,,5573379605961,5573381761788,63.865,1.1655,0.7365,1.4976,1,0.9880,988,220,-2,220,-1,1,200,5573329159246,5573336818451,7659,0,0,3767,7336,0,,,,201,220,-1,0,0,0,84,0,0
203,scan,202,0,5573429462504,,5573429623607,5573431721192,63.915,1.1666,0.7514,1.4974,1,1.0100,1010,220,-2,220,1,1,201,5573379518200,5573384322916,4804,0,0,3767,7339,0,,,,202,220,1,0,0,0,84,0,0
204,scan,203,0,5573479464716,,5573479628016,5573481748953,63.965,1.1672,0.7588,1.4974,1,0.9955,995,220,-2,220,2,1,202,5573429517400,5573434247452,4730,0,0,3767,7258,0,,,,203,220,2,0,0,0,84,0,0
205,scan,204,0,5573529325977,,5573529458250,5573531667101,64.015,1.1683,0.7738,1.4975,1,0.9935,993,220,-2,220,0,1,203,5573479520857,5573487060730,7539,0,0,3767,7245,0,,,,204,220,0,0,0,0,84,0,0
206,scan,205,0,5573579383915,,5573579514122,5573581703314,64.065,1.1688,0.7812,1.4976,1,0.9889,988,220,-2,220,-2,1,204,5573529368456,5573538157088,8788,0,0,3767,7272,0,,,,205,220,-2,0,0,0,84,0,0
207,scan,206,0,5573629828937,,5573629961733,5573631656966,64.115,1.1699,0.7961,1.4976,1,0.9761,976,220,-2,220,0,1,205,5573579429532,5573586960530,7530,0,0,3767,7257,0,,,,206,220,0,0,0,0,84,0,0
208,scan,207,0,5573679500775,,5573679644622,5573681762350,64.165,1.1705,0.8036,1.4975,1,0.9975,997,220,-2,220,-1,1,206,5573629878957,5573637428958,7550,0,0,3767,7257,0,,,,207,220,-1,0,0,0,84,0,0
209,scan,208,0,5573729416702,,5573729567612,5573731693050,64.215,1.1710,0.8111,1.4974,1,0.9859,985,220,-2,220,-4,1,207,5573679538968,5573687094532,7555,0,0,3767,7275,0,,,,208,220,-4,0,0,0,84,0,0
210,scan,209,0,5573779457592,,5573779583571,5573781678669,64.265,1.1721,0.8260,1.4974,1,0.9677,967,220,-2,220,1,1,208,5573729459424,5573736638359,7178,0,0,3767,7281,0,,,,209,220,1,0,0,0,84,0,0
211,scan,210,0,5573829425292,,5573829553524,5573831688631,64.315,1.1727,0.8334,1.4974,1,1.0037,1003,220,-2,220,0,1,209,5573779498921,5573786141126,6642,0,0,3767,7261,0,,,,210,220,0,0,0,0,84,0,0
212,scan,211,0,5573879295228,,5573879419503,5573881702683,64.365,1.1738,0.8483,1.4973,1,0.9871,987,220,-2,220,2,1,210,5573829470177,5573836137895,6667,0,0,3767,7235,0,,,,211,220,2,0,0,0,84,0,0
213,scan,212,0,5573929349989,,5573929486847,5573931690860,64.415,1.1743,0.8558,1.4972,1,0.9959,995,220,-2,220,2,1,211,5573879336446,5573886616125,7279,0,0,3767,7235,0,,,,212,220,2,0,0,0,84,0,0
214,scan,213,0,5573979834056,,5573979955836,5573982619953,64.465,1.1754,0.8707,1.4974,1,0.9857,985,220,-2,220,-1,1,212,5573929397614,5573937065484,7667,0,0,3767,7247,0,,,,213,220,-1,0,0,0,84,0,0
215,scan,214,0,5574030279637,,5574030424737,5574032819802,64.515,1.1760,0.8782,1.4975,1,0.9997,999,220,-3,220,-2,1,213,5573979875930,5573986451009,6575,0,0,3767,7220,0,,,,214,220,-2,0,0,0,84,0,0
216,scan,215,0,5574080191757,,5574080330734,5574083633184,64.565,1.1771,0.8931,1.4975,1,0.9885,988,220,-3,220,-1,1,214,5574030329816,5574037091570,6761,0,0,3767,7199,0,,,,215,220,-1,0,0,0,84,0,0
217,scan,216,0,5574130040716,,5574130169640,5574132818382,64.615,1.1776,0.9006,1.4974,1,0.9667,966,220,-3,220,-2,1,215,5574080238718,5574087593087,7354,0,0,3767,7190,0,,,,216,220,-2,0,0,0,84,0,0
218,scan,217,0,5574180702049,,5574180826270,5574182724945,64.665,1.1787,0.9155,1.4971,1,0.9757,975,220,-2,220,2,1,216,5574130086013,5574137742865,7656,0,0,3767,7193,0,,,,217,220,2,0,0,0,84,0,0
219,scan,218,0,5574230264842,,5574230393536,5574232755057,64.715,1.1793,0.9230,1.4971,1,1.0003,1000,220,-2,220,2,1,217,5574180745075,5574187458060,6712,0,0,3767,7179,0,,,,218,220,2,0,0,0,84,0,0
220,scan,219,0,5574280426477,,5574280582959,5574282700594,64.765,1.1804,0.9379,1.4972,1,0.9726,972,220,-3,220,-2,1,218,5574230308605,5574238692874,8384,0,0,3767,7207,0,,,,219,220,-2,0,0,0,84,0,0
221,scan,220,0,5574330206538,,5574330382537,5574332740927,64.815,1.1809,0.9453,1.4974,1,0.9880,987,220,-3,220,-3,1,219,5574280480822,5574287699943,7219,0,0,3767,7189,0,,,,220,220,-3,0,0,0,84,0,0
222,scan,221,0,5574380441199,,5574380594932,5574382663406,64.865,1.1820,0.9602,1.4974,1,0.9720,972,220,-3,220,1,1,220,5574330271342,5574337891599,7620,0,0,3767,7185,0,,,,221,220,1,0,0,0,84,0,0
223,scan,222,0,5574430791568,,5574430946260,5574432771178,64.915,1.1825,0.9677,1.4972,1,0.9736,973,220,-3,220,0,1,221,5574380496203,5574385782113,5285,0,0,3767,7193,0,,,,222,220,0,0,0,0,84,0,0
224,scan,223,0,5574480686860,,5574480841839,5574482717619,64.965,1.1836,0.9826,1.4969,1,0.9703,970,220,-2,220,3,1,222,5574430845218,5574438245188,7399,0,0,3767,7198,0,,,,223,220,3,0,0,0,84,0,0
225,scan,224,0,5574530255440,,5574530376612,5574532689770,65.015,1.1842,0.9901,1.4971,1,0.9734,973,220,-3,220,2,1,223,5574480735817,5574487820294,7084,0,0,3767,7191,0,,,,224,220,2,0,0,0,84,0,0
226,scan,225,0,5574580418724,,5574580614863,5574582724194,65.065,1.1848,0.9975,1.4972,1,0.9630,962,220,-3,220,-3,1,224,5574530296423,5574538127557,7831,0,0,3767,7213,0,,,,225,220,-3,0,0,0,84,0,0
227,scan,226,0,5574630359249,,5574630503117,5574632662239,65.115,1.1858,1.0125,1.4974,1,0.9540,953,220,-4,220,1,1,225,5574580475961,5574587450482,6974,0,0,3767,7196,0,,,,226,220,1,0,0,0,84,0,0
228,scan,227,0,5574680680046,,5574680804516,5574682708720,65.165,1.1864,1.0199,1.4974,1,0.9341,934,220,-4,220,1,1,226,5574630410759,5574638449603,8038,0,0,3767,7199,0,,,,227,220,1,0,0,0,84,0,0
229,scan,228,0,5574730708350,,5574730854903,5574732706508,65.215,1.1875,1.0348,1.4972,1,0.9307,930,220,-4,220,-6,1,227,5574680722478,5574687483456,6760,0,0,3767,7186,0,,,,228,220,-6,0,0,0,84,0,0
230,scan,229,0,5574780746232,,5574780906720,5574782639022,65.265,1.1880,1.0423,1.4972,1,0.9058,905,220,-4,220,-7,1,228,5574730753882,5574738606676,7852,0,0,3767,7231,0,,,,229,220,-7,0,0,0,84,0,0
231,scan,230,0,5574830547008,,5574830682484,5574832679258,65.315,1.1891,1.0572,1.4972,2,0.8963,896,0,1000,220,-2,1,229,5574780808058,5574787575977,6767,0,0,3767,7210,0,,,,230,220,-2,0,0,0,84,0,0
232,scan,231,0,5574880691583,,5574880829273,5574882633839,65.365,1.1897,1.0647,1.4969,2,0.8882,888,0,1000,0,999,1,230,5574830602292,5574838230144,7627,0,0,3767,7225,0,,,,231,0,999,0,0,0,84,0,0
233,scan,232,0,5574930447949,,5574930569208,5574932706675,65.415,1.1907,1.0785,1.4974,2,0.8787,878,0,1000,0,999,1,231,5574880748095,5574887414609,6666,0,0,3767,7174,0,,,,232,0,999,0,0,0,84,0,0
234,scan,233,0,5574980782800,,5574980910896,5574982720448,65.465,1.1911,1.0836,1.5027,2,0.8844,884,0,1000,0,999,1,232,5574930489158,5574938213456,7724,0,0,3767,7189,0,,,,233,0,999,0,0,0,84,0,0
235,scan,234,0,5575030587172,,5575030762129,5575032651138,65.515,1.1915,1.0904,1.5210,2,0.8788,878,0,1000,0,999,1,233,5574980829715,5574987585835,6756,0,0,3767,7162,0,,,,234,0,999,0,0,0,84,0,0
236,scan,235,0,5575080750208,,5575080870736,5575082662886,65.565,1.1916,1.0924,1.5285,2,0.8659,865,0,1000,0,999,1,234,5575030636250,5575038230051,7593,0,0,3767,7195,0,,,,235,0,999,0,0,0,84,0,0
237,scan,236,0,5575130798867,,5575130923239,5575132689555,65.615,1.1917,1.0946,1.5535,2,0.8658,865,0,1000,0,999,1,235,5575080790190,5575087661078,6870,0,0,3767,7189,0,,,,236,0,999,0,0,0,84,0,0
238,scan,237,0,5575181233936,,5575181366445,5575183873325,65.665,1.1917,1.0948,1.5828,2,0.8695,869,0,1000,0,999,1,236,5575130839711,5575138568707,7728,0,0,3767,7191,0,,,,237,0,999,0,0,0,84,0,0
239,scan,238,0,5575230974227,,5575231136050,5575233647200,65.715,1.1917,1.0947,1.6696,2,0.8731,873,0,1000,0,999,1,237,5575181279276,5575188738253,7458,0,0,3767,7185,0,,,,238,0,999,0,0,0,84,0,0
240,scan,239,0,5575281036441,,5575281156460,5575283757030,65.765,1.1917,1.0947,1.7094,2,0.8748,874,0,1000,0,999,1,238,5575231026366,5575238892480,7866,0,0,3767,7183,0,,,,239,0,999,0,0,0,84,0,0
241,scan,240,0,5575331958480,,5575332250237,5575334763867,65.815,1.1917,1.0945,1.7667,2,0.8708,870,0,1000,0,999,1,239,5575281076989,5575288680281,7603,0,0,3767,7194,0,,,,240,0,999,0,0,0,84,0,0
242,scan,241,0,5575381717218,,5575381838123,5575383821169,65.865,1.1917,1.0945,1.7953,2,0.8706,870,0,1000,0,999,1,240,5575332106606,5575339649214,7542,0,0,3767,7191,0,,,,241,0,999,0,0,0,84,0,0
243,scan,242,0,5575431251313,,5575431379409,5575433832192,65.915,1.1918,1.0944,1.8297,2,0.8697,869,0,1000,0,999,1,241,5575381764110,5575386359117,4595,0,0,3767,7186,0,,,,242,0,999,0,0,0,84,0,0
244,scan,243,0,5575481569977,,5575481692590,5575483744812,65.965,1.1918,1.0943,1.9064,2,0.8663,866,0,1000,0,999,1,242,5575431295243,5575438797453,7502,0,0,3767,7255,0,,,,243,0,999,0,0,0,84,0,0
245,scan,244,0,5575531576259,,5575531707282,5575533697927,66.015,1.1918,1.0943,1.9410,2,0.8741,874,0,1000,0,999,1,243,5575481612290,5575489790947,8178,0,0,3767,7271,0,,,,244,0,999,0,0,0,84,0,0
246,scan,245,0,5575581223614,,5575581358069,5575584354765,66.065,1.1919,1.0942,2.0032,2,0.8632,863,0,1000,0,999,1,244,5575531623959,5575539552267,7928,0,0,3767,7249,0,,,,245,0,999,0,0,0,84,0,0
247,scan,246,0,5575631860236,,5575631991203,5575633737464,66.115,1.1919,1.0941,2.0360,2,0.8677,867,0,1000,0,999,1,245,5575581277702,5575588724843,7447,0,0,3767,7247,0,,,,246,0,999,0,0,0,84,0,0
248,scan,247,0,5575681655301,,5575681773215,5575683737724,66.165,1.1920,1.0940,2.1072,2,0.8611,861,0,1000,0,999,1,246,5575631908619,5575636547043,4638,0,0,3767,7174,0,,,,247,0,999,0,0,0,84,0,0
249,scan,248,0,5575731737206,,5575731870937,5575733754605,66.215,1.1920,1.0940,2.1423,2,0.8732,873,0,1000,0,999,1,247,5575681695219,5575689054995,7359,0,0,3767,7170,0,,,,248,0,999,0,0,0,84,0,0
250,scan,249,0,5575781762932,,5575781890550,5575783716426,66.265,1.1921,1.0939,2.2084,2,0.8680,868,0,1000,0,999,1,248,5575731785107,5575736360094,4574,0,0,3767,7104,0,,,,249,0,999,0,0,0,84,0,0
251,scan,250,0,5575831764323,,5575831900855,5575834671560,66.315,1.1921,1.0938,2.2413,2,0.8683,868,0,1000,0,999,1,249,5575781805714,5575790814223,9008,0,0,3767,7164,0,,,,250,0,999,0,0,0,84,0,0
252,scan,251,0,5575881499866,,5575881617784,5575883731949,66.365,1.1922,1.0938,2.3100,2,0.8586,858,0,1000,0,999,1,250,5575831812434,5575838316810,6504,0,0,3767,7160,0,,,,251,0,999,0,0,0,84,0,0
253,scan,252,0,5575931626335,,5575931757791,5575933698313,66.415,1.1922,1.0937,2.3447,2,0.8583,858,0,1000,0,999,1,251,5575881539411,5575888974395,7434,0,0,3767,7163,0,,,,252,0,999,0,0,0,84,0,0
254,scan,253,0,5575981480344,,5575981608891,5575983693968,66.465,1.1923,1.0936,2.4124,2,0.8731,873,0,1000,0,999,1,252,5575931672572,5575939122980,7450,0,0,3767,7158,0,,,,253,0,999,0,0,0,84,0,0
255,scan,254,0,5576031687905,,5576031832097,5576034705597,66.515,1.1924,1.0936,2.4458,2,0.8553,855,0,1000,0,999,1,253,5575981523035,5575989007607,7484,0,0,3767,7181,0,,,,254,0,999,0,0,0,84,0,0
256,scan,255,0,5576081836661,,5576081966452,5576083834564,66.565,1.1925,1.0935,2.5136,2,0.8804,880,0,1000,0,999,1,254,5576031735154,5576039671249,7936,0,0,3767,7210,0,,,,255,0,999,0,0,0,84,0,0
257,scan,256,0,5576132111147,,5576132255974,5576134740304,66.615,1.1925,1.0935,2.5479,2,0.8755,875,0,1000,0,999,1,255,5576081878878,5576089004851,7125,0,0,3767,7204,0,,,,256,0,999,0,0,0,84,0,0
258,scan,257,0,5576181937519,,5576182048619,5576184638213,66.665,1.1926,1.0935,2.6160,2,0.8909,890,0,962,0,999,1,256,5576132164780,5576139441164,7276,0,0,3767,7195,0,,,,257,0,999,0,0,0,84,0,0
259,scan,258,0,5576232177186,,5576232298551,5576234688299,66.715,1.1927,1.0934,2.6496,2,0.9053,905,0,895,0,973,1,257,5576181973940,5576188796487,6822,0,0,3767,7198,0,,,,258,0,973,0,0,0,84,0,0
260,scan,259,0,5576281906961,,5576282036125,5576284635391,66.765,1.1927,1.0934,2.6833,2,0.9095,909,0,827,0,899,1,258,5576232219669,5576238931166,6711,0,0,3767,7156,0,,,,259,0,899,0,0,0,84,0,0
261,scan,260,0,5576331824162,,5576331952544,5576333724372,66.815,1.1928,1.0934,2.7503,2,0.9174,917,220,694,0,829,1,259,5576281950419,5576289542333,7591,0,0,3767,7165,0,,,,260,0,829,0,0,0,84,0,0
262,scan,261,0,5576381826089,,5576381944956,5576384656671,66.865,1.1929,1.0934,2.7825,2,0.9433,943,220,629,220,683,1,260,5576331871578,5576339493319,7621,0,0,3767,7165,0,,,,261,220,683,0,0,0,84,0,0
263,scan,262,0,5576431888327,,5576432036823,5576434653637,66.915,1.1919,1.0937,2.8407,2,0.9648,964,220,513,220,612,1,261,5576381870902,5576386680898,4809,0,0,3767,7153,0,,,,262,220,612,0,0,0,84,0,0
264,scan,263,0,5576482347876,,5576482524311,5576484740353,66.965,1.1897,1.0943,2.8728,2,0.9825,982,220,449,220,496,1,262,5576431929851,5576439202777,7272,0,0,3767,7150,0,,,,263,220,496,0,0,0,84,0,0
265,scan,264,0,5576532158603,,5576532297998,5576534682314,67.015,1.1820,1.0961,2.9504,2,0.5558,555,220,295,220,433,1,263,5576482413899,5576490218537,7804,0,0,3767,7168,0,,,,264,220,433,0,0,0,84,0,0
266,scan,265,0,5576582191856,,5576582309887,5576584705813,67.065,1.1764,1.0971,2.9888,2,0.5355,535,220,219,220,284,1,264,5576532205673,5576539394224,7188,0,0,3767,7152,0,,,,265,220,284,0,0,0,84,0,0
267,scan,266,0,5576632600238,,5576632724789,5576634653057,67.115,1.1635,1.0987,3.0463,2,0.5146,514,220,105,220,209,1,265,5576582233515,5576590188905,7955,0,0,3767,7177,0,,,,266,220,209,0,0,0,84,0,0
268,scan,267,0,5576682467955,,5576682600640,5576684800154,67.165,1.1563,1.0993,3.0579,2,0.5055,505,220,82,220,102,1,266,5576632643603,5576637010610,4367,0,0,3767,7085,0,,,,267,220,102,0,0,0,84,0,0
269,scan,268,0,5576732290191,,5576732444615,5576734720162,67.215,1.1414,1.1006,3.0552,2,0.5289,528,220,88,220,79,1,267,5576682515004,5576690421313,7906,0,0,3767,7113,0,,,,268,220,79,0,0,0,84,0,0
270,scan,269,0,5576782464939,,5576782590263,5576784648098,67.265,1.1339,1.1012,3.0536,2,0.5099,509,220,91,220,85,1,268,5576732341231,5576739569715,7228,0,0,3767,7098,0,,,,269,220,85,0,0,0,84,0,0
271,scan,270,0,5576832512908,,5576832641986,5576834800782,67.315,1.1190,1.1025,3.0646,2,0.5169,516,220,70,220,87,1,269,5576782505447,5576789532361,7026,0,0,3767,7104,0,,,,270,220,87,0,0,0,84,0,0
272,scan,271,0,5576882358267,,5576882479554,5576884710667,67.365,1.1116,1.1030,3.0711,2,0.5330,532,220,57,220,66,1,270,5576832556008,5576839403912,6847,0,0,3767,7085,0,,,,271,220,66,0,0,0,84,0,0
273,scan,272,0,5576932341531,,5576932484295,5576934818734,67.415,1.0967,1.1041,3.0747,2,0.5176,517,220,50,220,55,1,271,5576882399617,5576890138782,7739,0,0,3767,7112,0,,,,272,220,55,0,0,0,84,0,0
274,scan,273,0,5576982935943,,5576983073247,5576985694516,67.465,1.0892,1.1046,3.0743,2,0.5421,542,220,51,220,48,1,272,5576932396337,5576939634510,7238,0,0,3767,7099,0,,,,273,220,48,0,0,0,84,0,0
275,scan,274,0,5577033492289,,5577033687628,5577035750918,67.515,1.0743,1.1055,3.0781,2,0.5362,536,220,44,220,51,1,273,5576982984321,5576990364053,7379,0,0,3767,7115,0,,,,274,220,51,0,0,0,84,0,0
276,scan,275,0,5577083410458,,5577083602526,5577085708766,67.565,1.0668,1.1060,3.0813,2,0.5434,543,220,38,220,43,1,274,5577033529873,5577040404939,6875,0,0,3767,7097,0,,,,275,220,43,0,0,0,84,0,0
277,scan,276,0,5577133094363,,5577133220202,5577135657466,67.615,1.0594,1.1065,3.0837,2,0.9778,977,220,33,220,37,1,275,5577083456138,5577090624787,7168,0,0,3767,7105,0,,,,276,220,37,0,0,0,84,0,0
278,scan,277,0,5577182716083,,5577182857492,5577184690891,67.665,1.0444,1.1073,3.0854,2,0.9646,964,220,30,220,31,1,276,5577133149399,5577138723387,5573,0,0,3767,7051,0,,,,277,220,31,0,0,0,84,0,0
279,scan,278,0,5577232683289,,5577232812393,5577234686995,67.715,1.0370,1.1077,3.0861,2,0.9558,955,220,29,220,30,1,277,5577182766983,5577190027891,7260,0,0,3767,7046,0,,,,278,220,30,0,0,0,84,0,0
280,scan,279,0,5577282701988,,5577282823409,5577284676164,67.765,1.0220,1.1085,3.0888,2,0.9520,952,220,23,220,28,1,278,5577232728365,5577239650445,6922,0,0,3767,7022,0,,,,279,220,28,0,0,0,84,0,0
281,scan,280,0,5577332806548,,5577333002364,5577335636567,67.815,1.0146,1.1089,3.0902,2,0.9245,924,220,21,220,23,1,279,5577282743657,5577290718389,7974,0,0,3767,7031,0,,,,280,220,23,0,0,0,84,0,0
282,scan,281,0,5577383489457,,5577383608057,5577385666237,67.865,0.9996,1.1097,3.0918,2,0.9245,924,220,17,220,21,1,280,5577332864391,5577339489449,6625,0,0,3767,7008,0,,,,281,220,21,0,0,0,84,0,0
283,scan,282,0,5577433316783,,5577433471673,5577435684485,67.915,0.9922,1.1101,3.0923,2,0.9104,910,220,17,220,17,1,281,5577383537149,5577387773224,4236,0,0,3767,6999,0,,,,282,220,17,0,0,0,84,0,0
284,scan,283,0,5577483134149,,5577483288411,5577485677181,67.965,0.9772,1.1108,3.0937,2,0.8901,890,220,14,220,17,1,282,5577433370009,5577441393865,8023,0,0,3767,7012,0,,,,283,220,17,0,0,0,84,0,0
285,scan,284,0,5577533131539,,5577533263932,5577535662995,68.015,0.9697,1.1111,3.0944,2,0.8816,881,220,13,220,14,1,283,5577483186611,5577490776240,7589,0,0,3767,6998,0,,,,284,220,14,0,0,0,84,0,0
286,scan,285,0,5577583328136,,5577583457461,5577585691518,68.065,0.9548,1.1118,3.0955,2,0.8794,879,220,10,220,13,1,284,5577533175826,5577540782916,7607,0,0,3767,6990,0,,,,285,220,13,0,0,0,84,0,0
287,scan,286,0,5577633841969,,5577633967403,5577636660756,68.115,0.9473,1.1122,3.0959,2,0.8661,866,220,10,220,10,1,285,5577583371714,5577591164251,7792,0,0,3767,6998,0,,,,286,220,10,0,0,0,84,0,0
288,scan,287,0,5577683886807,,5577684110136,5577686689395,68.165,0.9323,1.1129,3.0966,2,0.8572,857,220,8,220,10,1,286,5577633885754,5577641454126,7568,0,0,3767,7072,0,,,,287,220,10,0,0,0,84,0,0
289,scan,288,0,5577733586938,,5577733732011,5577735698876,68.215,0.9249,1.1132,3.0970,2,0.8390,839,220,8,220,8,1,287,5577683944175,5577691771750,7827,0,0,3767,7083,0,,,,288,220,8,0,0,0,84,0,0
290,scan,289,0,5577783417581,,5577783531735,5577785658726,68.265,0.9099,1.1139,3.0976,2,0.8287,828,220,6,220,8,1,288,5577733635725,5577740759666,7123,0,0,3767,7147,0,,,,289,220,8,0,0,0,84,0,0
291,scan,290,0,5577833558065,,5577833699904,5577835670338,68.315,0.9025,1.1142,3.0979,2,0.8255,825,220,6,220,6,1,289,5577783454282,5577791117072,7662,0,0,3767,7113,0,,,,290,220,6,0,0,0,84,0,0
292,scan,291,0,5577883300046,,5577883413330,5577885697759,68.365,0.8875,1.1148,3.0983,2,0.8165,816,220,5,220,6,1,290,5577833608554,5577840922388,7313,0,0,3767,7134,0,,,,291,220,6,0,0,0,84,0,0
293,scan,292,0,5577933289710,,5577933456315,5577936676826,68.415,0.8801,1.1152,3.0985,2,0.8060,805,220,5,220,6,1,291,5577883335407,5577890098423,6763,0,0,3767,7117,0,,,,292,220,6,0,0,0,84,0,0
294,scan,293,0,5577983466064,,5577983651158,5577985654213,68.465,0.8726,1.1155,3.0988,2,0.8105,810,220,4,220,4,1,292,5577933345316,5577939922480,6577,0,0,3767,7095,0,,,,293,220,4,0,0,0,84,0,0
295,scan,294,0,5578033492128,,5578033615862,5578035688703,68.515,0.8577,1.1161,3.0992,2,0.7954,795,220,3,220,4,1,293,5577983511083,5577991074334,7563,0,0,3767,7097,0,,,,294,220,4,0,0,0,84,0,0
296,scan,295,0,5578083674858,,5578083806087,5578085671338,68.565,0.8502,1.1164,3.0994,2,0.7885,788,220,3,220,4,1,294,5578033534206,5578040645898,7111,0,0,3767,7076,0,,,,295,220,4,0,0,0,84,0,0
297,scan,296,0,5578133735227,,5578133882585,5578135659545,68.615,0.8352,1.1171,3.0996,2,0.7748,774,220,3,220,4,1,295,5578083718830,5578091270970,7552,0,0,3767,7087,0,,,,296,220,4,0,0,0,84,0,0
298,scan,297,0,5578183682087,,5578183804601,5578185672956,68.665,0.8278,1.1174,3.0997,2,0.7536,753,220,2,220,2,1,296,5578133790644,5578141912321,8121,0,0,3767,7108,0,,,,297,220,2,0,0,0,84,0,0
299,scan,298,0,5578233672641,,5578233789516,5578235676105,68.715,0.8128,1.1180,3.1000,2,0.7585,758,220,2,220,2,1,297,5578183725379,5578190648374,6922,0,0,3767,7111,0,,,,298,220,2,0,0,0,84,0,0
300,scan,299,0,5578283591582,,5578283711758,5578285680408,68.765,0.8054,1.1183,3.1001,2,0.7416,741,220,2,220,2,1,298,5578233711636,5578241918295,8206,0,0,3767,7148,0,,,,299,220,2,0,0,0,84,0,0
301,scan,300,0,5578333651022,,5578333774481,5578335670804,68.815,0.7904,1.1189,3.1002,2,0.7261,726,220,1,220,2,1,299,5578283633333,5578291204624,7571,0,0,3767,7148,0,,,,300,220,2,0,0,0,84,0,0
302,scan,301,0,5578383624618,,5578383752332,5578385660924,68.865,0.7830,1.1192,3.1002,2,0.7131,713,220,1,220,2,1,300,5578333689710,5578341430125,7740,0,0,3767,7151,0,,,,301,220,2,0,0,0,84,0,0
303,scan,302,0,5578434016051,,5578434165523,5578436679209,68.915,0.7680,1.1199,3.1004,2,0.7129,712,220,1,220,2,1,301,5578383668041,5578390815464,7147,0,0,3767,7209,0,,,,302,220,2,0,0,0,84,0,0
304,scan,303,0,5578483798591,,5578483923382,5578485726293,68.965,0.7605,1.1202,3.1005,2,0.6882,688,220,1,220,2,1,302,5578434075412,5578441843599,7768,0,0,3767,7221,0,,,,303,220,2,0,0,0,84,0,0
305,scan,304,0,5578533667356,,5578533785165,5578535699044,69.015,0.7456,1.1208,3.1006,2,0.6827,682,220,1,220,2,1,303,5578483842277,5578491241294,7399,0,0,3767,7211,0,,,,304,220,2,0,0,0,84,0,0
306,scan,305,0,5578583849900,,5578583986355,5578586729412,69.065,0.7381,1.1211,3.1006,2,0.6752,675,220,1,220,1,1,304,5578533706559,5578541296507,7589,0,0,3767,7221,0,,,,305,220,1,0,0,0,84,0,0
307,scan,306,0,5578634126558,,5578634275083,5578636728912,69.115,0.7232,1.1217,3.1008,2,0.6721,672,220,0,220,0,1,305,5578583897807,5578591463194,7565,0,0,3767,7212,0,,,,306,220,0,0,0,0,84,0,0
308,scan,307,0,5578684490230,,5578684625323,5578686782886,69.165,0.7157,1.1220,3.1008,2,0.6595,659,220,0,220,1,1,306,5578634171534,5578638948715,4777,0,0,3767,7222,0,,,,307,220,1,0,0,0,84,0,0
309,scan,308,0,5578734552354,,5578734694005,5578736675629,69.215,0.7007,1.1226,3.1008,2,0.6397,639,220,0,220,0,1,307,5578684537942,5578691735512,7197,0,0,3767,7204,0,,,,308,220,0,0,0,0,84,0,0
310,scan,309,0,5578784692468,,5578784834874,5578786640957,69.265,0.6932,1.1229,3.1008,2,0.6324,632,220,0,220,1,1,308,5578734596685,5578742236249,7639,0,0,3767,7214,0,,,,309,220,1,0,0,0,84,0,0
311,scan,310,0,5578834634393,,5578834796706,5578836841577,69.315,0.6858,1.1232,3.1009,2,0.6285,628,220,0,220,0,1,309,5578784736494,5578791434210,6697,0,0,3767,7206,0,,,,310,220,0,0,0,0,84,0,0
312,scan,311,0,5578884741563,,5578884868336,5578886670847,69.365,0.6708,1.1238,3.1009,2,0.6120,611,220,0,220,0,1,310,5578834682870,5578840162258,5479,0,0,3767,7172,0,,,,311,220,0,0,0,0,84,0,0
313,scan,312,0,5578934945547,,5578935099459,5578937631987,69.415,0.6633,1.1241,3.1010,2,0.6175,617,220,0,220,0,1,311,5578884784180,5578891424852,6640,0,0,3767,7144,0,,,,312,220,0,0,0,0,84,0,0
314,scan,313,0,5578984863029,,5578985008235,5578987635288,69.465,0.6484,1.1247,3.1009,2,0.6022,602,220,0,220,0,1,312,5578934991199,5578943364826,8373,0,0,3767,7173,0,,,,313,220,0,0,0,0,84,0,0
315,scan,314,0,5579035004838,,5579035140290,5579037680139,69.515,0.6409,1.1250,3.1009,2,0.5921,592,220,0,220,1,1,313,5578984913427,5578991817738,6904,0,0,3767,7161,0,,,,314,220,1,0,0,0,84,0,0
316,scan,315,0,5579085028757,,5579085162372,5579087637919,69.565,0.6260,1.1257,3.1009,2,0.5792,579,220,0,220,0,1,314,5579035053569,5579039689771,4636,0,0,3767,7105,0,,,,315,220,0,0,0,0,84,0,0
317,scan,316,0,5579134823498,,5579134950700,5579137618563,69.615,0.6185,1.1260,3.1010,2,0.5769,576,220,0,220,1,1,315,5579085069062,5579091467598,6398,0,0,3767,7086,0,,,,316,220,1,0,0,0,84,0,0
318,scan,317,0,5579185257211,,5579185383592,5579187648072,69.665,0.6036,1.1266,3.1011,2,0.5541,554,220,0,220,0,1,316,5579134866967,5579142817062,7950,0,0,3767,7145,0,,,,317,220,0,0,0,0,84,0,0
319,scan,318,0,5579235401299,,5579235523130,5579237636821,69.715,0.5961,1.1269,3.1011,2,0.5586,558,220,0,220,1,1,317,5579185300599,5579192941614,7641,0,0,3767,7155,0,,,,318,220,1,0,0,0,84,0,0
320,scan,319,0,5579285187175,,5579285304192,5579287679720,69.765,0.5812,1.1275,3.1011,2,0.5426,542,220,0,220,0,1,318,5579235441984,5579242873417,7431,0,0,3767,7167,0,,,,319,220,0,0,0,0,84,0,0
321,scan,320,0,5579335273925,,5579335399254,5579337757721,69.815,0.5737,1.1278,3.1011,2,0.5385,538,220,0,220,0,1,319,5579285225433,5579292764575,7539,0,0,3767,7156,0,,,,320,220,0,0,0,0,84,0,0
322,scan,321,0,5579385064697,,5579385204918,5579387655410,69.865,0.5587,1.1284,3.1012,2,0.5273,527,220,-1,220,0,1,320,5579335317032,5579342658779,7341,0,0,3767,7174,0,,,,321,220,0,0,0,0,84,0,0
323,scan,322,0,5579435040228,,5579435160750,5579437663823,69.915,0.5513,1.1287,3.1012,2,0.5088,508,220,-1,220,0,1,321,5579385112321,5579396071691,10959,0,0,3767,7342,0,,,,322,220,0,0,0,0,84,0,0
324,scan,323,0,5579485284368,,5579485435751,5579487679207,69.965,0.5363,1.1293,3.1011,2,0.5107,510,220,0,220,1,1,322,5579435081446,5579442640941,7559,0,0,3767,7331,0,,,,323,220,1,0,0,0,84,0,0
325,scan,324,0,5579535733977,,5579535882940,5579538611132,70.015,0.5288,1.1296,3.1011,2,0.4916,491,220,0,220,0,1,323,5579485333861,5579492853279,7519,0,0,3767,7329,0,,,,324,220,0,0,0,0,84,0,0
326,scan,325,0,5579585657965,,5579585812004,5579587705008,70.065,0.5139,1.1302,3.1012,2,0.4824,482,220,-1,220,1,1,324,5579535785131,5579543303610,7518,0,0,3767,7327,0,,,,325,220,1,0,0,0,84,0,0
327,scan,326,0,5579635627188,,5579635767413,5579637650663,70.115,0.5064,1.1305,3.1012,2,0.4698,469,220,-1,220,0,1,325,5579585704402,5579593472995,7768,0,0,3767,7326,0,,,,326,220,0,0,0,0,84,0,0
328,scan,327,0,5579685582904,,5579685706864,5579687670527,70.165,0.4989,1.1308,3.1012,2,0.4663,466,220,-1,220,0,1,326,5579635676666,5579642826745,7150,0,0,3767,7316,0,,,,327,220,0,0,0,0,84,0,0
329,scan,328,0,5579735587455,,5579735710330,5579737608801,70.215,0.4840,1.1314,3.1012,2,0.4604,460,220,-1,220,0,1,327,5579685627014,5579693412782,7785,0,0,3767,7315,0,,,,328,220,0,0,0,0,84,0,0
330,scan,329,0,5579785318279,,5579785442344,5579787669502,70.265,0.4765,1.1317,3.1012,2,0.4443,444,220,-1,220,0,1,328,5579735628831,5579743386765,7757,0,0,3767,7331,0,,,,329,220,0,0,0,0,84,0,0
331,scan,330,0,5579835384122,,5579835557951,5579837621103,70.315,0.4615,1.1323,3.1012,2,0.4452,445,220,-1,220,0,1,329,5579785360602,5579792879329,7518,0,0,3767,7327,0,,,,330,220,0,0,0,0,84,0,0
332,scan,331,0,5579885584950,,5579885751958,5579887652462,70.365,0.4541,1.1326,3.1012,2,0.4235,423,220,-1,220,0,1,330,5579835441538,5579843021880,7580,0,0,3767,7334,0,,,,331,220,0,0,0,0,84,0,0
333,scan,332,0,5579935949414,,5579936169766,5579939672540,70.415,0.4391,1.1332,3.1012,2,0.4327,432,220,-1,220,1,1,331,5579885642293,5579893281328,7639,0,0,3767,7356,0,,,,332,220,1,0,0,0,84,0,0
334,scan,333,0,5579985979743,,5579986158071,5579988654539,70.465,0.4317,1.1335,3.1012,2,0.4060,405,220,-1,220,0,1,332,5579936061006,5579943315020,7254,0,0,3767,7373,0,,,,333,220,0,0,0,0,84,0,0
335,scan,334,0,5580035939365,,5580036125771,5580038659603,70.515,0.4167,1.1341,3.1012,2,0.4103,410,220,-1,220,1,1,333,5579986038305,5579992825466,6787,0,0,3767,7353,0,,,,334,220,1,0,0,0,84,0,0
336,scan,335,0,5580085889853,,5580086021503,5580088609937,70.565,0.4092,1.1344,3.1013,2,0.3898,389,220,-1,220,0,1,334,5580035986038,5580043287104,7301,0,0,3767,7358,0,,,,335,220,0,0,1,0,84,0,0
337,scan,336,0,5580135784737,,5580135900283,5580137638620,70.615,0.3943,1.1350,3.1013,2,0.3892,389,220,-1,220,0,1,335,5580085935661,5580093446260,7510,0,0,3767,7357,0,,,,336,220,0,0,1,0,84,0,0
338,scan,337,0,5580185712037,,5580185860093,5580187738414,70.665,0.3868,1.1353,3.1013,2,0.3835,383,220,-1,220,0,1,336,5580135827334,5580142367695,6540,0,0,3767,7317,0,,,,337,220,0,0,1,0,84,0,0
339,scan,338,0,5580235808271,,5580235937352,5580238609504,70.715,0.3719,1.1359,3.1013,2,0.3687,368,220,-1,220,0,1,337,5580185759362,5580192658151,6898,0,0,3767,7317,0,,,,338,220,0,0,1,0,84,0,0
340,scan,339,0,5580285669395,,5580285800786,5580287635497,70.765,0.3644,1.1362,3.1013,2,0.3727,372,220,-1,220,0,1,338,5580235851259,5580243380440,7529,0,0,3767,7300,0,,,,339,220,0,0,1,0,84,0,0
341,scan,340,0,5580335684053,,5580335822774,5580337595934,70.815,0.3494,1.1368,3.1013,2,0.3617,361,220,-1,220,0,1,339,5580285719819,5580293010915,7291,0,0,3767,7293,0,,,,340,220,0,0,1,0,84,0,0
342,scan,341,0,5580385768420,,5580385897380,5580387689531,70.865,0.3420,1.1371,3.1013,2,0.3542,354,220,-1,220,0,1,340,5580335728958,5580343217345,7488,0,0,3767,7286,0,,,,341,220,0,0,1,0,84,0,0
343,scan,342,0,5580436402420,,5580436633679,5580438670799,70.915,0.3270,1.1377,3.1013,2,0.3435,343,220,-1,220,0,1,341,5580385810981,5580393141474,7330,0,0,3767,7291,0,,,,342,220,0,0,1,0,84,0,0
344,scan,343,0,5580485974885,,5580486122718,5580488718661,70.965,0.3195,1.1380,3.1013,2,0.3430,343,220,-1,220,0,1,342,5580436464782,5580443356639,6891,0,0,3767,7269,0,,,,343,220,0,0,1,0,84,0,0
345,scan,344,0,5580536148432,,5580536306131,5580538657553,71.015,0.3121,1.1383,3.1013,2,0.3306,330,220,-1,220,0,1,343,5580486029458,5580493348950,7319,0,0,3767,7267,0,,,,344,220,0,0,1,0,84,0,0
346,scan,345,0,5580586248425,,5580586390900,5580588773017,71.065,0.2971,1.1389,3.1013,2,0.3323,332,220,-1,220,0,1,344,5580536202492,5580543937393,7734,0,0,3767,7271,0,,,,345,220,0,0,1,0,84,0,0
347,scan,346,0,5580636136207,,5580636272681,5580638657521,71.115,0.2897,1.1392,3.1013,2,0.3309,330,220,-1,220,0,1,345,5580586296224,5580594384005,8087,0,0,3767,7284,0,,,,346,220,0,0,1,0,84,0,0
348,scan,347,0,5580686181270,,5580686314469,5580688709417,71.165,0.2747,1.1398,3.1013,2,0.3124,312,220,-1,220,0,1,346,5580636184960,5580641578309,5393,0,0,3767,7299,0,,,,347,220,0,0,1,0,84,0,0
349,scan,348,0,5580736356618,,5580736495707,5580738621635,71.215,0.2672,1.1401,3.1013,2,0.3146,314,220,-1,220,0,1,347,5580686227722,5580693661062,7433,0,0,3767,7305,0,,,,348,220,0,0,1,0,84,0,0
350,scan,349,0,5580786144377,,5580786270633,5580788769106,71.265,0.2523,1.1407,3.1013,2,0.3124,312,220,-1,220,0,1,348,5580736404618,5580740806822,4402,0,0,3767,7224,0,,,,349,220,0,0,1,0,84,0,0
351,scan,350,0,5580836541408,,5580836734751,5580838650026,71.315,0.2448,1.1410,3.1013,2,0.3047,304,220,-1,220,0,1,349,5580786186338,5580793960488,7774,0,0,3767,7251,0,,,,350,220,0,0,1,0,84,0,0
352,scan,351,0,5580886239449,,5580886368746,5580888678842,71.365,0.2299,1.1416,3.1013,2,0.3049,304,220,-1,220,0,1,350,5580836596732,5580843600155,7003,0,0,3767,7289,0,,,,351,220,0,0,1,0,84,0,0
353,scan,352,0,5580936512474,,5580936636498,5580938663015,71.415,0.2224,1.1419,3.1013,2,0.2953,295,220,-1,220,1,1,351,5580886283493,5580893802886,7519,0,0,3767,7311,0,,,,352,220,1,0,1,0,84,0,0
354,scan,353,0,5580987051342,,5580987179550,5580990098143,71.465,0.2074,1.1425,3.1013,2,0.2987,298,220,-1,220,0,1,352,5580936556319,5580943236228,6679,0,0,3767,7269,0,,,,353,220,0,0,1,0,84,0,0
355,scan,354,0,5581037086993,,5581037280402,5581039885385,71.515,0.2000,1.1428,3.1013,2,0.2990,298,220,-1,220,1,1,353,5580987093839,5580991515769,4421,0,0,3767,7207,0,,,,354,220,1,0,1,0,84,0,0
356,scan,355,0,5581087088733,,5581087213322,5581089657450,71.565,0.1850,1.1434,3.1014,2,0.2873,287,220,-1,220,0,1,354,5581037151240,5581044699057,7547,0,0,3767,7280,0,,,,355,220,0,0,1,0,84,0,0
357,scan,356,0,5581138327738,,5581138475978,5581140703903,71.615,0.1775,1.1438,3.1014,2,0.2859,285,220,-1,220,0,1,355,5581087129840,5581094775848,7646,0,0,3767,7311,0,,,,356,220,0,0,1,0,84,0,0
358,scan,357,0,5581187316092,,5581187458153,5581189717089,71.665,0.1626,1.1444,3.1014,2,0.3013,301,220,-1,220,1,1,356,5581138377134,5581146034688,7657,0,0,3767,7303,0,,,,357,220,1,0,1,0,84,0,0
359,scan,358,0,5581237594188,,5581237805917,5581239650827,71.715,0.1551,1.1447,3.1014,2,0.3083,308,220,-1,220,0,1,357,5581187361506,5581194711709,7350,0,0,3767,7296,0,,,,358,220,0,0,1,0,84,0,0
360,scan,359,0,5581287811480,,5581288099418,5581290846035,71.765,0.1402,1.1453,3.1014,2,0.3189,318,220,-1,220,1,1,358,5581237684941,5581245247104,7562,0,0,3767,7299,0,,,,359,220,1,0,1,0,84,0,0
361,scan,360,0,5581337367610,,5581337642644,5581339740560,71.815,0.1327,1.1456,3.1015,2,0.3375,337,220,-1,220,0,1,359,5581287891834,5581295711761,7819,0,0,3767,7306,0,,,,360,220,0,0,1,0,84,0,0
362,scan,361,0,5581387250952,,5581387443985,5581389654877,71.865,0.1252,1.1459,3.1015,2,1.0282,1028,220,-1,220,1,1,360,5581337421358,5581345038434,7617,0,0,3767,7313,0,,,,361,220,1,0,0,0,84,0,0
363,scan,362,0,5581436933008,,5581437081253,5581439580359,71.915,0.1103,1.1465,3.1015,2,1.0285,1028,220,-1,220,0,1,361,5581387347655,5581395193652,7845,0,0,3767,7235,0,,,,362,220,0,0,0,0,84,0,0
364,scan,363,0,5581487084771,,5581487236969,5581489680484,71.965,0.1028,1.1468,3.1015,2,1.0177,1017,220,-1,220,0,1,362,5581436978141,5581441238435,4260,0,0,3767,7153,0,,,,363,220,0,0,0,0,84,0,0
365,scan,364,0,5581536768961,,5581536905432,5581538640132,72.015,0.0879,1.1474,3.1015,2,1.0114,1011,220,-2,220,1,1,363,5581487142601,5581495186285,8043,0,0,3767,7166,0,,,,364,220,1,0,0,0,84,0,0
366,scan,365,0,5581587180994,,5581587331388,5581589623072,72.065,0.0804,1.1477,3.1015,2,1.0020,1002,220,-2,220,-2,1,364,5581536812569,5581543654541,6841,0,0,3767,7149,0,,,,365,220,-2,0,0,0,84,0,0
367,scan,366,0,5581637176849,,5581637335214,5581639707411,72.115,0.0654,1.1482,3.1015,2,0.9809,980,220,-2,220,-1,1,365,5581587231316,5581594904562,7673,0,0,3767,7147,0,,,,366,220,-1,0,0,0,84,0,0
368,scan,367,0,5581687426041,,5581687588747,5581689642479,72.165,0.0580,1.1485,3.1015,2,0.9773,977,220,-2,220,-2,1,366,5581637222960,5581645079183,7856,0,0,3767,7164,0,,,,367,220,-2,0,0,0,84,0,0
369,scan,368,0,5581737391018,,5581737518289,5581739676838,72.215,0.0430,1.1492,3.1013,2,0.9784,978,220,-1,220,1,1,367,5581687480555,5581694708678,7228,0,0,3767,7151,0,,,,368,220,1,0,0,0,84,0,0
370,scan,369,0,5581787349786,,5581787536281,5581789626187,72.265,0.0355,1.1495,3.1012,2,0.9643,964,220,-1,220,0,1,368,5581737433426,5581744979603,7546,0,0,3767,7145,0,,,,369,220,0,0,0,0,84,0,0
371,scan,370,0,5581837314832,,5581837446323,5581839664420,72.315,0.0206,1.1501,3.1012,2,0.9527,952,220,-1,220,0,1,369,5581787412304,5581795446503,8034,0,0,3767,7158,0,,,,370,220,0,0,0,0,84,0,0
372,scan,371,0,5581887209171,,5581887330008,5581890625854,72.365,0.0131,1.1504,3.1013,2,0.9467,946,220,-1,220,0,1,370,5581837358311,5581845121684,7763,0,0,3767,7163,0,,,,371,220,0,0,0,0,84,0,0
373,scan,372,0,5581937239667,,5581937363866,5581939708965,72.415,-0.0018,1.1510,3.1013,2,0.9404,940,220,-1,220,0,1,371,5581887250390,5581894816512,7566,0,0,3767,7161,0,,,,372,220,0,0,0,0,84,0,0
374,scan,373,0,5581987317138,,5581987441012,5581989648313,72.465,-0.0093,1.1513,3.1013,2,0.9339,933,220,-1,220,0,1,372,5581937281030,5581945038437,7757,0,0,3767,7173,0,,,,373,220,0,0,0,0,84,0,0
375,scan,374,0,5582037383072,,5582037511734,5582039683830,72.515,-0.0242,1.1519,3.1012,2,0.9333,933,220,-1,220,0,1,373,5581987360092,5581994951510,7591,0,0,3767,7194,0,,,,374,220,0,0,0,0,84,0,0
376,scan,375,0,5582087552341,,5582087695804,5582089703494,72.565,-0.0317,1.1522,3.1013,2,0.9166,916,220,-1,220,0,1,374,5582037424002,5582044313476,6889,0,0,3767,7183,0,,,,375,220,0,0,0,0,84,0,0
377,scan,376,0,5582137976261,,5582138266012,5582140698576,72.615,-0.0467,1.1528,3.1013,2,0.9144,914,220,-1,220,0,1,375,5582087600253,5582094267920,6667,0,0,3767,7162,0,,,,376,220,0,0,0,0,84,0,0
378,scan,377,0,5582187774693,,5582187897722,5582189682337,72.665,-0.0541,1.1531,3.1013,2,0.9027,902,220,-1,220,1,1,376,5582138125464,5582145075281,6949,0,0,3767,7172,0,,,,377,220,1,0,0,0,84,0,0
379,scan,378,0,5582237922674,,5582238052243,5582240660669,72.715,-0.0616,1.1534,3.1013,2,0.9065,906,220,-1,220,0,1,377,5582187816005,5582195172154,7356,0,0,3767,7184,0,,,,378,220,0,0,0,0,84,0,0
380,scan,379,0,5582287638014,,5582287767786,5582289885897,72.765,-0.0766,1.1540,3.1013,2,0.8797,879,220,-1,220,0,1,378,5582237968429,5582245706983,7738,0,0,3767,7189,0,,,,379,220,0,0,0,0,84,0,0
381,scan,380,0,5582338079554,,5582338217864,5582340814960,72.815,-0.0840,1.1543,3.1014,2,0.8921,892,220,-1,220,0,1,379,5582287682907,5582295425226,7742,0,0,3767,7200,0,,,,380,220,0,0,0,0,84,0,0
382,scan,381,0,5582387873257,,5582388074489,5582390705320,72.865,-0.0990,1.1549,3.1014,2,0.8928,892,220,-1,220,0,1,380,5582338126441,5582346163523,8037,0,0,3767,7214,0,,,,381,220,0,0,0,0,84,0,0
383,scan,382,0,5582437588820,,5582437716304,5582439630113,72.915,-0.1065,1.1552,3.1013,2,0.8872,887,220,-1,220,0,1,381,5582387925190,5582395131150,7205,0,0,3767,7211,0,,,,382,220,0,0,0,0,84,0,0
384,scan,383,0,5582487777978,,5582487935827,5582490695315,72.965,-0.1214,1.1558,3.1013,2,0.8736,873,220,-1,220,0,1,382,5582437632273,5582445083384,7451,0,0,3767,7225,0,,,,383,220,0,0,0,0,84,0,0
385,scan,384,0,5582537872738,,5582538041109,5582540878919,73.015,-0.1289,1.1561,3.1013,2,0.8712,871,220,-1,220,1,1,383,5582487826655,5582495511634,7684,0,0,3767,7234,0,,,,384,220,1,0,0,0,84,0,0
386,scan,385,0,5582587691686,,5582587823149,5582589621732,73.065,-0.1438,1.1567,3.1014,2,0.8699,869,220,-2,220,0,1,384,5582537936865,5582545737800,7800,0,0,3767,7236,0,,,,385,220,0,0,0,0,84,0,0
387,scan,386,0,5582638040627,,5582638191260,5582640758387,73.115,-0.1513,1.1570,3.1014,2,0.8790,878,220,-2,220,1,1,385,5582587736389,5582594865020,7128,0,0,3767,7212,0,,,,386,220,1,0,0,0,84,0,0
388,scan,387,0,5582687966459,,5582688138759,5582690714695,73.165,-0.1663,1.1576,3.1014,2,0.8541,854,220,-2,220,0,1,386,5582638087313,5582645833003,7745,0,0,3767,7271,0,,,,387,220,0,0,0,0,84,0,0
389,scan,388,0,5582737781491,,5582737907081,5582740653456,73.215,-0.1737,1.1579,3.1015,2,0.8655,865,220,-2,220,1,1,387,5582688044909,5582695846846,7801,0,0,3767,7280,0,,,,388,220,1,0,0,0,84,0,0
390,scan,389,0,5582788349979,,5582788484462,5582790822151,73.265,-0.1887,1.1585,3.1015,2,0.8475,847,220,-2,220,0,1,388,5582737823536,5582745495676,7672,0,0,3767,7362,0,,,,389,220,0,0,0,0,84,0,0
391,scan,390,0,5582838773294,,5582838911577,5582841750219,73.315,-0.1962,1.1588,3.1015,2,0.8665,866,220,-2,220,-3,1,389,5582788393501,5582795628130,7234,0,0,3767,7348,0,,,,390,220,-3,0,0,0,84,0,0
392,scan,391,0,5582888488346,,5582888617260,5582890793549,73.365,-0.2111,1.1594,3.1015,2,0.8611,861,220,-2,220,-1,1,390,5582838825825,5582850367587,11541,0,0,3767,7461,0,,,,391,220,-1,0,0,0,84,0,0
393,scan,392,0,5582938590338,,5582938742683,5582941755377,73.415,-0.2186,1.1597,3.1014,2,0.8699,869,220,-2,220,-2,1,391,5582888529907,5582895684225,7154,0,0,3767,7452,0,,,,392,220,-2,0,0,0,84,0,0
394,scan,393,0,5582988772781,,5582988902945,5582991575020,73.465,-0.2335,1.1603,3.1012,2,0.8621,862,220,-1,220,1,1,392,5582938643380,5582946314685,7671,0,0,3767,7477,0,,,,393,220,1,0,0,0,84,0,0
395,scan,394,0,5583038745132,,5583038893688,5583041603369,73.515,-0.2410,1.1606,3.1011,2,0.8957,895,220,-1,220,0,1,393,5582988812025,5582996450072,7638,0,0,3767,7558,0,,,,394,220,0,0,0,0,84,0,0
396,scan,395,0,5583088927594,,5583089109624,5583091683859,73.565,-0.2485,1.1609,3.1011,2,0.8906,890,220,-1,220,1,1,394,5583038793816,5583046575961,7782,0,0,3767,7563,0,,,,395,220,1,0,0,0,84,0,0
397,scan,396,0,5583139187401,,5583139342643,5583141692816,73.615,-0.2634,1.1615,3.1012,2,1.0351,1035,220,-1,220,0,1,395,5583089004645,5583095747176,6742,0,0,3767,7541,0,,,,396,220,0,0,0,0,84,0,0
398,scan,397,0,5583189227252,,5583189428496,5583191631407,73.665,-0.2709,1.1618,3.1013,2,1.0320,1031,220,-2,220,-1,1,396,5583139242872,5583146907722,7664,0,0,3767,7541,0,,,,397,220,-1,0,0,0,84,0,0
399,scan,398,0,5583238934729,,5583239072688,5583241618618,73.715,-0.2858,1.1624,3.1012,2,1.0458,1045,220,-1,220,1,1,397,5583189310755,5583196329766,7019,0,0,3767,7533,0,,,,398,220,1,0,0,0,84,0,0
400,scan,399,0,5583288935449,,5583289095309,5583291672557,73.765,-0.2933,1.1627,3.1012,2,1.0449,1044,220,-1,220,-1,1,398,5583238976829,5583245772095,6795,0,0,3767,7514,0,,,,399,220,-1,0,0,0,84,0,0
401,scan,400,0,5583339388731,,5583339534698,5583341688954,73.815,-0.3083,1.1633,3.1012,2,1.0184,1018,220,-1,220,1,1,399,5583288988744,5583299954262,10965,0,0,3767,7592,0,,,,400,220,1,0,0,0,84,0,0
402,scan,401,0,5583389493790,,5583389620737,5583391694288,73.865,-0.3157,1.1636,3.1012,2,1.0273,1027,220,-1,220,0,1,400,5583339438249,5583347226799,7788,0,0,3767,7596,0,,,,401,220,0,0,0,0,84,0,0
403,scan,402,0,5583439522645,,5583439653032,5583441644896,73.915,-0.3307,1.1642,3.1012,2,1.0260,1026,220,-1,220,1,1,401,5583389537439,5583397525144,7987,0,0,3767,7600,0,,,,402,220,1,0,0,0,84,0,0
404,scan,403,0,5583489390866,,5583489613224,5583491657631,73.965,-0.3382,1.1645,3.1012,2,1.0209,1020,220,-1,220,0,1,402,5583439565811,5583447150507,7584,0,0,3767,7683,0,,,,403,220,0,0,0,0,84,0,0
405,scan,404,0,5583539042936,,5583539165701,5583541724991,74.015,-0.3531,1.1651,3.1012,2,1.0358,1035,220,-2,220,1,1,403,5583489485628,5583497338848,7853,0,0,3767,7678,0,,,,404,220,1,0,0,0,84,0,0
406,scan,405,0,5583589584834,,5583589723735,5583591634420,74.065,-0.3606,1.1654,3.1012,2,1.0445,1044,220,-2,220,0,1,404,5583539084701,5583546531372,7446,0,0,3767,7694,0,,,,405,220,0,0,0,0,84,0,0
407,scan,406,0,5583639244589,,5583639384546,5583641656424,74.115,-0.3755,1.1660,3.1012,2,1.0411,1041,220,-2,220,-1,1,405,5583589634357,5583597354082,7719,0,0,3767,7695,0,,,,406,220,-1,0,0,0,84,0,0
408,scan,407,0,5583689347533,,5583689476431,5583691660305,74.165,-0.3830,1.1663,3.1012,2,1.0267,1026,220,-2,220,0,1,406,5583639292745,5583643970473,4677,0,0,3767,7615,0,,,,407,220,0,0,0,0,84,0,0
409,scan,408,0,5583739221340,,5583739352299,5583741727671,74.215,-0.3979,1.1669,3.1012,2,1.0388,1038,220,-2,220,-1,1,407,5583689391119,5583697029291,7638,0,0,3767,7625,0,,,,408,220,-1,0,0,0,84,0,0
410,scan,409,0,5583789403687,,5583789585394,5583791816316,74.265,-0.4054,1.1672,3.1012,2,1.0163,1016,220,-2,220,0,1,408,5583739262976,5583747425266,8162,0,0,3767,7641,0,,,,409,220,0,0,0,0,84,0,0
411,scan,410,0,5583839603587,,5583839774985,5583842609556,74.315,-0.4204,1.1678,3.1012,2,1.0171,1017,220,-2,220,0,1,409,5583789457853,5583796743136,7285,0,0,3767,7622,0,,,,410,220,0,0,0,0,84,0,0
412,scan,411,0,5583889549182,,5583889682971,5583891599534,74.365,-0.4278,1.1681,3.1012,2,1.0266,1026,220,-2,220,1,1,410,5583839658154,5583847141998,7483,0,0,3767,7615,0,,,,411,220,1,0,0,0,84,0,0
413,scan,412,0,5583939565260,,5583939753292,5583941673310,74.415,-0.4353,1.1684,3.1012,2,1.0144,1014,220,-2,220,0,1,411,5583889596837,5583897367321,7770,0,0,3767,7620,0,,,,412,220,0,0,0,0,84,0,0
414,scan,413,0,5583989436190,,5583989564797,5583991623564,74.465,-0.4503,1.1690,3.1012,2,1.0254,1025,220,-2,220,-1,1,412,5583939629767,5583947160153,7530,0,0,3767,7615,0,,,,413,220,-1,0,0,0,84,0,0
415,scan,414,0,5584039484997,,5584039624962,5584041646223,74.515,-0.4577,1.1693,3.1013,2,1.0245,1024,220,-2,220,0,1,413,5583989478780,5583997060774,7581,0,0,3767,7614,0,,,,414,220,0,0,0,0,84,0,0
416,scan,415,0,5584089407718,,5584089534731,5584091710108,74.565,-0.4727,1.1700,3.1012,2,1.0339,1033,220,-2,220,-1,1,414,5584039532449,5584047667683,8135,0,0,3767,7645,0,,,,415,220,-1,0,0,0,84,0,0
417,scan,416,0,5584139568279,,5584139706555,5584141729398,74.615,-0.4802,1.1703,3.1012,2,1.0212,1021,220,-2,220,0,1,415,5584089448557,5584096176799,6728,0,0,3767,7647,0,,,,416,220,0,0,0,0,84,0,0
418,scan,417,0,5584189913694,,5584190048519,5584192693749,74.665,-0.4951,1.1709,3.1011,2,1.0239,1023,220,-2,220,-1,1,416,5584139616273,5584146472512,6856,0,0,3767,7645,0,,,,417,220,-1,0,0,0,84,0,0
419,scan,418,0,5584240204445,,5584240335764,5584242633519,74.715,-0.5026,1.1712,3.1012,2,1.0209,1020,220,-2,220,0,1,417,5584189962041,5584197518348,7556,0,0,3767,7650,0,,,,418,220,0,0,0,0,84,0,0
420,scan,419,0,5584290175940,,5584290317584,5584292647746,74.765,-0.5175,1.1718,3.1012,2,1.0208,1020,220,-2,220,0,1,418,5584240249686,5584248234425,7984,0,0,3767,7656,0,,,,419,220,0,0,0,0,84,0,0
421,scan,420,0,5584340047453,,5584340190413,5584342674933,74.815,-0.5250,1.1721,3.1011,2,1.0171,1017,220,-2,220,1,1,419,5584290224088,5584298060968,7836,0,0,3767,7658,0,,,,420,220,1,0,0,0,84,0,0
422,scan,421,0,5584389774366,,5584389898151,5584391639922,74.865,-0.5400,1.1727,3.1011,2,1.0302,1030,220,-2,220,0,1,420,5584340100008,5584347446957,7346,0,0,3767,7641,0,,,,421,220,0,0,0,0,84,0,0
423,scan,422,0,5584440106087,,5584440257044,5584442697503,74.915,-0.5474,1.1730,3.1012,2,1.0262,1026,220,-2,220,1,1,421,5584389817830,5584397162940,7345,0,0,3767,7644,0,,,,422,220,1,0,0,0,84,0,0
424,scan,423,0,5584489863586,,5584489981703,5584492626466,74.965,-0.5624,1.1736,3.1013,2,1.0349,1034,220,-2,220,0,1,422,5584440159048,5584447504617,7345,0,0,3767,7642,0,,,,423,220,0,0,0,0,84,0,0
425,scan,424,0,5584540267869,,5584540395311,5584542671995,75.015,-0.5698,1.1739,3.1013,2,1.0059,1005,220,-2,220,1,1,423,5584489901785,5584496822008,6920,0,0,3767,7623,0,,,,424,220,1,0,0,0,84,0,0
426,scan,425,0,5584590161722,,5584590283874,5584592669272,75.065,-0.5848,1.1745,3.1013,2,1.0162,1016,220,-2,220,0,1,424,5584540311056,5584547474360,7163,0,0,3767,7607,0,,,,425,220,0,0,0,0,84,0,0
427,scan,426,0,5584640552221,,5584640719310,5584642739529,75.115,-0.5923,1.1748,3.1013,2,1.0229,1022,220,-2,220,-2,1,425,5584590199749,5584597658408,7458,0,0,3767,7615,0,,,,426,220,-2,0,0,0,84,0,0
428,scan,427,0,5584690376164,,5584690515628,5584692672129,75.165,-0.6072,1.1754,3.1014,2,1.0082,1008,220,-3,220,1,1,426,5584640616235,5584645299431,4683,0,0,3767,7538,0,,,,427,220,1,0,0,0,84,0,0
429,scan,428,0,5584740303149,,5584740490040,5584742663501,75.215,-0.6147,1.1757,3.1013,2,1.0210,1021,220,-2,220,-1,1,427,5584690422073,5584697774646,7352,0,0,3767,7527,0,,,,428,220,-1,0,0,0,84,0,0
430,scan,429,0,5584790597699,,5584790732541,5584792691868,75.265,-0.6222,1.1760,3.1012,2,1.0106,1010,220,-2,220,1,1,428,5584740358044,5584747809198,7451,0,0,3767,7522,0,,,,429,220,1,0,0,0,84,0,0
431,scan,430,0,5584840339742,,5584840463729,5584842690615,75.315,-0.6371,1.1766,3.1011,2,1.0177,1017,220,-2,220,0,1,429,5584790643034,5584798580575,7937,0,0,3767,7539,0,,,,430,220,0,0,0,0,84,0,0
432,scan,431,0,5584890560894,,5584890712446,5584892724384,75.365,-0.6446,1.1769,3.1012,2,1.0155,1015,220,-2,220,1,1,430,5584840380996,5584847951797,7570,0,0,3767,7440,0,,,,431,220,1,0,0,0,84,0,0
433,scan,432,0,5584940631532,,5584940755729,5584942637747,75.415,-0.6595,1.1775,3.1012,2,1.0088,1008,220,-3,220,0,1,431,5584890611610,5584898256301,7644,0,0,3767,7452,0,,,,432,220,0,0,0,0,84,0,0
434,scan,433,0,5584990595772,,5584990728023,5584992650269,75.465,-0.6670,1.1778,3.1013,2,1.0229,1022,220,-3,220,1,1,432,5584940672717,5584947527643,6854,0,0,3767,7432,0,,,,433,220,1,0,0,0,84,0,0
435,scan,434,0,5585040465196,,5585040600525,5585042626153,75.515,-0.6820,1.1784,3.1013,2,1.0078,1007,220,-3,220,0,1,433,5584990642234,5584998449917,7807,0,0,3767,7436,0,,,,434,220,0,0,0,0,84,0,0
436,scan,435,0,5585090333598,,5585090473378,5585092768550,75.565,-0.6894,1.1787,3.1013,2,1.0149,1014,220,-3,220,-2,1,434,5585040508974,5585047663008,7154,0,0,3767,7420,0,,,,435,220,-2,0,0,0,84,0,0
437,scan,436,0,5585140249005,,5585140376184,5585142617141,75.615,-0.7044,1.1793,3.1014,2,1.0091,1009,220,-3,220,1,1,435,5585090376274,5585098536637,8160,0,0,3767,7456,0,,,,436,220,1,0,0,0,84,0,0
438,scan,437,0,5585190665208,,5585190812699,5585192717305,75.665,-0.7119,1.1796,3.1013,2,1.0011,1001,220,-3,220,-2,1,436,5585140290671,5585147362146,7071,0,0,3767,7441,0,,,,437,220,-2,0,0,0,84,0,0
439,scan,438,0,5585240305572,,5585240477509,5585242647393,75.715,-0.7268,1.1802,3.1011,2,1.0315,1031,220,-3,220,1,1,437,5585190716575,5585197961089,7244,0,0,3767,7447,0,,,,438,220,1,0,0,0,84,0,0
440,scan,439,0,5585290976013,,5585291110576,5585293733556,75.765,-0.7343,1.1805,3.1011,2,1.0123,1012,220,-3,220,-1,1,438,5585240346109,5585247650266,7304,0,0,3767,7459,0,,,,439,220,-1,0,0,0,84,0,0
441,scan,440,0,5585340717799,,5585340874169,5585342586224,75.815,-0.7492,1.1811,3.1011,2,1.0124,1012,220,-3,220,1,1,439,5585291020946,5585298651832,7630,0,0,3767,7376,0,,,,440,220,1,0,0,0,84,0,0
442,scan,441,0,5585391261930,,5585391407229,5585393604286,75.865,-0.7567,1.1814,3.1011,2,1.0105,1010,220,-3,220,-1,1,440,5585340770740,5585347787470,7016,0,0,3767,7357,0,,,,441,220,-1,0,0,0,84,0,0
443,scan,442,0,5585440885426,,5585441006803,5585443621081,75.915,-0.7716,1.1820,3.1011,2,1.0116,1011,220,-3,220,-3,1,441,5585391308393,5585398757049,7448,0,0,3767,7343,0,,,,442,220,-3,0,0,0,84,0,0
444,scan,443,0,5585490996049,,5585491138918,5585493616089,75.965,-0.7791,1.1823,3.1011,2,1.0129,1012,220,-3,220,-1,1,442,5585440925060,5585447896301,6971,0,0,3767,7328,0,,,,443,220,-1,0,0,0,84,0,0
445,scan,444,0,5585541044871,,5585541254932,5585543590329,76.015,-0.7941,1.1829,3.1009,2,1.0154,1015,220,-3,220,-2,1,443,5585491042502,5585498873576,7831,0,0,3767,7327,0,,,,444,220,-2,0,0,0,84,0,0
446,scan,445,0,5585590723972,,5585590845857,5585593643536,76.065,-0.8015,1.1832,3.1008,2,1.0197,1019,220,-3,220,-1,1,444,5585541109878,5585547662578,6552,0,0,3767,7305,0,,,,445,220,-1,0,0,0,84,0,0
447,scan,446,0,5585640893604,,5585641034294,5585643658300,76.115,-0.8090,1.1836,3.1008,2,1.0251,1025,220,-2,220,-2,1,445,5585590764034,5585598556337,7792,0,0,3767,7307,0,,,,446,220,-2,0,0,0,84,0,0
448,scan,447,0,5585691340683,,5585691477074,5585693605006,76.165,-0.8240,1.1842,3.1007,2,1.0119,1011,220,-2,220,1,1,446,5585640944399,5585645375300,4430,0,0,3767,7301,0,,,,447,220,1,0,0,0,84,0,0
449,scan,448,0,5585741532883,,5585741698692,5585743704543,76.215,-0.8314,1.1845,3.1007,2,1.0070,1006,220,-2,220,-2,1,447,5585691385906,5585699162890,7776,0,0,3767,7304,0,,,,448,220,-2,0,0,0,84,0,0
450,scan,449,0,5585791508064,,5585791643312,5585794651916,76.265,-0.8464,1.1851,3.1006,2,1.0180,1017,220,-2,220,-3,1,448,5585741582107,5585747002801,5420,0,0,3767,7235,0,,,,449,220,-3,0,0,0,84,0,0
451,scan,450,0,5585841900438,,5585842033232,5585844616662,76.315,-0.8539,1.1854,3.1006,2,0.9896,989,220,-2,220,-2,1,449,5585791554987,5585799216499,7661,0,0,3767,7245,0,,,,450,220,-2,0,0,0,84,0,0
452,scan,451,0,5585891551012,,5585891680453,5585893658254,76.365,-0.8688,1.1860,3.1004,2,1.0099,1009,220,-2,220,-3,1,450,5585841946447,5585849920454,7974,0,0,3767,7257,0,,,,451,220,-3,0,0,0,84,0,0
453,scan,452,0,5585941457459,,5585941590757,5585943620755,76.415,-0.8763,1.1863,3.1003,2,1.0019,1001,220,-2,220,0,1,451,5585891593127,5585899022787,7429,0,0,3767,7249,0,,,,452,220,0,0,0,0,84,0,0
454,scan,453,0,5585991401734,,5585991519554,5585993591423,76.465,-0.8912,1.1869,3.1002,2,1.0047,1004,220,-2,220,-1,1,452,5585941502831,5585948896393,7393,0,0,3767,7245,0,,,,453,220,-1,0,0,0,84,0,0
455,scan,454,0,5586041661643,,5586041826836,5586043612340,76.515,-0.8987,1.1872,3.1002,2,0.9947,994,220,-2,220,1,1,453,5585991439973,5585999136487,7696,0,0,3767,7248,0,,,,454,220,1,0,0,0,84,0,0
456,scan,455,0,5586091894662,,5586092066997,5586094652549,76.565,-0.9136,1.1879,3.1002,2,0.9828,982,220,-2,220,-1,1,454,5586041720272,5586046260691,4540,0,0,3767,7158,0,,,,455,220,-1,0,0,0,84,0,0
457,scan,456,0,5586142076123,,5586142226219,5586144606284,76.615,-0.9211,1.1882,3.1002,2,0.9940,994,220,-2,220,1,1,455,5586091936617,5586099141338,7204,0,0,3767,7170,0,,,,456,220,1,0,0,0,84,0,0
458,scan,457,0,5586192068776,,5586192193332,5586194620863,76.665,-0.9361,1.1888,3.1002,2,0.9870,986,220,-2,220,-1,1,456,5586142123005,5586149689459,7566,0,0,3767,7188,0,,,,457,220,-1,0,0,0,84,0,0
459,scan,458,0,5586242185390,,5586242307432,5586244607871,76.715,-0.9435,1.1891,3.1002,2,0.9999,999,220,-2,220,2,1,457,5586192109038,5586198982414,6873,0,0,3767,7171,0,,,,458,220,2,0,0,0,84,0,0
460,scan,459,0,5586292469443,,5586292700728,5586294613093,76.765,-0.9585,1.1897,3.1003,2,0.9965,996,220,-3,220,-1,1,458,5586242224621,5586249049930,6825,0,0,3767,7142,0,,,,459,220,-1,0,0,0,84,0,0
461,scan,460,0,5586342274097,,5586342411632,5586344601975,76.815,-0.9660,1.1900,3.1003,2,0.9927,992,220,-3,220,2,1,459,5586292540517,5586299340648,6800,0,0,3767,7116,0,,,,460,220,2,0,0,0,84,0,0
462,scan,461,0,5586392841511,,5586393091988,5586395584148,76.865,-0.9809,1.1906,3.1004,2,0.9889,988,220,-3,220,0,1,460,5586342315149,5586348461348,6146,0,0,3767,7086,0,,,,461,220,0,0,0,0,84,0,0
463,scan,462,0,5586442264854,,5586442384970,5586444610375,76.915,-0.9884,1.1909,3.1005,2,0.9689,968,220,-3,220,3,1,461,5586392919711,5586400618920,7699,0,0,3767,7095,0,,,,462,220,3,0,0,0,84,0,0
464,scan,463,0,5586492323320,,5586492453210,5586494688653,76.965,-0.9959,1.1913,3.1005,2,0.9653,965,220,-3,220,0,1,462,5586442305944,5586450117835,7811,0,0,3767,7106,0,,,,463,220,0,0,0,0,84,0,0
465,scan,464,0,5586542315721,,5586542445938,5586544636831,77.015,-1.0108,1.1919,3.1006,2,0.9440,943,220,-4,220,-3,1,463,5586492367116,5586500151015,7783,0,0,3767,7128,0,,,,464,220,-3,0,0,0,84,0,0
466,scan,465,0,5586592386546,,5586592538590,5586594620821,77.065,-1.0183,1.1922,3.1007,2,0.9439,943,220,-4,220,-2,1,464,5586542361843,5586550150517,7788,0,0,3767,7144,0,,,,465,220,-2,0,0,0,84,0,0
467,scan,466,0,5586642420760,,5586642577424,5586644656155,77.115,-1.0332,1.1928,3.1006,2,0.9309,930,220,-5,220,-5,1,465,5586592435556,5586599893687,7458,0,0,3767,7144,0,,,,466,220,-5,0,0,0,84,0,0
468,scan,467,0,5586692668005,,5586692804879,5586694686302,77.165,-1.0407,1.1931,3.1005,2,0.9138,913,220,-4,220,-1,1,466,5586642478643,5586646473144,3994,0,0,3767,7126,0,,,,467,220,-1,0,0,0,84,0,0
469,scan,468,0,5586742476846,,5586742612829,5586744626809,77.215,-1.0556,1.1937,3.1002,3,0.9139,913,0,1000,220,-3,1,467,5586692713776,5586700704044,7990,0,0,3767,7142,0,,,,468,220,-3,0,0,0,84,0,0
470,scan,469,0,5586792396253,,5586792538262,5586794616662,77.265,-1.0631,1.1940,3.1001,3,0.8863,886,0,1000,0,999,1,468,5586742518412,5586750119889,7601,0,0,3767,7146,0,,,,469,0,999,0,0,0,84,0,0
471,scan,470,0,5586842526057,,5586842659155,5586844632022,77.315,-1.0769,1.1946,3.1013,3,0.8932,893,0,1000,0,999,1,469,5586792445328,5586799827015,7381,0,0,3767,7132,0,,,,470,0,999,0,0,0,84,0,0
472,scan,471,0,5586892445010,,5586892571154,5586894627215,77.365,-1.0821,1.1948,3.1065,3,0.8889,888,0,1000,0,999,1,470,5586842571963,5586850401561,7829,0,0,3767,7139,0,,,,471,0,999,0,0,0,84,0,0
473,scan,472,0,5586942393463,,5586942520311,5586944691551,77.415,-1.0889,1.1950,3.1245,3,0.8798,879,0,1000,0,999,1,471,5586892487559,5586900172926,7685,0,0,3767,7140,0,,,,472,0,999,0,0,0,84,0,0
474,scan,473,0,5586992590184,,5586992712750,5586994620756,77.465,-1.0909,1.1950,3.1322,3,0.8608,860,0,1000,0,999,1,472,5586942435094,5586949849195,7414,0,0,3767,7154,0,,,,473,0,999,0,0,0,84,0,0
475,scan,474,0,5587043335135,,5587043473770,5587045633151,77.515,-1.0931,1.1950,-3.1256,3,0.8706,870,0,1000,0,999,1,473,5586992631280,5586999674078,7042,0,0,3767,7135,0,,,,474,0,999,0,0,0,84,0,0
476,scan,475,0,5587093720123,,5587093858217,5587095680534,77.565,-1.0933,1.1950,-3.0963,3,0.8795,879,0,1000,0,999,1,474,5587043383062,5587050750516,7367,0,0,3767,7140,0,,,,475,0,999,0,0,0,84,0,0
477,scan,476,0,5587143250824,,5587143386364,5587145683115,77.615,-1.0932,1.1950,-3.0098,3,0.8724,872,0,1000,0,999,1,475,5587093767688,5587101315008,7547,0,0,3767,7125,0,,,,476,0,999,0,0,0,84,0,0
478,scan,477,0,5587193368962,,5587193494235,5587195654784,77.665,-1.0931,1.1950,-2.9699,3,0.8781,878,0,1000,0,999,1,476,5587143292918,5587151335690,8042,0,0,3767,7149,0,,,,477,0,999,0,0,0,84,0,0
479,scan,478,0,5587243556811,,5587243763997,5587245597011,77.715,-1.0930,1.1951,-2.9126,3,0.8751,875,0,1000,0,999,1,477,5587193411798,5587200301156,6889,0,0,3767,7140,0,,,,478,0,999,0,0,0,84,0,0
480,scan,479,0,5587292938798,,5587293062299,5587295598208,77.765,-1.0930,1.1951,-2.8840,3,0.8764,876,0,1000,0,999,1,478,5587243622976,5587251481838,7858,0,0,3767,7154,0,,,,479,0,999,0,0,0,84,0,0
481,scan,480,0,5587342988703,,5587343113395,5587345661476,77.815,-1.0929,1.1951,-2.8496,3,0.8671,867,0,1000,0,999,1,479,5587292979570,5587299503274,6523,0,0,3767,7126,0,,,,480,0,999,0,0,0,84,0,0
482,scan,481,0,5587393331341,,5587393458342,5587395744344,77.865,-1.0928,1.1952,-2.7730,3,0.8743,874,0,1000,0,999,1,480,5587343030514,5587350599625,7569,0,0,3767,7140,0,,,,481,0,999,0,0,0,84,0,0
483,scan,482,0,5587443699367,,5587443855920,5587445576642,77.915,-1.0927,1.1952,-2.7383,3,0.8652,865,0,1000,0,999,1,481,5587393374897,5587400946872,7571,0,0,3767,7143,0,,,,482,0,999,0,0,0,84,0,0
484,scan,483,0,5587493459173,,5587493585404,5587495595493,77.965,-1.0926,1.1952,-2.6760,3,0.8679,867,0,1000,0,999,1,482,5587443753640,5587451406075,7652,0,0,3767,7160,0,,,,483,0,999,0,0,0,84,0,0
485,scan,484,0,5587543574620,,5587543731501,5587545616271,78.015,-1.0926,1.1953,-2.6432,3,0.8725,872,0,1000,0,999,1,483,5587493500401,5587500842615,7342,0,0,3767,7148,0,,,,484,0,999,0,0,0,84,0,0
486,scan,485,0,5587593658461,,5587593823875,5587595649123,78.065,-1.0925,1.1953,-2.5721,3,0.8609,860,0,1000,0,999,1,484,5587543634330,5587551436748,7802,0,0,3767,7179,0,,,,485,0,999,0,0,0,84,0,0
487,scan,486,0,5587643648658,,5587643808018,5587645658570,78.115,-1.0925,1.1954,-2.5370,3,0.8680,868,0,1000,0,999,1,485,5587593708028,5587601231042,7523,0,0,3767,7172,0,,,,486,0,999,0,0,0,84,0,0
488,scan,487,0,5587693541967,,5587693675908,5587695580009,78.165,-1.0924,1.1954,-2.4709,3,0.8739,873,0,1000,0,999,1,486,5587643701500,5587651020315,7318,0,0,3767,7245,0,,,,487,0,999,0,0,0,84,0,0
489,scan,488,0,5587743554000,,5587743739995,5587746642753,78.215,-1.0923,1.1955,-2.4380,3,0.8700,870,0,1000,0,999,1,487,5587693586851,5587701106615,7519,0,0,3767,7238,0,,,,488,0,999,0,0,0,84,0,0
490,scan,489,0,5587793661044,,5587793805536,5587795607948,78.265,-1.0922,1.1956,-2.3693,3,0.8666,866,0,1000,0,999,1,488,5587743632587,5587750990847,7358,0,0,3767,7287,0,,,,489,0,999,0,0,0,84,0,0
491,scan,490,0,5587843674835,,5587843809129,5587845628787,78.315,-1.0922,1.1956,-2.3346,3,0.8656,865,0,1000,0,999,1,489,5587793718927,5587801858382,8139,0,0,3767,7298,0,,,,490,0,999,0,0,0,84,0,0
492,scan,491,0,5587893483870,,5587893609395,5587895638784,78.365,-1.0921,1.1957,-2.2669,3,0.8761,876,0,1000,0,999,1,490,5587843716141,5587851360371,7644,0,0,3767,7290,0,,,,491,0,999,0,0,0,84,0,0
493,scan,492,0,5587943483051,,5587943620878,5587945595240,78.415,-1.0921,1.1958,-2.2336,3,0.8173,817,0,1000,0,999,1,491,5587893524264,5587901019746,7495,0,0,3767,7292,0,,,,492,0,999,0,0,0,84,0,0
494,scan,493,0,5587994121742,,5587994329868,5587996617932,78.465,-1.0920,1.1959,-2.1657,3,0.7501,750,0,1000,0,999,1,492,5587943528644,5587951256161,7727,0,0,3767,7300,0,,,,493,0,999,0,0,0,84,0,0
495,scan,494,0,5588043757480,,5588043893178,5588045613734,78.515,-1.0920,1.1959,-2.1314,3,0.7252,725,0,1000,0,999,1,493,5587994189621,5588001147623,6958,0,0,3767,7282,0,,,,494,0,999,0,0,0,84,0,0
496,scan,495,0,5588093727400,,5588093846321,5588095585284,78.565,-1.0920,1.1960,-2.0634,3,0.7086,708,0,895,0,997,1,494,5588043804546,5588051168478,7363,0,0,3767,7352,0,,,,495,0,997,0,0,0,84,0,0
497,scan,496,0,5588143770719,,5588143900257,5588145584815,78.615,-1.0919,1.1961,-2.0297,3,0.7112,711,0,828,0,900,1,495,5588093762400,5588101568196,7805,0,0,3767,7367,0,,,,496,0,900,0,0,0,84,0,0
498,scan,497,0,5588194215562,,5588194350061,5588196628565,78.665,-1.0919,1.1961,-1.9960,3,0.7120,712,220,760,0,829,1,496,5588143816471,5588151596709,7780,0,0,3767,7373,0,,,,497,0,829,0,0,0,84,0,0
499,scan,498,0,5588244192124,,5588244340079,5588246643279,78.715,-1.0919,1.1962,-1.9319,3,0.7215,721,220,632,220,757,1,497,5588194259542,5588200821723,6562,0,0,3767,7365,0,,,,498,220,757,0,0,0,84,0,0
500,scan,499,0,5588294398204,,5588294536378,5588296657756,78.765,-1.0919,1.1963,-1.9034,3,0.7140,713,220,575,220,617,1,498,5588244242134,5588250947023,6704,0,0,3767,7362,0,,,,499,220,617,0,0,0,84,0,0
501,scan,500,0,5588344135191,,5588344255914,5588346633566,78.815,-1.0929,1.1931,-1.8427,3,0.7169,716,220,454,220,557,1,499,5588294446731,5588301144649,6697,0,0,3767,7359,0,,,,500,220,557,0,0,0,84,0,0
502,scan,501,0,5588394295590,,5588394437693,5588396611808,78.865,-1.0937,1.1898,-1.8042,3,0.7157,715,220,378,220,439,1,500,5588344175424,5588351476758,7301,0,0,3767,7388,0,,,,501,220,439,0,0,0,84,0,0
503,scan,502,0,5588444251703,,5588444378014,5588446637345,78.915,-1.0957,1.1797,-1.7256,3,0.6998,699,220,222,220,363,1,501,5588394345841,5588402094525,7748,0,0,3767,7389,0,,,,502,220,363,0,0,0,84,0,0
504,scan,503,0,5588494328971,,5588494473052,5588496655251,78.965,-1.0966,1.1735,-1.6928,3,0.6962,696,220,157,220,214,1,502,5588444293048,5588451556550,7263,0,0,3767,7376,0,,,,503,220,214,0,0,0,84,0,0
505,scan,504,0,5588544443167,,5588544579312,5588546604183,79.015,-1.0980,1.1596,-1.6563,3,0.6923,692,220,85,220,151,1,503,5588494376933,5588502131901,7754,0,0,3767,7375,0,,,,504,220,151,0,0,0,84,0,0
506,scan,505,0,5588594560108,,5588594699507,5588596616532,79.065,-1.0986,1.1521,-1.6549,3,0.6820,681,220,82,220,81,1,504,5588544489930,5588551620927,7130,0,0,3767,7359,0,,,,505,220,81,0,0,0,84,0,0
507,scan,506,0,5588644497216,,5588644631439,5588646593126,79.115,-1.0999,1.1373,-1.6597,3,0.6591,659,220,92,220,80,1,505,5588594609433,5588601931406,7321,0,0,3767,7355,0,,,,506,220,80,0,0,0,84,0,0
508,scan,507,0,5588694517343,,5588694662930,5588696593880,79.165,-1.1005,1.1298,-1.6557,3,0.6581,658,220,85,220,89,1,506,5588644543478,5588649538018,4994,0,0,3767,7380,0,,,,507,220,89,0,0,0,84,0,0
509,scan,508,0,5588744703821,,5588744844461,5588746631299,79.215,-1.1017,1.1149,-1.6427,3,0.6431,643,220,59,220,82,1,507,5588694564979,5588701925563,7360,0,0,3767,7364,0,,,,508,220,82,0,0,0,84,0,0
510,scan,509,0,5588794720337,,5588794848579,5588797755043,79.265,-1.1022,1.1075,-1.6396,3,0.6339,633,220,53,220,58,1,508,5588744746316,5588751376889,6630,0,0,3767,7340,0,,,,509,220,58,0,0,0,84,0,0
511,scan,510,0,5588844938131,,5588845067405,5588847559191,79.315,-1.1033,1.0926,-1.6386,3,0.6151,615,220,51,220,52,1,509,5588794763650,5588802179699,7416,0,0,3767,7341,0,,,,510,220,52,0,0,0,84,0,0
512,scan,511,0,5588894616722,,5588894755782,5588896628307,79.365,-1.1038,1.0851,-1.6373,3,0.6205,620,220,49,220,50,1,510,5588844978771,5588851566538,6587,0,0,3767,7310,0,,,,511,220,50,0,0,0,84,0,0
513,scan,512,0,5588945025937,,5588945202299,5588947809216,79.415,-1.1047,1.0702,-1.6317,3,0.6140,614,220,38,220,47,1,511,5588894656966,5588901999725,7342,0,0,3767,7301,0,,,,512,220,47,0,0,0,84,0,0
514,scan,513,0,5588994623524,,5588994747605,5588996627976,79.465,-1.1052,1.0627,-1.6295,3,0.6010,600,220,34,220,38,1,512,5588945072103,5588952933168,7861,0,0,3767,7313,0,,,,513,220,38,0,0,0,84,0,0
515,scan,514,0,5589044882347,,5589045094982,5589047621023,79.515,-1.1056,1.0552,-1.6282,3,0.5815,581,220,31,220,32,1,513,5588994665670,5589002313151,7647,0,0,3767,7328,0,,,,514,220,32,0,0,0,84,0,0
516,scan,515,0,5589094660427,,5589094788157,5589096610763,79.565,-1.1065,1.0403,-1.6267,3,0.5874,587,220,28,220,30,1,514,5589044955119,5589051678263,6723,0,0,3767,7312,0,,,,515,220,30,0,0,0,84,0,0
517,scan,516,0,5589144713188,,5589144840435,5589147548911,79.615,-1.1069,1.0328,-1.6255,3,0.5678,567,220,26,220,28,1,515,5589094702890,5589102957991,8255,0,0,3767,7329,0,,,,516,220,28,0,0,0,84,0,0
518,scan,517,0,5589194763583,,5589194888685,5589197530928,79.665,-1.1077,1.0179,-1.6228,3,0.5499,549,220,21,220,27,1,516,5589144758706,5589151726110,6967,0,0,3767,7302,0,,,,517,220,27,0,0,0,84,0,0
519,scan,518,0,5589244932086,,5589245067303,5589247649312,79.715,-1.1081,1.0104,-1.6219,3,0.5579,557,220,19,220,21,1,517,5589194805649,5589202221931,7416,0,0,3767,7316,0,,,,518,220,21,0,0,0,84,0,0
520,scan,519,0,5589295126687,,5589295275546,5589297607282,79.765,-1.1088,0.9955,-1.6206,3,0.5479,547,220,16,220,19,1,518,5589244977321,5589252683989,7706,0,0,3767,7312,0,,,,519,220,19,0,0,0,84,0,0
521,scan,520,0,5589345371464,,5589345513568,5589347650103,79.815,-1.1092,0.9880,-1.6199,3,0.5366,536,220,15,220,17,1,519,5589295171387,5589302728224,7556,0,0,3767,7338,0,,,,520,220,17,0,0,0,84,0,0
522,scan,521,0,5589395185868,,5589395323051,5589397724499,79.865,-1.1099,0.9731,-1.6185,3,0.5150,514,220,12,220,15,1,520,5589345414746,5589353651963,8237,0,0,3767,7354,0,,,,521,220,15,0,0,0,84,0,0
523,scan,522,0,5589445375169,,5589445503697,5589447669797,79.915,-1.1103,0.9656,-1.6179,3,0.5116,511,220,11,220,12,1,521,5589395230531,5589401750162,6519,0,0,3767,7328,0,,,,522,220,12,0,0,0,84,0,0
524,scan,523,0,5589495363850,,5589495485991,5589497698035,79.965,-1.1110,0.9506,-1.6170,3,0.5050,505,220,10,220,12,1,522,5589445419892,5589451674646,6254,0,0,3767,7293,0,,,,523,220,12,0,0,0,84,0,0
525,scan,524,0,5589545504318,,5589545659747,5589547696905,80.015,-1.1113,0.9432,-1.6167,3,0.4966,496,220,9,220,10,1,523,5589495404518,5589502513882,7109,0,0,3767,7287,0,,,,524,220,10,0,0,0,84,0,0
526,scan,525,0,5589595303279,,5589595436883,5589597607045,80.065,-1.1120,0.9282,-1.6159,3,0.4907,490,220,8,220,10,1,524,5589545553720,5589553435685,7881,0,0,3767,7289,0,,,,525,220,10,0,0,0,84,0,0
527,scan,526,0,5589645426687,,5589645571518,5589648661776,80.115,-1.1123,0.9207,-1.6155,3,0.4706,470,220,7,220,8,1,525,5589595343894,5589603283800,7939,0,0,3767,7300,0,,,,526,220,8,0,0,0,84,0,0
528,scan,527,0,5589695710894,,5589695831591,5589697592661,80.165,-1.1130,0.9058,-1.6149,3,0.4623,462,220,6,220,8,1,526,5589645470487,5589653283848,7813,0,0,3767,7312,0,,,,527,220,8,0,0,0,84,0,0
529,scan,528,0,5589745791844,,5589745921053,5589748587361,80.215,-1.1133,0.8983,-1.6147,3,0.4684,468,220,5,220,6,1,527,5589695748377,5589703344728,7596,0,0,3767,7314,0,,,,528,220,6,0,0,0,84,0,0
530,scan,529,0,5589796419446,,5589796687884,5589798613766,80.265,-1.1140,0.8834,-1.6142,3,0.4567,456,220,4,220,6,1,528,5589745835268,5589753180579,7345,0,0,3767,7314,0,,,,529,220,6,0,0,0,84,0,0
531,scan,530,0,5589845537165,,5589845698877,5589847599525,80.315,-1.1143,0.8759,-1.6139,3,0.4447,444,220,4,220,4,1,529,5589796502825,5589803785734,7282,0,0,3767,7292,0,,,,530,220,4,0,0,0,84,0,0
532,scan,531,0,5589895883872,,5589896045204,5589898624114,80.365,-1.1146,0.8685,-1.6137,3,0.4292,429,220,3,220,4,1,530,5589845592208,5589853143797,7551,0,0,3767,7290,0,,,,531,220,4,0,0,0,84,0,0
533,scan,532,0,5589945613058,,5589945764861,5589947609370,80.415,-1.1153,0.8535,-1.6134,3,0.4237,423,220,3,220,5,1,531,5589895929353,5589903480144,7550,0,0,3767,7291,0,,,,532,220,5,0,0,0,84,0,0
534,scan,533,0,5589995970588,,5589996148607,5589998626906,80.465,-1.1156,0.8461,-1.6133,3,0.4174,417,220,3,220,2,1,532,5589945675533,5589953401807,7726,0,0,3767,7291,0,,,,533,220,2,0,0,0,84,0,0
535,scan,534,0,5590045856889,,5590045986479,5590048615425,80.515,-1.1162,0.8311,-1.6131,3,0.4034,403,220,2,220,3,1,533,5589996052090,5590003578394,7526,0,0,3767,7305,0,,,,534,220,3,0,0,0,84,0,0
536,scan,535,0,5590095610684,,5590095734764,5590097586254,80.565,-1.1165,0.8236,-1.6129,3,0.3934,393,220,2,220,2,1,534,5590045900638,5590053805809,7905,0,0,3767,7319,0,,,,535,220,2,0,1,0,84,0,0
537,scan,536,0,5590146024934,,5590146164170,5590148637659,80.615,-1.1172,0.8087,-1.6128,3,0.3966,396,220,2,220,3,1,535,5590095653128,5590102928530,7275,0,0,3767,7306,0,,,,536,220,3,0,1,0,84,0,0
538,scan,537,0,5590195948361,,5590196151927,5590198601845,80.665,-1.1175,0.8012,-1.6128,3,0.3841,384,220,2,220,2,1,536,5590146070181,5590153496328,7426,0,0,3767,7297,0,,,,537,220,2,0,1,0,84,0,0
539,scan,538,0,5590246310088,,5590246448594,5590248622232,80.715,-1.1181,0.7863,-1.6126,3,0.3691,369,220,1,220,2,1,537,5590195997319,5590203814628,7817,0,0,3767,7328,0,,,,538,220,2,0,1,0,84,0,0
540,scan,539,0,5590297011909,,5590297145516,5590299602449,80.765,-1.1184,0.7788,-1.6125,3,0.3627,362,220,1,220,2,1,538,5590246358198,5590253359910,7001,0,0,3767,7336,0,,,,539,220,2,0,1,0,84,0,0
541,scan,540,0,5590346226887,,5590346341058,5590348599807,80.815,-1.1190,0.7639,-1.6124,3,0.3512,351,220,1,220,0,1,539,5590297058737,5590303943078,6884,0,0,3767,7340,0,,,,540,220,0,0,1,0,84,0,0
542,scan,541,0,5590396372696,,5590396579956,5590398622030,80.865,-1.1193,0.7564,-1.6123,3,0.3423,342,220,1,220,1,1,540,5590346268681,5590352886604,6617,0,0,3767,7323,0,,,,541,220,1,0,1,0,84,0,0
543,scan,542,0,5590446501837,,5590446624577,5590448676498,80.915,-1.1200,0.7414,-1.6123,3,0.3368,336,220,1,220,0,1,541,5590396442236,5590402730581,6288,0,0,3767,7287,0,,,,542,220,0,0,1,0,84,0,0
544,scan,543,0,5590496704688,,5590496862432,5590498639436,80.965,-1.1203,0.7340,-1.6122,3,0.3282,328,220,0,220,1,1,542,5590446543746,5590454082282,7538,0,0,3767,7294,0,,,,543,220,1,0,1,0,84,0,0
545,scan,544,0,5590546436247,,5590546564355,5590548614421,81.015,-1.1209,0.7190,-1.6122,3,0.3252,325,220,0,220,0,1,543,5590496757270,5590503938293,7181,0,0,3767,7279,0,,,,544,220,0,0,1,0,84,0,0
546,scan,545,0,5590596368524,,5590596500356,5590598646107,81.065,-1.1212,0.7115,-1.6122,3,0.3240,324,220,0,220,1,1,544,5590546476491,5590554326544,7850,0,0,3767,7297,0,,,,545,220,1,0,1,0,84,0,0
547,scan,546,0,5590646386470,,5590646522952,5590648559656,81.115,-1.1218,0.6966,-1.6121,3,0.3059,305,220,0,220,0,1,545,5590596412243,5590603820986,7408,0,0,3767,7299,0,,,,546,220,0,0,1,0,84,0,0
548,scan,547,0,5590696234861,,5590696373151,5590698586919,81.165,-1.1221,0.6891,-1.6121,3,0.3031,303,220,0,220,1,1,546,5590646430142,5590654270232,7840,0,0,3767,7371,0,,,,547,220,1,0,1,0,84,0,0
549,scan,548,0,5590746632238,,5590746767344,5590748594919,81.215,-1.1224,0.6816,-1.6121,3,0.2930,292,220,0,220,0,1,547,5590696280950,5590703463329,7182,0,0,3767,7366,0,,,,548,220,0,0,1,0,84,0,0
550,scan,549,0,5590796519119,,5590796664466,5590798652295,81.265,-1.1230,0.6667,-1.6120,3,0.2949,294,220,0,220,0,1,548,5590746679477,5590754328999,7649,0,0,3767,7392,0,,,,549,220,0,0,1,0,84,0,0
551,scan,550,0,5590846685395,,5590846819752,5590848629027,81.315,-1.1234,0.6592,-1.6120,3,0.2841,284,220,0,220,0,1,549,5590796566148,5590800903131,4336,0,0,3767,7315,0,,,,550,220,0,0,1,0,84,0,0
552,scan,551,0,5590896859087,,5590897001089,5590899542865,81.365,-1.1240,0.6443,-1.6120,3,0.2857,285,220,0,220,0,1,550,5590846729726,5590854417110,7687,0,0,3767,7342,0,,,,551,220,0,0,1,0,84,0,0
553,scan,552,0,5590946731826,,5590946872143,5590949565308,81.415,-1.1243,0.6368,-1.6120,3,0.2955,295,220,0,220,0,1,551,5590896913443,5590907069734,10156,0,0,3767,7412,0,,,,552,220,0,0,1,0,84,0,0
554,scan,553,0,5590997003016,,5590997130813,5590999700191,81.465,-1.1249,0.6219,-1.6120,3,0.2757,275,220,0,220,0,1,552,5590946780437,5590953645146,6864,0,0,3767,7388,0,,,,553,220,0,0,1,0,84,0,0
555,scan,554,0,5591047163789,,5591047295650,5591049612421,81.515,-1.1252,0.6144,-1.6120,3,0.2691,269,220,0,220,1,1,553,5590997045847,5591003769833,6723,0,0,3767,7364,0,,,,554,220,1,0,1,0,84,0,0
556,scan,555,0,5591096958972,,5591097083621,5591099601097,81.565,-1.1258,0.5994,-1.6120,3,0.2647,264,220,0,220,0,1,554,5591047209111,5591055479869,8270,0,0,3767,7403,0,,,,555,220,0,0,1,0,84,0,0
557,scan,556,0,5591146934708,,5591147062715,5591149607453,81.615,-1.1261,0.5920,-1.6120,3,0.2734,273,220,0,220,1,1,555,5591097000545,5591104624731,7624,0,0,3767,7387,0,,,,556,220,1,0,1,0,84,0,0
558,scan,557,0,5591197105701,,5591197228198,5591199602825,81.665,-1.1267,0.5770,-1.6119,3,0.2777,277,220,0,220,0,1,556,5591146977462,5591154902491,7925,0,0,3767,7411,0,,,,557,220,0,0,1,0,84,0,0
559,scan,558,0,5591246726376,,5591246851281,5591248587867,81.715,-1.1270,0.5695,-1.6119,3,0.2706,270,220,0,220,1,1,557,5591197144153,5591204552379,7408,0,0,3767,7411,0,,,,558,220,1,0,1,0,84,0,0
560,scan,559,0,5591296933221,,5591297076992,5591299626284,81.765,-1.1277,0.5546,-1.6119,3,0.2671,267,220,0,220,0,1,558,5591246768693,5591254202042,7433,0,0,3767,7404,0,,,,559,220,0,0,1,0,84,0,0
561,scan,560,0,5591347280720,,5591347484916,5591349653420,81.815,-1.1280,0.5471,-1.6118,3,0.2910,290,220,0,220,1,1,559,5591296974599,5591304871236,7896,0,0,3767,7413,0,,,,560,220,1,0,1,0,84,0,0
562,scan,561,0,5591397517354,,5591397649772,5591399638986,81.865,-1.1286,0.5322,-1.6118,3,0.2824,282,220,0,220,0,1,560,5591347348822,5591355745179,8396,0,0,3767,7417,0,,,,561,220,0,0,1,0,84,0,0
563,scan,562,0,5591447103423,,5591447224438,5591449601532,81.915,-1.1289,0.5247,-1.6118,3,0.2959,295,220,0,220,1,1,561,5591397560254,5591404302012,6741,0,0,3767,7422,0,,,,562,220,1,0,1,0,84,0,0
564,scan,563,0,5591497357279,,5591497496481,5591499570345,81.965,-1.1295,0.5097,-1.6117,3,0.3121,312,220,-1,220,1,1,562,5591447144041,5591454698457,7554,0,0,3767,7455,0,,,,563,220,1,0,1,0,84,0,0
565,scan,564,0,5591547496055,,5591547651453,5591549653400,82.015,-1.1298,0.5023,-1.6117,3,1.0814,1081,220,-1,220,0,1,563,5591497393723,5591504590379,7196,0,0,3767,7457,0,,,,564,220,0,0,0,0,84,0,0
566,scan,565,0,5591597849511,,5591598011203,5591601562401,82.065,-1.1301,0.4948,-1.6117,3,1.0755,1075,220,-1,220,1,1,564,5591547542253,5591554879122,7336,0,0,3767,7443,0,,,,565,220,1,0,0,0,84,0,0
567,scan,566,0,5591647981465,,5591648148985,5591650668533,82.115,-1.1307,0.4798,-1.6116,3,1.0764,1076,220,-1,220,0,1,565,5591597898682,5591605417096,7518,0,0,3767,7433,0,,,,566,220,0,0,0,0,84,0,0
568,scan,567,0,5591698197935,,5591698350940,5591700742234,82.165,-1.1310,0.4724,-1.6116,3,1.0787,1078,220,-1,220,1,1,566,5591648051891,5591655648738,7596,0,0,3767,7427,0,,,,567,220,1,0,0,0,84,0,0
569,scan,568,0,5591748102141,,5591748232190,5591750671518,82.215,-1.1316,0.4574,-1.6116,3,1.0662,1066,220,-1,220,0,1,567,5591698241404,5591705873456,7632,0,0,3767,7428,0,,,,568,220,0,0,0,0,84,0,0
570,scan,569,0,5591797887476,,5591798070491,5591800658034,82.265,-1.1319,0.4500,-1.6116,3,1.0796,1079,220,-1,220,1,1,568,5591748145672,5591755802993,7657,0,0,3767,7436,0,,,,569,220,1,0,0,0,84,0,0
571,scan,570,0,5591847543784,,5591847666526,5591849668505,82.315,-1.1325,0.4350,-1.6115,3,1.0786,1078,220,-1,220,0,1,569,5591797945595,5591805511840,7566,0,0,3767,7443,0,,,,570,220,0,0,0,0,84,0,0
572,scan,571,0,5591897409017,,5591897532021,5591899594525,82.365,-1.1328,0.4275,-1.6115,3,1.0869,1086,220,-1,220,1,1,570,5591847582079,5591855527401,7945,0,0,3767,7453,0,,,,571,220,1,0,0,0,84,0,0
573,scan,572,0,5591947798314,,5591947921463,5591950596636,82.415,-1.1335,0.4126,-1.6115,3,1.0894,1089,220,-1,220,-1,1,571,5591897449408,5591905340418,7891,0,0,3767,7462,0,,,,572,220,-1,0,0,0,84,0,0
574,scan,573,0,5591997762549,,5591997909662,5592000642255,82.465,-1.1338,0.4051,-1.6114,3,1.0517,1051,220,-1,220,-2,1,572,5591947840548,5591955482256,7641,0,0,3767,7459,0,,,,573,220,-2,0,0,0,84,0,0
575,scan,574,0,5592047761320,,5592047890294,5592050616949,82.515,-1.1344,0.3902,-1.6114,3,1.0728,1072,220,-1,220,-1,1,573,5591997812573,5592005694765,7882,0,0,3767,7468,0,,,,574,220,-1,0,0,0,84,0,0
576,scan,575,0,5592098676264,,5592098804007,5592101534820,82.565,-1.1347,0.3827,-1.6115,3,1.0776,1077,220,-1,220,-2,1,574,5592047802492,5592055506714,7704,0,0,3767,7463,0,,,,575,220,-2,0,0,0,84,0,0
577,scan,576,0,5592148515404,,5592148641911,5592150747643,82.615,-1.1353,0.3677,-1.6117,3,1.0652,1065,220,-1,220,1,1,575,5592098718991,5592106443490,7724,0,0,3767,7475,0,,,,576,220,1,0,0,0,84,0,0
578,scan,577,0,5592198534466,,5592198717924,5592200626599,82.665,-1.1356,0.3603,-1.6118,3,1.0461,1046,220,-1,220,0,1,576,5592148555612,5592153446414,4890,0,0,3767,7411,0,,,,577,220,0,0,0,0,84,0,0
579,scan,578,0,5592248562099,,5592248685956,5592250600277,82.715,-1.1362,0.3453,-1.6117,3,1.0628,1062,220,-1,220,1,1,577,5592198596599,5592205220323,6623,0,0,3767,7381,0,,,,578,220,1,0,0,0,84,0,0
580,scan,579,0,5592298394758,,5592298530774,5592300610006,82.765,-1.1365,0.3378,-1.6117,3,1.0666,1066,220,-1,220,0,1,578,5592248602147,5592255179066,6576,0,0,3767,7371,0,,,,579,220,0,0,0,0,84,0,0
581,scan,580,0,5592348684479,,5592348806487,5592350645046,82.815,-1.1371,0.3229,-1.6117,3,1.0591,1059,220,-1,220,1,1,579,5592298442098,5592306273382,7831,0,0,3767,7394,0,,,,580,220,1,0,0,0,84,0,0
582,scan,581,0,5592398486887,,5592398648855,5592400692693,82.865,-1.1374,0.3154,-1.6117,3,1.0578,1057,220,-1,220,0,1,580,5592348718710,5592355294213,6575,0,0,3767,7393,0,,,,581,220,0,0,0,0,84,0,0
583,scan,582,0,5592448577736,,5592448697421,5592450611925,82.915,-1.1377,0.3080,-1.6117,3,1.0469,1046,220,-1,220,0,1,581,5592398545780,5592405191451,6645,0,0,3767,7402,0,,,,582,220,0,0,0,0,84,0,0
584,scan,583,0,5592498761944,,5592498889319,5592501571616,82.965,-1.1383,0.2930,-1.6116,3,1.0682,1068,220,-1,220,1,1,582,5592448617781,5592455297609,6679,0,0,3767,7381,0,,,,583,220,1,0,0,0,84,0,0
585,scan,584,0,5592548732679,,5592548862873,5592550601273,83.015,-1.1386,0.2855,-1.6116,3,1.0447,1044,220,-1,220,0,1,583,5592498807334,5592507444936,8637,0,0,3767,7417,0,,,,584,220,0,0,0,0,84,0,0
586,scan,585,0,5592598728880,,5592598860578,5592601540986,83.065,-1.1393,0.2706,-1.6116,3,1.0591,1059,220,-1,220,1,1,584,5592548775645,5592554613255,5837,0,0,3767,7367,0,,,,585,220,1,0,0,0,84,0,0
587,scan,586,0,5592648730236,,5592648893124,5592651576983,83.115,-1.1396,0.2631,-1.6116,3,1.0858,1085,220,-1,220,0,1,585,5592598770988,5592606197416,7426,0,0,3767,7367,0,,,,586,220,0,0,0,0,84,0,0
588,scan,587,0,5592699137527,,5592699288948,5592701592006,83.165,-1.1402,0.2482,-1.6116,3,1.0711,1071,220,-1,220,1,1,586,5592648782938,5592656889770,8106,0,0,3767,7374,0,,,,587,220,1,0,0,0,84,0,0
589,scan,588,0,5592748742216,,5592748867215,5592751596473,83.215,-1.1405,0.2407,-1.6116,3,1.0659,1065,220,-1,220,0,1,587,5592699201757,5592706809714,7607,0,0,3767,7385,0,,,,588,220,0,0,0,0,84,0,0
590,scan,589,0,5592798499338,,5592798628857,5592800779923,83.265,-1.1411,0.2257,-1.6116,3,1.0686,1068,220,-1,220,0,1,588,5592748784583,5592755691805,6907,0,0,3767,7366,0,,,,589,220,0,0,0,0,84,0,0
591,scan,590,0,5592848887306,,5592849051891,5592851590214,83.315,-1.1414,0.2183,-1.6115,3,1.0584,1058,220,-1,220,0,1,589,5592798541870,5592806286579,7744,0,0,3767,7451,0,,,,590,220,0,0,0,0,84,0,0
592,scan,591,0,5592898683782,,5592898804128,5592900660086,83.365,-1.1420,0.2033,-1.6115,3,1.0650,1064,220,-1,220,0,1,590,5592848935755,5592857069566,8133,0,0,3767,7462,0,,,,591,220,0,0,0,0,84,0,0
593,scan,592,0,5592948835891,,5592948966845,5592951555164,83.415,-1.1423,0.1958,-1.6116,3,1.0485,1048,220,-1,220,0,1,591,5592898723413,5592905988033,7264,0,0,3767,7390,0,,,,592,220,0,0,0,0,84,0,0
594,scan,593,0,5592998828804,,5592998948033,5593001584910,83.465,-1.1429,0.1809,-1.6116,3,1.0553,1055,220,-1,220,0,1,592,5592948882823,5592955621465,6738,0,0,3767,7387,0,,,,593,220,0,0,0,0,84,0,0
595,scan,594,0,5593048797320,,5593048923795,5593051566156,83.515,-1.1432,0.1734,-1.6115,3,1.0497,1049,220,-1,220,1,1,593,5592998865053,5593006787929,7922,0,0,3767,7417,0,,,,594,220,1,0,0,0,84,0,0
596,scan,595,0,5593099032886,,5593099202878,5593101603749,83.565,-1.1438,0.1585,-1.6115,3,1.0458,1045,220,-1,220,0,1,594,5593048839957,5593055556250,6716,0,0,3767,7378,0,,,,595,220,0,0,0,0,84,0,0
597,scan,596,0,5593148959713,,5593149092837,5593151599777,83.615,-1.1441,0.1510,-1.6115,3,1.0548,1054,220,-1,220,1,1,595,5593099088961,5593106645291,7556,0,0,3767,7376,0,,,,596,220,1,0,0,0,84,0,0
598,scan,597,0,5593199153631,,5593199297581,5593201604891,83.665,-1.1447,0.1361,-1.6114,3,1.0406,1040,220,-1,220,0,1,596,5593149003552,5593156154942,7151,0,0,3767,7357,0,,,,597,220,0,0,0,0,84,0,0
599,scan,598,0,5593249321271,,5593249460432,5593251621622,83.715,-1.1450,0.1286,-1.6114,3,1.0383,1038,220,-1,220,-1,1,597,5593199188127,5593206736078,7547,0,0,3767,7360,0,,,,598,220,-1,0,0,0,84,0,0
600,scan,599,0,5593299347289,,5593299476109,5593301623586,83.765,-1.1453,0.1211,-1.6114,3,1.0347,1034,220,-1,220,-2,1,598,5593249369090,5593257138015,7768,0,0,3767,7369,0,,,,599,220,-2,0,0,0,84,0,0
601,scan,600,0,5593349249123,,5593349367461,5593351617887,83.815,-1.1460,0.1062,-1.6114,3,1.0199,1019,220,-1,220,-2,1,599,5593299390853,5593307611483,8220,0,0,3767,7377,0,,,,600,220,-2,0,0,0,84,0,0
602,scan,601,0,5593399526984,,5593399664273,5593401590938,83.865,-1.1463,0.0987,-1.6115,3,1.0121,1012,220,-1,220,-1,1,600,5593349291234,5593356938094,7646,0,0,3767,7358,0,,,,601,220,-1,0,0,0,84,0,0
603,scan,602,0,5593449484454,,5593449617740,5593451577723,83.915,-1.1469,0.0837,-1.6117,3,1.0014,1001,220,-1,220,0,1,601,5593399573750,5593407452210,7878,0,0,3767,7387,0,,,,602,220,0,0,0,0,84,0,0
604,scan,603,0,5593499281753,,5593499401401,5593501591514,83.965,-1.1472,0.0763,-1.6117,3,0.9968,996,220,-1,220,1,1,602,5593449528931,5593456860730,7331,0,0,3767,7381,0,,,,603,220,1,0,0,0,84,0,0
605,scan,604,0,5593549091489,,5593549210894,5593552558607,84.015,-1.1478,0.0613,-1.6117,3,0.9887,988,220,-1,220,0,1,603,5593499322711,5593506817930,7495,0,0,3767,7388,0,,,,604,220,0,0,0,0,84,0,0
606,scan,605,0,5593599861991,,5593600234484,5593602666712,84.065,-1.1481,0.0538,-1.6116,3,0.9794,979,220,-1,220,1,1,604,5593549130465,5593557020873,7890,0,0,3767,7402,0,,,,605,220,1,0,0,0,84,0,0
607,scan,606,0,5593649576209,,5593649718178,5593651637725,84.115,-1.1487,0.0389,-1.6116,3,0.9741,974,220,-1,220,0,1,605,5593599937646,5593607767645,7829,0,0,3767,7410,0,,,,606,220,0,0,0,0,84,0,0
608,scan,607,0,5593699845948,,5593699976366,5593702559553,84.165,-1.1490,0.0314,-1.6116,3,0.9617,961,220,-1,220,1,1,606,5593649623843,5593660076946,10453,0,0,3767,7482,0,,,,607,220,1,0,0,0,84,0,0
609,scan,608,0,5593749673144,,5593749798079,5593751594952,84.215,-1.1496,0.0165,-1.6115,3,0.9547,954,220,-1,220,0,1,607,5593699890473,5593707439981,7549,0,0,3767,7479,0,,,,608,220,0,0,0,0,84,0,0
610,scan,609,0,5593799396420,,5593799519329,5593801574628,84.265,-1.1499,0.0090,-1.6115,3,0.9521,952,220,-1,220,1,1,608,5593749714042,5593757952388,8238,0,0,3767,7494,0,,,,609,220,1,0,0,0,84,0,0
611,scan,610,0,5593849385800,,5593849509070,5593851597851,84.315,-1.1505,-0.0059,-1.6114,3,0.9426,942,220,-2,220,1,1,609,5593799438406,5593807086468,7648,0,0,3767,7496,0,,,,610,220,1,0,0,0,84,0,0
612,scan,611,0,5593899713809,,5593899854638,5593901572335,84.365,-1.1508,-0.0134,-1.6114,3,0.9192,919,220,-2,220,-1,1,610,5593849424794,5593857668064,8243,0,0,3767,7504,0,,,,611,220,-1,0,0,0,84,0,0
613,scan,612,0,5593949654923,,5593949790016,5593951592331,84.415,-1.1514,-0.0284,-1.6114,3,0.9204,920,220,-2,220,-1,1,611,5593899757253,5593907522324,7765,0,0,3767,7500,0,,,,612,220,-1,0,0,0,84,0,0
614,scan,613,0,5594000195767,,5594000354324,5594002585294,84.465,-1.1517,-0.0358,-1.6114,3,0.9055,905,220,-2,220,-2,1,612,5593949698176,5593957038958,7340,0,0,3767,7493,0,,,,613,220,-2,0,0,0,84,0,0
615,scan,614,0,5594050408674,,5594050532615,5594052666906,84.515,-1.1524,-0.0508,-1.6115,3,0.9046,904,220,-1,220,-1,1,613,5594000242990,5594007636532,7393,0,0,3767,7481,0,,,,614,220,-1,0,0,0,84,0,0
616,scan,615,0,5594101109723,,5594101412309,5594103694877,84.565,-1.1527,-0.0583,-1.6116,3,0.9065,906,220,-1,220,0,1,614,5594050444931,5594057894247,7449,0,0,3767,7474,0,,,,615,220,0,0,0,0,84,0,0
617,scan,616,0,5594150753084,,5594150880006,5594153650714,84.615,-1.1530,-0.0657,-1.6117,3,0.8906,890,220,-1,220,1,1,615,5594101216182,5594108156445,6940,0,0,3767,7455,0,,,,616,220,1,0,0,0,84,0,0
618,scan,617,0,5594200682356,,5594200815847,5594202593002,84.665,-1.1536,-0.0807,-1.6117,3,0.8821,882,220,-1,220,0,1,616,5594150796857,5594158610754,7813,0,0,3767,7528,0,,,,617,220,0,0,0,0,84,0,0
619,scan,618,0,5594250812639,,5594250996367,5594253600378,84.715,-1.1539,-0.0882,-1.6116,3,0.8914,891,220,-1,220,1,1,617,5594200730227,5594207769384,7039,0,0,3767,7538,0,,,,618,220,1,0,0,0,84,0,0
620,scan,619,0,5594300766781,,5594300901650,5594303591593,84.765,-1.1545,-0.1031,-1.6116,3,0.8869,886,220,-1,220,1,1,618,5594250884267,5594259107287,8223,0,0,3767,7579,0,,,,619,220,1,0,0,0,84,0,0
621,scan,620,0,5594350911104,,5594351036281,5594353726623,84.815,-1.1548,-0.1106,-1.6116,3,0.8885,888,220,-1,220,0,1,619,5594300810322,5594307519687,6709,0,0,3767,7551,0,,,,620,220,0,0,0,0,84,0,0
622,scan,621,0,5594400700703,,5594400851618,5594402643780,84.865,-1.1554,-0.1255,-1.6115,3,0.8810,881,220,-2,220,1,1,620,5594350952693,5594358401927,7449,0,0,3767,7573,0,,,,621,220,1,0,0,0,84,0,0
623,scan,622,0,5594450810081,,5594450954829,5594453589391,84.915,-1.1557,-0.1330,-1.6115,3,0.8531,853,220,-2,220,0,1,621,5594400750357,5594408139598,7389,0,0,3767,7592,0,,,,622,220,0,0,0,0,84,0,0
624,scan,623,0,5594500717356,,5594500837870,5594502563073,84.965,-1.1563,-0.1480,-1.6115,3,0.8657,865,220,-2,220,-1,1,622,5594450860199,5594455118056,4257,0,0,3767,7531,0,,,,623,220,-1,0,0,0,84,0,0
625,scan,624,0,5594551155846,,5594551286880,5594553618267,85.015,-1.1566,-0.1554,-1.6115,3,0.8589,858,220,-2,220,-2,1,623,5594500757123,5594506800564,6043,0,0,3767,7466,0,,,,624,220,-2,0,0,0,84,0,0
626,scan,625,0,5594601809530,,5594602017861,5594604601663,85.065,-1.1572,-0.1704,-1.6115,3,0.8678,867,220,-2,220,-1,1,624,5594551199248,5594559140248,7941,0,0,3767,7519,0,,,,625,220,-1,0,0,0,84,0,0
627,scan,626,0,5594651289274,,5594651428647,5594653807489,85.115,-1.1575,-0.1778,-1.6116,3,0.8587,858,220,-1,220,0,1,625,5594601877214,5594609752370,7875,0,0,3767,7530,0,,,,626,220,0,0,0,0,84,0,0
628,scan,627,0,5594701176500,,5594701307738,5594703669666,85.165,-1.1581,-0.1928,-1.6118,3,0.8582,858,220,-1,220,1,1,626,5594651336123,5594658683268,7347,0,0,3767,7511,0,,,,627,220,1,0,0,0,84,0,0
629,scan,628,0,5594751415112,,5594751595076,5594753600190,85.215,-1.1585,-0.2003,-1.6118,3,0.8618,861,220,-1,220,0,1,627,5594701220244,5594708440146,7219,0,0,3767,7501,0,,,,628,220,0,0,0,0,84,0,0
630,scan,629,0,5594801112225,,5594801249797,5594803625947,85.265,-1.1591,-0.2152,-1.6116,3,0.8543,854,220,-1,220,0,1,628,5594751477273,5594759282901,7805,0,0,3767,7524,0,,,,629,220,0,0,0,0,84,0,0
631,scan,630,0,5594851382323,,5594851505467,5594853553626,85.315,-1.1594,-0.2227,-1.6116,3,0.8626,862,220,-2,220,0,1,629,5594801150561,5594809416768,8266,0,0,3767,7537,0,,,,630,220,0,0,0,0,84,0,0
632,scan,631,0,5594901468146,,5594901672812,5594903604439,85.365,-1.1600,-0.2376,-1.6117,3,0.8820,882,220,-1,220,0,1,630,5594851424953,5594859245378,7820,0,0,3767,7529,0,,,,631,220,0,0,0,0,84,0,0
633,scan,632,0,5594951464761,,5594951615559,5594953584946,85.415,-1.1603,-0.2451,-1.6117,3,0.8876,887,220,-1,220,0,1,631,5594901530025,5594909682934,8152,0,0,3767,7551,0,,,,632,220,0,0,0,0,84,0,0
634,scan,633,0,5595001155002,,5595001279032,5595003602158,85.465,-1.1606,-0.2526,-1.6117,3,1.0095,1009,220,-1,220,0,1,632,5594951516597,5594959271248,7754,0,0,3767,7577,0,,,,633,220,0,0,0,0,84,0,0
635,scan,634,0,5595051287113,,5595051417339,5595053605458,85.515,-1.1612,-0.2675,-1.6116,3,1.0371,1037,220,-2,220,1,1,633,5595001196000,5595007551236,6355,0,0,3767,7538,0,,,,634,220,1,0,0,0,84,0,0
636,scan,635,0,5595101449253,,5595101620768,5595103619928,85.565,-1.1615,-0.2750,-1.6116,3,1.0286,1028,220,-2,220,0,1,634,5595051330675,5595055856940,4526,0,0,3767,7483,0,,,,635,220,0,0,0,0,84,0,0
637,scan,636,0,5595151588165,,5595151725846,5595153573866,85.615,-1.1621,-0.2900,-1.6116,3,1.0285,1028,220,-2,220,1,1,635,5595101507579,5595109390037,7882,0,0,3767,7491,0,,,,636,220,1,0,0,0,84,0,0
638,scan,637,0,5595201429140,,5595201560257,5595203573395,85.665,-1.1624,-0.2974,-1.6116,3,1.0215,1021,220,-2,220,0,1,636,5595151635088,5595159398117,7763,0,0,3767,7506,0,,,,637,220,0,0,0,0,84,0,0
639,scan,638,0,5595251347208,,5595251468644,5595253561854,85.715,-1.1630,-0.3124,-1.6116,3,1.0427,1042,220,-2,220,0,1,637,5595201474648,5595208505573,7030,0,0,3767,7493,0,,,,638,220,0,0,0,0,84,0,0
640,scan,639,0,5595301368115,,5595301505556,5595303548578,85.765,-1.1633,-0.3198,-1.6116,3,1.0215,1021,220,-2,220,0,1,638,5595251386835,5595259329127,7942,0,0,3767,7498,0,,,,639,220,0,0,0,0,84,0,0
641,scan,640,0,5595351271790,,5595351404033,5595353584393,85.815,-1.1639,-0.3348,-1.6116,3,1.0238,1023,220,-2,220,0,1,639,5595301415511,5595309140334,7724,0,0,3767,7485,0,,,,640,220,0,0,0,0,84,0,0
642,scan,641,0,5595401792370,,5595401933866,5595404546286,85.865,-1.1643,-0.3423,-1.6116,3,1.0265,1026,220,-2,220,1,1,640,5595351316687,5595358941264,7624,0,0,3767,7485,0,,,,641,220,1,0,0,0,84,0,0
643,scan,642,0,5595451761331,,5595451912650,5595454592386,85.915,-1.1649,-0.3572,-1.6116,3,1.0249,1024,220,-2,220,0,1,641,5595401844752,5595409660168,7815,0,0,3767,7483,0,,,,642,220,0,0,0,0,84,0,0
644,scan,643,0,5595501645024,,5595501776186,5595504557118,85.965,-1.1652,-0.3647,-1.6115,3,1.0298,1029,220,-2,220,1,1,642,5595451811096,5595459242051,7430,0,0,3767,7486,0,,,,643,220,1,0,0,0,84,0,0
645,scan,644,0,5595551707862,,5595551844484,5595553585224,86.015,-1.1658,-0.3796,-1.6115,3,1.0440,1044,220,-2,220,0,1,643,5595501692903,5595509417298,7724,0,0,3767,7491,0,,,,644,220,0,0,0,0,84,0,0
646,scan,645,0,5595601753967,,5595601900337,5595604560517,86.065,-1.1661,-0.3871,-1.6115,3,1.0193,1019,220,-2,220,-1,1,644,5595551755426,5595559236720,7481,0,0,3767,7481,0,,,,645,220,-1,0,0,0,84,0,0
647,scan,646,0,5595651680049,,5595651817250,5595653597516,86.115,-1.1667,-0.4021,-1.6114,3,1.0309,1030,220,-2,220,-2,1,645,5595601799592,5595608373185,6573,0,0,3767,7450,0,,,,646,220,-2,0,0,0,84,0,0
648,scan,647,0,5595702344518,,5595702510430,5595704589108,86.165,-1.1670,-0.4095,-1.6115,3,1.0347,1034,220,-2,220,-1,1,646,5595651727010,5595658765663,7038,0,0,3767,7364,0,,,,647,220,-1,0,0,0,84,0,0
649,scan,648,0,5595752296115,,5595752428307,5595754584228,86.215,-1.1676,-0.4245,-1.6116,3,1.0261,1026,220,-2,220,-2,1,647,5595702399454,5595709452438,7052,0,0,3767,7352,0,,,,648,220,-2,0,0,0,84,0,0
650,scan,649,0,5595802329743,,5595802472174,5595804649794,86.265,-1.1679,-0.4320,-1.6117,3,1.0296,1029,220,-2,220,1,1,648,5595752337303,5595759476440,7139,0,0,3767,7324,0,,,,649,220,1,0,0,0,84,0,0
651,scan,650,0,5595852362869,,5595852512501,5595854705384,86.315,-1.1682,-0.4394,-1.6117,3,1.0140,1014,220,-2,220,1,1,649,5595802378589,5595807052207,4673,0,0,3767,7250,0,,,,650,220,1,0,0,0,84,0,0
652,scan,651,0,5595902206853,,5595902342154,5595904583475,86.365,-1.1688,-0.4544,-1.6117,3,1.0230,1022,220,-2,220,0,1,650,5595852413152,5595859866842,7453,0,0,3767,7230,0,,,,651,220,0,0,0,0,84,0,0
653,scan,652,0,5595952259776,,5595952388780,5595954555409,86.415,-1.1691,-0.4618,-1.6116,3,1.0415,1041,220,-2,220,1,1,651,5595902251156,5595909787260,7536,0,0,3767,7225,0,,,,652,220,1,0,0,0,84,0,0
654,scan,653,0,5596002292403,,5596002421688,5596004698007,86.465,-1.1697,-0.4768,-1.6116,3,1.0108,1010,220,-2,220,0,1,652,5595952303804,5595959808712,7504,0,0,3767,7229,0,,,,653,220,0,0,0,0,84,0,0
655,scan,654,0,5596052448697,,5596052578999,5596054746633,86.515,-1.1700,-0.4843,-1.6116,3,1.0345,1034,220,-2,220,1,1,653,5596002336740,5596010298264,7961,0,0,3767,7243,0,,,,654,220,1,0,0,0,84,0,0
656,scan,655,0,5596102442577,,5596102561974,5596104576484,86.565,-1.1707,-0.4992,-1.6115,3,1.0159,1015,220,-2,220,0,1,654,5596052493663,5596060211622,7717,0,0,3767,7250,0,,,,655,220,0,0,0,0,84,0,0
657,scan,656,0,5596152814793,,5596152955084,5596155561066,86.615,-1.1710,-0.5067,-1.6115,3,1.0218,1021,220,-2,220,1,1,655,5596102483077,5596110004335,7521,0,0,3767,7264,0,,,,656,220,1,0,0,0,84,0,0
658,scan,657,0,5596202459613,,5596202587097,5596204677857,86.665,-1.1716,-0.5216,-1.6114,3,1.0224,1022,220,-2,220,0,1,656,5596152862373,5596159170635,6308,0,0,3767,7226,0,,,,657,220,0,0,0,0,84,0,0
659,scan,658,0,5596252339391,,5596252461022,5596254572561,86.715,-1.1719,-0.5291,-1.6114,3,1.0229,1022,220,-3,220,-1,1,657,5596202502256,5596210086440,7584,0,0,3767,7240,0,,,,658,220,-1,0,0,0,84,0,0
660,scan,659,0,5596302468501,,5596302599685,5596304565096,86.765,-1.1725,-0.5441,-1.6114,3,1.0009,1000,220,-3,220,-1,1,658,5596252378643,5596259930025,7551,0,0,3767,7223,0,,,,659,220,-1,0,0,0,84,0,0
661,scan,660,0,5596352518794,,5596352659456,5596354626677,86.815,-1.1728,-0.5515,-1.6114,3,1.0329,1032,220,-3,220,-3,1,659,5596302513702,5596309956383,7442,0,0,3767,7242,0,,,,660,220,-3,0,0,0,84,0,0
662,scan,661,0,5596402501296,,5596402627536,5596404600714,86.865,-1.1734,-0.5665,-1.6116,3,1.0182,1018,220,-2,220,-1,1,660,5596352564837,5596360430767,7865,0,0,3767,7252,0,,,,661,220,-1,0,0,0,84,0,0
663,scan,662,0,5596452662639,,5596452813935,5596454607121,86.915,-1.1737,-0.5740,-1.6117,3,1.0200,1019,220,-2,220,-1,1,661,5596402543904,5596409903780,7359,0,0,3767,7251,0,,,,662,220,-1,0,0,0,84,0,0
664,scan,663,0,5596502445328,,5596502565433,5596504592396,86.965,-1.1743,-0.5889,-1.6119,3,1.0178,1017,220,-2,220,1,1,662,5596452714395,5596457150035,4435,0,0,3767,7256,0,,,,663,220,1,0,0,0,84,0,0
665,scan,664,0,5596552517922,,5596552684737,5596554596162,87.015,-1.1746,-0.5964,-1.6119,3,1.0222,1022,220,-2,220,-1,1,663,5596502483887,5596510226666,7742,0,0,3767,7298,0,,,,664,220,-1,0,0,0,84,0,0
666,scan,665,0,5596603311411,,5596603578294,5596605695019,87.065,-1.1752,-0.6113,-1.6118,3,1.0107,1010,220,-2,220,1,1,664,5596552579358,5596556183305,3603,0,0,3767,7190,0,,,,665,220,1,0,0,0,84,0,0
667,scan,666,0,5596652550993,,5596652672792,5596654631621,87.115,-1.1755,-0.6188,-1.6118,3,1.0262,1026,220,-2,220,-1,1,665,5596603392233,5596609801614,6409,0,0,3767,7153,0,,,,666,220,-1,0,0,0,84,0,0
668,scan,667,0,5596702622076,,5596702753146,5596704609030,87.165,-1.1758,-0.6263,-1.6118,3,1.0185,1018,220,-2,220,1,1,666,5596652590239,5596659907555,7317,0,0,3767,7152,0,,,,667,220,1,0,0,0,84,0,0
669,scan,668,0,5596752967954,,5596753108886,5596755592218,87.215,-1.1765,-0.6412,-1.6119,3,1.0261,1026,220,-2,220,0,1,667,5596702669152,5596710413981,7744,0,0,3767,7165,0,,,,668,220,0,0,0,0,84,0,0
670,scan,669,0,5596802666115,,5596802793743,5596804550610,87.265,-1.1768,-0.6487,-1.6119,3,1.0121,1012,220,-2,220,-2,1,668,5596753016635,5596757546306,4529,0,0,3767,7084,0,,,,669,220,-2,0,0,0,84,0,0
671,scan,670,0,5596852879910,,5596853004028,5596855584438,87.315,-1.1774,-0.6636,-1.6119,3,1.0282,1028,220,-2,220,1,1,669,5596802707719,5596810848380,8140,0,0,3767,7080,0,,,,670,220,1,0,0,0,84,0,0
672,scan,671,0,5596903031429,,5596903176622,5596905595285,87.365,-1.1777,-0.6711,-1.6119,3,1.0083,1008,220,-2,220,-2,1,670,5596852920694,5596859944149,7023,0,0,3767,7060,0,,,,671,220,-2,0,0,0,84,0,0
673,scan,672,0,5596952710839,,5596952855080,5596954559806,87.415,-1.1783,-0.6861,-1.6121,3,1.0100,1009,220,-2,220,1,1,671,5596903080425,5596910654857,7574,0,0,3767,7046,0,,,,672,220,1,0,0,0,84,0,0
674,scan,673,0,5597003167728,,5597003334129,5597005629861,87.465,-1.1786,-0.6935,-1.6121,3,1.0300,1029,220,-2,220,-1,1,672,5596952759476,5596959969409,7209,0,0,3767,7032,0,,,,673,220,-1,0,0,0,84,0,0
675,scan,674,0,5597052945970,,5597053074692,5597055578998,87.515,-1.1792,-0.7085,-1.6121,3,0.9846,984,220,-2,220,1,1,673,5597003217383,5597010984762,7767,0,0,3767,7068,0,,,,674,220,1,0,0,0,84,0,0
676,scan,675,0,5597103929160,,5597104102062,5597106688845,87.565,-1.1795,-0.7160,-1.6121,3,1.0173,1017,220,-2,220,-1,1,674,5597052989392,5597061030717,8041,0,0,3767,7156,0,,,,675,220,-1,0,0,0,84,0,0
677,scan,676,0,5597153741354,,5597153878902,5597155596610,87.615,-1.1802,-0.7309,-1.6121,3,1.0065,1006,220,-2,220,1,1,675,5597103979105,5597111542346,7563,0,0,3767,7148,0,,,,676,220,1,0,0,0,84,0,0
678,scan,677,0,5597203958029,,5597204153094,5597206843799,87.665,-1.1805,-0.7384,-1.6121,3,1.0169,1016,220,-2,220,-1,1,676,5597153788887,5597161573903,7785,0,0,3767,7148,0,,,,677,220,-1,0,0,0,84,0,0
679,scan,678,0,5597253707027,,5597253834241,5597256687346,87.715,-1.1811,-0.7533,-1.6122,3,1.0133,1013,220,-2,220,-2,1,677,5597204047262,5597211197477,7150,0,0,3767,7151,0,,,,678,220,-2,0,0,0,84,0,0
680,scan,679,0,5597303355843,,5597303488087,5597305573429,87.765,-1.1814,-0.7608,-1.6122,3,1.0085,1008,220,-2,220,-1,1,678,5597253747249,5597261144545,7397,0,0,3767,7138,0,,,,679,220,-1,0,0,0,84,0,0
681,scan,680,0,5597353558467,,5597353684767,5597355547242,87.815,-1.1820,-0.7757,-1.6123,3,1.0073,1007,220,-2,220,-2,1,679,5597303397244,5597311254755,7857,0,0,3767,7141,0,,,,680,220,-2,0,0,0,84,0,0
682,scan,681,0,5597403807957,,5597403931939,5597406581169,87.865,-1.1823,-0.7832,-1.6124,3,1.0123,1012,220,-2,220,-1,1,680,5597353597243,5597361436530,7839,0,0,3767,7146,0,,,,681,220,-1,0,0,0,84,0,0
683,scan,682,0,5597454070262,,5597454189215,5597457529831,87.915,-1.1829,-0.7982,-1.6124,3,1.0039,1003,220,-2,220,-2,1,681,5597403850687,5597411602865,7752,0,0,3767,7145,0,,,,682,220,-2,0,0,0,84,0,0
684,scan,683,0,5597504191974,,5597504348416,5597506646179,87.965,-1.1833,-0.8056,-1.6125,3,1.0150,1014,220,-1,220,0,1,682,5597454106770,5597458702639,4595,0,0,3767,7074,0,,,,683,220,0,0,0,0,84,0,0
685,scan,684,0,5597554431010,,5597554558419,5597556597295,88.015,-1.1836,-0.8131,-1.6125,3,1.0146,1014,220,-1,220,-2,1,683,5597504234837,5597511771644,7536,0,0,3767,7069,0,,,,684,220,-2,0,0,0,84,0,0
686,scan,685,0,5597604477227,,5597604677281,5597606614431,88.065,-1.1842,-0.8281,-1.6126,3,1.0061,1006,220,-1,220,3,1,684,5597554473547,5597561992390,7518,0,0,3767,7070,0,,,,685,220,3,0,0,0,84,0,0
687,scan,686,0,5597654094101,,5597654218200,5597656552444,88.115,-1.1845,-0.8355,-1.6126,3,0.9936,993,220,-1,220,0,1,685,5597604546875,5597611661868,7114,0,0,3767,7084,0,,,,686,220,0,0,0,0,84,0,0
688,scan,687,0,5597704252829,,5597704377777,5597706632955,88.165,-1.1851,-0.8505,-1.6125,3,1.0060,1006,220,-2,220,4,1,686,5597654136379,5597662084103,7947,0,0,3767,7106,0,,,,687,220,4,0,0,0,84,0,0
689,scan,688,0,5597754385502,,5597754517474,5597756552031,88.215,-1.1854,-0.8580,-1.6125,3,1.0047,1004,220,-2,220,1,1,687,5597704294046,5597711612759,7318,0,0,3767,7113,0,,,,688,220,1,0,0,0,84,0,0
690,scan,689,0,5597804358089,,5597804483559,5597806602948,88.265,-1.1861,-0.8729,-1.6124,3,1.0150,1015,220,-2,220,-3,1,688,5597754430909,5597762066128,7635,0,0,3767,7125,0,,,,689,220,-3,0,0,0,84,0,0
691,scan,690,0,5597854797122,,5597854919465,5597857580680,88.315,-1.1864,-0.8804,-1.6123,3,0.9919,991,220,-2,220,-1,1,689,5597804399661,5597811596993,7197,0,0,3767,7188,0,,,,690,220,-1,0,0,0,84,0,0
692,scan,691,0,5597904478004,,5597904610125,5597906586252,88.365,-1.1870,-0.8953,-1.6124,3,1.0052,1005,220,-2,220,-3,1,690,5597854836258,5597862064929,7228,0,0,3767,7183,0,,,,691,220,-3,0,0,0,84,0,0
693,scan,692,0,5597954580159,,5597954708737,5597956557056,88.415,-1.1873,-0.9028,-1.6125,3,1.0037,1003,220,-2,220,-1,1,691,5597904521711,5597911772396,7250,0,0,3767,7176,0,,,,692,220,-1,0,0,0,84,0,0
694,scan,693,0,5598004666049,,5598004811149,5598006579731,88.465,-1.1879,-0.9177,-1.6127,3,1.0016,1001,220,-2,220,-3,1,692,5597954624676,5597962477482,7852,0,0,3767,7184,0,,,,693,220,-3,0,0,0,84,0,0
695,scan,694,0,5598054623394,,5598054755760,5598056550123,88.515,-1.1883,-0.9252,-1.6127,3,1.0079,1007,220,-2,220,1,1,693,5598004711780,5598013242988,8531,0,0,3767,7199,0,,,,694,220,1,0,0,0,84,0,0
696,scan,695,0,5598104557475,,5598104688197,5598106575744,88.565,-1.1889,-0.9402,-1.6127,3,0.9697,969,220,-2,220,-1,1,694,5598054665303,5598062239119,7573,0,0,3767,7195,0,,,,695,220,-1,0,0,0,84,0,0
697,scan,696,0,5598154473151,,5598154618900,5598156582756,88.615,-1.1892,-0.9476,-1.6127,3,0.9977,997,220,-2,220,2,1,695,5598104598227,5598111574039,6975,0,0,3767,7181,0,,,,696,220,2,0,0,0,84,0,0
698,scan,697,0,5598204860123,,5598205031224,5598207510815,88.665,-1.1898,-0.9626,-1.6127,3,0.9932,993,220,-2,220,-1,1,696,5598154521381,5598162272119,7750,0,0,3767,7217,0,,,,697,220,-1,0,0,0,84,0,0
699,scan,698,0,5598254849755,,5598254978720,5598257585211,88.715,-1.1901,-0.9701,-1.6126,3,0.9973,997,220,-2,220,2,1,697,5598204914340,5598211935406,7021,0,0,3767,7203,0,,,,698,220,2,0,0,0,84,0,0
700,scan,699,0,5598304957617,,5598305157705,5598307731868,88.765,-1.1908,-0.9850,-1.6125,3,0.9759,975,220,-2,220,-1,1,698,5598254892546,5598262095199,7202,0,0,3767,7195,0,,,,699,220,-1,0,0,0,84,0,0
701,scan,700,0,5598354706902,,5598354828763,5598356563201,88.815,-1.1911,-0.9925,-1.6125,3,0.9724,972,220,-3,220,2,1,699,5598305018379,5598312830739,7812,0,0,3767,7204,0,,,,700,220,2,0,0,0,84,0,0
702,scan,701,0,5598404854079,,5598404995367,5598407542420,88.865,-1.1914,-1.0000,-1.6125,3,0.9626,962,220,-3,220,0,1,700,5598354746310,5598362390902,7644,0,0,3767,7198,0,,,,701,220,0,0,0,0,84,0,0
703,scan,702,0,5598455009664,,5598455148971,5598457624602,88.915,-1.1920,-1.0149,-1.6124,3,0.9610,960,220,-3,220,-5,1,701,5598404900356,5598411556850,6656,0,0,3767,7181,0,,,,702,220,-5,0,0,0,84,0,0
704,scan,703,0,5598504880417,,5598505006606,5598507558618,88.965,-1.1923,-1.0224,-1.6124,3,0.9379,937,220,-3,220,-2,1,702,5598455058347,5598460079648,5021,0,0,3767,7195,0,,,,703,220,-2,0,0,0,84,0,0
705,scan,704,0,5598555243015,,5598555379081,5598557534812,89.015,-1.1929,-1.0373,-1.6125,3,0.9183,918,220,-3,220,-5,1,703,5598504924416,5598511513291,6588,0,0,3767,7167,0,,,,704,220,-5,0,0,0,84,0,0
706,scan,705,0,5598605462687,,5598605596348,5598607600176,89.065,-1.1932,-1.0448,-1.6127,3,0.9181,918,220,-3,220,-2,1,704,5598555286226,5598562626088,7339,0,0,3767,7260,0,,,,705,220,-2,0,0,0,84,0,0
707,scan,706,0,5598655429218,,5598655558803,5598657590465,89.115,-1.1939,-1.0597,-1.6130,4,0.9047,904,0,1000,220,-4,1,705,5598605509697,5598612821597,7311,0,0,3767,7282,0,,,,706,220,-4,0,0,0,84,0,0
708,scan,707,0,5598705617664,,5598705740691,5598707576448,89.165,-1.1942,-1.0672,-1.6130,4,0.8939,893,0,1000,0,999,1,706,5598655469480,5598662283978,6814,0,0,3767,7270,0,,,,707,0,999,0,0,0,84,0,0
709,scan,708,0,5598755606441,,5598755729888,5598757669605,89.215,-1.1948,-1.0810,-1.6119,4,0.8867,886,0,1000,0,999,1,707,5598705658378,5598712109024,6450,0,0,3767,7238,0,,,,708,0,999,0,0,0,84,0,0
710,scan,709,0,5598805704188,,5598805855593,5598808519160,89.265,-1.1950,-1.0862,-1.6067,4,0.8785,878,0,1000,0,999,1,708,5598755647424,5598763362310,7714,0,0,3767,7317,0,,,,709,0,999,0,0,0,84,0,0
711,scan,710,0,5598855548011,,5598855679859,5598857520927,89.315,-1.1952,-1.0930,-1.5883,4,0.8747,874,0,1000,0,999,1,709,5598805752945,5598813498764,7745,0,0,3767,7307,0,,,,710,0,999,0,0,0,84,0,0
712,scan,711,0,5598905715491,,5598905879983,5598908602543,89.365,-1.1952,-1.0950,-1.5805,4,0.8707,870,0,1000,0,999,1,710,5598855589089,5598862964471,7375,0,0,3767,7316,0,,,,711,0,999,0,0,0,84,0,0
713,scan,712,0,5598955696426,,5598955824354,5598958520723,89.415,-1.1952,-1.0971,-1.5552,4,0.8650,864,0,1000,0,999,1,711,5598905772805,5598913580395,7807,0,0,3767,7322,0,,,,712,0,999,0,0,0,84,0,0
714,scan,713,0,5599005787094,,5599005928066,5599008725518,89.465,-1.1952,-1.0974,-1.5259,4,0.8560,855,0,1000,0,999,1,712,5598955739379,5598963114976,7375,0,0,3767,7326,0,,,,713,0,999,0,0,0,84,0,0
715,scan,714,0,5599055700843,,5599055826112,5599058514536,89.515,-1.1952,-1.0973,-1.4392,4,0.8752,875,0,1000,0,999,1,713,5599005834007,5599014252279,8418,0,0,3767,7342,0,,,,714,0,999,0,0,0,84,0,0
716,scan,715,0,5599105585877,,5599105727010,5599107537246,89.565,-1.1952,-1.0972,-1.3994,4,0.8677,867,0,1000,0,999,1,714,5599055740446,5599063334236,7593,0,0,3767,7331,0,,,,715,0,999,0,0,0,84,0,0
717,scan,716,0,5599155636045,,5599155770011,5599158034631,89.615,-1.1953,-1.0971,-1.3421,4,0.8573,857,0,1000,0,999,1,715,5599105633218,5599113127231,7494,0,0,3767,7329,0,,,,716,0,999,0,0,0,84,0,0
718,scan,717,0,5599205908390,,5599206035156,5599208729280,89.665,-1.1953,-1.0970,-1.3135,4,0.8534,853,0,1000,0,999,1,716,5599155676464,5599163354664,7678,0,0,3767,7327,0,,,,717,0,999,0,0,0,84,0,0
719,scan,718,0,5599255839200,,5599255983991,5599258540833,89.715,-1.1953,-1.0970,-1.2791,4,0.8619,861,0,1000,0,999,1,717,5599205950848,5599213062023,7111,0,0,3767,7326,0,,,,718,0,999,0,0,0,84,0,0
720,scan,719,0,5599305671806,,5599305794140,5599307532751,89.765,-1.1953,-1.0969,-1.2024,4,0.8682,868,0,1000,0,999,1,718,5599255889220,5599263220139,7330,0,0,3767,7324,0,,,,719,0,999,0,0,0,84,0,0
721,scan,720,0,5599355656648,,5599355780391,5599357561798,89.815,-1.1954,-1.0968,-1.1678,4,0.8651,865,0,1000,0,999,1,719,5599305712511,5599313395705,7683,0,0,3767,7320,0,,,,720,0,999,0,0,0,84,0,0
722,scan,721,0,5599405890512,,5599406024032,5599409571017,89.865,-1.1954,-1.0967,-1.1056,4,0.8623,862,0,1000,0,999,1,720,5599355699674,5599363557385,7857,0,0,3767,7320,0,,,,721,0,999,0,0,0,84,0,0
723,scan,722,0,5599456298670,,5599456437631,5599458578173,89.915,-1.1955,-1.0967,-1.0728,4,0.8651,865,0,1000,0,999,1,721,5599405934328,5599410503638,4569,0,0,3767,7241,0,,,,722,0,999,0,0,0,84,0,0
724,scan,723,0,5599506500378,,5599506692124,5599508573305,89.965,-1.1955,-1.0966,-1.0016,4,0.8699,869,0,1000,0,999,1,722,5599456347024,5599461136723,4789,0,0,3767,7246,0,,,,723,0,999,0,0,0,84,0,0
725,scan,724,0,5599556342590,,5599556494601,5599558580384,90.015,-1.1956,-1.0965,-0.9665,4,0.8648,864,0,1000,0,999,1,723,5599506560906,5599514313313,7752,0,0,3767,7251,0,,,,724,0,999,0,0,0,84,0,0
726,scan,725,0,5599606076797,,5599606203417,5599608604923,90.065,-1.1956,-1.0964,-0.9005,4,0.8601,860,0,1000,0,999,1,724,5599556389797,5599564648550,8258,0,0,3767,7269,0,,,,725,0,999,0,0,0,84,0,0
727,scan,726,0,5599656299291,,5599656434851,5599658586171,90.115,-1.1957,-1.0964,-0.8676,4,0.8599,859,0,1000,0,999,1,725,5599606117171,5599614232900,8115,0,0,3767,7294,0,,,,726,0,999,0,0,0,84,0,0
728,scan,727,0,5599706414086,,5599706533671,5599708539959,90.165,-1.1958,-1.0963,-0.7989,4,0.8664,866,0,1000,0,999,1,726,5599656345459,5599663932584,7587,0,0,3767,7285,0,,,,727,0,999,0,0,0,84,0,0
729,scan,728,0,5599756496972,,5599756621473,5599758554178,90.215,-1.1958,-1.0963,-0.7641,4,0.8593,859,0,1000,0,999,1,727,5599706452737,5599714120752,7668,0,0,3767,7294,0,,,,728,0,999,0,0,0,84,0,0
730,scan,729,0,5599806445737,,5599806591283,5599808588414,90.265,-1.1959,-1.0962,-0.6965,4,0.8499,849,0,1000,0,999,1,728,5599756537438,5599763880338,7342,0,0,3767,7287,0,,,,729,0,999,0,0,0,84,0,0
731,scan,730,0,5599856385359,,5599856507202,5599858566891,90.315,-1.1960,-1.0962,-0.6631,4,0.8081,808,0,1000,0,999,1,729,5599806484333,5599813850636,7366,0,0,3767,7291,0,,,,730,0,999,0,0,0,84,0,0
732,scan,731,0,5599906303252,,5599906418970,5599908561140,90.365,-1.1961,-1.0961,-0.5953,4,0.7461,746,0,1000,0,999,1,730,5599856423539,5599864452609,8029,0,0,3767,7311,0,,,,731,0,999,0,0,0,84,0,0
733,scan,732,0,5599956662416,,5599956795148,5599958539249,90.415,-1.1961,-1.0961,-0.5609,4,0.7281,728,0,1000,0,998,1,731,5599906339857,5599913697189,7357,0,0,3767,7314,0,,,,732,0,998,0,0,0,84,0,0
734,scan,733,0,5600006557075,,5600006678163,5600008549328,90.465,-1.1962,-1.0960,-0.4929,4,0.7274,727,0,882,0,996,1,732,5599956706880,5599963653509,6946,0,0,3767,7291,0,,,,733,0,996,0,0,0,84,0,0
735,scan,734,0,5600056516012,,5600056646886,5600058594960,90.515,-1.1963,-1.0960,-0.4593,4,0.7266,726,0,814,0,887,1,733,5600006593461,5600014135944,7542,0,0,3767,7266,0,,,,734,0,887,0,0,0,84,0,0
736,scan,735,0,5600106376873,,5600106499057,5600108864188,90.565,-1.1963,-1.0960,-0.4256,4,0.7154,715,220,747,4,813,1,734,5600056558513,5600063853406,7294,0,0,3767,7259,0,,,,735,4,813,0,0,0,84,0,0
737,scan,736,0,5600156574491,,5600156739120,5600158645328,90.615,-1.1964,-1.0960,-0.3621,4,0.7235,723,220,620,220,743,1,735,5600106416899,5600113962896,7545,0,0,3767,7274,0,,,,736,220,743,0,0,0,84,0,0
738,scan,737,0,5600206911007,,5600207049608,5600209588310,90.665,-1.1963,-1.0960,-0.3332,4,0.7283,728,220,562,220,604,1,736,5600156617947,5600163845031,7227,0,0,3767,7261,0,,,,737,220,604,0,0,0,84,0,0
739,scan,738,0,5600256992480,,5600257185032,5600259587558,90.715,-1.1929,-1.0971,-0.2699,4,0.7126,712,220,437,220,545,1,737,5600206958670,5600214268292,7309,0,0,3767,7268,0,,,,738,220,545,0,0,0,84,0,0
740,scan,739,0,5600307049509,,5600307196054,5600309561631,90.765,-1.1895,-1.0980,-0.2350,4,0.7016,701,220,367,220,421,1,738,5600257055840,5600264032618,6976,0,0,3767,7262,0,,,,739,220,421,0,0,0,84,0,0
741,scan,740,0,5600356914293,,5600357076362,5600359558244,90.815,-1.1791,-1.1001,-0.1677,4,0.7044,704,220,234,220,353,1,739,5600307098038,5600314851303,7753,0,0,3767,7261,0,,,,740,220,353,0,0,0,84,0,0
742,scan,741,0,5600407288741,,5600407413958,5600409559508,90.865,-1.1727,-1.1010,-0.1378,4,0.7064,706,220,175,220,225,1,740,5600356953760,5600363825396,6871,0,0,3767,7241,0,,,,741,220,225,0,0,0,84,0,0
743,scan,742,0,5600457069255,,5600457192256,5600459537009,90.915,-1.1585,-1.1027,-0.1020,4,0.6810,681,220,105,220,168,1,741,5600407331037,5600415487752,8156,0,0,3767,7279,0,,,,742,220,168,0,0,0,84,0,0
744,scan,743,0,5600507225757,,5600507358113,5600509584467,90.965,-1.1511,-1.1035,-0.1010,4,0.6705,670,220,103,220,101,1,742,5600457112385,5600461765677,4653,0,0,3767,7270,0,,,,743,220,101,0,0,0,84,0,0
745,scan,744,0,5600557115724,,5600557232803,5600559567233,91.015,-1.1362,-1.1050,-0.1039,4,0.6652,665,220,110,220,99,1,743,5600507271028,5600514980261,7709,0,0,3767,7298,0,,,,744,220,99,0,0,0,84,0,0
746,scan,745,0,5600607200909,,5600607334473,5600609658501,91.065,-1.1288,-1.1058,-0.0985,4,0.6632,663,220,99,220,105,1,744,5600557155699,5600565544987,8389,0,0,3767,7324,0,,,,745,220,105,0,0,0,84,0,0
747,scan,746,0,5600657229655,,5600657357834,5600659579468,91.115,-1.1139,-1.1071,-0.0842,4,0.6496,649,220,71,220,95,1,745,5600607251266,5600614573678,7322,0,0,3767,7324,0,,,,746,220,95,0,0,0,84,0,0
748,scan,747,0,5600707346435,,5600707476330,5600709528289,91.165,-1.1064,-1.1077,-0.0811,4,0.6263,626,220,66,220,68,1,746,5600657271535,5600664893028,7621,0,0,3767,7344,0,,,,747,220,68,0,0,0,84,0,0
749,scan,748,0,5600757478012,,5600757606450,5600759538584,91.215,-1.0915,-1.1089,-0.0795,4,0.6372,637,220,63,220,63,1,747,5600707389653,5600714828731,7439,0,0,3767,7369,0,,,,748,220,63,0,0,0,84,0,0
750,scan,749,0,5600807217867,,5600807359656,5600809566886,91.265,-1.0841,-1.1095,-0.0775,4,0.6243,624,220,59,220,60,1,748,5600757520704,5600764387551,6866,0,0,3767,7348,0,,,,749,220,60,0,0,0,84,0,0
751,scan,750,0,5600857295738,,5600857417922,5600859550307,91.315,-1.0692,-1.1106,-0.0711,4,0.6187,618,220,47,220,56,1,749,5600807270833,5600814029424,6758,0,0,3767,7323,0,,,,750,220,56,0,0,0,84,0,0
752,scan,751,0,5600907153108,,5600907275048,5600909572898,91.365,-1.0617,-1.1112,-0.0687,4,0.6018,601,220,42,220,45,1,750,5600857332155,5600862189707,4857,0,0,3767,7260,0,,,,751,220,45,0,0,0,84,0,0
753,scan,752,0,5600957539361,,5600957673120,5600959520621,91.415,-1.0543,-1.1117,-0.0672,4,0.5857,585,220,39,220,41,1,751,5600907195201,5600915181619,7986,0,0,3767,7265,0,,,,752,220,41,0,0,0,84,0,0
754,scan,753,0,5601007689292,,5601007839437,5601010499845,91.465,-1.0393,-1.1127,-0.0651,4,0.5770,576,220,35,220,38,1,752,5600957585638,5600965209278,7623,0,0,3767,7271,0,,,,753,220,38,0,0,0,84,0,0
755,scan,754,0,5601057888683,,5601058038616,5601060646126,91.515,-1.0319,-1.1132,-0.0636,4,0.5822,582,220,33,220,34,1,753,5601007739134,5601015553572,7814,0,0,3767,7256,0,,,,754,220,34,0,0,0,84,0,0
756,scan,755,0,5601108259308,,5601108419436,5601110590111,91.565,-1.0169,-1.1141,-0.0604,4,0.5655,565,220,26,220,32,1,754,5601057945185,5601065746900,7801,0,0,3767,7261,0,,,,755,220,32,0,0,0,84,0,0
757,scan,756,0,5601157847361,,5601157963365,5601160586833,91.615,-1.0095,-1.1145,-0.0593,4,0.5427,542,220,24,220,25,1,755,5601108310793,5601115414143,7103,0,0,3767,7251,0,,,,756,220,25,0,0,0,84,0,0
758,scan,757,0,5601207902838,,5601208093197,5601210553027,91.665,-0.9945,-1.1154,-0.0577,4,0.5461,546,220,21,220,23,1,756,5601157887286,5601165323756,7436,0,0,3767,7245,0,,,,757,220,23,0,0,0,84,0,0
759,scan,758,0,5601258254849,,5601258475432,5601260652207,91.715,-0.9871,-1.1158,-0.0569,4,0.5293,529,220,20,220,21,1,757,5601207957811,5601212307450,4349,0,0,3767,7176,0,,,,758,220,21,0,0,0,84,0,0
760,scan,759,0,5601308535633,,5601308670436,5601311532183,91.765,-0.9721,-1.1167,-0.0552,4,0.5202,520,220,16,220,20,1,758,5601258319082,5601266931477,8612,0,0,3767,7208,0,,,,759,220,20,0,0,0,84,0,0
761,scan,760,0,5601358045849,,5601358168213,5601360581039,91.815,-0.9646,-1.1171,-0.0545,4,0.5190,518,220,15,220,16,1,759,5601308579414,5601315434849,6855,0,0,3767,7188,0,,,,760,220,16,0,0,0,84,0,0
762,scan,761,0,5601408183466,,5601408324384,5601410706874,91.865,-0.9497,-1.1179,-0.0533,4,0.5050,505,220,13,220,14,1,760,5601358088116,5601365335258,7247,0,0,3767,7172,0,,,,761,220,14,0,0,0,84,0,0
763,scan,762,0,5601458331364,,5601458494938,5601460640860,91.915,-0.9422,-1.1183,-0.0528,4,0.4975,497,220,12,220,12,1,761,5601408229566,5601415666504,7436,0,0,3767,7244,0,,,,762,220,12,0,0,0,84,0,0
764,scan,763,0,5601507970234,,5601508146882,5601510495930,91.965,-0.9273,-1.1191,-0.0519,4,0.4792,479,220,10,220,12,1,762,5601458387850,5601462913698,4525,0,0,3767,7237,0,,,,763,220,12,0,0,0,84,0,0
765,scan,764,0,5601558097530,,5601558288067,5601560613504,92.015,-0.9198,-1.1195,-0.0515,4,0.4880,488,220,9,220,10,1,763,5601508056602,5601515628201,7571,0,0,3767,7233,0,,,,764,220,10,0,0,0,84,0,0
766,scan,765,0,5601608441590,,5601608574563,5601610517062,92.065,-0.9049,-1.1202,-0.0507,4,0.4772,477,220,8,220,8,1,764,5601558141650,5601566093999,7952,0,0,3767,7225,0,,,,765,220,8,0,0,0,84,0,0
767,scan,766,0,5601658512361,,5601658656046,5601660550210,92.115,-0.8974,-1.1206,-0.0504,4,0.4608,460,220,7,220,8,1,765,5601608484236,5601615831018,7346,0,0,3767,7206,0,,,,766,220,8,0,0,0,84,0,0
768,scan,767,0,5601708356625,,5601708510068,5601710581345,92.165,-0.8825,-1.1214,-0.0498,4,0.4523,452,220,6,220,7,1,766,5601658556277,5601666449126,7892,0,0,3767,7214,0,,,,767,220,7,0,0,0,84,0,0
769,scan,768,0,5601758347130,,5601758473466,5601760540007,92.215,-0.8750,-1.1217,-0.0495,4,0.4344,434,220,6,220,6,1,767,5601708415771,5601715596514,7180,0,0,3767,7201,0,,,,768,220,6,0,0,0,84,0,0
770,scan,769,0,5601808519608,,5601808645975,5601811097696,92.265,-0.8676,-1.1221,-0.0492,4,0.4319,431,220,5,220,7,1,768,5601758390629,5601764634415,6243,0,0,3767,7174,0,,,,769,220,7,0,0,0,84,0,0
771,scan,770,0,5601858543399,,5601858680764,5601860545925,92.315,-0.8526,-1.1228,-0.0488,4,0.4305,430,220,4,220,5,1,769,5601808560183,5601815439662,6879,0,0,3767,7162,0,,,,770,220,5,0,0,0,84,0,0
772,scan,771,0,5601908371090,,5601908491844,5601910573337,92.365,-0.8452,-1.1232,-0.0487,4,0.4170,417,220,4,220,5,1,770,5601858587020,5601866232069,7645,0,0,3767,7152,0,,,,771,220,5,0,0,0,84,0,0
773,scan,772,0,5601958423290,,5601958554243,5601960640383,92.415,-0.8302,-1.1239,-0.0483,4,0.4187,418,220,3,220,5,1,771,5601908411759,5601915842083,7430,0,0,3767,7154,0,,,,772,220,5,0,0,0,84,0,0
774,scan,773,0,5602008773462,,5602008920426,5602011757385,92.465,-0.8228,-1.1243,-0.0481,4,0.4070,407,220,3,220,3,1,772,5601958467073,5601966460521,7993,0,0,3767,7180,0,,,,773,220,3,0,0,0,84,0,0
775,scan,774,0,5602058900455,,5602059034699,5602061573584,92.515,-0.8078,-1.1250,-0.0478,4,0.3920,391,220,2,220,3,1,773,5602008821813,5602015716211,6894,0,0,3767,7164,0,,,,774,220,3,0,1,0,84,0,0
776,scan,775,0,5602108834868,,5602108959288,5602111578807,92.565,-0.8003,-1.1253,-0.0477,4,0.3837,383,220,2,220,3,1,774,5602058947012,5602066408552,7461,0,0,3767,7168,0,,,,775,220,3,0,1,0,84,0,0
777,scan,776,0,5602158877890,,5602158989744,5602161502890,92.615,-0.7854,-1.1261,-0.0475,4,0.3735,373,220,2,220,3,1,775,5602108878423,5602115486515,6608,0,0,3767,7145,0,,,,776,220,3,0,1,0,84,0,0
778,scan,777,0,5602209282639,,5602209413394,5602211546647,92.665,-0.7779,-1.1264,-0.0474,4,0.3680,367,220,2,220,3,1,776,5602158920299,5602163570971,4650,0,0,3767,7080,0,,,,777,220,3,0,1,0,84,0,0
779,scan,778,0,5602258997009,,5602259118628,5602261665901,92.715,-0.7630,-1.1271,-0.0472,4,0.3660,365,220,1,220,1,1,777,5602209330213,5602216395353,7065,0,0,3767,7074,0,,,,778,220,1,0,1,0,84,0,0
780,scan,779,0,5602309283327,,5602309422930,5602311542976,92.765,-0.7555,-1.1275,-0.0471,4,0.3507,350,220,1,220,1,1,778,5602259036679,5602266773411,7736,0,0,3767,7093,0,,,,779,220,1,0,1,0,84,0,0
781,scan,780,0,5602358899795,,5602359021058,5602361535312,92.815,-0.7406,-1.1282,-0.0470,4,0.3452,345,220,1,220,1,1,779,5602309330545,5602317111324,7780,0,0,3767,7094,0,,,,780,220,1,0,1,0,84,0,0
782,scan,781,0,5602409146974,,5602409352876,5602411563552,92.865,-0.7331,-1.1285,-0.0470,4,0.3286,328,220,1,220,1,1,780,5602358939144,5602366605297,7666,0,0,3767,7114,0,,,,781,220,1,0,1,0,84,0,0
783,scan,782,0,5602458528160,,5602458641899,5602460574871,92.915,-0.7181,-1.1292,-0.0469,4,0.3375,337,220,1,220,2,1,781,5602409216418,5602417141223,7924,0,0,3767,7108,0,,,,782,220,2,0,1,0,84,0,0
784,scan,783,0,5602508845099,,5602508973425,5602511503711,92.965,-0.7107,-1.1296,-0.0469,4,0.3298,329,220,1,220,1,1,782,5602458565315,5602463392988,4827,0,0,3767,7112,0,,,,783,220,1,0,1,0,84,0,0
785,scan,784,0,5602559606145,,5602559865896,5602562467636,93.015,-0.6957,-1.1303,-0.0468,4,0.3174,317,220,0,220,2,1,783,5602508888674,5602517594050,8705,0,0,3767,7137,0,,,,784,220,2,0,1,0,84,0,0
786,scan,785,0,5602609497121,,5602609639703,5602611603938,93.065,-0.6882,-1.1306,-0.0467,4,0.3070,306,220,0,220,1,1,784,5602559687505,5602567665170,7977,0,0,3767,7127,0,,,,785,220,1,0,1,0,84,0,0
787,scan,786,0,5602659539675,,5602659667593,5602661575197,93.115,-0.6808,-1.1310,-0.0467,4,0.3077,307,220,0,220,2,1,785,5602609543813,5602617106377,7562,0,0,3767,7133,0,,,,786,220,2,0,1,0,84,0,0
788,scan,787,0,5602709277548,,5602709399048,5602711604469,93.165,-0.6658,-1.1317,-0.0466,4,0.2999,299,220,0,220,1,1,786,5602659583192,5602667398973,7815,0,0,3767,7138,0,,,,787,220,1,0,1,0,84,0,0
789,scan,788,0,5602759539571,,5602759665128,5602761692193,93.215,-0.6584,-1.1320,-0.0466,4,0.2924,292,220,0,220,2,1,787,5602709316525,5602716670598,7354,0,0,3767,7136,0,,,,788,220,2,0,1,0,84,0,0
790,scan,789,0,5602809263131,,5602809385617,5602811593543,93.265,-0.6434,-1.1327,-0.0464,4,0.2870,286,220,0,220,1,1,788,5602759582440,5602766892429,7309,0,0,3767,7147,0,,,,789,220,1,0,1,0,84,0,0
791,scan,790,0,5602859548516,,5602859763843,5602861547139,93.315,-0.6359,-1.1331,-0.0464,4,0.2935,293,220,0,220,0,1,789,5602809303646,5602816766557,7462,0,0,3767,7164,0,,,,790,220,0,0,1,0,84,0,0
792,scan,791,0,5602910608553,,5602910760641,5602912545402,93.365,-0.6210,-1.1338,-0.0463,4,0.2874,287,220,-1,220,-1,1,790,5602859603298,5602866341038,6737,0,0,3767,7211,0,,,,791,220,-1,0,1,0,84,0,0
793,scan,792,0,5602960472275,,5602960625770,5602962578518,93.415,-0.6135,-1.1341,-0.0463,4,0.2871,287,220,-1,220,0,1,791,5602910660745,5602917848016,7187,0,0,3767,7191,0,,,,792,220,0,0,1,0,84,0,0
794,scan,793,0,5603010158176,,5603010281447,5603012539216,93.465,-0.5986,-1.1348,-0.0464,4,0.2887,288,220,0,220,-1,1,792,5602960530133,5602967844004,7313,0,0,3767,7184,0,,,,793,220,-1,0,1,0,84,0,0
795,scan,794,0,5603060048759,,5603060180573,5603062638345,93.515,-0.5911,-1.1351,-0.0464,4,0.2950,294,220,0,220,0,1,793,5603010197355,5603017712331,7514,0,0,3767,7176,0,,,,794,220,0,0,1,0,84,0,0
796,scan,795,0,5603110178081,,5603110302321,5603112557444,93.565,-0.5762,-1.1358,-0.0464,4,0.2818,281,220,0,220,-1,1,794,5603060096225,5603067507800,7411,0,0,3767,7166,0,,,,795,220,-1,0,1,0,84,0,0
797,scan,796,0,5603160575281,,5603160687489,5603162630077,93.615,-0.5687,-1.1362,-0.0464,4,0.2923,292,220,0,220,0,1,795,5603110219586,5603117994081,7774,0,0,3767,7183,0,,,,796,220,0,0,1,0,84,0,0
798,scan,797,0,5603210036639,,5603210189487,5603212554755,93.665,-0.5538,-1.1369,-0.0464,4,0.2848,284,220,0,220,-1,1,796,5603160618704,5603168994511,8375,0,0,3767,7207,0,,,,797,220,-1,0,1,0,84,0,0
799,scan,798,0,5603260301063,,5603260464300,5603263680101,93.715,-0.5463,-1.1372,-0.0465,4,0.3162,316,220,0,220,0,1,797,5603210087385,5603217303095,7215,0,0,3767,7278,0,,,,798,220,0,0,1,0,84,0,0
800,scan,799,0,5603311309692,,5603311436842,5603313522126,93.765,-0.5313,-1.1379,-0.0465,4,0.3118,311,220,0,220,-1,1,798,5603260368153,5603267669787,7301,0,0,3767,7245,0,,,,799,220,-1,0,1,0,84,0,0
801,scan,800,0,5603360855804,,5603360976321,5603363472466,93.815,-0.5239,-1.1383,-0.0465,4,0.3354,335,220,0,220,0,1,799,5603311353205,5603318770677,7417,0,0,3767,7259,0,,,,800,220,0,0,1,0,84,0,0
802,scan,801,0,5603410901939,,5603411032811,5603413525070,93.865,-0.5089,-1.1390,-0.0465,4,1.0824,1082,220,0,220,-1,1,800,5603360896559,5603369055865,8159,0,0,3767,7282,0,,,,801,220,-1,0,0,0,84,0,0
803,scan,802,0,5603460839367,,5603460976243,5603463529874,93.915,-0.5014,-1.1393,-0.0465,4,1.0628,1062,220,0,220,0,1,801,5603410938853,5603418017361,7078,0,0,3767,7273,0,,,,802,220,0,0,0,0,84,0,0
804,scan,803,0,5603510714128,,5603510843163,5603513654719,93.965,-0.4940,-1.1397,-0.0465,4,1.0698,1069,220,0,220,1,1,802,5603460885461,5603465351983,4466,0,0,3767,7272,0,,,,803,220,1,0,0,0,84,0,0
805,scan,804,0,5603560731824,,5603560876178,5603563480255,94.015,-0.4790,-1.1403,-0.0465,4,1.0650,1065,220,0,220,2,1,803,5603510756757,5603518587165,7830,0,0,3767,7278,0,,,,804,220,2,0,0,0,84,0,0
806,scan,805,0,5603610453483,,5603610611914,5603612594294,94.065,-0.4716,-1.1407,-0.0465,4,1.0460,1045,220,0,220,1,1,804,5603560774045,5603567742897,6968,0,0,3767,7254,0,,,,805,220,1,0,0,0,84,0,0
807,scan,806,0,5603660490196,,5603660636258,5603662507123,94.115,-0.4566,-1.1414,-0.0464,4,1.0376,1037,220,0,220,2,1,805,5603610514855,5603616210628,5695,0,0,3767,7212,0,,,,806,220,2,0,0,0,84,0,0
808,scan,807,0,5603710727271,,5603710911984,5603713533563,94.165,-0.4492,-1.1417,-0.0463,4,1.0595,1059,220,-1,220,-1,1,806,5603660534153,5603667719903,7185,0,0,3767,7195,0,,,,807,220,-1,0,0,0,84,0,0
809,scan,808,0,5603760533640,,5603760668286,5603762671584,94.215,-0.4342,-1.1424,-0.0463,4,1.0596,1059,220,-1,220,0,1,807,5603710789055,5603718454890,7665,0,0,3767,7207,0,,,,808,220,0,0,0,0,84,0,0
810,scan,809,0,5603810765914,,5603810892884,5603813476848,94.265,-0.4267,-1.1428,-0.0463,4,1.0703,1070,220,-1,220,-1,1,808,5603760574885,5603767358966,6784,0,0,3767,7220,0,,,,809,220,-1,0,0,0,84,0,0
811,scan,810,0,5603860774514,,5603860911014,5603863502299,94.315,-0.4118,-1.1435,-0.0464,4,1.0635,1063,220,0,220,0,1,809,5603810809219,5603818873349,8064,0,0,3767,7250,0,,,,810,220,0,0,0,0,84,0,0
812,scan,811,0,5603910878701,,5603911007416,5603913539775,94.365,-0.4043,-1.1438,-0.0464,4,1.0522,1052,220,0,220,-1,1,810,5603860814730,5603868085896,7271,0,0,3767,7241,0,,,,811,220,-1,0,0,0,84,0,0
813,scan,812,0,5603961195211,,5603961311996,5603963519939,94.415,-0.3894,-1.1445,-0.0464,4,1.0625,1062,220,0,220,0,1,811,5603910920929,5603940981680,30060,0,0,3767,7806,0,,,,812,220,0,0,0,0,84,0,0
814,scan,813,0,5604011088339,,5604011215600,5604013528906,94.465,-0.3819,-1.1449,-0.0465,4,1.0445,1044,220,0,220,0,1,812,5603961232422,5603965862188,4629,0,0,3767,7722,0,,,,813,220,0,0,0,0,84,0,0
815,scan,814,0,5604061067181,,5604061189067,5604063535509,94.515,-0.3670,-1.1455,-0.0465,4,1.0530,1052,220,0,220,0,1,813,5604011131189,5604018711741,7580,0,0,3767,7739,0,,,,814,220,0,0,0,0,84,0,0
816,scan,815,0,5604111051685,,5604111179500,5604113549860,94.565,-0.3595,-1.1459,-0.0465,4,1.0450,1044,220,0,220,2,1,814,5604061107691,5604069243662,8135,0,0,3767,7756,0,,,,815,220,2,0,0,0,84,0,0
817,scan,816,0,5604161115999,,5604161232314,5604163534931,94.615,-0.3445,-1.1466,-0.0465,4,1.0431,1043,220,0,220,2,1,815,5604111095510,5604119886864,8791,0,0,3767,7811,0,,,,816,220,2,0,0,0,84,0,0
818,scan,817,0,5604211094911,,5604211217114,5604213598085,94.665,-0.3371,-1.1469,-0.0464,4,1.0406,1040,220,0,220,0,1,816,5604161158237,5604168464597,7306,0,0,3767,7877,0,,,,817,220,0,0,0,0,84,0,0
819,scan,818,0,5604261527375,,5604261664374,5604263522599,94.715,-0.3221,-1.1476,-0.0462,4,1.0327,1032,220,-1,220,0,1,817,5604211135242,5604218703271,7568,0,0,3767,7890,0,,,,818,220,0,0,0,0,84,0,0
820,scan,819,0,5604311028745,,5604311178314,5604313519742,94.765,-0.3147,-1.1480,-0.0462,4,1.0326,1032,220,-1,220,0,1,818,5604261579248,5604269184704,7605,0,0,3767,7887,0,,,,819,220,0,0,0,0,84,0,0
821,scan,820,0,5604361239548,,5604361365568,5604363633070,94.815,-0.3072,-1.1483,-0.0463,4,1.0243,1024,220,-1,220,0,1,819,5604311071442,5604318498996,7427,0,0,3767,7878,0,,,,820,220,0,0,0,0,84,0,0
822,scan,821,0,5604411214634,,5604411461121,5604413589805,94.865,-0.2922,-1.1490,-0.0464,4,0.9979,997,220,-1,220,-1,1,820,5604361282497,5604369015259,7732,0,0,3767,7879,0,,,,821,220,-1,0,0,0,84,0,0
823,scan,822,0,5604461307801,,5604461435558,5604463562577,94.915,-0.2848,-1.1494,-0.0463,4,1.0030,1003,220,-1,220,0,1,821,5604411283135,5604418956713,7673,0,0,3767,7873,0,,,,822,220,0,0,0,0,84,0,0
824,scan,823,0,5604511188797,,5604511327130,5604513621426,94.965,-0.2698,-1.1501,-0.0463,4,0.9890,988,220,-1,220,-1,1,822,5604461352793,5604466602575,5249,0,0,3767,7884,0,,,,823,220,-1,0,0,0,84,0,0
825,scan,824,0,5604561374237,,5604561496519,5604564422766,95.015,-0.2623,-1.1504,-0.0463,4,0.9946,994,220,-1,220,0,1,823,5604511242302,5604519074933,7832,0,0,3767,7862,0,,,,824,220,0,0,0,0,84,0,0
826,scan,825,0,5604611501333,,5604611625262,5604613493780,95.065,-0.2474,-1.1511,-0.0464,4,0.9845,984,220,-1,220,-1,1,824,5604561414603,5604569105313,7690,0,0,3767,7855,0,,,,825,220,-1,0,0,0,84,0,0
827,scan,826,0,5604662032043,,5604662165213,5604664586308,95.115,-0.2399,-1.1514,-0.0464,4,0.9589,958,220,-1,220,0,1,825,5604611541882,5604618925180,7383,0,0,3767,7850,0,,,,826,220,0,0,0,0,84,0,0
828,scan,827,0,5604711576145,,5604711700170,5604713538858,95.165,-0.2250,-1.1521,-0.0464,4,0.9696,969,220,-1,220,-1,1,826,5604662077132,5604669641572,7564,0,0,3767,7844,0,,,,827,220,-1,0,0,0,84,0,0
829,scan,828,0,5604761450361,,5604761571485,5604763531422,95.215,-0.2175,-1.1525,-0.0464,4,0.9629,962,220,-1,220,0,1,827,5604711616263,5604715339543,3723,0,0,3767,7753,0,,,,828,220,0,0,0,0,84,0,0
830,scan,829,0,5604812369700,,5604812507510,5604814492433,95.265,-0.2026,-1.1532,-0.0464,4,0.9489,948,220,0,220,-1,1,828,5604761490377,5604770151443,8661,0,0,3767,7787,0,,,,829,220,-1,0,0,0,84,0,0
831,scan,830,0,5604861633403,,5604861763856,5604863527138,95.315,-0.1951,-1.1535,-0.0465,4,0.9437,943,220,0,220,0,1,829,5604812416476,5604819175223,6758,0,0,3767,7769,0,,,,830,220,0,0,0,0,84,0,0
832,scan,831,0,5604911505692,,5604911632497,5604913566753,95.365,-0.1802,-1.1542,-0.0465,4,0.9193,919,220,0,220,1,1,830,5604861676531,5604867851437,6174,0,0,3767,7755,0,,,,831,220,1,0,0,0,84,0,0
833,scan,832,0,5604961600350,,5604961727899,5604963499908,95.415,-0.1727,-1.1546,-0.0465,4,0.9173,917,220,0,220,-1,1,831,5604911547081,5604918042188,6495,0,0,3767,7738,0,,,,832,220,-1,0,0,0,84,0,0
834,scan,833,0,5605011863334,,5605011995054,5605014653984,95.465,-0.1577,-1.1553,-0.0465,4,0.9271,927,220,0,220,1,1,832,5604961641138,5604969201347,7560,0,0,3767,7744,0,,,,833,220,1,0,0,0,84,0,0
835,scan,834,0,5605062242772,,5605062374103,5605064495015,95.515,-0.1503,-1.1556,-0.0465,4,0.9126,912,220,0,220,-1,1,833,5605011903533,5605019430820,7527,0,0,3767,7744,0,,,,834,220,-1,0,0,0,84,0,0
836,scan,835,0,5605112506940,,5605112705318,5605114542820,95.565,-0.1353,-1.1563,-0.0465,4,0.8974,897,220,0,220,1,1,834,5605062289154,5605069880944,7591,0,0,3767,7749,0,,,,835,220,1,0,0,0,84,0,0
837,scan,836,0,5605162161163,,5605162272226,5605164565581,95.615,-0.1279,-1.1566,-0.0465,4,0.8915,891,220,0,220,1,1,835,5605112568242,5605119637644,7069,0,0,3767,7731,0,,,,836,220,1,0,0,0,84,0,0
838,scan,837,0,5605212211082,,5605212328294,5605215478997,95.665,-0.1204,-1.1570,-0.0465,4,0.8960,896,220,0,220,2,1,836,5605162200742,5605169569502,7368,0,0,3767,7706,0,,,,837,220,2,0,0,0,84,0,0
839,scan,838,0,5605262169920,,5605262289476,5605264525517,95.715,-0.1054,-1.1577,-0.0465,4,0.8808,880,220,0,220,2,1,837,5605212253431,5605219618892,7365,0,0,3767,7710,0,,,,838,220,2,0,0,0,84,0,0
840,scan,839,0,5605312224218,,5605312350537,5605314534240,95.765,-0.0980,-1.1580,-0.0464,4,0.8706,870,220,-1,220,1,1,838,5605262208026,5605269596595,7388,0,0,3767,7712,0,,,,839,220,1,0,0,0,84,0,0
841,scan,840,0,5605362284585,,5605362404488,5605364516045,95.815,-0.0830,-1.1587,-0.0462,4,0.8811,881,220,-1,220,0,1,839,5605312265880,5605319784312,7518,0,0,3767,7715,0,,,,840,220,0,0,0,0,84,0,0
842,scan,841,0,5605412476038,,5605412617166,5605414520943,95.865,-0.0755,-1.1591,-0.0462,4,0.8647,864,220,-1,220,0,1,840,5605362327458,5605369818376,7490,0,0,3767,7698,0,,,,841,220,0,0,0,0,84,0,0
843,scan,842,0,5605462403704,,5605462528060,5605464553315,95.915,-0.0606,-1.1598,-0.0462,4,0.8623,862,220,-1,220,0,1,841,5605412523985,5605419720992,7197,0,0,3767,7701,0,,,,842,220,0,0,0,0,84,0,0
844,scan,843,0,5605512570719,,5605512702527,5605514598528,95.965,-0.0531,-1.1601,-0.0462,4,0.8631,863,220,-1,220,0,1,842,5605462445318,5605467389154,4943,0,0,3767,7713,0,,,,843,220,0,0,0,0,84,0,0
845,scan,844,0,5605562606055,,5605562728452,5605565501189,96.015,-0.0382,-1.1608,-0.0462,4,0.8574,857,220,-1,220,0,1,843,5605512614170,5605519715581,7101,0,0,3767,7695,0,,,,844,220,0,0,0,0,84,0,0
846,scan,845,0,5605613068142,,5605613241288,5605615562388,96.065,-0.0307,-1.1611,-0.0462,4,0.8498,849,220,-1,220,0,1,844,5605562646482,5605570169762,7523,0,0,3767,7708,0,,,,845,220,0,0,0,0,84,0,0
847,scan,846,0,5605662828544,,5605662975359,5605665632923,96.115,-0.0158,-1.1618,-0.0462,4,0.8642,864,220,-1,220,0,1,845,5605613127335,5605619695031,6567,0,0,3767,7730,0,,,,846,220,0,0,0,0,84,0,0
848,scan,847,0,5605712860261,,5605713034148,5605715562945,96.165,-0.0083,-1.1622,-0.0462,4,0.8504,850,220,-1,220,0,1,846,5605662890419,5605670472750,7582,0,0,3767,7740,0,,,,847,220,0,0,0,0,84,0,0
849,scan,848,0,5605762824751,,5605762948840,5605765516491,96.215,0.0066,-1.1629,-0.0462,4,0.8422,842,220,-1,220,-1,1,847,5605712924426,5605719470587,6546,0,0,3767,7712,0,,,,848,220,-1,0,0,0,84,0,0
850,scan,849,0,5605812860149,,5605813008122,5605815518836,96.265,0.0141,-1.1632,-0.0462,4,0.8407,840,220,-1,220,0,1,848,5605762864709,5605770768372,7903,0,0,3767,7740,0,,,,849,220,0,0,0,0,84,0,0
851,scan,850,0,5605862652428,,5605862782978,5605864575039,96.315,0.0291,-1.1639,-0.0463,4,0.8399,839,220,-1,220,-1,1,849,5605812906204,5605819971667,7065,0,0,3767,7715,0,,,,850,220,-1,0,0,0,84,0,0
852,scan,851,0,5605913046633,,5605913176931,5605915482333,96.365,0.0365,-1.1643,-0.0463,4,0.8395,839,220,-1,220,0,1,850,5605862693745,5605867186418,4492,0,0,3767,7646,0,,,,851,220,0,0,0,0,84,0,0
853,scan,852,0,5605963764966,,5605964052125,5605966526484,96.415,0.0515,-1.1650,-0.0463,4,0.8503,850,220,-1,220,-1,1,851,5605913089456,5605921468766,8379,0,0,3767,7104,0,,,,852,220,-1,0,0,0,84,0,0
854,scan,853,0,5606013334951,,5606013461762,5606015480683,96.465,0.0589,-1.1653,-0.0463,4,0.8775,877,220,-1,220,0,1,852,5605963840807,5605971767844,7927,0,0,3767,7186,0,,,,853,220,0,0,0,0,84,0,0
855,scan,854,0,5606063550636,,5606063675661,5606065511519,96.515,0.0664,-1.1656,-0.0463,4,0.8799,879,220,-1,220,-1,1,853,5606013378705,5606021004486,7625,0,0,3767,7187,0,,,,854,220,-1,0,0,0,84,0,0
856,scan,855,0,5606113677525,,5606113808700,5606115532909,96.565,0.0814,-1.1663,-0.0463,4,0.9185,918,220,-1,220,1,1,854,5606063594138,5606071503013,7908,0,0,3767,7182,0,,,,855,220,1,0,0,0,84,0,0
857,scan,856,0,5606163583319,,5606163707392,5606165518460,96.615,0.0888,-1.1667,-0.0464,4,1.0187,1018,220,-1,220,-1,1,855,5606113720214,5606120896683,7176,0,0,3767,7141,0,,,,856,220,-1,0,0,0,84,0,0
858,scan,857,0,5606213534191,,5606213661045,5606216314338,96.665,0.1038,-1.1674,-0.0464,4,1.0361,1036,220,-1,220,1,1,856,5606163631393,5606171370825,7739,0,0,3767,7152,0,,,,857,220,1,0,0,0,84,0,0
859,scan,858,0,5606264171143,,5606264386111,5606266764404,96.715,0.1113,-1.1677,-0.0464,4,1.0432,1043,220,-1,220,-1,1,857,5606213576418,5606220830600,7254,0,0,3767,7144,0,,,,858,220,-1,0,0,0,84,0,0
860,scan,859,0,5606313696004,,5606313817970,5606316769089,96.765,0.1262,-1.1684,-0.0464,4,1.0289,1028,220,-1,220,1,1,858,5606264243631,5606271445802,7202,0,0,3767,7134,0,,,,859,220,1,0,0,0,84,0,0
861,scan,860,0,5606363613176,,5606363734257,5606365470723,96.815,0.1337,-1.1688,-0.0464,4,1.0092,1009,220,-1,220,-1,1,859,5606313736315,5606321281323,7545,0,0,3767,7137,0,,,,860,220,-1,0,0,0,84,0,0
862,scan,861,0,5606413619603,,5606413749514,5606415490556,96.865,0.1486,-1.1695,-0.0464,4,1.0171,1017,220,-1,220,1,1,860,5606363653213,5606371557785,7904,0,0,3767,7141,0,,,,861,220,1,0,0,0,84,0,0
863,scan,862,0,5606463550948,,5606463671387,5606465545568,96.915,0.1561,-1.1698,-0.0464,4,1.0369,1036,220,-1,220,-1,1,861,5606413661722,5606418228067,4566,0,0,3767,7064,0,,,,862,220,-1,0,0,0,84,0,0
864,scan,863,0,5606513761827,,5606513885731,5606516581986,96.965,0.1710,-1.1705,-0.0465,4,1.0203,1020,220,-1,220,0,1,862,5606463594883,5606468399087,4804,0,0,3767,7053,0,,,,863,220,0,0,0,0,84,0,0
865,scan,864,0,5606563603443,,5606563728491,5606565505917,97.015,0.1785,-1.1708,-0.0465,4,1.0317,1031,220,-1,220,1,1,863,5606513803496,5606521395643,7592,0,0,3767,7047,0,,,,864,220,1,0,0,0,84,0,0
866,scan,865,0,5606613865303,,5606614010243,5606616535842,97.065,0.1934,-1.1715,-0.0465,4,1.0219,1021,220,-1,220,0,1,864,5606563648694,5606571259392,7610,0,0,3767,7045,0,,,,865,220,0,0,0,0,84,0,0
867,scan,866,0,5606663711238,,5606663837297,5606666467339,97.115,0.2009,-1.1719,-0.0465,4,1.0261,1026,220,-1,220,3,1,865,5606613905984,5606621567852,7661,0,0,3767,7052,0,,,,866,220,3,0,0,0,84,0,0
868,scan,867,0,5606714014232,,5606714150182,5606716568511,97.165,0.2159,-1.1726,-0.0464,4,1.0154,1015,220,-1,220,0,1,866,5606663753690,5606671220186,7466,0,0,3767,7049,0,,,,867,220,0,0,0,0,84,0,0
869,scan,868,0,5606764072054,,5606764199690,5606766546082,97.215,0.2233,-1.1729,-0.0463,4,1.0321,1032,220,-1,220,1,1,867,5606714058570,5606722192215,8133,0,0,3767,7159,0,,,,868,220,1,0,0,0,84,0,0
870,scan,869,0,5606814171452,,5606814307451,5606816595006,97.265,0.2383,-1.1736,-0.0461,4,1.0207,1020,220,-2,220,0,1,868,5606764116107,5606771565577,7449,0,0,3767,7129,0,,,,869,220,0,0,0,0,84,0,0
871,scan,870,0,5606864129081,,5606864260572,5606866624616,97.315,0.2457,-1.1740,-0.0461,4,1.0130,1013,220,-2,220,1,1,869,5606814214745,5606821739609,7524,0,0,3767,7148,0,,,,870,220,1,0,0,0,84,0,0
872,scan,871,0,5606914204678,,5606914347152,5606916658919,97.365,0.2532,-1.1743,-0.0462,4,1.0258,1025,220,-2,220,0,1,870,5606864173787,5606871631767,7457,0,0,3767,7180,0,,,,871,220,0,0,0,0,84,0,0
873,scan,872,0,5606963901003,,5606964070503,5606966592893,97.415,0.2682,-1.1750,-0.0461,4,1.0202,1020,220,-2,220,-1,1,871,5606914247923,5606921241718,6993,0,0,3767,7193,0,,,,872,220,-1,0,0,0,84,0,0
874,scan,873,0,5607014442182,,5607014574789,5607016535053,97.465,0.2756,-1.1753,-0.0461,4,1.0091,1009,220,-2,220,0,1,872,5606963941247,5606970556451,6615,0,0,3767,7169,0,,,,873,220,0,0,0,0,84,0,0
875,scan,874,0,5607064179099,,5607064302371,5607066486543,97.515,0.2906,-1.1760,-0.0461,4,1.0196,1019,220,-2,220,-2,1,873,5607014488042,5607023173078,8685,0,0,3767,7198,0,,,,874,220,-2,0,0,0,84,0,0
876,scan,875,0,5607114209792,,5607114334341,5607116575506,97.565,0.2981,-1.1764,-0.0461,4,1.0048,1004,220,-2,220,0,1,874,5607064222417,5607071598872,7376,0,0,3767,7193,0,,,,875,220,0,0,0,0,84,0,0
877,scan,876,0,5607164401952,,5607164541353,5607167556420,97.615,0.3130,-1.1771,-0.0462,4,1.0056,1005,220,-2,220,-2,1,875,5607114251325,5607121627196,7375,0,0,3767,7200,0,,,,876,220,-2,0,0,0,84,0,0
878,scan,877,0,5607214854424,,5607215010191,5607217511870,97.665,0.3205,-1.1774,-0.0462,4,1.0031,1003,220,-2,220,-1,1,876,5607164451932,5607171822494,7370,0,0,3767,7200,0,,,,877,220,-1,0,0,0,84,0,0
879,scan,878,0,5607264914316,,5607265092508,5607267671293,97.715,0.3354,-1.1781,-0.0463,4,1.0139,1013,220,-2,220,-2,1,877,5607214900960,5607222582186,7681,0,0,3767,7208,0,,,,878,220,-2,0,0,0,84,0,0
880,scan,879,0,5607314909214,,5607315057290,5607317567312,97.765,0.3429,-1.1785,-0.0463,4,1.0026,1002,220,-2,220,-1,1,878,5607264977205,5607273412964,8435,0,0,3767,7234,0,,,,879,220,-1,0,0,0,84,0,0
881,scan,880,0,5607364621846,,5607364742627,5607366490973,97.815,0.3578,-1.1791,-0.0465,4,1.0202,1020,220,-1,220,-2,1,879,5607314957346,5607322414862,7457,0,0,3767,7233,0,,,,880,220,-2,0,0,0,84,0,0
882,scan,881,0,5607414708736,,5607414836551,5607417498868,97.865,0.3653,-1.1795,-0.0465,4,1.0072,1007,220,-1,220,-1,1,880,5607364660596,5607371593929,6933,0,0,3767,7219,0,,,,881,220,-1,0,0,0,84,0,0
883,scan,882,0,5607464629057,,5607464742111,5607466450921,97.915,0.3802,-1.1802,-0.0466,4,1.0044,1004,220,-1,220,-1,1,881,5607414751083,5607419331924,4580,0,0,3767,7154,0,,,,882,220,-1,0,0,0,84,0,0
884,scan,883,0,5607514697809,,5607514836241,5607517487895,97.965,0.3877,-1.1805,-0.0466,4,0.9954,995,220,-1,220,1,1,882,5607464666964,5607469016850,4349,0,0,3767,7139,0,,,,883,220,1,0,0,0,84,0,0
885,scan,884,0,5607564665322,,5607564790026,5607567563686,98.015,0.4027,-1.1812,-0.0467,4,1.0007,1000,220,-1,220,3,1,883,5607514736310,5607521885469,7149,0,0,3767,7140,0,,,,884,220,3,0,0,0,84,0,0
886,scan,885,0,5607615094145,,5607615230410,5607617547753,98.065,0.4101,-1.1816,-0.0466,4,1.0091,1009,220,-1,220,0,1,884,5607564705761,5607572672201,7966,0,0,3767,7151,0,,,,885,220,0,0,0,0,84,0,0
887,scan,886,0,5607665102637,,5607665221924,5607667523449,98.115,0.4251,-1.1823,-0.0464,4,1.0041,1004,220,-2,220,3,1,885,5607615141948,5607622427682,7285,0,0,3767,7169,0,,,,886,220,3,0,0,0,84,0,0
888,scan,887,0,5607715280540,,5607715430149,5607717659327,98.165,0.4325,-1.1826,-0.0464,4,0.9867,986,220,-2,220,-2,1,886,5607665138902,5607672916664,7777,0,0,3767,7174,0,,,,887,220,-2,0,0,0,84,0,0
889,scan,888,0,5607765003630,,5607765132442,5607767546676,98.215,0.4400,-1.1830,-0.0464,4,1.0030,1002,220,-2,220,1,1,887,5607715320763,5607723156802,7836,0,0,3767,7206,0,,,,888,220,1,0,0,0,84,0,0
890,scan,889,0,5607814723577,,5607814848188,5607817496186,98.265,0.4550,-1.1837,-0.0465,4,1.0111,1011,220,-2,220,-1,1,888,5607765047209,5607773024313,7977,0,0,3767,7208,0,,,,889,220,-1,0,0,0,84,0,0
891,scan,890,0,5607864799156,,5607864923688,5607867472108,98.315,0.4624,-1.1840,-0.0465,4,1.0026,1002,220,-2,220,1,1,889,5607814766333,5607822184908,7418,0,0,3767,7217,0,,,,890,220,1,0,0,0,84,0,0
892,scan,891,0,5607914979993,,5607915109786,5607917531993,98.365,0.4774,-1.1847,-0.0465,4,1.0051,1005,220,-2,220,1,1,890,5607864840952,5607871422937,6581,0,0,3767,7269,0,,,,891,220,1,0,0,0,84,0,0
893,scan,892,0,5607964910725,,5607965032788,5607967510631,98.415,0.4848,-1.1851,-0.0465,4,1.0187,1018,220,-2,220,3,1,891,5607915022236,5607921949033,6926,0,0,3767,7233,0,,,,892,220,3,0,0,0,84,0,0
894,scan,893,0,5608014601971,,5608014742124,5608016579305,98.465,0.4998,-1.1858,-0.0463,4,1.0083,1008,220,-2,220,-1,1,892,5607964951647,5607970742434,5790,0,0,3767,7179,0,,,,893,220,-1,0,0,0,84,0,0
895,scan,894,0,5608065144395,,5608065265795,5608067550008,98.515,0.5073,-1.1861,-0.0462,4,0.9976,997,220,-2,220,1,1,893,5608014647562,5608021945842,7298,0,0,3767,7171,0,,,,894,220,1,0,0,0,84,0,0
896,scan,895,0,5608115031238,,5608115178811,5608117515781,98.565,0.5222,-1.1868,-0.0461,4,0.9976,997,220,-3,220,-2,1,894,5608065186218,5608073080380,7894,0,0,3767,7171,0,,,,895,220,-2,0,0,0,84,0,0
897,scan,896,0,5608165176170,,5608165316154,5608167555677,98.615,0.5297,-1.1871,-0.0462,4,1.0142,1014,220,-3,220,0,1,895,5608115082113,5608122560083,7477,0,0,3767,7178,0,,,,896,220,0,0,0,0,84,0,0
898,scan,897,0,5608215259104,,5608215388947,5608217723057,98.665,0.5446,-1.1878,-0.0462,4,1.0027,1002,220,-3,220,-2,1,896,5608165225848,5608171714111,6488,0,0,3767,7147,0,,,,897,220,-2,0,0,0,84,0,0
899,scan,898,0,5608265421850,,5608265570068,5608267493724,98.715,0.5521,-1.1882,-0.0463,4,1.0036,1003,220,-3,220,0,1,897,5608215298941,5608221795643,6496,0,0,3767,7128,0,,,,898,220,0,0,0,0,84,0,0
900,scan,899,0,5608315637710,,5608315765009,5608318470004,98.765,0.5670,-1.1889,-0.0463,4,0.9912,991,220,-3,220,-3,1,898,5608265484289,5608273312699,7828,0,0,3767,7144,0,,,,899,220,-3,0,0,0,84,0,0
901,scan,900,0,5608365561381,,5608365684896,5608367547366,98.815,0.5745,-1.1892,-0.0463,4,0.9937,993,220,-3,220,-1,1,899,5608315679962,5608323093681,7413,0,0,3767,7140,0,,,,900,220,-1,0,0,0,84,0,0
902,scan,901,0,5608415350010,,5608415467056,5608417482705,98.865,0.5895,-1.1899,-0.0464,4,1.0041,1004,220,-3,220,-4,1,900,5608365604721,5608372903308,7298,0,0,3767,7125,0,,,,901,220,-4,0,0,0,84,0,0
903,scan,902,0,5608465500300,,5608465630443,5608467746709,98.915,0.5969,-1.1903,-0.0465,4,0.9954,995,220,-3,220,-1,1,901,5608415387332,5608422486365,7099,0,0,3767,7189,0,,,,902,220,-1,0,0,0,84,0,0
904,scan,903,0,5608515613103,,5608515762311,5608518490419,98.965,0.6119,-1.1910,-0.0467,4,0.9947,994,220,-3,220,-4,1,902,5608465547865,5608470232543,4684,0,0,3767,7186,0,,,,903,220,-4,0,0,0,84,0,0
905,scan,904,0,5608565411177,,5608565559411,5608567493239,99.015,0.6193,-1.1913,-0.0467,4,0.9916,991,220,-3,220,0,1,903,5608515658807,5608523208740,7549,0,0,3767,7184,0,,,,904,220,0,0,0,0,84,0,0
906,scan,905,0,5608615803786,,5608615945340,5608618475115,99.065,0.6268,-1.1916,-0.0468,4,0.9819,981,220,-3,220,-3,1,904,5608565454899,5608573147805,7692,0,0,3767,7186,0,,,,905,220,-3,0,0,0,84,0,0
907,scan,906,0,5608665729257,,5608665861410,5608668516896,99.115,0.6418,-1.1923,-0.0469,4,0.9913,991,220,-3,220,3,1,905,5608615854075,5608623265111,7411,0,0,3767,7180,0,,,,906,220,3,0,0,0,84,0,0
908,scan,907,0,5608715895509,,5608716082046,5608718480310,99.165,0.6492,-1.1927,-0.0469,4,0.9915,991,220,-3,220,-5,1,906,5608665774875,5608673467222,7692,0,0,3767,7186,0,,,,907,220,-5,0,0,0,84,0,0
,wdog,,,,,,5608867504892,,,,,,,,,,,,,,,,,,,,,,,,,907,0,0,0,3,0,84,0,
