phase,seq,flag,min_mm,local_v,local_w,edge_v,edge_w,t_send_s,rtt_ms,v_out,w_out,mode,state,switch_us,n_sw,bad_lines,ok
paced,1,0,287,220,0,150,511,0.000043,1.941,150,511,0,1,0,42,0,1
paced,2,0,214,220,0,150,-776,0.050221,3.195,150,-776,0,1,0,42,0,1
paced,3,0,270,220,0,150,209,0.100416,2.901,150,209,0,1,0,42,0,1
paced,4,0,610,220,0,150,114,0.150707,2.153,150,114,0,0,0,42,0,1
paced,5,0,538,220,0,150,1410,0.200498,3.775,150,1410,0,0,0,42,0,1
paced,6,0,364,220,0,150,-1436,0.250259,2.816,150,-1436,0,1,0,42,0,1
paced,7,0,649,220,0,150,-1704,0.300216,2.641,150,-1704,0,0,0,42,0,1
paced,8,0,549,220,0,150,-48,0.350585,2.222,150,-48,0,0,0,42,0,1
paced,9,0,772,220,0,150,1302,0.400563,3.255,150,1302,0,0,0,42,0,1
paced,10,0,152,220,0,150,1030,0.450763,3.073,150,1030,0,2,0,42,0,1
paced,11,0,606,220,0,150,-730,0.500175,2.871,150,-730,0,0,0,42,0,1
paced,12,0,384,220,0,150,601,0.550337,2.538,150,601,0,1,0,42,0,1
paced,13,0,254,220,0,150,-520,0.600586,3.379,150,-520,0,1,0,42,0,1
paced,14,0,181,220,0,150,-1729,0.650526,3.929,150,-1729,0,2,0,42,0,1
paced,15,0,176,220,0,150,840,0.700328,2.909,150,840,0,2,0,42,0,1
paced,16,0,704,220,0,150,-1783,0.750565,2.216,150,-1783,0,0,0,42,0,1
paced,17,0,540,220,0,150,991,0.800691,3.210,150,991,0,0,0,42,0,1
paced,18,0,371,220,0,150,-92,0.850583,3.873,150,-92,0,1,0,42,0,1
paced,19,0,179,220,0,150,341,0.900760,3.094,150,341,0,2,0,42,0,1
paced,20,0,377,220,0,150,1308,0.950555,3.443,150,1308,0,1,0,42,0,1
paced,21,0,598,220,0,150,210,1.000291,2.641,150,210,0,0,0,42,0,1
paced,22,0,716,220,0,150,-866,1.050170,2.640,150,-866,0,0,0,42,0,1
paced,23,0,503,220,0,150,-875,1.100189,3.011,150,-875,0,0,0,42,0,1
paced,24,0,374,220,0,150,1296,1.150353,3.227,150,1296,0,1,0,42,0,1
paced,25,0,620,220,0,150,-634,1.200434,2.630,150,-634,0,0,0,42,0,1
paced,26,0,172,220,0,150,-116,1.250169,3.605,150,-116,0,2,0,42,0,1
paced,27,0,719,220,0,150,810,1.300450,2.545,150,810,0,0,0,42,0,1
paced,28,0,252,220,0,150,-1059,1.350489,3.236,150,-1059,0,1,0,42,0,1
paced,29,0,794,220,0,150,1144,1.400529,2.586,150,1144,0,0,0,42,0,1
paced,30,0,453,220,0,150,-1325,1.450348,2.902,150,-1325,0,0,0,42,0,1
paced,31,0,490,220,0,150,1135,1.500146,2.695,150,1135,0,0,0,42,0,1
paced,32,0,662,220,0,150,-92,1.550752,2.993,150,-92,0,0,0,42,0,1
paced,33,0,669,220,0,150,1579,1.600529,2.298,150,1579,0,0,0,42,0,1
paced,34,0,344,220,0,150,-578,1.650843,2.994,150,-578,0,1,0,42,0,1
paced,35,0,440,220,0,150,586,1.700688,4.113,150,586,0,0,0,42,0,1
paced,36,0,661,220,0,150,1646,1.750590,3.224,150,1646,0,0,0,42,0,1
paced,37,0,667,220,0,150,-209,1.800240,2.541,150,-209,0,0,0,42,0,1
paced,38,0,753,220,0,150,1675,1.850212,4.184,150,1675,0,0,0,42,0,1
paced,39,0,185,220,0,150,147,1.900645,3.117,150,147,0,2,0,42,0,1
paced,40,0,398,220,0,150,1226,1.950198,3.331,150,1226,0,1,0,42,0,1
paced,41,0,563,220,0,150,-123,2.000522,4.732,150,-123,0,0,0,42,0,1
paced,42,0,327,220,0,150,-317,2.050759,3.033,150,-317,0,1,0,42,0,1
paced,43,0,711,220,0,150,1795,2.100468,4.664,150,1795,0,0,0,42,0,1
paced,44,0,533,220,0,150,-1466,2.150606,4.386,150,-1466,0,0,0,42,0,1
paced,45,0,599,220,0,150,898,2.200203,2.562,150,898,0,0,0,42,0,1
paced,46,0,670,220,0,150,-1378,2.250448,2.479,150,-1378,0,0,0,42,0,1
paced,47,0,317,220,0,150,313,2.300624,3.126,150,313,0,1,0,42,0,1
paced,48,0,552,220,0,150,-303,2.350342,2.434,150,-303,0,0,0,42,0,1
paced,49,0,651,220,0,150,1181,2.400537,3.218,150,1181,0,0,0,42,0,1
paced,50,0,180,220,0,150,102,2.450238,2.578,150,102,0,2,0,42,0,1
paced,51,0,194,220,0,150,-557,2.500576,3.233,150,-557,0,2,0,42,0,1
paced,52,0,779,220,0,150,609,2.550300,2.486,150,609,0,0,0,42,0,1
paced,53,0,742,220,0,150,-208,2.600306,2.509,150,-208,0,0,0,42,0,1
paced,54,0,324,220,0,150,-1130,2.650520,3.250,150,-1130,0,1,0,42,0,1
paced,55,0,664,220,0,150,-891,2.700323,2.541,150,-891,0,0,0,42,0,1
paced,56,0,162,220,0,150,1336,2.750565,2.265,150,1336,0,2,0,42,0,1
paced,57,0,354,220,0,150,390,2.800437,2.472,150,390,0,1,0,42,0,1
paced,58,0,711,220,0,150,-870,2.850725,3.373,150,-870,0,0,0,42,0,1
paced,59,0,564,220,0,150,284,2.900618,3.072,150,284,0,0,0,42,0,1
paced,60,0,502,220,0,150,1651,2.950240,2.547,150,1651,0,0,0,42,0,1
paced,61,0,741,220,0,150,-373,3.000288,2.532,150,-373,0,0,0,42,0,1
paced,62,0,620,220,0,150,-718,3.050415,2.311,150,-718,0,0,0,42,0,1
paced,63,0,711,220,0,150,674,3.100487,2.485,150,674,0,0,0,42,0,1
paced,64,0,155,220,0,150,-249,3.150183,2.643,150,-249,0,2,0,42,0,1
paced,65,0,674,220,0,150,1494,3.200163,2.842,150,1494,0,0,0,42,0,1
paced,66,0,282,220,0,150,304,3.250347,2.598,150,304,0,1,0,42,0,1
paced,67,0,724,220,0,150,-979,3.300517,2.351,150,-979,0,0,0,42,0,1
paced,68,0,586,220,0,150,-1591,3.350610,3.194,150,-1591,0,0,0,42,0,1
paced,69,0,642,220,0,150,1743,3.400249,2.537,150,1743,0,0,0,42,0,1
paced,70,0,523,220,0,150,514,3.450233,2.657,150,514,0,0,0,42,0,1
paced,71,0,717,220,0,150,-1002,3.500440,3.267,150,-1002,0,0,0,42,0,1
paced,72,0,666,220,0,150,-127,3.550603,3.150,150,-127,0,0,0,42,0,1
paced,73,0,646,220,0,150,1511,3.600611,3.234,150,1511,0,0,0,42,0,1
paced,74,0,515,220,0,150,-123,3.650935,2.838,150,-123,0,0,0,42,0,1
paced,75,0,504,220,0,150,-1814,3.700166,2.673,150,-1814,0,0,0,42,0,1
paced,76,0,701,220,0,150,392,3.750592,3.145,150,392,0,0,0,42,0,1
paced,77,0,788,220,0,150,1401,3.800711,4.019,150,1401,0,0,0,42,0,1
paced,78,0,777,220,0,150,-464,3.850817,2.934,150,-464,0,0,0,42,0,1
paced,79,0,619,220,0,150,637,3.900185,2.581,150,637,0,0,0,42,0,1
paced,80,0,178,220,0,150,1475,3.950156,2.727,150,1475,0,2,0,42,0,1
paced,81,0,385,220,0,150,782,4.000729,4.270,150,782,0,1,0,42,0,1
paced,82,0,331,220,0,150,435,4.050316,2.453,150,435,0,1,0,42,0,1
paced,83,0,748,220,0,150,-1080,4.100310,2.523,150,-1080,0,0,0,42,0,1
paced,84,0,243,220,0,150,1450,4.150626,3.600,150,1450,0,1,0,42,0,1
paced,85,0,714,220,0,150,1444,4.200229,2.801,150,1444,0,0,0,42,0,1
paced,86,0,411,220,0,150,-1688,4.250549,3.281,150,-1688,0,0,0,42,0,1
paced,87,0,222,220,0,150,-1480,4.300479,2.240,150,-1480,0,1,0,42,0,1
paced,88,0,167,220,0,150,35,4.350508,2.447,150,35,0,2,0,42,0,1
paced,89,0,164,220,0,150,1268,4.400214,3.566,150,1268,0,2,0,42,0,1
paced,90,0,437,220,0,150,-798,4.450303,2.408,150,-798,0,0,0,42,0,1
paced,91,0,425,220,0,150,-1372,4.500653,3.885,150,-1372,0,0,0,42,0,1
paced,92,0,789,220,0,150,-1064,4.550648,3.572,150,-1064,0,0,0,42,0,1
paced,93,0,502,220,0,150,-631,4.600426,2.335,150,-631,0,0,0,42,0,1
paced,94,0,221,220,0,150,-1135,4.650536,2.193,150,-1135,0,1,0,42,0,1
paced,95,0,313,220,0,150,-775,4.700805,3.209,150,-775,0,1,0,42,0,1
paced,96,0,690,220,0,150,-1132,4.750159,2.545,150,-1132,0,0,0,42,0,1
paced,97,0,429,220,0,150,835,4.800682,3.084,150,835,0,0,0,42,0,1
paced,98,0,451,220,0,150,42,4.850282,2.586,150,42,0,0,0,42,0,1
paced,99,0,479,220,0,150,213,4.900489,3.169,150,213,0,0,0,42,0,1
paced,100,0,635,220,0,150,-1353,4.950650,3.435,150,-1353,0,0,0,42,0,1
paced,101,0,174,220,0,150,-543,5.000242,2.453,150,-543,0,2,0,42,0,1
paced,102,0,545,220,0,150,-414,5.050488,2.215,150,-414,0,0,0,42,0,1
paced,103,0,581,220,0,150,1441,5.100711,3.063,150,1441,0,0,0,42,0,1
paced,104,0,342,220,0,150,-762,5.150526,3.154,150,-762,0,1,0,42,0,1
paced,105,0,261,220,0,150,-782,5.200470,3.438,150,-782,0,1,0,42,0,1
paced,106,0,672,220,0,150,-964,5.250661,3.703,150,-964,0,0,0,42,0,1
paced,107,0,770,220,0,150,-52,5.300294,2.404,150,-52,0,0,0,42,0,1
paced,108,0,171,220,0,150,-897,5.350625,3.534,150,-897,0,2,0,42,0,1
paced,109,0,168,220,0,150,-193,5.400442,2.238,150,-193,0,2,0,42,0,1
paced,110,0,299,220,0,150,-1676,5.450204,2.830,150,-1676,0,1,0,42,0,1
paced,111,0,314,220,0,150,5,5.500265,2.475,150,5,0,1,0,42,0,1
paced,112,0,668,220,0,150,957,5.550624,3.058,150,957,0,0,0,42,0,1
paced,113,0,586,220,0,150,411,5.600516,3.179,150,411,0,0,0,42,0,1
paced,114,0,375,220,0,150,763,5.650450,3.412,150,763,0,1,0,42,0,1
paced,115,0,678,220,0,150,26,5.700402,2.655,150,26,0,0,0,42,0,1
paced,116,0,378,220,0,150,325,5.750535,2.149,150,325,0,1,0,42,0,1
paced,117,0,181,220,0,150,-203,5.800357,3.301,150,-203,0,2,0,42,0,1
paced,118,0,739,220,0,150,1470,5.850529,3.161,150,1470,0,0,0,42,0,1
paced,119,0,478,220,0,150,882,5.900185,2.977,150,882,0,0,0,42,0,1
paced,120,0,796,220,0,150,-74,5.950273,2.497,150,-74,0,0,0,42,0,1
paced,121,0,210,220,0,150,1200,6.000768,2.961,150,1200,0,1,0,42,0,1
paced,122,0,455,220,0,150,-1306,6.050647,2.997,150,-1306,0,0,0,42,0,1
paced,123,0,367,220,0,150,1766,6.100585,3.107,150,1766,0,1,0,42,0,1
paced,124,0,198,220,0,150,-566,6.150713,2.924,150,-566,0,2,0,42,0,1
paced,125,0,222,220,0,150,1696,6.200467,3.208,150,1696,0,1,0,42,0,1
paced,126,0,228,220,0,150,-549,6.250594,3.055,150,-549,0,1,0,42,0,1
paced,127,0,455,220,0,150,1226,6.300569,3.098,150,1226,0,0,0,42,0,1
paced,128,0,312,220,0,150,-116,6.350575,3.302,150,-116,0,1,0,42,0,1
paced,129,0,728,220,0,150,-787,6.400367,2.402,150,-787,0,0,0,42,0,1
paced,130,0,283,220,0,150,-1786,6.450671,3.093,150,-1786,0,1,0,42,0,1
paced,131,0,724,220,0,150,1779,6.500758,2.896,150,1779,0,0,0,42,0,1
paced,132,0,188,220,0,150,599,6.550731,2.928,150,599,0,2,0,42,0,1
paced,133,0,372,220,0,150,515,6.600727,2.910,150,515,0,1,0,42,0,1
paced,134,0,621,220,0,150,-1118,6.650263,2.581,150,-1118,0,0,0,42,0,1
paced,135,0,787,220,0,150,264,6.700560,3.470,150,264,0,0,0,42,0,1
paced,136,0,188,220,0,150,-272,6.750594,3.063,150,-272,0,2,0,42,0,1
paced,137,0,355,220,0,150,-399,6.800480,3.199,150,-399,0,1,0,42,0,1
paced,138,0,251,220,0,150,-978,6.850619,3.033,150,-978,0,1,0,42,0,1
paced,139,0,737,220,0,150,941,6.900262,2.474,150,941,0,0,0,42,0,1
paced,140,0,593,220,0,150,602,6.950201,2.578,150,602,0,0,0,42,0,1
paced,141,0,348,220,0,150,196,7.000686,3.081,150,196,0,1,0,42,0,1
paced,142,0,256,220,0,150,907,7.050422,3.250,150,907,0,1,0,42,0,1
paced,143,0,549,220,0,150,-608,7.100490,3.156,150,-608,0,0,0,42,0,1
paced,144,0,666,220,0,150,227,7.150291,2.514,150,227,0,0,0,42,0,1
paced,145,0,167,220,0,150,-488,7.200653,3.030,150,-488,0,2,0,42,0,1
paced,146,0,776,220,0,150,1750,7.250418,3.271,150,1750,0,0,0,42,0,1
paced,147,0,561,220,0,150,-668,7.300323,2.354,150,-668,0,0,0,42,0,1
paced,148,0,168,220,0,150,-1178,7.350763,2.924,150,-1178,0,2,0,42,0,1
paced,149,0,355,220,0,150,1692,7.400484,2.301,150,1692,0,1,0,42,0,1
paced,150,0,485,220,0,150,1502,7.450733,2.948,150,1502,0,0,0,42,0,1
paced,151,0,726,220,0,150,1385,7.500209,2.526,150,1385,0,0,0,42,0,1
paced,152,0,288,220,0,150,-432,7.550501,3.147,150,-432,0,1,0,42,0,1
paced,153,0,589,220,0,150,-948,7.600316,4.545,150,-948,0,0,0,42,0,1
paced,154,0,422,220,0,150,942,7.650452,3.469,150,942,0,0,0,42,0,1
paced,155,0,248,220,0,150,1611,7.700615,3.003,150,1611,0,1,0,42,0,1
paced,156,0,538,220,0,150,423,7.750560,3.065,150,423,0,0,0,42,0,1
paced,157,0,502,220,0,150,1794,7.800410,3.246,150,1794,0,0,0,42,0,1
paced,158,0,697,220,0,150,164,7.850645,2.963,150,164,0,0,0,42,0,1
paced,159,0,695,220,0,150,-859,7.900282,2.873,150,-859,0,0,0,42,0,1
paced,160,0,216,220,0,150,1151,7.950199,2.429,150,1151,0,1,0,42,0,1
paced,161,0,191,220,0,150,-1474,8.000777,2.862,150,-1474,0,2,0,42,0,1
paced,162,0,286,220,0,150,-1125,8.050571,3.035,150,-1125,0,1,0,42,0,1
paced,163,0,320,220,0,150,384,8.100414,3.260,150,384,0,1,0,42,0,1
paced,164,0,368,220,0,150,-723,8.150635,3.023,150,-723,0,1,0,42,0,1
paced,165,0,490,220,0,150,638,8.200669,3.183,150,638,0,0,0,42,0,1
paced,166,0,668,220,0,150,1625,8.250262,3.384,150,1625,0,0,0,42,0,1
paced,167,0,411,220,0,150,-313,8.300619,3.028,150,-313,0,0,0,42,0,1
paced,168,0,496,220,0,150,-427,8.350502,3.074,150,-427,0,0,0,42,0,1
paced,169,0,266,220,0,150,-628,8.400790,2.797,150,-628,0,1,0,42,0,1
paced,170,0,390,220,0,150,1732,8.450324,3.278,150,1732,0,1,0,42,0,1
paced,171,0,768,220,0,150,1372,8.500570,3.072,150,1372,0,0,0,42,0,1
paced,172,0,650,220,0,150,-1266,8.550444,3.172,150,-1266,0,0,0,42,0,1
paced,173,0,743,220,0,150,437,8.600749,2.954,150,437,0,0,0,42,0,1
paced,174,0,256,220,0,150,-507,8.650787,2.851,150,-507,0,1,0,42,0,1
paced,175,0,190,220,0,150,-155,8.700248,2.405,150,-155,0,2,0,42,0,1
paced,176,0,224,220,0,150,-263,8.750738,3.677,150,-263,0,1,0,42,0,1
paced,177,0,300,220,0,150,1573,8.800705,2.906,150,1573,0,1,0,42,0,1
paced,178,0,278,220,0,150,-424,8.850620,2.970,150,-424,0,1,0,42,0,1
paced,179,0,267,220,0,150,699,8.900705,2.932,150,699,0,1,0,42,0,1
paced,180,0,751,220,0,150,1382,8.950192,2.485,150,1382,0,0,0,42,0,1
paced,181,0,537,220,0,150,-1507,9.000227,2.461,150,-1507,0,0,0,42,0,1
paced,182,0,734,220,0,150,433,9.050587,3.030,150,433,0,0,0,42,0,1
paced,183,0,379,220,0,150,498,9.100546,3.024,150,498,0,1,0,42,0,1
paced,184,0,233,220,0,150,-728,9.150617,3.028,150,-728,0,1,0,42,0,1
paced,185,0,523,220,0,150,-610,9.200280,2.316,150,-610,0,0,0,42,0,1
paced,186,0,727,220,0,150,368,9.250495,2.136,150,368,0,0,0,42,0,1
paced,187,0,267,220,0,150,55,9.300383,2.400,150,55,0,1,0,42,0,1
paced,188,0,433,220,0,150,-1379,9.350418,4.858,150,-1379,0,0,0,42,0,1
paced,189,0,196,220,0,150,1570,9.400168,2.451,150,1570,0,2,0,42,0,1
paced,190,0,452,220,0,150,-1770,9.450314,2.508,150,-1770,0,0,0,42,0,1
paced,191,0,778,220,0,150,926,9.500411,3.751,150,926,0,0,0,42,0,1
paced,192,0,164,220,0,150,-1445,9.550699,2.912,150,-1445,0,2,0,42,0,1
paced,193,0,573,220,0,150,-1349,9.600517,3.056,150,-1349,0,0,0,42,0,1
paced,194,0,190,220,0,150,-1051,9.650188,2.497,150,-1051,0,2,0,42,0,1
paced,195,0,395,220,0,150,1397,9.700568,3.178,150,1397,0,1,0,42,0,1
paced,196,0,750,220,0,150,-96,9.750209,2.691,150,-96,0,0,0,42,0,1
paced,197,0,315,220,0,150,-1347,9.800206,2.429,150,-1347,0,1,0,42,0,1
paced,198,0,611,220,0,150,-1135,9.850495,3.102,150,-1135,0,0,0,42,0,1
paced,199,0,397,220,0,150,-1169,9.900708,2.901,150,-1169,0,1,0,42,0,1
paced,200,0,255,220,0,150,-38,9.950570,3.003,150,-38,0,1,0,42,0,1
paced,201,0,537,220,0,150,1483,10.000181,2.493,150,1483,0,0,0,42,0,1
paced,202,0,705,220,0,150,1531,10.050573,2.987,150,1531,0,0,0,42,0,1
paced,203,0,451,220,0,150,433,10.100742,2.889,150,433,0,0,0,42,0,1
paced,204,0,409,220,0,150,1094,10.150559,2.970,150,1094,0,0,0,42,0,1
paced,205,0,638,220,0,150,-532,10.200557,3.078,150,-532,0,0,0,42,0,1
paced,206,0,252,220,0,150,-970,10.250565,3.047,150,-970,0,1,0,42,0,1
paced,207,0,475,220,0,150,-1658,10.300228,2.365,150,-1658,0,0,0,42,0,1
paced,208,0,177,220,0,150,-1777,10.350610,3.071,150,-1777,0,2,0,42,0,1
paced,209,0,452,220,0,150,1155,10.400452,3.059,150,1155,0,0,0,42,0,1
paced,210,0,760,220,0,150,-509,10.450340,3.226,150,-509,0,0,0,42,0,1
paced,211,0,610,220,0,150,-218,10.500589,2.987,150,-218,0,0,0,42,0,1
paced,212,0,470,220,0,150,-188,10.550226,2.412,150,-188,0,0,0,42,0,1
paced,213,0,214,220,0,150,-1558,10.600231,2.737,150,-1558,0,1,0,42,0,1
paced,214,0,474,220,0,150,643,10.650393,2.507,150,643,0,0,0,42,0,1
paced,215,0,616,220,0,150,-1364,10.700695,3.957,150,-1364,0,0,0,42,0,1
paced,216,0,406,220,0,150,-939,10.750275,3.702,150,-939,0,0,0,42,0,1
paced,217,0,782,220,0,150,1366,10.800179,2.359,150,1366,0,0,0,42,0,1
paced,218,0,705,220,0,150,1733,10.850348,3.113,150,1733,0,0,0,42,0,1
paced,219,0,630,220,0,150,890,10.900717,2.819,150,890,0,0,0,42,0,1
paced,220,0,514,220,0,150,-759,10.950420,3.078,150,-759,0,0,0,42,0,1
paced,221,0,337,220,0,150,398,11.000417,3.084,150,398,0,1,0,42,0,1
paced,222,0,362,220,0,150,-562,11.050461,3.106,150,-562,0,1,0,42,0,1
paced,223,0,353,220,0,150,-811,11.100214,2.382,150,-811,0,1,0,42,0,1
paced,224,0,519,220,0,150,-1487,11.150698,4.053,150,-1487,0,0,0,42,0,1
paced,225,0,437,220,0,150,-1454,11.200590,3.066,150,-1454,0,0,0,42,0,1
paced,226,0,608,220,0,150,-1450,11.250468,3.054,150,-1450,0,0,0,42,0,1
paced,227,0,738,220,0,150,815,11.300212,3.321,150,815,0,0,0,42,0,1
paced,228,0,497,220,0,150,-889,11.350542,3.270,150,-889,0,0,0,42,0,1
paced,229,0,549,220,0,150,-564,11.400770,2.826,150,-564,0,0,0,42,0,1
paced,230,0,192,220,0,150,-480,11.450758,2.766,150,-480,0,2,0,42,0,1
paced,231,0,341,220,0,150,-523,11.500594,3.238,150,-523,0,1,0,42,0,1
paced,232,0,742,220,0,150,-580,11.550603,2.942,150,-580,0,0,0,42,0,1
paced,233,0,401,220,0,150,-451,11.600278,2.257,150,-451,0,0,0,42,0,1
paced,234,0,253,220,0,150,409,11.650165,2.399,150,409,0,1,0,42,0,1
paced,235,0,776,220,0,150,551,11.700729,2.780,150,551,0,0,0,42,0,1
paced,236,0,760,220,0,150,-1443,11.750563,2.946,150,-1443,0,0,0,42,0,1
paced,237,0,400,220,0,150,-919,11.800223,2.357,150,-919,0,0,0,42,0,1
paced,238,0,170,220,0,150,1490,11.850228,3.675,150,1490,0,2,0,42,0,1
paced,239,0,399,220,0,150,-175,11.900469,3.043,150,-175,0,1,0,42,0,1
paced,240,0,224,220,0,150,-723,11.950526,2.958,150,-723,0,1,0,42,0,1
paced,241,0,714,220,0,150,1733,12.000322,3.223,150,1733,0,0,0,42,0,1
paced,242,0,222,220,0,150,1166,12.050592,3.280,150,1166,0,1,0,42,0,1
paced,243,0,226,220,0,150,-1732,12.100776,3.080,150,-1732,0,1,0,42,0,1
paced,244,0,800,220,0,150,-1780,12.150239,2.317,150,-1780,0,0,0,42,0,1
paced,245,0,447,220,0,150,1254,12.200351,2.217,150,1254,0,0,0,42,0,1
paced,246,0,517,220,0,150,200,12.250615,3.205,150,200,0,0,0,42,0,1
paced,247,0,630,220,0,150,1713,12.300247,2.372,150,1713,0,0,0,42,0,1
paced,248,0,307,220,0,150,-1407,12.350219,3.302,150,-1407,0,1,0,42,0,1
paced,249,0,663,220,0,150,1365,12.400364,2.113,150,1365,0,0,0,42,0,1
paced,250,0,485,220,0,150,-1505,12.450217,2.394,150,-1505,0,0,0,42,0,1
paced,251,0,671,220,0,150,904,12.500762,2.740,150,904,0,0,0,42,0,1
paced,252,0,327,220,0,150,-1085,12.550615,2.892,150,-1085,0,1,0,42,0,1
paced,253,0,303,220,0,150,-1241,12.600706,2.894,150,-1241,0,1,0,42,0,1
paced,254,0,477,220,0,150,-569,12.650216,2.288,150,-569,0,0,0,42,0,1
paced,255,0,259,220,0,150,1085,12.700178,2.352,150,1085,0,1,0,42,0,1
paced,256,0,676,220,0,150,1598,12.750535,2.981,150,1598,0,0,0,42,0,1
paced,257,0,766,220,0,150,-618,12.800523,3.006,150,-618,0,0,0,42,0,1
paced,258,0,279,220,0,150,-974,12.850544,2.957,150,-974,0,1,0,42,0,1
paced,259,0,295,220,0,150,414,12.900132,3.452,150,414,0,1,0,42,0,1
paced,260,0,182,220,0,150,1373,12.950130,2.518,150,1373,0,2,0,42,0,1
paced,261,0,473,220,0,150,1542,13.000284,2.676,150,1542,0,0,0,42,0,1
paced,262,0,788,220,0,150,1472,13.050307,3.799,150,1472,0,0,0,42,0,1
paced,263,0,716,220,0,150,1623,13.100631,3.132,150,1623,0,0,0,42,0,1
paced,264,0,360,220,0,150,-1091,13.150169,2.381,150,-1091,0,1,0,42,0,1
paced,265,0,456,220,0,150,-48,13.200312,2.170,150,-48,0,0,0,42,0,1
paced,266,0,700,220,0,150,-1174,13.250198,2.327,150,-1174,0,0,0,42,0,1
paced,267,0,199,220,0,150,1107,13.300730,2.722,150,1107,0,2,0,42,0,1
paced,268,0,403,220,0,150,-786,13.350328,3.105,150,-786,0,0,0,42,0,1
paced,269,0,215,220,0,150,973,13.400575,2.877,150,973,0,1,0,42,0,1
paced,270,0,607,220,0,150,1490,13.450196,2.413,150,1490,0,0,0,42,0,1
paced,271,0,590,220,0,150,429,13.500573,2.977,150,429,0,0,0,42,0,1
paced,272,0,406,220,0,150,397,13.550569,4.897,150,397,0,0,0,42,0,1
paced,273,0,599,220,0,150,1666,13.600168,2.421,150,1666,0,0,0,42,0,1
paced,274,0,700,220,0,150,36,13.650482,3.027,150,36,0,0,0,42,0,1
paced,275,0,161,220,0,150,-200,13.700239,2.185,150,-200,0,2,0,42,0,1
paced,276,0,496,220,0,150,-1118,13.750648,3.239,150,-1118,0,0,0,42,0,1
paced,277,0,414,220,0,150,169,13.800716,2.725,150,169,0,0,0,42,0,1
paced,278,0,174,220,0,150,1428,13.850543,2.863,150,1428,0,2,0,42,0,1
paced,279,0,576,220,0,150,517,13.900498,2.948,150,517,0,0,0,42,0,1
paced,280,0,169,220,0,150,-1565,13.950536,2.909,150,-1565,0,2,0,42,0,1
paced,281,0,513,220,0,150,555,14.000245,2.375,150,555,0,0,0,42,0,1
paced,282,0,291,220,0,150,611,14.050568,2.889,150,611,0,1,0,42,0,1
paced,283,0,278,220,0,150,-1253,14.100458,2.972,150,-1253,0,1,0,42,0,1
paced,284,0,415,220,0,150,1575,14.150721,2.827,150,1575,0,0,0,42,0,1
paced,285,0,433,220,0,150,-191,14.200873,2.679,150,-191,0,0,0,42,0,1
paced,286,0,727,220,0,150,-178,14.250326,3.172,150,-178,0,0,0,42,0,1
paced,287,0,326,220,0,150,688,14.300504,2.965,150,688,0,1,0,42,0,1
paced,288,0,241,220,0,150,-864,14.350738,2.794,150,-864,0,1,0,42,0,1
paced,289,0,647,220,0,150,-1790,14.400417,3.061,150,-1790,0,0,0,42,0,1
paced,290,0,331,220,0,150,345,14.450295,2.223,150,345,0,1,0,42,0,1
paced,291,0,474,220,0,150,231,14.500302,3.185,150,231,0,0,0,42,0,1
paced,292,0,598,220,0,150,991,14.550592,2.847,150,991,0,0,0,42,0,1
paced,293,0,381,220,0,150,-844,14.600645,2.771,150,-844,0,1,0,42,0,1
paced,294,0,470,220,0,150,207,14.650409,4.006,150,207,0,0,0,42,0,1
paced,295,0,640,220,0,150,-899,14.700567,3.631,150,-899,0,0,0,42,0,1
paced,296,0,572,220,0,150,-440,14.750617,2.935,150,-440,0,0,0,42,0,1
paced,297,0,723,220,0,150,683,14.800350,3.047,150,683,0,0,0,42,0,1
paced,298,0,431,220,0,150,827,14.850611,2.857,150,827,0,0,0,42,0,1
paced,299,0,374,220,0,150,-1623,14.900730,2.938,150,-1623,0,1,0,42,0,1
paced,300,0,223,220,0,150,1306,14.950353,2.464,150,1306,0,1,0,42,0,1
paced,301,0,673,220,0,150,823,15.000616,2.809,150,823,0,0,0,42,0,1
paced,302,0,527,220,0,150,-1167,15.050702,2.827,150,-1167,0,0,0,42,0,1
paced,303,0,673,220,0,150,1317,15.100575,2.888,150,1317,0,0,0,42,0,1
paced,304,0,358,220,0,150,-543,15.150577,2.814,150,-543,0,1,0,42,0,1
paced,305,0,455,220,0,150,1016,15.200188,2.232,150,1016,0,0,0,42,0,1
paced,306,0,456,220,0,150,1657,15.250547,2.890,150,1657,0,0,0,42,0,1
paced,307,0,715,220,0,150,-298,15.300575,2.864,150,-298,0,0,0,42,0,1
paced,308,0,319,220,0,150,1052,15.350655,2.860,150,1052,0,1,0,42,0,1
paced,309,0,625,220,0,150,615,15.400462,2.986,150,615,0,0,0,42,0,1
paced,310,0,237,220,0,150,1687,15.450312,2.155,150,1687,0,1,0,42,0,1
paced,311,0,276,220,0,150,662,15.500765,2.680,150,662,0,1,0,42,0,1
paced,312,0,676,220,0,150,519,15.550741,2.831,150,519,0,0,0,42,0,1
paced,313,0,536,220,0,150,-1098,15.600541,2.875,150,-1098,0,0,0,42,0,1
paced,314,0,309,220,0,150,-794,15.650584,2.838,150,-794,0,1,0,42,0,1
paced,315,0,586,220,0,150,-929,15.700812,2.614,150,-929,0,0,0,42,0,1
paced,316,0,733,220,0,150,1127,15.750174,2.402,150,1127,0,0,0,42,0,1
paced,317,0,203,220,0,150,207,15.800215,2.338,150,207,0,1,0,42,0,1
paced,318,0,553,220,0,150,1117,15.850491,2.990,150,1117,0,0,0,42,0,1
paced,319,0,506,220,0,150,-248,15.900614,2.786,150,-248,0,0,0,42,0,1
paced,320,0,677,220,0,150,1643,15.950695,2.715,150,1643,0,0,0,42,0,1
paced,321,0,318,220,0,150,409,16.000478,2.058,150,409,0,1,0,42,0,1
paced,322,0,191,220,0,150,327,16.050557,2.851,150,327,0,2,0,42,0,1
paced,323,0,242,220,0,150,1489,16.100476,3.002,150,1489,0,1,0,42,0,1
paced,324,0,411,220,0,150,754,16.150655,2.789,150,754,0,0,0,42,0,1
paced,325,0,253,220,0,150,-725,16.200574,3.086,150,-725,0,1,0,42,0,1
paced,326,0,235,220,0,150,-1251,16.250637,2.784,150,-1251,0,1,0,42,0,1
paced,327,0,781,220,0,150,1628,16.300673,2.691,150,1628,0,0,0,42,0,1
paced,328,0,233,220,0,150,2,16.350591,2.820,150,2,0,1,0,42,0,1
paced,329,0,396,220,0,150,1665,16.400220,2.241,150,1665,0,1,0,42,0,1
paced,330,0,541,220,0,150,1467,16.450361,4.103,150,1467,0,0,0,42,0,1
paced,331,0,593,220,0,150,-193,16.500245,2.243,150,-193,0,0,0,42,0,1
paced,332,0,318,220,0,150,-487,16.550303,3.046,150,-487,0,1,0,42,0,1
paced,333,0,598,220,0,150,-1303,16.600587,2.835,150,-1303,0,0,0,42,0,1
paced,334,0,787,220,0,150,178,16.650497,2.939,150,178,0,0,0,42,0,1
paced,335,0,367,220,0,150,-1332,16.700703,2.994,150,-1332,0,1,0,42,0,1
paced,336,0,591,220,0,150,640,16.750339,2.981,150,640,0,0,0,42,0,1
paced,337,0,696,220,0,150,-148,16.800163,2.247,150,-148,0,0,0,42,0,1
paced,338,0,270,220,0,150,885,16.850503,3.059,150,885,0,1,0,42,0,1
paced,339,0,452,220,0,150,-683,16.900576,2.781,150,-683,0,0,0,42,0,1
paced,340,0,404,220,0,150,-269,16.950296,3.165,150,-269,0,0,0,42,0,1
paced,341,0,722,220,0,150,-1804,17.000657,2.704,150,-1804,0,0,0,42,0,1
paced,342,0,344,220,0,150,344,17.050412,2.990,150,344,0,1,0,42,0,1
paced,343,0,599,220,0,150,551,17.100624,2.809,150,551,0,0,0,42,0,1
paced,344,0,171,220,0,150,-1694,17.150710,2.752,150,-1694,0,2,0,42,0,1
paced,345,0,792,220,0,150,660,17.200733,2.698,150,660,0,0,0,42,0,1
paced,346,0,398,220,0,150,1601,17.250474,2.889,150,1601,0,1,0,42,0,1
paced,347,0,416,220,0,150,-974,17.300588,4.529,150,-974,0,0,0,42,0,1
paced,348,0,327,220,0,150,-654,17.350501,2.916,150,-654,0,1,0,42,0,1
paced,349,0,301,220,0,150,401,17.400421,2.943,150,401,0,1,0,42,0,1
paced,350,0,355,220,0,150,-701,17.450563,3.192,150,-701,0,1,0,42,0,1
paced,351,0,468,220,0,150,579,17.500569,2.778,150,579,0,0,0,42,0,1
paced,352,0,406,220,0,150,1589,17.550409,2.950,150,1589,0,0,0,42,0,1
paced,353,0,607,220,0,150,1420,17.600410,2.920,150,1420,0,0,0,42,0,1
paced,354,0,322,220,0,150,413,17.650579,2.759,150,413,0,1,0,42,0,1
paced,355,0,515,220,0,150,190,17.700553,3.122,150,190,0,0,0,42,0,1
paced,356,0,580,220,0,150,1684,17.750649,3.132,150,1684,0,0,0,42,0,1
paced,357,0,274,220,0,150,1330,17.800523,3.011,150,1330,0,1,0,42,0,1
paced,358,0,363,220,0,150,516,17.850897,3.521,150,516,0,1,0,42,0,1
paced,359,0,542,220,0,150,-982,17.900166,2.174,150,-982,0,0,0,42,0,1
paced,360,0,440,220,0,150,1500,17.950677,2.674,150,1500,0,0,0,42,0,1
paced,361,0,260,220,0,150,1487,18.000576,4.578,150,1487,0,1,0,42,0,1
paced,362,0,174,220,0,150,-1337,18.050511,2.905,150,-1337,0,2,0,42,0,1
paced,363,0,732,220,0,150,1240,18.100827,2.523,150,1240,0,0,0,42,0,1
paced,364,0,163,220,0,150,413,18.150215,2.237,150,413,0,2,0,42,0,1
paced,365,0,453,220,0,150,940,18.200566,2.809,150,940,0,0,0,42,0,1
paced,366,0,289,220,0,150,-1513,18.250471,3.922,150,-1513,0,1,0,42,0,1
paced,367,0,662,220,0,150,-290,18.300151,2.434,150,-290,0,0,0,42,0,1
paced,368,0,736,220,0,150,1479,18.350509,3.182,150,1479,0,0,0,42,0,1
paced,369,0,468,220,0,150,-30,18.400595,3.000,150,-30,0,0,0,42,0,1
paced,370,0,665,220,0,150,954,18.450347,3.000,150,954,0,0,0,42,0,1
paced,371,0,515,220,0,150,1287,18.500546,2.762,150,1287,0,0,0,42,0,1
paced,372,0,691,220,0,150,-495,18.550649,2.800,150,-495,0,0,0,42,0,1
paced,373,0,150,220,0,150,-1313,18.600203,2.119,150,-1313,0,2,0,42,0,1
paced,374,0,602,220,0,150,1120,18.650184,2.146,150,1120,0,0,0,42,0,1
paced,375,0,610,220,0,150,-386,18.700476,2.878,150,-386,0,0,0,42,0,1
paced,376,0,462,220,0,150,388,18.750574,2.728,150,388,0,0,0,42,0,1
paced,377,0,558,220,0,150,-430,18.800711,2.623,150,-430,0,0,0,42,0,1
paced,378,0,735,220,0,150,196,18.850335,1.977,150,196,0,0,0,42,0,1
paced,379,0,265,220,0,150,832,18.900722,2.586,150,832,0,1,0,42,0,1
paced,380,0,536,220,0,150,-254,18.950278,3.036,150,-254,0,0,0,42,0,1
paced,381,0,358,220,0,150,461,19.000522,3.000,150,461,0,1,0,42,0,1
paced,382,0,153,220,0,150,-683,19.050682,2.655,150,-683,0,2,0,42,0,1
paced,383,0,800,220,0,150,630,19.100322,2.211,150,630,0,0,0,42,0,1
paced,384,0,673,220,0,150,-1006,19.150319,2.991,150,-1006,0,0,0,42,0,1
paced,385,0,622,220,0,150,641,19.200316,3.272,150,641,0,0,0,42,0,1
paced,386,0,679,220,0,150,-145,19.250208,3.571,150,-145,0,0,0,42,0,1
paced,387,0,462,220,0,150,1059,19.300205,3.108,150,1059,0,0,0,42,0,1
paced,388,0,324,220,0,150,20,19.350659,2.952,150,20,0,1,0,42,0,1
paced,389,0,784,220,0,150,919,19.400321,2.016,150,919,0,0,0,42,0,1
paced,390,0,693,220,0,150,-1012,19.450684,3.806,150,-1012,0,0,0,42,0,1
paced,391,0,518,220,0,150,335,19.500307,2.064,150,335,0,0,0,42,0,1
paced,392,0,153,220,0,150,959,19.550676,2.621,150,959,0,2,0,42,0,1
paced,393,0,548,220,0,150,553,19.600567,2.710,150,553,0,0,0,42,0,1
paced,394,0,586,220,0,150,-161,19.650281,3.085,150,-161,0,0,0,42,0,1
paced,395,0,494,220,0,150,1707,19.700534,2.796,150,1707,0,0,0,42,0,1
paced,396,0,786,220,0,150,573,19.750206,2.117,150,573,0,0,0,42,0,1
paced,397,0,219,220,0,150,198,19.800691,2.616,150,198,0,1,0,42,0,1
paced,398,0,403,220,0,150,802,19.850489,2.755,150,802,0,0,0,42,0,1
paced,399,0,447,220,0,150,759,19.900308,2.977,150,759,0,0,0,42,0,1
paced,400,0,171,220,0,150,-153,19.950214,2.057,150,-153,0,2,0,42,0,1
paced,401,0,794,220,0,150,-1181,20.000595,4.551,150,-1181,0,0,0,42,0,1
paced,402,0,798,220,0,150,1370,20.050549,2.694,150,1370,0,0,0,42,0,1
paced,403,0,556,220,0,150,1385,20.100683,2.577,150,1385,0,0,0,42,0,1
paced,404,0,426,220,0,150,1646,20.150691,2.647,150,1646,0,0,0,42,0,1
paced,405,0,332,220,0,150,1323,20.200364,2.924,150,1323,0,1,0,42,0,1
paced,406,0,225,220,0,150,1519,20.250257,3.078,150,1519,0,1,0,42,0,1
paced,407,0,769,220,0,150,-1779,20.300200,2.056,150,-1779,0,0,0,42,0,1
paced,408,0,507,220,0,150,-737,20.350536,2.792,150,-737,0,0,0,42,0,1
paced,409,0,571,220,0,150,1759,20.400377,2.874,150,1759,0,0,0,42,0,1
paced,410,0,707,220,0,150,-577,20.450641,2.655,150,-577,0,0,0,42,0,1
paced,411,0,305,220,0,150,72,20.500391,2.046,150,72,0,1,0,42,0,1
paced,412,0,415,220,0,150,164,20.550174,2.132,150,164,0,0,0,42,0,1
paced,413,0,323,220,0,150,93,20.600495,4.627,150,93,0,1,0,42,0,1
paced,414,0,672,220,0,150,-1635,20.650233,3.532,150,-1635,0,0,0,42,0,1
paced,415,0,427,220,0,150,270,20.700341,2.017,150,270,0,0,0,42,0,1
paced,416,0,250,220,0,150,1230,20.750386,3.119,150,1230,0,1,0,42,0,1
paced,417,0,754,220,0,150,-90,20.800192,2.721,150,-90,0,0,0,42,0,1
paced,418,0,221,220,0,150,-366,20.850506,3.068,150,-366,0,1,0,42,0,1
paced,419,0,218,220,0,150,870,20.900197,2.196,150,870,0,1,0,42,0,1
paced,420,0,603,220,0,150,-1740,20.950509,2.735,150,-1740,0,0,0,42,0,1
paced,421,0,318,220,0,150,257,21.000248,2.070,150,257,0,1,0,42,0,1
paced,422,0,315,220,0,150,1008,21.050170,2.163,150,1008,0,1,0,42,0,1
paced,423,0,245,220,0,150,-174,21.100530,2.851,150,-174,0,1,0,42,0,1
paced,424,0,432,220,0,150,658,21.150580,2.882,150,658,0,0,0,42,0,1
paced,425,0,461,220,0,150,-965,21.200802,2.548,150,-965,0,0,0,42,0,1
paced,426,0,690,220,0,150,-970,21.250276,1.986,150,-970,0,0,0,42,0,1
paced,427,0,392,220,0,150,1809,21.300166,2.245,150,1809,0,1,0,42,0,1
paced,428,0,491,220,0,150,-718,21.350393,3.121,150,-718,0,0,0,42,0,1
paced,429,0,220,220,0,150,-1514,21.400816,3.179,150,-1514,0,1,0,42,0,1
paced,430,0,685,220,0,150,878,21.450331,2.861,150,878,0,0,0,42,0,1
paced,431,0,527,220,0,150,96,21.500783,2.606,150,96,0,0,0,42,0,1
paced,432,0,673,220,0,150,464,21.550808,2.975,150,464,0,0,0,42,0,1
paced,433,0,200,220,0,150,-1130,21.600800,2.478,150,-1130,0,1,0,42,0,1
paced,434,0,454,220,0,150,854,21.650350,2.914,150,854,0,0,0,42,0,1
paced,435,0,719,220,0,150,-716,21.700595,2.659,150,-716,0,0,0,42,0,1
paced,436,0,514,220,0,150,677,21.750528,2.693,150,677,0,0,0,42,0,1
paced,437,0,387,220,0,150,-213,21.800177,3.086,150,-213,0,1,0,42,0,1
paced,438,0,724,220,0,150,-183,21.850768,2.566,150,-183,0,0,0,42,0,1
paced,439,0,326,220,0,150,160,21.900570,2.681,150,160,0,1,0,42,0,1
paced,440,0,415,220,0,150,1730,21.950477,4.577,150,1730,0,0,0,42,0,1
paced,441,0,775,220,0,150,-470,22.000314,3.066,150,-470,0,0,0,42,0,1
paced,442,0,377,220,0,150,-761,22.050600,3.076,150,-761,0,1,0,42,0,1
paced,443,0,774,220,0,150,1074,22.100496,4.029,150,1074,0,0,0,42,0,1
paced,444,0,400,220,0,150,1636,22.150803,2.488,150,1636,0,0,0,42,0,1
paced,445,0,181,220,0,150,1668,22.200794,2.414,150,1668,0,2,0,42,0,1
paced,446,0,787,220,0,150,-171,22.250163,3.192,150,-171,0,0,0,42,0,1
paced,447,0,474,220,0,150,-52,22.300284,1.984,150,-52,0,0,0,42,0,1
paced,448,0,404,220,0,150,1397,22.350170,2.315,150,1397,0,0,0,42,0,1
paced,449,0,425,220,0,150,-1043,22.400263,1.984,150,-1043,0,0,0,42,0,1
paced,450,0,224,220,0,150,743,22.450565,2.675,150,743,0,1,0,42,0,1
paced,451,0,319,220,0,150,1747,22.500578,2.854,150,1747,0,1,0,42,0,1
paced,452,0,743,220,0,150,-4,22.550598,2.657,150,-4,0,0,0,42,0,1
paced,453,0,745,220,0,150,1162,22.600439,2.805,150,1162,0,0,0,42,0,1
paced,454,0,301,220,0,150,663,22.650626,2.615,150,663,0,1,0,42,0,1
paced,455,0,418,220,0,150,61,22.700452,2.762,150,61,0,0,0,42,0,1
paced,456,0,689,220,0,150,-1155,22.750620,3.190,150,-1155,0,0,0,42,0,1
paced,457,0,291,220,0,150,1368,22.800569,2.651,150,1368,0,1,0,42,0,1
paced,458,0,291,220,0,150,1111,22.850230,3.001,150,1111,0,1,0,42,0,1
paced,459,0,601,220,0,150,-341,22.900578,2.966,150,-341,0,0,0,42,0,1
paced,460,0,467,220,0,150,1257,22.950595,2.672,150,1257,0,0,0,42,0,1
paced,461,0,560,220,0,150,-835,23.000590,2.676,150,-835,0,0,0,42,0,1
paced,462,0,268,220,0,150,1121,23.050576,3.189,150,1121,0,1,0,42,0,1
paced,463,0,361,220,0,150,1122,23.100592,2.722,150,1122,0,1,0,42,0,1
paced,464,0,462,220,0,150,-1541,23.150258,2.993,150,-1541,0,0,0,42,0,1
paced,465,0,258,220,0,150,-888,23.200588,2.628,150,-888,0,1,0,42,0,1
paced,466,0,556,220,0,150,-504,23.250791,2.401,150,-504,0,0,0,42,0,1
paced,467,0,654,220,0,150,-1411,23.300694,2.608,150,-1411,0,0,0,42,0,1
paced,468,0,341,220,0,150,-1636,23.350794,2.517,150,-1636,0,1,0,42,0,1
paced,469,0,206,220,0,150,1495,23.400895,2.341,150,1495,0,1,0,42,0,1
paced,470,0,761,220,0,150,-1725,23.450299,2.897,150,-1725,0,0,0,42,0,1
paced,471,0,371,220,0,150,978,23.500670,2.566,150,978,0,1,0,42,0,1
paced,472,0,185,220,0,150,205,23.550772,2.538,150,205,0,2,0,42,0,1
paced,473,0,691,220,0,150,1517,23.600571,3.918,150,1517,0,0,0,42,0,1
paced,474,0,777,220,0,150,-9,23.650785,2.432,150,-9,0,0,0,42,0,1
paced,475,0,500,220,0,150,895,23.700205,2.937,150,895,0,0,0,42,0,1
paced,476,0,431,220,0,150,-1337,23.750694,2.498,150,-1337,0,0,0,42,0,1
paced,477,0,777,220,0,150,1017,23.800731,2.764,150,1017,0,0,0,42,0,1
paced,478,0,326,220,0,150,-1430,23.850530,2.728,150,-1430,0,1,0,42,0,1
paced,479,0,377,220,0,150,-183,23.900863,2.300,150,-183,0,1,0,42,0,1
paced,480,0,388,220,0,150,207,23.950510,2.813,150,207,0,1,0,42,0,1
paced,481,0,610,220,0,150,-273,24.000175,2.133,150,-273,0,0,0,42,0,1
paced,482,0,322,220,0,150,-871,24.050519,2.700,150,-871,0,1,0,42,0,1
paced,483,0,391,220,0,150,1539,24.100679,3.271,150,1539,0,1,0,42,0,1
paced,484,0,440,220,0,150,74,24.150716,2.891,150,74,0,0,0,42,0,1
paced,485,0,710,220,0,150,555,24.200195,3.033,150,555,0,0,0,42,0,1
paced,486,0,548,220,0,150,-953,24.250581,2.637,150,-953,0,0,0,42,0,1
paced,487,0,612,220,0,150,1108,24.300560,2.624,150,1108,0,0,0,42,0,1
paced,488,0,414,220,0,150,-468,24.350555,2.598,150,-468,0,0,0,42,0,1
paced,489,0,658,220,0,150,611,24.400511,4.562,150,611,0,0,0,42,0,1
paced,490,0,263,220,0,150,-945,24.450319,2.824,150,-945,0,1,0,42,0,1
paced,491,0,230,220,0,150,-1631,24.500494,3.619,150,-1631,0,1,0,42,0,1
paced,492,0,165,220,0,150,1446,24.550490,2.699,150,1446,0,2,0,42,0,1
paced,493,0,155,220,0,150,1692,24.600769,2.366,150,1692,0,2,0,42,0,1
paced,494,0,641,220,0,150,-512,24.650513,2.665,150,-512,0,0,0,42,0,1
paced,495,0,542,220,0,150,1653,24.700275,3.011,150,1653,0,0,0,42,0,1
paced,496,0,744,220,0,150,-644,24.750565,2.569,150,-644,0,0,0,42,0,1
paced,497,0,350,220,0,150,-182,24.800330,2.834,150,-182,0,1,0,42,0,1
paced,498,0,313,220,0,150,1784,24.850367,3.071,150,1784,0,1,0,42,0,1
paced,499,0,305,220,0,150,1431,24.900521,2.641,150,1431,0,1,0,42,0,1
paced,500,0,181,220,0,150,-1758,24.950473,2.857,150,-1758,0,2,0,42,0,1
paced,501,0,546,220,0,150,-1226,25.000498,2.642,150,-1226,0,0,0,42,0,1
paced,502,0,705,220,0,150,-1587,25.050458,2.701,150,-1587,0,0,0,42,0,1
paced,503,0,728,220,0,150,-266,25.100746,2.390,150,-266,0,0,0,42,0,1
paced,504,0,410,220,0,150,-1288,25.150391,3.576,150,-1288,0,0,0,42,0,1
paced,505,0,231,220,0,150,75,25.200466,2.659,150,75,0,1,0,42,0,1
paced,506,0,460,220,0,150,-1761,25.250497,2.807,150,-1761,0,0,0,42,0,1
paced,507,0,186,220,0,150,379,25.301525,2.872,150,379,0,2,0,42,0,1
paced,508,0,212,220,0,150,330,25.350199,3.046,150,330,0,1,0,42,0,1
paced,509,0,282,220,0,150,-1645,25.400229,2.905,150,-1645,0,1,0,42,0,1
paced,510,0,430,220,0,150,1378,25.450241,2.925,150,1378,0,0,0,42,0,1
paced,511,0,270,220,0,150,-49,25.500660,2.641,150,-49,0,1,0,42,0,1
paced,512,0,243,220,0,150,-1042,25.550493,2.732,150,-1042,0,1,0,42,0,1
paced,513,0,178,220,0,150,226,25.600699,2.647,150,226,0,2,0,42,0,1
paced,514,0,283,220,0,150,1229,25.650497,2.610,150,1229,0,1,0,42,0,1
paced,515,0,435,220,0,150,993,25.700780,3.231,150,993,0,0,0,42,0,1
paced,516,0,346,220,0,150,895,25.750354,2.736,150,895,0,1,0,42,0,1
paced,517,0,608,220,0,150,-224,25.800419,2.753,150,-224,0,0,0,42,0,1
paced,518,0,487,220,0,150,764,25.850839,2.710,150,764,0,0,0,42,0,1
paced,519,0,424,220,0,150,-756,25.900462,2.721,150,-756,0,0,0,42,0,1
paced,520,0,800,220,0,150,-825,25.950636,2.504,150,-825,0,0,0,42,0,1
paced,521,0,401,220,0,150,-1574,26.000392,2.750,150,-1574,0,0,0,42,0,1
paced,522,0,752,220,0,150,1407,26.050434,3.019,150,1407,0,0,0,42,0,1
paced,523,0,754,220,0,150,-1103,26.100206,3.454,150,-1103,0,0,0,42,0,1
paced,524,0,508,220,0,150,-65,26.150217,2.951,150,-65,0,0,0,42,0,1
paced,525,0,769,220,0,150,1039,26.200297,3.076,150,1039,0,0,0,42,0,1
paced,526,0,723,220,0,150,794,26.250759,2.495,150,794,0,0,0,42,0,1
paced,527,0,684,220,0,150,-1571,26.300460,4.449,150,-1571,0,0,0,42,0,1
paced,528,0,511,220,0,150,420,26.350409,3.453,150,420,0,0,0,42,0,1
paced,529,0,572,220,0,150,384,26.400204,3.300,150,384,0,0,0,42,0,1
paced,530,0,354,220,0,150,1094,26.450397,2.837,150,1094,0,1,0,42,0,1
paced,531,0,699,220,0,150,-83,26.500705,2.418,150,-83,0,0,0,42,0,1
paced,532,0,221,220,0,150,1102,26.550793,3.347,150,1102,0,1,0,42,0,1
paced,533,0,423,220,0,150,1224,26.600685,2.466,150,1224,0,0,0,42,0,1
paced,534,0,775,220,0,150,1133,26.650790,2.329,150,1133,0,0,0,42,0,1
paced,535,0,224,220,0,150,-790,26.700197,1.966,150,-790,0,1,0,42,0,1
paced,536,0,331,220,0,150,-1425,26.750637,3.510,150,-1425,0,1,0,42,0,1
paced,537,0,304,220,0,150,-1580,26.800844,2.524,150,-1580,0,1,0,42,0,1
paced,538,0,358,220,0,150,1680,26.850847,3.941,150,1680,0,1,0,42,0,1
paced,539,0,588,220,0,150,1670,26.900293,2.834,150,1670,0,0,0,42,0,1
paced,540,0,195,220,0,150,-1604,26.950660,2.479,150,-1604,0,2,0,42,0,1
paced,541,0,243,220,0,150,1510,27.000655,2.466,150,1510,0,1,0,42,0,1
paced,542,0,675,220,0,150,101,27.050492,2.952,150,101,0,0,0,42,0,1
paced,543,0,663,220,0,150,-304,27.100599,3.731,150,-304,0,0,0,42,0,1
paced,544,0,251,220,0,150,-540,27.150344,3.108,150,-540,0,1,0,42,0,1
paced,545,0,191,220,0,150,-1302,27.200583,2.594,150,-1302,0,2,0,42,0,1
paced,546,0,694,220,0,150,-1685,27.250747,3.431,150,-1685,0,0,0,42,0,1
paced,547,0,603,220,0,150,900,27.300223,1.964,150,900,0,0,0,42,0,1
paced,548,0,281,220,0,150,-202,27.350593,4.243,150,-202,0,1,0,42,0,1
paced,549,0,606,220,0,150,-1720,27.400770,2.414,150,-1720,0,0,0,42,0,1
paced,550,0,687,220,0,150,-715,27.450154,1.940,150,-715,0,0,0,42,0,1
paced,551,0,242,220,0,150,-796,27.500201,3.164,150,-796,0,1,0,42,0,1
paced,552,0,483,220,0,150,-1469,27.550628,2.521,150,-1469,0,0,0,42,0,1
paced,553,0,459,220,0,150,-1680,27.600814,3.205,150,-1680,0,0,0,42,0,1
paced,554,0,543,220,0,150,-1582,27.650823,3.698,150,-1582,0,0,0,42,0,1
paced,555,0,417,220,0,150,-538,27.700687,2.406,150,-538,0,0,0,42,0,1
paced,556,0,283,220,0,150,-754,27.750155,2.030,150,-754,0,1,0,42,0,1
paced,557,0,539,220,0,150,1485,27.800568,2.579,150,1485,0,0,0,42,0,1
paced,558,0,269,220,0,150,1685,27.850749,2.362,150,1685,0,1,0,42,0,1
paced,559,0,461,220,0,150,-1435,27.900518,2.564,150,-1435,0,0,0,42,0,1
paced,560,0,585,220,0,150,1626,27.950521,2.560,150,1626,0,0,0,42,0,1
paced,561,0,401,220,0,150,239,28.000728,2.550,150,239,0,0,0,42,0,1
paced,562,0,720,220,0,150,-979,28.050816,2.268,150,-979,0,0,0,42,0,1
paced,563,0,488,220,0,150,-433,28.100720,2.340,150,-433,0,0,0,42,0,1
paced,564,0,671,220,0,150,1389,28.150368,2.678,150,1389,0,0,0,42,0,1
paced,565,0,550,220,0,150,572,28.200423,3.821,150,572,0,0,0,42,0,1
paced,566,0,642,220,0,150,-1392,28.250250,3.371,150,-1392,0,0,0,42,0,1
paced,567,0,282,220,0,150,852,28.300506,2.580,150,852,0,1,0,42,0,1
paced,568,0,609,220,0,150,325,28.350180,1.906,150,325,0,0,0,42,0,1
paced,569,0,722,220,0,150,1126,28.400435,2.718,150,1126,0,0,0,42,0,1
paced,570,0,745,220,0,150,1052,28.450330,2.736,150,1052,0,0,0,42,0,1
paced,571,0,682,220,0,150,373,28.500225,2.833,150,373,0,0,0,42,0,1
paced,572,0,180,220,0,150,1586,28.550638,3.515,150,1586,0,2,0,42,0,1
paced,573,0,448,220,0,150,1224,28.600506,2.596,150,1224,0,0,0,42,0,1
paced,574,0,310,220,0,150,-1001,28.650722,2.331,150,-1001,0,1,0,42,0,1
paced,575,0,529,220,0,150,-226,28.700149,2.888,150,-226,0,0,0,42,0,1
paced,576,0,683,220,0,150,-492,28.750777,3.388,150,-492,0,0,0,42,0,1
paced,577,0,249,220,0,150,-143,28.800779,4.542,150,-143,0,1,0,42,0,1
paced,578,0,503,220,0,150,-1303,28.850637,2.391,150,-1303,0,0,0,42,0,1
paced,579,0,738,220,0,150,-1555,28.900680,4.932,150,-1555,0,0,0,42,0,1
paced,580,0,194,220,0,150,-590,28.950280,3.006,150,-590,0,2,0,42,0,1
paced,581,0,696,220,0,150,-536,29.000720,2.331,150,-536,0,0,0,42,0,1
paced,582,0,577,220,0,150,-599,29.050296,2.757,150,-599,0,0,0,42,0,1
paced,583,0,476,220,0,150,-376,29.100807,2.258,150,-376,0,0,0,42,0,1
paced,584,0,429,220,0,150,-488,29.150564,2.495,150,-488,0,0,0,42,0,1
paced,585,0,682,220,0,150,232,29.200728,2.290,150,232,0,0,0,42,0,1
paced,586,0,158,220,0,150,335,29.250541,2.934,150,335,0,2,0,42,0,1
paced,587,0,274,220,0,150,-1211,29.300289,2.803,150,-1211,0,1,0,42,0,1
paced,588,0,474,220,0,150,1156,29.350596,3.094,150,1156,0,0,0,42,0,1
paced,589,0,483,220,0,150,1394,29.400425,2.883,150,1394,0,0,0,42,0,1
paced,590,0,485,220,0,150,527,29.450538,2.898,150,527,0,0,0,42,0,1
paced,591,0,220,220,0,150,30,29.500697,3.308,150,30,0,1,0,42,0,1
paced,592,0,436,220,0,150,144,29.550169,2.893,150,144,0,0,0,42,0,1
paced,593,0,615,220,0,150,-329,29.600738,2.288,150,-329,0,0,0,42,0,1
paced,594,0,539,220,0,150,1520,29.650709,2.301,150,1520,0,0,0,42,0,1
paced,595,0,230,220,0,150,551,29.700567,2.634,150,551,0,1,0,42,0,1
paced,596,0,207,220,0,150,-1269,29.750666,2.746,150,-1269,0,1,0,42,0,1
paced,597,0,199,220,0,150,325,29.800652,2.481,150,325,0,2,0,42,0,1
paced,598,0,653,220,0,150,537,29.850517,2.568,150,537,0,0,0,42,0,1
paced,599,0,407,220,0,150,1391,29.900652,2.524,150,1391,0,0,0,42,0,1
paced,600,0,401,220,0,150,1059,29.950686,3.301,150,1059,0,0,0,42,0,1
paced,601,0,737,220,0,150,1238,30.000354,2.702,150,1238,0,0,0,42,0,1
paced,602,0,496,220,0,150,-339,30.050160,2.861,150,-339,0,0,0,42,0,1
paced,603,0,529,220,0,150,-172,30.100665,3.293,150,-172,0,0,0,42,0,1
paced,604,0,464,220,0,150,82,30.150733,2.365,150,82,0,0,0,42,0,1
paced,605,0,762,220,0,150,-426,30.200565,2.448,150,-426,0,0,0,42,0,1
paced,606,0,694,220,0,150,258,30.250778,2.255,150,258,0,0,0,42,0,1
paced,607,0,321,220,0,150,-1701,30.300278,2.721,150,-1701,0,1,0,42,0,1
paced,608,0,301,220,0,150,-796,30.350711,2.569,150,-796,0,1,0,42,0,1
paced,609,0,376,220,0,150,485,30.400328,2.700,150,485,0,1,0,42,0,1
paced,610,0,286,220,0,150,-1359,30.450387,2.622,150,-1359,0,1,0,42,0,1
paced,611,0,339,220,0,150,1318,30.500898,2.123,150,1318,0,1,0,42,0,1
paced,612,0,570,220,0,150,1161,30.550286,2.905,150,1161,0,0,0,42,0,1
paced,613,0,784,220,0,150,-1615,30.600802,3.982,150,-1615,0,0,0,42,0,1
paced,614,0,251,220,0,150,415,30.650561,4.374,150,415,0,1,0,42,0,1
paced,615,0,422,220,0,150,1107,30.700266,2.790,150,1107,0,0,0,42,0,1
paced,616,0,259,220,0,150,-984,30.750254,3.086,150,-984,0,1,0,42,0,1
paced,617,0,417,220,0,150,-1547,30.800317,2.729,150,-1547,0,0,0,42,0,1
paced,618,0,797,220,0,150,519,30.850288,3.161,150,519,0,0,0,42,0,1
paced,619,0,689,220,0,150,805,30.900512,2.611,150,805,0,0,0,42,0,1
paced,620,0,230,220,0,150,1682,30.950341,2.972,150,1682,0,1,0,42,0,1
paced,621,0,224,220,0,150,1433,31.000616,2.381,150,1433,0,1,0,42,0,1
paced,622,0,372,220,0,150,814,31.050315,2.687,150,814,0,1,0,42,0,1
paced,623,0,327,220,0,150,275,31.100769,2.524,150,275,0,1,0,42,0,1
paced,624,0,592,220,0,150,-1731,31.150634,2.342,150,-1731,0,0,0,42,0,1
paced,625,0,754,220,0,150,-313,31.200416,2.877,150,-313,0,0,0,42,0,1
paced,626,0,648,220,0,150,1089,31.250594,2.401,150,1089,0,0,0,42,0,1
paced,627,0,440,220,0,150,-920,31.300420,2.823,150,-920,0,0,0,42,0,1
paced,628,0,355,220,0,150,629,31.350504,3.186,150,629,0,1,0,42,0,1
paced,629,0,655,220,0,150,1725,31.400785,2.198,150,1725,0,0,0,42,0,1
paced,630,0,390,220,0,150,-78,31.450560,2.731,150,-78,0,1,0,42,0,1
paced,631,0,613,220,0,150,947,31.500859,3.302,150,947,0,0,0,42,0,1
paced,632,0,525,220,0,150,410,31.550162,1.840,150,410,0,0,0,42,0,1
paced,633,0,343,220,0,150,1449,31.600262,2.690,150,1449,0,1,0,42,0,1
paced,634,0,643,220,0,150,1152,31.650647,2.295,150,1152,0,0,0,42,0,1
paced,635,0,224,220,0,150,1514,31.700636,2.362,150,1514,0,1,0,42,0,1
paced,636,0,412,220,0,150,-152,31.750646,2.287,150,-152,0,0,0,42,0,1
paced,637,0,356,220,0,150,-1787,31.800166,2.755,150,-1787,0,1,0,42,0,1
paced,638,0,694,220,0,150,1335,31.850792,3.549,150,1335,0,0,0,42,0,1
paced,639,0,539,220,0,150,286,31.900397,2.557,150,286,0,0,0,42,0,1
paced,640,0,648,220,0,150,-1508,31.950733,3.146,150,-1508,0,0,0,42,0,1
paced,641,0,563,220,0,150,702,32.000659,3.248,150,702,0,0,0,42,0,1
paced,642,0,672,220,0,150,1441,32.050219,2.819,150,1441,0,0,0,42,0,1
paced,643,0,742,220,0,150,574,32.100462,2.668,150,574,0,0,0,42,0,1
paced,644,0,585,220,0,150,-1656,32.150657,2.343,150,-1656,0,0,0,42,0,1
paced,645,0,510,220,0,150,1666,32.200779,3.250,150,1666,0,0,0,42,0,1
paced,646,0,619,220,0,150,-1794,32.250362,2.606,150,-1794,0,0,0,42,0,1
paced,647,0,344,220,0,150,-594,32.300596,3.388,150,-594,0,1,0,42,0,1
paced,648,0,155,220,0,150,395,32.350804,3.672,150,395,0,2,0,42,0,1
paced,649,0,272,220,0,150,1546,32.400181,2.789,150,1546,0,1,0,42,0,1
paced,650,0,459,220,0,150,279,32.450396,3.656,150,279,0,0,0,42,0,1
paced,651,0,473,220,0,150,1360,32.500774,2.191,150,1360,0,0,0,42,0,1
paced,652,0,706,220,0,150,822,32.550728,2.740,150,822,0,0,0,42,0,1
paced,653,0,735,220,0,150,438,32.600630,2.804,150,438,0,0,0,42,0,1
paced,654,0,439,220,0,150,332,32.650673,4.514,150,332,0,0,0,42,0,1
paced,655,0,571,220,0,150,400,32.700809,3.946,150,400,0,0,0,42,0,1
paced,656,0,680,220,0,150,-148,32.750631,2.486,150,-148,0,0,0,42,0,1
paced,657,0,767,220,0,150,760,32.800584,2.340,150,760,0,0,0,42,0,1
paced,658,0,745,220,0,150,-560,32.850626,2.369,150,-560,0,0,0,42,0,1
paced,659,0,613,220,0,150,-584,32.900666,2.281,150,-584,0,0,0,42,0,1
paced,660,0,284,220,0,150,253,32.950624,3.337,150,253,0,1,0,42,0,1
paced,661,0,604,220,0,150,581,33.000526,2.380,150,581,0,0,0,42,0,1
paced,662,0,293,220,0,150,432,33.050580,2.597,150,432,0,1,0,42,0,1
paced,663,0,316,220,0,150,-785,33.100241,2.805,150,-785,0,1,0,42,0,1
paced,664,0,159,220,0,150,-83,33.150645,2.358,150,-83,0,2,0,42,0,1
paced,665,0,729,220,0,150,-1672,33.200322,2.655,150,-1672,0,0,0,42,0,1
paced,666,0,527,220,0,150,-97,33.250618,2.352,150,-97,0,0,0,42,0,1
paced,667,0,561,220,0,150,-667,33.300166,2.739,150,-667,0,0,0,42,0,1
paced,668,0,168,220,0,150,-1450,33.350183,2.748,150,-1450,0,2,0,42,0,1
paced,669,0,242,220,0,150,1646,33.400553,2.382,150,1646,0,1,0,42,0,1
paced,670,0,154,220,0,150,-250,33.450603,2.426,150,-250,0,2,0,42,0,1
paced,671,0,425,220,0,150,82,33.500475,2.423,150,82,0,0,0,42,0,1
paced,672,0,428,220,0,150,1440,33.550378,2.608,150,1440,0,0,0,42,0,1
paced,673,0,531,220,0,150,784,33.600861,3.026,150,784,0,0,0,42,0,1
paced,674,0,642,220,0,150,1328,33.650550,2.384,150,1328,0,0,0,42,0,1
paced,675,0,494,220,0,150,-229,33.700585,2.334,150,-229,0,0,0,42,0,1
paced,676,0,617,220,0,150,1471,33.750811,3.117,150,1471,0,0,0,42,0,1
paced,677,0,269,220,0,150,161,33.800652,2.507,150,161,0,1,0,42,0,1
paced,678,0,513,220,0,150,-1228,33.850579,3.786,150,-1228,0,0,0,42,0,1
paced,679,0,575,220,0,150,-1213,33.900625,4.736,150,-1213,0,0,0,42,0,1
paced,680,0,168,220,0,150,-1116,33.950654,3.237,150,-1116,0,2,0,42,0,1
paced,681,0,416,220,0,150,-314,34.000552,2.667,150,-314,0,0,0,42,0,1
paced,682,0,280,220,0,150,594,34.050411,2.529,150,594,0,1,0,42,0,1
paced,683,0,444,220,0,150,-129,34.100589,2.320,150,-129,0,0,0,42,0,1
paced,684,0,414,220,0,150,284,34.150549,2.420,150,284,0,0,0,42,0,1
paced,685,0,444,220,0,150,1209,34.200550,3.277,150,1209,0,0,0,42,0,1
paced,686,0,580,220,0,150,1011,34.250491,2.421,150,1011,0,0,0,42,0,1
paced,687,0,430,220,0,150,-45,34.300781,3.572,150,-45,0,0,0,42,0,1
paced,688,0,493,220,0,150,1362,34.350444,4.044,150,1362,0,0,0,42,0,1
paced,689,0,647,220,0,150,-938,34.400659,2.470,150,-938,0,0,0,42,0,1
paced,690,0,653,220,0,150,-174,34.450567,2.451,150,-174,0,0,0,42,0,1
paced,691,0,585,220,0,150,-1446,34.500853,3.147,150,-1446,0,0,0,42,0,1
paced,692,0,215,220,0,150,-1290,34.550203,2.751,150,-1290,0,1,0,42,0,1
paced,693,0,361,220,0,150,-1208,34.600592,2.308,150,-1208,0,1,0,42,0,1
paced,694,0,384,220,0,150,1170,34.650643,2.228,150,1170,0,1,0,42,0,1
paced,695,0,176,220,0,150,-1398,34.700682,2.336,150,-1398,0,2,0,42,0,1
paced,696,0,409,220,0,150,-1183,34.750566,3.291,150,-1183,0,0,0,42,0,1
paced,697,0,641,220,0,150,1353,34.800279,2.664,150,1353,0,0,0,42,0,1
paced,698,0,251,220,0,150,-186,34.850448,2.437,150,-186,0,1,0,42,0,1
paced,699,0,341,220,0,150,1597,34.900358,2.692,150,1597,0,1,0,42,0,1
paced,700,0,153,220,0,150,-1455,34.950646,3.660,150,-1455,0,2,0,42,0,1
paced,701,0,587,220,0,150,686,35.000296,2.577,150,686,0,0,0,42,0,1
paced,702,0,202,220,0,150,431,35.050493,2.400,150,431,0,1,0,42,0,1
paced,703,0,373,220,0,150,369,35.100731,3.074,150,369,0,1,0,42,0,1
paced,704,0,582,220,0,150,-400,35.150559,3.687,150,-400,0,0,0,42,0,1
paced,705,0,198,220,0,150,848,35.200691,4.129,150,848,0,2,0,42,0,1
paced,706,0,255,220,0,150,1188,35.250693,2.183,150,1188,0,1,0,42,0,1
paced,707,0,716,220,0,150,961,35.300417,2.468,150,961,0,0,0,42,0,1
paced,708,0,579,220,0,150,1599,35.350672,3.237,150,1599,0,0,0,42,0,1
paced,709,0,271,220,0,150,-734,35.400613,3.206,150,-734,0,1,0,42,0,1
paced,710,0,435,220,0,150,-1087,35.450156,2.755,150,-1087,0,0,0,42,0,1
paced,711,0,641,220,0,150,1477,35.500537,2.448,150,1477,0,0,0,42,0,1
paced,712,0,198,220,0,150,1401,35.550263,2.746,150,1401,0,2,0,42,0,1
paced,713,0,369,220,0,150,952,35.600566,2.391,150,952,0,1,0,42,0,1
paced,714,0,239,220,0,150,1728,35.650545,2.303,150,1728,0,1,0,42,0,1
paced,715,0,549,220,0,150,-1313,35.700664,3.189,150,-1313,0,0,0,42,0,1
paced,716,0,608,220,0,150,-615,35.750468,2.372,150,-615,0,0,0,42,0,1
paced,717,0,670,220,0,150,219,35.800955,2.007,150,219,0,0,0,42,0,1
paced,718,0,552,220,0,150,-1345,35.850170,2.792,150,-1345,0,0,0,42,0,1
paced,719,0,770,220,0,150,1677,35.900408,2.455,150,1677,0,0,0,42,0,1
paced,720,0,640,220,0,150,-1387,35.950646,2.221,150,-1387,0,0,0,42,0,1
paced,721,0,302,220,0,150,-238,36.000514,4.554,150,-238,0,1,0,42,0,1
paced,722,0,778,220,0,150,1056,36.050688,4.271,150,1056,0,0,0,42,0,1
paced,723,0,356,220,0,150,-1136,36.100225,2.787,150,-1136,0,1,0,42,0,1
paced,724,0,683,220,0,150,-765,36.150613,4.181,150,-765,0,0,0,42,0,1
paced,725,0,576,220,0,150,1224,36.200507,2.327,150,1224,0,0,0,42,0,1
paced,726,0,699,220,0,150,-638,36.250628,3.231,150,-638,0,0,0,42,0,1
paced,727,0,654,220,0,150,775,36.300239,2.640,150,775,0,0,0,42,0,1
paced,728,0,707,220,0,150,-941,36.350304,2.656,150,-941,0,0,0,42,0,1
paced,729,0,788,220,0,150,-440,36.400698,3.955,150,-440,0,0,0,42,0,1
paced,730,0,647,220,0,150,-1399,36.450451,3.370,150,-1399,0,0,0,42,0,1
paced,731,0,158,220,0,150,1283,36.500664,3.209,150,1283,0,2,0,42,0,1
paced,732,0,505,220,0,150,1805,36.550588,2.333,150,1805,0,0,0,42,0,1
paced,733,0,423,220,0,150,-1589,36.600422,2.414,150,-1589,0,0,0,42,0,1
paced,734,0,703,220,0,150,741,36.650242,2.606,150,741,0,0,0,42,0,1
paced,735,0,600,220,0,150,-592,36.700519,3.323,150,-592,0,0,0,42,0,1
paced,736,0,253,220,0,150,-884,36.750215,2.592,150,-884,0,1,0,42,0,1
paced,737,0,670,220,0,150,-696,36.800627,2.201,150,-696,0,0,0,42,0,1
paced,738,0,426,220,0,150,1072,36.850668,3.184,150,1072,0,0,0,42,0,1
paced,739,0,402,220,0,150,-134,36.900217,2.646,150,-134,0,0,0,42,0,1
paced,740,0,301,220,0,150,-1287,36.950553,2.841,150,-1287,0,1,0,42,0,1
paced,741,0,412,220,0,150,-1021,37.000480,2.358,150,-1021,0,0,0,42,0,1
paced,742,0,567,220,0,150,477,37.050645,3.164,150,477,0,0,0,42,0,1
paced,743,0,795,220,0,150,631,37.100321,2.536,150,631,0,0,0,42,0,1
paced,744,0,209,220,0,150,362,37.150523,2.389,150,362,0,1,0,42,0,1
paced,745,0,773,220,0,150,266,37.200586,2.331,150,266,0,0,0,42,0,1
paced,746,0,302,220,0,150,-126,37.250242,2.643,150,-126,0,1,0,42,0,1
paced,747,0,426,220,0,150,-674,37.300641,2.162,150,-674,0,0,0,42,0,1
paced,748,0,641,220,0,150,1028,37.350665,2.146,150,1028,0,0,0,42,0,1
paced,749,0,463,220,0,150,-727,37.400735,2.981,150,-727,0,0,0,42,0,1
paced,750,0,653,220,0,150,-942,37.450261,2.541,150,-942,0,0,0,42,0,1
paced,751,0,660,220,0,150,-314,37.500397,2.466,150,-314,0,0,0,42,0,1
paced,752,0,763,220,0,150,107,37.550857,2.932,150,107,0,0,0,42,0,1
paced,753,0,397,220,0,150,-434,37.600277,2.618,150,-434,0,1,0,42,0,1
paced,754,0,330,220,0,150,661,37.650618,2.193,150,661,0,1,0,42,0,1
paced,755,0,335,220,0,150,1207,37.700482,2.347,150,1207,0,1,0,42,0,1
paced,756,0,744,220,0,150,1023,37.750505,3.327,150,1023,0,0,0,42,0,1
paced,757,0,611,220,0,150,370,37.800669,2.127,150,370,0,0,0,42,0,1
paced,758,0,303,220,0,150,-1582,37.850576,3.623,150,-1582,0,1,0,42,0,1
paced,759,0,666,220,0,150,-485,37.900393,2.436,150,-485,0,0,0,42,0,1
paced,760,0,691,220,0,150,1006,37.950463,2.293,150,1006,0,0,0,42,0,1
paced,761,0,288,220,0,150,822,38.000745,3.722,150,822,0,1,0,42,0,1
paced,762,0,368,220,0,150,-529,38.050371,2.458,150,-529,0,1,0,42,0,1
paced,763,0,787,220,0,150,202,38.100692,2.133,150,202,0,0,0,42,0,1
paced,764,0,641,220,0,150,-469,38.150445,2.440,150,-469,0,0,0,42,0,1
paced,765,0,271,220,0,150,-1297,38.200249,2.918,150,-1297,0,1,0,42,0,1
paced,766,0,293,220,0,150,1040,38.250714,2.493,150,1040,0,1,0,42,0,1
paced,767,0,412,220,0,150,-899,38.300208,2.610,150,-899,0,0,0,42,0,1
paced,768,0,240,220,0,150,782,38.350280,2.537,150,782,0,1,0,42,0,1
paced,769,0,701,220,0,150,1575,38.400617,4.034,150,1575,0,0,0,42,0,1
paced,770,0,201,220,0,150,486,38.450498,3.200,150,486,0,1,0,42,0,1
paced,771,0,326,220,0,150,984,38.500361,2.422,150,984,0,1,0,42,0,1
paced,772,0,268,220,0,150,-894,38.550541,3.223,150,-894,0,1,0,42,0,1
paced,773,0,726,220,0,150,-1004,38.600572,4.346,150,-1004,0,0,0,42,0,1
paced,774,0,665,220,0,150,504,38.650523,2.255,150,504,0,0,0,42,0,1
paced,775,0,465,220,0,150,-91,38.700256,2.559,150,-91,0,0,0,42,0,1
paced,776,0,485,220,0,150,-1803,38.750720,2.222,150,-1803,0,0,0,42,0,1
paced,777,0,170,220,0,150,1545,38.800602,2.149,150,1545,0,2,0,42,0,1
paced,778,0,462,220,0,150,1547,38.850289,2.934,150,1547,0,0,0,42,0,1
paced,779,0,780,220,0,150,-918,38.900340,2.524,150,-918,0,0,0,42,0,1
paced,780,0,236,220,0,150,1223,38.950604,3.128,150,1223,0,1,0,42,0,1
paced,781,0,379,220,0,150,-673,39.000169,2.656,150,-673,0,1,0,42,0,1
paced,782,0,790,220,0,150,1707,39.050447,2.486,150,1707,0,0,0,42,0,1
paced,783,0,499,220,0,150,-718,39.100562,2.266,150,-718,0,0,0,42,0,1
paced,784,0,765,220,0,150,1124,39.150423,4.024,150,1124,0,0,0,42,0,1
paced,785,0,680,220,0,150,-267,39.200515,2.363,150,-267,0,0,0,42,0,1
paced,786,0,173,220,0,150,-1322,39.250645,3.117,150,-1322,0,2,0,42,0,1
paced,787,0,487,220,0,150,-399,39.300440,2.574,150,-399,0,0,0,42,0,1
paced,788,0,292,220,0,150,-1356,39.350607,3.992,150,-1356,0,1,0,42,0,1
paced,789,0,406,220,0,150,1333,39.400260,2.537,150,1333,0,0,0,42,0,1
paced,790,0,296,220,0,150,970,39.450275,2.503,150,970,0,1,0,42,0,1
paced,791,0,737,220,0,150,-1652,39.500627,4.145,150,-1652,0,0,0,42,0,1
paced,792,0,505,220,0,150,-1504,39.550696,3.084,150,-1504,0,0,0,42,0,1
paced,793,0,244,220,0,150,1149,39.600596,3.113,150,1149,0,1,0,42,0,1
paced,794,0,255,220,0,150,-592,39.650629,2.147,150,-592,0,1,0,42,0,1
paced,795,0,474,220,0,150,-801,39.700288,2.954,150,-801,0,0,0,42,0,1
paced,796,0,425,220,0,150,349,39.750672,4.139,150,349,0,0,0,42,0,1
paced,797,0,200,220,0,150,-339,39.800654,4.060,150,-339,0,1,0,42,0,1
paced,798,0,181,220,0,150,-1500,39.850647,3.557,150,-1500,0,2,0,42,0,1
paced,799,0,292,220,0,150,-185,39.900171,2.651,150,-185,0,1,0,42,0,1
paced,800,0,530,220,0,150,1129,39.950349,3.345,150,1129,0,0,0,42,0,1
paced,801,0,397,220,0,150,-1436,40.000587,3.153,150,-1436,0,1,0,42,0,1
paced,802,0,486,220,0,150,-700,40.050640,2.104,150,-700,0,0,0,42,0,1
paced,803,0,158,220,0,150,290,40.100581,3.457,150,290,0,2,0,42,0,1
paced,804,0,479,220,0,150,-1361,40.150304,2.896,150,-1361,0,0,0,42,0,1
paced,805,0,510,220,0,150,1471,40.200296,2.526,150,1471,0,0,0,42,0,1
paced,806,0,278,220,0,150,662,40.250508,3.875,150,662,0,1,0,42,0,1
paced,807,0,427,220,0,150,-161,40.300549,3.228,150,-161,0,0,0,42,0,1
paced,808,0,243,220,0,150,961,40.350649,2.060,150,961,0,1,0,42,0,1
paced,809,0,740,220,0,150,722,40.400295,2.536,150,722,0,0,0,42,0,1
paced,810,0,690,220,0,150,127,40.450476,4.160,150,127,0,0,0,42,0,1
paced,811,0,727,220,0,150,-105,40.500553,3.168,150,-105,0,0,0,42,0,1
paced,812,0,698,220,0,150,-208,40.550288,2.386,150,-208,0,0,0,42,0,1
paced,813,0,458,220,0,150,-922,40.600352,2.517,150,-922,0,0,0,42,0,1
paced,814,0,797,220,0,150,-581,40.650596,3.507,150,-581,0,0,0,42,0,1
paced,815,0,712,220,0,150,-1275,40.700598,3.989,150,-1275,0,0,0,42,0,1
paced,816,0,205,220,0,150,637,40.750638,3.131,150,637,0,1,0,42,0,1
paced,817,0,670,220,0,150,-1370,40.800632,2.098,150,-1370,0,0,0,42,0,1
paced,818,0,329,220,0,150,-835,40.850204,2.728,150,-835,0,1,0,42,0,1
paced,819,0,370,220,0,150,-40,40.900170,2.708,150,-40,0,1,0,42,0,1
paced,820,0,431,220,0,150,416,40.950381,2.672,150,416,0,0,0,42,0,1
paced,821,0,170,220,0,150,-795,41.000581,4.109,150,-795,0,2,0,42,0,1
paced,822,0,701,220,0,150,-711,41.050590,3.540,150,-711,0,0,0,42,0,1
paced,823,0,692,220,0,150,-748,41.100226,2.589,150,-748,0,0,0,42,0,1
paced,824,0,634,220,0,150,-1304,41.150663,2.106,150,-1304,0,0,0,42,0,1
paced,825,0,562,220,0,150,1083,41.200214,2.683,150,1083,0,0,0,42,0,1
paced,826,0,256,220,0,150,1231,41.250315,2.472,150,1231,0,1,0,42,0,1
paced,827,0,532,220,0,150,-1538,41.300296,3.475,150,-1538,0,0,0,42,0,1
paced,828,0,707,220,0,150,-333,41.350606,3.482,150,-333,0,0,0,42,0,1
paced,829,0,707,220,0,150,455,41.400259,2.461,150,455,0,0,0,42,0,1
paced,830,0,669,220,0,150,984,41.450515,3.597,150,984,0,0,0,42,0,1
paced,831,0,744,220,0,150,-1696,41.500467,3.174,150,-1696,0,0,0,42,0,1
paced,832,0,783,220,0,150,-558,41.550649,3.023,150,-558,0,0,0,42,0,1
paced,833,0,606,220,0,150,975,41.600856,2.807,150,975,0,0,0,42,0,1
paced,834,0,285,220,0,150,-1182,41.650199,2.545,150,-1182,0,1,0,42,0,1
paced,835,0,226,220,0,150,552,41.700193,2.550,150,552,0,1,0,42,0,1
paced,836,0,295,220,0,150,951,41.750274,3.956,150,951,0,1,0,42,0,1
paced,837,0,371,220,0,150,162,41.800656,2.995,150,162,0,1,0,42,0,1
paced,838,0,493,220,0,150,-325,41.850179,2.479,150,-325,0,0,0,42,0,1
paced,839,0,449,220,0,150,-1166,41.900282,2.398,150,-1166,0,0,0,42,0,1
paced,840,0,309,220,0,150,1657,41.950202,2.501,150,1657,0,1,0,42,0,1
paced,841,0,540,220,0,150,1592,42.000589,3.097,150,1592,0,0,0,42,0,1
paced,842,0,600,220,0,150,-159,42.050619,3.121,150,-159,0,0,0,42,0,1
paced,843,0,270,220,0,150,641,42.100209,2.489,150,641,0,1,0,42,0,1
paced,844,0,298,220,0,150,-716,42.150524,2.212,150,-716,0,1,0,42,0,1
paced,845,0,452,220,0,150,911,42.200517,3.120,150,911,0,0,0,42,0,1
paced,846,0,768,220,0,150,-1787,42.250615,3.122,150,-1787,0,0,0,42,0,1
paced,847,0,700,220,0,150,-1781,42.300624,3.068,150,-1781,0,0,0,42,0,1
paced,848,0,285,220,0,150,-266,42.350360,2.324,150,-266,0,1,0,42,0,1
paced,849,0,725,220,0,150,1795,42.400233,2.607,150,1795,0,0,0,42,0,1
paced,850,0,253,220,0,150,62,42.450613,2.111,150,62,0,1,0,42,0,1
paced,851,0,181,220,0,150,1371,42.500220,2.460,150,1371,0,2,0,42,0,1
paced,852,0,592,220,0,150,631,42.550655,2.975,150,631,0,0,0,42,0,1
paced,853,0,582,220,0,150,-690,42.600257,2.793,150,-690,0,0,0,42,0,1
paced,854,0,529,220,0,150,-148,42.650155,2.586,150,-148,0,0,0,42,0,1
paced,855,0,565,220,0,150,661,42.700203,2.497,150,661,0,0,0,42,0,1
paced,856,0,623,220,0,150,-1602,42.750655,2.969,150,-1602,0,0,0,42,0,1
paced,857,0,251,220,0,150,108,42.800561,2.132,150,108,0,1,0,42,0,1
paced,858,0,188,220,0,150,826,42.850551,3.350,150,826,0,2,0,42,0,1
paced,859,0,150,220,0,150,1506,42.900736,2.878,150,1506,0,2,0,42,0,1
paced,860,0,193,220,0,150,1586,42.950244,2.480,150,1586,0,2,0,42,0,1
paced,861,0,263,220,0,150,585,43.000472,3.187,150,585,0,1,0,42,0,1
paced,862,0,292,220,0,150,352,43.050688,3.023,150,352,0,1,0,42,0,1
paced,863,0,670,220,0,150,1306,43.100213,2.450,150,1306,0,0,0,42,0,1
paced,864,0,514,220,0,150,437,43.150150,2.549,150,437,0,0,0,42,0,1
paced,865,0,427,220,0,150,1386,43.200311,2.506,150,1386,0,0,0,42,0,1
paced,866,0,731,220,0,150,862,43.250235,2.913,150,862,0,0,0,42,0,1
paced,867,0,514,220,0,150,1465,43.300212,2.718,150,1465,0,0,0,42,0,1
paced,868,0,635,220,0,150,1537,43.350326,2.509,150,1537,0,0,0,42,0,1
paced,869,0,401,220,0,150,1490,43.400429,2.269,150,1490,0,0,0,42,0,1
paced,870,0,786,220,0,150,-838,43.450147,2.591,150,-838,0,0,0,42,0,1
paced,871,0,258,220,0,150,483,43.500696,2.923,150,483,0,1,0,42,0,1
paced,872,0,516,220,0,150,1751,43.550293,2.337,150,1751,0,0,0,42,0,1
paced,873,0,312,220,0,150,-1344,43.600500,3.091,150,-1344,0,1,0,42,0,1
paced,874,0,191,220,0,150,1063,43.650356,3.294,150,1063,0,2,0,42,0,1
paced,875,0,471,220,0,150,-90,43.700165,2.431,150,-90,0,0,0,42,0,1
paced,876,0,504,220,0,150,-782,43.750553,3.411,150,-782,0,0,0,42,0,1
paced,877,0,790,220,0,150,1342,43.800642,2.902,150,1342,0,0,0,42,0,1
paced,878,0,207,220,0,150,707,43.850542,3.644,150,707,0,1,0,42,0,1
paced,879,0,595,220,0,150,-121,43.900622,3.901,150,-121,0,0,0,42,0,1
paced,880,0,535,220,0,150,-351,43.950304,2.304,150,-351,0,0,0,42,0,1
paced,881,0,450,220,0,150,1268,44.000606,4.224,150,1268,0,0,0,42,0,1
paced,882,0,499,220,0,150,-14,44.050674,3.024,150,-14,0,0,0,42,0,1
paced,883,0,393,220,0,150,780,44.100299,2.272,150,780,0,1,0,42,0,1
paced,884,0,774,220,0,150,305,44.150534,3.066,150,305,0,0,0,42,0,1
paced,885,0,297,220,0,150,-1591,44.200194,2.425,150,-1591,0,1,0,42,0,1
paced,886,0,499,220,0,150,936,44.250647,3.268,150,936,0,0,0,42,0,1
paced,887,0,266,220,0,150,281,44.300322,2.281,150,281,0,1,0,42,0,1
paced,888,0,326,220,0,150,404,44.350593,3.043,150,404,0,1,0,42,0,1
paced,889,0,790,220,0,150,176,44.400421,2.248,150,176,0,0,0,42,0,1
paced,890,0,499,220,0,150,1282,44.450173,2.458,150,1282,0,0,0,42,0,1
paced,891,0,274,220,0,150,567,44.500526,3.034,150,567,0,1,0,42,0,1
paced,892,0,172,220,0,150,147,44.550419,2.299,150,147,0,2,0,42,0,1
paced,893,0,364,220,0,150,-251,44.600349,3.516,150,-251,0,1,0,42,0,1
paced,894,0,796,220,0,150,1595,44.650828,2.788,150,1595,0,0,0,42,0,1
paced,895,0,328,220,0,150,-193,44.700180,2.483,150,-193,0,1,0,42,0,1
paced,896,0,383,220,0,150,-1412,44.750654,2.920,150,-1412,0,1,0,42,0,1
paced,897,0,404,220,0,150,-446,44.800248,2.333,150,-446,0,0,0,42,0,1
paced,898,0,486,220,0,150,869,44.850510,4.080,150,869,0,0,0,42,0,1
paced,899,0,401,220,0,150,1393,44.900186,2.476,150,1393,0,0,0,42,0,1
paced,900,0,622,220,0,150,1223,44.950301,2.300,150,1223,0,0,0,42,0,1
paced,901,0,632,220,0,150,-307,45.000218,2.434,150,-307,0,0,0,42,0,1
paced,902,0,654,220,0,150,848,45.050670,2.905,150,848,0,0,0,42,0,1
paced,903,0,348,220,0,150,-51,45.100594,3.541,150,-51,0,1,0,42,0,1
paced,904,0,601,220,0,150,-187,45.150246,2.319,150,-187,0,0,0,42,0,1
paced,905,0,705,220,0,150,-1327,45.200676,3.254,150,-1327,0,0,0,42,0,1
paced,906,0,735,220,0,150,179,45.250243,2.360,150,179,0,0,0,42,0,1
paced,907,0,422,220,0,150,1619,45.300170,2.445,150,1619,0,0,0,42,0,1
paced,908,0,278,220,0,150,-1207,45.350502,4.006,150,-1207,0,1,0,42,0,1
paced,909,0,162,220,0,150,-280,45.400512,3.090,150,-280,0,2,0,42,0,1
paced,910,0,574,220,0,150,-1374,45.450163,2.436,150,-1374,0,0,0,42,0,1
paced,911,0,176,220,0,150,852,45.500304,4.190,150,852,0,2,0,42,0,1
paced,912,0,226,220,0,150,-1071,45.550412,2.170,150,-1071,0,1,0,42,0,1
paced,913,0,619,220,0,150,1317,45.600199,2.581,150,1317,0,0,0,42,0,1
paced,914,0,536,220,0,150,912,45.650478,2.198,150,912,0,0,0,42,0,1
paced,915,0,664,220,0,150,1448,45.700277,2.381,150,1448,0,0,0,42,0,1
paced,916,0,445,220,0,150,-1184,45.750181,2.457,150,-1184,0,0,0,42,0,1
paced,917,0,307,220,0,150,328,45.800206,2.403,150,328,0,1,0,42,0,1
paced,918,0,258,220,0,150,-778,45.850387,2.579,150,-778,0,1,0,42,0,1
paced,919,0,169,220,0,150,82,45.900360,2.374,150,82,0,2,0,42,0,1
paced,920,0,556,220,0,150,1501,45.950427,2.179,150,1501,0,0,0,42,0,1
paced,921,0,799,220,0,150,1066,46.000220,2.543,150,1066,0,0,0,42,0,1
paced,922,0,383,220,0,150,382,46.050222,4.511,150,382,0,1,0,42,0,1
paced,923,0,550,220,0,150,-1799,46.100396,2.174,150,-1799,0,0,0,42,0,1
paced,924,0,707,220,0,150,1472,46.150446,3.428,150,1472,0,0,0,42,0,1
paced,925,0,405,220,0,150,-88,46.200273,2.429,150,-88,0,0,0,42,0,1
paced,926,0,312,220,0,150,892,46.250500,2.164,150,892,0,1,0,42,0,1
paced,927,0,333,220,0,150,-418,46.300466,3.113,150,-418,0,1,0,42,0,1
paced,928,0,394,220,0,150,-1509,46.350394,2.125,150,-1509,0,1,0,42,0,1
paced,929,0,699,220,0,150,464,46.400206,2.356,150,464,0,0,0,42,0,1
paced,930,0,314,220,0,150,-1101,46.450326,3.895,150,-1101,0,1,0,42,0,1
paced,931,0,534,220,0,150,577,46.500523,4.272,150,577,0,0,0,42,0,1
paced,932,0,172,220,0,150,281,46.550246,2.298,150,281,0,2,0,42,0,1
paced,933,0,372,220,0,150,-70,46.600306,2.247,150,-70,0,1,0,42,0,1
paced,934,0,391,220,0,150,1433,46.650530,3.043,150,1433,0,1,0,42,0,1
paced,935,0,191,220,0,150,292,46.700233,2.293,150,292,0,2,0,42,0,1
paced,936,0,344,220,0,150,1048,46.750173,2.388,150,1048,0,1,0,42,0,1
paced,937,0,666,220,0,150,1008,46.800200,2.358,150,1008,0,0,0,42,0,1
paced,938,0,776,220,0,150,856,46.850184,2.368,150,856,0,0,0,42,0,1
paced,939,0,699,220,0,150,-1504,46.900383,3.366,150,-1504,0,0,0,42,0,1
paced,940,0,403,220,0,150,-190,46.950383,2.142,150,-190,0,0,0,42,0,1
paced,941,0,626,220,0,150,-1333,47.000368,2.278,150,-1333,0,0,0,42,0,1
paced,942,0,730,220,0,150,817,47.050398,2.152,150,817,0,0,0,42,0,1
paced,943,0,199,220,0,150,-235,47.100646,2.895,150,-235,0,2,0,42,0,1
paced,944,0,241,220,0,150,473,47.150326,3.234,150,473,0,1,0,42,0,1
paced,945,0,246,220,0,150,807,47.200288,2.298,150,807,0,1,0,42,0,1
paced,946,0,640,220,0,150,-1636,47.250452,2.086,150,-1636,0,0,0,42,0,1
paced,947,0,680,220,0,150,-841,47.300666,3.699,150,-841,0,0,0,42,0,1
paced,948,0,162,220,0,150,-1735,47.350250,2.406,150,-1735,0,2,0,42,0,1
paced,949,0,469,220,0,150,90,47.400296,2.214,150,90,0,0,0,42,0,1
paced,950,0,434,220,0,150,1141,47.450225,2.503,150,1141,0,0,0,42,0,1
paced,951,0,575,220,0,150,-1138,47.500317,2.218,150,-1138,0,0,0,42,0,1
paced,952,0,759,220,0,150,-1275,47.550219,2.387,150,-1275,0,0,0,42,0,1
paced,953,0,725,220,0,150,1078,47.600522,3.199,150,1078,0,0,0,42,0,1
paced,954,0,475,220,0,150,1336,47.650314,2.153,150,1336,0,0,0,42,0,1
paced,955,0,697,220,0,150,787,47.700183,2.442,150,787,0,0,0,42,0,1
paced,956,0,609,220,0,150,234,47.750247,2.294,150,234,0,0,0,42,0,1
paced,957,0,577,220,0,150,448,47.800285,2.237,150,448,0,0,0,42,0,1
paced,958,0,321,220,0,150,1042,47.850437,3.188,150,1042,0,1,0,42,0,1
paced,959,0,554,220,0,150,1041,47.900258,2.271,150,1041,0,0,0,42,0,1
paced,960,0,548,220,0,150,1491,47.950558,2.986,150,1491,0,0,0,42,0,1
paced,961,0,355,220,0,150,209,48.000532,3.594,150,209,0,1,0,42,0,1
paced,962,0,435,220,0,150,-346,48.050374,3.113,150,-346,0,0,0,42,0,1
paced,963,0,305,220,0,150,-758,48.100376,4.075,150,-758,0,1,0,42,0,1
paced,964,0,730,220,0,150,-676,48.150439,3.850,150,-676,0,0,0,42,0,1
paced,965,0,329,220,0,150,1377,48.200207,2.299,150,1377,0,1,0,42,0,1
paced,966,0,786,220,0,150,-1478,48.250503,3.337,150,-1478,0,0,0,42,0,1
paced,967,0,519,220,0,150,-444,48.300173,2.403,150,-444,0,0,0,42,0,1
paced,968,0,296,220,0,150,-762,48.350411,3.102,150,-762,0,1,0,42,0,1
paced,969,0,411,220,0,150,-787,48.400443,3.055,150,-787,0,0,0,42,0,1
paced,970,0,507,220,0,150,-247,48.450221,2.326,150,-247,0,0,0,42,0,1
paced,971,0,435,220,0,150,496,48.500364,2.182,150,496,0,0,0,42,0,1
paced,972,0,628,220,0,150,-1765,48.550383,3.113,150,-1765,0,0,0,42,0,1
paced,973,0,302,220,0,150,-1287,48.600383,3.059,150,-1287,0,1,0,42,0,1
paced,974,0,408,220,0,150,-895,48.650326,2.158,150,-895,0,0,0,42,0,1
paced,975,0,351,220,0,150,-1532,48.700493,3.150,150,-1532,0,1,0,42,0,1
paced,976,0,743,220,0,150,381,48.750286,2.188,150,381,0,0,0,42,0,1
paced,977,0,783,220,0,150,-1008,48.800198,2.641,150,-1008,0,0,0,42,0,1
paced,978,0,706,220,0,150,-62,48.850397,2.077,150,-62,0,0,0,42,0,1
paced,979,0,395,220,0,150,545,48.900323,3.141,150,545,0,1,0,42,0,1
paced,980,0,292,220,0,150,448,48.950292,2.178,150,448,0,1,0,42,0,1
paced,981,0,621,220,0,150,-218,49.000305,3.482,150,-218,0,0,0,42,0,1
paced,982,0,350,220,0,150,-1482,49.050355,2.152,150,-1482,0,1,0,42,0,1
paced,983,0,790,220,0,150,-1504,49.100402,3.106,150,-1504,0,0,0,42,0,1
paced,984,0,306,220,0,150,1400,49.150346,3.184,150,1400,0,1,0,42,0,1
paced,985,0,208,220,0,150,-1697,49.200389,2.194,150,-1697,0,1,0,42,0,1
paced,986,0,565,220,0,150,-253,49.250237,2.272,150,-253,0,0,0,42,0,1
paced,987,0,577,220,0,150,975,49.300222,2.247,150,975,0,0,0,42,0,1
paced,988,0,290,220,0,150,600,49.350219,2.232,150,600,0,1,0,42,0,1
paced,989,0,761,220,0,150,-1291,49.400558,2.929,150,-1291,0,0,0,42,0,1
paced,990,0,701,220,0,150,417,49.450353,2.127,150,417,0,0,0,42,0,1
paced,991,0,225,220,0,150,-832,49.500310,2.322,150,-832,0,1,0,42,0,1
paced,992,0,540,220,0,150,-1249,49.550296,3.185,150,-1249,0,0,0,42,0,1
paced,993,0,442,220,0,150,-991,49.600360,3.298,150,-991,0,0,0,42,0,1
paced,994,0,556,220,0,150,-359,49.650408,2.161,150,-359,0,0,0,42,0,1
paced,995,0,332,220,0,150,-898,49.700566,3.531,150,-898,0,1,0,42,0,1
paced,996,0,454,220,0,150,1085,49.750238,2.565,150,1085,0,0,0,42,0,1
paced,997,0,297,220,0,150,-396,49.800227,2.250,150,-396,0,1,0,42,0,1
paced,998,0,653,220,0,150,372,49.850378,4.005,150,372,0,0,0,42,0,1
paced,999,0,448,220,0,150,-1458,49.900369,3.127,150,-1458,0,0,0,42,0,1
paced,1000,0,676,220,0,150,1568,49.950317,2.186,150,1568,0,0,0,42,0,1
sweep,1001,1,0,220,-596,999,999,49.952731,1.908,0,-596,1,2,38,43,0,1
sweep,1002,1,1,220,-965,999,999,49.954697,1.748,0,-965,1,2,0,43,0,1
sweep,1003,1,2,220,1069,999,999,49.956464,2.276,0,1069,1,2,0,43,0,1
sweep,1004,1,3,220,78,999,999,49.958792,1.653,0,78,1,2,0,43,0,1
sweep,1005,1,4,220,-1731,999,999,49.960482,3.038,0,-1731,1,2,0,43,0,1
sweep,1006,1,5,220,-631,999,999,49.963535,1.875,0,-631,1,2,0,43,0,1
sweep,1007,1,6,220,1459,999,999,49.965427,2.043,0,1459,1,2,0,43,0,1
sweep,1008,1,7,220,1498,999,999,49.967489,1.965,0,1498,1,2,0,43,0,1
sweep,1009,1,8,220,728,999,999,49.969470,2.007,0,728,1,2,0,43,0,1
sweep,1010,1,9,220,607,999,999,49.971495,1.943,0,607,1,2,0,43,0,1
sweep,1011,1,10,220,-1398,999,999,49.973451,2.002,0,-1398,1,2,0,43,0,1
sweep,1012,1,11,220,699,999,999,49.975469,1.960,0,699,1,2,0,43,0,1
sweep,1013,1,12,220,-294,999,999,49.977446,1.945,0,-294,1,2,0,43,0,1
sweep,1014,1,13,220,1271,999,999,49.979404,2.039,0,1271,1,2,0,43,0,1
sweep,1015,1,14,220,-4,999,999,49.981461,2.009,0,-4,1,2,0,43,0,1
sweep,1016,1,15,220,-776,999,999,49.983486,1.928,0,-776,1,2,0,43,0,1
sweep,1017,1,16,220,712,999,999,49.985429,2.175,0,712,1,2,0,43,0,1
sweep,1018,1,17,220,-1582,999,999,49.987628,1.846,0,-1582,1,2,0,43,0,1
sweep,1019,1,18,220,-1607,999,999,49.989494,2.070,0,-1607,1,2,0,43,0,1
sweep,1020,1,19,220,1573,999,999,49.991582,2.007,0,1573,1,2,0,43,0,1
sweep,1021,1,20,220,1380,999,999,49.993608,1.876,0,1380,1,2,0,43,0,1
sweep,1022,1,21,220,-528,999,999,49.995501,1.936,0,-528,1,2,0,43,0,1
sweep,1023,1,22,220,-1166,999,999,49.997454,2.037,0,-1166,1,2,0,43,0,1
sweep,1024,1,23,220,1507,999,999,49.999510,1.956,0,1507,1,2,0,43,0,1
sweep,1025,1,24,220,-1278,999,999,50.001484,1.979,0,-1278,1,2,0,43,0,1
sweep,1026,1,25,220,757,999,999,50.003485,2.079,0,757,1,2,0,43,0,1
sweep,1027,1,26,220,1546,999,999,50.005577,1.936,0,1546,1,2,0,43,0,1
sweep,1028,1,27,220,-1397,999,999,50.007533,1.954,0,-1397,1,2,0,43,0,1
sweep,1029,1,28,220,-1360,999,999,50.009503,1.964,0,-1360,1,2,0,43,0,1
sweep,1030,1,29,220,1677,999,999,50.011483,1.927,0,1677,1,2,0,43,0,1
sweep,1031,1,30,220,-38,999,999,50.013428,2.004,0,-38,1,2,0,43,0,1
sweep,1032,1,31,220,774,999,999,50.015448,1.953,0,774,1,2,0,43,0,1
sweep,1033,1,32,220,582,999,999,50.017417,1.970,0,582,1,2,0,43,0,1
sweep,1034,1,33,220,-813,999,999,50.019404,2.034,0,-813,1,2,0,43,0,1
sweep,1035,1,34,220,1230,999,999,50.021455,1.996,0,1230,1,2,0,43,0,1
sweep,1036,1,35,220,-969,999,999,50.023470,2.025,0,-969,1,2,0,43,0,1
sweep,1037,1,36,220,245,999,999,50.025510,1.986,0,245,1,2,0,43,0,1
sweep,1038,1,37,220,259,999,999,50.027512,1.902,0,259,1,2,0,43,0,1
sweep,1039,1,38,220,-195,999,999,50.029430,1.986,0,-195,1,2,0,43,0,1
sweep,1040,1,39,220,-1323,999,999,50.031438,2.084,0,-1323,1,2,0,43,0,1
sweep,1041,1,40,220,1079,999,999,50.033535,2.866,0,1079,1,2,0,43,0,1
sweep,1042,1,41,220,-951,999,999,50.036420,2.073,0,-951,1,2,0,43,0,1
sweep,1043,1,42,220,1535,999,999,50.038507,1.956,0,1535,1,2,0,43,0,1
sweep,1044,1,43,220,-248,999,999,50.040480,2.046,0,-248,1,2,0,43,0,1
sweep,1045,1,44,220,886,999,999,50.042543,1.949,0,886,1,2,0,43,0,1
sweep,1046,1,45,220,299,999,999,50.044505,2.043,0,299,1,2,0,43,0,1
sweep,1047,1,46,220,-1272,999,999,50.046570,1.896,0,-1272,1,2,0,43,0,1
sweep,1048,1,47,220,1513,999,999,50.048483,2.056,0,1513,1,2,0,43,0,1
sweep,1049,1,48,220,1113,999,999,50.050556,1.918,0,1113,1,2,0,43,0,1
sweep,1050,1,49,220,548,999,999,50.052486,2.028,0,548,1,2,0,43,0,1
sweep,1051,1,50,220,-778,999,999,50.054534,1.929,0,-778,1,2,0,43,0,1
sweep,1052,1,51,220,1149,999,999,50.056475,2.075,0,1149,1,2,0,43,0,1
sweep,1053,1,52,220,-1806,999,999,50.058569,1.955,0,-1806,1,2,0,43,0,1
sweep,1054,1,53,220,1119,999,999,50.060536,1.941,0,1119,1,2,0,43,0,1
sweep,1055,1,54,220,-1325,999,999,50.062494,2.175,0,-1325,1,2,0,43,0,1
sweep,1056,1,55,220,1492,999,999,50.064687,1.812,0,1492,1,2,0,43,0,1
sweep,1057,1,56,220,-995,999,999,50.066532,1.943,0,-995,1,2,0,43,0,1
sweep,1058,1,57,220,1306,999,999,50.068524,1.946,0,1306,1,2,0,43,0,1
sweep,1059,1,58,220,484,999,999,50.070488,1.941,0,484,1,2,0,43,0,1
sweep,1060,1,59,220,-272,999,999,50.072446,2.040,0,-272,1,2,0,43,0,1
sweep,1061,1,60,220,895,999,999,50.074501,1.929,0,895,1,2,0,43,0,1
sweep,1062,1,61,220,154,999,999,50.076442,2.087,0,154,1,2,0,43,0,1
sweep,1063,1,62,220,412,999,999,50.078550,1.997,0,412,1,2,0,43,0,1
sweep,1064,1,63,220,693,999,999,50.080561,1.866,0,693,1,2,0,43,0,1
sweep,1065,1,64,220,-876,999,999,50.082439,1.955,0,-876,1,2,0,43,0,1
sweep,1066,1,65,220,-724,999,999,50.084409,2.063,0,-724,1,2,0,43,0,1
sweep,1067,1,66,220,-1666,999,999,50.086490,2.085,0,-1666,1,2,0,43,0,1
sweep,1068,1,67,220,795,999,999,50.088592,1.878,0,795,1,2,0,43,0,1
sweep,1069,1,68,220,-1133,999,999,50.090486,1.942,0,-1133,1,2,0,43,0,1
sweep,1070,1,69,220,930,999,999,50.092444,2.072,0,930,1,2,0,43,0,1
sweep,1071,1,70,220,926,999,999,50.094529,1.985,0,926,1,2,0,43,0,1
sweep,1072,1,71,220,450,999,999,50.096528,1.909,0,450,1,2,0,43,0,1
sweep,1073,1,72,220,239,999,999,50.098451,1.965,0,239,1,2,0,43,0,1
sweep,1074,1,73,220,-866,999,999,50.100434,2.004,0,-866,1,2,0,43,0,1
sweep,1075,1,74,220,1683,999,999,50.102458,1.961,0,1683,1,2,0,43,0,1
sweep,1076,1,75,220,-139,999,999,50.104436,2.061,0,-139,1,2,0,43,0,1
sweep,1077,1,76,220,-699,999,999,50.106512,1.897,0,-699,1,2,0,43,0,1
sweep,1078,1,77,220,1329,999,999,50.108425,3.030,0,1329,1,2,0,43,0,1
sweep,1079,1,78,220,890,999,999,50.111470,1.934,0,890,1,2,0,43,0,1
sweep,1080,1,79,220,-95,999,999,50.113418,1.993,0,-95,1,2,0,43,0,1
sweep,1081,1,80,220,-188,999,999,50.115423,2.015,0,-188,1,2,0,43,0,1
sweep,1082,1,81,220,-706,999,999,50.117451,1.960,0,-706,1,2,0,43,0,1
sweep,1083,1,82,220,203,999,999,50.119425,2.019,0,203,1,2,0,43,0,1
sweep,1084,1,83,220,-1420,999,999,50.121456,1.995,0,-1420,1,2,0,43,0,1
sweep,1085,1,84,220,921,999,999,50.123465,2.006,0,921,1,2,0,43,0,1
sweep,1086,1,85,220,1583,999,999,50.125485,1.919,0,1583,1,2,0,43,0,1
sweep,1087,1,86,220,1595,999,999,50.127418,2.000,0,1595,1,2,0,43,0,1
sweep,1088,1,87,220,-1290,999,999,50.129433,2.086,0,-1290,1,2,0,43,0,1
sweep,1089,1,88,220,-1056,999,999,50.131534,1.955,0,-1056,1,2,0,43,0,1
sweep,1090,1,89,220,471,999,999,50.133505,1.886,0,471,1,2,0,43,0,1
sweep,1091,1,90,220,-1755,999,999,50.135404,2.092,0,-1755,1,2,0,43,0,1
sweep,1092,1,91,220,39,999,999,50.137514,1.922,0,39,1,2,0,43,0,1
sweep,1093,1,92,220,1267,999,999,50.139450,2.023,0,1267,1,2,0,43,0,1
sweep,1094,1,93,220,-1637,999,999,50.141488,1.930,0,-1637,1,2,0,43,0,1
sweep,1095,1,94,220,180,999,999,50.143431,1.990,0,180,1,2,0,43,0,1
sweep,1096,1,95,220,-943,999,999,50.145440,1.943,0,-943,1,2,0,43,0,1
sweep,1097,1,96,220,-207,999,999,50.147397,1.987,0,-207,1,2,0,43,0,1
sweep,1098,1,97,220,1550,999,999,50.149397,2.010,0,1550,1,2,0,43,0,1
sweep,1099,1,98,220,1170,999,999,50.151421,1.999,0,1170,1,2,0,43,0,1
sweep,1100,1,99,220,386,999,999,50.153433,1.956,0,386,1,2,0,43,0,1
sweep,1101,1,100,220,1548,999,999,50.155402,2.033,0,1548,1,2,0,43,0,1
sweep,1102,1,101,220,-443,999,999,50.157450,1.957,0,-443,1,2,0,43,0,1
sweep,1103,1,102,220,-823,999,999,50.159423,2.109,0,-823,1,2,0,43,0,1
sweep,1104,1,103,220,-1435,999,999,50.161546,1.949,0,-1435,1,2,0,43,0,1
sweep,1105,1,104,220,-1505,999,999,50.163510,1.869,0,-1505,1,2,0,43,0,1
sweep,1106,1,105,220,957,999,999,50.165396,2.005,0,957,1,2,0,43,0,1
sweep,1107,1,106,220,1236,999,999,50.167416,2.054,0,1236,1,2,0,43,0,1
sweep,1108,1,107,220,-1646,999,999,50.169482,1.932,0,-1646,1,2,0,43,0,1
sweep,1109,1,108,220,1646,999,999,50.171427,2.015,0,1646,1,2,0,43,0,1
sweep,1110,1,109,220,-89,999,999,50.173454,2.058,0,-89,1,2,0,43,0,1
sweep,1111,1,110,220,1595,999,999,50.175526,1.968,0,1595,1,2,0,43,0,1
sweep,1112,1,111,220,-11,999,999,50.177508,1.926,0,-11,1,2,0,43,0,1
sweep,1113,1,112,220,-1047,999,999,50.179450,2.042,0,-1047,1,2,0,43,0,1
sweep,1114,1,113,220,-1111,999,999,50.181506,1.977,0,-1111,1,2,0,43,0,1
sweep,1115,1,114,220,618,999,999,50.183497,2.957,0,618,1,2,0,43,0,1
sweep,1116,1,115,220,236,999,999,50.186467,1.964,0,236,1,2,0,43,0,1
sweep,1117,1,116,220,-1042,999,999,50.188443,1.987,0,-1042,1,2,0,43,0,1
sweep,1118,1,117,220,1650,999,999,50.190443,2.050,0,1650,1,2,0,43,0,1
sweep,1119,1,118,220,267,999,999,50.192509,1.895,0,267,1,2,0,43,0,1
sweep,1120,1,119,220,-244,999,999,50.194418,2.036,0,-244,1,2,0,43,0,1
sweep,1121,1,120,220,317,999,999,50.196476,1.957,0,317,1,2,0,43,0,1
sweep,1122,1,121,220,-344,999,999,50.198447,2.052,0,-344,1,2,0,43,0,1
sweep,1123,1,122,220,-1013,999,999,50.200515,1.925,0,-1013,1,2,0,43,0,1
sweep,1124,1,123,220,-867,999,999,50.202454,1.971,0,-867,1,2,0,43,0,1
sweep,1125,1,124,220,-347,999,999,50.204437,2.203,0,-347,1,2,0,43,0,1
sweep,1126,1,125,220,877,999,999,50.206652,1.805,0,877,1,2,0,43,0,1
sweep,1127,1,126,220,1774,999,999,50.208470,2.012,0,1774,1,2,0,43,0,1
sweep,1128,1,127,220,580,999,999,50.210493,1.957,0,580,1,2,0,43,0,1
sweep,1129,1,128,220,1281,999,999,50.212462,2.036,0,1281,1,2,0,43,0,1
sweep,1130,1,129,220,1362,999,999,50.214514,2.027,0,1362,1,2,0,43,0,1
sweep,1131,1,130,220,-1556,999,999,50.216557,1.885,0,-1556,1,2,0,43,0,1
sweep,1132,1,131,220,-424,999,999,50.218457,2.032,0,-424,1,2,0,43,0,1
sweep,1133,1,132,220,-1608,999,999,50.220506,2.001,0,-1608,1,2,0,43,0,1
sweep,1134,1,133,220,57,999,999,50.222524,1.860,0,57,1,2,0,43,0,1
sweep,1135,1,134,220,-1639,999,999,50.224399,2.022,0,-1639,1,2,0,43,0,1
sweep,1136,1,135,220,1596,999,999,50.226438,2.012,0,1596,1,2,0,43,0,1
sweep,1137,1,136,220,681,999,999,50.228476,1.931,0,681,1,2,0,43,0,1
sweep,1138,1,137,220,-1096,999,999,50.230423,2.030,0,-1096,1,2,0,43,0,1
sweep,1139,1,138,220,-1216,999,999,50.232466,1.951,0,-1216,1,2,0,43,0,1
sweep,1140,1,139,220,1677,999,999,50.234431,2.006,0,1677,1,2,0,43,0,1
sweep,1141,1,140,220,-651,999,999,50.236456,1.968,0,-651,1,2,0,43,0,1
sweep,1142,1,141,220,101,999,999,50.238438,2.105,0,101,1,2,0,43,0,1
sweep,1143,1,142,220,-1644,999,999,50.240557,1.866,0,-1644,1,2,0,43,0,1
sweep,1144,1,143,220,569,999,999,50.242437,1.981,0,569,1,2,0,43,0,1
sweep,1145,1,144,220,232,999,999,50.244430,2.055,0,232,1,2,0,43,0,1
sweep,1146,1,145,220,-1555,999,999,50.246497,1.914,0,-1555,1,2,0,43,0,1
sweep,1147,1,146,220,1727,999,999,50.248424,2.097,0,1727,1,2,0,43,0,1
sweep,1148,1,147,220,1602,999,999,50.250537,1.882,0,1602,1,2,0,43,0,1
sweep,1149,1,148,220,496,999,999,50.252433,2.181,0,496,1,2,0,43,0,1
sweep,1150,1,149,220,-197,999,999,50.254632,1.811,0,-197,1,2,0,43,0,1
sweep,1151,1,150,220,-1444,999,999,50.256463,2.928,0,-1444,1,2,0,43,0,1
sweep,1152,1,151,220,-182,999,999,50.259408,2.072,0,-182,1,2,0,43,0,1
sweep,1153,1,152,220,1443,999,999,50.261492,1.906,0,1443,1,2,0,43,0,1
sweep,1154,1,153,220,276,999,999,50.263410,2.024,0,276,1,2,0,43,0,1
sweep,1155,1,154,220,1629,999,999,50.265451,1.961,0,1629,1,2,0,43,0,1
sweep,1156,1,155,220,524,999,999,50.267427,1.956,0,524,1,2,0,43,0,1
sweep,1157,1,156,220,826,999,999,50.269395,2.049,0,826,1,2,0,43,0,1
sweep,1158,1,157,220,-586,999,999,50.271457,1.970,0,-586,1,2,0,43,0,1
sweep,1159,1,158,220,-205,999,999,50.273439,2.019,0,-205,1,2,0,43,0,1
sweep,1160,1,159,220,-723,999,999,50.275473,1.923,0,-723,1,2,0,43,0,1
sweep,1161,1,160,220,-378,999,999,50.277413,1.962,0,-378,1,2,0,43,0,1
sweep,1162,1,161,220,107,999,999,50.279389,2.116,0,107,1,2,0,43,0,1
sweep,1163,1,162,220,-1619,999,999,50.281519,1.949,0,-1619,1,2,0,43,0,1
sweep,1164,1,163,220,441,999,999,50.283486,1.947,0,441,1,2,0,43,0,1
sweep,1165,1,164,220,1750,999,999,50.285448,1.941,0,1750,1,2,0,43,0,1
sweep,1166,1,165,220,134,999,999,50.287404,2.036,0,134,1,2,0,43,0,1
sweep,1167,1,166,220,-1749,999,999,50.289458,1.996,0,-1749,1,2,0,43,0,1
sweep,1168,1,167,220,-72,999,999,50.291469,2.044,0,-72,1,2,0,43,0,1
sweep,1169,1,168,220,-573,999,999,50.293527,1.937,0,-573,1,2,0,43,0,1
sweep,1170,1,169,220,591,999,999,50.295476,1.991,0,591,1,2,0,43,0,1
sweep,1171,1,170,220,1247,999,999,50.297484,1.950,0,1247,1,2,0,43,0,1
sweep,1172,1,171,220,-521,999,999,50.299447,2.037,0,-521,1,2,0,43,0,1
sweep,1173,1,172,220,1437,999,999,50.301498,1.876,0,1437,1,2,0,43,0,1
sweep,1174,1,173,220,-1209,999,999,50.303419,2.107,0,-1209,1,2,0,43,0,1
sweep,1175,1,174,220,621,999,999,50.305539,1.895,0,621,1,2,0,43,0,1
sweep,1176,1,175,220,593,999,999,50.307447,2.023,0,593,1,2,0,43,0,1
sweep,1177,1,176,220,456,999,999,50.309487,1.948,0,456,1,2,0,43,0,1
sweep,1178,1,177,220,1665,999,999,50.311449,2.046,0,1665,1,2,0,43,0,1
sweep,1179,1,178,220,-683,999,999,50.313509,1.910,0,-683,1,2,0,43,0,1
sweep,1180,1,179,220,-1551,999,999,50.315433,2.009,0,-1551,1,2,0,43,0,1
sweep,1181,1,180,220,1723,999,999,50.317456,2.018,0,1723,1,2,0,43,0,1
sweep,1182,1,181,220,666,999,999,50.319488,1.885,0,666,1,2,0,43,0,1
sweep,1183,1,182,220,1404,999,999,50.321386,1.998,0,1404,1,2,0,43,0,1
sweep,1184,1,183,220,1419,999,999,50.323397,2.109,0,1419,1,2,0,43,0,1
sweep,1185,1,184,220,1357,999,999,50.325517,1.912,0,1357,1,2,0,43,0,1
sweep,1186,1,185,220,-342,999,999,50.327441,2.048,0,-342,1,2,0,43,0,1
sweep,1187,1,186,220,-120,999,999,50.329502,2.059,0,-120,1,2,0,43,0,1
sweep,1188,1,187,220,-219,999,999,50.331576,2.813,0,-219,1,2,0,43,0,1
sweep,1189,1,188,220,309,999,999,50.334406,1.948,0,309,1,2,0,43,0,1
sweep,1190,1,189,220,1419,999,999,50.336369,2.078,0,1419,1,2,0,43,0,1
sweep,1191,1,190,220,-1724,999,999,50.338463,1.968,0,-1724,1,2,0,43,0,1
sweep,1192,1,191,220,537,999,999,50.340446,1.973,0,537,1,2,0,43,0,1
sweep,1193,1,192,220,562,999,999,50.342434,2.010,0,562,1,2,0,43,0,1
sweep,1194,1,193,220,-1356,999,999,50.344457,1.922,0,-1356,1,2,0,43,0,1
sweep,1195,1,194,220,-1669,999,999,50.346395,2.009,0,-1669,1,2,0,43,0,1
sweep,1196,1,195,220,530,999,999,50.348420,2.020,0,530,1,2,0,43,0,1
sweep,1197,1,196,220,349,999,999,50.350454,1.925,0,349,1,2,0,43,0,1
sweep,1198,1,197,220,-1762,999,999,50.352396,2.036,0,-1762,1,2,0,43,0,1
sweep,1199,1,198,220,-1407,999,999,50.354447,2.013,0,-1407,1,2,0,43,0,1
sweep,1200,1,199,220,-460,999,999,50.356473,2.030,0,-460,1,2,0,43,0,1
sweep,1201,1,200,220,-441,999,999,50.358517,1.940,100,-441,1,1,0,43,0,1
sweep,1202,1,201,220,-312,999,999,50.360473,1.959,100,-312,1,1,0,43,0,1
sweep,1203,1,202,220,1253,999,999,50.362447,2.012,100,1253,1,1,0,43,0,1
sweep,1204,1,203,220,436,999,999,50.364473,1.951,100,436,1,1,0,43,0,1
sweep,1205,1,204,220,-1679,999,999,50.366438,2.007,100,-1679,1,1,0,43,0,1
sweep,1206,1,205,220,791,999,999,50.368458,1.991,100,791,1,1,0,43,0,1
sweep,1207,1,206,220,-304,999,999,50.370467,2.015,100,-304,1,1,0,43,0,1
sweep,1208,1,207,220,566,999,999,50.372499,1.907,100,566,1,1,0,43,0,1
sweep,1209,1,208,220,-1517,999,999,50.374420,2.016,100,-1517,1,1,0,43,0,1
sweep,1210,1,209,220,166,999,999,50.376453,1.988,100,166,1,1,0,43,0,1
sweep,1211,1,210,220,778,999,999,50.378458,1.922,100,778,1,1,0,43,0,1
sweep,1212,1,211,220,-1477,999,999,50.380393,2.053,100,-1477,1,1,0,43,0,1
sweep,1213,1,212,220,1649,999,999,50.382915,2.578,100,1649,1,1,0,43,0,1
sweep,1214,1,213,220,390,999,999,50.385510,1.898,100,390,1,1,0,43,0,1
sweep,1215,1,214,220,7,999,999,50.387423,1.994,100,7,1,1,0,43,0,1
sweep,1216,1,215,220,-450,999,999,50.389433,2.062,100,-450,1,1,0,43,0,1
sweep,1217,1,216,220,228,999,999,50.391513,1.895,100,228,1,1,0,43,0,1
sweep,1218,1,217,220,1499,999,999,50.393425,1.976,100,1499,1,1,0,43,0,1
sweep,1219,1,218,220,408,999,999,50.395419,1.969,100,408,1,1,0,43,0,1
sweep,1220,1,219,220,-1807,999,999,50.397406,1.985,100,-1807,1,1,0,43,0,1
sweep,1221,1,220,220,-1162,999,999,50.399405,2.095,100,-1162,1,1,0,43,0,1
sweep,1222,1,221,220,-489,999,999,50.401515,1.933,100,-489,1,1,0,43,0,1
sweep,1223,1,222,220,-342,999,999,50.403463,2.940,100,-342,1,1,0,43,0,1
sweep,1224,1,223,220,-944,999,999,50.406418,2.062,100,-944,1,1,0,43,0,1
sweep,1225,1,224,220,-1222,999,999,50.408496,1.978,100,-1222,1,1,0,43,0,1
sweep,1226,1,225,220,556,999,999,50.410491,1.981,100,556,1,1,0,43,0,1
sweep,1227,1,226,220,-1213,999,999,50.412490,1.957,100,-1213,1,1,0,43,0,1
sweep,1228,1,227,220,594,999,999,50.414466,1.956,100,594,1,1,0,43,0,1
sweep,1229,1,228,220,-1379,999,999,50.416439,2.007,100,-1379,1,1,0,43,0,1
sweep,1230,1,229,220,-166,999,999,50.418463,1.994,100,-166,1,1,0,43,0,1
sweep,1231,1,230,220,-521,999,999,50.420473,1.970,100,-521,1,1,0,43,0,1
sweep,1232,1,231,220,1730,999,999,50.422457,2.473,100,1730,1,1,0,43,0,1
sweep,1233,1,232,220,263,999,999,50.424950,2.483,100,263,1,1,0,43,0,1
sweep,1234,1,233,220,-97,999,999,50.427451,2.000,100,-97,1,1,0,43,0,1
sweep,1235,1,234,220,1544,999,999,50.429469,2.044,100,1544,1,1,0,43,0,1
sweep,1236,1,235,220,-346,999,999,50.431532,1.931,100,-346,1,1,0,43,0,1
sweep,1237,1,236,220,-422,999,999,50.433479,1.922,100,-422,1,1,0,43,0,1
sweep,1238,1,237,220,1669,999,999,50.435416,2.046,100,1669,1,1,0,43,0,1
sweep,1239,1,238,220,-756,999,999,50.437476,2.038,100,-756,1,1,0,43,0,1
sweep,1240,1,239,220,673,999,999,50.439532,2.121,100,673,1,1,0,43,0,1
sweep,1241,1,240,220,-311,999,999,50.441675,1.815,100,-311,1,1,0,43,0,1
sweep,1242,1,241,220,-1666,999,999,50.443509,1.964,100,-1666,1,1,0,43,0,1
sweep,1243,1,242,220,1092,999,999,50.445490,1.890,100,1092,1,1,0,43,0,1
sweep,1244,1,243,220,-1561,999,999,50.447394,2.071,100,-1561,1,1,0,43,0,1
sweep,1245,1,244,220,1323,999,999,50.449481,1.937,100,1323,1,1,0,43,0,1
sweep,1246,1,245,220,763,999,999,50.451437,1.985,100,763,1,1,0,43,0,1
sweep,1247,1,246,220,-810,999,999,50.453438,2.005,100,-810,1,1,0,43,0,1
sweep,1248,1,247,220,1538,999,999,50.455459,1.916,100,1538,1,1,0,43,0,1
sweep,1249,1,248,220,1417,999,999,50.457390,2.036,100,1417,1,1,0,43,0,1
sweep,1250,1,249,220,-733,999,999,50.459443,2.040,100,-733,1,1,0,43,0,1
sweep,1251,1,250,220,1270,999,999,50.461501,1.898,100,1270,1,1,0,43,0,1
sweep,1252,1,251,220,-194,999,999,50.463415,2.082,100,-194,1,1,0,43,0,1
sweep,1253,1,252,220,434,999,999,50.465511,1.949,100,434,1,1,0,43,0,1
sweep,1254,1,253,220,-658,999,999,50.467477,1.976,100,-658,1,1,0,43,0,1
sweep,1255,1,254,220,530,999,999,50.469470,1.928,100,530,1,1,0,43,0,1
sweep,1256,1,255,220,1398,999,999,50.471414,2.046,100,1398,1,1,0,43,0,1
sweep,1257,1,256,220,713,999,999,50.473473,2.036,100,713,1,1,0,43,0,1
sweep,1258,1,257,220,-1479,999,999,50.475526,2.940,100,-1479,1,1,0,43,0,1
sweep,1259,1,258,220,-1514,999,999,50.478483,2.021,100,-1514,1,1,0,43,0,1
sweep,1260,1,259,220,1082,999,999,50.480521,1.932,100,1082,1,1,0,43,0,1
sweep,1261,1,260,220,-1123,999,999,50.482467,1.990,100,-1123,1,1,0,43,0,1
sweep,1262,1,261,220,-726,999,999,50.484474,1.960,100,-726,1,1,0,43,0,1
sweep,1263,1,262,220,-126,999,999,50.486449,1.984,100,-126,1,1,0,43,0,1
sweep,1264,1,263,220,-1479,999,999,50.488449,2.055,100,-1479,1,1,0,43,0,1
sweep,1265,1,264,220,-1303,999,999,50.490526,1.890,100,-1303,1,1,0,43,0,1
sweep,1266,1,265,220,-664,999,999,50.492436,2.038,100,-664,1,1,0,43,0,1
sweep,1267,1,266,220,436,999,999,50.494491,1.886,100,436,1,1,0,43,0,1
sweep,1268,1,267,220,1154,999,999,50.496391,2.104,100,1154,1,1,0,43,0,1
sweep,1269,1,268,220,805,999,999,50.498515,1.891,100,805,1,1,0,43,0,1
sweep,1270,1,269,220,-744,999,999,50.500420,2.050,100,-744,1,1,0,43,0,1
sweep,1271,1,270,220,-859,999,999,50.502483,1.934,100,-859,1,1,0,43,0,1
sweep,1272,1,271,220,-958,999,999,50.504432,1.972,100,-958,1,1,0,43,0,1
sweep,1273,1,272,220,-1416,999,999,50.506420,2.025,100,-1416,1,1,0,43,0,1
sweep,1274,1,273,220,-685,999,999,50.508475,1.944,100,-685,1,1,0,43,0,1
sweep,1275,1,274,220,1136,999,999,50.510434,2.014,100,1136,1,1,0,43,0,1
sweep,1276,1,275,220,147,999,999,50.512459,1.957,100,147,1,1,0,43,0,1
sweep,1277,1,276,220,-1628,999,999,50.514429,2.096,100,-1628,1,1,0,43,0,1
sweep,1278,1,277,220,1201,999,999,50.516542,1.997,100,1201,1,1,0,43,0,1
sweep,1279,1,278,220,277,999,999,50.518555,1.896,100,277,1,1,0,43,0,1
sweep,1280,1,279,220,-586,999,999,50.520467,1.988,100,-586,1,1,0,43,0,1
sweep,1281,1,280,220,1405,999,999,50.522472,2.005,100,1405,1,1,0,43,0,1
sweep,1282,1,281,220,1757,999,999,50.524494,1.962,100,1757,1,1,0,43,0,1
sweep,1283,1,282,220,1501,999,999,50.526479,1.960,100,1501,1,1,0,43,0,1
sweep,1284,1,283,220,-985,999,999,50.528458,2.036,100,-985,1,1,0,43,0,1
sweep,1285,1,284,220,1546,999,999,50.530513,1.896,100,1546,1,1,0,43,0,1
sweep,1286,1,285,220,406,999,999,50.532426,2.029,100,406,1,1,0,43,0,1
sweep,1287,1,286,220,-1513,999,999,50.534511,1.953,100,-1513,1,1,0,43,0,1
sweep,1288,1,287,220,435,999,999,50.536483,1.919,100,435,1,1,0,43,0,1
sweep,1289,1,288,220,-528,999,999,50.538420,2.054,100,-528,1,1,0,43,0,1
sweep,1290,1,289,220,-429,999,999,50.540490,1.915,100,-429,1,1,0,43,0,1
sweep,1291,1,290,220,-608,999,999,50.542423,2.031,100,-608,1,1,0,43,0,1
sweep,1292,1,291,220,1700,999,999,50.544472,3.034,100,1700,1,1,0,43,0,1
sweep,1293,1,292,220,294,999,999,50.547523,1.928,101,294,1,1,0,43,0,1
sweep,1294,1,293,220,-1275,999,999,50.549469,1.990,102,-1275,1,1,0,43,0,1
sweep,1295,1,294,220,-1676,999,999,50.551477,2.061,103,-1676,1,1,0,43,0,1
sweep,1296,1,295,220,-9,999,999,50.553554,1.855,104,-9,1,1,0,43,0,1
sweep,1297,1,296,220,1514,999,999,50.555425,2.024,105,1514,1,1,0,43,0,1
sweep,1298,1,297,220,-330,999,999,50.557462,1.954,106,-330,1,1,0,43,0,1
sweep,1299,1,298,220,1452,999,999,50.559430,2.054,107,1452,1,1,0,43,0,1
sweep,1300,1,299,220,1241,999,999,50.561497,1.981,108,1241,1,1,0,43,0,1
sweep,1301,1,300,220,-1668,999,999,50.563497,2.259,110,-1668,1,1,0,43,0,1
sweep,1302,1,301,220,-1703,999,999,50.565773,1.618,111,-1703,1,1,0,43,0,1
sweep,1303,1,302,220,-528,999,999,50.567407,2.226,112,-528,1,1,0,43,0,1
sweep,1304,1,303,220,-110,999,999,50.569647,1.811,113,-110,1,1,0,43,0,1
sweep,1305,1,304,220,1251,999,999,50.571473,2.080,114,1251,1,1,0,43,0,1
sweep,1306,1,305,220,-1150,999,999,50.573609,1.908,115,-1150,1,1,0,43,0,1
sweep,1307,1,306,220,1812,999,999,50.575533,1.898,116,1812,1,1,0,43,0,1
sweep,1308,1,307,220,461,999,999,50.577444,1.956,117,461,1,1,0,43,0,1
sweep,1309,1,308,220,-1654,999,999,50.579418,2.069,118,-1654,1,1,0,43,0,1
sweep,1310,1,309,220,1075,999,999,50.581507,2.076,119,1075,1,1,0,43,0,1
sweep,1311,1,310,220,589,999,999,50.583625,1.777,121,589,1,1,0,43,0,1
sweep,1312,1,311,220,1055,999,999,50.585419,1.997,122,1055,1,1,0,43,0,1
sweep,1313,1,312,220,898,999,999,50.587433,2.027,123,898,1,1,0,43,0,1
sweep,1314,1,313,220,758,999,999,50.589476,2.016,124,758,1,1,0,43,0,1
sweep,1315,1,314,220,1755,999,999,50.591507,2.073,125,1755,1,1,0,43,0,1
sweep,1316,1,315,220,333,999,999,50.593620,1.828,126,333,1,1,0,43,0,1
sweep,1317,1,316,220,-81,999,999,50.595464,2.027,127,-81,1,1,0,43,0,1
sweep,1318,1,317,220,-1065,999,999,50.597517,2.041,128,-1065,1,1,0,43,0,1
sweep,1319,1,318,220,-1012,999,999,50.599581,1.911,129,-1012,1,1,0,43,0,1
sweep,1320,1,319,220,-867,999,999,50.601510,1.936,130,-867,1,1,0,43,0,1
sweep,1321,1,320,220,-1350,999,999,50.603463,2.002,132,-1350,1,1,0,43,0,1
sweep,1322,1,321,220,586,999,999,50.605482,1.970,133,586,1,1,0,43,0,1
sweep,1323,1,322,220,-1288,999,999,50.607469,2.016,134,-1288,1,1,0,43,0,1
sweep,1324,1,323,220,583,999,999,50.609500,2.121,135,583,1,1,0,43,0,1
sweep,1325,1,324,220,253,999,999,50.611638,1.806,136,253,1,1,0,43,0,1
sweep,1326,1,325,220,-1319,999,999,50.613461,3.258,137,-1319,1,1,0,43,0,1
sweep,1327,1,326,220,1135,999,999,50.616737,1.721,138,1135,1,1,0,43,0,1
sweep,1328,1,327,220,-729,999,999,50.618481,2.005,139,-729,1,1,0,43,0,1
sweep,1329,1,328,220,57,999,999,50.620506,1.955,140,57,1,1,0,43,0,1
sweep,1330,1,329,220,-1016,999,999,50.622482,1.924,141,-1016,1,1,0,43,0,1
sweep,1331,1,330,220,1380,999,999,50.624425,2.033,143,1380,1,1,0,43,0,1
sweep,1332,1,331,220,-1594,999,999,50.626478,1.982,144,-1594,1,1,0,43,0,1
sweep,1333,1,332,220,-341,999,999,50.628477,2.018,145,-341,1,1,0,43,0,1
sweep,1334,1,333,220,48,999,999,50.630513,1.910,146,48,1,1,0,43,0,1
sweep,1335,1,334,220,-449,999,999,50.632441,2.025,147,-449,1,1,0,43,0,1
sweep,1336,1,335,220,696,999,999,50.634484,1.971,148,696,1,1,0,43,0,1
sweep,1337,1,336,220,1142,999,999,50.636474,2.013,149,1142,1,1,0,43,0,1
sweep,1338,1,337,220,-368,999,999,50.638509,1.967,150,-368,1,1,0,43,0,1
sweep,1339,1,338,220,-920,999,999,50.640498,2.052,151,-920,1,1,0,43,0,1
sweep,1340,1,339,220,782,999,999,50.642569,1.827,152,782,1,1,0,43,0,1
sweep,1341,1,340,220,-1782,999,999,50.644413,2.095,154,-1782,1,1,0,43,0,1
sweep,1342,1,341,220,-1763,999,999,50.646526,1.861,155,-1763,1,1,0,43,0,1
sweep,1343,1,342,220,181,999,999,50.648402,2.143,156,181,1,1,0,43,0,1
sweep,1344,1,343,220,-1688,999,999,50.650572,1.952,157,-1688,1,1,0,43,0,1
sweep,1345,1,344,220,-1147,999,999,50.652542,1.903,158,-1147,1,1,0,43,0,1
sweep,1346,1,345,220,-783,999,999,50.654467,1.963,159,-783,1,1,0,43,0,1
sweep,1347,1,346,220,440,999,999,50.656479,1.987,160,440,1,1,0,43,0,1
sweep,1348,1,347,220,-1657,999,999,50.658484,2.063,161,-1657,1,1,0,43,0,1
sweep,1349,1,348,220,-1783,999,999,50.660569,1.881,162,-1783,1,1,0,43,0,1
sweep,1350,1,349,220,-878,999,999,50.662469,2.056,163,-878,1,1,0,43,0,1
sweep,1351,1,350,220,1312,999,999,50.664548,2.018,165,1312,1,1,0,43,0,1
sweep,1352,1,351,220,1814,999,999,50.666584,1.858,166,1814,1,1,0,43,0,1
sweep,1353,1,352,220,-1474,999,999,50.668457,2.102,167,-1474,1,1,0,43,0,1
sweep,1354,1,353,220,327,999,999,50.670579,1.813,168,327,1,1,0,43,0,1
sweep,1355,1,354,220,1526,999,999,50.672409,2.013,169,1526,1,1,0,43,0,1
sweep,1356,1,355,220,-1111,999,999,50.674439,2.023,170,-1111,1,1,0,43,0,1
sweep,1357,1,356,220,-1677,999,999,50.676478,1.981,171,-1677,1,1,0,43,0,1
sweep,1358,1,357,220,343,999,999,50.678475,1.907,172,343,1,1,0,43,0,1
sweep,1359,1,358,220,-1000,999,999,50.680396,2.072,173,-1000,1,1,0,43,0,1
sweep,1360,1,359,220,-963,999,999,50.682484,2.972,174,-963,1,1,0,43,0,1
sweep,1361,1,360,220,-6,999,999,50.685471,1.919,176,-6,1,1,0,43,0,1
sweep,1362,1,361,220,-638,999,999,50.687405,2.141,177,-638,1,1,0,43,0,1
sweep,1363,1,362,220,-825,999,999,50.689563,1.862,178,-825,1,1,0,43,0,1
sweep,1364,1,363,220,189,999,999,50.691442,2.021,179,189,1,1,0,43,0,1
sweep,1365,1,364,220,252,999,999,50.693479,1.914,180,252,1,1,0,43,0,1
sweep,1366,1,365,220,-299,999,999,50.695407,2.026,181,-299,1,1,0,43,0,1
sweep,1367,1,366,220,-490,999,999,50.697454,1.963,182,-490,1,1,0,43,0,1
sweep,1368,1,367,220,-215,999,999,50.699434,2.040,183,-215,1,1,0,43,0,1
sweep,1369,1,368,220,856,999,999,50.701492,1.884,184,856,1,1,0,43,0,1
sweep,1370,1,369,220,-1520,999,999,50.703391,2.085,185,-1520,1,1,0,43,0,1
sweep,1371,1,370,220,-1021,999,999,50.705491,1.951,187,-1021,1,1,0,43,0,1
sweep,1372,1,371,220,614,999,999,50.707457,1.956,188,614,1,1,0,43,0,1
sweep,1373,1,372,220,-1077,999,999,50.709431,2.000,189,-1077,1,1,0,43,0,1
sweep,1374,1,373,220,-1052,999,999,50.711447,2.031,190,-1052,1,1,0,43,0,1
sweep,1375,1,374,220,983,999,999,50.713493,1.949,191,983,1,1,0,43,0,1
sweep,1376,1,375,220,732,999,999,50.715460,1.983,192,732,1,1,0,43,0,1
sweep,1377,1,376,220,-604,999,999,50.717459,1.945,193,-604,1,1,0,43,0,1
sweep,1378,1,377,220,560,999,999,50.719419,1.962,194,560,1,1,0,43,0,1
sweep,1379,1,378,220,-75,999,999,50.721398,1.999,195,-75,1,1,0,43,0,1
sweep,1380,1,379,220,693,999,999,50.723412,2.028,196,693,1,1,0,43,0,1
sweep,1381,1,380,220,121,999,999,50.725455,1.939,198,121,1,1,0,43,0,1
sweep,1382,1,381,220,-332,999,999,50.727408,2.064,199,-332,1,1,0,43,0,1
sweep,1383,1,382,220,-1726,999,999,50.729489,1.944,200,-1726,1,1,0,43,0,1
sweep,1384,1,383,220,176,999,999,50.731448,1.998,201,176,1,1,0,43,0,1
sweep,1385,1,384,220,-1736,999,999,50.733461,1.923,202,-1736,1,1,0,43,0,1
sweep,1386,1,385,220,-1391,999,999,50.735399,2.030,203,-1391,1,1,0,43,0,1
sweep,1387,1,386,220,879,999,999,50.737447,1.986,204,879,1,1,0,43,0,1
sweep,1388,1,387,220,742,999,999,50.739449,1.994,205,742,1,1,0,43,0,1
sweep,1389,1,388,220,547,999,999,50.741460,1.956,206,547,1,1,0,43,0,1
sweep,1390,1,389,220,901,999,999,50.743434,2.022,207,901,1,1,0,43,0,1
sweep,1391,1,390,220,718,999,999,50.745472,1.934,209,718,1,1,0,43,0,1
sweep,1392,1,391,220,1644,999,999,50.747420,1.999,210,1644,1,1,0,43,0,1
sweep,1393,1,392,220,-49,999,999,50.749436,1.953,211,-49,1,1,0,43,0,1
sweep,1394,1,393,220,1568,999,999,50.751411,2.071,212,1568,1,1,0,43,0,1
sweep,1395,1,394,220,1078,999,999,50.753498,3.010,213,1078,1,1,0,43,0,1
sweep,1396,1,395,220,564,999,999,50.756527,1.952,214,564,1,1,0,43,0,1
sweep,1397,1,396,220,-413,999,999,50.758495,1.917,215,-413,1,1,0,43,0,1
sweep,1398,1,397,220,-432,999,999,50.760428,2.042,216,-432,1,1,0,43,0,1
sweep,1399,1,398,220,-1517,999,999,50.762516,1.887,217,-1517,1,1,0,43,0,1
sweep,1400,1,399,220,829,999,999,50.764416,2.052,218,829,1,1,0,43,0,1
sweep,1401,1,400,220,-99,999,999,50.766483,1.977,220,-99,1,0,0,43,0,1
sweep,1402,1,401,220,-1021,999,999,50.768477,2.023,220,-1021,1,0,0,43,0,1
sweep,1403,1,402,220,1053,999,999,50.770519,1.845,220,1053,1,0,0,43,0,1
sweep,1404,1,403,220,286,999,999,50.772377,2.107,220,286,1,0,0,43,0,1
sweep,1405,1,404,220,1474,999,999,50.774501,1.863,220,1474,1,0,0,43,0,1
sweep,1406,1,405,220,204,999,999,50.776380,2.015,220,204,1,0,0,43,0,1
sweep,1407,1,406,220,1628,999,999,50.778408,2.054,220,1628,1,0,0,43,0,1
sweep,1408,1,407,220,1588,999,999,50.780481,1.901,220,1588,1,0,0,43,0,1
sweep,1409,1,408,220,670,999,999,50.782396,2.022,220,670,1,0,0,43,0,1
sweep,1410,1,409,220,488,999,999,50.784434,1.955,220,488,1,0,0,43,0,1
sweep,1411,1,410,220,885,999,999,50.786405,1.994,220,885,1,0,0,43,0,1
sweep,1412,1,411,220,434,999,999,50.788411,2.018,220,434,1,0,0,43,0,1
sweep,1413,1,412,220,232,999,999,50.790443,2.011,220,232,1,0,0,43,0,1
sweep,1414,1,413,220,1682,999,999,50.792468,1.975,220,1682,1,0,0,43,0,1
sweep,1415,1,414,220,136,999,999,50.794463,1.909,220,136,1,0,0,43,0,1
sweep,1416,1,415,220,637,999,999,50.796385,2.042,220,637,1,0,0,43,0,1
sweep,1417,1,416,220,967,999,999,50.798440,1.991,220,967,1,0,0,43,0,1
sweep,1418,1,417,220,1204,999,999,50.800449,1.969,220,1204,1,0,0,43,0,1
sweep,1419,1,418,220,538,999,999,50.802435,1.963,220,538,1,0,0,43,0,1
sweep,1420,1,419,220,1690,999,999,50.804415,2.037,220,1690,1,0,0,43,0,1
sweep,1421,1,420,220,1325,999,999,50.806468,1.988,220,1325,1,0,0,43,0,1
sweep,1422,1,421,220,23,999,999,50.808472,1.912,220,23,1,0,0,43,0,1
sweep,1423,1,422,220,652,999,999,50.810398,1.987,220,652,1,0,0,43,0,1
sweep,1424,1,423,220,109,999,999,50.812401,2.005,220,109,1,0,0,43,0,1
sweep,1425,1,424,220,-1143,999,999,50.814423,2.006,220,-1143,1,0,0,43,0,1
sweep,1426,1,425,220,1588,999,999,50.816445,2.004,220,1588,1,0,0,43,0,1
sweep,1427,1,426,220,-722,999,999,50.818465,1.988,220,-722,1,0,0,43,0,1
sweep,1428,1,427,220,947,999,999,50.820469,1.947,220,947,1,0,0,43,0,1
sweep,1429,1,428,220,1536,999,999,50.822431,3.035,220,1536,1,0,0,43,0,1
sweep,1430,1,429,220,328,999,999,50.825478,1.924,220,328,1,0,0,43,0,1
sweep,1431,1,430,220,-585,999,999,50.827415,2.047,220,-585,1,0,0,43,0,1
sweep,1432,1,431,220,487,999,999,50.829481,1.906,220,487,1,0,0,43,0,1
sweep,1433,1,432,220,1313,999,999,50.831402,2.029,220,1313,1,0,0,43,0,1
sweep,1434,1,433,220,1480,999,999,50.833446,1.936,220,1480,1,0,0,43,0,1
sweep,1435,1,434,220,-197,999,999,50.835399,2.053,220,-197,1,0,0,43,0,1
sweep,1436,1,435,220,667,999,999,50.837468,1.916,220,667,1,0,0,43,0,1
sweep,1437,1,436,220,390,999,999,50.839397,2.071,220,390,1,0,0,43,0,1
sweep,1438,1,437,220,-759,999,999,50.841482,1.917,220,-759,1,0,0,43,0,1
sweep,1439,1,438,220,-774,999,999,50.843413,2.035,220,-774,1,0,0,43,0,1
sweep,1440,1,439,220,-550,999,999,50.845460,1.926,220,-550,1,0,0,43,0,1
sweep,1441,1,440,220,-1760,999,999,50.847401,2.074,220,-1760,1,0,0,43,0,1
sweep,1442,1,441,220,656,999,999,50.849487,1.889,220,656,1,0,0,43,0,1
sweep,1443,1,442,220,1282,999,999,50.851389,2.121,220,1282,1,0,0,43,0,1
sweep,1444,1,443,220,-1633,999,999,50.853527,1.899,220,-1633,1,0,0,43,0,1
sweep,1445,1,444,220,1382,999,999,50.855442,2.056,220,1382,1,0,0,43,0,1
sweep,1446,1,445,220,54,999,999,50.857513,1.881,220,54,1,0,0,43,0,1
sweep,1447,1,446,220,54,999,999,50.859410,2.127,220,54,1,0,0,43,0,1
sweep,1448,1,447,220,-364,999,999,50.861552,1.898,220,-364,1,0,0,43,0,1
sweep,1449,1,448,220,-870,999,999,50.863466,1.966,220,-870,1,0,0,43,0,1
sweep,1450,1,449,220,260,999,999,50.865447,1.942,220,260,1,0,0,43,0,1
sweep,1451,1,450,220,-1,999,999,50.867405,1.977,220,-1,1,0,0,43,0,1
sweep,1452,1,451,220,-964,999,999,50.869395,2.020,220,-964,1,0,0,43,0,1
sweep,1453,1,452,220,1045,999,999,50.871428,2.038,220,1045,1,0,0,43,0,1
sweep,1454,1,453,220,129,999,999,50.873486,1.927,220,129,1,0,0,43,0,1
sweep,1455,1,454,220,-446,999,999,50.875428,1.964,220,-446,1,0,0,43,0,1
sweep,1456,1,455,220,1031,999,999,50.877405,1.960,220,1031,1,0,0,43,0,1
sweep,1457,1,456,220,743,999,999,50.879378,2.004,220,743,1,0,0,43,0,1
sweep,1458,1,457,220,-1227,999,999,50.881393,2.045,220,-1227,1,0,0,43,0,1
sweep,1459,1,458,220,-248,999,999,50.883450,2.013,220,-248,1,0,0,43,0,1
sweep,1460,1,459,220,1712,999,999,50.885480,1.947,220,1712,1,0,0,43,0,1
sweep,1461,1,460,220,-29,999,999,50.887441,1.984,220,-29,1,0,0,43,0,1
sweep,1462,1,461,220,-1598,999,999,50.889440,1.980,220,-1598,1,0,0,43,0,1
sweep,1463,1,462,220,809,999,999,50.891436,2.001,220,809,1,0,0,43,0,1
sweep,1464,1,463,220,-1365,999,999,50.893454,3.028,220,-1365,1,0,0,43,0,1
sweep,1465,1,464,220,-361,999,999,50.896498,1.955,220,-361,1,0,0,43,0,1
sweep,1466,1,465,220,1749,999,999,50.898477,1.999,220,1749,1,0,0,43,0,1
sweep,1467,1,466,220,1394,999,999,50.900492,1.957,220,1394,1,0,0,43,0,1
sweep,1468,1,467,220,-1787,999,999,50.902462,1.941,220,-1787,1,0,0,43,0,1
sweep,1469,1,468,220,-773,999,999,50.904420,2.047,220,-773,1,0,0,43,0,1
sweep,1470,1,469,220,1257,999,999,50.906480,1.981,220,1257,1,0,0,43,0,1
sweep,1471,1,470,220,396,999,999,50.908475,1.998,220,396,1,0,0,43,0,1
sweep,1472,1,471,220,1219,999,999,50.910496,2.058,220,1219,1,0,0,43,0,1
sweep,1473,1,472,220,-1599,999,999,50.912573,1.878,220,-1599,1,0,0,43,0,1
sweep,1474,1,473,220,-565,999,999,50.914470,2.211,220,-565,1,0,0,43,0,1
sweep,1475,1,474,220,-269,999,999,50.916704,1.721,220,-269,1,0,0,43,0,1
sweep,1476,1,475,220,-1759,999,999,50.918442,2.057,220,-1759,1,0,0,43,0,1
sweep,1477,1,476,220,-491,999,999,50.920517,1.947,220,-491,1,0,0,43,0,1
sweep,1478,1,477,220,-435,999,999,50.922486,2.401,220,-435,1,0,0,43,0,1
sweep,1479,1,478,220,-556,999,999,50.924915,5.814,220,-556,1,0,0,43,0,1
sweep,1480,1,479,220,593,999,999,50.930787,1.775,220,593,1,0,0,43,0,1
sweep,1481,1,480,220,1776,999,999,50.932625,1.980,220,1776,1,0,0,43,0,1
sweep,1482,1,481,220,1403,999,999,50.934645,3.863,220,1403,1,0,0,43,0,1
sweep,1483,1,482,220,1555,999,999,50.938548,2.241,220,1555,1,0,0,43,0,1
sweep,1484,1,483,220,1745,999,999,50.940828,1.879,220,1745,1,0,0,43,0,1
sweep,1485,1,484,220,-1617,999,999,50.942756,1.852,220,-1617,1,0,0,43,0,1
sweep,1486,1,485,220,-966,999,999,50.944640,2.324,220,-966,1,0,0,43,0,1
sweep,1487,1,486,220,1115,999,999,50.946998,1.637,220,1115,1,0,0,43,0,1
sweep,1488,1,487,220,-1486,999,999,50.948667,2.077,220,-1486,1,0,0,43,0,1
sweep,1489,1,488,220,-474,999,999,50.950782,1.791,220,-474,1,0,0,43,0,1
sweep,1490,1,489,220,-1329,999,999,50.952599,1.966,220,-1329,1,0,0,43,0,1
sweep,1491,1,490,220,930,999,999,50.954592,1.985,220,930,1,0,0,43,0,1
sweep,1492,1,491,220,1542,999,999,50.956601,2.120,220,1542,1,0,0,43,0,1
sweep,1493,1,492,220,823,999,999,50.958745,1.757,220,823,1,0,0,43,0,1
sweep,1494,1,493,220,-1549,999,999,50.960521,2.107,220,-1549,1,0,0,43,0,1
sweep,1495,1,494,220,-1295,999,999,50.962645,1.987,220,-1295,1,0,0,43,0,1
sweep,1496,1,495,220,1379,999,999,50.964649,1.906,220,1379,1,0,0,43,0,1
sweep,1497,1,496,220,1009,999,999,50.966581,1.967,220,1009,1,0,0,43,0,1
sweep,1498,1,497,220,-615,999,999,50.968585,2.880,220,-615,1,0,0,43,0,1
sweep,1499,1,498,220,-143,999,999,50.971496,1.939,220,-143,1,0,0,43,0,1
sweep,1500,1,499,220,668,999,999,50.973452,1.943,220,668,1,0,0,43,0,1
sweep,1501,1,500,220,-425,999,999,50.975412,1.992,220,-425,1,0,0,43,0,1
sweep,1502,1,501,220,-868,999,999,50.977431,2.036,220,-868,1,0,0,43,0,1
sweep,1503,1,502,220,-1709,999,999,50.979484,1.930,220,-1709,1,0,0,43,0,1
sweep,1504,1,503,220,818,999,999,50.981433,2.026,220,818,1,0,0,43,0,1
sweep,1505,1,504,220,1049,999,999,50.983476,1.924,220,1049,1,0,0,43,0,1
sweep,1506,1,505,220,1004,999,999,50.985418,2.030,220,1004,1,0,0,43,0,1
sweep,1507,1,506,220,-1071,999,999,50.987470,1.973,220,-1071,1,0,0,43,0,1
sweep,1508,1,507,220,1274,999,999,50.989463,2.072,220,1274,1,0,0,43,0,1
sweep,1509,1,508,220,1318,999,999,50.991554,1.969,220,1318,1,0,0,43,0,1
sweep,1510,1,509,220,1279,999,999,50.993544,1.948,220,1279,1,0,0,43,0,1
sweep,1511,1,510,220,245,999,999,50.995544,1.897,220,245,1,0,0,43,0,1
sweep,1512,1,511,220,1251,999,999,50.997469,2.019,220,1251,1,0,0,43,0,1
sweep,1513,1,512,220,531,999,999,50.999503,1.958,220,531,1,0,0,43,0,1
sweep,1514,1,513,220,804,999,999,51.001475,2.042,220,804,1,0,0,43,0,1
sweep,1515,1,514,220,-322,999,999,51.003531,2.049,220,-322,1,0,0,43,0,1
sweep,1516,1,515,220,-581,999,999,51.005602,1.881,220,-581,1,0,0,43,0,1
sweep,1517,1,516,220,-617,999,999,51.007498,1.988,220,-617,1,0,0,43,0,1
sweep,1518,1,517,220,-272,999,999,51.009499,2.084,220,-272,1,0,0,43,0,1
sweep,1519,1,518,220,-98,999,999,51.011597,2.012,220,-98,1,0,0,43,0,1
sweep,1520,1,519,220,336,999,999,51.013622,1.835,220,336,1,0,0,43,0,1
sweep,1521,1,520,220,70,999,999,51.015470,2.063,220,70,1,0,0,43,0,1
sweep,1522,1,521,220,1500,999,999,51.017546,2.028,220,1500,1,0,0,43,0,1
sweep,1523,1,522,220,1728,999,999,51.019586,2.026,220,1728,1,0,0,43,0,1
sweep,1524,1,523,220,1694,999,999,51.021628,1.927,220,1694,1,0,0,43,0,1
sweep,1525,1,524,220,-1517,999,999,51.023575,1.962,220,-1517,1,0,0,43,0,1
sweep,1526,1,525,220,-1005,999,999,51.025557,1.948,220,-1005,1,0,0,43,0,1
sweep,1527,1,526,220,-151,999,999,51.027520,2.035,220,-151,1,0,0,43,0,1
sweep,1528,1,527,220,-872,999,999,51.029568,2.153,220,-872,1,0,0,43,0,1
sweep,1529,1,528,220,669,999,999,51.031744,1.755,220,669,1,0,0,43,0,1
sweep,1530,1,529,220,-1648,999,999,51.033525,2.090,220,-1648,1,0,0,43,0,1
sweep,1531,1,530,220,709,999,999,51.035635,1.801,220,709,1,0,0,43,0,1
sweep,1532,1,531,220,-834,999,999,51.037450,3.001,220,-834,1,0,0,43,0,1
sweep,1533,1,532,220,759,999,999,51.040480,1.987,220,759,1,0,0,43,0,1
sweep,1534,1,533,220,-901,999,999,51.042483,1.998,220,-901,1,0,0,43,0,1
sweep,1535,1,534,220,-823,999,999,51.044500,2.010,220,-823,1,0,0,43,0,1
sweep,1536,1,535,220,1101,999,999,51.046528,1.931,220,1101,1,0,0,43,0,1
sweep,1537,1,536,220,-204,999,999,51.048473,1.972,220,-204,1,0,0,43,0,1
sweep,1538,1,537,220,-267,999,999,51.050468,2.055,220,-267,1,0,0,43,0,1
sweep,1539,1,538,220,-960,999,999,51.052543,1.963,220,-960,1,0,0,43,0,1
sweep,1540,1,539,220,727,999,999,51.054524,1.944,220,727,1,0,0,43,0,1
sweep,1541,1,540,220,-1198,999,999,51.056487,1.970,220,-1198,1,0,0,43,0,1
sweep,1542,1,541,220,1129,999,999,51.058475,2.025,220,1129,1,0,0,43,0,1
sweep,1543,1,542,220,-595,999,999,51.060519,1.924,220,-595,1,0,0,43,0,1
sweep,1544,1,543,220,1226,999,999,51.062461,2.017,220,1226,1,0,0,43,0,1
sweep,1545,1,544,220,1124,999,999,51.064497,1.994,220,1124,1,0,0,43,0,1
sweep,1546,1,545,220,1780,999,999,51.066510,1.932,220,1780,1,0,0,43,0,1
sweep,1547,1,546,220,-346,999,999,51.068463,2.098,220,-346,1,0,0,43,0,1
sweep,1548,1,547,220,-1815,999,999,51.070579,1.862,220,-1815,1,0,0,43,0,1
sweep,1549,1,548,220,1099,999,999,51.072460,1.988,220,1099,1,0,0,43,0,1
sweep,1550,1,549,220,1065,999,999,51.074462,1.990,220,1065,1,0,0,43,0,1
sweep,1551,1,550,220,995,999,999,51.076465,1.980,220,995,1,0,0,43,0,1
sweep,1552,1,551,220,-562,999,999,51.078468,2.027,220,-562,1,0,0,43,0,1
sweep,1553,1,552,220,-1,999,999,51.080514,1.971,220,-1,1,0,0,43,0,1
sweep,1554,1,553,220,219,999,999,51.082504,1.922,220,219,1,0,0,43,0,1
sweep,1555,1,554,220,-1121,999,999,51.084443,2.090,220,-1121,1,0,0,43,0,1
sweep,1556,1,555,220,945,999,999,51.086556,1.860,220,945,1,0,0,43,0,1
sweep,1557,1,556,220,-1221,999,999,51.088433,2.090,220,-1221,1,0,0,43,0,1
sweep,1558,1,557,220,-1693,999,999,51.090537,1.949,220,-1693,1,0,0,43,0,1
sweep,1559,1,558,220,-302,999,999,51.092506,1.948,220,-302,1,0,0,43,0,1
sweep,1560,1,559,220,-31,999,999,51.094471,1.918,220,-31,1,0,0,43,0,1
sweep,1561,1,560,220,448,999,999,51.096407,2.097,220,448,1,0,0,43,0,1
sweep,1562,1,561,220,-420,999,999,51.098519,1.998,220,-420,1,0,0,43,0,1
sweep,1563,1,562,220,1761,999,999,51.100535,1.913,220,1761,1,0,0,43,0,1
sweep,1564,1,563,220,1461,999,999,51.102463,1.989,220,1461,1,0,0,43,0,1
sweep,1565,1,564,220,282,999,999,51.104465,1.975,220,282,1,0,0,43,0,1
sweep,1566,1,565,220,185,999,999,51.106459,3.002,220,185,1,0,0,43,0,1
sweep,1567,1,566,220,-520,999,999,51.109475,1.936,220,-520,1,0,0,43,0,1
sweep,1568,1,567,220,653,999,999,51.111425,2.057,220,653,1,0,0,43,0,1
sweep,1569,1,568,220,-1364,999,999,51.113494,2.019,220,-1364,1,0,0,43,0,1
sweep,1570,1,569,220,570,999,999,51.115530,1.955,220,570,1,0,0,43,0,1
sweep,1571,1,570,220,825,999,999,51.117501,1.907,220,825,1,0,0,43,0,1
sweep,1572,1,571,220,-623,999,999,51.119422,2.115,220,-623,1,0,0,43,0,1
sweep,1573,1,572,220,1499,999,999,51.121553,1.799,220,1499,1,0,0,43,0,1
sweep,1574,1,573,220,424,999,999,51.123365,2.104,220,424,1,0,0,43,0,1
sweep,1575,1,574,220,894,999,999,51.125483,1.929,220,894,1,0,0,43,0,1
sweep,1576,1,575,220,-690,999,999,51.127425,1.992,220,-690,1,0,0,43,0,1
sweep,1577,1,576,220,-61,999,999,51.129432,1.942,220,-61,1,0,0,43,0,1
sweep,1578,1,577,220,-1774,999,999,51.131389,2.088,220,-1774,1,0,0,43,0,1
sweep,1579,1,578,220,1628,999,999,51.133492,1.918,220,1628,1,0,0,43,0,1
sweep,1580,1,579,220,-548,999,999,51.135428,1.993,220,-548,1,0,0,43,0,1
sweep,1581,1,580,220,1261,999,999,51.137436,1.968,220,1261,1,0,0,43,0,1
sweep,1582,1,581,220,-1466,999,999,51.139417,2.078,220,-1466,1,0,0,43,0,1
sweep,1583,1,582,220,796,999,999,51.141509,1.912,220,796,1,0,0,43,0,1
sweep,1584,1,583,220,194,999,999,51.143435,1.915,220,194,1,0,0,43,0,1
sweep,1585,1,584,220,-1350,999,999,51.145363,2.079,220,-1350,1,0,0,43,0,1
sweep,1586,1,585,220,232,999,999,51.147460,1.905,220,232,1,0,0,43,0,1
sweep,1587,1,586,220,-917,999,999,51.149383,2.008,220,-917,1,0,0,43,0,1
sweep,1588,1,587,220,1744,999,999,51.151406,2.070,220,1744,1,0,0,43,0,1
sweep,1589,1,588,220,660,999,999,51.153489,1.901,220,660,1,0,0,43,0,1
sweep,1590,1,589,220,1243,999,999,51.155408,2.050,220,1243,1,0,0,43,0,1
sweep,1591,1,590,220,815,999,999,51.157473,2.000,220,815,1,0,0,43,0,1
sweep,1592,1,591,220,1249,999,999,51.159488,1.932,220,1249,1,0,0,43,0,1
sweep,1593,1,592,220,-736,999,999,51.161433,2.030,220,-736,1,0,0,43,0,1
sweep,1594,1,593,220,-31,999,999,51.163482,2.030,220,-31,1,0,0,43,0,1
sweep,1595,1,594,220,-294,999,999,51.165530,1.865,220,-294,1,0,0,43,0,1
sweep,1596,1,595,220,1392,999,999,51.167410,2.021,220,1392,1,0,0,43,0,1
sweep,1597,1,596,220,-876,999,999,51.169451,1.971,220,-876,1,0,0,43,0,1
sweep,1598,1,597,220,-1598,999,999,51.171436,2.027,220,-1598,1,0,0,43,0,1
sweep,1599,1,598,220,-1401,999,999,51.173475,1.984,220,-1401,1,0,0,43,0,1
sweep,1600,1,599,220,624,999,999,51.175472,1.916,220,624,1,0,0,43,0,1
sweep,1601,1,600,220,290,999,999,51.177400,3.074,220,290,1,0,0,43,0,1
sweep,1602,1,65535,220,286,999,999,51.180489,1.948,220,286,1,0,0,43,0,1
sweep,1603,1,500,0,274,999,999,51.182451,1.914,0,274,1,0,0,43,0,1
sweep,1604,1,500,150,-1153,999,999,51.184381,2.028,150,-1153,1,0,0,43,0,1
sweep,1605,1,300,150,-1289,999,999,51.186425,2.043,110,-1289,1,1,0,43,0,1
sweep,1606,1,300,80,-624,999,999,51.188485,1.961,80,-624,1,1,0,43,0,1
sweep,1607,1,150,220,-1623,999,999,51.190461,1.977,0,-1623,1,2,0,43,0,1
sweep,1608,1,500,-50,1802,999,999,51.192451,2.053,0,1802,1,0,0,43,0,1
sweep,1609,1,500,400,-1541,999,999,51.194518,1.846,220,-1541,1,0,0,43,0,1
switch,1610,0,500,220,0,150,0,51.196408,2.018,150,0,0,0,34,44,0,1
switch,1611,0,500,220,0,150,0,51.198445,1.966,150,0,0,0,0,44,0,1
switch,1612,0,500,220,0,150,0,51.248607,3.074,150,0,0,0,0,44,0,1
switch,1613,0,500,220,0,150,0,51.298633,2.936,150,0,0,0,0,44,0,1
switch,1614,0,500,220,0,150,0,51.349381,4.136,150,0,0,0,0,44,0,1
switch,1615,0,500,220,0,150,0,51.398855,2.621,150,0,0,0,0,44,0,1
switch,1616,0,500,220,0,150,0,51.448700,2.702,150,0,0,0,0,44,0,1
switch,1617,0,500,220,0,150,0,51.498798,2.603,150,0,0,0,0,44,0,1
switch,1618,0,500,220,0,150,0,51.548737,2.750,150,0,0,0,0,44,0,1
switch,1619,0,500,220,0,150,0,51.598771,2.662,150,0,0,0,0,44,0,1
switch,1620,0,500,220,0,150,0,51.648654,2.825,150,0,0,0,0,44,0,1
switch,1621,1,500,220,0,150,0,51.698631,3.143,220,0,1,0,34,45,0,1
switch,1622,1,500,220,0,150,0,51.748784,2.760,220,0,1,0,0,45,0,1
switch,1623,1,500,220,0,150,0,51.798925,2.474,220,0,1,0,0,45,0,1
switch,1624,1,500,220,0,150,0,51.849254,2.137,220,0,1,0,0,45,0,1
switch,1625,1,500,220,0,150,0,51.898614,2.811,220,0,1,0,0,45,0,1
switch,1626,1,500,220,0,150,0,51.948892,2.547,220,0,1,0,0,45,0,1
switch,1627,1,500,220,0,150,0,51.998809,2.656,220,0,1,0,0,45,0,1
switch,1628,1,500,220,0,150,0,52.048815,2.676,220,0,1,0,0,45,0,1
switch,1629,1,500,220,0,150,0,52.099045,2.400,220,0,1,0,0,45,0,1
switch,1630,1,500,220,0,150,0,52.149030,2.465,220,0,1,0,0,45,0,1
switch,1631,0,500,220,0,150,0,52.199075,3.330,150,0,0,0,35,46,0,1
switch,1632,0,500,220,0,150,0,52.249106,2.315,150,0,0,0,0,46,0,1
switch,1633,0,500,220,0,150,0,52.298731,2.930,150,0,0,0,0,46,0,1
switch,1634,0,500,220,0,150,0,52.348645,2.861,150,0,0,0,0,46,0,1
switch,1635,0,500,220,0,150,0,52.398603,2.846,150,0,0,0,0,46,0,1
switch,1636,0,500,220,0,150,0,52.448894,2.533,150,0,0,0,0,46,0,1
switch,1637,0,500,220,0,150,0,52.498803,2.585,150,0,0,0,0,46,0,1
switch,1638,0,500,220,0,150,0,52.548599,3.007,150,0,0,0,0,46,0,1
switch,1639,0,500,220,0,150,0,52.598562,1.933,150,0,0,0,0,46,0,1
switch,1640,0,500,220,0,150,0,52.648571,2.907,150,0,0,0,0,46,0,1
switch,1641,1,500,220,0,150,0,52.699107,3.681,220,0,1,0,34,47,0,1
switch,1642,1,500,220,0,150,0,52.748835,2.596,220,0,1,0,0,47,0,1
switch,1643,1,500,220,0,150,0,52.798599,2.820,220,0,1,0,0,47,0,1
switch,1644,1,500,220,0,150,0,52.848666,3.648,220,0,1,0,0,47,0,1
switch,1645,1,500,220,0,150,0,52.898700,2.714,220,0,1,0,0,47,0,1
switch,1646,1,500,220,0,150,0,52.948709,2.683,220,0,1,0,0,47,0,1
switch,1647,1,500,220,0,150,0,52.998886,2.484,220,0,1,0,0,47,0,1
switch,1648,1,500,220,0,150,0,53.049012,3.314,220,0,1,0,0,47,0,1
switch,1649,1,500,220,0,150,0,53.098810,2.643,220,0,1,0,0,47,0,1
switch,1650,1,500,220,0,150,0,53.148660,2.735,220,0,1,0,0,47,0,1
switch,1651,0,500,220,0,150,0,53.198974,2.446,150,0,0,0,35,48,0,1
switch,1652,0,500,220,0,150,0,53.248848,2.530,150,0,0,0,0,48,0,1
switch,1653,0,500,220,0,150,0,53.298938,2.499,150,0,0,0,0,48,0,1
switch,1654,0,500,220,0,150,0,53.348878,2.732,150,0,0,0,0,48,0,1
switch,1655,0,500,220,0,150,0,53.398575,2.731,150,0,0,0,0,48,0,1
switch,1656,0,500,220,0,150,0,53.448805,2.551,150,0,0,0,0,48,0,1
switch,1657,0,500,220,0,150,0,53.499029,2.391,150,0,0,0,0,48,0,1
switch,1658,0,500,220,0,150,0,53.549017,2.352,150,0,0,0,0,48,0,1
switch,1659,0,500,220,0,150,0,53.598696,2.698,150,0,0,0,0,48,0,1
switch,1660,0,500,220,0,150,0,53.649011,2.358,150,0,0,0,0,48,0,1
switch,1661,1,500,220,0,150,0,53.699052,3.261,220,0,1,0,34,49,0,1
switch,1662,1,500,220,0,150,0,53.749145,4.574,220,0,1,0,0,49,0,1
switch,1663,1,500,220,0,150,0,53.798904,2.441,220,0,1,0,0,49,0,1
switch,1664,1,500,220,0,150,0,53.848997,2.655,220,0,1,0,0,49,0,1
switch,1665,1,500,220,0,150,0,53.898943,2.449,220,0,1,0,0,49,0,1
switch,1666,1,500,220,0,150,0,53.948864,2.488,220,0,1,0,0,49,0,1
switch,1667,1,500,220,0,150,0,53.998566,2.767,220,0,1,0,0,49,0,1
switch,1668,1,500,220,0,150,0,54.049005,2.488,220,0,1,0,0,49,0,1
switch,1669,1,500,220,0,150,0,54.098868,2.998,220,0,1,0,0,49,0,1
switch,1670,1,500,220,0,150,0,54.148933,2.412,220,0,1,0,0,49,0,1
switch,1671,0,500,220,0,150,0,54.199080,3.262,150,0,0,0,34,50,0,1
switch,1672,0,500,220,0,150,0,54.248986,2.330,150,0,0,0,0,50,0,1
switch,1673,0,500,220,0,150,0,54.298573,2.700,150,0,0,0,0,50,0,1
switch,1674,0,500,220,0,150,0,54.349088,3.469,150,0,0,0,0,50,0,1
switch,1675,0,500,220,0,150,0,54.398888,2.450,150,0,0,0,0,50,0,1
switch,1676,0,500,220,0,150,0,54.448843,3.637,150,0,0,0,0,50,0,1
switch,1677,0,500,220,0,150,0,54.499006,3.269,150,0,0,0,0,50,0,1
switch,1678,0,500,220,0,150,0,54.548578,2.921,150,0,0,0,0,50,0,1
switch,1679,0,500,220,0,150,0,54.598949,2.348,150,0,0,0,0,50,0,1
switch,1680,0,500,220,0,150,0,54.648569,2.917,150,0,0,0,0,50,0,1
switch,1681,1,500,220,0,150,0,54.699029,3.317,220,0,1,0,35,51,0,1
switch,1682,1,500,220,0,150,0,54.748683,2.660,220,0,1,0,0,51,0,1
switch,1683,1,500,220,0,150,0,54.799111,2.596,220,0,1,0,0,51,0,1
switch,1684,1,500,220,0,150,0,54.849065,3.336,220,0,1,0,0,51,0,1
switch,1685,1,500,220,0,150,0,54.898562,2.775,220,0,1,0,0,51,0,1
switch,1686,1,500,220,0,150,0,54.949123,2.200,220,0,1,0,0,51,0,1
switch,1687,1,500,220,0,150,0,54.998893,2.426,220,0,1,0,0,51,0,1
switch,1688,1,500,220,0,150,0,55.049049,2.271,220,0,1,0,0,51,0,1
switch,1689,1,500,220,0,150,0,55.099143,3.459,220,0,1,0,0,51,0,1
switch,1690,1,500,220,0,150,0,55.149022,4.102,220,0,1,0,0,51,0,1
switch,1691,0,500,220,0,150,0,55.198967,2.371,150,0,0,0,34,52,0,1
switch,1692,0,500,220,0,150,0,55.248986,3.374,150,0,0,0,0,52,0,1
switch,1693,0,500,220,0,150,0,55.298832,2.492,150,0,0,0,0,52,0,1
switch,1694,0,500,220,0,150,0,55.348905,2.554,150,0,0,0,0,52,0,1
switch,1695,0,500,220,0,150,0,55.398615,2.708,150,0,0,0,0,52,0,1
switch,1696,0,500,220,0,150,0,55.448887,2.407,150,0,0,0,0,52,0,1
switch,1697,0,500,220,0,150,0,55.498882,2.409,150,0,0,0,0,52,0,1
switch,1698,0,500,220,0,150,0,55.548978,2.307,150,0,0,0,0,52,0,1
switch,1699,0,500,220,0,150,0,55.598837,2.612,150,0,0,0,0,52,0,1
switch,1700,0,500,220,0,150,0,55.648890,2.420,150,0,0,0,0,52,0,1
switch,1701,1,500,220,0,150,0,55.698723,2.553,220,0,1,0,32,53,0,1
switch,1702,1,500,220,0,150,0,55.748770,2.546,220,0,1,0,0,53,0,1
switch,1703,1,500,220,0,150,0,55.798912,2.397,220,0,1,0,0,53,0,1
switch,1704,1,500,220,0,150,0,55.848606,2.749,220,0,1,0,0,53,0,1
switch,1705,1,500,220,0,150,0,55.898610,2.685,220,0,1,0,0,53,0,1
switch,1706,1,500,220,0,150,0,55.949039,3.177,220,0,1,0,0,53,0,1
switch,1707,1,500,220,0,150,0,55.999087,3.348,220,0,1,0,0,53,0,1
switch,1708,1,500,220,0,150,0,56.049173,4.083,220,0,1,0,0,53,0,1
switch,1709,1,500,220,0,150,0,56.098620,2.653,220,0,1,0,0,53,0,1
switch,1710,1,500,220,0,150,0,56.149136,3.216,220,0,1,0,0,53,0,1
switch,1711,0,500,220,0,150,0,56.198893,3.001,150,0,0,0,34,54,0,1
switch,1712,0,500,220,0,150,0,56.249085,2.229,150,0,0,0,0,54,0,1
switch,1713,0,500,220,0,150,0,56.298935,3.444,150,0,0,0,0,54,0,1
switch,1714,0,500,220,0,150,0,56.348598,2.697,150,0,0,0,0,54,0,1
switch,1715,0,500,220,0,150,0,56.398738,2.620,150,0,0,0,0,54,0,1
switch,1716,0,500,220,0,150,0,56.448790,2.616,150,0,0,0,0,54,0,1
switch,1717,0,500,220,0,150,0,56.499141,2.148,150,0,0,0,0,54,0,1
switch,1718,0,500,220,0,150,0,56.548776,2.489,150,0,0,0,0,54,0,1
switch,1719,0,500,220,0,150,0,56.598559,2.694,150,0,0,0,0,54,0,1
switch,1720,0,500,220,0,150,0,56.648726,2.590,150,0,0,0,0,54,0,1
switch,1721,1,500,220,0,150,0,56.698628,2.650,220,0,1,0,35,55,0,1
switch,1722,1,500,220,0,150,0,56.748913,4.037,220,0,1,0,0,55,0,1
switch,1723,1,500,220,0,150,0,56.798697,3.511,220,0,1,0,0,55,0,1
switch,1724,1,500,220,0,150,0,56.848708,2.597,220,0,1,0,0,55,0,1
switch,1725,1,500,220,0,150,0,56.898813,2.740,220,0,1,0,0,55,0,1
switch,1726,1,500,220,0,150,0,56.949144,3.052,220,0,1,0,0,55,0,1
switch,1727,1,500,220,0,150,0,56.998873,2.682,220,0,1,0,0,55,0,1
switch,1728,1,500,220,0,150,0,57.048573,2.767,220,0,1,0,0,55,0,1
switch,1729,1,500,220,0,150,0,57.098616,2.619,220,0,1,0,0,55,0,1
switch,1730,1,500,220,0,150,0,57.148906,3.291,220,0,1,0,0,55,0,1
switch,1731,0,500,220,0,150,0,57.198963,2.275,150,0,0,0,34,56,0,1
switch,1732,0,500,220,0,150,0,57.248763,2.486,150,0,0,0,0,56,0,1
switch,1733,0,500,220,0,150,0,57.298561,2.771,150,0,0,0,0,56,0,1
switch,1734,0,500,220,0,150,0,57.348586,2.671,150,0,0,0,0,56,0,1
switch,1735,0,500,220,0,150,0,57.398994,2.285,150,0,0,0,0,56,0,1
switch,1736,0,500,220,0,150,0,57.448677,2.609,150,0,0,0,0,56,0,1
switch,1737,0,500,220,0,150,0,57.498875,2.388,150,0,0,0,0,56,0,1
switch,1738,0,500,220,0,150,0,57.548925,2.343,150,0,0,0,0,56,0,1
switch,1739,0,500,220,0,150,0,57.598591,2.637,150,0,0,0,0,56,0,1
switch,1740,0,500,220,0,150,0,57.648891,2.339,150,0,0,0,0,56,0,1
switch,1741,1,500,220,0,150,0,57.698797,2.852,220,0,1,0,35,57,0,1
switch,1742,1,500,220,0,150,0,57.749073,3.285,220,0,1,0,0,57,0,1
switch,1743,1,500,220,0,150,0,57.798631,2.644,220,0,1,0,0,57,0,1
switch,1744,1,500,220,0,150,0,57.848836,3.365,220,0,1,0,0,57,0,1
switch,1745,1,500,220,0,150,0,57.898873,2.382,220,0,1,0,0,57,0,1
switch,1746,1,500,220,0,150,0,57.948773,2.468,220,0,1,0,0,57,0,1
switch,1747,1,500,220,0,150,0,57.998867,2.507,220,0,1,0,0,57,0,1
switch,1748,1,500,220,0,150,0,58.048837,2.457,220,0,1,0,0,57,0,1
switch,1749,1,500,220,0,150,0,58.099122,3.274,220,0,1,0,0,57,0,1
switch,1750,1,500,220,0,150,0,58.148768,2.485,220,0,1,0,0,57,0,1
switch,1751,0,500,220,0,150,0,58.198997,4.378,150,0,0,0,34,58,0,1
switch,1752,0,500,220,0,150,0,58.248762,2.447,150,0,0,0,0,58,0,1
switch,1753,0,500,220,0,150,0,58.299046,2.227,150,0,0,0,0,58,0,1
switch,1754,0,500,220,0,150,0,58.348704,2.619,150,0,0,0,0,58,0,1
switch,1755,0,500,220,0,150,0,58.398869,2.384,150,0,0,0,0,58,0,1
switch,1756,0,500,220,0,150,0,58.448901,2.439,150,0,0,0,0,58,0,1
switch,1757,0,500,220,0,150,0,58.499163,3.248,150,0,0,0,0,58,0,1
switch,1758,0,500,220,0,150,0,58.548936,2.294,150,0,0,0,0,58,0,1
switch,1759,0,500,220,0,150,0,58.598905,2.314,150,0,0,0,0,58,0,1
switch,1760,0,500,220,0,150,0,58.648952,2.269,150,0,0,0,0,58,0,1
switch,1761,1,500,220,0,150,0,58.698747,2.481,220,0,1,0,34,59,0,1
switch,1762,1,500,220,0,150,0,58.748774,2.425,220,0,1,0,0,59,0,1
switch,1763,1,500,220,0,150,0,58.798937,4.038,220,0,1,0,0,59,0,1
switch,1764,1,500,220,0,150,0,58.849072,2.156,220,0,1,0,0,59,0,1
switch,1765,1,500,220,0,150,0,58.898964,2.255,220,0,1,0,0,59,0,1
switch,1766,1,500,220,0,150,0,58.948905,2.318,220,0,1,0,0,59,0,1
switch,1767,1,500,220,0,150,0,58.999032,2.219,220,0,1,0,0,59,0,1
switch,1768,1,500,220,0,150,0,59.048806,2.412,220,0,1,0,0,59,0,1
switch,1769,1,500,220,0,150,0,59.098966,3.220,220,0,1,0,0,59,0,1
switch,1770,1,500,220,0,150,0,59.148569,2.806,220,0,1,0,0,59,0,1
switch,1771,0,500,220,0,150,0,59.198766,2.415,150,0,0,0,34,60,0,1
switch,1772,0,500,220,0,150,0,59.248884,3.272,150,0,0,0,0,60,0,1
switch,1773,0,500,220,0,150,0,59.298721,2.459,150,0,0,0,0,60,0,1
switch,1774,0,500,220,0,150,0,59.349095,3.096,150,0,0,0,0,60,0,1
switch,1775,0,500,220,0,150,0,59.398758,2.468,150,0,0,0,0,60,0,1
switch,1776,0,500,220,0,150,0,59.448999,3.173,150,0,0,0,0,60,0,1
switch,1777,0,500,220,0,150,0,59.498767,2.416,150,0,0,0,0,60,0,1
switch,1778,0,500,220,0,150,0,59.548879,2.335,150,0,0,0,0,60,0,1
switch,1779,0,500,220,0,150,0,59.599016,3.162,150,0,0,0,0,60,0,1
switch,1780,0,500,220,0,150,0,59.648747,2.460,150,0,0,0,0,60,0,1
switch,1781,1,500,220,0,150,0,59.698975,4.309,220,0,1,0,34,61,0,1
switch,1782,1,500,220,0,150,0,59.748970,3.148,220,0,1,0,0,61,0,1
switch,1783,1,500,220,0,150,0,59.799030,3.298,220,0,1,0,0,61,0,1
switch,1784,1,500,220,0,150,0,59.848598,2.655,220,0,1,0,0,61,0,1
switch,1785,1,500,220,0,150,0,59.898667,2.536,220,0,1,0,0,61,0,1
switch,1786,1,500,220,0,150,0,59.948676,2.541,220,0,1,0,0,61,0,1
switch,1787,1,500,220,0,150,0,59.998893,2.348,220,0,1,0,0,61,0,1
switch,1788,1,500,220,0,150,0,60.048874,3.296,220,0,1,0,0,61,0,1
switch,1789,1,500,220,0,150,0,60.098735,3.574,220,0,1,0,0,61,0,1
switch,1790,1,500,220,0,150,0,60.148586,2.648,220,0,1,0,0,61,0,1
switch,1791,0,500,220,0,150,0,60.198844,2.310,150,0,0,0,34,62,0,1
switch,1792,0,500,220,0,150,0,60.248740,2.435,150,0,0,0,0,62,0,1
switch,1793,0,500,220,0,150,0,60.299114,3.199,150,0,0,0,0,62,0,1
switch,1794,0,500,220,0,150,0,60.348730,2.493,150,0,0,0,0,62,0,1
switch,1795,0,500,220,0,150,0,60.398549,2.715,150,0,0,0,0,62,0,1
switch,1796,0,500,220,0,150,0,60.448881,3.246,150,0,0,0,0,62,0,1
switch,1797,0,500,220,0,150,0,60.498902,3.359,150,0,0,0,0,62,0,1
switch,1798,0,500,220,0,150,0,60.548734,2.444,150,0,0,0,0,62,0,1
switch,1799,0,500,220,0,150,0,60.599073,3.210,150,0,0,0,0,62,0,1
switch,1800,0,500,220,0,150,0,60.648574,2.702,150,0,0,0,0,62,0,1
switch,1801,1,500,220,0,150,0,60.698932,2.213,220,0,1,0,34,63,0,1
switch,1802,1,500,220,0,150,0,60.748899,2.303,220,0,1,0,0,63,0,1
switch,1803,1,500,220,0,150,0,60.798925,2.605,220,0,1,0,0,63,0,1
switch,1804,1,500,220,0,150,0,60.848559,2.598,220,0,1,0,0,63,0,1
switch,1805,1,500,220,0,150,0,60.898966,2.259,220,0,1,0,0,63,0,1
switch,1806,1,500,220,0,150,0,60.948956,4.029,220,0,1,0,0,63,0,1
switch,1807,1,500,220,0,150,0,60.998642,2.546,220,0,1,0,0,63,0,1
switch,1808,1,500,220,0,150,0,61.048701,2.766,220,0,1,0,0,63,0,1
switch,1809,1,500,220,0,150,0,61.098886,2.399,220,0,1,0,0,63,0,1
switch,1810,1,500,220,0,150,0,61.148674,2.731,220,0,1,0,0,63,0,1
switch,1811,0,500,220,0,150,0,61.198678,2.733,150,0,0,0,34,64,0,1
switch,1812,0,500,220,0,150,0,61.248893,2.305,150,0,0,0,0,64,0,1
switch,1813,0,500,220,0,150,0,61.298574,2.707,150,0,0,0,0,64,0,1
switch,1814,0,500,220,0,150,0,61.349164,4.079,150,0,0,0,0,64,0,1
switch,1815,0,500,220,0,150,0,61.399047,3.133,150,0,0,0,0,64,0,1
switch,1816,0,500,220,0,150,0,61.448757,2.406,150,0,0,0,0,64,0,1
switch,1817,0,500,220,0,150,0,61.498610,2.516,150,0,0,0,0,64,0,1
switch,1818,0,500,220,0,150,0,61.548810,3.216,150,0,0,0,0,64,0,1
switch,1819,0,500,220,0,150,0,61.598786,2.433,150,0,0,0,0,64,0,1
switch,1820,0,500,220,0,150,0,61.648660,2.912,150,0,0,0,0,64,0,1
switch,1821,1,500,220,0,150,0,61.698751,2.716,220,0,1,0,34,65,0,1
switch,1822,1,500,220,0,150,0,61.748575,2.561,220,0,1,0,0,65,0,1
switch,1823,1,500,220,0,150,0,61.798801,2.389,220,0,1,0,0,65,0,1
switch,1824,1,500,220,0,150,0,61.848981,3.252,220,0,1,0,0,65,0,1
switch,1825,1,500,220,0,150,0,61.898757,2.472,220,0,1,0,0,65,0,1
switch,1826,1,500,220,0,150,0,61.948580,2.895,220,0,1,0,0,65,0,1
switch,1827,1,500,220,0,150,0,61.998845,3.361,220,0,1,0,0,65,0,1
switch,1828,1,500,220,0,150,0,62.048617,3.115,220,0,1,0,0,65,0,1
switch,1829,1,500,220,0,150,0,62.099047,3.215,220,0,1,0,0,65,0,1
switch,1830,1,500,220,0,150,0,62.148917,2.256,220,0,1,0,0,65,0,1
switch,1831,0,500,220,0,150,0,62.198586,2.566,150,0,0,0,34,66,0,1
switch,1832,0,500,220,0,150,0,62.248992,2.132,150,0,0,0,0,66,0,1
switch,1833,0,500,220,0,150,0,62.298929,2.169,150,0,0,0,0,66,0,1
switch,1834,0,500,220,0,150,0,62.348893,2.248,150,0,0,0,0,66,0,1
switch,1835,0,500,220,0,150,0,62.399094,3.094,150,0,0,0,0,66,0,1
switch,1836,0,500,220,0,150,0,62.449102,2.014,150,0,0,0,0,66,0,1
switch,1837,0,500,220,0,150,0,62.498601,2.516,150,0,0,0,0,66,0,1
switch,1838,0,500,220,0,150,0,62.548762,2.423,150,0,0,0,0,66,0,1
switch,1839,0,500,220,0,150,0,62.598934,3.154,150,0,0,0,0,66,0,1
switch,1840,0,500,220,0,150,0,62.648675,2.423,150,0,0,0,0,66,0,1
switch,1841,1,500,220,0,150,0,62.698701,2.413,220,0,1,0,34,67,0,1
switch,1842,1,500,220,0,150,0,62.748856,2.269,220,0,1,0,0,67,0,1
switch,1843,1,500,220,0,150,0,62.799001,3.170,220,0,1,0,0,67,0,1
switch,1844,1,500,220,0,150,0,62.848912,2.172,220,0,1,0,0,67,0,1
switch,1845,1,500,220,0,150,0,62.898777,2.336,220,0,1,0,0,67,0,1
switch,1846,1,500,220,0,150,0,62.948981,3.097,220,0,1,0,0,67,0,1
switch,1847,1,500,220,0,150,0,62.999251,2.982,220,0,1,0,0,67,0,1
switch,1848,1,500,220,0,150,0,63.049095,2.943,220,0,1,0,0,67,0,1
switch,1849,1,500,220,0,150,0,63.098744,2.363,220,0,1,0,0,67,0,1
switch,1850,1,500,220,0,150,0,63.148947,3.122,220,0,1,0,0,67,0,1
switch,1851,0,500,220,0,150,0,63.198574,2.563,150,0,0,0,35,68,0,1
switch,1852,0,500,220,0,150,0,63.248582,2.560,150,0,0,0,0,68,0,1
switch,1853,0,500,220,0,150,0,63.298603,2.499,150,0,0,0,0,68,0,1
switch,1854,0,500,220,0,150,0,63.348954,3.188,150,0,0,0,0,68,0,1
switch,1855,0,500,220,0,150,0,63.399002,2.325,150,0,0,0,0,68,0,1
switch,1856,0,500,220,0,150,0,63.448653,2.614,150,0,0,0,0,68,0,1
switch,1857,0,500,220,0,150,0,63.498687,2.512,150,0,0,0,0,68,0,1
switch,1858,0,500,220,0,150,0,63.548720,2.373,150,0,0,0,0,68,0,1
switch,1859,0,500,220,0,150,0,63.599200,3.114,150,0,0,0,0,68,0,1
switch,1860,0,500,220,0,150,0,63.648963,3.129,150,0,0,0,0,68,0,1
switch,1861,1,500,220,0,150,0,63.698632,2.449,220,0,1,0,34,69,0,1
switch,1862,1,500,220,0,150,0,63.748939,2.148,220,0,1,0,0,69,0,1
switch,1863,1,500,220,0,150,0,63.798566,2.544,220,0,1,0,0,69,0,1
switch,1864,1,500,220,0,150,0,63.849191,2.942,220,0,1,0,0,69,0,1
switch,1865,1,500,220,0,150,0,63.898863,3.424,220,0,1,0,0,69,0,1
switch,1866,1,500,220,0,150,0,63.948769,2.302,220,0,1,0,0,69,0,1
switch,1867,1,500,220,0,150,0,63.998589,2.527,220,0,1,0,0,69,0,1
switch,1868,1,500,220,0,150,0,64.048989,3.118,220,0,1,0,0,69,0,1
switch,1869,1,500,220,0,150,0,64.098985,3.973,220,0,1,0,0,69,0,1
switch,1870,1,500,220,0,150,0,64.148874,3.499,220,0,1,0,0,69,0,1
switch,1871,0,500,220,0,150,0,64.198915,3.370,150,0,0,0,35,70,0,1
switch,1872,0,500,220,0,150,0,64.248906,3.123,150,0,0,0,0,70,0,1
switch,1873,0,500,220,0,150,0,64.298959,2.169,150,0,0,0,0,70,0,1
switch,1874,0,500,220,0,150,0,64.349226,3.272,150,0,0,0,0,70,0,1
switch,1875,0,500,220,0,150,0,64.398830,3.155,150,0,0,0,0,70,0,1
switch,1876,0,500,220,0,150,0,64.448606,2.452,150,0,0,0,0,70,0,1
switch,1877,0,500,220,0,150,0,64.498799,2.502,150,0,0,0,0,70,0,1
switch,1878,0,500,220,0,150,0,64.548919,3.092,150,0,0,0,0,70,0,1
switch,1879,0,500,220,0,150,0,64.598963,3.181,150,0,0,0,0,70,0,1
switch,1880,0,500,220,0,150,0,64.648914,3.161,150,0,0,0,0,70,0,1
switch,1881,1,500,220,0,150,0,64.698891,3.186,220,0,1,0,34,71,0,1
switch,1882,1,500,220,0,150,0,64.748698,2.370,220,0,1,0,0,71,0,1
switch,1883,1,500,220,0,150,0,64.798624,2.417,220,0,1,0,0,71,0,1
switch,1884,1,500,220,0,150,0,64.849178,2.873,220,0,1,0,0,71,0,1
switch,1885,1,500,220,0,150,0,64.898876,3.211,220,0,1,0,0,71,0,1
switch,1886,1,500,220,0,150,0,64.948644,2.628,220,0,1,0,0,71,0,1
switch,1887,1,500,220,0,150,0,64.998844,2.167,220,0,1,0,0,71,0,1
switch,1888,1,500,220,0,150,0,65.048823,3.282,220,0,1,0,0,71,0,1
switch,1889,1,500,220,0,150,0,65.098919,3.645,220,0,1,0,0,71,0,1
switch,1890,1,500,220,0,150,0,65.148747,2.296,220,0,1,0,0,71,0,1
switch,1891,0,500,220,0,150,0,65.198966,3.215,150,0,0,0,35,72,0,1
switch,1892,0,500,220,0,150,0,65.249574,2.514,150,0,0,0,0,72,0,1
switch,1893,0,500,220,0,150,0,65.298565,2.554,150,0,0,0,0,72,0,1
switch,1894,0,500,220,0,150,0,65.348880,2.224,150,0,0,0,0,72,0,1
switch,1895,0,500,220,0,150,0,65.398834,3.258,150,0,0,0,0,72,0,1
switch,1896,0,500,220,0,150,0,65.448821,3.180,150,0,0,0,0,72,0,1
switch,1897,0,500,220,0,150,0,65.498729,2.299,150,0,0,0,0,72,0,1
switch,1898,0,500,220,0,150,0,65.548753,2.318,150,0,0,0,0,72,0,1
switch,1899,0,500,220,0,150,0,65.598713,2.340,150,0,0,0,0,72,0,1
switch,1900,0,500,220,0,150,0,65.649208,2.867,150,0,0,0,0,72,0,1
switch,1901,1,500,220,0,150,0,65.698891,3.108,220,0,1,0,34,73,0,1
switch,1902,1,500,220,0,150,0,65.748894,4.199,220,0,1,0,0,73,0,1
switch,1903,1,500,220,0,150,0,65.798675,2.369,220,0,1,0,0,73,0,1
switch,1904,1,500,220,0,150,0,65.848879,3.116,220,0,1,0,0,73,0,1
switch,1905,1,500,220,0,150,0,65.898972,3.126,220,0,1,0,0,73,0,1
switch,1906,1,500,220,0,150,0,65.948968,3.069,220,0,1,0,0,73,0,1
switch,1907,1,500,220,0,150,0,65.999521,3.030,220,0,1,0,0,73,0,1
switch,1908,1,500,220,0,150,0,66.048733,2.291,220,0,1,0,0,73,0,1
switch,1909,1,500,220,0,150,0,66.098973,3.654,220,0,1,0,0,73,0,1
switch,1910,1,500,220,0,150,0,66.149209,2.952,220,0,1,0,0,73,0,1
switch,1911,0,500,220,0,150,0,66.198939,3.684,150,0,0,0,34,74,0,1
switch,1912,0,500,220,0,150,0,66.248780,2.239,150,0,0,0,0,74,0,1
switch,1913,0,500,220,0,150,0,66.298573,2.505,150,0,0,0,0,74,0,1
switch,1914,0,500,220,0,150,0,66.349075,3.044,150,0,0,0,0,74,0,1
switch,1915,0,500,220,0,150,0,66.398968,3.093,150,0,0,0,0,74,0,1
switch,1916,0,500,220,0,150,0,66.449166,2.855,150,0,0,0,0,74,0,1
switch,1917,0,500,220,0,150,0,66.498687,2.361,150,0,0,0,0,74,0,1
switch,1918,0,500,220,0,150,0,66.548946,3.103,150,0,0,0,0,74,0,1
switch,1919,0,500,220,0,150,0,66.598969,3.121,150,0,0,0,0,74,0,1
switch,1920,0,500,220,0,150,0,66.648732,2.286,150,0,0,0,0,74,0,1
switch,1921,1,500,220,0,150,0,66.698803,2.181,220,0,1,0,34,75,0,1
switch,1922,1,500,220,0,150,0,66.748820,3.165,220,0,1,0,0,75,0,1
switch,1923,1,500,220,0,150,0,66.798600,2.395,220,0,1,0,0,75,0,1
switch,1924,1,500,220,0,150,0,66.848610,2.354,220,0,1,0,0,75,0,1
switch,1925,1,500,220,0,150,0,66.899135,2.832,220,0,1,0,0,75,0,1
switch,1926,1,500,220,0,150,0,66.948722,2.234,220,0,1,0,0,75,0,1
switch,1927,1,500,220,0,150,0,66.998741,2.253,220,0,1,0,0,75,0,1
switch,1928,1,500,220,0,150,0,67.048806,2.142,220,0,1,0,0,75,0,1
switch,1929,1,500,220,0,150,0,67.098812,3.157,220,0,1,0,0,75,0,1
switch,1930,1,500,220,0,150,0,67.148887,3.113,220,0,1,0,0,75,0,1
switch,1931,0,500,220,0,150,0,67.198795,2.515,150,0,0,0,34,76,0,1
switch,1932,0,500,220,0,150,0,67.249142,4.172,150,0,0,0,0,76,0,1
switch,1933,0,500,220,0,150,0,67.298937,2.033,150,0,0,0,0,76,0,1
switch,1934,0,500,220,0,150,0,67.349101,2.800,150,0,0,0,0,76,0,1
switch,1935,0,500,220,0,150,0,67.398962,3.301,150,0,0,0,0,76,0,1
switch,1936,0,500,220,0,150,0,67.449074,2.911,150,0,0,0,0,76,0,1
switch,1937,0,500,220,0,150,0,67.498704,2.232,150,0,0,0,0,76,0,1
switch,1938,0,500,220,0,150,0,67.548958,3.038,150,0,0,0,0,76,0,1
switch,1939,0,500,220,0,150,0,67.598692,2.253,150,0,0,0,0,76,0,1
switch,1940,0,500,220,0,150,0,67.648807,3.127,150,0,0,0,0,76,0,1
switch,1941,1,500,220,0,150,0,67.699338,2.692,220,0,1,0,35,77,0,1
switch,1942,1,500,220,0,150,0,67.748792,3.138,220,0,1,0,0,77,0,1
switch,1943,1,500,220,0,150,0,67.798904,3.091,220,0,1,0,0,77,0,1
switch,1944,1,500,220,0,150,0,67.848813,2.129,220,0,1,0,0,77,0,1
switch,1945,1,500,220,0,150,0,67.898715,3.230,220,0,1,0,0,77,0,1
switch,1946,1,500,220,0,150,0,67.948610,2.397,220,0,1,0,0,77,0,1
switch,1947,1,500,220,0,150,0,67.999110,3.755,220,0,1,0,0,77,0,1
switch,1948,1,500,220,0,150,0,68.048764,3.230,220,0,1,0,0,77,0,1
switch,1949,1,500,220,0,150,0,68.098813,3.134,220,0,1,0,0,77,0,1
switch,1950,1,500,220,0,150,0,68.148628,2.303,220,0,1,0,0,77,0,1
switch,1951,0,500,220,0,150,0,68.198918,3.979,150,0,0,0,34,78,0,1
switch,1952,0,500,220,0,150,0,68.248901,3.437,150,0,0,0,0,78,0,1
switch,1953,0,500,220,0,150,0,68.298894,2.053,150,0,0,0,0,78,0,1
switch,1954,0,500,220,0,150,0,68.349128,2.762,150,0,0,0,0,78,0,1
switch,1955,0,500,220,0,150,0,68.398594,3.830,150,0,0,0,0,78,0,1
switch,1956,0,500,220,0,150,0,68.448729,2.336,150,0,0,0,0,78,0,1
switch,1957,0,500,220,0,150,0,68.498623,2.382,150,0,0,0,0,78,0,1
switch,1958,0,500,220,0,150,0,68.548620,2.438,150,0,0,0,0,78,0,1
switch,1959,0,500,220,0,150,0,68.599008,2.019,150,0,0,0,0,78,0,1
switch,1960,0,500,220,0,150,0,68.649087,2.874,150,0,0,0,0,78,0,1
switch,1961,1,500,220,0,150,0,68.699147,2.845,220,0,1,0,34,79,0,1
switch,1962,1,500,220,0,150,0,68.748843,4.277,220,0,1,0,0,79,0,1
switch,1963,1,500,220,0,150,0,68.798987,1.948,220,0,1,0,0,79,0,1
switch,1964,1,500,220,0,150,0,68.849043,2.848,220,0,1,0,0,79,0,1
switch,1965,1,500,220,0,150,0,68.899016,2.936,220,0,1,0,0,79,0,1
switch,1966,1,500,220,0,150,0,68.948703,3.228,220,0,1,0,0,79,0,1
switch,1967,1,500,220,0,150,0,68.998568,2.375,220,0,1,0,0,79,0,1
switch,1968,1,500,220,0,150,0,69.049172,2.811,220,0,1,0,0,79,0,1
switch,1969,1,500,220,0,150,0,69.098839,2.062,220,0,1,0,0,79,0,1
switch,1970,1,500,220,0,150,0,69.149099,2.824,220,0,1,0,0,79,0,1
switch,1971,0,500,220,0,150,0,69.198997,3.423,150,0,0,0,34,80,0,1
switch,1972,0,500,220,0,150,0,69.248681,2.201,150,0,0,0,0,80,0,1
switch,1973,0,500,220,0,150,0,69.298588,2.476,150,0,0,0,0,80,0,1
switch,1974,0,500,220,0,150,0,69.349024,3.044,150,0,0,0,0,80,0,1
switch,1975,0,500,220,0,150,0,69.399054,3.580,150,0,0,0,0,80,0,1
switch,1976,0,500,220,0,150,0,69.448567,2.673,150,0,0,0,0,80,0,1
switch,1977,0,500,220,0,150,0,69.498620,2.298,150,0,0,0,0,80,0,1
switch,1978,0,500,220,0,150,0,69.548702,3.280,150,0,0,0,0,80,0,1
switch,1979,0,500,220,0,150,0,69.599091,3.023,150,0,0,0,0,80,0,1
switch,1980,0,500,220,0,150,0,69.649118,2.826,150,0,0,0,0,80,0,1
switch,1981,1,500,220,0,150,0,69.698829,2.064,220,0,1,0,34,81,0,1
switch,1982,1,500,220,0,150,0,69.748697,3.229,220,0,1,0,0,81,0,1
switch,1983,1,500,220,0,150,0,69.799000,1.903,220,0,1,0,0,81,0,1
switch,1984,1,500,220,0,150,0,69.848965,2.850,220,0,1,0,0,81,0,1
switch,1985,1,500,220,0,150,0,69.898702,3.215,220,0,1,0,0,81,0,1
switch,1986,1,500,220,0,150,0,69.948758,3.098,220,0,1,0,0,81,0,1
switch,1987,1,500,220,0,150,0,69.999072,3.132,220,0,1,0,0,81,0,1
switch,1988,1,500,220,0,150,0,70.048941,3.017,220,0,1,0,0,81,0,1
switch,1989,1,500,220,0,150,0,70.099083,2.802,220,0,1,0,0,81,0,1
switch,1990,1,500,220,0,150,0,70.149145,2.790,220,0,1,0,0,81,0,1
switch,1991,0,500,220,0,150,0,70.198744,2.357,150,0,0,0,34,82,0,1
switch,1992,0,500,220,0,150,0,70.249100,3.022,150,0,0,0,0,82,0,1
switch,1993,0,500,220,0,150,0,70.298968,1.930,150,0,0,0,0,82,0,1
switch,1994,0,500,220,0,150,0,70.348767,2.176,150,0,0,0,0,82,0,1
switch,1995,0,500,220,0,150,0,70.398976,3.295,150,0,0,0,0,82,0,1
switch,1996,0,500,220,0,150,0,70.448798,3.027,150,0,0,0,0,82,0,1
switch,1997,0,500,220,0,150,0,70.498731,2.482,150,0,0,0,0,82,0,1
switch,1998,0,500,220,0,150,0,70.548708,2.469,150,0,0,0,0,82,0,1
switch,1999,0,500,220,0,150,0,70.598957,2.055,150,0,0,0,0,82,0,1
switch,2000,0,500,220,0,150,0,70.648576,2.355,150,0,0,0,0,82,0,1
switch,2001,1,500,220,0,150,0,70.698666,2.271,220,0,1,0,34,83,0,1
switch,2002,1,500,220,0,150,0,70.749042,2.813,220,0,1,0,0,83,0,1
switch,2003,1,500,220,0,150,0,70.799042,2.848,220,0,1,0,0,83,0,1
switch,2004,1,500,220,0,150,0,70.849059,2.854,220,0,1,0,0,83,0,1
switch,2005,1,500,220,0,150,0,70.898718,2.180,220,0,1,0,0,83,0,1
switch,2006,1,500,220,0,150,0,70.948795,3.040,220,0,1,0,0,83,0,1
switch,2007,1,500,220,0,150,0,70.999089,2.796,220,0,1,0,0,83,0,1
switch,2008,1,500,220,0,150,0,71.048996,2.852,220,0,1,0,0,83,0,1
switch,2009,1,500,220,0,150,0,71.098621,2.474,220,0,1,0,0,83,0,1
switch,2010,1,500,220,0,150,0,71.148938,3.223,220,0,1,0,0,83,0,1
wdog,2011,0,500,220,0,150,0,71.152323,2.611,150,0,0,0,35,84,0,1
wdog,2012,0,500,220,0,150,0,71.202664,3.962,150,0,0,0,0,84,0,1
wdog,2013,0,500,220,0,150,0,71.252813,3.233,150,0,0,0,0,84,0,1
wdog,2014,0,500,220,0,150,0,71.302618,3.332,150,0,0,0,0,84,0,1
wdog,2015,0,500,220,0,150,0,71.352974,3.239,150,0,0,0,0,84,0,1
wdog,2016,0,500,220,0,150,0,71.402594,3.319,150,0,0,0,0,84,0,1
wdog,2017,0,500,220,0,150,0,71.453048,3.149,150,0,0,0,0,84,0,1
wdog,2018,0,500,220,0,150,0,71.502803,3.050,150,0,0,0,0,84,0,1
wdog,2019,0,500,220,0,150,0,71.552979,3.087,150,0,0,0,0,84,0,1
wdog,2020,0,500,220,0,150,0,71.602942,2.946,150,0,0,0,0,84,0,1
