phase,seq,flag,min_mm,local_v,local_w,edge_v,edge_w,t_send_s,rtt_ms,v_out,w_out,mode,state,switch_us,n_sw,bad_lines,ok
paced,1,0,287,220,0,150,511,0.000028,1.680,150,511,0,1,0,0,0,1
paced,2,0,214,220,0,150,-776,0.050593,3.957,150,-776,0,1,0,0,0,1
paced,3,0,270,220,0,150,209,0.100660,3.039,150,209,0,1,0,0,0,1
paced,4,0,610,220,0,150,114,0.150687,3.219,150,114,0,0,0,0,0,1
paced,5,0,538,220,0,150,1410,0.200283,2.438,150,1410,0,0,0,0,0,1
paced,6,0,364,220,0,150,-1436,0.250177,2.631,150,-1436,0,1,0,0,0,1
paced,7,0,649,220,0,150,-1704,0.300472,3.208,150,-1704,0,0,0,0,0,1
paced,8,0,549,220,0,150,-48,0.350640,3.499,150,-48,0,0,0,0,0,1
paced,9,0,772,220,0,150,1302,0.400317,3.920,150,1302,0,0,0,0,0,1
paced,10,0,152,220,0,150,1030,0.450175,2.646,150,1030,0,2,0,0,0,1
paced,11,0,606,220,0,150,-730,0.500566,3.211,150,-730,0,0,0,0,0,1
paced,12,0,384,220,0,150,601,0.550742,3.731,150,601,0,1,0,0,0,1
paced,13,0,254,220,0,150,-520,0.600191,2.565,150,-520,0,1,0,0,0,1
paced,14,0,181,220,0,150,-1729,0.650634,3.401,150,-1729,0,2,0,0,0,1
paced,15,0,176,220,0,150,840,0.700212,2.535,150,840,0,2,0,0,0,1
paced,16,0,704,220,0,150,-1783,0.750209,2.537,150,-1783,0,0,0,0,0,1
paced,17,0,540,220,0,150,991,0.800291,2.539,150,991,0,0,0,0,0,1
paced,18,0,371,220,0,150,-92,0.850621,3.001,150,-92,0,1,0,0,0,1
paced,19,0,179,220,0,150,341,0.900185,2.599,150,341,0,2,0,0,0,1
paced,20,0,377,220,0,150,1308,0.950180,2.606,150,1308,0,1,0,0,0,1
paced,21,0,598,220,0,150,210,1.000236,2.714,150,210,0,0,0,0,0,1
paced,22,0,716,220,0,150,-866,1.050738,3.439,150,-866,0,0,0,0,0,1
paced,23,0,503,220,0,150,-875,1.100335,2.916,150,-875,0,0,0,0,0,1
paced,24,0,374,220,0,150,1296,1.150161,2.642,150,1296,0,1,0,0,0,1
paced,25,0,620,220,0,150,-634,1.200123,2.545,150,-634,0,0,0,0,0,1
paced,26,0,172,220,0,150,-116,1.250171,2.629,150,-116,0,2,0,0,0,1
paced,27,0,719,220,0,150,810,1.300200,2.564,150,810,0,0,0,0,0,1
paced,28,0,252,220,0,150,-1059,1.350165,2.627,150,-1059,0,1,0,0,0,1
paced,29,0,794,220,0,150,1144,1.400153,2.629,150,1144,0,0,0,0,0,1
paced,30,0,453,220,0,150,-1325,1.450179,2.742,150,-1325,0,0,0,0,0,1
paced,31,0,490,220,0,150,1135,1.500229,2.690,150,1135,0,0,0,0,0,1
paced,32,0,662,220,0,150,-92,1.550158,2.657,150,-92,0,0,0,0,0,1
paced,33,0,669,220,0,150,1579,1.600153,2.500,150,1579,0,0,0,0,0,1
paced,34,0,344,220,0,150,-578,1.650134,2.538,150,-578,0,1,0,0,0,1
paced,35,0,440,220,0,150,586,1.700148,2.514,150,586,0,0,0,0,0,1
paced,36,0,661,220,0,150,1646,1.750162,2.501,150,1646,0,0,0,0,0,1
paced,37,0,667,220,0,150,-209,1.800155,3.609,150,-209,0,0,0,0,0,1
paced,38,0,753,220,0,150,1675,1.850129,2.671,150,1675,0,0,0,0,0,1
paced,39,0,185,220,0,150,147,1.900166,2.512,150,147,0,2,0,0,0,1
paced,40,0,398,220,0,150,1226,1.950162,2.444,150,1226,0,1,0,0,0,1
paced,41,0,563,220,0,150,-123,2.000146,2.710,150,-123,0,0,0,0,0,1
paced,42,0,327,220,0,150,-317,2.050395,3.234,150,-317,0,1,0,0,0,1
paced,43,0,711,220,0,150,1795,2.100188,2.435,150,1795,0,0,0,0,0,1
paced,44,0,533,220,0,150,-1466,2.150665,3.646,150,-1466,0,0,0,0,0,1
paced,45,0,599,220,0,150,898,2.200174,2.545,150,898,0,0,0,0,0,1
paced,46,0,670,220,0,150,-1378,2.250146,2.721,150,-1378,0,0,0,0,0,1
paced,47,0,317,220,0,150,313,2.300198,2.404,150,313,0,1,0,0,0,1
paced,48,0,552,220,0,150,-303,2.350721,3.134,150,-303,0,0,0,0,0,1
paced,49,0,651,220,0,150,1181,2.400348,2.272,150,1181,0,0,0,0,0,1
paced,50,0,180,220,0,150,102,2.450147,2.446,150,102,0,2,0,0,0,1
paced,51,0,194,220,0,150,-557,2.500481,3.344,150,-557,0,2,0,0,0,1
paced,52,0,779,220,0,150,609,2.550427,2.257,150,609,0,0,0,0,0,1
paced,53,0,742,220,0,150,-208,2.600280,2.364,150,-208,0,0,0,0,0,1
paced,54,0,324,220,0,150,-1130,2.650183,3.169,150,-1130,0,1,0,0,0,1
paced,55,0,664,220,0,150,-891,2.700209,2.432,150,-891,0,0,0,0,0,1
paced,56,0,162,220,0,150,1336,2.750206,2.843,150,1336,0,2,0,0,0,1
paced,57,0,354,220,0,150,390,2.800295,2.538,150,390,0,1,0,0,0,1
paced,58,0,711,220,0,150,-870,2.850218,2.868,150,-870,0,0,0,0,0,1
paced,59,0,564,220,0,150,284,2.900241,2.351,150,284,0,0,0,0,0,1
paced,60,0,502,220,0,150,1651,2.950134,2.535,150,1651,0,0,0,0,0,1
paced,61,0,741,220,0,150,-373,3.000626,2.894,150,-373,0,0,0,0,0,1
paced,62,0,620,220,0,150,-718,3.050531,3.191,150,-718,0,0,0,0,0,1
paced,63,0,711,220,0,150,674,3.100510,3.171,150,674,0,0,0,0,0,1
paced,64,0,155,220,0,150,-249,3.150254,2.417,150,-249,0,2,0,0,0,1
paced,65,0,674,220,0,150,1494,3.200159,2.552,150,1494,0,0,0,0,0,1
paced,66,0,282,220,0,150,304,3.250188,2.737,150,304,0,1,0,0,0,1
paced,67,0,724,220,0,150,-979,3.300164,2.608,150,-979,0,0,0,0,0,1
paced,68,0,586,220,0,150,-1591,3.350213,2.689,150,-1591,0,0,0,0,0,1
paced,69,0,642,220,0,150,1743,3.400174,2.771,150,1743,0,0,0,0,0,1
paced,70,0,523,220,0,150,514,3.450291,2.713,150,514,0,0,0,0,0,1
paced,71,0,717,220,0,150,-1002,3.500284,3.218,150,-1002,0,0,0,0,0,1
paced,72,0,666,220,0,150,-127,3.550635,3.441,150,-127,0,0,0,0,0,1
paced,73,0,646,220,0,150,1511,3.600167,2.694,150,1511,0,0,0,0,0,1
paced,74,0,515,220,0,150,-123,3.650154,3.212,150,-123,0,0,0,0,0,1
paced,75,0,504,220,0,150,-1814,3.700206,2.744,150,-1814,0,0,0,0,0,1
paced,76,0,701,220,0,150,392,3.750570,3.150,150,392,0,0,0,0,0,1
paced,77,0,788,220,0,150,1401,3.800589,3.078,150,1401,0,0,0,0,0,1
paced,78,0,777,220,0,150,-464,3.850462,2.114,150,-464,0,0,0,0,0,1
paced,79,0,619,220,0,150,637,3.900146,2.637,150,637,0,0,0,0,0,1
paced,80,0,178,220,0,150,1475,3.950165,2.573,150,1475,0,2,0,0,0,1
paced,81,0,385,220,0,150,782,4.000195,2.655,150,782,0,1,0,0,0,1
paced,82,0,331,220,0,150,435,4.050703,2.810,150,435,0,1,0,0,0,1
paced,83,0,748,220,0,150,-1080,4.100240,2.289,150,-1080,0,0,0,0,0,1
paced,84,0,243,220,0,150,1450,4.150397,3.194,150,1450,0,1,0,0,0,1
paced,85,0,714,220,0,150,1444,4.200191,2.440,150,1444,0,0,0,0,0,1
paced,86,0,411,220,0,150,-1688,4.250352,3.173,150,-1688,0,0,0,0,0,1
paced,87,0,222,220,0,150,-1480,4.300514,3.073,150,-1480,0,1,0,0,0,1
paced,88,0,167,220,0,150,35,4.350413,2.184,150,35,0,2,0,0,0,1
paced,89,0,164,220,0,150,1268,4.400561,2.966,150,1268,0,2,0,0,0,1
paced,90,0,437,220,0,150,-798,4.450678,2.865,150,-798,0,0,0,0,0,1
paced,91,0,425,220,0,150,-1372,4.500213,3.263,150,-1372,0,0,0,0,0,1
paced,92,0,789,220,0,150,-1064,4.550362,2.236,150,-1064,0,0,0,0,0,1
paced,93,0,502,220,0,150,-631,4.600149,2.525,150,-631,0,0,0,0,0,1
paced,94,0,221,220,0,150,-1135,4.650730,2.831,150,-1135,0,1,0,0,0,1
paced,95,0,313,220,0,150,-775,4.700712,2.814,150,-775,0,1,0,0,0,1
paced,96,0,690,220,0,150,-1132,4.750410,3.232,150,-1132,0,0,0,0,0,1
paced,97,0,429,220,0,150,835,4.800549,3.068,150,835,0,0,0,0,0,1
paced,98,0,451,220,0,150,42,4.850185,2.428,150,42,0,0,0,0,0,1
paced,99,0,479,220,0,150,213,4.900180,2.452,150,213,0,0,0,0,0,1
paced,100,0,635,220,0,150,-1353,4.950581,3.070,150,-1353,0,0,0,0,0,1
paced,101,0,174,220,0,150,-543,5.000376,2.150,150,-543,0,2,0,0,0,1
paced,102,0,545,220,0,150,-414,5.050730,3.008,150,-414,0,0,0,0,0,1
paced,103,0,581,220,0,150,1441,5.100156,2.476,150,1441,0,0,0,0,0,1
paced,104,0,342,220,0,150,-762,5.150409,3.119,150,-762,0,1,0,0,0,1
paced,105,0,261,220,0,150,-782,5.200505,2.993,150,-782,0,1,0,0,0,1
paced,106,0,672,220,0,150,-964,5.250542,3.131,150,-964,0,0,0,0,0,1
paced,107,0,770,220,0,150,-52,5.300235,3.375,150,-52,0,0,0,0,0,1
paced,108,0,171,220,0,150,-897,5.350216,2.327,150,-897,0,2,0,0,0,1
paced,109,0,168,220,0,150,-193,5.400363,2.213,150,-193,0,2,0,0,0,1
paced,110,0,299,220,0,150,-1676,5.450533,3.163,150,-1676,0,1,0,0,0,1
paced,111,0,314,220,0,150,5,5.500292,2.317,150,5,0,1,0,0,0,1
paced,112,0,668,220,0,150,957,5.550190,2.443,150,957,0,0,0,0,0,1
paced,113,0,586,220,0,150,411,5.600310,3.462,150,411,0,0,0,0,0,1
paced,114,0,375,220,0,150,763,5.650220,2.287,150,763,0,1,0,0,0,1
paced,115,0,678,220,0,150,26,5.700403,3.430,150,26,0,0,0,0,0,1
paced,116,0,378,220,0,150,325,5.750626,3.010,150,325,0,1,0,0,0,1
paced,117,0,181,220,0,150,-203,5.800427,3.174,150,-203,0,2,0,0,0,1
paced,118,0,739,220,0,150,1470,5.850554,2.980,150,1470,0,0,0,0,0,1
paced,119,0,478,220,0,150,882,5.900156,2.422,150,882,0,0,0,0,0,1
paced,120,0,796,220,0,150,-74,5.950621,2.846,150,-74,0,0,0,0,0,1
paced,121,0,210,220,0,150,1200,6.000538,2.974,150,1200,0,1,0,0,0,1
paced,122,0,455,220,0,150,-1306,6.050355,3.164,150,-1306,0,0,0,0,0,1
paced,123,0,367,220,0,150,1766,6.100226,2.323,150,1766,0,1,0,0,0,1
paced,124,0,198,220,0,150,-566,6.150166,2.433,150,-566,0,2,0,0,0,1
paced,125,0,222,220,0,150,1696,6.200546,2.946,150,1696,0,1,0,0,0,1
paced,126,0,228,220,0,150,-549,6.250685,2.821,150,-549,0,1,0,0,0,1
paced,127,0,455,220,0,150,1226,6.300620,2.851,150,1226,0,0,0,0,0,1
paced,128,0,312,220,0,150,-116,6.350174,2.310,150,-116,0,1,0,0,0,1
paced,129,0,728,220,0,150,-787,6.400285,2.536,150,-787,0,0,0,0,0,1
paced,130,0,283,220,0,150,-1786,6.450589,3.184,150,-1786,0,1,0,0,0,1
paced,131,0,724,220,0,150,1779,6.500376,3.214,150,1779,0,0,0,0,0,1
paced,132,0,188,220,0,150,599,6.550707,2.808,150,599,0,2,0,0,0,1
paced,133,0,372,220,0,150,515,6.600294,2.358,150,515,0,1,0,0,0,1
paced,134,0,621,220,0,150,-1118,6.650579,3.196,150,-1118,0,0,0,0,0,1
paced,135,0,787,220,0,150,264,6.700576,2.892,150,264,0,0,0,0,0,1
paced,136,0,188,220,0,150,-272,6.750248,3.254,150,-272,0,2,0,0,0,1
paced,137,0,355,220,0,150,-399,6.800177,2.329,150,-399,0,1,0,0,0,1
paced,138,0,251,220,0,150,-978,6.850581,3.003,150,-978,0,1,0,0,0,1
paced,139,0,737,220,0,150,941,6.900458,3.524,150,941,0,0,0,0,0,1
paced,140,0,593,220,0,150,602,6.950515,2.982,150,602,0,0,0,0,0,1
paced,141,0,348,220,0,150,196,7.000138,2.339,150,196,0,1,0,0,0,1
paced,142,0,256,220,0,150,907,7.050138,2.538,150,907,0,1,0,0,0,1
paced,143,0,549,220,0,150,-608,7.100672,2.795,150,-608,0,0,0,0,0,1
paced,144,0,666,220,0,150,227,7.150451,3.078,150,227,0,0,0,0,0,1
paced,145,0,167,220,0,150,-488,7.200780,3.152,150,-488,0,2,0,0,0,1
paced,146,0,776,220,0,150,1750,7.250332,3.067,150,1750,0,0,0,0,0,1
paced,147,0,561,220,0,150,-668,7.300509,2.949,150,-668,0,0,0,0,0,1
paced,148,0,168,220,0,150,-1178,7.350386,3.069,150,-1178,0,2,0,0,0,1
paced,149,0,355,220,0,150,1692,7.400153,2.461,150,1692,0,1,0,0,0,1
paced,150,0,485,220,0,150,1502,7.450261,3.327,150,1502,0,0,0,0,0,1
paced,151,0,726,220,0,150,1385,7.500368,2.084,150,1385,0,0,0,0,0,1
paced,152,0,288,220,0,150,-432,7.550483,3.247,150,-432,0,1,0,0,0,1
paced,153,0,589,220,0,150,-948,7.600723,2.824,150,-948,0,0,0,0,0,1
paced,154,0,422,220,0,150,942,7.650520,3.272,150,942,0,0,0,0,0,1
paced,155,0,248,220,0,150,1611,7.700238,3.223,150,1611,0,1,0,0,0,1
paced,156,0,538,220,0,150,423,7.750188,2.363,150,423,0,0,0,0,0,1
paced,157,0,502,220,0,150,1794,7.800246,2.325,150,1794,0,0,0,0,0,1
paced,158,0,697,220,0,150,164,7.850262,3.214,150,164,0,0,0,0,0,1
paced,159,0,695,220,0,150,-859,7.900377,3.126,150,-859,0,0,0,0,0,1
paced,160,0,216,220,0,150,1151,7.950319,2.112,150,1151,0,1,0,0,0,1
paced,161,0,191,220,0,150,-1474,8.000691,2.769,150,-1474,0,2,0,0,0,1
paced,162,0,286,220,0,150,-1125,8.050426,3.388,150,-1125,0,1,0,0,0,1
paced,163,0,320,220,0,150,384,8.100399,3.079,150,384,0,1,0,0,0,1
paced,164,0,368,220,0,150,-723,8.150435,3.224,150,-723,0,1,0,0,0,1
paced,165,0,490,220,0,150,638,8.200322,3.093,150,638,0,0,0,0,0,1
paced,166,0,668,220,0,150,1625,8.250496,3.081,150,1625,0,0,0,0,0,1
paced,167,0,411,220,0,150,-313,8.300552,2.871,150,-313,0,0,0,0,0,1
paced,168,0,496,220,0,150,-427,8.350542,2.935,150,-427,0,0,0,0,0,1
paced,169,0,266,220,0,150,-628,8.400239,2.163,150,-628,0,1,0,0,0,1
paced,170,0,390,220,0,150,1732,8.450172,2.303,150,1732,0,1,0,0,0,1
paced,171,0,768,220,0,150,1372,8.500572,2.835,150,1372,0,0,0,0,0,1
paced,172,0,650,220,0,150,-1266,8.550635,4.091,150,-1266,0,0,0,0,0,1
paced,173,0,743,220,0,150,437,8.600423,3.348,150,437,0,0,0,0,0,1
paced,174,0,256,220,0,150,-507,8.650181,2.317,150,-507,0,1,0,0,0,1
paced,175,0,190,220,0,150,-155,8.700470,2.939,150,-155,0,2,0,0,0,1
paced,176,0,224,220,0,150,-263,8.750568,3.104,150,-263,0,1,0,0,0,1
paced,177,0,300,220,0,150,1573,8.800700,2.719,150,1573,0,1,0,0,0,1
paced,178,0,278,220,0,150,-424,8.850215,2.729,150,-424,0,1,0,0,0,1
paced,179,0,267,220,0,150,699,8.900177,2.499,150,699,0,1,0,0,0,1
paced,180,0,751,220,0,150,1382,8.950256,2.457,150,1382,0,0,0,0,0,1
paced,181,0,537,220,0,150,-1507,9.000195,2.241,150,-1507,0,0,0,0,0,1
paced,182,0,734,220,0,150,433,9.050568,3.044,150,433,0,0,0,0,0,1
paced,183,0,379,220,0,150,498,9.100733,3.108,150,498,0,1,0,0,0,1
paced,184,0,233,220,0,150,-728,9.150332,3.208,150,-728,0,1,0,0,0,1
paced,185,0,523,220,0,150,-610,9.200299,3.233,150,-610,0,0,0,0,0,1
paced,186,0,727,220,0,150,368,9.250581,2.879,150,368,0,0,0,0,0,1
paced,187,0,267,220,0,150,55,9.300337,4.082,150,55,0,1,0,0,0,1
paced,188,0,433,220,0,150,-1379,9.350459,3.016,150,-1379,0,0,0,0,0,1
paced,189,0,196,220,0,150,1570,9.400561,2.831,150,1570,0,2,0,0,0,1
paced,190,0,452,220,0,150,-1770,9.450517,3.098,150,-1770,0,0,0,0,0,1
paced,191,0,778,220,0,150,926,9.500563,2.867,150,926,0,0,0,0,0,1
paced,192,0,164,220,0,150,-1445,9.550421,3.025,150,-1445,0,2,0,0,0,1
paced,193,0,573,220,0,150,-1349,9.600232,2.178,150,-1349,0,0,0,0,0,1
paced,194,0,190,220,0,150,-1051,9.650643,2.842,150,-1051,0,2,0,0,0,1
paced,195,0,395,220,0,150,1397,9.700280,3.140,150,1397,0,1,0,0,0,1
paced,196,0,750,220,0,150,-96,9.750205,2.262,150,-96,0,0,0,0,0,1
paced,197,0,315,220,0,150,-1347,9.800287,2.112,150,-1347,0,1,0,0,0,1
paced,198,0,611,220,0,150,-1135,9.850341,3.178,150,-1135,0,0,0,0,0,1
paced,199,0,397,220,0,150,-1169,9.900392,3.040,150,-1169,0,1,0,0,0,1
paced,200,0,255,220,0,150,-38,9.950716,2.973,150,-38,0,1,0,0,0,1
paced,201,0,537,220,0,150,1483,10.000331,3.060,150,1483,0,0,0,0,0,1
paced,202,0,705,220,0,150,1531,10.050682,2.792,150,1531,0,0,0,0,0,1
paced,203,0,451,220,0,150,433,10.100635,2.973,150,433,0,0,0,0,0,1
paced,204,0,409,220,0,150,1094,10.150249,2.157,150,1094,0,0,0,0,0,1
paced,205,0,638,220,0,150,-532,10.200760,2.747,150,-532,0,0,0,0,0,1
paced,206,0,252,220,0,150,-970,10.250368,3.080,150,-970,0,1,0,0,0,1
paced,207,0,475,220,0,150,-1658,10.300646,2.782,150,-1658,0,0,0,0,0,1
paced,208,0,177,220,0,150,-1777,10.350609,2.945,150,-1777,0,2,0,0,0,1
paced,209,0,452,220,0,150,1155,10.400674,4.051,150,1155,0,0,0,0,0,1
paced,210,0,760,220,0,150,-509,10.450460,2.998,150,-509,0,0,0,0,0,1
paced,211,0,610,220,0,150,-218,10.500337,4.653,150,-218,0,0,0,0,0,1
paced,212,0,470,220,0,150,-188,10.550573,3.311,150,-188,0,0,0,0,0,1
paced,213,0,214,220,0,150,-1558,10.600310,3.337,150,-1558,0,1,0,0,0,1
paced,214,0,474,220,0,150,643,10.650606,2.918,150,643,0,0,0,0,0,1
paced,215,0,616,220,0,150,-1364,10.700254,2.127,150,-1364,0,0,0,0,0,1
paced,216,0,406,220,0,150,-939,10.750220,2.248,150,-939,0,0,0,0,0,1
paced,217,0,782,220,0,150,1366,10.800518,2.855,150,1366,0,0,0,0,0,1
paced,218,0,705,220,0,150,1733,10.850564,2.913,150,1733,0,0,0,0,0,1
paced,219,0,630,220,0,150,890,10.900564,2.845,150,890,0,0,0,0,0,1
paced,220,0,514,220,0,150,-759,10.950170,2.202,150,-759,0,0,0,0,0,1
paced,221,0,337,220,0,150,398,11.000204,2.256,150,398,0,1,0,0,0,1
paced,222,0,362,220,0,150,-562,11.050746,2.634,150,-562,0,1,0,0,0,1
paced,223,0,353,220,0,150,-811,11.100565,3.728,150,-811,0,1,0,0,0,1
paced,224,0,519,220,0,150,-1487,11.150262,2.189,150,-1487,0,0,0,0,0,1
paced,225,0,437,220,0,150,-1454,11.200593,2.878,150,-1454,0,0,0,0,0,1
paced,226,0,608,220,0,150,-1450,11.250558,2.904,150,-1450,0,0,0,0,0,1
paced,227,0,738,220,0,150,815,11.300186,2.254,150,815,0,0,0,0,0,1
paced,228,0,497,220,0,150,-889,11.350397,2.997,150,-889,0,0,0,0,0,1
paced,229,0,549,220,0,150,-564,11.400723,2.959,150,-564,0,0,0,0,0,1
paced,230,0,192,220,0,150,-480,11.450154,2.243,150,-480,0,2,0,0,0,1
paced,231,0,341,220,0,150,-523,11.500563,2.772,150,-523,0,1,0,0,0,1
paced,232,0,742,220,0,150,-580,11.550157,2.254,150,-580,0,0,0,0,0,1
paced,233,0,401,220,0,150,-451,11.600319,2.107,150,-451,0,0,0,0,0,1
paced,234,0,253,220,0,150,409,11.650202,2.255,150,409,0,1,0,0,0,1
paced,235,0,776,220,0,150,551,11.700675,2.684,150,551,0,0,0,0,0,1
paced,236,0,760,220,0,150,-1443,11.750523,2.902,150,-1443,0,0,0,0,0,1
paced,237,0,400,220,0,150,-919,11.800394,2.930,150,-919,0,0,0,0,0,1
paced,238,0,170,220,0,150,1490,11.850241,3.136,150,1490,0,2,0,0,0,1
paced,239,0,399,220,0,150,-175,11.900190,2.224,150,-175,0,1,0,0,0,1
paced,240,0,224,220,0,150,-723,11.950567,2.861,150,-723,0,1,0,0,0,1
paced,241,0,714,220,0,150,1733,12.000166,2.295,150,1733,0,0,0,0,0,1
paced,242,0,222,220,0,150,1166,12.050639,2.763,150,1166,0,1,0,0,0,1
paced,243,0,226,220,0,150,-1732,12.100688,2.660,150,-1732,0,1,0,0,0,1
paced,244,0,800,220,0,150,-1780,12.150220,2.267,150,-1780,0,0,0,0,0,1
paced,245,0,447,220,0,150,1254,12.200527,3.229,150,1254,0,0,0,0,0,1
paced,246,0,517,220,0,150,200,12.250590,3.387,150,200,0,0,0,0,0,1
paced,247,0,630,220,0,150,1713,12.300294,3.566,150,1713,0,0,0,0,0,1
paced,248,0,307,220,0,150,-1407,12.350282,3.154,150,-1407,0,1,0,0,0,1
paced,249,0,663,220,0,150,1365,12.400285,3.057,150,1365,0,0,0,0,0,1
paced,250,0,485,220,0,150,-1505,12.450216,2.225,150,-1505,0,0,0,0,0,1
paced,251,0,671,220,0,150,904,12.500464,2.864,150,904,0,0,0,0,0,1
paced,252,0,327,220,0,150,-1085,12.550195,2.198,150,-1085,0,1,0,0,0,1
paced,253,0,303,220,0,150,-1241,12.600154,2.230,150,-1241,0,1,0,0,0,1
paced,254,0,477,220,0,150,-569,12.650185,2.151,150,-569,0,0,0,0,0,1
paced,255,0,259,220,0,150,1085,12.700733,2.632,150,1085,0,1,0,0,0,1
paced,256,0,676,220,0,150,1598,12.750238,2.089,150,1598,0,0,0,0,0,1
paced,257,0,766,220,0,150,-618,12.800726,2.701,150,-618,0,0,0,0,0,1
paced,258,0,279,220,0,150,-974,12.850446,3.114,150,-974,0,1,0,0,0,1
paced,259,0,295,220,0,150,414,12.900271,2.220,150,414,0,1,0,0,0,1
paced,260,0,182,220,0,150,1373,12.950209,3.207,150,1373,0,2,0,0,0,1
paced,261,0,473,220,0,150,1542,13.000570,2.843,150,1542,0,0,0,0,0,1
paced,262,0,788,220,0,150,1472,13.050278,2.497,150,1472,0,0,0,0,0,1
paced,263,0,716,220,0,150,1623,13.100329,3.314,150,1623,0,0,0,0,0,1
paced,264,0,360,220,0,150,-1091,13.150420,3.371,150,-1091,0,1,0,0,0,1
paced,265,0,456,220,0,150,-48,13.200374,3.563,150,-48,0,0,0,0,0,1
paced,266,0,700,220,0,150,-1174,13.250489,2.899,150,-1174,0,0,0,0,0,1
paced,267,0,199,220,0,150,1107,13.300620,2.763,150,1107,0,2,0,0,0,1
paced,268,0,403,220,0,150,-786,13.350167,2.150,150,-786,0,0,0,0,0,1
paced,269,0,215,220,0,150,973,13.400637,3.582,150,973,0,1,0,0,0,1
paced,270,0,607,220,0,150,1490,13.450490,2.884,150,1490,0,0,0,0,0,1
paced,271,0,590,220,0,150,429,13.500475,2.897,150,429,0,0,0,0,0,1
paced,272,0,406,220,0,150,397,13.550591,2.771,150,397,0,0,0,0,0,1
paced,273,0,599,220,0,150,1666,13.600173,2.209,150,1666,0,0,0,0,0,1
paced,274,0,700,220,0,150,36,13.650682,2.718,150,36,0,0,0,0,0,1
paced,275,0,161,220,0,150,-200,13.700539,3.032,150,-200,0,2,0,0,0,1
paced,276,0,496,220,0,150,-1118,13.750548,2.918,150,-1118,0,0,0,0,0,1
paced,277,0,414,220,0,150,169,13.800166,2.293,150,169,0,0,0,0,0,1
paced,278,0,174,220,0,150,1428,13.850158,2.329,150,1428,0,2,0,0,0,1
paced,279,0,576,220,0,150,517,13.900238,2.166,150,517,0,0,0,0,0,1
paced,280,0,169,220,0,150,-1565,13.950177,2.279,150,-1565,0,2,0,0,0,1
paced,281,0,513,220,0,150,555,14.000226,2.225,150,555,0,0,0,0,0,1
paced,282,0,291,220,0,150,611,14.050422,3.034,150,611,0,1,0,0,0,1
paced,283,0,278,220,0,150,-1253,14.100168,2.401,150,-1253,0,1,0,0,0,1
paced,284,0,415,220,0,150,1575,14.150202,2.237,150,1575,0,0,0,0,0,1
paced,285,0,433,220,0,150,-191,14.200183,2.429,150,-191,0,0,0,0,0,1
paced,286,0,727,220,0,150,-178,14.250186,2.696,150,-178,0,0,0,0,0,1
paced,287,0,326,220,0,150,688,14.300190,2.608,150,688,0,1,0,0,0,1
paced,288,0,241,220,0,150,-864,14.350267,2.419,150,-864,0,1,0,0,0,1
paced,289,0,647,220,0,150,-1790,14.400387,3.799,150,-1790,0,0,0,0,0,1
paced,290,0,331,220,0,150,345,14.450214,2.356,150,345,0,1,0,0,0,1
paced,291,0,474,220,0,150,231,14.500561,2.730,150,231,0,0,0,0,0,1
paced,292,0,598,220,0,150,991,14.550190,2.164,150,991,0,0,0,0,0,1
paced,293,0,381,220,0,150,-844,14.600692,3.125,150,-844,0,1,0,0,0,1
paced,294,0,470,220,0,150,207,14.650277,3.063,150,207,0,0,0,0,0,1
paced,295,0,640,220,0,150,-899,14.700513,2.789,150,-899,0,0,0,0,0,1
paced,296,0,572,220,0,150,-440,14.750165,2.409,150,-440,0,0,0,0,0,1
paced,297,0,723,220,0,150,683,14.800185,3.513,150,683,0,0,0,0,0,1
paced,298,0,431,220,0,150,827,14.850220,3.384,150,827,0,0,0,0,0,1
paced,299,0,374,220,0,150,-1623,14.900239,3.216,150,-1623,0,1,0,0,0,1
paced,300,0,223,220,0,150,1306,14.950187,2.482,150,1306,0,1,0,0,0,1
paced,301,0,673,220,0,150,823,15.000185,2.238,150,823,0,0,0,0,0,1
paced,302,0,527,220,0,150,-1167,15.050192,2.225,150,-1167,0,0,0,0,0,1
paced,303,0,673,220,0,150,1317,15.100152,2.225,150,1317,0,0,0,0,0,1
paced,304,0,358,220,0,150,-543,15.150184,2.195,150,-543,0,1,0,0,0,1
paced,305,0,455,220,0,150,1016,15.200161,2.246,150,1016,0,0,0,0,0,1
paced,306,0,456,220,0,150,1657,15.250196,2.351,150,1657,0,0,0,0,0,1
paced,307,0,715,220,0,150,-298,15.300169,2.631,150,-298,0,0,0,0,0,1
paced,308,0,319,220,0,150,1052,15.350183,2.340,150,1052,0,1,0,0,0,1
paced,309,0,625,220,0,150,615,15.400159,2.452,150,615,0,0,0,0,0,1
paced,310,0,237,220,0,150,1687,15.450162,2.295,150,1687,0,1,0,0,0,1
paced,311,0,276,220,0,150,662,15.500150,2.230,150,662,0,1,0,0,0,1
paced,312,0,676,220,0,150,519,15.550156,2.177,150,519,0,0,0,0,0,1
paced,313,0,536,220,0,150,-1098,15.600252,3.017,150,-1098,0,0,0,0,0,1
paced,314,0,309,220,0,150,-794,15.650294,2.006,150,-794,0,1,0,0,0,1
paced,315,0,586,220,0,150,-929,15.700415,2.929,150,-929,0,0,0,0,0,1
paced,316,0,733,220,0,150,1127,15.750413,2.995,150,1127,0,0,0,0,0,1
paced,317,0,203,220,0,150,207,15.800582,2.778,150,207,0,1,0,0,0,1
paced,318,0,553,220,0,150,1117,15.850171,2.163,150,1117,0,0,0,0,0,1
paced,319,0,506,220,0,150,-248,15.900184,2.148,150,-248,0,0,0,0,0,1
paced,320,0,677,220,0,150,1643,15.950181,2.194,150,1643,0,0,0,0,0,1
paced,321,0,318,220,0,150,409,16.000352,2.029,150,409,0,1,0,0,0,1
paced,322,0,191,220,0,150,327,16.050291,3.266,150,327,0,2,0,0,0,1
paced,323,0,242,220,0,150,1489,16.100320,3.016,150,1489,0,1,0,0,0,1
paced,324,0,411,220,0,150,754,16.150418,3.226,150,754,0,0,0,0,0,1
paced,325,0,253,220,0,150,-725,16.200312,3.439,150,-725,0,1,0,0,0,1
paced,326,0,235,220,0,150,-1251,16.250147,2.204,150,-1251,0,1,0,0,0,1
paced,327,0,781,220,0,150,1628,16.300170,2.112,150,1628,0,0,0,0,0,1
paced,328,0,233,220,0,150,2,16.350207,2.300,150,2,0,1,0,0,0,1
paced,329,0,396,220,0,150,1665,16.400185,2.349,150,1665,0,1,0,0,0,1
paced,330,0,541,220,0,150,1467,16.450185,3.522,150,1467,0,0,0,0,0,1
paced,331,0,593,220,0,150,-193,16.500487,3.153,150,-193,0,0,0,0,0,1
paced,332,0,318,220,0,150,-487,16.550346,4.081,150,-487,0,1,0,0,0,1
paced,333,0,598,220,0,150,-1303,16.600191,2.158,150,-1303,0,0,0,0,0,1
paced,334,0,787,220,0,150,178,16.650606,3.879,150,178,0,0,0,0,0,1
paced,335,0,367,220,0,150,-1332,16.700394,2.841,150,-1332,0,1,0,0,0,1
paced,336,0,591,220,0,150,640,16.750592,2.780,150,640,0,0,0,0,0,1
paced,337,0,696,220,0,150,-148,16.800326,2.897,150,-148,0,0,0,0,0,1
paced,338,0,270,220,0,150,885,16.850149,2.153,150,885,0,1,0,0,0,1
paced,339,0,452,220,0,150,-683,16.900715,2.558,150,-683,0,0,0,0,0,1
paced,340,0,404,220,0,150,-269,16.950149,2.182,150,-269,0,0,0,0,0,1
paced,341,0,722,220,0,150,-1804,17.000178,2.054,150,-1804,0,0,0,0,0,1
paced,342,0,344,220,0,150,344,17.050492,2.721,150,344,0,1,0,0,0,1
paced,343,0,599,220,0,150,551,17.100228,2.014,150,551,0,0,0,0,0,1
paced,344,0,171,220,0,150,-1694,17.150178,2.036,150,-1694,0,2,0,0,0,1
paced,345,0,792,220,0,150,660,17.200376,2.937,150,660,0,0,0,0,0,1
paced,346,0,398,220,0,150,1601,17.250158,2.200,150,1601,0,1,0,0,0,1
paced,347,0,416,220,0,150,-974,17.300150,2.340,150,-974,0,0,0,0,0,1
paced,348,0,327,220,0,150,-654,17.350158,2.179,150,-654,0,1,0,0,0,1
paced,349,0,301,220,0,150,401,17.400166,2.233,150,401,0,1,0,0,0,1
paced,350,0,355,220,0,150,-701,17.450160,2.161,150,-701,0,1,0,0,0,1
paced,351,0,468,220,0,150,579,17.500189,2.174,150,579,0,0,0,0,0,1
paced,352,0,406,220,0,150,1589,17.550244,2.096,150,1589,0,0,0,0,0,1
paced,353,0,607,220,0,150,1420,17.600176,2.114,150,1420,0,0,0,0,0,1
paced,354,0,322,220,0,150,413,17.650679,3.034,150,413,0,1,0,0,0,1
paced,355,0,515,220,0,150,190,17.700190,2.044,150,190,0,0,0,0,0,1
paced,356,0,580,220,0,150,1684,17.750331,3.219,150,1684,0,0,0,0,0,1
paced,357,0,274,220,0,150,1330,17.800343,3.229,150,1330,0,1,0,0,0,1
paced,358,0,363,220,0,150,516,17.850604,3.096,150,516,0,1,0,0,0,1
paced,359,0,542,220,0,150,-982,17.900182,2.076,150,-982,0,0,0,0,0,1
paced,360,0,440,220,0,150,1500,17.950343,2.047,150,1500,0,0,0,0,0,1
paced,361,0,260,220,0,150,1487,18.000376,2.905,150,1487,0,1,0,0,0,1
paced,362,0,174,220,0,150,-1337,18.050202,2.028,150,-1337,0,2,0,0,0,1
paced,363,0,732,220,0,150,1240,18.100276,2.897,150,1240,0,0,0,0,0,1
paced,364,0,163,220,0,150,413,18.150216,2.081,150,413,0,2,0,0,0,1
paced,365,0,453,220,0,150,940,18.200255,1.979,150,940,0,0,0,0,0,1
paced,366,0,289,220,0,150,-1513,18.250399,2.815,150,-1513,0,1,0,0,0,1
paced,367,0,662,220,0,150,-290,18.300202,2.021,150,-290,0,0,0,0,0,1
paced,368,0,736,220,0,150,1479,18.350790,3.019,150,1479,0,0,0,0,0,1
paced,369,0,468,220,0,150,-30,18.400256,1.969,150,-30,0,0,0,0,0,1
paced,370,0,665,220,0,150,954,18.450765,2.469,150,954,0,0,0,0,0,1
paced,371,0,515,220,0,150,1287,18.500713,2.481,150,1287,0,0,0,0,0,1
paced,372,0,691,220,0,150,-495,18.550580,2.601,150,-495,0,0,0,0,0,1
paced,373,0,150,220,0,150,-1313,18.600210,2.048,150,-1313,0,2,0,0,0,1
paced,374,0,602,220,0,150,1120,18.650520,3.231,150,1120,0,0,0,0,0,1
paced,375,0,610,220,0,150,-386,18.700516,2.672,150,-386,0,0,0,0,0,1
paced,376,0,462,220,0,150,388,18.750357,2.876,150,388,0,0,0,0,0,1
paced,377,0,558,220,0,150,-430,18.800307,2.870,150,-430,0,0,0,0,0,1
paced,378,0,735,220,0,150,196,18.850670,2.560,150,196,0,0,0,0,0,1
paced,379,0,265,220,0,150,832,18.900197,3.402,150,832,0,1,0,0,0,1
paced,380,0,536,220,0,150,-254,18.950169,2.086,150,-254,0,0,0,0,0,1
paced,381,0,358,220,0,150,461,19.000198,3.500,150,461,0,1,0,0,0,1
paced,382,0,153,220,0,150,-683,19.050290,3.375,150,-683,0,2,0,0,0,1
paced,383,0,800,220,0,150,630,19.100377,3.220,150,630,0,0,0,0,0,1
paced,384,0,673,220,0,150,-1006,19.150989,2.265,150,-1006,0,0,0,0,0,1
paced,385,0,622,220,0,150,641,19.200311,3.773,150,641,0,0,0,0,0,1
paced,386,0,679,220,0,150,-145,19.250182,2.024,150,-145,0,0,0,0,0,1
paced,387,0,462,220,0,150,1059,19.300642,2.539,150,1059,0,0,0,0,0,1
paced,388,0,324,220,0,150,20,19.350446,2.770,150,20,0,1,0,0,0,1
paced,389,0,784,220,0,150,919,19.400534,3.448,150,919,0,0,0,0,0,1
paced,390,0,693,220,0,150,-1012,19.450305,2.798,150,-1012,0,0,0,0,0,1
paced,391,0,518,220,0,150,335,19.500594,2.597,150,335,0,0,0,0,0,1
paced,392,0,153,220,0,150,959,19.550507,2.704,150,959,0,2,0,0,0,1
paced,393,0,548,220,0,150,553,19.600637,2.658,150,553,0,0,0,0,0,1
paced,394,0,586,220,0,150,-161,19.650179,2.130,150,-161,0,0,0,0,0,1
paced,395,0,494,220,0,150,1707,19.700489,2.719,150,1707,0,0,0,0,0,1
paced,396,0,786,220,0,150,573,19.750717,2.475,150,573,0,0,0,0,0,1
paced,397,0,219,220,0,150,198,19.800430,2.829,150,198,0,1,0,0,0,1
paced,398,0,403,220,0,150,802,19.850265,2.885,150,802,0,0,0,0,0,1
paced,399,0,447,220,0,150,759,19.900353,2.820,150,759,0,0,0,0,0,1
paced,400,0,171,220,0,150,-153,19.950715,2.669,150,-153,0,2,0,0,0,1
paced,401,0,794,220,0,150,-1181,20.000397,2.887,150,-1181,0,0,0,0,0,1
paced,402,0,798,220,0,150,1370,20.050532,2.650,150,1370,0,0,0,0,0,1
paced,403,0,556,220,0,150,1385,20.100192,3.026,150,1385,0,0,0,0,0,1
paced,404,0,426,220,0,150,1646,20.150795,2.956,150,1646,0,0,0,0,0,1
paced,405,0,332,220,0,150,1323,20.200363,2.850,150,1323,0,1,0,0,0,1
paced,406,0,225,220,0,150,1519,20.250255,2.035,150,1519,0,1,0,0,0,1
paced,407,0,769,220,0,150,-1779,20.300716,3.515,150,-1779,0,0,0,0,0,1
paced,408,0,507,220,0,150,-737,20.350743,2.460,150,-737,0,0,0,0,0,1
paced,409,0,571,220,0,150,1759,20.400417,2.747,150,1759,0,0,0,0,0,1
paced,410,0,707,220,0,150,-577,20.450205,2.002,150,-577,0,0,0,0,0,1
paced,411,0,305,220,0,150,72,20.500299,2.910,150,72,0,1,0,0,0,1
paced,412,0,415,220,0,150,164,20.550509,2.676,150,164,0,0,0,0,0,1
paced,413,0,323,220,0,150,93,20.600564,2.672,150,93,0,1,0,0,0,1
paced,414,0,672,220,0,150,-1635,20.650392,2.790,150,-1635,0,0,0,0,0,1
paced,415,0,427,220,0,150,270,20.700292,1.944,150,270,0,0,0,0,0,1
paced,416,0,250,220,0,150,1230,20.750485,2.718,150,1230,0,1,0,0,0,1
paced,417,0,754,220,0,150,-90,20.800624,2.576,150,-90,0,0,0,0,0,1
paced,418,0,221,220,0,150,-366,20.850589,2.678,150,-366,0,1,0,0,0,1
paced,419,0,218,220,0,150,870,20.900494,2.884,150,870,0,1,0,0,0,1
paced,420,0,603,220,0,150,-1740,20.950551,2.682,150,-1740,0,0,0,0,0,1
paced,421,0,318,220,0,150,257,21.000587,2.654,150,257,0,1,0,0,0,1
paced,422,0,315,220,0,150,1008,21.050262,2.905,150,1008,0,1,0,0,0,1
paced,423,0,245,220,0,150,-174,21.100315,2.896,150,-174,0,1,0,0,0,1
paced,424,0,432,220,0,150,658,21.150543,2.716,150,658,0,0,0,0,0,1
paced,425,0,461,220,0,150,-965,21.200502,2.680,150,-965,0,0,0,0,0,1
paced,426,0,690,220,0,150,-970,21.250596,2.592,150,-970,0,0,0,0,0,1
paced,427,0,392,220,0,150,1809,21.300610,2.612,150,1809,0,1,0,0,0,1
paced,428,0,491,220,0,150,-718,21.350608,2.624,150,-718,0,0,0,0,0,1
paced,429,0,220,220,0,150,-1514,21.400655,2.514,150,-1514,0,1,0,0,0,1
paced,430,0,685,220,0,150,878,21.450179,2.057,150,878,0,0,0,0,0,1
paced,431,0,527,220,0,150,96,21.500234,2.974,150,96,0,0,0,0,0,1
paced,432,0,673,220,0,150,464,21.550673,2.542,150,464,0,0,0,0,0,1
paced,433,0,200,220,0,150,-1130,21.600198,3.440,150,-1130,0,1,0,0,0,1
paced,434,0,454,220,0,150,854,21.650594,2.692,150,854,0,0,0,0,0,1
paced,435,0,719,220,0,150,-716,21.700491,3.345,150,-716,0,0,0,0,0,1
paced,436,0,514,220,0,150,677,21.750402,3.417,150,677,0,0,0,0,0,1
paced,437,0,387,220,0,150,-213,21.800434,2.756,150,-213,0,1,0,0,0,1
paced,438,0,724,220,0,150,-183,21.850538,2.678,150,-183,0,0,0,0,0,1
paced,439,0,326,220,0,150,160,21.900189,2.024,150,160,0,1,0,0,0,1
paced,440,0,415,220,0,150,1730,21.950301,1.864,150,1730,0,0,0,0,0,1
paced,441,0,775,220,0,150,-470,22.000504,3.449,150,-470,0,0,0,0,0,1
paced,442,0,377,220,0,150,-761,22.050725,2.446,150,-761,0,1,0,0,0,1
paced,443,0,774,220,0,150,1074,22.100634,2.608,150,1074,0,0,0,0,0,1
paced,444,0,400,220,0,150,1636,22.150374,2.918,150,1636,0,0,0,0,0,1
paced,445,0,181,220,0,150,1668,22.200556,2.800,150,1668,0,2,0,0,0,1
paced,446,0,787,220,0,150,-171,22.250160,2.104,150,-171,0,0,0,0,0,1
paced,447,0,474,220,0,150,-52,22.300391,2.758,150,-52,0,0,0,0,0,1
paced,448,0,404,220,0,150,1397,22.350695,2.477,150,1397,0,0,0,0,0,1
paced,449,0,425,220,0,150,-1043,22.400305,3.092,150,-1043,0,0,0,0,0,1
paced,450,0,224,220,0,150,743,22.450849,2.288,150,743,0,1,0,0,0,1
paced,451,0,319,220,0,150,1747,22.500153,2.035,150,1747,0,1,0,0,0,1
paced,452,0,743,220,0,150,-4,22.550483,2.673,150,-4,0,0,0,0,0,1
paced,453,0,745,220,0,150,1162,22.600651,2.515,150,1162,0,0,0,0,0,1
paced,454,0,301,220,0,150,663,22.650522,2.759,150,663,0,1,0,0,0,1
paced,455,0,418,220,0,150,61,22.700311,1.836,150,61,0,0,0,0,0,1
paced,456,0,689,220,0,150,-1155,22.750559,2.627,150,-1155,0,0,0,0,0,1
paced,457,0,291,220,0,150,1368,22.800283,2.836,150,1368,0,1,0,0,0,1
paced,458,0,291,220,0,150,1111,22.850498,2.680,150,1111,0,1,0,0,0,1
paced,459,0,601,220,0,150,-341,22.900579,2.691,150,-341,0,0,0,0,0,1
paced,460,0,467,220,0,150,1257,22.950686,2.482,150,1257,0,0,0,0,0,1
paced,461,0,560,220,0,150,-835,23.000542,2.853,150,-835,0,0,0,0,0,1
paced,462,0,268,220,0,150,1121,23.050298,2.809,150,1121,0,1,0,0,0,1
paced,463,0,361,220,0,150,1122,23.100484,2.694,150,1122,0,1,0,0,0,1
paced,464,0,462,220,0,150,-1541,23.150498,2.759,150,-1541,0,0,0,0,0,1
paced,465,0,258,220,0,150,-888,23.200632,2.616,150,-888,0,1,0,0,0,1
paced,466,0,556,220,0,150,-504,23.250350,2.763,150,-504,0,0,0,0,0,1
paced,467,0,654,220,0,150,-1411,23.300379,2.810,150,-1411,0,0,0,0,0,1
paced,468,0,341,220,0,150,-1636,23.350560,2.566,150,-1636,0,1,0,0,0,1
paced,469,0,206,220,0,150,1495,23.400574,2.815,150,1495,0,1,0,0,0,1
paced,470,0,761,220,0,150,-1725,23.450173,2.008,150,-1725,0,0,0,0,0,1
paced,471,0,371,220,0,150,978,23.500144,2.256,150,978,0,1,0,0,0,1
paced,472,0,185,220,0,150,205,23.550151,2.111,150,205,0,2,0,0,0,1
paced,473,0,691,220,0,150,1517,23.600179,3.144,150,1517,0,0,0,0,0,1
paced,474,0,777,220,0,150,-9,23.650207,2.522,150,-9,0,0,0,0,0,1
paced,475,0,500,220,0,150,895,23.700212,3.016,150,895,0,0,0,0,0,1
paced,476,0,431,220,0,150,-1337,23.750142,2.071,150,-1337,0,0,0,0,0,1
paced,477,0,777,220,0,150,1017,23.800159,2.005,150,1017,0,0,0,0,0,1
paced,478,0,326,220,0,150,-1430,23.850723,2.425,150,-1430,0,1,0,0,0,1
paced,479,0,377,220,0,150,-183,23.900183,1.947,150,-183,0,1,0,0,0,1
paced,480,0,388,220,0,150,207,23.950168,1.995,150,207,0,1,0,0,0,1
paced,481,0,610,220,0,150,-273,24.000213,3.044,150,-273,0,0,0,0,0,1
paced,482,0,322,220,0,150,-871,24.050724,4.293,150,-871,0,1,0,0,0,1
paced,483,0,391,220,0,150,1539,24.100644,3.444,150,1539,0,1,0,0,0,1
paced,484,0,440,220,0,150,74,24.150638,2.461,150,74,0,0,0,0,0,1
paced,485,0,710,220,0,150,555,24.200574,2.642,150,555,0,0,0,0,0,1
paced,486,0,548,220,0,150,-953,24.250204,2.095,150,-953,0,0,0,0,0,1
paced,487,0,612,220,0,150,1108,24.300192,3.209,150,1108,0,0,0,0,0,1
paced,488,0,414,220,0,150,-468,24.350222,3.361,150,-468,0,0,0,0,0,1
paced,489,0,658,220,0,150,611,24.400203,3.652,150,611,0,0,0,0,0,1
paced,490,0,263,220,0,150,-945,24.450189,3.027,150,-945,0,1,0,0,0,1
paced,491,0,230,220,0,150,-1631,24.500193,2.033,150,-1631,0,1,0,0,0,1
paced,492,0,165,220,0,150,1446,24.550585,2.715,150,1446,0,2,0,0,0,1
paced,493,0,155,220,0,150,1692,24.600445,2.661,150,1692,0,2,0,0,0,1
paced,494,0,641,220,0,150,-512,24.650240,3.287,150,-512,0,0,0,0,0,1
paced,495,0,542,220,0,150,1653,24.700331,3.343,150,1653,0,0,0,0,0,1
paced,496,0,744,220,0,150,-644,24.750209,3.473,150,-644,0,0,0,0,0,1
paced,497,0,350,220,0,150,-182,24.800653,3.093,150,-182,0,1,0,0,0,1
paced,498,0,313,220,0,150,1784,24.850690,2.644,150,1784,0,1,0,0,0,1
paced,499,0,305,220,0,150,1431,24.900563,2.619,150,1431,0,1,0,0,0,1
paced,500,0,181,220,0,150,-1758,24.950306,2.954,150,-1758,0,2,0,0,0,1
paced,501,0,546,220,0,150,-1226,25.000675,2.457,150,-1226,0,0,0,0,0,1
paced,502,0,705,220,0,150,-1587,25.050481,2.619,150,-1587,0,0,0,0,0,1
paced,503,0,728,220,0,150,-266,25.100514,2.594,150,-266,0,0,0,0,0,1
paced,504,0,410,220,0,150,-1288,25.150563,2.563,150,-1288,0,0,0,0,0,1
paced,505,0,231,220,0,150,75,25.200731,3.529,150,75,0,1,0,0,0,1
paced,506,0,460,220,0,150,-1761,25.250494,2.652,150,-1761,0,0,0,0,0,1
paced,507,0,186,220,0,150,379,25.300191,2.980,150,379,0,2,0,0,0,1
paced,508,0,212,220,0,150,330,25.350574,2.665,150,330,0,1,0,0,0,1
paced,509,0,282,220,0,150,-1645,25.400319,2.787,150,-1645,0,1,0,0,0,1
paced,510,0,430,220,0,150,1378,25.450557,2.575,150,1378,0,0,0,0,0,1
paced,511,0,270,220,0,150,-49,25.500725,2.345,150,-49,0,1,0,0,0,1
paced,512,0,243,220,0,150,-1042,25.550288,2.809,150,-1042,0,1,0,0,0,1
paced,513,0,178,220,0,150,226,25.600695,2.441,150,226,0,2,0,0,0,1
paced,514,0,283,220,0,150,1229,25.650152,2.920,150,1229,0,1,0,0,0,1
paced,515,0,435,220,0,150,993,25.700149,2.082,150,993,0,0,0,0,0,1
paced,516,0,346,220,0,150,895,25.750160,1.965,150,895,0,1,0,0,0,1
paced,517,0,608,220,0,150,-224,25.800153,2.852,150,-224,0,0,0,0,0,1
paced,518,0,487,220,0,150,764,25.850164,2.887,150,764,0,0,0,0,0,1
paced,519,0,424,220,0,150,-756,25.900182,2.851,150,-756,0,0,0,0,0,1
paced,520,0,800,220,0,150,-825,25.950182,1.909,150,-825,0,0,0,0,0,1
paced,521,0,401,220,0,150,-1574,26.000151,1.886,150,-1574,0,0,0,0,0,1
paced,522,0,752,220,0,150,1407,26.050165,2.922,150,1407,0,0,0,0,0,1
paced,523,0,754,220,0,150,-1103,26.100142,2.236,150,-1103,0,0,0,0,0,1
paced,524,0,508,220,0,150,-65,26.150137,2.014,150,-65,0,0,0,0,0,1
paced,525,0,769,220,0,150,1039,26.200249,2.792,150,1039,0,0,0,0,0,1
paced,526,0,723,220,0,150,794,26.250528,2.658,150,794,0,0,0,0,0,1
paced,527,0,684,220,0,150,-1571,26.300526,2.614,150,-1571,0,0,0,0,0,1
paced,528,0,511,220,0,150,420,26.350524,2.697,150,420,0,0,0,0,0,1
paced,529,0,572,220,0,150,384,26.400437,2.703,150,384,0,0,0,0,0,1
paced,530,0,354,220,0,150,1094,26.450514,2.682,150,1094,0,1,0,0,0,1
paced,531,0,699,220,0,150,-83,26.500799,3.319,150,-83,0,0,0,0,0,1
paced,532,0,221,220,0,150,1102,26.550411,2.736,150,1102,0,1,0,0,0,1
paced,533,0,423,220,0,150,1224,26.600187,2.876,150,1224,0,0,0,0,0,1
paced,534,0,775,220,0,150,1133,26.650161,2.812,150,1133,0,0,0,0,0,1
paced,535,0,224,220,0,150,-790,26.700210,1.815,150,-790,0,1,0,0,0,1
paced,536,0,331,220,0,150,-1425,26.750149,2.037,150,-1425,0,1,0,0,0,1
paced,537,0,304,220,0,150,-1580,26.800500,2.553,150,-1580,0,1,0,0,0,1
paced,538,0,358,220,0,150,1680,26.850671,2.433,150,1680,0,1,0,0,0,1
paced,539,0,588,220,0,150,1670,26.900536,2.551,150,1670,0,0,0,0,0,1
paced,540,0,195,220,0,150,-1604,26.950458,2.578,150,-1604,0,2,0,0,0,1
paced,541,0,243,220,0,150,1510,27.000563,2.461,150,1510,0,1,0,0,0,1
paced,542,0,675,220,0,150,101,27.050464,2.555,150,101,0,0,0,0,0,1
paced,543,0,663,220,0,150,-304,27.100748,2.285,150,-304,0,0,0,0,0,1
paced,544,0,251,220,0,150,-540,27.150756,4.226,150,-540,0,1,0,0,0,1
paced,545,0,191,220,0,150,-1302,27.200754,3.758,150,-1302,0,2,0,0,0,1
paced,546,0,694,220,0,150,-1685,27.250388,2.625,150,-1685,0,0,0,0,0,1
paced,547,0,603,220,0,150,900,27.300631,2.467,150,900,0,0,0,0,0,1
paced,548,0,281,220,0,150,-202,27.350759,2.457,150,-202,0,1,0,0,0,1
paced,549,0,606,220,0,150,-1720,27.400269,2.861,150,-1720,0,0,0,0,0,1
paced,550,0,687,220,0,150,-715,27.450588,2.665,150,-715,0,0,0,0,0,1
paced,551,0,242,220,0,150,-796,27.500510,2.892,150,-796,0,1,0,0,0,1
paced,552,0,483,220,0,150,-1469,27.550733,2.377,150,-1469,0,0,0,0,0,1
paced,553,0,459,220,0,150,-1680,27.600245,2.792,150,-1680,0,0,0,0,0,1
paced,554,0,543,220,0,150,-1582,27.650364,4.792,150,-1582,0,0,0,0,0,1
paced,555,0,417,220,0,150,-538,27.700593,2.441,150,-538,0,0,0,0,0,1
paced,556,0,283,220,0,150,-754,27.750800,3.918,150,-754,0,1,0,0,0,1
paced,557,0,539,220,0,150,1485,27.800601,2.464,150,1485,0,0,0,0,0,1
paced,558,0,269,220,0,150,1685,27.850629,2.468,150,1685,0,1,0,0,0,1
paced,559,0,461,220,0,150,-1435,27.900521,3.497,150,-1435,0,0,0,0,0,1
paced,560,0,585,220,0,150,1626,27.950308,2.797,150,1626,0,0,0,0,0,1
paced,561,0,401,220,0,150,239,28.000507,2.711,150,239,0,0,0,0,0,1
paced,562,0,720,220,0,150,-979,28.050529,2.641,150,-979,0,0,0,0,0,1
paced,563,0,488,220,0,150,-433,28.100544,2.572,150,-433,0,0,0,0,0,1
paced,564,0,671,220,0,150,1389,28.150282,2.746,150,1389,0,0,0,0,0,1
paced,565,0,550,220,0,150,572,28.200676,3.342,150,572,0,0,0,0,0,1
paced,566,0,642,220,0,150,-1392,28.250393,2.573,150,-1392,0,0,0,0,0,1
paced,567,0,282,220,0,150,852,28.300723,2.277,150,852,0,1,0,0,0,1
paced,568,0,609,220,0,150,325,28.350194,2.865,150,325,0,0,0,0,0,1
paced,569,0,722,220,0,150,1126,28.400529,2.547,150,1126,0,0,0,0,0,1
paced,570,0,745,220,0,150,1052,28.450438,2.643,150,1052,0,0,0,0,0,1
paced,571,0,682,220,0,150,373,28.500352,3.158,150,373,0,0,0,0,0,1
paced,572,0,180,220,0,150,1586,28.550439,2.586,150,1586,0,2,0,0,0,1
paced,573,0,448,220,0,150,1224,28.600397,2.684,150,1224,0,0,0,0,0,1
paced,574,0,310,220,0,150,-1001,28.650564,2.409,150,-1001,0,1,0,0,0,1
paced,575,0,529,220,0,150,-226,28.700570,2.523,150,-226,0,0,0,0,0,1
paced,576,0,683,220,0,150,-492,28.750410,3.203,150,-492,0,0,0,0,0,1
paced,577,0,249,220,0,150,-143,28.800614,2.357,150,-143,0,1,0,0,0,1
paced,578,0,503,220,0,150,-1303,28.850287,2.692,150,-1303,0,0,0,0,0,1
paced,579,0,738,220,0,150,-1555,28.900358,2.790,150,-1555,0,0,0,0,0,1
paced,580,0,194,220,0,150,-590,28.950457,2.688,150,-590,0,2,0,0,0,1
paced,581,0,696,220,0,150,-536,29.000164,2.935,150,-536,0,0,0,0,0,1
paced,582,0,577,220,0,150,-599,29.050330,2.948,150,-599,0,0,0,0,0,1
paced,583,0,476,220,0,150,-376,29.100375,3.026,150,-376,0,0,0,0,0,1
paced,584,0,429,220,0,150,-488,29.150574,2.715,150,-488,0,0,0,0,0,1
paced,585,0,682,220,0,150,232,29.200184,2.811,150,232,0,0,0,0,0,1
paced,586,0,158,220,0,150,335,29.250270,2.879,150,335,0,2,0,0,0,1
paced,587,0,274,220,0,150,-1211,29.300423,2.651,150,-1211,0,1,0,0,0,1
paced,588,0,474,220,0,150,1156,29.350582,2.633,150,1156,0,0,0,0,0,1
paced,589,0,483,220,0,150,1394,29.400638,2.357,150,1394,0,0,0,0,0,1
paced,590,0,485,220,0,150,527,29.450497,2.543,150,527,0,0,0,0,0,1
paced,591,0,220,220,0,150,30,29.500652,3.297,150,30,0,1,0,0,0,1
paced,592,0,436,220,0,150,144,29.550807,2.136,150,144,0,0,0,0,0,1
paced,593,0,615,220,0,150,-329,29.600173,2.791,150,-329,0,0,0,0,0,1
paced,594,0,539,220,0,150,1520,29.650571,2.423,150,1520,0,0,0,0,0,1
paced,595,0,230,220,0,150,551,29.700122,1.982,150,551,0,1,0,0,0,1
paced,596,0,207,220,0,150,-1269,29.750552,2.435,150,-1269,0,1,0,0,0,1
paced,597,0,199,220,0,150,325,29.800398,2.554,150,325,0,2,0,0,0,1
paced,598,0,653,220,0,150,537,29.850159,2.786,150,537,0,0,0,0,0,1
paced,599,0,407,220,0,150,1391,29.900788,2.190,150,1391,0,0,0,0,0,1
paced,600,0,401,220,0,150,1059,29.950675,4.082,150,1059,0,0,0,0,0,1
paced,601,0,737,220,0,150,1238,30.000594,2.648,150,1238,0,0,0,0,0,1
paced,602,0,496,220,0,150,-339,30.050629,2.378,150,-339,0,0,0,0,0,1
paced,603,0,529,220,0,150,-172,30.100308,2.969,150,-172,0,0,0,0,0,1
paced,604,0,464,220,0,150,82,30.150614,4.316,150,82,0,0,0,0,0,1
paced,605,0,762,220,0,150,-426,30.200606,2.407,150,-426,0,0,0,0,0,1
paced,606,0,694,220,0,150,258,30.250647,2.263,150,258,0,0,0,0,0,1
paced,607,0,321,220,0,150,-1701,30.300610,2.340,150,-1701,0,1,0,0,0,1
paced,608,0,301,220,0,150,-796,30.350369,3.096,150,-796,0,1,0,0,0,1
paced,609,0,376,220,0,150,485,30.400592,2.426,150,485,0,1,0,0,0,1
paced,610,0,286,220,0,150,-1359,30.450721,3.237,150,-1359,0,1,0,0,0,1
paced,611,0,339,220,0,150,1318,30.500292,3.096,150,1318,0,1,0,0,0,1
paced,612,0,570,220,0,150,1161,30.550510,2.568,150,1161,0,0,0,0,0,1
paced,613,0,784,220,0,150,-1615,30.600169,2.745,150,-1615,0,0,0,0,0,1
paced,614,0,251,220,0,150,415,30.650630,2.305,150,415,0,1,0,0,0,1
paced,615,0,422,220,0,150,1107,30.700425,2.594,150,1107,0,0,0,0,0,1
paced,616,0,259,220,0,150,-984,30.750569,2.364,150,-984,0,1,0,0,0,1
paced,617,0,417,220,0,150,-1547,30.800490,2.436,150,-1547,0,0,0,0,0,1
paced,618,0,797,220,0,150,519,30.850475,2.480,150,519,0,0,0,0,0,1
paced,619,0,689,220,0,150,805,30.900355,2.673,150,805,0,0,0,0,0,1
paced,620,0,230,220,0,150,1682,30.950465,2.473,150,1682,0,1,0,0,0,1
paced,621,0,224,220,0,150,1433,31.000629,2.376,150,1433,0,1,0,0,0,1
paced,622,0,372,220,0,150,814,31.050317,2.623,150,814,0,1,0,0,0,1
paced,623,0,327,220,0,150,275,31.100532,2.589,150,275,0,1,0,0,0,1
paced,624,0,592,220,0,150,-1731,31.150776,2.168,150,-1731,0,0,0,0,0,1
paced,625,0,754,220,0,150,-313,31.200826,3.047,150,-313,0,0,0,0,0,1
paced,626,0,648,220,0,150,1089,31.250820,2.061,150,1089,0,0,0,0,0,1
paced,627,0,440,220,0,150,-920,31.300257,2.911,150,-920,0,0,0,0,0,1
paced,628,0,355,220,0,150,629,31.350197,4.170,150,629,0,1,0,0,0,1
paced,629,0,655,220,0,150,1725,31.400147,2.927,150,1725,0,0,0,0,0,1
paced,630,0,390,220,0,150,-78,31.450186,2.861,150,-78,0,1,0,0,0,1
paced,631,0,613,220,0,150,947,31.500175,2.928,150,947,0,0,0,0,0,1
paced,632,0,525,220,0,150,410,31.550180,3.239,150,410,0,0,0,0,0,1
paced,633,0,343,220,0,150,1449,31.600379,3.042,150,1449,0,1,0,0,0,1
paced,634,0,643,220,0,150,1152,31.650227,3.029,150,1152,0,0,0,0,0,1
paced,635,0,224,220,0,150,1514,31.700528,3.168,150,1514,0,1,0,0,0,1
paced,636,0,412,220,0,150,-152,31.750682,2.229,150,-152,0,0,0,0,0,1
paced,637,0,356,220,0,150,-1787,31.800542,2.423,150,-1787,0,1,0,0,0,1
paced,638,0,694,220,0,150,1335,31.850465,2.477,150,1335,0,0,0,0,0,1
paced,639,0,539,220,0,150,286,31.900146,2.749,150,286,0,0,0,0,0,1
paced,640,0,648,220,0,150,-1508,31.950564,2.487,150,-1508,0,0,0,0,0,1
paced,641,0,563,220,0,150,702,32.000238,2.938,150,702,0,0,0,0,0,1
paced,642,0,672,220,0,150,1441,32.050402,2.550,150,1441,0,0,0,0,0,1
paced,643,0,742,220,0,150,574,32.100363,3.752,150,574,0,0,0,0,0,1
paced,644,0,585,220,0,150,-1656,32.150285,2.722,150,-1656,0,0,0,0,0,1
paced,645,0,510,220,0,150,1666,32.200202,2.790,150,1666,0,0,0,0,0,1
paced,646,0,619,220,0,150,-1794,32.250467,2.423,150,-1794,0,0,0,0,0,1
paced,647,0,344,220,0,150,-594,32.300539,2.477,150,-594,0,1,0,0,0,1
paced,648,0,155,220,0,150,395,32.350584,2.866,150,395,0,2,0,0,0,1
paced,649,0,272,220,0,150,1546,32.400554,2.348,150,1546,0,1,0,0,0,1
paced,650,0,459,220,0,150,279,32.450140,2.930,150,279,0,0,0,0,0,1
paced,651,0,473,220,0,150,1360,32.500582,2.339,150,1360,0,0,0,0,0,1
paced,652,0,706,220,0,150,822,32.550579,3.831,150,822,0,0,0,0,0,1
paced,653,0,735,220,0,150,438,32.600434,2.788,150,438,0,0,0,0,0,1
paced,654,0,439,220,0,150,332,32.650599,3.529,150,332,0,0,0,0,0,1
paced,655,0,571,220,0,150,400,32.700445,3.935,150,400,0,0,0,0,0,1
paced,656,0,680,220,0,150,-148,32.750572,2.401,150,-148,0,0,0,0,0,1
paced,657,0,767,220,0,150,760,32.800586,2.305,150,760,0,0,0,0,0,1
paced,658,0,745,220,0,150,-560,32.850466,2.401,150,-560,0,0,0,0,0,1
paced,659,0,613,220,0,150,-584,32.900591,3.261,150,-584,0,0,0,0,0,1
paced,660,0,284,220,0,150,253,32.950578,2.276,150,253,0,1,0,0,0,1
paced,661,0,604,220,0,150,581,33.000744,2.246,150,581,0,0,0,0,0,1
paced,662,0,293,220,0,150,432,33.050348,2.527,150,432,0,1,0,0,0,1
paced,663,0,316,220,0,150,-785,33.100407,2.470,150,-785,0,1,0,0,0,1
paced,664,0,159,220,0,150,-83,33.150632,2.360,150,-83,0,2,0,0,0,1
paced,665,0,729,220,0,150,-1672,33.200255,3.705,150,-1672,0,0,0,0,0,1
paced,666,0,527,220,0,150,-97,33.250735,2.140,150,-97,0,0,0,0,0,1
paced,667,0,561,220,0,150,-667,33.300608,2.263,150,-667,0,0,0,0,0,1
paced,668,0,168,220,0,150,-1450,33.350147,2.701,150,-1450,0,2,0,0,0,1
paced,669,0,242,220,0,150,1646,33.400650,2.201,150,1646,0,1,0,0,0,1
paced,670,0,154,220,0,150,-250,33.450572,3.908,150,-250,0,2,0,0,0,1
paced,671,0,425,220,0,150,82,33.500250,2.683,150,82,0,0,0,0,0,1
paced,672,0,428,220,0,150,1440,33.550279,2.952,150,1440,0,0,0,0,0,1
paced,673,0,531,220,0,150,784,33.600317,2.593,150,784,0,0,0,0,0,1
paced,674,0,642,220,0,150,1328,33.650476,3.897,150,1328,0,0,0,0,0,1
paced,675,0,494,220,0,150,-229,33.700530,2.420,150,-229,0,0,0,0,0,1
paced,676,0,617,220,0,150,1471,33.750440,2.485,150,1471,0,0,0,0,0,1
paced,677,0,269,220,0,150,161,33.800508,2.345,150,161,0,1,0,0,0,1
paced,678,0,513,220,0,150,-1228,33.850577,2.352,150,-1228,0,0,0,0,0,1
paced,679,0,575,220,0,150,-1213,33.900770,3.507,150,-1213,0,0,0,0,0,1
paced,680,0,168,220,0,150,-1116,33.950590,3.247,150,-1116,0,2,0,0,0,1
paced,681,0,416,220,0,150,-314,34.000204,2.710,150,-314,0,0,0,0,0,1
paced,682,0,280,220,0,150,594,34.050797,2.984,150,594,0,1,0,0,0,1
paced,683,0,444,220,0,150,-129,34.100529,3.300,150,-129,0,0,0,0,0,1
paced,684,0,414,220,0,150,284,34.150750,2.076,150,284,0,0,0,0,0,1
paced,685,0,444,220,0,150,1209,34.200594,3.375,150,1209,0,0,0,0,0,1
paced,686,0,580,220,0,150,1011,34.250257,2.566,150,1011,0,0,0,0,0,1
paced,687,0,430,220,0,150,-45,34.300609,2.429,150,-45,0,0,0,0,0,1
paced,688,0,493,220,0,150,1362,34.350213,2.687,150,1362,0,0,0,0,0,1
paced,689,0,647,220,0,150,-938,34.400359,3.759,150,-938,0,0,0,0,0,1
paced,690,0,653,220,0,150,-174,34.450525,2.435,150,-174,0,0,0,0,0,1
paced,691,0,585,220,0,150,-1446,34.500891,2.973,150,-1446,0,0,0,0,0,1
paced,692,0,215,220,0,150,-1290,34.550384,4.210,150,-1290,0,1,0,0,0,1
paced,693,0,361,220,0,150,-1208,34.600162,2.916,150,-1208,0,1,0,0,0,1
paced,694,0,384,220,0,150,1170,34.650265,2.616,150,1170,0,1,0,0,0,1
paced,695,0,176,220,0,150,-1398,34.700462,2.582,150,-1398,0,2,0,0,0,1
paced,696,0,409,220,0,150,-1183,34.750366,2.714,150,-1183,0,0,0,0,0,1
paced,697,0,641,220,0,150,1353,34.800395,2.499,150,1353,0,0,0,0,0,1
paced,698,0,251,220,0,150,-186,34.850147,2.853,150,-186,0,1,0,0,0,1
paced,699,0,341,220,0,150,1597,34.900603,3.591,150,1597,0,1,0,0,0,1
paced,700,0,153,220,0,150,-1455,34.950603,3.962,150,-1455,0,2,0,0,0,1
paced,701,0,587,220,0,150,686,35.000509,3.551,150,686,0,0,0,0,0,1
paced,702,0,202,220,0,150,431,35.050518,2.530,150,431,0,1,0,0,0,1
paced,703,0,373,220,0,150,369,35.100329,2.605,150,369,0,1,0,0,0,1
paced,704,0,582,220,0,150,-400,35.150499,2.317,150,-400,0,0,0,0,0,1
paced,705,0,198,220,0,150,848,35.200239,2.600,150,848,0,2,0,0,0,1
paced,706,0,255,220,0,150,1188,35.250541,2.385,150,1188,0,1,0,0,0,1
paced,707,0,716,220,0,150,961,35.300740,3.086,150,961,0,0,0,0,0,1
paced,708,0,579,220,0,150,1599,35.350213,2.631,150,1599,0,0,0,0,0,1
paced,709,0,271,220,0,150,-734,35.400453,2.758,150,-734,0,1,0,0,0,1
paced,710,0,435,220,0,150,-1087,35.450316,4.437,150,-1087,0,0,0,0,0,1
paced,711,0,641,220,0,150,1477,35.500290,2.530,150,1477,0,0,0,0,0,1
paced,712,0,198,220,0,150,1401,35.550541,2.287,150,1401,0,2,0,0,0,1
paced,713,0,369,220,0,150,952,35.600438,2.392,150,952,0,1,0,0,0,1
paced,714,0,239,220,0,150,1728,35.650538,2.239,150,1728,0,1,0,0,0,1
paced,715,0,549,220,0,150,-1313,35.700401,2.422,150,-1313,0,0,0,0,0,1
paced,716,0,608,220,0,150,-615,35.750127,2.636,150,-615,0,0,0,0,0,1
paced,717,0,670,220,0,150,219,35.800536,3.338,150,219,0,0,0,0,0,1
paced,718,0,552,220,0,150,-1345,35.850293,2.513,150,-1345,0,0,0,0,0,1
paced,719,0,770,220,0,150,1677,35.900519,3.235,150,1677,0,0,0,0,0,1
paced,720,0,640,220,0,150,-1387,35.950667,3.036,150,-1387,0,0,0,0,0,1
paced,721,0,302,220,0,150,-238,36.000697,3.055,150,-238,0,1,0,0,0,1
paced,722,0,778,220,0,150,1056,36.050468,3.632,150,1056,0,0,0,0,0,1
paced,723,0,356,220,0,150,-1136,36.100368,2.441,150,-1136,0,1,0,0,0,1
paced,724,0,683,220,0,150,-765,36.150616,2.178,150,-765,0,0,0,0,0,1
paced,725,0,576,220,0,150,1224,36.200594,3.124,150,1224,0,0,0,0,0,1
paced,726,0,699,220,0,150,-638,36.250538,3.227,150,-638,0,0,0,0,0,1
paced,727,0,654,220,0,150,775,36.300205,2.558,150,775,0,0,0,0,0,1
paced,728,0,707,220,0,150,-941,36.350166,2.694,150,-941,0,0,0,0,0,1
paced,729,0,788,220,0,150,-440,36.400159,2.647,150,-440,0,0,0,0,0,1
paced,730,0,647,220,0,150,-1399,36.450636,2.135,150,-1399,0,0,0,0,0,1
paced,731,0,158,220,0,150,1283,36.500434,2.340,150,1283,0,2,0,0,0,1
paced,732,0,505,220,0,150,1805,36.550231,2.618,150,1805,0,0,0,0,0,1
paced,733,0,423,220,0,150,-1589,36.600170,2.702,150,-1589,0,0,0,0,0,1
paced,734,0,703,220,0,150,741,36.650379,2.609,150,741,0,0,0,0,0,1
paced,735,0,600,220,0,150,-592,36.700422,3.505,150,-592,0,0,0,0,0,1
paced,736,0,253,220,0,150,-884,36.750649,2.118,150,-884,0,1,0,0,0,1
paced,737,0,670,220,0,150,-696,36.800329,2.415,150,-696,0,0,0,0,0,1
paced,738,0,426,220,0,150,1072,36.850300,4.313,150,1072,0,0,0,0,0,1
paced,739,0,402,220,0,150,-134,36.900261,2.557,150,-134,0,0,0,0,0,1
paced,740,0,301,220,0,150,-1287,36.950352,4.270,150,-1287,0,1,0,0,0,1
paced,741,0,412,220,0,150,-1021,37.000345,2.434,150,-1021,0,0,0,0,0,1
paced,742,0,567,220,0,150,477,37.050225,2.553,150,477,0,0,0,0,0,1
paced,743,0,795,220,0,150,631,37.100558,3.158,150,631,0,0,0,0,0,1
paced,744,0,209,220,0,150,362,37.150389,3.339,150,362,0,1,0,0,0,1
paced,745,0,773,220,0,150,266,37.200541,2.319,150,266,0,0,0,0,0,1
paced,746,0,302,220,0,150,-126,37.250336,2.404,150,-126,0,1,0,0,0,1
paced,747,0,426,220,0,150,-674,37.300257,2.462,150,-674,0,0,0,0,0,1
paced,748,0,641,220,0,150,1028,37.350625,3.161,150,1028,0,0,0,0,0,1
paced,749,0,463,220,0,150,-727,37.400529,3.219,150,-727,0,0,0,0,0,1
paced,750,0,653,220,0,150,-942,37.450476,2.268,150,-942,0,0,0,0,0,1
paced,751,0,660,220,0,150,-314,37.500621,3.093,150,-314,0,0,0,0,0,1
paced,752,0,763,220,0,150,107,37.550729,2.053,150,107,0,0,0,0,0,1
paced,753,0,397,220,0,150,-434,37.600155,2.622,150,-434,0,1,0,0,0,1
paced,754,0,330,220,0,150,661,37.650291,2.480,150,661,0,1,0,0,0,1
paced,755,0,335,220,0,150,1207,37.700576,3.240,150,1207,0,1,0,0,0,1
paced,756,0,744,220,0,150,1023,37.750456,2.320,150,1023,0,0,0,0,0,1
paced,757,0,611,220,0,150,370,37.800557,3.184,150,370,0,0,0,0,0,1
paced,758,0,303,220,0,150,-1582,37.850167,2.672,150,-1582,0,1,0,0,0,1
paced,759,0,666,220,0,150,-485,37.900321,2.400,150,-485,0,0,0,0,0,1
paced,760,0,691,220,0,150,1006,37.950537,2.269,150,1006,0,0,0,0,0,1
paced,761,0,288,220,0,150,822,38.000575,3.091,150,822,0,1,0,0,0,1
paced,762,0,368,220,0,150,-529,38.050299,2.462,150,-529,0,1,0,0,0,1
paced,763,0,787,220,0,150,202,38.100604,2.119,150,202,0,0,0,0,0,1
paced,764,0,641,220,0,150,-469,38.150161,2.571,150,-469,0,0,0,0,0,1
paced,765,0,271,220,0,150,-1297,38.200527,2.186,150,-1297,0,1,0,0,0,1
paced,766,0,293,220,0,150,1040,38.250385,2.842,150,1040,0,1,0,0,0,1
paced,767,0,412,220,0,150,-899,38.300577,3.143,150,-899,0,0,0,0,0,1
paced,768,0,240,220,0,150,782,38.350349,2.508,150,782,0,1,0,0,0,1
paced,769,0,701,220,0,150,1575,38.400147,2.643,150,1575,0,0,0,0,0,1
paced,770,0,201,220,0,150,486,38.450208,2.554,150,486,0,1,0,0,0,1
paced,771,0,326,220,0,150,984,38.500309,2.370,150,984,0,1,0,0,0,1
paced,772,0,268,220,0,150,-894,38.550632,2.213,150,-894,0,1,0,0,0,1
paced,773,0,726,220,0,150,-1004,38.600188,2.533,150,-1004,0,0,0,0,0,1
paced,774,0,665,220,0,150,504,38.650353,2.575,150,504,0,0,0,0,0,1
paced,775,0,465,220,0,150,-91,38.700571,3.172,150,-91,0,0,0,0,0,1
paced,776,0,485,220,0,150,-1803,38.750550,3.816,150,-1803,0,0,0,0,0,1
paced,777,0,170,220,0,150,1545,38.800220,4.684,150,1545,0,2,0,0,0,1
paced,778,0,462,220,0,150,1547,38.850238,2.694,150,1547,0,0,0,0,0,1
paced,779,0,780,220,0,150,-918,38.900591,3.522,150,-918,0,0,0,0,0,1
paced,780,0,236,220,0,150,1223,38.950418,2.266,150,1223,0,1,0,0,0,1
paced,781,0,379,220,0,150,-673,39.000408,3.293,150,-673,0,1,0,0,0,1
paced,782,0,790,220,0,150,1707,39.050245,2.491,150,1707,0,0,0,0,0,1
paced,783,0,499,220,0,150,-718,39.100159,2.664,150,-718,0,0,0,0,0,1
paced,784,0,765,220,0,150,1124,39.150212,2.590,150,1124,0,0,0,0,0,1
paced,785,0,680,220,0,150,-267,39.200308,3.555,150,-267,0,0,0,0,0,1
paced,786,0,173,220,0,150,-1322,39.250152,3.112,150,-1322,0,2,0,0,0,1
paced,787,0,487,220,0,150,-399,39.300407,2.399,150,-399,0,0,0,0,0,1
paced,788,0,292,220,0,150,-1356,39.350187,2.641,150,-1356,0,1,0,0,0,1
paced,789,0,406,220,0,150,1333,39.400496,2.179,150,1333,0,0,0,0,0,1
paced,790,0,296,220,0,150,970,39.450437,2.323,150,970,0,1,0,0,0,1
paced,791,0,737,220,0,150,-1652,39.500661,2.996,150,-1652,0,0,0,0,0,1
paced,792,0,505,220,0,150,-1504,39.550407,2.302,150,-1504,0,0,0,0,0,1
paced,793,0,244,220,0,150,1149,39.600223,2.551,150,1149,0,1,0,0,0,1
paced,794,0,255,220,0,150,-592,39.650279,2.437,150,-592,0,1,0,0,0,1
paced,795,0,474,220,0,150,-801,39.700451,3.291,150,-801,0,0,0,0,0,1
paced,796,0,425,220,0,150,349,39.750268,2.455,150,349,0,0,0,0,0,1
paced,797,0,200,220,0,150,-339,39.800183,2.678,150,-339,0,1,0,0,0,1
paced,798,0,181,220,0,150,-1500,39.850187,2.549,150,-1500,0,2,0,0,0,1
paced,799,0,292,220,0,150,-185,39.900488,3.651,150,-185,0,1,0,0,0,1
paced,800,0,530,220,0,150,1129,39.950287,2.381,150,1129,0,0,0,0,0,1
paced,801,0,397,220,0,150,-1436,40.000418,2.273,150,-1436,0,1,0,0,0,1
paced,802,0,486,220,0,150,-700,40.050381,2.564,150,-700,0,0,0,0,0,1
paced,803,0,158,220,0,150,290,40.100178,2.499,150,290,0,2,0,0,0,1
paced,804,0,479,220,0,150,-1361,40.150153,2.613,150,-1361,0,0,0,0,0,1
paced,805,0,510,220,0,150,1471,40.200663,3.067,150,1471,0,0,0,0,0,1
paced,806,0,278,220,0,150,662,40.250377,2.317,150,662,0,1,0,0,0,1
paced,807,0,427,220,0,150,-161,40.300343,2.401,150,-161,0,0,0,0,0,1
paced,808,0,243,220,0,150,961,40.350413,3.540,150,961,0,1,0,0,0,1
paced,809,0,740,220,0,150,722,40.400149,2.864,150,722,0,0,0,0,0,1
paced,810,0,690,220,0,150,127,40.450533,2.275,150,127,0,0,0,0,0,1
paced,811,0,727,220,0,150,-105,40.500468,3.227,150,-105,0,0,0,0,0,1
paced,812,0,698,220,0,150,-208,40.550454,4.285,150,-208,0,0,0,0,0,1
paced,813,0,458,220,0,150,-922,40.600372,2.357,150,-922,0,0,0,0,0,1
paced,814,0,797,220,0,150,-581,40.650609,3.395,150,-581,0,0,0,0,0,1
paced,815,0,712,220,0,150,-1275,40.700504,3.472,150,-1275,0,0,0,0,0,1
paced,816,0,205,220,0,150,637,40.750269,2.405,150,637,0,1,0,0,0,1
paced,817,0,670,220,0,150,-1370,40.800386,3.423,150,-1370,0,0,0,0,0,1
paced,818,0,329,220,0,150,-835,40.850160,2.534,150,-835,0,1,0,0,0,1
paced,819,0,370,220,0,150,-40,40.900195,2.711,150,-40,0,1,0,0,0,1
paced,820,0,431,220,0,150,416,40.950420,2.291,150,416,0,0,0,0,0,1
paced,821,0,170,220,0,150,-795,41.000490,2.162,150,-795,0,2,0,0,0,1
paced,822,0,701,220,0,150,-711,41.050495,3.127,150,-711,0,0,0,0,0,1
paced,823,0,692,220,0,150,-748,41.100205,2.400,150,-748,0,0,0,0,0,1
paced,824,0,634,220,0,150,-1304,41.150242,2.379,150,-1304,0,0,0,0,0,1
paced,825,0,562,220,0,150,1083,41.200231,3.556,150,1083,0,0,0,0,0,1
paced,826,0,256,220,0,150,1231,41.250485,3.147,150,1231,0,1,0,0,0,1
paced,827,0,532,220,0,150,-1538,41.300244,2.449,150,-1538,0,0,0,0,0,1
paced,828,0,707,220,0,150,-333,41.350140,2.602,150,-333,0,0,0,0,0,1
paced,829,0,707,220,0,150,455,41.400165,2.559,150,455,0,0,0,0,0,1
paced,830,0,669,220,0,150,984,41.450315,2.324,150,984,0,0,0,0,0,1
paced,831,0,744,220,0,150,-1696,41.500215,4.212,150,-1696,0,0,0,0,0,1
paced,832,0,783,220,0,150,-558,41.550451,2.403,150,-558,0,0,0,0,0,1
paced,833,0,606,220,0,150,975,41.600231,2.378,150,975,0,0,0,0,0,1
paced,834,0,285,220,0,150,-1182,41.650218,2.374,150,-1182,0,1,0,0,0,1
paced,835,0,226,220,0,150,552,41.700354,2.306,150,552,0,1,0,0,0,1
paced,836,0,295,220,0,150,951,41.750409,2.216,150,951,0,1,0,0,0,1
paced,837,0,371,220,0,150,162,41.800156,2.508,150,162,0,1,0,0,0,1
paced,838,0,493,220,0,150,-325,41.850180,2.495,150,-325,0,0,0,0,0,1
paced,839,0,449,220,0,150,-1166,41.900157,2.570,150,-1166,0,0,0,0,0,1
paced,840,0,309,220,0,150,1657,41.950507,2.074,150,1657,0,1,0,0,0,1
paced,841,0,540,220,0,150,1592,42.000497,3.119,150,1592,0,0,0,0,0,1
paced,842,0,600,220,0,150,-159,42.050182,2.459,150,-159,0,0,0,0,0,1
paced,843,0,270,220,0,150,641,42.100816,2.820,150,641,0,1,0,0,0,1
paced,844,0,298,220,0,150,-716,42.150327,2.482,150,-716,0,1,0,0,0,1
paced,845,0,452,220,0,150,911,42.200494,2.135,150,911,0,0,0,0,0,1
paced,846,0,768,220,0,150,-1787,42.250533,3.139,150,-1787,0,0,0,0,0,1
paced,847,0,700,220,0,150,-1781,42.300413,3.359,150,-1781,0,0,0,0,0,1
paced,848,0,285,220,0,150,-266,42.350394,3.176,150,-266,0,1,0,0,0,1
paced,849,0,725,220,0,150,1795,42.400241,2.362,150,1795,0,0,0,0,0,1
paced,850,0,253,220,0,150,62,42.450152,2.642,150,62,0,1,0,0,0,1
paced,851,0,181,220,0,150,1371,42.500479,3.180,150,1371,0,2,0,0,0,1
paced,852,0,592,220,0,150,631,42.550255,2.321,150,631,0,0,0,0,0,1
paced,853,0,582,220,0,150,-690,42.600175,2.473,150,-690,0,0,0,0,0,1
paced,854,0,529,220,0,150,-148,42.650164,2.463,150,-148,0,0,0,0,0,1
paced,855,0,565,220,0,150,661,42.700160,2.494,150,661,0,0,0,0,0,1
paced,856,0,623,220,0,150,-1602,42.750350,3.833,150,-1602,0,0,0,0,0,1
paced,857,0,251,220,0,150,108,42.800226,2.433,150,108,0,1,0,0,0,1
paced,858,0,188,220,0,150,826,42.850246,2.323,150,826,0,2,0,0,0,1
paced,859,0,150,220,0,150,1506,42.900200,2.492,150,1506,0,2,0,0,0,1
paced,860,0,193,220,0,150,1586,42.950220,2.359,150,1586,0,2,0,0,0,1
paced,861,0,263,220,0,150,585,43.000376,2.205,150,585,0,1,0,0,0,1
paced,862,0,292,220,0,150,352,43.050258,2.373,150,352,0,1,0,0,0,1
paced,863,0,670,220,0,150,1306,43.100385,2.322,150,1306,0,0,0,0,0,1
paced,864,0,514,220,0,150,437,43.150311,2.326,150,437,0,0,0,0,0,1
paced,865,0,427,220,0,150,1386,43.200194,2.588,150,1386,0,0,0,0,0,1
paced,866,0,731,220,0,150,862,43.250501,3.061,150,862,0,0,0,0,0,1
paced,867,0,514,220,0,150,1465,43.300391,2.193,150,1465,0,0,0,0,0,1
paced,868,0,635,220,0,150,1537,43.350447,2.150,150,1537,0,0,0,0,0,1
paced,869,0,401,220,0,150,1490,43.400316,2.234,150,1490,0,0,0,0,0,1
paced,870,0,786,220,0,150,-838,43.450146,2.513,150,-838,0,0,0,0,0,1
paced,871,0,258,220,0,150,483,43.500193,2.428,150,483,0,1,0,0,0,1
paced,872,0,516,220,0,150,1751,43.550175,2.399,150,1751,0,0,0,0,0,1
paced,873,0,312,220,0,150,-1344,43.600422,3.165,150,-1344,0,1,0,0,0,1
paced,874,0,191,220,0,150,1063,43.650238,2.331,150,1063,0,2,0,0,0,1
paced,875,0,471,220,0,150,-90,43.700206,2.508,150,-90,0,0,0,0,0,1
paced,876,0,504,220,0,150,-782,43.750313,2.288,150,-782,0,0,0,0,0,1
paced,877,0,790,220,0,150,1342,43.800183,2.378,150,1342,0,0,0,0,0,1
paced,878,0,207,220,0,150,707,43.850286,2.281,150,707,0,1,0,0,0,1
paced,879,0,595,220,0,150,-121,43.900206,4.260,150,-121,0,0,0,0,0,1
paced,880,0,535,220,0,150,-351,43.950175,2.347,150,-351,0,0,0,0,0,1
paced,881,0,450,220,0,150,1268,44.000533,2.018,150,1268,0,0,0,0,0,1
paced,882,0,499,220,0,150,-14,44.050252,4.052,150,-14,0,0,0,0,0,1
paced,883,0,393,220,0,150,780,44.100343,2.215,150,780,0,1,0,0,0,1
paced,884,0,774,220,0,150,305,44.150176,2.431,150,305,0,0,0,0,0,1
paced,885,0,297,220,0,150,-1591,44.200345,4.399,150,-1591,0,1,0,0,0,1
paced,886,0,499,220,0,150,936,44.250458,2.126,150,936,0,0,0,0,0,1
paced,887,0,266,220,0,150,281,44.300420,3.115,150,281,0,1,0,0,0,1
paced,888,0,326,220,0,150,404,44.350214,2.345,150,404,0,1,0,0,0,1
paced,889,0,790,220,0,150,176,44.400342,3.196,150,176,0,0,0,0,0,1
paced,890,0,499,220,0,150,1282,44.450212,2.371,150,1282,0,0,0,0,0,1
paced,891,0,274,220,0,150,567,44.500573,3.186,150,567,0,1,0,0,0,1
paced,892,0,172,220,0,150,147,44.550331,2.237,150,147,0,2,0,0,0,1
paced,893,0,364,220,0,150,-251,44.600440,3.529,150,-251,0,1,0,0,0,1
paced,894,0,796,220,0,150,1595,44.650468,3.318,150,1595,0,0,0,0,0,1
paced,895,0,328,220,0,150,-193,44.700171,2.521,150,-193,0,1,0,0,0,1
paced,896,0,383,220,0,150,-1412,44.750145,2.574,150,-1412,0,1,0,0,0,1
paced,897,0,404,220,0,150,-446,44.800258,4.025,150,-446,0,0,0,0,0,1
paced,898,0,486,220,0,150,869,44.850410,2.295,150,869,0,0,0,0,0,1
paced,899,0,401,220,0,150,1393,44.900469,2.117,150,1393,0,0,0,0,0,1
paced,900,0,622,220,0,150,1223,44.950617,3.027,150,1223,0,0,0,0,0,1
paced,901,0,632,220,0,150,-307,45.000272,2.332,150,-307,0,0,0,0,0,1
paced,902,0,654,220,0,150,848,45.050363,2.209,150,848,0,0,0,0,0,1
paced,903,0,348,220,0,150,-51,45.100240,2.302,150,-51,0,1,0,0,0,1
paced,904,0,601,220,0,150,-187,45.150250,2.313,150,-187,0,0,0,0,0,1
paced,905,0,705,220,0,150,-1327,45.200471,3.328,150,-1327,0,0,0,0,0,1
paced,906,0,735,220,0,150,179,45.250186,2.352,150,179,0,0,0,0,0,1
paced,907,0,422,220,0,150,1619,45.300351,2.133,150,1619,0,0,0,0,0,1
paced,908,0,278,220,0,150,-1207,45.350357,2.255,150,-1207,0,1,0,0,0,1
paced,909,0,162,220,0,150,-280,45.400340,2.287,150,-280,0,2,0,0,0,1
paced,910,0,574,220,0,150,-1374,45.450154,2.405,150,-1374,0,0,0,0,0,1
paced,911,0,176,220,0,150,852,45.500362,3.257,150,852,0,2,0,0,0,1
paced,912,0,226,220,0,150,-1071,45.550160,2.468,150,-1071,0,1,0,0,0,1
paced,913,0,619,220,0,150,1317,45.600175,2.459,150,1317,0,0,0,0,0,1
paced,914,0,536,220,0,150,912,45.650440,3.207,150,912,0,0,0,0,0,1
paced,915,0,664,220,0,150,1448,45.700150,2.588,150,1448,0,0,0,0,0,1
paced,916,0,445,220,0,150,-1184,45.750439,3.196,150,-1184,0,0,0,0,0,1
paced,917,0,307,220,0,150,328,45.800345,3.176,150,328,0,1,0,0,0,1
paced,918,0,258,220,0,150,-778,45.850293,2.199,150,-778,0,1,0,0,0,1
paced,919,0,169,220,0,150,82,45.900268,4.341,150,82,0,2,0,0,0,1
paced,920,0,556,220,0,150,1501,45.950324,2.144,150,1501,0,0,0,0,0,1
paced,921,0,799,220,0,150,1066,46.000369,3.405,150,1066,0,0,0,0,0,1
paced,922,0,383,220,0,150,382,46.050342,3.245,150,382,0,1,0,0,0,1
paced,923,0,550,220,0,150,-1799,46.100327,2.288,150,-1799,0,0,0,0,0,1
paced,924,0,707,220,0,150,1472,46.150314,2.243,150,1472,0,0,0,0,0,1
paced,925,0,405,220,0,150,-88,46.200382,4.101,150,-88,0,0,0,0,0,1
paced,926,0,312,220,0,150,892,46.250328,2.227,150,892,0,1,0,0,0,1
paced,927,0,333,220,0,150,-418,46.300464,3.030,150,-418,0,1,0,0,0,1
paced,928,0,394,220,0,150,-1509,46.350349,2.165,150,-1509,0,1,0,0,0,1
paced,929,0,699,220,0,150,464,46.400322,3.156,150,464,0,0,0,0,0,1
paced,930,0,314,220,0,150,-1101,46.450468,3.733,150,-1101,0,1,0,0,0,1
paced,931,0,534,220,0,150,577,46.500207,2.279,150,577,0,0,0,0,0,1
paced,932,0,172,220,0,150,281,46.550483,2.060,150,281,0,2,0,0,0,1
paced,933,0,372,220,0,150,-70,46.600180,2.425,150,-70,0,1,0,0,0,1
paced,934,0,391,220,0,150,1433,46.650604,2.936,150,1433,0,1,0,0,0,1
paced,935,0,191,220,0,150,292,46.700449,3.016,150,292,0,2,0,0,0,1
paced,936,0,344,220,0,150,1048,46.750341,2.301,150,1048,0,1,0,0,0,1
paced,937,0,666,220,0,150,1008,46.800402,2.094,150,1008,0,0,0,0,0,1
paced,938,0,776,220,0,150,856,46.850276,2.279,150,856,0,0,0,0,0,1
paced,939,0,699,220,0,150,-1504,46.900220,3.290,150,-1504,0,0,0,0,0,1
paced,940,0,403,220,0,150,-190,46.950216,2.273,150,-190,0,0,0,0,0,1
paced,941,0,626,220,0,150,-1333,47.000322,3.224,150,-1333,0,0,0,0,0,1
paced,942,0,730,220,0,150,817,47.050475,1.985,150,817,0,0,0,0,0,1
paced,943,0,199,220,0,150,-235,47.100165,2.425,150,-235,0,2,0,0,0,1
paced,944,0,241,220,0,150,473,47.150251,2.323,150,473,0,1,0,0,0,1
paced,945,0,246,220,0,150,807,47.200444,2.076,150,807,0,1,0,0,0,1
paced,946,0,640,220,0,150,-1636,47.250327,2.150,150,-1636,0,0,0,0,0,1
paced,947,0,680,220,0,150,-841,47.300164,2.349,150,-841,0,0,0,0,0,1
paced,948,0,162,220,0,150,-1735,47.350458,2.062,150,-1735,0,2,0,0,0,1
paced,949,0,469,220,0,150,90,47.400505,3.295,150,90,0,0,0,0,0,1
paced,950,0,434,220,0,150,1141,47.450416,3.299,150,1141,0,0,0,0,0,1
paced,951,0,575,220,0,150,-1138,47.500210,4.155,150,-1138,0,0,0,0,0,1
paced,952,0,759,220,0,150,-1275,47.550182,2.357,150,-1275,0,0,0,0,0,1
paced,953,0,725,220,0,150,1078,47.600283,2.207,150,1078,0,0,0,0,0,1
paced,954,0,475,220,0,150,1336,47.650560,2.975,150,1336,0,0,0,0,0,1
paced,955,0,697,220,0,150,787,47.700453,2.986,150,787,0,0,0,0,0,1
paced,956,0,609,220,0,150,234,47.750419,2.062,150,234,0,0,0,0,0,1
paced,957,0,577,220,0,150,448,47.800154,2.414,150,448,0,0,0,0,0,1
paced,958,0,321,220,0,150,1042,47.850124,2.377,150,1042,0,1,0,0,0,1
paced,959,0,554,220,0,150,1041,47.900306,3.301,150,1041,0,0,0,0,0,1
paced,960,0,548,220,0,150,1491,47.950383,3.360,150,1491,0,0,0,0,0,1
paced,961,0,355,220,0,150,209,48.000304,2.153,150,209,0,1,0,0,0,1
paced,962,0,435,220,0,150,-346,48.050164,2.281,150,-346,0,0,0,0,0,1
paced,963,0,305,220,0,150,-758,48.100222,3.276,150,-758,0,1,0,0,0,1
paced,964,0,730,220,0,150,-676,48.150250,2.830,150,-676,0,0,0,0,0,1
paced,965,0,329,220,0,150,1377,48.200218,3.218,150,1377,0,1,0,0,0,1
paced,966,0,786,220,0,150,-1478,48.250295,3.298,150,-1478,0,0,0,0,0,1
paced,967,0,519,220,0,150,-444,48.300187,2.303,150,-444,0,0,0,0,0,1
paced,968,0,296,220,0,150,-762,48.350168,2.308,150,-762,0,1,0,0,0,1
paced,969,0,411,220,0,150,-787,48.400424,3.227,150,-787,0,0,0,0,0,1
paced,970,0,507,220,0,150,-247,48.450289,3.338,150,-247,0,0,0,0,0,1
paced,971,0,435,220,0,150,496,48.500420,2.980,150,496,0,0,0,0,0,1
paced,972,0,628,220,0,150,-1765,48.550160,2.271,150,-1765,0,0,0,0,0,1
paced,973,0,302,220,0,150,-1287,48.600179,2.524,150,-1287,0,1,0,0,0,1
paced,974,0,408,220,0,150,-895,48.650218,4.481,150,-895,0,0,0,0,0,1
paced,975,0,351,220,0,150,-1532,48.700343,3.090,150,-1532,0,1,0,0,0,1
paced,976,0,743,220,0,150,381,48.750318,2.273,150,381,0,0,0,0,0,1
paced,977,0,783,220,0,150,-1008,48.800278,2.541,150,-1008,0,0,0,0,0,1
paced,978,0,706,220,0,150,-62,48.850197,2.296,150,-62,0,0,0,0,0,1
paced,979,0,395,220,0,150,545,48.900309,2.272,150,545,0,1,0,0,0,1
paced,980,0,292,220,0,150,448,48.950236,3.446,150,448,0,1,0,0,0,1
paced,981,0,621,220,0,150,-218,49.000462,3.227,150,-218,0,0,0,0,0,1
paced,982,0,350,220,0,150,-1482,49.050152,2.287,150,-1482,0,1,0,0,0,1
paced,983,0,790,220,0,150,-1504,49.100132,2.350,150,-1504,0,0,0,0,0,1
paced,984,0,306,220,0,150,1400,49.150189,2.274,150,1400,0,1,0,0,0,1
paced,985,0,208,220,0,150,-1697,49.200227,2.292,150,-1697,0,1,0,0,0,1
paced,986,0,565,220,0,150,-253,49.250214,2.382,150,-253,0,0,0,0,0,1
paced,987,0,577,220,0,150,975,49.300159,2.400,150,975,0,0,0,0,0,1
paced,988,0,290,220,0,150,600,49.350193,2.388,150,600,0,1,0,0,0,1
paced,989,0,761,220,0,150,-1291,49.400446,2.989,150,-1291,0,0,0,0,0,1
paced,990,0,701,220,0,150,417,49.450340,3.270,150,417,0,0,0,0,0,1
paced,991,0,225,220,0,150,-832,49.500509,2.078,150,-832,0,1,0,0,0,1
paced,992,0,540,220,0,150,-1249,49.550216,2.204,150,-1249,0,0,0,0,0,1
paced,993,0,442,220,0,150,-991,49.600382,2.189,150,-991,0,0,0,0,0,1
paced,994,0,556,220,0,150,-359,49.650418,3.187,150,-359,0,0,0,0,0,1
paced,995,0,332,220,0,150,-898,49.700214,2.179,150,-898,0,1,0,0,0,1
paced,996,0,454,220,0,150,1085,49.750163,2.271,150,1085,0,0,0,0,0,1
paced,997,0,297,220,0,150,-396,49.800185,2.327,150,-396,0,1,0,0,0,1
paced,998,0,653,220,0,150,372,49.850206,2.251,150,372,0,0,0,0,0,1
paced,999,0,448,220,0,150,-1458,49.900307,2.102,150,-1458,0,0,0,0,0,1
paced,1000,0,676,220,0,150,1568,49.950403,3.846,150,1568,0,0,0,0,0,1
sweep,1001,1,0,220,-596,999,999,49.954539,2.722,0,-596,1,2,38,1,0,1
sweep,1002,1,1,220,-965,999,999,49.957283,3.183,0,-965,1,2,0,1,0,1
sweep,1003,1,2,220,1069,999,999,49.960485,3.752,0,1069,1,2,0,1,0,1
sweep,1004,1,3,220,78,999,999,49.964283,2.294,0,78,1,2,0,1,0,1
sweep,1005,1,4,220,-1731,999,999,49.966626,3.014,0,-1731,1,2,0,1,0,1
sweep,1006,1,5,220,-631,999,999,49.969670,2.014,0,-631,1,2,0,1,0,1
sweep,1007,1,6,220,1459,999,999,49.971705,3.113,0,1459,1,2,0,1,0,1
sweep,1008,1,7,220,1498,999,999,49.974835,3.259,0,1498,1,2,0,1,0,1
sweep,1009,1,8,220,728,999,999,49.978112,3.243,0,728,1,2,0,1,0,1
sweep,1010,1,9,220,607,999,999,49.981372,2.662,0,607,1,2,0,1,0,1
sweep,1011,1,10,220,-1398,999,999,49.984052,2.857,0,-1398,1,2,0,1,0,1
sweep,1012,1,11,220,699,999,999,49.986926,1.859,0,699,1,2,0,1,0,1
sweep,1013,1,12,220,-294,999,999,49.988805,2.980,0,-294,1,2,0,1,0,1
sweep,1014,1,13,220,1271,999,999,49.991802,3.200,0,1271,1,2,0,1,0,1
sweep,1015,1,14,220,-4,999,999,49.995017,3.073,0,-4,1,2,0,1,0,1
sweep,1016,1,15,220,-776,999,999,49.998104,2.901,0,-776,1,2,0,1,0,1
sweep,1017,1,16,220,712,999,999,50.001021,2.058,0,712,1,2,0,1,0,1
sweep,1018,1,17,220,-1582,999,999,50.003094,2.590,0,-1582,1,2,0,1,0,1
sweep,1019,1,18,220,-1607,999,999,50.005706,2.381,0,-1607,1,2,0,1,0,1
sweep,1020,1,19,220,1573,999,999,50.008103,2.929,0,1573,1,2,0,1,0,1
sweep,1021,1,20,220,1380,999,999,50.011045,3.057,0,1380,1,2,0,1,0,1
sweep,1022,1,21,220,-528,999,999,50.014122,2.730,0,-528,1,2,0,1,0,1
sweep,1023,1,22,220,-1166,999,999,50.016870,2.216,0,-1166,1,2,0,1,0,1
sweep,1024,1,23,220,1507,999,999,50.019105,2.805,0,1507,1,2,0,1,0,1
sweep,1025,1,24,220,-1278,999,999,50.021927,2.780,0,-1278,1,2,0,1,0,1
sweep,1026,1,25,220,757,999,999,50.024720,2.367,0,757,1,2,0,1,0,1
sweep,1027,1,26,220,1546,999,999,50.027099,3.057,0,1546,1,2,0,1,0,1
sweep,1028,1,27,220,-1397,999,999,50.030169,2.791,0,-1397,1,2,0,1,0,1
sweep,1029,1,28,220,-1360,999,999,50.032982,3.452,0,-1360,1,2,0,1,0,1
sweep,1030,1,29,220,1677,999,999,50.036450,2.183,0,1677,1,2,0,1,0,1
sweep,1031,1,30,220,-38,999,999,50.038646,2.651,0,-38,1,2,0,1,0,1
sweep,1032,1,31,220,774,999,999,50.041332,2.910,0,774,1,2,0,1,0,1
sweep,1033,1,32,220,582,999,999,50.044258,4.112,0,582,1,2,0,1,0,1
sweep,1034,1,33,220,-813,999,999,50.048391,2.725,0,-813,1,2,0,1,0,1
sweep,1035,1,34,220,1230,999,999,50.051132,2.680,0,1230,1,2,0,1,0,1
sweep,1036,1,35,220,-969,999,999,50.053834,3.635,0,-969,1,2,0,1,0,1
sweep,1037,1,36,220,245,999,999,50.057487,2.372,0,245,1,2,0,1,0,1
sweep,1038,1,37,220,259,999,999,50.059878,2.139,0,259,1,2,0,1,0,1
sweep,1039,1,38,220,-195,999,999,50.062034,3.113,0,-195,1,2,0,1,0,1
sweep,1040,1,39,220,-1323,999,999,50.065167,3.046,0,-1323,1,2,0,1,0,1
sweep,1041,1,40,220,1079,999,999,50.068228,2.883,0,1079,1,2,0,1,0,1
sweep,1042,1,41,220,-951,999,999,50.071130,2.996,0,-951,1,2,0,1,0,1
sweep,1043,1,42,220,1535,999,999,50.074140,2.807,0,1535,1,2,0,1,0,1
sweep,1044,1,43,220,-248,999,999,50.076961,3.148,0,-248,1,2,0,1,0,1
sweep,1045,1,44,220,886,999,999,50.080129,2.889,0,886,1,2,0,1,0,1
sweep,1046,1,45,220,299,999,999,50.083036,3.034,0,299,1,2,0,1,0,1
sweep,1047,1,46,220,-1272,999,999,50.086087,2.664,0,-1272,1,2,0,1,0,1
sweep,1048,1,47,220,1513,999,999,50.088765,3.041,0,1513,1,2,0,1,0,1
sweep,1049,1,48,220,1113,999,999,50.091824,2.194,0,1113,1,2,0,1,0,1
sweep,1050,1,49,220,548,999,999,50.094038,1.683,0,548,1,2,0,1,0,1
sweep,1051,1,50,220,-778,999,999,50.095749,2.280,0,-778,1,2,0,1,0,1
sweep,1052,1,51,220,1149,999,999,50.098048,3.026,0,1149,1,2,0,1,0,1
sweep,1053,1,52,220,-1806,999,999,50.101097,2.910,0,-1806,1,2,0,1,0,1
sweep,1054,1,53,220,1119,999,999,50.104022,3.146,0,1119,1,2,0,1,0,1
sweep,1055,1,54,220,-1325,999,999,50.107182,3.316,0,-1325,1,2,0,1,0,1
sweep,1056,1,55,220,1492,999,999,50.110515,1.975,0,1492,1,2,0,1,0,1
sweep,1057,1,56,220,-995,999,999,50.112504,2.470,0,-995,1,2,0,1,0,1
sweep,1058,1,57,220,1306,999,999,50.114990,3.240,0,1306,1,2,0,1,0,1
sweep,1059,1,58,220,484,999,999,50.118250,3.255,0,484,1,2,0,1,0,1
sweep,1060,1,59,220,-272,999,999,50.121522,2.799,0,-272,1,2,0,1,0,1
sweep,1061,1,60,220,895,999,999,50.124373,2.426,0,895,1,2,0,1,0,1
sweep,1062,1,61,220,154,999,999,50.126818,2.130,0,154,1,2,0,1,0,1
sweep,1063,1,62,220,412,999,999,50.128962,1.730,0,412,1,2,0,1,0,1
sweep,1064,1,63,220,693,999,999,50.130706,3.605,0,693,1,2,0,1,0,1
sweep,1065,1,64,220,-876,999,999,50.134332,2.312,0,-876,1,2,0,1,0,1
sweep,1066,1,65,220,-724,999,999,50.136660,2.768,0,-724,1,2,0,1,0,1
sweep,1067,1,66,220,-1666,999,999,50.139447,2.717,0,-1666,1,2,0,1,0,1
sweep,1068,1,67,220,795,999,999,50.142184,2.916,0,795,1,2,0,1,0,1
sweep,1069,1,68,220,-1133,999,999,50.145121,2.496,0,-1133,1,2,0,1,0,1
sweep,1070,1,69,220,930,999,999,50.147633,2.084,0,930,1,2,0,1,0,1
sweep,1071,1,70,220,926,999,999,50.149730,2.610,0,926,1,2,0,1,0,1
sweep,1072,1,71,220,450,999,999,50.152367,2.901,0,450,1,2,0,1,0,1
sweep,1073,1,72,220,239,999,999,50.155287,2.796,0,239,1,2,0,1,0,1
sweep,1074,1,73,220,-866,999,999,50.158138,3.123,0,-866,1,2,0,1,0,1
sweep,1075,1,74,220,1683,999,999,50.161278,3.000,0,1683,1,2,0,1,0,1
sweep,1076,1,75,220,-139,999,999,50.164298,3.019,0,-139,1,2,0,1,0,1
sweep,1077,1,76,220,-699,999,999,50.167337,2.994,0,-699,1,2,0,1,0,1
sweep,1078,1,77,220,1329,999,999,50.170351,2.739,0,1329,1,2,0,1,0,1
sweep,1079,1,78,220,890,999,999,50.173110,3.162,0,890,1,2,0,1,0,1
sweep,1080,1,79,220,-95,999,999,50.176291,3.047,0,-95,1,2,0,1,0,1
sweep,1081,1,80,220,-188,999,999,50.179357,2.625,0,-188,1,2,0,1,0,1
sweep,1082,1,81,220,-706,999,999,50.181999,3.438,0,-706,1,2,0,1,0,1
sweep,1083,1,82,220,203,999,999,50.185455,2.883,0,203,1,2,0,1,0,1
sweep,1084,1,83,220,-1420,999,999,50.188358,2.951,0,-1420,1,2,0,1,0,1
sweep,1085,1,84,220,921,999,999,50.191328,2.719,0,921,1,2,0,1,0,1
sweep,1086,1,85,220,1583,999,999,50.194066,2.923,0,1583,1,2,0,1,0,1
sweep,1087,1,86,220,1595,999,999,50.197007,3.331,0,1595,1,2,0,1,0,1
sweep,1088,1,87,220,-1290,999,999,50.200357,2.328,0,-1290,1,2,0,1,0,1
sweep,1089,1,88,220,-1056,999,999,50.202704,2.742,0,-1056,1,2,0,1,0,1
sweep,1090,1,89,220,471,999,999,50.205465,2.432,0,471,1,2,0,1,0,1
sweep,1091,1,90,220,-1755,999,999,50.207915,2.191,0,-1755,1,2,0,1,0,1
sweep,1092,1,91,220,39,999,999,50.210125,3.062,0,39,1,2,0,1,0,1
sweep,1093,1,92,220,1267,999,999,50.213207,3.081,0,1267,1,2,0,1,0,1
sweep,1094,1,93,220,-1637,999,999,50.216306,2.941,0,-1637,1,2,0,1,0,1
sweep,1095,1,94,220,180,999,999,50.219268,2.656,0,180,1,2,0,1,0,1
sweep,1096,1,95,220,-943,999,999,50.221942,3.281,0,-943,1,2,0,1,0,1
sweep,1097,1,96,220,-207,999,999,50.225243,2.909,0,-207,1,2,0,1,0,1
sweep,1098,1,97,220,1550,999,999,50.228206,2.989,0,1550,1,2,0,1,0,1
sweep,1099,1,98,220,1170,999,999,50.231218,2.372,0,1170,1,2,0,1,0,1
sweep,1100,1,99,220,386,999,999,50.233612,2.753,0,386,1,2,0,1,0,1
sweep,1101,1,100,220,1548,999,999,50.236389,2.396,0,1548,1,2,0,1,0,1
sweep,1102,1,101,220,-443,999,999,50.238802,1.852,0,-443,1,2,0,1,0,1
sweep,1103,1,102,220,-823,999,999,50.240673,1.913,0,-823,1,2,0,1,0,1
sweep,1104,1,103,220,-1435,999,999,50.242604,2.508,0,-1435,1,2,0,1,0,1
sweep,1105,1,104,220,-1505,999,999,50.245133,2.529,0,-1505,1,2,0,1,0,1
sweep,1106,1,105,220,957,999,999,50.247680,2.119,0,957,1,2,0,1,0,1
sweep,1107,1,106,220,1236,999,999,50.249816,3.302,0,1236,1,2,0,1,0,1
sweep,1108,1,107,220,-1646,999,999,50.253136,3.571,0,-1646,1,2,0,1,0,1
sweep,1109,1,108,220,1646,999,999,50.256729,3.174,0,1646,1,2,0,1,0,1
sweep,1110,1,109,220,-89,999,999,50.259921,2.900,0,-89,1,2,0,1,0,1
sweep,1111,1,110,220,1595,999,999,50.262840,2.954,0,1595,1,2,0,1,0,1
sweep,1112,1,111,220,-11,999,999,50.265812,2.055,0,-11,1,2,0,1,0,1
sweep,1113,1,112,220,-1047,999,999,50.267884,1.987,0,-1047,1,2,0,1,0,1
sweep,1114,1,113,220,-1111,999,999,50.269886,1.905,0,-1111,1,2,0,1,0,1
sweep,1115,1,114,220,618,999,999,50.271803,1.699,0,618,1,2,0,1,0,1
sweep,1116,1,115,220,236,999,999,50.273517,2.441,0,236,1,2,0,1,0,1
sweep,1117,1,116,220,-1042,999,999,50.275970,2.774,0,-1042,1,2,0,1,0,1
sweep,1118,1,117,220,1650,999,999,50.278796,3.185,0,1650,1,2,0,1,0,1
sweep,1119,1,118,220,267,999,999,50.282002,2.980,0,267,1,2,0,1,0,1
sweep,1120,1,119,220,-244,999,999,50.285009,3.049,0,-244,1,2,0,1,0,1
sweep,1121,1,120,220,317,999,999,50.288072,2.980,0,317,1,2,0,1,0,1
sweep,1122,1,121,220,-344,999,999,50.291071,2.882,0,-344,1,2,0,1,0,1
sweep,1123,1,122,220,-1013,999,999,50.293968,3.124,0,-1013,1,2,0,1,0,1
sweep,1124,1,123,220,-867,999,999,50.297111,2.634,0,-867,1,2,0,1,0,1
sweep,1125,1,124,220,-347,999,999,50.299760,3.723,0,-347,1,2,0,1,0,1
sweep,1126,1,125,220,877,999,999,50.303505,2.169,0,877,1,2,0,1,0,1
sweep,1127,1,126,220,1774,999,999,50.305690,2.265,0,1774,1,2,0,1,0,1
sweep,1128,1,127,220,580,999,999,50.307966,2.911,0,580,1,2,0,1,0,1
sweep,1129,1,128,220,1281,999,999,50.310893,3.364,0,1281,1,2,0,1,0,1
sweep,1130,1,129,220,1362,999,999,50.314281,2.298,0,1362,1,2,0,1,0,1
sweep,1131,1,130,220,-1556,999,999,50.316597,2.459,0,-1556,1,2,0,1,0,1
sweep,1132,1,131,220,-424,999,999,50.319076,2.656,0,-424,1,2,0,1,0,1
sweep,1133,1,132,220,-1608,999,999,50.321750,2.418,0,-1608,1,2,0,1,0,1
sweep,1134,1,133,220,57,999,999,50.324186,2.981,0,57,1,2,0,1,0,1
sweep,1135,1,134,220,-1639,999,999,50.327186,3.173,0,-1639,1,2,0,1,0,1
sweep,1136,1,135,220,1596,999,999,50.330378,2.838,0,1596,1,2,0,1,0,1
sweep,1137,1,136,220,681,999,999,50.333234,2.977,0,681,1,2,0,1,0,1
sweep,1138,1,137,220,-1096,999,999,50.336231,2.909,0,-1096,1,2,0,1,0,1
sweep,1139,1,138,220,-1216,999,999,50.339159,3.105,0,-1216,1,2,0,1,0,1
sweep,1140,1,139,220,1677,999,999,50.342319,2.476,0,1677,1,2,0,1,0,1
sweep,1141,1,140,220,-651,999,999,50.344821,2.439,0,-651,1,2,0,1,0,1
sweep,1142,1,141,220,101,999,999,50.347279,3.008,0,101,1,2,0,1,0,1
sweep,1143,1,142,220,-1644,999,999,50.350307,3.021,0,-1644,1,2,0,1,0,1
sweep,1144,1,143,220,569,999,999,50.353347,3.067,0,569,1,2,0,1,0,1
sweep,1145,1,144,220,232,999,999,50.356444,2.243,0,232,1,2,0,1,0,1
sweep,1146,1,145,220,-1555,999,999,50.358708,1.923,0,-1555,1,2,0,1,0,1
sweep,1147,1,146,220,1727,999,999,50.360652,3.362,0,1727,1,2,0,1,0,1
sweep,1148,1,147,220,1602,999,999,50.364040,4.038,0,1602,1,2,0,1,0,1
sweep,1149,1,148,220,496,999,999,50.368126,3.186,0,496,1,2,0,1,0,1
sweep,1150,1,149,220,-197,999,999,50.371350,2.583,0,-197,1,2,0,1,0,1
sweep,1151,1,150,220,-1444,999,999,50.373982,2.722,0,-1444,1,2,0,1,0,1
sweep,1152,1,151,220,-182,999,999,50.376747,2.169,0,-182,1,2,0,1,0,1
sweep,1153,1,152,220,1443,999,999,50.378939,2.558,0,1443,1,2,0,1,0,1
sweep,1154,1,153,220,276,999,999,50.381515,2.309,0,276,1,2,0,1,0,1
sweep,1155,1,154,220,1629,999,999,50.383844,1.912,0,1629,1,2,0,1,0,1
sweep,1156,1,155,220,524,999,999,50.385776,1.949,0,524,1,2,0,1,0,1
sweep,1157,1,156,220,826,999,999,50.387743,2.465,0,826,1,2,0,1,0,1
sweep,1158,1,157,220,-586,999,999,50.390227,2.666,0,-586,1,2,0,1,0,1
sweep,1159,1,158,220,-205,999,999,50.392911,2.772,0,-205,1,2,0,1,0,1
sweep,1160,1,159,220,-723,999,999,50.395701,2.186,0,-723,1,2,0,1,0,1
sweep,1161,1,160,220,-378,999,999,50.397905,2.815,0,-378,1,2,0,1,0,1
sweep,1162,1,161,220,107,999,999,50.400753,3.065,0,107,1,2,0,1,0,1
sweep,1163,1,162,220,-1619,999,999,50.403840,3.023,0,-1619,1,2,0,1,0,1
sweep,1164,1,163,220,441,999,999,50.406912,2.968,0,441,1,2,0,1,0,1
sweep,1165,1,164,220,1750,999,999,50.409900,2.967,0,1750,1,2,0,1,0,1
sweep,1166,1,165,220,134,999,999,50.412886,2.973,0,134,1,2,0,1,0,1
sweep,1167,1,166,220,-1749,999,999,50.415893,3.100,0,-1749,1,2,0,1,0,1
sweep,1168,1,167,220,-72,999,999,50.419016,2.827,0,-72,1,2,0,1,0,1
sweep,1169,1,168,220,-573,999,999,50.421873,3.004,0,-573,1,2,0,1,0,1
sweep,1170,1,169,220,591,999,999,50.424898,3.045,0,591,1,2,0,1,0,1
sweep,1171,1,170,220,1247,999,999,50.427978,3.040,0,1247,1,2,0,1,0,1
sweep,1172,1,171,220,-521,999,999,50.431042,2.744,0,-521,1,2,0,1,0,1
sweep,1173,1,172,220,1437,999,999,50.433804,3.405,0,1437,1,2,0,1,0,1
sweep,1174,1,173,220,-1209,999,999,50.437229,2.877,0,-1209,1,2,0,1,0,1
sweep,1175,1,174,220,621,999,999,50.440126,3.103,0,621,1,2,0,1,0,1
sweep,1176,1,175,220,593,999,999,50.443248,2.369,0,593,1,2,0,1,0,1
sweep,1177,1,176,220,456,999,999,50.445635,2.335,0,456,1,2,0,1,0,1
sweep,1178,1,177,220,1665,999,999,50.447988,2.957,0,1665,1,2,0,1,0,1
sweep,1179,1,178,220,-683,999,999,50.450979,2.934,0,-683,1,2,0,1,0,1
sweep,1180,1,179,220,-1551,999,999,50.453935,2.846,0,-1551,1,2,0,1,0,1
sweep,1181,1,180,220,1723,999,999,50.456800,2.030,0,1723,1,2,0,1,0,1
sweep,1182,1,181,220,666,999,999,50.458851,1.947,0,666,1,2,0,1,0,1
sweep,1183,1,182,220,1404,999,999,50.460817,2.210,0,1404,1,2,0,1,0,1
sweep,1184,1,183,220,1419,999,999,50.463051,3.372,0,1419,1,2,0,1,0,1
sweep,1185,1,184,220,1357,999,999,50.466443,2.682,0,1357,1,2,0,1,0,1
sweep,1186,1,185,220,-342,999,999,50.469146,2.626,0,-342,1,2,0,1,0,1
sweep,1187,1,186,220,-120,999,999,50.471786,3.294,0,-120,1,2,0,1,0,1
sweep,1188,1,187,220,-219,999,999,50.475094,3.166,0,-219,1,2,0,1,0,1
sweep,1189,1,188,220,309,999,999,50.478276,3.092,0,309,1,2,0,1,0,1
sweep,1190,1,189,220,1419,999,999,50.481380,2.773,0,1419,1,2,0,1,0,1
sweep,1191,1,190,220,-1724,999,999,50.484209,2.581,0,-1724,1,2,0,1,0,1
sweep,1192,1,191,220,537,999,999,50.486808,3.152,0,537,1,2,0,1,0,1
sweep,1193,1,192,220,562,999,999,50.489978,3.200,0,562,1,2,0,1,0,1
sweep,1194,1,193,220,-1356,999,999,50.493195,2.551,0,-1356,1,2,0,1,0,1
sweep,1195,1,194,220,-1669,999,999,50.495759,3.348,0,-1669,1,2,0,1,0,1
sweep,1196,1,195,220,530,999,999,50.499128,2.830,0,530,1,2,0,1,0,1
sweep,1197,1,196,220,349,999,999,50.501977,3.478,0,349,1,2,0,1,0,1
sweep,1198,1,197,220,-1762,999,999,50.505471,3.558,0,-1762,1,2,0,1,0,1
sweep,1199,1,198,220,-1407,999,999,50.509051,3.257,0,-1407,1,2,0,1,0,1
sweep,1200,1,199,220,-460,999,999,50.512334,2.925,0,-460,1,2,0,1,0,1
sweep,1201,1,200,220,-441,999,999,50.515280,2.672,100,-441,1,1,0,1,0,1
sweep,1202,1,201,220,-312,999,999,50.517971,2.984,100,-312,1,1,0,1,0,1
sweep,1203,1,202,220,1253,999,999,50.520971,2.833,100,1253,1,1,0,1,0,1
sweep,1204,1,203,220,436,999,999,50.523820,2.206,100,436,1,1,0,1,0,1
sweep,1205,1,204,220,-1679,999,999,50.526042,3.098,100,-1679,1,1,0,1,0,1
sweep,1206,1,205,220,791,999,999,50.529159,2.653,100,791,1,1,0,1,0,1
sweep,1207,1,206,220,-304,999,999,50.531832,2.267,100,-304,1,1,0,1,0,1
sweep,1208,1,207,220,566,999,999,50.534113,2.692,100,566,1,1,0,1,0,1
sweep,1209,1,208,220,-1517,999,999,50.536824,1.745,100,-1517,1,1,0,1,0,1
sweep,1210,1,209,220,166,999,999,50.538583,2.048,100,166,1,1,0,1,0,1
sweep,1211,1,210,220,778,999,999,50.540643,2.170,100,778,1,1,0,1,0,1
sweep,1212,1,211,220,-1477,999,999,50.542828,3.353,100,-1477,1,1,0,1,0,1
sweep,1213,1,212,220,1649,999,999,50.546683,3.416,100,1649,1,1,0,1,0,1
sweep,1214,1,213,220,390,999,999,50.550116,2.960,100,390,1,1,0,1,0,1
sweep,1215,1,214,220,7,999,999,50.553097,3.070,100,7,1,1,0,1,0,1
sweep,1216,1,215,220,-450,999,999,50.556186,3.089,100,-450,1,1,0,1,0,1
sweep,1217,1,216,220,228,999,999,50.559294,2.836,100,228,1,1,0,1,0,1
sweep,1218,1,217,220,1499,999,999,50.562149,2.381,100,1499,1,1,0,1,0,1
sweep,1219,1,218,220,408,999,999,50.564549,2.619,100,408,1,1,0,1,0,1
sweep,1220,1,219,220,-1807,999,999,50.567192,2.446,100,-1807,1,1,0,1,0,1
sweep,1221,1,220,220,-1162,999,999,50.569680,2.809,100,-1162,1,1,0,1,0,1
sweep,1222,1,221,220,-489,999,999,50.572546,3.686,100,-489,1,1,0,1,0,1
sweep,1223,1,222,220,-342,999,999,50.576297,2.427,100,-342,1,1,0,1,0,1
sweep,1224,1,223,220,-944,999,999,50.578748,3.543,100,-944,1,1,0,1,0,1
sweep,1225,1,224,220,-1222,999,999,50.582323,2.892,100,-1222,1,1,0,1,0,1
sweep,1226,1,225,220,556,999,999,50.585240,2.709,100,556,1,1,0,1,0,1
sweep,1227,1,226,220,-1213,999,999,50.588009,2.992,100,-1213,1,1,0,1,0,1
sweep,1228,1,227,220,594,999,999,50.591026,3.006,100,594,1,1,0,1,0,1
sweep,1229,1,228,220,-1379,999,999,50.594053,2.968,100,-1379,1,1,0,1,0,1
sweep,1230,1,229,220,-166,999,999,50.597056,3.141,100,-166,1,1,0,1,0,1
sweep,1231,1,230,220,-521,999,999,50.600227,2.726,100,-521,1,1,0,1,0,1
sweep,1232,1,231,220,1730,999,999,50.602978,3.134,100,1730,1,1,0,1,0,1
sweep,1233,1,232,220,263,999,999,50.606131,2.810,100,263,1,1,0,1,0,1
sweep,1234,1,233,220,-97,999,999,50.608968,2.969,100,-97,1,1,0,1,0,1
sweep,1235,1,234,220,1544,999,999,50.611953,2.820,100,1544,1,1,0,1,0,1
sweep,1236,1,235,220,-346,999,999,50.614797,1.880,100,-346,1,1,0,1,0,1
sweep,1237,1,236,220,-422,999,999,50.616701,1.950,100,-422,1,1,0,1,0,1
sweep,1238,1,237,220,1669,999,999,50.618682,2.210,100,1669,1,1,0,1,0,1
sweep,1239,1,238,220,-756,999,999,50.620919,2.977,100,-756,1,1,0,1,0,1
sweep,1240,1,239,220,673,999,999,50.623915,2.862,100,673,1,1,0,1,0,1
sweep,1241,1,240,220,-311,999,999,50.626799,3.312,100,-311,1,1,0,1,0,1
sweep,1242,1,241,220,-1666,999,999,50.630132,2.911,100,-1666,1,1,0,1,0,1
sweep,1243,1,242,220,1092,999,999,50.633070,2.691,100,1092,1,1,0,1,0,1
sweep,1244,1,243,220,-1561,999,999,50.635780,3.307,100,-1561,1,1,0,1,0,1
sweep,1245,1,244,220,1323,999,999,50.639107,2.878,100,1323,1,1,0,1,0,1
sweep,1246,1,245,220,763,999,999,50.642006,3.112,100,763,1,1,0,1,0,1
sweep,1247,1,246,220,-810,999,999,50.645137,2.602,100,-810,1,1,0,1,0,1
sweep,1248,1,247,220,1538,999,999,50.647756,2.489,100,1538,1,1,0,1,0,1
sweep,1249,1,248,220,1417,999,999,50.650286,2.681,100,1417,1,1,0,1,0,1
sweep,1250,1,249,220,-733,999,999,50.653003,2.745,100,-733,1,1,0,1,0,1
sweep,1251,1,250,220,1270,999,999,50.655779,3.435,100,1270,1,1,0,1,0,1
sweep,1252,1,251,220,-194,999,999,50.659250,2.733,100,-194,1,1,0,1,0,1
sweep,1253,1,252,220,434,999,999,50.662008,2.844,100,434,1,1,0,1,0,1
sweep,1254,1,253,220,-658,999,999,50.664881,3.231,100,-658,1,1,0,1,0,1
sweep,1255,1,254,220,530,999,999,50.668140,2.891,100,530,1,1,0,1,0,1
sweep,1256,1,255,220,1398,999,999,50.671053,3.468,100,1398,1,1,0,1,0,1
sweep,1257,1,256,220,713,999,999,50.674540,2.827,100,713,1,1,0,1,0,1
sweep,1258,1,257,220,-1479,999,999,50.677386,3.595,100,-1479,1,1,0,1,0,1
sweep,1259,1,258,220,-1514,999,999,50.681013,2.990,100,-1514,1,1,0,1,0,1
sweep,1260,1,259,220,1082,999,999,50.684023,3.002,100,1082,1,1,0,1,0,1
sweep,1261,1,260,220,-1123,999,999,50.687046,3.056,100,-1123,1,1,0,1,0,1
sweep,1262,1,261,220,-726,999,999,50.690123,3.290,100,-726,1,1,0,1,0,1
sweep,1263,1,262,220,-126,999,999,50.693435,3.246,100,-126,1,1,0,1,0,1
sweep,1264,1,263,220,-1479,999,999,50.696700,2.064,100,-1479,1,1,0,1,0,1
sweep,1265,1,264,220,-1303,999,999,50.698783,2.315,100,-1303,1,1,0,1,0,1
sweep,1266,1,265,220,-664,999,999,50.701135,2.897,100,-664,1,1,0,1,0,1
sweep,1267,1,266,220,436,999,999,50.704064,2.997,100,436,1,1,0,1,0,1
sweep,1268,1,267,220,1154,999,999,50.707079,3.220,100,1154,1,1,0,1,0,1
sweep,1269,1,268,220,805,999,999,50.710318,2.677,100,805,1,1,0,1,0,1
sweep,1270,1,269,220,-744,999,999,50.713011,3.357,100,-744,1,1,0,1,0,1
sweep,1271,1,270,220,-859,999,999,50.716383,2.981,100,-859,1,1,0,1,0,1
sweep,1272,1,271,220,-958,999,999,50.719380,2.799,100,-958,1,1,0,1,0,1
sweep,1273,1,272,220,-1416,999,999,50.722193,2.994,100,-1416,1,1,0,1,0,1
sweep,1274,1,273,220,-685,999,999,50.725201,2.758,100,-685,1,1,0,1,0,1
sweep,1275,1,274,220,1136,999,999,50.727985,1.969,100,1136,1,1,0,1,0,1
sweep,1276,1,275,220,147,999,999,50.729968,2.802,100,147,1,1,0,1,0,1
sweep,1277,1,276,220,-1628,999,999,50.732791,3.098,100,-1628,1,1,0,1,0,1
sweep,1278,1,277,220,1201,999,999,50.735906,1.765,100,1201,1,1,0,1,0,1
sweep,1279,1,278,220,277,999,999,50.737690,2.319,100,277,1,1,0,1,0,1
sweep,1280,1,279,220,-586,999,999,50.740025,3.180,100,-586,1,1,0,1,0,1
sweep,1281,1,280,220,1405,999,999,50.743221,2.743,100,1405,1,1,0,1,0,1
sweep,1282,1,281,220,1757,999,999,50.745979,3.008,100,1757,1,1,0,1,0,1
sweep,1283,1,282,220,1501,999,999,50.749007,3.017,100,1501,1,1,0,1,0,1
sweep,1284,1,283,220,-985,999,999,50.752045,2.860,100,-985,1,1,0,1,0,1
sweep,1285,1,284,220,1546,999,999,50.754924,3.206,100,1546,1,1,0,1,0,1
sweep,1286,1,285,220,406,999,999,50.758151,3.128,100,406,1,1,0,1,0,1
sweep,1287,1,286,220,-1513,999,999,50.761297,2.853,100,-1513,1,1,0,1,0,1
sweep,1288,1,287,220,435,999,999,50.764174,3.002,100,435,1,1,0,1,0,1
sweep,1289,1,288,220,-528,999,999,50.767196,3.158,100,-528,1,1,0,1,0,1
sweep,1290,1,289,220,-429,999,999,50.770373,2.926,100,-429,1,1,0,1,0,1
sweep,1291,1,290,220,-608,999,999,50.773348,2.894,100,-608,1,1,0,1,0,1
sweep,1292,1,291,220,1700,999,999,50.776260,3.068,100,1700,1,1,0,1,0,1
sweep,1293,1,292,220,294,999,999,50.779346,3.678,101,294,1,1,0,1,0,1
sweep,1294,1,293,220,-1275,999,999,50.783043,3.126,102,-1275,1,1,0,1,0,1
sweep,1295,1,294,220,-1676,999,999,50.786188,2.351,103,-1676,1,1,0,1,0,1
sweep,1296,1,295,220,-9,999,999,50.788558,3.829,104,-9,1,1,0,1,0,1
sweep,1297,1,296,220,1514,999,999,50.792406,2.576,105,1514,1,1,0,1,0,1
sweep,1298,1,297,220,-330,999,999,50.795000,3.470,106,-330,1,1,0,1,0,1
sweep,1299,1,298,220,1452,999,999,50.798492,3.576,107,1452,1,1,0,1,0,1
sweep,1300,1,299,220,1241,999,999,50.802088,2.866,108,1241,1,1,0,1,0,1
sweep,1301,1,300,220,-1668,999,999,50.804973,3.042,110,-1668,1,1,0,1,0,1
sweep,1302,1,301,220,-1703,999,999,50.808035,2.681,111,-1703,1,1,0,1,0,1
sweep,1303,1,302,220,-528,999,999,50.810737,3.524,112,-528,1,1,0,1,0,1
sweep,1304,1,303,220,-110,999,999,50.814291,2.146,113,-110,1,1,0,1,0,1
sweep,1305,1,304,220,1251,999,999,50.816493,2.960,114,1251,1,1,0,1,0,1
sweep,1306,1,305,220,-1150,999,999,50.819473,2.553,115,-1150,1,1,0,1,0,1
sweep,1307,1,306,220,1812,999,999,50.822045,2.475,116,1812,1,1,0,1,0,1
sweep,1308,1,307,220,461,999,999,50.824564,2.433,117,461,1,1,0,1,0,1
sweep,1309,1,308,220,-1654,999,999,50.827036,2.986,118,-1654,1,1,0,1,0,1
sweep,1310,1,309,220,1075,999,999,50.830049,3.065,119,1075,1,1,0,1,0,1
sweep,1311,1,310,220,589,999,999,50.833134,3.146,121,589,1,1,0,1,0,1
sweep,1312,1,311,220,1055,999,999,50.836317,2.698,122,1055,1,1,0,1,0,1
sweep,1313,1,312,220,898,999,999,50.839034,2.718,123,898,1,1,0,1,0,1
sweep,1314,1,313,220,758,999,999,50.841771,3.091,124,758,1,1,0,1,0,1
sweep,1315,1,314,220,1755,999,999,50.844887,2.045,125,1755,1,1,0,1,0,1
sweep,1316,1,315,220,333,999,999,50.846948,3.108,126,333,1,1,0,1,0,1
sweep,1317,1,316,220,-81,999,999,50.850074,2.899,127,-81,1,1,0,1,0,1
sweep,1318,1,317,220,-1065,999,999,50.852995,3.051,128,-1065,1,1,0,1,0,1
sweep,1319,1,318,220,-1012,999,999,50.856065,3.039,129,-1012,1,1,0,1,0,1
sweep,1320,1,319,220,-867,999,999,50.859123,2.929,130,-867,1,1,0,1,0,1
sweep,1321,1,320,220,-1350,999,999,50.862073,2.772,132,-1350,1,1,0,1,0,1
sweep,1322,1,321,220,586,999,999,50.864864,3.049,133,586,1,1,0,1,0,1
sweep,1323,1,322,220,-1288,999,999,50.867930,3.541,134,-1288,1,1,0,1,0,1
sweep,1324,1,323,220,583,999,999,50.871486,1.902,135,583,1,1,0,1,0,1
sweep,1325,1,324,220,253,999,999,50.873405,2.531,136,253,1,1,0,1,0,1
sweep,1326,1,325,220,-1319,999,999,50.875954,3.255,137,-1319,1,1,0,1,0,1
sweep,1327,1,326,220,1135,999,999,50.879225,2.916,138,1135,1,1,0,1,0,1
sweep,1328,1,327,220,-729,999,999,50.882160,3.913,139,-729,1,1,0,1,0,1
sweep,1329,1,328,220,57,999,999,50.886093,2.441,140,57,1,1,0,1,0,1
sweep,1330,1,329,220,-1016,999,999,50.888550,2.322,141,-1016,1,1,0,1,0,1
sweep,1331,1,330,220,1380,999,999,50.890888,2.981,143,1380,1,1,0,1,0,1
sweep,1332,1,331,220,-1594,999,999,50.893890,2.923,144,-1594,1,1,0,1,0,1
sweep,1333,1,332,220,-341,999,999,50.896831,3.381,145,-341,1,1,0,1,0,1
sweep,1334,1,333,220,48,999,999,50.900236,2.709,146,48,1,1,0,1,0,1
sweep,1335,1,334,220,-449,999,999,50.902964,1.639,147,-449,1,1,0,1,0,1
sweep,1336,1,335,220,696,999,999,50.904621,2.248,148,696,1,1,0,1,0,1
sweep,1337,1,336,220,1142,999,999,50.906885,1.894,149,1142,1,1,0,1,0,1
sweep,1338,1,337,220,-368,999,999,50.908794,2.376,150,-368,1,1,0,1,0,1
sweep,1339,1,338,220,-920,999,999,50.911185,2.940,151,-920,1,1,0,1,0,1
sweep,1340,1,339,220,782,999,999,50.914151,2.418,152,782,1,1,0,1,0,1
sweep,1341,1,340,220,-1782,999,999,50.916587,2.316,154,-1782,1,1,0,1,0,1
sweep,1342,1,341,220,-1763,999,999,50.918917,3.075,155,-1763,1,1,0,1,0,1
sweep,1343,1,342,220,181,999,999,50.922014,3.014,156,181,1,1,0,1,0,1
sweep,1344,1,343,220,-1688,999,999,50.925044,3.233,157,-1688,1,1,0,1,0,1
sweep,1345,1,344,220,-1147,999,999,50.928299,2.571,158,-1147,1,1,0,1,0,1
sweep,1346,1,345,220,-783,999,999,50.930887,3.128,159,-783,1,1,0,1,0,1
sweep,1347,1,346,220,440,999,999,50.934035,2.854,160,440,1,1,0,1,0,1
sweep,1348,1,347,220,-1657,999,999,50.936907,3.499,161,-1657,1,1,0,1,0,1
sweep,1349,1,348,220,-1783,999,999,50.940422,2.879,162,-1783,1,1,0,1,0,1
sweep,1350,1,349,220,-878,999,999,50.943323,3.265,163,-878,1,1,0,1,0,1
sweep,1351,1,350,220,1312,999,999,50.946622,2.332,165,1312,1,1,0,1,0,1
sweep,1352,1,351,220,1814,999,999,50.948973,2.855,166,1814,1,1,0,1,0,1
sweep,1353,1,352,220,-1474,999,999,50.951847,3.132,167,-1474,1,1,0,1,0,1
sweep,1354,1,353,220,327,999,999,50.954999,3.129,168,327,1,1,0,1,0,1
sweep,1355,1,354,220,1526,999,999,50.958149,2.722,169,1526,1,1,0,1,0,1
sweep,1356,1,355,220,-1111,999,999,50.960889,3.289,170,-1111,1,1,0,1,0,1
sweep,1357,1,356,220,-1677,999,999,50.964196,3.053,171,-1677,1,1,0,1,0,1
sweep,1358,1,357,220,343,999,999,50.967270,2.955,172,343,1,1,0,1,0,1
sweep,1359,1,358,220,-1000,999,999,50.970244,3.097,173,-1000,1,1,0,1,0,1
sweep,1360,1,359,220,-963,999,999,50.973361,2.875,174,-963,1,1,0,1,0,1
sweep,1361,1,360,220,-6,999,999,50.976255,2.925,176,-6,1,1,0,1,0,1
sweep,1362,1,361,220,-638,999,999,50.979199,2.611,177,-638,1,1,0,1,0,1
sweep,1363,1,362,220,-825,999,999,50.981829,2.917,178,-825,1,1,0,1,0,1
sweep,1364,1,363,220,189,999,999,50.984766,2.762,179,189,1,1,0,1,0,1
sweep,1365,1,364,220,252,999,999,50.987549,3.771,180,252,1,1,0,1,0,1
sweep,1366,1,365,220,-299,999,999,50.991338,2.791,181,-299,1,1,0,1,0,1
sweep,1367,1,366,220,-490,999,999,50.994148,3.077,182,-490,1,1,0,1,0,1
sweep,1368,1,367,220,-215,999,999,50.997245,2.840,183,-215,1,1,0,1,0,1
sweep,1369,1,368,220,856,999,999,51.000108,2.826,184,856,1,1,0,1,0,1
sweep,1370,1,369,220,-1520,999,999,51.002956,3.610,185,-1520,1,1,0,1,0,1
sweep,1371,1,370,220,-1021,999,999,51.006587,2.558,187,-1021,1,1,0,1,0,1
sweep,1372,1,371,220,614,999,999,51.009196,3.080,188,614,1,1,0,1,0,1
sweep,1373,1,372,220,-1077,999,999,51.012312,2.627,189,-1077,1,1,0,1,0,1
sweep,1374,1,373,220,-1052,999,999,51.014960,3.243,190,-1052,1,1,0,1,0,1
sweep,1375,1,374,220,983,999,999,51.018221,3.216,191,983,1,1,0,1,0,1
sweep,1376,1,375,220,732,999,999,51.021469,2.765,192,732,1,1,0,1,0,1
sweep,1377,1,376,220,-604,999,999,51.024258,2.821,193,-604,1,1,0,1,0,1
sweep,1378,1,377,220,560,999,999,51.027104,2.793,194,560,1,1,0,1,0,1
sweep,1379,1,378,220,-75,999,999,51.029917,3.105,195,-75,1,1,0,1,0,1
sweep,1380,1,379,220,693,999,999,51.033041,3.040,196,693,1,1,0,1,0,1
sweep,1381,1,380,220,121,999,999,51.036105,2.870,198,121,1,1,0,1,0,1
sweep,1382,1,381,220,-332,999,999,51.038993,2.732,199,-332,1,1,0,1,0,1
sweep,1383,1,382,220,-1726,999,999,51.041747,3.126,200,-1726,1,1,0,1,0,1
sweep,1384,1,383,220,176,999,999,51.044891,3.134,201,176,1,1,0,1,0,1
sweep,1385,1,384,220,-1736,999,999,51.048043,3.127,202,-1736,1,1,0,1,0,1
sweep,1386,1,385,220,-1391,999,999,51.051192,3.056,203,-1391,1,1,0,1,0,1
sweep,1387,1,386,220,879,999,999,51.054264,2.934,204,879,1,1,0,1,0,1
sweep,1388,1,387,220,742,999,999,51.057212,2.942,205,742,1,1,0,1,0,1
sweep,1389,1,388,220,547,999,999,51.060167,2.593,206,547,1,1,0,1,0,1
sweep,1390,1,389,220,901,999,999,51.062773,2.096,207,901,1,1,0,1,0,1
sweep,1391,1,390,220,718,999,999,51.064906,3.151,209,718,1,1,0,1,0,1
sweep,1392,1,391,220,1644,999,999,51.068072,3.134,210,1644,1,1,0,1,0,1
sweep,1393,1,392,220,-49,999,999,51.071220,2.650,211,-49,1,1,0,1,0,1
sweep,1394,1,393,220,1568,999,999,51.073890,2.176,212,1568,1,1,0,1,0,1
sweep,1395,1,394,220,1078,999,999,51.076081,2.956,213,1078,1,1,0,1,0,1
sweep,1396,1,395,220,564,999,999,51.079049,2.833,214,564,1,1,0,1,0,1
sweep,1397,1,396,220,-413,999,999,51.081900,2.988,215,-413,1,1,0,1,0,1
sweep,1398,1,397,220,-432,999,999,51.084904,3.007,216,-432,1,1,0,1,0,1
sweep,1399,1,398,220,-1517,999,999,51.087924,3.836,217,-1517,1,1,0,1,0,1
sweep,1400,1,399,220,829,999,999,51.091779,3.488,218,829,1,1,0,1,0,1
sweep,1401,1,400,220,-99,999,999,51.095287,2.318,220,-99,1,0,0,1,0,1
sweep,1402,1,401,220,-1021,999,999,51.097623,3.512,220,-1021,1,0,0,1,0,1
sweep,1403,1,402,220,1053,999,999,51.101165,2.994,220,1053,1,0,0,1,0,1
sweep,1404,1,403,220,286,999,999,51.104178,2.988,220,286,1,0,0,1,0,1
sweep,1405,1,404,220,1474,999,999,51.107184,3.370,220,1474,1,0,0,1,0,1
sweep,1406,1,405,220,204,999,999,51.110573,2.970,220,204,1,0,0,1,0,1
sweep,1407,1,406,220,1628,999,999,51.113561,2.514,220,1628,1,0,0,1,0,1
sweep,1408,1,407,220,1588,999,999,51.116092,2.988,220,1588,1,0,0,1,0,1
sweep,1409,1,408,220,670,999,999,51.119097,2.920,220,670,1,0,0,1,0,1
sweep,1410,1,409,220,488,999,999,51.122036,2.740,220,488,1,0,0,1,0,1
sweep,1411,1,410,220,885,999,999,51.124796,3.427,220,885,1,0,0,1,0,1
sweep,1412,1,411,220,434,999,999,51.128243,2.909,220,434,1,0,0,1,0,1
sweep,1413,1,412,220,232,999,999,51.131172,3.219,220,232,1,0,0,1,0,1
sweep,1414,1,413,220,1682,999,999,51.134409,2.598,220,1682,1,0,0,1,0,1
sweep,1415,1,414,220,136,999,999,51.137026,3.177,220,136,1,0,0,1,0,1
sweep,1416,1,415,220,637,999,999,51.140221,3.089,220,637,1,0,0,1,0,1
sweep,1417,1,416,220,967,999,999,51.143329,2.264,220,967,1,0,0,1,0,1
sweep,1418,1,417,220,1204,999,999,51.145611,3.526,220,1204,1,0,0,1,0,1
sweep,1419,1,418,220,538,999,999,51.149193,2.765,220,538,1,0,0,1,0,1
sweep,1420,1,419,220,1690,999,999,51.151976,3.128,220,1690,1,0,0,1,0,1
sweep,1421,1,420,220,1325,999,999,51.155122,2.893,220,1325,1,0,0,1,0,1
sweep,1422,1,421,220,23,999,999,51.158034,3.222,220,23,1,0,0,1,0,1
sweep,1423,1,422,220,652,999,999,51.161276,3.005,220,652,1,0,0,1,0,1
sweep,1424,1,423,220,109,999,999,51.164299,2.885,220,109,1,0,0,1,0,1
sweep,1425,1,424,220,-1143,999,999,51.167205,2.867,220,-1143,1,0,0,1,0,1
sweep,1426,1,425,220,1588,999,999,51.170092,2.577,220,1588,1,0,0,1,0,1
sweep,1427,1,426,220,-722,999,999,51.172688,3.697,220,-722,1,0,0,1,0,1
sweep,1428,1,427,220,947,999,999,51.176406,2.938,220,947,1,0,0,1,0,1
sweep,1429,1,428,220,1536,999,999,51.179362,2.819,220,1536,1,0,0,1,0,1
sweep,1430,1,429,220,328,999,999,51.182201,3.229,220,328,1,0,0,1,0,1
sweep,1431,1,430,220,-585,999,999,51.185448,3.024,220,-585,1,0,0,1,0,1
sweep,1432,1,431,220,487,999,999,51.188495,2.821,220,487,1,0,0,1,0,1
sweep,1433,1,432,220,1313,999,999,51.191334,3.251,220,1313,1,0,0,1,0,1
sweep,1434,1,433,220,1480,999,999,51.194603,2.573,220,1480,1,0,0,1,0,1
sweep,1435,1,434,220,-197,999,999,51.197194,3.598,220,-197,1,0,0,1,0,1
sweep,1436,1,435,220,667,999,999,51.200810,3.060,220,667,1,0,0,1,0,1
sweep,1437,1,436,220,390,999,999,51.203891,2.360,220,390,1,0,0,1,0,1
sweep,1438,1,437,220,-759,999,999,51.206270,2.906,220,-759,1,0,0,1,0,1
sweep,1439,1,438,220,-774,999,999,51.209195,2.952,220,-774,1,0,0,1,0,1
sweep,1440,1,439,220,-550,999,999,51.212167,3.155,220,-550,1,0,0,1,0,1
sweep,1441,1,440,220,-1760,999,999,51.215380,2.946,220,-1760,1,0,0,1,0,1
sweep,1442,1,441,220,656,999,999,51.218345,2.870,220,656,1,0,0,1,0,1
sweep,1443,1,442,220,1282,999,999,51.221268,3.027,220,1282,1,0,0,1,0,1
sweep,1444,1,443,220,-1633,999,999,51.224315,2.846,220,-1633,1,0,0,1,0,1
sweep,1445,1,444,220,1382,999,999,51.227188,2.876,220,1382,1,0,0,1,0,1
sweep,1446,1,445,220,54,999,999,51.230084,2.962,220,54,1,0,0,1,0,1
sweep,1447,1,446,220,54,999,999,51.233072,2.768,220,54,1,0,0,1,0,1
sweep,1448,1,447,220,-364,999,999,51.235866,3.048,220,-364,1,0,0,1,0,1
sweep,1449,1,448,220,-870,999,999,51.238931,3.073,220,-870,1,0,0,1,0,1
sweep,1450,1,449,220,260,999,999,51.242027,3.337,220,260,1,0,0,1,0,1
sweep,1451,1,450,220,-1,999,999,51.245380,2.797,220,-1,1,0,0,1,0,1
sweep,1452,1,451,220,-964,999,999,51.248196,2.890,220,-964,1,0,0,1,0,1
sweep,1453,1,452,220,1045,999,999,51.251106,3.014,220,1045,1,0,0,1,0,1
sweep,1454,1,453,220,129,999,999,51.254146,3.228,220,129,1,0,0,1,0,1
sweep,1455,1,454,220,-446,999,999,51.257391,2.692,220,-446,1,0,0,1,0,1
sweep,1456,1,455,220,1031,999,999,51.260107,3.282,220,1031,1,0,0,1,0,1
sweep,1457,1,456,220,743,999,999,51.263408,2.895,220,743,1,0,0,1,0,1
sweep,1458,1,457,220,-1227,999,999,51.266324,2.328,220,-1227,1,0,0,1,0,1
sweep,1459,1,458,220,-248,999,999,51.268675,3.374,220,-248,1,0,0,1,0,1
sweep,1460,1,459,220,1712,999,999,51.272070,3.031,220,1712,1,0,0,1,0,1
sweep,1461,1,460,220,-29,999,999,51.275121,2.753,220,-29,1,0,0,1,0,1
sweep,1462,1,461,220,-1598,999,999,51.277893,2.662,220,-1598,1,0,0,1,0,1
sweep,1463,1,462,220,809,999,999,51.280575,2.349,220,809,1,0,0,1,0,1
sweep,1464,1,463,220,-1365,999,999,51.282942,2.942,220,-1365,1,0,0,1,0,1
sweep,1465,1,464,220,-361,999,999,51.285901,2.933,220,-361,1,0,0,1,0,1
sweep,1466,1,465,220,1749,999,999,51.288850,3.279,220,1749,1,0,0,1,0,1
sweep,1467,1,466,220,1394,999,999,51.292145,2.785,220,1394,1,0,0,1,0,1
sweep,1468,1,467,220,-1787,999,999,51.294946,2.854,220,-1787,1,0,0,1,0,1
sweep,1469,1,468,220,-773,999,999,51.297818,3.091,220,-773,1,0,0,1,0,1
sweep,1470,1,469,220,1257,999,999,51.300924,3.075,220,1257,1,0,0,1,0,1
sweep,1471,1,470,220,396,999,999,51.304021,2.994,220,396,1,0,0,1,0,1
sweep,1472,1,471,220,1219,999,999,51.307034,2.883,220,1219,1,0,0,1,0,1
sweep,1473,1,472,220,-1599,999,999,51.309934,3.034,220,-1599,1,0,0,1,0,1
sweep,1474,1,473,220,-565,999,999,51.312985,3.047,220,-565,1,0,0,1,0,1
sweep,1475,1,474,220,-269,999,999,51.316047,2.875,220,-269,1,0,0,1,0,1
sweep,1476,1,475,220,-1759,999,999,51.318941,3.007,220,-1759,1,0,0,1,0,1
sweep,1477,1,476,220,-491,999,999,51.321968,2.739,220,-491,1,0,0,1,0,1
sweep,1478,1,477,220,-435,999,999,51.324722,2.165,220,-435,1,0,0,1,0,1
sweep,1479,1,478,220,-556,999,999,51.326901,1.961,220,-556,1,0,0,1,0,1
sweep,1480,1,479,220,593,999,999,51.328884,3.103,220,593,1,0,0,1,0,1
sweep,1481,1,480,220,1776,999,999,51.332005,3.079,220,1776,1,0,0,1,0,1
sweep,1482,1,481,220,1403,999,999,51.335100,2.521,220,1403,1,0,0,1,0,1
sweep,1483,1,482,220,1555,999,999,51.337637,2.919,220,1555,1,0,0,1,0,1
sweep,1484,1,483,220,1745,999,999,51.340576,2.383,220,1745,1,0,0,1,0,1
sweep,1485,1,484,220,-1617,999,999,51.342977,3.166,220,-1617,1,0,0,1,0,1
sweep,1486,1,485,220,-966,999,999,51.346161,2.557,220,-966,1,0,0,1,0,1
sweep,1487,1,486,220,1115,999,999,51.348734,3.362,220,1115,1,0,0,1,0,1
sweep,1488,1,487,220,-1486,999,999,51.352116,2.827,220,-1486,1,0,0,1,0,1
sweep,1489,1,488,220,-474,999,999,51.354959,3.252,220,-474,1,0,0,1,0,1
sweep,1490,1,489,220,-1329,999,999,51.358230,2.758,220,-1329,1,0,0,1,0,1
sweep,1491,1,490,220,930,999,999,51.361035,1.564,220,930,1,0,0,1,0,1
sweep,1492,1,491,220,1542,999,999,51.362659,1.834,220,1542,1,0,0,1,0,1
sweep,1493,1,492,220,823,999,999,51.364516,2.879,220,823,1,0,0,1,0,1
sweep,1494,1,493,220,-1549,999,999,51.367419,2.082,220,-1549,1,0,0,1,0,1
sweep,1495,1,494,220,-1295,999,999,51.369522,2.631,220,-1295,1,0,0,1,0,1
sweep,1496,1,495,220,1379,999,999,51.372174,2.507,220,1379,1,0,0,1,0,1
sweep,1497,1,496,220,1009,999,999,51.374700,3.219,220,1009,1,0,0,1,0,1
sweep,1498,1,497,220,-615,999,999,51.377938,3.135,220,-615,1,0,0,1,0,1
sweep,1499,1,498,220,-143,999,999,51.381091,3.099,220,-143,1,0,0,1,0,1
sweep,1500,1,499,220,668,999,999,51.384209,3.082,220,668,1,0,0,1,0,1
sweep,1501,1,500,220,-425,999,999,51.387312,2.757,220,-425,1,0,0,1,0,1
sweep,1502,1,501,220,-868,999,999,51.390121,3.065,220,-868,1,0,0,1,0,1
sweep,1503,1,502,220,-1709,999,999,51.393227,2.697,220,-1709,1,0,0,1,0,1
sweep,1504,1,503,220,818,999,999,51.395961,3.063,220,818,1,0,0,1,0,1
sweep,1505,1,504,220,1049,999,999,51.399071,2.980,220,1049,1,0,0,1,0,1
sweep,1506,1,505,220,1004,999,999,51.402080,3.842,220,1004,1,0,0,1,0,1
sweep,1507,1,506,220,-1071,999,999,51.405946,3.207,220,-1071,1,0,0,1,0,1
sweep,1508,1,507,220,1274,999,999,51.409185,3.048,220,1274,1,0,0,1,0,1
sweep,1509,1,508,220,1318,999,999,51.412255,3.864,220,1318,1,0,0,1,0,1
sweep,1510,1,509,220,1279,999,999,51.416140,2.877,220,1279,1,0,0,1,0,1
sweep,1511,1,510,220,245,999,999,51.419037,3.023,220,245,1,0,0,1,0,1
sweep,1512,1,511,220,1251,999,999,51.422080,2.859,220,1251,1,0,0,1,0,1
sweep,1513,1,512,220,531,999,999,51.424957,2.881,220,531,1,0,0,1,0,1
sweep,1514,1,513,220,804,999,999,51.427867,3.232,220,804,1,0,0,1,0,1
sweep,1515,1,514,220,-322,999,999,51.431119,2.864,220,-322,1,0,0,1,0,1
sweep,1516,1,515,220,-581,999,999,51.434002,3.008,220,-581,1,0,0,1,0,1
sweep,1517,1,516,220,-617,999,999,51.437029,2.728,220,-617,1,0,0,1,0,1
sweep,1518,1,517,220,-272,999,999,51.439777,2.249,220,-272,1,0,0,1,0,1
sweep,1519,1,518,220,-98,999,999,51.442045,3.023,220,-98,1,0,0,1,0,1
sweep,1520,1,519,220,336,999,999,51.445087,2.757,220,336,1,0,0,1,0,1
sweep,1521,1,520,220,70,999,999,51.447863,2.553,220,70,1,0,0,1,0,1
sweep,1522,1,521,220,1500,999,999,51.450433,3.626,220,1500,1,0,0,1,0,1
sweep,1523,1,522,220,1728,999,999,51.454077,2.816,220,1728,1,0,0,1,0,1
sweep,1524,1,523,220,1694,999,999,51.456914,3.743,220,1694,1,0,0,1,0,1
sweep,1525,1,524,220,-1517,999,999,51.460678,3.471,220,-1517,1,0,0,1,0,1
sweep,1526,1,525,220,-1005,999,999,51.464166,2.986,220,-1005,1,0,0,1,0,1
sweep,1527,1,526,220,-151,999,999,51.467192,2.803,220,-151,1,0,0,1,0,1
sweep,1528,1,527,220,-872,999,999,51.470034,2.864,220,-872,1,0,0,1,0,1
sweep,1529,1,528,220,669,999,999,51.472922,2.058,220,669,1,0,0,1,0,1
sweep,1530,1,529,220,-1648,999,999,51.475000,2.795,220,-1648,1,0,0,1,0,1
sweep,1531,1,530,220,709,999,999,51.477814,3.250,220,709,1,0,0,1,0,1
sweep,1532,1,531,220,-834,999,999,51.481083,3.050,220,-834,1,0,0,1,0,1
sweep,1533,1,532,220,759,999,999,51.484187,3.216,220,759,1,0,0,1,0,1
sweep,1534,1,533,220,-901,999,999,51.487423,2.497,220,-901,1,0,0,1,0,1
sweep,1535,1,534,220,-823,999,999,51.489938,3.390,220,-823,1,0,0,1,0,1
sweep,1536,1,535,220,1101,999,999,51.493347,2.904,220,1101,1,0,0,1,0,1
sweep,1537,1,536,220,-204,999,999,51.496271,2.182,220,-204,1,0,0,1,0,1
sweep,1538,1,537,220,-267,999,999,51.498471,2.105,220,-267,1,0,0,1,0,1
sweep,1539,1,538,220,-960,999,999,51.500597,2.380,220,-960,1,0,0,1,0,1
sweep,1540,1,539,220,727,999,999,51.502995,3.125,220,727,1,0,0,1,0,1
sweep,1541,1,540,220,-1198,999,999,51.506140,3.295,220,-1198,1,0,0,1,0,1
sweep,1542,1,541,220,1129,999,999,51.509456,3.531,220,1129,1,0,0,1,0,1
sweep,1543,1,542,220,-595,999,999,51.513031,2.706,220,-595,1,0,0,1,0,1
sweep,1544,1,543,220,1226,999,999,51.515778,3.307,220,1226,1,0,0,1,0,1
sweep,1545,1,544,220,1124,999,999,51.519104,3.030,220,1124,1,0,0,1,0,1
sweep,1546,1,545,220,1780,999,999,51.522152,3.288,220,1780,1,0,0,1,0,1
sweep,1547,1,546,220,-346,999,999,51.525475,3.406,220,-346,1,0,0,1,0,1
sweep,1548,1,547,220,-1815,999,999,51.528905,2.899,220,-1815,1,0,0,1,0,1
sweep,1549,1,548,220,1099,999,999,51.531824,2.661,220,1099,1,0,0,1,0,1
sweep,1550,1,549,220,1065,999,999,51.534503,2.382,220,1065,1,0,0,1,0,1
sweep,1551,1,550,220,995,999,999,51.536897,1.944,220,995,1,0,0,1,0,1
sweep,1552,1,551,220,-562,999,999,51.538853,3.126,220,-562,1,0,0,1,0,1
sweep,1553,1,552,220,-1,999,999,51.541998,3.295,220,-1,1,0,0,1,0,1
sweep,1554,1,553,220,219,999,999,51.545312,3.013,220,219,1,0,0,1,0,1
sweep,1555,1,554,220,-1121,999,999,51.548343,2.315,220,-1121,1,0,0,1,0,1
sweep,1556,1,555,220,945,999,999,51.550672,2.529,220,945,1,0,0,1,0,1
sweep,1557,1,556,220,-1221,999,999,51.553217,2.317,220,-1221,1,0,0,1,0,1
sweep,1558,1,557,220,-1693,999,999,51.555546,2.718,220,-1693,1,0,0,1,0,1
sweep,1559,1,558,220,-302,999,999,51.558283,2.754,220,-302,1,0,0,1,0,1
sweep,1560,1,559,220,-31,999,999,51.561063,2.641,220,-31,1,0,0,1,0,1
sweep,1561,1,560,220,448,999,999,51.563720,1.988,220,448,1,0,0,1,0,1
sweep,1562,1,561,220,-420,999,999,51.565728,3.518,220,-420,1,0,0,1,0,1
sweep,1563,1,562,220,1761,999,999,51.569262,2.677,220,1761,1,0,0,1,0,1
sweep,1564,1,563,220,1461,999,999,51.571999,2.933,220,1461,1,0,0,1,0,1
sweep,1565,1,564,220,282,999,999,51.574948,2.816,220,282,1,0,0,1,0,1
sweep,1566,1,565,220,185,999,999,51.577793,3.239,220,185,1,0,0,1,0,1
sweep,1567,1,566,220,-520,999,999,51.581062,2.827,220,-520,1,0,0,1,0,1
sweep,1568,1,567,220,653,999,999,51.583916,2.864,220,653,1,0,0,1,0,1
sweep,1569,1,568,220,-1364,999,999,51.586814,3.313,220,-1364,1,0,0,1,0,1
sweep,1570,1,569,220,570,999,999,51.590155,2.734,220,570,1,0,0,1,0,1
sweep,1571,1,570,220,825,999,999,51.592914,2.655,220,825,1,0,0,1,0,1
sweep,1572,1,571,220,-623,999,999,51.595589,3.471,220,-623,1,0,0,1,0,1
sweep,1573,1,572,220,1499,999,999,51.599082,2.864,220,1499,1,0,0,1,0,1
sweep,1574,1,573,220,424,999,999,51.601999,3.223,220,424,1,0,0,1,0,1
sweep,1575,1,574,220,894,999,999,51.605258,2.564,220,894,1,0,0,1,0,1
sweep,1576,1,575,220,-690,999,999,51.607841,3.398,220,-690,1,0,0,1,0,1
sweep,1577,1,576,220,-61,999,999,51.611258,3.293,220,-61,1,0,0,1,0,1
sweep,1578,1,577,220,-1774,999,999,51.614567,3.461,220,-1774,1,0,0,1,0,1
sweep,1579,1,578,220,1628,999,999,51.618069,2.566,220,1628,1,0,0,1,0,1
sweep,1580,1,579,220,-548,999,999,51.620664,2.582,220,-548,1,0,0,1,0,1
sweep,1581,1,580,220,1261,999,999,51.623272,3.022,220,1261,1,0,0,1,0,1
sweep,1582,1,581,220,-1466,999,999,51.626315,2.598,220,-1466,1,0,0,1,0,1
sweep,1583,1,582,220,796,999,999,51.628947,3.333,220,796,1,0,0,1,0,1
sweep,1584,1,583,220,194,999,999,51.632306,2.715,220,194,1,0,0,1,0,1
sweep,1585,1,584,220,-1350,999,999,51.635055,3.075,220,-1350,1,0,0,1,0,1
sweep,1586,1,585,220,232,999,999,51.638149,3.237,220,232,1,0,0,1,0,1
sweep,1587,1,586,220,-917,999,999,51.641420,2.825,220,-917,1,0,0,1,0,1
sweep,1588,1,587,220,1744,999,999,51.644275,2.906,220,1744,1,0,0,1,0,1
sweep,1589,1,588,220,660,999,999,51.647209,3.009,220,660,1,0,0,1,0,1
sweep,1590,1,589,220,1243,999,999,51.650244,2.699,220,1243,1,0,0,1,0,1
sweep,1591,1,590,220,815,999,999,51.652962,3.042,220,815,1,0,0,1,0,1
sweep,1592,1,591,220,1249,999,999,51.656036,2.937,220,1249,1,0,0,1,0,1
sweep,1593,1,592,220,-736,999,999,51.658998,2.579,220,-736,1,0,0,1,0,1
sweep,1594,1,593,220,-31,999,999,51.661597,2.463,220,-31,1,0,0,1,0,1
sweep,1595,1,594,220,-294,999,999,51.664082,2.983,220,-294,1,0,0,1,0,1
sweep,1596,1,595,220,1392,999,999,51.667106,3.026,220,1392,1,0,0,1,0,1
sweep,1597,1,596,220,-876,999,999,51.670167,3.034,220,-876,1,0,0,1,0,1
sweep,1598,1,597,220,-1598,999,999,51.673239,2.731,220,-1598,1,0,0,1,0,1
sweep,1599,1,598,220,-1401,999,999,51.676005,3.135,220,-1401,1,0,0,1,0,1
sweep,1600,1,599,220,624,999,999,51.679163,2.596,220,624,1,0,0,1,0,1
sweep,1601,1,600,220,290,999,999,51.681779,2.376,220,290,1,0,0,1,0,1
sweep,1602,1,65535,220,286,999,999,51.684178,2.757,220,286,1,0,0,1,0,1
sweep,1603,1,500,0,274,999,999,51.686957,2.822,0,274,1,0,0,1,0,1
sweep,1604,1,500,150,-1153,999,999,51.689798,3.213,150,-1153,1,0,0,1,0,1
sweep,1605,1,300,150,-1289,999,999,51.693063,3.074,110,-1289,1,1,0,1,0,1
sweep,1606,1,300,80,-624,999,999,51.696168,2.630,80,-624,1,1,0,1,0,1
sweep,1607,1,150,220,-1623,999,999,51.698831,3.353,0,-1623,1,2,0,1,0,1
sweep,1608,1,500,-50,1802,999,999,51.702208,2.744,0,1802,1,0,0,1,0,1
sweep,1609,1,500,400,-1541,999,999,51.704975,3.118,220,-1541,1,0,0,1,0,1
switch,1610,0,500,220,0,150,0,51.708149,2.874,150,0,0,0,34,2,0,1
switch,1611,0,500,220,0,150,0,51.711060,3.581,150,0,0,0,0,2,0,1
switch,1612,0,500,220,0,150,0,51.761154,2.529,150,0,0,0,0,2,0,1
switch,1613,0,500,220,0,150,0,51.811279,3.107,150,0,0,0,0,2,0,1
switch,1614,0,500,220,0,150,0,51.861642,3.462,150,0,0,0,0,2,0,1
switch,1615,0,500,220,0,150,0,51.911425,2.924,150,0,0,0,0,2,0,1
switch,1616,0,500,220,0,150,0,51.961651,2.714,150,0,0,0,0,2,0,1
switch,1617,0,500,220,0,150,0,52.011404,2.937,150,0,0,0,0,2,0,1
switch,1618,0,500,220,0,150,0,52.061297,2.064,150,0,0,0,0,2,0,1
switch,1619,0,500,220,0,150,0,52.111176,2.339,150,0,0,0,0,2,0,1
switch,1620,0,500,220,0,150,0,52.161201,2.644,150,0,0,0,0,2,0,1
switch,1621,1,500,220,0,150,0,52.211534,2.802,220,0,1,0,35,3,0,1
switch,1622,1,500,220,0,150,0,52.261459,2.904,220,0,1,0,0,3,0,1
switch,1623,1,500,220,0,150,0,52.311273,2.220,220,0,1,0,0,3,0,1
switch,1624,1,500,220,0,150,0,52.361462,2.889,220,0,1,0,0,3,0,1
switch,1625,1,500,220,0,150,0,52.411433,2.856,220,0,1,0,0,3,0,1
switch,1626,1,500,220,0,150,0,52.461499,2.841,220,0,1,0,0,3,0,1
switch,1627,1,500,220,0,150,0,52.511588,2.754,220,0,1,0,0,3,0,1
switch,1628,1,500,220,0,150,0,52.561229,2.182,220,0,1,0,0,3,0,1
switch,1629,1,500,220,0,150,0,52.611165,2.267,220,0,1,0,0,3,0,1
switch,1630,1,500,220,0,150,0,52.661194,2.198,220,0,1,0,0,3,0,1
switch,1631,0,500,220,0,150,0,52.711541,2.793,150,0,0,0,34,4,0,1
switch,1632,0,500,220,0,150,0,52.761416,2.937,150,0,0,0,0,4,0,1
switch,1633,0,500,220,0,150,0,52.811192,2.247,150,0,0,0,0,4,0,1
switch,1634,0,500,220,0,150,0,52.861409,2.930,150,0,0,0,0,4,0,1
switch,1635,0,500,220,0,150,0,52.911688,2.939,150,0,0,0,0,4,0,1
switch,1636,0,500,220,0,150,0,52.961708,2.705,150,0,0,0,0,4,0,1
switch,1637,0,500,220,0,150,0,53.011720,2.610,150,0,0,0,0,4,0,1
switch,1638,0,500,220,0,150,0,53.061173,2.142,150,0,0,0,0,4,0,1
switch,1639,0,500,220,0,150,0,53.111282,3.044,150,0,0,0,0,4,0,1
switch,1640,0,500,220,0,150,0,53.161464,2.881,150,0,0,0,0,4,0,1
switch,1641,1,500,220,0,150,0,53.211288,4.066,220,0,1,0,34,5,0,1
switch,1642,1,500,220,0,150,0,53.261280,2.075,220,0,1,0,0,5,0,1
switch,1643,1,500,220,0,150,0,53.311202,2.153,220,0,1,0,0,5,0,1
switch,1644,1,500,220,0,150,0,53.361534,2.887,220,0,1,0,0,5,0,1
switch,1645,1,500,220,0,150,0,53.411396,2.921,220,0,1,0,0,5,0,1
switch,1646,1,500,220,0,150,0,53.461588,2.750,220,0,1,0,0,5,0,1
switch,1647,1,500,220,0,150,0,53.511585,2.753,220,0,1,0,0,5,0,1
switch,1648,1,500,220,0,150,0,53.561168,2.111,220,0,1,0,0,5,0,1
switch,1649,1,500,220,0,150,0,53.611177,2.495,220,0,1,0,0,5,0,1
switch,1650,1,500,220,0,150,0,53.661377,3.444,220,0,1,0,0,5,0,1
switch,1651,0,500,220,0,150,0,53.711542,2.795,150,0,0,0,34,6,0,1
switch,1652,0,500,220,0,150,0,53.761382,2.879,150,0,0,0,0,6,0,1
switch,1653,0,500,220,0,150,0,53.811481,2.834,150,0,0,0,0,6,0,1
switch,1654,0,500,220,0,150,0,53.861185,2.230,150,0,0,0,0,6,0,1
switch,1655,0,500,220,0,150,0,53.911714,2.753,150,0,0,0,0,6,0,1
switch,1656,0,500,220,0,150,0,53.961497,2.772,150,0,0,0,0,6,0,1
switch,1657,0,500,220,0,150,0,54.011210,2.222,150,0,0,0,0,6,0,1
switch,1658,0,500,220,0,150,0,54.061477,2.889,150,0,0,0,0,6,0,1
switch,1659,0,500,220,0,150,0,54.111516,2.770,150,0,0,0,0,6,0,1
switch,1660,0,500,220,0,150,0,54.161652,2.979,150,0,0,0,0,6,0,1
switch,1661,1,500,220,0,150,0,54.211156,2.141,220,0,1,0,34,7,0,1
switch,1662,1,500,220,0,150,0,54.261214,2.146,220,0,1,0,0,7,0,1
switch,1663,1,500,220,0,150,0,54.311565,2.751,220,0,1,0,0,7,0,1
switch,1664,1,500,220,0,150,0,54.361678,3.145,220,0,1,0,0,7,0,1
switch,1665,1,500,220,0,150,0,54.411583,3.434,220,0,1,0,0,7,0,1
switch,1666,1,500,220,0,150,0,54.461247,3.051,220,0,1,0,0,7,0,1
switch,1667,1,500,220,0,150,0,54.511492,3.013,220,0,1,0,0,7,0,1
switch,1668,1,500,220,0,150,0,54.561300,2.931,220,0,1,0,0,7,0,1
switch,1669,1,500,220,0,150,0,54.611165,2.197,220,0,1,0,0,7,0,1
switch,1670,1,500,220,0,150,0,54.661771,2.485,220,0,1,0,0,7,0,1
switch,1671,0,500,220,0,150,0,54.711708,2.567,150,0,0,0,34,8,0,1
switch,1672,0,500,220,0,150,0,54.761174,2.178,150,0,0,0,0,8,0,1
switch,1673,0,500,220,0,150,0,54.811454,2.941,150,0,0,0,0,8,0,1
switch,1674,0,500,220,0,150,0,54.861405,3.207,150,0,0,0,0,8,0,1
switch,1675,0,500,220,0,150,0,54.911382,2.934,150,0,0,0,0,8,0,1
switch,1676,0,500,220,0,150,0,54.961665,2.801,150,0,0,0,0,8,0,1
switch,1677,0,500,220,0,150,0,55.011771,3.181,150,0,0,0,0,8,0,1
switch,1678,0,500,220,0,150,0,55.061168,2.188,150,0,0,0,0,8,0,1
switch,1679,0,500,220,0,150,0,55.111702,2.910,150,0,0,0,0,8,0,1
switch,1680,0,500,220,0,150,0,55.161560,3.008,150,0,0,0,0,8,0,1
switch,1681,1,500,220,0,150,0,55.211356,3.215,220,0,1,0,34,9,0,1
switch,1682,1,500,220,0,150,0,55.261594,2.677,220,0,1,0,0,9,0,1
switch,1683,1,500,220,0,150,0,55.311183,2.183,220,0,1,0,0,9,0,1
switch,1684,1,500,220,0,150,0,55.361198,2.135,220,0,1,0,0,9,0,1
switch,1685,1,500,220,0,150,0,55.411504,2.765,220,0,1,0,0,9,0,1
switch,1686,1,500,220,0,150,0,55.461434,2.987,220,0,1,0,0,9,0,1
switch,1687,1,500,220,0,150,0,55.511171,2.348,220,0,1,0,0,9,0,1
switch,1688,1,500,220,0,150,0,55.561347,2.986,220,0,1,0,0,9,0,1
switch,1689,1,500,220,0,150,0,55.611589,2.628,220,0,1,0,0,9,0,1
switch,1690,1,500,220,0,150,0,55.661565,2.674,220,0,1,0,0,9,0,1
switch,1691,0,500,220,0,150,0,55.711170,2.127,150,0,0,0,35,10,0,1
switch,1692,0,500,220,0,150,0,55.761395,3.093,150,0,0,0,0,10,0,1
switch,1693,0,500,220,0,150,0,55.811221,1.996,150,0,0,0,0,10,0,1
switch,1694,0,500,220,0,150,0,55.861615,2.631,150,0,0,0,0,10,0,1
switch,1695,0,500,220,0,150,0,55.911212,3.054,150,0,0,0,0,10,0,1
switch,1696,0,500,220,0,150,0,55.961575,2.665,150,0,0,0,0,10,0,1
switch,1697,0,500,220,0,150,0,56.011210,2.063,150,0,0,0,0,10,0,1
switch,1698,0,500,220,0,150,0,56.061563,2.657,150,0,0,0,0,10,0,1
switch,1699,0,500,220,0,150,0,56.111264,3.553,150,0,0,0,0,10,0,1
switch,1700,0,500,220,0,150,0,56.161598,2.615,150,0,0,0,0,10,0,1
switch,1701,1,500,220,0,150,0,56.211276,3.011,220,0,1,0,32,11,0,1
switch,1702,1,500,220,0,150,0,56.261598,2.882,220,0,1,0,0,11,0,1
switch,1703,1,500,220,0,150,0,56.311394,2.815,220,0,1,0,0,11,0,1
switch,1704,1,500,220,0,150,0,56.361555,2.900,220,0,1,0,0,11,0,1
switch,1705,1,500,220,0,150,0,56.411701,2.661,220,0,1,0,0,11,0,1
switch,1706,1,500,220,0,150,0,56.461614,2.935,220,0,1,0,0,11,0,1
switch,1707,1,500,220,0,150,0,56.511319,1.957,220,0,1,0,0,11,0,1
switch,1708,1,500,220,0,150,0,56.561505,2.952,220,0,1,0,0,11,0,1
switch,1709,1,500,220,0,150,0,56.611762,2.743,220,0,1,0,0,11,0,1
switch,1710,1,500,220,0,150,0,56.661683,3.134,220,0,1,0,0,11,0,1
switch,1711,0,500,220,0,150,0,56.711605,2.580,150,0,0,0,34,12,0,1
switch,1712,0,500,220,0,150,0,56.761576,2.813,150,0,0,0,0,12,0,1
switch,1713,0,500,220,0,150,0,56.811204,2.006,150,0,0,0,0,12,0,1
switch,1714,0,500,220,0,150,0,56.861328,2.914,150,0,0,0,0,12,0,1
switch,1715,0,500,220,0,150,0,56.911266,1.938,150,0,0,0,0,12,0,1
switch,1716,0,500,220,0,150,0,56.961285,1.887,150,0,0,0,0,12,0,1
switch,1717,0,500,220,0,150,0,57.011568,2.680,150,0,0,0,0,12,0,1
switch,1718,0,500,220,0,150,0,57.061545,2.675,150,0,0,0,0,12,0,1
switch,1719,0,500,220,0,150,0,57.111222,2.016,150,0,0,0,0,12,0,1
switch,1720,0,500,220,0,150,0,57.161493,3.430,150,0,0,0,0,12,0,1
switch,1721,1,500,220,0,150,0,57.211597,2.591,220,0,1,0,34,13,0,1
switch,1722,1,500,220,0,150,0,57.261414,2.798,220,0,1,0,0,13,0,1
switch,1723,1,500,220,0,150,0,57.311299,1.924,220,0,1,0,0,13,0,1
switch,1724,1,500,220,0,150,0,57.361211,3.071,220,0,1,0,0,13,0,1
switch,1725,1,500,220,0,150,0,57.411644,2.591,220,0,1,0,0,13,0,1
switch,1726,1,500,220,0,150,0,57.461568,3.337,220,0,1,0,0,13,0,1
switch,1727,1,500,220,0,150,0,57.511503,2.940,220,0,1,0,0,13,0,1
switch,1728,1,500,220,0,150,0,57.561210,1.960,220,0,1,0,0,13,0,1
switch,1729,1,500,220,0,150,0,57.611200,2.972,220,0,1,0,0,13,0,1
switch,1730,1,500,220,0,150,0,57.661489,2.760,220,0,1,0,0,13,0,1
switch,1731,0,500,220,0,150,0,57.711223,3.715,150,0,0,0,34,14,0,1
switch,1732,0,500,220,0,150,0,57.761607,2.573,150,0,0,0,0,14,0,1
switch,1733,0,500,220,0,150,0,57.811657,2.548,150,0,0,0,0,14,0,1
switch,1734,0,500,220,0,150,0,57.861164,2.044,150,0,0,0,0,14,0,1
switch,1735,0,500,220,0,150,0,57.911227,2.006,150,0,0,0,0,14,0,1
switch,1736,0,500,220,0,150,0,57.961581,2.575,150,0,0,0,0,14,0,1
switch,1737,0,500,220,0,150,0,58.011408,2.767,150,0,0,0,0,14,0,1
switch,1738,0,500,220,0,150,0,58.061256,1.892,150,0,0,0,0,14,0,1
switch,1739,0,500,220,0,150,0,58.111255,1.879,150,0,0,0,0,14,0,1
switch,1740,0,500,220,0,150,0,58.161665,3.477,150,0,0,0,0,14,0,1
switch,1741,1,500,220,0,150,0,58.211734,2.425,220,0,1,0,35,15,0,1
switch,1742,1,500,220,0,150,0,58.261644,2.638,220,0,1,0,0,15,0,1
switch,1743,1,500,220,0,150,0,58.311703,2.807,220,0,1,0,0,15,0,1
switch,1744,1,500,220,0,150,0,58.361163,2.029,220,0,1,0,0,15,0,1
switch,1745,1,500,220,0,150,0,58.411277,2.922,220,0,1,0,0,15,0,1
switch,1746,1,500,220,0,150,0,58.461590,2.589,220,0,1,0,0,15,0,1
switch,1747,1,500,220,0,150,0,58.511407,2.921,220,0,1,0,0,15,0,1
switch,1748,1,500,220,0,150,0,58.561440,2.678,220,0,1,0,0,15,0,1
switch,1749,1,500,220,0,150,0,58.611306,2.868,220,0,1,0,0,15,0,1
switch,1750,1,500,220,0,150,0,58.661231,2.081,220,0,1,0,0,15,0,1
switch,1751,0,500,220,0,150,0,58.711566,2.692,150,0,0,0,34,16,0,1
switch,1752,0,500,220,0,150,0,58.761151,2.043,150,0,0,0,0,16,0,1
switch,1753,0,500,220,0,150,0,58.811598,2.541,150,0,0,0,0,16,0,1
switch,1754,0,500,220,0,150,0,58.861299,1.899,150,0,0,0,0,16,0,1
switch,1755,0,500,220,0,150,0,58.911179,2.060,150,0,0,0,0,16,0,1
switch,1756,0,500,220,0,150,0,58.961588,3.870,150,0,0,0,0,16,0,1
switch,1757,0,500,220,0,150,0,59.011149,2.970,150,0,0,0,0,16,0,1
switch,1758,0,500,220,0,150,0,59.061521,3.140,150,0,0,0,0,16,0,1
switch,1759,0,500,220,0,150,0,59.111154,2.020,150,0,0,0,0,16,0,1
switch,1760,0,500,220,0,150,0,59.161222,2.010,150,0,0,0,0,16,0,1
switch,1761,1,500,220,0,150,0,59.211517,2.764,220,0,1,0,34,17,0,1
switch,1762,1,500,220,0,150,0,59.261206,2.152,220,0,1,0,0,17,0,1
switch,1763,1,500,220,0,150,0,59.311180,2.007,220,0,1,0,0,17,0,1
switch,1764,1,500,220,0,150,0,59.361285,3.099,220,0,1,0,0,17,0,1
switch,1765,1,500,220,0,150,0,59.411687,3.481,220,0,1,0,0,17,0,1
switch,1766,1,500,220,0,150,0,59.461519,2.652,220,0,1,0,0,17,0,1
switch,1767,1,500,220,0,150,0,59.511163,2.914,220,0,1,0,0,17,0,1
switch,1768,1,500,220,0,150,0,59.561587,2.583,220,0,1,0,0,17,0,1
switch,1769,1,500,220,0,150,0,59.611274,2.906,220,0,1,0,0,17,0,1
switch,1770,1,500,220,0,150,0,59.661268,2.009,220,0,1,0,0,17,0,1
switch,1771,0,500,220,0,150,0,59.711612,2.525,150,0,0,0,34,18,0,1
switch,1772,0,500,220,0,150,0,59.761237,2.899,150,0,0,0,0,18,0,1
switch,1773,0,500,220,0,150,0,59.811208,1.947,150,0,0,0,0,18,0,1
switch,1774,0,500,220,0,150,0,59.861432,2.750,150,0,0,0,0,18,0,1
switch,1775,0,500,220,0,150,0,59.911411,2.757,150,0,0,0,0,18,0,1
switch,1776,0,500,220,0,150,0,59.961568,2.542,150,0,0,0,0,18,0,1
switch,1777,0,500,220,0,150,0,60.011175,3.096,150,0,0,0,0,18,0,1
switch,1778,0,500,220,0,150,0,60.061263,2.959,150,0,0,0,0,18,0,1
switch,1779,0,500,220,0,150,0,60.111177,1.928,150,0,0,0,0,18,0,1
switch,1780,0,500,220,0,150,0,60.161467,3.308,150,0,0,0,0,18,0,1
switch,1781,1,500,220,0,150,0,60.211218,2.911,220,0,1,0,35,19,0,1
switch,1782,1,500,220,0,150,0,60.261563,2.583,220,0,1,0,0,19,0,1
switch,1783,1,500,220,0,150,0,60.311712,2.463,220,0,1,0,0,19,0,1
switch,1784,1,500,220,0,150,0,60.361276,2.804,220,0,1,0,0,19,0,1
switch,1785,1,500,220,0,150,0,60.411396,2.761,220,0,1,0,0,19,0,1
switch,1786,1,500,220,0,150,0,60.461427,2.676,220,0,1,0,0,19,0,1
switch,1787,1,500,220,0,150,0,60.511187,3.220,220,0,1,0,0,19,0,1
switch,1788,1,500,220,0,150,0,60.561362,2.820,220,0,1,0,0,19,0,1
switch,1789,1,500,220,0,150,0,60.611181,3.296,220,0,1,0,0,19,0,1
switch,1790,1,500,220,0,150,0,60.661581,3.058,220,0,1,0,0,19,0,1
switch,1791,0,500,220,0,150,0,60.711217,2.882,150,0,0,0,34,20,0,1
switch,1792,0,500,220,0,150,0,60.761180,3.139,150,0,0,0,0,20,0,1
switch,1793,0,500,220,0,150,0,60.811309,2.869,150,0,0,0,0,20,0,1
switch,1794,0,500,220,0,150,0,60.861166,2.005,150,0,0,0,0,20,0,1
switch,1795,0,500,220,0,150,0,60.911199,3.045,150,0,0,0,0,20,0,1
switch,1796,0,500,220,0,150,0,60.961509,2.617,150,0,0,0,0,20,0,1
switch,1797,0,500,220,0,150,0,61.011366,2.757,150,0,0,0,0,20,0,1
switch,1798,0,500,220,0,150,0,61.061334,2.763,150,0,0,0,0,20,0,1
switch,1799,0,500,220,0,150,0,61.111310,2.098,150,0,0,0,0,20,0,1
switch,1800,0,500,220,0,150,0,61.161403,2.757,150,0,0,0,0,20,0,1
switch,1801,1,500,220,0,150,0,61.211501,3.551,220,0,1,0,34,21,0,1
switch,1802,1,500,220,0,150,0,61.261707,3.783,220,0,1,0,0,21,0,1
switch,1803,1,500,220,0,150,0,61.311384,2.738,220,0,1,0,0,21,0,1
switch,1804,1,500,220,0,150,0,61.361191,2.023,220,0,1,0,0,21,0,1
switch,1805,1,500,220,0,150,0,61.411167,2.913,220,0,1,0,0,21,0,1
switch,1806,1,500,220,0,150,0,61.461393,2.920,220,0,1,0,0,21,0,1
switch,1807,1,500,220,0,150,0,61.511449,2.640,220,0,1,0,0,21,0,1
switch,1808,1,500,220,0,150,0,61.561336,2.784,220,0,1,0,0,21,0,1
switch,1809,1,500,220,0,150,0,61.611300,2.159,220,0,1,0,0,21,0,1
switch,1810,1,500,220,0,150,0,61.661220,2.876,220,0,1,0,0,21,0,1
switch,1811,0,500,220,0,150,0,61.711175,2.229,150,0,0,0,34,22,0,1
switch,1812,0,500,220,0,150,0,61.761374,2.715,150,0,0,0,0,22,0,1
switch,1813,0,500,220,0,150,0,61.811655,2.798,150,0,0,0,0,22,0,1
switch,1814,0,500,220,0,150,0,61.861331,3.197,150,0,0,0,0,22,0,1
switch,1815,0,500,220,0,150,0,61.911570,2.658,150,0,0,0,0,22,0,1
switch,1816,0,500,220,0,150,0,61.961366,1.716,150,0,0,0,0,22,0,1
switch,1817,0,500,220,0,150,0,62.011448,2.656,150,0,0,0,0,22,0,1
switch,1818,0,500,220,0,150,0,62.061268,2.802,150,0,0,0,0,22,0,1
switch,1819,0,500,220,0,150,0,62.111410,2.727,150,0,0,0,0,22,0,1
switch,1820,0,500,220,0,150,0,62.161458,2.630,150,0,0,0,0,22,0,1
switch,1821,1,500,220,0,150,0,62.211204,2.827,220,0,1,0,35,23,0,1
switch,1822,1,500,220,0,150,0,62.261506,4.719,220,0,1,0,0,23,0,1
switch,1823,1,500,220,0,150,0,62.311215,2.875,220,0,1,0,0,23,0,1
switch,1824,1,500,220,0,150,0,62.361237,3.314,220,0,1,0,0,23,0,1
switch,1825,1,500,220,0,150,0,62.411594,4.033,220,0,1,0,0,23,0,1
switch,1826,1,500,220,0,150,0,62.461814,3.976,220,0,1,0,0,23,0,1
switch,1827,1,500,220,0,150,0,62.511209,2.901,220,0,1,0,0,23,0,1
switch,1828,1,500,220,0,150,0,62.561756,4.058,220,0,1,0,0,23,0,1
switch,1829,1,500,220,0,150,0,62.611600,2.915,220,0,1,0,0,23,0,1
switch,1830,1,500,220,0,150,0,62.661596,2.459,220,0,1,0,0,23,0,1
switch,1831,0,500,220,0,150,0,62.711203,2.855,150,0,0,0,34,24,0,1
switch,1832,0,500,220,0,150,0,62.761601,2.580,150,0,0,0,0,24,0,1
switch,1833,0,500,220,0,150,0,62.811236,2.770,150,0,0,0,0,24,0,1
switch,1834,0,500,220,0,150,0,62.861576,2.525,150,0,0,0,0,24,0,1
switch,1835,0,500,220,0,150,0,62.911608,2.446,150,0,0,0,0,24,0,1
switch,1836,0,500,220,0,150,0,62.961593,2.718,150,0,0,0,0,24,0,1
switch,1837,0,500,220,0,150,0,63.011198,2.815,150,0,0,0,0,24,0,1
switch,1838,0,500,220,0,150,0,63.061259,2.782,150,0,0,0,0,24,0,1
switch,1839,0,500,220,0,150,0,63.111200,2.857,150,0,0,0,0,24,0,1
switch,1840,0,500,220,0,150,0,63.161511,2.559,150,0,0,0,0,24,0,1
switch,1841,1,500,220,0,150,0,63.211556,4.252,220,0,1,0,34,25,0,1
switch,1842,1,500,220,0,150,0,63.261555,2.489,220,0,1,0,0,25,0,1
switch,1843,1,500,220,0,150,0,63.311197,2.902,220,0,1,0,0,25,0,1
switch,1844,1,500,220,0,150,0,63.361524,2.628,220,0,1,0,0,25,0,1
switch,1845,1,500,220,0,150,0,63.411263,2.925,220,0,1,0,0,25,0,1
switch,1846,1,500,220,0,150,0,63.461507,2.611,220,0,1,0,0,25,0,1
switch,1847,1,500,220,0,150,0,63.511589,4.122,220,0,1,0,0,25,0,1
switch,1848,1,500,220,0,150,0,63.561331,2.722,220,0,1,0,0,25,0,1
switch,1849,1,500,220,0,150,0,63.611212,2.872,220,0,1,0,0,25,0,1
switch,1850,1,500,220,0,150,0,63.661558,3.036,220,0,1,0,0,25,0,1
switch,1851,0,500,220,0,150,0,63.711203,3.568,150,0,0,0,34,26,0,1
switch,1852,0,500,220,0,150,0,63.761648,4.316,150,0,0,0,0,26,0,1
switch,1853,0,500,220,0,150,0,63.811279,3.487,150,0,0,0,0,26,0,1
switch,1854,0,500,220,0,150,0,63.861432,4.269,150,0,0,0,0,26,0,1
switch,1855,0,500,220,0,150,0,63.911266,2.739,150,0,0,0,0,26,0,1
switch,1856,0,500,220,0,150,0,63.961604,3.962,150,0,0,0,0,26,0,1
switch,1857,0,500,220,0,150,0,64.011440,2.764,150,0,0,0,0,26,0,1
switch,1858,0,500,220,0,150,0,64.061594,2.583,150,0,0,0,0,26,0,1
switch,1859,0,500,220,0,150,0,64.111552,2.459,150,0,0,0,0,26,0,1
switch,1860,0,500,220,0,150,0,64.161676,2.340,150,0,0,0,0,26,0,1
switch,1861,1,500,220,0,150,0,64.211336,4.220,220,0,1,0,35,27,0,1
switch,1862,1,500,220,0,150,0,64.261503,2.865,220,0,1,0,0,27,0,1
switch,1863,1,500,220,0,150,0,64.311723,4.010,220,0,1,0,0,27,0,1
switch,1864,1,500,220,0,150,0,64.361539,3.834,220,0,1,0,0,27,0,1
switch,1865,1,500,220,0,150,0,64.411569,2.544,220,0,1,0,0,27,0,1
switch,1866,1,500,220,0,150,0,64.461684,3.613,220,0,1,0,0,27,0,1
switch,1867,1,500,220,0,150,0,64.511770,2.247,220,0,1,0,0,27,0,1
switch,1868,1,500,220,0,150,0,64.561571,3.841,220,0,1,0,0,27,0,1
switch,1869,1,500,220,0,150,0,64.611513,2.498,220,0,1,0,0,27,0,1
switch,1870,1,500,220,0,150,0,64.661766,3.436,220,0,1,0,0,27,0,1
switch,1871,0,500,220,0,150,0,64.711725,2.487,150,0,0,0,35,28,0,1
switch,1872,0,500,220,0,150,0,64.761464,2.554,150,0,0,0,0,28,0,1
switch,1873,0,500,220,0,150,0,64.811327,2.706,150,0,0,0,0,28,0,1
switch,1874,0,500,220,0,150,0,64.861356,2.709,150,0,0,0,0,28,0,1
switch,1875,0,500,220,0,150,0,64.911599,3.406,150,0,0,0,0,28,0,1
switch,1876,0,500,220,0,150,0,64.961632,2.330,150,0,0,0,0,28,0,1
switch,1877,0,500,220,0,150,0,65.011617,2.393,150,0,0,0,0,28,0,1
switch,1878,0,500,220,0,150,0,65.061754,3.240,150,0,0,0,0,28,0,1
switch,1879,0,500,220,0,150,0,65.111188,1.812,150,0,0,0,0,28,0,1
switch,1880,0,500,220,0,150,0,65.161408,2.730,150,0,0,0,0,28,0,1
switch,1881,1,500,220,0,150,0,65.211357,3.745,220,0,1,0,34,29,0,1
switch,1882,1,500,220,0,150,0,65.261562,2.521,220,0,1,0,0,29,0,1
switch,1883,1,500,220,0,150,0,65.311593,4.075,220,0,1,0,0,29,0,1
switch,1884,1,500,220,0,150,0,65.361590,2.416,220,0,1,0,0,29,0,1
switch,1885,1,500,220,0,150,0,65.411315,2.838,220,0,1,0,0,29,0,1
switch,1886,1,500,220,0,150,0,65.461455,2.534,220,0,1,0,0,29,0,1
switch,1887,1,500,220,0,150,0,65.511642,2.334,220,0,1,0,0,29,0,1
switch,1888,1,500,220,0,150,0,65.561383,4.204,220,0,1,0,0,29,0,1
switch,1889,1,500,220,0,150,0,65.611580,2.440,220,0,1,0,0,29,0,1
switch,1890,1,500,220,0,150,0,65.661179,2.965,220,0,1,0,0,29,0,1
switch,1891,0,500,220,0,150,0,65.711393,2.616,150,0,0,0,34,30,0,1
switch,1892,0,500,220,0,150,0,65.761599,2.380,150,0,0,0,0,30,0,1
switch,1893,0,500,220,0,150,0,65.811151,2.951,150,0,0,0,0,30,0,1
switch,1894,0,500,220,0,150,0,65.861206,2.810,150,0,0,0,0,30,0,1
switch,1895,0,500,220,0,150,0,65.911790,3.358,150,0,0,0,0,30,0,1
switch,1896,0,500,220,0,150,0,65.961574,2.676,150,0,0,0,0,30,0,1
switch,1897,0,500,220,0,150,0,66.011597,3.759,150,0,0,0,0,30,0,1
switch,1898,0,500,220,0,150,0,66.061762,2.324,150,0,0,0,0,30,0,1
switch,1899,0,500,220,0,150,0,66.111342,2.910,150,0,0,0,0,30,0,1
switch,1900,0,500,220,0,150,0,66.161430,2.576,150,0,0,0,0,30,0,1
switch,1901,1,500,220,0,150,0,66.211640,2.352,220,0,1,0,34,31,0,1
switch,1902,1,500,220,0,150,0,66.261374,2.680,220,0,1,0,0,31,0,1
switch,1903,1,500,220,0,150,0,66.311780,3.993,220,0,1,0,0,31,0,1
switch,1904,1,500,220,0,150,0,66.361200,2.732,220,0,1,0,0,31,0,1
switch,1905,1,500,220,0,150,0,66.411751,3.760,220,0,1,0,0,31,0,1
switch,1906,1,500,220,0,150,0,66.461700,3.971,220,0,1,0,0,31,0,1
switch,1907,1,500,220,0,150,0,66.511475,3.463,220,0,1,0,0,31,0,1
switch,1908,1,500,220,0,150,0,66.561600,2.369,220,0,1,0,0,31,0,1
switch,1909,1,500,220,0,150,0,66.611303,2.655,220,0,1,0,0,31,0,1
switch,1910,1,500,220,0,150,0,66.661294,2.695,220,0,1,0,0,31,0,1
switch,1911,0,500,220,0,150,0,66.711251,2.791,150,0,0,0,34,32,0,1
switch,1912,0,500,220,0,150,0,66.761666,3.964,150,0,0,0,0,32,0,1
switch,1913,0,500,220,0,150,0,66.811545,3.427,150,0,0,0,0,32,0,1
switch,1914,0,500,220,0,150,0,66.861391,2.824,150,0,0,0,0,32,0,1
switch,1915,0,500,220,0,150,0,66.911220,2.824,150,0,0,0,0,32,0,1
switch,1916,0,500,220,0,150,0,66.961282,2.720,150,0,0,0,0,32,0,1
switch,1917,0,500,220,0,150,0,67.011218,2.795,150,0,0,0,0,32,0,1
switch,1918,0,500,220,0,150,0,67.061844,3.120,150,0,0,0,0,32,0,1
switch,1919,0,500,220,0,150,0,67.111614,2.428,150,0,0,0,0,32,0,1
switch,1920,0,500,220,0,150,0,67.161700,3.199,150,0,0,0,0,32,0,1
switch,1921,1,500,220,0,150,0,67.211602,2.409,220,0,1,0,35,33,0,1
switch,1922,1,500,220,0,150,0,67.261794,3.695,220,0,1,0,0,33,0,1
switch,1923,1,500,220,0,150,0,67.311287,2.838,220,0,1,0,0,33,0,1
switch,1924,1,500,220,0,150,0,67.361628,4.357,220,0,1,0,0,33,0,1
switch,1925,1,500,220,0,150,0,67.411201,2.793,220,0,1,0,0,33,0,1
switch,1926,1,500,220,0,150,0,67.461743,3.124,220,0,1,0,0,33,0,1
switch,1927,1,500,220,0,150,0,67.511413,3.460,220,0,1,0,0,33,0,1
switch,1928,1,500,220,0,150,0,67.561533,2.422,220,0,1,0,0,33,0,1
switch,1929,1,500,220,0,150,0,67.611166,2.797,220,0,1,0,0,33,0,1
switch,1930,1,500,220,0,150,0,67.661715,2.249,220,0,1,0,0,33,0,1
switch,1931,0,500,220,0,150,0,67.711631,2.427,150,0,0,0,34,34,0,1
switch,1932,0,500,220,0,150,0,67.761524,4.360,150,0,0,0,0,34,0,1
switch,1933,0,500,220,0,150,0,67.811728,3.760,150,0,0,0,0,34,0,1
switch,1934,0,500,220,0,150,0,67.861234,2.859,150,0,0,0,0,34,0,1
switch,1935,0,500,220,0,150,0,67.911430,2.524,150,0,0,0,0,34,0,1
switch,1936,0,500,220,0,150,0,67.961710,2.252,150,0,0,0,0,34,0,1
switch,1937,0,500,220,0,150,0,68.011464,2.478,150,0,0,0,0,34,0,1
switch,1938,0,500,220,0,150,0,68.061388,2.514,150,0,0,0,0,34,0,1
switch,1939,0,500,220,0,150,0,68.111637,3.485,150,0,0,0,0,34,0,1
switch,1940,0,500,220,0,150,0,68.161742,3.884,150,0,0,0,0,34,0,1
switch,1941,1,500,220,0,150,0,68.211647,2.315,220,0,1,0,34,35,0,1
switch,1942,1,500,220,0,150,0,68.261586,3.379,220,0,1,0,0,35,0,1
switch,1943,1,500,220,0,150,0,68.311222,2.686,220,0,1,0,0,35,0,1
switch,1944,1,500,220,0,150,0,68.361822,2.088,220,0,1,0,0,35,0,1
switch,1945,1,500,220,0,150,0,68.411215,3.064,220,0,1,0,0,35,0,1
switch,1946,1,500,220,0,150,0,68.461164,2.728,220,0,1,0,0,35,0,1
switch,1947,1,500,220,0,150,0,68.511717,3.330,220,0,1,0,0,35,0,1
switch,1948,1,500,220,0,150,0,68.561362,2.661,220,0,1,0,0,35,0,1
switch,1949,1,500,220,0,150,0,68.611211,2.760,220,0,1,0,0,35,0,1
switch,1950,1,500,220,0,150,0,68.661605,3.946,220,0,1,0,0,35,0,1
switch,1951,0,500,220,0,150,0,68.711461,3.534,150,0,0,0,34,36,0,1
switch,1952,0,500,220,0,150,0,68.761533,2.387,150,0,0,0,0,36,0,1
switch,1953,0,500,220,0,150,0,68.811787,2.144,150,0,0,0,0,36,0,1
switch,1954,0,500,220,0,150,0,68.861746,3.335,150,0,0,0,0,36,0,1
switch,1955,0,500,220,0,150,0,68.911579,2.377,150,0,0,0,0,36,0,1
switch,1956,0,500,220,0,150,0,68.961523,3.404,150,0,0,0,0,36,0,1
switch,1957,0,500,220,0,150,0,69.011849,2.061,150,0,0,0,0,36,0,1
switch,1958,0,500,220,0,150,0,69.061393,2.539,150,0,0,0,0,36,0,1
switch,1959,0,500,220,0,150,0,69.111226,2.750,150,0,0,0,0,36,0,1
switch,1960,0,500,220,0,150,0,69.161596,2.340,150,0,0,0,0,36,0,1
switch,1961,1,500,220,0,150,0,69.211696,4.110,220,0,1,0,34,37,0,1
switch,1962,1,500,220,0,150,0,69.261542,3.583,220,0,1,0,0,37,0,1
switch,1963,1,500,220,0,150,0,69.311693,3.411,220,0,1,0,0,37,0,1
switch,1964,1,500,220,0,150,0,69.361379,2.675,220,0,1,0,0,37,0,1
switch,1965,1,500,220,0,150,0,69.411605,2.400,220,0,1,0,0,37,0,1
switch,1966,1,500,220,0,150,0,69.461482,2.435,220,0,1,0,0,37,0,1
switch,1967,1,500,220,0,150,0,69.511289,2.661,220,0,1,0,0,37,0,1
switch,1968,1,500,220,0,150,0,69.561382,2.706,220,0,1,0,0,37,0,1
switch,1969,1,500,220,0,150,0,69.611263,2.679,220,0,1,0,0,37,0,1
switch,1970,1,500,220,0,150,0,69.661689,2.207,220,0,1,0,0,37,0,1
switch,1971,0,500,220,0,150,0,69.711763,3.130,150,0,0,0,34,38,0,1
switch,1972,0,500,220,0,150,0,69.761674,2.266,150,0,0,0,0,38,0,1
switch,1973,0,500,220,0,150,0,69.811312,2.734,150,0,0,0,0,38,0,1
switch,1974,0,500,220,0,150,0,69.861183,2.691,150,0,0,0,0,38,0,1
switch,1975,0,500,220,0,150,0,69.911592,2.461,150,0,0,0,0,38,0,1
switch,1976,0,500,220,0,150,0,69.961448,2.512,150,0,0,0,0,38,0,1
switch,1977,0,500,220,0,150,0,70.011418,2.531,150,0,0,0,0,38,0,1
switch,1978,0,500,220,0,150,0,70.061383,2.691,150,0,0,0,0,38,0,1
switch,1979,0,500,220,0,150,0,70.111394,2.715,150,0,0,0,0,38,0,1
switch,1980,0,500,220,0,150,0,70.161301,2.578,150,0,0,0,0,38,0,1
switch,1981,1,500,220,0,150,0,70.211155,2.758,220,0,1,0,34,39,0,1
switch,1982,1,500,220,0,150,0,70.261580,3.933,220,0,1,0,0,39,0,1
switch,1983,1,500,220,0,150,0,70.311297,2.603,220,0,1,0,0,39,0,1
switch,1984,1,500,220,0,150,0,70.361378,2.504,220,0,1,0,0,39,0,1
switch,1985,1,500,220,0,150,0,70.411754,3.743,220,0,1,0,0,39,0,1
switch,1986,1,500,220,0,150,0,70.461629,3.229,220,0,1,0,0,39,0,1
switch,1987,1,500,220,0,150,0,70.511202,2.895,220,0,1,0,0,39,0,1
switch,1988,1,500,220,0,150,0,70.561296,3.041,220,0,1,0,0,39,0,1
switch,1989,1,500,220,0,150,0,70.611609,3.765,220,0,1,0,0,39,0,1
switch,1990,1,500,220,0,150,0,70.661279,2.678,220,0,1,0,0,39,0,1
switch,1991,0,500,220,0,150,0,70.711805,2.072,150,0,0,0,34,40,0,1
switch,1992,0,500,220,0,150,0,70.761209,2.634,150,0,0,0,0,40,0,1
switch,1993,0,500,220,0,150,0,70.811448,2.446,150,0,0,0,0,40,0,1
switch,1994,0,500,220,0,150,0,70.861210,3.635,150,0,0,0,0,40,0,1
switch,1995,0,500,220,0,150,0,70.911371,2.493,150,0,0,0,0,40,0,1
switch,1996,0,500,220,0,150,0,70.961610,2.252,150,0,0,0,0,40,0,1
switch,1997,0,500,220,0,150,0,71.011360,3.502,150,0,0,0,0,40,0,1
switch,1998,0,500,220,0,150,0,71.061579,2.669,150,0,0,0,0,40,0,1
switch,1999,0,500,220,0,150,0,71.111703,2.135,150,0,0,0,0,40,0,1
switch,2000,0,500,220,0,150,0,71.161206,2.615,150,0,0,0,0,40,0,1
switch,2001,1,500,220,0,150,0,71.211711,3.202,220,0,1,0,35,41,0,1
switch,2002,1,500,220,0,150,0,71.261737,3.303,220,0,1,0,0,41,0,1
switch,2003,1,500,220,0,150,0,71.311312,3.799,220,0,1,0,0,41,0,1
switch,2004,1,500,220,0,150,0,71.361731,2.194,220,0,1,0,0,41,0,1
switch,2005,1,500,220,0,150,0,71.411328,2.633,220,0,1,0,0,41,0,1
switch,2006,1,500,220,0,150,0,71.461402,2.529,220,0,1,0,0,41,0,1
switch,2007,1,500,220,0,150,0,71.511574,2.256,220,0,1,0,0,41,0,1
switch,2008,1,500,220,0,150,0,71.561566,2.239,220,0,1,0,0,41,0,1
switch,2009,1,500,220,0,150,0,71.611718,3.144,220,0,1,0,0,41,0,1
switch,2010,1,500,220,0,150,0,71.661164,2.676,220,0,1,0,0,41,0,1
wdog,2011,0,500,220,0,150,0,71.663925,1.872,150,0,0,0,34,42,0,1
wdog,2012,0,500,220,0,150,0,71.714156,2.798,150,0,0,0,0,42,0,1
wdog,2013,0,500,220,0,150,0,71.764644,3.159,150,0,0,0,0,42,0,1
wdog,2014,0,500,220,0,150,0,71.814089,2.792,150,0,0,0,0,42,0,1
wdog,2015,0,500,220,0,150,0,71.864176,2.732,150,0,0,0,0,42,0,1
wdog,2016,0,500,220,0,150,0,71.914178,2.794,150,0,0,0,0,42,0,1
wdog,2017,0,500,220,0,150,0,71.964606,4.184,150,0,0,0,0,42,0,1
wdog,2018,0,500,220,0,150,0,72.014470,2.355,150,0,0,0,0,42,0,1
wdog,2019,0,500,220,0,150,0,72.064590,2.236,150,0,0,0,0,42,0,1
wdog,2020,0,500,220,0,150,0,72.114151,2.702,150,0,0,0,0,42,0,1
