phase,seq,flag,min_mm,local_v,local_w,edge_v,edge_w,t_send_s,rtt_ms,v_out,w_out,mode,state,switch_us,n_sw,bad_lines,ok
paced,1,0,287,220,0,150,511,0.000038,1.979,150,511,0,1,0,42,0,1
paced,2,0,214,220,0,150,-776,0.050538,1.812,150,-776,0,1,0,42,0,1
paced,3,0,270,220,0,150,209,0.100544,2.243,150,209,0,1,0,42,0,1
paced,4,0,610,220,0,150,114,0.150192,1.966,150,114,0,0,0,42,0,1
paced,5,0,538,220,0,150,1410,0.200597,2.011,150,1410,0,0,0,42,0,1
paced,6,0,364,220,0,150,-1436,0.250313,2.373,150,-1436,0,1,0,42,0,1
paced,7,0,649,220,0,150,-1704,0.300563,2.590,150,-1704,0,0,0,42,0,1
paced,8,0,549,220,0,150,-48,0.350505,2.036,150,-48,0,0,0,42,0,1
paced,9,0,772,220,0,150,1302,0.400828,2.080,150,1302,0,0,0,42,0,1
paced,10,0,152,220,0,150,1030,0.450565,2.607,150,1030,0,2,0,42,0,1
paced,11,0,606,220,0,150,-730,0.500536,1.988,150,-730,0,0,0,42,0,1
paced,12,0,384,220,0,150,601,0.550216,1.644,150,601,0,1,0,42,0,1
paced,13,0,254,220,0,150,-520,0.600324,2.243,150,-520,0,1,0,42,0,1
paced,14,0,181,220,0,150,-1729,0.650211,2.263,150,-1729,0,2,0,42,0,1
paced,15,0,176,220,0,150,840,0.700451,2.274,150,840,0,2,0,42,0,1
paced,16,0,704,220,0,150,-1783,0.750418,2.598,150,-1783,0,0,0,42,0,1
paced,17,0,540,220,0,150,991,0.800483,2.006,150,991,0,0,0,42,0,1
paced,18,0,371,220,0,150,-92,0.850436,2.183,150,-92,0,1,0,42,0,1
paced,19,0,179,220,0,150,341,0.900435,2.481,150,341,0,2,0,42,0,1
paced,20,0,377,220,0,150,1308,0.950450,1.877,150,1308,0,1,0,42,0,1
paced,21,0,598,220,0,150,210,1.000204,2.129,150,210,0,0,0,42,0,1
paced,22,0,716,220,0,150,-866,1.050423,2.160,150,-866,0,0,0,42,0,1
paced,23,0,503,220,0,150,-875,1.100251,1.722,150,-875,0,0,0,42,0,1
paced,24,0,374,220,0,150,1296,1.150417,1.832,150,1296,0,1,0,42,0,1
paced,25,0,620,220,0,150,-634,1.200436,2.031,150,-634,0,0,0,42,0,1
paced,26,0,172,220,0,150,-116,1.250450,2.350,150,-116,0,2,0,42,0,1
paced,27,0,719,220,0,150,810,1.300450,1.645,150,810,0,0,0,42,0,1
paced,28,0,252,220,0,150,-1059,1.350461,2.045,150,-1059,0,1,0,42,0,1
paced,29,0,794,220,0,150,1144,1.400476,2.199,150,1144,0,0,0,42,0,1
paced,30,0,453,220,0,150,-1325,1.450423,2.467,150,-1325,0,0,0,42,0,1
paced,31,0,490,220,0,150,1135,1.500249,1.860,150,1135,0,0,0,42,0,1
paced,32,0,662,220,0,150,-92,1.550429,1.768,150,-92,0,0,0,42,0,1
paced,33,0,669,220,0,150,1579,1.600392,2.228,150,1579,0,0,0,42,0,1
paced,34,0,344,220,0,150,-578,1.650218,2.608,150,-578,0,1,0,42,0,1
paced,35,0,440,220,0,150,586,1.700361,2.555,150,586,0,0,0,42,0,1
paced,36,0,661,220,0,150,1646,1.750386,1.794,150,1646,0,0,0,42,0,1
paced,37,0,667,220,0,150,-209,1.800423,1.965,150,-209,0,0,0,42,0,1
paced,38,0,753,220,0,150,1675,1.850362,2.181,150,1675,0,0,0,42,0,1
paced,39,0,185,220,0,150,147,1.900391,2.410,150,147,0,2,0,42,0,1
paced,40,0,398,220,0,150,1226,1.950319,2.547,150,1226,0,1,0,42,0,1
paced,41,0,563,220,0,150,-123,2.000217,1.925,150,-123,0,0,0,42,0,1
paced,42,0,327,220,0,150,-317,2.050400,2.094,150,-317,0,1,0,42,0,1
paced,43,0,711,220,0,150,1795,2.100410,2.219,150,1795,0,0,0,42,0,1
paced,44,0,533,220,0,150,-1466,2.150417,3.367,150,-1466,0,0,0,42,0,1
paced,45,0,599,220,0,150,898,2.200348,2.441,150,898,0,0,0,42,0,1
paced,46,0,670,220,0,150,-1378,2.250345,1.727,150,-1378,0,0,0,42,0,1
paced,47,0,317,220,0,150,313,2.300418,1.947,150,313,0,1,0,42,0,1
paced,48,0,552,220,0,150,-303,2.350363,2.106,150,-303,0,0,0,42,0,1
paced,49,0,651,220,0,150,1181,2.400394,2.551,150,1181,0,0,0,42,0,1
paced,50,0,180,220,0,150,102,2.450344,1.700,150,102,0,2,0,42,0,1
paced,51,0,194,220,0,150,-557,2.500242,1.688,150,-557,0,2,0,42,0,1
paced,52,0,779,220,0,150,609,2.550943,3.034,150,609,0,0,0,42,0,1
paced,53,0,742,220,0,150,-208,2.600297,2.178,150,-208,0,0,0,42,0,1
paced,54,0,324,220,0,150,-1130,2.650394,2.089,150,-1130,0,1,0,42,0,1
paced,55,0,664,220,0,150,-891,2.700324,2.240,150,-891,0,0,0,42,0,1
paced,56,0,162,220,0,150,1336,2.750312,2.215,150,1336,0,2,0,42,0,1
paced,57,0,354,220,0,150,390,2.800360,2.444,150,390,0,1,0,42,0,1
paced,58,0,711,220,0,150,-870,2.850517,2.485,150,-870,0,0,0,42,0,1
paced,59,0,564,220,0,150,284,2.900803,2.203,150,284,0,0,0,42,0,1
paced,60,0,502,220,0,150,1651,2.950264,2.062,150,1651,0,0,0,42,0,1
paced,61,0,741,220,0,150,-373,3.000346,2.125,150,-373,0,0,0,42,0,1
paced,62,0,620,220,0,150,-718,3.050547,1.875,150,-718,0,0,0,42,0,1
paced,63,0,711,220,0,150,674,3.100334,2.531,150,674,0,0,0,42,0,1
paced,64,0,155,220,0,150,-249,3.150312,2.267,150,-249,0,2,0,42,0,1
paced,65,0,674,220,0,150,1494,3.200919,1.944,150,1494,0,0,0,42,0,1
paced,66,0,282,220,0,150,304,3.250264,1.651,150,304,0,1,0,42,0,1
paced,67,0,724,220,0,150,-979,3.300443,2.490,150,-979,0,0,0,42,0,1
paced,68,0,586,220,0,150,-1591,3.350552,2.542,150,-1591,0,0,0,42,0,1
paced,69,0,642,220,0,150,1743,3.400709,2.619,150,1743,0,0,0,42,0,1
paced,70,0,523,220,0,150,514,3.450316,2.199,150,514,0,0,0,42,0,1
paced,71,0,717,220,0,150,-1002,3.500295,2.441,150,-1002,0,0,0,42,0,1
paced,72,0,666,220,0,150,-127,3.550190,2.428,150,-127,0,0,0,42,0,1
paced,73,0,646,220,0,150,1511,3.600367,2.365,150,1511,0,0,0,42,0,1
paced,74,0,515,220,0,150,-123,3.650507,2.700,150,-123,0,0,0,42,0,1
paced,75,0,504,220,0,150,-1814,3.700287,2.392,150,-1814,0,0,0,42,0,1
paced,76,0,701,220,0,150,392,3.750293,2.497,150,392,0,0,0,42,0,1
paced,77,0,788,220,0,150,1401,3.800340,1.595,150,1401,0,0,0,42,0,1
paced,78,0,777,220,0,150,-464,3.850230,2.715,150,-464,0,0,0,42,0,1
paced,79,0,619,220,0,150,637,3.900318,1.777,150,637,0,0,0,42,0,1
paced,80,0,178,220,0,150,1475,3.950638,3.250,150,1475,0,2,0,42,0,1
paced,81,0,385,220,0,150,782,4.000606,3.534,150,782,0,1,0,42,0,1
paced,82,0,331,220,0,150,435,4.051010,2.276,150,435,0,1,0,42,0,1
paced,83,0,748,220,0,150,-1080,4.100209,2.142,150,-1080,0,0,0,42,0,1
paced,84,0,243,220,0,150,1450,4.150339,2.152,150,1450,0,1,0,42,0,1
paced,85,0,714,220,0,150,1444,4.200319,2.322,150,1444,0,0,0,42,0,1
paced,86,0,411,220,0,150,-1688,4.250383,3.081,150,-1688,0,0,0,42,0,1
paced,87,0,222,220,0,150,-1480,4.300226,2.299,150,-1480,0,1,0,42,0,1
paced,88,0,167,220,0,150,35,4.350167,1.559,150,35,0,2,0,42,0,1
paced,89,0,164,220,0,150,1268,4.400322,2.476,150,1268,0,2,0,42,0,1
paced,90,0,437,220,0,150,-798,4.450248,2.479,150,-798,0,0,0,42,0,1
paced,91,0,425,220,0,150,-1372,4.500199,1.951,150,-1372,0,0,0,42,0,1
paced,92,0,789,220,0,150,-1064,4.550143,1.846,150,-1064,0,0,0,42,0,1
paced,93,0,502,220,0,150,-631,4.600410,2.463,150,-631,0,0,0,42,0,1
paced,94,0,221,220,0,150,-1135,4.650565,2.298,150,-1135,0,1,0,42,0,1
paced,95,0,313,220,0,150,-775,4.700207,1.728,150,-775,0,1,0,42,0,1
paced,96,0,690,220,0,150,-1132,4.750204,1.724,150,-1132,0,0,0,42,0,1
paced,97,0,429,220,0,150,835,4.800334,1.706,150,835,0,0,0,42,0,1
paced,98,0,451,220,0,150,42,4.850216,1.813,150,42,0,0,0,42,0,1
paced,99,0,479,220,0,150,213,4.900234,1.799,150,213,0,0,0,42,0,1
paced,100,0,635,220,0,150,-1353,4.950452,2.466,150,-1353,0,0,0,42,0,1
paced,101,0,174,220,0,150,-543,5.000208,1.900,150,-543,0,2,0,42,0,1
paced,102,0,545,220,0,150,-414,5.050166,1.904,150,-414,0,0,0,42,0,1
paced,103,0,581,220,0,150,1441,5.100408,2.587,150,1441,0,0,0,42,0,1
paced,104,0,342,220,0,150,-762,5.150258,2.079,150,-762,0,1,0,42,0,1
paced,105,0,261,220,0,150,-782,5.200192,2.030,150,-782,0,1,0,42,0,1
paced,106,0,672,220,0,150,-964,5.250301,2.765,150,-964,0,0,0,42,0,1
paced,107,0,770,220,0,150,-52,5.300321,2.172,150,-52,0,0,0,42,0,1
paced,108,0,171,220,0,150,-897,5.350232,2.065,150,-897,0,2,0,42,0,1
paced,109,0,168,220,0,150,-193,5.400598,3.085,150,-193,0,2,0,42,0,1
paced,110,0,299,220,0,150,-1676,5.450188,2.920,150,-1676,0,1,0,42,0,1
paced,111,0,314,220,0,150,5,5.500327,2.300,150,5,0,1,0,42,0,1
paced,112,0,668,220,0,150,957,5.550221,2.115,150,957,0,0,0,42,0,1
paced,113,0,586,220,0,150,411,5.600240,2.032,150,411,0,0,0,42,0,1
paced,114,0,375,220,0,150,763,5.650236,1.888,150,763,0,1,0,42,0,1
paced,115,0,678,220,0,150,26,5.700158,1.877,150,26,0,0,0,42,0,1
paced,116,0,378,220,0,150,325,5.750276,2.130,150,325,0,1,0,42,0,1
paced,117,0,181,220,0,150,-203,5.800183,2.797,150,-203,0,2,0,42,0,1
paced,118,0,739,220,0,150,1470,5.850164,2.002,150,1470,0,0,0,42,0,1
paced,119,0,478,220,0,150,882,5.900644,2.302,150,882,0,0,0,42,0,1
paced,120,0,796,220,0,150,-74,5.950136,1.848,150,-74,0,0,0,42,0,1
paced,121,0,210,220,0,150,1200,6.000141,1.746,150,1200,0,1,0,42,0,1
paced,122,0,455,220,0,150,-1306,6.050458,2.651,150,-1306,0,0,0,42,0,1
paced,123,0,367,220,0,150,1766,6.100238,2.493,150,1766,0,1,0,42,0,1
paced,124,0,198,220,0,150,-566,6.150405,2.559,150,-566,0,2,0,42,0,1
paced,125,0,222,220,0,150,1696,6.200628,2.124,150,1696,0,1,0,42,0,1
paced,126,0,228,220,0,150,-549,6.250211,2.457,150,-549,0,1,0,42,0,1
paced,127,0,455,220,0,150,1226,6.300214,1.524,150,1226,0,0,0,42,0,1
paced,128,0,312,220,0,150,-116,6.350713,2.071,150,-116,0,1,0,42,0,1
paced,129,0,728,220,0,150,-787,6.400548,2.043,150,-787,0,0,0,42,0,1
paced,130,0,283,220,0,150,-1786,6.450352,2.336,150,-1786,0,1,0,42,0,1
paced,131,0,724,220,0,150,1779,6.500476,2.161,150,1779,0,0,0,42,0,1
paced,132,0,188,220,0,150,599,6.550146,2.396,150,599,0,2,0,42,0,1
paced,133,0,372,220,0,150,515,6.600193,2.362,150,515,0,1,0,42,0,1
paced,134,0,621,220,0,150,-1118,6.650516,1.834,150,-1118,0,0,0,42,0,1
paced,135,0,787,220,0,150,264,6.700894,2.326,150,264,0,0,0,42,0,1
paced,136,0,188,220,0,150,-272,6.750152,2.130,150,-272,0,2,0,42,0,1
paced,137,0,355,220,0,150,-399,6.800101,2.135,150,-399,0,1,0,42,0,1
paced,138,0,251,220,0,150,-978,6.850143,2.072,150,-978,0,1,0,42,0,1
paced,139,0,737,220,0,150,941,6.900119,1.893,150,941,0,0,0,42,0,1
paced,140,0,593,220,0,150,602,6.950134,1.776,150,602,0,0,0,42,0,1
paced,141,0,348,220,0,150,196,7.000138,1.927,150,196,0,1,0,42,0,1
paced,142,0,256,220,0,150,907,7.050330,2.426,150,907,0,1,0,42,0,1
paced,143,0,549,220,0,150,-608,7.100226,2.399,150,-608,0,0,0,42,0,1
paced,144,0,666,220,0,150,227,7.150656,2.413,150,227,0,0,0,42,0,1
paced,145,0,167,220,0,150,-488,7.200142,2.457,150,-488,0,2,0,42,0,1
paced,146,0,776,220,0,150,1750,7.250745,2.715,150,1750,0,0,0,42,0,1
paced,147,0,561,220,0,150,-668,7.300097,2.322,150,-668,0,0,0,42,0,1
paced,148,0,168,220,0,150,-1178,7.350848,2.540,150,-1178,0,2,0,42,0,1
paced,149,0,355,220,0,150,1692,7.400359,1.971,150,1692,0,1,0,42,0,1
paced,150,0,485,220,0,150,1502,7.450091,2.045,150,1502,0,0,0,42,0,1
paced,151,0,726,220,0,150,1385,7.500305,1.815,150,1385,0,0,0,42,0,1
paced,152,0,288,220,0,150,-432,7.550490,3.055,150,-432,0,1,0,42,0,1
paced,153,0,589,220,0,150,-948,7.600143,2.980,150,-948,0,0,0,42,0,1
paced,154,0,422,220,0,150,942,7.650204,1.667,150,942,0,0,0,42,0,1
paced,155,0,248,220,0,150,1611,7.700651,2.015,150,1611,0,1,0,42,0,1
paced,156,0,538,220,0,150,423,7.750165,2.288,150,423,0,0,0,42,0,1
paced,157,0,502,220,0,150,1794,7.800126,2.402,150,1794,0,0,0,42,0,1
paced,158,0,697,220,0,150,164,7.850205,2.501,150,164,0,0,0,42,0,1
paced,159,0,695,220,0,150,-859,7.900214,2.638,150,-859,0,0,0,42,0,1
paced,160,0,216,220,0,150,1151,7.950212,2.825,150,1151,0,1,0,42,0,1
paced,161,0,191,220,0,150,-1474,8.000467,2.419,150,-1474,0,2,0,42,0,1
paced,162,0,286,220,0,150,-1125,8.050450,3.096,150,-1125,0,1,0,42,0,1
paced,163,0,320,220,0,150,384,8.100160,1.525,150,384,0,1,0,42,0,1
paced,164,0,368,220,0,150,-723,8.150520,2.196,150,-723,0,1,0,42,0,1
paced,165,0,490,220,0,150,638,8.200194,2.276,150,638,0,0,0,42,0,1
paced,166,0,668,220,0,150,1625,8.250638,3.047,150,1625,0,0,0,42,0,1
paced,167,0,411,220,0,150,-313,8.300306,2.879,150,-313,0,0,0,42,0,1
paced,168,0,496,220,0,150,-427,8.350148,2.075,150,-427,0,0,0,42,0,1
paced,169,0,266,220,0,150,-628,8.400145,1.851,150,-628,0,1,0,42,0,1
paced,170,0,390,220,0,150,1732,8.450147,1.659,150,1732,0,1,0,42,0,1
paced,171,0,768,220,0,150,1372,8.500216,2.499,150,1372,0,0,0,42,0,1
paced,172,0,650,220,0,150,-1266,8.550194,2.319,150,-1266,0,0,0,42,0,1
paced,173,0,743,220,0,150,437,8.600219,2.113,150,437,0,0,0,42,0,1
paced,174,0,256,220,0,150,-507,8.650172,2.281,150,-507,0,1,0,42,0,1
paced,175,0,190,220,0,150,-155,8.700396,2.543,150,-155,0,2,0,42,0,1
paced,176,0,224,220,0,150,-263,8.750238,2.579,150,-263,0,1,0,42,0,1
paced,177,0,300,220,0,150,1573,8.800247,2.582,150,1573,0,1,0,42,0,1
paced,178,0,278,220,0,150,-424,8.850486,2.000,150,-424,0,1,0,42,0,1
paced,179,0,267,220,0,150,699,8.900175,2.217,150,699,0,1,0,42,0,1
paced,180,0,751,220,0,150,1382,8.950181,2.423,150,1382,0,0,0,42,0,1
paced,181,0,537,220,0,150,-1507,9.000335,2.650,150,-1507,0,0,0,42,0,1
paced,182,0,734,220,0,150,433,9.050246,2.510,150,433,0,0,0,42,0,1
paced,183,0,379,220,0,150,498,9.100172,1.516,150,498,0,1,0,42,0,1
paced,184,0,233,220,0,150,-728,9.150668,1.878,150,-728,0,1,0,42,0,1
paced,185,0,523,220,0,150,-610,9.200196,2.173,150,-610,0,0,0,42,0,1
paced,186,0,727,220,0,150,368,9.250222,1.985,150,368,0,0,0,42,0,1
paced,187,0,267,220,0,150,55,9.300207,1.853,150,55,0,1,0,42,0,1
paced,188,0,433,220,0,150,-1379,9.350188,2.602,150,-1379,0,0,0,42,0,1
paced,189,0,196,220,0,150,1570,9.400145,1.861,150,1570,0,2,0,42,0,1
paced,190,0,452,220,0,150,-1770,9.450169,2.581,150,-1770,0,0,0,42,0,1
paced,191,0,778,220,0,150,926,9.500175,2.539,150,926,0,0,0,42,0,1
paced,192,0,164,220,0,150,-1445,9.550161,2.088,150,-1445,0,2,0,42,0,1
paced,193,0,573,220,0,150,-1349,9.600293,2.668,150,-1349,0,0,0,42,0,1
paced,194,0,190,220,0,150,-1051,9.650196,2.571,150,-1051,0,2,0,42,0,1
paced,195,0,395,220,0,150,1397,9.700599,2.094,150,1397,0,1,0,42,0,1
paced,196,0,750,220,0,150,-96,9.750272,2.317,150,-96,0,0,0,42,0,1
paced,197,0,315,220,0,150,-1347,9.800149,2.158,150,-1347,0,1,0,42,0,1
paced,198,0,611,220,0,150,-1135,9.850152,1.971,150,-1135,0,0,0,42,0,1
paced,199,0,397,220,0,150,-1169,9.900175,2.144,150,-1169,0,1,0,42,0,1
paced,200,0,255,220,0,150,-38,9.950148,1.757,150,-38,0,1,0,42,0,1
paced,201,0,537,220,0,150,1483,10.000175,2.296,150,1483,0,0,0,42,0,1
paced,202,0,705,220,0,150,1531,10.050171,2.216,150,1531,0,0,0,42,0,1
paced,203,0,451,220,0,150,433,10.100167,1.966,150,433,0,0,0,42,0,1
paced,204,0,409,220,0,150,1094,10.150145,1.858,150,1094,0,0,0,42,0,1
paced,205,0,638,220,0,150,-532,10.200135,1.723,150,-532,0,0,0,42,0,1
paced,206,0,252,220,0,150,-970,10.250208,2.418,150,-970,0,1,0,42,0,1
paced,207,0,475,220,0,150,-1658,10.300160,2.399,150,-1658,0,0,0,42,0,1
paced,208,0,177,220,0,150,-1777,10.350156,2.050,150,-1777,0,2,0,42,0,1
paced,209,0,452,220,0,150,1155,10.400170,1.972,150,1155,0,0,0,42,0,1
paced,210,0,760,220,0,150,-509,10.450148,1.835,150,-509,0,0,0,42,0,1
paced,211,0,610,220,0,150,-218,10.500151,2.858,150,-218,0,0,0,42,0,1
paced,212,0,470,220,0,150,-188,10.550182,2.566,150,-188,0,0,0,42,0,1
paced,213,0,214,220,0,150,-1558,10.600149,2.190,150,-1558,0,1,0,42,0,1
paced,214,0,474,220,0,150,643,10.650195,2.021,150,643,0,0,0,42,0,1
paced,215,0,616,220,0,150,-1364,10.700220,2.684,150,-1364,0,0,0,42,0,1
paced,216,0,406,220,0,150,-939,10.750205,2.408,150,-939,0,0,0,42,0,1
paced,217,0,782,220,0,150,1366,10.800178,2.454,150,1366,0,0,0,42,0,1
paced,218,0,705,220,0,150,1733,10.850238,2.101,150,1733,0,0,0,42,0,1
paced,219,0,630,220,0,150,890,10.900183,2.876,150,890,0,0,0,42,0,1
paced,220,0,514,220,0,150,-759,10.950163,1.680,150,-759,0,0,0,42,0,1
paced,221,0,337,220,0,150,398,11.000218,2.205,150,398,0,1,0,42,0,1
paced,222,0,362,220,0,150,-562,11.050191,2.038,150,-562,0,1,0,42,0,1
paced,223,0,353,220,0,150,-811,11.100153,1.903,150,-811,0,1,0,42,0,1
paced,224,0,519,220,0,150,-1487,11.150140,2.646,150,-1487,0,0,0,42,0,1
paced,225,0,437,220,0,150,-1454,11.200171,2.446,150,-1454,0,0,0,42,0,1
paced,226,0,608,220,0,150,-1450,11.250223,2.366,150,-1450,0,0,0,42,0,1
paced,227,0,738,220,0,150,815,11.300136,2.144,150,815,0,0,0,42,0,1
paced,228,0,497,220,0,150,-889,11.350140,1.950,150,-889,0,0,0,42,0,1
paced,229,0,549,220,0,150,-564,11.400128,1.741,150,-564,0,0,0,42,0,1
paced,230,0,192,220,0,150,-480,11.450172,2.300,150,-480,0,2,0,42,0,1
paced,231,0,341,220,0,150,-523,11.500194,2.160,150,-523,0,1,0,42,0,1
paced,232,0,742,220,0,150,-580,11.550140,2.043,150,-580,0,0,0,42,0,1
paced,233,0,401,220,0,150,-451,11.600369,2.977,150,-451,0,0,0,42,0,1
paced,234,0,253,220,0,150,409,11.650313,2.449,150,409,0,1,0,42,0,1
paced,235,0,776,220,0,150,551,11.700250,2.215,150,551,0,0,0,42,0,1
paced,236,0,760,220,0,150,-1443,11.750165,2.127,150,-1443,0,0,0,42,0,1
paced,237,0,400,220,0,150,-919,11.800183,1.770,150,-919,0,0,0,42,0,1
paced,238,0,170,220,0,150,1490,11.850147,1.664,150,1490,0,2,0,42,0,1
paced,239,0,399,220,0,150,-175,11.900205,2.326,150,-175,0,1,0,42,0,1
paced,240,0,224,220,0,150,-723,11.950171,2.017,150,-723,0,1,0,42,0,1
paced,241,0,714,220,0,150,1733,12.000721,2.198,150,1733,0,0,0,42,0,1
paced,242,0,222,220,0,150,1166,12.050528,2.910,150,1166,0,1,0,42,0,1
paced,243,0,226,220,0,150,-1732,12.100353,2.118,150,-1732,0,1,0,42,0,1
paced,244,0,800,220,0,150,-1780,12.150301,2.855,150,-1780,0,0,0,42,0,1
paced,245,0,447,220,0,150,1254,12.200170,2.100,150,1254,0,0,0,42,0,1
paced,246,0,517,220,0,150,200,12.250190,2.890,150,200,0,0,0,42,0,1
paced,247,0,630,220,0,150,1713,12.300224,2.310,150,1713,0,0,0,42,0,1
paced,248,0,307,220,0,150,-1407,12.350175,2.328,150,-1407,0,1,0,42,0,1
paced,249,0,663,220,0,150,1365,12.400161,2.333,150,1365,0,0,0,42,0,1
paced,250,0,485,220,0,150,-1505,12.450294,2.859,150,-1505,0,0,0,42,0,1
paced,251,0,671,220,0,150,904,12.500247,2.341,150,904,0,0,0,42,0,1
paced,252,0,327,220,0,150,-1085,12.550271,2.294,150,-1085,0,1,0,42,0,1
paced,253,0,303,220,0,150,-1241,12.600173,2.497,150,-1241,0,1,0,42,0,1
paced,254,0,477,220,0,150,-569,12.650557,2.405,150,-569,0,0,0,42,0,1
paced,255,0,259,220,0,150,1085,12.700257,2.430,150,1085,0,1,0,42,0,1
paced,256,0,676,220,0,150,1598,12.750188,2.129,150,1598,0,0,0,42,0,1
paced,257,0,766,220,0,150,-618,12.800177,1.895,150,-618,0,0,0,42,0,1
paced,258,0,279,220,0,150,-974,12.850103,2.753,150,-974,0,1,0,42,0,1
paced,259,0,295,220,0,150,414,12.900156,2.454,150,414,0,1,0,42,0,1
paced,260,0,182,220,0,150,1373,12.950174,2.290,150,1373,0,2,0,42,0,1
paced,261,0,473,220,0,150,1542,13.000164,2.018,150,1542,0,0,0,42,0,1
paced,262,0,788,220,0,150,1472,13.050178,1.751,150,1472,0,0,0,42,0,1
paced,263,0,716,220,0,150,1623,13.100158,2.601,150,1623,0,0,0,42,0,1
paced,264,0,360,220,0,150,-1091,13.150150,2.258,150,-1091,0,1,0,42,0,1
paced,265,0,456,220,0,150,-48,13.200209,2.233,150,-48,0,0,0,42,0,1
paced,266,0,700,220,0,150,-1174,13.250175,2.650,150,-1174,0,0,0,42,0,1
paced,267,0,199,220,0,150,1107,13.300189,2.774,150,1107,0,2,0,42,0,1
paced,268,0,403,220,0,150,-786,13.350155,2.288,150,-786,0,0,0,42,0,1
paced,269,0,215,220,0,150,973,13.400193,2.061,150,973,0,1,0,42,0,1
paced,270,0,607,220,0,150,1490,13.450166,1.610,150,1490,0,0,0,42,0,1
paced,271,0,590,220,0,150,429,13.500172,2.399,150,429,0,0,0,42,0,1
paced,272,0,406,220,0,150,397,13.550264,2.331,150,397,0,0,0,42,0,1
paced,273,0,599,220,0,150,1666,13.600166,1.982,150,1666,0,0,0,42,0,1
paced,274,0,700,220,0,150,36,13.650205,2.458,150,36,0,0,0,42,0,1
paced,275,0,161,220,0,150,-200,13.700176,2.289,150,-200,0,2,0,42,0,1
paced,276,0,496,220,0,150,-1118,13.750349,1.898,150,-1118,0,0,0,42,0,1
paced,277,0,414,220,0,150,169,13.800523,2.360,150,169,0,0,0,42,0,1
paced,278,0,174,220,0,150,1428,13.850253,2.506,150,1428,0,2,0,42,0,1
paced,279,0,576,220,0,150,517,13.900155,2.217,150,517,0,0,0,42,0,1
paced,280,0,169,220,0,150,-1565,13.950153,2.030,150,-1565,0,2,0,42,0,1
paced,281,0,513,220,0,150,555,14.000441,3.420,150,555,0,0,0,42,0,1
paced,282,0,291,220,0,150,611,14.050167,2.549,150,611,0,1,0,42,0,1
paced,283,0,278,220,0,150,-1253,14.100193,2.471,150,-1253,0,1,0,42,0,1
paced,284,0,415,220,0,150,1575,14.150178,2.495,150,1575,0,0,0,42,0,1
paced,285,0,433,220,0,150,-191,14.200435,2.334,150,-191,0,0,0,42,0,1
paced,286,0,727,220,0,150,-178,14.250245,2.218,150,-178,0,0,0,42,0,1
paced,287,0,326,220,0,150,688,14.300150,2.197,150,688,0,1,0,42,0,1
paced,288,0,241,220,0,150,-864,14.350369,1.705,150,-864,0,1,0,42,0,1
paced,289,0,647,220,0,150,-1790,14.400141,2.607,150,-1790,0,0,0,42,0,1
paced,290,0,331,220,0,150,345,14.450648,2.889,150,345,0,1,0,42,0,1
paced,291,0,474,220,0,150,231,14.500374,2.971,150,231,0,0,0,42,0,1
paced,292,0,598,220,0,150,991,14.550155,2.649,150,991,0,0,0,42,0,1
paced,293,0,381,220,0,150,-844,14.600172,2.485,150,-844,0,1,0,42,0,1
paced,294,0,470,220,0,150,207,14.650079,3.219,150,207,0,0,0,42,0,1
paced,295,0,640,220,0,150,-899,14.700164,1.834,150,-899,0,0,0,42,0,1
paced,296,0,572,220,0,150,-440,14.750383,2.344,150,-440,0,0,0,42,0,1
paced,297,0,723,220,0,150,683,14.800133,2.261,150,683,0,0,0,42,0,1
paced,298,0,431,220,0,150,827,14.850186,1.972,150,827,0,0,0,42,0,1
paced,299,0,374,220,0,150,-1623,14.900233,2.568,150,-1623,0,1,0,42,0,1
paced,300,0,223,220,0,150,1306,14.950195,2.362,150,1306,0,1,0,42,0,1
paced,301,0,673,220,0,150,823,15.000220,2.113,150,823,0,0,0,42,0,1
paced,302,0,527,220,0,150,-1167,15.050090,2.032,150,-1167,0,0,0,42,0,1
paced,303,0,673,220,0,150,1317,15.100301,2.464,150,1317,0,0,0,42,0,1
paced,304,0,358,220,0,150,-543,15.150247,2.351,150,-543,0,1,0,42,0,1
paced,305,0,455,220,0,150,1016,15.200350,3.043,150,1016,0,0,0,42,0,1
paced,306,0,456,220,0,150,1657,15.250200,1.935,150,1657,0,0,0,42,0,1
paced,307,0,715,220,0,150,-298,15.300284,2.332,150,-298,0,0,0,42,0,1
paced,308,0,319,220,0,150,1052,15.350688,3.035,150,1052,0,1,0,42,0,1
paced,309,0,625,220,0,150,615,15.400168,2.524,150,615,0,0,0,42,0,1
paced,310,0,237,220,0,150,1687,15.450225,1.718,150,1687,0,1,0,42,0,1
paced,311,0,276,220,0,150,662,15.500274,2.215,150,662,0,1,0,42,0,1
paced,312,0,676,220,0,150,519,15.550315,2.101,150,519,0,0,0,42,0,1
paced,313,0,536,220,0,150,-1098,15.600233,2.636,150,-1098,0,0,0,42,0,1
paced,314,0,309,220,0,150,-794,15.650169,2.354,150,-794,0,1,0,42,0,1
paced,315,0,586,220,0,150,-929,15.700175,2.154,150,-929,0,0,0,42,0,1
paced,316,0,733,220,0,150,1127,15.750328,1.663,150,1127,0,0,0,42,0,1
paced,317,0,203,220,0,150,207,15.800145,2.504,150,207,0,1,0,42,0,1
paced,318,0,553,220,0,150,1117,15.850654,2.746,150,1117,0,0,0,42,0,1
paced,319,0,506,220,0,150,-248,15.900217,1.951,150,-248,0,0,0,42,0,1
paced,320,0,677,220,0,150,1643,15.950170,2.490,150,1643,0,0,0,42,0,1
paced,321,0,318,220,0,150,409,16.000412,2.038,150,409,0,1,0,42,0,1
paced,322,0,191,220,0,150,327,16.050194,1.748,150,327,0,2,0,42,0,1
paced,323,0,242,220,0,150,1489,16.100159,2.344,150,1489,0,1,0,42,0,1
paced,324,0,411,220,0,150,754,16.150169,1.909,150,754,0,0,0,42,0,1
paced,325,0,253,220,0,150,-725,16.200184,2.417,150,-725,0,1,0,42,0,1
paced,326,0,235,220,0,150,-1251,16.250778,3.175,150,-1251,0,1,0,42,0,1
paced,327,0,781,220,0,150,1628,16.300191,2.612,150,1628,0,0,0,42,0,1
paced,328,0,233,220,0,150,2,16.350140,2.251,150,2,0,1,0,42,0,1
paced,329,0,396,220,0,150,1665,16.400151,1.923,150,1665,0,1,0,42,0,1
paced,330,0,541,220,0,150,1467,16.450165,2.501,150,1467,0,0,0,42,0,1
paced,331,0,593,220,0,150,-193,16.500137,2.306,150,-193,0,0,0,42,0,1
paced,332,0,318,220,0,150,-487,16.550178,1.807,150,-487,0,1,0,42,0,1
paced,333,0,598,220,0,150,-1303,16.600176,2.373,150,-1303,0,0,0,42,0,1
paced,334,0,787,220,0,150,178,16.650217,2.768,150,178,0,0,0,42,0,1
paced,335,0,367,220,0,150,-1332,16.700148,2.449,150,-1332,0,1,0,42,0,1
paced,336,0,591,220,0,150,640,16.750161,2.227,150,640,0,0,0,42,0,1
paced,337,0,696,220,0,150,-148,16.800150,1.659,150,-148,0,0,0,42,0,1
paced,338,0,270,220,0,150,885,16.850240,2.109,150,885,0,1,0,42,0,1
paced,339,0,452,220,0,150,-683,16.900239,2.186,150,-683,0,0,0,42,0,1
paced,340,0,404,220,0,150,-269,16.950201,2.351,150,-269,0,0,0,42,0,1
paced,341,0,722,220,0,150,-1804,17.000303,2.260,150,-1804,0,0,0,42,0,1
paced,342,0,344,220,0,150,344,17.050230,1.493,150,344,0,1,0,42,0,1
paced,343,0,599,220,0,150,551,17.100147,2.188,150,551,0,0,0,42,0,1
paced,344,0,171,220,0,150,-1694,17.150406,2.703,150,-1694,0,2,0,42,0,1
paced,345,0,792,220,0,150,660,17.200156,2.242,150,660,0,0,0,42,0,1
paced,346,0,398,220,0,150,1601,17.250178,1.992,150,1601,0,1,0,42,0,1
paced,347,0,416,220,0,150,-974,17.300291,2.471,150,-974,0,0,0,42,0,1
paced,348,0,327,220,0,150,-654,17.350299,3.212,150,-654,0,1,0,42,0,1
paced,349,0,301,220,0,150,401,17.400219,1.669,150,401,0,1,0,42,0,1
paced,350,0,355,220,0,150,-701,17.450240,2.192,150,-701,0,1,0,42,0,1
paced,351,0,468,220,0,150,579,17.500185,1.935,150,579,0,0,0,42,0,1
paced,352,0,406,220,0,150,1589,17.550453,2.173,150,1589,0,0,0,42,0,1
paced,353,0,607,220,0,150,1420,17.600222,2.011,150,1420,0,0,0,42,0,1
paced,354,0,322,220,0,150,413,17.650230,2.491,150,413,0,1,0,42,0,1
paced,355,0,515,220,0,150,190,17.700420,2.800,150,190,0,0,0,42,0,1
paced,356,0,580,220,0,150,1684,17.750234,2.630,150,1684,0,0,0,42,0,1
paced,357,0,274,220,0,150,1330,17.800407,3.026,150,1330,0,1,0,42,0,1
paced,358,0,363,220,0,150,516,17.850171,1.953,150,516,0,1,0,42,0,1
paced,359,0,542,220,0,150,-982,17.900299,2.584,150,-982,0,0,0,42,0,1
paced,360,0,440,220,0,150,1500,17.950335,2.854,150,1500,0,0,0,42,0,1
paced,361,0,260,220,0,150,1487,18.000139,1.650,150,1487,0,1,0,42,0,1
paced,362,0,174,220,0,150,-1337,18.050173,2.172,150,-1337,0,2,0,42,0,1
paced,363,0,732,220,0,150,1240,18.100141,1.770,150,1240,0,0,0,42,0,1
paced,364,0,163,220,0,150,413,18.150118,2.678,150,413,0,2,0,42,0,1
paced,365,0,453,220,0,150,940,18.200214,2.101,150,940,0,0,0,42,0,1
paced,366,0,289,220,0,150,-1513,18.250212,2.456,150,-1513,0,1,0,42,0,1
paced,367,0,662,220,0,150,-290,18.300183,3.005,150,-290,0,0,0,42,0,1
paced,368,0,736,220,0,150,1479,18.350184,1.819,150,1479,0,0,0,42,0,1
paced,369,0,468,220,0,150,-30,18.400155,2.308,150,-30,0,0,0,42,0,1
paced,370,0,665,220,0,150,954,18.450163,2.025,150,954,0,0,0,42,0,1
paced,371,0,515,220,0,150,1287,18.500190,2.369,150,1287,0,0,0,42,0,1
paced,372,0,691,220,0,150,-495,18.550185,2.173,150,-495,0,0,0,42,0,1
paced,373,0,150,220,0,150,-1313,18.600179,2.696,150,-1313,0,2,0,42,0,1
paced,374,0,602,220,0,150,1120,18.650278,2.332,150,1120,0,0,0,42,0,1
paced,375,0,610,220,0,150,-386,18.700167,2.929,150,-386,0,0,0,42,0,1
paced,376,0,462,220,0,150,388,18.750148,2.616,150,388,0,0,0,42,0,1
paced,377,0,558,220,0,150,-430,18.800161,2.295,150,-430,0,0,0,42,0,1
paced,378,0,735,220,0,150,196,18.850217,2.409,150,196,0,0,0,42,0,1
paced,379,0,265,220,0,150,832,18.900095,2.290,150,832,0,1,0,42,0,1
paced,380,0,536,220,0,150,-254,18.950165,2.477,150,-254,0,0,0,42,0,1
paced,381,0,358,220,0,150,461,19.000159,2.257,150,461,0,1,0,42,0,1
paced,382,0,153,220,0,150,-683,19.050187,1.748,150,-683,0,2,0,42,0,1
paced,383,0,800,220,0,150,630,19.100206,2.250,150,630,0,0,0,42,0,1
paced,384,0,673,220,0,150,-1006,19.150145,2.105,150,-1006,0,0,0,42,0,1
paced,385,0,622,220,0,150,641,19.200164,2.367,150,641,0,0,0,42,0,1
paced,386,0,679,220,0,150,-145,19.250163,1.965,150,-145,0,0,0,42,0,1
paced,387,0,462,220,0,150,1059,19.300166,2.456,150,1059,0,0,0,42,0,1
paced,388,0,324,220,0,150,20,19.350167,2.070,150,20,0,1,0,42,0,1
paced,389,0,784,220,0,150,919,19.400168,1.654,150,919,0,0,0,42,0,1
paced,390,0,693,220,0,150,-1012,19.450141,2.241,150,-1012,0,0,0,42,0,1
paced,391,0,518,220,0,150,335,19.500279,1.884,150,335,0,0,0,42,0,1
paced,392,0,153,220,0,150,959,19.550139,2.379,150,959,0,2,0,42,0,1
paced,393,0,548,220,0,150,553,19.600131,2.117,150,553,0,0,0,42,0,1
paced,394,0,586,220,0,150,-161,19.650207,2.495,150,-161,0,0,0,42,0,1
paced,395,0,494,220,0,150,1707,19.700165,2.109,150,1707,0,0,0,42,0,1
paced,396,0,786,220,0,150,573,19.750145,2.083,150,573,0,0,0,42,0,1
paced,397,0,219,220,0,150,198,19.800140,2.361,150,198,0,1,0,42,0,1
paced,398,0,403,220,0,150,802,19.850209,1.969,150,802,0,0,0,42,0,1
paced,399,0,447,220,0,150,759,19.900191,2.392,150,759,0,0,0,42,0,1
paced,400,0,171,220,0,150,-153,19.950299,1.851,150,-153,0,2,0,42,0,1
paced,401,0,794,220,0,150,-1181,20.000108,3.561,150,-1181,0,0,0,42,0,1
paced,402,0,798,220,0,150,1370,20.050190,2.297,150,1370,0,0,0,42,0,1
paced,403,0,556,220,0,150,1385,20.100136,1.744,150,1385,0,0,0,42,0,1
paced,404,0,426,220,0,150,1646,20.150155,2.154,150,1646,0,0,0,42,0,1
paced,405,0,332,220,0,150,1323,20.200171,1.751,150,1323,0,1,0,42,0,1
paced,406,0,225,220,0,150,1519,20.250105,2.373,150,1519,0,1,0,42,0,1
paced,407,0,769,220,0,150,-1779,20.300145,1.894,150,-1779,0,0,0,42,0,1
paced,408,0,507,220,0,150,-737,20.350204,2.245,150,-737,0,0,0,42,0,1
paced,409,0,571,220,0,150,1759,20.400181,1.987,150,1759,0,0,0,42,0,1
paced,410,0,707,220,0,150,-577,20.450129,2.455,150,-577,0,0,0,42,0,1
paced,411,0,305,220,0,150,72,20.500145,2.099,150,72,0,1,0,42,0,1
paced,412,0,415,220,0,150,164,20.550173,1.631,150,164,0,0,0,42,0,1
paced,413,0,323,220,0,150,93,20.600153,2.475,150,93,0,1,0,42,0,1
paced,414,0,672,220,0,150,-1635,20.650145,1.931,150,-1635,0,0,0,42,0,1
paced,415,0,427,220,0,150,270,20.700152,2.416,150,270,0,0,0,42,0,1
paced,416,0,250,220,0,150,1230,20.750238,1.872,150,1230,0,1,0,42,0,1
paced,417,0,754,220,0,150,-90,20.800134,2.343,150,-90,0,0,0,42,0,1
paced,418,0,221,220,0,150,-366,20.850181,1.937,150,-366,0,1,0,42,0,1
paced,419,0,218,220,0,150,870,20.900221,2.467,150,870,0,1,0,42,0,1
paced,420,0,603,220,0,150,-1740,20.950233,2.150,150,-1740,0,0,0,42,0,1
paced,421,0,318,220,0,150,257,21.000150,1.720,150,257,0,1,0,42,0,1
paced,422,0,315,220,0,150,1008,21.050179,2.349,150,1008,0,1,0,42,0,1
paced,423,0,245,220,0,150,-174,21.100204,1.783,150,-174,0,1,0,42,0,1
paced,424,0,432,220,0,150,658,21.150181,2.256,150,658,0,0,0,42,0,1
paced,425,0,461,220,0,150,-965,21.200261,2.675,150,-965,0,0,0,42,0,1
paced,426,0,690,220,0,150,-970,21.250307,2.722,150,-970,0,0,0,42,0,1
paced,427,0,392,220,0,150,1809,21.300313,2.653,150,1809,0,1,0,42,0,1
paced,428,0,491,220,0,150,-718,21.350161,2.422,150,-718,0,0,0,42,0,1
paced,429,0,220,220,0,150,-1514,21.400313,2.050,150,-1514,0,1,0,42,0,1
paced,430,0,685,220,0,150,878,21.450142,1.655,150,878,0,0,0,42,0,1
paced,431,0,527,220,0,150,96,21.500190,2.522,150,96,0,0,0,42,0,1
paced,432,0,673,220,0,150,464,21.550183,2.274,150,464,0,0,0,42,0,1
paced,433,0,200,220,0,150,-1130,21.600191,2.516,150,-1130,0,1,0,42,0,1
paced,434,0,454,220,0,150,854,21.650156,2.058,150,854,0,0,0,42,0,1
paced,435,0,719,220,0,150,-716,21.700314,2.155,150,-716,0,0,0,42,0,1
paced,436,0,514,220,0,150,677,21.750558,2.905,150,677,0,0,0,42,0,1
paced,437,0,387,220,0,150,-213,21.800143,2.962,150,-213,0,1,0,42,0,1
paced,438,0,724,220,0,150,-183,21.850173,2.027,150,-183,0,0,0,42,0,1
paced,439,0,326,220,0,150,160,21.900162,1.516,150,160,0,1,0,42,0,1
paced,440,0,415,220,0,150,1730,21.950523,2.665,150,1730,0,0,0,42,0,1
paced,441,0,775,220,0,150,-470,22.000215,1.962,150,-470,0,0,0,42,0,1
paced,442,0,377,220,0,150,-761,22.050193,2.337,150,-761,0,1,0,42,0,1
paced,443,0,774,220,0,150,1074,22.100150,1.746,150,1074,0,0,0,42,0,1
paced,444,0,400,220,0,150,1636,22.150186,2.523,150,1636,0,0,0,42,0,1
paced,445,0,181,220,0,150,1668,22.200171,2.023,150,1668,0,2,0,42,0,1
paced,446,0,787,220,0,150,-171,22.250179,2.376,150,-171,0,0,0,42,0,1
paced,447,0,474,220,0,150,-52,22.300149,2.097,150,-52,0,0,0,42,0,1
paced,448,0,404,220,0,150,1397,22.350147,1.615,150,1397,0,0,0,42,0,1
paced,449,0,425,220,0,150,-1043,22.400188,2.239,150,-1043,0,0,0,42,0,1
paced,450,0,224,220,0,150,743,22.450142,2.006,150,743,0,1,0,42,0,1
paced,451,0,319,220,0,150,1747,22.500136,2.406,150,1747,0,1,0,42,0,1
paced,452,0,743,220,0,150,-4,22.550198,2.617,150,-4,0,0,0,42,0,1
paced,453,0,745,220,0,150,1162,22.600168,2.323,150,1162,0,0,0,42,0,1
paced,454,0,301,220,0,150,663,22.650206,2.741,150,663,0,1,0,42,0,1
paced,455,0,418,220,0,150,61,22.700135,2.377,150,61,0,0,0,42,0,1
paced,456,0,689,220,0,150,-1155,22.750244,2.091,150,-1155,0,0,0,42,0,1
paced,457,0,291,220,0,150,1368,22.800283,2.307,150,1368,0,1,0,42,0,1
paced,458,0,291,220,0,150,1111,22.850230,2.129,150,1111,0,1,0,42,0,1
paced,459,0,601,220,0,150,-341,22.900210,2.397,150,-341,0,0,0,42,0,1
paced,460,0,467,220,0,150,1257,22.950211,2.165,150,1257,0,0,0,42,0,1
paced,461,0,560,220,0,150,-835,23.000140,1.696,150,-835,0,0,0,42,0,1
paced,462,0,268,220,0,150,1121,23.050143,2.193,150,1121,0,1,0,42,0,1
paced,463,0,361,220,0,150,1122,23.100098,2.711,150,1122,0,1,0,42,0,1
paced,464,0,462,220,0,150,-1541,23.150204,2.285,150,-1541,0,0,0,42,0,1
paced,465,0,258,220,0,150,-888,23.200457,2.488,150,-888,0,1,0,42,0,1
paced,466,0,556,220,0,150,-504,23.250161,2.313,150,-504,0,0,0,42,0,1
paced,467,0,654,220,0,150,-1411,23.300189,2.400,150,-1411,0,0,0,42,0,1
paced,468,0,341,220,0,150,-1636,23.350180,2.359,150,-1636,0,1,0,42,0,1
paced,469,0,206,220,0,150,1495,23.400294,1.909,150,1495,0,1,0,42,0,1
paced,470,0,761,220,0,150,-1725,23.450154,2.461,150,-1725,0,0,0,42,0,1
paced,471,0,371,220,0,150,978,23.500551,1.649,150,978,0,1,0,42,0,1
paced,472,0,185,220,0,150,205,23.550223,1.612,150,205,0,2,0,42,0,1
paced,473,0,691,220,0,150,1517,23.600132,3.320,150,1517,0,0,0,42,0,1
paced,474,0,777,220,0,150,-9,23.650169,1.696,150,-9,0,0,0,42,0,1
paced,475,0,500,220,0,150,895,23.700163,2.570,150,895,0,0,0,42,0,1
paced,476,0,431,220,0,150,-1337,23.750170,1.834,150,-1337,0,0,0,42,0,1
paced,477,0,777,220,0,150,1017,23.800179,2.333,150,1017,0,0,0,42,0,1
paced,478,0,326,220,0,150,-1430,23.850152,2.185,150,-1430,0,1,0,42,0,1
paced,479,0,377,220,0,150,-183,23.900460,2.365,150,-183,0,1,0,42,0,1
paced,480,0,388,220,0,150,207,23.950175,2.262,150,207,0,1,0,42,0,1
paced,481,0,610,220,0,150,-273,24.000175,2.099,150,-273,0,0,0,42,0,1
paced,482,0,322,220,0,150,-871,24.050126,1.709,150,-871,0,1,0,42,0,1
paced,483,0,391,220,0,150,1539,24.100179,2.475,150,1539,0,1,0,42,0,1
paced,484,0,440,220,0,150,74,24.150264,2.113,150,74,0,0,0,42,0,1
paced,485,0,710,220,0,150,555,24.200148,1.941,150,555,0,0,0,42,0,1
paced,486,0,548,220,0,150,-953,24.250167,2.386,150,-953,0,0,0,42,0,1
paced,487,0,612,220,0,150,1108,24.300150,3.142,150,1108,0,0,0,42,0,1
paced,488,0,414,220,0,150,-468,24.350251,2.581,150,-468,0,0,0,42,0,1
paced,489,0,658,220,0,150,611,24.400238,2.350,150,611,0,0,0,42,0,1
paced,490,0,263,220,0,150,-945,24.450211,2.195,150,-945,0,1,0,42,0,1
paced,491,0,230,220,0,150,-1631,24.500510,2.633,150,-1631,0,1,0,42,0,1
paced,492,0,165,220,0,150,1446,24.550379,2.374,150,1446,0,2,0,42,0,1
paced,493,0,155,220,0,150,1692,24.600158,2.151,150,1692,0,2,0,42,0,1
paced,494,0,641,220,0,150,-512,24.650141,2.647,150,-512,0,0,0,42,0,1
paced,495,0,542,220,0,150,1653,24.700184,2.579,150,1653,0,0,0,42,0,1
paced,496,0,744,220,0,150,-644,24.750190,2.218,150,-644,0,0,0,42,0,1
paced,497,0,350,220,0,150,-182,24.800277,2.942,150,-182,0,1,0,42,0,1
paced,498,0,313,220,0,150,1784,24.850189,2.916,150,1784,0,1,0,42,0,1
paced,499,0,305,220,0,150,1431,24.900153,2.290,150,1431,0,1,0,42,0,1
paced,500,0,181,220,0,150,-1758,24.950146,1.807,150,-1758,0,2,0,42,0,1
paced,501,0,546,220,0,150,-1226,25.000153,2.383,150,-1226,0,0,0,42,0,1
paced,502,0,705,220,0,150,-1587,25.050176,1.950,150,-1587,0,0,0,42,0,1
paced,503,0,728,220,0,150,-266,25.100164,1.828,150,-266,0,0,0,42,0,1
paced,504,0,410,220,0,150,-1288,25.150190,2.251,150,-1288,0,0,0,42,0,1
paced,505,0,231,220,0,150,75,25.200193,2.010,150,75,0,1,0,42,0,1
paced,506,0,460,220,0,150,-1761,25.250147,1.734,150,-1761,0,0,0,42,0,1
paced,507,0,186,220,0,150,379,25.300228,2.219,150,379,0,2,0,42,0,1
paced,508,0,212,220,0,150,330,25.350223,2.855,150,330,0,1,0,42,0,1
paced,509,0,282,220,0,150,-1645,25.400180,1.660,150,-1645,0,1,0,42,0,1
paced,510,0,430,220,0,150,1378,25.450845,2.002,150,1378,0,0,0,42,0,1
paced,511,0,270,220,0,150,-49,25.500799,2.415,150,-49,0,1,0,42,0,1
paced,512,0,243,220,0,150,-1042,25.551279,2.802,150,-1042,0,1,0,42,0,1
paced,513,0,178,220,0,150,226,25.600237,2.177,150,226,0,2,0,42,0,1
paced,514,0,283,220,0,150,1229,25.651277,2.193,150,1229,0,1,0,42,0,1
paced,515,0,435,220,0,150,993,25.701114,2.426,150,993,0,0,0,42,0,1
paced,516,0,346,220,0,150,895,25.751784,2.935,150,895,0,1,0,42,0,1
paced,517,0,608,220,0,150,-224,25.801562,2.402,150,-224,0,0,0,42,0,1
paced,518,0,487,220,0,150,764,25.851225,2.125,150,764,0,0,0,42,0,1
paced,519,0,424,220,0,150,-756,25.901261,2.159,150,-756,0,0,0,42,0,1
paced,520,0,800,220,0,150,-825,25.950286,2.181,150,-825,0,0,0,42,0,1
paced,521,0,401,220,0,150,-1574,26.001403,2.195,150,-1574,0,0,0,42,0,1
paced,522,0,752,220,0,150,1407,26.051194,2.352,150,1407,0,0,0,42,0,1
paced,523,0,754,220,0,150,-1103,26.101257,2.436,150,-1103,0,0,0,42,0,1
paced,524,0,508,220,0,150,-65,26.151531,2.528,150,-65,0,0,0,42,0,1
paced,525,0,769,220,0,150,1039,26.200364,1.838,150,1039,0,0,0,42,0,1
paced,526,0,723,220,0,150,794,26.250273,1.932,150,794,0,0,0,42,0,1
paced,527,0,684,220,0,150,-1571,26.300742,2.837,150,-1571,0,0,0,42,0,1
paced,528,0,511,220,0,150,420,26.351295,2.585,150,420,0,0,0,42,0,1
paced,529,0,572,220,0,150,384,26.401248,2.356,150,384,0,0,0,42,0,1
paced,530,0,354,220,0,150,1094,26.451207,2.521,150,1094,0,1,0,42,0,1
paced,531,0,699,220,0,150,-83,26.501181,2.560,150,-83,0,0,0,42,0,1
paced,532,0,221,220,0,150,1102,26.551196,2.560,150,1102,0,1,0,42,0,1
paced,533,0,423,220,0,150,1224,26.601105,3.220,150,1224,0,0,0,42,0,1
paced,534,0,775,220,0,150,1133,26.651124,2.493,150,1133,0,0,0,42,0,1
paced,535,0,224,220,0,150,-790,26.700514,2.372,150,-790,0,1,0,42,0,1
paced,536,0,331,220,0,150,-1425,26.751041,1.524,150,-1425,0,1,0,42,0,1
paced,537,0,304,220,0,150,-1580,26.801043,2.482,150,-1580,0,1,0,42,0,1
paced,538,0,358,220,0,150,1680,26.850420,2.141,150,1680,0,1,0,42,0,1
paced,539,0,588,220,0,150,1670,26.901370,2.415,150,1670,0,0,0,42,0,1
paced,540,0,195,220,0,150,-1604,26.950596,2.969,150,-1604,0,2,0,42,0,1
paced,541,0,243,220,0,150,1510,27.001564,2.140,150,1510,0,1,0,42,0,1
paced,542,0,675,220,0,150,101,27.050672,1.675,150,101,0,0,0,42,0,1
paced,543,0,663,220,0,150,-304,27.100376,2.851,150,-304,0,0,0,42,0,1
paced,544,0,251,220,0,150,-540,27.150497,2.048,150,-540,0,1,0,42,0,1
paced,545,0,191,220,0,150,-1302,27.200549,1.724,150,-1302,0,2,0,42,0,1
paced,546,0,694,220,0,150,-1685,27.251228,1.975,150,-1685,0,0,0,42,0,1
paced,547,0,603,220,0,150,900,27.301900,2.287,150,900,0,0,0,42,0,1
paced,548,0,281,220,0,150,-202,27.351421,2.665,150,-202,0,1,0,42,0,1
paced,549,0,606,220,0,150,-1720,27.401068,2.032,150,-1720,0,0,0,42,0,1
paced,550,0,687,220,0,150,-715,27.451036,2.132,150,-715,0,0,0,42,0,1
paced,551,0,242,220,0,150,-796,27.500292,1.721,150,-796,0,1,0,42,0,1
paced,552,0,483,220,0,150,-1469,27.551191,2.689,150,-1469,0,0,0,42,0,1
paced,553,0,459,220,0,150,-1680,27.600878,2.513,150,-1680,0,0,0,42,0,1
paced,554,0,543,220,0,150,-1582,27.650552,2.630,150,-1582,0,0,0,42,0,1
paced,555,0,417,220,0,150,-538,27.701339,1.950,150,-538,0,0,0,42,0,1
paced,556,0,283,220,0,150,-754,27.750292,2.515,150,-754,0,1,0,42,0,1
paced,557,0,539,220,0,150,1485,27.800922,1.704,150,1485,0,0,0,42,0,1
paced,558,0,269,220,0,150,1685,27.850558,2.906,150,1685,0,1,0,42,0,1
paced,559,0,461,220,0,150,-1435,27.900334,1.909,150,-1435,0,0,0,42,0,1
paced,560,0,585,220,0,150,1626,27.950317,1.739,150,1626,0,0,0,42,0,1
paced,561,0,401,220,0,150,239,28.000815,3.146,150,239,0,0,0,42,0,1
paced,562,0,720,220,0,150,-979,28.051184,2.828,150,-979,0,0,0,42,0,1
paced,563,0,488,220,0,150,-433,28.100218,2.319,150,-433,0,0,0,42,0,1
paced,564,0,671,220,0,150,1389,28.150344,1.898,150,1389,0,0,0,42,0,1
paced,565,0,550,220,0,150,572,28.200527,2.895,150,572,0,0,0,42,0,1
paced,566,0,642,220,0,150,-1392,28.251031,2.763,150,-1392,0,0,0,42,0,1
paced,567,0,282,220,0,150,852,28.301193,2.416,150,852,0,1,0,42,0,1
paced,568,0,609,220,0,150,325,28.350351,2.098,150,325,0,0,0,42,0,1
paced,569,0,722,220,0,150,1126,28.401135,2.796,150,1126,0,0,0,42,0,1
paced,570,0,745,220,0,150,1052,28.450273,1.859,150,1052,0,0,0,42,0,1
paced,571,0,682,220,0,150,373,28.500994,3.159,150,373,0,0,0,42,0,1
paced,572,0,180,220,0,150,1586,28.550259,2.690,150,1586,0,2,0,42,0,1
paced,573,0,448,220,0,150,1224,28.600845,2.573,150,1224,0,0,0,42,0,1
paced,574,0,310,220,0,150,-1001,28.650646,2.390,150,-1001,0,1,0,42,0,1
paced,575,0,529,220,0,150,-226,28.700290,2.098,150,-226,0,0,0,42,0,1
paced,576,0,683,220,0,150,-492,28.750898,2.495,150,-492,0,0,0,42,0,1
paced,577,0,249,220,0,150,-143,28.800805,1.814,150,-143,0,1,0,42,0,1
paced,578,0,503,220,0,150,-1303,28.850827,2.728,150,-1303,0,0,0,42,0,1
paced,579,0,738,220,0,150,-1555,28.901093,2.947,150,-1555,0,0,0,42,0,1
paced,580,0,194,220,0,150,-590,28.950810,2.119,150,-590,0,2,0,42,0,1
paced,581,0,696,220,0,150,-536,29.001088,2.226,150,-536,0,0,0,42,0,1
paced,582,0,577,220,0,150,-599,29.050229,1.796,150,-599,0,0,0,42,0,1
paced,583,0,476,220,0,150,-376,29.100849,1.775,150,-376,0,0,0,42,0,1
paced,584,0,429,220,0,150,-488,29.150240,2.039,150,-488,0,0,0,42,0,1
paced,585,0,682,220,0,150,232,29.200902,2.638,150,232,0,0,0,42,0,1
paced,586,0,158,220,0,150,335,29.250838,4.070,150,335,0,2,0,42,0,1
paced,587,0,274,220,0,150,-1211,29.300791,2.463,150,-1211,0,1,0,42,0,1
paced,588,0,474,220,0,150,1156,29.350233,1.858,150,1156,0,0,0,42,0,1
paced,589,0,483,220,0,150,1394,29.400903,1.646,150,1394,0,0,0,42,0,1
paced,590,0,485,220,0,150,527,29.450294,1.874,150,527,0,0,0,42,0,1
paced,591,0,220,220,0,150,30,29.500260,2.433,150,30,0,1,0,42,0,1
paced,592,0,436,220,0,150,144,29.550736,2.560,150,144,0,0,0,42,0,1
paced,593,0,615,220,0,150,-329,29.600441,2.276,150,-329,0,0,0,42,0,1
paced,594,0,539,220,0,150,1520,29.650672,1.887,150,1520,0,0,0,42,0,1
paced,595,0,230,220,0,150,551,29.700338,3.050,150,551,0,1,0,42,0,1
paced,596,0,207,220,0,150,-1269,29.750757,2.886,150,-1269,0,1,0,42,0,1
paced,597,0,199,220,0,150,325,29.800772,2.133,150,325,0,2,0,42,0,1
paced,598,0,653,220,0,150,537,29.850738,2.048,150,537,0,0,0,42,0,1
paced,599,0,407,220,0,150,1391,29.900708,2.283,150,1391,0,0,0,42,0,1
paced,600,0,401,220,0,150,1059,29.950213,2.250,150,1059,0,0,0,42,0,1
paced,601,0,737,220,0,150,1238,30.000309,2.701,150,1238,0,0,0,42,0,1
paced,602,0,496,220,0,150,-339,30.051455,2.329,150,-339,0,0,0,42,0,1
paced,603,0,529,220,0,150,-172,30.100745,2.507,150,-172,0,0,0,42,0,1
paced,604,0,464,220,0,150,82,30.150226,2.345,150,82,0,0,0,42,0,1
paced,605,0,762,220,0,150,-426,30.200965,2.551,150,-426,0,0,0,42,0,1
paced,606,0,694,220,0,150,258,30.250669,2.015,150,258,0,0,0,42,0,1
paced,607,0,321,220,0,150,-1701,30.300763,2.410,150,-1701,0,1,0,42,0,1
paced,608,0,301,220,0,150,-796,30.350819,2.054,150,-796,0,1,0,42,0,1
paced,609,0,376,220,0,150,485,30.400582,2.685,150,485,0,1,0,42,0,1
paced,610,0,286,220,0,150,-1359,30.450271,2.549,150,-1359,0,1,0,42,0,1
paced,611,0,339,220,0,150,1318,30.500587,1.739,150,1318,0,1,0,42,0,1
paced,612,0,570,220,0,150,1161,30.550313,2.455,150,1161,0,0,0,42,0,1
paced,613,0,784,220,0,150,-1615,30.600697,2.606,150,-1615,0,0,0,42,0,1
paced,614,0,251,220,0,150,415,30.650265,3.418,150,415,0,1,0,42,0,1
paced,615,0,422,220,0,150,1107,30.700427,2.495,150,1107,0,0,0,42,0,1
paced,616,0,259,220,0,150,-984,30.750591,1.947,150,-984,0,1,0,42,0,1
paced,617,0,417,220,0,150,-1547,30.800340,2.448,150,-1547,0,0,0,42,0,1
paced,618,0,797,220,0,150,519,30.850224,2.036,150,519,0,0,0,42,0,1
paced,619,0,689,220,0,150,805,30.900593,2.059,150,805,0,0,0,42,0,1
paced,620,0,230,220,0,150,1682,30.950579,2.577,150,1682,0,1,0,42,0,1
paced,621,0,224,220,0,150,1433,31.000591,1.887,150,1433,0,1,0,42,0,1
paced,622,0,372,220,0,150,814,31.050228,2.745,150,814,0,1,0,42,0,1
paced,623,0,327,220,0,150,275,31.100604,2.069,150,275,0,1,0,42,0,1
paced,624,0,592,220,0,150,-1731,31.150586,2.580,150,-1731,0,0,0,42,0,1
paced,625,0,754,220,0,150,-313,31.200597,2.542,150,-313,0,0,0,42,0,1
paced,626,0,648,220,0,150,1089,31.250559,2.136,150,1089,0,0,0,42,0,1
paced,627,0,440,220,0,150,-920,31.300611,2.468,150,-920,0,0,0,42,0,1
paced,628,0,355,220,0,150,629,31.350563,2.081,150,629,0,1,0,42,0,1
paced,629,0,655,220,0,150,1725,31.400316,2.652,150,1725,0,0,0,42,0,1
paced,630,0,390,220,0,150,-78,31.450209,2.229,150,-78,0,1,0,42,0,1
paced,631,0,613,220,0,150,947,31.500208,2.440,150,947,0,0,0,42,0,1
paced,632,0,525,220,0,150,410,31.550542,2.401,150,410,0,0,0,42,0,1
paced,633,0,343,220,0,150,1449,31.600282,2.153,150,1449,0,1,0,42,0,1
paced,634,0,643,220,0,150,1152,31.650362,2.370,150,1152,0,0,0,42,0,1
paced,635,0,224,220,0,150,1514,31.700332,2.027,150,1514,0,1,0,42,0,1
paced,636,0,412,220,0,150,-152,31.750482,1.952,150,-152,0,0,0,42,0,1
paced,637,0,356,220,0,150,-1787,31.800574,2.149,150,-1787,0,1,0,42,0,1
paced,638,0,694,220,0,150,1335,31.850559,2.437,150,1335,0,0,0,42,0,1
paced,639,0,539,220,0,150,286,31.900494,1.888,150,286,0,0,0,42,0,1
paced,640,0,648,220,0,150,-1508,31.950515,2.308,150,-1508,0,0,0,42,0,1
paced,641,0,563,220,0,150,702,32.000332,2.649,150,702,0,0,0,42,0,1
paced,642,0,672,220,0,150,1441,32.050508,1.998,150,1441,0,0,0,42,0,1
paced,643,0,742,220,0,150,574,32.100524,2.192,150,574,0,0,0,42,0,1
paced,644,0,585,220,0,150,-1656,32.150465,2.419,150,-1656,0,0,0,42,0,1
paced,645,0,510,220,0,150,1666,32.200486,1.847,150,1666,0,0,0,42,0,1
paced,646,0,619,220,0,150,-1794,32.250481,2.158,150,-1794,0,0,0,42,0,1
paced,647,0,344,220,0,150,-594,32.300509,2.557,150,-594,0,1,0,42,0,1
paced,648,0,155,220,0,150,395,32.350484,1.802,150,395,0,2,0,42,0,1
paced,649,0,272,220,0,150,1546,32.400474,2.220,150,1546,0,1,0,42,0,1
paced,650,0,459,220,0,150,279,32.450512,3.510,150,279,0,0,0,42,0,1
paced,651,0,473,220,0,150,1360,32.500386,3.112,150,1360,0,0,0,42,0,1
paced,652,0,706,220,0,150,822,32.550184,2.195,150,822,0,0,0,42,0,1
paced,653,0,735,220,0,150,438,32.600265,2.389,150,438,0,0,0,42,0,1
paced,654,0,439,220,0,150,332,32.650433,2.904,150,332,0,0,0,42,0,1
paced,655,0,571,220,0,150,400,32.700385,1.816,150,400,0,0,0,42,0,1
paced,656,0,680,220,0,150,-148,32.750464,2.017,150,-148,0,0,0,42,0,1
paced,657,0,767,220,0,150,760,32.800451,2.368,150,760,0,0,0,42,0,1
paced,658,0,745,220,0,150,-560,32.850193,2.621,150,-560,0,0,0,42,0,1
paced,659,0,613,220,0,150,-584,32.900567,2.458,150,-584,0,0,0,42,0,1
paced,660,0,284,220,0,150,253,32.950457,2.056,150,253,0,1,0,42,0,1
paced,661,0,604,220,0,150,581,33.000414,1.996,150,581,0,0,0,42,0,1
paced,662,0,293,220,0,150,432,33.050236,2.393,150,432,0,1,0,42,0,1
paced,663,0,316,220,0,150,-785,33.100402,2.501,150,-785,0,1,0,42,0,1
paced,664,0,159,220,0,150,-83,33.150234,2.002,150,-83,0,2,0,42,0,1
paced,665,0,729,220,0,150,-1672,33.200218,2.268,150,-1672,0,0,0,42,0,1
paced,666,0,527,220,0,150,-97,33.250403,2.475,150,-97,0,0,0,42,0,1
paced,667,0,561,220,0,150,-667,33.300436,2.379,150,-667,0,0,0,42,0,1
paced,668,0,168,220,0,150,-1450,33.350289,1.967,150,-1450,0,2,0,42,0,1
paced,669,0,242,220,0,150,1646,33.400404,2.301,150,1646,0,1,0,42,0,1
paced,670,0,154,220,0,150,-250,33.450393,2.288,150,-250,0,2,0,42,0,1
paced,671,0,425,220,0,150,82,33.500372,2.278,150,82,0,0,0,42,0,1
paced,672,0,428,220,0,150,1440,33.550321,1.545,150,1440,0,0,0,42,0,1
paced,673,0,531,220,0,150,784,33.600347,1.678,150,784,0,0,0,42,0,1
paced,674,0,642,220,0,150,1328,33.650400,2.770,150,1328,0,0,0,42,0,1
paced,675,0,494,220,0,150,-229,33.700336,2.139,150,-229,0,0,0,42,0,1
paced,676,0,617,220,0,150,1471,33.750243,2.493,150,1471,0,0,0,42,0,1
paced,677,0,269,220,0,150,161,33.800376,2.325,150,161,0,1,0,42,0,1
paced,678,0,513,220,0,150,-1228,33.850327,5.497,150,-1228,0,0,0,42,0,1
paced,679,0,575,220,0,150,-1213,33.900383,3.114,150,-1213,0,0,0,42,0,1
paced,680,0,168,220,0,150,-1116,33.950361,2.976,150,-1116,0,2,0,42,0,1
paced,681,0,416,220,0,150,-314,34.000227,2.152,150,-314,0,0,0,42,0,1
paced,682,0,280,220,0,150,594,34.050365,2.396,150,594,0,1,0,42,0,1
paced,683,0,444,220,0,150,-129,34.100196,2.549,150,-129,0,0,0,42,0,1
paced,684,0,414,220,0,150,284,34.150333,2.423,150,284,0,0,0,42,0,1
paced,685,0,444,220,0,150,1209,34.200722,3.147,150,1209,0,0,0,42,0,1
paced,686,0,580,220,0,150,1011,34.250212,2.418,150,1011,0,0,0,42,0,1
paced,687,0,430,220,0,150,-45,34.300458,2.367,150,-45,0,0,0,42,0,1
paced,688,0,493,220,0,150,1362,34.350619,1.854,150,1362,0,0,0,42,0,1
paced,689,0,647,220,0,150,-938,34.400522,2.078,150,-938,0,0,0,42,0,1
paced,690,0,653,220,0,150,-174,34.450378,2.411,150,-174,0,0,0,42,0,1
paced,691,0,585,220,0,150,-1446,34.500233,1.710,150,-1446,0,0,0,42,0,1
paced,692,0,215,220,0,150,-1290,34.550319,2.567,150,-1290,0,1,0,42,0,1
paced,693,0,361,220,0,150,-1208,34.600424,2.552,150,-1208,0,1,0,42,0,1
paced,694,0,384,220,0,150,1170,34.650332,2.939,150,1170,0,1,0,42,0,1
paced,695,0,176,220,0,150,-1398,34.700363,3.050,150,-1398,0,2,0,42,0,1
paced,696,0,409,220,0,150,-1183,34.750538,3.203,150,-1183,0,0,0,42,0,1
paced,697,0,641,220,0,150,1353,34.800314,2.419,150,1353,0,0,0,42,0,1
paced,698,0,251,220,0,150,-186,34.850292,2.673,150,-186,0,1,0,42,0,1
paced,699,0,341,220,0,150,1597,34.900296,2.571,150,1597,0,1,0,42,0,1
paced,700,0,153,220,0,150,-1455,34.950290,2.588,150,-1455,0,2,0,42,0,1
paced,701,0,587,220,0,150,686,35.000332,2.844,150,686,0,0,0,42,0,1
paced,702,0,202,220,0,150,431,35.050268,1.815,150,431,0,1,0,42,0,1
paced,703,0,373,220,0,150,369,35.100172,1.967,150,369,0,1,0,42,0,1
paced,704,0,582,220,0,150,-400,35.150272,2.255,150,-400,0,0,0,42,0,1
paced,705,0,198,220,0,150,848,35.200299,1.898,150,848,0,2,0,42,0,1
paced,706,0,255,220,0,150,1188,35.250248,2.067,150,1188,0,1,0,42,0,1
paced,707,0,716,220,0,150,961,35.300313,2.283,150,961,0,0,0,42,0,1
paced,708,0,579,220,0,150,1599,35.350255,2.347,150,1599,0,0,0,42,0,1
paced,709,0,271,220,0,150,-734,35.400255,2.346,150,-734,0,1,0,42,0,1
paced,710,0,435,220,0,150,-1087,35.450208,2.427,150,-1087,0,0,0,42,0,1
paced,711,0,641,220,0,150,1477,35.500170,1.597,150,1477,0,0,0,42,0,1
paced,712,0,198,220,0,150,1401,35.550205,1.612,150,1401,0,2,0,42,0,1
paced,713,0,369,220,0,150,952,35.600219,1.753,150,952,0,1,0,42,0,1
paced,714,0,239,220,0,150,1728,35.650206,1.632,150,1728,0,1,0,42,0,1
paced,715,0,549,220,0,150,-1313,35.700239,1.757,150,-1313,0,0,0,42,0,1
paced,716,0,608,220,0,150,-615,35.750235,1.748,150,-615,0,0,0,42,0,1
paced,717,0,670,220,0,150,219,35.800228,1.894,150,219,0,0,0,42,0,1
paced,718,0,552,220,0,150,-1345,35.850226,1.957,150,-1345,0,0,0,42,0,1
paced,719,0,770,220,0,150,1677,35.900212,1.876,150,1677,0,0,0,42,0,1
paced,720,0,640,220,0,150,-1387,35.950223,1.980,150,-1387,0,0,0,42,0,1
paced,721,0,302,220,0,150,-238,36.000227,2.903,150,-238,0,1,0,42,0,1
paced,722,0,778,220,0,150,1056,36.050242,1.995,150,1056,0,0,0,42,0,1
paced,723,0,356,220,0,150,-1136,36.100211,2.041,150,-1136,0,1,0,42,0,1
paced,724,0,683,220,0,150,-765,36.150213,2.084,150,-765,0,0,0,42,0,1
paced,725,0,576,220,0,150,1224,36.200237,2.068,150,1224,0,0,0,42,0,1
paced,726,0,699,220,0,150,-638,36.250235,2.227,150,-638,0,0,0,42,0,1
paced,727,0,654,220,0,150,775,36.300204,2.168,150,775,0,0,0,42,0,1
paced,728,0,707,220,0,150,-941,36.350204,2.275,150,-941,0,0,0,42,0,1
paced,729,0,788,220,0,150,-440,36.400251,2.198,150,-440,0,0,0,42,0,1
paced,730,0,647,220,0,150,-1399,36.450166,2.151,150,-1399,0,0,0,42,0,1
paced,731,0,158,220,0,150,1283,36.500357,2.212,150,1283,0,2,0,42,0,1
paced,732,0,505,220,0,150,1805,36.550216,2.404,150,1805,0,0,0,42,0,1
paced,733,0,423,220,0,150,-1589,36.600251,2.244,150,-1589,0,0,0,42,0,1
paced,734,0,703,220,0,150,741,36.650241,2.321,150,741,0,0,0,42,0,1
paced,735,0,600,220,0,150,-592,36.700242,2.217,150,-592,0,0,0,42,0,1
paced,736,0,253,220,0,150,-884,36.750183,2.287,150,-884,0,1,0,42,0,1
paced,737,0,670,220,0,150,-696,36.800262,2.283,150,-696,0,0,0,42,0,1
paced,738,0,426,220,0,150,1072,36.850225,2.336,150,1072,0,0,0,42,0,1
paced,739,0,402,220,0,150,-134,36.900214,2.222,150,-134,0,0,0,42,0,1
paced,740,0,301,220,0,150,-1287,36.950197,2.216,150,-1287,0,1,0,42,0,1
paced,741,0,412,220,0,150,-1021,37.000184,2.334,150,-1021,0,0,0,42,0,1
paced,742,0,567,220,0,150,477,37.050195,2.096,150,477,0,0,0,42,0,1
paced,743,0,795,220,0,150,631,37.100230,2.164,150,631,0,0,0,42,0,1
paced,744,0,209,220,0,150,362,37.150266,2.121,150,362,0,1,0,42,0,1
paced,745,0,773,220,0,150,266,37.200212,2.313,150,266,0,0,0,42,0,1
paced,746,0,302,220,0,150,-126,37.250225,2.098,150,-126,0,1,0,42,0,1
paced,747,0,426,220,0,150,-674,37.300157,2.127,150,-674,0,0,0,42,0,1
paced,748,0,641,220,0,150,1028,37.350245,2.109,150,1028,0,0,0,42,0,1
paced,749,0,463,220,0,150,-727,37.400199,2.132,150,-727,0,0,0,42,0,1
paced,750,0,653,220,0,150,-942,37.450208,2.243,150,-942,0,0,0,42,0,1
paced,751,0,660,220,0,150,-314,37.500131,2.049,150,-314,0,0,0,42,0,1
paced,752,0,763,220,0,150,107,37.550167,2.077,150,107,0,0,0,42,0,1
paced,753,0,397,220,0,150,-434,37.600115,1.954,150,-434,0,1,0,42,0,1
paced,754,0,330,220,0,150,661,37.650173,1.824,150,661,0,1,0,42,0,1
paced,755,0,335,220,0,150,1207,37.700110,1.847,150,1207,0,1,0,42,0,1
paced,756,0,744,220,0,150,1023,37.750133,2.704,150,1023,0,0,0,42,0,1
paced,757,0,611,220,0,150,370,37.800135,1.809,150,370,0,0,0,42,0,1
paced,758,0,303,220,0,150,-1582,37.850185,2.729,150,-1582,0,1,0,42,0,1
paced,759,0,666,220,0,150,-485,37.900147,2.500,150,-485,0,0,0,42,0,1
paced,760,0,691,220,0,150,1006,37.950136,1.524,150,1006,0,0,0,42,0,1
paced,761,0,288,220,0,150,822,38.000146,2.373,150,822,0,1,0,42,0,1
paced,762,0,368,220,0,150,-529,38.050196,2.358,150,-529,0,1,0,42,0,1
paced,763,0,787,220,0,150,202,38.100202,2.608,150,202,0,0,0,42,0,1
paced,764,0,641,220,0,150,-469,38.150121,2.269,150,-469,0,0,0,42,0,1
paced,765,0,271,220,0,150,-1297,38.200143,2.381,150,-1297,0,1,0,42,0,1
paced,766,0,293,220,0,150,1040,38.250173,2.246,150,1040,0,1,0,42,0,1
paced,767,0,412,220,0,150,-899,38.300141,2.348,150,-899,0,0,0,42,0,1
paced,768,0,240,220,0,150,782,38.350162,2.218,150,782,0,1,0,42,0,1
paced,769,0,701,220,0,150,1575,38.400168,2.169,150,1575,0,0,0,42,0,1
paced,770,0,201,220,0,150,486,38.450126,2.121,150,486,0,1,0,42,0,1
paced,771,0,326,220,0,150,984,38.500118,2.034,150,984,0,1,0,42,0,1
paced,772,0,268,220,0,150,-894,38.550103,1.863,150,-894,0,1,0,42,0,1
paced,773,0,726,220,0,150,-1004,38.600172,1.720,150,-1004,0,0,0,42,0,1
paced,774,0,665,220,0,150,504,38.650130,1.641,150,504,0,0,0,42,0,1
paced,775,0,465,220,0,150,-91,38.700159,2.398,150,-91,0,0,0,42,0,1
paced,776,0,485,220,0,150,-1803,38.750143,2.566,150,-1803,0,0,0,42,0,1
paced,777,0,170,220,0,150,1545,38.800112,2.397,150,1545,0,2,0,42,0,1
paced,778,0,462,220,0,150,1547,38.850138,2.391,150,1547,0,0,0,42,0,1
paced,779,0,780,220,0,150,-918,38.900229,2.186,150,-918,0,0,0,42,0,1
paced,780,0,236,220,0,150,1223,38.950125,2.167,150,1223,0,1,0,42,0,1
paced,781,0,379,220,0,150,-673,39.000146,1.930,150,-673,0,1,0,42,0,1
paced,782,0,790,220,0,150,1707,39.050265,2.524,150,1707,0,0,0,42,0,1
paced,783,0,499,220,0,150,-718,39.100219,1.772,150,-718,0,0,0,42,0,1
paced,784,0,765,220,0,150,1124,39.150185,1.646,150,1124,0,0,0,42,0,1
paced,785,0,680,220,0,150,-267,39.200306,2.667,150,-267,0,0,0,42,0,1
paced,786,0,173,220,0,150,-1322,39.250105,2.832,150,-1322,0,2,0,42,0,1
paced,787,0,487,220,0,150,-399,39.300100,2.354,150,-399,0,0,0,42,0,1
paced,788,0,292,220,0,150,-1356,39.350176,2.219,150,-1356,0,1,0,42,0,1
paced,789,0,406,220,0,150,1333,39.400462,3.504,150,1333,0,0,0,42,0,1
paced,790,0,296,220,0,150,970,39.450311,1.879,150,970,0,1,0,42,0,1
paced,791,0,737,220,0,150,-1652,39.500309,3.870,150,-1652,0,0,0,42,0,1
paced,792,0,505,220,0,150,-1504,39.550139,2.931,150,-1504,0,0,0,42,0,1
paced,793,0,244,220,0,150,1149,39.600194,2.511,150,1149,0,1,0,42,0,1
paced,794,0,255,220,0,150,-592,39.650341,2.334,150,-592,0,1,0,42,0,1
paced,795,0,474,220,0,150,-801,39.700578,2.125,150,-801,0,0,0,42,0,1
paced,796,0,425,220,0,150,349,39.750361,2.010,150,349,0,0,0,42,0,1
paced,797,0,200,220,0,150,-339,39.800161,2.088,150,-339,0,1,0,42,0,1
paced,798,0,181,220,0,150,-1500,39.850194,2.041,150,-1500,0,2,0,42,0,1
paced,799,0,292,220,0,150,-185,39.900126,1.914,150,-185,0,1,0,42,0,1
paced,800,0,530,220,0,150,1129,39.950170,1.728,150,1129,0,0,0,42,0,1
paced,801,0,397,220,0,150,-1436,40.000148,2.654,150,-1436,0,1,0,42,0,1
paced,802,0,486,220,0,150,-700,40.050125,2.582,150,-700,0,0,0,42,0,1
paced,803,0,158,220,0,150,290,40.100149,2.580,150,290,0,2,0,42,0,1
paced,804,0,479,220,0,150,-1361,40.150242,2.550,150,-1361,0,0,0,42,0,1
paced,805,0,510,220,0,150,1471,40.200173,2.966,150,1471,0,0,0,42,0,1
paced,806,0,278,220,0,150,662,40.250182,3.346,150,662,0,1,0,42,0,1
paced,807,0,427,220,0,150,-161,40.300231,1.870,150,-161,0,0,0,42,0,1
paced,808,0,243,220,0,150,961,40.350128,1.746,150,961,0,1,0,42,0,1
paced,809,0,740,220,0,150,722,40.400195,2.403,150,722,0,0,0,42,0,1
paced,810,0,690,220,0,150,127,40.450183,2.351,150,127,0,0,0,42,0,1
paced,811,0,727,220,0,150,-105,40.500189,2.420,150,-105,0,0,0,42,0,1
paced,812,0,698,220,0,150,-208,40.550206,2.433,150,-208,0,0,0,42,0,1
paced,813,0,458,220,0,150,-922,40.600195,1.871,150,-922,0,0,0,42,0,1
paced,814,0,797,220,0,150,-581,40.650145,1.739,150,-581,0,0,0,42,0,1
paced,815,0,712,220,0,150,-1275,40.700159,2.473,150,-1275,0,0,0,42,0,1
paced,816,0,205,220,0,150,637,40.750172,2.304,150,637,0,1,0,42,0,1
paced,817,0,670,220,0,150,-1370,40.800159,2.292,150,-1370,0,0,0,42,0,1
paced,818,0,329,220,0,150,-835,40.850206,2.241,150,-835,0,1,0,42,0,1
paced,819,0,370,220,0,150,-40,40.900171,2.005,150,-40,0,1,0,42,0,1
paced,820,0,431,220,0,150,416,40.950147,1.832,150,416,0,0,0,42,0,1
paced,821,0,170,220,0,150,-795,41.000231,2.522,150,-795,0,2,0,42,0,1
paced,822,0,701,220,0,150,-711,41.050145,2.338,150,-711,0,0,0,42,0,1
paced,823,0,692,220,0,150,-748,41.100282,3.704,150,-748,0,0,0,42,0,1
paced,824,0,634,220,0,150,-1304,41.150174,2.151,150,-1304,0,0,0,42,0,1
paced,825,0,562,220,0,150,1083,41.200176,3.600,150,1083,0,0,0,42,0,1
paced,826,0,256,220,0,150,1231,41.250189,1.891,150,1231,0,1,0,42,0,1
paced,827,0,532,220,0,150,-1538,41.300200,2.769,150,-1538,0,0,0,42,0,1
paced,828,0,707,220,0,150,-333,41.350264,3.411,150,-333,0,0,0,42,0,1
paced,829,0,707,220,0,150,455,41.400212,2.347,150,455,0,0,0,42,0,1
paced,830,0,669,220,0,150,984,41.450188,2.510,150,984,0,0,0,42,0,1
paced,831,0,744,220,0,150,-1696,41.500198,2.027,150,-1696,0,0,0,42,0,1
paced,832,0,783,220,0,150,-558,41.550156,1.961,150,-558,0,0,0,42,0,1
paced,833,0,606,220,0,150,975,41.600174,1.648,150,975,0,0,0,42,0,1
paced,834,0,285,220,0,150,-1182,41.650277,2.394,150,-1182,0,1,0,42,0,1
paced,835,0,226,220,0,150,552,41.700171,2.343,150,552,0,1,0,42,0,1
paced,836,0,295,220,0,150,951,41.750142,2.118,150,951,0,1,0,42,0,1
paced,837,0,371,220,0,150,162,41.800190,1.783,150,162,0,1,0,42,0,1
paced,838,0,493,220,0,150,-325,41.850190,2.741,150,-325,0,0,0,42,0,1
paced,839,0,449,220,0,150,-1166,41.900153,2.317,150,-1166,0,0,0,42,0,1
paced,840,0,309,220,0,150,1657,41.950178,2.389,150,1657,0,1,0,42,0,1
paced,841,0,540,220,0,150,1592,42.000165,2.000,150,1592,0,0,0,42,0,1
paced,842,0,600,220,0,150,-159,42.050166,1.960,150,-159,0,0,0,42,0,1
paced,843,0,270,220,0,150,641,42.100147,2.674,150,641,0,1,0,42,0,1
paced,844,0,298,220,0,150,-716,42.150153,2.342,150,-716,0,1,0,42,0,1
paced,845,0,452,220,0,150,911,42.200175,2.303,150,911,0,0,0,42,0,1
paced,846,0,768,220,0,150,-1787,42.250184,2.150,150,-1787,0,0,0,42,0,1
paced,847,0,700,220,0,150,-1781,42.300158,2.013,150,-1781,0,0,0,42,0,1
paced,848,0,285,220,0,150,-266,42.350145,1.932,150,-266,0,1,0,42,0,1
paced,849,0,725,220,0,150,1795,42.400195,2.356,150,1795,0,0,0,42,0,1
paced,850,0,253,220,0,150,62,42.450139,2.438,150,62,0,1,0,42,0,1
paced,851,0,181,220,0,150,1371,42.500211,2.424,150,1371,0,2,0,42,0,1
paced,852,0,592,220,0,150,631,42.550166,1.877,150,631,0,0,0,42,0,1
paced,853,0,582,220,0,150,-690,42.600189,3.029,150,-690,0,0,0,42,0,1
paced,854,0,529,220,0,150,-148,42.650321,2.549,150,-148,0,0,0,42,0,1
paced,855,0,565,220,0,150,661,42.700206,2.433,150,661,0,0,0,42,0,1
paced,856,0,623,220,0,150,-1602,42.750166,2.247,150,-1602,0,0,0,42,0,1
paced,857,0,251,220,0,150,108,42.800198,1.926,150,108,0,1,0,42,0,1
paced,858,0,188,220,0,150,826,42.850173,2.480,150,826,0,2,0,42,0,1
paced,859,0,150,220,0,150,1506,42.900186,2.295,150,1506,0,2,0,42,0,1
paced,860,0,193,220,0,150,1586,42.950170,2.583,150,1586,0,2,0,42,0,1
paced,861,0,263,220,0,150,585,43.000174,1.921,150,585,0,1,0,42,0,1
paced,862,0,292,220,0,150,352,43.050134,2.706,150,352,0,1,0,42,0,1
paced,863,0,670,220,0,150,1306,43.100183,2.357,150,1306,0,0,0,42,0,1
paced,864,0,514,220,0,150,437,43.150159,2.243,150,437,0,0,0,42,0,1
paced,865,0,427,220,0,150,1386,43.200172,2.221,150,1386,0,0,0,42,0,1
paced,866,0,731,220,0,150,862,43.250213,1.840,150,862,0,0,0,42,0,1
paced,867,0,514,220,0,150,1465,43.300184,1.686,150,1465,0,0,0,42,0,1
paced,868,0,635,220,0,150,1537,43.350190,2.353,150,1537,0,0,0,42,0,1
paced,869,0,401,220,0,150,1490,43.400176,2.460,150,1490,0,0,0,42,0,1
paced,870,0,786,220,0,150,-838,43.450125,2.159,150,-838,0,0,0,42,0,1
paced,871,0,258,220,0,150,483,43.500172,1.969,150,483,0,1,0,42,0,1
paced,872,0,516,220,0,150,1751,43.550163,2.531,150,1751,0,0,0,42,0,1
paced,873,0,312,220,0,150,-1344,43.600228,2.386,150,-1344,0,1,0,42,0,1
paced,874,0,191,220,0,150,1063,43.650166,2.105,150,1063,0,2,0,42,0,1
paced,875,0,471,220,0,150,-90,43.700154,2.056,150,-90,0,0,0,42,0,1
paced,876,0,504,220,0,150,-782,43.750151,2.537,150,-782,0,0,0,42,0,1
paced,877,0,790,220,0,150,1342,43.800186,2.473,150,1342,0,0,0,42,0,1
paced,878,0,207,220,0,150,707,43.850152,2.291,150,707,0,1,0,42,0,1
paced,879,0,595,220,0,150,-121,43.900227,2.270,150,-121,0,0,0,42,0,1
paced,880,0,535,220,0,150,-351,43.950193,2.604,150,-351,0,0,0,42,0,1
paced,881,0,450,220,0,150,1268,44.000175,2.441,150,1268,0,0,0,42,0,1
paced,882,0,499,220,0,150,-14,44.050142,2.326,150,-14,0,0,0,42,0,1
paced,883,0,393,220,0,150,780,44.100168,2.121,150,780,0,1,0,42,0,1
paced,884,0,774,220,0,150,305,44.150164,1.858,150,305,0,0,0,42,0,1
paced,885,0,297,220,0,150,-1591,44.200192,2.536,150,-1591,0,1,0,42,0,1
paced,886,0,499,220,0,150,936,44.250167,2.508,150,936,0,0,0,42,0,1
paced,887,0,266,220,0,150,281,44.300177,2.216,150,281,0,1,0,42,0,1
paced,888,0,326,220,0,150,404,44.350149,2.543,150,404,0,1,0,42,0,1
paced,889,0,790,220,0,150,176,44.400188,2.577,150,176,0,0,0,42,0,1
paced,890,0,499,220,0,150,1282,44.450183,2.450,150,1282,0,0,0,42,0,1
paced,891,0,274,220,0,150,567,44.500262,2.409,150,567,0,1,0,42,0,1
paced,892,0,172,220,0,150,147,44.550221,1.959,150,147,0,2,0,42,0,1
paced,893,0,364,220,0,150,-251,44.600148,1.617,150,-251,0,1,0,42,0,1
paced,894,0,796,220,0,150,1595,44.650222,2.798,150,1595,0,0,0,42,0,1
paced,895,0,328,220,0,150,-193,44.700289,3.166,150,-193,0,1,0,42,0,1
paced,896,0,383,220,0,150,-1412,44.750298,3.167,150,-1412,0,1,0,42,0,1
paced,897,0,404,220,0,150,-446,44.800210,2.447,150,-446,0,0,0,42,0,1
paced,898,0,486,220,0,150,869,44.850186,3.238,150,869,0,0,0,42,0,1
paced,899,0,401,220,0,150,1393,44.900201,2.156,150,1393,0,0,0,42,0,1
paced,900,0,622,220,0,150,1223,44.950185,2.186,150,1223,0,0,0,42,0,1
paced,901,0,632,220,0,150,-307,45.000153,1.625,150,-307,0,0,0,42,0,1
paced,902,0,654,220,0,150,848,45.050151,2.319,150,848,0,0,0,42,0,1
paced,903,0,348,220,0,150,-51,45.100170,2.102,150,-51,0,1,0,42,0,1
paced,904,0,601,220,0,150,-187,45.150199,2.063,150,-187,0,0,0,42,0,1
paced,905,0,705,220,0,150,-1327,45.200184,2.501,150,-1327,0,0,0,42,0,1
paced,906,0,735,220,0,150,179,45.250201,2.618,150,179,0,0,0,42,0,1
paced,907,0,422,220,0,150,1619,45.300303,3.169,150,1619,0,0,0,42,0,1
paced,908,0,278,220,0,150,-1207,45.350253,3.471,150,-1207,0,1,0,42,0,1
paced,909,0,162,220,0,150,-280,45.400162,2.551,150,-280,0,2,0,42,0,1
paced,910,0,574,220,0,150,-1374,45.450228,2.247,150,-1374,0,0,0,42,0,1
paced,911,0,176,220,0,150,852,45.500159,2.130,150,852,0,2,0,42,0,1
paced,912,0,226,220,0,150,-1071,45.550173,2.014,150,-1071,0,1,0,42,0,1
paced,913,0,619,220,0,150,1317,45.600176,2.494,150,1317,0,0,0,42,0,1
paced,914,0,536,220,0,150,912,45.650191,2.303,150,912,0,0,0,42,0,1
paced,915,0,664,220,0,150,1448,45.700170,2.254,150,1448,0,0,0,42,0,1
paced,916,0,445,220,0,150,-1184,45.750166,1.829,150,-1184,0,0,0,42,0,1
paced,917,0,307,220,0,150,328,45.800168,2.585,150,328,0,1,0,42,0,1
paced,918,0,258,220,0,150,-778,45.850186,2.534,150,-778,0,1,0,42,0,1
paced,919,0,169,220,0,150,82,45.900186,2.184,150,82,0,2,0,42,0,1
paced,920,0,556,220,0,150,1501,45.950160,1.999,150,1501,0,0,0,42,0,1
paced,921,0,799,220,0,150,1066,46.000225,2.947,150,1066,0,0,0,42,0,1
paced,922,0,383,220,0,150,382,46.050235,2.493,150,382,0,1,0,42,0,1
paced,923,0,550,220,0,150,-1799,46.100460,3.111,150,-1799,0,0,0,42,0,1
paced,924,0,707,220,0,150,1472,46.150253,3.127,150,1472,0,0,0,42,0,1
paced,925,0,405,220,0,150,-88,46.200177,2.778,150,-88,0,0,0,42,0,1
paced,926,0,312,220,0,150,892,46.250252,2.401,150,892,0,1,0,42,0,1
paced,927,0,333,220,0,150,-418,46.300446,3.414,150,-418,0,1,0,42,0,1
paced,928,0,394,220,0,150,-1509,46.350268,3.097,150,-1509,0,1,0,42,0,1
paced,929,0,699,220,0,150,464,46.400292,3.265,150,464,0,0,0,42,0,1
paced,930,0,314,220,0,150,-1101,46.450243,3.203,150,-1101,0,1,0,42,0,1
paced,931,0,534,220,0,150,577,46.500266,3.471,150,577,0,0,0,42,0,1
paced,932,0,172,220,0,150,281,46.550204,2.269,150,281,0,2,0,42,0,1
paced,933,0,372,220,0,150,-70,46.600166,2.272,150,-70,0,1,0,42,0,1
paced,934,0,391,220,0,150,1433,46.650154,2.934,150,1433,0,1,0,42,0,1
paced,935,0,191,220,0,150,292,46.700196,1.750,150,292,0,2,0,42,0,1
paced,936,0,344,220,0,150,1048,46.750197,2.385,150,1048,0,1,0,42,0,1
paced,937,0,666,220,0,150,1008,46.800199,2.407,150,1008,0,0,0,42,0,1
paced,938,0,776,220,0,150,856,46.850143,1.902,150,856,0,0,0,42,0,1
paced,939,0,699,220,0,150,-1504,46.900180,2.480,150,-1504,0,0,0,42,0,1
paced,940,0,403,220,0,150,-190,46.950184,2.404,150,-190,0,0,0,42,0,1
paced,941,0,626,220,0,150,-1333,47.000182,1.942,150,-1333,0,0,0,42,0,1
paced,942,0,730,220,0,150,817,47.050172,2.708,150,817,0,0,0,42,0,1
paced,943,0,199,220,0,150,-235,47.100164,2.402,150,-235,0,2,0,42,0,1
paced,944,0,241,220,0,150,473,47.150157,2.200,150,473,0,1,0,42,0,1
paced,945,0,246,220,0,150,807,47.200182,1.898,150,807,0,1,0,42,0,1
paced,946,0,640,220,0,150,-1636,47.250187,2.446,150,-1636,0,0,0,42,0,1
paced,947,0,680,220,0,150,-841,47.300193,2.190,150,-841,0,0,0,42,0,1
paced,948,0,162,220,0,150,-1735,47.350173,2.096,150,-1735,0,2,0,42,0,1
paced,949,0,469,220,0,150,90,47.400184,1.681,150,90,0,0,0,42,0,1
paced,950,0,434,220,0,150,1141,47.450146,2.383,150,1141,0,0,0,42,0,1
paced,951,0,575,220,0,150,-1138,47.500134,2.314,150,-1138,0,0,0,42,0,1
paced,952,0,759,220,0,150,-1275,47.550168,2.306,150,-1275,0,0,0,42,0,1
paced,953,0,725,220,0,150,1078,47.600185,3.005,150,1078,0,0,0,42,0,1
paced,954,0,475,220,0,150,1336,47.650173,2.541,150,1336,0,0,0,42,0,1
paced,955,0,697,220,0,150,787,47.700149,2.158,150,787,0,0,0,42,0,1
paced,956,0,609,220,0,150,234,47.750189,1.728,150,234,0,0,0,42,0,1
paced,957,0,577,220,0,150,448,47.800181,2.470,150,448,0,0,0,42,0,1
paced,958,0,321,220,0,150,1042,47.850187,2.613,150,1042,0,1,0,42,0,1
paced,959,0,554,220,0,150,1041,47.900198,2.234,150,1041,0,0,0,42,0,1
paced,960,0,548,220,0,150,1491,47.950186,2.556,150,1491,0,0,0,42,0,1
paced,961,0,355,220,0,150,209,48.000183,2.601,150,209,0,1,0,42,0,1
paced,962,0,435,220,0,150,-346,48.050146,2.048,150,-346,0,0,0,42,0,1
paced,963,0,305,220,0,150,-758,48.100171,1.651,150,-758,0,1,0,42,0,1
paced,964,0,730,220,0,150,-676,48.150138,2.331,150,-676,0,0,0,42,0,1
paced,965,0,329,220,0,150,1377,48.200166,2.230,150,1377,0,1,0,42,0,1
paced,966,0,786,220,0,150,-1478,48.250190,2.680,150,-1478,0,0,0,42,0,1
paced,967,0,519,220,0,150,-444,48.300149,2.339,150,-444,0,0,0,42,0,1
paced,968,0,296,220,0,150,-762,48.350284,3.633,150,-762,0,1,0,42,0,1
paced,969,0,411,220,0,150,-787,48.400264,3.908,150,-787,0,0,0,42,0,1
paced,970,0,507,220,0,150,-247,48.450165,2.955,150,-247,0,0,0,42,0,1
paced,971,0,435,220,0,150,496,48.500184,2.739,150,496,0,0,0,42,0,1
paced,972,0,628,220,0,150,-1765,48.550190,1.988,150,-1765,0,0,0,42,0,1
paced,973,0,302,220,0,150,-1287,48.600203,1.728,150,-1287,0,1,0,42,0,1
paced,974,0,408,220,0,150,-895,48.650269,2.253,150,-895,0,0,0,42,0,1
paced,975,0,351,220,0,150,-1532,48.700194,2.185,150,-1532,0,1,0,42,0,1
paced,976,0,743,220,0,150,381,48.750186,1.736,150,381,0,0,0,42,0,1
paced,977,0,783,220,0,150,-1008,48.800184,2.347,150,-1008,0,0,0,42,0,1
paced,978,0,706,220,0,150,-62,48.850130,2.446,150,-62,0,0,0,42,0,1
paced,979,0,395,220,0,150,545,48.900180,1.944,150,545,0,1,0,42,0,1
paced,980,0,292,220,0,150,448,48.950153,2.580,150,448,0,1,0,42,0,1
paced,981,0,621,220,0,150,-218,49.000186,2.386,150,-218,0,0,0,42,0,1
paced,982,0,350,220,0,150,-1482,49.050226,3.230,150,-1482,0,1,0,42,0,1
paced,983,0,790,220,0,150,-1504,49.100214,2.977,150,-1504,0,0,0,42,0,1
paced,984,0,306,220,0,150,1400,49.150262,2.856,150,1400,0,1,0,42,0,1
paced,985,0,208,220,0,150,-1697,49.200162,2.002,150,-1697,0,1,0,42,0,1
paced,986,0,565,220,0,150,-253,49.250275,3.379,150,-253,0,0,0,42,0,1
paced,987,0,577,220,0,150,975,49.300274,2.561,150,975,0,0,0,42,0,1
paced,988,0,290,220,0,150,600,49.350244,3.610,150,600,0,1,0,42,0,1
paced,989,0,761,220,0,150,-1291,49.400196,2.023,150,-1291,0,0,0,42,0,1
paced,990,0,701,220,0,150,417,49.450157,2.447,150,417,0,0,0,42,0,1
paced,991,0,225,220,0,150,-832,49.500148,2.277,150,-832,0,1,0,42,0,1
paced,992,0,540,220,0,150,-1249,49.550175,1.859,150,-1249,0,0,0,42,0,1
paced,993,0,442,220,0,150,-991,49.600141,2.521,150,-991,0,0,0,42,0,1
paced,994,0,556,220,0,150,-359,49.650154,2.458,150,-359,0,0,0,42,0,1
paced,995,0,332,220,0,150,-898,49.700175,1.897,150,-898,0,1,0,42,0,1
paced,996,0,454,220,0,150,1085,49.750149,2.503,150,1085,0,0,0,42,0,1
paced,997,0,297,220,0,150,-396,49.800169,2.300,150,-396,0,1,0,42,0,1
paced,998,0,653,220,0,150,372,49.850243,3.418,150,372,0,0,0,42,0,1
paced,999,0,448,220,0,150,-1458,49.900159,1.719,150,-1458,0,0,0,42,0,1
paced,1000,0,676,220,0,150,1568,49.950201,2.501,150,1568,0,0,0,42,0,1
sweep,1001,1,0,220,-596,999,999,49.952924,1.734,0,-596,1,2,37,43,0,1
sweep,1002,1,1,220,-965,999,999,49.954711,1.869,0,-965,1,2,0,43,0,1
sweep,1003,1,2,220,1069,999,999,49.956649,1.841,0,1069,1,2,0,43,0,1
sweep,1004,1,3,220,78,999,999,49.958517,2.015,0,78,1,2,0,43,0,1
sweep,1005,1,4,220,-1731,999,999,49.960575,2.694,0,-1731,1,2,0,43,0,1
sweep,1006,1,5,220,-631,999,999,49.963295,2.018,0,-631,1,2,0,43,0,1
sweep,1007,1,6,220,1459,999,999,49.965330,2.039,0,1459,1,2,0,43,0,1
sweep,1008,1,7,220,1498,999,999,49.967396,2.032,0,1498,1,2,0,43,0,1
sweep,1009,1,8,220,728,999,999,49.969461,1.800,0,728,1,2,0,43,0,1
sweep,1010,1,9,220,607,999,999,49.971281,1.987,0,607,1,2,0,43,0,1
sweep,1011,1,10,220,-1398,999,999,49.973286,2.067,0,-1398,1,2,0,43,0,1
sweep,1012,1,11,220,699,999,999,49.975373,2.029,0,699,1,2,0,43,0,1
sweep,1013,1,12,220,-294,999,999,49.977428,1.877,0,-294,1,2,0,43,0,1
sweep,1014,1,13,220,1271,999,999,49.979355,1.836,0,1271,1,2,0,43,0,1
sweep,1015,1,14,220,-4,999,999,49.981213,2.029,0,-4,1,2,0,43,0,1
sweep,1016,1,15,220,-776,999,999,49.983270,1.915,0,-776,1,2,0,43,0,1
sweep,1017,1,16,220,712,999,999,49.985256,1.884,0,712,1,2,0,43,0,1
sweep,1018,1,17,220,-1582,999,999,49.987158,2.081,0,-1582,1,2,0,43,0,1
sweep,1019,1,18,220,-1607,999,999,49.989279,2.054,0,-1607,1,2,0,43,0,1
sweep,1020,1,19,220,1573,999,999,49.991361,2.115,0,1573,1,2,0,43,0,1
sweep,1021,1,20,220,1380,999,999,49.993512,1.576,0,1380,1,2,0,43,0,1
sweep,1022,1,21,220,-528,999,999,49.995109,1.947,0,-528,1,2,0,43,0,1
sweep,1023,1,22,220,-1166,999,999,49.997074,1.973,0,-1166,1,2,0,43,0,1
sweep,1024,1,23,220,1507,999,999,49.999065,1.999,0,1507,1,2,0,43,0,1
sweep,1025,1,24,220,-1278,999,999,50.001090,2.032,0,-1278,1,2,0,43,0,1
sweep,1026,1,25,220,757,999,999,50.003143,1.891,0,757,1,2,0,43,0,1
sweep,1027,1,26,220,1546,999,999,50.005054,1.941,0,1546,1,2,0,43,0,1
sweep,1028,1,27,220,-1397,999,999,50.007015,1.957,0,-1397,1,2,0,43,0,1
sweep,1029,1,28,220,-1360,999,999,50.008988,1.932,0,-1360,1,2,0,43,0,1
sweep,1030,1,29,220,1677,999,999,50.010939,2.012,0,1677,1,2,0,43,0,1
sweep,1031,1,30,220,-38,999,999,50.012978,1.886,0,-38,1,2,0,43,0,1
sweep,1032,1,31,220,774,999,999,50.014882,2.033,0,774,1,2,0,43,0,1
sweep,1033,1,32,220,582,999,999,50.016936,2.024,0,582,1,2,0,43,0,1
sweep,1034,1,33,220,-813,999,999,50.018977,2.043,0,-813,1,2,0,43,0,1
sweep,1035,1,34,220,1230,999,999,50.021049,1.871,0,1230,1,2,0,43,0,1
sweep,1036,1,35,220,-969,999,999,50.022940,1.949,0,-969,1,2,0,43,0,1
sweep,1037,1,36,220,245,999,999,50.024910,1.958,0,245,1,2,0,43,0,1
sweep,1038,1,37,220,259,999,999,50.026886,1.887,0,259,1,2,0,43,0,1
sweep,1039,1,38,220,-195,999,999,50.028789,2.017,0,-195,1,2,0,43,0,1
sweep,1040,1,39,220,-1323,999,999,50.030836,1.989,0,-1323,1,2,0,43,0,1
sweep,1041,1,40,220,1079,999,999,50.032844,2.986,0,1079,1,2,0,43,0,1
sweep,1042,1,41,220,-951,999,999,50.035862,2.105,0,-951,1,2,0,43,0,1
sweep,1043,1,42,220,1535,999,999,50.037993,1.860,0,1535,1,2,0,43,0,1
sweep,1044,1,43,220,-248,999,999,50.039870,1.937,0,-248,1,2,0,43,0,1
sweep,1045,1,44,220,886,999,999,50.041828,1.921,0,886,1,2,0,43,0,1
sweep,1046,1,45,220,299,999,999,50.043765,2.048,0,299,1,2,0,43,0,1
sweep,1047,1,46,220,-1272,999,999,50.045837,1.905,0,-1272,1,2,0,43,0,1
sweep,1048,1,47,220,1513,999,999,50.047759,2.131,0,1513,1,2,0,43,0,1
sweep,1049,1,48,220,1113,999,999,50.049910,1.786,0,1113,1,2,0,43,0,1
sweep,1050,1,49,220,548,999,999,50.051718,2.021,0,548,1,2,0,43,0,1
sweep,1051,1,50,220,-778,999,999,50.053757,1.954,0,-778,1,2,0,43,0,1
sweep,1052,1,51,220,1149,999,999,50.055738,1.948,0,1149,1,2,0,43,0,1
sweep,1053,1,52,220,-1806,999,999,50.057708,1.982,0,-1806,1,2,0,43,0,1
sweep,1054,1,53,220,1119,999,999,50.059707,2.071,0,1119,1,2,0,43,0,1
sweep,1055,1,54,220,-1325,999,999,50.061809,1.817,0,-1325,1,2,0,43,0,1
sweep,1056,1,55,220,1492,999,999,50.063645,2.172,0,1492,1,2,0,43,0,1
sweep,1057,1,56,220,-995,999,999,50.065871,1.939,0,-995,1,2,0,43,0,1
sweep,1058,1,57,220,1306,999,999,50.067881,1.780,0,1306,1,2,0,43,0,1
sweep,1059,1,58,220,484,999,999,50.069685,1.855,0,484,1,2,0,43,0,1
sweep,1060,1,59,220,-272,999,999,50.071557,1.976,0,-272,1,2,0,43,0,1
sweep,1061,1,60,220,895,999,999,50.073559,1.957,0,895,1,2,0,43,0,1
sweep,1062,1,61,220,154,999,999,50.075535,1.985,0,154,1,2,0,43,0,1
sweep,1063,1,62,220,412,999,999,50.077538,2.056,0,412,1,2,0,43,0,1
sweep,1064,1,63,220,693,999,999,50.079621,1.899,0,693,1,2,0,43,0,1
sweep,1065,1,64,220,-876,999,999,50.081542,1.944,0,-876,1,2,0,43,0,1
sweep,1066,1,65,220,-724,999,999,50.083504,1.986,0,-724,1,2,0,43,0,1
sweep,1067,1,66,220,-1666,999,999,50.085507,2.100,0,-1666,1,2,0,43,0,1
sweep,1068,1,67,220,795,999,999,50.087634,1.880,0,795,1,2,0,43,0,1
sweep,1069,1,68,220,-1133,999,999,50.089534,1.950,0,-1133,1,2,0,43,0,1
sweep,1070,1,69,220,930,999,999,50.091502,1.956,0,930,1,2,0,43,0,1
sweep,1071,1,70,220,926,999,999,50.093478,1.920,0,926,1,2,0,43,0,1
sweep,1072,1,71,220,450,999,999,50.095426,2.086,0,450,1,2,0,43,0,1
sweep,1073,1,72,220,239,999,999,50.097531,1.913,0,239,1,2,0,43,0,1
sweep,1074,1,73,220,-866,999,999,50.099467,2.106,0,-866,1,2,0,43,0,1
sweep,1075,1,74,220,1683,999,999,50.101600,1.785,0,1683,1,2,0,43,0,1
sweep,1076,1,75,220,-139,999,999,50.103401,1.949,0,-139,1,2,0,43,0,1
sweep,1077,1,76,220,-699,999,999,50.105368,1.942,0,-699,1,2,0,43,0,1
sweep,1078,1,77,220,1329,999,999,50.107327,2.002,0,1329,1,2,0,43,0,1
sweep,1079,1,78,220,890,999,999,50.109347,2.066,0,890,1,2,0,43,0,1
sweep,1080,1,79,220,-95,999,999,50.111441,1.915,0,-95,1,2,0,43,0,1
sweep,1081,1,80,220,-188,999,999,50.113377,1.934,0,-188,1,2,0,43,0,1
sweep,1082,1,81,220,-706,999,999,50.115328,2.078,0,-706,1,2,0,43,0,1
sweep,1083,1,82,220,203,999,999,50.117425,2.022,0,203,1,2,0,43,0,1
sweep,1084,1,83,220,-1420,999,999,50.119470,1.963,0,-1420,1,2,0,43,0,1
sweep,1085,1,84,220,921,999,999,50.121452,1.822,0,921,1,2,0,43,0,1
sweep,1086,1,85,220,1583,999,999,50.123290,1.961,0,1583,1,2,0,43,0,1
sweep,1087,1,86,220,1595,999,999,50.125269,2.019,0,1595,1,2,0,43,0,1
sweep,1088,1,87,220,-1290,999,999,50.127322,2.093,0,-1290,1,2,0,43,0,1
sweep,1089,1,88,220,-1056,999,999,50.129453,1.731,0,-1056,1,2,0,43,0,1
sweep,1090,1,89,220,471,999,999,50.131199,1.972,0,471,1,2,0,43,0,1
sweep,1091,1,90,220,-1755,999,999,50.133197,2.159,0,-1755,1,2,0,43,0,1
sweep,1092,1,91,220,39,999,999,50.135380,1.779,0,39,1,2,0,43,0,1
sweep,1093,1,92,220,1267,999,999,50.137176,1.960,0,1267,1,2,0,43,0,1
sweep,1094,1,93,220,-1637,999,999,50.139153,2.011,0,-1637,1,2,0,43,0,1
sweep,1095,1,94,220,180,999,999,50.141181,2.273,0,180,1,2,0,43,0,1
sweep,1096,1,95,220,-943,999,999,50.143504,1.774,0,-943,1,2,0,43,0,1
sweep,1097,1,96,220,-207,999,999,50.145311,1.825,0,-207,1,2,0,43,0,1
sweep,1098,1,97,220,1550,999,999,50.147154,1.941,0,1550,1,2,0,43,0,1
sweep,1099,1,98,220,1170,999,999,50.149112,1.963,0,1170,1,2,0,43,0,1
sweep,1100,1,99,220,386,999,999,50.151092,1.970,0,386,1,2,0,43,0,1
sweep,1101,1,100,220,1548,999,999,50.153082,2.042,0,1548,1,2,0,43,0,1
sweep,1102,1,101,220,-443,999,999,50.155146,1.950,0,-443,1,2,0,43,0,1
sweep,1103,1,102,220,-823,999,999,50.157114,2.050,0,-823,1,2,0,43,0,1
sweep,1104,1,103,220,-1435,999,999,50.159204,2.059,0,-1435,1,2,0,43,0,1
sweep,1105,1,104,220,-1505,999,999,50.161291,1.713,0,-1505,1,2,0,43,0,1
sweep,1106,1,105,220,957,999,999,50.163027,1.962,0,957,1,2,0,43,0,1
sweep,1107,1,106,220,1236,999,999,50.165007,2.069,0,1236,1,2,0,43,0,1
sweep,1108,1,107,220,-1646,999,999,50.167091,2.178,0,-1646,1,2,0,43,0,1
sweep,1109,1,108,220,1646,999,999,50.169297,1.707,0,1646,1,2,0,43,0,1
sweep,1110,1,109,220,-89,999,999,50.171020,1.947,0,-89,1,2,0,43,0,1
sweep,1111,1,110,220,1595,999,999,50.172984,1.954,0,1595,1,2,0,43,0,1
sweep,1112,1,111,220,-11,999,999,50.174957,1.969,0,-11,1,2,0,43,0,1
sweep,1113,1,112,220,-1047,999,999,50.176943,2.074,0,-1047,1,2,0,43,0,1
sweep,1114,1,113,220,-1111,999,999,50.179041,1.951,0,-1111,1,2,0,43,0,1
sweep,1115,1,114,220,618,999,999,50.181011,2.863,0,618,1,2,0,43,0,1
sweep,1116,1,115,220,236,999,999,50.183891,1.974,0,236,1,2,0,43,0,1
sweep,1117,1,116,220,-1042,999,999,50.185886,1.952,0,-1042,1,2,0,43,0,1
sweep,1118,1,117,220,1650,999,999,50.187857,2.034,0,1650,1,2,0,43,0,1
sweep,1119,1,118,220,267,999,999,50.189911,2.022,0,267,1,2,0,43,0,1
sweep,1120,1,119,220,-244,999,999,50.191962,2.104,0,-244,1,2,0,43,0,1
sweep,1121,1,120,220,317,999,999,50.194096,1.751,0,317,1,2,0,43,0,1
sweep,1122,1,121,220,-344,999,999,50.195867,1.954,0,-344,1,2,0,43,0,1
sweep,1123,1,122,220,-1013,999,999,50.197837,1.966,0,-1013,1,2,0,43,0,1
sweep,1124,1,123,220,-867,999,999,50.199820,2.071,0,-867,1,2,0,43,0,1
sweep,1125,1,124,220,-347,999,999,50.201910,1.995,0,-347,1,2,0,43,0,1
sweep,1126,1,125,220,877,999,999,50.203928,1.888,0,877,1,2,0,43,0,1
sweep,1127,1,126,220,1774,999,999,50.205834,1.995,0,1774,1,2,0,43,0,1
sweep,1128,1,127,220,580,999,999,50.207847,1.912,0,580,1,2,0,43,0,1
sweep,1129,1,128,220,1281,999,999,50.209775,2.074,0,1281,1,2,0,43,0,1
sweep,1130,1,129,220,1362,999,999,50.211876,1.932,0,1362,1,2,0,43,0,1
sweep,1131,1,130,220,-1556,999,999,50.213828,1.911,0,-1556,1,2,0,43,0,1
sweep,1132,1,131,220,-424,999,999,50.215757,2.017,0,-424,1,2,0,43,0,1
sweep,1133,1,132,220,-1608,999,999,50.217794,1.889,0,-1608,1,2,0,43,0,1
sweep,1134,1,133,220,57,999,999,50.219706,1.974,0,57,1,2,0,43,0,1
sweep,1135,1,134,220,-1639,999,999,50.221707,2.012,0,-1639,1,2,0,43,0,1
sweep,1136,1,135,220,1596,999,999,50.223741,1.954,0,1596,1,2,0,43,0,1
sweep,1137,1,136,220,681,999,999,50.225731,1.837,0,681,1,2,0,43,0,1
sweep,1138,1,137,220,-1096,999,999,50.227585,2.053,0,-1096,1,2,0,43,0,1
sweep,1139,1,138,220,-1216,999,999,50.229655,1.944,0,-1216,1,2,0,43,0,1
sweep,1140,1,139,220,1677,999,999,50.231617,2.016,0,1677,1,2,0,43,0,1
sweep,1141,1,140,220,-651,999,999,50.233650,2.134,0,-651,1,2,0,43,0,1
sweep,1142,1,141,220,101,999,999,50.235809,1.751,0,101,1,2,0,43,0,1
sweep,1143,1,142,220,-1644,999,999,50.237577,2.011,0,-1644,1,2,0,43,0,1
sweep,1144,1,143,220,569,999,999,50.239605,1.960,0,569,1,2,0,43,0,1
sweep,1145,1,144,220,232,999,999,50.241580,1.860,0,232,1,2,0,43,0,1
sweep,1146,1,145,220,-1555,999,999,50.243452,2.153,0,-1555,1,2,0,43,0,1
sweep,1147,1,146,220,1727,999,999,50.245636,1.862,0,1727,1,2,0,43,0,1
sweep,1148,1,147,220,1602,999,999,50.247518,1.957,0,1602,1,2,0,43,0,1
sweep,1149,1,148,220,496,999,999,50.249492,2.088,0,496,1,2,0,43,0,1
sweep,1150,1,149,220,-197,999,999,50.251601,2.063,0,-197,1,2,0,43,0,1
sweep,1151,1,150,220,-1444,999,999,50.253698,2.760,0,-1444,1,2,0,43,0,1
sweep,1152,1,151,220,-182,999,999,50.256480,2.133,0,-182,1,2,0,43,0,1
sweep,1153,1,152,220,1443,999,999,50.258640,1.897,0,1443,1,2,0,43,0,1
sweep,1154,1,153,220,276,999,999,50.260570,1.892,0,276,1,2,0,43,0,1
sweep,1155,1,154,220,1629,999,999,50.262478,1.922,0,1629,1,2,0,43,0,1
sweep,1156,1,155,220,524,999,999,50.264417,2.016,0,524,1,2,0,43,0,1
sweep,1157,1,156,220,826,999,999,50.266450,2.079,0,826,1,2,0,43,0,1
sweep,1158,1,157,220,-586,999,999,50.268558,1.858,0,-586,1,2,0,43,0,1
sweep,1159,1,158,220,-205,999,999,50.270432,1.937,0,-205,1,2,0,43,0,1
sweep,1160,1,159,220,-723,999,999,50.272384,1.899,0,-723,1,2,0,43,0,1
sweep,1161,1,160,220,-378,999,999,50.274300,1.963,0,-378,1,2,0,43,0,1
sweep,1162,1,161,220,107,999,999,50.276280,1.978,0,107,1,2,0,43,0,1
sweep,1163,1,162,220,-1619,999,999,50.278277,1.971,0,-1619,1,2,0,43,0,1
sweep,1164,1,163,220,441,999,999,50.280268,1.964,0,441,1,2,0,43,0,1
sweep,1165,1,164,220,1750,999,999,50.282252,2.044,0,1750,1,2,0,43,0,1
sweep,1166,1,165,220,134,999,999,50.284325,1.885,0,134,1,2,0,43,0,1
sweep,1167,1,166,220,-1749,999,999,50.286232,2.018,0,-1749,1,2,0,43,0,1
sweep,1168,1,167,220,-72,999,999,50.288267,1.939,0,-72,1,2,0,43,0,1
sweep,1169,1,168,220,-573,999,999,50.290224,1.985,0,-573,1,2,0,43,0,1
sweep,1170,1,169,220,591,999,999,50.292224,2.016,0,591,1,2,0,43,0,1
sweep,1171,1,170,220,1247,999,999,50.294271,1.903,0,1247,1,2,0,43,0,1
sweep,1172,1,171,220,-521,999,999,50.296193,2.019,0,-521,1,2,0,43,0,1
sweep,1173,1,172,220,1437,999,999,50.298232,1.899,0,1437,1,2,0,43,0,1
sweep,1174,1,173,220,-1209,999,999,50.300184,2.049,0,-1209,1,2,0,43,0,1
sweep,1175,1,174,220,621,999,999,50.302262,1.915,0,621,1,2,0,43,0,1
sweep,1176,1,175,220,593,999,999,50.304197,1.928,0,593,1,2,0,43,0,1
sweep,1177,1,176,220,456,999,999,50.306141,1.935,0,456,1,2,0,43,0,1
sweep,1178,1,177,220,1665,999,999,50.308095,2.012,0,1665,1,2,0,43,0,1
sweep,1179,1,178,220,-683,999,999,50.310125,2.002,0,-683,1,2,0,43,0,1
sweep,1180,1,179,220,-1551,999,999,50.312152,2.028,0,-1551,1,2,0,43,0,1
sweep,1181,1,180,220,1723,999,999,50.314204,2.058,0,1723,1,2,0,43,0,1
sweep,1182,1,181,220,666,999,999,50.316292,1.792,0,666,1,2,0,43,0,1
sweep,1183,1,182,220,1404,999,999,50.318100,1.922,0,1404,1,2,0,43,0,1
sweep,1184,1,183,220,1419,999,999,50.320040,1.997,0,1419,1,2,0,43,0,1
sweep,1185,1,184,220,1357,999,999,50.322051,1.901,0,1357,1,2,0,43,0,1
sweep,1186,1,185,220,-342,999,999,50.323970,1.994,0,-342,1,2,0,43,0,1
sweep,1187,1,186,220,-120,999,999,50.325981,1.986,0,-120,1,2,0,43,0,1
sweep,1188,1,187,220,-219,999,999,50.327992,3.103,0,-219,1,2,0,43,0,1
sweep,1189,1,188,220,309,999,999,50.331117,1.907,0,309,1,2,0,43,0,1
sweep,1190,1,189,220,1419,999,999,50.333041,2.016,0,1419,1,2,0,43,0,1
sweep,1191,1,190,220,-1724,999,999,50.335088,1.835,0,-1724,1,2,0,43,0,1
sweep,1192,1,191,220,537,999,999,50.336941,1.959,0,537,1,2,0,43,0,1
sweep,1193,1,192,220,562,999,999,50.338920,1.947,0,562,1,2,0,43,0,1
sweep,1194,1,193,220,-1356,999,999,50.340884,2.405,0,-1356,1,2,0,43,0,1
sweep,1195,1,194,220,-1669,999,999,50.343347,1.529,0,-1669,1,2,0,43,0,1
sweep,1196,1,195,220,530,999,999,50.344897,1.939,0,530,1,2,0,43,0,1
sweep,1197,1,196,220,349,999,999,50.346854,1.999,0,349,1,2,0,43,0,1
sweep,1198,1,197,220,-1762,999,999,50.348879,1.930,0,-1762,1,2,0,43,0,1
sweep,1199,1,198,220,-1407,999,999,50.350830,1.953,0,-1407,1,2,0,43,0,1
sweep,1200,1,199,220,-460,999,999,50.352810,1.979,0,-460,1,2,0,43,0,1
sweep,1201,1,200,220,-441,999,999,50.354809,2.019,100,-441,1,1,0,43,0,1
sweep,1202,1,201,220,-312,999,999,50.356847,1.936,100,-312,1,1,0,43,0,1
sweep,1203,1,202,220,1253,999,999,50.358801,2.072,100,1253,1,1,0,43,0,1
sweep,1204,1,203,220,436,999,999,50.360905,1.830,100,436,1,1,0,43,0,1
sweep,1205,1,204,220,-1679,999,999,50.362753,1.993,100,-1679,1,1,0,43,0,1
sweep,1206,1,205,220,791,999,999,50.364764,1.937,100,791,1,1,0,43,0,1
sweep,1207,1,206,220,-304,999,999,50.366721,2.062,100,-304,1,1,0,43,0,1
sweep,1208,1,207,220,566,999,999,50.368810,1.865,100,566,1,1,0,43,0,1
sweep,1209,1,208,220,-1517,999,999,50.370695,2.032,100,-1517,1,1,0,43,0,1
sweep,1210,1,209,220,166,999,999,50.372745,1.958,100,166,1,1,0,43,0,1
sweep,1211,1,210,220,778,999,999,50.374723,2.014,100,778,1,1,0,43,0,1
sweep,1212,1,211,220,-1477,999,999,50.376767,1.849,100,-1477,1,1,0,43,0,1
sweep,1213,1,212,220,1649,999,999,50.379081,1.697,100,1649,1,1,0,43,0,1
sweep,1214,1,213,220,390,999,999,50.380800,2.086,100,390,1,1,0,43,0,1
sweep,1215,1,214,220,7,999,999,50.382916,1.700,100,7,1,1,0,43,0,1
sweep,1216,1,215,220,-450,999,999,50.384634,1.979,100,-450,1,1,0,43,0,1
sweep,1217,1,216,220,228,999,999,50.386632,1.961,100,228,1,1,0,43,0,1
sweep,1218,1,217,220,1499,999,999,50.388612,2.101,100,1499,1,1,0,43,0,1
sweep,1219,1,218,220,408,999,999,50.390734,1.813,100,408,1,1,0,43,0,1
sweep,1220,1,219,220,-1807,999,999,50.392565,2.036,100,-1807,1,1,0,43,0,1
sweep,1221,1,220,220,-1162,999,999,50.394627,1.908,100,-1162,1,1,0,43,0,1
sweep,1222,1,221,220,-489,999,999,50.396555,1.971,100,-489,1,1,0,43,0,1
sweep,1223,1,222,220,-342,999,999,50.398545,3.116,100,-342,1,1,0,43,0,1
sweep,1224,1,223,220,-944,999,999,50.401689,1.811,100,-944,1,1,0,43,0,1
sweep,1225,1,224,220,-1222,999,999,50.403520,2.028,100,-1222,1,1,0,43,0,1
sweep,1226,1,225,220,556,999,999,50.405570,1.960,100,556,1,1,0,43,0,1
sweep,1227,1,226,220,-1213,999,999,50.407566,1.988,100,-1213,1,1,0,43,0,1
sweep,1228,1,227,220,594,999,999,50.409580,1.900,100,594,1,1,0,43,0,1
sweep,1229,1,228,220,-1379,999,999,50.411504,1.979,100,-1379,1,1,0,43,0,1
sweep,1230,1,229,220,-166,999,999,50.413502,1.937,100,-166,1,1,0,43,0,1
sweep,1231,1,230,220,-521,999,999,50.415459,2.267,100,-521,1,1,0,43,0,1
sweep,1232,1,231,220,1730,999,999,50.417759,1.684,100,1730,1,1,0,43,0,1
sweep,1233,1,232,220,263,999,999,50.419462,1.967,100,263,1,1,0,43,0,1
sweep,1234,1,233,220,-97,999,999,50.421451,1.942,100,-97,1,1,0,43,0,1
sweep,1235,1,234,220,1544,999,999,50.423412,2.040,100,1544,1,1,0,43,0,1
sweep,1236,1,235,220,-346,999,999,50.425474,1.858,100,-346,1,1,0,43,0,1
sweep,1237,1,236,220,-422,999,999,50.427349,1.986,100,-422,1,1,0,43,0,1
sweep,1238,1,237,220,1669,999,999,50.429352,1.946,100,1669,1,1,0,43,0,1
sweep,1239,1,238,220,-756,999,999,50.431320,2.011,100,-756,1,1,0,43,0,1
sweep,1240,1,239,220,673,999,999,50.433351,2.008,100,673,1,1,0,43,0,1
sweep,1241,1,240,220,-311,999,999,50.435384,1.955,100,-311,1,1,0,43,0,1
sweep,1242,1,241,220,-1666,999,999,50.437361,2.037,100,-1666,1,1,0,43,0,1
sweep,1243,1,242,220,1092,999,999,50.439422,1.917,100,1092,1,1,0,43,0,1
sweep,1244,1,243,220,-1561,999,999,50.441372,1.904,100,-1561,1,1,0,43,0,1
sweep,1245,1,244,220,1323,999,999,50.443296,2.008,100,1323,1,1,0,43,0,1
sweep,1246,1,245,220,763,999,999,50.445320,2.048,100,763,1,1,0,43,0,1
sweep,1247,1,246,220,-810,999,999,50.447395,1.850,100,-810,1,1,0,43,0,1
sweep,1248,1,247,220,1538,999,999,50.449263,2.062,100,1538,1,1,0,43,0,1
sweep,1249,1,248,220,1417,999,999,50.451343,1.952,100,1417,1,1,0,43,0,1
sweep,1250,1,249,220,-733,999,999,50.453325,1.901,100,-733,1,1,0,43,0,1
sweep,1251,1,250,220,1270,999,999,50.455245,1.956,100,1270,1,1,0,43,0,1
sweep,1252,1,251,220,-194,999,999,50.457234,1.923,100,-194,1,1,0,43,0,1
sweep,1253,1,252,220,434,999,999,50.459176,1.900,100,434,1,1,0,43,0,1
sweep,1254,1,253,220,-658,999,999,50.461092,2.013,100,-658,1,1,0,43,0,1
sweep,1255,1,254,220,530,999,999,50.463124,1.983,100,530,1,1,0,43,0,1
sweep,1256,1,255,220,1398,999,999,50.465126,2.238,100,1398,1,1,0,43,0,1
sweep,1257,1,256,220,713,999,999,50.467429,1.791,100,713,1,1,0,43,0,1
sweep,1258,1,257,220,-1479,999,999,50.469261,2.833,100,-1479,1,1,0,43,0,1
sweep,1259,1,258,220,-1514,999,999,50.472114,2.007,100,-1514,1,1,0,43,0,1
sweep,1260,1,259,220,1082,999,999,50.474144,1.904,100,1082,1,1,0,43,0,1
sweep,1261,1,260,220,-1123,999,999,50.476066,1.998,100,-1123,1,1,0,43,0,1
sweep,1262,1,261,220,-726,999,999,50.478083,1.885,100,-726,1,1,0,43,0,1
sweep,1263,1,262,220,-126,999,999,50.479986,2.339,100,-126,1,1,0,43,0,1
sweep,1264,1,263,220,-1479,999,999,50.482347,1.804,100,-1479,1,1,0,43,0,1
sweep,1265,1,264,220,-1303,999,999,50.484182,1.891,100,-1303,1,1,0,43,0,1
sweep,1266,1,265,220,-664,999,999,50.486098,2.013,100,-664,1,1,0,43,0,1
sweep,1267,1,266,220,436,999,999,50.488131,1.856,100,436,1,1,0,43,0,1
sweep,1268,1,267,220,1154,999,999,50.490005,2.011,100,1154,1,1,0,43,0,1
sweep,1269,1,268,220,805,999,999,50.492045,1.894,100,805,1,1,0,43,0,1
sweep,1270,1,269,220,-744,999,999,50.493961,1.885,100,-744,1,1,0,43,0,1
sweep,1271,1,270,220,-859,999,999,50.495863,2.059,100,-859,1,1,0,43,0,1
sweep,1272,1,271,220,-958,999,999,50.497952,2.134,100,-958,1,1,0,43,0,1
sweep,1273,1,272,220,-1416,999,999,50.500118,2.083,100,-1416,1,1,0,43,0,1
sweep,1274,1,273,220,-685,999,999,50.502228,1.706,100,-685,1,1,0,43,0,1
sweep,1275,1,274,220,1136,999,999,50.503969,1.949,100,1136,1,1,0,43,0,1
sweep,1276,1,275,220,147,999,999,50.505934,1.873,100,147,1,1,0,43,0,1
sweep,1277,1,276,220,-1628,999,999,50.507828,2.022,100,-1628,1,1,0,43,0,1
sweep,1278,1,277,220,1201,999,999,50.509877,1.869,100,1201,1,1,0,43,0,1
sweep,1279,1,278,220,277,999,999,50.511767,2.019,100,277,1,1,0,43,0,1
sweep,1280,1,279,220,-586,999,999,50.513812,2.037,100,-586,1,1,0,43,0,1
sweep,1281,1,280,220,1405,999,999,50.515870,1.935,100,1405,1,1,0,43,0,1
sweep,1282,1,281,220,1757,999,999,50.517834,1.951,100,1757,1,1,0,43,0,1
sweep,1283,1,282,220,1501,999,999,50.519804,1.975,100,1501,1,1,0,43,0,1
sweep,1284,1,283,220,-985,999,999,50.521797,1.940,100,-985,1,1,0,43,0,1
sweep,1285,1,284,220,1546,999,999,50.523755,2.013,100,1546,1,1,0,43,0,1
sweep,1286,1,285,220,406,999,999,50.525787,1.968,100,406,1,1,0,43,0,1
sweep,1287,1,286,220,-1513,999,999,50.527815,1.907,100,-1513,1,1,0,43,0,1
sweep,1288,1,287,220,435,999,999,50.529742,2.045,100,435,1,1,0,43,0,1
sweep,1289,1,288,220,-528,999,999,50.531808,1.998,100,-528,1,1,0,43,0,1
sweep,1290,1,289,220,-429,999,999,50.533826,1.941,100,-429,1,1,0,43,0,1
sweep,1291,1,290,220,-608,999,999,50.535800,1.972,100,-608,1,1,0,43,0,1
sweep,1292,1,291,220,1700,999,999,50.537792,2.897,100,1700,1,1,0,43,0,1
sweep,1293,1,292,220,294,999,999,50.540708,2.013,101,294,1,1,0,43,0,1
sweep,1294,1,293,220,-1275,999,999,50.542750,1.909,102,-1275,1,1,0,43,0,1
sweep,1295,1,294,220,-1676,999,999,50.544677,1.906,103,-1676,1,1,0,43,0,1
sweep,1296,1,295,220,-9,999,999,50.546602,1.957,104,-9,1,1,0,43,0,1
sweep,1297,1,296,220,1514,999,999,50.548579,2.023,105,1514,1,1,0,43,0,1
sweep,1298,1,297,220,-330,999,999,50.550625,2.002,106,-330,1,1,0,43,0,1
sweep,1299,1,298,220,1452,999,999,50.552644,1.939,107,1452,1,1,0,43,0,1
sweep,1300,1,299,220,1241,999,999,50.554601,1.886,108,1241,1,1,0,43,0,1
sweep,1301,1,300,220,-1668,999,999,50.556505,2.171,110,-1668,1,1,0,43,0,1
sweep,1302,1,301,220,-1703,999,999,50.558706,1.851,111,-1703,1,1,0,43,0,1
sweep,1303,1,302,220,-528,999,999,50.560580,1.934,112,-528,1,1,0,43,0,1
sweep,1304,1,303,220,-110,999,999,50.562532,2.127,113,-110,1,1,0,43,0,1
sweep,1305,1,304,220,1251,999,999,50.564695,1.823,114,1251,1,1,0,43,0,1
sweep,1306,1,305,220,-1150,999,999,50.566537,1.948,115,-1150,1,1,0,43,0,1
sweep,1307,1,306,220,1812,999,999,50.568504,1.883,116,1812,1,1,0,43,0,1
sweep,1308,1,307,220,461,999,999,50.570404,1.948,117,461,1,1,0,43,0,1
sweep,1309,1,308,220,-1654,999,999,50.572369,2.210,118,-1654,1,1,0,43,0,1
sweep,1310,1,309,220,1075,999,999,50.574597,1.969,119,1075,1,1,0,43,0,1
sweep,1311,1,310,220,589,999,999,50.576597,1.761,121,589,1,1,0,43,0,1
sweep,1312,1,311,220,1055,999,999,50.578378,1.976,122,1055,1,1,0,43,0,1
sweep,1313,1,312,220,898,999,999,50.580372,1.985,123,898,1,1,0,43,0,1
sweep,1314,1,313,220,758,999,999,50.582379,1.997,124,758,1,1,0,43,0,1
sweep,1315,1,314,220,1755,999,999,50.584400,1.920,125,1755,1,1,0,43,0,1
sweep,1316,1,315,220,333,999,999,50.586339,2.040,126,333,1,1,0,43,0,1
sweep,1317,1,316,220,-81,999,999,50.588397,2.108,127,-81,1,1,0,43,0,1
sweep,1318,1,317,220,-1065,999,999,50.590525,1.864,128,-1065,1,1,0,43,0,1
sweep,1319,1,318,220,-1012,999,999,50.592419,1.902,129,-1012,1,1,0,43,0,1
sweep,1320,1,319,220,-867,999,999,50.594340,1.988,130,-867,1,1,0,43,0,1
sweep,1321,1,320,220,-1350,999,999,50.596349,1.953,132,-1350,1,1,0,43,0,1
sweep,1322,1,321,220,586,999,999,50.598326,1.922,133,586,1,1,0,43,0,1
sweep,1323,1,322,220,-1288,999,999,50.600268,1.925,134,-1288,1,1,0,43,0,1
sweep,1324,1,323,220,583,999,999,50.602210,2.007,135,583,1,1,0,43,0,1
sweep,1325,1,324,220,253,999,999,50.604236,1.929,136,253,1,1,0,43,0,1
sweep,1326,1,325,220,-1319,999,999,50.606183,3.093,137,-1319,1,1,0,43,0,1
sweep,1327,1,326,220,1135,999,999,50.609308,1.936,138,1135,1,1,0,43,0,1
sweep,1328,1,327,220,-729,999,999,50.611263,1.911,139,-729,1,1,0,43,0,1
sweep,1329,1,328,220,57,999,999,50.613210,1.867,140,57,1,1,0,43,0,1
sweep,1330,1,329,220,-1016,999,999,50.615091,2.067,141,-1016,1,1,0,43,0,1
sweep,1331,1,330,220,1380,999,999,50.617184,1.884,143,1380,1,1,0,43,0,1
sweep,1332,1,331,220,-1594,999,999,50.619087,2.013,144,-1594,1,1,0,43,0,1
sweep,1333,1,332,220,-341,999,999,50.621119,2.111,145,-341,1,1,0,43,0,1
sweep,1334,1,333,220,48,999,999,50.623263,1.834,146,48,1,1,0,43,0,1
sweep,1335,1,334,220,-449,999,999,50.625116,2.073,147,-449,1,1,0,43,0,1
sweep,1336,1,335,220,696,999,999,50.627205,1.887,148,696,1,1,0,43,0,1
sweep,1337,1,336,220,1142,999,999,50.629111,1.930,149,1142,1,1,0,43,0,1
sweep,1338,1,337,220,-368,999,999,50.631059,2.028,150,-368,1,1,0,43,0,1
sweep,1339,1,338,220,-920,999,999,50.633111,1.919,151,-920,1,1,0,43,0,1
sweep,1340,1,339,220,782,999,999,50.635050,2.032,152,782,1,1,0,43,0,1
sweep,1341,1,340,220,-1782,999,999,50.637099,1.956,154,-1782,1,1,0,43,0,1
sweep,1342,1,341,220,-1763,999,999,50.639074,1.883,155,-1763,1,1,0,43,0,1
sweep,1343,1,342,220,181,999,999,50.640974,2.007,156,181,1,1,0,43,0,1
sweep,1344,1,343,220,-1688,999,999,50.643004,2.105,157,-1688,1,1,0,43,0,1
sweep,1345,1,344,220,-1147,999,999,50.645128,1.899,158,-1147,1,1,0,43,0,1
sweep,1346,1,345,220,-783,999,999,50.647047,1.910,159,-783,1,1,0,43,0,1
sweep,1347,1,346,220,440,999,999,50.648976,1.975,160,440,1,1,0,43,0,1
sweep,1348,1,347,220,-1657,999,999,50.650981,1.995,161,-1657,1,1,0,43,0,1
sweep,1349,1,348,220,-1783,999,999,50.653000,1.959,162,-1783,1,1,0,43,0,1
sweep,1350,1,349,220,-878,999,999,50.654977,1.890,163,-878,1,1,0,43,0,1
sweep,1351,1,350,220,1312,999,999,50.656887,2.040,165,1312,1,1,0,43,0,1
sweep,1352,1,351,220,1814,999,999,50.658950,1.874,166,1814,1,1,0,43,0,1
sweep,1353,1,352,220,-1474,999,999,50.660846,2.046,167,-1474,1,1,0,43,0,1
sweep,1354,1,353,220,327,999,999,50.662911,1.891,168,327,1,1,0,43,0,1
sweep,1355,1,354,220,1526,999,999,50.664820,2.138,169,1526,1,1,0,43,0,1
sweep,1356,1,355,220,-1111,999,999,50.666990,1.863,170,-1111,1,1,0,43,0,1
sweep,1357,1,356,220,-1677,999,999,50.668873,1.924,171,-1677,1,1,0,43,0,1
sweep,1358,1,357,220,343,999,999,50.670815,1.944,172,343,1,1,0,43,0,1
sweep,1359,1,358,220,-1000,999,999,50.672778,2.013,173,-1000,1,1,0,43,0,1
sweep,1360,1,359,220,-963,999,999,50.674813,2.931,174,-963,1,1,0,43,0,1
sweep,1361,1,360,220,-6,999,999,50.677761,1.961,176,-6,1,1,0,43,0,1
sweep,1362,1,361,220,-638,999,999,50.679741,1.964,177,-638,1,1,0,43,0,1
sweep,1363,1,362,220,-825,999,999,50.681725,2.311,178,-825,1,1,0,43,0,1
sweep,1364,1,363,220,189,999,999,50.684067,1.629,179,189,1,1,0,43,0,1
sweep,1365,1,364,220,252,999,999,50.685720,1.946,180,252,1,1,0,43,0,1
sweep,1366,1,365,220,-299,999,999,50.687686,2.025,181,-299,1,1,0,43,0,1
sweep,1367,1,366,220,-490,999,999,50.689735,2.029,182,-490,1,1,0,43,0,1
sweep,1368,1,367,220,-215,999,999,50.691783,1.884,183,-215,1,1,0,43,0,1
sweep,1369,1,368,220,856,999,999,50.693683,1.962,184,856,1,1,0,43,0,1
sweep,1370,1,369,220,-1520,999,999,50.695661,1.960,185,-1520,1,1,0,43,0,1
sweep,1371,1,370,220,-1021,999,999,50.697635,2.092,187,-1021,1,1,0,43,0,1
sweep,1372,1,371,220,614,999,999,50.699763,1.877,188,614,1,1,0,43,0,1
sweep,1373,1,372,220,-1077,999,999,50.701665,1.891,189,-1077,1,1,0,43,0,1
sweep,1374,1,373,220,-1052,999,999,50.703573,2.013,190,-1052,1,1,0,43,0,1
sweep,1375,1,374,220,983,999,999,50.705612,2.024,191,983,1,1,0,43,0,1
sweep,1376,1,375,220,732,999,999,50.707669,1.972,192,732,1,1,0,43,0,1
sweep,1377,1,376,220,-604,999,999,50.709668,1.945,193,-604,1,1,0,43,0,1
sweep,1378,1,377,220,560,999,999,50.711634,2.012,194,560,1,1,0,43,0,1
sweep,1379,1,378,220,-75,999,999,50.713671,1.813,195,-75,1,1,0,43,0,1
sweep,1380,1,379,220,693,999,999,50.715507,2.090,196,693,1,1,0,43,0,1
sweep,1381,1,380,220,121,999,999,50.717624,1.893,198,121,1,1,0,43,0,1
sweep,1382,1,381,220,-332,999,999,50.719539,2.157,199,-332,1,1,0,43,0,1
sweep,1383,1,382,220,-1726,999,999,50.721716,1.816,200,-1726,1,1,0,43,0,1
sweep,1384,1,383,220,176,999,999,50.723551,1.964,201,176,1,1,0,43,0,1
sweep,1385,1,384,220,-1736,999,999,50.725535,1.878,202,-1736,1,1,0,43,0,1
sweep,1386,1,385,220,-1391,999,999,50.727435,2.029,203,-1391,1,1,0,43,0,1
sweep,1387,1,386,220,879,999,999,50.729485,1.992,204,879,1,1,0,43,0,1
sweep,1388,1,387,220,742,999,999,50.731499,2.275,205,742,1,1,0,43,0,1
sweep,1389,1,388,220,547,999,999,50.733805,1.672,206,547,1,1,0,43,0,1
sweep,1390,1,389,220,901,999,999,50.735494,1.884,207,901,1,1,0,43,0,1
sweep,1391,1,390,220,718,999,999,50.737398,1.893,209,718,1,1,0,43,0,1
sweep,1392,1,391,220,1644,999,999,50.739310,2.041,210,1644,1,1,0,43,0,1
sweep,1393,1,392,220,-49,999,999,50.741374,1.922,211,-49,1,1,0,43,0,1
sweep,1394,1,393,220,1568,999,999,50.743328,2.117,212,1568,1,1,0,43,0,1
sweep,1395,1,394,220,1078,999,999,50.745466,2.867,213,1078,1,1,0,43,0,1
sweep,1396,1,395,220,564,999,999,50.748368,1.853,214,564,1,1,0,43,0,1
sweep,1397,1,396,220,-413,999,999,50.750240,1.999,215,-413,1,1,0,43,0,1
sweep,1398,1,397,220,-432,999,999,50.752259,2.027,216,-432,1,1,0,43,0,1
sweep,1399,1,398,220,-1517,999,999,50.754354,1.895,217,-1517,1,1,0,43,0,1
sweep,1400,1,399,220,829,999,999,50.756268,1.968,218,829,1,1,0,43,0,1
sweep,1401,1,400,220,-99,999,999,50.758262,1.965,220,-99,1,0,0,43,0,1
sweep,1402,1,401,220,-1021,999,999,50.760245,2.025,220,-1021,1,0,0,43,0,1
sweep,1403,1,402,220,1053,999,999,50.762287,1.915,220,1053,1,0,0,43,0,1
sweep,1404,1,403,220,286,999,999,50.764232,2.000,220,286,1,0,0,43,0,1
sweep,1405,1,404,220,1474,999,999,50.766259,1.942,220,1474,1,0,0,43,0,1
sweep,1406,1,405,220,204,999,999,50.768218,1.900,220,204,1,0,0,43,0,1
sweep,1407,1,406,220,1628,999,999,50.770135,1.938,220,1628,1,0,0,43,0,1
sweep,1408,1,407,220,1588,999,999,50.772091,2.088,220,1588,1,0,0,43,0,1
sweep,1409,1,408,220,670,999,999,50.774200,1.866,220,670,1,0,0,43,0,1
sweep,1410,1,409,220,488,999,999,50.776085,1.964,220,488,1,0,0,43,0,1
sweep,1411,1,410,220,885,999,999,50.778069,1.993,220,885,1,0,0,43,0,1
sweep,1412,1,411,220,434,999,999,50.780081,2.007,220,434,1,0,0,43,0,1
sweep,1413,1,412,220,232,999,999,50.782108,1.982,220,232,1,0,0,43,0,1
sweep,1414,1,413,220,1682,999,999,50.784108,2.010,220,1682,1,0,0,43,0,1
sweep,1415,1,414,220,136,999,999,50.786137,1.907,220,136,1,0,0,43,0,1
sweep,1416,1,415,220,637,999,999,50.788062,1.939,220,637,1,0,0,43,0,1
sweep,1417,1,416,220,967,999,999,50.790019,2.173,220,967,1,0,0,43,0,1
sweep,1418,1,417,220,1204,999,999,50.792216,1.848,220,1204,1,0,0,43,0,1
sweep,1419,1,418,220,538,999,999,50.794084,1.993,220,538,1,0,0,43,0,1
sweep,1420,1,419,220,1690,999,999,50.796095,1.943,220,1690,1,0,0,43,0,1
sweep,1421,1,420,220,1325,999,999,50.798057,1.906,220,1325,1,0,0,43,0,1
sweep,1422,1,421,220,23,999,999,50.799982,1.961,220,23,1,0,0,43,0,1
sweep,1423,1,422,220,652,999,999,50.801968,1.933,220,652,1,0,0,43,0,1
sweep,1424,1,423,220,109,999,999,50.803918,2.017,220,109,1,0,0,43,0,1
sweep,1425,1,424,220,-1143,999,999,50.805953,2.258,220,-1143,1,0,0,43,0,1
sweep,1426,1,425,220,1588,999,999,50.808289,1.612,220,1588,1,0,0,43,0,1
sweep,1427,1,426,220,-722,999,999,50.809927,1.961,220,-722,1,0,0,43,0,1
sweep,1428,1,427,220,947,999,999,50.811908,1.958,220,947,1,0,0,43,0,1
sweep,1429,1,428,220,1536,999,999,50.813889,2.894,220,1536,1,0,0,43,0,1
sweep,1430,1,429,220,328,999,999,50.816799,1.984,220,328,1,0,0,43,0,1
sweep,1431,1,430,220,-585,999,999,50.818799,1.966,220,-585,1,0,0,43,0,1
sweep,1432,1,431,220,487,999,999,50.820785,1.970,220,487,1,0,0,43,0,1
sweep,1433,1,432,220,1313,999,999,50.822772,2.156,220,1313,1,0,0,43,0,1
sweep,1434,1,433,220,1480,999,999,50.824957,1.849,220,1480,1,0,0,43,0,1
sweep,1435,1,434,220,-197,999,999,50.826828,1.974,220,-197,1,0,0,43,0,1
sweep,1436,1,435,220,667,999,999,50.828822,1.975,220,667,1,0,0,43,0,1
sweep,1437,1,436,220,390,999,999,50.830815,1.985,220,390,1,0,0,43,0,1
sweep,1438,1,437,220,-759,999,999,50.832824,1.879,220,-759,1,0,0,43,0,1
sweep,1439,1,438,220,-774,999,999,50.834721,1.960,220,-774,1,0,0,43,0,1
sweep,1440,1,439,220,-550,999,999,50.836698,2.284,220,-550,1,0,0,43,0,1
sweep,1441,1,440,220,-1760,999,999,50.839005,1.760,220,-1760,1,0,0,43,0,1
sweep,1442,1,441,220,656,999,999,50.840787,1.878,220,656,1,0,0,43,0,1
sweep,1443,1,442,220,1282,999,999,50.842684,2.006,220,1282,1,0,0,43,0,1
sweep,1444,1,443,220,-1633,999,999,50.844708,1.937,220,-1633,1,0,0,43,0,1
sweep,1445,1,444,220,1382,999,999,50.846663,2.092,220,1382,1,0,0,43,0,1
sweep,1446,1,445,220,54,999,999,50.848779,1.827,220,54,1,0,0,43,0,1
sweep,1447,1,446,220,54,999,999,50.850626,2.079,220,54,1,0,0,43,0,1
sweep,1448,1,447,220,-364,999,999,50.852722,1.923,220,-364,1,0,0,43,0,1
sweep,1449,1,448,220,-870,999,999,50.854665,2.061,220,-870,1,0,0,43,0,1
sweep,1450,1,449,220,260,999,999,50.856749,1.823,220,260,1,0,0,43,0,1
sweep,1451,1,450,220,-1,999,999,50.858589,1.979,220,-1,1,0,0,43,0,1
sweep,1452,1,451,220,-964,999,999,50.860587,1.959,220,-964,1,0,0,43,0,1
sweep,1453,1,452,220,1045,999,999,50.862563,1.943,220,1045,1,0,0,43,0,1
sweep,1454,1,453,220,129,999,999,50.864522,2.031,220,129,1,0,0,43,0,1
sweep,1455,1,454,220,-446,999,999,50.866581,1.917,220,-446,1,0,0,43,0,1
sweep,1456,1,455,220,1031,999,999,50.868516,1.956,220,1031,1,0,0,43,0,1
sweep,1457,1,456,220,743,999,999,50.870492,2.079,220,743,1,0,0,43,0,1
sweep,1458,1,457,220,-1227,999,999,50.872593,1.932,220,-1227,1,0,0,43,0,1
sweep,1459,1,458,220,-248,999,999,50.874545,1.879,220,-248,1,0,0,43,0,1
sweep,1460,1,459,220,1712,999,999,50.876441,1.977,220,1712,1,0,0,43,0,1
sweep,1461,1,460,220,-29,999,999,50.878436,2.014,220,-29,1,0,0,43,0,1
sweep,1462,1,461,220,-1598,999,999,50.880467,2.112,220,-1598,1,0,0,43,0,1
sweep,1463,1,462,220,809,999,999,50.882606,1.804,220,809,1,0,0,43,0,1
sweep,1464,1,463,220,-1365,999,999,50.884428,2.008,220,-1365,1,0,0,43,0,1
sweep,1465,1,464,220,-361,999,999,50.886455,1.991,220,-361,1,0,0,43,0,1
sweep,1466,1,465,220,1749,999,999,50.888476,2.406,220,1749,1,0,0,43,0,1
sweep,1467,1,466,220,1394,999,999,50.890952,1.473,220,1394,1,0,0,43,0,1
sweep,1468,1,467,220,-1787,999,999,50.892445,1.914,220,-1787,1,0,0,43,0,1
sweep,1469,1,468,220,-773,999,999,50.894377,1.926,220,-773,1,0,0,43,0,1
sweep,1470,1,469,220,1257,999,999,50.896321,2.057,220,1257,1,0,0,43,0,1
sweep,1471,1,470,220,396,999,999,50.898407,1.841,220,396,1,0,0,43,0,1
sweep,1472,1,471,220,1219,999,999,50.900266,2.266,220,1219,1,0,0,43,0,1
sweep,1473,1,472,220,-1599,999,999,50.902632,1.844,220,-1599,1,0,0,43,0,1
sweep,1474,1,473,220,-565,999,999,50.904504,1.912,220,-565,1,0,0,43,0,1
sweep,1475,1,474,220,-269,999,999,50.906437,1.803,220,-269,1,0,0,43,0,1
sweep,1476,1,475,220,-1759,999,999,50.908255,2.036,220,-1759,1,0,0,43,0,1
sweep,1477,1,476,220,-491,999,999,50.910308,2.053,220,-491,1,0,0,43,0,1
sweep,1478,1,477,220,-435,999,999,50.912380,1.951,220,-435,1,0,0,43,0,1
sweep,1479,1,478,220,-556,999,999,50.914352,1.835,220,-556,1,0,0,43,0,1
sweep,1480,1,479,220,593,999,999,50.916208,1.967,220,593,1,0,0,43,0,1
sweep,1481,1,480,220,1776,999,999,50.918194,1.946,220,1776,1,0,0,43,0,1
sweep,1482,1,481,220,1403,999,999,50.920173,2.241,220,1403,1,0,0,43,0,1
sweep,1483,1,482,220,1555,999,999,50.922436,1.731,220,1555,1,0,0,43,0,1
sweep,1484,1,483,220,1745,999,999,50.924186,1.905,220,1745,1,0,0,43,0,1
sweep,1485,1,484,220,-1617,999,999,50.926107,1.986,220,-1617,1,0,0,43,0,1
sweep,1486,1,485,220,-966,999,999,50.928112,1.989,220,-966,1,0,0,43,0,1
sweep,1487,1,486,220,1115,999,999,50.930119,2.646,220,1115,1,0,0,43,0,1
sweep,1488,1,487,220,-1486,999,999,50.932842,2.152,220,-1486,1,0,0,43,0,1
sweep,1489,1,488,220,-474,999,999,50.935015,2.110,220,-474,1,0,0,43,0,1
sweep,1490,1,489,220,-1329,999,999,50.937144,1.927,220,-1329,1,0,0,43,0,1
sweep,1491,1,490,220,930,999,999,50.939091,1.907,220,930,1,0,0,43,0,1
sweep,1492,1,491,220,1542,999,999,50.941016,1.951,220,1542,1,0,0,43,0,1
sweep,1493,1,492,220,823,999,999,50.942986,1.998,220,823,1,0,0,43,0,1
sweep,1494,1,493,220,-1549,999,999,50.945002,1.974,220,-1549,1,0,0,43,0,1
sweep,1495,1,494,220,-1295,999,999,50.946994,1.978,220,-1295,1,0,0,43,0,1
sweep,1496,1,495,220,1379,999,999,50.948999,1.970,220,1379,1,0,0,43,0,1
sweep,1497,1,496,220,1009,999,999,50.950989,1.983,220,1009,1,0,0,43,0,1
sweep,1498,1,497,220,-615,999,999,50.953001,3.014,220,-615,1,0,0,43,0,1
sweep,1499,1,498,220,-143,999,999,50.956042,2.052,220,-143,1,0,0,43,0,1
sweep,1500,1,499,220,668,999,999,50.958121,1.791,220,668,1,0,0,43,0,1
sweep,1501,1,500,220,-425,999,999,50.959929,2.035,220,-425,1,0,0,43,0,1
sweep,1502,1,501,220,-868,999,999,50.961987,2.194,220,-868,1,0,0,43,0,1
sweep,1503,1,502,220,-1709,999,999,50.964208,1.819,220,-1709,1,0,0,43,0,1
sweep,1504,1,503,220,818,999,999,50.966044,1.847,220,818,1,0,0,43,0,1
sweep,1505,1,504,220,1049,999,999,50.967920,1.951,220,1049,1,0,0,43,0,1
sweep,1506,1,505,220,1004,999,999,50.969889,1.912,220,1004,1,0,0,43,0,1
sweep,1507,1,506,220,-1071,999,999,50.971819,2.188,220,-1071,1,0,0,43,0,1
sweep,1508,1,507,220,1274,999,999,50.974030,1.860,220,1274,1,0,0,43,0,1
sweep,1509,1,508,220,1318,999,999,50.975908,1.887,220,1318,1,0,0,43,0,1
sweep,1510,1,509,220,1279,999,999,50.977813,1.959,220,1279,1,0,0,43,0,1
sweep,1511,1,510,220,245,999,999,50.979835,2.026,220,245,1,0,0,43,0,1
sweep,1512,1,511,220,1251,999,999,50.981889,1.882,220,1251,1,0,0,43,0,1
sweep,1513,1,512,220,531,999,999,50.983787,2.006,220,531,1,0,0,43,0,1
sweep,1514,1,513,220,804,999,999,50.985812,1.970,220,804,1,0,0,43,0,1
sweep,1515,1,514,220,-322,999,999,50.987800,1.980,220,-322,1,0,0,43,0,1
sweep,1516,1,515,220,-581,999,999,50.989803,1.874,220,-581,1,0,0,43,0,1
sweep,1517,1,516,220,-617,999,999,50.991695,2.124,220,-617,1,0,0,43,0,1
sweep,1518,1,517,220,-272,999,999,50.993837,2.015,220,-272,1,0,0,43,0,1
sweep,1519,1,518,220,-98,999,999,50.995877,1.919,220,-98,1,0,0,43,0,1
sweep,1520,1,519,220,336,999,999,50.997820,1.832,220,336,1,0,0,43,0,1
sweep,1521,1,520,220,70,999,999,50.999667,1.953,220,70,1,0,0,43,0,1
sweep,1522,1,521,220,1500,999,999,51.001637,1.964,220,1500,1,0,0,43,0,1
sweep,1523,1,522,220,1728,999,999,51.003620,2.054,220,1728,1,0,0,43,0,1
sweep,1524,1,523,220,1694,999,999,51.005697,2.780,220,1694,1,0,0,43,0,1
sweep,1525,1,524,220,-1517,999,999,51.008558,3.473,220,-1517,1,0,0,43,0,1
sweep,1526,1,525,220,-1005,999,999,51.012079,2.974,220,-1005,1,0,0,43,0,1
sweep,1527,1,526,220,-151,999,999,51.015099,3.110,220,-151,1,0,0,43,0,1
sweep,1528,1,527,220,-872,999,999,51.018259,3.477,220,-872,1,0,0,43,0,1
sweep,1529,1,528,220,669,999,999,51.021791,2.895,220,669,1,0,0,43,0,1
sweep,1530,1,529,220,-1648,999,999,51.024732,3.193,220,-1648,1,0,0,43,0,1
sweep,1531,1,530,220,709,999,999,51.027997,2.968,220,709,1,0,0,43,0,1
sweep,1532,1,531,220,-834,999,999,51.031017,3.784,220,-834,1,0,0,43,0,1
sweep,1533,1,532,220,759,999,999,51.034857,3.740,220,759,1,0,0,43,0,1
sweep,1534,1,533,220,-901,999,999,51.038652,2.095,220,-901,1,0,0,43,0,1
sweep,1535,1,534,220,-823,999,999,51.040792,2.915,220,-823,1,0,0,43,0,1
sweep,1536,1,535,220,1101,999,999,51.043745,1.849,220,1101,1,0,0,43,0,1
sweep,1537,1,536,220,-204,999,999,51.045635,1.974,220,-204,1,0,0,43,0,1
sweep,1538,1,537,220,-267,999,999,51.047644,1.849,220,-267,1,0,0,43,0,1
sweep,1539,1,538,220,-960,999,999,51.049534,2.071,220,-960,1,0,0,43,0,1
sweep,1540,1,539,220,727,999,999,51.051650,1.974,220,727,1,0,0,43,0,1
sweep,1541,1,540,220,-1198,999,999,51.053666,1.947,220,-1198,1,0,0,43,0,1
sweep,1542,1,541,220,1129,999,999,51.055648,1.980,220,1129,1,0,0,43,0,1
sweep,1543,1,542,220,-595,999,999,51.057666,2.140,220,-595,1,0,0,43,0,1
sweep,1544,1,543,220,1226,999,999,51.059838,1.722,220,1226,1,0,0,43,0,1
sweep,1545,1,544,220,1124,999,999,51.061577,1.863,220,1124,1,0,0,43,0,1
sweep,1546,1,545,220,1780,999,999,51.063472,2.031,220,1780,1,0,0,43,0,1
sweep,1547,1,546,220,-346,999,999,51.065519,1.840,220,-346,1,0,0,43,0,1
sweep,1548,1,547,220,-1815,999,999,51.067380,1.986,220,-1815,1,0,0,43,0,1
sweep,1549,1,548,220,1099,999,999,51.069382,2.062,220,1099,1,0,0,43,0,1
sweep,1550,1,549,220,1065,999,999,51.071466,1.902,220,1065,1,0,0,43,0,1
sweep,1551,1,550,220,995,999,999,51.073393,2.248,220,995,1,0,0,43,0,1
sweep,1552,1,551,220,-562,999,999,51.075660,1.710,220,-562,1,0,0,43,0,1
sweep,1553,1,552,220,-1,999,999,51.077385,2.036,220,-1,1,0,0,43,0,1
sweep,1554,1,553,220,219,999,999,51.079475,1.873,220,219,1,0,0,43,0,1
sweep,1555,1,554,220,-1121,999,999,51.081372,1.945,220,-1121,1,0,0,43,0,1
sweep,1556,1,555,220,945,999,999,51.083341,2.044,220,945,1,0,0,43,0,1
sweep,1557,1,556,220,-1221,999,999,51.085405,1.932,220,-1221,1,0,0,43,0,1
sweep,1558,1,557,220,-1693,999,999,51.087351,1.965,220,-1693,1,0,0,43,0,1
sweep,1559,1,558,220,-302,999,999,51.089341,1.901,220,-302,1,0,0,43,0,1
sweep,1560,1,559,220,-31,999,999,51.091265,1.950,220,-31,1,0,0,43,0,1
sweep,1561,1,560,220,448,999,999,51.093244,2.137,220,448,1,0,0,43,0,1
sweep,1562,1,561,220,-420,999,999,51.095401,1.922,220,-420,1,0,0,43,0,1
sweep,1563,1,562,220,1761,999,999,51.097357,1.849,220,1761,1,0,0,43,0,1
sweep,1564,1,563,220,1461,999,999,51.099227,1.878,220,1461,1,0,0,43,0,1
sweep,1565,1,564,220,282,999,999,51.101121,1.993,220,282,1,0,0,43,0,1
sweep,1566,1,565,220,185,999,999,51.103128,3.021,220,185,1,0,0,43,0,1
sweep,1567,1,566,220,-520,999,999,51.106171,1.980,220,-520,1,0,0,43,0,1
sweep,1568,1,567,220,653,999,999,51.108177,1.894,220,653,1,0,0,43,0,1
sweep,1569,1,568,220,-1364,999,999,51.110100,1.960,220,-1364,1,0,0,43,0,1
sweep,1570,1,569,220,570,999,999,51.112078,2.173,220,570,1,0,0,43,0,1
sweep,1571,1,570,220,825,999,999,51.114279,1.771,220,825,1,0,0,43,0,1
sweep,1572,1,571,220,-623,999,999,51.116066,2.042,220,-623,1,0,0,43,0,1
sweep,1573,1,572,220,1499,999,999,51.118125,1.929,220,1499,1,0,0,43,0,1
sweep,1574,1,573,220,424,999,999,51.120071,2.101,220,424,1,0,0,43,0,1
sweep,1575,1,574,220,894,999,999,51.122206,1.842,220,894,1,0,0,43,0,1
sweep,1576,1,575,220,-690,999,999,51.124070,1.893,220,-690,1,0,0,43,0,1
sweep,1577,1,576,220,-61,999,999,51.125982,2.029,220,-61,1,0,0,43,0,1
sweep,1578,1,577,220,-1774,999,999,51.128035,1.919,220,-1774,1,0,0,43,0,1
sweep,1579,1,578,220,1628,999,999,51.129973,1.960,220,1628,1,0,0,43,0,1
sweep,1580,1,579,220,-548,999,999,51.131951,2.054,220,-548,1,0,0,43,0,1
sweep,1581,1,580,220,1261,999,999,51.134038,1.956,220,1261,1,0,0,43,0,1
sweep,1582,1,581,220,-1466,999,999,51.136014,2.021,220,-1466,1,0,0,43,0,1
sweep,1583,1,582,220,796,999,999,51.138074,1.812,220,796,1,0,0,43,0,1
sweep,1584,1,583,220,194,999,999,51.139916,1.900,220,194,1,0,0,43,0,1
sweep,1585,1,584,220,-1350,999,999,51.141838,1.924,220,-1350,1,0,0,43,0,1
sweep,1586,1,585,220,232,999,999,51.143776,2.109,220,232,1,0,0,43,0,1
sweep,1587,1,586,220,-917,999,999,51.145908,1.778,220,-917,1,0,0,43,0,1
sweep,1588,1,587,220,1744,999,999,51.147705,2.008,220,1744,1,0,0,43,0,1
sweep,1589,1,588,220,660,999,999,51.149733,1.944,220,660,1,0,0,43,0,1
sweep,1590,1,589,220,1243,999,999,51.151696,2.023,220,1243,1,0,0,43,0,1
sweep,1591,1,590,220,815,999,999,51.153750,1.898,220,815,1,0,0,43,0,1
sweep,1592,1,591,220,1249,999,999,51.155671,2.101,220,1249,1,0,0,43,0,1
sweep,1593,1,592,220,-736,999,999,51.157794,1.829,220,-736,1,0,0,43,0,1
sweep,1594,1,593,220,-31,999,999,51.159640,1.944,220,-31,1,0,0,43,0,1
sweep,1595,1,594,220,-294,999,999,51.161602,2.177,220,-294,1,0,0,43,0,1
sweep,1596,1,595,220,1392,999,999,51.163812,1.828,220,1392,1,0,0,43,0,1
sweep,1597,1,596,220,-876,999,999,51.165657,1.984,220,-876,1,0,0,43,0,1
sweep,1598,1,597,220,-1598,999,999,51.167662,2.020,220,-1598,1,0,0,43,0,1
sweep,1599,1,598,220,-1401,999,999,51.169700,1.937,220,-1401,1,0,0,43,0,1
sweep,1600,1,599,220,624,999,999,51.171658,1.886,220,624,1,0,0,43,0,1
sweep,1601,1,600,220,290,999,999,51.173563,1.938,220,290,1,0,0,43,0,1
sweep,1602,1,65535,220,286,999,999,51.175519,2.015,220,286,1,0,0,43,0,1
sweep,1603,1,500,0,274,999,999,51.177554,1.931,0,274,1,0,0,43,0,1
sweep,1604,1,500,150,-1153,999,999,51.179504,1.943,150,-1153,1,0,0,43,0,1
sweep,1605,1,300,150,-1289,999,999,51.181468,2.131,110,-1289,1,1,0,43,0,1
sweep,1606,1,300,80,-624,999,999,51.183624,1.968,80,-624,1,1,0,43,0,1
sweep,1607,1,150,220,-1623,999,999,51.185619,1.786,0,-1623,1,2,0,43,0,1
sweep,1608,1,500,-50,1802,999,999,51.187420,2.021,0,1802,1,0,0,43,0,1
sweep,1609,1,500,400,-1541,999,999,51.189474,1.984,220,-1541,1,0,0,43,0,1
switch,1610,0,500,220,0,150,0,51.191506,1.867,150,0,0,0,34,44,0,1
switch,1611,0,500,220,0,150,0,51.193393,2.215,150,0,0,0,0,44,0,1
switch,1612,0,500,220,0,150,0,51.243509,1.610,150,0,0,0,0,44,0,1
switch,1613,0,500,220,0,150,0,51.293590,2.413,150,0,0,0,0,44,0,1
switch,1614,0,500,220,0,150,0,51.343687,1.957,150,0,0,0,0,44,0,1
switch,1615,0,500,220,0,150,0,51.393570,1.840,150,0,0,0,0,44,0,1
switch,1616,0,500,220,0,150,0,51.443534,2.293,150,0,0,0,0,44,0,1
switch,1617,0,500,220,0,150,0,51.493511,2.085,150,0,0,0,0,44,0,1
switch,1618,0,500,220,0,150,0,51.543553,1.592,150,0,0,0,0,44,0,1
switch,1619,0,500,220,0,150,0,51.593492,2.299,150,0,0,0,0,44,0,1
switch,1620,0,500,220,0,150,0,51.643499,2.123,150,0,0,0,0,44,0,1
switch,1621,1,500,220,0,150,0,51.693504,1.744,220,0,1,0,34,45,0,1
switch,1622,1,500,220,0,150,0,51.743496,2.365,220,0,1,0,0,45,0,1
switch,1623,1,500,220,0,150,0,51.793531,1.992,220,0,1,0,0,45,0,1
switch,1624,1,500,220,0,150,0,51.843534,1.790,220,0,1,0,0,45,0,1
switch,1625,1,500,220,0,150,0,51.893496,2.381,220,0,1,0,0,45,0,1
switch,1626,1,500,220,0,150,0,51.943533,2.445,220,0,1,0,0,45,0,1
switch,1627,1,500,220,0,150,0,51.993548,1.747,220,0,1,0,0,45,0,1
switch,1628,1,500,220,0,150,0,52.043604,2.656,220,0,1,0,0,45,0,1
switch,1629,1,500,220,0,150,0,52.093581,2.813,220,0,1,0,0,45,0,1
switch,1630,1,500,220,0,150,0,52.143735,3.148,220,0,1,0,0,45,0,1
switch,1631,0,500,220,0,150,0,52.193608,2.726,150,0,0,0,34,46,0,1
switch,1632,0,500,220,0,150,0,52.243581,3.386,150,0,0,0,0,46,0,1
switch,1633,0,500,220,0,150,0,52.293521,1.929,150,0,0,0,0,46,0,1
switch,1634,0,500,220,0,150,0,52.343536,2.892,150,0,0,0,0,46,0,1
switch,1635,0,500,220,0,150,0,52.393456,2.126,150,0,0,0,0,46,0,1
switch,1636,0,500,220,0,150,0,52.443543,1.954,150,0,0,0,0,46,0,1
switch,1637,0,500,220,0,150,0,52.493530,2.410,150,0,0,0,0,46,0,1
switch,1638,0,500,220,0,150,0,52.543550,3.267,150,0,0,0,0,46,0,1
switch,1639,0,500,220,0,150,0,52.593531,1.808,150,0,0,0,0,46,0,1
switch,1640,0,500,220,0,150,0,52.643540,2.373,150,0,0,0,0,46,0,1
switch,1641,1,500,220,0,150,0,52.693501,2.126,220,0,1,0,34,47,0,1
switch,1642,1,500,220,0,150,0,52.743549,1.909,220,0,1,0,0,47,0,1
switch,1643,1,500,220,0,150,0,52.793566,2.378,220,0,1,0,0,47,0,1
switch,1644,1,500,220,0,150,0,52.843523,2.079,220,0,1,0,0,47,0,1
switch,1645,1,500,220,0,150,0,52.893545,1.877,220,0,1,0,0,47,0,1
switch,1646,1,500,220,0,150,0,52.943503,2.441,220,0,1,0,0,47,0,1
switch,1647,1,500,220,0,150,0,52.993571,2.147,220,0,1,0,0,47,0,1
switch,1648,1,500,220,0,150,0,53.043514,1.768,220,0,1,0,0,47,0,1
switch,1649,1,500,220,0,150,0,53.093575,2.559,220,0,1,0,0,47,0,1
switch,1650,1,500,220,0,150,0,53.143542,2.253,220,0,1,0,0,47,0,1
switch,1651,0,500,220,0,150,0,53.193523,1.742,150,0,0,0,34,48,0,1
switch,1652,0,500,220,0,150,0,53.243509,2.609,150,0,0,0,0,48,0,1
switch,1653,0,500,220,0,150,0,53.293526,2.188,150,0,0,0,0,48,0,1
switch,1654,0,500,220,0,150,0,53.343526,2.044,150,0,0,0,0,48,0,1
switch,1655,0,500,220,0,150,0,53.393518,2.403,150,0,0,0,0,48,0,1
switch,1656,0,500,220,0,150,0,53.443518,2.248,150,0,0,0,0,48,0,1
switch,1657,0,500,220,0,150,0,53.493511,1.803,150,0,0,0,0,48,0,1
switch,1658,0,500,220,0,150,0,53.543543,2.183,150,0,0,0,0,48,0,1
switch,1659,0,500,220,0,150,0,53.593522,2.140,150,0,0,0,0,48,0,1
switch,1660,0,500,220,0,150,0,53.643500,2.063,150,0,0,0,0,48,0,1
switch,1661,1,500,220,0,150,0,53.693529,2.234,220,0,1,0,34,49,0,1
switch,1662,1,500,220,0,150,0,53.743514,1.928,220,0,1,0,0,49,0,1
switch,1663,1,500,220,0,150,0,53.793505,1.863,220,0,1,0,0,49,0,1
switch,1664,1,500,220,0,150,0,53.843502,2.325,220,0,1,0,0,49,0,1
switch,1665,1,500,220,0,150,0,53.893516,2.203,220,0,1,0,0,49,0,1
switch,1666,1,500,220,0,150,0,53.943548,1.701,220,0,1,0,0,49,0,1
switch,1667,1,500,220,0,150,0,53.993472,2.430,220,0,1,0,0,49,0,1
switch,1668,1,500,220,0,150,0,54.043528,2.424,220,0,1,0,0,49,0,1
switch,1669,1,500,220,0,150,0,54.093503,2.508,220,0,1,0,0,49,0,1
switch,1670,1,500,220,0,150,0,54.143660,2.995,220,0,1,0,0,49,0,1
switch,1671,0,500,220,0,150,0,54.193569,3.485,150,0,0,0,35,50,0,1
switch,1672,0,500,220,0,150,0,54.243660,2.442,150,0,0,0,0,50,0,1
switch,1673,0,500,220,0,150,0,54.293851,3.525,150,0,0,0,0,50,0,1
switch,1674,0,500,220,0,150,0,54.343533,2.383,150,0,0,0,0,50,0,1
switch,1675,0,500,220,0,150,0,54.393636,2.599,150,0,0,0,0,50,0,1
switch,1676,0,500,220,0,150,0,54.443522,3.214,150,0,0,0,0,50,0,1
switch,1677,0,500,220,0,150,0,54.493523,1.862,150,0,0,0,0,50,0,1
switch,1678,0,500,220,0,150,0,54.543539,2.939,150,0,0,0,0,50,0,1
switch,1679,0,500,220,0,150,0,54.593520,2.203,150,0,0,0,0,50,0,1
switch,1680,0,500,220,0,150,0,54.643941,2.603,150,0,0,0,0,50,0,1
switch,1681,1,500,220,0,150,0,54.693529,2.387,220,0,1,0,34,51,0,1
switch,1682,1,500,220,0,150,0,54.743565,2.145,220,0,1,0,0,51,0,1
switch,1683,1,500,220,0,150,0,54.793496,2.631,220,0,1,0,0,51,0,1
switch,1684,1,500,220,0,150,0,54.843501,2.300,220,0,1,0,0,51,0,1
switch,1685,1,500,220,0,150,0,54.893610,2.858,220,0,1,0,0,51,0,1
switch,1686,1,500,220,0,150,0,54.943495,1.752,220,0,1,0,0,51,0,1
switch,1687,1,500,220,0,150,0,54.993540,2.363,220,0,1,0,0,51,0,1
switch,1688,1,500,220,0,150,0,55.043521,2.097,220,0,1,0,0,51,0,1
switch,1689,1,500,220,0,150,0,55.093505,1.767,220,0,1,0,0,51,0,1
switch,1690,1,500,220,0,150,0,55.143557,2.219,220,0,1,0,0,51,0,1
switch,1691,0,500,220,0,150,0,55.193526,2.334,150,0,0,0,34,52,0,1
switch,1692,0,500,220,0,150,0,55.243540,1.738,150,0,0,0,0,52,0,1
switch,1693,0,500,220,0,150,0,55.293974,1.875,150,0,0,0,0,52,0,1
switch,1694,0,500,220,0,150,0,55.343884,2.854,150,0,0,0,0,52,0,1
switch,1695,0,500,220,0,150,0,55.393800,2.288,150,0,0,0,0,52,0,1
switch,1696,0,500,220,0,150,0,55.443499,2.200,150,0,0,0,0,52,0,1
switch,1697,0,500,220,0,150,0,55.493883,2.620,150,0,0,0,0,52,0,1
switch,1698,0,500,220,0,150,0,55.543523,1.601,150,0,0,0,0,52,0,1
switch,1699,0,500,220,0,150,0,55.593777,2.808,150,0,0,0,0,52,0,1
switch,1700,0,500,220,0,150,0,55.643940,2.370,150,0,0,0,0,52,0,1
switch,1701,1,500,220,0,150,0,55.693549,2.439,220,0,1,0,33,53,0,1
switch,1702,1,500,220,0,150,0,55.743553,2.080,220,0,1,0,0,53,0,1
switch,1703,1,500,220,0,150,0,55.793597,2.650,220,0,1,0,0,53,0,1
switch,1704,1,500,220,0,150,0,55.843841,2.161,220,0,1,0,0,53,0,1
switch,1705,1,500,220,0,150,0,55.893998,2.592,220,0,1,0,0,53,0,1
switch,1706,1,500,220,0,150,0,55.943524,1.893,220,0,1,0,0,53,0,1
switch,1707,1,500,220,0,150,0,55.993513,1.368,220,0,1,0,0,53,0,1
switch,1708,1,500,220,0,150,0,56.043520,2.182,220,0,1,0,0,53,0,1
switch,1709,1,500,220,0,150,0,56.093478,1.929,220,0,1,0,0,53,0,1
switch,1710,1,500,220,0,150,0,56.143608,2.405,220,0,1,0,0,53,0,1
switch,1711,0,500,220,0,150,0,56.193555,1.988,150,0,0,0,34,54,0,1
switch,1712,0,500,220,0,150,0,56.243638,2.739,150,0,0,0,0,54,0,1
switch,1713,0,500,220,0,150,0,56.293529,3.373,150,0,0,0,0,54,0,1
switch,1714,0,500,220,0,150,0,56.343663,1.892,150,0,0,0,0,54,0,1
switch,1715,0,500,220,0,150,0,56.393564,2.523,150,0,0,0,0,54,0,1
switch,1716,0,500,220,0,150,0,56.443519,2.263,150,0,0,0,0,54,0,1
switch,1717,0,500,220,0,150,0,56.493623,1.828,150,0,0,0,0,54,0,1
switch,1718,0,500,220,0,150,0,56.543735,2.317,150,0,0,0,0,54,0,1
switch,1719,0,500,220,0,150,0,56.593685,2.027,150,0,0,0,0,54,0,1
switch,1720,0,500,220,0,150,0,56.643746,2.974,150,0,0,0,0,54,0,1
switch,1721,1,500,220,0,150,0,56.693622,2.125,220,0,1,0,35,55,0,1
switch,1722,1,500,220,0,150,0,56.743529,2.191,220,0,1,0,0,55,0,1
switch,1723,1,500,220,0,150,0,56.793563,1.855,220,0,1,0,0,55,0,1
switch,1724,1,500,220,0,150,0,56.843560,2.431,220,0,1,0,0,55,0,1
switch,1725,1,500,220,0,150,0,56.893514,2.086,220,0,1,0,0,55,0,1
switch,1726,1,500,220,0,150,0,56.944152,2.233,220,0,1,0,0,55,0,1
switch,1727,1,500,220,0,150,0,56.993623,2.577,220,0,1,0,0,55,0,1
switch,1728,1,500,220,0,150,0,57.043747,1.866,220,0,1,0,0,55,0,1
switch,1729,1,500,220,0,150,0,57.093700,2.891,220,0,1,0,0,55,0,1
switch,1730,1,500,220,0,150,0,57.143799,2.079,220,0,1,0,0,55,0,1
switch,1731,0,500,220,0,150,0,57.193597,2.045,150,0,0,0,34,56,0,1
switch,1732,0,500,220,0,150,0,57.243553,2.811,150,0,0,0,0,56,0,1
switch,1733,0,500,220,0,150,0,57.293624,2.240,150,0,0,0,0,56,0,1
switch,1734,0,500,220,0,150,0,57.343470,2.227,150,0,0,0,0,56,0,1
switch,1735,0,500,220,0,150,0,57.393658,2.442,150,0,0,0,0,56,0,1
switch,1736,0,500,220,0,150,0,57.443529,2.345,150,0,0,0,0,56,0,1
switch,1737,0,500,220,0,150,0,57.493592,2.892,150,0,0,0,0,56,0,1
switch,1738,0,500,220,0,150,0,57.543852,2.276,150,0,0,0,0,56,0,1
switch,1739,0,500,220,0,150,0,57.593490,2.429,150,0,0,0,0,56,0,1
switch,1740,0,500,220,0,150,0,57.643546,1.973,150,0,0,0,0,56,0,1
switch,1741,1,500,220,0,150,0,57.693468,2.717,220,0,1,0,34,57,0,1
switch,1742,1,500,220,0,150,0,57.743680,2.113,220,0,1,0,0,57,0,1
switch,1743,1,500,220,0,150,0,57.793492,2.789,220,0,1,0,0,57,0,1
switch,1744,1,500,220,0,150,0,57.843504,2.402,220,0,1,0,0,57,0,1
switch,1745,1,500,220,0,150,0,57.893581,2.030,220,0,1,0,0,57,0,1
switch,1746,1,500,220,0,150,0,57.943824,2.365,220,0,1,0,0,57,0,1
switch,1747,1,500,220,0,150,0,57.993541,2.546,220,0,1,0,0,57,0,1
switch,1748,1,500,220,0,150,0,58.043898,2.567,220,0,1,0,0,57,0,1
switch,1749,1,500,220,0,150,0,58.093626,2.596,220,0,1,0,0,57,0,1
switch,1750,1,500,220,0,150,0,58.144022,2.175,220,0,1,0,0,57,0,1
switch,1751,0,500,220,0,150,0,58.193720,3.830,150,0,0,0,35,58,0,1
switch,1752,0,500,220,0,150,0,58.243837,2.333,150,0,0,0,0,58,0,1
switch,1753,0,500,220,0,150,0,58.294602,2.163,150,0,0,0,0,58,0,1
switch,1754,0,500,220,0,150,0,58.343539,2.878,150,0,0,0,0,58,0,1
switch,1755,0,500,220,0,150,0,58.393509,1.641,150,0,0,0,0,58,0,1
switch,1756,0,500,220,0,150,0,58.443777,1.964,150,0,0,0,0,58,0,1
switch,1757,0,500,220,0,150,0,58.493559,3.184,150,0,0,0,0,58,0,1
switch,1758,0,500,220,0,150,0,58.543785,2.542,150,0,0,0,0,58,0,1
switch,1759,0,500,220,0,150,0,58.593745,2.034,150,0,0,0,0,58,0,1
switch,1760,0,500,220,0,150,0,58.643735,2.594,150,0,0,0,0,58,0,1
switch,1761,1,500,220,0,150,0,58.693637,2.439,220,0,1,0,35,59,0,1
switch,1762,1,500,220,0,150,0,58.743519,2.173,220,0,1,0,0,59,0,1
switch,1763,1,500,220,0,150,0,58.793629,2.656,220,0,1,0,0,59,0,1
switch,1764,1,500,220,0,150,0,58.843655,2.250,220,0,1,0,0,59,0,1
switch,1765,1,500,220,0,150,0,58.893616,2.832,220,0,1,0,0,59,0,1
switch,1766,1,500,220,0,150,0,58.943559,2.662,220,0,1,0,0,59,0,1
switch,1767,1,500,220,0,150,0,58.993505,2.316,220,0,1,0,0,59,0,1
switch,1768,1,500,220,0,150,0,59.043682,1.951,220,0,1,0,0,59,0,1
switch,1769,1,500,220,0,150,0,59.093762,2.559,220,0,1,0,0,59,0,1
switch,1770,1,500,220,0,150,0,59.143816,2.990,220,0,1,0,0,59,0,1
switch,1771,0,500,220,0,150,0,59.193743,2.706,150,0,0,0,35,60,0,1
switch,1772,0,500,220,0,150,0,59.243534,2.442,150,0,0,0,0,60,0,1
switch,1773,0,500,220,0,150,0,59.293609,2.306,150,0,0,0,0,60,0,1
switch,1774,0,500,220,0,150,0,59.343916,2.475,150,0,0,0,0,60,0,1
switch,1775,0,500,220,0,150,0,59.393655,2.318,150,0,0,0,0,60,0,1
switch,1776,0,500,220,0,150,0,59.443968,1.847,150,0,0,0,0,60,0,1
switch,1777,0,500,220,0,150,0,59.493434,2.012,150,0,0,0,0,60,0,1
switch,1778,0,500,220,0,150,0,59.543522,2.343,150,0,0,0,0,60,0,1
switch,1779,0,500,220,0,150,0,59.593515,2.066,150,0,0,0,0,60,0,1
switch,1780,0,500,220,0,150,0,59.643720,2.570,150,0,0,0,0,60,0,1
switch,1781,1,500,220,0,150,0,59.693498,2.240,220,0,1,0,35,61,0,1
switch,1782,1,500,220,0,150,0,59.743692,1.785,220,0,1,0,0,61,0,1
switch,1783,1,500,220,0,150,0,59.794023,3.293,220,0,1,0,0,61,0,1
switch,1784,1,500,220,0,150,0,59.843496,2.708,220,0,1,0,0,61,0,1
switch,1785,1,500,220,0,150,0,59.893532,2.043,220,0,1,0,0,61,0,1
switch,1786,1,500,220,0,150,0,59.943533,2.482,220,0,1,0,0,61,0,1
switch,1787,1,500,220,0,150,0,59.993706,2.111,220,0,1,0,0,61,0,1
switch,1788,1,500,220,0,150,0,60.043728,3.027,220,0,1,0,0,61,0,1
switch,1789,1,500,220,0,150,0,60.093578,3.671,220,0,1,0,0,61,0,1
switch,1790,1,500,220,0,150,0,60.143691,2.132,220,0,1,0,0,61,0,1
switch,1791,0,500,220,0,150,0,60.194062,3.604,150,0,0,0,34,62,0,1
switch,1792,0,500,220,0,150,0,60.243937,3.414,150,0,0,0,0,62,0,1
switch,1793,0,500,220,0,150,0,60.293728,1.860,150,0,0,0,0,62,0,1
switch,1794,0,500,220,0,150,0,60.343528,1.901,150,0,0,0,0,62,0,1
switch,1795,0,500,220,0,150,0,60.394004,2.881,150,0,0,0,0,62,0,1
switch,1796,0,500,220,0,150,0,60.443579,1.941,150,0,0,0,0,62,0,1
switch,1797,0,500,220,0,150,0,60.493665,2.666,150,0,0,0,0,62,0,1
switch,1798,0,500,220,0,150,0,60.543637,2.193,150,0,0,0,0,62,0,1
switch,1799,0,500,220,0,150,0,60.593968,3.484,150,0,0,0,0,62,0,1
switch,1800,0,500,220,0,150,0,60.643473,1.566,150,0,0,0,0,62,0,1
switch,1801,1,500,220,0,150,0,60.693645,2.041,220,0,1,0,34,63,0,1
switch,1802,1,500,220,0,150,0,60.743504,2.215,220,0,1,0,0,63,0,1
switch,1803,1,500,220,0,150,0,60.793546,2.347,220,0,1,0,0,63,0,1
switch,1804,1,500,220,0,150,0,60.843506,2.105,220,0,1,0,0,63,0,1
switch,1805,1,500,220,0,150,0,60.893533,1.728,220,0,1,0,0,63,0,1
switch,1806,1,500,220,0,150,0,60.943802,2.270,220,0,1,0,0,63,0,1
switch,1807,1,500,220,0,150,0,60.993601,1.958,220,0,1,0,0,63,0,1
switch,1808,1,500,220,0,150,0,61.043606,2.599,220,0,1,0,0,63,0,1
switch,1809,1,500,220,0,150,0,61.093766,2.068,220,0,1,0,0,63,0,1
switch,1810,1,500,220,0,150,0,61.143635,2.801,220,0,1,0,0,63,0,1
switch,1811,0,500,220,0,150,0,61.193650,2.485,150,0,0,0,34,64,0,1
switch,1812,0,500,220,0,150,0,61.243522,2.196,150,0,0,0,0,64,0,1
switch,1813,0,500,220,0,150,0,61.293557,1.849,150,0,0,0,0,64,0,1
switch,1814,0,500,220,0,150,0,61.343591,2.461,150,0,0,0,0,64,0,1
switch,1815,0,500,220,0,150,0,61.393556,2.280,150,0,0,0,0,64,0,1
switch,1816,0,500,220,0,150,0,61.443542,1.997,150,0,0,0,0,64,0,1
switch,1817,0,500,220,0,150,0,61.493845,2.167,150,0,0,0,0,64,0,1
switch,1818,0,500,220,0,150,0,61.543594,2.099,150,0,0,0,0,64,0,1
switch,1819,0,500,220,0,150,0,61.593498,1.728,150,0,0,0,0,64,0,1
switch,1820,0,500,220,0,150,0,61.643811,3.151,150,0,0,0,0,64,0,1
switch,1821,1,500,220,0,150,0,61.693507,2.087,220,0,1,0,34,65,0,1
switch,1822,1,500,220,0,150,0,61.743622,2.536,220,0,1,0,0,65,0,1
switch,1823,1,500,220,0,150,0,61.793557,2.322,220,0,1,0,0,65,0,1
switch,1824,1,500,220,0,150,0,61.843620,3.398,220,0,1,0,0,65,0,1
switch,1825,1,500,220,0,150,0,61.893812,2.370,220,0,1,0,0,65,0,1
switch,1826,1,500,220,0,150,0,61.943509,2.287,220,0,1,0,0,65,0,1
switch,1827,1,500,220,0,150,0,61.993506,2.910,220,0,1,0,0,65,0,1
switch,1828,1,500,220,0,150,0,62.043505,2.583,220,0,1,0,0,65,0,1
switch,1829,1,500,220,0,150,0,62.093512,2.483,220,0,1,0,0,65,0,1
switch,1830,1,500,220,0,150,0,62.143638,2.556,220,0,1,0,0,65,0,1
switch,1831,0,500,220,0,150,0,62.193657,2.275,150,0,0,0,34,66,0,1
switch,1832,0,500,220,0,150,0,62.243610,2.283,150,0,0,0,0,66,0,1
switch,1833,0,500,220,0,150,0,62.293754,2.425,150,0,0,0,0,66,0,1
switch,1834,0,500,220,0,150,0,62.343570,2.239,150,0,0,0,0,66,0,1
switch,1835,0,500,220,0,150,0,62.393667,1.772,150,0,0,0,0,66,0,1
switch,1836,0,500,220,0,150,0,62.443723,2.339,150,0,0,0,0,66,0,1
switch,1837,0,500,220,0,150,0,62.493895,2.758,150,0,0,0,0,66,0,1
switch,1838,0,500,220,0,150,0,62.543770,2.569,150,0,0,0,0,66,0,1
switch,1839,0,500,220,0,150,0,62.593552,2.573,150,0,0,0,0,66,0,1
switch,1840,0,500,220,0,150,0,62.643498,2.142,150,0,0,0,0,66,0,1
switch,1841,1,500,220,0,150,0,62.693540,2.736,220,0,1,0,34,67,0,1
switch,1842,1,500,220,0,150,0,62.743637,2.417,220,0,1,0,0,67,0,1
switch,1843,1,500,220,0,150,0,62.793614,2.084,220,0,1,0,0,67,0,1
switch,1844,1,500,220,0,150,0,62.843534,2.974,220,0,1,0,0,67,0,1
switch,1845,1,500,220,0,150,0,62.893492,2.390,220,0,1,0,0,67,0,1
switch,1846,1,500,220,0,150,0,62.943766,1.843,220,0,1,0,0,67,0,1
switch,1847,1,500,220,0,150,0,62.993544,3.047,220,0,1,0,0,67,0,1
switch,1848,1,500,220,0,150,0,63.043702,2.422,220,0,1,0,0,67,0,1
switch,1849,1,500,220,0,150,0,63.093582,2.175,220,0,1,0,0,67,0,1
switch,1850,1,500,220,0,150,0,63.143569,2.495,220,0,1,0,0,67,0,1
switch,1851,0,500,220,0,150,0,63.193518,2.125,150,0,0,0,34,68,0,1
switch,1852,0,500,220,0,150,0,63.243595,2.687,150,0,0,0,0,68,0,1
switch,1853,0,500,220,0,150,0,63.293709,2.318,150,0,0,0,0,68,0,1
switch,1854,0,500,220,0,150,0,63.343652,1.904,150,0,0,0,0,68,0,1
switch,1855,0,500,220,0,150,0,63.393510,1.677,150,0,0,0,0,68,0,1
switch,1856,0,500,220,0,150,0,63.443713,2.355,150,0,0,0,0,68,0,1
switch,1857,0,500,220,0,150,0,63.493954,2.845,150,0,0,0,0,68,0,1
switch,1858,0,500,220,0,150,0,63.543554,2.486,150,0,0,0,0,68,0,1
switch,1859,0,500,220,0,150,0,63.594162,2.705,150,0,0,0,0,68,0,1
switch,1860,0,500,220,0,150,0,63.644097,2.437,150,0,0,0,0,68,0,1
switch,1861,1,500,220,0,150,0,63.693621,2.471,220,0,1,0,34,69,0,1
switch,1862,1,500,220,0,150,0,63.743595,2.235,220,0,1,0,0,69,0,1
switch,1863,1,500,220,0,150,0,63.793494,2.163,220,0,1,0,0,69,0,1
switch,1864,1,500,220,0,150,0,63.843597,2.295,220,0,1,0,0,69,0,1
switch,1865,1,500,220,0,150,0,63.893785,2.751,220,0,1,0,0,69,0,1
switch,1866,1,500,220,0,150,0,63.943562,2.611,220,0,1,0,0,69,0,1
switch,1867,1,500,220,0,150,0,63.993857,2.063,220,0,1,0,0,69,0,1
switch,1868,1,500,220,0,150,0,64.043925,1.622,220,0,1,0,0,69,0,1
switch,1869,1,500,220,0,150,0,64.093765,2.450,220,0,1,0,0,69,0,1
switch,1870,1,500,220,0,150,0,64.143711,2.215,220,0,1,0,0,69,0,1
switch,1871,0,500,220,0,150,0,64.193563,2.047,150,0,0,0,34,70,0,1
switch,1872,0,500,220,0,150,0,64.243547,1.831,150,0,0,0,0,70,0,1
switch,1873,0,500,220,0,150,0,64.293536,2.546,150,0,0,0,0,70,0,1
switch,1874,0,500,220,0,150,0,64.343591,2.046,150,0,0,0,0,70,0,1
switch,1875,0,500,220,0,150,0,64.393504,1.999,150,0,0,0,0,70,0,1
switch,1876,0,500,220,0,150,0,64.443925,2.343,150,0,0,0,0,70,0,1
switch,1877,0,500,220,0,150,0,64.493537,2.142,150,0,0,0,0,70,0,1
switch,1878,0,500,220,0,150,0,64.543556,1.973,150,0,0,0,0,70,0,1
switch,1879,0,500,220,0,150,0,64.593606,2.751,150,0,0,0,0,70,0,1
switch,1880,0,500,220,0,150,0,64.643470,2.387,150,0,0,0,0,70,0,1
switch,1881,1,500,220,0,150,0,64.693846,2.881,220,0,1,0,34,71,0,1
switch,1882,1,500,220,0,150,0,64.743558,1.641,220,0,1,0,0,71,0,1
switch,1883,1,500,220,0,150,0,64.793524,2.311,220,0,1,0,0,71,0,1
switch,1884,1,500,220,0,150,0,64.843774,2.833,220,0,1,0,0,71,0,1
switch,1885,1,500,220,0,150,0,64.893799,2.622,220,0,1,0,0,71,0,1
switch,1886,1,500,220,0,150,0,64.943888,2.254,220,0,1,0,0,71,0,1
switch,1887,1,500,220,0,150,0,64.993514,2.263,220,0,1,0,0,71,0,1
switch,1888,1,500,220,0,150,0,65.043787,2.514,220,0,1,0,0,71,0,1
switch,1889,1,500,220,0,150,0,65.093697,2.364,220,0,1,0,0,71,0,1
switch,1890,1,500,220,0,150,0,65.143673,3.116,220,0,1,0,0,71,0,1
switch,1891,0,500,220,0,150,0,65.193524,2.110,150,0,0,0,34,72,0,1
switch,1892,0,500,220,0,150,0,65.243519,1.767,150,0,0,0,0,72,0,1
switch,1893,0,500,220,0,150,0,65.293871,1.951,150,0,0,0,0,72,0,1
switch,1894,0,500,220,0,150,0,65.343589,2.119,150,0,0,0,0,72,0,1
switch,1895,0,500,220,0,150,0,65.393774,2.537,150,0,0,0,0,72,0,1
switch,1896,0,500,220,0,150,0,65.443540,2.291,150,0,0,0,0,72,0,1
switch,1897,0,500,220,0,150,0,65.493500,2.087,150,0,0,0,0,72,0,1
switch,1898,0,500,220,0,150,0,65.543629,2.576,150,0,0,0,0,72,0,1
switch,1899,0,500,220,0,150,0,65.593595,2.310,150,0,0,0,0,72,0,1
switch,1900,0,500,220,0,150,0,65.643617,2.030,150,0,0,0,0,72,0,1
switch,1901,1,500,220,0,150,0,65.693480,2.014,220,0,1,0,34,73,0,1
switch,1902,1,500,220,0,150,0,65.743491,2.571,220,0,1,0,0,73,0,1
switch,1903,1,500,220,0,150,0,65.793536,2.316,220,0,1,0,0,73,0,1
switch,1904,1,500,220,0,150,0,65.843808,2.534,220,0,1,0,0,73,0,1
switch,1905,1,500,220,0,150,0,65.893743,2.440,220,0,1,0,0,73,0,1
switch,1906,1,500,220,0,150,0,65.943549,2.411,220,0,1,0,0,73,0,1
switch,1907,1,500,220,0,150,0,65.993938,2.555,220,0,1,0,0,73,0,1
switch,1908,1,500,220,0,150,0,66.043637,2.592,220,0,1,0,0,73,0,1
switch,1909,1,500,220,0,150,0,66.093607,2.576,220,0,1,0,0,73,0,1
switch,1910,1,500,220,0,150,0,66.143833,2.759,220,0,1,0,0,73,0,1
switch,1911,0,500,220,0,150,0,66.193555,1.844,150,0,0,0,34,74,0,1
switch,1912,0,500,220,0,150,0,66.243546,2.458,150,0,0,0,0,74,0,1
switch,1913,0,500,220,0,150,0,66.293524,2.292,150,0,0,0,0,74,0,1
switch,1914,0,500,220,0,150,0,66.343533,2.071,150,0,0,0,0,74,0,1
switch,1915,0,500,220,0,150,0,66.393536,2.846,150,0,0,0,0,74,0,1
switch,1916,0,500,220,0,150,0,66.443760,2.362,150,0,0,0,0,74,0,1
switch,1917,0,500,220,0,150,0,66.493897,2.559,150,0,0,0,0,74,0,1
switch,1918,0,500,220,0,150,0,66.543767,3.255,150,0,0,0,0,74,0,1
switch,1919,0,500,220,0,150,0,66.593497,2.835,150,0,0,0,0,74,0,1
switch,1920,0,500,220,0,150,0,66.643540,2.893,150,0,0,0,0,74,0,1
switch,1921,1,500,220,0,150,0,66.693705,1.577,220,0,1,0,35,75,0,1
switch,1922,1,500,220,0,150,0,66.743843,2.402,220,0,1,0,0,75,0,1
switch,1923,1,500,220,0,150,0,66.793579,2.394,220,0,1,0,0,75,0,1
switch,1924,1,500,220,0,150,0,66.843583,1.897,220,0,1,0,0,75,0,1
switch,1925,1,500,220,0,150,0,66.893550,2.586,220,0,1,0,0,75,0,1
switch,1926,1,500,220,0,150,0,66.943733,2.187,220,0,1,0,0,75,0,1
switch,1927,1,500,220,0,150,0,66.993843,2.423,220,0,1,0,0,75,0,1
switch,1928,1,500,220,0,150,0,67.043900,3.403,220,0,1,0,0,75,0,1
switch,1929,1,500,220,0,150,0,67.093538,2.161,220,0,1,0,0,75,0,1
switch,1930,1,500,220,0,150,0,67.143599,1.959,220,0,1,0,0,75,0,1
switch,1931,0,500,220,0,150,0,67.193525,2.476,150,0,0,0,34,76,0,1
switch,1932,0,500,220,0,150,0,67.243537,2.235,150,0,0,0,0,76,0,1
switch,1933,0,500,220,0,150,0,67.293818,2.758,150,0,0,0,0,76,0,1
switch,1934,0,500,220,0,150,0,67.343503,1.916,150,0,0,0,0,76,0,1
switch,1935,0,500,220,0,150,0,67.393679,2.233,150,0,0,0,0,76,0,1
switch,1936,0,500,220,0,150,0,67.443562,3.213,150,0,0,0,0,76,0,1
switch,1937,0,500,220,0,150,0,67.493888,2.715,150,0,0,0,0,76,0,1
switch,1938,0,500,220,0,150,0,67.543543,2.294,150,0,0,0,0,76,0,1
switch,1939,0,500,220,0,150,0,67.593568,2.273,150,0,0,0,0,76,0,1
switch,1940,0,500,220,0,150,0,67.644060,3.274,150,0,0,0,0,76,0,1
switch,1941,1,500,220,0,150,0,67.693539,2.455,220,0,1,0,35,77,0,1
switch,1942,1,500,220,0,150,0,67.743731,3.145,220,0,1,0,0,77,0,1
switch,1943,1,500,220,0,150,0,67.793521,1.992,220,0,1,0,0,77,0,1
switch,1944,1,500,220,0,150,0,67.843671,2.588,220,0,1,0,0,77,0,1
switch,1945,1,500,220,0,150,0,67.893717,2.960,220,0,1,0,0,77,0,1
switch,1946,1,500,220,0,150,0,67.943844,3.385,220,0,1,0,0,77,0,1
switch,1947,1,500,220,0,150,0,67.994254,2.416,220,0,1,0,0,77,0,1
switch,1948,1,500,220,0,150,0,68.043620,2.170,220,0,1,0,0,77,0,1
switch,1949,1,500,220,0,150,0,68.093687,2.898,220,0,1,0,0,77,0,1
switch,1950,1,500,220,0,150,0,68.143709,2.526,220,0,1,0,0,77,0,1
switch,1951,0,500,220,0,150,0,68.193583,2.631,150,0,0,0,35,78,0,1
switch,1952,0,500,220,0,150,0,68.243553,2.037,150,0,0,0,0,78,0,1
switch,1953,0,500,220,0,150,0,68.293574,1.798,150,0,0,0,0,78,0,1
switch,1954,0,500,220,0,150,0,68.343608,2.320,150,0,0,0,0,78,0,1
switch,1955,0,500,220,0,150,0,68.393680,2.076,150,0,0,0,0,78,0,1
switch,1956,0,500,220,0,150,0,68.443460,2.799,150,0,0,0,0,78,0,1
switch,1957,0,500,220,0,150,0,68.493511,1.575,150,0,0,0,0,78,0,1
switch,1958,0,500,220,0,150,0,68.543785,1.939,150,0,0,0,0,78,0,1
switch,1959,0,500,220,0,150,0,68.593806,2.770,150,0,0,0,0,78,0,1
switch,1960,0,500,220,0,150,0,68.643463,2.647,150,0,0,0,0,78,0,1
switch,1961,1,500,220,0,150,0,68.693612,2.219,220,0,1,0,35,79,0,1
switch,1962,1,500,220,0,150,0,68.744030,2.718,220,0,1,0,0,79,0,1
switch,1963,1,500,220,0,150,0,68.793643,3.031,220,0,1,0,0,79,0,1
switch,1964,1,500,220,0,150,0,68.843738,3.233,220,0,1,0,0,79,0,1
switch,1965,1,500,220,0,150,0,68.893533,2.069,220,0,1,0,0,79,0,1
switch,1966,1,500,220,0,150,0,68.943585,1.944,220,0,1,0,0,79,0,1
switch,1967,1,500,220,0,150,0,68.993557,2.357,220,0,1,0,0,79,0,1
switch,1968,1,500,220,0,150,0,69.043755,2.846,220,0,1,0,0,79,0,1
switch,1969,1,500,220,0,150,0,69.093560,2.750,220,0,1,0,0,79,0,1
switch,1970,1,500,220,0,150,0,69.143583,2.810,220,0,1,0,0,79,0,1
switch,1971,0,500,220,0,150,0,69.193938,1.853,150,0,0,0,35,80,0,1
switch,1972,0,500,220,0,150,0,69.243589,2.882,150,0,0,0,0,80,0,1
switch,1973,0,500,220,0,150,0,69.293771,2.421,150,0,0,0,0,80,0,1
switch,1974,0,500,220,0,150,0,69.343538,2.356,150,0,0,0,0,80,0,1
switch,1975,0,500,220,0,150,0,69.393766,2.766,150,0,0,0,0,80,0,1
switch,1976,0,500,220,0,150,0,69.443603,2.667,150,0,0,0,0,80,0,1
switch,1977,0,500,220,0,150,0,69.493706,2.191,150,0,0,0,0,80,0,1
switch,1978,0,500,220,0,150,0,69.543500,3.055,150,0,0,0,0,80,0,1
switch,1979,0,500,220,0,150,0,69.593540,2.581,150,0,0,0,0,80,0,1
switch,1980,0,500,220,0,150,0,69.643648,2.322,150,0,0,0,0,80,0,1
switch,1981,1,500,220,0,150,0,69.693580,2.131,220,0,1,0,34,81,0,1
switch,1982,1,500,220,0,150,0,69.743551,1.989,220,0,1,0,0,81,0,1
switch,1983,1,500,220,0,150,0,69.793531,1.495,220,0,1,0,0,81,0,1
switch,1984,1,500,220,0,150,0,69.844097,2.586,220,0,1,0,0,81,0,1
switch,1985,1,500,220,0,150,0,69.893539,2.694,220,0,1,0,0,81,0,1
switch,1986,1,500,220,0,150,0,69.943593,2.372,220,0,1,0,0,81,0,1
switch,1987,1,500,220,0,150,0,69.993795,2.209,220,0,1,0,0,81,0,1
switch,1988,1,500,220,0,150,0,70.043532,1.897,220,0,1,0,0,81,0,1
switch,1989,1,500,220,0,150,0,70.093501,2.577,220,0,1,0,0,81,0,1
switch,1990,1,500,220,0,150,0,70.143741,2.970,220,0,1,0,0,81,0,1
switch,1991,0,500,220,0,150,0,70.194112,3.181,150,0,0,0,35,82,0,1
switch,1992,0,500,220,0,150,0,70.243724,2.349,150,0,0,0,0,82,0,1
switch,1993,0,500,220,0,150,0,70.293517,2.557,150,0,0,0,0,82,0,1
switch,1994,0,500,220,0,150,0,70.343773,2.689,150,0,0,0,0,82,0,1
switch,1995,0,500,220,0,150,0,70.393502,1.670,150,0,0,0,0,82,0,1
switch,1996,0,500,220,0,150,0,70.443918,3.595,150,0,0,0,0,82,0,1
switch,1997,0,500,220,0,150,0,70.493894,1.703,150,0,0,0,0,82,0,1
switch,1998,0,500,220,0,150,0,70.543634,1.774,150,0,0,0,0,82,0,1
switch,1999,0,500,220,0,150,0,70.593680,2.833,150,0,0,0,0,82,0,1
switch,2000,0,500,220,0,150,0,70.643497,2.311,150,0,0,0,0,82,0,1
switch,2001,1,500,220,0,150,0,70.694202,2.158,220,0,1,0,35,83,0,1
switch,2002,1,500,220,0,150,0,70.743756,2.497,220,0,1,0,0,83,0,1
switch,2003,1,500,220,0,150,0,70.793507,2.137,220,0,1,0,0,83,0,1
switch,2004,1,500,220,0,150,0,70.843507,2.129,220,0,1,0,0,83,0,1
switch,2005,1,500,220,0,150,0,70.893671,2.404,220,0,1,0,0,83,0,1
switch,2006,1,500,220,0,150,0,70.943845,3.184,220,0,1,0,0,83,0,1
switch,2007,1,500,220,0,150,0,70.993521,2.073,220,0,1,0,0,83,0,1
switch,2008,1,500,220,0,150,0,71.043532,1.837,220,0,1,0,0,83,0,1
switch,2009,1,500,220,0,150,0,71.093518,2.958,220,0,1,0,0,83,0,1
switch,2010,1,500,220,0,150,0,71.143611,2.909,220,0,1,0,0,83,0,1
wdog,2011,0,500,220,0,150,0,71.146595,2.119,150,0,0,0,34,84,0,1
wdog,2012,0,500,220,0,150,0,71.196713,2.461,150,0,0,0,0,84,0,1
wdog,2013,0,500,220,0,150,0,71.246937,2.121,150,0,0,0,0,84,0,1
wdog,2014,0,500,220,0,150,0,71.296718,2.885,150,0,0,0,0,84,0,1
wdog,2015,0,500,220,0,150,0,71.346686,2.729,150,0,0,0,0,84,0,1
wdog,2016,0,500,220,0,150,0,71.396713,2.238,150,0,0,0,0,84,0,1
wdog,2017,0,500,220,0,150,0,71.447058,2.608,150,0,0,0,0,84,0,1
wdog,2018,0,500,220,0,150,0,71.496999,2.435,150,0,0,0,0,84,0,1
wdog,2019,0,500,220,0,150,0,71.547067,2.862,150,0,0,0,0,84,0,1
wdog,2020,0,500,220,0,150,0,71.596885,2.920,150,0,0,0,0,84,0,1
