line,kind,seq,flag,t_scan_rx_ns,t_flag_rx_ns,t_uart_tx_ns,t_c_rx_ns,sim_time,x,y,yaw,wp_i,min_range,min_mm,local_v,local_w,edge_v,edge_w,edge_ok,edge_seq_used,t_send_ns,t_recv_ns,rtt_us,held,deadline_miss,rtt_min_us,rtt_win_us,rtt_degraded,t_det_rtt_ns,flag_seq,t_det_meta_ns,c_seq,v_out,w_out,mode,state,switch_us,n_sw,bad_lines,lost
1,settle,0,0,3590036100240,,3590036165407,3590039256906,26.359,0.0000,0.0000,0.0000,0,0.5988,598,0,0,0,0,0,,,,,,,,,,,,,0,0,0,0,0,26,18,0,0
2,scan,1,0,3590073017756,,3590073161904,3590074586583,26.859,0.0001,-0.0000,0.0000,0,0.5993,599,220,0,0,0,0,,,,,1,1,,,0,,,,1,0,0,0,0,0,18,0,0
3,scan,2,0,3590122777229,,3590122942045,3590124871449,26.909,0.0001,-0.0000,0.0000,0,0.5979,597,220,0,0,0,0,,,,,1,1,,,0,,,,2,0,0,0,0,0,18,0,0
4,scan,3,0,3590173017909,,3590173145190,3590174580271,26.959,0.0001,-0.0000,0.0000,0,0.5877,587,220,0,0,0,0,,,,,1,1,,,0,,,,3,0,0,0,0,0,18,0,0
5,scan,4,0,3590222644961,,3590222772995,3590224513585,27.009,0.0001,-0.0000,0.0000,0,0.5967,596,220,0,0,0,0,,,,,1,1,,,0,,,,4,0,0,0,0,0,18,0,0
6,scan,5,0,3590272359381,,3590272493824,3590274586359,27.059,0.0001,-0.0000,0.0000,0,0.5924,592,220,0,0,0,0,,,,,1,1,,,0,,,,5,0,0,0,0,0,18,0,0
7,scan,6,0,3590322483207,,3590322630508,3590324649661,27.109,0.0001,-0.0000,0.0000,0,0.5996,599,220,0,220,1,1,1,3590073076004,3590280855029,207779,0,1,207779,207779,0,,,,6,220,1,0,0,0,18,0,0
8,scan,7,0,3590372708633,,3590372847935,3590374701677,27.159,0.0012,-0.0000,0.0000,0,0.5946,594,220,0,220,1,1,2,3590122842833,3590330762628,207919,0,1,207779,207849,0,,,,7,220,1,0,0,0,18,0,0
9,scan,8,0,3590422904875,,3590423038705,3590424724376,27.209,0.0035,-0.0000,0.0000,0,0.5794,579,220,0,220,1,1,3,3590173065106,3590379911975,206846,0,1,206846,207515,0,,,,8,220,1,0,0,0,18,0,0
10,scan,9,0,3590472942864,,3590473085610,3590474512728,27.259,0.0116,-0.0000,-0.0000,0,0.5897,589,220,0,220,1,1,4,3590222691310,3590430091163,207399,0,1,206846,207486,0,,,,9,220,1,0,0,0,18,0,0
11,scan,10,0,3590523027624,,3590523159443,3590525390822,27.309,0.0174,-0.0000,-0.0000,0,0.5761,576,220,0,220,1,1,5,3590272406466,3590479066811,206660,0,1,206660,207321,0,,,,10,220,1,0,0,0,18,0,0
12,scan,11,0,3590573078505,,3590573207730,3590575417093,27.359,0.0318,-0.0000,0.0000,0,0.5619,561,220,0,220,1,1,6,3590322542682,3590529068439,206525,0,1,206525,207188,0,,,,11,220,1,0,0,0,18,0,0
13,scan,12,0,3590622828287,,3590622956200,3590624582043,27.409,0.0393,-0.0000,0.0000,0,0.5530,553,220,0,220,1,1,7,3590372755378,3590579939444,207184,0,1,206525,207187,0,,,,12,220,1,0,0,0,18,0,0
14,scan,13,0,3590672627230,,3590672758375,3590674509695,27.459,0.0542,-0.0000,0.0001,0,0.5565,556,220,0,220,1,1,8,3590422952960,3590630331639,207378,0,1,206525,207211,0,,,,13,220,1,0,0,0,18,0,0
15,scan,14,0,3590722831645,,3590722967942,3590724459385,27.509,0.0617,-0.0000,0.0002,0,0.5462,546,220,0,220,1,1,9,3590472992613,3590680087525,207094,0,1,206525,207198,0,,,,14,220,1,0,0,0,18,0,0
16,scan,15,0,3590773039405,,3590773204560,3590774514141,27.559,0.0766,0.0000,0.0002,0,0.5143,514,220,0,220,1,1,10,3590523073250,3590730392634,207319,0,1,206525,207210,0,,,,15,220,1,0,0,0,18,0,0
17,scan,16,0,3590823203613,,3590823339182,3590825620652,27.609,0.0841,0.0000,0.0003,0,0.5309,530,220,-1,220,1,1,11,3590573121627,3590780127365,207005,0,1,206525,207192,0,,,,16,220,1,0,0,0,18,0,0
18,scan,17,0,3590873204875,,3590873351879,3590875737711,27.659,0.0916,0.0000,0.0003,0,0.5187,518,220,-1,220,1,1,12,3590622873022,3590830472995,207599,0,1,206525,207226,0,,,,17,220,1,0,0,0,18,0,0
19,scan,18,0,3590923669091,,3590923822366,3590925690851,27.709,0.1066,0.0000,0.0004,0,0.5114,511,220,-1,220,1,1,13,3590672668943,3590880257591,207588,0,1,206525,207253,0,,,,18,220,1,0,0,0,18,0,0
20,scan,19,0,3590973772685,,3590973906340,3590975625670,27.759,0.1140,0.0000,0.0004,0,0.4913,491,220,-1,220,1,1,14,3590722878127,3590930343395,207465,0,1,206525,207269,0,,,,19,220,1,0,0,0,18,0,0
21,scan,20,0,3591024090298,,3591024229063,3591026421433,27.809,0.1290,0.0000,0.0005,0,0.4807,480,220,-1,220,1,1,15,3590773078886,3590979991246,206912,0,1,206525,207245,0,,,,20,220,1,0,0,0,18,0,0
22,scan,21,0,3591073892776,,3591074027211,3591075483948,27.859,0.1365,0.0000,0.0005,0,0.4858,485,220,-1,220,1,1,16,3590823251729,3591030218187,206966,0,1,206525,207227,0,,,,21,220,1,0,0,0,18,0,0
23,scan,22,0,3591123862778,,3591124046271,3591125487217,27.909,0.1514,0.0000,0.0006,0,0.4663,466,220,-1,220,1,1,17,3590873251724,3591080217030,206965,0,1,206525,207212,0,,,,22,220,1,0,0,0,18,0,0
24,scan,23,0,3591174349692,,3591174572486,3591176496767,27.959,0.1589,0.0000,0.0006,0,0.4721,472,220,-1,220,1,1,18,3590923717965,3591130639388,206921,0,1,206525,207196,0,,,,23,220,1,0,0,0,18,0,0
25,scan,24,0,3591223915257,,3591224104068,3591226400725,28.009,0.1739,0.0000,0.0007,0,0.4583,458,220,-1,220,1,1,19,3590973820074,3591178931188,205111,0,1,205111,207086,0,,,,24,220,1,0,0,0,18,0,0
26,scan,25,0,3591273739595,,3591273877544,3591275654688,28.059,0.1814,0.0000,0.0007,0,0.4522,452,220,-1,220,1,1,20,3591024138259,3591231961811,207823,0,1,205111,207123,0,,,,25,220,1,0,0,0,18,0,0
27,scan,26,0,3591323798891,,3591323932198,3591325564516,28.109,0.1963,0.0001,0.0008,0,0.4416,441,220,-2,220,1,1,21,3591073939386,3591281639718,207700,0,1,205111,207150,0,,,,26,220,1,0,0,0,18,0,0
28,scan,27,0,3591374019031,,3591374220703,3591376486104,28.159,0.2038,0.0001,0.0008,0,0.4350,434,220,-2,220,-1,1,22,3591123911870,3591331543217,207631,0,1,205111,207172,0,,,,27,220,-1,0,0,0,18,0,0
29,scan,28,0,3591423776552,,3591423898715,3591425571504,28.209,0.2188,0.0001,0.0009,0,0.4210,420,220,-2,220,-1,1,23,3591174415822,3591381468183,207052,0,1,205111,207167,0,,,,28,220,-1,0,0,0,18,0,0
30,scan,29,0,3591474424004,,3591474570623,3591476602451,28.259,0.2263,0.0001,0.0008,0,0.4032,403,220,-2,220,-1,1,24,3591223963970,3591431159541,207195,0,1,205111,207168,0,,,,29,220,-1,0,0,0,18,0,0
31,scan,30,0,3591523893928,,3591524088335,3591526423987,28.309,0.2412,0.0001,0.0007,0,0.4106,410,220,-2,220,-1,1,25,3591273787685,3591481555217,207767,0,1,205111,207192,0,,,,30,220,-1,0,0,0,18,0,0
32,scan,31,0,3591574208307,,3591574326183,3591576386987,28.359,0.2487,0.0001,0.0006,0,0.4104,410,220,-1,220,-1,1,26,3591323843359,3591531263929,207420,0,1,205111,207201,0,,,,31,220,-1,0,0,0,18,0,0
33,scan,32,0,3591625157789,,3591625419753,3591627546977,28.409,0.2637,0.0001,0.0006,0,0.4028,402,220,-1,220,-1,1,27,3591374087856,3591581532174,207444,0,1,205111,207210,0,,,,32,220,-1,0,0,0,18,0,0
34,scan,33,0,3591674548545,,3591674731298,3591676654962,28.459,0.2712,0.0001,0.0006,0,0.4003,400,220,-1,220,-1,1,28,3591423817849,3591630108771,206290,0,1,205111,207177,0,,,,33,220,-1,0,0,0,18,0,0
35,scan,34,0,3591724544105,,3591724686834,3591726528664,28.509,0.2786,0.0001,0.0006,0,0.3855,385,220,-1,220,-1,1,29,3591474467833,3591679314489,204846,0,1,204846,207097,0,,,,34,220,-1,0,1,0,18,0,0
36,scan,35,0,3591774531146,,3591774697506,3591776577744,28.559,0.2936,0.0001,0.0005,0,0.3832,383,220,-1,220,-1,1,30,3591523939810,3591728950237,205010,0,1,204846,207027,0,,,,35,220,-1,0,1,0,18,0,0
37,scan,36,0,3591824515052,,3591824685753,3591826469348,28.609,0.3011,0.0001,0.0004,0,0.3760,376,220,-1,220,-1,1,31,3591574253002,3591778914937,204661,0,1,204661,206951,0,,,,36,220,-1,0,1,0,18,0,0
38,scan,37,0,3591874738233,,3591874864665,3591876533686,28.659,0.3160,0.0001,0.0004,0,0.3719,371,220,-1,220,-1,1,32,3591625244565,3591837327057,212082,0,1,204661,207111,0,,,,37,220,-1,0,1,0,18,0,0
39,scan,38,0,3591924635134,,3591924814767,3591926553196,28.709,0.3235,0.0001,0.0003,0,0.3675,367,220,-1,220,-1,1,33,3591674619161,3591882181915,207562,0,1,204661,207125,0,,,,38,220,-1,0,1,0,18,0,0
40,scan,39,0,3591974526575,,3591974693275,3591976495741,28.759,0.3384,0.0001,0.0003,0,0.3723,372,220,-1,220,-1,1,34,3591724603132,3591932106391,207503,0,1,204661,207136,0,,,,39,220,-1,0,1,0,18,0,0
41,scan,40,0,3592024786223,,3592024917112,3592026515949,28.809,0.3459,0.0001,0.0002,0,0.3740,373,220,-1,220,1,1,35,3591774576138,3591981745179,207169,0,1,204661,207137,0,,,,40,220,1,0,1,0,18,0,0
42,scan,41,0,3592074690086,,3592074813840,3592076516239,28.859,0.3609,0.0001,0.0002,0,0.3629,362,220,-1,220,1,1,36,3591824560150,3592031614086,207053,0,1,204661,207135,0,,,,41,220,1,0,1,0,18,0,0
43,scan,42,0,3592125108315,,3592125311610,3592127375876,28.909,0.3684,0.0001,0.0002,0,0.3639,363,220,-1,220,1,1,37,3591874780994,3592082331675,207550,0,1,204661,207146,0,,,,42,220,1,0,1,0,18,0,0
44,scan,43,0,3592174817268,,3592174952658,3592176517016,28.959,0.3833,0.0002,0.0003,0,0.3591,359,220,-1,220,1,1,38,3591924696247,3592132196934,207500,0,1,204661,207155,0,,,,43,220,1,0,1,0,18,0,0
45,scan,44,0,3592224721967,,3592224856707,3592226528860,29.009,0.3908,0.0002,0.0004,0,0.3671,367,220,-1,220,1,1,39,3591974576781,3592181793990,207217,0,1,204661,207157,0,,,,44,220,1,0,1,0,18,0,0
46,scan,45,0,3592274708785,,3592274854609,3592276500476,29.059,0.4058,0.0002,0.0004,0,0.3587,358,220,-1,220,1,1,40,3592024832362,3592232262328,207429,0,1,204661,207163,0,,,,45,220,1,0,1,0,18,0,0
47,scan,46,0,3592324846203,,3592325017669,3592326552458,29.109,0.4132,0.0002,0.0004,0,0.3645,364,220,-1,220,1,1,41,3592074732164,3592281921240,207189,0,1,204661,207149,0,,,,46,220,1,0,1,0,18,0,0
48,scan,47,0,3592374996125,,3592375140743,3592377398649,29.159,0.4282,0.0002,0.0005,0,0.3824,382,220,-1,220,1,1,42,3592125178693,3592332255480,207076,0,1,204661,207128,0,,,,47,220,1,0,1,0,18,0,0
49,scan,48,0,3592425032138,,3592425174527,3592427434518,29.209,0.4357,0.0002,0.0006,0,0.4097,409,220,-2,220,1,1,43,3592174861773,3592381464722,206602,0,1,204661,207122,0,,,,48,220,1,0,0,0,18,0,0
50,scan,49,0,3592475126454,,3592475258834,3592477394676,29.259,0.4507,0.0002,0.0006,0,0.6444,644,220,-2,220,1,1,44,3592224769119,3592431712406,206943,0,1,204661,207110,0,,,,49,220,1,0,0,0,18,0,0
51,scan,50,0,3592524842500,,3592524991101,3592526475535,29.309,0.4581,0.0002,0.0007,0,1.5121,1512,220,-2,220,1,1,45,3592274761084,3592482720801,207959,0,1,204661,207143,0,,,,50,220,1,0,0,0,18,0,0
52,scan,51,0,3592575205730,,3592575359287,3592577459548,29.359,0.4656,0.0002,0.0007,0,1.4901,1490,220,-2,220,1,1,46,3592324903008,3592532187312,207284,0,1,204661,207162,0,,,,51,220,1,0,0,0,18,0,0
53,scan,52,0,3592625837477,,3592625973551,3592627519006,29.409,0.4806,0.0002,0.0008,0,1.4811,1481,220,-2,220,0,1,47,3592375039834,3592583081135,208041,0,1,204661,207183,0,,,,52,220,0,0,0,0,18,0,0
54,scan,53,0,3592675551365,,3592675670275,3592677596069,29.459,0.4881,0.0002,0.0008,0,1.4689,1468,220,-2,220,0,1,48,3592425081921,3592631968899,206886,0,1,204661,207171,0,,,,53,220,0,0,0,0,18,0,0
55,scan,54,0,3592725873769,,3592726033853,3592727492597,29.509,0.5030,0.0002,0.0008,0,1.4647,1464,220,-2,220,0,1,49,3592475168110,3592682991389,207823,0,1,204661,207189,0,,,,54,220,0,0,0,0,18,0,0
56,scan,55,0,3592775691779,,3592775824392,3592777474297,29.559,0.5105,0.0002,0.0008,0,1.4405,1440,220,-2,220,0,1,50,3592524896909,3592731897533,207000,0,1,204661,207181,0,,,,55,220,0,0,0,0,18,0,0
57,scan,56,0,3592825529893,,3592825669831,3592827558671,29.609,0.5254,0.0002,0.0008,0,1.4419,1441,220,-2,220,0,1,51,3592575256460,3592782752676,207496,0,1,204661,207193,0,,,,56,220,0,0,0,0,18,0,0
58,scan,57,0,3592875503931,,3592875629957,3592877513456,29.659,0.5329,0.0002,0.0008,0,1.4326,1432,220,-2,220,0,1,52,3592625882160,3592833140669,207258,0,1,204661,207185,0,,,,57,220,0,0,0,0,18,0,0
59,scan,58,0,3592925694361,,3592925817747,3592927575552,29.709,0.5479,0.0003,0.0008,0,1.4144,1414,220,-2,220,0,1,53,3592675593351,3592883692931,208099,0,1,204661,207198,0,,,,58,220,0,0,0,0,18,0,0
60,scan,59,0,3592976151212,,3592976316066,3592978524838,29.759,0.5554,0.0003,0.0008,0,1.4099,1409,220,-2,220,0,1,54,3592725929462,3592933622976,207693,0,1,204661,207203,0,,,,59,220,0,0,0,0,18,0,0
61,scan,60,0,3593025493059,,3593025625035,3593027472482,29.809,0.5703,0.0003,0.0008,0,1.3963,1396,220,-2,220,0,1,55,3592775737639,3592983274589,207536,0,1,204661,207219,0,,,,60,220,0,0,0,0,18,0,0
62,scan,61,0,3593075388988,,3593075509212,3593077546886,29.859,0.5778,0.0003,0.0008,0,1.3868,1386,220,-2,220,0,1,56,3592825575590,3593032057766,206482,0,1,204661,207207,0,,,,61,220,0,0,0,0,18,0,0
63,scan,62,0,3593125853188,,3593126002805,3593127485652,29.909,0.5928,0.0003,0.0008,0,1.3672,1367,220,-3,220,0,1,57,3592875550877,3593083538957,207988,0,1,204661,207232,0,,,,62,220,0,0,0,0,18,0,0
64,scan,63,0,3593175809636,,3593175945729,3593177474714,29.959,0.6003,0.0003,0.0008,0,1.3609,1360,220,-3,220,0,1,58,3592925736617,3593133023469,207286,0,1,204661,207241,0,,,,63,220,0,0,0,0,18,0,0
65,scan,64,0,3593225592733,,3593225719377,3593227542787,30.009,0.6152,0.0003,0.0008,0,1.3486,1348,220,-3,220,0,1,59,3592976209070,3593183704488,207495,0,1,204661,207301,0,,,,64,220,0,0,0,0,18,0,0
66,scan,65,0,3593275638852,,3593275765616,3593277462867,30.059,0.6227,0.0003,0.0008,0,1.3406,1340,220,-3,220,0,1,60,3593025531102,3593233183477,207652,0,1,204661,207297,0,,,,65,220,0,0,0,0,18,0,0
67,scan,66,0,3593325924370,,3593326045959,3593327659982,30.109,0.6377,0.0003,0.0008,0,1.3296,1329,220,-3,220,0,1,61,3593075432076,3593283040381,207608,0,1,204661,207294,0,,,,66,220,0,0,0,0,18,0,0
68,scan,67,0,3593376092738,,3593376230261,3593378482160,30.159,0.6451,0.0003,0.0008,0,1.3085,1308,220,-3,220,0,1,62,3593125903655,3593333606189,207702,0,1,204661,207296,0,,,,67,220,0,0,0,0,18,0,0
69,scan,68,0,3593425823142,,3593425972758,3593427599156,30.209,0.6526,0.0003,0.0008,0,1.3120,1311,220,-3,220,0,1,63,3593175856762,3593383431398,207574,0,1,204661,207309,0,,,,68,220,0,0,0,0,18,0,0
70,scan,69,0,3593476263250,,3593476388334,3593478511639,30.259,0.6676,0.0004,0.0008,0,1.2920,1292,220,-3,220,0,1,64,3593225635087,3593432943426,207308,0,1,204661,207312,0,,,,69,220,0,0,0,0,18,0,0
71,scan,70,0,3593525900130,,3593526026526,3593527563416,30.309,0.6750,0.0004,0.0008,0,1.2880,1288,220,-3,220,0,1,65,3593275680943,3593483407860,207726,0,1,204661,207311,0,,,,70,220,0,0,0,0,18,0,0
72,scan,71,0,3593575938628,,3593576083981,3593578484139,30.359,0.6900,0.0004,0.0008,0,1.2736,1273,220,-3,220,0,1,66,3593325963235,3593532884060,206920,0,1,204661,207299,0,,,,71,220,0,0,0,0,18,0,0
73,scan,72,0,3593625896785,,3593626033565,3593627527352,30.409,0.6975,0.0004,0.0008,0,1.2647,1264,220,-3,220,0,1,67,3593376140564,3593582446363,206305,0,1,204661,207270,0,,,,72,220,0,0,0,0,18,0,0
74,scan,73,0,3593675969522,,3593676138361,3593677472394,30.459,0.7124,0.0004,0.0008,0,1.2567,1256,220,-3,220,0,1,68,3593425874174,3593632491739,206617,0,1,204661,207278,0,,,,73,220,0,0,0,0,18,0,0
75,scan,74,0,3593726001103,,3593726153171,3593728517722,30.509,0.7199,0.0004,0.0008,0,1.2475,1247,220,-3,220,0,1,69,3593476306667,3593683488906,207182,0,1,204661,207337,0,,,,74,220,0,0,0,0,18,0,0
76,scan,75,0,3593776582724,,3593776710944,3593778519386,30.559,0.7349,0.0004,0.0008,0,1.2285,1228,220,-3,220,0,1,70,3593525943310,3593733234147,207290,0,1,204661,207394,0,,,,75,220,0,0,0,0,18,0,0
77,scan,76,0,3593826729005,,3593826855697,3593828638116,30.609,0.7424,0.0004,0.0008,0,1.2251,1225,220,-3,220,0,1,71,3593575982071,3593783848341,207866,0,1,204661,207474,0,,,,76,220,0,0,0,0,18,0,0
78,scan,77,0,3593876303470,,3593876446191,3593879557078,30.659,0.7573,0.0004,0.0008,0,1.2080,1208,220,-3,220,0,1,72,3593625943796,3593833431280,207487,0,1,204661,207359,0,,,,77,220,0,0,0,0,18,0,0
79,scan,78,0,3593926472477,,3593926628509,3593928608376,30.709,0.7648,0.0004,0.0008,0,1.2004,1200,220,-4,220,0,1,73,3593676050741,3593883417719,207366,0,1,204661,207354,0,,,,78,220,0,0,0,0,18,0,0
80,scan,79,0,3593976544544,,3593976709979,3593978579420,30.759,0.7798,0.0004,0.0008,0,1.1812,1181,220,-4,220,0,1,74,3593726052588,3593933605452,207552,0,1,204661,207355,0,,,,79,220,0,0,0,0,18,0,0
81,scan,80,0,3594026358496,,3594026482797,3594028612906,30.809,0.7873,0.0004,0.0008,0,1.1759,1175,220,-4,220,0,1,75,3593776627709,3593985735366,209107,0,1,204661,207404,0,,,,80,220,0,0,0,0,18,0,0
82,scan,81,0,3594076606551,,3594076728768,3594078556609,30.859,0.8022,0.0005,0.0008,0,1.1581,1158,220,-4,220,0,1,76,3593826773916,3594034409032,207635,0,1,204661,207418,0,,,,81,220,0,0,0,0,18,0,0
83,scan,82,0,3594126576015,,3594126707540,3594128509306,30.909,0.8097,0.0005,0.0008,0,1.1432,1143,220,-4,220,0,1,77,3593876351383,3594083894970,207543,0,1,204661,207418,0,,,,82,220,0,0,0,0,18,0,0
84,scan,83,0,3594176945414,,3594177069488,3594178667851,30.959,0.8246,0.0005,0.0008,0,1.1433,1143,220,-4,220,0,1,78,3593926526384,3594134725183,208198,0,1,204661,207436,0,,,,83,220,0,0,0,0,18,0,0
85,scan,84,0,3594226804879,,3594226933920,3594228549146,31.009,0.8321,0.0005,0.0008,0,1.1395,1139,220,-4,220,0,1,79,3593976584968,3594184017250,207432,0,1,204661,207441,0,,,,84,220,0,0,0,0,18,0,0
86,scan,85,0,3594276846200,,3594276969729,3594278953962,31.059,0.8396,0.0005,0.0008,0,1.1176,1117,220,-4,220,0,1,80,3594026400978,3594233839543,207438,0,1,204661,207441,0,,,,85,220,0,0,0,0,18,0,0
87,scan,86,0,3594326797135,,3594326981475,3594329416461,31.109,0.8546,0.0005,0.0008,0,1.1167,1116,220,-4,220,0,1,81,3594076649443,3594283742999,207093,0,1,204661,207439,0,,,,86,220,0,0,0,0,18,0,0
88,scan,87,0,3594377068904,,3594377195712,3594378554836,31.159,0.8621,0.0005,0.0008,0,1.0991,1099,220,-5,220,0,1,82,3594126620905,3594334246249,207625,0,1,204661,207452,0,,,,87,220,0,0,0,0,18,0,0
89,scan,88,0,3594426603203,,3594426741700,3594428534323,31.209,0.8770,0.0005,0.0008,0,1.0925,1092,220,-5,220,0,1,83,3594176984165,3594383775514,206791,0,1,204661,207457,0,,,,88,220,0,0,0,0,18,0,0
90,scan,89,0,3594476999794,,3594477128273,3594478846792,31.259,0.8845,0.0005,0.0008,0,1.0676,1067,220,-5,220,0,1,84,3594226848411,3594434103593,207255,0,1,204661,207465,0,,,,89,220,0,0,0,0,18,0,0
91,scan,90,0,3594526844799,,3594526972750,3594528677233,31.309,0.8995,0.0005,0.0008,0,1.0606,1060,220,-5,220,0,1,85,3594276887258,3594484203232,207315,0,1,204661,207449,0,,,,90,220,0,0,0,0,18,0,0
92,scan,91,0,3594576824839,,3594576960616,3594578503603,31.359,0.9069,0.0005,0.0008,0,1.0474,1047,220,-5,220,0,1,86,3594326854106,3594534157593,207303,0,1,204661,207449,0,,,,91,220,0,0,0,0,18,0,0
93,scan,92,0,3594626986820,,3594627147178,3594629572983,31.409,0.9219,0.0006,0.0008,0,1.0421,1042,220,-6,220,-6,1,87,3594377112799,3594584079693,206966,0,1,204661,207422,0,,,,92,220,-6,0,0,0,18,0,0
94,scan,93,0,3594677386750,,3594677530589,3594679858464,31.459,0.9294,0.0006,0.0008,0,1.0262,1026,220,-6,220,-6,1,88,3594426650144,3594634312390,207662,0,1,204661,207442,0,,,,93,220,-6,0,0,0,18,0,0
95,scan,94,0,3594726903074,,3594727034571,3594728570934,31.509,0.9443,0.0006,0.0006,0,1.0229,1022,220,-6,220,-6,1,89,3594477043691,3594684377282,207333,0,1,204661,207430,0,,,,94,220,-6,0,0,0,18,0,0
96,scan,95,0,3594776977665,,3594777106197,3594779441530,31.559,0.9518,0.0006,0.0003,0,1.0066,1006,220,-5,220,-6,1,90,3594526889501,3594733917555,207028,0,1,204661,207430,0,,,,95,220,-6,0,0,0,18,0,0
97,scan,96,0,3594826570411,,3594826699767,3594828543978,31.609,0.9668,0.0006,-0.0003,0,1.0014,1001,220,-4,220,-7,1,91,3594576872035,3594781324200,204452,0,1,204452,207354,0,,,,96,220,-7,0,0,0,18,0,0
98,scan,97,0,3594876906466,,3594877030998,3594878661375,31.659,0.9743,0.0006,-0.0005,0,0.9928,992,220,-4,220,-7,1,92,3594627037384,3594831452082,204414,0,1,204414,207283,0,,,,97,220,-7,0,0,0,18,0,0
99,scan,98,0,3594927221671,,3594927353168,3594929487046,31.709,0.9892,0.0006,-0.0008,0,0.9818,981,220,-4,220,-7,1,93,3594677438155,3594881825689,204387,0,1,204387,207190,0,,,,98,220,-7,0,0,0,18,0,0
100,scan,99,0,3594977426861,,3594977550332,3594979531206,31.759,0.9967,0.0006,-0.0011,0,0.9553,955,220,-3,220,-8,1,94,3594726945231,3594931009117,204063,0,1,204063,207100,0,,,,99,220,-8,0,0,0,18,0,0
101,scan,100,0,3595027695107,,3595027897670,3595029551287,31.809,1.0117,0.0005,-0.0017,0,0.9512,951,220,-2,220,-6,1,95,3594777021765,3594983916372,206894,0,1,204063,207084,0,,,,100,220,-6,0,0,0,18,0,0
102,scan,101,0,3595077722347,,3595077845206,3595079496196,31.859,1.0191,0.0005,-0.0019,0,0.9409,940,220,-2,220,-6,1,96,3594826610577,3595034169414,207558,0,1,204063,207110,0,,,,101,220,-6,0,0,0,18,0,0
103,scan,102,0,3595127483018,,3595127609180,3595129700952,31.909,1.0266,0.0005,-0.0021,0,0.9358,935,220,-2,220,-7,1,97,3594876954203,3595084103616,207149,0,1,204063,207089,0,,,,102,220,-7,0,0,0,18,0,0
104,scan,103,0,3595177312615,,3595177443429,3595179617457,31.959,1.0416,0.0005,-0.0025,0,0.9211,921,220,-1,220,-5,1,98,3594927264166,3595134210327,206946,0,1,204063,207081,0,,,,103,220,-5,0,0,0,18,0,0
105,scan,104,0,3595227531952,,3595227691562,3595229596461,32.009,1.0491,0.0004,-0.0027,0,0.9057,905,220,-1,220,-6,1,99,3594977471034,3595183986521,206515,0,1,204063,207056,0,,,,104,220,-6,0,0,0,18,0,0
106,scan,105,0,3595277619150,,3595277753397,3595279509643,32.059,1.0640,0.0004,-0.0031,1,0.9042,904,0,1000,220,-5,1,100,3595027758540,3595235565513,207806,0,1,204063,207060,0,,,,105,220,-5,0,0,0,18,0,0
107,scan,106,0,3595327678161,,3595327855226,3595329606077,32.109,1.0715,0.0004,-0.0033,1,0.8923,892,0,1000,220,-5,1,101,3595077765357,3595282475937,204710,0,1,204063,206988,0,,,,106,220,-5,0,0,0,18,0,0
108,scan,107,0,3595377521799,,3595377651747,3595379595846,32.159,1.0865,0.0003,-0.0037,1,0.8802,880,0,1000,220,-5,1,102,3595127525741,3595335277785,207752,0,1,204063,206989,0,,,,107,220,-5,0,0,0,18,0,0
109,scan,108,0,3595427806964,,3595427956490,3595429520330,32.209,1.0939,0.0003,-0.0038,1,0.8736,873,0,1000,220,7,1,103,3595177356652,3595384029287,206672,0,1,204063,206967,0,,,,108,220,7,0,0,0,18,0,0
110,scan,109,0,3595477834817,,3595477957966,3595479510384,32.259,1.1089,0.0002,-0.0041,1,0.8597,859,0,1000,220,7,1,104,3595227586560,3595434912080,207325,0,1,204063,206967,0,,,,109,220,7,0,0,0,18,0,0
111,scan,110,0,3595528032841,,3595528175466,3595530425170,32.309,1.1164,0.0002,-0.0039,1,0.8412,841,0,1000,0,999,1,105,3595277666458,3595485290825,207624,0,1,204063,206964,0,,,,110,0,999,0,0,0,18,0,0
112,scan,111,0,3595578031786,,3595578154612,3595580513934,32.359,1.1302,0.0002,-0.0030,1,0.8384,838,0,1000,0,999,1,106,3595327737686,3595535163547,207425,0,1,204063,206977,0,,,,111,0,999,0,0,0,18,0,0
113,scan,112,0,3595628609599,,3595628755546,3595630485594,32.409,1.1354,0.0001,-0.0029,1,0.8273,827,0,1000,0,999,1,107,3595377565681,3595585238981,207673,0,1,204063,207011,0,,,,112,0,999,0,0,0,18,0,0
114,scan,113,0,3595678622158,,3595678747084,3595680569458,32.459,1.1422,0.0001,-0.0033,1,0.8276,827,0,1000,0,999,1,108,3595427853910,3595635058969,207205,0,1,204063,207026,0,,,,113,0,999,0,0,0,18,0,0
115,scan,114,0,3595728643719,,3595728783826,3595730610603,32.509,1.1444,0.0001,-0.0021,1,0.8216,821,0,1000,0,999,1,109,3595477874415,3595685844023,207969,0,1,204063,207046,0,,,,114,0,999,0,0,0,18,0,0
116,scan,115,0,3595778765982,,3595778960574,3595780560419,32.559,1.1471,0.0001,0.0234,1,0.8082,808,0,1000,0,999,1,110,3595528081787,3595735723742,207641,0,1,204063,207054,0,,,,115,0,999,0,0,0,18,0,0
117,scan,116,0,3595828650916,,3595828839879,3595830636567,32.609,1.1476,0.0001,0.0533,1,0.8154,815,0,1000,0,999,1,111,3595578071203,3595785325328,207254,0,1,204063,207039,0,,,,116,0,999,0,0,0,18,0,0
118,scan,117,0,3595879205703,,3595879491528,3595882407260,32.659,1.1475,0.0001,0.1342,1,0.8121,812,0,1000,0,999,1,112,3595628660474,3595834139187,205478,0,1,204063,206989,0,,,,117,0,999,0,0,0,18,0,0
119,scan,118,0,3595928449685,,3595928587335,3595930564575,32.709,1.1474,0.0001,0.1726,1,0.8158,815,0,1000,0,999,1,113,3595678663950,3595883298428,204634,0,1,204063,206921,0,,,,118,0,999,0,0,0,18,0,0
120,scan,119,0,3595978447263,,3595978585616,3595980786222,32.759,1.1474,0.0001,0.2046,1,0.8188,818,0,1000,0,999,1,114,3595728690686,3595935956542,207265,0,1,204063,206913,0,,,,119,0,999,0,0,0,18,0,0
121,scan,120,0,3596028651976,,3596028793752,3596030499467,32.809,1.1473,0.0001,0.2632,1,0.8115,811,0,1000,0,999,1,115,3595778834090,3595983336778,204502,0,1,204063,206798,0,,,,120,0,999,0,0,0,18,0,0
122,scan,121,0,3596078461811,,3596078589663,3596080516983,32.859,1.1472,0.0000,0.2973,1,0.8193,819,0,1000,0,999,1,116,3595828701725,3596036156545,207454,0,1,204063,206794,0,,,,121,0,999,0,0,0,18,0,0
123,scan,122,0,3596128175152,,3596128305649,3596130459335,32.909,1.1471,0.0000,0.3715,1,0.8200,819,0,1000,0,999,1,117,3595879313667,3596083904952,204591,0,1,204063,206720,0,,,,122,0,999,0,0,0,18,0,0
124,scan,123,0,3596178708037,,3596178859593,3596180523078,32.959,1.1471,-0.0000,0.4060,1,0.8216,821,0,1000,0,999,1,118,3595928493863,3596135949357,207455,0,1,204063,206701,0,,,,123,0,999,0,0,0,18,0,0
125,scan,124,0,3596229300939,,3596229428021,3596231484713,33.009,1.1470,-0.0001,0.4699,1,0.8181,818,0,1000,0,999,1,119,3595978494231,3596182865038,204370,0,1,204063,206625,0,,,,124,0,999,0,0,0,18,0,0
126,scan,125,0,3596279192249,,3596279357763,3596281522062,33.059,1.1469,-0.0001,0.5030,1,0.8196,819,0,1000,0,999,1,120,3596028694579,3596236850275,208155,0,1,204063,206643,0,,,,125,0,999,0,0,0,18,0,0
127,scan,126,0,3596328910464,,3596329071613,3596330485880,33.109,1.1468,-0.0002,0.5732,1,0.8088,808,0,1000,0,999,1,121,3596078506957,3596282953829,204446,0,1,204063,206577,0,,,,126,0,999,0,0,0,18,0,0
128,scan,127,0,3596379642185,,3596379875083,3596381580839,33.159,1.1468,-0.0002,0.6081,1,0.8064,806,0,1000,0,999,1,122,3596128220342,3596335183489,206963,0,1,204063,206560,0,,,,127,0,999,0,0,0,18,0,0
129,scan,128,0,3596429228431,,3596429366367,3596431523050,33.209,1.1467,-0.0003,0.6746,1,0.8091,809,0,1000,0,999,1,123,3596178753751,3596382921466,204167,0,1,204063,206494,0,,,,128,0,999,0,0,0,18,0,0
130,scan,129,0,3596478953153,,3596479086815,3596480575703,33.259,1.1466,-0.0003,0.7078,1,0.8051,805,0,1000,0,999,1,124,3596229343135,3596433820475,204477,0,1,204063,206425,0,,,,129,0,999,0,0,0,18,0,0
131,scan,130,0,3596529295741,,3596529450032,3596531662090,33.309,1.1466,-0.0004,0.7763,1,0.8240,824,0,1000,0,999,1,125,3596279249340,3596483587976,204338,0,1,204063,206351,0,,,,130,0,999,0,0,0,18,0,0
132,scan,131,0,3596579244751,,3596579377288,3596581470317,33.359,1.1465,-0.0005,0.8108,1,0.8187,818,0,1000,0,999,1,126,3596328953352,3596533272641,204319,0,1,204063,206276,0,,,,131,0,999,0,0,0,18,0,0
133,scan,132,0,3596629110052,,3596629237439,3596631373335,33.409,1.1464,-0.0006,0.8786,1,0.8239,823,0,1000,0,999,1,127,3596379721131,3596584518362,204797,0,1,204063,206222,0,,,,132,0,999,0,0,0,18,0,0
134,scan,133,0,3596678915178,,3596679057534,3596680482769,33.459,1.1464,-0.0006,0.9121,1,0.8190,819,0,1000,0,999,1,128,3596429274080,3596632978946,203704,0,1,203704,206123,0,,,,133,0,999,0,0,0,18,0,0
135,scan,134,0,3596728956662,,3596729080681,3596730494046,33.509,1.1464,-0.0007,0.9800,1,0.8264,826,0,1000,0,999,1,129,3596478998286,3596682402703,203404,0,1,203404,206025,0,,,,134,0,999,0,0,0,18,0,0
136,scan,135,0,3596778903505,,3596779043265,3596780523654,33.559,1.1463,-0.0008,1.0142,1,0.8321,832,0,1000,0,999,1,130,3596529354862,3596733974580,204619,0,1,203404,205964,0,,,,135,0,999,0,0,0,18,0,0
137,scan,136,0,3596828924825,,3596829050503,3596830705290,33.609,1.1463,-0.0008,1.0484,1,0.6157,615,0,955,0,999,1,131,3596579291293,3596783867801,204576,0,1,203404,205967,0,,,,136,0,999,0,0,0,18,0,0
138,scan,137,0,3596879207011,,3596879349834,3596881467662,33.659,1.1463,-0.0009,1.1160,1,0.6131,613,0,820,0,999,1,132,3596629151739,3596836125319,206973,0,1,203404,206031,0,,,,137,0,999,0,0,0,18,0,0
139,scan,138,0,3596929002972,,3596929132718,3596930463427,33.709,1.1462,-0.0010,1.1498,1,0.5800,579,220,753,0,999,1,133,3596678961432,3596883506069,204544,0,1,203404,206035,0,,,,138,0,999,0,0,0,18,0,0
140,scan,139,0,3596978998309,,3596979126460,3596981387626,33.759,1.1462,-0.0011,1.2177,1,0.5624,562,220,617,0,999,1,134,3596728994707,3596933142188,204147,0,1,203404,206037,0,,,,139,0,999,0,0,0,18,0,0
141,scan,140,0,3597029267198,,3597029396310,3597031508148,33.809,1.1462,-0.0011,1.2517,1,0.5654,565,220,549,0,997,1,135,3596778950281,3596983574749,204624,0,1,203404,205981,0,,,,140,0,997,0,0,0,18,0,0
142,scan,141,0,3597079564816,,3597079693594,3597081488678,33.859,1.1462,-0.0013,1.3196,1,0.5677,567,220,413,0,966,1,136,3596828966039,3597033199901,204233,0,1,203404,205898,0,,,,141,0,966,0,0,0,18,0,0
143,scan,142,0,3597129520809,,3597129732800,3597131506747,33.909,1.1462,-0.0013,1.3534,1,0.5626,562,220,345,1,821,1,137,3596879257021,3597083210510,203953,0,1,203404,205818,0,,,,142,1,821,0,0,0,18,0,0
144,scan,143,0,3597179579696,,3597179752538,3597181585304,33.959,1.1461,-0.0014,1.4193,1,0.5616,561,220,213,220,748,1,138,3596929049511,3597135885332,206835,0,1,203404,205815,0,,,,143,220,748,0,0,0,18,0,0
145,scan,144,0,3597229449199,,3597229572673,3597231520083,34.009,1.1462,-0.0014,1.4487,1,0.5646,564,220,155,220,600,1,139,3596979040795,3597186678572,207637,0,1,203404,205843,0,,,,144,220,600,0,0,0,18,0,0
146,scan,145,0,3597279608087,,3597279736634,3597281501370,34.059,1.1465,0.0020,1.5020,1,0.5672,567,220,48,220,532,1,140,3597029310079,3597236047156,206737,0,1,203404,205816,0,,,,145,220,532,0,0,0,18,0,0
147,scan,146,0,3597329525848,,3597329652017,3597331557186,34.109,1.1467,0.0054,1.5314,1,0.5599,559,220,-11,220,397,1,141,3597079609161,3597284228942,204619,0,1,203404,205814,0,,,,146,220,397,0,0,0,18,0,0
148,scan,147,0,3597379691206,,3597379810980,3597381495590,34.159,1.1467,0.0158,1.5955,1,0.5523,552,220,-139,220,332,1,142,3597129593747,3597333880691,204286,0,1,203404,205727,0,,,,147,220,332,0,0,0,18,0,0
149,scan,148,0,3597429877948,,3597430035288,3597432382064,34.209,1.1465,0.0223,1.6253,1,0.5444,544,220,-200,220,203,1,143,3597179622529,3597386985730,207363,0,1,203404,205745,0,,,,148,220,203,0,0,0,18,0,0
150,scan,149,0,3597479540931,,3597479665359,3597481558786,34.259,1.1454,0.0366,1.6589,1,0.5381,538,220,-270,220,146,1,144,3597229490476,3597434033231,204542,0,1,203404,205675,0,,,,149,220,146,0,0,0,18,0,0
151,scan,150,0,3597529712019,,3597529850314,3597531560210,34.309,1.1447,0.0441,1.6582,1,0.5318,531,220,-270,220,46,1,145,3597279651308,3597487105999,207454,0,1,203404,205671,0,,,,150,220,46,0,0,0,18,0,0
152,scan,151,0,3597580162947,,3597580289586,3597582444172,34.359,1.1435,0.0590,1.6534,1,0.5192,519,220,-264,220,-8,1,146,3597329568949,3597534191278,204622,0,1,203404,205601,0,,,,151,220,-8,0,0,0,18,0,0
153,scan,152,0,3597630549328,,3597630683331,3597632563626,34.409,1.1429,0.0664,1.6577,1,0.5041,504,220,-275,220,-131,1,147,3597379729182,3597587091840,207362,0,1,203404,205593,0,,,,152,220,-131,0,0,0,18,0,0
154,scan,153,0,3597680515299,,3597680646475,3597682674188,34.459,1.1422,0.0739,1.6633,1,0.4923,492,220,-287,220,-188,1,148,3597429941493,3597634410593,204469,0,1,203404,205524,0,,,,153,220,-188,0,0,0,18,0,0
155,scan,154,0,3597730286493,,3597730416463,3597732592077,34.509,1.1408,0.0887,1.6642,1,0.4893,489,220,-293,220,-255,1,149,3597479581575,3597687401860,207820,0,1,203404,205521,0,,,,154,220,-255,0,0,0,18,0,0
156,scan,155,0,3597780880178,,3597781114661,3597784435534,34.559,1.1401,0.0961,1.6569,1,0.4638,463,220,-281,220,-254,1,150,3597529758138,3597734956363,205198,0,1,203404,205460,0,,,,155,220,-254,0,0,0,18,0,0
157,scan,156,0,3597830821194,,3597831023885,3597832461246,34.609,1.1390,0.1111,1.6335,1,0.4688,468,220,-237,220,-249,1,151,3597580203100,3597786101115,205898,0,1,203404,205426,0,,,,156,220,-249,0,0,0,18,0,0
158,scan,157,0,3597880572941,,3597880711185,3597882510897,34.659,1.1386,0.1186,1.6233,1,0.4503,450,220,-219,220,-259,1,152,3597630596694,3597835147480,204550,0,1,203404,205403,0,,,,157,220,-259,0,0,0,18,0,0
159,scan,158,0,3597930900820,,3597931086786,3597933490450,34.709,1.1379,0.1335,1.6098,1,0.4395,439,220,-194,220,-271,1,153,3597680559626,3597885270719,204711,0,1,203404,205404,0,,,,158,220,-271,0,0,0,18,0,0
160,scan,159,0,3597980684272,,3597980821108,3597982524736,34.759,1.1376,0.1410,1.6026,1,0.4528,452,220,-181,220,-276,1,154,3597730329867,3597937467624,207137,0,1,203404,205401,0,,,,159,220,-276,0,0,0,18,0,0
161,scan,160,0,3598030538749,,3598030662359,3598032499569,34.809,1.1373,0.1560,1.5825,1,0.4378,437,220,-143,220,-265,1,155,3597780953482,3597989197090,208243,0,1,203404,205495,0,,,,160,220,-265,0,0,0,18,0,0
162,scan,161,0,3598080834377,,3598081022462,3598083481215,34.859,1.1373,0.1635,1.5716,1,0.4212,421,220,-122,220,-222,1,156,3597830872821,3598037480896,206608,0,1,203404,205474,0,,,,161,220,-222,0,0,0,18,0,0
163,scan,162,0,3598130803889,,3598130947747,3598132562908,34.909,1.1374,0.1785,1.5539,1,0.4155,415,220,-89,220,-204,1,157,3597880623136,3598087994705,207371,0,1,203404,205543,0,,,,162,220,-204,0,0,0,18,0,0
164,scan,163,0,3598180867361,,3598180997864,3598182563133,34.959,1.1375,0.1860,1.5475,1,0.4047,404,220,-76,220,-183,1,158,3597930961527,3598139500859,208539,0,1,203404,205570,0,,,,163,220,-183,0,0,0,18,0,0
165,scan,164,0,3598231041936,,3598231187465,3598233511926,35.009,1.1380,0.2010,1.5353,1,0.3944,394,220,-53,220,-170,1,159,3597980730931,3598188024103,207293,0,1,203404,205643,0,,,,164,220,-170,0,1,0,18,0,0
166,scan,165,0,3598280909668,,3598281041836,3598283413910,35.059,1.1383,0.2085,1.5288,1,0.3860,385,220,-40,220,-134,1,160,3598030579431,3598238230525,207651,0,1,203404,205631,0,,,,165,220,-134,0,1,0,18,0,0
167,scan,166,0,3598330617455,,3598330740679,3598332509764,35.109,1.1390,0.2234,1.5168,1,0.3735,373,220,-17,220,-116,1,161,3598080898165,3598286665518,205767,0,1,203404,205664,0,,,,166,220,-116,0,1,0,18,0,0
168,scan,167,0,3598380752414,,3598380898874,3598382616848,35.159,1.1394,0.2309,1.5125,1,0.3715,371,220,-8,220,-83,1,162,3598130846206,3598338294232,207448,0,1,203404,205676,0,,,,167,220,-83,0,1,0,18,0,0
169,scan,168,0,3598430713130,,3598430830865,3598432580188,35.209,1.1403,0.2459,1.5062,1,0.3724,372,220,4,220,-69,1,163,3598180911539,3598385451858,204540,0,1,203404,205685,0,,,,168,220,-69,0,1,0,18,0,0
170,scan,169,0,3598480658669,,3598480796258,3598482582343,35.259,1.1408,0.2534,1.5036,1,0.3596,359,220,9,220,-48,1,164,3598231083585,3598438093174,207009,0,1,203404,205748,0,,,,169,220,-48,0,1,0,18,0,0
171,scan,170,0,3598531175052,,3598531329066,3598533504656,35.309,1.1413,0.2608,1.5012,1,0.3496,349,220,14,220,-38,1,165,3598280954139,3598485081206,204127,0,1,203404,205743,0,,,,170,220,-38,0,1,0,18,0,0
172,scan,171,0,3598580825054,,3598580967753,3598582474397,35.359,1.1424,0.2758,1.4975,1,0.3495,349,220,22,220,-15,1,166,3598330656825,3598538110635,207453,0,1,203404,205822,0,,,,171,220,-15,0,1,0,18,0,0
173,scan,172,0,3598630980599,,3598631107582,3598632542042,35.409,1.1430,0.2832,1.4964,1,0.3470,346,220,24,220,-7,1,167,3598380794812,3598588054714,207259,0,1,203404,205883,0,,,,172,220,-7,0,1,0,18,0,0
174,scan,173,0,3598681092422,,3598681258321,3598683467501,35.459,1.1441,0.2981,1.4953,1,0.3444,344,220,27,220,5,1,168,3598430749632,3598638078552,207328,0,1,203404,205974,0,,,,173,220,5,0,1,0,18,0,0
175,scan,174,0,3598731470875,,3598731613981,3598733482872,35.509,1.1446,0.3056,1.4954,1,0.3403,340,220,27,220,10,1,169,3598480698096,3598688094896,207396,0,1,203404,206074,0,,,,174,220,10,0,1,0,18,0,0
176,scan,175,0,3598781452577,,3598781575395,3598783592170,35.559,1.1458,0.3205,1.4959,1,0.3347,334,220,27,220,14,1,170,3598531221421,3598737960570,206739,0,1,203404,206127,0,,,,175,220,14,0,1,0,18,0,0
177,scan,176,0,3598831482801,,3598831610923,3598833540295,35.609,1.1463,0.3279,1.4963,1,0.3403,340,220,26,220,20,1,171,3598580868413,3598788187638,207319,0,1,203404,206195,0,,,,176,220,20,0,1,0,18,0,0
178,scan,177,0,3598881683659,,3598881803055,3598883512498,35.659,1.1474,0.3428,1.4973,1,0.3166,316,220,25,220,25,1,172,3598631023390,3598838190900,207167,0,1,203404,206200,0,,,,177,220,25,0,1,0,18,0,0
179,scan,178,0,3598931545165,,3598931684497,3598933506400,35.709,1.1480,0.3503,1.4980,1,0.3144,314,220,23,220,27,1,173,3598681147746,3598888287070,207139,0,1,203404,206265,0,,,,178,220,27,0,1,0,18,0,0
180,scan,179,0,3598981626719,,3598981775953,3598983546112,35.759,1.1490,0.3652,1.4998,1,0.3196,319,220,20,220,28,1,174,3598731518887,3598939410131,207891,0,1,203404,206358,0,,,,179,220,28,0,1,0,18,0,0
181,scan,180,0,3599031652884,,3599031866963,3599033518078,35.809,1.1496,0.3727,1.5008,1,0.3134,313,220,18,220,27,1,175,3598781492555,3598988359984,206867,0,1,203404,206414,0,,,,180,220,27,0,1,0,18,0,0
182,scan,181,0,3599081798424,,3599081930400,3599083515336,35.859,1.1506,0.3876,1.5027,1,0.3284,328,220,15,220,26,1,176,3598831526938,3599038871701,207344,0,1,203404,206492,0,,,,181,220,26,0,1,0,18,0,0
183,scan,182,0,3599131727840,,3599131856334,3599133487431,35.909,1.1511,0.3950,1.5036,1,0.3269,326,220,13,220,24,1,177,3598881726870,3599088279950,206553,0,1,203404,206557,0,,,,182,220,24,0,1,0,18,0,0
184,scan,183,0,3599181784555,,3599181902973,3599183536799,35.959,1.1521,0.4100,1.5053,1,0.3061,306,220,10,220,23,1,178,3598931601340,3599138826581,207225,0,1,203404,206567,0,,,,183,220,23,0,1,0,18,0,0
185,scan,184,0,3599231780983,,3599231907107,3599234433564,36.009,1.1526,0.4174,1.5061,1,0.3222,322,220,8,220,20,1,179,3598981679645,3599187970609,206290,0,1,203404,206533,0,,,,184,220,20,0,1,0,18,0,0
186,scan,185,0,3599281591711,,3599281774938,3599283531228,36.059,1.1535,0.4324,1.5076,1,0.3215,321,220,5,220,19,1,180,3599031716273,3599239179417,207463,0,1,203404,206552,0,,,,185,220,19,0,1,0,18,0,0
187,scan,186,0,3599331645127,,3599331772400,3599333509903,36.109,1.1540,0.4398,1.5083,1,0.3524,352,220,4,220,15,1,181,3599081841105,3599286523957,204682,0,1,203404,206553,0,,,,186,220,15,0,1,0,18,0,0
188,scan,187,0,3599381570974,,3599381699573,3599383780839,36.159,1.1545,0.4473,1.5089,1,0.3686,368,220,3,220,13,1,182,3599131772941,3599338853486,207080,0,1,203404,206623,0,,,,187,220,13,0,1,0,18,0,0
189,scan,188,0,3599431555866,,3599431699050,3599433496615,36.209,1.1554,0.4622,1.5100,1,1.0274,1027,220,1,220,11,1,183,3599181821708,3599389403314,207581,0,1,203404,206628,0,,,,188,220,11,0,0,0,18,0,0
190,scan,189,0,3599481662164,,3599481792942,3599483518926,36.259,1.1558,0.4697,1.5104,1,1.0256,1025,220,0,220,10,1,184,3599231821633,3599438795451,206973,0,1,203404,206689,0,,,,189,220,10,0,0,0,18,0,0
191,scan,190,0,3599532096387,,3599532280251,3599534448660,36.309,1.1567,0.4846,1.5112,1,1.0353,1035,220,-2,220,7,1,185,3599281644202,3599489291693,207647,0,1,203404,206694,0,,,,190,220,7,0,0,0,18,0,0
192,scan,191,0,3599582201364,,3599582386494,3599584452977,36.359,1.1572,0.4921,1.5115,1,1.0186,1018,220,-2,220,6,1,186,3599331687471,3599539392913,207705,0,1,203404,206771,0,,,,191,220,6,0,0,0,18,0,0
193,scan,192,0,3599632765310,,3599632890458,3599635404133,36.409,1.1581,0.5071,1.5120,1,1.0239,1023,220,-3,220,3,1,187,3599381615226,3599588134979,206519,0,1,203404,206750,0,,,,192,220,3,0,0,0,18,0,0
194,scan,193,0,3599683037866,,3599683185712,3599685468075,36.459,1.1585,0.5145,1.5122,1,1.0158,1015,220,-4,220,1,1,188,3599431602399,3599639358363,207755,0,1,203404,206832,0,,,,193,220,1,0,0,0,18,0,0
195,scan,194,0,3599732858503,,3599732989839,3599734580800,36.509,1.1594,0.5295,1.5124,1,1.0181,1018,220,-4,220,3,1,189,3599481706130,3599689069758,207363,0,1,203404,206821,0,,,,194,220,3,0,0,0,18,0,0
196,scan,195,0,3599782756987,,3599782886750,3599784579646,36.559,1.1598,0.5369,1.5124,1,1.0215,1021,220,-4,220,1,1,190,3599532161780,3599738113750,205951,0,1,203404,206840,0,,,,195,220,1,0,0,0,18,0,0
197,scan,196,0,3599832698395,,3599832827317,3599834662283,36.609,1.1607,0.5518,1.5124,1,1.0208,1020,220,-4,220,0,1,191,3599582257066,3599788246133,205989,0,1,203404,206842,0,,,,196,220,0,0,0,0,18,0,0
198,scan,197,0,3599883438416,,3599883584080,3599885686115,36.659,1.1611,0.5593,1.5125,1,1.0209,1020,220,-5,220,-2,1,192,3599632810063,3599839103947,206293,0,1,203404,206885,0,,,,197,220,-2,0,0,0,18,0,0
199,scan,198,0,3599933239511,,3599933368047,3599935486043,36.709,1.1620,0.5742,1.5125,1,1.0255,1025,220,-5,220,0,1,193,3599683086561,3599890601567,207515,0,1,203404,206955,0,,,,198,220,0,0,0,0,18,0,0
200,scan,199,0,3599983280457,,3599983430835,3599985580823,36.759,1.1624,0.5817,1.5124,1,1.0242,1024,220,-5,220,-3,1,194,3599732899193,3599940040920,207141,0,1,203404,206956,0,,,,199,220,-3,0,0,0,18,0,0
201,scan,200,0,3600033251218,,3600033388396,3600035875151,36.809,1.1633,0.5966,1.5122,1,1.0177,1017,220,-4,220,-1,1,195,3599782801234,3599989724422,206923,0,1,203404,206923,0,,,,200,220,-1,0,0,0,18,0,0
202,scan,201,0,3600082918409,,3600083058114,3600084562461,36.859,1.1637,0.6041,1.5122,1,1.0191,1019,220,-4,220,-1,1,196,3599832741863,3600040151252,207409,0,1,203404,206943,0,,,,201,220,-1,0,0,0,18,0,0
203,scan,202,0,3600133236728,,3600133355999,3600135472395,36.909,1.1646,0.6190,1.5121,1,1.0263,1026,220,-4,220,-2,1,197,3599883487977,3600090165271,206677,0,1,203404,206925,0,,,,202,220,-2,0,0,0,18,0,0
204,scan,203,0,3600183074200,,3600183202119,3600185419362,36.959,1.1651,0.6265,1.5120,1,1.0141,1014,220,-4,220,-4,1,198,3599933278168,3600139947691,206669,0,1,203404,206878,0,,,,203,220,-4,0,0,0,18,0,0
205,scan,204,0,3600233274645,,3600233411674,3600235517383,37.009,1.1655,0.6340,1.5120,1,1.0210,1021,220,-4,220,-3,1,199,3599983331949,3600190188713,206856,0,1,203404,206868,0,,,,204,220,-3,0,0,0,18,0,0
206,scan,205,0,3600282796786,,3600282918830,3600284544849,37.059,1.1664,0.6489,1.5118,1,0.9994,999,220,-4,220,-3,1,200,3600033294641,3600240828924,207534,0,1,203404,206865,0,,,,205,220,-3,0,0,0,18,0,0
207,scan,206,0,3600332836545,,3600332964553,3600334575128,37.109,1.1668,0.6564,1.5116,1,1.0011,1001,220,-4,220,-1,1,201,3600082966474,3600288353934,205387,0,1,203404,206855,0,,,,206,220,-1,0,0,0,18,0,0
208,scan,207,0,3600382598345,,3600382779247,3600384648246,37.159,1.1677,0.6713,1.5114,1,1.0181,1018,220,-3,220,-1,1,202,3600133273800,3600340120376,206846,0,1,203404,206840,0,,,,207,220,-1,0,0,0,18,0,0
209,scan,208,0,3600432719649,,3600432852106,3600434560283,37.209,1.1682,0.6788,1.5114,1,1.0226,1022,220,-3,220,-2,1,203,3600183116834,3600390669038,207552,0,1,203404,206915,0,,,,208,220,-2,0,0,0,18,0,0
210,scan,209,0,3600482895515,,3600483055126,3600485413752,37.259,1.1690,0.6937,1.5114,1,1.0223,1022,220,-3,220,-1,1,204,3600233317212,3600439980508,206663,0,1,203404,206907,0,,,,209,220,-1,0,0,0,18,0,0
211,scan,210,0,3600533044843,,3600533175756,3600535406925,37.309,1.1695,0.7012,1.5113,1,1.0156,1015,220,-3,220,-4,1,205,3600282836002,3600490355266,207519,0,1,203404,206992,0,,,,210,220,-4,0,0,0,18,0,0
212,scan,211,0,3600582772787,,3600582896359,3600584662358,37.359,1.1704,0.7161,1.5111,1,1.0125,1012,220,-3,220,-2,1,206,3600332878092,3600539988059,207109,0,1,203404,206983,0,,,,211,220,-2,0,0,0,18,0,0
213,scan,212,0,3600633834873,,3600633975278,3600635891245,37.409,1.1708,0.7236,1.5110,1,1.0147,1014,220,-3,220,0,1,207,3600382643635,3600590061940,207418,0,1,203404,206987,0,,,,212,220,0,0,0,0,18,0,0
214,scan,213,0,3600683368071,,3600683500583,3600685645835,37.459,1.1717,0.7385,1.5108,1,1.0007,1000,220,-2,220,-1,1,208,3600432766647,3600640112183,207345,0,1,203404,206987,0,,,,213,220,-1,0,0,0,18,0,0
215,scan,214,0,3600733380287,,3600733525470,3600735503687,37.509,1.1722,0.7460,1.5108,1,1.0075,1007,220,-2,220,-1,1,209,3600482948626,3600690332233,207383,0,1,203404,206987,0,,,,214,220,-1,0,0,0,18,0,0
216,scan,215,0,3600783537942,,3600783845170,3600785568091,37.559,1.1731,0.7609,1.5109,1,0.9957,995,220,-3,220,-3,1,210,3600533089951,3600740271117,207181,0,1,203404,206998,0,,,,215,220,-3,0,0,0,18,0,0
217,scan,216,0,3600833938172,,3600834095248,3600835636490,37.609,1.1735,0.7684,1.5109,1,1.0244,1024,220,-3,220,-2,1,211,3600582811411,3600790344375,207532,0,1,203404,207003,0,,,,216,220,-2,0,0,0,18,0,0
218,scan,217,0,3600883580820,,3600883698866,3600885584048,37.659,1.1744,0.7833,1.5106,1,0.9876,987,220,-2,220,0,1,212,3600633883697,3600841323611,207439,0,1,203404,207010,0,,,,217,220,0,0,0,0,18,0,0
219,scan,218,0,3600933928290,,3600934067113,3600935499097,37.709,1.1749,0.7908,1.5105,1,0.9942,994,220,-2,220,0,1,213,3600683410002,3600890857097,207447,0,1,203404,207018,0,,,,218,220,0,0,0,0,18,0,0
220,scan,219,0,3600983575313,,3600983691255,3600985541553,37.759,1.1758,0.8057,1.5105,1,0.9939,993,220,-2,220,-2,1,214,3600733429216,3600939988905,206559,0,1,203404,206985,0,,,,219,220,-2,0,0,0,18,0,0
221,scan,220,0,3601033480203,,3601033604305,3601035616235,37.809,1.1762,0.8132,1.5106,1,0.9896,989,220,-2,220,-1,1,215,3600783695137,3600990428849,206733,0,1,203404,206981,0,,,,220,220,-1,0,0,0,18,0,0
222,scan,221,0,3601083591827,,3601083716067,3601085621576,37.859,1.1767,0.8206,1.5106,1,0.9882,988,220,-2,220,1,1,216,3600833991271,3601041328600,207337,0,1,203404,206981,0,,,,221,220,1,0,0,0,18,0,0
223,scan,222,0,3601133835007,,3601133962407,3601135527212,37.909,1.1776,0.8356,1.5104,1,0.9924,992,220,-2,220,-3,1,217,3600883624542,3601090296666,206672,0,1,203404,206984,0,,,,222,220,-3,0,0,0,18,0,0
224,scan,223,0,3601183959288,,3601184105073,3601186668900,37.959,1.1780,0.8431,1.5103,1,0.9841,984,220,-2,220,1,1,218,3600933975770,3601141216962,207241,0,1,203404,206984,0,,,,223,220,1,0,0,0,18,0,0
225,scan,224,0,3601233742745,,3601233881203,3601235487648,38.009,1.1789,0.8580,1.5104,1,0.9962,996,220,-2,220,2,1,219,3600983611726,3601190675674,207063,0,1,203404,207004,0,,,,224,220,2,0,0,0,18,0,0
226,scan,225,0,3601283908669,,3601284107513,3601286406228,38.059,1.1794,0.8655,1.5104,1,1.0054,1005,220,-2,220,-2,1,220,3601033521588,3601240959720,207438,0,1,203404,207003,0,,,,225,220,-2,0,0,0,18,0,0
227,scan,226,0,3601334077214,,3601334223020,3601336511688,38.109,1.1803,0.8804,1.5105,1,0.9962,996,220,-3,220,0,1,221,3601083636506,3601288059292,204422,0,1,203404,206997,0,,,,226,220,0,0,0,0,18,0,0
228,scan,227,0,3601384187457,,3601384308411,3601386809229,38.159,1.1807,0.8878,1.5105,1,0.9956,995,220,-3,220,3,1,222,3601133876635,3601341210763,207334,0,1,203404,207003,0,,,,227,220,3,0,0,0,18,0,0
229,scan,228,0,3601433931121,,3601434060342,3601435550291,38.209,1.1816,0.9028,1.5103,1,0.9925,992,220,-2,220,0,1,223,3601184020345,3601391196357,207176,0,1,203404,206993,0,,,,228,220,0,0,0,0,18,0,0
230,scan,229,0,3601483784531,,3601483915993,3601485524114,38.259,1.1821,0.9102,1.5104,1,0.9955,995,220,-3,220,1,1,224,3601233795444,3601441009482,207214,0,1,203404,206999,0,,,,229,220,1,0,0,0,18,0,0
231,scan,230,0,3601533814783,,3601533956356,3601535513100,38.309,1.1830,0.9252,1.5107,1,0.9878,987,220,-4,220,-2,1,225,3601283963211,3601488350487,204387,0,1,203404,206917,0,,,,230,220,-2,0,0,0,18,0,0
232,scan,231,0,3601583843064,,3601583970261,3601586750647,38.359,1.1834,0.9326,1.5107,1,0.9969,996,220,-4,220,-1,1,226,3601334124711,3601540955899,206831,0,1,203404,206896,0,,,,231,220,-1,0,0,0,18,0,0
233,scan,232,0,3601633726863,,3601633873725,3601635582669,38.409,1.1843,0.9476,1.5105,1,0.9895,989,220,-3,220,2,1,227,3601384228333,3601588566639,204338,0,1,203404,206841,0,,,,232,220,2,0,0,0,18,0,0
234,scan,233,0,3601684353380,,3601684540112,3601686839522,38.459,1.1848,0.9550,1.5104,1,0.9872,987,220,-3,220,2,1,228,3601433975549,3601641702932,207727,0,1,203404,206840,0,,,,233,220,2,0,0,0,18,0,0
235,scan,234,0,3601734172774,,3601734296189,3601736755799,38.509,1.1857,0.9700,1.5105,1,0.9803,980,220,-4,220,-1,1,229,3601483828515,3601691628044,207799,0,1,203404,206851,0,,,,234,220,-1,0,0,0,18,0,0
236,scan,235,0,3601784964692,,3601785129759,3601786563906,38.559,1.1861,0.9774,1.5107,1,0.9798,979,220,-4,220,-2,1,230,3601533858403,3601741367029,207508,0,1,203404,206890,0,,,,235,220,-2,0,0,0,18,0,0
237,scan,236,0,3601835317769,,3601835577389,3601837514168,38.609,1.1870,0.9924,1.5108,1,0.9634,963,220,-5,220,-5,1,231,3601583887130,3601791040082,207152,0,1,203404,206919,0,,,,236,220,-5,0,0,0,18,0,0
238,scan,237,0,3601884638630,,3601884758279,3601886763516,38.659,1.1875,0.9998,1.5106,1,0.9670,966,220,-5,220,-3,1,232,3601633784453,3601840980533,207196,0,1,203404,206942,0,,,,237,220,-3,0,0,0,18,0,0
239,scan,238,0,3601934611021,,3601934744391,3601936794587,38.709,1.1879,1.0073,1.5104,1,0.9508,950,220,-4,220,1,1,233,3601684422870,3601888957289,204534,0,1,203404,206867,0,,,,238,220,1,0,0,0,18,0,0
240,scan,239,0,3601984793906,,3601984956441,3601986827608,38.759,1.1888,1.0222,1.5101,1,0.9351,935,220,-4,220,0,1,234,3601734211575,3601938953875,204742,0,1,203404,206807,0,,,,239,220,0,0,0,0,18,0,0
241,scan,240,0,3602034562812,,3602034689748,3602036784159,38.809,1.1893,1.0297,1.5101,1,0.9329,932,220,-4,220,-4,1,235,3601785016425,3601989219440,204203,0,1,203404,206739,0,,,,240,220,-4,0,0,0,18,0,0
242,scan,241,0,3602084453438,,3602084582197,3602087004073,38.859,1.1902,1.0446,1.5102,1,0.9204,920,220,-5,220,-3,1,236,3601835399543,3602039827276,204427,0,1,203404,206665,0,,,,241,220,-3,0,0,0,18,0,0
243,scan,242,0,3602134802990,,3602134940857,3602136952050,38.909,1.1906,1.0521,1.5101,2,0.9029,902,0,1000,220,-8,1,237,3601884681630,3602091813587,207131,0,1,203404,206676,0,,,,242,220,-8,0,0,0,18,0,0
244,scan,243,0,3602184743087,,3602184871490,3602186777271,38.959,1.1916,1.0670,1.5096,2,0.8974,897,0,1000,220,-1,1,238,3601934655747,3602141956948,207301,0,1,203404,206692,0,,,,243,220,-1,0,0,0,18,0,0
245,scan,244,0,3602234731338,,3602234855540,3602236853120,39.009,1.1920,1.0745,1.5093,2,0.8877,887,0,1000,220,0,1,239,3601984847700,3602192304376,207456,0,1,203404,206707,0,,,,244,220,0,0,0,0,18,0,0
246,scan,245,0,3602284555424,,3602284698617,3602286771782,39.059,1.1929,1.0894,1.5090,2,0.8679,867,0,1000,220,-6,1,240,3602034606672,3602241660022,207053,0,1,203404,206695,0,,,,245,220,-6,0,0,0,18,0,0
247,scan,246,0,3602334983444,,3602335222415,3602337422051,39.109,1.1934,1.0969,1.5091,2,0.8713,871,0,1000,220,-5,1,241,3602084498076,3602288546088,204048,0,1,203404,206661,0,,,,246,220,-5,0,0,0,18,0,0
248,scan,247,0,3602384718120,,3602384847688,3602386777762,39.159,1.1943,1.1118,1.5092,2,0.8581,858,0,1000,0,999,1,242,3602134852085,3602342233854,207381,0,1,203404,206675,0,,,,247,0,999,0,0,0,18,0,0
249,scan,248,0,3602434878602,,3602435016318,3602436806059,39.209,1.1948,1.1193,1.5088,2,0.8480,848,0,1000,0,999,1,243,3602184784005,3602391783107,206999,0,1,203404,206661,0,,,,248,0,999,0,0,0,18,0,0
250,scan,249,0,3602484912610,,3602485043593,3602486790643,39.259,1.1955,1.1308,1.5030,2,0.8317,831,0,1000,0,999,1,244,3602234772378,3602441495385,206723,0,1,203404,206662,0,,,,249,0,999,0,0,0,18,0,0
251,scan,250,0,3602534863242,,3602534993099,3602536853762,39.309,1.1958,1.1348,1.4958,2,0.8297,829,0,1000,0,999,1,245,3602284603329,3602491256412,206653,0,1,203404,206641,0,,,,250,0,999,0,0,0,18,0,0
252,scan,251,0,3602584782015,,3602584904481,3602586901169,39.359,1.1962,1.1402,1.4858,2,0.8253,825,0,1000,0,999,1,246,3602335075076,3602545450099,210375,0,1,203404,206722,0,,,,251,0,999,0,0,0,18,0,0
253,scan,252,0,3602634865451,,3602635002231,3602636813958,39.409,1.1964,1.1420,1.4927,2,0.8264,826,0,1000,0,999,1,247,3602384761423,3602589218975,204457,0,1,203404,206648,0,,,,252,0,999,0,0,0,18,0,0
254,scan,253,0,3602685216869,,3602685336984,3602687459777,39.459,1.1965,1.1440,1.5410,2,0.8206,820,0,1000,0,999,1,248,3602434927854,3602639141155,204213,0,1,203404,206570,0,,,,253,0,999,0,0,0,18,0,0
255,scan,254,0,3602735407935,,3602735536132,3602737586737,39.509,1.1965,1.1440,1.5768,2,0.8234,823,0,1000,0,999,1,249,3602484954920,3602689394534,204439,0,1,203404,206497,0,,,,254,0,999,0,0,0,18,0,0
256,scan,255,0,3602785459486,,3602785589252,3602787507079,39.559,1.1965,1.1440,1.6151,2,0.8279,827,0,1000,0,999,1,250,3602534908285,3602739439925,204531,0,1,203404,206430,0,,,,255,0,999,0,0,0,18,0,0
257,scan,256,0,3602835455221,,3602835588651,3602837521703,39.609,1.1965,1.1439,1.6854,2,0.8318,831,0,1000,0,999,1,251,3602584819900,3602791782900,206963,0,1,203404,206416,0,,,,256,0,999,0,0,0,18,0,0
258,scan,257,0,3602885696384,,3602885837182,3602887463787,39.659,1.1966,1.1438,1.7165,2,0.8221,822,0,1000,0,999,1,252,3602634911467,3602841074013,206162,0,1,203404,206384,0,,,,257,0,999,0,0,0,18,0,0
259,scan,258,0,3602935541741,,3602935670465,3602937524967,39.709,1.1966,1.1437,1.7816,2,0.8229,822,0,1000,0,999,1,253,3602685252441,3602891338294,206085,0,1,203404,206350,0,,,,258,0,999,0,0,0,18,0,0
260,scan,259,0,3602985757343,,3602985899489,3602987522382,39.759,1.1966,1.1436,1.8171,2,0.8248,824,0,1000,0,999,1,254,3602735451682,3602941974530,206522,0,1,203404,206349,0,,,,259,0,999,0,0,0,18,0,0
261,scan,260,0,3603035718817,,3603035854219,3603037494759,39.809,1.1966,1.1435,1.8874,2,0.8301,830,0,1000,0,999,1,255,3602785504279,3602991922160,206417,0,1,203404,206341,0,,,,260,0,999,0,0,0,18,0,0
262,scan,261,0,3603085594167,,3603085721685,3603087524076,39.859,1.1967,1.1435,1.9206,2,0.8181,818,0,1000,0,999,1,256,3602835495693,3603043691624,208195,0,1,203404,206363,0,,,,261,0,999,0,0,0,18,0,0
263,scan,262,0,3603135583146,,3603135715029,3603137566218,39.909,1.1967,1.1434,1.9866,2,0.8147,814,0,1000,0,999,1,257,3602885748643,3603093475874,207727,0,1,203404,206389,0,,,,262,0,999,0,0,0,18,0,0
264,scan,263,0,3603185735861,,3603185864886,3603187609109,39.959,1.1967,1.1433,2.0208,2,0.8290,829,0,1000,0,999,1,258,3602935582710,3603143632802,208050,0,1,203404,206409,0,,,,263,0,999,0,0,0,18,0,0
265,scan,264,0,3603236150892,,3603236322727,3603238460287,40.009,1.1968,1.1432,2.0900,2,0.8167,816,0,1000,0,999,1,259,3602985800653,3603192979019,207178,0,1,203404,206412,0,,,,264,0,999,0,0,0,18,0,0
266,scan,265,0,3603285848375,,3603285973524,3603287802817,40.059,1.1968,1.1432,2.1239,2,0.8231,823,0,1000,0,999,1,260,3603035771461,3603243085233,207313,0,1,203404,206409,0,,,,265,0,999,0,0,0,18,0,0
267,scan,266,0,3603335935146,,3603336131101,3603338384852,40.109,1.1969,1.1431,2.1908,2,0.8107,810,0,1000,0,999,1,261,3603085638638,3603289734233,204095,0,1,203404,206401,0,,,,266,0,999,0,0,0,18,0,0
268,scan,267,0,3603385962668,,3603386096978,3603387567339,40.159,1.1969,1.1431,2.2247,2,0.8099,809,0,1000,0,999,1,262,3603135625565,3603339671977,204046,0,1,203404,206319,0,,,,267,0,999,0,0,0,18,0,0
269,scan,268,0,3603435728245,,3603435858570,3603437593487,40.209,1.1970,1.1430,2.2932,2,0.8055,805,0,1000,0,999,1,263,3603185779609,3603389849935,204070,0,1,203404,206241,0,,,,268,0,999,0,0,0,18,0,0
270,scan,269,0,3603485660382,,3603485786754,3603487547639,40.259,1.1971,1.1429,2.3273,2,0.8215,821,0,1000,0,999,1,264,3603236208365,3603440586611,204378,0,1,203404,206170,0,,,,269,0,999,0,0,0,18,0,0
271,scan,270,0,3603535999569,,3603536149354,3603539457482,40.309,1.1972,1.1428,2.3948,2,0.8151,815,0,1000,0,999,1,265,3603285891550,3603490245286,204353,0,1,203404,206169,0,,,,270,0,999,0,0,0,18,0,0
272,scan,271,0,3603586024502,,3603586196533,3603588603338,40.359,1.1972,1.1428,2.4286,2,0.8235,823,0,1000,0,999,1,266,3603335988671,3603540235797,204247,0,1,203404,206105,0,,,,271,0,999,0,0,0,18,0,0
273,scan,272,0,3603636307899,,3603636468356,3603638556195,40.409,1.1973,1.1428,2.4626,2,0.8279,827,0,1000,0,999,1,267,3603386006934,3603590676585,204669,0,1,203404,206113,0,,,,272,0,999,0,0,0,18,0,0
274,scan,273,0,3603686644164,,3603686773618,3603688464070,40.459,1.1974,1.1427,2.5307,2,0.8355,835,0,1000,0,999,1,268,3603435772412,3603643323959,207551,0,1,203404,206109,0,,,,273,0,999,0,0,0,18,0,0
275,scan,274,0,3603736134846,,3603736273614,3603738445669,40.509,1.1974,1.1427,2.5646,2,0.8361,836,0,1000,0,999,1,269,3603485703462,3603693035038,207331,0,1,203404,206097,0,,,,274,0,999,0,0,0,18,0,0
276,scan,275,0,3603786196359,,3603786622510,3603788538169,40.559,1.1975,1.1426,2.6323,2,0.8437,843,0,971,0,999,1,270,3603536064903,3603743279978,207215,0,1,203404,206090,0,,,,275,0,999,0,0,0,18,0,0
277,scan,276,0,3603836551871,,3603836745359,3603838513488,40.609,1.1976,1.1426,2.6662,2,0.8529,852,0,903,0,999,1,271,3603586067674,3603793455503,207387,0,1,203404,206095,0,,,,276,0,999,0,0,0,18,0,0
278,scan,277,0,3603886428750,,3603886551547,3603888490659,40.659,1.1977,1.1426,2.7342,2,0.8760,876,220,767,0,999,1,272,3603636363571,3603843199845,206836,0,1,203404,206086,0,,,,277,0,999,0,0,0,18,0,0
279,scan,278,0,3603936594228,,3603936723512,3603938483827,40.709,1.1977,1.1426,2.7682,2,0.8886,888,220,699,0,999,1,273,3603686687786,3603893556589,206868,0,1,203404,206145,0,,,,278,0,999,0,0,0,18,0,0
280,scan,279,0,3603986816347,,3603986943910,3603988543662,40.759,1.1978,1.1425,2.8360,2,0.8990,899,220,563,0,999,1,274,3603736178138,3603942566840,206388,0,1,203404,206186,0,,,,279,0,999,0,0,0,18,0,0
281,scan,280,0,3604036867353,,3604037017195,3604038524550,40.809,1.1979,1.1425,2.8699,2,0.9243,924,220,496,0,981,1,275,3603786239901,3603993147446,206907,0,1,203404,206254,0,,,,280,0,981,0,0,0,18,0,0
282,scan,281,0,3604086678261,,3604086801376,3604088607908,40.859,1.1980,1.1425,2.9376,2,0.9420,942,220,360,0,909,1,276,3603836614877,3604042680908,206066,0,1,203404,206294,0,,,,281,0,909,0,0,0,18,0,0
283,scan,282,0,3604136740019,,3604136897069,3604138588343,40.909,1.1981,1.1425,2.9710,2,0.6186,618,220,293,220,765,1,277,3603886471817,3604093561038,207089,0,1,203404,206293,0,,,,282,220,765,0,0,0,18,0,0
284,scan,283,0,3604186515597,,3604186643068,3604188496367,40.959,1.1969,1.1426,3.0347,2,0.5992,599,220,166,220,690,1,278,3603936638306,3604143920891,207282,0,1,203404,206293,0,,,,283,220,690,0,0,0,18,0,0
285,scan,284,0,3604236531308,,3604236653939,3604238491396,41.009,1.1946,1.1429,3.0662,2,0.5491,549,220,103,220,546,1,279,3603986860550,3604193790424,206929,0,1,203404,206280,0,,,,284,220,546,0,0,0,18,0,0
286,scan,285,0,3604286741667,,3604286875558,3604288474659,41.059,1.1864,1.1432,3.1334,2,0.5470,546,220,-31,220,479,1,280,3604036927209,3604243917228,206990,0,1,203404,206278,0,,,,285,220,479,0,0,0,18,0,0
287,scan,286,0,3604337315952,,3604337454362,3604339565449,41.109,1.1805,1.1432,-3.1155,2,0.5423,542,220,-100,220,345,1,281,3604086718332,3604291378287,204659,0,1,203404,206293,0,,,,286,220,345,0,0,0,18,0,0
288,scan,287,0,3604387673371,,3604387957277,3604390394041,41.159,1.1671,1.1424,-3.0577,2,0.5212,521,220,-216,220,281,1,282,3604136787866,3604343811112,207023,0,1,203404,206285,0,,,,287,220,281,0,0,0,18,0,0
289,scan,288,0,3604437010173,,3604437156872,3604439366243,41.209,1.1597,1.1417,-3.0444,2,0.5324,532,220,-244,220,159,1,283,3604186558877,3604393486863,206927,0,1,203404,206283,0,,,,288,220,159,0,0,0,18,0,0
290,scan,289,0,3604487104595,,3604487248072,3604489474729,41.259,1.1522,1.1410,-3.0424,2,0.5136,513,220,-249,220,100,1,284,3604236572076,3604444050040,207477,0,1,203404,206302,0,,,,289,220,100,0,0,0,18,0,0
291,scan,290,0,3604536909920,,3604537056845,3604539486445,41.309,1.1374,1.1395,-3.0425,2,0.5055,505,220,-250,220,-29,1,285,3604286781555,3604494609277,207827,0,1,203404,206331,0,,,,290,220,-29,0,0,0,18,0,0
292,scan,291,0,3604586927163,,3604587047166,3604588659235,41.359,1.1299,1.1388,-3.0360,2,0.4952,495,220,-264,220,-96,1,286,3604337362202,3604545337760,207975,0,1,203404,206271,0,,,,291,220,-96,0,0,0,18,0,0
293,scan,292,0,3604636712613,,3604636846566,3604638521007,41.409,1.1151,1.1371,-3.0274,2,0.5032,503,220,-283,220,-205,1,287,3604387766385,3604595332082,207565,0,1,203404,206349,0,,,,292,220,-205,0,0,0,18,0,0
294,scan,293,0,3604687305704,,3604687434421,3604689783795,41.459,1.1076,1.1363,-3.0339,2,0.5001,500,220,-271,220,-231,1,288,3604437063395,3604645159044,208095,0,1,203404,206446,0,,,,293,220,-231,0,0,0,18,0,0
295,scan,294,0,3604737021458,,3604737173569,3604739791581,41.509,1.0927,1.1348,-3.0560,2,0.4917,491,220,-228,220,-236,1,289,3604487162627,3604694782147,207619,0,1,203404,206525,0,,,,294,220,-236,0,0,0,18,0,0
296,scan,295,0,3604787488764,,3604787616636,3604789752101,41.559,1.0852,1.1342,-3.0647,2,0.5038,503,220,-211,220,-235,1,290,3604536952286,3604743877776,206925,0,1,203404,206585,0,,,,295,220,-235,0,0,0,18,0,0
297,scan,296,0,3604837294675,,3604837445382,3604839506449,41.609,1.0703,1.1331,-3.0765,2,0.4974,497,220,-189,220,-249,1,291,3604586967309,3604793755485,206788,0,1,203404,206581,0,,,,296,220,-249,0,0,0,18,0,0
298,scan,297,0,3604887641485,,3604887765471,3604889484825,41.659,1.0628,1.1327,-3.0834,2,0.5019,501,220,-176,220,-267,1,292,3604636758255,3604844018942,207260,0,1,203404,206608,0,,,,297,220,-267,0,0,0,18,0,0
299,scan,298,0,3604937313963,,3604937443922,3604939479462,41.709,1.0478,1.1319,-3.1025,2,0.5123,512,220,-139,220,-255,1,293,3604687349855,3604894422368,207072,0,1,203404,206633,0,,,,298,220,-255,0,0,0,18,0,0
300,scan,299,0,3604987475251,,3604987617021,3604989528195,41.759,1.0403,1.1317,-3.1126,2,0.5418,541,220,-119,220,-216,1,294,3604737070197,3604944112022,207041,0,1,203404,206646,0,,,,299,220,-216,0,0,0,18,0,0
301,scan,300,0,3605037455253,,3605037633748,3605039504202,41.809,1.0254,1.1314,-3.1299,2,0.9497,949,220,-85,220,-200,1,295,3604787531589,3604994254326,206722,0,1,203404,206653,0,,,,300,220,-200,0,0,0,18,0,0
302,scan,301,0,3605087627425,,3605087747587,3605089489861,41.859,1.0179,1.1313,-3.1363,2,0.9404,940,220,-72,220,-181,1,296,3604837344753,3605043997728,206652,0,1,203404,206615,0,,,,301,220,-181,0,0,0,18,0,0
303,scan,302,0,3605137654542,,3605137786287,3605139536913,41.909,1.0029,1.1313,3.1347,2,0.9213,921,220,-49,220,-168,1,297,3604887687955,3605094601670,206913,0,1,203404,206594,0,,,,302,220,-168,0,0,0,18,0,0
304,scan,303,0,3605187642363,,3605187779372,3605189531336,41.959,0.9954,1.1314,3.1284,2,0.9109,910,220,-36,220,-133,1,298,3604937359594,3605144287253,206927,0,1,203404,206566,0,,,,303,220,-133,0,0,0,18,0,0
305,scan,304,0,3605237649854,,3605237774838,3605239557800,42.009,0.9804,1.1317,3.1166,2,0.9166,916,220,-13,220,-112,1,299,3604987522593,3605194748063,207225,0,1,203404,206568,0,,,,304,220,-112,0,0,0,18,0,0
306,scan,305,0,3605287800244,,3605287931555,3605289548584,42.059,0.9729,1.1319,3.1123,2,0.9029,902,220,-4,220,-81,1,300,3605037512344,3605244430225,206917,0,1,203404,206558,0,,,,305,220,-81,0,0,0,18,0,0
307,scan,306,0,3605337827191,,3605337956436,3605339612320,42.109,0.9654,1.1321,3.1089,2,0.8884,888,220,3,220,-70,1,301,3605087670557,3605292436438,204765,0,1,203404,206574,0,,,,306,220,-70,0,0,0,18,0,0
308,scan,307,0,3605388036753,,3605388178058,3605390415336,42.159,0.9505,1.1327,3.1037,2,0.8835,883,220,13,220,-47,1,302,3605137699055,3605344120800,206421,0,1,203404,206634,0,,,,307,220,-47,0,0,0,18,0,0
309,scan,308,0,3605437757105,,3605437881014,3605439475838,42.209,0.9430,1.1330,3.1015,2,0.8694,869,220,18,220,-33,1,303,3605187686556,3605395264905,207578,0,1,203404,206721,0,,,,308,220,-33,0,0,0,18,0,0
310,scan,309,0,3605487974334,,3605488158735,3605490383060,42.259,0.9281,1.1336,3.0978,2,0.8567,856,220,25,220,-12,1,304,3605237688347,3605444241678,206553,0,1,203404,206776,0,,,,309,220,-12,0,0,0,18,0,0
311,scan,310,0,3605538462603,,3605538677764,3605540505395,42.309,0.9206,1.1339,3.0969,2,0.8467,846,220,27,220,-3,1,305,3605287844092,3605495185383,207341,0,1,203404,206851,0,,,,310,220,-3,0,0,0,18,0,0
312,scan,311,0,3605588189010,,3605588331253,3605590430860,42.359,0.9057,1.1346,3.0966,2,0.8410,841,220,28,220,3,1,306,3605337870613,3605544506669,206636,0,1,203404,206910,0,,,,311,220,3,0,0,0,18,0,0
313,scan,312,0,3605638378356,,3605638513453,3605640552893,42.409,0.8982,1.1349,3.0967,2,0.8308,830,220,28,220,13,1,307,3605388080096,3605595162859,207082,0,1,203404,206971,0,,,,312,220,13,0,0,0,18,0,0
314,scan,313,0,3605688096303,,3605688232357,3605689595203,42.459,0.8832,1.1356,3.0970,2,0.8199,819,220,27,220,19,1,308,3605437798858,3605645422753,207623,0,1,203404,206972,0,,,,313,220,19,0,0,0,18,0,0
315,scan,314,0,3605738103084,,3605738258898,3605740540704,42.509,0.8758,1.1359,3.0974,2,0.8193,819,220,27,220,25,1,309,3605488065515,3605692644253,204578,0,1,203404,206904,0,,,,314,220,25,0,0,0,18,0,0
316,scan,315,0,3605788404798,,3605788543238,3605790589173,42.559,0.8608,1.1366,3.0989,2,0.8025,802,220,24,220,26,1,310,3605538535787,3605742822309,204286,0,1,203404,206830,0,,,,315,220,26,0,0,0,18,0,0
317,scan,316,0,3605838366779,,3605838545037,3605840642614,42.609,0.8534,1.1369,3.0999,2,0.7904,790,220,22,220,27,1,311,3605588237537,3605795255421,207017,0,1,203404,206821,0,,,,316,220,27,0,0,0,18,0,0
318,scan,317,0,3605888087221,,3605888207961,3605890396462,42.659,0.8384,1.1375,3.1018,2,0.7795,779,220,18,220,27,1,312,3605638424464,3605843251852,204827,0,1,203404,206771,0,,,,317,220,27,0,0,0,18,0,0
319,scan,318,0,3605938208976,,3605938336567,3605940470374,42.709,0.8309,1.1378,3.1027,2,0.7712,771,220,17,220,27,1,313,3605688146474,3605894405629,206259,0,1,203404,206756,0,,,,318,220,27,0,0,0,18,0,0
320,scan,319,0,3605988511779,,3605988649538,3605990606339,42.759,0.8160,1.1384,3.1044,2,0.7536,753,220,13,220,27,1,314,3605738149319,3605944647600,206498,0,1,203404,206758,0,,,,319,220,27,0,0,0,18,0,0
321,scan,320,0,3606038631419,,3606038775753,3606040619665,42.809,0.8085,1.1386,3.1054,2,0.7419,741,220,11,220,24,1,315,3605788449285,3605994825599,206376,0,1,203404,206745,0,,,,320,220,24,0,0,0,18,0,0
322,scan,321,0,3606088665045,,3606088790011,3606090574868,42.859,0.7936,1.1392,3.1073,2,0.7294,729,220,8,220,22,1,316,3605838418794,3606045705685,207286,0,1,203404,206776,0,,,,321,220,22,0,0,0,18,0,0
323,scan,322,0,3606138630621,,3606138793004,3606140513809,42.909,0.7861,1.1394,3.1081,2,0.7077,707,220,6,220,17,1,317,3605888128697,3606095330447,207201,0,1,203404,206778,0,,,,322,220,17,0,0,0,18,0,0
324,scan,323,0,3606188666508,,3606188797965,3606190744130,42.959,0.7786,1.1397,3.1088,2,0.7228,722,220,5,220,16,1,318,3605938251895,3606145501089,207249,0,1,203404,206778,0,,,,323,220,16,0,0,0,18,0,0
325,scan,324,0,3606238589600,,3606238728145,3606240502655,43.009,0.7637,1.1401,3.1100,2,0.7120,711,220,2,220,14,1,319,3605988558241,3606192962250,204404,0,1,203404,206714,0,,,,324,220,14,0,0,0,18,0,0
326,scan,325,0,3606288440098,,3606288585363,3606290555420,43.059,0.7562,1.1404,3.1105,2,0.7000,700,220,1,220,13,1,320,3606038680311,3606243100209,204419,0,1,203404,206650,0,,,,325,220,13,0,0,0,18,0,0
327,scan,326,0,3606338470164,,3606338607221,3606340513915,43.109,0.7412,1.1408,3.1114,2,0.6830,682,220,-1,220,8,1,321,3606088703462,3606293159630,204456,0,1,203404,206645,0,,,,326,220,8,0,0,0,18,0,0
328,scan,327,0,3606388881211,,3606389012475,3606390518629,43.159,0.7338,1.1411,3.1118,2,0.6794,679,220,-1,220,6,1,322,3606138687653,3606343107276,204419,0,1,203404,206580,0,,,,327,220,6,0,0,0,18,0,0
329,scan,328,0,3606438956316,,3606439079979,3606441380741,43.209,0.7188,1.1415,3.1125,2,0.6703,670,220,-3,220,5,1,323,3606188711880,3606395712731,207000,0,1,203404,206582,0,,,,328,220,5,0,0,0,18,0,0
330,scan,329,0,3606488901631,,3606489062680,3606490538158,43.259,0.7113,1.1417,3.1126,2,0.6535,653,220,-3,220,3,1,324,3606238633573,3606445777031,207143,0,1,203404,206574,0,,,,329,220,3,0,0,0,18,0,0
331,scan,330,0,3606538871464,,3606539004423,3606540543993,43.309,0.6964,1.1422,3.1128,2,0.6556,655,220,-3,220,2,1,325,3606288485091,3606495969368,207484,0,1,203404,206565,0,,,,330,220,2,0,0,0,18,0,0
332,scan,331,0,3606588668977,,3606588796429,3606590662753,43.359,0.6889,1.1424,3.1129,2,0.6471,647,220,-4,220,1,1,326,3606338517551,3606546049015,207531,0,1,203404,206554,0,,,,331,220,1,0,0,0,18,0,0
333,scan,332,0,3606638736845,,3606638858414,3606640509443,43.409,0.6740,1.1428,3.1131,2,0.6371,637,220,-4,220,-1,1,327,3606388925536,3606596098831,207173,0,1,203404,206544,0,,,,332,220,-1,0,0,0,18,0,0
334,scan,333,0,3606689161286,,3606689297951,3606691425944,43.459,0.6665,1.1430,3.1131,2,0.6155,615,220,-4,220,-1,1,328,3606438996576,3606646089379,207092,0,1,203404,206519,0,,,,333,220,-1,0,0,0,18,0,0
335,scan,334,0,3606739256302,,3606739383017,3606741653269,43.509,0.6515,1.1434,3.1130,2,0.6226,622,220,-4,220,-3,1,329,3606488961786,3606695863591,206901,0,1,203404,206501,0,,,,334,220,-3,0,0,0,18,0,0
336,scan,335,0,3606790007855,,3606790210710,3606792445600,43.559,0.6440,1.1436,3.1129,2,0.5929,592,220,-4,220,-3,1,330,3606538916955,3606745914959,206998,0,1,203404,206503,0,,,,335,220,-3,0,0,0,18,0,0
337,scan,336,0,3606839567708,,3606839692238,3606841592117,43.609,0.6291,1.1441,3.1128,2,0.5902,590,220,-4,220,-4,1,331,3606588711665,3606796289817,207578,0,1,203404,206523,0,,,,336,220,-4,0,0,0,18,0,0
338,scan,337,0,3606889527927,,3606889658483,3606891560576,43.659,0.6216,1.1443,3.1127,2,0.5821,582,220,-3,220,-3,1,332,3606638774767,3606846131362,207356,0,1,203404,206525,0,,,,337,220,-3,0,0,0,18,0,0
339,scan,338,0,3606939790179,,3606940056600,3606941543814,43.709,0.6067,1.1447,3.1124,2,0.5738,573,220,-3,220,-3,1,333,3606689207939,3606896437372,207229,0,1,203404,206529,0,,,,338,220,-3,0,0,0,18,0,0
340,scan,339,0,3606989637358,,3606989765845,3606991471326,43.759,0.5992,1.1449,3.1123,2,0.5705,570,220,-3,220,-4,1,334,3606739298662,3606946017882,206719,0,1,203404,206521,0,,,,339,220,-4,0,0,0,18,0,0
341,scan,340,0,3607039712896,,3607039859074,3607041506113,43.809,0.5917,1.1452,3.1122,2,0.5607,560,220,-2,220,-3,1,335,3606790058364,3606997561650,207503,0,1,203404,206540,0,,,,340,220,-3,0,0,0,18,0,0
342,scan,341,0,3607089462428,,3607089586010,3607091558407,43.859,0.5768,1.1456,3.1120,2,0.5468,546,220,-2,220,-3,1,336,3606839608388,3607046784264,207175,0,1,203404,206553,0,,,,341,220,-3,0,0,0,18,0,0
343,scan,342,0,3607139558096,,3607139749795,3607141682666,43.909,0.5693,1.1458,3.1119,2,0.5340,533,220,-2,220,-4,1,337,3606889574106,3607097234783,207660,0,1,203404,206572,0,,,,342,220,-4,0,0,0,18,0,0
344,scan,343,0,3607189632722,,3607189776475,3607191462351,43.959,0.5543,1.1463,3.1116,2,0.5261,526,220,-1,220,-1,1,338,3606939856810,3607147196795,207339,0,1,203404,206582,0,,,,343,220,-1,0,0,0,18,0,0
345,scan,344,0,3607239716034,,3607239875983,3607241572901,44.009,0.5469,1.1465,3.1115,2,0.5081,508,220,-1,220,-1,1,339,3606989683261,3607197182009,207498,0,1,203404,206589,0,,,,344,220,-1,0,0,0,18,0,0
346,scan,345,0,3607289507529,,3607289649799,3607292437634,44.059,0.5319,1.1469,3.1113,2,0.5062,506,220,-1,220,-2,1,340,3607039764333,3607247620590,207856,0,1,203404,206613,0,,,,345,220,-2,0,0,0,18,0,0
347,scan,346,0,3607339662510,,3607339970429,3607341454073,44.109,0.5244,1.1472,3.1113,2,0.4897,489,220,-1,220,-1,1,341,3607089506622,3607294628407,205121,0,1,203404,206622,0,,,,346,220,-1,0,0,0,18,0,0
348,scan,347,0,3607389629326,,3607389755148,3607391549270,44.159,0.5095,1.1476,3.1113,2,0.4833,483,220,-1,220,-1,1,342,3607139618760,3607347861539,208242,0,1,203404,206667,0,,,,347,220,-1,0,0,0,18,0,0
349,scan,348,0,3607439760715,,3607439894755,3607441572813,44.209,0.5020,1.1479,3.1112,2,0.4792,479,220,-1,220,-2,1,343,3607189683009,3607396514764,206831,0,1,203404,206648,0,,,,348,220,-2,0,0,0,18,0,0
350,scan,349,0,3607489897605,,3607490022355,3607491504705,44.259,0.4870,1.1483,3.1111,2,0.4745,474,220,0,220,0,1,344,3607239764031,3607446987913,207223,0,1,203404,206665,0,,,,349,220,0,0,0,0,18,0,0
351,scan,350,0,3607539880248,,3607540037880,3607541532971,44.309,0.4796,1.1485,3.1111,2,0.4668,466,220,0,220,0,1,345,3607289557304,3607493211636,203654,0,1,203404,206573,0,,,,350,220,0,0,0,0,18,0,0
352,scan,351,0,3607589934958,,3607590062285,3607591497788,44.359,0.4646,1.1490,3.1110,2,0.4604,460,220,0,220,0,1,346,3607339706901,3607545600156,205893,0,1,203404,206554,0,,,,351,220,0,0,0,0,18,0,0
353,scan,352,0,3607639944468,,3607640113791,3607642361426,44.409,0.4571,1.1492,3.1110,2,0.4384,438,220,0,220,1,1,347,3607389669671,3607596047471,206377,0,1,203404,206537,0,,,,352,220,1,0,0,0,18,0,0
354,scan,353,0,3607690140064,,3607690288299,3607692469398,44.459,0.4422,1.1497,3.1111,2,0.4319,431,220,0,220,1,1,348,3607439805230,3607655080137,215274,0,1,203404,206728,0,,,,353,220,1,0,0,0,18,0,0
355,scan,354,0,3607740279782,,3607740476469,3607742580462,44.509,0.4347,1.1499,3.1111,2,0.4243,424,220,0,220,0,1,349,3607489939424,3607706039442,216100,0,1,203404,207016,0,,,,354,220,0,0,0,0,18,0,0
356,scan,355,0,3607790351980,,3607790505434,3607792535938,44.559,0.4197,1.1504,3.1112,2,0.4267,426,220,0,220,1,1,350,3607539923531,3607762462998,222539,0,1,203404,207472,0,,,,355,220,1,0,0,0,18,0,0
357,scan,356,0,3607840747589,,3607840892082,3607842570592,44.609,0.4123,1.1506,3.1112,2,0.4135,413,220,0,220,0,1,351,3607589978012,3607824959794,234981,0,1,203404,208172,0,,,,356,220,0,0,0,0,18,0,0
358,scan,357,0,3607890737277,,3607890872745,3607892595366,44.659,0.4048,1.1508,3.1112,2,0.4030,402,220,0,220,0,1,352,3607639990761,3607878491754,238500,0,1,203404,209013,0,,,,357,220,0,0,0,0,18,0,0
359,scan,358,0,3607940546838,,3607940680402,3607942549017,44.709,0.3898,1.1513,3.1112,2,0.3941,394,220,0,220,0,1,352,,,,1,1,203404,209084,0,,,,358,220,0,0,1,0,18,0,0
360,scan,359,0,3607990641899,,3607990783290,3607992581912,44.759,0.3824,1.1515,3.1112,2,0.3897,389,220,0,220,1,1,353,3607690186814,3607953303342,263116,0,1,203404,210536,0,,,,359,220,1,0,1,0,18,0,0
361,scan,360,0,3608040733555,,3608040882648,3608042539797,44.809,0.3674,1.1520,3.1112,2,0.3848,384,220,-1,220,0,1,354,3607740393909,3607991430987,251037,0,1,203404,211681,0,,,,360,220,0,0,1,0,18,0,0
362,scan,361,0,3608090592263,,3608090715714,3608092531937,44.859,0.3599,1.1522,3.1112,2,0.3676,367,220,-1,220,0,1,354,,,,1,1,203404,211797,0,,,,361,220,0,0,1,0,18,0,0
363,scan,362,0,3608140512298,,3608140655870,3608142509106,44.909,0.3450,1.1526,3.1113,2,0.3736,373,220,-1,220,0,1,354,,,,1,1,203404,211921,0,,,,362,220,0,0,1,0,18,0,0
364,scan,363,0,3608190855513,,3608190983018,3608192503055,44.959,0.3375,1.1529,3.1113,2,0.3580,357,220,-1,220,0,1,354,,,,1,1,203404,212051,0,,,,363,220,0,0,1,0,18,0,0
365,scan,364,0,3608240523971,,3608240662247,3608242514874,45.009,0.3226,1.1533,3.1112,2,0.3510,350,220,-1,220,0,1,354,,,,1,1,203404,212269,0,,,,364,220,0,0,1,0,18,0,0
366,scan,365,0,3608291000460,,3608291133079,3608292520169,45.059,0.3151,1.1535,3.1112,2,0.3526,352,220,-1,220,0,1,354,,,,1,1,203404,212500,0,,,,365,220,0,0,1,0,18,0,0
367,scan,366,0,3608340763506,,3608340897851,3608342493824,45.109,0.3001,1.1540,3.1113,2,0.3399,339,220,-1,220,0,1,354,,,,1,1,203404,212744,0,,,,366,220,0,0,1,0,18,0,0
368,scan,367,0,3608390624948,,3608390749394,3608392498380,45.159,0.2926,1.1542,3.1113,2,0.3365,336,220,-1,220,0,1,354,,,,1,1,203404,213004,0,,,,367,220,0,0,1,0,18,0,0
369,scan,368,0,3608440935893,,3608441050754,3608442489661,45.209,0.2777,1.1547,3.1113,2,0.3355,335,220,-1,220,0,1,361,3608090638326,3608437976656,347338,0,1,203404,217389,0,,,,368,220,0,0,1,0,18,0,0
370,scan,369,0,3608490777313,,3608490912429,3608492563055,45.259,0.2702,1.1549,3.1112,2,0.3168,316,220,-1,220,1,1,362,3608140560052,3608444073554,303513,0,1,203404,220401,0,,,,369,220,1,0,1,0,18,0,0
371,scan,370,0,3608540836744,,3608541008132,3608542541245,45.309,0.2553,1.1554,3.1113,2,0.3316,331,220,-1,220,1,1,363,3608190899108,3608495365807,304466,0,1,203404,223432,1,3608540968778,,,370,220,1,0,1,0,18,0,0
372,scan,371,0,3608591126644,,3608591273897,3608593416561,45.359,0.2478,1.1556,3.1113,2,0.3172,317,220,-1,220,0,1,364,3608240570007,3608547817763,307247,0,1,203404,226548,1,,,,371,220,0,0,1,0,18,0,0
373,scan,372,0,3608641944428,,3608642229839,3608644636363,45.409,0.2328,1.1560,3.1114,2,0.3280,327,220,-1,220,1,1,365,3608291044898,3608619983790,328938,0,1,203404,230353,1,,,,372,220,1,0,1,0,18,0,0
374,scan,373,0,3608691450641,,3608691600231,3608693490945,45.459,0.2254,1.1563,3.1114,2,0.3220,321,220,-1,220,0,1,366,3608340808104,3608657929648,317121,0,1,203404,233791,1,,,,373,220,0,0,1,0,18,0,0
375,scan,374,0,3608741472564,,3608741606673,3608743554482,45.509,0.2179,1.1565,3.1114,2,0.3105,310,220,-1,220,0,1,367,3608390666225,3608712526629,321860,0,1,203404,237384,1,,,,374,220,0,0,1,0,18,0,0
376,scan,375,0,3608791481568,,3608791609425,3608793516695,45.559,0.2029,1.1569,3.1114,2,0.3212,321,220,-1,220,1,1,368,3608440974376,3608765319597,324345,0,1,203404,241051,1,,,,375,220,1,0,1,0,18,0,0
377,scan,376,0,3608841639344,,3608841779892,3608843567297,45.609,0.1955,1.1572,3.1114,2,0.3159,315,220,-1,220,0,1,369,3608490824359,3608822516044,331691,0,1,203404,244929,1,,,,376,220,0,0,1,0,18,0,0
378,scan,377,0,3608891558254,,3608891678504,3608893601363,45.659,0.1805,1.1576,3.1114,2,0.3090,308,220,-1,220,0,1,370,3608540892483,3608887521283,346628,0,1,203404,249282,1,,,,377,220,0,0,1,0,18,0,0
379,scan,378,0,3608941533752,,3608941656824,3608943582860,45.709,0.1730,1.1578,3.1114,2,0.3230,323,220,-1,220,0,1,370,,,,1,1,203404,250638,1,,,,378,220,0,0,1,0,18,0,0
380,scan,379,0,3608991560130,,3608991694142,3608993546801,45.759,0.1581,1.1583,3.1114,2,0.3372,337,220,-1,220,1,1,371,3608591169066,3608966175745,375006,0,1,203404,256067,1,,,,379,220,1,0,1,0,18,0,0
381,scan,380,0,3609041581836,,3609041714544,3609043548167,45.809,0.1506,1.1585,3.1114,2,0.3564,356,220,-1,220,0,1,372,3608642023034,3609005780102,363757,0,1,203404,261107,1,,,,380,220,0,0,1,0,18,0,0
382,scan,381,0,3609091533515,,3609091653675,3609093466827,45.859,0.1356,1.1590,3.1115,2,0.3704,370,220,-1,220,0,1,373,3608691499961,3609051562817,360062,0,1,203404,266039,1,,,,381,220,0,0,1,0,18,0,0
383,scan,382,0,3609141726462,,3609141857057,3609143513562,45.909,0.1282,1.1592,3.1115,2,1.0506,1050,220,-1,220,0,1,374,3608741517027,3609115034230,373517,0,1,203404,271389,1,,,,382,220,0,0,0,0,18,0,0
384,scan,383,0,3609191893954,,3609192056728,3609193555926,45.959,0.1132,1.1596,3.1115,2,1.0296,1029,220,-1,220,0,1,375,3608791526385,3609158387535,366861,0,1,203404,276535,1,,,,383,220,0,0,0,0,18,0,0
385,scan,384,0,3609241737258,,3609241867643,3609244454810,46.009,0.1057,1.1599,3.1114,2,1.0346,1034,220,-1,220,0,1,376,3608841688422,3609225186056,383497,0,1,203404,282213,1,,,,384,220,0,0,0,0,18,0,0
386,scan,385,0,3609291654759,,3609291790616,3609293580764,46.059,0.0908,1.1603,3.1114,2,1.0140,1013,220,-1,220,0,1,376,,,,1,1,203404,284691,1,,,,385,220,0,0,0,0,18,0,0
387,scan,386,0,3609341481166,,3609341601598,3609343514119,46.109,0.0833,1.1605,3.1115,2,1.0147,1014,220,-1,220,1,1,378,3608941575309,3609338605909,397030,0,1,203404,291088,1,,,,386,220,1,0,0,0,18,0,0
388,scan,387,0,3609392054660,,3609392211248,3609394451756,46.159,0.0683,1.1610,3.1115,2,0.9939,993,220,-1,220,0,1,379,3608991613065,3609377066732,385453,0,1,203404,296995,1,,,,387,220,0,0,0,0,18,0,0
389,scan,388,0,3609441671774,,3609441797456,3609443794922,46.209,0.0609,1.1612,3.1115,2,0.9959,995,220,-1,220,0,1,379,,,,1,1,203404,300104,1,,,,388,220,0,0,0,0,18,0,0
390,scan,389,0,3609491954178,,3609492114163,3609494675884,46.259,0.0459,1.1617,3.1116,2,0.9812,981,220,-1,220,1,1,380,3609041627117,3609479718666,438091,0,1,203404,308065,1,,,,389,220,1,0,0,0,18,0,0
391,scan,390,0,3609541947114,,3609542079151,3609543483421,46.309,0.0384,1.1619,3.1116,2,0.9776,977,220,-1,220,0,1,381,3609091577949,3609506610806,415032,0,1,203404,315354,1,,,,390,220,0,0,0,0,18,0,0
392,scan,391,0,3609592252970,,3609592434725,3609594474784,46.359,0.0310,1.1621,3.1115,2,0.9709,970,220,-1,220,0,1,382,3609141771256,3609579675566,437904,0,1,203404,323355,1,,,,391,220,0,0,0,0,18,0,0
393,scan,392,0,3609642345011,,3609642486705,3609644545919,46.409,0.0160,1.1626,3.1116,2,0.9730,972,220,-1,220,1,1,383,3609191937434,3609606431096,414493,0,1,203404,330531,1,,,,392,220,1,0,0,0,18,0,0
394,scan,393,0,3609692178136,,3609692315619,3609694451352,46.459,0.0085,1.1628,3.1116,2,0.9544,954,220,-2,220,1,1,383,,,,1,1,203404,334647,1,,,,393,220,1,0,0,0,18,0,0
395,flag,393,1,,3609737755846,3609737823241,3609739536118,46.459,0.0085,1.1628,3.1116,2,0.9544,954,220,-2,220,1,1,383,,,,,,,,,,1,1790070227358337327,393,220,-2,1,0,34,19,0,0
396,scan,394,1,3609742431394,,3609742694810,3609744894991,46.509,-0.0064,1.1632,3.1116,2,0.9413,941,220,-2,220,0,1,385,3609291700618,3609731920963,440220,0,1,203404,342652,1,,,,394,220,-2,1,0,0,19,0,0
397,scan,395,1,3609792695774,,3609792829670,3609794551365,46.559,-0.0139,1.1635,3.1116,2,0.9480,948,220,-2,220,1,1,386,3609341523998,3609790111685,448587,0,1,203404,350725,1,,,,395,220,-2,1,0,0,19,0,0
398,scan,396,1,3609842984395,,3609843109752,3609844604894,46.609,-0.0288,1.1639,3.1116,2,0.9404,940,220,-2,220,0,1,387,3609392106355,3609837168114,445061,0,1,203404,358228,1,,,,396,220,-2,1,0,0,19,0,0
399,scan,397,1,3609892722450,,3609892861592,3609894647998,46.659,-0.0363,1.1641,3.1115,2,0.9273,927,220,-1,220,0,1,387,,,,1,1,203404,362662,1,,,,397,220,-1,1,0,0,19,0,0
400,scan,398,1,3609942676295,,3609942811443,3609944682453,46.709,-0.0513,1.1646,3.1113,2,0.9241,924,220,-1,220,0,1,388,3609441714536,3609900976748,459262,0,1,203404,366112,1,,,,398,220,-1,1,0,0,19,0,0
401,scan,399,1,3609993057536,,3609993273985,3609995542124,46.759,-0.0588,1.1648,3.1113,2,0.9194,919,220,-1,220,-1,1,389,3609491991424,3609958644719,466653,0,1,203404,373381,1,,,,399,220,-1,1,0,0,19,0,0
402,scan,400,1,3610043204401,,3610043335992,3610045681304,46.809,-0.0737,1.1653,3.1113,2,0.9162,916,220,-1,220,-1,1,389,,,,1,1,203404,377912,1,,,,400,220,-1,1,0,0,19,0,0
403,scan,401,1,3610093205799,,3610093320975,3610095507241,46.859,-0.0812,1.1655,3.1113,2,0.8893,889,220,-1,220,-2,1,391,3609592327617,3610067528155,475200,0,1,203404,381387,1,,,,401,220,-1,1,0,0,19,0,0
404,scan,402,1,3610142842908,,3610143016581,3610144536218,46.909,-0.0961,1.1659,3.1111,2,0.8897,889,220,-1,220,-1,1,392,3609642392615,3610105267727,462875,0,1,203404,384197,1,,,,402,220,-1,1,0,0,19,0,0
405,scan,403,1,3610192822361,,3610192955898,3610194506663,46.959,-0.1036,1.1662,3.1111,2,0.8807,880,220,-1,220,-1,1,392,,,,1,1,203404,384197,1,,,,403,220,-1,1,0,0,19,0,0
406,scan,404,1,3610243325677,,3610243451209,3610245702518,47.009,-0.1186,1.1666,3.1111,2,0.8891,889,220,-1,220,-2,1,394,3609742524458,3610225686004,483161,0,1,203404,387496,1,,,,404,220,-1,1,0,0,19,0,0
407,scan,405,1,3610293398494,,3610293531660,3610295587367,47.059,-0.1260,1.1669,3.1110,2,0.8897,889,220,-1,220,-2,1,394,,,,1,1,203404,387496,1,,,,405,220,-1,1,0,0,19,0,0
408,scan,406,1,3610343174212,,3610343390304,3610345726590,47.109,-0.1410,1.1673,3.1109,2,0.8809,880,220,0,220,-2,1,395,3609792741507,3610298160258,505418,0,1,203404,391300,1,,,,406,220,0,1,0,0,19,0,0
409,scan,407,1,3610392789486,,3610392926872,3610394504876,47.159,-0.1485,1.1675,3.1109,2,0.8792,879,220,0,220,-2,1,395,,,,1,1,203404,391300,1,,,,407,220,0,1,0,0,19,0,0
410,scan,408,1,3610442990930,,3610443122043,3610445216606,47.209,-0.1560,1.1678,3.1109,2,0.8572,857,220,0,220,-2,1,395,,,,1,1,203404,392765,1,,,,408,220,0,1,0,0,19,0,0
411,scan,409,1,3610493076187,,3610493208803,3610495475379,47.259,-0.1709,1.1682,3.1109,2,0.8749,874,220,0,220,-2,1,395,,,,1,1,203404,395843,1,,,,409,220,0,1,0,0,19,0,0
412,scan,410,1,3610543768762,,3610543906064,3610546402652,47.309,-0.1784,1.1685,3.1109,2,0.8727,872,220,0,220,-2,1,395,,,,1,1,203404,399106,1,,,,410,220,0,1,0,0,19,0,0
413,scan,411,1,3610593688316,,3610593810482,3610595598425,47.359,-0.1933,1.1689,3.1109,2,0.8642,864,220,0,220,-2,1,395,,,,1,1,203404,402508,1,,,,411,220,0,1,0,0,19,0,0
414,scan,412,1,3610643533000,,3610643681212,3610645710769,47.409,-0.2008,1.1692,3.1109,2,0.8691,869,220,0,220,-2,1,395,,,,1,1,203404,405338,1,,,,412,220,0,1,0,0,19,0,0
415,scan,413,1,3610693076170,,3610693198550,3610695409084,47.459,-0.2158,1.1696,3.1109,2,0.8620,862,220,0,220,-2,1,395,,,,1,1,203404,408867,1,,,,413,220,0,1,0,0,19,0,0
416,scan,414,1,3610743180058,,3610743305860,3610745636039,47.509,-0.2232,1.1698,3.1109,2,0.8762,876,220,0,220,0,1,403,3610192869798,3610723483423,530613,0,1,203404,417217,1,,,,414,220,0,1,0,0,19,0,0
417,scan,415,1,3610793555407,,3610793746345,3610795543852,47.559,-0.2382,1.1703,3.1109,2,0.8896,889,220,0,220,0,1,403,,,,1,1,203404,421086,1,,,,415,220,0,1,0,0,19,0,0
418,scan,416,1,3610843566036,,3610843689520,3610845532418,47.609,-0.2457,1.1705,3.1109,2,0.9071,907,220,0,220,1,1,404,3610243370696,3610820483278,577112,0,1,203404,431312,1,,,,416,220,0,1,0,0,19,0,0
419,scan,417,1,3610893218101,,3610893334442,3610895461780,47.659,-0.2606,1.1710,3.1109,2,1.0313,1031,220,0,220,1,1,404,,,,1,1,203404,434994,1,,,,417,220,0,1,0,0,19,0,0
420,scan,418,1,3610943123086,,3610943251396,3610945467916,47.709,-0.2681,1.1712,3.1109,2,1.0297,1029,220,0,220,1,1,404,,,,1,1,203404,434994,1,,,,418,220,0,1,0,0,19,0,0
421,scan,419,1,3610993415912,,3610993536979,3610995563876,47.759,-0.2831,1.1717,3.1109,2,1.0383,1038,220,0,220,1,1,404,,,,1,1,203404,437721,1,,,,419,220,0,1,0,0,19,0,0
422,scan,420,1,3611043494464,,3611043666297,3611045534479,47.809,-0.2905,1.1719,3.1109,2,1.0246,1024,220,0,220,1,1,408,3610443035768,3611018521037,575485,0,1,203404,447345,1,,,,420,220,0,1,0,0,19,0,0
423,scan,421,1,3611093668075,,3611093798231,3611095571061,47.859,-0.3055,1.1724,3.1109,2,1.0406,1040,220,0,220,0,1,409,3610493120839,3611074279808,581158,0,1,203404,457395,1,,,,421,220,0,1,0,0,19,0,0
424,scan,422,1,3611143685730,,3611143805401,3611146409258,47.909,-0.3130,1.1726,3.1109,2,1.0484,1048,220,0,220,1,1,411,3610593730399,3611134381178,540650,0,1,203404,464992,1,,,,422,220,0,1,0,0,19,0,0
425,scan,423,1,3611193907474,,3611194026164,3611195560381,47.959,-0.3279,1.1731,3.1109,2,1.0194,1019,220,0,220,1,1,411,,,,1,1,203404,469665,1,,,,423,220,0,1,0,0,19,0,0
426,scan,424,1,3611243787918,,3611243907652,3611245681121,48.009,-0.3354,1.1733,3.1109,2,1.0402,1040,220,0,220,1,1,413,3610693116161,3611237542814,544426,0,1,203404,477328,1,,,,424,220,0,1,0,0,19,0,0
427,scan,425,1,3611294175258,,3611294326930,3611296801348,48.059,-0.3429,1.1735,3.1109,2,1.0324,1032,220,0,220,1,1,413,,,,1,1,203404,477328,1,,,,425,220,0,1,0,0,19,0,0
428,scan,426,1,3611343808052,,3611343931942,3611346369873,48.109,-0.3578,1.1740,3.1109,2,1.0329,1032,220,0,220,1,1,414,3610743224056,3611303295351,560071,0,1,203404,485092,1,,,,426,220,0,1,0,0,19,0,0
429,scan,427,1,3611393763857,,3611393896005,3611395481806,48.159,-0.3653,1.1742,3.1109,2,1.0253,1025,220,0,220,0,1,415,3610793620092,3611358775286,565155,0,1,203404,493649,1,,,,427,220,0,1,0,0,19,0,0
430,scan,428,1,3611444167464,,3611444294293,3611446420089,48.209,-0.3802,1.1747,3.1109,2,1.0291,1029,220,0,220,0,1,415,,,,1,1,203404,493649,1,,,,428,220,0,1,0,0,19,0,0
431,scan,429,1,3611493922119,,3611494052873,3611495512198,48.259,-0.3877,1.1749,3.1109,2,1.0118,1011,220,0,220,0,1,415,,,,1,1,203404,496427,1,,,,429,220,0,1,0,0,19,0,0
432,scan,430,1,3611544187054,,3611544333536,3611546392048,48.309,-0.4027,1.1753,3.1109,2,1.0274,1027,220,0,220,0,1,415,,,,1,1,203404,500711,1,,,,430,220,0,1,0,0,19,0,0
433,scan,431,1,3611594184004,,3611594313940,3611596470307,48.359,-0.4102,1.1756,3.1109,2,1.0215,1021,220,0,220,1,1,419,3610993456680,3611565489089,572032,0,1,203404,507770,1,,,,431,220,0,1,0,0,19,0,0
434,scan,432,1,3611644146429,,3611644281098,3611646762780,48.409,-0.4251,1.1760,3.1109,2,1.0351,1035,220,0,220,1,1,419,,,,1,1,203404,512952,1,,,,432,220,0,1,0,0,19,0,0
435,scan,433,1,3611694136375,,3611694300588,3611696538498,48.459,-0.4326,1.1763,3.1109,2,1.0410,1041,220,0,220,1,1,419,,,,1,1,203404,512952,1,,,,433,220,0,1,0,0,19,0,0
436,scan,434,1,3611744229791,,3611744366449,3611746518422,48.509,-0.4475,1.1767,3.1109,2,1.0234,1023,220,0,220,2,1,422,3611143726132,3611726091706,582365,0,1,203404,520849,1,,,,434,220,0,1,0,0,19,0,0
437,scan,435,1,3611794746092,,3611794927275,3611796552681,48.559,-0.4550,1.1770,3.1109,2,1.0110,1010,220,0,220,2,1,422,,,,1,1,203404,525100,1,,,,435,220,0,1,0,0,19,0,0
438,scan,436,1,3611844586859,,3611844714323,3611846536973,48.609,-0.4700,1.1774,3.1109,2,1.0184,1018,220,0,220,0,1,424,3611243832576,3611797569598,553737,0,1,203404,531493,1,,,,436,220,0,1,0,0,19,0,0
439,scan,437,1,3611894754481,,3611894894537,3611896529860,48.659,-0.4774,1.1776,3.1109,2,1.0092,1009,220,0,220,1,1,426,3611343851643,3611889686692,545835,0,1,203404,532289,1,,,,437,220,0,1,0,0,19,0,0
440,scan,438,1,3611944518697,,3611944644638,3611946835316,48.709,-0.4924,1.1781,3.1109,2,1.0097,1009,220,-1,220,1,1,426,,,,1,1,203404,536585,1,,,,438,220,-1,1,0,0,19,0,0
441,scan,439,1,3611994755078,,3611994930129,3611996519933,48.759,-0.4999,1.1783,3.1109,2,1.0193,1019,220,-1,220,2,1,428,3611444211102,3611988088772,543877,0,1,203404,541128,1,,,,439,220,-1,1,0,0,19,0,0
442,scan,440,1,3612044565351,,3612044696771,3612046504907,48.809,-0.5148,1.1788,3.1109,2,1.0297,1029,220,0,220,2,1,428,,,,1,1,203404,541128,1,,,,440,220,0,1,0,0,19,0,0
443,scan,441,1,3612094880554,,3612095152439,3612097433926,48.859,-0.5223,1.1790,3.1108,2,1.0275,1027,220,0,220,1,1,429,3611493966324,3612060208987,566242,0,1,203404,546483,1,,,,441,220,0,1,0,0,19,0,0
444,scan,442,1,3612145301176,,3612145474787,3612147485682,48.909,-0.5298,1.1793,3.1108,2,1.0176,1017,220,0,220,1,1,429,,,,1,1,203404,551709,1,,,,442,220,0,1,0,0,19,0,0
445,scan,443,1,3612195670438,,3612195792576,3612197519312,48.959,-0.5447,1.1797,3.1108,2,1.0131,1013,220,0,220,2,1,431,3611594231657,3612166368959,572137,0,1,203404,552910,1,,,,443,220,0,1,0,0,19,0,0
446,scan,444,1,3612245846822,,3612245980431,3612247456543,49.009,-0.5522,1.1799,3.1108,2,1.0330,1032,220,0,220,0,1,433,3611694192788,3612240689162,546496,0,1,203404,556636,1,,,,444,220,0,1,0,0,19,0,0
447,scan,445,1,3612295651872,,3612295796584,3612297607686,49.059,-0.5672,1.1804,3.1108,2,1.0287,1028,220,0,220,0,1,433,,,,1,1,203404,556636,1,,,,445,220,0,1,0,0,19,0,0
448,scan,446,1,3612345380997,,3612345529350,3612347456384,49.109,-0.5746,1.1806,3.1108,2,1.0209,1020,220,0,220,1,1,434,3611744275934,3612302927626,558651,0,1,203404,559767,1,,,,446,220,0,1,0,0,19,0,0
449,scan,447,1,3612395411005,,3612395541614,3612397493522,49.159,-0.5896,1.1811,3.1108,2,1.0181,1018,220,0,220,0,1,436,3611844630195,3612386566509,541936,0,1,203404,558777,1,,,,447,220,0,1,0,0,19,0,0
450,scan,448,1,3612445832192,,3612445963679,3612447555044,49.209,-0.5971,1.1813,3.1108,2,1.0173,1017,220,0,220,0,1,436,,,,1,1,203404,558777,1,,,,448,220,0,1,0,0,19,0,0
451,scan,449,1,3612495612629,,3612495743326,3612497584966,49.259,-0.6120,1.1818,3.1108,2,0.9989,998,220,0,220,1,1,438,3611944557955,3612488156474,543598,0,1,203404,557978,1,,,,449,220,0,1,0,0,19,0,0
452,scan,450,1,3612545514234,,3612545635129,3612547526005,49.309,-0.6195,1.1820,3.1108,2,1.0267,1026,220,0,220,0,1,439,3611994816821,3612536649371,541832,0,1,203404,557170,1,,,,450,220,0,1,0,0,19,0,0
453,scan,451,1,3612595737791,,3612595926101,3612597664042,49.359,-0.6344,1.1825,3.1108,2,1.0040,1003,220,0,220,1,1,440,3612044605231,3612582090680,537485,0,1,203404,556233,1,,,,451,220,0,1,0,0,19,0,0
454,scan,452,1,3612645746791,,3612645885627,3612647526983,49.409,-0.6419,1.1827,3.1108,2,1.0127,1012,220,0,220,1,1,441,3612094949831,3612637474437,542524,0,1,203404,555610,1,,,,452,220,0,1,0,0,19,0,0
455,scan,453,1,3612695691486,,3612695821287,3612697532417,49.459,-0.6569,1.1832,3.1108,2,1.0224,1022,220,0,220,0,1,442,3612145346258,3612688394096,543047,0,1,203404,555064,1,,,,453,220,0,1,0,0,19,0,0
456,scan,454,1,3612745804621,,3612745936531,3612747466670,49.509,-0.6644,1.1834,3.1108,2,1.0205,1020,220,0,220,0,1,442,,,,1,1,203404,556175,1,,,,454,220,0,1,0,0,19,0,0
457,scan,455,1,3612795916893,,3612796071232,3612798391526,49.559,-0.6793,1.1839,3.1108,2,1.0004,1000,220,0,220,0,1,442,,,,1,1,203404,556175,1,,,,455,220,0,1,0,0,19,0,0
458,scan,456,1,3612845858976,,3612846051744,3612847474080,49.609,-0.6868,1.1841,3.1108,2,1.0158,1015,220,0,220,1,1,444,3612245896133,3612799202919,553306,0,1,203404,555093,1,,,,456,220,0,1,0,0,19,0,0
459,scan,457,1,3612895964737,,3612896166043,3612897613024,49.659,-0.7017,1.1845,3.1108,2,1.0174,1017,220,0,220,0,1,445,3612295709919,3612851711259,556001,0,1,203404,555132,1,,,,457,220,0,1,0,0,19,0,0
460,scan,458,1,3612945703484,,3612945826231,3612947505236,49.709,-0.7092,1.1848,3.1108,2,1.0015,1001,220,0,220,0,1,445,,,,1,1,203404,555132,1,,,,458,220,0,1,0,0,19,0,0
461,scan,459,1,3612995976213,,3612996111299,3612998512633,49.759,-0.7167,1.1850,3.1108,2,1.0181,1018,220,0,220,1,1,447,3612395462704,3612969439622,573976,0,1,203404,555918,1,,,,459,220,0,1,0,0,19,0,0
462,scan,460,1,3613045723185,,3613045852165,3613047537872,49.809,-0.7316,1.1855,3.1108,2,1.0229,1022,220,0,220,0,1,448,3612445880418,3613004389221,558508,0,1,203404,555210,1,,,,460,220,0,1,0,0,19,0,0
463,scan,461,1,3613095718703,,3613095842528,3613098375156,49.859,-0.7391,1.1857,3.1108,2,0.9989,998,220,0,220,2,1,449,3612495658595,3613047003588,551344,0,1,203404,553968,1,,,,461,220,0,1,0,0,19,0,0
464,scan,462,1,3613145751737,,3613145880424,3613147586113,49.909,-0.7541,1.1862,3.1108,2,1.0144,1014,220,0,220,1,1,450,3612545556732,3613110650850,565094,0,1,203404,554986,1,,,,462,220,0,1,0,0,19,0,0
465,scan,463,1,3613196560227,,3613196745088,3613198456757,49.959,-0.7615,1.1864,3.1108,2,0.9986,998,220,0,220,2,1,452,3612645796441,3613191755102,545958,0,1,203404,554625,1,,,,463,220,0,1,0,0,19,0,0
466,scan,464,1,3613245896075,,3613246012862,3613247740569,50.009,-0.7765,1.1869,3.1108,2,1.0030,1003,220,-1,220,0,1,453,3612695735128,3613242124375,546389,0,1,203404,554704,1,,,,464,220,-1,1,0,0,19,0,0
467,scan,465,1,3613296281711,,3613296405252,3613298509176,50.059,-0.7840,1.1871,3.1108,2,0.9959,995,220,-1,220,0,1,454,3612745849019,3613295089688,549240,0,1,203404,554494,1,,,,465,220,-1,1,0,0,19,0,0
468,scan,466,1,3613346364308,,3613346488465,3613348535303,50.109,-0.7989,1.1875,3.1108,2,1.0234,1023,220,0,220,0,1,454,,,,1,1,203404,554271,1,,,,466,220,0,1,0,0,19,0,0
469,scan,467,1,3613396707123,,3613396853463,3613398585929,50.159,-0.8064,1.1878,3.1107,2,1.0035,1003,220,0,220,0,1,454,,,,1,1,203404,553817,1,,,,467,220,0,1,0,0,19,0,0
470,scan,468,1,3613447071696,,3613447210685,3613449496291,50.209,-0.8214,1.1882,3.1107,2,1.0134,1013,220,0,220,1,1,456,3612845921960,3613438612465,592690,0,1,203404,555372,1,,,,468,220,0,1,0,0,19,0,0
471,scan,469,1,3613496651723,,3613496769625,3613498462061,50.259,-0.8288,1.1885,3.1107,2,1.0088,1008,220,0,220,2,1,458,3612945745473,3613488597979,542852,0,1,203404,554890,1,,,,469,220,0,1,0,0,19,0,0
472,scan,470,1,3613546211530,,3613546332158,3613548430273,50.309,-0.8438,1.1889,3.1107,2,1.0004,1000,220,0,220,1,1,459,3612996029861,3613533084270,537054,0,1,203404,554230,1,,,,470,220,0,1,0,0,19,0,0
473,scan,471,1,3613596321992,,3613596438021,3613598482825,50.359,-0.8513,1.1892,3.1107,2,0.9997,999,220,0,220,-1,1,460,3613045767091,3613593117634,547350,0,1,203404,553316,1,,,,471,220,0,1,0,0,19,0,0
474,scan,472,1,3613646550130,,3613646677460,3613648503285,50.409,-0.8662,1.1896,3.1107,2,1.0012,1001,220,0,220,-1,1,460,,,,1,1,203404,553316,1,,,,472,220,0,1,0,0,19,0,0
475,scan,473,1,3613696608852,,3613696732794,3613698463073,50.459,-0.8737,1.1899,3.1107,2,1.0050,1005,220,0,220,2,1,461,3613095760041,3613651495948,555735,0,1,203404,553402,1,,,,473,220,0,1,0,0,19,0,0
476,scan,474,1,3613746657212,,3613746790257,3613748590889,50.509,-0.8886,1.1903,3.1107,2,1.0077,1007,220,0,220,-1,1,463,3613196606751,3613744153995,547547,0,1,203404,552159,1,,,,474,220,0,1,0,0,19,0,0
477,scan,475,1,3613796663832,,3613796788830,3613798505190,50.559,-0.8961,1.1905,3.1107,2,1.0141,1014,220,0,220,2,1,464,3613245936405,3613784190628,538254,0,1,203404,551679,1,,,,475,220,0,1,0,0,19,0,0
478,scan,476,1,3613846808275,,3613846979134,3613848854394,50.609,-0.9036,1.1908,3.1107,2,1.0018,1001,220,0,220,2,1,464,,,,1,1,203404,551606,1,,,,476,220,0,1,0,0,19,0,0
479,scan,477,1,3613896898875,,3613897021561,3613898564079,50.659,-0.9186,1.1912,3.1107,2,0.9912,991,220,0,220,0,1,465,3613296325782,3613878124908,581799,0,1,203404,552890,1,,,,477,220,0,1,0,0,19,0,0
480,scan,478,1,3613946607114,,3613946750894,3613948451351,50.709,-0.9260,1.1915,3.1107,2,0.9969,996,220,0,220,2,1,467,3613396759281,3613938056195,541296,0,1,203404,552490,1,,,,478,220,0,1,0,0,19,0,0
481,scan,479,1,3613996862986,,3613996988801,3613998518464,50.759,-0.9410,1.1919,3.1107,2,1.0112,1011,220,-1,220,2,1,467,,,,1,1,203404,552798,1,,,,479,220,-1,1,0,0,19,0,0
482,scan,480,1,3614046901359,,3614047023214,3614048548404,50.809,-0.9485,1.1922,3.1107,2,0.9921,992,220,-1,220,-2,1,469,3613496691206,3614040721796,544030,0,1,203404,552496,1,,,,480,220,-1,1,0,0,19,0,0
483,scan,481,1,3614096710280,,3614096823592,3614098479043,50.859,-0.9634,1.1926,3.1107,2,0.9973,997,220,0,220,1,1,470,3613546249608,3614095803104,549553,0,1,203404,551920,1,,,,481,220,0,1,0,0,19,0,0
484,scan,482,1,3614146752866,,3614146880993,3614148556250,50.909,-0.9709,1.1929,3.1106,2,0.9893,989,220,0,220,1,1,470,,,,1,1,203404,551920,1,,,,482,220,0,1,0,0,19,0,0
485,scan,483,1,3614197916516,,3614198047526,3614199548940,50.959,-0.9858,1.1933,3.1106,2,0.9770,976,220,0,220,3,1,472,3613646590744,3614191803623,545212,0,1,203404,550992,1,,,,483,220,0,1,0,0,19,0,0
486,scan,484,1,3614247476500,,3614247628892,3614249631915,51.009,-0.9933,1.1936,3.1106,2,0.9652,965,220,0,220,3,1,472,,,,1,1,203404,551152,1,,,,484,220,0,1,0,0,19,0,0
487,scan,485,1,3614297482888,,3614297631277,3614299450739,51.059,-1.0083,1.1940,3.1106,2,0.9564,956,220,0,220,-1,1,474,3613746693662,3614288416065,541722,0,1,203404,550827,1,,,,485,220,0,1,0,0,19,0,0
488,scan,486,1,3614347595489,,3614347725393,3614349525538,51.109,-1.0157,1.1942,3.1106,2,0.9508,950,220,0,220,-1,1,474,,,,1,1,203404,550548,1,,,,486,220,0,1,0,0,19,0,0
489,scan,487,1,3614397720418,,3614397884855,3614399585671,51.159,-1.0307,1.1947,3.1106,2,0.9358,935,220,0,220,4,1,475,3613796708619,3614370450411,573741,0,1,203404,551683,1,,,,487,220,0,1,0,0,19,0,0
490,scan,488,1,3614447510677,,3614447638960,3614449528826,51.209,-1.0382,1.1949,3.1106,2,0.9203,920,220,0,220,-1,1,477,3613896941559,3614444521308,547579,0,1,203404,551542,1,,,,488,220,0,1,0,0,19,0,0
491,scan,489,1,3614497231256,,3614497348839,3614499418355,51.259,-1.0531,1.1954,3.1106,3,0.9053,905,0,1000,220,-1,1,477,,,,1,1,203404,551826,1,,,,489,0,1000,1,0,0,19,0,0
492,scan,490,1,3614547471092,,3614547600483,3614549466622,51.309,-1.0606,1.1956,3.1106,3,0.9030,902,0,1000,220,-3,1,478,3613946656445,3614502102544,555446,0,1,203404,552312,1,,,,490,0,1000,1,0,0,19,0,0
493,scan,491,1,3614597864844,,3614598004339,3614599490313,51.359,-1.0721,1.1960,3.1170,3,0.8912,891,0,1000,220,1,1,479,3613996904798,3614560101430,563196,0,1,203404,553230,1,,,,491,0,1000,1,0,0,19,0,0
494,scan,492,1,3614648077937,,3614648208848,3614650400150,51.409,-1.0761,1.1961,3.1257,3,0.8801,880,0,1000,220,1,1,479,,,,1,1,203404,553627,1,,,,492,0,1000,1,0,0,19,0,0
495,scan,493,1,3614697930572,,3614698054030,3614699806146,51.459,-1.0789,1.1961,3.1349,3,0.8862,886,0,1000,220,2,1,482,3614146797370,3614693713934,546916,0,1,203404,553770,1,,,,493,0,1000,1,0,0,19,0,0
496,scan,494,1,3614747540546,,3614747664474,3614749525020,51.509,-1.0823,1.1961,-3.1319,3,0.8845,884,0,1000,220,2,1,482,,,,1,1,203404,553770,1,,,,494,0,1000,1,0,0,19,0,0
497,scan,495,1,3614797825696,,3614797976917,3614799531905,51.559,-1.0831,1.1961,-3.1153,3,0.8841,884,0,1000,220,-2,1,483,3614197961995,3614755288761,557326,0,1,203404,553897,1,,,,495,0,1000,1,0,0,19,0,0
498,scan,496,1,3614848100273,,3614848256283,3614850428808,51.609,-1.0833,1.1961,-3.0448,3,0.8816,881,0,1000,220,0,1,485,3614297527754,3614840444416,542916,0,1,203404,553526,1,,,,496,0,1000,1,0,0,19,0,0
499,scan,497,1,3614898104386,,3614898229155,3614900465951,51.659,-1.0832,1.1961,-2.9994,3,0.8777,877,0,1000,220,0,1,485,,,,1,1,203404,553434,1,,,,497,0,1000,1,0,0,19,0,0
500,scan,498,1,3614948168389,,3614948292106,3614950422068,51.709,-1.0831,1.1961,-2.9285,3,0.8905,890,0,1000,220,4,1,487,3614397774359,3614943518590,545744,0,1,203404,553160,1,,,,498,0,1000,1,0,0,19,0,0
501,scan,499,1,3614998131002,,3614998261453,3615000418617,51.759,-1.0831,1.1961,-2.9021,3,0.8812,881,0,1000,220,4,1,487,,,,1,1,203404,552389,1,,,,499,0,1000,1,0,0,19,0,0
502,scan,500,1,3615048149492,,3615048300266,3615050368822,51.809,-1.0829,1.1962,-2.8390,3,0.8779,877,0,1000,220,4,1,487,,,,1,1,203404,552153,1,,,,500,0,1000,1,0,0,19,0,0
503,scan,501,1,3615098216872,,3615098351704,3615100444500,51.859,-1.0829,1.1962,-2.8005,3,0.8776,877,0,1000,0,999,1,489,3614497268864,3615067113456,569844,0,1,203404,552865,1,,,,501,0,1000,1,0,0,19,0,0
504,scan,502,1,3615148151316,,3615148277908,3615150510136,51.909,-1.0828,1.1963,-2.7277,3,0.8699,869,0,1000,0,999,1,490,3614547514637,3615110166271,562651,0,1,203404,552771,1,,,,502,0,1000,1,0,0,19,0,0
505,scan,503,1,3615197914347,,3615198039508,3615199547733,51.959,-1.0827,1.1963,-2.6962,3,0.8809,880,0,1000,0,999,1,491,3614597907418,3615166023663,568116,0,1,203404,553623,1,,,,503,0,1000,1,0,0,19,0,0
506,scan,504,1,3615247589193,,3615247704858,3615249555984,52.009,-1.0826,1.1963,-2.6325,3,0.8844,884,0,1000,0,999,1,493,3614697973821,3615246900561,548926,0,1,203404,553721,1,,,,504,0,1000,1,0,0,19,0,0
507,scan,505,1,3615298517172,,3615298663476,3615300545046,52.059,-1.0826,1.1964,-2.5973,3,0.8760,875,0,1000,0,999,1,494,3614747584053,3615285323351,537739,0,1,203404,553278,1,,,,505,0,1000,1,0,0,19,0,0
508,scan,506,1,3615348278032,,3615348419464,3615350532502,52.109,-1.0825,1.1964,-2.5261,3,0.8852,885,0,1000,0,999,1,495,3614797877056,3615342597831,544720,0,1,203404,552961,1,,,,506,0,1000,1,0,0,19,0,0
509,scan,507,1,3615398624933,,3615398765756,3615400556617,52.159,-1.0825,1.1965,-2.4926,3,0.8815,881,0,1000,0,999,1,496,3614848152714,3615394221217,546068,0,1,203404,552715,1,,,,507,0,1000,1,0,0,19,0,0
510,scan,508,1,3615448987643,,3615449186405,3615451406552,52.209,-1.0824,1.1966,-2.4271,3,0.8773,877,0,1000,0,999,1,496,,,,1,1,203404,551235,1,,,,508,0,1000,1,0,0,19,0,0
511,scan,509,1,3615498676715,,3615498802225,3615500546229,52.259,-1.0823,1.1966,-2.3931,3,0.8765,876,0,1000,0,999,1,498,3614948211356,3615492273589,544062,0,1,203404,551279,1,,,,509,0,1000,1,0,0,19,0,0
512,scan,510,1,3615548656576,,3615548782528,3615550921093,52.309,-1.0823,1.1967,-2.3583,3,0.8750,875,0,1000,0,999,1,498,,,,1,1,203404,551826,1,,,,510,0,1000,1,0,0,19,0,0
513,scan,511,1,3615599033953,,3615599159736,3615601457012,52.359,-1.0822,1.1967,-2.2894,3,0.8774,877,0,1000,0,999,1,498,,,,1,1,203404,552006,1,,,,511,0,1000,1,0,0,19,0,0
514,scan,512,1,3615649143066,,3615649263416,3615651403017,52.409,-1.0822,1.1968,-2.2558,3,0.8050,804,0,1000,0,999,1,501,3615098262460,3615642379561,544117,0,1,203404,551702,1,,,,512,0,1000,1,0,0,19,0,0
515,scan,513,1,3615699154009,,3615699292536,3615701507495,52.459,-1.0821,1.1969,-2.1887,3,0.7508,750,0,1000,0,999,1,501,,,,1,1,203404,551541,1,,,,513,0,1000,1,0,0,19,0,0
516,scan,514,1,3615748984911,,3615749106332,3615750557830,52.509,-1.0821,1.1969,-2.1545,3,0.7315,731,0,1000,0,999,1,503,3615197956264,3615739759426,541803,0,1,203404,551311,1,,,,514,0,1000,1,0,0,19,0,0
517,scan,515,1,3615798823731,,3615798941891,3615800589617,52.559,-1.0820,1.1970,-2.0860,3,0.7149,714,0,932,0,999,1,504,3615247628938,3615794528514,546899,0,1,203404,551657,1,,,,515,0,932,1,0,0,19,0,0
518,scan,516,1,3615848670336,,3615848800169,3615850637370,52.609,-1.0820,1.1971,-2.0520,3,0.7087,708,0,864,0,999,1,504,,,,1,1,203404,551657,1,,,,516,0,864,1,0,0,19,0,0
519,scan,517,1,3615899219486,,3615899352102,3615901443628,52.659,-1.0820,1.1972,-1.9876,3,0.7202,720,220,735,0,999,1,505,3615298565442,3615863429049,564863,0,1,203404,550979,1,,,,517,220,735,1,0,0,19,0,0
520,scan,518,1,3615948762393,,3615948905881,3615950653207,52.709,-1.0820,1.1972,-1.9593,3,0.7254,725,220,679,0,999,1,506,3615348324251,3615913167551,564843,0,1,203404,551921,1,,,,518,220,679,1,0,0,19,0,0
521,scan,519,1,3615998709221,,3615998833162,3616000522141,52.759,-1.0831,1.1941,-1.8980,3,0.7202,720,220,557,0,999,1,507,3615398674290,3615951898852,553224,0,1,203404,551971,1,,,,519,220,557,1,0,0,19,0,0
522,scan,520,1,3616048851668,,3616048976321,3616050475818,52.809,-1.0842,1.1909,-1.8592,3,0.6876,687,220,480,0,999,1,507,,,,1,1,203404,552289,1,,,,520,220,480,1,0,0,19,0,0
523,scan,521,1,3616098717353,,3616098842285,3616100490063,52.859,-1.0867,1.1809,-1.7808,3,0.7054,705,220,325,0,999,1,507,,,,1,1,203404,552403,1,,,,521,220,325,1,0,0,19,0,0
524,scan,522,1,3616149014012,,3616149155214,3616151398195,52.909,-1.0879,1.1747,-1.7481,3,0.6949,694,220,260,0,999,1,507,,,,1,1,203404,552403,1,,,,522,220,260,1,0,0,19,0,0
525,scan,523,1,3616198971470,,3616199096281,3616200572849,52.959,-1.0901,1.1609,-1.7110,3,0.6860,685,220,187,0,999,1,507,,,,1,1,203404,552716,1,,,,523,220,187,1,0,0,19,0,0
526,scan,524,1,3616249173615,,3616249299078,3616251421523,53.009,-1.0911,1.1535,-1.7088,3,0.6858,685,220,184,0,999,1,507,,,,1,1,203404,552716,1,,,,524,220,184,1,0,0,19,0,0
527,scan,525,1,3616299781315,,3616299968926,3616301506423,53.059,-1.0932,1.1387,-1.7095,3,0.6587,658,220,186,0,998,1,514,3615749025383,3616297515272,548489,0,1,203404,553010,1,,,,525,220,186,1,0,0,19,0,0
528,scan,526,1,3616349332755,,3616349456581,3616351509369,53.109,-1.0942,1.1313,-1.7018,3,0.6546,654,220,171,0,998,1,514,,,,1,1,203404,553010,1,,,,526,220,171,1,0,0,19,0,0
529,scan,527,1,3616399572105,,3616399769196,3616401521309,53.159,-1.0951,1.1239,-1.6903,3,0.6540,653,220,149,0,869,1,516,3615848713857,3616399079737,550365,0,1,203404,551994,1,,,,527,220,149,1,0,0,19,0,0
530,scan,528,1,3616449721865,,3616449860739,3616451602119,53.209,-1.0968,1.1091,-1.6739,3,0.6508,650,220,117,0,869,1,516,,,,1,1,203404,552194,1,,,,528,220,117,1,0,0,19,0,0
531,scan,529,1,3616499420574,,3616499543049,3616501550324,53.259,-1.0975,1.1016,-1.6715,3,0.6328,632,220,112,220,730,1,517,3615899263530,3616450681574,551418,0,1,203404,552160,1,,,,529,220,112,1,0,0,19,0,0
532,scan,530,1,3616549672097,,3616549787391,3616551484803,53.309,-1.0990,1.0867,-1.6673,3,0.6159,615,220,105,220,539,1,519,3615998749646,3616547459173,548709,0,1,203404,551868,1,,,,530,220,105,1,0,0,19,0,0
533,scan,531,1,3616599568996,,3616599692503,3616601534727,53.359,-1.0997,1.0793,-1.6627,3,0.6043,604,220,96,220,539,1,519,,,,1,1,203404,551353,1,,,,531,220,96,1,0,0,19,0,0
534,scan,532,1,3616649607239,,3616649731333,3616651485599,53.409,-1.1010,1.0644,-1.6529,3,0.6038,603,220,77,220,463,1,520,3616048891224,3616630392994,581501,0,1,203404,552663,1,,,,532,220,77,1,0,0,19,0,0
535,scan,533,1,3616699686378,,3616699809189,3616701474544,53.459,-1.1016,1.0570,-1.6499,3,0.5920,592,220,71,220,463,1,520,,,,1,1,203404,552925,1,,,,533,220,71,1,0,0,19,0,0
536,scan,534,1,3616749748310,,3616749880298,3616751489895,53.509,-1.1028,1.0421,-1.6464,3,0.5857,585,220,65,220,463,1,520,,,,1,1,203404,552925,1,,,,534,220,65,1,0,0,19,0,0
537,scan,535,1,3616799850824,,3616800105189,3616802423544,53.559,-1.1033,1.0346,-1.6444,3,0.5691,569,220,61,220,463,1,520,,,,1,1,203404,552715,1,,,,535,220,61,1,0,0,19,0,0
538,scan,536,1,3616850049473,,3616850181408,3616852489652,53.609,-1.1044,1.0197,-1.6390,3,0.5609,560,220,50,220,179,1,525,3616299839124,3616846753130,546914,0,1,203404,552905,1,,,,536,220,50,1,0,0,19,0,0
539,scan,537,1,3616900207399,,3616900325061,3616902428605,53.659,-1.1049,1.0122,-1.6367,3,0.5559,555,220,46,220,179,1,525,,,,1,1,203404,552905,1,,,,537,220,46,1,0,0,19,0,0
540,scan,538,1,3616950238110,,3616950370076,3616952511698,53.709,-1.1059,0.9973,-1.6336,3,0.5395,539,220,40,220,164,1,526,3616349375402,3616922419500,573044,0,1,203404,554205,1,,,,538,220,40,1,0,0,19,0,0
541,scan,539,1,3617000341725,,3617000479329,3617002524679,53.759,-1.1063,0.9898,-1.6325,3,0.5332,533,220,38,220,164,1,526,,,,1,1,203404,554205,1,,,,539,220,38,1,0,0,19,0,0
542,scan,540,1,3617050332702,,3617050458463,3617052504054,53.809,-1.1072,0.9749,-1.6298,3,0.5325,532,220,33,220,113,1,528,3616449767739,3617009056256,559288,0,1,203404,554436,1,,,,540,220,33,1,0,0,19,0,0
543,scan,541,1,3617100392173,,3617100514452,3617102545844,53.859,-1.1077,0.9674,-1.6283,3,0.5209,520,220,30,220,113,1,528,,,,1,1,203404,553703,1,,,,541,220,30,1,0,0,19,0,0
544,scan,542,1,3617150445050,,3617150558471,3617152591008,53.909,-1.1085,0.9525,-1.6260,3,0.5078,507,220,25,220,93,1,531,3616599610345,3617146643279,547032,0,1,203404,552959,1,,,,542,220,25,1,0,0,19,0,0
545,scan,543,1,3617200572296,,3617200713294,3617202524570,53.959,-1.1089,0.9450,-1.6252,3,0.5008,500,220,24,220,93,1,531,,,,1,1,203404,552201,1,,,,543,220,24,1,0,0,19,0,0
546,scan,544,1,3617250850312,,3617250987624,3617252582286,54.009,-1.1093,0.9375,-1.6244,3,0.4866,486,220,22,220,74,1,532,3616649647751,3617212304703,562656,0,1,203404,552888,1,,,,544,220,22,1,0,0,19,0,0
547,scan,545,1,3617300793038,,3617300931741,3617302482853,54.059,-1.1101,0.9226,-1.6227,3,0.4763,476,220,19,220,74,1,532,,,,1,1,203404,553685,1,,,,545,220,19,1,0,0,19,0,0
548,scan,546,1,3617350878662,,3617351007925,3617352629873,54.109,-1.1105,0.9152,-1.6219,3,0.4652,465,220,18,220,74,1,532,,,,1,1,203404,554183,1,,,,546,220,18,1,0,0,19,0,0
549,scan,547,1,3617401134983,,3617401257040,3617403503836,54.159,-1.1113,0.9002,-1.6204,3,0.4602,460,220,15,220,48,1,536,3616850090276,3617395161692,545071,0,1,203404,554128,1,,,,547,220,15,1,0,0,19,0,0
550,scan,548,1,3617450743305,,3617450869989,3617452563921,54.209,-1.1116,0.8928,-1.6198,3,0.4520,452,220,14,220,48,1,536,,,,1,1,203404,554128,1,,,,548,220,14,1,0,0,19,0,0
551,scan,549,1,3617500749760,,3617500909417,3617502467306,54.259,-1.1124,0.8778,-1.6189,3,0.4515,451,220,12,220,45,1,537,3616900249107,3617462370810,562121,0,1,203404,555131,1,,,,549,220,12,1,0,0,19,0,0
552,scan,550,1,3617551368010,,3617551530066,3617553504260,54.309,-1.1127,0.8704,-1.6184,3,0.4367,436,220,11,220,40,1,538,3616950280796,3617530641483,580360,0,1,203404,556459,1,,,,550,220,11,1,0,0,19,0,0
553,scan,551,1,3617601031252,,3617601152475,3617602547216,54.359,-1.1134,0.8554,-1.6175,3,0.4270,427,220,9,220,32,1,540,3617050372555,3617597782641,547410,0,1,203404,556006,1,,,,551,220,9,1,0,0,19,0,0
554,scan,552,1,3617651699276,,3617651845412,3617653552094,54.409,-1.1138,0.8480,-1.6172,3,0.4163,416,220,9,220,32,1,540,,,,1,1,203404,556632,1,,,,552,220,9,1,0,0,19,0,0
555,scan,553,1,3617701391005,,3617701514237,3617703510258,54.459,-1.1145,0.8330,-1.6166,3,0.4055,405,220,7,220,32,1,540,,,,1,1,203404,556632,1,,,,553,220,7,1,0,0,19,0,0
556,scan,554,1,3617751528554,,3617751665503,3617753523036,54.509,-1.1148,0.8255,-1.6163,3,0.3965,396,220,7,220,25,1,542,3617150480554,3617722314603,571834,0,1,203404,558213,1,,,,554,215,7,1,1,0,19,0,0
557,scan,555,1,3617801039570,,3617801163755,3617802515673,54.559,-1.1155,0.8108,-1.6158,3,0.3879,387,220,6,220,25,1,542,,,,1,1,203404,558841,1,,,,555,205,6,1,1,0,19,0,0
558,scan,556,1,3617850921864,,3617851054397,3617852524930,54.609,-1.1158,0.8035,-1.6155,3,0.3743,374,220,5,220,21,1,544,3617250896253,3617838365238,587468,0,1,203404,560348,1,,,,556,191,5,1,1,0,19,0,0
559,scan,557,1,3617901227893,,3617901345353,3617903485326,54.659,-1.1164,0.7898,-1.6085,3,0.3797,379,220,-9,220,19,1,545,3617300841378,3617858414275,557572,0,1,203404,559964,1,,,,557,196,-9,1,1,0,19,0,0
560,scan,558,1,3617951325651,,3617951458292,3617953505835,54.709,-1.1166,0.7833,-1.6033,3,0.3636,363,220,-19,220,18,1,546,3617350923181,3617906536453,555613,0,1,203404,559478,1,,,,558,179,-19,1,1,0,19,0,0
561,scan,559,1,3618001335437,,3618001453094,3618003595490,54.759,-1.1170,0.7707,-1.6052,3,0.3567,356,220,-15,220,14,1,547,3617401177186,3617953408566,552231,0,1,203404,559426,1,,,,559,171,-15,1,1,0,19,0,0
562,scan,560,1,3618051241060,,3618051365356,3618053631381,54.809,-1.1172,0.7647,-1.6092,3,0.3491,349,220,-7,220,14,1,548,3617450788385,3618015899483,565111,0,1,203404,559710,1,,,,560,163,-7,1,1,0,19,0,0
563,scan,561,1,3618102037601,,3618102162840,3618104424218,54.859,-1.1174,0.7588,-1.6113,3,0.3367,336,220,-3,220,11,1,550,3617551430787,3618093448962,542018,0,1,203404,558868,1,,,,561,149,-3,1,1,0,19,0,0
564,scan,562,1,3618151921536,,3618152115773,3618154441728,54.909,-1.1179,0.7478,-1.6086,3,0.3339,333,220,-9,220,10,1,551,3617601072224,3618151148231,550076,0,1,203404,558468,1,,,,562,146,-9,1,1,0,19,0,0
565,scan,563,1,3618201866549,,3618201979224,3618203497011,54.959,-1.1181,0.7423,-1.6072,3,0.3319,331,220,-12,220,9,1,552,3617651745389,3618197020710,545275,0,1,203404,557895,1,,,,563,144,-12,1,1,0,19,0,0
566,scan,564,1,3618251677064,,3618251805830,3618253537673,55.009,-1.1185,0.7325,-1.6089,3,0.3238,323,220,-8,220,9,1,552,,,,1,1,203404,557895,1,,,,564,135,-8,1,1,0,19,0,0
567,scan,565,1,3618301484542,,3618301630865,3618303551363,55.059,-1.1186,0.7276,-1.6107,3,0.3262,326,220,-4,220,7,1,554,3617751575527,3618296158055,544582,0,1,203404,557725,1,,,,565,138,-4,1,1,0,19,0,0
568,scan,566,1,3618351601776,,3618351722759,3618353478443,55.109,-1.1190,0.7183,-1.6112,3,0.3242,324,220,-4,220,7,1,554,,,,1,1,203404,557725,1,,,,566,136,-4,1,1,0,19,0,0
569,scan,567,1,3618401936220,,3618402146765,3618404427182,55.159,-1.1192,0.7136,-1.6103,3,0.3169,316,220,-5,220,7,1,556,3617850966940,3618391347146,540380,0,1,203404,557291,1,,,,567,127,-5,1,1,0,19,0,0
570,scan,568,1,3618451567456,,3618451681640,3618453518754,55.209,-1.1196,0.7047,-1.6101,3,0.3124,312,220,-6,220,-9,1,557,3617901266385,3618449890654,548624,0,1,203404,556930,1,,,,568,123,-6,1,1,0,19,0,0
571,scan,569,1,3618501787087,,3618501903136,3618503499215,55.259,-1.1197,0.7004,-1.6109,3,0.3066,306,220,-4,220,-18,1,558,3617951369341,3618496664593,545295,0,1,203404,556674,1,,,,569,116,-4,1,1,0,19,0,0
572,scan,570,1,3618551679560,,3618551810720,3618553624265,55.309,-1.1201,0.6922,-1.6119,3,0.3082,308,220,-2,220,-18,1,558,,,,1,1,203404,557021,1,,,,570,118,-2,1,1,0,19,0,0
573,scan,571,1,3618601930562,,3618602052547,3618603571581,55.359,-1.1202,0.6883,-1.6117,3,0.3030,302,220,-3,220,-7,1,560,3618051281766,3618588198110,536916,0,1,203404,556183,1,,,,571,112,-3,1,1,0,19,0,0
574,scan,572,1,3618651993926,,3618652145639,3618654420026,55.409,-1.1205,0.6805,-1.6113,3,0.3034,303,220,-3,220,-3,1,561,3618102081421,3618646141367,544059,0,1,203404,554623,1,,,,572,113,-3,1,1,0,19,0,0
575,scan,573,1,3618702111702,,3618702268860,3618704529601,55.459,-1.1207,0.6767,-1.6115,3,0.2989,298,220,-3,220,-7,1,562,3618151987220,3618689531931,537544,0,1,203404,553940,1,,,,573,107,-3,1,1,0,19,0,0
576,scan,574,1,3618751698274,,3618751821598,3618753520866,55.509,-1.1210,0.6692,-1.6122,3,0.3083,308,220,-2,220,-7,1,562,,,,1,1,203404,553940,1,,,,574,118,-2,1,1,0,19,0,0
577,scan,575,1,3618802196866,,3618802431007,3618804524799,55.559,-1.1211,0.6656,-1.6122,3,0.2929,292,220,-2,220,-11,1,563,3618201905984,3618775704812,573798,0,1,203404,554704,1,,,,575,101,-2,1,1,0,19,0,0
578,scan,576,1,3618852480658,,3618852734326,3618855471146,55.609,-1.1215,0.6561,-1.6125,3,0.2920,291,220,-1,220,-7,1,564,3618251718918,3618818938955,567220,0,1,203404,555485,1,,,,576,100,-1,1,1,0,19,0,0
579,scan,577,1,3618901888562,,3618902066889,3618903440293,55.659,-1.1217,0.6526,-1.6131,3,0.2923,292,220,0,220,-7,1,564,,,,1,1,203404,555485,1,,,,577,101,0,1,1,0,19,0,0
580,scan,578,1,3618952473080,,3618952682543,3618954922383,55.709,-1.1218,0.6492,-1.6135,3,0.2943,294,220,1,220,-7,1,564,,,,1,1,203404,554782,1,,,,578,103,1,1,1,0,19,0,0
581,scan,579,1,3619002490358,,3619002688169,3619004610616,55.759,-1.1221,0.6424,-1.6132,3,0.2785,278,220,0,220,-5,1,567,3618402008134,3618966759641,564751,0,1,203404,555166,1,,,,579,100,0,1,1,0,19,0,0
582,scan,580,1,3619052655317,,3619052778938,3619054529808,55.809,-1.1223,0.6389,-1.6129,3,0.2740,273,220,0,220,-5,1,568,3618451607408,3619004115069,552507,0,1,203404,554905,1,,,,580,100,0,1,1,0,19,0,0
583,scan,581,1,3619102423825,,3619102544814,3619104605576,55.859,-1.1226,0.6321,-1.6129,3,0.2966,296,220,0,220,-2,1,570,3618551720865,3619092471011,540750,0,1,203404,554381,1,,,,581,105,0,1,1,0,19,0,0
584,scan,582,1,3619152528977,,3619152681464,3619154507920,55.909,-1.1227,0.6287,-1.6131,3,0.2766,276,220,0,220,-2,1,570,,,,1,1,203404,554663,1,,,,582,100,0,1,1,0,19,0,0
585,scan,583,1,3619202314365,,3619202432479,3619204567659,55.959,-1.1230,0.6217,-1.6132,3,0.2807,280,220,0,220,-3,1,572,3618652060789,3619195173924,543113,0,1,203404,554235,1,,,,583,100,0,1,1,0,19,0,0
586,scan,584,1,3619252712318,,3619253156755,3619254491619,56.009,-1.1231,0.6183,-1.6131,3,0.2688,268,220,0,220,-3,1,572,,,,1,1,203404,553912,1,,,,584,100,0,1,1,0,19,0,0
587,scan,585,1,3619302888168,,3619303050245,3619304566927,56.059,-1.1234,0.6115,-1.6130,3,0.2879,287,220,0,220,-1,1,573,3618702164542,3619259843818,557679,0,1,203404,554051,1,,,,585,100,0,1,1,0,19,0,0
588,scan,586,1,3619353109362,,3619353313857,3619355537202,56.109,-1.1236,0.6081,-1.6130,3,0.2716,271,220,0,220,-1,1,574,3618751738172,3619304771472,553033,0,1,203404,554015,1,,,,586,100,0,1,1,0,19,0,0
589,scan,587,1,3619403150919,,3619403267432,3619405435066,56.159,-1.1239,0.6013,-1.6131,3,0.2802,280,220,0,220,1,1,576,3618852556920,3619393754751,541197,0,1,203404,553876,1,,,,587,100,0,1,1,0,19,0,0
590,scan,588,1,3619452726910,,3619453146932,3619454480912,56.209,-1.1240,0.5979,-1.6131,3,0.2726,272,220,0,220,1,1,576,,,,1,1,203404,553876,1,,,,588,100,0,1,1,0,19,0,0
591,scan,589,1,3619502696468,,3619502818205,3619504511846,56.259,-1.1243,0.5911,-1.6130,3,0.2836,283,220,0,220,1,1,577,3618901948665,3619474113924,572165,0,1,203404,554235,1,,,,589,100,0,1,1,0,19,0,0
592,scan,590,1,3619552795256,,3619552922958,3619554487668,56.309,-1.1244,0.5877,-1.6130,3,0.2794,279,220,0,220,0,1,579,3619002559047,3619548435868,545876,0,1,203404,553003,1,,,,590,100,0,1,1,0,19,0,0
593,scan,591,1,3619602595804,,3619602760016,3619604583689,56.359,-1.1247,0.5809,-1.6131,3,0.2751,275,220,0,220,0,1,580,3619052696248,3619592694275,539998,0,1,203404,552739,1,,,,591,100,0,1,1,0,19,0,0
594,scan,592,1,3619652821533,,3619652959172,3619654452318,56.409,-1.1249,0.5775,-1.6131,3,0.2611,261,220,0,220,0,1,580,,,,1,1,203404,552739,1,,,,592,100,0,1,1,0,19,0,0
595,scan,593,1,3619703235527,,3619703400911,3619705537502,56.459,-1.1251,0.5708,-1.6130,3,0.2730,272,220,0,220,1,1,581,3619102465656,3619653230948,550765,0,1,203404,552671,1,,,,593,100,0,1,1,0,19,0,0
596,scan,594,1,3619753429981,,3619753569414,3619755471636,56.509,-1.1253,0.5674,-1.6130,3,0.2668,266,220,0,220,1,1,582,3619152586132,3619703918978,551332,0,1,203404,551964,1,,,,594,100,0,1,1,0,19,0,0
597,scan,595,1,3619802691187,,3619802839390,3619804677668,56.559,-1.1254,0.5640,-1.6131,3,0.2779,277,220,0,220,1,1,582,,,,1,1,203404,551964,1,,,,595,100,0,1,1,0,19,0,0
598,scan,596,1,3619853320711,,3619853455424,3619855625279,56.609,-1.1257,0.5572,-1.6131,3,0.2665,266,220,0,220,1,1,582,,,,1,1,203404,550696,1,,,,596,100,0,1,1,0,19,0,0
599,scan,597,1,3619903425180,,3619903567640,3619905638078,56.659,-1.1259,0.5538,-1.6131,3,0.2871,287,220,0,220,0,1,585,3619302941647,3619884161726,581220,0,1,203404,551540,1,,,,597,100,0,1,1,0,19,0,0
600,scan,598,1,3619953592713,,3619953710973,3619955723884,56.709,-1.1261,0.5470,-1.6130,3,0.2753,275,220,0,220,0,1,587,3619403188963,3619951636698,548447,0,1,203404,551284,1,,,,598,100,0,1,1,0,19,0,0
601,scan,599,1,3620003743234,,3620003874137,3620005592085,56.759,-1.1263,0.5436,-1.6131,3,0.2911,291,220,0,220,0,1,587,,,,1,1,203404,551249,1,,,,599,100,0,1,1,0,19,0,0
602,scan,600,1,3620053590801,,3620053737272,3620055472847,56.809,-1.1266,0.5368,-1.6131,3,0.2808,280,220,0,220,0,1,587,,,,1,1,203404,550716,1,,,,600,100,0,1,1,0,19,0,0
603,scan,601,1,3620104081914,,3620104233358,3620106631843,56.859,-1.1267,0.5334,-1.6131,3,0.2869,286,220,0,220,0,1,589,3619502736173,3620053848122,551111,0,1,203404,551066,1,,,,601,100,0,1,1,0,19,0,0
604,scan,602,1,3620154008436,,3620154124950,3620155535384,56.909,-1.1270,0.5266,-1.6131,3,0.2863,286,220,0,220,1,1,591,3619602631887,3620151390636,548758,0,1,203404,551015,1,,,,602,100,0,1,1,0,19,0,0
605,scan,603,1,3620203970023,,3620204219014,3620206486650,56.959,-1.1271,0.5232,-1.6131,3,0.2935,293,220,0,220,1,1,592,3619652866290,3620203305795,550439,0,1,203404,551214,1,,,,603,102,0,1,1,0,19,0,0
606,scan,604,1,3620253854432,,3620253979020,3620255498056,57.009,-1.1274,0.5163,-1.6131,3,0.2905,290,220,0,220,1,1,592,,,,1,1,203404,551214,1,,,,604,100,0,1,1,0,19,0,0
607,scan,605,1,3620303875063,,3620304030903,3620305588126,57.059,-1.1276,0.5129,-1.6131,3,0.3312,331,220,0,220,0,1,593,3619703285656,3620264652313,561366,0,1,203404,551859,1,,,,605,144,0,1,1,0,19,0,0
608,scan,606,1,3620353670358,,3620353798208,3620355524896,57.109,-1.1279,0.5049,-1.6131,3,1.0615,1061,220,0,220,0,1,594,3619753476363,3620324591513,571115,0,1,203404,552573,1,,,,606,220,0,1,0,0,19,0,0
609,scan,607,1,3620403856489,,3620403973659,3620405642956,57.159,-1.1281,0.5000,-1.6132,3,1.0780,1077,220,0,220,1,1,596,3619853363781,3620401518435,548154,0,1,203404,552860,1,,,,607,220,0,1,0,0,19,0,0
610,scan,608,1,3620453751358,,3620453889852,3620455494505,57.209,-1.1287,0.4874,-1.6134,3,1.0613,1061,220,1,220,1,1,596,,,,1,1,203404,553023,1,,,,608,220,1,1,0,0,19,0,0
611,scan,609,1,3620503828171,,3620503996268,3620506415421,57.259,-1.1290,0.4799,-1.6135,3,1.0795,1079,220,1,220,0,1,597,3619903472760,3620466333821,562861,0,1,203404,553699,1,,,,609,220,1,1,0,0,19,0,0
612,scan,610,1,3620553775489,,3620553888692,3620555470724,57.309,-1.1296,0.4650,-1.6134,3,1.0926,1092,220,1,220,0,1,599,3620003789835,3620547531660,543741,0,1,203404,553330,1,,,,610,220,1,1,0,0,19,0,0
613,scan,611,1,3620604109594,,3620604304859,3620606418206,57.359,-1.1299,0.4575,-1.6133,3,1.0658,1065,220,1,220,1,1,600,3620053645874,3620594425846,540779,0,1,203404,553473,1,,,,611,220,1,1,0,0,19,0,0
614,scan,612,1,3620653905799,,3620654024468,3620656181438,57.409,-1.1303,0.4500,-1.6132,3,1.0736,1073,220,0,220,1,1,601,3620104128114,3620649555654,545427,0,1,203404,553524,1,,,,612,220,0,1,0,0,19,0,0
615,scan,613,1,3620703852500,,3620703989586,3620705532410,57.459,-1.1309,0.4351,-1.6132,3,1.0929,1092,220,0,220,0,1,602,3620154046389,3620693737163,539690,0,1,203404,553603,1,,,,613,220,0,1,0,0,19,0,0
616,scan,614,1,3620754067685,,3620754197389,3620756396687,57.509,-1.1312,0.4276,-1.6132,3,1.0738,1073,220,0,220,0,1,602,,,,1,1,203404,553603,1,,,,614,220,0,1,0,0,19,0,0
617,scan,615,1,3620804111525,,3620804237337,3620806434494,57.559,-1.1318,0.4126,-1.6132,3,1.0785,1078,220,0,220,0,1,604,3620253895725,3620797186266,543290,0,1,203404,552473,1,,,,615,220,0,1,0,0,19,0,0
618,scan,616,1,3620854139902,,3620854273873,3620856427417,57.609,-1.1322,0.4052,-1.6132,3,1.0691,1069,220,0,220,0,1,604,,,,1,1,203404,551906,1,,,,616,220,0,1,0,0,19,0,0
619,scan,617,1,3620904422620,,3620904622636,3620906517811,57.659,-1.1328,0.3902,-1.6132,3,1.0790,1079,220,0,220,1,1,605,3620303916626,3620860848122,556931,0,1,203404,552092,1,,,,617,220,0,1,0,0,19,0,0
620,scan,618,1,3620954373007,,3620954648614,3620956552703,57.709,-1.1331,0.3827,-1.6132,3,1.0671,1067,220,0,220,1,1,605,,,,1,1,203404,552092,1,,,,618,220,0,1,0,0,19,0,0
621,scan,619,1,3621004266307,,3621004387346,3621006936601,57.759,-1.1337,0.3678,-1.6132,3,1.0697,1069,220,0,220,0,1,607,3620403897365,3620978546070,574648,0,1,203404,552459,1,,,,619,220,0,1,0,0,19,0,0
622,scan,620,1,3621054260121,,3621054385300,3621056905520,57.809,-1.1341,0.3603,-1.6132,3,1.0604,1060,220,0,220,1,1,608,3620453794974,3621011338104,557543,0,1,203404,552645,1,,,,620,220,0,1,0,0,19,0,0
623,scan,621,1,3621104079830,,3621104220992,3621106400709,57.859,-1.1347,0.3454,-1.6132,3,1.0677,1067,220,0,220,1,1,608,,,,1,1,203404,553103,1,,,,621,220,0,1,0,0,19,0,0
624,scan,622,1,3621154665341,,3621154845514,3621156534194,57.909,-1.1350,0.3379,-1.6132,3,1.0725,1072,220,0,220,1,1,610,3620553810179,3621117864048,564053,0,1,203404,553509,1,,,,622,220,0,1,0,0,19,0,0
625,scan,623,1,3621204752751,,3621204901059,3621206471895,57.959,-1.1356,0.3230,-1.6132,3,1.0698,1069,220,0,220,0,1,611,3620604173973,3621183513271,579339,0,1,203404,554850,1,,,,623,220,0,1,0,0,19,0,0
626,scan,624,1,3621254849959,,3621254995839,3621256481721,58.009,-1.1360,0.3155,-1.6132,3,1.0724,1072,220,0,220,0,1,612,3620653946476,3621207526207,553579,0,1,203404,554805,1,,,,624,220,0,1,0,0,19,0,0
627,scan,625,1,3621304578539,,3621304723449,3621306482570,58.059,-1.1366,0.3006,-1.6132,3,1.0696,1069,220,0,220,0,1,613,3620703898476,3621276602855,572704,0,1,203404,555341,1,,,,625,220,0,1,0,0,19,0,0
628,scan,626,1,3621358169775,,3621358293862,3621360530892,58.109,-1.1369,0.2931,-1.6132,3,1.0621,1062,220,0,220,1,1,615,3620804155240,3621343306238,539150,0,1,203404,554846,1,,,,626,220,0,1,0,0,19,0,0
629,scan,627,1,3621406943840,,3621407311996,3621409486844,58.159,-1.1376,0.2781,-1.6132,3,1.0759,1075,220,0,220,1,1,615,,,,1,1,203404,555351,1,,,,627,220,0,1,0,0,19,0,0
630,scan,628,1,3621455958538,,3621456167169,3621457513374,58.209,-1.1379,0.2707,-1.6132,3,1.0443,1044,220,0,220,0,1,616,3620854184798,3621410566552,556381,0,1,203404,555388,1,,,,628,220,0,1,0,0,19,0,0
631,scan,629,1,3621505454632,,3621505573559,3621507614479,58.259,-1.1382,0.2632,-1.6132,3,1.0730,1073,220,0,220,1,1,617,3620904487651,3621496610957,592123,0,1,203404,556101,1,,,,629,220,0,1,0,0,19,0,0
632,scan,630,1,3621555144096,,3621555289083,3621557573793,58.309,-1.1388,0.2482,-1.6132,3,1.0626,1062,220,0,220,0,1,618,3620954443472,3621508469005,554025,0,1,203404,556392,1,,,,630,220,0,1,0,0,19,0,0
633,scan,631,1,3621604995373,,3621605150034,3621607418567,58.359,-1.1391,0.2408,-1.6132,3,1.0751,1075,220,0,220,0,1,618,,,,1,1,203404,556999,1,,,,631,220,0,1,0,0,19,0,0
634,scan,632,1,3621654610189,,3621654738438,3621656694149,58.409,-1.1398,0.2258,-1.6132,3,1.0620,1061,220,0,220,0,1,620,3621054302601,3621622206124,567903,0,1,203404,557388,1,,,,632,220,0,1,0,0,19,0,0
635,scan,633,1,3621704824201,,3621704983497,3621706682498,58.459,-1.1401,0.2183,-1.6132,3,1.0578,1057,220,0,220,1,1,621,3621104122853,3621675033533,570910,0,1,203404,558108,1,,,,633,220,0,1,0,0,19,0,0
636,scan,634,1,3621755006914,,3621755141813,3621757404633,58.509,-1.1407,0.2034,-1.6132,3,1.0665,1066,220,0,220,1,1,621,,,,1,1,203404,558359,1,,,,634,220,0,1,0,0,19,0,0
637,scan,635,1,3621804829977,,3621805004301,3621806574536,58.559,-1.1410,0.1959,-1.6132,3,1.0679,1067,220,0,220,1,1,623,3621204794852,3621804911780,600116,0,1,203404,559850,1,,,,635,220,0,1,0,0,19,0,0
638,scan,636,1,3621854773132,,3621854915880,3621856560419,58.609,-1.1417,0.1810,-1.6132,3,1.0511,1051,220,0,220,0,1,624,3621254892194,3621807336738,552444,0,1,203404,559595,1,,,,636,220,0,1,0,0,19,0,0
639,scan,637,1,3621904885055,,3621905026446,3621906566849,58.659,-1.1420,0.1735,-1.6132,3,1.0667,1066,220,0,220,1,1,625,3621304626844,3621878528214,573901,0,1,203404,559342,1,,,,637,220,0,1,0,0,19,0,0
640,scan,638,1,3621954717033,,3621954851611,3621956584444,58.709,-1.1426,0.1586,-1.6132,3,1.0610,1061,220,0,220,1,1,626,3621358212365,3621905193278,546980,0,1,203404,559292,1,,,,638,220,0,1,0,0,19,0,0
641,scan,639,1,3622004901804,,3622005035867,3622006529642,58.759,-1.1429,0.1511,-1.6132,3,1.0538,1053,220,0,220,1,1,627,3621406996997,3621955853683,548856,0,1,203404,558944,1,,,,639,220,0,1,0,0,19,0,0
642,scan,640,1,3622055043410,,3622055166700,3622057473345,58.809,-1.1436,0.1361,-1.6132,3,1.0459,1045,220,0,220,1,1,628,3621456044700,3622040131834,584087,0,1,203404,559755,1,,,,640,220,0,1,0,0,19,0,0
643,scan,641,1,3622105228594,,3622105360836,3622107503745,58.859,-1.1439,0.1287,-1.6132,3,1.0359,1035,220,0,220,0,1,629,3621505495706,3622076211253,570715,0,1,203404,560387,1,,,,641,220,0,1,0,0,19,0,0
644,scan,642,1,3622155406457,,3622155547699,3622157483401,58.909,-1.1445,0.1137,-1.6132,3,1.0258,1025,220,0,220,0,1,629,,,,1,1,203404,560775,1,,,,642,220,0,1,0,0,19,0,0
645,scan,643,1,3622205575882,,3622205695105,3622207505140,58.959,-1.1448,0.1062,-1.6132,3,1.0210,1021,220,0,220,1,1,632,3621654652520,3622201114691,546462,0,1,203404,560642,1,,,,643,220,0,1,0,0,19,0,0
646,scan,644,1,3622256315879,,3622256439075,3622258491603,59.009,-1.1455,0.0913,-1.6132,3,1.0044,1004,220,0,220,1,1,632,,,,1,1,203404,560642,1,,,,644,220,0,1,0,0,19,0,0
647,scan,645,1,3622305887005,,3622306006916,3622307504089,59.059,-1.1458,0.0838,-1.6132,3,0.9915,991,220,0,220,1,1,634,3621755053095,3622301200238,546147,0,1,203404,560135,1,,,,645,220,0,1,0,0,19,0,0
648,scan,646,1,3622355860681,,3622355985238,3622358054510,59.109,-1.1461,0.0764,-1.6132,3,1.0011,1001,220,0,220,1,1,635,3621804875551,3622349471207,544595,0,1,203404,559251,1,,,,646,220,0,1,0,0,19,0,0
649,scan,647,1,3622405687711,,3622405808868,3622407483458,59.159,-1.1467,0.0614,-1.6132,3,0.9860,985,220,0,220,1,1,635,,,,1,1,203404,559634,1,,,,647,220,0,1,0,0,19,0,0
650,scan,648,1,3622455691972,,3622455842009,3622457626947,59.209,-1.1471,0.0539,-1.6132,3,0.9733,973,220,0,220,1,1,636,3621854811619,3622412427461,557615,0,1,203404,559566,1,,,,648,220,0,1,0,0,19,0,0
651,scan,649,1,3622505365863,,3622505485599,3622507622706,59.259,-1.1477,0.0390,-1.6132,3,0.9615,961,220,0,220,1,1,637,3621904929846,3622493550918,588621,0,1,203404,560425,1,,,,649,220,0,1,0,0,19,0,0
652,scan,650,1,3622556061594,,3622556199811,3622557662184,59.309,-1.1480,0.0315,-1.6132,3,0.9614,961,220,0,220,1,1,638,3621954762217,3622509897840,555135,0,1,203404,560805,1,,,,650,220,0,1,0,0,19,0,0
653,scan,651,1,3622605743407,,3622605865539,3622607538304,59.359,-1.1487,0.0166,-1.6132,3,0.9599,959,220,0,220,1,1,639,3622004946904,3622590803930,585857,0,1,203404,562308,1,,,,651,220,0,1,0,0,19,0,0
654,scan,652,1,3622655823030,,3622655980179,3622658430574,59.409,-1.1490,0.0091,-1.6132,3,0.9486,948,220,0,220,1,1,639,,,,1,1,203404,562890,1,,,,652,220,0,1,0,0,19,0,0
655,scan,653,1,3622706408773,,3622706532668,3622708606289,59.459,-1.1496,-0.0059,-1.6132,3,0.9475,947,220,0,220,1,1,641,3622105271559,3622678954065,573682,0,1,203404,564062,1,,,,653,220,0,1,0,0,19,0,0
656,scan,654,1,3622756980520,,3622757130127,3622759366090,59.509,-1.1499,-0.0133,-1.6132,3,0.9278,927,220,0,220,1,1,642,3622155444105,3622720159569,564715,0,1,203404,564084,1,,,,654,220,0,1,0,0,19,0,0
657,scan,655,1,3622806483501,,3622806667792,3622808478113,59.559,-1.1506,-0.0283,-1.6132,3,0.9166,916,220,0,220,1,1,643,3622205617229,3622770407433,564790,0,1,203404,564800,1,,,,655,220,0,1,0,0,19,0,0
658,scan,656,1,3622856467604,,3622856612615,3622858640115,59.609,-1.1509,-0.0357,-1.6132,3,0.9235,923,220,0,220,0,1,644,3622256353714,3622821640199,565286,0,1,203404,564816,1,,,,656,220,0,1,0,0,19,0,0
659,scan,657,1,3622906477196,,3622906617807,3622908495810,59.659,-1.1515,-0.0507,-1.6132,3,0.9102,910,220,1,220,1,1,645,3622305929220,3622865799112,559869,0,1,203404,564911,1,,,,657,220,1,1,0,0,19,0,0
660,scan,658,1,3622956516182,,3622956655850,3622958442590,59.709,-1.1518,-0.0582,-1.6132,3,0.9023,902,220,1,220,1,1,646,3622355904743,3622927025081,571120,0,1,203404,565105,1,,,,658,220,1,1,0,0,19,0,0
661,scan,659,1,3623006512747,,3623006639839,3623008878608,59.759,-1.1525,-0.0731,-1.6132,3,0.9035,903,220,0,220,1,1,647,3622405728113,3622979346938,573618,0,1,203404,565073,1,,,,659,220,0,1,0,0,19,0,0
662,scan,660,1,3623056653216,,3623056781121,3623058557631,59.809,-1.1528,-0.0806,-1.6131,3,0.8845,884,220,0,220,1,1,648,3622455739052,3623016761929,561022,0,1,203404,565181,1,,,,660,220,0,1,0,0,19,0,0
663,scan,661,1,3623106665613,,3623106868592,3623108474686,59.859,-1.1534,-0.0955,-1.6131,3,0.8882,888,220,0,220,1,1,648,,,,1,1,203404,565181,1,,,,661,220,0,1,0,0,19,0,0
664,scan,662,1,3623156387890,,3623156508196,3623158467976,59.909,-1.1537,-0.1030,-1.6131,3,0.8741,874,220,0,220,1,1,650,3622556107425,3623108953705,552846,0,1,203404,564831,1,,,,662,220,0,1,0,0,19,0,0
665,scan,663,1,3623206503120,,3623206629976,3623208604128,59.959,-1.1540,-0.1105,-1.6131,3,0.8900,890,220,0,220,1,1,651,3622605784857,3623156952568,551167,0,1,203404,563951,1,,,,663,220,0,1,0,0,19,0,0
666,scan,664,1,3623257165180,,3623257300972,3623259439081,60.009,-1.1547,-0.1254,-1.6131,3,0.8829,882,220,0,220,1,1,652,3622655875354,3623219731970,563856,0,1,203404,564272,1,,,,664,220,0,1,0,0,19,0,0
667,scan,665,1,3623306714542,,3623306848552,3623308488633,60.059,-1.1550,-0.1329,-1.6131,3,0.8638,863,220,0,220,1,1,653,3622706449221,3623260724347,554275,0,1,203404,563696,1,,,,665,220,0,1,0,0,19,0,0
668,scan,666,1,3623356545294,,3623356668151,3623358528419,60.109,-1.1556,-0.1478,-1.6131,3,0.8599,859,220,0,220,1,1,654,3622757024966,3623343496308,586471,0,1,203404,564386,1,,,,666,220,0,1,0,0,19,0,0
669,scan,667,1,3623406787096,,3623406925101,3623408529593,60.159,-1.1559,-0.1553,-1.6131,3,0.8762,876,220,0,220,1,1,654,,,,1,1,203404,565175,1,,,,667,220,0,1,0,0,19,0,0
670,scan,668,1,3623456683967,,3623456812668,3623458538535,60.209,-1.1566,-0.1703,-1.6131,3,0.8555,855,220,0,220,1,1,654,,,,1,1,203404,565458,1,,,,668,220,0,1,0,0,19,0,0
671,scan,669,1,3623506651293,,3623506777872,3623508555830,60.259,-1.1569,-0.1777,-1.6131,3,0.8530,852,220,0,220,1,1,654,,,,1,1,203404,564570,1,,,,669,220,0,1,0,0,19,0,0
672,scan,670,1,3623556709103,,3623556845614,3623558501037,60.309,-1.1575,-0.1927,-1.6131,3,0.8609,860,220,0,220,0,1,659,3623006553458,3623549566395,543012,0,1,203404,564202,1,,,,670,220,0,1,0,0,19,0,0
673,scan,671,1,3623606888095,,3623607024316,3623608471240,60.359,-1.1578,-0.2002,-1.6131,3,0.8657,865,220,0,220,0,1,659,,,,1,1,203404,564202,1,,,,671,220,0,1,0,0,19,0,0
674,scan,672,1,3623656787629,,3623656917782,3623658483505,60.409,-1.1585,-0.2151,-1.6131,3,0.8553,855,220,0,220,1,1,660,3623056696453,3623625644830,568948,0,1,203404,564237,1,,,,672,220,0,1,0,0,19,0,0
675,scan,673,1,3623706947652,,3623707068953,3623708567957,60.459,-1.1588,-0.2226,-1.6131,3,0.8625,862,220,0,220,2,1,662,3623156427706,3623702758383,546330,0,1,203404,563418,1,,,,673,220,0,1,0,0,19,0,0
676,scan,674,1,3623756907202,,3623757033626,3623758447765,60.509,-1.1594,-0.2375,-1.6131,3,0.8903,890,220,0,220,2,1,662,,,,1,1,203404,563418,1,,,,674,220,0,1,0,0,19,0,0
677,scan,675,1,3623806844007,,3623806966776,3623808509442,60.559,-1.1597,-0.2450,-1.6131,3,0.8832,883,220,0,220,2,1,662,,,,1,1,203404,562152,1,,,,675,220,0,1,0,0,19,0,0
678,scan,676,1,3623856866061,,3623856998587,3623858501702,60.609,-1.1604,-0.2599,-1.6131,3,1.0330,1032,220,0,220,2,1,664,3623257212757,3623825193141,567980,0,1,203404,562688,1,,,,676,220,0,1,0,0,19,0,0
679,scan,677,1,3623906698861,,3623906833932,3623908489909,60.659,-1.1607,-0.2674,-1.6131,3,1.0338,1033,220,0,220,1,1,665,3623306760894,3623872698182,565937,0,1,203404,562414,1,,,,677,220,0,1,0,0,19,0,0
680,scan,678,1,3623956987805,,3623957135022,3623959354928,60.709,-1.1613,-0.2824,-1.6131,3,1.0227,1022,220,0,220,1,1,665,,,,1,1,203404,562965,1,,,,678,220,0,1,0,0,19,0,0
681,scan,679,1,3624007047401,,3624007170737,3624008483437,60.759,-1.1616,-0.2898,-1.6131,3,1.0422,1042,220,0,220,1,1,667,3623406834765,3623997124524,590289,0,1,203404,564445,1,,,,679,220,0,1,0,0,19,0,0
682,scan,680,1,3624057491179,,3624057697684,3624059501789,60.809,-1.1620,-0.2973,-1.6131,3,1.0318,1031,220,0,220,1,1,669,3623506695285,3624057583144,550887,0,1,203404,563259,1,,,,680,220,0,1,0,0,19,0,0
683,scan,681,1,3624107495847,,3624107639085,3624109569770,60.859,-1.1626,-0.3123,-1.6131,3,1.0349,1034,220,0,220,1,1,669,,,,1,1,203404,562983,1,,,,681,220,0,1,0,0,19,0,0
684,scan,682,1,3624157760944,,3624157885365,3624159598613,60.909,-1.1629,-0.3197,-1.6131,3,1.0199,1019,220,0,220,2,1,670,3623556763491,3624111607392,554843,0,1,203404,562692,1,,,,682,220,0,1,0,0,19,0,0
685,scan,683,1,3624207827636,,3624207991918,3624210558445,60.959,-1.1635,-0.3347,-1.6131,3,1.0341,1034,220,0,220,2,1,671,3623606933915,3624179499940,572566,0,1,203404,563624,1,,,,683,220,0,1,0,0,19,0,0
686,scan,684,1,3624257689553,,3624257821286,3624259507983,61.009,-1.1639,-0.3422,-1.6131,3,1.0190,1018,220,0,220,0,1,672,3623656831578,3624210812705,553981,0,1,203404,563292,1,,,,684,220,0,1,0,0,19,0,0
687,scan,685,1,3624307817741,,3624307954173,3624309449892,61.059,-1.1645,-0.3571,-1.6131,3,1.0240,1024,220,0,220,0,1,674,3623756949353,3624305854438,548905,0,1,203404,563387,1,,,,685,220,0,1,0,0,19,0,0
688,scan,686,1,3624357857996,,3624357995174,3624359518766,61.109,-1.1648,-0.3646,-1.6131,3,1.0364,1036,220,0,220,2,1,675,3623806885110,3624352034440,545149,0,1,203404,563406,1,,,,686,220,0,1,0,0,19,0,0
689,scan,687,1,3624407731692,,3624407853971,3624409542696,61.159,-1.1654,-0.3795,-1.6131,3,1.0271,1027,220,0,220,2,1,675,,,,1,1,203404,563406,1,,,,687,220,0,1,0,0,19,0,0
690,scan,688,1,3624458114558,,3624458299493,3624460450302,61.209,-1.1657,-0.3870,-1.6131,3,1.0374,1037,220,0,220,2,1,677,3623906744354,3624451082103,544337,0,1,203404,562948,1,,,,688,220,0,1,0,0,19,0,0
691,scan,689,1,3624507909451,,3624508071951,3624510372602,61.259,-1.1664,-0.4019,-1.6131,3,1.0229,1022,220,0,220,2,1,677,,,,1,1,203404,562031,1,,,,689,220,0,1,0,0,19,0,0
692,scan,690,1,3624558309117,,3624558439164,3624560538124,61.309,-1.1667,-0.4094,-1.6131,3,1.0186,1018,220,0,220,2,1,679,3624007091259,3624549496610,542405,0,1,203404,561577,1,,,,690,220,0,1,0,0,19,0,0
693,scan,691,1,3624608660276,,3624608807892,3624610675755,61.359,-1.1673,-0.4244,-1.6131,3,1.0197,1019,220,0,220,2,1,679,,,,1,1,203404,560677,1,,,,691,220,0,1,0,0,19,0,0
694,scan,692,1,3624658948849,,3624659091257,3624661639192,61.409,-1.1676,-0.4318,-1.6131,3,1.0150,1015,220,0,220,2,1,681,3624107542643,3624656628574,549085,0,1,203404,560263,1,,,,692,220,0,1,0,0,19,0,0
695,scan,693,1,3624708652656,,3624708784279,3624710612320,61.459,-1.1683,-0.4468,-1.6131,3,1.0263,1026,220,0,220,2,1,681,,,,1,1,203404,559766,1,,,,693,220,0,1,0,0,19,0,0
696,scan,694,1,3624758834046,,3624758968467,3624761532522,61.509,-1.1686,-0.4543,-1.6131,3,1.0120,1011,220,0,220,2,1,682,3624157804045,3624720423884,562619,0,1,203404,559689,1,,,,694,220,0,1,0,0,19,0,0
697,scan,695,1,3624809390315,,3624809507018,3624811587869,61.559,-1.1692,-0.4692,-1.6131,3,1.0174,1017,220,0,220,2,1,684,3624257734419,3624798802906,541068,0,1,203404,558810,1,,,,695,220,0,1,0,0,19,0,0
698,scan,696,1,3624858877860,,3624858997894,3624861697476,61.609,-1.1695,-0.4767,-1.6131,3,1.0298,1029,220,0,220,0,1,685,3624307865726,3624854714031,546848,0,1,203404,558127,1,,,,696,220,0,1,0,0,19,0,0
699,scan,697,1,3624908745001,,3624908868076,3624910985882,61.659,-1.1699,-0.4841,-1.6131,3,1.0193,1019,220,0,220,0,1,685,,,,1,1,203404,558060,1,,,,697,220,0,1,0,0,19,0,0
700,scan,698,1,3624958653812,,3624958787460,3624960561065,61.709,-1.1705,-0.4991,-1.6131,3,1.0049,1004,220,0,220,2,1,686,3624357906857,3624917012002,559105,0,1,203404,557598,1,,,,698,220,0,1,0,0,19,0,0
701,scan,699,1,3625009040999,,3625009186456,3625011500348,61.759,-1.1708,-0.5066,-1.6131,3,1.0199,1019,220,1,220,2,1,686,,,,1,1,203404,556957,1,,,,699,220,1,1,0,0,19,0,0
702,scan,700,1,3625058810924,,3625058938810,3625060510216,61.809,-1.1714,-0.5215,-1.6131,3,1.0180,1018,220,1,220,2,1,688,3624458179825,3625020122202,561942,0,1,203404,556994,1,,,,700,220,1,1,0,0,19,0,0
703,scan,701,1,3625108840422,,3625109014664,3625110619751,61.859,-1.1718,-0.5290,-1.6131,3,1.0140,1013,220,0,220,1,1,689,3624507949691,3625061706241,553756,0,1,203404,556870,1,,,,701,220,0,1,0,0,19,0,0
704,scan,702,1,3625158654901,,3625158784960,3625160514270,61.909,-1.1724,-0.5439,-1.6130,3,1.0444,1044,220,0,220,2,1,690,3624558354603,3625113415819,555061,0,1,203404,556955,1,,,,702,220,0,1,0,0,19,0,0
705,scan,703,1,3625208775422,,3625208892559,3625210624293,61.959,-1.1727,-0.5514,-1.6130,3,1.0284,1028,220,0,220,1,1,691,3624608709566,3625205491739,596782,0,1,203404,558709,1,,,,703,220,0,1,0,0,19,0,0
706,scan,704,1,3625258513627,,3625258637046,3625260580166,62.009,-1.1733,-0.5664,-1.6130,3,1.0159,1015,220,0,220,1,1,691,,,,1,1,203404,558503,1,,,,704,220,0,1,0,0,19,0,0
707,scan,705,1,3625308802044,,3625308979822,3625310551266,62.059,-1.1737,-0.5738,-1.6130,3,1.0243,1024,220,0,220,3,1,694,3624758878730,3625305949967,547071,0,1,203404,558215,1,,,,705,220,0,1,0,0,19,0,0
708,scan,706,1,3625358814265,,3625358955671,3625361401341,62.109,-1.1743,-0.5888,-1.6130,3,1.0194,1019,220,0,220,1,1,695,3624809426225,3625354068919,544642,0,1,203404,556542,1,,,,706,220,0,1,0,0,19,0,0
709,scan,707,1,3625409007282,,3625409122916,3625410476640,62.159,-1.1746,-0.5962,-1.6130,3,1.0334,1033,220,0,220,3,1,696,3624858921083,3625405715007,546793,0,1,203404,556167,1,,,,707,220,0,1,0,0,19,0,0
710,scan,708,1,3625458967608,,3625459107031,3625461810328,62.209,-1.1752,-0.6112,-1.6130,3,1.0200,1020,220,0,220,2,1,697,3624908788607,3625453012357,544223,0,1,203404,555725,1,,,,708,220,0,1,0,0,19,0,0
711,scan,709,1,3625508863351,,3625508988181,3625510485739,62.259,-1.1756,-0.6187,-1.6130,3,1.0144,1014,220,0,220,2,1,697,,,,1,1,203404,555725,1,,,,709,220,0,1,0,0,19,0,0
712,scan,710,1,3625558729590,,3625558880920,3625560560488,62.309,-1.1762,-0.6336,-1.6130,3,1.0100,1009,220,0,220,0,1,698,3624958698413,3625537722056,579023,0,1,203404,557058,1,,,,710,220,0,1,0,0,19,0,0
713,scan,711,1,3625608646068,,3625608780323,3625610550250,62.359,-1.1765,-0.6411,-1.6130,3,1.0275,1027,220,0,220,2,1,699,3625009097137,3625570631255,561534,0,1,203404,557218,1,,,,711,220,0,1,0,0,19,0,0
714,scan,712,1,3625658811128,,3625658942664,3625660538308,62.409,-1.1771,-0.6560,-1.6130,3,0.9893,989,220,0,220,2,1,701,3625108896157,3625654766839,545870,0,1,203404,556394,1,,,,712,220,0,1,0,0,19,0,0
715,scan,713,1,3625709129259,,3625709269319,3625711525581,62.459,-1.1774,-0.6635,-1.6130,3,1.0196,1019,220,0,220,2,1,701,,,,1,1,203404,556767,1,,,,713,220,0,1,0,0,19,0,0
716,scan,714,1,3625759002190,,3625759148503,3625760687393,62.509,-1.1778,-0.6710,-1.6130,3,1.0136,1013,220,0,220,2,1,701,,,,1,1,203404,556767,1,,,,714,220,0,1,0,0,19,0,0
717,scan,715,1,3625809419044,,3625809544507,3625811590484,62.559,-1.1784,-0.6859,-1.6130,3,1.0097,1009,220,0,220,3,1,703,3625208815999,3625760620934,551804,0,1,203404,556589,1,,,,715,220,0,1,0,0,19,0,0
718,scan,716,1,3625859513999,,3625859677548,3625861552367,62.609,-1.1787,-0.6934,-1.6130,3,1.0037,1003,220,0,220,1,1,704,3625258554230,3625815790176,557235,0,1,203404,556206,1,,,,716,220,0,1,0,0,19,0,0
719,scan,717,1,3625909261986,,3625909391847,3625911496189,62.659,-1.1793,-0.7083,-1.6130,3,1.0030,1003,220,0,220,1,1,704,,,,1,1,203404,555845,1,,,,717,220,0,1,0,0,19,0,0
720,scan,718,1,3625959725835,,3625959876400,3625961645977,62.709,-1.1797,-0.7158,-1.6130,3,0.9942,994,220,0,220,1,1,704,,,,1,1,203404,555845,1,,,,718,220,0,1,0,0,19,0,0
721,scan,719,1,3626009854974,,3626010043170,3626011553798,62.759,-1.1803,-0.7308,-1.6130,3,1.0125,1012,220,0,220,1,1,704,,,,1,1,203404,554521,1,,,,719,220,0,1,0,0,19,0,0
722,scan,720,1,3626060794689,,3626060920269,3626062534189,62.809,-1.1806,-0.7382,-1.6130,3,1.0111,1011,220,0,220,1,1,704,,,,1,1,203404,554666,1,,,,720,220,0,1,0,0,19,0,0
723,scan,721,1,3626110218242,,3626110358113,3626112553230,62.859,-1.1812,-0.7532,-1.6130,3,1.0147,1014,220,0,220,1,1,704,,,,1,1,203404,554666,1,,,,721,220,0,1,0,0,19,0,0
724,scan,722,1,3626160259709,,3626160391289,3626162526849,62.909,-1.1815,-0.7607,-1.6130,3,1.0055,1005,220,0,220,1,1,704,,,,1,1,203404,554658,1,,,,722,220,0,1,0,0,19,0,0
725,scan,723,1,3626210074997,,3626210198200,3626211520397,62.959,-1.1822,-0.7756,-1.6130,3,0.9916,991,220,1,220,2,1,712,3625658864425,3626208662186,549797,0,1,203404,553710,1,,,,723,220,1,1,0,0,19,0,0
726,scan,724,1,3626260479853,,3626260604960,3626262543085,63.009,-1.1825,-0.7831,-1.6130,3,1.0171,1017,220,1,220,0,1,713,3625709186148,3626254787675,545601,0,1,203404,553361,1,,,,724,220,1,1,0,0,19,0,0
727,scan,725,1,3626309908215,,3626310041819,3626311586085,63.059,-1.1831,-0.7980,-1.6130,3,0.9939,993,220,0,220,3,1,714,3625759046018,3626307037234,547991,0,1,203404,553323,1,,,,725,220,0,1,0,0,19,0,0
728,scan,726,1,3626360055000,,3626360170940,3626362420139,63.109,-1.1834,-0.8055,-1.6129,3,1.0070,1007,220,0,220,1,1,715,3625809459861,3626357925860,548465,0,1,203404,553461,1,,,,726,220,0,1,0,0,19,0,0
729,scan,727,1,3626409708041,,3626409827923,3626411948070,63.159,-1.1841,-0.8204,-1.6129,3,0.9935,993,220,0,220,1,1,715,,,,1,1,203404,553461,1,,,,727,220,0,1,0,0,19,0,0
730,scan,728,1,3626459920482,,3626460108449,3626461548772,63.209,-1.1844,-0.8279,-1.6129,3,1.0118,1011,220,0,220,1,1,715,,,,1,1,203404,553857,1,,,,728,220,0,1,0,0,19,0,0
731,scan,729,1,3626509830411,,3626509948606,3626511564844,63.259,-1.1850,-0.8429,-1.6129,3,1.0073,1007,220,0,220,1,1,717,3625909305131,3626484915929,575610,0,1,203404,554764,1,,,,729,220,0,1,0,0,19,0,0
732,scan,730,1,3626559939257,,3626560134753,3626562387369,63.309,-1.1853,-0.8503,-1.6129,3,0.9882,988,220,0,220,3,1,718,3625959769638,3626528824512,569054,0,1,203404,555874,1,,,,730,220,0,1,0,0,19,0,0
733,scan,731,1,3626609809287,,3626609964476,3626611712039,63.359,-1.1856,-0.8578,-1.6129,3,1.0084,1008,220,0,220,1,1,719,3626009896747,3626561116768,551220,0,1,203404,555688,1,,,,731,220,0,1,0,0,19,0,0
734,scan,732,1,3626659792479,,3626659916067,3626661558120,63.409,-1.1863,-0.8728,-1.6129,3,0.9837,983,220,0,220,1,1,721,3626110265957,3626653440100,543174,0,1,203404,555452,1,,,,732,220,0,1,0,0,19,0,0
735,scan,733,1,3626709952929,,3626710118058,3626712480351,63.459,-1.1866,-0.8802,-1.6129,3,1.0035,1003,220,0,220,1,1,721,,,,1,1,203404,555452,1,,,,733,220,0,1,0,0,19,0,0
736,scan,734,1,3626760339367,,3626760473206,3626762500569,63.509,-1.1872,-0.8952,-1.6129,3,1.0014,1001,220,0,220,4,1,722,3626160305189,3626713119418,552814,0,1,203404,555059,1,,,,734,220,0,1,0,0,19,0,0
737,scan,735,1,3626810520881,,3626810677468,3626812577706,63.559,-1.1875,-0.9027,-1.6129,3,1.0059,1005,220,0,220,1,1,723,3626210116499,3626767180335,557063,0,1,203404,555699,1,,,,735,220,0,1,0,0,19,0,0
738,scan,736,1,3626860430367,,3626860553668,3626862497632,63.609,-1.1882,-0.9176,-1.6129,3,0.9938,993,220,0,220,2,1,725,3626309947047,3626846622549,536675,0,1,203404,555292,1,,,,736,220,0,1,0,0,19,0,0
739,scan,737,1,3626910554082,,3626910668184,3626912549343,63.659,-1.1885,-0.9251,-1.6129,3,1.0008,1000,220,0,220,0,1,726,3626360094716,3626906064605,545969,0,1,203404,554934,1,,,,737,220,0,1,0,0,19,0,0
740,scan,738,1,3626960994588,,3626961137847,3626963448222,63.709,-1.1891,-0.9400,-1.6129,3,1.0055,1005,220,1,220,0,1,726,,,,1,1,203404,554767,1,,,,738,220,1,1,0,0,19,0,0
741,scan,739,1,3627010866843,,3627011009074,3627012609381,63.759,-1.1894,-0.9475,-1.6129,3,0.9832,983,220,1,220,0,1,726,,,,1,1,203404,554767,1,,,,739,220,1,1,0,0,19,0,0
742,scan,740,1,3627060602619,,3627060729497,3627062613173,63.809,-1.1901,-0.9624,-1.6129,3,0.9733,973,220,0,220,0,1,728,3626459966492,3627021220526,561254,0,1,203404,554739,1,,,,740,220,0,1,0,0,19,0,0
743,scan,741,1,3627110473544,,3627110603614,3627112479447,63.859,-1.1904,-0.9699,-1.6128,3,0.9874,987,220,0,220,1,1,730,3626559987159,3627102714199,542727,0,1,203404,554298,1,,,,741,220,0,1,0,0,19,0,0
744,scan,742,1,3627160699899,,3627160821306,3627162561788,63.909,-1.1910,-0.9849,-1.6128,3,0.9904,990,220,0,220,1,1,730,,,,1,1,203404,554266,1,,,,742,220,0,1,0,0,19,0,0
745,scan,743,1,3627211056341,,3627211202044,3627213356548,63.959,-1.1913,-0.9923,-1.6128,3,0.9751,975,220,0,220,1,1,730,,,,1,1,203404,552418,1,,,,743,220,0,1,0,0,19,0,0
746,scan,744,1,3627260893022,,3627261016300,3627263417950,64.009,-1.1919,-1.0073,-1.6128,3,0.9637,963,220,1,220,1,1,730,,,,1,1,203404,552418,1,,,,744,220,1,1,0,0,19,0,0
747,scan,745,1,3627310801937,,3627310927067,3627313425217,64.059,-1.1923,-1.0148,-1.6128,3,0.9436,943,220,0,220,1,1,730,,,,1,1,203404,552661,1,,,,745,220,0,1,0,0,19,0,0
748,scan,746,1,3627360831992,,3627360956463,3627362527355,64.109,-1.1929,-1.0297,-1.6128,3,0.9373,937,220,0,220,1,1,730,,,,1,1,203404,553043,1,,,,746,220,0,1,0,0,19,0,0
749,scan,747,1,3627410542183,,3627410682206,3627412556834,64.159,-1.1932,-1.0372,-1.6127,3,0.9222,922,220,0,220,1,1,730,,,,1,1,203404,553355,1,,,,747,220,0,1,0,0,19,0,0
750,scan,748,1,3627461135830,,3627461291976,3627463405560,64.209,-1.1935,-1.0446,-1.6128,3,0.9173,917,220,0,220,1,1,730,,,,1,1,203404,553836,1,,,,748,220,0,1,0,0,19,0,0
751,scan,749,1,3627510909227,,3627511025295,3627512536309,64.259,-1.1941,-1.0596,-1.6128,4,0.9012,901,0,1000,220,2,1,738,3626961040033,3627508267905,547227,0,1,203404,553505,1,,,,749,0,1000,1,0,0,19,0,0
752,scan,750,1,3627560936006,,3627561060953,3627562481276,64.309,-1.1945,-1.0671,-1.6128,4,0.8914,891,0,1000,220,2,1,738,,,,1,1,203404,552162,1,,,,750,0,1000,1,0,0,19,0,0
753,scan,751,1,3627611648810,,3627611800917,3627613476314,64.359,-1.1949,-1.0786,-1.6128,4,0.8913,891,0,1000,220,-1,1,739,3627010915347,3627583037879,572122,0,1,203404,552720,1,,,,751,0,1000,1,0,0,19,0,0
754,scan,752,1,3627661326301,,3627661453010,3627663522396,64.409,-1.1951,-1.0826,-1.6128,4,0.8752,875,0,1000,220,2,1,740,3627060644992,3627614893934,554248,0,1,203404,553161,1,,,,752,0,1000,1,0,0,19,0,0
755,scan,753,1,3627711727705,,3627711877197,3627714355013,64.459,-1.1953,-1.0876,-1.6115,4,0.8700,870,0,1000,220,-1,1,741,3627110514827,3627684703766,574188,0,1,203404,554212,1,,,,753,0,1000,1,0,0,19,0,0
756,scan,754,1,3627761456665,,3627761589251,3627763554455,64.509,-1.1954,-1.0893,-1.6043,4,0.8700,870,0,1000,220,2,1,742,3627160737066,3627721830025,561092,0,1,203404,554540,1,,,,754,0,1000,1,0,0,19,0,0
757,scan,755,1,3627811506829,,3627811668805,3627813557051,64.559,-1.1954,-1.0908,-1.5565,4,0.8754,875,0,1000,220,3,1,744,3627260934120,3627802271535,541337,0,1,203404,554041,1,,,,755,0,1000,1,0,0,19,0,0
758,scan,756,1,3627861461579,,3627861591879,3627863467399,64.609,-1.1954,-1.0908,-1.5177,4,0.8631,863,0,1000,220,0,1,745,3627310843310,3627854374574,543531,0,1,203404,553389,1,,,,756,0,1000,1,0,0,19,0,0
759,scan,757,1,3627911584868,,3627911707652,3627913534449,64.659,-1.1954,-1.0906,-1.4369,4,0.8565,856,0,1000,220,0,1,745,,,,1,1,203404,553389,1,,,,757,0,1000,1,0,0,19,0,0
760,scan,758,1,3627961363599,,3627961559887,3627963494577,64.709,-1.1955,-1.0906,-1.4048,4,0.8825,882,0,1000,220,0,1,747,3627410582878,3627958797910,548215,0,1,203404,553153,1,,,,758,0,1000,1,0,0,19,0,0
761,scan,759,1,3628011539385,,3628011663014,3628013503324,64.759,-1.1955,-1.0905,-1.3463,4,0.8818,881,0,1000,220,0,1,747,,,,1,1,203404,553153,1,,,,759,0,1000,1,0,0,19,0,0
762,scan,760,1,3628061751992,,3628061971610,3628063457157,64.809,-1.1955,-1.0904,-1.3123,4,0.8658,865,0,1000,220,8,1,748,3627461190342,3628017813302,556622,0,1,203404,553304,1,,,,760,0,1000,1,0,0,19,0,0
763,scan,761,1,3628112029064,,3628112148765,3628114456677,64.859,-1.1955,-1.0903,-1.2380,4,0.8800,879,0,1000,0,999,1,749,3627510951935,3628089246213,578294,0,1,203404,554345,1,,,,761,0,1000,1,0,0,19,0,0
764,scan,762,1,3628161646411,,3628161781314,3628163527132,64.909,-1.1956,-1.0902,-1.2033,4,0.8785,878,0,1000,0,999,1,750,3627560979576,3628125491113,564511,0,1,203404,554752,1,,,,762,0,1000,1,0,0,19,0,0
765,scan,763,1,3628211911295,,3628212087857,3628214374941,64.959,-1.1956,-1.0901,-1.1394,4,0.8786,878,0,1000,0,999,1,751,3627611702957,3628192927199,581224,0,1,203404,556009,1,,,,763,0,1000,1,0,0,19,0,0
766,scan,764,1,3628262213660,,3628262362351,3628264521079,65.009,-1.1956,-1.0901,-1.1063,4,0.8772,877,0,1000,0,999,1,752,3627661367400,3628235316325,573948,0,1,203404,557143,1,,,,764,0,1000,1,0,0,19,0,0
767,scan,765,1,3628312204065,,3628312396051,3628314506163,65.059,-1.1957,-1.0901,-1.0716,4,0.8689,868,0,1000,0,999,1,753,3627711773712,3628272981548,561207,0,1,203404,557672,1,,,,765,0,1000,1,0,0,19,0,0
768,scan,766,1,3628362501220,,3628362677962,3628364468114,65.109,-1.1957,-1.0900,-1.0012,4,0.8742,874,0,1000,0,999,1,754,3627761503133,3628329497976,567994,0,1,203404,558453,1,,,,766,0,1000,1,0,0,19,0,0
769,scan,767,1,3628412557350,,3628412689775,3628414519498,65.159,-1.1958,-1.0899,-0.9676,4,0.8640,863,0,1000,0,999,1,755,3627811560695,3628369929478,558368,0,1,203404,558450,1,,,,767,0,1000,1,0,0,19,0,0
770,scan,768,1,3628462054737,,3628462180889,3628464471431,65.209,-1.1959,-1.0898,-0.9014,4,0.8695,869,0,1000,0,999,1,756,3627861508951,3628422309520,560800,0,1,203404,558537,1,,,,768,0,1000,1,0,0,19,0,0
771,scan,769,1,3628512200849,,3628512348369,3628514485634,65.259,-1.1959,-1.0898,-0.8674,4,0.8711,871,0,1000,0,999,1,757,3627911626502,3628485902591,574276,0,1,203404,558487,1,,,,769,0,1000,1,0,0,19,0,0
772,scan,770,1,3628562155646,,3628562307223,3628564401570,65.309,-1.1960,-1.0897,-0.7983,4,0.8647,864,0,1000,0,999,1,757,,,,1,1,203404,558081,1,,,,770,0,1000,1,0,0,19,0,0
773,scan,771,1,3628612428116,,3628612618275,3628614498642,65.359,-1.1960,-1.0897,-0.7642,4,0.8697,869,0,1000,0,999,1,759,3628011578853,3628610830286,599251,0,1,203404,559928,1,,,,771,0,1000,1,0,0,19,0,0
774,scan,772,1,3628662656550,,3628662798693,3628665469673,65.409,-1.1961,-1.0896,-0.6969,4,0.8690,869,0,1000,0,999,1,759,,,,1,1,203404,560598,1,,,,772,0,1000,1,0,0,19,0,0
775,scan,773,1,3628712446936,,3628712584251,3628714517581,65.459,-1.1962,-1.0896,-0.6631,4,0.8007,800,0,1000,0,999,1,762,3628161691792,3628706441591,544749,0,1,203404,559989,1,,,,773,0,1000,1,0,0,19,0,0
776,scan,774,1,3628762532233,,3628762658861,3628764553402,65.509,-1.1963,-1.0895,-0.5948,4,0.7491,749,0,1000,0,999,1,762,,,,1,1,203404,560276,1,,,,774,0,1000,1,0,0,19,0,0
777,scan,775,1,3628812650856,,3628812785349,3628814550421,65.559,-1.1963,-1.0895,-0.5607,4,0.7269,726,0,1000,0,999,1,764,3628262255731,3628807023046,544767,0,1,203404,559784,1,,,,775,0,1000,1,0,0,19,0,0
778,scan,776,1,3628862448622,,3628862570347,3628864520388,65.609,-1.1964,-1.0894,-0.4930,4,0.7243,724,0,875,0,999,1,764,,,,1,1,203404,560747,1,,,,776,0,875,1,0,0,19,0,0
779,scan,777,1,3628912328689,,3628912458418,3628914500980,65.659,-1.1965,-1.0894,-0.4592,4,0.7152,715,0,808,0,999,1,765,3628312265868,3628865232165,552966,0,1,203404,561038,1,,,,777,0,808,1,0,0,19,0,0
780,scan,778,1,3628962925014,,3628963061703,3628964494919,65.709,-1.1966,-1.0894,-0.3963,4,0.7219,721,220,682,0,999,1,766,3628362560705,3628926749559,564188,0,1,203404,561164,1,,,,778,220,682,1,0,0,19,0,0
781,scan,779,1,3629013011176,,3629013134111,3629014584021,65.759,-1.1966,-1.0894,-0.3707,4,0.7161,716,220,631,0,999,1,766,,,,1,1,203404,561164,1,,,,779,220,631,1,0,0,19,0,0
782,scan,780,1,3629062709461,,3629062820192,3629064531463,65.809,-1.1935,-1.0905,-0.3134,4,0.7216,721,220,517,0,999,1,768,3628462094805,3629032677175,570582,0,1,203404,561537,1,,,,780,220,517,1,0,0,19,0,0
783,scan,781,1,3629112918045,,3629113068963,3629114542141,65.859,-1.1902,-1.0915,-0.2739,4,0.7125,712,220,439,0,999,1,769,3628512245642,3629072052591,559806,0,1,203404,562221,1,,,,781,220,439,1,0,0,19,0,0
784,scan,782,1,3629163012062,,3629163204184,3629165448885,65.909,-1.1858,-1.0926,-0.2322,4,0.6996,699,220,356,0,999,1,770,3628562207917,3629120032243,557824,0,1,203404,562051,1,,,,782,220,356,1,0,0,19,0,0
785,scan,783,1,3629212797803,,3629212968689,3629214563680,65.959,-1.1740,-1.0949,-0.1621,4,0.7027,702,220,218,0,999,1,771,3628612507041,3629191105976,578598,0,1,203404,562664,1,,,,783,220,218,1,0,0,19,0,0
786,scan,784,1,3629262988387,,3629263180609,3629265402293,66.009,-1.1673,-1.0960,-0.1396,4,0.6918,691,220,174,0,999,1,772,3628662697848,3629253603042,590905,0,1,203404,563673,1,,,,784,220,174,1,0,0,19,0,0
787,scan,785,1,3629312932137,,3629313113521,3629315433514,66.059,-1.1528,-1.0979,-0.1265,4,0.6786,678,220,149,0,998,1,774,3628762575028,3629312533594,549958,0,1,203404,563200,1,,,,785,220,149,1,0,0,19,0,0
788,scan,786,1,3629362872492,,3629363170526,3629365479556,66.109,-1.1454,-1.0988,-0.1300,4,0.6648,664,220,156,0,998,1,774,,,,1,1,203404,563200,1,,,,786,220,156,1,0,0,19,0,0
789,scan,787,1,3629412701259,,3629412823228,3629414497177,66.159,-1.1305,-1.1007,-0.1237,4,0.6616,661,220,145,0,998,1,774,,,,1,1,203404,563200,1,,,,787,220,145,1,0,0,19,0,0
790,scan,788,1,3629463593147,,3629463732887,3629465575241,66.209,-1.1231,-1.1016,-0.1130,4,0.6569,656,220,124,0,880,1,776,3628862489395,3629449890893,587401,0,1,203404,564007,1,,,,788,220,124,1,0,0,19,0,0
791,scan,789,1,3629513428547,,3629513589204,3629515596617,66.259,-1.1083,-1.1032,-0.0981,4,0.6565,656,220,95,16,805,1,777,3628912378085,3629481645543,569267,0,1,203404,564741,1,,,,789,220,95,1,0,0,19,0,0
792,scan,790,1,3629563082769,,3629563237595,3629565429769,66.309,-1.1008,-1.1039,-0.0970,4,0.6456,645,220,93,220,669,1,778,3628962971625,3629523786875,560815,0,1,203404,564615,1,,,,790,220,93,1,0,0,19,0,0
793,scan,791,1,3629612814891,,3629612946975,3629614578403,66.359,-1.0860,-1.1054,-0.0952,4,0.6189,618,220,90,220,615,1,779,3629013053421,3629588462722,575409,0,1,203404,564721,1,,,,791,220,90,1,0,0,19,0,0
794,scan,792,1,3629662628335,,3629662755193,3629664975437,66.409,-1.0785,-1.1060,-0.0910,4,0.6061,606,220,82,220,499,1,780,3629062745620,3629619736913,556991,0,1,203404,564809,1,,,,792,220,82,1,0,0,19,0,0
795,scan,793,1,3629713530011,,3629713704754,3629715611428,66.459,-1.0636,-1.1073,-0.0814,4,0.6024,602,220,64,220,423,1,781,3629112969926,3629670049177,557079,0,1,203404,564257,1,,,,793,220,64,1,0,0,19,0,0
796,scan,794,1,3629763515675,,3629763695722,3629765518059,66.509,-1.0562,-1.1079,-0.0790,4,0.5945,594,220,59,220,209,1,783,3629212839305,3629762018395,549179,0,1,203404,563873,1,,,,794,220,59,1,0,0,19,0,0
797,scan,795,1,3629813169957,,3629813290292,3629815403222,66.559,-1.0413,-1.1091,-0.0768,4,0.5854,585,220,55,220,167,1,784,3629263061542,3629809524941,546463,0,1,203404,564038,1,,,,795,220,55,1,0,0,19,0,0
798,scan,796,1,3629863279234,,3629863435846,3629865660062,66.609,-1.0338,-1.1097,-0.0752,4,0.5770,576,220,52,220,143,1,785,3629312997698,3629861028868,548031,0,1,203404,564183,1,,,,796,220,52,1,0,0,19,0,0
799,scan,797,1,3629913941948,,3629914200099,3629916471118,66.659,-1.0189,-1.1108,-0.0702,4,0.5783,578,220,42,220,143,1,785,,,,1,1,203404,564183,1,,,,797,220,42,1,0,0,19,0,0
800,scan,798,1,3629963848757,,3629964099753,3629966412531,66.709,-1.0114,-1.1113,-0.0681,4,0.5562,556,220,38,220,150,1,786,3629362919284,3629918996042,556076,0,1,203404,564437,1,,,,798,220,38,1,0,0,19,0,0
801,scan,799,1,3630014099366,,3630014300360,3630016661714,66.759,-1.0040,-1.1118,-0.0667,4,0.5484,548,220,36,220,150,1,786,,,,1,1,203404,564437,1,,,,799,220,36,1,0,0,19,0,0
802,scan,800,1,3630065148442,,3630065293688,3630068039591,66.809,-0.9890,-1.1128,-0.0650,4,0.5445,544,220,33,220,119,1,788,3629463641074,3630025058216,561417,0,1,203404,564592,1,,,,800,220,33,1,0,0,19,0,0
803,scan,801,1,3630114505913,,3630114716414,3630116555191,66.859,-0.9816,-1.1133,-0.0639,4,0.5293,529,220,30,220,91,1,789,3629513485660,3630077851204,564365,0,1,203404,564142,1,,,,801,220,30,1,0,0,19,0,0
804,scan,802,1,3630164590549,,3630164742228,3630166466140,66.909,-0.9666,-1.1142,-0.0611,4,0.5047,504,220,25,220,89,1,790,3629563133056,3630117391826,554258,0,1,203404,563812,1,,,,802,220,25,1,0,0,19,0,0
805,scan,803,1,3630216150967,,3630216320265,3630218455607,66.959,-0.9592,-1.1146,-0.0599,4,0.5153,515,220,23,220,79,1,792,3629662671523,3630205639710,542968,0,1,203404,562578,1,,,,803,220,23,1,0,0,19,0,0
806,scan,804,1,3630265235213,,3630265364346,3630267629360,67.009,-0.9442,-1.1155,-0.0586,4,0.5102,510,220,20,220,79,1,792,,,,1,1,203404,562199,1,,,,804,220,20,1,0,0,19,0,0
807,scan,805,1,3630315347754,,3630315464023,3630317564968,67.059,-0.9367,-1.1160,-0.0581,4,0.4896,489,220,19,220,57,1,794,3629763586384,3630314876165,551289,0,1,203404,561868,1,,,,805,220,19,1,0,0,19,0,0
808,scan,806,1,3630364506515,,3630364654512,3630366551689,67.109,-0.9218,-1.1168,-0.0566,4,0.4837,483,220,17,220,57,1,794,,,,1,1,203404,561657,1,,,,806,220,17,1,0,0,19,0,0
809,scan,807,1,3630414780201,,3630414992780,3630416497301,67.159,-0.9143,-1.1172,-0.0558,4,0.4833,483,220,15,220,57,1,794,,,,1,1,203404,561774,1,,,,807,220,15,1,0,0,19,0,0
810,scan,808,1,3630464389907,,3630464562317,3630466528132,67.209,-0.8994,-1.1181,-0.0547,4,0.4597,459,220,13,220,50,1,796,3629863331951,3630431580644,568248,0,1,203404,562040,1,,,,808,220,13,1,0,0,19,0,0
811,scan,809,1,3630514540515,,3630514723679,3630517425394,67.259,-0.8919,-1.1185,-0.0543,4,0.4599,459,220,12,220,41,1,797,3629914022058,3630476326411,562304,0,1,203404,561613,1,,,,809,220,12,1,0,0,19,0,0
812,scan,810,1,3630564290271,,3630564469680,3630566488803,67.309,-0.8770,-1.1193,-0.0534,4,0.4532,453,220,11,220,41,1,797,,,,1,1,203404,561613,1,,,,810,220,11,1,0,0,19,0,0
813,scan,811,1,3630615245009,,3630615547829,3630617624756,67.359,-0.8696,-1.1197,-0.0529,4,0.4298,429,220,10,220,41,1,797,,,,1,1,203404,560219,1,,,,811,220,10,1,0,0,19,0,0
814,scan,812,1,3630665139365,,3630665267368,3630667517451,67.409,-0.8546,-1.1205,-0.0521,4,0.4305,430,220,8,220,32,1,800,3630065195716,3630635297331,570101,0,1,203404,560572,1,,,,812,220,8,1,0,0,19,0,0
815,scan,813,1,3630714964572,,3630715089543,3630716476608,67.459,-0.8472,-1.1209,-0.0518,4,0.4181,418,220,8,220,32,1,800,,,,1,1,203404,561158,1,,,,813,220,8,1,0,0,19,0,0
816,scan,814,1,3630764714967,,3630764841580,3630766581444,67.509,-0.8322,-1.1216,-0.0514,4,0.4176,417,220,7,220,24,1,802,3630164643112,3630731089598,566446,0,1,203404,561346,1,,,,814,220,7,1,0,0,19,0,0
817,scan,815,1,3630814702134,,3630814901491,3630816582653,67.559,-0.8248,-1.1220,-0.0511,4,0.3974,397,220,6,220,21,1,804,3630265278406,3630808109200,542830,0,1,203404,561277,1,,,,815,216,6,1,1,0,19,0,0
818,scan,816,1,3630864720281,,3630864852600,3630866757809,67.609,-0.8173,-1.1224,-0.0508,4,0.3867,386,220,6,220,21,1,804,,,,1,1,203404,561277,1,,,,816,204,6,1,1,0,19,0,0
819,scan,817,1,3630914543997,,3630914704011,3630916571794,67.659,-0.8026,-1.1231,-0.0504,4,0.3892,389,220,5,220,19,1,805,3630315388903,3630887182185,571793,0,1,203404,561950,1,,,,817,207,5,1,1,0,19,0,0
820,scan,818,1,3630964416961,,3630964554761,3630966524005,67.709,-0.7956,-1.1235,-0.0493,4,0.3703,370,220,3,220,15,1,807,3630414851522,3630958964154,544112,0,1,203404,561233,1,,,,818,187,3,1,1,0,19,0,0
821,scan,819,1,3631014453018,,3631014613840,3631016470282,67.759,-0.7822,-1.1241,-0.0428,4,0.3661,366,220,-10,220,15,1,807,,,,1,1,203404,561233,1,,,,819,182,-10,1,1,0,19,0,0
822,scan,820,1,3631064824623,,3631064994023,3631066499660,67.809,-0.7758,-1.1244,-0.0421,4,0.3665,366,220,-12,220,13,1,808,3630464431576,3631017393727,552962,0,1,203404,560603,1,,,,820,182,-12,1,1,0,19,0,0
823,scan,821,1,3631115182382,,3631115478772,3631117523221,67.859,-0.7635,-1.1249,-0.0463,4,0.3658,365,220,-3,220,9,1,810,3630564360949,3631111974237,547613,0,1,203404,560168,1,,,,821,181,-3,1,1,0,19,0,0
824,scan,822,1,3631164972992,,3631165106771,3631166581301,67.909,-0.7573,-1.1252,-0.0478,4,0.3598,359,220,0,220,9,1,810,,,,1,1,203404,560255,1,,,,822,174,0,1,1,0,19,0,0
825,scan,823,1,3631214839422,,3631214963871,3631216508947,67.959,-0.7452,-1.1258,-0.0464,4,0.3485,348,220,-3,220,7,1,812,3630665182052,3631213217850,548035,0,1,203404,559123,1,,,,823,162,-3,1,1,0,19,0,0
826,scan,824,1,3631264974708,,3631265109762,3631267403787,68.009,-0.7393,-1.1260,-0.0453,4,0.3417,341,220,-5,220,7,1,812,,,,1,1,203404,557900,1,,,,824,155,-5,1,1,0,19,0,0
827,scan,825,1,3631314994120,,3631315173531,3631317463750,68.059,-0.7281,-1.1266,-0.0460,4,0.3462,346,220,-4,220,8,1,813,3630715006614,3631286355875,571349,0,1,203404,558723,1,,,,825,160,-4,1,1,0,19,0,0
828,scan,826,1,3631365138933,,3631365260897,3631367410685,68.109,-0.7228,-1.1268,-0.0472,4,0.3405,340,220,-2,220,6,1,815,3630814758927,3631360469336,545710,0,1,203404,558241,1,,,,826,154,-2,1,1,0,19,0,0
829,scan,827,1,3631415166179,,3631415282610,3631417472172,68.159,-0.7121,-1.1273,-0.0476,4,0.3280,327,220,-1,220,6,1,816,3630864766686,3631411211075,546444,0,1,203404,557820,1,,,,827,139,-1,1,1,0,19,0,0
830,scan,828,1,3631465091993,,3631465223796,3631467445352,68.209,-0.7069,-1.1276,-0.0470,4,0.3245,324,220,-2,220,6,1,816,,,,1,1,203404,556724,1,,,,828,136,-2,1,1,0,19,0,0
831,scan,829,1,3631515028132,,3631515146454,3631517436364,68.259,-0.6975,-1.1280,-0.0469,4,0.3169,316,220,-2,220,6,1,816,,,,1,1,203404,556242,1,,,,829,127,-2,1,1,0,19,0,0
832,scan,830,1,3631565085906,,3631565264000,3631567469837,68.309,-0.6929,-1.1282,-0.0475,4,0.3004,300,220,-1,220,6,1,816,,,,1,1,203404,556059,1,,,,830,110,-1,1,1,0,19,0,0
833,scan,831,1,3631615934543,,3631616215264,3631618456005,68.359,-0.6844,-1.1286,-0.0481,4,0.3105,310,220,0,220,-11,1,820,3631064886268,3631607723042,542836,0,1,203404,554756,1,,,,831,121,0,1,1,0,19,0,0
834,scan,832,1,3631665393200,,3631665523183,3631667482402,68.409,-0.6807,-1.1288,-0.0479,4,0.3131,313,220,0,220,-11,1,820,,,,1,1,203404,554663,1,,,,832,124,0,1,1,0,19,0,0
835,scan,833,1,3631715700609,,3631715833370,3631717570315,68.459,-0.6766,-1.1290,-0.0476,4,0.3017,301,220,-1,220,-3,1,821,3631115270965,3631696474583,581203,0,1,203404,555668,1,,,,833,111,-1,1,1,0,19,0,0
836,scan,834,1,3631765503370,,3631765634974,3631767504719,68.509,-0.6682,-1.1294,-0.0476,4,0.2995,299,220,-1,220,0,1,822,3631165020656,3631718420016,553399,0,1,203404,555844,1,,,,834,108,-1,1,1,0,19,0,0
837,scan,835,1,3631816154547,,3631816337087,3631818817964,68.559,-0.6645,-1.1296,-0.0478,4,0.3023,302,220,-1,220,-3,1,823,3631214880054,3631794129561,579249,0,1,203404,557210,1,,,,835,112,-1,1,1,0,19,0,0
838,scan,836,1,3631865507204,,3631865754375,3631867591231,68.609,-0.6572,-1.1299,-0.0479,4,0.3080,308,220,0,220,-3,1,823,,,,1,1,203404,557609,1,,,,836,118,0,1,1,0,19,0,0
839,scan,837,1,3631915454530,,3631915578469,3631917494859,68.659,-0.6534,-1.1301,-0.0479,4,0.2991,299,220,0,220,-3,1,825,3631315053305,3631903022258,587968,0,1,203404,558874,1,,,,837,108,0,1,1,0,19,0,0
840,scan,838,1,3631965732090,,3631965861044,3631967473165,68.709,-0.6460,-1.1305,-0.0478,4,0.2955,295,220,0,220,-1,1,826,3631365182381,3631927427764,562245,0,1,203404,559131,1,,,,838,104,0,1,1,0,19,0,0
841,scan,839,1,3632015787046,,3632015909261,3632017526070,68.759,-0.6424,-1.1306,-0.0479,4,0.2796,279,220,0,220,-1,1,828,3631465136200,3632006297554,541161,0,1,203404,558412,1,,,,839,100,0,1,1,0,19,0,0
842,scan,840,1,3632065637759,,3632065771552,3632067552617,68.809,-0.6354,-1.1310,-0.0480,4,0.2965,296,220,0,220,-1,1,828,,,,1,1,203404,558287,1,,,,840,105,0,1,1,0,19,0,0
843,scan,841,1,3632115609916,,3632115735295,3632117568194,68.859,-0.6320,-1.1311,-0.0480,4,0.3018,301,220,0,220,-1,1,828,,,,1,1,203404,558023,1,,,,841,111,0,1,1,0,19,0,0
844,scan,842,1,3632165729951,,3632165864149,3632167491139,68.909,-0.6247,-1.1315,-0.0479,4,0.2875,287,220,0,220,1,1,831,3631615994632,3632164506689,548512,0,1,203404,557773,1,,,,842,100,0,1,1,0,19,0,0
845,scan,843,1,3632215934158,,3632216111852,3632218450927,68.959,-0.6209,-1.1317,-0.0479,4,0.2949,294,220,0,220,1,1,832,3631665438104,3632212045247,546607,0,1,203404,557308,1,,,,843,103,0,1,1,0,19,0,0
846,scan,844,1,3632266451197,,3632266663202,3632268531159,69.009,-0.6141,-1.1320,-0.0480,4,0.2833,283,220,0,220,1,1,832,,,,1,1,203404,557931,1,,,,844,100,0,1,1,0,19,0,0
847,scan,845,1,3632316097031,,3632316268156,3632318488601,69.059,-0.6106,-1.1321,-0.0480,4,0.2919,291,220,0,220,1,1,832,,,,1,1,203404,558233,1,,,,845,100,0,1,1,0,19,0,0
848,scan,846,1,3632365985649,,3632366106756,3632367608341,69.109,-0.6039,-1.1325,-0.0479,4,0.2894,289,220,0,220,0,1,834,3631765546335,3632336385328,570838,0,1,203404,558781,1,,,,846,100,0,1,1,0,19,0,0
849,scan,847,1,3632416211962,,3632416423633,3632418460580,69.159,-0.6005,-1.1326,-0.0479,4,0.2974,297,220,0,220,1,1,836,3631865547751,3632416323215,550775,0,1,203404,558448,1,,,,847,106,0,1,1,0,19,0,0
850,scan,848,1,3632466238623,,3632466355969,3632468494653,69.209,-0.5935,-1.1330,-0.0480,4,0.2803,280,220,0,220,1,1,836,,,,1,1,203404,558021,1,,,,848,100,0,1,1,0,19,0,0
851,scan,849,1,3632516509826,,3632516716158,3632518525031,69.259,-0.5899,-1.1331,-0.0480,4,0.2822,282,220,0,220,0,1,837,3631915500752,3632468744733,553243,0,1,203404,557627,1,,,,849,100,0,1,1,0,19,0,0
852,scan,850,1,3632566516764,,3632566660765,3632568626926,69.309,-0.5865,-1.1333,-0.0480,4,0.2888,288,220,0,220,0,1,837,,,,1,1,203404,557627,1,,,,850,100,0,1,1,0,19,0,0
853,scan,851,1,3632616366595,,3632616500190,3632618484444,69.359,-0.5797,-1.1336,-0.0479,4,0.2890,289,220,0,220,1,1,839,3632015829554,3632583043575,567214,0,1,203404,558027,1,,,,851,100,0,1,1,0,19,0,0
854,scan,852,1,3632665938377,,3632666064034,3632667497472,69.409,-0.5763,-1.1338,-0.0479,4,0.2902,290,220,0,220,1,1,839,,,,1,1,203404,557502,1,,,,852,100,0,1,1,0,19,0,0
855,scan,853,1,3632716179898,,3632716311408,3632718462112,69.459,-0.5695,-1.1341,-0.0479,4,0.2802,280,220,0,220,0,1,842,3632165771094,3632708234342,542463,0,1,203404,556875,1,,,,853,100,0,1,1,0,19,0,0
856,scan,854,1,3632766244892,,3632766381950,3632768783458,69.509,-0.5661,-1.1343,-0.0480,4,0.2813,281,220,0,220,0,1,842,,,,1,1,203404,556459,1,,,,854,100,0,1,1,0,19,0,0
857,scan,855,1,3632816236398,,3632816386948,3632818608316,69.559,-0.5593,-1.1346,-0.0479,4,0.2899,289,220,0,220,1,1,843,3632215978225,3632773171060,557192,0,1,203404,557084,1,,,,855,100,0,1,1,0,19,0,0
858,scan,856,1,3632866599218,,3632866724318,3632868587169,69.609,-0.5559,-1.1348,-0.0479,4,0.2903,290,220,0,220,0,1,844,3632266531275,3632823352406,556821,0,1,203404,557073,1,,,,856,100,0,1,1,0,19,0,0
859,scan,857,1,3632916773922,,3632916908868,3632918435987,69.659,-0.5491,-1.1351,-0.0479,4,0.3038,303,220,0,220,0,1,845,3632316155375,3632886166624,570011,0,1,203404,556998,1,,,,857,113,0,1,1,0,19,0,0
860,scan,858,1,3632967035464,,3632967159428,3632968490529,69.709,-0.5457,-1.1353,-0.0479,4,0.3024,302,220,0,220,1,1,847,3632416257120,3632963300412,547043,0,1,203404,557121,1,,,,858,112,0,1,1,0,19,0,0
861,scan,859,1,3633016562080,,3633016708685,3633018567059,69.759,-0.5382,-1.1356,-0.0480,4,0.3163,316,220,0,220,1,1,847,,,,1,1,203404,557121,1,,,,859,127,0,1,1,0,19,0,0
862,scan,860,1,3633066472957,,3633066599830,3633068574246,69.809,-0.5344,-1.1358,-0.0480,4,0.3152,315,220,0,220,0,1,848,3632466272376,3633023652717,557380,0,1,203404,557305,1,,,,860,126,0,1,1,0,19,0,0
863,scan,861,1,3633116794120,,3633116937240,3633118482903,69.859,-0.5259,-1.1362,-0.0480,4,0.3146,314,220,0,220,0,1,848,,,,1,1,203404,557726,1,,,,861,125,0,1,1,0,19,0,0
864,scan,862,1,3633166672947,,3633166795909,3633168618058,69.909,-0.5216,-1.1364,-0.0480,4,0.3493,349,220,0,220,0,1,848,,,,1,1,203404,557726,1,,,,862,163,0,1,1,0,19,0,0
865,scan,863,1,3633216595443,,3633216712649,3633218500861,69.959,-0.5119,-1.1369,-0.0480,4,1.0530,1052,220,0,220,1,1,852,3632665979625,3633212174347,546194,0,1,203404,557646,1,,,,863,220,0,1,0,0,19,0,0
866,scan,864,1,3633266848037,,3633266980138,3633268490718,70.009,-0.5064,-1.1371,-0.0480,4,1.0664,1066,220,0,220,1,1,852,,,,1,1,203404,557646,1,,,,864,220,0,1,0,0,19,0,0
867,scan,865,1,3633316841110,,3633316966189,3633318474492,70.059,-0.4924,-1.1378,-0.0480,4,1.0669,1066,220,0,220,0,1,853,3632716223410,3633278596968,562373,0,1,203404,557256,1,,,,865,220,0,1,0,0,19,0,0
868,scan,866,1,3633366822720,,3633366979948,3633368537382,70.109,-0.4849,-1.1382,-0.0480,4,1.0523,1052,220,0,220,1,1,855,3632816285496,3633366150550,549865,0,1,203404,557436,1,,,,866,220,0,1,0,0,19,0,0
869,scan,867,1,3633417148508,,3633417352905,3633419754681,70.159,-0.4774,-1.1385,-0.0480,4,1.0662,1066,220,0,220,1,1,855,,,,1,1,203404,557936,1,,,,867,220,0,1,0,0,19,0,0
870,scan,868,1,3633466827847,,3633466947929,3633468614657,70.209,-0.4625,-1.1392,-0.0480,4,1.0545,1054,220,0,220,1,1,855,,,,1,1,203404,557936,1,,,,868,220,0,1,0,0,19,0,0
871,scan,869,1,3633517367373,,3633517501562,3633519793925,70.259,-0.4550,-1.1396,-0.0480,4,1.0590,1059,220,0,220,1,1,855,,,,1,1,203404,557936,1,,,,869,220,0,1,0,0,19,0,0
872,scan,870,1,3633567185505,,3633567329325,3633569759446,70.309,-0.4401,-1.1403,-0.0480,4,1.0487,1048,220,0,220,1,1,855,,,,1,1,203404,557936,1,,,,870,220,0,1,0,0,19,0,0
873,scan,871,1,3633617347585,,3633617518675,3633619932749,70.359,-0.4326,-1.1407,-0.0480,4,1.0574,1057,220,0,220,1,1,860,3633066514205,3633604388429,537874,0,1,203404,557710,1,,,,871,220,0,1,0,0,19,0,0
874,scan,872,1,3633667364854,,3633667500835,3633669884973,70.409,-0.4177,-1.1414,-0.0480,4,1.0524,1052,220,0,220,1,1,860,,,,1,1,203404,557710,1,,,,872,220,0,1,0,0,19,0,0
875,scan,873,1,3633717449562,,3633717611323,3633720083786,70.459,-0.4102,-1.1418,-0.0480,4,1.0602,1060,220,0,220,0,1,861,3633116841177,3633670197835,553356,0,1,203404,556445,1,,,,873,220,0,1,0,0,19,0,0
876,scan,874,1,3633767936618,,3633768083987,3633770414160,70.509,-0.3953,-1.1425,-0.0480,4,1.0725,1072,220,0,220,1,1,863,3633216633523,3633756851552,540218,0,1,203404,555846,1,,,,874,220,0,1,0,0,19,0,0
877,scan,875,1,3633817822814,,3633818025022,3633819886139,70.559,-0.3878,-1.1428,-0.0480,4,1.0479,1047,220,0,220,1,1,863,,,,1,1,203404,554731,1,,,,875,220,0,1,0,0,19,0,0
878,scan,876,1,3633867693467,,3633867825000,3633869778529,70.609,-0.3728,-1.1436,-0.0480,4,1.0513,1051,220,0,220,1,1,865,3633316878333,3633865510375,548632,0,1,203404,554454,1,,,,876,220,0,1,0,0,19,0,0
879,scan,877,1,3633917764917,,3633917941489,3633919774593,70.659,-0.3654,-1.1439,-0.0480,4,1.0590,1059,220,0,220,0,1,866,3633366874840,3633917845571,550970,0,1,203404,552772,1,,,,877,220,0,1,0,0,19,0,0
880,scan,878,1,3633967512925,,3633967645557,3633969831009,70.709,-0.3504,-1.1446,-0.0480,4,1.0433,1043,220,0,220,1,1,867,3633417213833,3633962696561,545482,0,1,203404,552010,1,,,,878,220,0,1,0,0,19,0,0
881,scan,879,1,3634017922809,,3634018071255,3634019961791,70.759,-0.3429,-1.1450,-0.0480,4,1.0378,1037,220,0,220,0,1,868,3633466866224,3634016868508,550002,0,1,203404,552412,1,,,,879,220,0,1,0,0,19,0,0
882,scan,880,1,3634067812857,,3634067934550,3634069879107,70.809,-0.3280,-1.1457,-0.0480,4,1.0423,1042,220,0,220,1,1,869,3633517422291,3634066181919,548759,0,1,203404,552253,1,,,,880,220,0,1,0,0,19,0,0
883,scan,881,1,3634117790212,,3634117945231,3634119833759,70.859,-0.3205,-1.1461,-0.0480,4,1.0344,1034,220,0,220,1,1,869,,,,1,1,203404,552253,1,,,,881,220,0,1,0,0,19,0,0
884,scan,882,1,3634167746603,,3634167856932,3634169818348,70.909,-0.3056,-1.1468,-0.0480,4,1.0149,1014,220,0,220,1,1,871,3633617405809,3634158861008,541455,0,1,203404,551946,1,,,,882,220,0,1,0,0,19,0,0
885,scan,883,1,3634217790574,,3634217947253,3634219856212,70.959,-0.2981,-1.1471,-0.0480,4,1.0178,1017,220,0,220,1,1,871,,,,1,1,203404,552189,1,,,,883,220,0,1,0,0,19,0,0
886,scan,884,1,3634267712948,,3634267866416,3634269949063,71.009,-0.2907,-1.1475,-0.0480,4,1.0092,1009,220,0,220,1,1,873,3633717502291,3634263108028,545605,0,1,203404,551903,1,,,,884,220,0,1,0,0,19,0,0
887,scan,885,1,3634317839668,,3634317962451,3634319864505,71.059,-0.2757,-1.1482,-0.0480,4,0.9962,996,220,0,220,1,1,873,,,,1,1,203404,551903,1,,,,885,220,0,1,0,0,19,0,0
888,scan,886,1,3634367868763,,3634368084585,3634370409508,71.109,-0.2683,-1.1486,-0.0480,4,0.9795,979,220,0,220,1,1,875,3633817891046,3634361930567,544039,0,1,203404,550738,1,,,,886,220,0,1,0,0,19,0,0
889,scan,887,1,3634417821885,,3634417996062,3634420742982,71.159,-0.2533,-1.1493,-0.0480,4,0.9789,978,220,0,220,1,1,875,,,,1,1,203404,550736,1,,,,887,220,0,1,0,0,19,0,0
890,scan,888,1,3634467911942,,3634468122474,3634470493523,71.209,-0.2458,-1.1497,-0.0480,4,0.9658,965,220,0,220,1,1,877,3633917806957,3634464118305,546311,0,1,203404,550544,1,,,,888,220,0,1,0,0,19,0,0
891,scan,889,1,3634517567869,,3634517688801,3634519828905,71.259,-0.2309,-1.1504,-0.0480,4,0.9651,965,220,0,220,1,1,877,,,,1,1,203404,550421,1,,,,889,220,0,1,0,0,19,0,0
892,scan,890,1,3634567691751,,3634567811107,3634569793626,71.309,-0.2234,-1.1507,-0.0480,4,0.9595,959,220,0,220,1,1,879,3634017973756,3634567154942,549181,0,1,203404,550367,1,,,,890,220,0,1,0,0,19,0,0
893,scan,891,1,3634617795354,,3634617931968,3634619869587,71.359,-0.2085,-1.1515,-0.0480,4,0.9489,948,220,0,220,1,1,879,,,,1,1,203404,549601,1,,,,891,220,0,1,0,0,19,0,0
894,scan,892,1,3634667885464,,3634668038073,3634669853973,71.409,-0.2010,-1.1518,-0.0480,4,0.9426,942,220,0,220,1,1,879,,,,1,1,203404,549601,1,,,,892,220,0,1,0,0,19,0,0
895,scan,893,1,3634718102813,,3634718229214,3634720433743,71.459,-0.1861,-1.1525,-0.0480,4,0.9418,941,220,0,220,1,1,881,3634117842581,3634670879886,553037,0,1,203404,550082,1,,,,893,220,0,1,0,0,19,0,0
896,scan,894,1,3634768313955,,3634768445946,3634770496817,71.509,-0.1786,-1.1529,-0.0480,4,0.9366,936,220,0,220,1,1,882,3634167780578,3634720312072,552531,0,1,203404,550188,1,,,,894,220,0,1,0,0,19,0,0
897,scan,895,1,3634818231061,,3634818350173,3634820456192,71.559,-0.1636,-1.1536,-0.0480,4,0.9227,922,220,0,220,1,1,883,3634217841303,3634812660386,594819,0,1,203404,551824,1,,,,895,220,0,1,0,0,19,0,0
898,scan,896,1,3634868241323,,3634868376090,3634870459416,71.609,-0.1562,-1.1540,-0.0480,4,0.9138,913,220,0,220,2,1,884,3634267755344,3634834589797,566834,0,1,203404,552260,1,,,,896,220,0,1,0,0,19,0,0
899,scan,897,1,3634918144009,,3634918265237,3634920869648,71.659,-0.1412,-1.1547,-0.0480,4,0.9055,905,220,0,220,0,1,885,3634317880133,3634873178965,555298,0,1,203404,551620,1,,,,897,220,0,1,0,0,19,0,0
900,scan,898,1,3634968506396,,3634968624308,3634970931770,71.709,-0.1338,-1.1550,-0.0480,4,0.9094,909,220,0,220,0,1,887,3634417878095,3634967939228,550061,0,1,203404,551751,1,,,,898,220,0,1,0,0,19,0,0
901,scan,899,1,3635018763139,,3635018885282,3635020535200,71.759,-0.1188,-1.1558,-0.0480,4,0.8878,887,220,0,220,0,1,887,,,,1,1,203404,551751,1,,,,899,220,0,1,0,0,19,0,0
902,scan,900,1,3635068925942,,3635069067334,3635070520752,71.809,-0.1113,-1.1561,-0.0480,4,0.8959,895,220,0,220,1,1,888,3634467967385,3635018978560,551011,0,1,203404,551474,1,,,,900,220,0,1,0,0,19,0,0
903,scan,901,1,3635119098056,,3635119230002,3635121436781,71.859,-0.1039,-1.1565,-0.0480,4,0.8802,880,220,0,220,0,1,889,3634517607376,3635083328606,565721,0,1,203404,552068,1,,,,901,220,0,1,0,0,19,0,0
904,scan,902,1,3635168947567,,3635169085517,3635171756847,71.909,-0.0889,-1.1572,-0.0480,4,0.8668,866,220,0,220,0,1,891,3634617833979,3635165781014,547947,0,1,203404,551903,1,,,,902,220,0,1,0,0,19,0,0
905,scan,903,1,3635218716676,,3635218839471,3635220538395,71.959,-0.0815,-1.1576,-0.0480,4,0.8656,865,220,0,220,0,1,891,,,,1,1,203404,552141,1,,,,903,220,0,1,0,0,19,0,0
906,scan,904,1,3635268985498,,3635269271857,3635271547329,72.009,-0.0665,-1.1583,-0.0480,4,0.8626,862,220,0,220,1,1,892,3634667930539,3635224979162,557048,0,1,203404,552337,1,,,,904,220,0,1,0,0,19,0,0
907,scan,905,1,3635319053688,,3635319191639,3635321524919,72.059,-0.0590,-1.1586,-0.0480,4,0.8463,846,220,0,220,2,1,893,3634718145605,3635275174800,557029,0,1,203404,552123,1,,,,905,220,0,1,0,0,19,0,0
908,scan,906,1,3635369109133,,3635369236823,3635371464329,72.109,-0.0441,-1.1593,-0.0480,4,0.8435,843,220,0,220,2,1,895,3634818270608,3635365918605,547647,0,1,203404,552035,1,,,,906,220,0,1,0,0,19,0,0
909,scan,907,1,3635418830596,,3635418984360,3635420538139,72.159,-0.0366,-1.1597,-0.0480,4,0.8479,847,220,0,220,2,1,895,,,,1,1,203404,552035,1,,,,907,220,0,1,0,0,19,0,0
910,scan,908,1,3635468648846,,3635468775288,3635470530756,72.209,-0.0217,-1.1604,-0.0480,4,0.8537,853,220,0,220,1,1,896,3634868286518,3635430045444,561758,0,1,203404,552409,1,,,,908,220,0,1,0,0,19,0,0
911,scan,909,1,3635518665099,,3635518784949,3635520500331,72.259,-0.0142,-1.1608,-0.0480,4,0.8332,833,220,0,220,1,1,898,3634968548815,3635516657642,548108,0,1,203404,552249,1,,,,909,220,0,1,0,0,19,0,0
912,scan,910,1,3635568791000,,3635568913608,3635570491566,72.309,0.0007,-1.1615,-0.0480,4,0.8405,840,220,0,220,1,1,898,,,,1,1,203404,552249,1,,,,910,220,0,1,0,0,19,0,0
913,scan,911,1,3635618993358,,3635619187969,3635621385985,72.359,0.0082,-1.1619,-0.0480,4,0.8337,833,220,0,220,1,1,898,,,,1,1,203404,552802,1,,,,911,220,0,1,0,0,19,0,0
914,scan,912,1,3635668839907,,3635668950674,3635671374277,72.409,0.0231,-1.1626,-0.0480,4,0.8523,852,220,0,220,1,1,900,3635068970920,3635667772121,598801,0,1,203404,554506,1,,,,912,220,0,1,0,0,19,0,0
915,scan,913,1,3635719137870,,3635719265333,3635721775672,72.459,0.0306,-1.1629,-0.0480,4,0.8472,847,220,0,220,1,1,902,3635169006213,3635717298612,548292,0,1,203404,554318,1,,,,913,220,0,1,0,0,19,0,0
916,scan,914,1,3635769432493,,3635769550299,3635771535391,72.509,0.0456,-1.1637,-0.0480,4,0.8451,845,220,0,220,2,1,903,3635218757673,3635764913507,546155,0,1,203404,554538,1,,,,914,220,0,1,0,0,19,0,0
917,scan,915,1,3635819642483,,3635819770230,3635821497814,72.559,0.0530,-1.1640,-0.0480,4,0.8560,855,220,0,220,2,1,903,,,,1,1,203404,554538,1,,,,915,220,0,1,0,0,19,0,0
918,scan,916,1,3635869591499,,3635869709725,3635871544853,72.609,0.0680,-1.1647,-0.0480,4,0.8575,857,220,0,220,1,1,904,3635269072981,3635824330720,555257,0,1,203404,554784,1,,,,916,220,0,1,0,0,19,0,0
919,scan,917,1,3635919260637,,3635919410069,3635921511724,72.659,0.0754,-1.1651,-0.0480,4,0.8655,865,220,0,220,0,1,906,3635369152688,3635917067602,547914,0,1,203404,554670,1,,,,917,220,0,1,0,0,19,0,0
920,scan,918,1,3635969530123,,3635969665394,3635971562518,72.709,0.0829,-1.1655,-0.0480,4,1.0126,1012,220,0,220,0,1,906,,,,1,1,203404,555024,1,,,,918,220,0,1,0,0,19,0,0
921,scan,919,1,3636019671626,,3636019800242,3636021675614,72.759,0.0979,-1.1662,-0.0480,4,1.0301,1030,220,0,220,0,1,906,,,,1,1,203404,555225,1,,,,919,220,0,1,0,0,19,0,0
922,scan,920,1,3636069775859,,3636069901998,3636072407465,72.809,0.1053,-1.1665,-0.0480,4,1.0217,1021,220,0,220,0,1,908,3635468690697,3636054317091,585626,0,1,203404,556699,1,,,,920,220,0,1,0,0,19,0,0
923,scan,921,1,3636119657556,,3636119774623,3636121490869,72.859,0.1203,-1.1672,-0.0480,4,1.0301,1030,220,0,220,2,1,910,3635568831084,3636113603367,544772,0,1,203404,556241,1,,,,921,220,0,1,0,0,19,0,0
924,scan,922,1,3636169518432,,3636169636857,3636171509852,72.909,0.1277,-1.1676,-0.0480,4,1.0305,1030,220,0,220,2,1,910,,,,1,1,203404,556832,1,,,,922,220,0,1,0,0,19,0,0
925,scan,923,1,3636220088141,,3636220216582,3636222390619,72.959,0.1427,-1.1683,-0.0480,4,1.0133,1013,220,0,220,1,1,911,3635619041813,3636177132746,558090,0,1,203404,556880,1,,,,923,220,0,1,0,0,19,0,0
926,scan,924,1,3636270699485,,3636270857769,3636272523437,73.009,0.1502,-1.1687,-0.0480,4,1.0168,1016,220,0,220,1,1,913,3635719180647,3636262308599,543127,0,1,203404,556785,1,,,,924,220,0,1,0,0,19,0,0
927,scan,925,1,3636319786984,,3636319908852,3636321473468,73.059,0.1651,-1.1694,-0.0480,4,1.0312,1031,220,0,220,1,1,913,,,,1,1,203404,556785,1,,,,925,220,0,1,0,0,19,0,0
928,scan,926,1,3636369966519,,3636370142856,3636372425895,73.109,0.1726,-1.1698,-0.0480,4,1.0074,1007,220,0,220,2,1,914,3635769472578,3636324161757,554689,0,1,203404,557195,1,,,,926,220,0,1,0,0,19,0,0
929,scan,927,1,3636419596675,,3636419725007,3636422483939,73.159,0.1875,-1.1705,-0.0480,4,1.0187,1018,220,0,220,2,1,914,,,,1,1,203404,557195,1,,,,927,220,0,1,0,0,19,0,0
930,scan,928,1,3636469625892,,3636469778882,3636471501984,73.209,0.1950,-1.1708,-0.0480,4,1.0070,1006,220,0,220,2,1,916,3635869627550,3636426645574,557018,0,1,203404,557607,1,,,,928,220,0,1,0,0,19,0,0
931,scan,929,1,3636519630349,,3636519768603,3636521485756,73.259,0.2099,-1.1716,-0.0480,4,1.0115,1011,220,0,220,2,1,916,,,,1,1,203404,557607,1,,,,929,220,0,1,0,0,19,0,0
932,scan,930,1,3636570081973,,3636570221620,3636572395886,73.309,0.2174,-1.1719,-0.0480,4,1.0235,1023,220,0,220,1,1,919,3636019715039,3636565412376,545697,0,1,203404,557473,1,,,,930,220,0,1,0,0,19,0,0
933,scan,931,1,3636620080241,,3636620207557,3636622495276,73.359,0.2323,-1.1726,-0.0480,4,1.0237,1023,220,0,220,3,1,920,3636069820180,3636619347648,549527,0,1,203404,557178,1,,,,931,220,0,1,0,0,19,0,0
934,scan,932,1,3636670241555,,3636670370083,3636672431715,73.409,0.2398,-1.1730,-0.0480,4,1.0132,1013,220,0,220,3,1,920,,,,1,1,203404,557178,1,,,,932,220,0,1,0,0,19,0,0
935,scan,933,1,3636720708036,,3636720827001,3636722499430,73.459,0.2548,-1.1737,-0.0480,4,0.9970,997,220,0,220,3,1,920,,,,1,1,203404,557338,1,,,,933,220,0,1,0,0,19,0,0
936,scan,934,1,3636770578499,,3636770702686,3636772544861,73.509,0.2622,-1.1741,-0.0480,4,1.0169,1016,220,0,220,3,1,920,,,,1,1,203404,557530,1,,,,934,220,0,1,0,0,19,0,0
937,scan,935,1,3636820802277,,3636820944125,3636822504045,73.559,0.2697,-1.1744,-0.0480,4,1.0220,1021,220,0,220,3,1,920,,,,1,1,203404,555976,1,,,,935,220,0,1,0,0,19,0,0
938,scan,936,1,3636870707210,,3636870842731,3636872543680,73.609,0.2846,-1.1751,-0.0480,4,0.9971,997,220,0,220,3,1,920,,,,1,1,203404,555504,1,,,,936,220,0,1,0,0,19,0,0
939,scan,937,1,3636920817374,,3636920955820,3636922428184,73.659,0.2921,-1.1755,-0.0480,4,1.0066,1006,220,0,220,3,1,920,,,,1,1,203404,555513,1,,,,937,220,0,1,0,0,19,0,0
940,scan,938,1,3636970422195,,3636970554175,3636972571813,73.709,0.3071,-1.1762,-0.0480,4,1.0076,1007,220,0,220,3,1,920,,,,1,1,203404,555773,1,,,,938,220,0,1,0,0,19,0,0
941,scan,939,1,3637020721963,,3637020855005,3637022899472,73.759,0.3145,-1.1766,-0.0480,4,1.0013,1001,220,0,220,3,1,920,,,,1,1,203404,555773,1,,,,939,220,0,1,0,0,19,0,0
942,scan,940,1,3637072765467,,3637072901683,3637074482166,73.809,0.3295,-1.1773,-0.0480,4,1.0082,1008,220,0,220,3,1,920,,,,1,1,203404,556011,1,,,,940,220,0,1,0,0,19,0,0
943,scan,941,1,3637122011644,,3637122149636,3637124373686,73.859,0.3369,-1.1777,-0.0480,4,1.0148,1014,220,0,220,3,1,920,,,,1,1,203404,555500,1,,,,941,220,0,1,0,0,19,0,0
944,scan,942,1,3637171300101,,3637171443405,3637173541934,73.909,0.3519,-1.1784,-0.0480,4,1.0053,1005,220,0,220,3,1,920,,,,1,1,203404,555920,1,,,,942,220,0,1,0,0,19,0,0
945,scan,943,1,3637221310682,,3637221449635,3637223558047,73.959,0.3594,-1.1787,-0.0480,4,1.0112,1011,220,0,220,3,1,920,,,,1,1,203404,555920,1,,,,943,220,0,1,0,0,19,0,0
946,scan,944,1,3637271202648,,3637271330376,3637273400010,74.009,0.3743,-1.1795,-0.0480,4,1.0228,1022,220,0,220,3,1,920,,,,1,1,203404,555853,1,,,,944,220,0,1,0,0,19,0,0
947,scan,945,1,3637321198009,,3637321363441,3637323520387,74.059,0.3818,-1.1798,-0.0480,4,0.9942,994,220,0,220,3,1,920,,,,1,1,203404,555780,1,,,,945,220,0,1,0,0,19,0,0
948,scan,946,1,3637370777649,,3637370910823,3637372486696,74.109,0.3967,-1.1805,-0.0480,4,1.0258,1025,220,0,220,3,1,920,,,,1,1,203404,556322,1,,,,946,220,0,1,0,0,19,0,0
949,scan,947,1,3637421517463,,3637421652367,3637423510331,74.159,0.4042,-1.1809,-0.0480,4,1.0214,1021,220,0,220,3,1,920,,,,1,1,203404,556322,1,,,,947,220,0,1,0,0,19,0,0
950,scan,948,1,3637470862634,,3637470999653,3637472660253,74.209,0.4191,-1.1816,-0.0480,4,0.9961,996,220,0,220,2,1,926,3636370018794,3637446097061,1076078,0,1,203404,590610,1,,,,948,220,0,1,0,0,19,0,0
951,scan,949,1,3637520899334,,3637521038682,3637522722023,74.259,0.4266,-1.1820,-0.0480,4,1.0080,1007,220,0,220,3,1,937,3636920863832,3637485773776,564909,0,1,203404,591730,1,,,,949,220,0,1,0,0,19,0,0
952,scan,950,1,3637571121614,,3637571248890,3637573422028,74.309,0.4415,-1.1827,-0.0480,4,1.0159,1015,220,0,220,3,1,937,,,,1,1,203404,591730,1,,,,950,220,0,1,0,0,19,0,0
953,scan,951,1,3637621394702,,3637621561004,3637623534906,74.359,0.4490,-1.1830,-0.0480,4,0.9934,993,220,-1,220,3,1,939,3637020770837,3637573103453,552332,0,1,203404,589268,1,,,,951,220,-1,1,0,0,19,0,0
954,scan,952,1,3637671240434,,3637671379688,3637673642672,74.409,0.4565,-1.1834,-0.0480,4,1.0119,1011,220,-1,220,0,1,940,3637072814090,3637639875187,567061,0,1,203404,587284,1,,,,952,220,-1,1,0,0,19,0,0
955,scan,953,1,3637721301434,,3637721445165,3637723627522,74.459,0.4714,-1.1841,-0.0481,4,1.0005,1000,220,0,220,3,1,941,3637122060101,3637678083910,556023,0,1,203404,587767,1,,,,953,220,0,1,0,0,19,0,0
956,scan,954,1,3637771599593,,3637771736881,3637773529046,74.509,0.4789,-1.1845,-0.0481,4,1.0076,1007,220,0,220,0,1,942,3637171343872,3637732089402,560745,0,1,203404,588679,1,,,,954,220,0,1,0,0,19,0,0
957,scan,955,1,3637821688845,,3637821853332,3637823511982,74.559,0.4938,-1.1852,-0.0482,4,1.0089,1008,220,0,220,0,1,942,,,,1,1,203404,588679,1,,,,955,220,0,1,0,0,19,0,0
958,scan,956,1,3637872072128,,3637872239143,3637874414070,74.609,0.5013,-1.1856,-0.0481,4,0.9963,996,220,0,220,-1,1,944,3637271246889,3637838542888,567295,0,1,203404,589431,1,,,,956,220,0,1,0,0,19,0,0
959,scan,957,1,3637921980620,,3637922118736,3637924428363,74.659,0.5162,-1.1863,-0.0481,4,0.9976,997,220,0,220,-1,1,944,,,,1,1,203404,592199,1,,,,957,220,0,1,0,0,19,0,0
960,scan,958,1,3637971941876,,3637972089616,3637974646669,74.709,0.5237,-1.1866,-0.0481,4,0.9930,992,220,0,220,3,1,946,3637370822526,3637963227560,592405,0,1,203404,592212,1,,,,958,220,0,1,0,0,19,0,0
961,scan,959,1,3638021751398,,3638021875672,3638023546585,74.759,0.5387,-1.1874,-0.0481,4,0.9937,993,220,0,220,3,1,948,3637470902797,3638014379240,543476,0,1,203404,589345,1,,,,959,220,0,1,0,0,19,0,0
962,scan,960,1,3638071649885,,3638071779564,3638073468144,74.809,0.5461,-1.1877,-0.0481,4,1.0083,1008,220,0,220,3,1,948,,,,1,1,203404,589578,1,,,,960,220,0,1,0,0,19,0,0
963,scan,961,1,3638121481667,,3638121599772,3638123486156,74.859,0.5611,-1.1884,-0.0481,4,0.9865,986,220,0,220,1,1,949,3637520950223,3638110050211,589099,0,1,203404,592348,1,,,,961,220,0,1,0,0,19,0,0
964,scan,962,1,3638171683013,,3638171792225,3638173537551,74.909,0.5685,-1.1888,-0.0481,4,1.0096,1009,220,0,220,3,1,950,3637571159472,3638159637718,588478,0,1,203404,592121,1,,,,962,220,0,1,0,0,19,0,0
965,scan,963,1,3638221827317,,3638221946158,3638223496437,74.959,0.5835,-1.1895,-0.0481,4,1.0028,1002,220,0,220,-1,1,952,3637671288032,3638220469198,549181,0,1,203404,591596,1,,,,963,220,0,1,0,0,19,0,0
966,scan,964,1,3638271842124,,3638271987770,3638273578906,75.009,0.5910,-1.1899,-0.0481,4,1.0018,1001,220,0,220,1,1,953,3637721350612,3638269221623,547871,0,1,203404,591876,1,,,,964,220,0,1,0,0,19,0,0
967,scan,965,1,3638321862913,,3638321982581,3638324370474,75.059,0.6059,-1.1906,-0.0481,4,0.9882,988,220,-1,220,1,1,953,,,,1,1,203404,591876,1,,,,965,220,-1,1,0,0,19,0,0
968,scan,966,1,3638371810834,,3638371942334,3638374516270,75.109,0.6134,-1.1910,-0.0481,4,0.9909,990,220,-1,220,-2,1,954,3637771648186,3638365448251,593800,0,1,203404,594176,1,,,,966,220,-1,1,0,0,19,0,0
969,scan,967,1,3638422099633,,3638422300269,3638424424911,75.159,0.6283,-1.1917,-0.0482,4,1.0038,1003,220,-1,220,-2,1,954,,,,1,1,203404,594176,1,,,,967,220,-1,1,0,0,19,0,0
970,scan,968,1,3638471806220,,3638471942483,3638473530409,75.209,0.6358,-1.1920,-0.0482,4,0.9789,978,220,0,220,4,1,956,3637872136023,3638438681401,566545,0,1,203404,594737,1,,,,968,220,0,1,0,0,19,0,0
971,scan,969,1,3638522188843,,3638522328225,3638524521884,75.259,0.6433,-1.1924,-0.0483,4,0.9778,977,220,0,220,-1,1,957,3637922041725,3638476976546,554934,0,1,203404,592525,1,,,,969,220,0,1,0,0,19,0,0
,wdog,,,,,,3638673707768,,,,,,,,,,,,,,,,,,,,,,,,,969,0,0,1,3,0,19,0,
