line,kind,seq,flag,t_scan_rx_ns,t_flag_rx_ns,t_uart_tx_ns,t_c_rx_ns,sim_time,x,y,yaw,wp_i,min_range,min_mm,local_v,local_w,edge_v,edge_w,edge_ok,edge_seq_used,t_send_ns,t_recv_ns,rtt_us,held,deadline_miss,rtt_min_us,rtt_win_us,rtt_degraded,t_det_rtt_ns,flag_seq,t_det_meta_ns,c_seq,v_out,w_out,mode,state,switch_us,n_sw,bad_lines,lost
1,settle,0,0,1340119544361,,1340119598226,1340122521852,33.957,0.0000,0.0000,0.0000,0,0.5863,586,0,0,0,0,0,,,,,,,,,,,,,0,0,0,0,0,0,0,0,0
2,scan,1,0,1340142604679,,1340142804495,1340144499217,34.457,0.0001,-0.0000,0.0000,0,0.5955,595,220,0,0,0,0,,,,,1,1,,,0,,,,1,0,0,0,0,0,0,0,0
3,scan,2,0,1340192718089,,1340192845645,1340194362710,34.507,0.0001,-0.0000,0.0000,0,0.6038,603,220,0,0,0,0,,,,,1,1,,,0,,,,2,0,0,0,0,0,0,0,0
4,scan,3,0,1340242624186,,1340242751475,1340244403004,34.557,0.0001,-0.0000,0.0000,0,0.6063,606,220,0,220,1,1,1,1340142705800,1340209641381,66935,0,1,66935,66935,0,,,,3,220,1,0,0,0,0,0,0
5,scan,4,0,1340292778664,,1340292910841,1340294386413,34.607,0.0012,-0.0000,0.0000,0,0.5979,597,220,0,220,1,1,2,1340192764091,1340260545051,67780,0,1,66935,67358,0,,,,4,220,1,0,0,0,0,0,0
6,scan,5,0,1340342978319,,1340343109459,1340345254309,34.657,0.0035,-0.0000,0.0000,0,0.5910,591,220,0,220,1,1,3,1340242683713,1340309752783,67069,0,1,66935,67261,0,,,,5,220,1,0,0,0,0,0,0
7,scan,6,0,1340392683578,,1340392811423,1340394630115,34.707,0.0116,-0.0000,-0.0000,0,0.5934,593,220,0,220,1,1,4,1340292825056,1340360266175,67441,0,1,66935,67306,0,,,,6,220,1,0,0,0,0,0,0
8,scan,7,0,1340442683614,,1340442823622,1340444668683,34.757,0.0174,-0.0000,-0.0000,0,0.5736,573,220,0,220,1,1,5,1340343024772,1340411170943,68146,0,1,66935,67474,0,,,,7,220,1,0,0,0,0,0,0
9,scan,8,0,1340492901333,,1340493032499,1340494302389,34.807,0.0318,-0.0000,0.0000,0,0.5647,564,220,0,220,1,1,6,1340392729015,1340462610458,69881,0,1,66935,67875,0,,,,8,220,1,0,0,0,0,0,0
10,scan,9,0,1340542806536,,1340542937751,1340544587468,34.857,0.0393,-0.0000,0.0000,0,0.5517,551,220,0,220,1,1,7,1340442733991,1340510493229,67759,0,1,66935,67859,0,,,,9,220,1,0,0,0,0,0,0
11,scan,10,0,1340592727892,,1340592852635,1340594386227,34.907,0.0542,-0.0000,0.0001,0,0.5514,551,220,0,220,1,1,8,1340492946138,1340560321341,67375,0,1,66935,67798,0,,,,10,220,1,0,0,0,0,0,0
12,scan,11,0,1340642941647,,1340643077117,1340645237724,34.957,0.0617,-0.0000,0.0002,0,0.5400,539,220,0,220,1,1,9,1340542854547,1340610290612,67436,0,1,66935,67758,0,,,,11,220,1,0,0,0,0,0,0
13,scan,12,0,1340693250062,,1340693374200,1340695297082,35.007,0.0766,0.0000,0.0002,0,0.5170,516,220,0,220,1,1,10,1340592770630,1340660541334,67770,0,1,66935,67759,0,,,,12,220,1,0,0,0,0,0,0
14,scan,13,0,1340742766427,,1340742892110,1340744545065,35.057,0.0841,0.0000,0.0003,0,0.5195,519,220,-1,220,1,1,11,1340642989731,1340710749244,67759,0,1,66935,67759,0,,,,13,220,1,0,0,0,0,0,0
15,scan,14,0,1340793270807,,1340793549843,1340795688554,35.107,0.0916,0.0000,0.0003,0,0.5138,513,220,-1,220,1,1,12,1340693286925,1340761236652,67949,0,1,66935,67775,0,,,,14,220,1,0,0,0,0,0,0
16,scan,15,0,1340843079702,,1340843215566,1340845529452,35.157,0.1066,0.0000,0.0004,0,0.5090,509,220,-1,220,1,1,13,1340742812491,1340809960990,67148,0,1,66935,67727,0,,,,15,220,1,0,0,0,0,0,0
17,scan,16,0,1340893292347,,1340893448963,1340895515677,35.207,0.1140,0.0000,0.0004,0,0.4978,497,220,-1,220,1,1,14,1340793367711,1340861367429,67999,0,1,66935,67746,0,,,,16,220,1,0,0,0,0,0,0
18,scan,17,0,1340943625250,,1340943762674,1340946247068,35.257,0.1290,0.0000,0.0005,0,0.4974,497,220,-1,220,1,1,15,1340843127701,1340911384498,68256,0,1,66935,67780,0,,,,17,220,1,0,0,0,0,0,0
19,scan,18,0,1340993696688,,1340993870736,1340996583843,35.307,0.1365,0.0000,0.0005,0,0.4646,464,220,-1,220,1,1,16,1340893340697,1340961409417,68068,0,1,66935,67798,0,,,,18,220,1,0,0,0,0,0,0
20,scan,19,0,1341043853909,,1341043989509,1341046238303,35.357,0.1514,0.0000,0.0006,0,0.4696,469,220,-1,220,1,1,17,1340943672834,1341011571462,67898,0,1,66935,67804,0,,,,19,220,1,0,0,0,0,0,0
21,scan,20,0,1341094133062,,1341094277424,1341096627931,35.407,0.1589,0.0000,0.0006,0,0.4464,446,220,-1,220,1,1,18,1340993746072,1341062117727,68371,0,1,66935,67836,0,,,,20,220,1,0,0,0,0,0,0
22,scan,21,0,1341143841186,,1341143992880,1341146280308,35.457,0.1739,0.0000,0.0007,0,0.4599,459,220,-1,220,-1,1,19,1341043901746,1341111536126,67634,0,1,66935,67825,0,,,,21,220,-1,0,0,0,0,0,0
23,scan,22,0,1341193895101,,1341194063055,1341196538470,35.507,0.1814,0.0000,0.0007,0,0.4480,447,220,-1,220,-1,1,20,1341094182675,1341161641458,67458,0,1,66935,67807,0,,,,22,220,-1,0,0,0,0,0,0
24,scan,23,0,1341243834106,,1341243965143,1341245329094,35.557,0.1963,0.0001,0.0007,0,0.4328,432,220,-2,220,-1,1,21,1341143888106,1341209057547,65169,0,1,65169,67681,0,,,,23,220,-1,0,0,0,0,0,0
25,scan,24,0,1341293932035,,1341294102680,1341296465204,35.607,0.2038,0.0001,0.0006,0,0.4327,432,220,-1,220,-1,1,22,1341193943423,1341258395331,64451,0,1,64451,67534,0,,,,24,220,-1,0,0,0,0,0,0
26,scan,25,0,1341344219825,,1341344348018,1341346450367,35.657,0.2188,0.0001,0.0005,0,0.4251,425,220,-1,220,-1,1,23,1341243878466,1341311271695,67393,0,1,64451,67528,0,,,,25,220,-1,0,0,0,0,0,0
27,scan,26,0,1341394216935,,1341394352660,1341396647543,35.707,0.2263,0.0001,0.0005,0,0.4159,415,220,-1,220,-1,1,24,1341293997421,1341360571339,66573,0,1,64451,67488,0,,,,26,220,-1,0,0,0,0,0,0
28,scan,27,0,1341444110078,,1341444239475,1341446358199,35.757,0.2412,0.0001,0.0005,0,0.4171,417,220,-1,220,-1,1,25,1341344265373,1341411168330,66902,0,1,64451,67465,0,,,,27,220,-1,0,0,0,0,0,0
29,scan,28,0,1341494437058,,1341494573036,1341496355571,35.807,0.2487,0.0001,0.0004,0,0.3947,394,220,-1,220,1,1,26,1341394265001,1341463272458,69007,0,1,64451,67524,0,,,,28,220,1,0,1,0,0,0,0
30,scan,29,0,1341545020669,,1341545221159,1341547335090,35.857,0.2637,0.0001,0.0003,0,0.3936,393,220,-1,220,1,1,27,1341444153707,1341511375859,67222,0,1,64451,67513,0,,,,29,220,1,0,1,0,0,0,0
31,scan,30,0,1341594596491,,1341594738425,1341596469744,35.907,0.2712,0.0001,0.0004,0,0.3969,396,220,-1,220,1,1,28,1341494484463,1341559019303,64534,0,1,64451,67407,0,,,,30,220,1,0,1,0,0,0,0
32,scan,31,0,1341644564584,,1341644738861,1341646481792,35.957,0.2786,0.0001,0.0004,0,0.3788,378,220,-1,220,1,1,29,1341545097503,1341613343265,68245,0,1,64451,67435,0,,,,31,220,1,0,1,0,0,0,0
33,scan,32,0,1341694829978,,1341694993460,1341697332466,36.007,0.2936,0.0001,0.0006,0,0.3789,378,220,-1,220,1,1,30,1341594645297,1341662410771,67765,0,1,64451,67446,0,,,,32,220,1,0,1,0,0,0,0
34,scan,33,0,1341744972156,,1341745111505,1341747309486,36.057,0.3011,0.0001,0.0006,0,0.3797,379,220,-1,220,1,1,31,1341644614047,1341711184263,66570,0,1,64451,67418,0,,,,33,220,1,0,1,0,0,0,0
35,scan,34,0,1341794675802,,1341794832782,1341796465810,36.107,0.3160,0.0001,0.0006,0,0.3728,372,220,-1,220,-1,1,32,1341694897475,1341762619906,67722,0,1,64451,67428,0,,,,34,220,-1,0,1,0,0,0,0
36,scan,35,0,1341844831035,,1341844977608,1341847232597,36.157,0.3235,0.0001,0.0006,0,0.3676,367,220,-2,220,-1,1,33,1341745021116,1341812842086,67820,0,1,64451,67440,0,,,,35,220,-1,0,1,0,0,0,0
37,scan,36,0,1341894696189,,1341894830107,1341896567032,36.207,0.3384,0.0001,0.0007,0,0.3748,374,220,-2,220,-1,1,34,1341794734743,1341862193791,67459,0,1,64451,67440,0,,,,36,220,-1,0,1,0,0,0,0
38,scan,37,0,1341945024184,,1341945181358,1341947698849,36.257,0.3459,0.0001,0.0006,0,0.3817,381,220,-2,220,-1,1,35,1341844880366,1341912601936,67721,0,1,64451,67448,0,,,,37,220,-1,0,1,0,0,0,0
39,scan,38,0,1341994654356,,1341994780950,1341996462655,36.307,0.3609,0.0001,0.0005,0,0.3689,368,220,-1,220,-1,1,36,1341894743172,1341959087749,64344,0,1,64344,67362,0,,,,38,220,-1,0,1,0,0,0,0
40,scan,39,0,1342044870737,,1342045015382,1342047277203,36.357,0.3684,0.0001,0.0004,0,0.3724,372,220,-1,220,-1,1,37,1341945078688,1342009513394,64434,0,1,64344,67283,0,,,,39,220,-1,0,1,0,0,0,0
41,scan,40,0,1342095455144,,1342095623989,1342097323010,36.407,0.3833,0.0002,0.0004,0,0.3664,366,220,-1,220,1,1,38,1341994698326,1342057900478,63202,0,1,63202,67175,0,,,,40,220,1,0,1,0,0,0,0
42,scan,41,0,1342145538902,,1342145684282,1342148663888,36.457,0.3908,0.0002,0.0004,0,0.3539,353,220,-1,220,1,1,39,1342044922072,1342109422749,64500,0,1,63202,67107,0,,,,41,220,1,0,1,0,0,0,0
43,scan,42,0,1342195261994,,1342195597439,1342197434694,36.507,0.4058,0.0002,0.0004,0,0.3695,369,220,-1,220,1,1,40,1342095507407,1342160150209,64642,0,1,63202,67045,0,,,,42,220,1,0,1,0,0,0,0
44,scan,43,0,1342245588939,,1342245733831,1342247289741,36.557,0.4132,0.0002,0.0004,0,0.3986,398,220,-1,220,1,1,41,1342145591875,1342209964053,64372,0,1,63202,66981,0,,,,43,220,1,0,1,0,0,0,0
45,scan,44,0,1342296265623,,1342296405562,1342298430609,36.607,0.4282,0.0002,0.0006,0,0.3890,389,220,-2,220,1,1,42,1342195312100,1342260100969,64788,0,1,63202,66906,0,,,,44,220,1,0,1,0,0,0,0
46,scan,45,0,1342345918259,,1342346060693,1342348272667,36.657,0.4357,0.0002,0.0006,0,0.4071,407,220,-2,220,1,1,43,1342245639174,1342313276013,67636,0,1,63202,66920,0,,,,45,220,1,0,0,0,0,0,0
47,scan,46,0,1342395715341,,1342395843609,1342397353511,36.707,0.4507,0.0002,0.0006,0,0.6373,637,220,-2,220,0,1,44,1342296315852,1342363318299,67002,0,1,63202,66910,0,,,,46,220,0,0,0,0,0,0,0
48,scan,47,0,1342445713820,,1342445868792,1342447380700,36.757,0.4581,0.0002,0.0006,0,1.5060,1505,220,-2,220,0,1,45,1342345969733,1342413677972,67708,0,1,63202,66899,0,,,,47,220,0,0,0,0,0,0,0
49,scan,48,0,1342495639396,,1342495779976,1342497422878,36.807,0.4656,0.0002,0.0007,0,1.4945,1494,220,-2,220,0,1,46,1342395754531,1342463603911,67849,0,1,63202,66848,0,,,,48,220,0,0,0,0,0,0,0
50,scan,49,0,1342545803647,,1342545968869,1342548334399,36.857,0.4806,0.0002,0.0007,0,1.4779,1477,220,-2,220,0,1,47,1342445764645,1342513679874,67915,0,1,63202,66852,0,,,,49,220,0,0,0,0,0,0,0
51,scan,50,0,1342595423756,,1342595565792,1342597338678,36.907,0.4881,0.0002,0.0007,0,1.4654,1465,220,-2,220,0,1,48,1342495687729,1342563466484,67778,0,1,63202,66862,0,,,,50,220,0,0,0,0,0,0,0
52,scan,51,0,1342645656498,,1342645842602,1342647319833,36.957,0.5030,0.0002,0.0006,0,1.4727,1472,220,-2,220,0,1,49,1342545867968,1342613660028,67792,0,1,63202,66871,0,,,,51,220,0,0,0,0,0,0,0
53,scan,52,0,1342695855174,,1342696033484,1342698251992,37.007,0.5105,0.0002,0.0007,0,1.4545,1454,220,-2,220,0,1,50,1342595473210,1342662794272,67321,0,1,63202,66859,0,,,,52,220,0,0,0,0,0,0,0
54,scan,53,0,1342746472963,,1342746615905,1342748718604,37.057,0.5254,0.0002,0.0007,0,1.4426,1442,220,-2,220,0,1,51,1342645744093,1342713183516,67439,0,1,63202,66851,0,,,,53,220,0,0,0,0,0,0,0
55,scan,54,0,1342795826063,,1342796052640,1342798234093,37.107,0.5329,0.0002,0.0007,0,1.4166,1416,220,-2,220,0,1,52,1342695904803,1342763371633,67466,0,1,63202,66839,0,,,,54,220,0,0,0,0,0,0,0
56,scan,55,0,1342845906201,,1342846045658,1342848423078,37.157,0.5479,0.0002,0.0007,0,1.4193,1419,220,-2,220,0,1,53,1342746521971,1342814172596,67650,0,1,63202,66852,0,,,,55,220,0,0,0,0,0,0,0
57,scan,56,0,1342896120028,,1342896256149,1342898361549,37.207,0.5554,0.0003,0.0007,0,1.4033,1403,220,-2,220,0,1,54,1342795874817,1342860635114,64760,0,1,63202,66771,0,,,,56,220,0,0,0,0,0,0,0
58,scan,57,0,1342945886496,,1342946108260,1342948410169,37.257,0.5703,0.0003,0.0007,0,1.4060,1405,220,-2,220,0,1,55,1342845954310,1342910401128,64446,0,1,63202,66676,0,,,,57,220,0,0,0,0,0,0,0
59,scan,58,0,1342995867238,,1342996077359,1342998272674,37.307,0.5778,0.0003,0.0007,0,1.3815,1381,220,-2,220,0,1,56,1342896169065,1342960597005,64427,0,1,63202,66585,0,,,,58,220,0,0,0,0,0,0,0
60,scan,59,0,1343045539366,,1343045725404,1343047312355,37.357,0.5928,0.0003,0.0007,0,1.3673,1367,220,-2,220,0,1,57,1342945937902,1343010571277,64633,0,1,63202,66503,0,,,,59,220,0,0,0,0,0,0,0
61,scan,60,0,1343095669346,,1343095813989,1343097342582,37.407,0.6003,0.0003,0.0007,0,1.3663,1366,220,-2,220,0,1,58,1342995949913,1343060662206,64712,0,1,63202,66412,0,,,,60,220,0,0,0,0,0,0,0
62,scan,61,0,1343145779038,,1343145915835,1343147362364,37.457,0.6152,0.0003,0.0007,0,1.3447,1344,220,-2,220,0,1,59,1343045602027,1343110522512,64920,0,1,63202,66344,0,,,,61,220,0,0,0,0,0,0,0
63,scan,62,0,1343195810725,,1343195951740,1343197296629,37.507,0.6227,0.0003,0.0007,0,1.3434,1343,220,-2,220,0,1,60,1343095719273,1343160794640,65075,0,1,63202,66284,0,,,,62,220,0,0,0,0,0,0,0
64,scan,63,0,1343245881065,,1343246008028,1343248462163,37.557,0.6377,0.0003,0.0007,0,1.3173,1317,220,-2,220,0,1,61,1343145823970,1343210853283,65029,0,1,63202,66281,0,,,,63,220,0,0,0,0,0,0,0
65,scan,64,0,1343295826537,,1343295966658,1343298254768,37.607,0.6451,0.0003,0.0007,0,1.3226,1322,220,-2,220,0,1,62,1343195860378,1343263206743,67346,0,1,63202,66353,0,,,,64,220,0,0,0,0,0,0,0
66,scan,65,0,1343345997523,,1343346146693,1343348496695,37.657,0.6526,0.0003,0.0007,0,1.3032,1303,220,-2,220,0,1,63,1343245920875,1343313834268,67913,0,1,63202,66366,0,,,,65,220,0,0,0,0,0,0,0
67,scan,66,0,1343396027737,,1343396179091,1343398291396,37.707,0.6676,0.0003,0.0007,0,1.3023,1302,220,-3,220,0,1,64,1343295875630,1343363104249,67228,0,1,63202,66382,0,,,,66,220,0,0,0,0,0,0,0
68,scan,67,0,1343446322728,,1343446460577,1343448555422,37.757,0.6751,0.0003,0.0007,0,1.2893,1289,220,-3,220,0,1,65,1343346047478,1343413463287,67415,0,1,63202,66395,0,,,,67,220,0,0,0,0,0,0,0
69,scan,68,0,1343496325089,,1343496463434,1343498368942,37.807,0.6900,0.0003,0.0007,0,1.2738,1273,220,-3,220,0,1,66,1343396082506,1343463281452,67198,0,1,63202,66350,0,,,,68,220,0,0,0,0,0,0,0
70,scan,69,0,1343546468910,,1343546722911,1343548512663,37.857,0.6975,0.0003,0.0007,0,1.2587,1258,220,-3,220,0,1,67,1343446373373,1343514116832,67743,0,1,63202,66363,0,,,,69,220,0,0,0,0,0,0,0
71,scan,70,0,1343596417301,,1343596550346,1343598311066,37.907,0.7124,0.0004,0.0007,0,1.2541,1254,220,-3,220,0,1,68,1343496373224,1343564186672,67813,0,1,63202,66445,0,,,,70,220,0,0,0,0,0,0,0
72,scan,71,0,1343646932230,,1343647077491,1343649195253,37.957,0.7199,0.0004,0.0007,0,1.2471,1247,220,-3,220,0,1,69,1343546574820,1343614089629,67514,0,1,63202,66427,0,,,,71,220,0,0,0,0,0,0,0
73,scan,72,0,1343696582553,,1343696702081,1343698323894,38.007,0.7349,0.0004,0.0007,0,1.2207,1220,220,-3,220,0,1,70,1343596462508,1343663086050,66623,0,1,63202,66398,0,,,,72,220,0,0,0,0,0,0,0
74,scan,73,0,1343746913728,,1343747061631,1343749270300,38.057,0.7424,0.0004,0.0007,0,1.2186,1218,220,-3,220,0,1,71,1343646976717,1343714715597,67738,0,1,63202,66427,0,,,,73,220,0,0,0,0,0,0,0
75,scan,74,0,1343796747122,,1343796902283,1343798614923,38.107,0.7573,0.0004,0.0007,0,1.2050,1204,220,-3,220,0,1,72,1343696623497,1343763468594,66845,0,1,63202,66405,0,,,,74,220,0,0,0,0,0,0,0
76,scan,75,0,1343846778249,,1343846901749,1343848505754,38.157,0.7648,0.0004,0.0007,0,1.1968,1196,220,-3,220,0,1,73,1343746972405,1343814751488,67779,0,1,63202,66404,0,,,,75,220,0,0,0,0,0,0,0
77,scan,76,0,1343897036454,,1343897163554,1343899223976,38.207,0.7798,0.0004,0.0007,0,1.1710,1171,220,-3,220,0,1,74,1343796798043,1343864578777,67780,0,1,63202,66412,0,,,,76,220,0,0,0,0,0,0,0
78,scan,77,0,1343946745204,,1343946874345,1343948346529,38.257,0.7873,0.0004,0.0007,0,1.1801,1180,220,-3,220,0,1,75,1343846820664,1343914616200,67795,0,1,63202,66414,0,,,,77,220,0,0,0,0,0,0,0
79,scan,78,0,1343996702073,,1343996836886,1343998331306,38.307,0.8022,0.0004,0.0007,0,1.1472,1147,220,-3,220,0,1,76,1343897081834,1343964501520,67419,0,1,63202,66491,0,,,,78,220,0,0,0,0,0,0,0
80,scan,79,0,1344046735433,,1344046858309,1344048357919,38.357,0.8097,0.0004,0.0007,0,1.1613,1161,220,-3,220,0,1,77,1343946791826,1344014312499,67520,0,1,63202,66568,0,,,,79,220,0,0,0,0,0,0,0
81,scan,80,0,1344097187461,,1344097316060,1344099589298,38.407,0.8246,0.0004,0.0007,0,1.1403,1140,220,-4,220,0,1,78,1343996747114,1344064280974,67533,0,1,63202,66677,0,,,,80,220,0,0,0,0,0,0,0
82,scan,81,0,1344147457606,,1344147613477,1344149365946,38.457,0.8321,0.0004,0.0007,0,1.1323,1132,220,-4,220,0,1,79,1344046778439,1344114386605,67608,0,1,63202,66754,0,,,,81,220,0,0,0,0,0,0,0
83,scan,82,0,1344197578535,,1344197704576,1344199461464,38.507,0.8396,0.0004,0.0007,0,1.1167,1116,220,-4,220,0,1,80,1344097225369,1344164524293,67298,0,1,63202,66821,0,,,,82,220,0,0,0,0,0,0,0
84,scan,83,0,1344247800627,,1344247946437,1344250196788,38.557,0.8546,0.0005,0.0007,0,1.1065,1106,220,-4,220,0,1,81,1344147505255,1344211862908,64357,0,1,63202,66820,0,,,,83,220,0,0,0,0,0,0,0
85,scan,84,0,1344297777274,,1344297911052,1344299371582,38.607,0.8621,0.0005,0.0007,0,1.1034,1103,220,-4,220,0,1,82,1344197624060,1344265430885,67806,0,1,63202,66896,0,,,,84,220,0,0,0,0,0,0,0
86,scan,85,0,1344347697604,,1344347816890,1344349493855,38.657,0.8770,0.0005,0.0007,0,1.0839,1083,220,-4,220,0,1,83,1344247851355,1344314963984,67112,0,1,63202,66883,0,,,,85,220,0,0,0,0,0,0,0
87,scan,86,0,1344397516187,,1344397679197,1344399307762,38.707,0.8845,0.0005,0.0007,0,1.0653,1065,220,-4,220,0,1,84,1344297823375,1344364815554,66992,0,1,63202,66882,0,,,,86,220,0,0,0,0,0,0,0
88,scan,87,0,1344447465687,,1344447628834,1344449358230,38.757,0.8995,0.0005,0.0007,0,1.0632,1063,220,-5,220,0,1,85,1344347740056,1344415177755,67437,0,1,63202,66876,0,,,,87,220,0,0,0,0,0,0,0
89,scan,88,0,1344497574032,,1344497734114,1344499415654,38.807,0.9069,0.0005,0.0007,0,1.0504,1050,220,-5,220,0,1,86,1344397563345,1344464572888,67009,0,1,63202,66855,0,,,,88,220,0,0,0,0,0,0,0
90,scan,89,0,1344547355224,,1344547487682,1344549311726,38.857,0.9219,0.0005,0.0007,0,1.0412,1041,220,-5,220,0,1,87,1344447533215,1344515150206,67616,0,1,63202,66847,0,,,,89,220,0,0,0,0,0,0,0
91,scan,90,0,1344597654231,,1344597794996,1344599387434,38.907,0.9294,0.0005,0.0007,0,1.0369,1036,220,-5,220,0,1,88,1344497622810,1344564839555,67216,0,1,63202,66833,0,,,,90,220,0,0,0,0,0,0,0
92,scan,91,0,1344647374852,,1344647509361,1344649396443,38.957,0.9443,0.0005,0.0007,0,1.0130,1013,220,-5,220,0,1,89,1344547402599,1344615062620,67660,0,1,63202,66830,0,,,,91,220,0,0,0,0,0,0,0
93,scan,92,0,1344697625764,,1344697764949,1344699310208,39.007,0.9518,0.0005,0.0007,0,1.0103,1010,220,-5,220,0,1,90,1344597704553,1344661804001,64099,0,1,63202,66749,0,,,,92,220,0,0,0,0,0,0,0
94,scan,93,0,1344747454643,,1344747578523,1344749432566,39.057,0.9668,0.0005,0.0007,0,0.9837,983,220,-6,220,-8,1,91,1344647420549,1344712075476,64654,0,1,63202,66680,0,,,,93,220,-8,0,0,0,0,0,0
95,scan,94,0,1344798369368,,1344798507046,1344800589200,39.107,0.9743,0.0005,0.0007,0,0.9845,984,220,-6,220,-8,1,92,1344697674874,1344765229684,67554,0,1,63202,66682,0,,,,94,220,-8,0,0,0,0,0,0
96,scan,95,0,1344847792913,,1344847922032,1344850582772,39.157,0.9892,0.0005,0.0004,0,0.9812,981,220,-6,220,-8,1,93,1344747494677,1344814306118,66811,0,1,63202,66661,0,,,,95,220,-8,0,0,0,0,0,0
97,scan,96,0,1344897867286,,1344898005488,1344900499930,39.207,0.9967,0.0005,-0.0000,0,0.9660,966,220,-5,220,-9,1,94,1344798417497,1344865932248,67514,0,1,63202,66730,0,,,,96,220,-9,0,0,0,0,0,0
98,scan,97,0,1344947949347,,1344948115496,1344950353193,39.257,1.0117,0.0005,-0.0008,0,0.9617,961,220,-4,220,-7,1,95,1344847835411,1344915380580,67545,0,1,63202,66807,0,,,,97,220,-7,0,0,0,0,0,0
99,scan,98,0,1344997743945,,1344997880659,1344999264696,39.307,1.0191,0.0005,-0.0010,0,0.9425,942,220,-4,220,-8,1,96,1344897916145,1344965675933,67759,0,1,63202,66890,0,,,,98,220,-8,0,0,0,0,0,0
100,scan,99,0,1345047861550,,1345048014423,1345050203103,39.357,1.0266,0.0005,-0.0012,0,0.9304,930,220,-3,220,-6,1,97,1344947987905,1345016047639,68059,0,1,63202,66976,0,,,,99,220,-6,0,0,0,0,0,0
101,scan,100,0,1345097821489,,1345097959138,1345099316592,39.407,1.0416,0.0005,-0.0017,0,0.9215,921,220,-3,220,-7,1,98,1344997791153,1345065217778,67426,0,1,63202,67044,0,,,,100,220,-7,0,0,0,0,0,0
102,scan,101,0,1345148775111,,1345148938369,1345151207218,39.457,1.0491,0.0005,-0.0020,0,0.9140,914,220,-2,220,-7,1,99,1345047911120,1345115405525,67494,0,1,63202,67108,0,,,,101,220,-7,0,0,0,0,0,0
103,scan,102,0,1345198234826,,1345198371003,1345200388700,39.507,1.0640,0.0004,-0.0025,1,0.9080,907,0,1000,220,5,1,100,1345097869041,1345165348379,67479,0,1,63202,67168,0,,,,102,220,5,0,0,0,0,0,0
104,scan,103,0,1345248310853,,1345248452646,1345250289228,39.557,1.0715,0.0004,-0.0027,1,0.8891,889,0,1000,220,5,1,101,1345148840706,1345213759568,64918,0,1,63202,67166,0,,,,103,220,5,0,0,0,0,0,0
105,scan,104,0,1345298320032,,1345298460218,1345300393075,39.607,1.0865,0.0004,-0.0027,1,0.8797,879,0,1000,0,999,1,102,1345198283267,1345266030749,67747,0,1,63202,67176,0,,,,104,0,999,0,0,0,0,0,0
106,scan,105,0,1345348997584,,1345349210610,1345351637322,39.657,1.0939,0.0004,-0.0024,1,0.8711,871,0,1000,0,999,1,103,1345248362110,1345315225990,66863,0,1,63202,67149,0,,,,105,0,999,0,0,0,0,0,0
107,scan,106,0,1345399115057,,1345399275120,1345401479498,39.707,1.1054,0.0003,-0.0019,1,0.8547,854,0,1000,0,999,1,104,1345298369251,1345365801314,67432,0,1,63202,67154,0,,,,106,0,999,0,0,0,0,0,0
108,scan,107,0,1345449252884,,1345449396544,1345451423185,39.757,1.1095,0.0003,-0.0020,1,0.8574,857,0,1000,0,999,1,105,1345349070289,1345417138990,68068,0,1,63202,67171,0,,,,107,0,999,0,0,0,0,0,0
109,scan,108,0,1345499028172,,1345499152741,1345501324688,39.807,1.1145,0.0003,-0.0010,1,0.8460,845,0,1000,0,999,1,106,1345399165853,1345466430559,67264,0,1,63202,67172,0,,,,108,0,999,0,0,0,0,0,0
110,scan,109,0,1345548876395,,1345549016033,1345551246103,39.857,1.1162,0.0003,0.0063,1,0.8508,850,0,1000,0,999,1,107,1345449301933,1345516652653,67350,0,1,63202,67163,0,,,,109,0,999,0,0,0,0,0,0
111,scan,110,0,1345598585641,,1345598714708,1345600322080,39.907,1.1177,0.0004,0.0543,1,0.8375,837,0,1000,0,999,1,108,1345499070679,1345566429922,67359,0,1,63202,67151,0,,,,110,0,999,0,0,0,0,0,0
112,scan,111,0,1345648630794,,1345648771317,1345650463872,39.957,1.1176,0.0003,0.0932,1,0.8464,846,0,1000,0,999,1,109,1345548926471,1345616517792,67591,0,1,63202,67153,0,,,,111,0,999,0,0,0,0,0,0
113,scan,112,0,1345698571033,,1345698705009,1345700375862,40.007,1.1175,0.0003,0.1737,1,0.8471,847,0,1000,0,999,1,110,1345598628874,1345666523368,67894,0,1,63202,67185,0,,,,112,0,999,0,0,0,0,0,0
114,scan,113,0,1345748667971,,1345748812685,1345750549675,40.057,1.1175,0.0003,0.2058,1,0.8495,849,0,1000,0,999,1,111,1345648680227,1345715275375,66595,0,1,63202,67156,0,,,,113,0,999,0,0,0,0,0,0
115,scan,114,0,1345799467104,,1345799812577,1345802337017,40.107,1.1174,0.0003,0.2643,1,0.8514,851,0,1000,0,999,1,112,1345698614613,1345766174202,67559,0,1,63202,67174,0,,,,114,0,999,0,0,0,0,0,0
116,scan,115,0,1345848726210,,1345848923941,1345851508295,40.157,1.1173,0.0003,0.2983,1,0.8529,852,0,1000,0,999,1,113,1345748714785,1345816903642,68188,0,1,63202,67184,0,,,,115,0,999,0,0,0,0,0,0
117,scan,116,0,1345899157218,,1345899318359,1345901431917,40.207,1.1172,0.0002,0.3355,1,0.8421,842,0,1000,0,999,1,114,1345799594909,1345867313776,67718,0,1,63202,67183,0,,,,116,0,999,0,0,0,0,0,0
118,scan,117,0,1345949098436,,1345949235668,1345951466943,40.257,1.1171,0.0002,0.4071,1,0.8397,839,0,1000,0,999,1,115,1345848774779,1345916497680,67722,0,1,63202,67181,0,,,,117,0,999,0,0,0,0,0,0
119,scan,118,0,1345999230891,,1345999364690,1346001538529,40.307,1.1171,0.0002,0.4393,1,0.8416,841,0,1000,0,999,1,116,1345899209306,1345966543000,67333,0,1,63202,67179,0,,,,118,0,999,0,0,0,0,0,0
120,scan,119,0,1346049600607,,1346049743684,1346051330801,40.357,1.1170,0.0001,0.5041,1,0.8490,848,0,1000,0,999,1,117,1345949146071,1346017044161,67898,0,1,63202,67188,0,,,,119,0,999,0,0,0,0,0,0
121,scan,120,0,1346100053557,,1346100267439,1346102957344,40.407,1.1169,0.0001,0.5388,1,0.8423,842,0,1000,0,999,1,118,1345999277843,1346066614169,67336,0,1,63202,67184,0,,,,120,0,999,0,0,0,0,0,0
122,scan,121,0,1346149740793,,1346149877035,1346151416547,40.457,1.1168,-0.0000,0.6091,1,0.8271,827,0,1000,0,999,1,119,1346049651747,1346117182728,67530,0,1,63202,67182,0,,,,121,0,999,0,0,0,0,0,0
123,scan,122,0,1346199575685,,1346199735382,1346201582227,40.507,1.1168,-0.0000,0.6428,1,0.8411,841,0,1000,0,999,1,120,1346100165481,1346167089343,66923,0,1,63202,67172,0,,,,122,0,999,0,0,0,0,0,0
124,scan,123,0,1346249773182,,1346249973238,1346252337107,40.557,1.1167,-0.0001,0.7089,1,0.8384,838,0,1000,0,999,1,121,1346149789155,1346214529910,64740,0,1,63202,67182,0,,,,123,0,999,0,0,0,0,0,0
125,scan,124,0,1346299464401,,1346299593466,1346302267663,40.607,1.1167,-0.0002,0.7428,1,0.8403,840,0,1000,0,999,1,122,1346199642999,1346266848414,67205,0,1,63202,67167,0,,,,124,0,999,0,0,0,0,0,0
126,scan,125,0,1346349538379,,1346349660120,1346351809978,40.657,1.1166,-0.0003,0.8119,1,0.8321,832,0,1000,0,999,1,123,1346249864548,1346314056896,64192,0,1,63202,67094,0,,,,125,0,999,0,0,0,0,0,0
127,scan,126,0,1346399710775,,1346399903331,1346402492619,40.707,1.1166,-0.0003,0.8460,1,0.8469,846,0,1000,0,999,1,124,1346299509699,1346363659307,64149,0,1,63202,67023,0,,,,126,0,999,0,0,0,0,0,0
128,scan,127,0,1346450014245,,1346450144896,1346452580249,40.757,1.1165,-0.0004,0.9132,1,0.8485,848,0,1000,0,999,1,125,1346349581557,1346416711218,67129,0,1,63202,67015,0,,,,127,0,999,0,0,0,0,0,0
129,scan,128,0,1346499847698,,1346499973743,1346501355947,40.807,1.1165,-0.0005,0.9470,1,0.8544,854,0,1000,0,999,1,126,1346399760358,1346467031644,67271,0,1,63202,67022,0,,,,128,0,999,0,0,0,0,0,0
130,scan,129,0,1346549751545,,1346549874408,1346551338060,40.857,1.1164,-0.0006,1.0153,1,0.6372,637,0,972,0,999,1,127,1346450057919,1346518162699,68104,0,1,63202,67034,0,,,,129,0,999,0,0,0,0,0,0
131,scan,130,0,1346599807755,,1346599949564,1346602290833,40.907,1.1164,-0.0006,1.0494,1,0.5836,583,0,904,0,999,1,128,1346499892371,1346567181233,67288,0,1,63202,67036,0,,,,130,0,999,0,0,0,0,0,0
132,scan,131,0,1346650094105,,1346650225396,1346652495155,40.957,1.1163,-0.0007,1.1171,1,0.5778,577,220,768,0,981,1,129,1346549791328,1346617699454,67908,0,1,63202,67042,0,,,,131,0,981,0,0,0,0,0,0
133,scan,132,0,1346700721469,,1346700885758,1346702435346,41.007,1.1163,-0.0008,1.1509,1,0.5587,558,220,701,0,911,1,130,1346599856596,1346667512511,67655,0,1,63202,67131,0,,,,132,0,911,0,0,0,0,0,0
134,scan,133,0,1346750166189,,1346750370024,1346752595049,41.057,1.1163,-0.0008,1.1846,1,0.5459,545,220,633,219,766,1,131,1346650133588,1346718355218,68221,0,1,63202,67220,0,,,,133,219,766,0,0,0,0,0,0
135,scan,134,0,1346800093145,,1346800239025,1346802375232,41.107,1.1163,-0.0009,1.2485,1,0.5479,547,220,505,220,690,1,132,1346700778468,1346766939148,66160,0,1,63202,67185,0,,,,134,220,690,0,0,0,0,0,0
136,scan,135,0,1346850158642,,1346850335197,1346852506470,41.157,1.1166,0.0001,1.2787,1,0.5408,540,220,445,220,617,1,133,1346750264104,1346816916077,66651,0,1,63202,67181,0,,,,135,220,617,0,0,0,0,0,0
137,scan,136,0,1346899945051,,1346900142035,1346902526314,41.207,1.1180,0.0056,1.3484,1,0.5480,547,220,308,220,489,1,134,1346800144023,1346867101202,66957,0,1,63202,67167,0,,,,136,220,489,0,0,0,0,0,0
138,scan,137,0,1346949928342,,1346950060837,1346952495772,41.257,1.1190,0.0100,1.3866,1,0.5307,530,220,232,220,431,1,135,1346850226413,1346917870405,67643,0,1,63202,67169,0,,,,137,220,431,0,0,0,0,0,0
139,scan,138,0,1347000142689,,1347000290802,1347002426601,41.307,1.1207,0.0219,1.4565,1,0.5243,524,220,94,220,295,1,136,1346899993118,1346967104529,67111,0,1,63202,67153,0,,,,138,220,295,0,0,0,0,0,0
140,scan,139,0,1347050443770,,1347050575688,1347052406145,41.357,1.1214,0.0288,1.4817,1,0.5209,520,220,44,220,221,1,137,1346949976347,1347014806948,64830,0,1,63202,67073,0,,,,139,220,221,0,0,0,0,0,0
141,scan,140,0,1347100521755,,1347100651378,1347102371238,41.407,1.1226,0.0435,1.4989,1,0.5192,519,220,10,220,91,1,138,1347000188459,1347067329433,67140,0,1,63202,67065,0,,,,140,220,91,0,0,0,0,0,0
142,scan,141,0,1347151363482,,1347151532191,1347153442521,41.457,1.1231,0.0510,1.4962,1,0.5071,507,220,16,220,41,1,139,1347050491114,1347118145810,67654,0,1,63202,67069,0,,,,141,220,41,0,0,0,0,0,0
143,scan,142,0,1347201409865,,1347201576248,1347203571233,41.507,1.1242,0.0659,1.5002,1,0.4907,490,220,8,220,11,1,140,1347100565276,1347167410754,66845,0,1,63202,67054,0,,,,142,220,11,0,0,0,0,0,0
144,scan,143,0,1347251742614,,1347251891743,1347254375632,41.557,1.1247,0.0733,1.5059,1,0.4852,485,220,-4,220,16,1,141,1347151411099,1347216521425,65110,0,1,63202,67058,0,,,,143,220,16,0,0,0,0,0,0
145,scan,144,0,1347301573311,,1347301714457,1347303307055,41.607,1.1257,0.0883,1.5085,1,0.4867,486,220,-9,220,8,1,142,1347201459666,1347266211341,64751,0,1,63202,66983,0,,,,144,220,8,0,0,0,0,0,0
146,scan,145,0,1347351525238,,1347351672708,1347353466736,41.657,1.1262,0.0957,1.5057,1,0.4687,468,220,-3,220,-2,1,143,1347251790260,1347316037508,64247,0,1,63202,66918,0,,,,145,220,-2,0,0,0,0,0,0
147,scan,146,0,1347401406252,,1347401546733,1347403453231,41.707,1.1272,0.1106,1.5042,1,0.4530,453,220,0,220,-6,1,144,1347301621691,1347366282080,64660,0,1,63202,66849,0,,,,146,220,-6,0,0,0,0,0,0
148,scan,147,0,1347451194381,,1347451323690,1347453499281,41.757,1.1276,0.1181,1.5061,1,0.4529,452,220,-4,220,-3,1,145,1347351573759,1347417510078,65936,0,1,63202,66795,0,,,,147,220,-3,0,0,0,0,0,0
149,scan,148,0,1347502164601,,1347502424892,1347504653188,41.807,1.1286,0.1330,1.5074,1,0.4433,443,220,-7,220,1,1,146,1347401451625,1347465278978,63827,0,1,63202,66710,0,,,,148,220,1,0,0,0,0,0,0
150,scan,149,0,1347551433980,,1347551585416,1347553364326,41.857,1.1291,0.1405,1.5062,1,0.4315,431,220,-4,220,-2,1,147,1347451240331,1347514863514,63623,0,1,63202,66616,0,,,,149,220,-2,0,0,0,0,0,0
151,scan,150,0,1347602070932,,1347602205919,1347604493939,41.907,1.1296,0.1480,1.5049,1,0.4334,433,220,-2,220,-4,1,148,1347502245340,1347566694236,64448,0,1,63202,66544,0,,,,150,220,-4,0,0,0,0,0,0
152,scan,151,0,1347651540220,,1347651718252,1347653416813,41.957,1.1306,0.1629,1.5053,1,0.4120,412,220,-3,220,-3,1,149,1347551483934,1347615659005,64175,0,1,63202,66458,0,,,,151,220,-3,0,0,0,0,0,0
153,scan,152,0,1347701550840,,1347701702219,1347703370486,42.007,1.1310,0.1704,1.5061,1,0.4205,420,220,-4,220,0,1,150,1347602117628,1347669303393,67185,0,1,63202,66440,0,,,,152,220,0,0,0,0,0,0,0
154,scan,153,0,1347751637897,,1347751785996,1347754340041,42.057,1.1320,0.1853,1.5058,1,0.4051,405,220,-4,220,0,1,151,1347651587756,1347719402802,67815,0,1,63202,66471,0,,,,153,220,0,0,0,0,0,0,0
155,scan,154,0,1347801493935,,1347801627892,1347803768112,42.107,1.1325,0.1928,1.5052,1,0.3817,381,220,-3,220,-3,1,152,1347701597797,1347769147465,67549,0,1,63202,66471,0,,,,154,220,-3,0,1,0,0,0,0
156,scan,155,0,1347851422551,,1347851582831,1347853396640,42.157,1.1335,0.2077,1.5051,1,0.3849,384,220,-2,220,-3,1,153,1347751688452,1347819296163,67607,0,1,63202,66456,0,,,,155,220,-3,0,1,0,0,0,0
157,scan,156,0,1347901263889,,1347901399994,1347903370921,42.207,1.1340,0.2152,1.5055,1,0.3624,362,220,-3,220,0,1,154,1347801540294,1347868861873,67321,0,1,63202,66446,0,,,,156,220,0,0,1,0,0,0,0
158,scan,157,0,1347951333198,,1347951462057,1347953463730,42.257,1.1350,0.2301,1.5053,1,0.3729,372,220,-3,220,-2,1,155,1347851476924,1347919283844,67806,0,1,63202,66448,0,,,,157,220,-2,0,1,0,0,0,0
159,scan,158,0,1348002297944,,1348002454593,1348004581605,42.307,1.1355,0.2376,1.5050,1,0.3689,368,220,-2,220,-1,1,156,1347901311728,1347968856478,67544,0,1,63202,66454,0,,,,158,220,-1,0,1,0,0,0,0
160,scan,159,0,1348052943347,,1348053086125,1348055595689,42.357,1.1364,0.2525,1.5049,1,0.3516,351,220,-2,220,-1,1,157,1347951377308,1348019025860,67648,0,1,63202,66447,0,,,,159,220,-1,0,1,0,0,0,0
161,scan,160,0,1348102490025,,1348102833288,1348104776146,42.407,1.1369,0.2600,1.5050,1,0.3514,351,220,-2,220,-2,1,158,1348002350168,1348070386600,68036,0,1,63202,66465,0,,,,160,220,-2,0,1,0,0,0,0
162,scan,161,0,1348152572352,,1348152704039,1348154533824,42.457,1.1379,0.2749,1.5051,1,0.3409,340,220,-3,220,-2,1,159,1348052993670,1348118037719,65044,0,1,63202,66403,0,,,,161,220,-2,0,1,0,0,0,0
163,scan,162,0,1348202968847,,1348203110432,1348205250653,42.507,1.1384,0.2824,1.5049,1,0.3307,330,220,-2,220,-1,1,160,1348102542379,1348166951585,64409,0,1,63202,66340,0,,,,162,220,-1,0,1,0,0,0,0
164,scan,163,0,1348252570716,,1348252705735,1348254335822,42.557,1.1394,0.2973,1.5046,1,0.3343,334,220,-2,220,-1,1,161,1348152614125,1348217066972,64452,0,1,63202,66333,0,,,,163,220,-1,0,1,0,0,0,0
165,scan,164,0,1348302774422,,1348302929381,1348306389216,42.607,1.1399,0.3047,1.5047,1,0.3361,336,220,-2,220,-2,1,162,1348203017428,1348270872758,67855,0,1,63202,66349,0,,,,164,220,-2,0,1,0,0,0,0
166,scan,165,0,1348352639631,,1348352823413,1348354434350,42.657,1.1409,0.3196,1.5048,1,0.3306,330,220,-2,220,-2,1,163,1348252614356,1348318947462,66333,0,1,63202,66402,0,,,,165,220,-2,0,1,0,0,0,0
167,scan,166,0,1348402599261,,1348402750118,1348404682504,42.707,1.1414,0.3271,1.5047,1,0.3248,324,220,-2,220,-1,1,164,1348302821208,1348370122807,67301,0,1,63202,66481,0,,,,166,220,-1,0,1,0,0,0,0
168,scan,167,0,1348452525734,,1348452658433,1348454400839,42.757,1.1419,0.3346,1.5045,1,0.3166,316,220,-2,220,-1,1,165,1348352688733,1348419206941,66518,0,1,63202,66466,0,,,,167,220,-1,0,1,0,0,0,0
169,scan,168,0,1348502373197,,1348502505763,1348504465420,42.807,1.1429,0.3495,1.5044,1,0.3152,315,220,-1,220,-2,1,166,1348402651832,1348470174953,67523,0,1,63202,66472,0,,,,168,220,-2,0,1,0,0,0,0
170,scan,169,0,1348552291264,,1348552437979,1348554336766,42.857,1.1434,0.3570,1.5044,1,0.3215,321,220,-1,220,-1,1,167,1348452571975,1348519647773,67075,0,1,63202,66447,0,,,,169,220,-1,0,1,0,0,0,0
171,scan,170,0,1348602363708,,1348602505374,1348604406076,42.907,1.1443,0.3719,1.5044,1,0.3158,315,220,-1,220,1,1,168,1348502418183,1348569873876,67455,0,1,63202,66451,0,,,,170,220,1,0,1,0,0,0,0
172,scan,171,0,1348652411113,,1348652572742,1348654302889,42.957,1.1448,0.3793,1.5043,1,0.2930,292,220,-1,220,0,1,169,1348552335773,1348619232490,66896,0,1,63202,66425,0,,,,171,220,0,0,1,0,0,0,0
173,scan,172,0,1348702237777,,1348702367272,1348704500648,43.007,1.1458,0.3943,1.5042,1,0.2969,296,220,-1,220,0,1,170,1348602406373,1348670023605,67617,0,1,63202,66424,0,,,,172,220,0,0,1,0,0,0,0
174,scan,173,0,1348752565974,,1348752731063,1348754378645,43.057,1.1463,0.4017,1.5043,1,0.3113,311,220,-1,220,1,1,171,1348652459534,1348720946040,68486,0,1,63202,66431,0,,,,173,220,1,0,1,0,0,0,0
175,scan,174,0,1348802483981,,1348802624608,1348804336678,43.107,1.1473,0.4167,1.5044,1,0.3220,321,220,-1,220,1,1,172,1348702280685,1348770471028,68190,0,1,63202,66482,0,,,,174,220,1,0,1,0,0,0,0
176,scan,175,0,1348852615626,,1348852759662,1348854404338,43.157,1.1478,0.4241,1.5044,1,0.3282,328,220,-1,220,0,1,173,1348752630714,1348820237733,67607,0,1,63202,66506,0,,,,175,220,0,0,1,0,0,0,0
177,scan,176,0,1348902324840,,1348902474728,1348904363544,43.207,1.1488,0.4391,1.5044,1,0.3296,329,220,-2,220,0,1,174,1348802531721,1348869851758,67320,0,1,63202,66515,0,,,,176,220,0,0,1,0,0,0,0
178,scan,177,0,1348952546032,,1348952684319,1348954340189,43.257,1.1493,0.4465,1.5045,1,0.3380,338,220,-2,220,1,1,175,1348852663127,1348919517053,66853,0,1,63202,66495,0,,,,177,220,1,0,1,0,0,0,0
179,scan,178,0,1349002667425,,1349002804231,1349004517783,43.307,1.1503,0.4615,1.5045,1,1.0468,1046,220,-2,220,1,1,176,1348902374007,1348969691749,67317,0,1,63202,66500,0,,,,178,220,1,0,0,0,0,0,0
180,scan,179,0,1349052481714,,1349052608308,1349054820690,43.357,1.1508,0.4689,1.5045,1,1.0085,1008,220,-2,220,0,1,177,1348952593247,1349019317112,66723,0,1,63202,66548,0,,,,179,220,0,0,0,0,0,0,0
181,scan,180,0,1349102298306,,1349102432846,1349104418839,43.407,1.1518,0.4839,1.5046,1,1.0172,1017,220,-2,220,0,1,178,1349002711168,1349067160015,64448,0,1,63202,66480,0,,,,180,220,0,0,0,0,0,0,0
182,scan,181,0,1349152701734,,1349152916969,1349155573355,43.457,1.1523,0.4913,1.5046,1,1.0220,1021,220,-2,220,1,1,179,1349052524957,1349116563071,64038,0,1,63202,66390,0,,,,181,220,1,0,0,0,0,0,0
183,scan,182,0,1349203061445,,1349203190201,1349205531327,43.507,1.1533,0.5062,1.5045,1,1.0272,1027,220,-2,220,-1,1,180,1349102339988,1349169790592,67450,0,1,63202,66405,0,,,,182,220,-1,0,0,0,0,0,0
184,scan,183,0,1349252926995,,1349253063719,1349255211691,43.557,1.1538,0.5137,1.5045,1,1.0272,1027,220,-2,220,-2,1,181,1349152747242,1349217207306,64460,0,1,63202,66389,0,,,,183,220,-2,0,0,0,0,0,0
185,scan,184,0,1349302956215,,1349303104243,1349305417389,43.607,1.1543,0.5212,1.5046,1,1.0194,1019,220,-2,220,-2,1,182,1349203098886,1349272132366,69033,0,1,63202,66496,0,,,,184,220,-2,0,0,0,0,0,0
186,scan,185,0,1349353009602,,1349353162431,1349355348584,43.657,1.1553,0.5361,1.5045,1,1.0273,1027,220,-2,220,-1,1,183,1349252974144,1349320483402,67509,0,1,63202,66577,0,,,,185,220,-1,0,0,0,0,0,0
187,scan,186,0,1349403163391,,1349403305088,1349405335638,43.707,1.1557,0.5435,1.5044,1,1.0201,1020,220,-2,220,-2,1,184,1349303005474,1349370703796,67698,0,1,63202,66653,0,,,,186,220,-2,0,0,0,0,0,0
188,scan,187,0,1349453146693,,1349453311034,1349455449542,43.757,1.1567,0.5585,1.5042,1,1.0154,1015,220,-2,220,-2,1,185,1349353056997,1349420718306,67661,0,1,63202,66696,0,,,,187,220,-2,0,0,0,0,0,0
189,scan,188,0,1349503019220,,1349503170877,1349505322530,43.807,1.1572,0.5659,1.5042,1,1.0192,1019,220,-2,220,1,1,186,1349403213550,1349470908695,67695,0,1,63202,66793,0,,,,188,220,1,0,0,0,0,0,0
190,scan,189,0,1349552761336,,1349552923146,1349554497930,43.857,1.1582,0.5809,1.5041,1,1.0086,1008,220,-1,220,1,1,187,1349453213459,1349521113396,67899,0,1,63202,66900,0,,,,189,220,1,0,0,0,0,0,0
191,scan,190,0,1349602934021,,1349603134069,1349605442250,43.907,1.1587,0.5883,1.5041,1,1.0139,1013,220,-1,220,0,1,188,1349503067930,1349570253365,67185,0,1,63202,66968,0,,,,190,220,0,0,0,0,0,0,0
192,scan,191,0,1349652831468,,1349652978115,1349654354127,43.957,1.1597,0.6033,1.5043,1,1.0275,1027,220,-2,220,0,1,189,1349552810813,1349620536816,67726,0,1,63202,67057,0,,,,191,220,0,0,0,0,0,0,0
193,scan,192,0,1349703380039,,1349703523841,1349705415205,44.007,1.1602,0.6107,1.5043,1,1.0247,1024,220,-2,220,1,1,190,1349603021720,1349670275907,67254,0,1,63202,67059,0,,,,192,220,1,0,0,0,0,0,0
194,scan,193,0,1349753272237,,1349753408413,1349755418650,44.057,1.1612,0.6257,1.5042,1,1.0009,1000,220,-2,220,1,1,191,1349652879120,1349720493236,67614,0,1,63202,67054,0,,,,193,220,1,0,0,0,0,0,0
195,scan,194,0,1349803643417,,1349803796490,1349805425569,44.107,1.1617,0.6331,1.5042,1,1.0146,1014,220,-2,220,0,1,192,1349703431812,1349767798138,64366,0,1,63202,66974,0,,,,194,220,0,0,0,0,0,0,0
196,scan,195,0,1349853813603,,1349853973051,1349856234838,44.157,1.1627,0.6480,1.5044,1,1.0109,1010,220,-2,220,0,1,193,1349753317871,1349817551456,64233,0,1,63202,66890,0,,,,195,220,0,0,0,0,0,0,0
197,scan,196,0,1349903997072,,1349904160191,1349906483093,44.207,1.1632,0.6555,1.5044,1,1.0147,1014,220,-2,220,1,1,194,1349803704452,1349871501111,67796,0,1,63202,66902,0,,,,196,220,1,0,0,0,0,0,0
198,scan,197,0,1349953833566,,1349953975130,1349956375632,44.257,1.1642,0.6704,1.5043,1,1.0070,1006,220,-2,220,1,1,195,1349853867546,1349921388152,67520,0,1,63202,66895,0,,,,197,220,1,0,0,0,0,0,0
199,scan,198,0,1350003911196,,1350004073627,1350006221022,44.307,1.1647,0.6779,1.5043,1,0.9957,995,220,-2,220,0,1,196,1349904067470,1349971384459,67316,0,1,63202,66889,0,,,,198,220,0,0,0,0,0,0,0
200,scan,199,0,1350054562742,,1350054694873,1350056393811,44.357,1.1657,0.6928,1.5045,1,1.0012,1001,220,-2,220,0,1,197,1349953882211,1350021508046,67625,0,1,63202,66888,0,,,,199,220,0,0,0,0,0,0,0
201,scan,200,0,1350104547633,,1350104692810,1350106307341,44.407,1.1662,0.7003,1.5045,1,1.0048,1004,220,-3,220,1,1,198,1350003957060,1350071257350,67300,0,1,63202,66870,0,,,,200,220,1,0,0,0,0,0,0
202,scan,201,0,1350154343813,,1350154482077,1350156536390,44.457,1.1667,0.7077,1.5045,1,1.0114,1011,220,-3,220,1,1,199,1350054601426,1350122503877,67902,0,1,63202,66941,0,,,,201,220,1,0,0,0,0,0,0
203,scan,202,0,1350204598890,,1350204739546,1350206348663,44.507,1.1677,0.7227,1.5044,1,0.9980,998,220,-3,220,-2,1,200,1350104598452,1350171450303,66851,0,1,63202,67002,0,,,,202,220,-2,0,0,0,0,0,0
204,scan,203,0,1350254500219,,1350254640643,1350256489851,44.557,1.1682,0.7301,1.5045,1,1.0013,1001,220,-3,220,1,1,201,1350154391772,1350219327283,64935,0,1,63202,67015,0,,,,203,220,1,0,0,0,0,0,0
205,scan,204,0,1350304515425,,1350304652911,1350306490246,44.607,1.1692,0.7451,1.5046,1,1.0071,1007,220,-3,220,1,1,202,1350204647373,1350269504251,64856,0,1,63202,66940,0,,,,204,220,1,0,0,0,0,0,0
206,scan,205,0,1350354405744,,1350354546050,1350357395344,44.657,1.1696,0.7525,1.5045,1,0.9934,993,220,-3,220,-1,1,203,1350254547974,1350319275710,64727,0,1,63202,66899,0,,,,205,220,-1,0,0,0,0,0,0
207,scan,206,0,1350404180063,,1350404325560,1350406422972,44.707,1.1706,0.7675,1.5046,1,0.9885,988,220,-3,220,-3,1,204,1350304563947,1350370887023,66323,0,1,63202,66875,0,,,,206,220,-3,0,0,0,0,0,0
208,scan,207,0,1350454492038,,1350454633582,1350456396773,44.757,1.1711,0.7749,1.5046,1,1.0100,1009,220,-3,220,-1,1,205,1350354454676,1350421674513,67219,0,1,63202,66893,0,,,,207,220,-1,0,0,0,0,0,0
209,scan,208,0,1350504758120,,1350504898499,1350507286355,44.807,1.1721,0.7899,1.5044,1,1.0003,1000,220,-3,220,0,1,206,1350404228039,1350471394780,67166,0,1,63202,66884,0,,,,208,220,0,0,0,0,0,0,0
210,scan,209,0,1350554835861,,1350554976562,1350557445485,44.857,1.1726,0.7973,1.5043,1,1.0098,1009,220,-3,220,-3,1,207,1350454540993,1350521970136,67429,0,1,63202,66892,0,,,,209,220,-3,0,0,0,0,0,0
211,scan,210,0,1350604433276,,1350604572670,1350606343517,44.907,1.1736,0.8122,1.5043,1,1.0083,1008,220,-3,220,-1,1,208,1350504805854,1350571428327,66622,0,1,63202,66872,0,,,,210,220,-1,0,0,0,0,0,0
212,scan,211,0,1350654662775,,1350654805126,1350656495251,44.957,1.1741,0.8197,1.5043,1,0.9995,999,220,-3,220,1,1,209,1350554884317,1350621601459,66717,0,1,63202,66867,0,,,,211,220,1,0,0,0,0,0,0
213,scan,212,0,1350704779280,,1350704935413,1350706396382,45.007,1.1751,0.8346,1.5040,1,1.0032,1003,220,-3,220,1,1,210,1350604479264,1350670439422,65960,0,1,63202,66826,0,,,,212,220,1,0,0,0,0,0,0
214,scan,213,0,1350754725760,,1350754869059,1350756545273,45.057,1.1756,0.8421,1.5040,1,0.9882,988,220,-3,220,-1,1,211,1350654713625,1350722363107,67649,0,1,63202,66805,0,,,,213,220,-1,0,0,0,0,0,0
215,scan,214,0,1350804545567,,1350804679210,1350806347141,45.107,1.1766,0.8570,1.5043,1,0.9947,994,220,-3,220,-1,1,212,1350704824528,1350772448634,67624,0,1,63202,66791,0,,,,214,220,-1,0,0,0,0,0,0
216,scan,215,0,1350854657144,,1350854793247,1350856467530,45.157,1.1771,0.8645,1.5043,1,0.9859,985,220,-3,220,1,1,213,1350754776075,1350822703572,67927,0,1,63202,66799,0,,,,215,220,1,0,0,0,0,0,0
217,scan,216,0,1350904405039,,1350904529794,1350906310706,45.207,1.1781,0.8794,1.5041,1,0.9880,987,220,-3,220,1,1,214,1350804588352,1350871535072,66946,0,1,63202,66789,0,,,,216,220,1,0,0,0,0,0,0
218,scan,217,0,1350954842127,,1350954981152,1350957293596,45.257,1.1786,0.8869,1.5040,1,0.9948,994,220,-3,220,-1,1,215,1350854704885,1350922004891,67300,0,1,63202,66800,0,,,,217,220,-1,0,0,0,0,0,0
219,scan,218,0,1351004743540,,1351004872729,1351006863116,45.307,1.1791,0.8943,1.5041,1,0.9943,994,220,-3,220,-1,1,216,1350904441214,1350970793546,66352,0,1,63202,66776,0,,,,218,220,-1,0,0,0,0,0,0
220,scan,219,0,1351055019698,,1351055183819,1351057278482,45.357,1.1801,0.9093,1.5043,1,0.9880,988,220,-4,220,1,1,217,1350954892653,1351022394995,67502,0,1,63202,66796,0,,,,219,220,1,0,0,0,0,0,0
221,scan,220,0,1351104822107,,1351104954627,1351107177601,45.407,1.1806,0.9167,1.5042,1,0.9827,982,220,-4,220,-2,1,218,1351004790801,1351072149969,67359,0,1,63202,66869,0,,,,220,220,-2,0,0,0,0,0,0
222,scan,221,0,1351154914422,,1351155028707,1351157327756,45.457,1.1816,0.9317,1.5040,1,0.9746,974,220,-3,220,-2,1,219,1351055070507,1351122606658,67536,0,1,63202,66956,0,,,,221,220,-2,0,0,0,0,0,0
223,scan,222,0,1351204900131,,1351205045605,1351207195013,45.507,1.1821,0.9391,1.5040,1,0.9896,989,220,-4,220,1,1,220,1351104868085,1351172072575,67204,0,1,63202,66950,0,,,,222,220,1,0,0,0,0,0,0
224,scan,223,0,1351254838060,,1351254972158,1351256487499,45.557,1.1831,0.9540,1.5039,1,0.9803,980,220,-4,220,1,1,221,1351154959602,1351219172332,64212,0,1,63202,66944,0,,,,223,220,1,0,0,0,0,0,0
225,scan,224,0,1351305041749,,1351305174684,1351307266356,45.607,1.1836,0.9615,1.5039,1,0.9860,985,220,-4,220,-2,1,222,1351204949868,1351272758854,67808,0,1,63202,66913,0,,,,224,220,-2,0,0,0,0,0,0
226,scan,225,0,1351355065841,,1351355204204,1351357380605,45.657,1.1846,0.9764,1.5040,1,0.9920,991,220,-4,220,-2,1,223,1351254882661,1351321882646,66999,0,1,63202,66900,0,,,,225,220,-2,0,0,0,0,0,0
227,scan,226,0,1351405715538,,1351405853810,1351407481762,45.707,1.1851,0.9839,1.5040,1,0.9774,977,220,-4,220,1,1,224,1351305088789,1351372476864,67388,0,1,63202,66893,0,,,,226,220,1,0,0,0,0,0,0
228,scan,227,0,1351455997112,,1351456169887,1351458234999,45.757,1.1861,0.9988,1.5038,1,0.9687,968,220,-4,220,2,1,225,1351355114158,1351422947927,67833,0,1,63202,66897,0,,,,227,220,2,0,0,0,0,0,0
229,scan,228,0,1351506008615,,1351506174083,1351508346909,45.807,1.1866,1.0063,1.5037,1,0.9555,955,220,-4,220,-3,1,226,1351405762574,1351473371345,67608,0,1,63202,66895,0,,,,228,220,-3,0,0,0,0,0,0
230,scan,229,0,1351555643149,,1351555769939,1351557453991,45.857,1.1876,1.0212,1.5040,1,0.9462,946,220,-5,220,-4,1,227,1351456077939,1351523367172,67289,0,1,63202,66879,0,,,,229,220,-4,0,0,0,0,0,0
231,scan,230,0,1351605650262,,1351605807796,1351607385491,45.907,1.1881,1.0287,1.5040,1,0.9376,937,220,-5,220,1,1,228,1351506055748,1351573813459,67757,0,1,63202,66894,0,,,,230,220,1,0,0,0,0,0,0
232,scan,231,0,1351655611006,,1351655752484,1351657537182,45.957,1.1891,1.0436,1.5035,1,0.9239,923,220,-5,220,1,1,229,1351555681977,1351623577121,67895,0,1,63202,66898,0,,,,231,220,1,0,0,0,0,0,0
233,scan,232,0,1351705769858,,1351705930436,1351707365168,46.007,1.1896,1.0511,1.5034,2,0.9004,900,0,1000,220,-5,1,230,1351605705666,1351673358894,67653,0,1,63202,66908,0,,,,232,220,-5,0,0,0,0,0,0
234,scan,233,0,1351756030333,,1351756167147,1351758239760,46.057,1.1906,1.0660,1.5038,2,0.8933,893,0,1000,220,-5,1,231,1351655663388,1351723097746,67434,0,1,63202,66903,0,,,,233,220,-5,0,0,0,0,0,0
235,scan,234,0,1351805702885,,1351805833265,1351807287586,46.107,1.1911,1.0735,1.5037,2,0.8939,893,0,1000,0,999,1,232,1351705826986,1351773056317,67229,0,1,63202,66975,0,,,,234,0,999,0,0,0,0,0,0
236,scan,235,0,1351855823898,,1351855954280,1351858449336,46.157,1.1916,1.0809,1.5034,2,0.8758,875,0,1000,0,999,1,233,1351756074062,1351824148672,68074,0,1,63202,67071,0,,,,235,0,999,0,0,0,0,0,0
237,scan,236,0,1351905798295,,1351905927040,1351908472193,46.207,1.1923,1.0924,1.5096,2,0.8709,870,0,1000,0,999,1,234,1351805749613,1351872881037,67131,0,1,63202,67054,0,,,,236,0,999,0,0,0,0,0,0
238,scan,237,0,1351956084854,,1351956215725,1351958342375,46.257,1.1926,1.0964,1.5191,2,0.8686,868,0,1000,0,999,1,235,1351855868613,1351923173935,67305,0,1,63202,67049,0,,,,237,0,999,0,0,0,0,0,0
239,scan,238,0,1352005827296,,1352005955342,1352007298246,46.307,1.1928,1.1012,1.5372,2,0.8672,867,0,1000,0,999,1,236,1351905841995,1351974189191,68347,0,1,63202,67075,0,,,,238,0,999,0,0,0,0,0,0
240,scan,239,0,1352056123948,,1352056260069,1352058295083,46.357,1.1928,1.1025,1.5460,2,0.8613,861,0,1000,0,999,1,237,1351956130967,1352023140354,67009,0,1,63202,67059,0,,,,239,0,999,0,0,0,0,0,0
241,scan,240,0,1352105861215,,1352105985663,1352107327704,46.407,1.1928,1.1036,1.5915,2,0.8619,861,0,1000,0,999,1,238,1352005871287,1352073083374,67212,0,1,63202,67057,0,,,,240,0,999,0,0,0,0,0,0
242,scan,241,0,1352156990332,,1352157116373,1352159406330,46.457,1.1929,1.1035,1.6328,2,0.8614,861,0,1000,0,999,1,239,1352056171544,1352123232917,67061,0,1,63202,67036,0,,,,241,0,999,0,0,0,0,0,0
243,scan,242,0,1352206365858,,1352206497110,1352208397237,46.507,1.1929,1.1034,1.7185,2,0.8681,868,0,1000,0,999,1,240,1352105901071,1352173476371,67575,0,1,63202,67054,0,,,,242,0,999,0,0,0,0,0,0
244,scan,243,0,1352256649160,,1352256778225,1352258355805,46.557,1.1929,1.1033,1.7494,2,0.8666,866,0,1000,0,999,1,241,1352157037348,1352221512766,64475,0,1,63202,67043,0,,,,243,0,999,0,0,0,0,0,0
245,scan,244,0,1352306437614,,1352306562824,1352308556987,46.607,1.1929,1.1032,1.8042,2,0.8667,866,0,1000,0,999,1,242,1352206412319,1352274135207,67722,0,1,63202,67114,0,,,,244,0,999,0,0,0,0,0,0
246,scan,245,0,1352356591372,,1352356718978,1352359443466,46.657,1.1929,1.1031,1.8385,2,0.8537,853,0,1000,0,999,1,243,1352256694598,1352324137480,67442,0,1,63202,67182,0,,,,245,0,999,0,0,0,0,0,0
247,scan,246,0,1352406394512,,1352406522308,1352408384590,46.707,1.1930,1.1030,1.9153,2,0.8651,865,0,1000,0,999,1,244,1352306479150,1352373510907,67031,0,1,63202,67200,0,,,,246,0,999,0,0,0,0,0,0
248,scan,247,0,1352456467439,,1352456613449,1352458384747,46.757,1.1930,1.1030,1.9500,2,0.8565,856,0,1000,0,999,1,245,1352356638008,1352424800625,68162,0,1,63202,67224,0,,,,247,0,999,0,0,0,0,0,0
249,scan,248,0,1352506413528,,1352506534780,1352508327749,46.807,1.1930,1.1029,2.0122,2,0.8523,852,0,1000,0,999,1,246,1352406439571,1352473928794,67489,0,1,63202,67232,0,,,,248,0,999,0,0,0,0,0,0
250,scan,249,0,1352556568879,,1352556699588,1352558317900,46.857,1.1931,1.1028,2.0449,2,0.8631,863,0,1000,0,999,1,247,1352456510925,1352523315280,66804,0,1,63202,67216,0,,,,249,0,999,0,0,0,0,0,0
251,scan,250,0,1352607477940,,1352607746905,1352610351772,46.907,1.1931,1.1027,2.1161,2,0.8557,855,0,1000,0,999,1,248,1352506452732,1352573789612,67336,0,1,63202,67234,0,,,,250,0,999,0,0,0,0,0,0
252,scan,251,0,1352657229333,,1352657379779,1352659606612,46.957,1.1932,1.1027,2.1513,2,0.8630,863,0,1000,0,999,1,249,1352556614870,1352621409638,64794,0,1,63202,67186,0,,,,251,0,999,0,0,0,0,0,0
253,scan,252,0,1352707241121,,1352707372669,1352709493392,47.007,1.1932,1.1026,2.1848,2,0.8582,858,0,1000,0,999,1,250,1352607563967,1352675274456,67710,0,1,63202,67230,0,,,,252,0,999,0,0,0,0,0,0
254,scan,253,0,1352757184345,,1352757323008,1352759586518,47.057,1.1933,1.1026,2.2502,2,0.8458,845,0,1000,0,999,1,251,1352657282410,1352721370323,64087,0,1,63202,67141,0,,,,253,0,999,0,0,0,0,0,0
255,scan,254,0,1352807322164,,1352807475676,1352809552457,47.107,1.1933,1.1025,2.2842,2,0.8411,841,0,1000,0,999,1,252,1352707289168,1352771775803,64486,0,1,63202,67062,0,,,,254,0,999,0,0,0,0,0,0
256,scan,255,0,1352857334123,,1352857498698,1352859586843,47.157,1.1934,1.1024,2.3537,2,0.8512,851,0,1000,0,999,1,253,1352757234975,1352821841133,64606,0,1,63202,66979,0,,,,255,0,999,0,0,0,0,0,0
257,scan,256,0,1352907400144,,1352907529536,1352909628775,47.207,1.1935,1.1024,2.3879,2,0.8566,856,0,1000,0,999,1,254,1352807367292,1352871770614,64403,0,1,63202,66915,0,,,,256,0,999,0,0,0,0,0,0
258,scan,257,0,1352957014417,,1352957139886,1352959415416,47.257,1.1936,1.1023,2.4547,2,0.8606,860,0,1000,0,999,1,255,1352857390031,1352921785786,64395,0,1,63202,66843,0,,,,257,0,999,0,0,0,0,0,0
259,scan,258,0,1353007435917,,1353007569329,1353009513910,47.307,1.1936,1.1023,2.4884,2,0.8626,862,0,1000,0,999,1,256,1352907445938,1352975155685,67709,0,1,63202,66877,0,,,,258,0,999,0,0,0,0,0,0
260,scan,259,0,1353057450889,,1353057628489,1353059480305,47.357,1.1937,1.1022,2.5569,2,0.8757,875,0,1000,0,999,1,257,1352957056137,1353024732804,67676,0,1,63202,66881,0,,,,259,0,999,0,0,0,0,0,0
261,scan,260,0,1353107448959,,1353107581285,1353109473098,47.407,1.1938,1.1022,2.5910,2,0.8825,882,0,1000,0,999,1,258,1353007481477,1353071636120,64154,0,1,63202,66801,0,,,,260,0,999,0,0,0,0,0,0
262,scan,261,0,1353157428501,,1353157546142,1353159479407,47.457,1.1939,1.1022,2.6585,2,0.8828,882,0,884,0,998,1,259,1353057492454,1353122132456,64640,0,1,63202,66729,0,,,,261,0,998,0,0,0,0,0,0
263,scan,262,0,1353207784600,,1353207953080,1353210216576,47.507,1.1939,1.1021,2.6922,2,0.9157,915,0,817,0,996,1,260,1353107494612,1353175015690,67521,0,1,63202,66737,0,,,,262,0,996,0,0,0,0,0,0
264,scan,263,0,1353257594267,,1353257735984,1353259543868,47.557,1.1940,1.1021,2.7602,2,0.9228,922,220,681,0,889,1,261,1353157470730,1353221663730,64193,0,1,63202,66736,0,,,,263,0,889,0,0,0,0,0,0
265,scan,264,0,1353307597005,,1353307731271,1353309600604,47.607,1.1941,1.1021,2.7942,2,0.9463,946,220,613,2,817,1,262,1353207836359,1353272104323,64267,0,1,63202,66648,0,,,,264,2,817,0,0,0,0,0,0
266,scan,265,0,1353357696640,,1353357817629,1353359482704,47.657,1.1941,1.1021,2.8572,2,0.9572,957,220,487,220,670,1,263,1353257644330,1353321862358,64218,0,1,63202,66578,0,,,,265,220,670,0,0,0,0,0,0
267,scan,266,0,1353407514319,,1353407645154,1353409466310,47.707,1.1941,1.1021,2.8832,2,0.9818,981,220,435,220,597,1,264,1353307644572,1353372097911,64453,0,1,63202,66505,0,,,,266,220,597,0,0,0,0,0,0
268,scan,267,0,1353457888039,,1353458023050,1353460342474,47.757,1.1908,1.1029,2.9417,2,0.6015,601,220,319,220,471,1,265,1353357736773,1353422108146,64371,0,1,63202,66418,0,,,,267,220,471,0,0,0,0,0,0
269,scan,268,0,1353507660719,,1353507783376,1353510508489,47.807,1.1875,1.1035,2.9816,2,0.5288,528,220,239,220,420,1,266,1353407559262,1353472133308,64574,0,1,63202,66342,0,,,,268,220,420,0,0,0,0,0,0
270,scan,269,0,1353558015146,,1353558146809,1353560369184,47.857,1.1830,1.1041,3.0237,2,0.5180,518,220,155,220,305,1,267,1353457950283,1353523260250,65309,0,1,63202,66293,0,,,,269,220,305,0,0,0,0,0,0
271,scan,270,0,1353607855930,,1353607975010,1353610226868,47.907,1.1711,1.1051,3.0942,2,0.5129,512,220,15,220,228,1,268,1353507703400,1353572264510,64561,0,1,63202,66213,0,,,,270,220,228,0,0,0,0,0,0
272,scan,271,0,1353657770130,,1353657904762,1353659465099,47.957,1.1644,1.1053,3.1166,2,0.4956,495,220,-30,220,148,1,269,1353558064088,1353622462136,64398,0,1,63202,66125,0,,,,271,220,148,0,0,0,0,0,0
273,scan,272,0,1353707580063,,1353707725931,1353709445930,48.007,1.1497,1.1055,3.1285,2,0.5081,508,220,-54,220,15,1,270,1353607901969,1353671327450,63425,0,1,63202,66020,0,,,,272,220,15,0,0,0,0,0,0
274,scan,273,0,1353757750211,,1353757907240,1353760601772,48.057,1.1422,1.1057,3.1244,2,0.4974,497,220,-46,220,-29,1,271,1353657816369,1353721678071,63861,0,1,63202,65930,0,,,,273,220,-29,0,0,0,0,0,0
275,scan,274,0,1353808091808,,1353808255744,1353810283734,48.107,1.1273,1.1059,3.1243,2,0.5087,508,220,-46,220,-50,1,272,1353707623388,1353771571445,63948,0,1,63202,65848,0,,,,274,220,-50,0,0,0,0,0,0
276,scan,275,0,1353857818649,,1353857990967,1353860371167,48.157,1.1198,1.1061,3.1268,2,0.4978,497,220,-51,220,-42,1,273,1353757806406,1353822298110,64491,0,1,63202,65759,0,,,,275,220,-42,0,0,0,0,0,0
277,scan,276,0,1353908199476,,1353908343640,1353910566903,48.207,1.1049,1.1063,3.1243,2,0.4785,478,220,-47,220,-43,1,274,1353808145266,1353872554008,64408,0,1,63202,65691,0,,,,276,220,-43,0,0,0,0,0,0
278,scan,277,0,1353958318552,,1353958446030,1353960419057,48.257,1.0974,1.1064,3.1201,2,0.4797,479,220,-38,220,-49,1,275,1353857873960,1353925180721,67306,0,1,63202,65691,0,,,,277,220,-49,0,0,0,0,0,0
279,scan,278,0,1354008884677,,1354009018049,1354011222254,48.307,1.0824,1.1068,3.1160,2,0.4968,496,220,-30,220,-44,1,276,1353908241779,1353975076546,66834,0,1,63202,65653,0,,,,278,220,-44,0,0,0,0,0,0
280,scan,279,0,1354058234661,,1354058363410,1354060452547,48.357,1.0749,1.1070,3.1161,2,0.5053,505,220,-31,220,-36,1,277,1353958362905,1354025963917,67601,0,1,63202,65668,0,,,,279,220,-36,0,0,0,0,0,0
281,scan,280,0,1354107967941,,1354108107573,1354110340949,48.407,1.0600,1.1074,3.1142,2,0.5146,514,220,-27,220,-28,1,278,1354008931337,1354076439441,67508,0,1,63202,65675,0,,,,280,220,-28,0,0,0,0,0,0
282,scan,281,0,1354158249447,,1354158364263,1354160478568,48.457,1.0525,1.1076,3.1120,2,0.5183,518,220,-23,220,-29,1,279,1354058279574,1354125719808,67440,0,1,63202,65685,0,,,,281,220,-29,0,0,0,0,0,0
283,scan,282,0,1354208604155,,1354208739716,1354211683658,48.507,1.0375,1.1081,3.1091,2,0.9658,965,220,-17,220,-25,1,280,1354108025108,1354175687140,67662,0,1,63202,65687,0,,,,282,220,-25,0,0,0,0,0,0
284,scan,283,0,1354258960045,,1354259121358,1354261306555,48.557,1.0301,1.1083,3.1088,2,0.9521,952,220,-17,220,-21,1,281,1354158293983,1354222719128,64425,0,1,63202,65686,0,,,,283,220,-21,0,0,0,0,0,0
285,scan,284,0,1354308616248,,1354308732996,1354311268982,48.607,1.0151,1.1088,3.1080,2,0.9390,939,220,-15,220,-16,1,282,1354208648514,1354275217943,66569,0,1,63202,65657,0,,,,284,220,-16,0,0,0,0,0,0
286,scan,285,0,1354359653368,,1354359808765,1354361474515,48.657,1.0076,1.1091,3.1069,2,0.9359,935,220,-13,220,-16,1,283,1354259008096,1354326394265,67386,0,1,63202,65655,0,,,,285,220,-16,0,0,0,0,0,0
287,scan,286,0,1354409811477,,1354409951215,1354412437226,48.707,1.0001,1.1093,3.1059,2,0.9128,912,220,-11,220,-14,1,284,1354308652953,1354375485069,66832,0,1,63202,65650,0,,,,286,220,-14,0,0,0,0,0,0
288,scan,287,0,1354459475242,,1354459599202,1354461382474,48.757,0.9852,1.1099,3.1049,2,0.9080,908,220,-9,220,-12,1,285,1354359701813,1354427285416,67583,0,1,63202,65636,0,,,,287,220,-12,0,0,0,0,0,0
289,scan,288,0,1354509462401,,1354509591661,1354511344917,48.807,0.9777,1.1101,3.1047,2,0.8903,890,220,-9,220,-10,1,286,1354409860509,1354477282839,67422,0,1,63202,65634,0,,,,288,220,-10,0,0,0,0,0,0
290,scan,289,0,1354559174792,,1354559302317,1354561415129,48.857,0.9627,1.1107,3.1040,2,0.8892,889,220,-7,220,-8,1,287,1354459517578,1354527448640,67931,0,1,63202,65662,0,,,,289,220,-8,0,0,0,0,0,0
291,scan,290,0,1354609435135,,1354609563353,1354611379300,48.907,0.9553,1.1110,3.1034,2,0.8784,878,220,-6,220,-8,1,288,1354509508848,1354576979590,67470,0,1,63202,65666,0,,,,290,220,-8,0,0,0,0,0,0
292,scan,291,0,1354659401730,,1354659564508,1354661302102,48.957,0.9403,1.1116,3.1028,2,0.8692,869,220,-5,220,-6,1,289,1354559218813,1354626681275,67462,0,1,63202,65732,0,,,,291,220,-6,0,0,0,0,0,0
293,scan,292,0,1354709361350,,1354709489877,1354711374203,49.007,0.9328,1.1119,3.1027,2,0.8530,853,220,-5,220,-4,1,290,1354609478706,1354676797814,67319,0,1,63202,65723,0,,,,292,220,-4,0,0,0,0,0,0
294,scan,293,0,1354758845770,,1354758978723,1354761240854,49.057,0.9179,1.1124,3.1024,2,0.8474,847,220,-4,220,-4,1,291,1354659456659,1354726939203,67482,0,1,63202,65807,0,,,,293,220,-4,0,0,0,0,0,0
295,scan,294,0,1354809672421,,1354809801585,1354811324930,49.107,0.9104,1.1127,3.1022,2,0.8182,818,220,-4,220,-4,1,292,1354709406854,1354777044694,67637,0,1,63202,65886,0,,,,294,220,-4,0,0,0,0,0,0
296,scan,295,0,1354859445150,,1354859587040,1354861370478,49.157,0.8955,1.1133,3.1019,2,0.8136,813,220,-3,220,-3,1,293,1354758892053,1354826094608,67202,0,1,63202,65951,0,,,,295,220,-3,0,0,0,0,0,0
297,scan,296,0,1354909472031,,1354909599108,1354911365558,49.207,0.8880,1.1136,3.1018,2,0.8070,806,220,-3,220,-2,1,294,1354809717214,1354880367139,70649,0,1,63202,66107,0,,,,296,220,-2,0,0,0,0,0,0
298,scan,297,0,1354959269249,,1354959404370,1354961384733,49.257,0.8731,1.1142,3.1016,2,0.8029,802,220,-3,220,-3,1,295,1354859486874,1354926927209,67440,0,1,63202,66183,0,,,,297,220,-3,0,0,0,0,0,0
299,scan,298,0,1355009701874,,1355010013964,1355011506574,49.307,0.8656,1.1145,3.1016,2,0.7984,798,220,-3,220,-2,1,296,1354909515752,1354977006524,67490,0,1,63202,66178,0,,,,298,220,-2,0,0,0,0,0,0
300,scan,299,0,1355059351702,,1355059532206,1355061381762,49.357,0.8506,1.1151,3.1014,2,0.7839,783,220,-2,220,-3,1,297,1354959313983,1355026619687,67305,0,1,63202,66169,0,,,,299,220,-3,0,0,0,0,0,0
301,scan,300,0,1355109767950,,1355109918894,1355111337997,49.407,0.8432,1.1154,3.1013,2,0.7727,772,220,-2,220,-2,1,298,1355009794112,1355077596918,67802,0,1,63202,66260,0,,,,300,220,-2,0,0,0,0,0,0
302,scan,301,0,1355159639178,,1355159757821,1355161475867,49.457,0.8282,1.1160,3.1012,2,0.7594,759,220,-2,220,-1,1,299,1355059409331,1355126979894,67570,0,1,63202,66333,0,,,,301,220,-1,0,0,0,0,0,0
303,scan,302,0,1355210527039,,1355210665785,1355212373712,49.507,0.8208,1.1163,3.1011,2,0.7464,746,220,-2,220,-1,1,300,1355109819149,1355176900550,67081,0,1,63202,66322,0,,,,302,220,-1,0,0,0,0,0,0
304,scan,303,0,1355260349118,,1355260501508,1355262359739,49.557,0.8133,1.1166,3.1010,2,0.7457,745,220,-2,220,-1,1,301,1355159680029,1355223763320,64083,0,1,63202,66319,0,,,,303,220,-1,0,0,0,0,0,0
305,scan,304,0,1355309720534,,1355309845170,1355311405873,49.607,0.7983,1.1172,3.1010,2,0.7296,729,220,-2,220,-1,1,302,1355210571595,1355277909668,67338,0,1,63202,66396,0,,,,304,220,-1,0,0,0,0,0,0
306,scan,305,0,1355359533827,,1355359658848,1355361402518,49.657,0.7909,1.1175,3.1010,2,0.7256,725,220,-2,220,-1,1,303,1355260402488,1355326488142,66085,0,1,63202,66443,0,,,,305,220,-1,0,0,0,0,0,0
307,scan,306,0,1355409736659,,1355409916814,1355411363018,49.707,0.7759,1.1181,3.1009,2,0.6971,697,220,-1,220,-1,1,304,1355309764910,1355377109977,67345,0,1,63202,66515,0,,,,306,220,-1,0,0,0,0,0,0
308,scan,307,0,1355460062445,,1355460281637,1355462337440,49.757,0.7685,1.1184,3.1009,2,0.7052,705,220,-1,220,0,1,305,1355359580173,1355426898802,67318,0,1,63202,66589,0,,,,307,220,0,0,0,0,0,0,0
309,scan,308,0,1355509981657,,1355510130775,1355512565098,49.807,0.7535,1.1191,3.1008,2,0.6852,685,220,-1,220,-1,1,306,1355409784852,1355477471003,67686,0,1,63202,66667,0,,,,308,220,-1,0,0,0,0,0,0
310,scan,309,0,1355560108710,,1355560250537,1355562335519,49.857,0.7460,1.1194,3.1008,2,0.6845,684,220,-1,220,-1,1,307,1355460140230,1355527367467,67227,0,1,63202,66715,0,,,,309,220,-1,0,0,0,0,0,0
311,scan,310,0,1355610227246,,1355610366411,1355612479935,49.907,0.7311,1.1200,3.1008,2,0.6563,656,220,-1,220,-1,1,308,1355510033010,1355577676882,67643,0,1,63202,66792,0,,,,310,220,-1,0,0,0,0,0,0
312,scan,311,0,1355660156851,,1355660283167,1355662363010,49.957,0.7236,1.1203,3.1008,2,0.6572,657,220,-1,220,-1,1,309,1355560159588,1355627314624,67155,0,1,63202,66861,0,,,,311,220,-1,0,0,0,0,0,0
313,scan,312,0,1355710081320,,1355710210796,1355712336193,50.007,0.7086,1.1209,3.1006,2,0.6458,645,220,-1,220,-1,1,310,1355610275536,1355677900049,67624,0,1,63202,66966,0,,,,312,220,-1,0,0,0,0,0,0
314,scan,313,0,1355760297006,,1355760461847,1355762377811,50.057,0.7012,1.1212,3.1006,2,0.6492,649,220,-1,220,-1,1,311,1355660202142,1355727277035,67074,0,1,63202,67046,0,,,,313,220,-1,0,0,0,0,0,0
315,scan,314,0,1355810169075,,1355810297783,1355812443026,50.107,0.6862,1.1218,3.1006,2,0.6276,627,220,-1,220,-1,1,312,1355710123525,1355778019094,67895,0,1,63202,67144,0,,,,314,220,-1,0,0,0,0,0,0
316,scan,315,0,1355860620535,,1355860752858,1355862291984,50.157,0.6787,1.1221,3.1005,2,0.6182,618,220,-1,220,-1,1,313,1355760359628,1355827356429,66996,0,1,63202,67207,0,,,,315,220,-1,0,0,0,0,0,0
317,scan,316,0,1355910622509,,1355910812017,1355912493086,50.207,0.6638,1.1227,3.1005,2,0.6027,602,220,-1,220,-1,1,314,1355810212923,1355877021674,66808,0,1,63202,67267,0,,,,316,220,-1,0,0,0,0,0,0
318,scan,317,0,1355960763825,,1355960892701,1355962423138,50.257,0.6563,1.1230,3.1004,2,0.5893,589,220,-1,220,-1,1,315,1355860668183,1355927295290,66627,0,1,63202,67250,0,,,,317,220,-1,0,0,0,0,0,0
319,scan,318,0,1356010395453,,1356010514215,1356012494097,50.307,0.6414,1.1237,3.1004,2,0.5845,584,220,0,220,1,1,316,1355910663443,1355974972052,64308,0,1,63202,67187,0,,,,318,220,1,0,0,0,0,0,0
320,scan,319,0,1356060713274,,1356060912157,1356062389807,50.357,0.6339,1.1240,3.1003,2,0.5747,574,220,0,220,1,1,317,1355960808096,1356028311696,67503,0,1,63202,67185,0,,,,319,220,1,0,0,0,0,0,0
321,scan,320,0,1356110564450,,1356110704094,1356112528144,50.407,0.6264,1.1243,3.1003,2,0.5858,585,220,0,220,1,1,318,1356010431940,1356077895492,67463,0,1,63202,67183,0,,,,320,220,1,0,0,0,0,0,0
322,scan,321,0,1356160770950,,1356160896679,1356162399077,50.457,0.6115,1.1249,3.1004,2,0.5702,570,220,-1,220,1,1,319,1356060766409,1356128721886,67955,0,1,63202,67196,0,,,,321,220,1,0,0,0,0,0,0
323,scan,322,0,1356210704290,,1356210851316,1356212395157,50.507,0.6040,1.1252,3.1005,2,0.5611,561,220,-1,220,0,1,320,1356110615108,1356178354057,67738,0,1,63202,67198,0,,,,322,220,0,0,0,0,0,0,0
324,scan,323,0,1356260461368,,1356260594622,1356262371831,50.557,0.5891,1.1258,3.1005,2,0.5474,547,220,-1,220,1,1,321,1356160817310,1356225561637,64744,0,1,63202,67206,0,,,,323,220,1,0,0,0,0,0,0
325,scan,324,0,1356310632147,,1356310778288,1356313264062,50.607,0.5816,1.1261,3.1005,2,0.5328,532,220,-1,220,1,1,322,1356210760503,1356280484171,69723,0,1,63202,67285,0,,,,324,220,1,0,0,0,0,0,0
326,scan,325,0,1356360668173,,1356360810487,1356362376717,50.657,0.5667,1.1267,3.1005,2,0.5343,534,220,-1,220,-1,1,323,1356260507401,1356327094918,66587,0,1,63202,67265,0,,,,325,220,-1,0,0,0,0,0,0
327,scan,326,0,1356410700094,,1356410832804,1356413306261,50.707,0.5592,1.1270,3.1006,2,0.5199,519,220,-1,220,-1,1,324,1356310680156,1356378212031,67531,0,1,63202,67283,0,,,,326,220,-1,0,0,0,0,0,0
328,scan,327,0,1356460673490,,1356460797253,1356462403498,50.757,0.5442,1.1276,3.1006,2,0.5149,514,220,-1,220,-1,1,325,1356360711990,1356428361683,67649,0,1,63202,67284,0,,,,327,220,-1,0,0,0,0,0,0
329,scan,328,0,1356511100837,,1356511258704,1356513453380,50.807,0.5368,1.1280,3.1005,2,0.4993,499,220,-1,220,-1,1,326,1356410746145,1356478591197,67845,0,1,63202,67295,0,,,,328,220,-1,0,0,0,0,0,0
330,scan,329,0,1356560902473,,1356561028468,1356563198504,50.857,0.5218,1.1286,3.1004,2,0.4881,488,220,0,220,-1,1,327,1356460717736,1356525386394,64668,0,1,63202,67213,0,,,,329,220,-1,0,0,0,0,0,0
331,scan,330,0,1356610998529,,1356611119148,1356613302273,50.907,0.5143,1.1289,3.1004,2,0.4830,482,220,0,220,-1,1,328,1356511146938,1356575145698,63998,0,1,63202,67126,0,,,,330,220,-1,0,0,0,0,0,0
332,scan,331,0,1356661238312,,1356661376247,1356663371470,50.957,0.4994,1.1295,3.1004,2,0.4601,460,220,0,220,1,1,329,1356560946154,1356630382314,69436,0,1,63202,67176,0,,,,331,220,1,0,0,0,0,0,0
333,scan,332,0,1356711469188,,1356711629033,1356713350530,51.007,0.4919,1.1298,3.1003,2,0.4549,454,220,0,220,1,1,330,1356611045803,1356678449088,67403,0,1,63202,67178,0,,,,332,220,1,0,0,0,0,0,0
334,scan,333,0,1356761164105,,1356761301743,1356763419572,51.057,0.4769,1.1304,3.1003,2,0.4593,459,220,0,220,0,1,331,1356661284291,1356727743340,66459,0,1,63202,67152,0,,,,333,220,0,0,0,0,0,0,0
335,scan,334,0,1356811353575,,1356811490820,1356813376583,51.107,0.4695,1.1307,3.1003,2,0.4354,435,220,0,220,1,1,332,1356711523561,1356777684568,66161,0,1,63202,67115,0,,,,334,220,1,0,0,0,0,0,0
336,scan,335,0,1356861267517,,1356861383893,1356863358920,51.157,0.4545,1.1313,3.1005,2,0.4417,441,220,-1,220,0,1,333,1356761211286,1356828530828,67319,0,1,63202,67118,0,,,,335,220,0,0,0,0,0,0,0
337,scan,336,0,1356911536819,,1356911680440,1356913397547,51.207,0.4471,1.1316,3.1005,2,0.4236,423,220,-1,220,1,1,334,1356811401684,1356878890898,67489,0,1,63202,67039,0,,,,336,220,1,0,0,0,0,0,0
338,scan,337,0,1356962101954,,1356962254984,1356964401693,51.257,0.4396,1.1320,3.1005,2,0.4201,420,220,-1,220,0,1,335,1356861302676,1356928626068,67323,0,1,63202,67036,0,,,,337,220,0,0,0,0,0,0,0
339,scan,338,0,1357011854841,,1357011982624,1357014226361,51.307,0.4246,1.1326,3.1005,2,0.4080,408,220,-1,220,1,1,336,1356911582644,1356979089516,67506,0,1,63202,67037,0,,,,338,220,1,0,0,0,0,0,0
340,scan,339,0,1357062128259,,1357062281219,1357064376075,51.357,0.4172,1.1329,3.1005,2,0.4012,401,220,-1,220,1,1,337,1356962148229,1357030002229,67854,0,1,63202,67050,0,,,,339,220,1,0,0,0,0,0,0
341,scan,340,0,1357111872876,,1357112055528,1357114331337,51.407,0.4022,1.1335,3.1006,2,0.3903,390,220,-1,220,1,1,338,1357011898007,1357079433100,67535,0,1,63202,67044,0,,,,340,220,1,0,1,0,0,0,0
342,scan,341,0,1357161808630,,1357161920999,1357163351736,51.457,0.3948,1.1338,3.1006,2,0.3815,381,220,-1,220,-1,1,339,1357062181852,1357130580347,68398,0,1,63202,67064,0,,,,341,220,-1,0,1,0,0,0,0
343,scan,342,0,1357211817231,,1357211979354,1357215153145,51.507,0.3798,1.1344,3.1007,2,0.3739,373,220,-1,220,-2,1,340,1357111917493,1357179546642,67629,0,1,63202,67078,0,,,,342,220,-2,0,1,0,0,0,0
344,scan,343,0,1357262880418,,1357263006517,1357265246731,51.557,0.3723,1.1347,3.1007,2,0.3680,368,220,-1,220,-1,1,341,1357161854602,1357226498472,64643,0,1,63202,67092,0,,,,343,220,-1,0,1,0,0,0,0
345,scan,344,0,1357312621631,,1357312757507,1357314445583,51.607,0.3574,1.1353,3.1005,2,0.3585,358,220,-1,220,-2,1,342,1357211866021,1357276338333,64472,0,1,63202,67021,0,,,,344,220,-2,0,1,0,0,0,0
346,scan,345,0,1357362317706,,1357362441006,1357364500634,51.657,0.3499,1.1356,3.1004,2,0.3513,351,220,-1,220,-1,1,343,1357262924253,1357328544667,65620,0,1,63202,67009,0,,,,345,220,-1,0,1,0,0,0,0
347,scan,346,0,1357412281059,,1357412416564,1357414376607,51.707,0.3349,1.1362,3.1004,2,0.3426,342,220,-1,220,0,1,344,1357312668051,1357385351225,72683,0,1,63202,67142,0,,,,346,220,0,0,1,0,0,0,0
348,scan,347,0,1357462154452,,1357462286401,1357464431133,51.757,0.3275,1.1366,3.1003,2,0.3263,326,220,-1,220,0,1,344,,,,1,1,63202,67138,0,,,,347,220,0,0,1,0,0,0,0
349,scan,348,0,1357512681567,,1357512816121,1357514356868,51.807,0.3125,1.1372,3.1003,2,0.3400,339,220,0,220,1,1,345,1357362362464,1357484095318,121732,0,1,63202,68524,0,,,,348,220,1,0,1,0,0,0,0
350,scan,349,0,1357562607411,,1357562728666,1357564432633,51.857,0.3051,1.1375,3.1003,2,0.3187,318,220,0,220,0,1,346,1357412322352,1357555396011,143073,0,1,63202,70468,0,,,,349,220,0,0,1,0,0,0,0
351,scan,350,0,1357612460376,,1357612587050,1357614448880,51.907,0.2901,1.1381,3.1004,2,0.3078,307,220,-1,220,0,1,346,,,,1,1,63202,70543,0,,,,350,220,0,0,1,0,0,0,0
352,scan,351,0,1357662485481,,1357662615292,1357664362542,51.957,0.2826,1.1384,3.1004,2,0.3278,327,220,-1,220,0,1,346,,,,1,1,63202,70634,0,,,,351,220,0,0,1,0,0,0,0
353,scan,352,0,1357712874173,,1357712995489,1357715234941,52.007,0.2677,1.1390,3.1004,2,0.3089,308,220,-1,220,0,1,346,,,,1,1,63202,70718,0,,,,352,220,0,0,1,0,0,0,0
354,scan,353,0,1357763134328,,1357763275054,1357765397660,52.057,0.2602,1.1393,3.1003,2,0.3078,307,220,-1,220,1,1,347,1357462199545,1357718468081,256268,0,1,63202,75973,0,,,,353,220,1,0,1,0,0,0,0
355,scan,354,0,1357812742358,,1357812911002,1357814485721,52.107,0.2527,1.1396,3.1003,2,0.3028,302,220,-1,220,0,1,348,1357512727670,1357796709895,283982,0,1,63202,81976,0,,,,354,220,0,0,1,0,0,0,0
356,scan,355,0,1357862496974,,1357862624438,1357864359269,52.157,0.2378,1.1403,3.1004,2,0.3027,302,220,-1,220,0,1,348,,,,1,1,63202,82404,0,,,,355,220,0,0,1,0,0,0,0
357,scan,356,0,1357912434804,,1357912732347,1357914348971,52.207,0.2303,1.1406,3.1004,2,0.2939,293,220,-1,220,0,1,349,1357562649814,1357885459904,322810,0,1,63202,89718,1,1357912696475,,,356,220,0,0,1,0,0,0,0
358,scan,357,0,1357962154287,,1357962279927,1357964545708,52.257,0.2154,1.1412,3.1004,2,0.2928,292,220,-1,220,0,1,349,,,,1,1,63202,90397,1,,,,357,220,0,0,1,0,0,0,0
359,scan,358,0,1358012554982,,1358012714044,1358014518062,52.307,0.2079,1.1415,3.1004,2,0.3049,304,220,-1,220,1,1,350,1357612501525,1358000955672,388454,0,1,63202,99931,1,,,,358,220,1,0,1,0,0,0,0
360,scan,359,0,1358062845950,,1358063000457,1358064388243,52.357,0.1930,1.1421,3.1004,2,0.2859,285,220,-1,220,0,1,351,1357662531197,1358045979015,383447,0,1,63202,109223,1,,,,359,220,0,0,1,0,0,0,0
361,scan,360,0,1358112879797,,1358113040329,1358115342479,52.407,0.1855,1.1424,3.1005,2,0.2868,286,220,-1,220,0,1,351,,,,1,1,63202,110489,1,,,,360,220,0,0,1,0,0,0,0
362,scan,361,0,1358162923247,,1358163049401,1358165253930,52.457,0.1705,1.1430,3.1005,2,0.3005,300,220,-1,220,0,1,351,,,,1,1,63202,111818,1,,,,361,220,0,0,1,0,0,0,0
363,scan,362,0,1358212962680,,1358213108308,1358215234577,52.507,0.1631,1.1433,3.1005,2,0.2902,290,220,-1,220,0,1,351,,,,1,1,63202,113240,1,,,,362,220,0,0,1,0,0,0,0
364,scan,363,0,1358263128537,,1358263254480,1358265389085,52.557,0.1481,1.1439,3.1005,2,0.3161,316,220,-1,220,0,1,351,,,,1,1,63202,114857,1,,,,363,220,0,0,1,0,0,0,0
365,scan,364,0,1358313462770,,1358313619922,1358316524962,52.607,0.1406,1.1443,3.1005,2,0.3043,304,220,-1,220,0,1,353,1357763183598,1358274098523,510914,0,1,63202,129563,1,,,,364,220,0,0,1,0,0,0,0
366,scan,365,0,1358362881697,,1358363027990,1358365210918,52.657,0.1257,1.1449,3.1005,2,0.3604,360,220,-1,220,0,1,353,,,,1,1,63202,131735,1,,,,365,220,0,0,1,0,0,0,0
367,scan,366,0,1358412998855,,1358413135748,1358415246289,52.707,0.1182,1.1452,3.1005,2,1.0271,1027,220,-1,220,0,1,353,,,,1,1,63202,134028,1,,,,366,220,0,0,0,0,0,0,0
368,flag,366,1,,1358422896346,1358422973911,1358424429455,52.707,0.1182,1.1452,3.1005,2,1.0271,1027,220,-1,220,0,1,353,,,,,,,,,,1,1790067975978709555,366,220,-1,1,0,35,1,0,0
369,scan,367,1,1358462893806,,1358463021404,1358465344597,52.757,0.1033,1.1458,3.1005,2,1.0019,1001,220,-1,220,0,1,353,,,,1,1,63202,136486,1,,,,367,220,-1,1,0,0,1,0,0
370,scan,368,1,1358513063164,,1358513240291,1358515297314,52.807,0.0958,1.1461,3.1004,2,1.0074,1007,220,-1,220,1,1,356,1357912481337,1358472894160,560412,0,1,63202,154729,1,,,,368,220,-1,1,0,0,1,0,0
371,scan,369,1,1358562773480,,1358562890333,1358564533370,52.857,0.0808,1.1467,3.1004,2,1.0023,1002,220,-1,220,0,1,357,1357962194832,1358541565893,579371,0,1,63202,173792,1,,,,369,220,-1,1,0,0,1,0,0
372,scan,370,1,1358612962364,,1358613094550,1358615208110,52.907,0.0734,1.1470,3.1003,2,0.9879,987,220,-1,220,0,1,357,,,,1,1,63202,178015,1,,,,370,220,-1,1,0,0,1,0,0
373,scan,371,1,1358662734924,,1358662877770,1358664965881,52.957,0.0659,1.1473,3.1003,2,0.9838,983,220,-1,220,0,1,357,,,,1,1,63202,182358,1,,,,371,220,-1,1,0,0,1,0,0
374,scan,372,1,1358712903784,,1358713024797,1358715202026,53.007,0.0510,1.1479,3.1002,2,0.9811,981,220,0,220,0,1,360,1358112938487,1358699337675,586399,0,1,63202,203118,1,,,,372,220,0,1,0,0,1,0,0
375,scan,373,1,1358763453828,,1358763621591,1358765384222,53.057,0.0435,1.1483,3.1002,2,0.9666,966,220,0,220,0,1,360,,,,1,1,63202,208812,1,,,,373,220,0,1,0,0,1,0,0
376,scan,374,1,1358813296616,,1358813431241,1358815517963,53.107,0.0285,1.1489,3.1002,2,0.9635,963,220,0,220,-2,1,362,1358213012530,1358785115952,572103,0,1,63202,229893,1,,,,374,220,0,1,0,0,1,0,0
377,scan,375,1,1358863587635,,1358863724910,1358865393178,53.157,0.0211,1.1492,3.1002,2,0.9573,957,220,0,220,-2,1,362,,,,1,1,63202,236962,1,,,,375,220,0,1,0,0,1,0,0
378,scan,376,1,1358913535754,,1358913689685,1358915304720,53.207,0.0061,1.1498,3.1002,2,0.9435,943,220,0,220,-2,1,362,,,,1,1,63202,244665,1,,,,376,220,0,1,0,0,1,0,0
379,scan,377,1,1358963772663,,1358963925360,1358965474690,53.257,-0.0014,1.1501,3.1002,2,0.9401,940,220,0,220,-1,1,365,1358362925231,1358940286775,577361,0,1,63202,267848,1,,,,377,220,0,1,0,0,1,0,0
380,scan,378,1,1359013663251,,1359013791906,1359015405381,53.307,-0.0163,1.1507,3.1002,2,0.9445,944,220,0,220,-1,1,365,,,,1,1,63202,277389,1,,,,378,220,0,1,0,0,1,0,0
381,scan,379,1,1359063667620,,1359063797425,1359065332482,53.357,-0.0238,1.1510,3.1002,2,0.9308,930,220,0,220,-1,1,365,,,,1,1,63202,287865,1,,,,379,220,0,1,0,0,1,0,0
382,scan,380,1,1359113710178,,1359113845881,1359115389336,53.407,-0.0387,1.1517,3.1002,2,0.9264,926,220,0,220,-1,1,365,,,,1,1,63202,299462,1,,,,380,220,0,1,0,0,1,0,0
383,scan,381,1,1359164104032,,1359164231351,1359166306216,53.457,-0.0462,1.1520,3.1002,2,0.9090,908,220,0,220,1,1,368,1358513123178,1359119645302,606522,0,1,63202,327784,1,,,,381,220,0,1,0,0,1,0,0
384,scan,382,1,1359213965538,,1359214109798,1359216317242,53.507,-0.0612,1.1526,3.1002,2,0.9096,909,220,0,220,1,1,368,,,,1,1,63202,342237,1,,,,382,220,0,1,0,0,1,0,0
385,scan,383,1,1359263840559,,1359263967161,1359266296718,53.557,-0.0686,1.1529,3.1002,2,0.8958,895,220,0,220,1,1,368,,,,1,1,63202,358566,1,,,,383,220,0,1,0,0,1,0,0
386,scan,384,1,1359313925823,,1359314077812,1359316361992,53.607,-0.0836,1.1535,3.1002,2,0.8855,885,220,0,220,1,1,368,,,,1,1,63202,376947,1,,,,384,220,0,1,0,0,1,0,0
387,scan,385,1,1359364059593,,1359364191372,1359366330724,53.657,-0.0910,1.1538,3.1002,2,0.8834,883,220,0,220,1,1,368,,,,1,1,63202,397702,1,,,,385,220,0,1,0,0,1,0,0
388,scan,386,1,1359414215227,,1359414331129,1359416648540,53.707,-0.1060,1.1544,3.1002,2,0.8960,895,220,0,220,1,1,368,,,,1,1,63202,420918,1,,,,386,220,0,1,0,0,1,0,0
389,scan,387,1,1359464159496,,1359464288818,1359466344380,53.757,-0.1135,1.1548,3.1002,2,0.8903,890,220,0,220,1,1,368,,,,1,1,63202,420918,1,,,,387,220,0,1,0,0,1,0,0
390,scan,388,1,1359514257025,,1359514455133,1359516445497,53.807,-0.1209,1.1551,3.1002,2,0.8837,883,220,0,220,1,1,368,,,,1,1,63202,443932,1,,,,388,220,0,1,0,0,1,0,0
391,scan,389,1,1359564440406,,1359564657860,1359566420057,53.857,-0.1359,1.1557,3.1002,2,0.8622,862,220,0,220,1,1,368,,,,1,1,63202,469004,1,,,,389,220,0,1,0,0,1,0,0
392,scan,390,1,1359614186541,,1359614359629,1359616765925,53.907,-0.1434,1.1560,3.1002,2,0.8881,888,220,0,220,1,1,378,1359013706268,1359595985368,582279,0,1,63202,477717,1,,,,390,220,0,1,0,0,1,0,0
393,scan,391,1,1359664713989,,1359664837592,1359666588145,53.957,-0.1583,1.1566,3.1002,2,0.8544,854,220,0,220,1,1,379,1359063713245,1359648397018,584683,0,1,63202,485358,1,,,,391,220,0,1,0,0,1,0,0
394,scan,392,1,1359714748681,,1359714921131,1359717493358,54.007,-0.1658,1.1569,3.1002,2,0.8599,859,220,0,220,1,1,379,,,,1,1,63202,485358,1,,,,392,220,0,1,0,0,1,0,0
395,scan,393,1,1359764550998,,1359764691807,1359766421458,54.057,-0.1807,1.1575,3.1002,2,0.8781,878,220,0,220,2,1,382,1359214014094,1359747757893,533743,0,1,63202,505177,1,,,,393,220,0,1,0,0,1,0,0
396,scan,394,1,1359814711820,,1359814836302,1359816396622,54.107,-0.1882,1.1579,3.1002,2,0.8712,871,220,0,220,1,1,383,1359263883737,1359784700477,520816,0,1,63202,522094,1,,,,394,220,0,1,0,0,1,0,0
397,scan,395,1,1359863981598,,1359864134460,1359866241007,54.157,-0.2031,1.1585,3.1002,2,0.8593,859,220,0,220,1,1,385,1359364106508,1359841115853,477009,0,1,63202,519088,1,,,,395,220,0,1,0,0,1,0,0
398,scan,396,1,1359914168239,,1359914314211,1359916328332,54.207,-0.2106,1.1588,3.1002,2,0.8575,857,220,0,220,1,1,385,,,,1,1,63202,533108,1,,,,396,220,0,1,0,0,1,0,0
399,scan,397,1,1359964646389,,1359964822764,1359966318666,54.257,-0.2256,1.1594,3.1002,2,0.8669,866,220,0,220,1,1,385,,,,1,1,63202,533108,1,,,,397,220,0,1,0,0,1,0,0
400,scan,398,1,1360014705972,,1360014855514,1360016397005,54.307,-0.2330,1.1597,3.1002,2,0.8654,865,220,0,220,1,1,385,,,,1,1,63202,544235,1,,,,398,220,0,1,0,0,1,0,0
401,scan,399,1,1360064643947,,1360064789521,1360066483005,54.357,-0.2480,1.1603,3.1002,2,0.8954,895,220,0,220,1,1,387,1359464211946,1360061582439,597370,0,1,63202,560691,1,,,,399,220,0,1,0,0,1,0,0
402,scan,400,1,1360114657866,,1360114782257,1360116423162,54.407,-0.2555,1.1606,3.1002,2,1.0179,1017,220,0,220,2,1,391,1359664759249,1360076255813,411496,0,1,63202,550034,1,,,,400,220,0,1,0,0,1,0,0
403,scan,401,1,1360164886696,,1360165024926,1360167230931,54.457,-0.2704,1.1613,3.1002,2,1.0462,1046,220,0,220,1,1,392,1359714809365,1360146388388,431579,0,1,63202,542137,1,,,,401,220,0,1,0,0,1,0,0
404,scan,402,1,1360214997479,,1360215143902,1360217568348,54.507,-0.2779,1.1616,3.1002,2,1.0349,1034,220,0,220,1,1,392,,,,1,1,63202,542137,1,,,,402,220,0,1,0,0,1,0,0
405,scan,403,1,1360264863357,,1360264996252,1360267331923,54.557,-0.2928,1.1622,3.1002,2,1.0169,1016,220,0,220,1,1,394,1359814756165,1360247928544,433172,0,1,63202,535327,1,,,,403,220,0,1,0,0,1,0,0
406,scan,404,1,1360314830327,,1360314984741,1360317232217,54.607,-0.3003,1.1625,3.1002,2,1.0317,1031,220,0,220,0,1,395,1359864056527,1360278156580,414100,0,1,63202,529276,1,,,,404,220,0,1,0,0,1,0,0
407,scan,405,1,1360365271787,,1360365470561,1360367696867,54.657,-0.3078,1.1628,3.1002,2,1.0312,1031,220,0,220,0,1,395,,,,1,1,63202,529276,1,,,,405,220,0,1,0,0,1,0,0
408,scan,406,1,1360414791234,,1360414947071,1360416592803,54.707,-0.3227,1.1634,3.1002,2,1.0491,1049,220,-1,220,2,1,398,1360014759486,1360413234673,398475,0,1,63202,521582,1,,,,406,220,-1,1,0,0,1,0,0
409,scan,407,1,1360465095506,,1360465270083,1360467276160,54.757,-0.3302,1.1637,3.1002,2,1.0333,1033,220,-1,220,0,1,399,1360064714644,1360463989630,399274,0,1,63202,514787,1,,,,407,220,-1,1,0,0,1,0,0
410,scan,408,1,1360515247194,,1360515412649,1360517505116,54.807,-0.3451,1.1644,3.1001,2,1.0301,1030,220,0,220,2,1,400,1360114702373,1360504870693,390168,0,1,63202,505329,1,,,,408,220,0,1,0,0,1,0,0
411,scan,409,1,1360565120534,,1360565274499,1360567722333,54.857,-0.3526,1.1647,3.1001,2,1.0280,1027,220,0,220,2,1,400,,,,1,1,63202,500973,1,,,,409,220,0,1,0,0,1,0,0
412,scan,410,1,1360615111395,,1360615235759,1360617325584,54.907,-0.3676,1.1653,3.1000,2,1.0256,1025,220,0,220,1,1,401,1360164931968,1360582616744,417684,0,1,63202,496346,1,,,,410,220,0,1,0,0,1,0,0
413,scan,411,1,1360665406567,,1360665586762,1360667325888,54.957,-0.3750,1.1656,3.1001,2,1.0276,1027,220,0,220,1,1,401,,,,1,1,63202,496346,1,,,,411,220,0,1,0,0,1,0,0
414,scan,412,1,1360715425046,,1360715538676,1360717302938,55.007,-0.3900,1.1662,3.1001,2,1.0209,1020,220,0,220,0,1,404,1360314882797,1360707852573,392969,0,1,63202,485600,1,,,,412,220,0,1,0,0,1,0,0
415,scan,413,1,1360765510955,,1360765635957,1360767301098,55.057,-0.3975,1.1665,3.1001,2,1.0307,1030,220,0,220,0,1,404,,,,1,1,63202,485600,1,,,,413,220,0,1,0,0,1,0,0
416,scan,414,1,1360816065496,,1360816188381,1360818310318,55.107,-0.4124,1.1672,3.1001,2,1.0227,1022,220,0,220,0,1,406,1360414854887,1360814198578,399343,0,1,63202,476002,1,,,,414,220,0,1,0,0,1,0,0
417,scan,415,1,1360866088396,,1360866240568,1360868317470,55.157,-0.4199,1.1675,3.1001,2,1.0250,1025,220,0,220,2,1,407,1360465150002,1360861455449,396305,0,1,63202,471808,1,,,,415,220,0,1,0,0,1,0,0
418,scan,416,1,1360915749342,,1360915883503,1360917817762,55.207,-0.4348,1.1681,3.1001,2,1.0179,1017,220,0,220,2,1,407,,,,1,1,63202,471808,1,,,,416,220,0,1,0,0,1,0,0
419,scan,417,1,1360965831667,,1360965988062,1360968300762,55.257,-0.4423,1.1684,3.1001,2,1.0321,1032,220,0,220,2,1,407,,,,1,1,63202,465944,1,,,,417,220,0,1,0,0,1,0,0
420,scan,418,1,1361015875174,,1361016110457,1361018278951,55.307,-0.4573,1.1690,3.1001,2,1.0244,1024,220,0,220,0,1,410,1360615154533,1361013707304,398552,0,1,63202,462397,1,,,,418,220,0,1,0,0,1,0,0
421,scan,419,1,1361065476623,,1361065604086,1361067674866,55.357,-0.4647,1.1693,3.1001,2,1.0222,1022,220,0,220,0,1,410,,,,1,1,63202,462397,1,,,,419,220,0,1,0,0,1,0,0
422,scan,420,1,1361115848335,,1361115979019,1361118201757,55.407,-0.4797,1.1699,3.1001,2,1.0463,1046,220,0,220,2,1,411,1360665467515,1361077164924,411697,0,1,63202,459862,1,,,,420,220,0,1,0,0,1,0,0
423,scan,421,1,1361165942595,,1361166103642,1361168340536,55.457,-0.4871,1.1703,3.1001,2,1.0155,1015,220,0,220,1,1,412,1360715464468,1361133091790,417627,0,1,63202,450417,1,,,,421,220,0,1,0,0,1,0,0
424,scan,422,1,1361215967754,,1361216126255,1361218287936,55.507,-0.4946,1.1706,3.1001,2,1.0347,1034,220,0,220,1,1,414,1360816109725,1361214043264,397933,0,1,63202,447918,1,,,,422,220,0,1,0,0,1,0,0
425,scan,423,1,1361266039795,,1361266163448,1361268502311,55.557,-0.5096,1.1712,3.1001,2,1.0334,1033,220,0,220,1,1,414,,,,1,1,63202,447918,1,,,,423,220,0,1,0,0,1,0,0
426,scan,424,1,1361316294018,,1361316415331,1361318330018,55.607,-0.5170,1.1715,3.1001,2,1.0216,1021,220,0,220,1,1,416,1360915791188,1361312212983,396421,0,1,63202,445577,1,,,,424,220,0,1,0,0,1,0,0
427,scan,425,1,1361366212109,,1361366416854,1361368549154,55.657,-0.5320,1.1721,3.1001,2,1.0261,1026,220,0,220,1,1,416,,,,1,1,63202,445577,1,,,,425,220,0,1,0,0,1,0,0
428,scan,426,1,1361416332890,,1361416478553,1361418310729,55.707,-0.5395,1.1724,3.1001,2,1.0292,1029,220,0,220,0,1,417,1360965886986,1361378485721,412598,0,1,63202,444143,1,,,,426,220,0,1,0,0,1,0,0
429,scan,427,1,1361466241045,,1361466367436,1361468462634,55.757,-0.5544,1.1731,3.1001,2,1.0207,1020,220,0,220,0,1,417,,,,1,1,63202,444143,1,,,,427,220,0,1,0,0,1,0,0
430,scan,428,1,1361516437178,,1361516600954,1361518356443,55.807,-0.5619,1.1734,3.1001,2,1.0236,1023,220,0,220,1,1,420,1361115895871,1361515810854,399914,0,1,63202,442300,1,,,,428,220,0,1,0,0,1,0,0
431,scan,429,1,1361566583692,,1361566725827,1361568422637,55.857,-0.5768,1.1740,3.1001,2,1.0182,1018,220,0,220,1,1,420,,,,1,1,63202,442300,1,,,,429,220,0,1,0,0,1,0,0
432,scan,430,1,1361616883783,,1361617029477,1361619330565,55.907,-0.5843,1.1743,3.1001,2,1.0166,1016,220,0,220,1,1,421,1361165999748,1361589637963,423638,0,1,63202,435690,1,,,,430,220,0,1,0,0,1,0,0
433,scan,431,1,1361666224513,,1361666347233,1361668382546,55.957,-0.5992,1.1749,3.1001,2,1.0054,1005,220,0,220,2,1,422,1361216046006,1361624600207,408554,0,1,63202,428352,1,,,,431,220,0,1,0,0,1,0,0
434,scan,432,1,1361716216593,,1361716344922,1361718375685,56.007,-0.6067,1.1752,3.1001,2,1.0070,1006,220,0,220,2,1,422,,,,1,1,63202,428352,1,,,,432,220,0,1,0,0,1,0,0
435,scan,433,1,1361766798402,,1361766925407,1361769216775,56.057,-0.6217,1.1758,3.1001,2,1.0323,1032,220,0,220,2,1,422,,,,1,1,63202,423769,1,,,,433,220,0,1,0,0,1,0,0
436,scan,434,1,1361816926405,,1361817050801,1361819244578,56.107,-0.6291,1.1762,3.1001,2,1.0020,1001,220,0,220,2,1,422,,,,1,1,63202,419358,1,,,,434,220,0,1,0,0,1,0,0
437,scan,435,1,1361866770668,,1361866963390,1361869334669,56.157,-0.6441,1.1768,3.1001,2,1.0164,1016,220,0,220,2,1,422,,,,1,1,63202,416613,1,,,,435,220,0,1,0,0,1,0,0
438,scan,436,1,1361916122727,,1361916242022,1361918265301,56.207,-0.6516,1.1771,3.1001,2,1.0228,1022,220,0,220,1,1,427,1361466283827,1361878100384,411816,0,1,63202,416395,1,,,,436,220,0,1,0,0,1,0,0
439,scan,437,1,1361966742135,,1361966858682,1361968638496,56.257,-0.6665,1.1777,3.1001,2,1.0194,1019,220,0,220,0,1,428,1361516495384,1361935392965,418897,0,1,63202,416504,1,,,,437,220,0,1,0,0,1,0,0
440,scan,438,1,1362017132586,,1362017567134,1362019297955,56.307,-0.6740,1.1780,3.1001,2,1.0175,1017,220,0,220,1,1,429,1361566637147,1361974194118,407556,0,1,63202,416131,1,,,,438,220,0,1,0,0,1,0,0
441,scan,439,1,1362066803289,,1362066938958,1362068598825,56.357,-0.6815,1.1783,3.1001,2,1.0062,1006,220,-1,220,0,1,430,1361616931383,1362022592029,405660,0,1,63202,408143,1,,,,439,220,-1,1,0,0,1,0,0
442,scan,440,1,1362116878017,,1362117040232,1362119208669,56.407,-0.6964,1.1790,3.1001,2,1.0111,1011,220,-1,220,0,1,430,,,,1,1,63202,407997,1,,,,440,220,-1,1,0,0,1,0,0
443,scan,441,1,1362166872209,,1362167042248,1362169354115,56.457,-0.7039,1.1793,3.1001,2,1.0110,1010,220,-1,220,1,1,432,1361716261805,1362135219681,418957,0,1,63202,407448,1,,,,441,220,-1,1,0,0,1,0,0
444,scan,442,1,1362216993430,,1362217121107,1362219390901,56.507,-0.7188,1.1799,3.1000,2,1.0054,1005,220,0,220,1,1,432,,,,1,1,63202,407448,1,,,,442,220,0,1,0,0,1,0,0
445,scan,443,1,1362266870014,,1362266999607,1362268520263,56.557,-0.7263,1.1802,3.0999,2,1.0058,1005,220,0,220,1,1,434,1361816971365,1362226234742,409263,0,1,63202,406409,1,,,,443,220,0,1,0,0,1,0,0
446,scan,444,1,1362316909953,,1362317043265,1362319271227,56.607,-0.7412,1.1808,3.0999,2,1.0115,1011,220,0,220,2,1,435,1361866841093,1362269229806,402388,0,1,63202,405900,1,,,,444,220,0,1,0,0,1,0,0
447,scan,445,1,1362366873318,,1362367011166,1362369278960,56.657,-0.7487,1.1811,3.0999,2,1.0041,1004,220,0,220,1,1,436,1361916166335,1362331174296,415007,0,1,63202,406279,1,,,,445,220,0,1,0,0,1,0,0
448,scan,446,1,1362416618320,,1362416740008,1362418332719,56.707,-0.7637,1.1818,3.1000,2,1.0194,1019,220,0,220,2,1,437,1361966779687,1362386355021,419575,0,1,63202,407158,1,,,,446,220,0,1,0,0,1,0,0
449,scan,447,1,1362466705246,,1362466847005,1362468567653,56.757,-0.7711,1.1821,3.1000,2,1.0017,1001,220,0,220,1,1,438,1362017180295,1362425242839,408062,0,1,63202,407524,1,,,,447,220,0,1,0,0,1,0,0
450,scan,448,1,1362516927751,,1362517084540,1362519543174,56.807,-0.7861,1.1827,3.0999,2,1.0100,1009,220,0,220,0,1,439,1362066850989,1362491831154,424980,0,1,63202,408975,1,,,,448,220,0,1,0,0,1,0,0
451,scan,449,1,1362566895004,,1362567061570,1362569261010,56.857,-0.7936,1.1830,3.0999,2,1.0211,1021,220,0,220,2,1,440,1362116934032,1362518223962,401289,0,1,63202,408667,1,,,,449,220,0,1,0,0,1,0,0
452,scan,450,1,1362616836692,,1362616980624,1362618413607,56.907,-0.8085,1.1836,3.1000,2,1.0039,1003,220,0,220,0,1,441,1362166930829,1362590975517,424044,0,1,63202,408922,1,,,,450,220,0,1,0,0,1,0,0
453,scan,451,1,1362666919617,,1362667049415,1362669266675,56.957,-0.8160,1.1839,3.0999,2,1.0160,1016,220,0,220,2,1,442,1362217040708,1362627640161,410599,0,1,63202,408986,1,,,,451,220,0,1,0,0,1,0,0
454,scan,452,1,1362717336692,,1362717467270,1362719333345,57.007,-0.8309,1.1846,3.0999,2,0.9983,998,220,0,220,1,1,443,1362266917535,1362706799083,439881,0,1,63202,410791,1,,,,452,220,0,1,0,0,1,0,0
455,scan,453,1,1362767576467,,1362767728956,1362769392177,57.057,-0.8384,1.1849,3.0999,2,1.0053,1005,220,0,220,1,1,443,,,,1,1,63202,410791,1,,,,453,220,0,1,0,0,1,0,0
456,scan,454,1,1362817503163,,1362817649802,1362819406217,57.107,-0.8533,1.1855,3.0999,2,1.0237,1023,220,0,220,1,1,443,,,,1,1,63202,411249,1,,,,454,220,0,1,0,0,1,0,0
457,scan,455,1,1362867856017,,1362867991202,1362869302693,57.157,-0.8608,1.1858,3.0999,2,0.9991,999,220,0,220,1,1,447,1362466761904,1362864154140,397392,0,1,63202,411292,1,,,,455,220,0,1,0,0,1,0,0
458,scan,456,1,1362917711793,,1362917837287,1362919704991,57.207,-0.8683,1.1861,3.0999,2,0.9948,994,220,0,220,1,1,447,,,,1,1,63202,411292,1,,,,456,220,0,1,0,0,1,0,0
459,scan,457,1,1362967494159,,1362967625821,1362969355283,57.257,-0.8832,1.1867,3.0999,2,1.0007,1000,220,0,220,3,1,448,1362516992448,1362938772198,421779,0,1,63202,411695,1,,,,457,220,0,1,0,0,1,0,0
460,scan,458,1,1363017566778,,1363017730145,1363019374831,57.307,-0.8907,1.1870,3.0999,2,1.0168,1016,220,0,220,3,1,448,,,,1,1,63202,412221,1,,,,458,220,0,1,0,0,1,0,0
461,scan,459,1,1363067534677,,1363067659341,1363069357791,57.357,-0.9057,1.1877,3.0999,2,0.9901,990,220,0,220,3,1,450,1362616885830,1363043183675,426297,0,1,63202,412762,1,,,,459,220,0,1,0,0,1,0,0
462,scan,460,1,1363117619447,,1363117755310,1363119389486,57.407,-0.9131,1.1880,3.0999,2,1.0022,1002,220,0,220,4,1,452,1362717378745,1363114937122,397558,0,1,63202,412219,1,,,,460,220,0,1,0,0,1,0,0
463,scan,461,1,1363167925180,,1363168109223,1363170306164,57.457,-0.9281,1.1886,3.0999,2,0.9991,999,220,0,220,2,1,453,1362767623354,1363156936734,389313,0,1,63202,411130,1,,,,461,220,0,1,0,0,1,0,0
464,scan,462,1,1363217848484,,1363217979417,1363219333140,57.507,-0.9356,1.1889,3.0999,2,0.9860,986,220,0,220,2,1,453,,,,1,1,63202,411658,1,,,,462,220,0,1,0,0,1,0,0
465,scan,463,1,1363268112840,,1363268265093,1363270278997,57.557,-0.9505,1.1895,3.0999,2,0.9882,988,220,-1,220,2,1,455,1362867904263,1363263213678,395309,0,1,63202,411029,1,,,,463,220,-1,1,0,0,1,0,0
466,scan,464,1,1363317685017,,1363317825166,1363320467705,57.607,-0.9580,1.1899,3.0999,2,1.0030,1002,220,-1,220,2,1,455,,,,1,1,63202,411613,1,,,,464,220,-1,1,0,0,1,0,0
467,scan,465,1,1363367438706,,1363367597340,1363369418867,57.657,-0.9729,1.1905,3.0999,2,0.9848,984,220,0,220,1,1,456,1362917755506,1363342109265,424353,0,1,63202,412103,1,,,,465,220,0,1,0,0,1,0,0
468,scan,466,1,1363418628756,,1363418778528,1363420564143,57.707,-0.9804,1.1908,3.0999,2,0.9769,976,220,0,220,3,1,457,1362967539884,1363376345658,408805,0,1,63202,411957,1,,,,466,220,0,1,0,0,1,0,0
469,scan,467,1,1363468216838,,1363468344519,1363470363661,57.757,-0.9953,1.1914,3.0998,2,0.9635,963,220,0,220,1,1,458,1363017624955,1363430298621,412673,0,1,63202,411984,1,,,,467,220,0,1,0,0,1,0,0
470,scan,468,1,1363518304598,,1363518449737,1363520586281,57.807,-1.0028,1.1917,3.0998,2,0.9620,962,220,0,220,1,1,458,,,,1,1,63202,412448,1,,,,468,220,0,1,0,0,1,0,0
471,scan,469,1,1363567927281,,1363568122634,1363570288882,57.857,-1.0178,1.1923,3.0999,2,0.9397,939,220,0,220,1,1,458,,,,1,1,63202,412448,1,,,,469,220,0,1,0,0,1,0,0
472,scan,470,1,1363618031494,,1363618184554,1363620390326,57.907,-1.0252,1.1927,3.0999,2,0.9338,933,220,0,220,1,1,458,,,,1,1,63202,412000,1,,,,470,220,0,1,0,0,1,0,0
473,scan,471,1,1363668088323,,1363668209324,1363670286702,57.957,-1.0402,1.1933,3.0998,2,0.9312,931,220,0,220,1,1,458,,,,1,1,63202,412144,1,,,,471,220,0,1,0,0,1,0,0
474,scan,472,1,1363717972962,,1363718116631,1363720446620,58.007,-1.0477,1.1936,3.0998,2,0.9128,912,220,0,220,1,1,458,,,,1,1,63202,412144,1,,,,472,220,0,1,0,0,1,0,0
475,scan,473,1,1363768277828,,1363768400500,1363770446761,58.057,-1.0551,1.1939,3.0998,3,0.8940,894,0,1000,220,2,1,462,1363217894538,1363764659088,546764,0,1,63202,417529,1,,,,473,0,1000,1,0,0,1,0,0
476,scan,474,1,1363818550425,,1363818695791,1363820577780,58.107,-1.0701,1.1945,3.0999,3,0.8848,884,0,1000,220,-3,1,465,1363367493375,1363771633622,404140,0,1,63202,417014,1,,,,474,0,1000,1,0,0,1,0,0
477,scan,475,1,1363868521305,,1363868650275,1363870364759,58.157,-1.0764,1.1948,3.1006,3,0.8837,883,0,1000,220,-3,1,467,1363468259605,1363863601459,395341,0,1,63202,416211,1,,,,475,0,1000,1,0,0,1,0,0
478,scan,476,1,1363918511190,,1363918645192,1363920532894,58.207,-1.0856,1.1951,3.1099,3,0.8858,885,0,1000,220,-3,1,467,,,,1,1,63202,416380,1,,,,476,0,1000,1,0,0,1,0,0
479,scan,477,1,1363968785381,,1363968913531,1363970419198,58.257,-1.0884,1.1952,3.1160,3,0.8719,871,0,1000,220,-3,1,467,,,,1,1,63202,416279,1,,,,477,0,1000,1,0,0,1,0,0
480,scan,478,1,1364018847039,,1364019003928,1364021392561,58.307,-1.0919,1.1953,3.1297,3,0.8693,869,0,1000,220,-3,1,469,1363567969947,1363972920938,404950,0,1,63202,416175,1,,,,478,0,1000,1,0,0,1,0,0
481,scan,479,1,1364069302855,,1364069446378,1364071865182,58.357,-1.0928,1.1953,-3.1364,3,0.8789,878,0,1000,220,-2,1,471,1363668126691,1364063396053,395269,0,1,63202,415760,1,,,,479,0,1000,1,0,0,1,0,0
482,scan,480,1,1364119325215,,1364119503980,1364121536835,58.407,-1.0931,1.1953,-3.0665,3,0.8651,865,0,1000,220,-2,1,471,,,,1,1,63202,415760,1,,,,480,0,1000,1,0,0,1,0,0
483,scan,481,1,1364169310573,,1364169437044,1364171386135,58.457,-1.0930,1.1953,-3.0222,3,0.8781,878,0,1000,220,-2,1,471,,,,1,1,63202,415626,1,,,,481,0,1000,1,0,0,1,0,0
484,scan,482,1,1364219287567,,1364219414084,1364221388913,58.507,-1.0929,1.1953,-2.9514,3,0.8649,864,0,1000,220,-2,1,471,,,,1,1,63202,415626,1,,,,482,0,1000,1,0,0,1,0,0
485,scan,483,1,1364269483189,,1364269675391,1364271422783,58.557,-1.0929,1.1954,-2.9242,3,0.8709,870,0,1000,220,-2,1,471,,,,1,1,63202,415903,1,,,,483,0,1000,1,0,0,1,0,0
486,scan,484,1,1364319769132,,1364319960588,1364322244457,58.607,-1.0927,1.1954,-2.8609,3,0.8665,866,0,1000,0,999,1,475,1363868567365,1364311209215,442641,0,1,63202,417653,1,,,,484,0,1000,1,0,0,1,0,0
487,scan,485,1,1364369977739,,1364370121086,1364373398881,58.657,-1.0927,1.1954,-2.8228,3,0.8717,871,0,1000,0,999,1,476,1363918556981,1364349110066,430553,0,1,63202,418329,1,,,,485,0,1000,1,0,0,1,0,0
488,scan,486,1,1364419986170,,1364420150863,1364422338904,58.707,-1.0926,1.1955,-2.7503,3,0.8710,870,0,1000,0,999,1,476,,,,1,1,63202,418272,1,,,,486,0,1000,1,0,0,1,0,0
489,scan,487,1,1364469920859,,1364470058901,1364472520735,58.757,-1.0925,1.1955,-2.7186,3,0.8706,870,0,1000,0,999,1,476,,,,1,1,63202,418759,1,,,,487,0,1000,1,0,0,1,0,0
490,scan,488,1,1364520390168,,1364520516597,1364522464234,58.807,-1.0924,1.1955,-2.6545,3,0.8686,868,0,1000,0,999,1,479,1364069353650,1364481876111,412522,0,1,63202,418165,1,,,,488,0,1000,1,0,0,1,0,0
491,scan,489,1,1364569738703,,1364569867223,1364571378963,58.857,-1.0924,1.1956,-2.6195,3,0.8660,865,0,1000,0,999,1,480,1364119384990,1364541487014,422102,0,1,63202,419156,1,,,,489,0,1000,1,0,0,1,0,0
492,scan,490,1,1364619518777,,1364619649416,1364621688939,58.907,-1.0923,1.1956,-2.5836,3,0.8668,866,0,1000,0,999,1,482,1364219330943,1364613103464,393772,0,1,63202,417715,1,,,,490,0,1000,1,0,0,1,0,0
493,scan,491,1,1364669464235,,1364669591157,1364671350283,58.957,-1.0923,1.1957,-2.5150,3,0.8696,869,0,1000,0,999,1,482,,,,1,1,63202,418071,1,,,,491,0,1000,1,0,0,1,0,0
494,scan,492,1,1364719669517,,1364719806532,1364722227154,59.007,-1.0922,1.1957,-2.4823,3,0.8706,870,0,1000,0,999,1,483,1364269557299,1364672890616,403333,0,1,63202,416243,1,,,,492,0,1000,1,0,0,1,0,0
495,scan,493,1,1364769501115,,1364769633942,1364771402271,59.057,-1.0921,1.1958,-2.4153,3,0.8729,872,0,1000,0,999,1,484,1364319842227,1364738782019,418939,0,1,63202,416372,1,,,,493,0,1000,1,0,0,1,0,0
496,scan,494,1,1364819147860,,1364819273782,1364821284107,59.107,-1.0921,1.1959,-2.3806,3,0.8607,860,0,1000,0,999,1,484,,,,1,1,63202,416372,1,,,,494,0,1000,1,0,0,1,0,0
497,scan,495,1,1364869741706,,1364869884820,1364871434362,59.157,-1.0920,1.1959,-2.3118,3,0.8624,862,0,1000,0,999,1,487,1364469968419,1364867118205,397149,0,1,63202,416360,1,,,,495,0,1000,1,0,0,1,0,0
498,scan,496,1,1364919734080,,1364919861941,1364921393486,59.207,-1.0920,1.1960,-2.2782,3,0.8626,862,0,1000,0,999,1,487,,,,1,1,63202,416360,1,,,,496,0,1000,1,0,0,1,0,0
499,scan,497,1,1364969747682,,1364969881412,1364971349126,59.257,-1.0919,1.1961,-2.2109,3,0.7931,793,0,1000,0,999,1,488,1364520428287,1364921568454,401140,0,1,63202,415377,1,,,,497,0,1000,1,0,0,1,0,0
500,scan,498,1,1365019910410,,1365020082521,1365022280890,59.307,-1.0919,1.1961,-2.1768,3,0.7476,747,0,1000,0,999,1,489,1364569783329,1364975342824,405559,0,1,63202,414931,1,,,,498,0,1000,1,0,0,1,0,0
501,scan,499,1,1365069369693,,1365069497477,1365071343335,59.357,-1.0918,1.1962,-2.1083,3,0.7326,732,0,985,0,999,1,490,1364619565044,1365047546035,427980,0,1,63202,415008,1,,,,499,0,985,1,0,0,1,0,0
502,scan,500,1,1365119620607,,1365119752807,1365121328717,59.407,-1.0918,1.1963,-2.0744,3,0.7242,724,0,917,0,999,1,490,,,,1,1,63202,415838,1,,,,500,0,917,1,0,0,1,0,0
503,scan,501,1,1365169853500,,1365169986406,1365171311621,59.457,-1.0918,1.1964,-2.0079,3,0.7122,712,220,784,0,999,1,490,,,,1,1,63202,417165,1,,,,501,220,784,1,0,0,1,0,0
504,scan,502,1,1365219852241,,1365219979328,1365222204593,59.507,-1.0917,1.1964,-1.9769,3,0.7141,714,220,722,0,999,1,490,,,,1,1,63202,417165,1,,,,502,220,722,1,0,0,1,0,0
505,scan,503,1,1365270193093,,1365270311800,1365272519477,59.557,-1.0930,1.1933,-1.9127,3,0.7095,709,220,594,0,999,1,490,,,,1,1,63202,418315,1,,,,503,220,594,1,0,0,1,0,0
506,scan,504,1,1365320131776,,1365320263361,1365322424339,59.607,-1.0940,1.1901,-1.8756,3,0.7156,715,220,521,0,999,1,495,1364869783786,1365275353777,405569,0,1,63202,417678,1,,,,504,220,521,1,0,0,1,0,0
507,scan,505,1,1365369836737,,1365370036090,1365372377998,59.657,-1.0967,1.1802,-1.8001,3,0.7032,703,220,372,0,999,1,495,,,,1,1,63202,417326,1,,,,505,220,372,1,0,0,1,0,0
508,scan,506,1,1365419841999,,1365419968176,1365422255442,59.707,-1.0981,1.1739,-1.7666,3,0.7019,701,220,306,0,999,1,497,1364969791534,1365381720540,411929,0,1,63202,417491,1,,,,506,220,306,1,0,0,1,0,0
509,scan,507,1,1365469833909,,1365469955198,1365471788127,59.757,-1.0993,1.1672,-1.7403,3,0.6945,694,220,254,0,999,1,498,1365019967907,1365438853436,418885,0,1,63202,417818,1,,,,507,220,254,1,0,0,1,0,0
510,scan,508,1,1365520207593,,1365520323725,1365522537251,59.807,-1.1016,1.1527,-1.7223,3,0.6758,675,220,219,0,921,1,500,1365119667835,1365517750644,398082,0,1,63202,416831,1,,,,508,220,219,1,0,0,1,0,0
511,scan,509,1,1365570404125,,1365570603369,1365572326121,59.857,-1.1028,1.1453,-1.7234,3,0.6737,673,220,222,0,921,1,500,,,,1,1,63202,416831,1,,,,509,220,222,1,0,0,1,0,0
512,scan,510,1,1365620702905,,1365620828030,1365622409148,59.907,-1.1050,1.1305,-1.7111,3,0.6639,663,220,199,209,782,1,501,1365169897521,1365576164569,406267,0,1,63202,416328,1,,,,510,220,199,1,0,0,1,0,0
513,scan,511,1,1365670540404,,1365670688333,1365672412487,59.957,-1.1060,1.1231,-1.6980,3,0.6560,656,220,174,220,715,1,502,1365219897377,1365625020259,405122,0,1,63202,415819,1,,,,511,220,174,1,0,0,1,0,0
514,scan,512,1,1365721084797,,1365721233168,1365723518253,60.007,-1.1077,1.1083,-1.6800,3,0.6319,631,220,138,220,578,1,503,1365270234685,1365677683113,407448,0,1,63202,415455,1,,,,512,220,138,1,0,0,1,0,0
515,scan,513,1,1365770675236,,1365770799515,1365772393609,60.057,-1.1085,1.1009,-1.6777,3,0.6411,641,220,134,220,505,1,504,1365320177085,1365733421135,413244,0,1,63202,409649,1,,,,513,220,134,1,0,0,1,0,0
516,scan,514,1,1365820710559,,1365820833425,1365822404397,60.107,-1.1101,1.0860,-1.6726,3,0.6264,626,220,125,220,358,1,505,1365369887038,1365787882636,417995,0,1,63202,410252,1,,,,514,220,125,1,0,0,1,0,0
517,scan,515,1,1365870730920,,1365870862636,1365873248932,60.157,-1.1108,1.0786,-1.6668,3,0.6231,623,220,114,220,294,1,506,1365419885599,1365825578652,405693,0,1,63202,410702,1,,,,515,220,114,1,0,0,1,0,0
518,scan,516,1,1365921005682,,1365921133173,1365923291712,60.207,-1.1122,1.0637,-1.6550,3,0.6126,612,220,91,220,243,1,507,1365469876645,1365872171531,402294,0,1,63202,410352,1,,,,516,220,91,1,0,0,1,0,0
519,scan,517,1,1365970850378,,1365970978186,1365973264494,60.257,-1.1128,1.0562,-1.6517,3,0.5872,587,220,84,220,210,1,508,1365520249263,1365932640602,412391,0,1,63202,410433,1,,,,517,220,84,1,0,0,1,0,0
520,scan,518,1,1366020796654,,1366020926691,1366023218276,60.307,-1.1140,1.0413,-1.6477,3,0.5885,588,220,77,220,213,1,509,1365570514607,1365994616871,424102,0,1,63202,411199,1,,,,518,220,77,1,0,0,1,0,0
521,scan,519,1,1366070968959,,1366071110583,1366073255514,60.357,-1.1145,1.0339,-1.6452,3,0.5865,586,220,72,220,213,1,509,,,,1,1,63202,411863,1,,,,519,220,72,1,0,0,1,0,0
522,scan,520,1,1366121153029,,1366121270560,1366123328224,60.407,-1.1156,1.0189,-1.6387,3,0.5768,576,220,60,220,133,1,512,1365721132823,1366116271407,395138,0,1,63202,411194,1,,,,520,220,60,1,0,0,1,0,0
523,scan,521,1,1366171331237,,1366171453160,1366173382582,60.457,-1.1161,1.0115,-1.6360,3,0.5590,558,220,55,220,133,1,512,,,,1,1,63202,411194,1,,,,521,220,55,1,0,0,1,0,0
524,scan,522,1,1366221546710,,1366221663553,1366223418809,60.507,-1.1171,0.9966,-1.6325,3,0.5544,554,220,48,220,130,1,513,1365770716443,1366192495941,421779,0,1,63202,411601,1,,,,522,220,48,1,0,0,1,0,0
525,scan,523,1,1366271044576,,1366271179863,1366273477522,60.557,-1.1175,0.9891,-1.6311,3,0.5372,537,220,45,220,121,1,514,1365820750974,1366224889723,404138,0,1,63202,411325,1,,,,523,220,45,1,0,0,1,0,0
526,scan,524,1,1366321067037,,1366321196071,1366324601621,60.607,-1.1180,0.9816,-1.6295,3,0.5305,530,220,42,220,121,1,514,,,,1,1,63202,410120,1,,,,524,220,42,1,0,0,1,0,0
527,scan,525,1,1366371006041,,1366371130173,1366373438682,60.657,-1.1188,0.9667,-1.6259,3,0.5257,525,220,35,220,121,1,514,,,,1,1,63202,409303,1,,,,525,220,35,1,0,0,1,0,0
528,scan,526,1,1366421279189,,1366421406323,1366423350393,60.707,-1.1192,0.9592,-1.6245,3,0.5173,517,220,33,220,121,1,514,,,,1,1,63202,409303,1,,,,526,220,33,1,0,0,1,0,0
529,scan,527,1,1366471260478,,1366471383325,1366473381605,60.757,-1.1200,0.9443,-1.6223,3,0.4943,494,220,28,220,70,1,519,1366071026875,1366469421234,398394,0,1,63202,408883,1,,,,527,220,28,1,0,0,1,0,0
530,scan,528,1,1366521523463,,1366521659973,1366523455463,60.807,-1.1204,0.9368,-1.6214,3,0.4896,489,220,27,220,70,1,519,,,,1,1,63202,408738,1,,,,528,220,27,1,0,0,1,0,0
531,scan,529,1,1366571141734,,1366571282314,1366573347990,60.857,-1.1211,0.9219,-1.6193,3,0.4788,478,220,23,220,70,1,519,,,,1,1,63202,408181,1,,,,529,220,23,1,0,0,1,0,0
532,scan,530,1,1366621392032,,1366621523421,1366623367133,60.907,-1.1215,0.9144,-1.6184,3,0.4765,476,220,21,220,47,1,522,1366221584413,1366620700536,399116,0,1,63202,408404,1,,,,530,220,21,1,0,0,1,0,0
533,scan,531,1,1366671493041,,1366671614197,1366673385500,60.957,-1.1222,0.8995,-1.6167,3,0.4698,469,220,18,220,47,1,522,,,,1,1,63202,408404,1,,,,531,220,18,1,0,0,1,0,0
534,scan,532,1,1366721341126,,1366721503233,1366723286579,61.007,-1.1226,0.8920,-1.6160,3,0.4637,463,220,16,220,47,1,522,,,,1,1,63202,408624,1,,,,532,220,16,1,0,0,1,0,0
535,scan,533,1,1366771513353,,1366771640998,1366773437119,61.057,-1.1232,0.8771,-1.6148,3,0.4521,452,220,14,220,40,1,524,1366321111288,1366735703700,414592,0,1,63202,408435,1,,,,533,220,14,1,0,0,1,0,0
536,scan,534,1,1366821786323,,1366821934585,1366823275638,61.107,-1.1235,0.8696,-1.6143,3,0.4488,448,220,13,220,35,1,525,1366371048663,1366801379389,430330,0,1,63202,409347,1,,,,534,220,13,1,0,0,1,0,0
537,scan,535,1,1366871869742,,1366871992563,1366874293423,61.157,-1.1242,0.8547,-1.6134,3,0.4277,427,220,11,220,31,1,526,1366421324270,1366843274213,421949,0,1,63202,410381,1,,,,535,220,11,1,0,0,1,0,0
538,scan,536,1,1366921837156,,1366921984345,1366924348699,61.207,-1.1245,0.8472,-1.6130,3,0.4210,421,220,11,220,27,1,527,1366471304038,1366906447599,435143,0,1,63202,411371,1,,,,536,220,11,1,0,0,1,0,0
539,scan,537,1,1366971613328,,1366971743288,1366973329966,61.257,-1.1251,0.8323,-1.6122,3,0.4151,415,220,9,220,22,1,529,1366571181296,1366970077123,398895,0,1,63202,411281,1,,,,537,220,9,1,0,0,1,0,0
540,scan,538,1,1367021859091,,1367021981778,1367024527586,61.307,-1.1254,0.8248,-1.6118,3,0.4061,406,220,8,220,22,1,529,,,,1,1,63202,411520,1,,,,538,220,8,1,0,0,1,0,0
541,scan,539,1,1367072466504,,1367072712914,1367074509506,61.357,-1.1260,0.8098,-1.6112,3,0.4040,404,220,7,220,22,1,529,,,,1,1,63202,410804,1,,,,539,220,7,1,0,0,1,0,0
542,scan,540,1,1367122079004,,1367122207871,1367124534156,61.407,-1.1263,0.8024,-1.6109,3,0.3870,387,220,7,220,22,1,529,,,,1,1,63202,410804,1,,,,540,205,7,1,1,0,1,0,0
543,scan,541,1,1367172353537,,1367172470191,1367174342413,61.457,-1.1266,0.7949,-1.6107,3,0.3795,379,220,6,220,14,1,533,1366771556927,1367167630312,396073,0,1,63202,410190,1,,,,541,196,6,1,1,0,1,0,0
544,scan,542,1,1367222371231,,1367222512240,1367224593654,61.507,-1.1272,0.7810,-1.6023,3,0.3598,359,220,-11,220,14,1,533,,,,1,1,63202,410190,1,,,,542,174,-11,1,1,0,1,0,0
545,scan,543,1,1367272623592,,1367272749178,1367274442433,61.557,-1.1273,0.7743,-1.5962,3,0.3749,374,220,-23,220,14,1,533,,,,1,1,63202,410190,1,,,,543,191,-23,1,1,0,1,0,0
546,scan,544,1,1367322360054,,1367322500766,1367324464998,61.607,-1.1277,0.7619,-1.5993,3,0.3550,355,220,-17,220,11,1,535,1366871910775,1367316843750,444932,0,1,63202,411830,1,,,,544,170,-17,1,1,0,1,0,0
547,scan,545,1,1367372439826,,1367372564532,1367374279682,61.657,-1.1279,0.7554,-1.6055,3,0.3614,361,220,-4,220,11,1,536,1366921893356,1367325186671,403293,0,1,63202,411489,1,,,,545,177,-4,1,1,0,1,0,0
548,scan,546,1,1367422616558,,1367422742126,1367424436597,61.707,-1.1283,0.7436,-1.6084,3,0.3366,336,220,1,220,11,1,536,,,,1,1,63202,411471,1,,,,546,149,1,1,1,0,1,0,0
549,scan,547,1,1367472546891,,1367472673766,1367474373866,61.757,-1.1285,0.7376,-1.6048,3,0.3463,346,220,-6,220,9,1,538,1367021902303,1367426921612,405019,0,1,63202,410893,1,,,,547,160,-6,1,1,0,1,0,0
550,scan,548,1,1367522495233,,1367522625750,1367524703319,61.807,-1.1288,0.7271,-1.6012,3,0.3382,338,220,-13,220,7,1,539,1367072543513,1367475150141,402606,0,1,63202,411081,1,,,,548,151,-13,1,1,0,1,0,0
551,scan,549,1,1367572843141,,1367572971792,1367574311969,61.857,-1.1290,0.7216,-1.6034,3,0.3222,322,220,-9,220,7,1,540,1367122125014,1367540409596,418284,0,1,63202,411369,1,,,,549,134,-9,1,1,0,1,0,0
552,scan,550,1,1367622404621,,1367622539137,1367624325436,61.907,-1.1294,0.7116,-1.6076,3,0.3338,333,220,0,220,7,1,540,,,,1,1,63202,411582,1,,,,550,146,0,1,1,0,1,0,0
553,scan,551,1,1367672583559,,1367672794632,1367674457458,61.957,-1.1295,0.7071,-1.6070,3,0.3252,325,220,-2,220,7,1,540,,,,1,1,63202,411863,1,,,,551,137,-2,1,1,0,1,0,0
554,scan,552,1,1367722700941,,1367722861640,1367724546849,62.007,-1.1299,0.6972,-1.6043,3,0.3296,329,220,-7,220,-22,1,543,1367272669289,1367691321942,418652,0,1,63202,412350,1,,,,552,141,-7,1,1,0,1,0,0
555,scan,553,1,1367772826697,,1367772952238,1367775326584,62.057,-1.1300,0.6925,-1.6044,3,0.3156,315,220,-7,220,-2,1,545,1367372482504,1367763731781,391249,0,1,63202,411394,1,,,,553,126,-7,1,1,0,1,0,0
556,scan,554,1,1367823086534,,1367823250386,1367825417933,62.107,-1.1303,0.6836,-1.6066,3,0.3138,313,220,-2,220,-2,1,545,,,,1,1,63202,411094,1,,,,554,124,-2,1,1,0,1,0,0
557,scan,555,1,1367872722218,,1367872899729,1367874327993,62.157,-1.1305,0.6793,-1.6070,3,0.3141,314,220,-1,220,-4,1,547,1367472591236,1367868113620,395522,0,1,63202,410631,1,,,,555,125,-1,1,1,0,1,0,0
558,scan,556,1,1367923014594,,1367923208906,1367925464787,62.207,-1.1308,0.6708,-1.6062,3,0.2997,299,220,-3,220,-12,1,548,1367522540979,1367915003740,392462,0,1,63202,410184,1,,,,556,108,-3,1,1,0,1,0,0
559,scan,557,1,1367973048222,,1367973235678,1367975325034,62.257,-1.1309,0.6666,-1.6059,3,0.3129,312,220,-4,220,-12,1,548,,,,1,1,63202,410079,1,,,,557,123,-4,1,1,0,1,0,0
560,scan,558,1,1368022908431,,1368023032155,1368025235162,62.307,-1.1311,0.6630,-1.6060,3,0.2965,296,220,-3,220,-8,1,549,1367572887266,1367973417056,400529,0,1,63202,408957,1,,,,558,105,-3,1,1,0,1,0,0
561,scan,559,1,1368073049060,,1368073213934,1368075292051,62.357,-1.1314,0.6547,-1.6073,3,0.3073,307,220,-1,220,1,1,550,1367622449000,1368027278010,404829,0,1,63202,408769,1,,,,559,117,-1,1,1,0,1,0,0
562,scan,560,1,1368123348131,,1368123478578,1368125831993,62.407,-1.1315,0.6511,-1.6075,3,0.3126,312,220,-1,220,1,1,550,,,,1,1,63202,409418,1,,,,560,123,-1,1,1,0,1,0,0
563,scan,561,1,1368173473133,,1368173600715,1368175456512,62.457,-1.1318,0.6429,-1.6070,3,0.2916,291,220,-2,220,-7,1,552,1367722756950,1368153371083,430614,0,1,63202,410382,1,,,,561,100,-2,1,1,0,1,0,0
564,scan,562,1,1368223877379,,1368224145987,1368226329288,62.507,-1.1319,0.6388,-1.6068,3,0.2974,297,220,-2,220,-7,1,553,1367772871380,1368179578195,406706,0,1,63202,409697,1,,,,562,106,-2,1,1,0,1,0,0
565,scan,563,1,1368273359399,,1368273495260,1368276369145,62.557,-1.1322,0.6320,-1.6072,3,0.2912,291,220,-1,220,-1,1,554,1367823130516,1368238236102,415105,0,1,63202,410195,1,,,,563,100,-1,1,1,0,1,0,0
566,scan,564,1,1368324032348,,1368324204283,1368326328432,62.607,-1.1323,0.6284,-1.6075,3,0.2979,297,220,-1,220,-1,1,555,1367872772742,1368305011423,432238,0,1,63202,411154,1,,,,564,106,-1,1,1,0,1,0,0
567,scan,565,1,1368373995744,,1368374148080,1368376331356,62.657,-1.1326,0.6214,-1.6075,3,0.2764,276,220,-1,220,-3,1,557,1367973103256,1368371774094,398670,0,1,63202,410633,1,,,,565,100,-1,1,1,0,1,0,0
568,scan,566,1,1368423697848,,1368423847094,1368426251478,62.707,-1.1327,0.6178,-1.6074,3,0.2834,283,220,-1,220,-3,1,557,,,,1,1,63202,410633,1,,,,566,100,-1,1,1,0,1,0,0
569,scan,567,1,1368473389798,,1368473511148,1368475442612,62.757,-1.1330,0.6110,-1.6074,3,0.2951,295,220,-1,220,-3,1,557,,,,1,1,63202,411166,1,,,,567,104,-1,1,1,0,1,0,0
570,scan,568,1,1368523321547,,1368523457574,1368525410581,62.807,-1.1331,0.6076,-1.6076,3,0.2916,291,220,0,220,-1,1,559,1368073101093,1368483914373,410813,0,1,63202,411151,1,,,,568,100,0,1,1,0,1,0,0
571,scan,569,1,1368573328788,,1368573498684,1368575397331,62.857,-1.1333,0.6006,-1.6077,3,0.2825,282,220,0,220,-1,1,559,,,,1,1,63202,411151,1,,,,569,100,0,1,1,0,1,0,0
572,scan,570,1,1368623224858,,1368623343555,1368625680491,62.907,-1.1335,0.5972,-1.6076,3,0.2730,272,220,0,220,-1,1,561,1368173517771,1368594067086,420549,0,1,63202,412044,1,,,,570,100,0,1,1,0,1,0,0
573,scan,571,1,1368673721705,,1368673857361,1368676385165,62.957,-1.1337,0.5904,-1.6075,3,0.2859,285,220,-1,220,-1,1,561,,,,1,1,63202,412044,1,,,,571,100,-1,1,1,0,1,0,0
574,scan,572,1,1368723960903,,1368724293992,1368726378300,63.007,-1.1338,0.5870,-1.6075,3,0.2982,298,220,-1,220,-1,1,563,1368273405025,1368673936716,400531,0,1,63202,411583,1,,,,572,107,-1,1,1,0,1,0,0
575,scan,573,1,1368773791608,,1368773903843,1368775347732,63.057,-1.1341,0.5800,-1.6077,3,0.2778,277,220,0,220,1,1,565,1368374050285,1368767951436,393901,0,1,63202,410756,1,,,,573,100,0,1,1,0,1,0,0
576,scan,574,1,1368823789176,,1368823928197,1368826366302,63.107,-1.1342,0.5764,-1.6077,3,0.2771,277,220,0,220,1,1,565,,,,1,1,63202,409940,1,,,,574,100,0,1,1,0,1,0,0
577,scan,575,1,1368873858543,,1368873982375,1368876272128,63.157,-1.1344,0.5730,-1.6077,3,0.2820,281,220,0,220,-1,1,567,1368473433631,1368871493093,398059,0,1,63202,408945,1,,,,575,100,0,1,1,0,1,0,0
578,scan,576,1,1368923865301,,1368924093979,1368926310228,63.207,-1.1346,0.5662,-1.6077,3,0.2918,291,220,0,220,-1,1,567,,,,1,1,63202,407806,1,,,,576,100,0,1,1,0,1,0,0
579,scan,577,1,1368973764801,,1368973892775,1368975313305,63.257,-1.1347,0.5628,-1.6077,3,0.2801,280,220,0,220,1,1,568,1368523368993,1368939150686,415781,0,1,63202,408540,1,,,,577,100,0,1,1,0,1,0,0
580,scan,578,1,1369023725181,,1369023855028,1369025333214,63.307,-1.1350,0.5560,-1.6077,3,0.2916,291,220,0,220,1,1,568,,,,1,1,63202,408540,1,,,,578,100,0,1,1,0,1,0,0
581,scan,579,1,1369073616709,,1369073752408,1369075342268,63.357,-1.1351,0.5526,-1.6077,3,0.3003,300,220,0,220,0,1,570,1368623269578,1369030918247,407648,0,1,63202,408503,1,,,,579,110,0,1,1,0,1,0,0
582,scan,580,1,1369123834917,,1369123979832,1369125342674,63.407,-1.1354,0.5455,-1.6077,3,0.2974,297,220,0,220,0,1,570,,,,1,1,63202,408503,1,,,,580,106,0,1,1,0,1,0,0
583,scan,581,1,1369173980433,,1369174128528,1369176465089,63.457,-1.1355,0.5417,-1.6077,3,0.2960,296,220,0,220,1,1,572,1368724063425,1369157774616,433711,0,1,63202,410071,1,,,,581,105,0,1,1,0,1,0,0
584,scan,582,1,1369223954130,,1369224131760,1369226331682,63.507,-1.1358,0.5345,-1.6077,3,0.2898,289,220,0,220,1,1,572,,,,1,1,63202,410071,1,,,,582,100,0,1,1,0,1,0,0
585,scan,583,1,1369274727360,,1369274847168,1369276464740,63.557,-1.1359,0.5310,-1.6077,3,0.3114,311,220,0,220,1,1,574,1368823837088,1369264883147,441046,0,1,63202,411310,1,,,,583,122,0,1,1,0,1,0,0
586,scan,584,1,1369324792528,,1369324939737,1369327485944,63.607,-1.1362,0.5232,-1.6077,3,0.3363,336,220,0,220,0,1,575,1368873905489,1369276729681,402824,0,1,63202,409626,1,,,,584,149,0,1,1,0,1,0,0
587,scan,585,1,1369374815952,,1369374963073,1369376487959,63.657,-1.1363,0.5191,-1.6078,3,0.3174,317,220,0,220,1,1,576,1368923925869,1369346107585,422181,0,1,63202,410381,1,,,,585,128,0,1,1,0,1,0,0
588,scan,586,1,1369424782406,,1369424907980,1369426364592,63.707,-1.1367,0.5095,-1.6079,3,1.0690,1069,220,0,220,1,1,577,1368973809559,1369386711054,412901,0,1,63202,410478,1,,,,586,220,0,1,0,0,1,0,0
589,scan,587,1,1369474839880,,1369474962093,1369476641105,63.757,-1.1369,0.5051,-1.6079,3,1.0795,1079,220,0,220,1,1,579,1369073663876,1369473561368,399897,0,1,63202,410281,1,,,,587,220,0,1,0,0,1,0,0
590,scan,588,1,1369525061957,,1369525231318,1369527306680,63.807,-1.1373,0.4930,-1.6079,3,1.0738,1073,220,0,220,1,1,579,,,,1,1,63202,410588,1,,,,588,220,0,1,0,0,1,0,0
591,scan,589,1,1369575275440,,1369575445200,1369577449974,63.857,-1.1376,0.4855,-1.6078,3,1.0624,1062,220,0,220,1,1,579,,,,1,1,63202,410267,1,,,,589,220,0,1,0,0,1,0,0
592,scan,590,1,1369625226348,,1369625344996,1369627356186,63.907,-1.1381,0.4706,-1.6079,3,1.0758,1075,220,0,220,1,1,581,1369174030880,1369608643021,434612,0,1,63202,411241,1,,,,590,220,0,1,0,0,1,0,0
593,scan,591,1,1369675058248,,1369675188041,1369677308489,63.957,-1.1384,0.4631,-1.6079,3,1.0641,1064,220,0,220,1,1,581,,,,1,1,63202,411241,1,,,,591,220,0,1,0,0,1,0,0
594,scan,592,1,1369725274676,,1369725428651,1369727363920,64.007,-1.1387,0.4556,-1.6079,3,1.0566,1056,220,0,220,1,1,583,1369274771457,1369705075985,430304,0,1,63202,411707,1,,,,592,220,0,1,0,0,1,0,0
595,scan,593,1,1369775242960,,1369775384719,1369777431421,64.057,-1.1393,0.4407,-1.6079,3,1.0790,1079,220,0,220,1,1,584,1369324844292,1369743513649,418669,0,1,63202,412804,1,,,,593,220,0,1,0,0,1,0,0
596,scan,594,1,1369824928634,,1369825085221,1369827283804,64.107,-1.1395,0.4332,-1.6079,3,1.0543,1054,220,0,220,0,1,585,1369374867002,1369778644304,403777,0,1,63202,412457,1,,,,594,220,0,1,0,0,1,0,0
597,scan,595,1,1369874765908,,1369874882645,1369876521948,64.157,-1.1401,0.4182,-1.6079,3,1.0703,1070,220,0,220,1,1,587,1369474884728,1369869726952,394842,0,1,63202,412431,1,,,,595,220,0,1,0,0,1,0,0
598,scan,596,1,1369924886257,,1369925038780,1369927217804,64.207,-1.1404,0.4108,-1.6079,3,1.0541,1054,220,0,220,0,1,588,1369525119493,1369917841807,392722,0,1,63202,412441,1,,,,596,220,0,1,0,0,1,0,0
599,scan,597,1,1369975083198,,1369975210568,1369977298563,64.257,-1.1409,0.3958,-1.6079,3,1.0677,1067,220,0,220,0,1,588,,,,1,1,63202,412441,1,,,,597,220,0,1,0,0,1,0,0
600,scan,598,1,1370024777320,,1370024904584,1370026575500,64.307,-1.1412,0.3883,-1.6079,3,1.0655,1065,220,0,220,1,1,589,1369575326124,1369980386826,405060,0,1,63202,412615,1,,,,598,220,0,1,0,0,1,0,0
601,scan,599,1,1370074741963,,1370074880877,1370076517417,64.357,-1.1417,0.3734,-1.6079,3,1.0714,1071,220,0,220,1,1,590,1369625263948,1370041902520,416638,0,1,63202,413069,1,,,,599,220,0,1,0,0,1,0,0
602,scan,600,1,1370124920568,,1370125043035,1370127238383,64.407,-1.1420,0.3659,-1.6079,3,1.0571,1057,220,0,220,1,1,592,1369725330408,1370121450296,396119,0,1,63202,412441,1,,,,600,220,0,1,0,0,1,0,0
603,scan,601,1,1370175275636,,1370175395398,1370177438265,64.457,-1.1426,0.3509,-1.6079,3,1.0754,1075,220,0,220,1,1,592,,,,1,1,63202,411742,1,,,,601,220,0,1,0,0,1,0,0
604,scan,602,1,1370225658772,,1370225815741,1370227457982,64.507,-1.1429,0.3435,-1.6079,3,1.0491,1049,220,0,220,1,1,592,,,,1,1,63202,411944,1,,,,602,220,0,1,0,0,1,0,0
605,scan,603,1,1370275884157,,1370275999307,1370278256025,64.557,-1.1434,0.3285,-1.6079,3,1.0800,1080,220,0,220,1,1,595,1369874806533,1370273814618,399008,0,1,63202,411300,1,,,,603,220,0,1,0,0,1,0,0
606,scan,604,1,1370325830271,,1370325970223,1370328316309,64.607,-1.1437,0.3211,-1.6079,3,1.0676,1067,220,0,220,0,1,596,1369924934940,1370323826662,398891,0,1,63202,409966,1,,,,604,220,0,1,0,0,1,0,0
607,scan,605,1,1370375771986,,1370375897929,1370377388418,64.657,-1.1442,0.3061,-1.6079,3,1.0642,1064,220,0,220,1,1,597,1369975124628,1370368141586,393016,0,1,63202,409740,1,,,,605,220,0,1,0,0,1,0,0
608,scan,606,1,1370425709897,,1370425837485,1370427337377,64.707,-1.1445,0.2986,-1.6079,3,1.0437,1043,220,0,220,1,1,597,,,,1,1,63202,409740,1,,,,606,220,0,1,0,0,1,0,0
609,scan,607,1,1370475905863,,1370476049424,1370478212161,64.757,-1.1451,0.2837,-1.6079,3,1.0805,1080,220,0,220,1,1,597,,,,1,1,63202,409740,1,,,,607,220,0,1,0,0,1,0,0
610,scan,608,1,1370525637923,,1370525762949,1370527397189,64.807,-1.1454,0.2762,-1.6079,3,1.0736,1073,220,0,220,1,1,600,1370124963020,1370521594194,396631,0,1,63202,409173,1,,,,608,220,0,1,0,0,1,0,0
611,scan,609,1,1370575801567,,1370575984321,1370578321426,64.857,-1.1456,0.2687,-1.6079,3,1.0607,1060,220,0,220,1,1,600,,,,1,1,63202,409173,1,,,,609,220,0,1,0,0,1,0,0
612,scan,610,1,1370625757002,,1370625916374,1370627386779,64.907,-1.1462,0.2538,-1.6079,3,1.0539,1053,220,0,220,1,1,601,1370175313099,1370583886548,408573,0,1,63202,408694,1,,,,610,220,0,1,0,0,1,0,0
613,scan,611,1,1370675704440,,1370675839848,1370677425513,64.957,-1.1465,0.2463,-1.6079,3,1.0520,1052,220,0,220,1,1,602,1370225705099,1370628961783,403256,0,1,63202,408485,1,,,,611,220,0,1,0,0,1,0,0
614,scan,612,1,1370726055268,,1370726179051,1370728472718,65.007,-1.1470,0.2314,-1.6079,3,1.0446,1044,220,0,220,0,1,603,1370275923527,1370705346568,429423,0,1,63202,409596,1,,,,612,220,0,1,0,0,1,0,0
615,scan,613,1,1370776606354,,1370776749472,1370778390438,65.057,-1.1473,0.2239,-1.6079,3,1.0552,1055,220,0,220,0,1,603,,,,1,1,63202,410224,1,,,,613,220,0,1,0,0,1,0,0
616,scan,614,1,1370826661007,,1370826822068,1370828591230,65.107,-1.1478,0.2089,-1.6079,3,1.0599,1059,220,0,220,1,1,606,1370425753466,1370823284416,397530,0,1,63202,409735,1,,,,614,220,0,1,0,0,1,0,0
617,scan,615,1,1370876892196,,1370877028308,1370879209387,65.157,-1.1481,0.2015,-1.6079,3,1.0514,1051,220,0,220,1,1,606,,,,1,1,63202,410202,1,,,,615,220,0,1,0,0,1,0,0
618,scan,616,1,1370926350301,,1370926481267,1370928609456,65.207,-1.1487,0.1865,-1.6079,3,1.0658,1065,220,0,220,1,1,606,,,,1,1,63202,410202,1,,,,616,220,0,1,0,0,1,0,0
619,scan,617,1,1370976170638,,1370976288671,1370978373746,65.257,-1.1490,0.1790,-1.6079,3,1.0549,1054,220,0,220,1,1,606,,,,1,1,63202,409970,1,,,,617,220,0,1,0,0,1,0,0
620,scan,618,1,1371026058510,,1371026274574,1371028339069,65.307,-1.1495,0.1641,-1.6079,3,1.0413,1041,220,0,220,1,1,606,,,,1,1,63202,409970,1,,,,618,220,0,1,0,0,1,0,0
621,scan,619,1,1371076129416,,1371076281112,1371078325225,65.357,-1.1498,0.1566,-1.6079,3,1.0500,1050,220,0,220,1,1,606,,,,1,1,63202,410071,1,,,,619,220,0,1,0,0,1,0,0
622,scan,620,1,1371125907069,,1371126038565,1371128315959,65.407,-1.1503,0.1417,-1.6079,3,1.0465,1046,220,0,220,1,1,606,,,,1,1,63202,410071,1,,,,620,220,0,1,0,0,1,0,0
623,scan,621,1,1371176309541,,1371176446532,1371178387975,65.457,-1.1506,0.1342,-1.6079,3,1.0321,1032,220,0,220,1,1,606,,,,1,1,63202,408996,1,,,,621,220,0,1,0,0,1,0,0
624,scan,622,1,1371226412967,,1371226533307,1371228476101,65.507,-1.1512,0.1192,-1.6079,3,1.0255,1025,220,0,220,1,1,614,1370826712686,1371221876653,395163,0,1,63202,408395,1,,,,622,220,0,1,0,0,1,0,0
625,scan,623,1,1371277121042,,1371277279457,1371279314804,65.557,-1.1515,0.1118,-1.6079,3,1.0261,1026,220,0,220,1,1,615,1370876934155,1371272940564,396006,0,1,63202,406437,1,,,,623,220,0,1,0,0,1,0,0
626,scan,624,1,1371327400693,,1371327737255,1371329337672,65.607,-1.1520,0.0968,-1.6079,3,1.0243,1024,220,0,220,1,1,616,1370926395712,1371327571918,401176,0,1,63202,406365,1,,,,624,220,0,1,0,0,1,0,0
627,scan,625,1,1371376619060,,1371376758686,1371378413649,65.657,-1.1523,0.0893,-1.6079,3,1.0134,1013,220,0,220,1,1,616,,,,1,1,63202,405646,1,,,,625,220,0,1,0,0,1,0,0
628,scan,626,1,1371426805609,,1371426955033,1371428380129,65.707,-1.1526,0.0819,-1.6079,3,1.0002,1000,220,0,220,1,1,617,1370976210975,1371399015143,422804,0,1,63202,406096,1,,,,626,220,0,1,0,0,1,0,0
629,scan,627,1,1371476961495,,1371477109616,1371479384818,65.757,-1.1531,0.0669,-1.6079,3,0.9936,993,220,0,220,1,1,617,,,,1,1,63202,406391,1,,,,627,220,0,1,0,0,1,0,0
630,scan,628,1,1371526809863,,1371527059885,1371529284007,65.807,-1.1534,0.0594,-1.6079,3,0.9874,987,220,0,220,1,1,619,1371076174798,1371478963992,402789,0,1,63202,406228,1,,,,628,220,0,1,0,0,1,0,0
631,scan,629,1,1371576800357,,1371576933811,1371578330117,65.857,-1.1539,0.0445,-1.6079,3,0.9738,973,220,0,220,1,1,619,,,,1,1,63202,406228,1,,,,629,220,0,1,0,0,1,0,0
632,scan,630,1,1371627848681,,1371628048837,1371630322365,65.907,-1.1542,0.0370,-1.6079,3,0.9733,973,220,0,220,2,1,621,1371176359643,1371609161732,432802,0,1,63202,406145,1,,,,630,220,0,1,0,0,1,0,0
633,scan,631,1,1371677058514,,1371677212698,1371679377796,65.957,-1.1548,0.0221,-1.6079,3,0.9525,952,220,0,220,2,1,621,,,,1,1,63202,406145,1,,,,631,220,0,1,0,0,1,0,0
634,scan,632,1,1371727055984,,1371727207295,1371729477011,66.007,-1.1551,0.0146,-1.6079,3,0.9609,960,220,0,220,0,1,623,1371277177030,1371681812254,404635,0,1,63202,404979,1,,,,632,220,0,1,0,0,1,0,0
635,scan,633,1,1371777066584,,1371777189921,1371779315136,66.057,-1.1556,-0.0004,-1.6079,3,0.9435,943,220,0,220,1,1,624,1371327480273,1371733371434,405891,0,1,63202,404398,1,,,,633,220,0,1,0,0,1,0,0
636,scan,634,1,1371827858138,,1371828097675,1371830283073,66.107,-1.1559,-0.0078,-1.6079,3,0.9364,936,220,0,220,1,1,624,,,,1,1,63202,404427,1,,,,634,220,0,1,0,0,1,0,0
637,scan,635,1,1371878076528,,1371878201509,1371880362253,66.157,-1.1564,-0.0228,-1.6079,3,0.9271,927,220,0,220,2,1,626,1371426856324,1371845050689,418194,0,1,63202,405539,1,,,,635,220,0,1,0,0,1,0,0
638,scan,636,1,1371927636486,,1371927759529,1371929287603,66.207,-1.1567,-0.0303,-1.6079,3,0.9191,919,220,0,220,1,1,627,1371477011859,1371921921559,444909,0,1,63202,408024,1,,,,636,220,0,1,0,0,1,0,0
639,scan,637,1,1371977482490,,1371977607935,1371979281250,66.257,-1.1573,-0.0452,-1.6079,3,0.9218,921,220,0,220,1,1,628,1371526916284,1371954359745,427443,0,1,63202,408907,1,,,,637,220,0,1,0,0,1,0,0
640,scan,638,1,1372027855352,,1372027977470,1372030230805,66.307,-1.1576,-0.0527,-1.6079,3,0.9008,900,220,0,220,1,1,630,1371627902551,1372024837934,396935,0,1,63202,408538,1,,,,638,220,0,1,0,0,1,0,0
641,scan,639,1,1372077158611,,1372077287379,1372079293224,66.357,-1.1581,-0.0676,-1.6079,3,0.9240,924,220,0,220,1,1,630,,,,1,1,63202,408152,1,,,,639,220,0,1,0,0,1,0,0
642,scan,640,1,1372126819579,,1372126964985,1372128417271,66.407,-1.1584,-0.0751,-1.6079,3,0.8831,883,220,0,220,1,1,632,1371727096133,1372121618050,394521,0,1,63202,408076,1,,,,640,220,0,1,0,0,1,0,0
643,scan,641,1,1372177366661,,1372177497152,1372179306751,66.457,-1.1589,-0.0901,-1.6079,3,0.8983,898,220,0,220,1,1,632,,,,1,1,63202,408076,1,,,,641,220,0,1,0,0,1,0,0
644,scan,642,1,1372227408384,,1372227552023,1372229464214,66.507,-1.1592,-0.0975,-1.6079,3,0.8957,895,220,0,220,2,1,633,1371777106880,1372213278070,436171,0,1,63202,409353,1,,,,642,220,0,1,0,0,1,0,0
645,scan,643,1,1372277737198,,1372277878399,1372279337864,66.557,-1.1595,-0.1050,-1.6079,3,0.8792,879,220,0,220,2,1,633,,,,1,1,63202,409846,1,,,,643,220,0,1,0,0,1,0,0
646,scan,644,1,1372327540395,,1372327667028,1372329452325,66.607,-1.1601,-0.1200,-1.6079,3,0.8828,882,220,0,220,2,1,633,,,,1,1,63202,410393,1,,,,644,220,0,1,0,0,1,0,0
647,scan,645,1,1372377724552,,1372377859647,1372380502621,66.657,-1.1603,-0.1274,-1.6079,3,0.8764,876,220,0,220,2,1,636,1371927679994,1372354140712,426460,0,1,63202,412066,1,,,,645,220,0,1,0,0,1,0,0
648,scan,646,1,1372427581989,,1372427702683,1372429289225,66.707,-1.1609,-0.1424,-1.6079,3,0.8798,879,220,0,220,2,1,638,1372027899240,1372425589920,397690,0,1,63202,411381,1,,,,646,220,0,1,0,0,1,0,0
649,scan,647,1,1372477921348,,1372478084523,1372480515945,66.757,-1.1612,-0.1499,-1.6079,3,0.8643,864,220,0,220,2,1,638,,,,1,1,63202,411381,1,,,,647,220,0,1,0,0,1,0,0
650,scan,648,1,1372527688848,,1372527809289,1372529423557,66.807,-1.1617,-0.1648,-1.6079,3,0.8514,851,220,0,220,1,1,640,1372126870435,1372523991097,397120,0,1,63202,411404,1,,,,648,220,0,1,0,0,1,0,0
651,scan,649,1,1372577913330,,1372578047227,1372580460864,66.857,-1.1620,-0.1723,-1.6079,3,0.8704,870,220,0,220,1,1,641,1372177404130,1372567905868,390501,0,1,63202,410454,1,,,,649,220,0,1,0,0,1,0,0
652,scan,650,1,1372627781844,,1372627931111,1372629341899,66.907,-1.1625,-0.1872,-1.6079,3,0.8738,873,220,0,220,1,1,641,,,,1,1,63202,410544,1,,,,650,220,0,1,0,0,1,0,0
653,scan,651,1,1372677942950,,1372678080544,1372680439181,66.957,-1.1628,-0.1947,-1.6079,3,0.8440,843,220,0,220,1,1,643,1372277779513,1372675150709,397371,0,1,63202,410264,1,,,,651,220,0,1,0,0,1,0,0
654,scan,652,1,1372727665465,,1372727784794,1372729500786,67.007,-1.1634,-0.2097,-1.6079,3,0.8783,878,220,0,220,1,1,643,,,,1,1,63202,409306,1,,,,652,220,0,1,0,0,1,0,0
655,scan,653,1,1372778134618,,1372778281917,1372780607662,67.057,-1.1637,-0.2171,-1.6079,3,0.8874,887,220,0,220,1,1,644,1372327586404,1372740239258,412652,0,1,63202,409465,1,,,,653,220,0,1,0,0,1,0,0
656,scan,654,1,1372828287048,,1372828416459,1372830383207,67.107,-1.1642,-0.2321,-1.6079,3,0.8745,874,220,0,220,1,1,645,1372377772674,1372784474254,406701,0,1,63202,409902,1,,,,654,220,0,1,0,0,1,0,0
657,scan,655,1,1372878343416,,1372878466040,1372880630182,67.157,-1.1645,-0.2396,-1.6079,3,0.8869,886,220,0,220,1,1,645,,,,1,1,63202,409902,1,,,,655,220,0,1,0,0,1,0,0
658,scan,656,1,1372928403902,,1372928525272,1372930343358,67.207,-1.1650,-0.2545,-1.6079,3,0.9015,901,220,0,220,1,1,647,1372477980843,1372886340944,408360,0,1,63202,409832,1,,,,656,220,0,1,0,0,1,0,0
659,scan,657,1,1372978353127,,1372978477311,1372980394874,67.257,-1.1653,-0.2620,-1.6079,3,1.0455,1045,220,0,220,1,1,647,,,,1,1,63202,409832,1,,,,657,220,0,1,0,0,1,0,0
660,scan,658,1,1373028286772,,1373028405113,1373030344896,67.307,-1.1659,-0.2769,-1.6079,3,1.0335,1033,220,0,220,1,1,647,,,,1,1,63202,409832,1,,,,658,220,0,1,0,0,1,0,0
661,scan,659,1,1373078160166,,1373078299510,1373080347085,67.357,-1.1662,-0.2844,-1.6079,3,1.0348,1034,220,0,220,2,1,651,1372677986854,1373075619122,397632,0,1,63202,409301,1,,,,659,220,0,1,0,0,1,0,0
662,scan,660,1,1373128260114,,1373128407319,1373130457478,67.407,-1.1664,-0.2919,-1.6079,3,1.0468,1046,220,0,220,1,1,652,1372727704823,1373124945177,397240,0,1,63202,408799,1,,,,660,220,0,1,0,0,1,0,0
663,scan,661,1,1373178342553,,1373178465039,1373180376243,67.457,-1.1670,-0.3068,-1.6079,3,1.0287,1028,220,0,220,1,1,652,,,,1,1,63202,408799,1,,,,661,220,0,1,0,0,1,0,0
664,scan,662,1,1373228928738,,1373229087486,1373231247086,67.507,-1.1673,-0.3143,-1.6079,3,1.0270,1027,220,0,220,2,1,653,1372778177234,1373186109650,407932,0,1,63202,409331,1,,,,662,220,0,1,0,0,1,0,0
665,scan,663,1,1373278687926,,1373278813225,1373280422408,67.557,-1.1678,-0.3293,-1.6079,3,1.0280,1027,220,0,220,1,1,654,1372828330639,1373259600030,431269,0,1,63202,410800,1,,,,663,220,0,1,0,0,1,0,0
666,scan,664,1,1373328850539,,1373329001934,1373331265339,67.607,-1.1681,-0.3367,-1.6079,3,1.0181,1018,220,0,220,1,1,655,1372878386239,1373282118746,403732,0,1,63202,410906,1,,,,664,220,0,1,0,0,1,0,0
667,scan,665,1,1373378757169,,1373378878881,1373380338540,67.657,-1.1687,-0.3517,-1.6079,3,1.0296,1029,220,0,220,2,1,656,1372928442730,1373350808839,422366,0,1,63202,411365,1,,,,665,220,0,1,0,0,1,0,0
668,scan,666,1,1373429171055,,1373429336020,1373431373163,67.707,-1.1689,-0.3592,-1.6079,3,1.0196,1019,220,0,220,2,1,658,1373028322512,1373420329366,392006,0,1,63202,410133,1,,,,666,220,0,1,0,0,1,0,0
669,scan,667,1,1373479287952,,1373479415847,1373481354882,67.757,-1.1695,-0.3741,-1.6079,3,1.0390,1039,220,0,220,1,1,659,1373078210320,1373471387074,393176,0,1,63202,409481,1,,,,667,220,0,1,0,0,1,0,0
670,scan,668,1,1373529458615,,1373529581991,1373531343628,67.807,-1.1698,-0.3816,-1.6079,3,1.0210,1021,220,0,220,1,1,659,,,,1,1,63202,409748,1,,,,668,220,0,1,0,0,1,0,0
671,scan,669,1,1373579407313,,1373579540164,1373581411130,67.857,-1.1703,-0.3965,-1.6079,3,1.0188,1018,220,0,220,1,1,659,,,,1,1,63202,409748,1,,,,669,220,0,1,0,0,1,0,0
672,scan,670,1,1373629582302,,1373629713775,1373631674348,67.907,-1.1706,-0.4040,-1.6079,3,1.0165,1016,220,0,220,2,1,661,1373178384807,1373600295602,421910,0,1,63202,409313,1,,,,670,220,0,1,0,0,1,0,0
673,scan,671,1,1373679422604,,1373679539948,1373681374894,67.957,-1.1712,-0.4190,-1.6079,3,1.0213,1021,220,0,220,2,1,663,1373278730941,1373672259363,393528,0,1,63202,408706,1,,,,671,220,0,1,0,0,1,0,0
674,scan,672,1,1373729538374,,1373729665543,1373731508630,68.007,-1.1714,-0.4264,-1.6079,3,1.0319,1031,220,0,220,2,1,664,1373328901696,1373728285309,399383,0,1,63202,408504,1,,,,672,220,0,1,0,0,1,0,0
675,scan,673,1,1373779282421,,1373779405773,1373781410236,68.057,-1.1720,-0.4414,-1.6079,3,1.0341,1034,220,0,220,3,1,665,1373378798198,1373775592377,396794,0,1,63202,408154,1,,,,673,220,0,1,0,0,1,0,0
676,scan,674,1,1373829539075,,1373829671421,1373831348578,68.107,-1.1723,-0.4489,-1.6079,3,1.0323,1032,220,0,220,2,1,666,1373429219703,1373817438997,388219,0,1,63202,407415,1,,,,674,220,0,1,0,0,1,0,0
677,scan,675,1,1373879607286,,1373879723841,1373881346829,68.157,-1.1728,-0.4638,-1.6079,3,1.0243,1024,220,0,220,1,1,667,1373479333122,1373871017491,391684,0,1,63202,406434,1,,,,675,220,0,1,0,0,1,0,0
678,scan,676,1,1373929390301,,1373929515659,1373931336131,68.207,-1.1731,-0.4713,-1.6079,3,1.0098,1009,220,0,220,1,1,667,,,,1,1,63202,404954,1,,,,676,220,0,1,0,0,1,0,0
679,scan,677,1,1373979527440,,1373979656614,1373981388069,68.257,-1.1734,-0.4787,-1.6079,3,1.0307,1030,220,0,220,1,1,667,,,,1,1,63202,404054,1,,,,677,220,0,1,0,0,1,0,0
680,scan,678,1,1374029300136,,1374029425396,1374031363668,68.307,-1.1739,-0.4937,-1.6079,3,1.0221,1022,220,0,220,1,1,669,1373579453196,1373981803401,402350,0,1,63202,404271,1,,,,678,220,0,1,0,0,1,0,0
681,scan,679,1,1374079327989,,1374079492147,1374081347041,68.357,-1.1742,-0.5012,-1.6079,3,1.0117,1011,220,0,220,1,1,669,,,,1,1,63202,404271,1,,,,679,220,0,1,0,0,1,0,0
682,scan,680,1,1374129303047,,1374129426441,1374131426423,68.407,-1.1748,-0.5161,-1.6079,3,1.0216,1021,220,0,220,2,1,671,1373679462980,1374096852417,417389,0,1,63202,405185,1,,,,680,220,0,1,0,0,1,0,0
683,scan,681,1,1374179308166,,1374179434803,1374181421131,68.457,-1.1750,-0.5236,-1.6079,3,1.0246,1024,220,0,220,2,1,671,,,,1,1,63202,405185,1,,,,681,220,0,1,0,0,1,0,0
684,scan,682,1,1374229928111,,1374230045112,1374231267157,68.507,-1.1756,-0.5385,-1.6079,3,1.0208,1020,220,0,220,1,1,674,1373829587039,1374226073581,396486,0,1,63202,403598,1,,,,682,220,0,1,0,0,1,0,0
685,scan,683,1,1374279890546,,1374280091855,1374282469369,68.557,-1.1759,-0.5460,-1.6079,3,1.0270,1026,220,0,220,1,1,674,,,,1,1,63202,403598,1,,,,683,220,0,1,0,0,1,0,0
686,scan,684,1,1374329738564,,1374329868463,1374331371885,68.607,-1.1764,-0.5610,-1.6079,3,1.0326,1032,220,0,220,1,1,674,,,,1,1,63202,403598,1,,,,684,220,0,1,0,0,1,0,0
687,scan,685,1,1374379879100,,1374380056968,1374382453086,68.657,-1.1767,-0.5684,-1.6079,3,1.0145,1014,220,0,220,2,1,676,1373929433495,1374331783735,402350,0,1,63202,402634,1,,,,685,220,0,1,0,0,1,0,0
688,scan,686,1,1374430384894,,1374430525206,1374433325443,68.707,-1.1773,-0.5834,-1.6079,3,1.0174,1017,220,0,220,2,1,676,,,,1,1,63202,402840,1,,,,686,220,0,1,0,0,1,0,0
689,scan,687,1,1374480603712,,1374480752839,1374482391409,68.757,-1.1775,-0.5909,-1.6079,3,1.0112,1011,220,0,220,2,1,678,1374029344230,1374434489316,405145,0,1,63202,402932,1,,,,687,220,0,1,0,0,1,0,0
690,scan,688,1,1374530509674,,1374530638609,1374532484310,68.807,-1.1781,-0.6058,-1.6079,3,1.0120,1011,220,0,220,2,1,678,,,,1,1,63202,403174,1,,,,688,220,0,1,0,0,1,0,0
691,scan,689,1,1374581196824,,1374581342743,1374583447043,68.857,-1.1784,-0.6133,-1.6079,3,1.0291,1029,220,0,220,3,1,680,1374129343818,1374577112164,447768,0,1,63202,405560,1,,,,689,220,0,1,0,0,1,0,0
692,scan,690,1,1374630954593,,1374631085559,1374633251594,68.907,-1.1789,-0.6282,-1.6079,3,1.0146,1014,220,0,220,2,1,681,1374179354673,1374584440819,405086,0,1,63202,405541,1,,,,690,220,0,1,0,0,1,0,0
693,scan,691,1,1374680887587,,1374681217786,1374683363779,68.957,-1.1792,-0.6357,-1.6079,3,1.0287,1028,220,0,220,3,1,682,1374229971478,1374681001981,451030,0,1,63202,407688,1,,,,691,220,0,1,0,0,1,0,0
694,scan,692,1,1374730862906,,1374730977274,1374732372183,69.007,-1.1798,-0.6507,-1.6079,3,1.0112,1011,220,1,220,2,1,683,1374279939421,1374682163057,402223,0,1,63202,407477,1,,,,692,220,1,1,0,0,1,0,0
695,scan,693,1,1374780767535,,1374780906530,1374782419726,69.057,-1.1800,-0.6581,-1.6079,3,1.0240,1024,220,1,220,3,1,685,1374379930961,1374772764734,392833,0,1,63202,406715,1,,,,693,220,1,1,0,0,1,0,0
696,scan,694,1,1374830647987,,1374830768585,1374833172507,69.107,-1.1803,-0.6656,-1.6079,3,1.0120,1012,220,1,220,1,1,686,1374430434877,1374829363856,398928,0,1,63202,406416,1,,,,694,220,1,1,0,0,1,0,0
697,scan,695,1,1374880594569,,1374880724268,1374882436316,69.157,-1.1809,-0.6806,-1.6078,3,1.0301,1030,220,0,220,4,1,687,1374480652109,1374872094669,391442,0,1,63202,405862,1,,,,695,220,0,1,0,0,1,0,0
698,scan,696,1,1374931117693,,1374931267838,1374933423721,69.207,-1.1811,-0.6880,-1.6078,3,1.0105,1010,220,0,220,4,1,687,,,,1,1,63202,405765,1,,,,696,220,0,1,0,0,1,0,0
699,scan,697,1,1374980751019,,1374980885278,1374982343116,69.257,-1.1817,-0.7030,-1.6077,3,1.0258,1025,220,0,220,4,1,687,,,,1,1,63202,405765,1,,,,697,220,0,1,0,0,1,0,0
700,scan,698,1,1375030897625,,1375031033959,1375033245943,69.307,-1.1820,-0.7105,-1.6078,3,1.0074,1007,220,0,220,4,1,687,,,,1,1,63202,405765,1,,,,698,220,0,1,0,0,1,0,0
701,scan,699,1,1375080703200,,1375080850529,1375082418519,69.357,-1.1825,-0.7254,-1.6078,3,1.0166,1016,220,0,220,4,1,687,,,,1,1,63202,406091,1,,,,699,220,0,1,0,0,1,0,0
702,scan,700,1,1375130445342,,1375130574419,1375132428657,69.407,-1.1828,-0.7329,-1.6078,3,1.0041,1004,220,0,220,3,1,692,1374730899196,1375126821008,395921,0,1,63202,406038,1,,,,700,220,0,1,0,0,1,0,0
703,scan,701,1,1375180216314,,1375180328915,1375182380059,69.457,-1.1833,-0.7478,-1.6077,3,1.0032,1003,220,0,220,2,1,693,1374780817976,1375179840139,399022,0,1,63202,405768,1,,,,701,220,0,1,0,0,1,0,0
704,scan,702,1,1375230518131,,1375230654283,1375232437516,69.507,-1.1836,-0.7553,-1.6077,3,0.9935,993,220,0,220,2,1,693,,,,1,1,63202,405682,1,,,,702,220,0,1,0,0,1,0,0
705,scan,703,1,1375280578512,,1375280722581,1375282400614,69.557,-1.1842,-0.7703,-1.6078,3,1.0035,1003,220,0,220,1,1,694,1374830691943,1375243059337,412367,0,1,63202,404926,1,,,,703,220,0,1,0,0,1,0,0
706,scan,704,1,1375330919530,,1375331079827,1375333576230,69.607,-1.1845,-0.7777,-1.6078,3,1.0151,1015,220,0,220,3,1,695,1374880650400,1375295060993,414410,0,1,63202,405353,1,,,,704,220,0,1,0,0,1,0,0
707,scan,705,1,1375381107381,,1375381237701,1375383366965,69.657,-1.1850,-0.7927,-1.6077,3,1.0123,1012,220,0,220,2,1,696,1374931170932,1375356439567,425268,0,1,63202,405469,1,,,,705,220,0,1,0,0,1,0,0
708,scan,706,1,1375431195137,,1375431320251,1375433437438,69.707,-1.1853,-0.8002,-1.6078,3,0.9868,986,220,0,220,4,1,697,1374980796809,1375405511279,424714,0,1,63202,406777,1,,,,706,220,0,1,0,0,1,0,0
709,scan,707,1,1375480899999,,1375481026461,1375482327026,69.757,-1.1858,-0.8151,-1.6078,3,1.0060,1006,220,0,220,3,1,698,1375030947140,1375442423954,411476,0,1,63202,407509,1,,,,707,220,0,1,0,0,1,0,0
710,scan,708,1,1375531130342,,1375531270291,1375533277426,69.807,-1.1861,-0.8226,-1.6078,3,0.9960,995,220,0,220,4,1,699,1375080754358,1375505955622,425201,0,1,63202,408190,1,,,,708,220,0,1,0,0,1,0,0
711,scan,709,1,1375581244160,,1375581377410,1375583430611,69.857,-1.1867,-0.8375,-1.6078,3,1.0243,1024,220,0,220,3,1,700,1375130497389,1375573319870,442822,0,1,63202,409472,1,,,,709,220,0,1,0,0,1,0,0
712,scan,710,1,1375631669436,,1375631818905,1375633447365,69.907,-1.1869,-0.8450,-1.6078,3,1.0116,1011,220,0,220,1,1,701,1375180255937,1375587234018,406978,0,1,63202,408919,1,,,,710,220,0,1,0,0,1,0,0
713,scan,711,1,1375681533158,,1375681667057,1375683432054,69.957,-1.1872,-0.8525,-1.6078,3,1.0053,1005,220,0,220,4,1,702,1375230566786,1375634646863,404080,0,1,63202,409310,1,,,,711,220,0,1,0,0,1,0,0
714,scan,712,1,1375731446134,,1375731573234,1375733370953,70.007,-1.1878,-0.8674,-1.6078,3,1.0076,1007,220,0,220,2,1,703,1375280633340,1375688064996,407431,0,1,63202,409608,1,,,,712,220,0,1,0,0,1,0,0
715,scan,713,1,1375781744316,,1375781890595,1375783420142,70.057,-1.1880,-0.8749,-1.6078,3,1.0095,1009,220,0,220,0,1,704,1375330975589,1375763351621,432376,0,1,63202,410926,1,,,,713,220,0,1,0,0,1,0,0
716,scan,714,1,1375831788070,,1375831939373,1375833363902,70.107,-1.1886,-0.8899,-1.6078,3,0.9988,998,220,0,220,2,1,705,1375381157626,1375811111418,429953,0,1,63202,412472,1,,,,714,220,0,1,0,0,1,0,0
717,scan,715,1,1375881791435,,1375881916619,1375883393863,70.157,-1.1889,-0.8973,-1.6078,3,0.9989,998,220,0,220,1,1,706,1375431238645,1375867951269,436712,0,1,63202,414139,1,,,,715,220,0,1,0,0,1,0,0
718,scan,716,1,1375931601712,,1375931726310,1375933464517,70.207,-1.1894,-0.9123,-1.6078,3,1.0194,1019,220,0,220,3,1,707,1375480940603,1375904408742,423468,0,1,63202,414472,1,,,,716,220,0,1,0,0,1,0,0
719,scan,717,1,1375981837948,,1375981990730,1375984426698,70.257,-1.1897,-0.9198,-1.6078,3,1.0011,1001,220,0,220,2,1,708,1375531179965,1375937950516,406770,0,1,63202,414207,1,,,,717,220,0,1,0,0,1,0,0
720,scan,718,1,1376031886346,,1376032064514,1376034239450,70.307,-1.1903,-0.9347,-1.6078,3,0.9970,996,220,1,220,4,1,709,1375581278246,1375984892998,403614,0,1,63202,414250,1,,,,718,220,1,1,0,0,1,0,0
721,scan,719,1,1376082100400,,1376082234979,1376084554114,70.357,-1.1905,-0.9422,-1.6078,3,0.9907,990,220,1,220,3,1,710,1375631715214,1376038055374,406340,0,1,63202,413987,1,,,,719,220,1,1,0,0,1,0,0
722,scan,720,1,1376131634407,,1376131747874,1376133392917,70.407,-1.1911,-0.9571,-1.6077,3,0.9875,987,220,0,220,4,1,712,1375731490019,1376130611628,399121,0,1,63202,413378,1,,,,720,220,0,1,0,0,1,0,0
723,scan,721,1,1376181839261,,1376181977757,1376183342984,70.457,-1.1914,-0.9646,-1.6077,3,0.9957,995,220,0,220,4,1,712,,,,1,1,63202,413378,1,,,,721,220,0,1,0,0,1,0,0
724,scan,722,1,1376232065852,,1376232191886,1376234296770,70.507,-1.1919,-0.9796,-1.6076,3,0.9843,984,220,0,220,2,1,713,1375781791438,1376184557249,402765,0,1,63202,413587,1,,,,722,220,0,1,0,0,1,0,0
725,scan,723,1,1376281984499,,1376282160046,1376284504933,70.557,-1.1922,-0.9870,-1.6076,3,0.9714,971,220,0,220,5,1,714,1375831840465,1376238265993,406425,0,1,63202,413356,1,,,,723,220,0,1,0,0,1,0,0
726,scan,724,1,1376331838725,,1376331963349,1376334414368,70.607,-1.1927,-1.0020,-1.6077,3,0.9572,957,220,1,220,3,1,715,1375881835567,1376310613536,428777,0,1,63202,413838,1,,,,724,220,1,1,0,0,1,0,0
727,scan,725,1,1376381997770,,1376382115417,1376384579889,70.657,-1.1930,-1.0095,-1.6077,3,0.9543,954,220,0,220,5,1,717,1375981891518,1376381215407,399323,0,1,63202,413743,1,,,,725,220,0,1,0,0,1,0,0
728,scan,726,1,1376432211093,,1376432325536,1376434313149,70.707,-1.1936,-1.0244,-1.6076,3,0.9478,947,220,0,220,5,1,717,,,,1,1,63202,413743,1,,,,726,220,0,1,0,0,1,0,0
729,scan,727,1,1376482279360,,1376482406258,1376485256468,70.757,-1.1938,-1.0319,-1.6076,3,0.9227,922,220,0,220,6,1,719,1376082146414,1376477512358,395365,0,1,63202,413438,1,,,,727,220,0,1,0,0,1,0,0
730,scan,728,1,1376532163490,,1376532307329,1376534347025,70.807,-1.1941,-1.0394,-1.6076,3,0.9174,917,220,0,220,6,1,719,,,,1,1,63202,413438,1,,,,728,220,0,1,0,0,1,0,0
731,scan,729,1,1376582154298,,1376582274121,1376584538409,70.857,-1.1947,-1.0543,-1.6076,4,0.9137,913,0,1000,220,0,1,721,1376181887263,1376580231140,398343,0,1,63202,411893,1,,,,729,0,1000,1,0,0,1,0,0
732,scan,730,1,1376632395788,,1376632522149,1376634451065,70.907,-1.1949,-1.0618,-1.6076,4,0.9043,904,0,1000,220,0,1,721,,,,1,1,63202,412113,1,,,,730,0,1000,1,0,0,1,0,0
733,scan,731,1,1376682509694,,1376682637487,1376684646076,70.957,-1.1954,-1.0733,-1.6076,4,0.8857,885,0,1000,220,0,1,721,,,,1,1,63202,410816,1,,,,731,0,1000,1,0,0,1,0,0
734,scan,732,1,1376732679323,,1376732834782,1376734412066,71.007,-1.1955,-1.0773,-1.6076,4,0.8906,890,0,1000,220,5,1,724,1376331881534,1376732256312,400374,0,1,63202,410754,1,,,,732,0,1000,1,0,0,1,0,0
735,scan,733,1,1376782707324,,1376782867524,1376784508394,71.057,-1.1957,-1.0824,-1.6064,4,0.8695,869,0,1000,220,5,1,724,,,,1,1,63202,411372,1,,,,733,0,1000,1,0,0,1,0,0
736,scan,734,1,1376832664412,,1376832811102,1376834321958,71.107,-1.1958,-1.0840,-1.5991,4,0.8701,870,0,1000,220,5,1,724,,,,1,1,63202,411816,1,,,,734,0,1000,1,0,0,1,0,0
737,scan,735,1,1376883660853,,1376883809568,1376885373808,71.157,-1.1958,-1.0856,-1.5514,4,0.8820,881,0,1000,220,8,1,726,1376432245861,1376847012950,414767,0,1,63202,412649,1,,,,735,0,1000,1,0,0,1,0,0
738,scan,736,1,1376933383313,,1376933581847,1376935424271,71.207,-1.1958,-1.0855,-1.5125,4,0.8852,885,0,1000,220,5,1,727,1376482322337,1376892245801,409923,0,1,63202,412555,1,,,,736,0,1000,1,0,0,1,0,0
739,scan,737,1,1376982984303,,1376983120528,1376985271814,71.257,-1.1958,-1.0854,-1.4318,4,0.8829,882,0,1000,220,2,1,728,1376532213089,1376970929804,438716,0,1,63202,413427,1,,,,737,0,1000,1,0,0,1,0,0
740,scan,738,1,1377032879682,,1377033015084,1377035247483,71.307,-1.1958,-1.0853,-1.3997,4,0.8829,882,0,1000,0,999,1,729,1376582196880,1376996457172,414260,0,1,63202,413454,1,,,,738,0,1000,1,0,0,1,0,0
741,scan,739,1,1377082812819,,1377082929048,1377084538683,71.357,-1.1959,-1.0852,-1.3412,4,0.8830,883,0,1000,0,999,1,731,1376682555216,1377080604207,398048,0,1,63202,412973,1,,,,739,0,1000,1,0,0,1,0,0
742,scan,740,1,1377132784865,,1377132909581,1377134421773,71.407,-1.1959,-1.0851,-1.3071,4,0.8775,877,0,1000,0,999,1,731,,,,1,1,63202,413523,1,,,,740,0,1000,1,0,0,1,0,0
743,scan,741,1,1377182809474,,1377182945993,1377184454133,71.457,-1.1959,-1.0850,-1.2328,4,0.8808,880,0,1000,0,999,1,731,,,,1,1,63202,414006,1,,,,741,0,1000,1,0,0,1,0,0
744,scan,742,1,1377232766443,,1377232887321,1377234297112,71.507,-1.1959,-1.0850,-1.1982,4,0.8751,875,0,1000,0,999,1,731,,,,1,1,63202,414006,1,,,,742,0,1000,1,0,0,1,0,0
745,scan,743,1,1377283231718,,1377283427877,1377285400496,71.557,-1.1960,-1.0849,-1.1343,4,0.8858,885,0,1000,0,999,1,734,1376832711897,1377249062002,416350,0,1,63202,414139,1,,,,743,0,1000,1,0,0,1,0,0
746,scan,744,1,1377332943155,,1377333073196,1377335232463,71.607,-1.1960,-1.0848,-1.1012,4,0.8723,872,0,1000,0,999,1,735,1376883710511,1377283627185,399916,0,1,63202,413656,1,,,,744,0,1000,1,0,0,1,0,0
747,scan,745,1,1377383339718,,1377383477216,1377385359774,71.657,-1.1960,-1.0848,-1.0664,4,0.8877,887,0,1000,0,999,1,736,1376933452476,1377336111666,402659,0,1,63202,412902,1,,,,745,0,1000,1,0,0,1,0,0
748,scan,746,1,1377433328395,,1377433471161,1377435405373,71.707,-1.1961,-1.0847,-0.9961,4,0.8760,875,0,1000,0,999,1,737,1376983041294,1377412085557,429044,0,1,63202,413047,1,,,,746,0,1000,1,0,0,1,0,0
749,scan,747,1,1377483392370,,1377483517247,1377485380190,71.757,-1.1962,-1.0846,-0.9624,4,0.8708,870,0,1000,0,999,1,738,1377032925958,1377443035420,410109,0,1,63202,413001,1,,,,747,0,1000,1,0,0,1,0,0
750,scan,748,1,1377533685043,,1377533802512,1377535344759,71.807,-1.1962,-1.0846,-0.8962,4,0.8714,871,0,1000,0,999,1,740,1377132828483,1377529395705,396567,0,1,63202,412047,1,,,,748,0,1000,1,0,0,1,0,0
751,scan,749,1,1377583857032,,1377584051545,1377586293294,71.857,-1.1963,-1.0845,-0.8623,4,0.8752,875,0,1000,0,999,1,740,,,,1,1,63202,410985,1,,,,749,0,1000,1,0,0,1,0,0
752,scan,750,1,1377633725362,,1377633861659,1377635384185,71.907,-1.1964,-1.0844,-0.7932,4,0.8804,880,0,1000,0,999,1,741,1377182855374,1377589435404,406580,0,1,63202,410972,1,,,,750,0,1000,1,0,0,1,0,0
753,scan,751,1,1377683879115,,1377684076645,1377686339699,71.957,-1.1964,-1.0844,-0.7590,4,0.8695,869,0,1000,0,999,1,741,,,,1,1,63202,411218,1,,,,751,0,1000,1,0,0,1,0,0
754,scan,752,1,1377733685225,,1377733811440,1377735296133,72.007,-1.1965,-1.0843,-0.6918,4,0.8718,871,0,1000,0,999,1,743,1377283292315,1377687143700,403851,0,1,63202,411090,1,,,,752,0,1000,1,0,0,1,0,0
755,scan,753,1,1377783856992,,1377784036635,1377786287011,72.057,-1.1965,-1.0843,-0.6580,4,0.7805,780,0,1000,0,999,1,744,1377332986886,1377743075477,410088,0,1,63202,410294,1,,,,753,0,1000,1,0,0,1,0,0
756,scan,754,1,1377833679865,,1377833821563,1377835372497,72.107,-1.1966,-1.0842,-0.5896,4,0.7482,748,0,1000,0,999,1,745,1377383384079,1377832143047,448758,0,1,63202,410965,1,,,,754,0,1000,1,0,0,1,0,0
757,scan,755,1,1377883822400,,1377883948371,1377886253771,72.157,-1.1967,-1.0842,-0.5555,4,0.7332,733,0,995,0,999,1,746,1377433372277,1377840131609,406759,0,1,63202,409896,1,,,,755,0,995,1,0,0,1,0,0
758,scan,756,1,1377934777295,,1377934903157,1377936396057,72.207,-1.1968,-1.0841,-0.4878,4,0.7105,710,0,860,0,999,1,746,,,,1,1,63202,409393,1,,,,756,0,860,1,0,0,1,0,0
759,scan,757,1,1377984429890,,1377984568506,1377986378250,72.257,-1.1969,-1.0841,-0.4542,4,0.7207,720,220,792,0,999,1,748,1377533725992,1377960887481,427161,0,1,63202,410148,1,,,,757,220,792,1,0,0,1,0,0
760,scan,758,1,1378034470422,,1378034594444,1378036570816,72.307,-1.1959,-1.0845,-0.3905,4,0.7145,714,220,665,0,999,1,748,,,,1,1,63202,410400,1,,,,758,220,665,1,0,0,1,0,0
761,scan,759,1,1378084519747,,1378084659247,1378086410864,72.357,-1.1938,-1.0854,-0.3617,4,0.6979,697,220,608,0,999,1,748,,,,1,1,63202,410562,1,,,,759,220,608,1,0,0,1,0,0
762,scan,760,1,1378134023577,,1378134149676,1378136605742,72.407,-1.1863,-1.0880,-0.3033,4,0.7040,703,220,494,0,999,1,751,1377683929808,1378091816395,407886,0,1,63202,410913,1,,,,760,220,494,1,0,0,1,0,0
763,scan,761,1,1378183883557,,1378184044875,1378186223242,72.457,-1.1808,-1.0896,-0.2721,4,0.6865,686,220,433,0,999,1,753,1377783900755,1378178318866,394418,0,1,63202,410278,1,,,,761,220,433,1,0,0,1,0,0
764,scan,762,1,1378234088218,,1378234240327,1378236460911,72.507,-1.1744,-1.0913,-0.2411,4,0.6958,695,220,372,0,999,1,753,,,,1,1,63202,410579,1,,,,762,220,372,1,0,0,1,0,0
765,scan,763,1,1378283929369,,1378284154415,1378286308956,72.557,-1.1602,-1.0944,-0.1984,4,0.6900,690,220,289,0,998,1,754,1377833727524,1378236962702,403235,0,1,63202,410451,1,,,,763,220,289,1,0,0,1,0,0
766,scan,764,1,1378334306665,,1378334503253,1378336433305,72.607,-1.1529,-1.0959,-0.1917,4,0.6827,682,220,277,0,998,1,754,,,,1,1,63202,409688,1,,,,764,220,277,1,0,0,1,0,0
767,scan,765,1,1378384174354,,1378384307582,1378386437015,72.657,-1.1382,-1.0987,-0.1825,4,0.6669,666,220,260,0,998,1,754,,,,1,1,63202,410138,1,,,,765,220,260,1,0,0,1,0,0
768,scan,766,1,1378434368213,,1378434510789,1378437233580,72.707,-1.1309,-1.1000,-0.1719,4,0.6374,637,220,240,0,998,1,754,,,,1,1,63202,410138,1,,,,766,220,240,1,0,0,1,0,0
769,scan,767,1,1378484097998,,1378484253954,1378486334655,72.757,-1.1161,-1.1023,-0.1470,4,0.6536,653,220,192,0,998,1,754,,,,1,1,63202,410810,1,,,,767,220,192,1,0,0,1,0,0
770,scan,768,1,1378534299016,,1378534428310,1378536458403,72.807,-1.1087,-1.1034,-0.1390,4,0.6426,642,220,177,0,998,1,754,,,,1,1,63202,410810,1,,,,768,220,177,1,0,0,1,0,0
771,scan,769,1,1378585070512,,1378585192836,1378587335654,72.857,-1.0939,-1.1054,-0.1303,4,0.6180,617,220,161,220,477,1,760,1378134059109,1378579735436,445676,0,1,63202,412961,1,,,,769,220,161,1,0,0,1,0,0
772,scan,770,1,1378634675169,,1378634800641,1378637386240,72.907,-1.0865,-1.1064,-0.1256,4,0.6149,614,220,152,220,417,1,761,1378183925304,1378596213109,412287,0,1,63202,412932,1,,,,770,220,152,1,0,0,1,0,0
773,scan,771,1,1378684574503,,1378684719893,1378686481529,72.957,-1.0717,-1.1081,-0.1125,4,0.6120,612,220,127,220,276,1,763,1378283983206,1378678820852,394837,0,1,63202,412178,1,,,,771,220,127,1,0,0,1,0,0
774,scan,772,1,1378734535774,,1378734660757,1378736337719,73.007,-1.0643,-1.1090,-0.1064,4,0.6081,608,220,115,220,276,1,763,,,,1,1,63202,412691,1,,,,772,220,115,1,0,0,1,0,0
775,scan,773,1,1378784931097,,1378785058046,1378787437494,73.057,-1.0494,-1.1105,-0.0986,4,0.5908,590,220,101,220,276,1,763,,,,1,1,63202,412691,1,,,,773,220,101,1,0,0,1,0,0
776,scan,774,1,1378834897425,,1378835027639,1378837348549,73.107,-1.0420,-1.1112,-0.0959,4,0.5779,577,220,95,220,249,1,765,1378384221908,1378806836775,422614,0,1,63202,413105,1,,,,774,220,95,1,0,0,1,0,0
777,scan,775,1,1378884720462,,1378884846758,1378886423164,73.157,-1.0271,-1.1126,-0.0890,4,0.5799,579,220,82,220,230,1,766,1378434412462,1378856600874,422188,0,1,63202,413414,1,,,,775,220,82,1,0,0,1,0,0
778,scan,776,1,1378934737818,,1378934865209,1378936339578,73.207,-1.0196,-1.1133,-0.0852,4,0.5616,561,220,75,220,230,1,766,,,,1,1,63202,413566,1,,,,776,220,75,1,0,0,1,0,0
779,scan,777,1,1378985032106,,1378985145571,1378987399493,73.257,-1.0047,-1.1145,-0.0794,4,0.5565,556,220,64,220,169,1,768,1378534342513,1378969384341,435041,0,1,63202,413406,1,,,,777,220,64,1,0,0,1,0,0
780,scan,778,1,1379036086461,,1379036217796,1379038309821,73.307,-0.9973,-1.1151,-0.0774,4,0.5385,538,220,60,220,169,1,768,,,,1,1,63202,413367,1,,,,778,220,60,1,0,0,1,0,0
781,scan,779,1,1379085487132,,1379085648527,1379087340899,73.357,-0.9898,-1.1156,-0.0755,4,0.5391,539,220,57,220,153,1,769,1378585114306,1379053311534,468197,0,1,63202,416556,1,,,,779,220,57,1,0,0,1,0,0
782,scan,780,1,1379135135366,,1379135266993,1379137403917,73.407,-0.9749,-1.1167,-0.0712,4,0.5191,519,220,49,220,120,1,771,1378684615311,1379099411416,414796,0,1,63202,416479,1,,,,780,220,49,1,0,0,1,0,0
783,scan,781,1,1379185122871,,1379185247730,1379187288575,73.457,-0.9674,-1.1173,-0.0691,4,0.5152,515,220,45,220,96,1,773,1378784971614,1379180035198,395063,0,1,63202,415587,1,,,,781,220,45,1,0,0,1,0,0
784,scan,782,1,1379235091551,,1379235210876,1379237348215,73.507,-0.9525,-1.1183,-0.0657,4,0.5236,523,220,38,220,96,1,773,,,,1,1,63202,415587,1,,,,782,220,38,1,0,0,1,0,0
785,scan,783,1,1379286283139,,1379286483653,1379288377058,73.557,-0.9450,-1.1188,-0.0645,4,0.5077,507,220,36,220,96,1,773,,,,1,1,63202,415553,1,,,,783,220,36,1,0,0,1,0,0
786,scan,784,1,1379335840894,,1379335984860,1379338208522,73.607,-0.9301,-1.1197,-0.0620,4,0.4894,489,220,31,220,79,1,775,1378884761312,1379292871955,408110,0,1,63202,415910,1,,,,784,220,31,1,0,0,1,0,0
787,scan,785,1,1379385981655,,1379386146122,1379388328727,73.657,-0.9226,-1.1202,-0.0608,4,0.4819,481,220,29,220,60,1,777,1378985067312,1379383020582,397953,0,1,63202,415705,1,,,,785,220,29,1,0,0,1,0,0
788,scan,786,1,1379435308616,,1379435487155,1379437346091,73.707,-0.9077,-1.1211,-0.0585,4,0.4733,473,220,25,220,60,1,777,,,,1,1,63202,415099,1,,,,786,220,25,1,0,0,1,0,0
789,scan,787,1,1379485392465,,1379485605485,1379487355110,73.757,-0.9003,-1.1215,-0.0576,4,0.4560,455,220,23,220,60,1,777,,,,1,1,63202,415336,1,,,,787,220,23,1,0,0,1,0,0
790,scan,788,1,1379535772284,,1379535938662,1379538260262,73.807,-0.8853,-1.1224,-0.0559,4,0.4509,450,220,20,220,54,1,779,1379085540053,1379488841081,403301,0,1,63202,415657,1,,,,788,220,20,1,0,0,1,0,0
791,scan,789,1,1379585844118,,1379585981125,1379588488224,73.857,-0.8779,-1.1228,-0.0550,4,0.4458,445,220,18,220,47,1,780,1379135180396,1379547510193,412329,0,1,63202,415506,1,,,,789,220,18,1,0,0,1,0,0
792,scan,790,1,1379635669737,,1379635798077,1379637319895,73.907,-0.8630,-1.1236,-0.0535,4,0.4348,434,220,15,220,47,1,780,,,,1,1,63202,415931,1,,,,790,220,15,1,0,0,1,0,0
793,scan,791,1,1379685878555,,1379686021854,1379688464900,73.957,-0.8555,-1.1240,-0.0530,4,0.4353,435,220,14,220,47,1,780,,,,1,1,63202,415931,1,,,,791,220,14,1,0,0,1,0,0
794,scan,792,1,1379735624970,,1379735744482,1379737463405,74.007,-0.8406,-1.1248,-0.0520,4,0.4190,418,220,12,220,34,1,783,1379286352439,1379726392962,440040,0,1,63202,417654,1,,,,792,220,12,1,0,0,1,0,0
795,scan,793,1,1379786058619,,1379786196012,1379788400358,74.057,-0.8331,-1.1251,-0.0516,4,0.4110,411,220,12,220,30,1,784,1379335890667,1379754203902,418313,0,1,63202,418046,1,,,,793,220,12,1,0,0,1,0,0
796,scan,794,1,1379836084804,,1379836270486,1379838457565,74.107,-0.8182,-1.1259,-0.0507,4,0.3983,398,220,10,220,30,1,784,,,,1,1,63202,416510,1,,,,794,217,10,1,1,0,1,0,0
797,scan,795,1,1379885456855,,1379885582129,1379887332946,74.157,-0.8107,-1.1263,-0.0503,4,0.3894,389,220,9,220,30,1,784,,,,1,1,63202,417023,1,,,,795,207,9,1,1,0,1,0,0
798,scan,796,1,1379935703810,,1379935840915,1379937409319,74.207,-0.8033,-1.1267,-0.0499,4,0.3869,386,220,8,220,23,1,787,1379485447275,1379908115624,422668,0,1,63202,417306,1,,,,796,204,8,1,1,0,1,0,0
799,scan,797,1,1379985812087,,1379985960806,1379988427185,74.257,-0.7892,-1.1273,-0.0373,4,0.3761,376,220,-17,220,19,1,788,1379535817807,1379960089146,424271,0,1,63202,417161,1,,,,797,193,-17,1,1,0,1,0,0
800,scan,798,1,1380035998659,,1380036154098,1380038263232,74.307,-0.7822,-1.1275,-0.0281,4,0.3757,375,220,-35,220,18,1,789,1379585892152,1379999117499,413225,0,1,63202,416974,1,,,,798,192,-35,1,1,0,1,0,0
801,scan,799,1,1380085886982,,1380086045943,1380088341967,74.357,-0.7690,-1.1279,-0.0316,4,0.3656,365,220,-29,220,16,1,790,1379635709672,1380072600729,436891,0,1,63202,417879,1,,,,799,181,-29,1,1,0,1,0,0
802,scan,800,1,1380135966458,,1380136133641,1380138290382,74.407,-0.7625,-1.1281,-0.0394,4,0.3557,355,220,-13,220,16,1,790,,,,1,1,63202,418355,1,,,,800,170,-13,1,1,0,1,0,0
803,scan,801,1,1380186084245,,1380186245359,1380188574896,74.457,-0.7504,-1.1286,-0.0417,4,0.3461,346,220,-9,220,12,1,792,1379735663142,1380142857268,407194,0,1,63202,418963,1,,,,801,160,-9,1,1,0,1,0,0
804,scan,802,1,1380236099971,,1380236220526,1380238298276,74.507,-0.7447,-1.1289,-0.0365,4,0.3460,346,220,-19,220,12,1,792,,,,1,1,63202,418963,1,,,,802,160,-19,1,1,0,1,0,0
805,scan,803,1,1380286703720,,1380286836452,1380288441207,74.557,-0.7338,-1.1292,-0.0332,4,0.3447,344,220,-26,220,12,1,792,,,,1,1,63202,419750,1,,,,803,158,-26,1,1,0,1,0,0
806,scan,804,1,1380336371325,,1380336495405,1380338326269,74.607,-0.7283,-1.1294,-0.0369,4,0.3382,338,220,-19,220,12,1,792,,,,1,1,63202,419750,1,,,,804,151,-19,1,1,0,1,0,0
807,scan,805,1,1380386644958,,1380386768554,1380389236140,74.657,-0.7178,-1.1298,-0.0425,4,0.3283,328,220,-7,220,9,1,796,1379935752511,1380355165580,419413,0,1,63202,419734,1,,,,805,140,-7,1,1,0,1,0,0
808,scan,806,1,1380436722475,,1380436854618,1380438328577,74.707,-0.7127,-1.1300,-0.0417,4,0.3361,336,220,-9,220,-16,1,797,1379985861252,1380397979853,412118,0,1,63202,419388,1,,,,806,149,-9,1,1,0,1,0,0
809,scan,807,1,1380486827982,,1380486946364,1380489530558,74.757,-0.7026,-1.1304,-0.0382,4,0.3148,314,220,-16,220,-16,1,797,,,,1,1,63202,419388,1,,,,807,125,-16,1,1,0,1,0,0
810,scan,808,1,1380536590655,,1380536740007,1380538341564,74.807,-0.6975,-1.1306,-0.0382,4,0.3136,313,220,-16,220,-16,1,797,,,,1,1,63202,419388,1,,,,808,124,-16,1,1,0,1,0,0
811,scan,809,1,1380586609881,,1380586733752,1380588491207,74.857,-0.6891,-1.1310,-0.0409,4,0.3049,304,220,-11,220,-16,1,797,,,,1,1,63202,418136,1,,,,809,114,-11,1,1,0,1,0,0
812,scan,810,1,1380637201968,,1380637335510,1380639474788,74.907,-0.6849,-1.1311,-0.0415,4,0.3182,318,220,-10,220,-16,1,797,,,,1,1,63202,418428,1,,,,810,129,-10,1,1,0,1,0,0
813,scan,811,1,1380686912843,,1380687030730,1380689418064,74.957,-0.6766,-1.1315,-0.0404,4,0.3173,317,220,-12,220,-18,1,802,1380236144552,1380652938495,416793,0,1,63202,419526,1,,,,811,128,-12,1,1,0,1,0,0
814,scan,812,1,1380736628432,,1380736752351,1380738366375,75.007,-0.6722,-1.1317,-0.0398,4,0.3074,307,220,-13,220,-18,1,802,,,,1,1,63202,419526,1,,,,812,117,-13,1,1,0,1,0,0
815,scan,813,1,1380787573972,,1380787751323,1380789607216,75.057,-0.6678,-1.1318,-0.0402,4,0.3050,305,220,-12,220,-18,1,802,,,,1,1,63202,419526,1,,,,813,115,-12,1,1,0,1,0,0
816,scan,814,1,1380837008366,,1380837152493,1380839306960,75.107,-0.6599,-1.1322,-0.0424,4,0.3007,300,220,-8,220,-18,1,802,,,,1,1,63202,419363,1,,,,814,110,-8,1,1,0,1,0,0
817,scan,815,1,1380886648499,,1380886775598,1380888312448,75.157,-0.6559,-1.1323,-0.0430,4,0.3030,302,220,-7,220,-5,1,805,1380386686596,1380850945049,464258,0,1,63202,421578,1,,,,815,112,-7,1,1,0,1,0,0
818,scan,816,1,1380936801480,,1380936944866,1380938405699,75.207,-0.6484,-1.1327,-0.0428,4,0.2930,292,220,-7,220,-8,1,806,1380436767118,1380911281463,474514,0,1,63202,424224,1,,,,816,101,-7,1,1,0,1,0,0
819,scan,817,1,1380987376516,,1380987508522,1380989413527,75.257,-0.6446,-1.1328,-0.0428,4,0.3025,302,220,-7,220,-8,1,806,,,,1,1,63202,423655,1,,,,817,112,-7,1,1,0,1,0,0
820,scan,818,1,1381037352952,,1381037506038,1381039401173,75.307,-0.6371,-1.1331,-0.0437,4,0.3060,305,220,-5,220,-8,1,806,,,,1,1,63202,423655,1,,,,818,115,-5,1,1,0,1,0,0
821,scan,819,1,1381087336373,,1381087452273,1381089337690,75.357,-0.6333,-1.1333,-0.0443,4,0.2959,295,220,-4,220,-10,1,810,1380637249364,1381084403725,447154,0,1,63202,422548,1,,,,819,104,-4,1,1,0,1,0,0
822,scan,820,1,1381137274377,,1381137395457,1381139341671,75.407,-0.6262,-1.1336,-0.0446,4,0.2948,294,220,-4,220,-12,1,811,1380686950055,1381129727298,442777,0,1,63202,424020,1,,,,820,103,-4,1,1,0,1,0,0
823,scan,821,1,1381187391024,,1381187516448,1381189446992,75.457,-0.6227,-1.1338,-0.0445,4,0.2885,288,220,-4,220,-12,1,811,,,,1,1,63202,425629,1,,,,821,100,-4,1,1,0,1,0,0
824,scan,822,1,1381237571571,,1381237690919,1381239337921,75.507,-0.6158,-1.1341,-0.0449,4,0.2903,290,220,-3,220,-12,1,811,,,,1,1,63202,425629,1,,,,822,100,-3,1,1,0,1,0,0
825,scan,823,1,1381287592445,,1381287719278,1381289385071,75.557,-0.6124,-1.1342,-0.0451,4,0.2954,295,220,-3,220,-8,1,814,1380837058982,1381262150443,425091,0,1,63202,425601,1,,,,823,104,-3,1,1,0,1,0,0
826,scan,824,1,1381337539843,,1381337685831,1381339377893,75.607,-0.6054,-1.1346,-0.0454,4,0.2892,289,220,-2,220,-6,1,815,1380886692669,1381321314414,434621,0,1,63202,426996,1,,,,824,100,-2,1,1,0,1,0,0
827,scan,825,1,1381387795991,,1381387932113,1381390224418,75.657,-0.6019,-1.1347,-0.0454,4,0.2969,296,220,-2,220,-6,1,815,,,,1,1,63202,428610,1,,,,825,105,-2,1,1,0,1,0,0
828,scan,826,1,1381437629809,,1381437753067,1381439392021,75.707,-0.5949,-1.1350,-0.0455,4,0.2964,296,220,-2,220,-6,1,817,1380987424750,1381410918996,423494,0,1,63202,428340,1,,,,826,105,-2,1,1,0,1,0,0
829,scan,827,1,1381487688122,,1381487827012,1381489563679,75.757,-0.5914,-1.1352,-0.0456,4,0.2883,288,220,-2,220,-4,1,818,1381037407584,1381470070083,432662,0,1,63202,428556,1,,,,827,100,-2,1,1,0,1,0,0
830,scan,828,1,1381537860490,,1381538000220,1381540505936,75.807,-0.5844,-1.1355,-0.0458,4,0.2890,289,220,-2,220,-4,1,818,,,,1,1,63202,429886,1,,,,828,100,-2,1,1,0,1,0,0
831,scan,829,1,1381587918069,,1381588115064,1381590230400,75.857,-0.5810,-1.1357,-0.0458,4,0.3005,300,220,-1,220,-4,1,818,,,,1,1,63202,430861,1,,,,829,110,-1,1,1,0,1,0,0
832,scan,830,1,1381637581990,,1381637720549,1381639430852,75.907,-0.5776,-1.1358,-0.0459,4,0.2619,261,220,-1,220,-2,1,821,1381187435529,1381594455162,407019,0,1,63202,429606,1,,,,830,100,-1,1,1,0,1,0,0
833,scan,831,1,1381687697872,,1381687824197,1381689345062,75.957,-0.5703,-1.1362,-0.0462,4,0.2920,291,220,-1,220,-2,1,821,,,,1,1,63202,429606,1,,,,831,100,-1,1,1,0,1,0,0
834,scan,832,1,1381737651161,,1381737776837,1381739386722,76.007,-0.5670,-1.1363,-0.0465,4,0.3006,300,220,0,220,-3,1,823,1381287638294,1381732374137,444735,0,1,63202,429853,1,,,,832,110,0,1,1,0,1,0,0
835,scan,833,1,1381787955508,,1381788126137,1381790263961,76.057,-0.5600,-1.1366,-0.0468,4,0.2990,298,220,1,220,-2,1,824,1381337587088,1381751748422,414161,0,1,63202,429635,1,,,,833,107,1,1,1,0,1,0,0
836,scan,834,1,1381837890059,,1381838023617,1381839340020,76.107,-0.5563,-1.1368,-0.0469,4,0.3018,301,220,1,220,-2,1,824,,,,1,1,63202,429635,1,,,,834,111,1,1,1,0,1,0,0
837,scan,835,1,1381887988461,,1381888157441,1381890242982,76.157,-0.5489,-1.1372,-0.0468,4,0.3023,302,220,0,220,-2,1,826,1381437672836,1381869032271,431359,0,1,63202,429721,1,,,,835,112,0,1,1,0,1,0,0
838,scan,836,1,1381938206212,,1381938326153,1381940718520,76.207,-0.5451,-1.1373,-0.0467,4,0.3048,304,220,0,220,-1,1,827,1381487736842,1381933349856,445613,0,1,63202,430868,1,,,,836,114,0,1,1,0,1,0,0
839,scan,837,1,1381988192666,,1381988306687,1381990355437,76.257,-0.5374,-1.1377,-0.0466,4,0.3132,313,220,0,220,0,1,829,1381587972542,1381987694419,399721,0,1,63202,429641,1,,,,837,124,0,1,1,0,1,0,0
840,scan,838,1,1382038866876,,1382039004866,1382040387997,76.307,-0.5336,-1.1379,-0.0467,4,0.2940,294,220,0,220,0,1,829,,,,1,1,63202,430505,1,,,,838,103,0,1,1,0,1,0,0
841,scan,839,1,1382088127468,,1382088257681,1382090325380,76.357,-0.5261,-1.1382,-0.0470,4,0.3252,325,220,1,220,0,1,829,,,,1,1,63202,430150,1,,,,839,137,1,1,1,0,1,0,0
842,scan,840,1,1382138119580,,1382138250293,1382140535032,76.407,-0.5226,-1.1384,-0.0471,4,0.3500,349,220,1,220,0,1,829,,,,1,1,63202,430150,1,,,,840,163,1,1,1,0,1,0,0
843,scan,841,1,1382190787269,,1382190922719,1382192643499,76.457,-0.5124,-1.1389,-0.0470,4,1.0588,1058,220,1,220,-1,1,831,1381687740934,1382159531795,471790,0,1,63202,433738,1,,,,841,220,1,1,0,0,1,0,0
844,scan,842,1,1382239649991,,1382239773197,1382241323797,76.507,-0.5069,-1.1391,-0.0468,4,1.0633,1063,220,1,220,-1,1,831,,,,1,1,63202,433738,1,,,,842,220,1,1,0,0,1,0,0
845,scan,843,1,1382289364703,,1382289486983,1382291457273,76.557,-0.4928,-1.1398,-0.0468,4,1.0576,1057,220,0,220,2,1,833,1381788035068,1382241558059,453522,0,1,63202,434780,1,,,,843,220,0,1,0,0,1,0,0
846,scan,844,1,1382339296852,,1382339457016,1382341332353,76.607,-0.4853,-1.1401,-0.0468,4,1.0573,1057,220,1,220,1,1,835,1381888060000,1382325906943,437846,0,1,63202,434933,1,,,,844,220,1,1,0,0,1,0,0
847,scan,845,1,1382389134780,,1382389255358,1382392563237,76.657,-0.4704,-1.1408,-0.0468,4,1.0693,1069,220,1,220,1,1,835,,,,1,1,63202,435750,1,,,,845,220,1,1,0,0,1,0,0
848,scan,846,1,1382438677484,,1382438856063,1382440455627,76.707,-0.4629,-1.1412,-0.0467,4,1.0691,1069,220,0,220,1,1,835,,,,1,1,63202,437063,1,,,,846,220,0,1,0,0,1,0,0
849,scan,847,1,1382488811698,,1382488967131,1382490589038,76.757,-0.4554,-1.1415,-0.0467,4,1.0578,1057,220,0,220,1,1,835,,,,1,1,63202,437063,1,,,,847,220,0,1,0,0,1,0,0
850,scan,848,1,1382538585225,,1382538719557,1382540605238,76.807,-0.4405,-1.1422,-0.0466,4,1.0296,1029,220,0,220,2,1,838,1382038916254,1382492384523,453468,0,1,63202,437926,1,,,,848,220,0,1,0,0,1,0,0
851,scan,849,1,1382588924053,,1382589047559,1382591266543,76.857,-0.4330,-1.1426,-0.0467,4,1.0554,1055,220,0,220,1,1,840,1382138164280,1382567597574,429433,0,1,63202,437502,1,,,,849,220,0,1,0,0,1,0,0
852,scan,850,1,1382638848695,,1382638974533,1382641273662,76.907,-0.4181,-1.1433,-0.0467,4,1.0516,1051,220,0,220,2,1,841,1382190833855,1382621767970,430934,0,1,63202,437189,1,,,,850,220,0,1,0,0,1,0,0
853,scan,851,1,1382689206726,,1382689400760,1382691458805,76.957,-0.4106,-1.1436,-0.0467,4,1.0450,1045,220,0,220,2,1,841,,,,1,1,63202,438209,1,,,,851,220,0,1,0,0,1,0,0
854,scan,852,1,1382739091584,,1382739231055,1382741436790,77.007,-0.3956,-1.1443,-0.0467,4,1.0619,1061,220,0,220,2,1,841,,,,1,1,63202,438209,1,,,,852,220,0,1,0,0,1,0,0
855,scan,853,1,1382788773686,,1382788922220,1382790471940,77.057,-0.3882,-1.1447,-0.0467,4,1.0484,1048,220,0,220,2,1,841,,,,1,1,63202,438209,1,,,,853,220,0,1,0,0,1,0,0
856,scan,854,1,1382839312220,,1382839454440,1382841383582,77.107,-0.3732,-1.1454,-0.0467,4,1.0457,1045,220,0,220,2,1,845,1382389173167,1382832052165,442878,0,1,63202,438431,1,,,,854,220,0,1,0,0,1,0,0
857,scan,855,1,1382889399808,,1382889551686,1382891419128,77.157,-0.3657,-1.1457,-0.0467,4,1.0618,1061,220,0,220,2,1,845,,,,1,1,63202,437140,1,,,,855,220,0,1,0,0,1,0,0
858,scan,856,1,1382939449416,,1382939597457,1382941314670,77.207,-0.3508,-1.1464,-0.0467,4,1.0572,1057,220,0,220,2,1,845,,,,1,1,63202,435173,1,,,,856,220,0,1,0,0,1,0,0
859,scan,857,1,1382990347581,,1382990494903,1382992549176,77.257,-0.3433,-1.1468,-0.0467,4,1.0499,1049,220,0,220,2,1,845,,,,1,1,63202,435173,1,,,,857,220,0,1,0,0,1,0,0
860,scan,858,1,1383039390274,,1383039510163,1383041324888,77.307,-0.3284,-1.1475,-0.0467,4,1.0363,1036,220,0,220,2,1,845,,,,1,1,63202,435173,1,,,,858,220,0,1,0,0,1,0,0
861,scan,859,1,1383089579458,,1383089714668,1383091313070,77.357,-0.3209,-1.1478,-0.0467,4,1.0449,1044,220,0,220,1,1,848,1382538633870,1383040649811,502015,0,1,63202,438060,1,,,,859,220,0,1,0,0,1,0,0
862,scan,860,1,1383139235168,,1383139371356,1383141337158,77.407,-0.3060,-1.1485,-0.0467,4,1.0264,1026,220,0,220,1,1,850,1382638891858,1383121474456,482582,0,1,63202,440155,1,,,,860,220,0,1,0,0,1,0,0
863,scan,861,1,1383189767905,,1383189894518,1383191301459,77.457,-0.2985,-1.1489,-0.0467,4,1.0158,1015,220,0,220,1,1,850,,,,1,1,63202,440155,1,,,,861,220,0,1,0,0,1,0,0
864,scan,862,1,1383239898242,,1383240256067,1383242503461,77.507,-0.2836,-1.1496,-0.0467,4,1.0141,1014,220,0,220,1,1,852,1382739137404,1383209409655,470272,0,1,63202,441661,1,,,,862,220,0,1,0,0,1,0,0
865,scan,863,1,1383289222681,,1383289348234,1383291355566,77.557,-0.2761,-1.1499,-0.0467,4,0.9988,998,220,0,220,1,1,852,,,,1,1,63202,442533,1,,,,863,220,0,1,0,0,1,0,0
866,scan,864,1,1383339815262,,1383339954232,1383342558588,77.607,-0.2686,-1.1503,-0.0467,4,0.9873,987,220,0,220,1,1,854,1382839366014,1383300879878,461513,0,1,63202,443948,1,,,,864,220,0,1,0,0,1,0,0
867,scan,865,1,1383389516973,,1383389673964,1383391483224,77.657,-0.2537,-1.1510,-0.0467,4,0.9839,983,220,0,220,2,1,855,1382889446493,1383384682026,495235,0,1,63202,446513,1,,,,865,220,0,1,0,0,1,0,0
868,scan,866,1,1383439573536,,1383439717500,1383441386098,77.707,-0.2462,-1.1513,-0.0467,4,0.9782,978,220,0,220,1,1,856,1382939499407,1383394404775,454905,0,1,63202,448083,1,,,,866,220,0,1,0,0,1,0,0
869,scan,867,1,1383489780117,,1383489908918,1383491470856,77.757,-0.2313,-1.1520,-0.0467,4,0.9676,967,220,0,220,2,1,857,1382990400802,1383463068920,472668,0,1,63202,450083,1,,,,867,220,0,1,0,0,1,0,0
870,scan,868,1,1383539822992,,1383540049865,1383542455374,77.807,-0.2238,-1.1524,-0.0467,4,0.9497,949,220,0,220,2,1,859,1383089627734,1383510052644,420424,0,1,63202,448671,1,,,,868,220,0,1,0,0,1,0,0
871,scan,869,1,1383589723867,,1383589869411,1383591326293,77.857,-0.2088,-1.1531,-0.0467,4,0.9524,952,220,0,220,3,1,860,1383139276100,1383559459599,420183,0,1,63202,447376,1,,,,869,220,0,1,0,0,1,0,0
872,scan,870,1,1383639681052,,1383639815117,1383641358511,77.907,-0.2014,-1.1534,-0.0467,4,0.9353,935,220,0,220,3,1,860,,,,1,1,63202,449298,1,,,,870,220,0,1,0,0,1,0,0
873,scan,871,1,1383690144019,,1383690289555,1383692575972,77.957,-0.1864,-1.1541,-0.0467,4,0.9441,944,220,0,220,3,1,862,1383239978706,1383653265612,413286,0,1,63202,447661,1,,,,871,220,0,1,0,0,1,0,0
874,scan,872,1,1383740244958,,1383740440395,1383742586962,78.007,-0.1790,-1.1544,-0.0467,4,0.9283,928,220,0,220,3,1,862,,,,1,1,63202,447800,1,,,,872,220,0,1,0,0,1,0,0
875,scan,873,1,1383789576120,,1383789706085,1383791405092,78.057,-0.1640,-1.1551,-0.0467,4,0.9210,920,220,0,220,3,1,862,,,,1,1,63202,449482,1,,,,873,220,0,1,0,0,1,0,0
876,scan,874,1,1383839697902,,1383839848756,1383841412522,78.107,-0.1565,-1.1555,-0.0467,4,0.9084,908,220,0,220,2,1,865,1383389563644,1383811392944,421829,0,1,63202,448166,1,,,,874,220,0,1,0,0,1,0,0
877,scan,875,1,1383890554309,,1383890685409,1383892536809,78.157,-0.1416,-1.1562,-0.0467,4,0.9028,902,220,0,220,2,1,865,,,,1,1,63202,449006,1,,,,875,220,0,1,0,0,1,0,0
878,scan,876,1,1383940602841,,1383940732157,1383943460452,78.207,-0.1341,-1.1565,-0.0467,4,0.9028,902,220,0,220,2,1,867,1383489824954,1383915012371,425187,0,1,63202,447985,1,,,,876,220,0,1,0,0,1,0,0
879,scan,877,1,1383990408136,,1383990521400,1383992903246,78.257,-0.1192,-1.1572,-0.0467,4,0.8952,895,220,0,220,1,1,868,1383539895984,1383982762371,442866,0,1,63202,450142,1,,,,877,220,0,1,0,0,1,0,0
880,scan,878,1,1384040555432,,1384040673474,1384042432948,78.307,-0.1117,-1.1576,-0.0467,4,0.8926,892,220,0,220,2,1,869,1383589771409,1384033618109,443846,0,1,63202,449842,1,,,,878,220,0,1,0,0,1,0,0
881,scan,879,1,1384090417943,,1384090539926,1384092513564,78.357,-0.0968,-1.1583,-0.0467,4,0.8843,884,220,0,220,1,1,870,1383639727983,1384069745752,430017,0,1,63202,448941,1,,,,879,220,0,1,0,0,1,0,0
882,scan,880,1,1384140378819,,1384140504706,1384142545433,78.407,-0.0893,-1.1586,-0.0467,4,0.8708,870,220,0,220,1,1,870,,,,1,1,63202,448941,1,,,,880,220,0,1,0,0,1,0,0
883,scan,881,1,1384190338311,,1384190480445,1384192539492,78.457,-0.0818,-1.1590,-0.0467,4,0.8684,868,220,0,220,1,1,870,,,,1,1,63202,448941,1,,,,881,220,0,1,0,0,1,0,0
884,scan,882,1,1384240821248,,1384240966970,1384243238115,78.507,-0.0669,-1.1597,-0.0467,4,0.8669,866,220,0,220,1,1,872,1383740311727,1384207583435,467271,0,1,63202,448735,1,,,,882,220,0,1,0,0,1,0,0
885,scan,883,1,1384290853615,,1384290987899,1384293268104,78.557,-0.0594,-1.1600,-0.0467,4,0.8692,869,220,0,220,1,1,872,,,,1,1,63202,448508,1,,,,883,220,0,1,0,0,1,0,0
886,scan,884,1,1384340695735,,1384340820789,1384342643208,78.607,-0.0445,-1.1607,-0.0467,4,0.8678,867,220,0,220,1,1,872,,,,1,1,63202,449041,1,,,,884,220,0,1,0,0,1,0,0
887,scan,885,1,1384390716519,,1384390840948,1384392884799,78.657,-0.0370,-1.1611,-0.0467,4,0.8528,852,220,0,220,1,1,872,,,,1,1,63202,449041,1,,,,885,220,0,1,0,0,1,0,0
888,scan,886,1,1384440937308,,1384441066842,1384443259307,78.707,-0.0220,-1.1618,-0.0467,4,0.8653,865,220,0,220,1,1,872,,,,1,1,63202,449041,1,,,,886,220,0,1,0,0,1,0,0
889,scan,887,1,1384491803906,,1384491933128,1384494250397,78.757,-0.0146,-1.1621,-0.0467,4,0.8501,850,220,0,220,2,1,877,1383990445276,1384441387446,450942,0,1,63202,449131,1,,,,887,220,0,1,0,0,1,0,0
890,scan,888,1,1384542316686,,1384542457735,1384544436107,78.807,0.0004,-1.1628,-0.0467,4,0.8521,852,220,0,220,2,1,877,,,,1,1,63202,448914,1,,,,888,220,0,1,0,0,1,0,0
891,scan,889,1,1384591791451,,1384591923439,1384594344083,78.857,0.0078,-1.1632,-0.0467,4,0.8544,854,220,0,220,2,1,877,,,,1,1,63202,449940,1,,,,889,220,0,1,0,0,1,0,0
892,scan,890,1,1384641707631,,1384641927367,1384643474138,78.907,0.0228,-1.1639,-0.0467,4,0.8531,853,220,0,220,2,1,877,,,,1,1,63202,450996,1,,,,890,220,0,1,0,0,1,0,0
893,scan,891,1,1384691569070,,1384691719403,1384693372600,78.957,0.0303,-1.1642,-0.0467,4,0.8577,857,220,0,220,2,1,881,1384190381851,1384672781564,482399,0,1,63202,452648,1,,,,891,220,0,1,0,0,1,0,0
894,scan,892,1,1384741796922,,1384741919182,1384744391179,79.007,0.0452,-1.1649,-0.0467,4,0.8518,851,220,0,220,2,1,881,,,,1,1,63202,452648,1,,,,892,220,0,1,0,0,1,0,0
895,scan,893,1,1384791603807,,1384791721740,1384793528284,79.057,0.0527,-1.1653,-0.0467,4,0.8449,844,220,0,220,2,1,883,1384290899118,1384790396261,499497,0,1,63202,454991,1,,,,893,220,0,1,0,0,1,0,0
896,scan,894,1,1384841340209,,1384841459504,1384843345607,79.107,0.0676,-1.1660,-0.0467,4,0.8351,835,220,1,220,3,1,884,1384340737781,1384802362890,461625,0,1,63202,455928,1,,,,894,220,1,1,0,0,1,0,0
897,scan,895,1,1384891528438,,1384891667592,1384893436182,79.157,0.0751,-1.1663,-0.0467,4,0.8806,880,220,1,220,3,1,884,,,,1,1,63202,455928,1,,,,895,220,1,1,0,0,1,0,0
898,scan,896,1,1384942015125,,1384942260112,1384944559269,79.207,0.0900,-1.1670,-0.0466,4,1.0283,1028,220,0,220,3,1,884,,,,1,1,63202,455928,1,,,,896,220,0,1,0,0,1,0,0
899,scan,897,1,1384991346399,,1384991482759,1384993496144,79.257,0.0975,-1.1674,-0.0466,4,1.0228,1022,220,0,220,3,1,884,,,,1,1,63202,455928,1,,,,897,220,0,1,0,0,1,0,0
900,scan,898,1,1385041384628,,1385041510634,1385043934779,79.307,0.1050,-1.1677,-0.0466,4,1.0266,1026,220,0,220,3,1,888,1384542365159,1385012673204,470308,0,1,63202,456613,1,,,,898,220,0,1,0,0,1,0,0
901,scan,899,1,1385091626537,,1385091763761,1385093442839,79.357,0.1199,-1.1684,-0.0466,4,1.0118,1011,220,0,220,2,1,889,1384591836063,1385076286780,484450,0,1,63202,455776,1,,,,899,220,0,1,0,0,1,0,0
902,scan,900,1,1385141593279,,1385141723834,1385143487460,79.407,0.1274,-1.1688,-0.0466,4,1.0225,1022,220,0,220,3,1,890,1384641776485,1385131926653,490150,0,1,63202,456137,1,,,,900,220,0,1,0,0,1,0,0
903,scan,901,1,1385191597425,,1385191718782,1385193357553,79.457,0.1423,-1.1695,-0.0466,4,1.0116,1011,220,0,220,2,1,891,1384691621444,1385146618906,454997,0,1,63202,456085,1,,,,901,220,0,1,0,0,1,0,0
904,scan,902,1,1385241533443,,1385241728954,1385244347095,79.507,0.1498,-1.1698,-0.0466,4,1.0223,1022,220,0,220,3,1,892,1384741836351,1385220887506,479051,0,1,63202,456484,1,,,,902,220,0,1,0,0,1,0,0
905,scan,903,1,1385291464894,,1385291600877,1385293481831,79.557,0.1648,-1.1705,-0.0466,4,1.0067,1006,220,0,220,3,1,892,,,,1,1,63202,456484,1,,,,903,220,0,1,0,0,1,0,0
906,scan,904,1,1385341590162,,1385341871102,1385343377323,79.607,0.1722,-1.1708,-0.0466,4,1.0336,1033,220,0,220,3,1,894,1384841378993,1385301899147,460520,0,1,63202,456439,1,,,,904,220,0,1,0,0,1,0,0
907,scan,905,1,1385391578476,,1385391703899,1385393413236,79.657,0.1872,-1.1715,-0.0466,4,1.0241,1024,220,0,220,2,1,896,1384942090382,1385359937105,417846,0,1,63202,452921,1,,,,905,220,0,1,0,0,1,0,0
908,scan,906,1,1385441694610,,1385441853759,1385443399170,79.707,0.1946,-1.1719,-0.0466,4,1.0000,999,220,0,220,2,1,897,1384991403010,1385404058915,412655,0,1,63202,451001,1,,,,906,220,0,1,0,0,1,0,0
909,scan,907,1,1385491630877,,1385491754696,1385493385901,79.757,0.2096,-1.1726,-0.0466,4,1.0238,1023,220,0,220,3,1,898,1385041430117,1385473762558,432332,0,1,63202,449167,1,,,,907,220,0,1,0,0,1,0,0
910,scan,908,1,1385541779661,,1385541904774,1385543384681,79.807,0.2171,-1.1729,-0.0466,4,1.0078,1007,220,0,220,3,1,898,,,,1,1,63202,450536,1,,,,908,220,0,1,0,0,1,0,0
911,scan,909,1,1385591698582,,1385591840278,1385593318467,79.857,0.2320,-1.1736,-0.0466,4,1.0108,1010,220,0,220,3,1,900,1385141636386,1385546462698,404826,0,1,63202,449805,1,,,,909,220,0,1,0,0,1,0,0
912,scan,910,1,1385641867054,,1385642371428,1385644534867,79.907,0.2395,-1.1740,-0.0466,4,1.0120,1011,220,0,220,3,1,902,1385241603875,1385637093446,395489,0,1,63202,447336,1,,,,910,220,0,1,0,0,1,0,0
913,scan,911,1,1385691760520,,1385691884411,1385693467815,79.957,0.2544,-1.1747,-0.0466,4,1.0108,1010,220,0,220,3,1,902,,,,1,1,63202,448957,1,,,,911,220,0,1,0,0,1,0,0
914,scan,912,1,1385742417504,,1385742545858,1385744444151,80.007,0.2619,-1.1750,-0.0466,4,1.0036,1003,220,0,220,1,1,903,1385291506151,1385695319055,403812,0,1,63202,446905,1,,,,912,220,0,1,0,0,1,0,0
915,scan,913,1,1385791958589,,1385792408157,1385794355102,80.057,0.2768,-1.1757,-0.0466,4,1.0130,1012,220,0,220,1,1,903,,,,1,1,63202,446905,1,,,,913,220,0,1,0,0,1,0,0
916,scan,914,1,1385842419476,,1385842660972,1385844427750,80.107,0.2843,-1.1761,-0.0466,4,1.0152,1015,220,0,220,4,1,905,1385391621029,1385817304633,425683,0,1,63202,447080,1,,,,914,220,0,1,0,0,1,0,0
917,scan,915,1,1385892065716,,1385892198820,1385894408763,80.157,0.2918,-1.1764,-0.0466,4,1.0127,1012,220,0,220,4,1,905,,,,1,1,63202,447080,1,,,,915,220,0,1,0,0,1,0,0
918,scan,916,1,1385942152669,,1385942282695,1385944597499,80.207,0.3067,-1.1771,-0.0466,4,1.0053,1005,220,0,220,4,1,907,1385491672822,1385916866555,425193,0,1,63202,447081,1,,,,916,220,0,1,0,0,1,0,0
919,scan,917,1,1385992755196,,1385992905296,1385994327702,80.257,0.3142,-1.1775,-0.0466,4,1.0241,1024,220,0,220,3,1,908,1385541822330,1385969525230,427702,0,1,63202,446391,1,,,,917,220,0,1,0,0,1,0,0
920,scan,918,1,1386042403015,,1386042549223,1386044516359,80.307,0.3291,-1.1782,-0.0466,4,1.0000,999,220,0,220,3,1,908,,,,1,1,63202,446513,1,,,,918,220,0,1,0,0,1,0,0
921,scan,919,1,1386092644990,,1386092770460,1386094322606,80.357,0.3366,-1.1785,-0.0466,4,1.0237,1023,220,0,220,4,1,909,1385591739898,1386051315916,459576,0,1,63202,447920,1,,,,919,220,0,1,0,0,1,0,0
922,scan,920,1,1386142342929,,1386142462508,1386144403202,80.407,0.3515,-1.1792,-0.0466,4,1.0151,1015,220,1,220,4,1,911,1385691802200,1386121334082,429531,0,1,63202,447084,1,,,,920,220,1,1,0,0,1,0,0
923,scan,921,1,1386193154815,,1386193314153,1386195417099,80.457,0.3590,-1.1796,-0.0466,4,1.0029,1002,220,1,220,3,1,912,1385742462349,1386162454469,419992,0,1,63202,445906,1,,,,921,220,1,1,0,0,1,0,0
924,scan,922,1,1386243050552,,1386243164488,1386245322323,80.507,0.3740,-1.1803,-0.0465,4,1.0033,1003,220,0,220,4,1,913,1385792325283,1386219328849,427003,0,1,63202,444156,1,,,,922,220,0,1,0,0,1,0,0
925,scan,923,1,1386293331254,,1386293481887,1386295389936,80.557,0.3814,-1.1806,-0.0465,4,1.0051,1005,220,0,220,3,1,914,1385842500370,1386258345622,415845,0,1,63202,442976,1,,,,923,220,0,1,0,0,1,0,0
926,scan,924,1,1386342621738,,1386342778181,1386344400473,80.607,0.3964,-1.1813,-0.0464,4,1.0120,1011,220,0,220,1,1,915,1385892111951,1386331492525,439380,0,1,63202,442832,1,,,,924,220,0,1,0,0,1,0,0
927,scan,925,1,1386393332398,,1386393462185,1386395389186,80.657,0.4039,-1.1816,-0.0465,4,1.0025,1002,220,0,220,2,1,916,1385942197674,1386368030768,425833,0,1,63202,442178,1,,,,925,220,0,1,0,0,1,0,0
928,scan,926,1,1386442506080,,1386442627717,1386444382773,80.707,0.4188,-1.1823,-0.0465,4,1.0152,1015,220,0,220,1,1,917,1385992807508,1386423702984,430895,0,1,63202,441760,1,,,,926,220,0,1,0,0,1,0,0
929,scan,927,1,1386492660079,,1386492791495,1386495278840,80.757,0.4263,-1.1827,-0.0465,4,0.9988,998,220,0,220,1,1,917,,,,1,1,63202,441407,1,,,,927,220,0,1,0,0,1,0,0
930,scan,928,1,1386542440011,,1386542562603,1386544644689,80.807,0.4412,-1.1834,-0.0465,4,0.9831,983,220,0,220,5,1,919,1386092689365,1386526410478,433721,0,1,63202,441123,1,,,,928,220,0,1,0,0,1,0,0
931,scan,929,1,1386592650220,,1386592774460,1386594413943,80.857,0.4487,-1.1837,-0.0465,4,0.9941,994,220,0,220,5,1,919,,,,1,1,63202,441123,1,,,,929,220,0,1,0,0,1,0,0
932,scan,930,1,1386643141573,,1386643279009,1386645481964,80.907,0.4636,-1.1844,-0.0465,4,0.9936,993,220,0,220,5,1,921,1386193201333,1386619217004,426015,0,1,63202,440583,1,,,,930,220,0,1,0,0,1,0,0
933,scan,931,1,1386693092566,,1386693248241,1386695419343,80.957,0.4711,-1.1848,-0.0465,4,1.0025,1002,220,0,220,5,1,921,,,,1,1,63202,439034,1,,,,931,220,0,1,0,0,1,0,0
934,scan,932,1,1386743222946,,1386743381264,1386745355433,81.007,0.4786,-1.1851,-0.0465,4,0.9890,988,220,0,220,3,1,923,1386293392933,1386714930212,421537,0,1,63202,438409,1,,,,932,220,0,1,0,0,1,0,0
935,scan,933,1,1386792889439,,1386793017311,1386795300141,81.057,0.4935,-1.1858,-0.0465,4,1.0013,1001,220,0,220,3,1,923,,,,1,1,63202,436147,1,,,,933,220,0,1,0,0,1,0,0
936,scan,934,1,1386842809205,,1386842940821,1386844483538,81.107,0.5010,-1.1862,-0.0465,4,1.0046,1004,220,0,220,3,1,923,,,,1,1,63202,435167,1,,,,934,220,0,1,0,0,1,0,0
937,scan,935,1,1386893407955,,1386893549810,1386895415183,81.157,0.5159,-1.1869,-0.0465,4,0.9961,996,220,1,220,1,1,926,1386442548731,1386849331331,406782,0,1,63202,434116,1,,,,935,220,1,1,0,0,1,0,0
938,scan,936,1,1386943657145,,1386943781172,1386945303274,81.207,0.5234,-1.1872,-0.0465,4,0.9931,993,220,1,220,-1,1,928,1386542478837,1386941793399,399314,0,1,63202,432873,1,,,,936,220,1,1,0,0,1,0,0
939,scan,937,1,1386993596868,,1386993715395,1386995343176,81.257,0.5383,-1.1879,-0.0464,4,0.9809,980,220,0,220,-1,1,928,,,,1,1,63202,432873,1,,,,937,220,0,1,0,0,1,0,0
940,scan,938,1,1387044261224,,1387044424148,1387046356075,81.307,0.5458,-1.1882,-0.0464,4,0.9683,968,220,0,220,3,1,929,1386592693319,1386999624943,406931,0,1,63202,430609,1,,,,938,220,0,1,0,0,1,0,0
941,scan,939,1,1387094072936,,1387094202713,1387096396071,81.357,0.5608,-1.1889,-0.0463,4,1.0110,1010,220,0,220,3,1,929,,,,1,1,63202,428615,1,,,,939,220,0,1,0,0,1,0,0
942,scan,940,1,1387143686907,,1387143810096,1387145388327,81.407,0.5682,-1.1893,-0.0464,4,0.9901,990,220,0,220,3,1,931,1386693135263,1387126375763,433240,0,1,63202,426507,1,,,,940,220,0,1,0,0,1,0,0
943,scan,941,1,1387193580267,,1387193718925,1387195319807,81.457,0.5832,-1.1900,-0.0464,4,0.9968,996,220,0,220,0,1,932,1386743277375,1387182719430,439442,0,1,63202,425931,1,,,,941,220,0,1,0,0,1,0,0
944,scan,942,1,1387243685160,,1387243830353,1387245391776,81.507,0.5907,-1.1903,-0.0464,4,0.9923,992,220,0,220,0,1,932,,,,1,1,63202,423888,1,,,,942,220,0,1,0,0,1,0,0
945,scan,943,1,1387293526781,,1387293650470,1387295337120,81.557,0.6056,-1.1910,-0.0464,4,0.9873,987,220,0,220,2,1,935,1386893456477,1387289919173,396462,0,1,63202,422872,1,,,,943,220,0,1,0,0,1,0,0
946,scan,944,1,1387343519349,,1387343729347,1387345432178,81.607,0.6131,-1.1914,-0.0464,4,0.9594,959,220,0,220,0,1,936,1386943703118,1387340504920,396801,0,1,63202,420513,1,,,,944,220,0,1,0,0,1,0,0
947,scan,945,1,1387393596240,,1387393715847,1387395315600,81.657,0.6280,-1.1921,-0.0464,4,0.9974,997,220,1,220,0,1,936,,,,1,1,63202,420615,1,,,,945,220,1,1,0,0,1,0,0
948,scan,946,1,1387443578676,,1387443703350,1387445490708,81.707,0.6355,-1.1924,-0.0464,4,0.9878,987,220,1,220,2,1,937,1386993637182,1387403794041,410156,0,1,63202,420519,1,,,,946,220,1,1,0,0,1,0,0
,wdog,,,,,,1387594587329,,,,,,,,,,,,,,,,,,,,,,,,,946,0,0,1,3,0,1,0,
