step,t_ns,elapsed_s,n_up,n_down,bytes_up,bytes_down,iat_med_up_ms,iat_p90_up_ms,iat_max_up_ms,iat_mad_up_ms,burst_up,iat_med_down_ms,iat_p90_down_ms,iat_max_down_ms,iat_mad_down_ms,burst_down,updown_ratio,pair_n,pair_med_ms,pair_min_ms,pair_max_ms,q_up_ms,q_down_ms,q_pair_ms,q_hat_ms,q_min_ms,baseline_done,degraded,t_det_meta_ns
1,1790093116862303232,0.1,0,1,0,32,,,,,0,,,,,0,0.0,0,,,,,,,,,0,0,
2,1790093116962303232,0.2,0,1,0,32,,,,,0,,,,,0,0.0,0,,,,,,,,,0,0,
3,1790093117062303232,0.3,0,1,0,32,,,,,0,,,,,0,0.0,0,,,,,,,,,0,0,
4,1790093117162303232,0.4,0,1,0,32,,,,,0,,,,,0,0.0,0,,,,,,,,,0,0,
5,1790093117262303232,0.5,0,1,0,32,,,,,0,,,,,0,0.0,0,,,,,,,,,0,0,
6,1790093117362303232,0.6,0,1,0,32,,,,,0,,,,,0,0.0,0,,,,,,,,,0,0,
7,1790093117462303232,0.7,0,1,0,32,,,,,0,,,,,0,0.0,0,,,,,,,,,0,0,
8,1790093117562303232,0.8,0,1,0,32,,,,,0,,,,,0,0.0,0,,,,,,,,,0,0,
9,1790093117662303232,0.9,0,1,0,32,,,,,0,,,,,0,0.0,0,,,,,,,,,0,0,
10,1790093117762303232,1.0,0,1,0,32,,,,,0,,,,,0,0.0,0,,,,,,,,,0,0,
11,1790093117862303232,1.1,0,0,0,0,,,,,0,,,,,0,,0,,,,,,,,,0,0,
12,1790093117962303232,1.2,0,0,0,0,,,,,0,,,,,0,,0,,,,,,,,,0,0,
13,1790093118062303232,1.3,0,0,0,0,,,,,0,,,,,0,,0,,,,,,,,,0,0,
14,1790093118162303232,1.4,0,0,0,0,,,,,0,,,,,0,,0,,,,,,,,,0,0,
15,1790093118262303232,1.5,0,0,0,0,,,,,0,,,,,0,,0,,,,,,,,,0,0,
16,1790093118362303232,1.6,0,0,0,0,,,,,0,,,,,0,,0,,,,,,,,,0,0,
17,1790093118462303232,1.7,0,0,0,0,,,,,0,,,,,0,,0,,,,,,,,,0,0,
18,1790093118562303232,1.8,0,0,0,0,,,,,0,,,,,0,,0,,,,,,,,,0,0,
19,1790093118662303232,1.9,0,0,0,0,,,,,0,,,,,0,,0,,,,,,,,,0,0,
20,1790093118762303232,2.0,0,0,0,0,,,,,0,,,,,0,,0,,,,,,,,,0,0,
21,1790093118862303232,2.1,0,0,0,0,,,,,0,,,,,0,,0,,,,,,,,,0,0,
22,1790093118962303232,2.2,0,0,0,0,,,,,0,,,,,0,,0,,,,,,,,,0,0,
23,1790093119062303232,2.3,0,0,0,0,,,,,0,,,,,0,,0,,,,,,,,,0,0,
24,1790093119162303232,2.4,0,0,0,0,,,,,0,,,,,0,,0,,,,,,,,,0,0,
25,1790093119262303232,2.5,0,0,0,0,,,,,0,,,,,0,,0,,,,,,,,,0,0,
26,1790093119362303232,2.6,0,0,0,0,,,,,0,,,,,0,,0,,,,,,,,,0,0,
27,1790093119462303232,2.7,0,0,0,0,,,,,0,,,,,0,,0,,,,,,,,,0,0,
28,1790093119562303232,2.8,0,0,0,0,,,,,0,,,,,0,,0,,,,,,,,,0,0,
29,1790093119662303232,2.9,0,0,0,0,,,,,0,,,,,0,,0,,,,,,,,,0,0,
30,1790093119762303232,3.0,0,0,0,0,,,,,0,,,,,0,,0,,,,,,,,,0,0,
31,1790093119862303232,3.1,0,0,0,0,,,,,0,,,,,0,,0,,,,,,,,,0,0,
32,1790093119962303232,3.2,0,0,0,0,,,,,0,,,,,0,,0,,,,,,,,,0,0,
33,1790093120062303232,3.3,0,0,0,0,,,,,0,,,,,0,,0,,,,,,,,,0,0,
34,1790093120162303232,3.4,0,0,0,0,,,,,0,,,,,0,,0,,,,,,,,,0,0,
35,1790093120262303232,3.5,0,0,0,0,,,,,0,,,,,0,,0,,,,,,,,,0,0,
36,1790093120362303232,3.6,0,0,0,0,,,,,0,,,,,0,,0,,,,,,,,,0,0,
37,1790093120462303232,3.7,1,0,112,0,,,,,0,,,,,0,,0,,,,,,,,,0,0,
38,1790093120562303232,3.8,1,0,112,0,,,,,0,,,,,0,,0,,,,,,,,,0,0,
39,1790093120662303232,3.9,1,0,112,0,,,,,0,,,,,0,,0,,,,,,,,,0,0,
40,1790093120762303232,4.0,1,0,112,0,,,,,0,,,,,0,,0,,,,,,,,,0,0,
41,1790093120862303232,4.1,1,0,112,0,,,,,0,,,,,0,,0,,,,,,,,,0,0,
42,1790093120962303232,4.2,1,0,112,0,,,,,0,,,,,0,,0,,,,,,,,,0,0,
43,1790093121062303232,4.3,1,0,112,0,,,,,0,,,,,0,,0,,,,,,,,,0,0,
44,1790093121162303232,4.4,1,0,112,0,,,,,0,,,,,0,,0,,,,,,,,,0,0,
45,1790093121262303232,4.5,2,0,224,0,763.758,763.758,763.758,0.0,1,,,,,0,,0,,,,,,,,,0,0,
46,1790093121362303232,4.6,2,0,224,0,763.758,763.758,763.758,0.0,1,,,,,0,,0,,,,,,,,,0,0,
47,1790093121462303232,4.7,2,0,224,0,763.758,763.758,763.758,0.0,1,,,,,0,,0,,,,,,,,,0,0,
48,1790093121562303232,4.8,1,0,112,0,,,,,0,,,,,0,,0,,,,,,,,,0,0,
49,1790093121662303232,4.9,1,0,112,0,,,,,0,,,,,0,,0,,,,,,,,,0,0,
50,1790093121762303232,5.0,1,0,112,0,,,,,0,,,,,0,,0,,,,,,,,,0,0,
51,1790093121862303232,5.1,1,0,112,0,,,,,0,,,,,0,,0,,,,,,,,,0,0,
52,1790093121962303232,5.2,1,0,112,0,,,,,0,,,,,0,,0,,,,,,,,,0,0,
53,1790093122062303232,5.3,2,0,224,0,754.448,754.448,754.448,0.0,1,,,,,0,,0,,,,,,,,,0,0,
54,1790093122162303232,5.4,2,0,224,0,754.448,754.448,754.448,0.0,1,,,,,0,,0,,,,,,,,,0,0,
55,1790093122262303232,5.5,1,0,112,0,,,,,0,,,,,0,,0,,,,,,,,,0,0,
56,1790093122362303232,5.6,1,0,112,0,,,,,0,,,,,0,,0,,,,,,,,,0,0,
57,1790093122462303232,5.7,1,0,112,0,,,,,0,,,,,0,,0,,,,,,,,,0,0,
58,1790093122562303232,5.8,1,0,112,0,,,,,0,,,,,0,,0,,,,,,,,,0,0,
59,1790093122662303232,5.9,1,0,112,0,,,,,0,,,,,0,,0,,,,,,,,,0,0,
60,1790093122762303232,6.0,1,0,112,0,,,,,0,,,,,0,,0,,,,,,,,,0,0,
61,1790093122862303232,6.1,1,0,112,0,,,,,0,,,,,0,,0,,,,,,,,,0,0,
62,1790093122962303232,6.2,1,0,112,0,,,,,0,,,,,0,,0,,,,,,,,,0,0,
63,1790093123062303232,6.3,0,0,0,0,,,,,0,,,,,0,,0,,,,,,,,,0,0,
64,1790093123162303232,6.4,1,0,112,0,,,,,0,,,,,0,,0,,,,,,,,,0,0,
65,1790093123262303232,6.5,1,0,112,0,,,,,0,,,,,0,,0,,,,,,,,,0,0,
66,1790093123362303232,6.6,1,0,112,0,,,,,0,,,,,0,,0,,,,,,,,,0,0,
67,1790093123462303232,6.7,1,0,112,0,,,,,0,,,,,0,,0,,,,,,,,,0,0,
68,1790093123562303232,6.8,1,0,112,0,,,,,0,,,,,0,,0,,,,,,,,,0,0,
69,1790093123662303232,6.9,1,0,112,0,,,,,0,,,,,0,,0,,,,,,,,,0,0,
70,1790093123762303232,7.0,1,0,112,0,,,,,0,,,,,0,,0,,,,,,,,,0,0,
71,1790093123862303232,7.1,1,0,112,0,,,,,0,,,,,0,,0,,,,,,,,,0,0,
72,1790093123962303232,7.2,2,0,224,0,762.637,762.637,762.637,0.0,1,,,,,0,,0,,,,,,,,,0,0,
73,1790093124062303232,7.3,2,0,224,0,762.637,762.637,762.637,0.0,1,,,,,0,,0,,,,,,,,,0,0,
74,1790093124162303232,7.4,2,0,224,0,762.637,762.637,762.637,0.0,1,,,,,0,,0,,,,,,,,,0,0,
75,1790093124262303232,7.5,1,0,112,0,,,,,0,,,,,0,,0,,,,,,,,,0,0,
76,1790093124362303232,7.6,1,0,112,0,,,,,0,,,,,0,,0,,,,,,,,,0,0,
77,1790093124462303232,7.7,1,0,112,0,,,,,0,,,,,0,,0,,,,,,,,,0,0,
78,1790093124562303232,7.8,1,0,112,0,,,,,0,,,,,0,,0,,,,,,,,,0,0,
79,1790093124662303232,7.9,1,0,112,0,,,,,0,,,,,0,,0,,,,,,,,,0,0,
80,1790093124762303232,8.0,2,0,224,0,765.726,765.726,765.726,0.0,1,,,,,0,,0,,,,,,,,,0,0,
81,1790093124862303232,8.1,2,0,224,0,765.726,765.726,765.726,0.0,1,,,,,0,,0,,,,,,,,,0,0,
82,1790093124962303232,8.2,1,0,112,0,,,,,0,,,,,0,,0,,,,,,,,,0,0,
83,1790093125062303232,8.3,1,0,112,0,,,,,0,,,,,0,,0,,,,,,,,,0,0,
84,1790093125162303232,8.4,1,0,112,0,,,,,0,,,,,0,,0,,,,,,,,,0,0,
85,1790093125262303232,8.5,1,0,112,0,,,,,0,,,,,0,,0,,,,,,,,,0,0,
86,1790093125362303232,8.6,1,0,112,0,,,,,0,,,,,0,,0,,,,,,,,,0,0,
87,1790093125462303232,8.7,1,0,112,0,,,,,0,,,,,0,,0,,,,,,,,,0,0,
88,1790093125562303232,8.8,1,0,112,0,,,,,0,,,,,0,,0,,,,,,,,,0,0,
89,1790093125662303232,8.9,1,0,112,0,,,,,0,,,,,0,,0,,,,,,,,,0,0,
90,1790093125762303232,9.0,0,0,0,0,,,,,0,,,,,0,,0,,,,,,,,,0,0,
91,1790093125862303232,9.1,0,0,0,0,,,,,0,,,,,0,,0,,,,,,,,,0,0,
92,1790093125962303232,9.2,1,0,112,0,,,,,0,,,,,0,,0,,,,,,,,,0,0,
93,1790093126062303232,9.3,1,0,112,0,,,,,0,,,,,0,,0,,,,,,,,,0,0,
94,1790093126162303232,9.4,1,0,112,0,,,,,0,,,,,0,,0,,,,,,,,,0,0,
95,1790093126262303232,9.5,1,0,112,0,,,,,0,,,,,0,,0,,,,,,,,,0,0,
96,1790093126362303232,9.6,1,0,112,0,,,,,0,,,,,0,,0,,,,,,,,,0,0,
97,1790093126462303232,9.7,1,0,112,0,,,,,0,,,,,0,,0,,,,,,,,,0,0,
98,1790093126562303232,9.8,1,0,112,0,,,,,0,,,,,0,,0,,,,,,,,,0,0,
99,1790093126662303232,9.9,2,0,224,0,762.379,762.379,762.379,0.0,1,,,,,0,,0,,,,,,,,,0,0,
100,1790093126762303232,10.0,2,0,224,0,762.379,762.379,762.379,0.0,1,,,,,0,,0,,,,,,,,,0,0,
101,1790093126862303232,10.1,2,0,224,0,762.379,762.379,762.379,0.0,1,,,,,0,,0,,,,,,,,,0,0,
102,1790093126962303232,10.2,1,0,112,0,,,,,0,,,,,0,,0,,,,,,,,,0,0,
103,1790093127062303232,10.3,1,0,112,0,,,,,0,,,,,0,,0,,,,,,,,,0,0,
104,1790093127162303232,10.4,1,0,112,0,,,,,0,,,,,0,,0,,,,,,,,,0,0,
105,1790093127262303232,10.5,1,0,112,0,,,,,0,,,,,0,,0,,,,,,,,,0,0,
106,1790093127362303232,10.6,1,0,112,0,,,,,0,,,,,0,,0,,,,,,,,,0,0,
107,1790093127462303232,10.7,2,0,224,0,763.415,763.415,763.415,0.0,1,,,,,0,,0,,,,,,,,,0,0,
108,1790093127562303232,10.8,2,0,224,0,763.415,763.415,763.415,0.0,1,,,,,0,,0,,,,,,,,,0,0,
109,1790093127662303232,10.9,1,0,112,0,,,,,0,,,,,0,,0,,,,,,,,,0,0,
110,1790093127762303232,11.0,1,0,112,0,,,,,0,,,,,0,,0,,,,,,,,,0,0,
111,1790093127862303232,11.1,1,0,112,0,,,,,0,,,,,0,,0,,,,,,,,,0,0,
112,1790093127962303232,11.2,1,0,112,0,,,,,0,,,,,0,,0,,,,,,,,,0,0,
113,1790093128062303232,11.3,1,0,112,0,,,,,0,,,,,0,,0,,,,,,,,,0,0,
114,1790093128162303232,11.4,1,0,112,0,,,,,0,,,,,0,,0,,,,,,,,,0,0,
115,1790093128262303232,11.5,1,0,112,0,,,,,0,,,,,0,,0,,,,,,,,,0,0,
116,1790093128362303232,11.6,1,0,112,0,,,,,0,,,,,0,,0,,,,,,,,,0,0,
117,1790093128462303232,11.7,0,0,0,0,,,,,0,,,,,0,,0,,,,,,,,,0,0,
118,1790093128562303232,11.8,0,0,0,0,,,,,0,,,,,0,,0,,,,,,,,,0,0,
119,1790093128662303232,11.9,1,0,112,0,,,,,0,,,,,0,,0,,,,,,,,,0,0,
120,1790093128762303232,12.0,1,0,112,0,,,,,0,,,,,0,,0,,,,,,,,,0,0,
121,1790093128862303232,12.1,1,0,112,0,,,,,0,,,,,0,,0,,,,,,,,,0,0,
122,1790093128962303232,12.2,1,0,112,0,,,,,0,,,,,0,,0,,,,,,,,,0,0,
123,1790093129062303232,12.3,1,0,112,0,,,,,0,,,,,0,,0,,,,,,,,,0,0,
124,1790093129162303232,12.4,1,0,112,0,,,,,0,,,,,0,,0,,,,,,,,,0,0,
125,1790093129262303232,12.5,1,0,112,0,,,,,0,,,,,0,,0,,,,,,,,,0,0,
126,1790093129362303232,12.6,2,0,224,0,763.905,763.905,763.905,0.0,1,,,,,0,,0,,,,,,,,,0,0,
127,1790093129462303232,12.7,2,0,224,0,763.905,763.905,763.905,0.0,1,,,,,0,,0,,,,,,,,,0,0,
128,1790093129562303232,12.8,2,0,224,0,763.905,763.905,763.905,0.0,1,,,,,0,,0,,,,,,,,,0,0,
129,1790093129662303232,12.9,1,0,112,0,,,,,0,,,,,0,,0,,,,,,,,,0,0,
130,1790093129762303232,13.0,1,0,112,0,,,,,0,,,,,0,,0,,,,,,,,,0,0,
131,1790093129862303232,13.1,1,0,112,0,,,,,0,,,,,0,,0,,,,,,,,,0,0,
132,1790093129962303232,13.2,1,0,112,0,,,,,0,,,,,0,,0,,,,,,,,,0,0,
133,1790093130062303232,13.3,1,0,112,0,,,,,0,,,,,0,,0,,,,,,,,,0,0,
134,1790093130162303232,13.4,2,0,224,0,761.804,761.804,761.804,0.0,1,,,,,0,,0,,,,,,,,,0,0,
135,1790093130262303232,13.5,2,0,224,0,761.804,761.804,761.804,0.0,1,,,,,0,,0,,,,,,,,,0,0,
136,1790093130362303232,13.6,2,0,224,0,761.804,761.804,761.804,0.0,1,,,,,0,,0,,,,,,,,,0,0,
137,1790093130462303232,13.7,1,0,112,0,,,,,0,,,,,0,,0,,,,,,,,,0,0,
138,1790093130562303232,13.8,1,1,112,32,,,,,0,,,,,0,3.5,0,,,,,,,,,0,0,
139,1790093130662303232,13.9,1,1,112,32,,,,,0,,,,,0,3.5,0,,,,,,,,,0,0,
140,1790093130762303232,14.0,1,1,112,32,,,,,0,,,,,0,3.5,0,,,,,,,,,0,0,
141,1790093130862303232,14.1,1,1,112,32,,,,,0,,,,,0,3.5,0,,,,,,,,,0,0,
142,1790093130962303232,14.2,1,1,112,32,,,,,0,,,,,0,3.5,0,,,,,,,,,0,0,
143,1790093131062303232,14.3,1,1,112,32,,,,,0,,,,,0,3.5,0,,,,,,,,,0,0,
144,1790093131162303232,14.4,0,1,0,32,,,,,0,,,,,0,0.0,0,,,,,,,,,0,0,
145,1790093131262303232,14.5,0,1,0,32,,,,,0,,,,,0,0.0,0,,,,,,,,,0,0,
146,1790093131362303232,14.6,0,1,0,32,,,,,0,,,,,0,0.0,0,,,,,,,,,0,0,
147,1790093131462303232,14.7,0,1,0,32,,,,,0,,,,,0,0.0,0,,,,,,,,,0,0,
148,1790093131562303232,14.8,0,0,0,0,,,,,0,,,,,0,,0,,,,,,,,,0,0,
149,1790093131662303232,14.9,0,0,0,0,,,,,0,,,,,0,,0,,,,,,,,,0,0,
150,1790093131762303232,15.0,0,0,0,0,,,,,0,,,,,0,,0,,,,,,,,,0,0,
151,1790093131862303232,15.1,0,0,0,0,,,,,0,,,,,0,,0,,,,,,,,,0,0,
152,1790093131962303232,15.2,0,0,0,0,,,,,0,,,,,0,,0,,,,,,,,,0,0,
153,1790093132062303232,15.3,0,0,0,0,,,,,0,,,,,0,,0,,,,,,,,,0,0,
154,1790093132162303232,15.4,0,0,0,0,,,,,0,,,,,0,,0,,,,,,,,,0,0,
155,1790093132262303232,15.5,0,0,0,0,,,,,0,,,,,0,,0,,,,,,,,,0,0,
156,1790093132362303232,15.6,0,0,0,0,,,,,0,,,,,0,,0,,,,,,,,,0,0,
157,1790093132462303232,15.7,0,0,0,0,,,,,0,,,,,0,,0,,,,,,,,,0,0,
158,1790093132562303232,15.8,0,0,0,0,,,,,0,,,,,0,,0,,,,,,,,,0,0,
159,1790093132662303232,15.9,0,0,0,0,,,,,0,,,,,0,,0,,,,,,,,,0,0,
160,1790093132762303232,16.0,0,0,0,0,,,,,0,,,,,0,,0,,,,,,,,,0,0,
161,1790093132862303232,16.1,0,0,0,0,,,,,0,,,,,0,,0,,,,,,,,,0,0,
162,1790093132962303232,16.2,0,0,0,0,,,,,0,,,,,0,,0,,,,,,,,,0,0,
163,1790093133062303232,16.3,0,0,0,0,,,,,0,,,,,0,,0,,,,,,,,,0,0,
164,1790093133162303232,16.4,0,0,0,0,,,,,0,,,,,0,,0,,,,,,,,,0,0,
165,1790093133262303232,16.5,0,0,0,0,,,,,0,,,,,0,,0,,,,,,,,,0,0,
166,1790093133362303232,16.6,0,0,0,0,,,,,0,,,,,0,,0,,,,,,,,,0,0,
167,1790093133462303232,16.7,0,0,0,0,,,,,0,,,,,0,,0,,,,,,,,,0,0,
168,1790093133562303232,16.8,0,0,0,0,,,,,0,,,,,0,,0,,,,,,,,,0,0,
169,1790093133662303232,16.9,0,0,0,0,,,,,0,,,,,0,,0,,,,,,,,,0,0,
170,1790093133762303232,17.0,0,0,0,0,,,,,0,,,,,0,,0,,,,,,,,,0,0,
171,1790093133862303232,17.1,0,0,0,0,,,,,0,,,,,0,,0,,,,,,,,,0,0,
172,1790093133962303232,17.2,0,0,0,0,,,,,0,,,,,0,,0,,,,,,,,,0,0,
173,1790093134062303232,17.3,0,0,0,0,,,,,0,,,,,0,,0,,,,,,,,,0,0,
174,1790093134162303232,17.4,0,0,0,0,,,,,0,,,,,0,,0,,,,,,,,,0,0,
175,1790093134262303232,17.5,0,0,0,0,,,,,0,,,,,0,,0,,,,,,,,,0,0,
176,1790093134362303232,17.6,0,0,0,0,,,,,0,,,,,0,,0,,,,,,,,,0,0,
177,1790093134462303232,17.7,0,0,0,0,,,,,0,,,,,0,,0,,,,,,,,,0,0,
178,1790093134562303232,17.8,0,0,0,0,,,,,0,,,,,0,,0,,,,,,,,,0,0,
179,1790093134662303232,17.9,0,0,0,0,,,,,0,,,,,0,,0,,,,,,,,,0,0,
180,1790093134762303232,18.0,0,0,0,0,,,,,0,,,,,0,,0,,,,,,,,,0,0,
181,1790093134862303232,18.1,0,0,0,0,,,,,0,,,,,0,,0,,,,,,,,,0,0,
182,1790093134962303232,18.2,0,0,0,0,,,,,0,,,,,0,,0,,,,,,,,,0,0,
183,1790093135062303232,18.3,0,0,0,0,,,,,0,,,,,0,,0,,,,,,,,,0,0,
184,1790093135162303232,18.4,0,0,0,0,,,,,0,,,,,0,,0,,,,,,,,,0,0,
185,1790093135262303232,18.5,0,0,0,0,,,,,0,,,,,0,,0,,,,,,,,,0,0,
186,1790093135362303232,18.6,0,0,0,0,,,,,0,,,,,0,,0,,,,,,,,,0,0,
187,1790093135462303232,18.7,0,0,0,0,,,,,0,,,,,0,,0,,,,,,,,,0,0,
188,1790093135562303232,18.8,0,0,0,0,,,,,0,,,,,0,,0,,,,,,,,,0,0,
189,1790093135662303232,18.9,0,0,0,0,,,,,0,,,,,0,,0,,,,,,,,,0,0,
190,1790093135762303232,19.0,0,0,0,0,,,,,0,,,,,0,,0,,,,,,,,,0,0,
191,1790093135862303232,19.1,0,0,0,0,,,,,0,,,,,0,,0,,,,,,,,,0,0,
192,1790093135962303232,19.2,0,0,0,0,,,,,0,,,,,0,,0,,,,,,,,,0,0,
193,1790093136062303232,19.3,0,0,0,0,,,,,0,,,,,0,,0,,,,,,,,,0,0,
194,1790093136162303232,19.4,0,0,0,0,,,,,0,,,,,0,,0,,,,,,,,,0,0,
195,1790093136262303232,19.5,0,0,0,0,,,,,0,,,,,0,,0,,,,,,,,,0,0,
196,1790093136362303232,19.6,0,0,0,0,,,,,0,,,,,0,,0,,,,,,,,,0,0,
197,1790093136462303232,19.7,0,0,0,0,,,,,0,,,,,0,,0,,,,,,,,,0,0,
198,1790093136562303232,19.8,0,0,0,0,,,,,0,,,,,0,,0,,,,,,,,,0,0,
199,1790093136662303232,19.9,0,0,0,0,,,,,0,,,,,0,,0,,,,,,,,,0,0,
200,1790093136762303232,20.0,0,0,0,0,,,,,0,,,,,0,,0,,,,,,,,,0,0,
201,1790093136862303232,20.1,0,0,0,0,,,,,0,,,,,0,,0,,,,,,,,,0,0,
202,1790093136962303232,20.2,0,0,0,0,,,,,0,,,,,0,,0,,,,,,,,,0,0,
203,1790093137062303232,20.3,0,0,0,0,,,,,0,,,,,0,,0,,,,,,,,,0,0,
204,1790093137162303232,20.4,0,0,0,0,,,,,0,,,,,0,,0,,,,,,,,,0,0,
205,1790093137262303232,20.5,0,0,0,0,,,,,0,,,,,0,,0,,,,,,,,,0,0,
206,1790093137362303232,20.6,0,0,0,0,,,,,0,,,,,0,,0,,,,,,,,,0,0,
207,1790093137462303232,20.7,0,0,0,0,,,,,0,,,,,0,,0,,,,,,,,,0,0,
208,1790093137562303232,20.8,0,0,0,0,,,,,0,,,,,0,,0,,,,,,,,,0,0,
209,1790093137662303232,20.9,0,0,0,0,,,,,0,,,,,0,,0,,,,,,,,,0,0,
210,1790093137762303232,21.0,0,0,0,0,,,,,0,,,,,0,,0,,,,,,,,,0,0,
211,1790093137862303232,21.1,0,0,0,0,,,,,0,,,,,0,,0,,,,,,,,,0,0,
212,1790093137962303232,21.2,0,0,0,0,,,,,0,,,,,0,,0,,,,,,,,,0,0,
213,1790093138062303232,21.3,0,0,0,0,,,,,0,,,,,0,,0,,,,,,,,,0,0,
214,1790093138162303232,21.4,0,0,0,0,,,,,0,,,,,0,,0,,,,,,,,,0,0,
215,1790093138262303232,21.5,0,0,0,0,,,,,0,,,,,0,,0,,,,,,,,,0,0,
216,1790093138362303232,21.6,0,0,0,0,,,,,0,,,,,0,,0,,,,,,,,,0,0,
217,1790093138462303232,21.7,0,0,0,0,,,,,0,,,,,0,,0,,,,,,,,,0,0,
218,1790093138562303232,21.8,0,0,0,0,,,,,0,,,,,0,,0,,,,,,,,,0,0,
219,1790093138662303232,21.9,0,0,0,0,,,,,0,,,,,0,,0,,,,,,,,,0,0,
220,1790093138762303232,22.0,0,0,0,0,,,,,0,,,,,0,,0,,,,,,,,,0,0,
221,1790093138862303232,22.1,0,0,0,0,,,,,0,,,,,0,,0,,,,,,,,,0,0,
222,1790093138962303232,22.2,0,0,0,0,,,,,0,,,,,0,,0,,,,,,,,,0,0,
223,1790093139062303232,22.3,0,0,0,0,,,,,0,,,,,0,,0,,,,,,,,,0,0,
224,1790093139162303232,22.4,0,0,0,0,,,,,0,,,,,0,,0,,,,,,,,,0,0,
225,1790093139262303232,22.5,0,0,0,0,,,,,0,,,,,0,,0,,,,,,,,,0,0,
226,1790093139362303232,22.6,0,0,0,0,,,,,0,,,,,0,,0,,,,,,,,,0,0,
227,1790093139462303232,22.7,0,0,0,0,,,,,0,,,,,0,,0,,,,,,,,,0,0,
228,1790093139562303232,22.8,0,0,0,0,,,,,0,,,,,0,,0,,,,,,,,,0,0,
229,1790093139662303232,22.9,0,0,0,0,,,,,0,,,,,0,,0,,,,,,,,,0,0,
230,1790093139762303232,23.0,0,0,0,0,,,,,0,,,,,0,,0,,,,,,,,,0,0,
231,1790093139862303232,23.1,0,0,0,0,,,,,0,,,,,0,,0,,,,,,,,,0,0,
232,1790093139962303232,23.2,0,0,0,0,,,,,0,,,,,0,,0,,,,,,,,,0,0,
233,1790093140062303232,23.3,0,0,0,0,,,,,0,,,,,0,,0,,,,,,,,,0,0,
234,1790093140162303232,23.4,0,0,0,0,,,,,0,,,,,0,,0,,,,,,,,,0,0,
235,1790093140262303232,23.5,0,0,0,0,,,,,0,,,,,0,,0,,,,,,,,,0,0,
236,1790093140362303232,23.6,0,0,0,0,,,,,0,,,,,0,,0,,,,,,,,,0,0,
237,1790093140462303232,23.7,0,0,0,0,,,,,0,,,,,0,,0,,,,,,,,,0,0,
238,1790093140562303232,23.8,0,0,0,0,,,,,0,,,,,0,,0,,,,,,,,,0,0,
239,1790093140662303232,23.9,0,0,0,0,,,,,0,,,,,0,,0,,,,,,,,,0,0,
240,1790093140762303232,24.0,0,0,0,0,,,,,0,,,,,0,,0,,,,,,,,,0,0,
241,1790093140862303232,24.1,0,0,0,0,,,,,0,,,,,0,,0,,,,,,,,,0,0,
242,1790093140962303232,24.2,0,0,0,0,,,,,0,,,,,0,,0,,,,,,,,,0,0,
243,1790093141062303232,24.3,0,0,0,0,,,,,0,,,,,0,,0,,,,,,,,,0,0,
244,1790093141162303232,24.4,0,0,0,0,,,,,0,,,,,0,,0,,,,,,,,,0,0,
245,1790093141262303232,24.5,0,0,0,0,,,,,0,,,,,0,,0,,,,,,,,,0,0,
246,1790093141362303232,24.6,0,0,0,0,,,,,0,,,,,0,,0,,,,,,,,,0,0,
247,1790093141462303232,24.7,0,0,0,0,,,,,0,,,,,0,,0,,,,,,,,,0,0,
248,1790093141562303232,24.8,0,0,0,0,,,,,0,,,,,0,,0,,,,,,,,,0,0,
249,1790093141662303232,24.9,0,0,0,0,,,,,0,,,,,0,,0,,,,,,,,,0,0,
250,1790093141762303232,25.0,0,0,0,0,,,,,0,,,,,0,,0,,,,,,,,,0,0,
251,1790093141862303232,25.1,0,0,0,0,,,,,0,,,,,0,,0,,,,,,,,,0,0,
252,1790093141962303232,25.2,0,0,0,0,,,,,0,,,,,0,,0,,,,,,,,,0,0,
253,1790093142062303232,25.3,0,0,0,0,,,,,0,,,,,0,,0,,,,,,,,,0,0,
254,1790093142162303232,25.4,0,0,0,0,,,,,0,,,,,0,,0,,,,,,,,,0,0,
255,1790093142262303232,25.5,0,0,0,0,,,,,0,,,,,0,,0,,,,,,,,,0,0,
256,1790093142362303232,25.6,0,0,0,0,,,,,0,,,,,0,,0,,,,,,,,,0,0,
257,1790093142462303232,25.7,0,0,0,0,,,,,0,,,,,0,,0,,,,,,,,,0,0,
258,1790093142562303232,25.8,0,0,0,0,,,,,0,,,,,0,,0,,,,,,,,,0,0,
259,1790093142662303232,25.9,0,0,0,0,,,,,0,,,,,0,,0,,,,,,,,,0,0,
260,1790093142762303232,26.0,0,0,0,0,,,,,0,,,,,0,,0,,,,,,,,,0,0,
261,1790093142862303232,26.1,0,0,0,0,,,,,0,,,,,0,,0,,,,,,,,,0,0,
262,1790093142962303232,26.2,0,0,0,0,,,,,0,,,,,0,,0,,,,,,,,,0,0,
263,1790093143062303232,26.3,0,0,0,0,,,,,0,,,,,0,,0,,,,,,,,,0,0,
264,1790093143162303232,26.4,0,0,0,0,,,,,0,,,,,0,,0,,,,,,,,,0,0,
265,1790093143262303232,26.5,0,0,0,0,,,,,0,,,,,0,,0,,,,,,,,,0,0,
266,1790093143362303232,26.6,0,0,0,0,,,,,0,,,,,0,,0,,,,,,,,,0,0,
267,1790093143462303232,26.7,0,0,0,0,,,,,0,,,,,0,,0,,,,,,,,,0,0,
268,1790093143562303232,26.8,0,0,0,0,,,,,0,,,,,0,,0,,,,,,,,,0,0,
269,1790093143662303232,26.9,0,0,0,0,,,,,0,,,,,0,,0,,,,,,,,,0,0,
270,1790093143762303232,27.0,0,0,0,0,,,,,0,,,,,0,,0,,,,,,,,,0,0,
271,1790093143862303232,27.1,0,0,0,0,,,,,0,,,,,0,,0,,,,,,,,,0,0,
272,1790093143962303232,27.2,0,0,0,0,,,,,0,,,,,0,,0,,,,,,,,,0,0,
273,1790093144062303232,27.3,0,0,0,0,,,,,0,,,,,0,,0,,,,,,,,,0,0,
274,1790093144162303232,27.4,0,0,0,0,,,,,0,,,,,0,,0,,,,,,,,,0,0,
275,1790093144262303232,27.5,0,0,0,0,,,,,0,,,,,0,,0,,,,,,,,,0,0,
276,1790093144362303232,27.6,0,0,0,0,,,,,0,,,,,0,,0,,,,,,,,,0,0,
277,1790093144462303232,27.7,0,0,0,0,,,,,0,,,,,0,,0,,,,,,,,,0,0,
278,1790093144562303232,27.8,0,0,0,0,,,,,0,,,,,0,,0,,,,,,,,,0,0,
279,1790093144662303232,27.9,0,0,0,0,,,,,0,,,,,0,,0,,,,,,,,,0,0,
280,1790093144762303232,28.0,0,0,0,0,,,,,0,,,,,0,,0,,,,,,,,,0,0,
281,1790093144862303232,28.1,0,0,0,0,,,,,0,,,,,0,,0,,,,,,,,,0,0,
282,1790093144962303232,28.2,0,0,0,0,,,,,0,,,,,0,,0,,,,,,,,,0,0,
283,1790093145062303232,28.3,0,0,0,0,,,,,0,,,,,0,,0,,,,,,,,,0,0,
284,1790093145162303232,28.4,0,0,0,0,,,,,0,,,,,0,,0,,,,,,,,,0,0,
285,1790093145262303232,28.5,0,0,0,0,,,,,0,,,,,0,,0,,,,,,,,,0,0,
286,1790093145362303232,28.6,0,0,0,0,,,,,0,,,,,0,,0,,,,,,,,,0,0,
287,1790093145462303232,28.7,0,0,0,0,,,,,0,,,,,0,,0,,,,,,,,,0,0,
288,1790093145562303232,28.8,0,0,0,0,,,,,0,,,,,0,,0,,,,,,,,,0,0,
289,1790093145662303232,28.9,0,0,0,0,,,,,0,,,,,0,,0,,,,,,,,,0,0,
290,1790093145762303232,29.0,0,0,0,0,,,,,0,,,,,0,,0,,,,,,,,,0,0,
291,1790093145862303232,29.1,0,0,0,0,,,,,0,,,,,0,,0,,,,,,,,,0,0,
292,1790093145962303232,29.2,0,0,0,0,,,,,0,,,,,0,,0,,,,,,,,,0,0,
293,1790093146062303232,29.3,0,0,0,0,,,,,0,,,,,0,,0,,,,,,,,,0,0,
294,1790093146162303232,29.4,0,0,0,0,,,,,0,,,,,0,,0,,,,,,,,,0,0,
295,1790093146262303232,29.5,0,0,0,0,,,,,0,,,,,0,,0,,,,,,,,,0,0,
296,1790093146362303232,29.6,0,0,0,0,,,,,0,,,,,0,,0,,,,,,,,,0,0,
297,1790093146462303232,29.7,0,0,0,0,,,,,0,,,,,0,,0,,,,,,,,,0,0,
298,1790093146562303232,29.8,0,0,0,0,,,,,0,,,,,0,,0,,,,,,,,,0,0,
299,1790093146662303232,29.9,0,0,0,0,,,,,0,,,,,0,,0,,,,,,,,,0,0,
300,1790093146762303232,30.0,0,0,0,0,,,,,0,,,,,0,,0,,,,,,,,,0,0,
301,1790093146862303232,30.1,0,0,0,0,,,,,0,,,,,0,,0,,,,,,,,,0,0,
302,1790093146962303232,30.2,0,0,0,0,,,,,0,,,,,0,,0,,,,,,,,,0,0,
303,1790093147062303232,30.3,0,0,0,0,,,,,0,,,,,0,,0,,,,,,,,,0,0,
304,1790093147162303232,30.4,0,0,0,0,,,,,0,,,,,0,,0,,,,,,,,,0,0,
305,1790093147262303232,30.5,0,0,0,0,,,,,0,,,,,0,,0,,,,,,,,,0,0,
306,1790093147362303232,30.6,2,2,192,192,50.408,50.408,50.408,0.0,1,49.78,49.78,49.78,0.0,1,1.0,2,33.149,32.835,33.463,,,,,,0,0,
307,1790093147462303232,30.7,4,4,384,384,49.929,50.408,50.408,0.375,1,49.78,49.826,49.826,0.138,1,1.0,4,32.911,32.835,33.463,,,,,,0,0,
308,1790093147562303232,30.8,6,6,576,576,50.312,50.557,50.557,0.35,1,49.826,50.597,50.597,0.328,1,1.0,6,32.847,32.782,33.463,,,,,,0,0,
309,1790093147662303232,30.9,8,8,768,768,50.312,50.408,50.557,0.319,1,49.88,50.369,50.597,0.312,1,1.0,8,32.828,32.779,33.463,,,,,,0,0,
310,1790093147762303232,31.0,10,10,960,960,50.127,50.408,50.557,0.337,1,49.88,50.369,50.597,0.326,1,1.0,10,32.847,32.779,33.463,,,,,,0,0,
311,1790093147862303232,31.1,12,12,1152,1152,50.127,50.557,50.971,0.357,1,50.076,50.597,51.055,0.373,1,1.0,12,32.902,32.779,33.463,,,,,,0,0,
312,1790093147962303232,31.2,14,14,1360,1344,50.076,50.557,50.971,0.37,1,49.88,50.597,51.055,0.384,1,1.0119,14,32.847,32.61,33.463,,,,,,0,0,
313,1790093148062303232,31.3,16,16,1584,1536,50.076,50.557,50.971,0.325,1,50.076,50.597,51.055,0.354,1,1.0312,16,32.869,32.61,33.463,,,,,,0,0,
314,1790093148162303232,31.4,18,18,1808,1728,50.076,50.408,50.971,0.318,1,50.076,50.369,51.055,0.345,1,1.0463,18,32.869,32.61,33.463,,,,,,0,0,
315,1790093148262303232,31.5,20,20,2032,1920,50.076,50.408,50.971,0.307,1,49.882,50.369,51.055,0.325,1,1.0583,20,32.854,32.485,33.463,,,,,,0,0,
316,1790093148362303232,31.6,20,21,2064,2016,50.076,50.388,50.971,0.27,1,49.979,50.463,51.055,0.345,1,1.0238,21,32.855,32.485,33.055,,,,,,0,0,
317,1790093148462303232,31.7,20,21,2096,2016,50.082,50.388,50.971,0.265,1,50.092,50.54,51.055,0.334,1,1.0397,21,32.848,32.485,33.055,,,,,,0,0,
318,1790093148562303232,31.8,20,21,2128,2016,50.082,50.388,50.971,0.257,1,49.979,50.54,51.055,0.335,1,1.0556,21,32.851,32.485,33.055,,,,,,0,0,
319,1790093148662303232,31.9,20,21,2160,2016,50.076,50.296,50.971,0.265,1,49.979,50.54,51.055,0.337,1,1.0714,21,32.851,32.485,33.055,,,,,,0,0,
320,1790093148762303232,32.0,20,21,2192,2016,50.082,50.431,50.971,0.254,1,49.979,50.54,51.055,0.326,1,1.0873,21,32.851,32.047,33.055,,,,,,0,0,
321,1790093148862303232,32.1,20,21,2224,2016,50.079,50.296,50.439,0.213,1,49.865,50.54,50.596,0.304,1,1.1032,21,32.848,32.047,33.055,,,,,,0,0,
322,1790093148962303232,32.2,20,21,2240,2016,50.082,50.317,50.439,0.197,1,50.115,50.551,50.662,0.302,1,1.1111,21,32.851,32.047,33.004,,,,,,0,0,
323,1790093149062303232,32.3,20,21,2240,2016,50.104,50.317,50.439,0.199,1,50.002,50.551,50.662,0.323,1,1.1111,21,32.851,32.047,33.004,,,,,,0,0,
324,1790093149162303232,32.4,20,21,2240,2016,50.082,50.317,50.439,0.191,1,50.04,50.551,50.662,0.297,1,1.1111,21,32.848,32.047,33.004,,,,,,0,0,
325,1790093149262303232,32.5,20,21,2240,2016,50.079,50.431,50.507,0.226,1,50.092,50.551,50.662,0.324,1,1.1111,21,32.848,32.047,33.004,,,,,,0,0,
326,1790093149362303232,32.6,20,21,2240,2016,50.104,50.431,50.507,0.212,1,50.135,50.551,50.662,0.303,1,1.1111,21,32.838,32.047,33.004,,,,,,0,0,
327,1790093149462303232,32.7,20,21,2240,2016,50.096,50.352,50.507,0.198,1,50.158,50.551,50.662,0.283,1,1.1111,21,32.841,32.047,33.004,,,,,,0,0,
328,1790093149562303232,32.8,20,21,2240,2016,50.096,50.421,50.507,0.237,1,50.158,50.411,50.662,0.293,1,1.1111,21,32.848,32.047,33.004,,,,,,0,0,
329,1790093149662303232,32.9,20,21,2240,2016,50.096,50.352,50.507,0.221,1,50.15,50.411,50.662,0.285,1,1.1111,21,32.841,32.047,33.004,,,,,,0,0,
330,1790093149762303232,33.0,20,21,2240,2016,50.096,50.352,50.507,0.217,1,50.15,50.411,50.662,0.338,1,1.1111,21,32.841,31.579,33.004,,,,,,0,0,
331,1790093149862303232,33.1,20,21,2240,2016,50.096,50.352,50.507,0.235,1,50.166,50.411,50.662,0.323,1,1.1111,21,32.841,31.579,33.004,,,,,,0,0,
332,1790093149962303232,33.2,20,21,2240,2016,50.096,50.421,50.964,0.269,1,50.15,50.411,51.05,0.351,1,1.1111,21,32.845,31.579,33.004,,,,,,0,0,
333,1790093150062303232,33.3,20,21,2240,2016,50.044,50.421,50.964,0.274,1,50.131,50.411,51.05,0.353,1,1.1111,21,32.841,31.579,32.992,,,,,,0,0,
334,1790093150162303232,33.4,20,21,2240,2016,50.044,50.352,50.964,0.264,1,50.166,50.411,51.05,0.383,1,1.1111,21,32.845,31.579,32.992,,,,,,0,0,
335,1790093150262303232,33.5,20,21,2240,2016,50.084,50.421,50.964,0.289,1,50.179,50.596,51.05,0.363,1,1.1111,21,32.825,31.579,32.992,,,,,,0,0,
336,1790093150362303232,33.6,20,21,2240,2016,50.044,50.421,50.964,0.29,1,50.166,50.596,51.05,0.369,1,1.1111,21,32.825,31.579,32.992,,,,,,0,0,
337,1790093150462303232,33.7,20,21,2240,2016,50.044,50.743,50.964,0.345,1,50.131,50.748,51.05,0.453,1,1.1111,21,32.825,31.579,32.992,,,,,,0,0,
338,1790093150562303232,33.8,20,21,2240,2016,49.996,50.743,50.964,0.33,1,50.089,50.748,51.05,0.432,1,1.1111,21,32.825,31.579,32.967,,,,,,0,0,
339,1790093150662303232,33.9,20,21,2240,2016,50.044,50.743,50.964,0.328,1,50.111,50.748,51.05,0.418,1,1.1111,21,32.78,31.579,32.967,,,,,,0,0,
340,1790093150762303232,34.0,20,21,2240,2016,49.996,50.743,50.964,0.364,1,50.15,50.748,51.05,0.357,1,1.1111,21,32.78,31.579,32.967,,,,,,0,0,
341,1790093150862303232,34.1,20,21,2240,2016,49.996,50.662,50.938,0.3,1,50.111,50.748,51.05,0.377,1,1.1111,21,32.78,31.768,32.967,,,,,,0,0,
342,1790093150962303232,34.2,20,21,2240,2016,50.084,50.743,50.938,0.373,1,50.15,50.748,50.897,0.366,1,1.1111,21,32.78,31.768,32.967,,,,,,0,0,
343,1790093151062303232,34.3,20,21,2240,2016,50.111,50.743,50.938,0.387,1,50.185,50.748,50.897,0.359,1,1.1111,21,32.811,31.768,32.967,,,,,,0,0,
344,1790093151162303232,34.4,20,21,2240,2016,50.05,50.743,50.938,0.393,1,50.159,50.748,50.897,0.356,1,1.1111,21,32.811,31.768,32.92,,,,,,0,0,
345,1790093151262303232,34.5,20,21,2240,2016,50.05,50.662,50.85,0.357,1,50.125,50.36,50.897,0.357,1,1.1111,21,32.813,31.768,32.92,,,,,,0,0,
346,1790093151362303232,34.6,20,21,2240,2016,49.996,50.662,51.163,0.422,1,50.125,50.753,50.897,0.402,1,1.1111,21,32.813,31.768,32.92,,,,,,0,0,
347,1790093151462303232,34.7,20,21,2240,2016,50.065,50.662,51.163,0.368,1,50.125,50.314,50.897,0.307,1,1.1111,21,32.834,31.768,32.92,,,,,,0,0,
348,1790093151562303232,34.8,20,21,2240,2016,50.082,50.662,51.163,0.358,1,50.149,50.42,50.897,0.305,1,1.1111,21,32.834,31.768,32.92,,,,,,0,0,
349,1790093151662303232,34.9,20,21,2240,2016,50.065,50.662,51.163,0.375,1,50.122,50.42,50.897,0.334,1,1.1111,21,32.838,31.768,32.92,,,,,,0,0,
350,1790093151762303232,35.0,20,21,2240,2016,50.065,50.57,51.163,0.371,1,50.122,50.529,50.897,0.344,1,1.1111,21,32.838,31.768,32.92,,,,,,0,0,
351,1790093151862303232,35.1,20,21,2240,2016,50.065,50.57,51.163,0.334,1,50.122,50.529,50.897,0.299,1,1.1111,21,32.875,31.837,32.958,,,,,,0,0,
352,1790093151962303232,35.2,20,21,2240,2016,50.065,50.408,51.163,0.322,1,50.041,50.42,50.753,0.29,1,1.1111,21,32.875,32.305,32.958,,,,,,0,0,
353,1790093152062303232,35.3,20,21,2240,2016,50.065,50.474,51.163,0.348,1,50.041,50.529,50.753,0.313,1,1.1111,21,32.853,32.305,32.958,,,,,,0,0,
354,1790093152162303232,35.4,20,21,2240,2016,50.065,50.54,51.163,0.369,1,50.041,50.587,50.753,0.335,1,1.1111,21,32.853,32.305,32.976,,,,,,0,0,
355,1790093152262303232,35.5,20,21,2240,2016,50.065,50.474,50.57,0.296,1,50.041,50.587,50.753,0.333,1,1.1111,21,32.853,32.305,32.976,,,,,,0,0,
356,1790093152362303232,35.6,20,21,2240,2016,50.082,50.474,50.57,0.269,1,50.057,50.529,50.645,0.286,1,1.1111,21,32.853,32.517,32.976,,,,,,0,0,
357,1790093152462303232,35.7,20,21,2240,2016,50.035,50.526,50.57,0.29,1,50.031,50.529,50.645,0.293,1,1.1111,21,32.848,32.517,32.976,,,,,,0,0,
358,1790093152562303232,35.8,20,21,2240,2016,50.005,50.526,50.57,0.297,1,50.038,50.529,50.645,0.274,1,1.1111,21,32.835,32.517,32.976,,,,,,0,0,
359,1790093152662303232,35.9,20,21,2240,2016,50.005,50.48,50.54,0.266,1,50.038,50.529,50.645,0.278,1,1.1111,21,32.838,32.517,32.976,-0.019,-0.009,-0.001,-0.009,-0.009,1,0,
360,1790093152762303232,36.0,20,21,2240,2016,49.98,50.48,50.54,0.269,1,50.022,50.521,50.645,0.268,1,1.1111,21,32.838,32.517,32.976,-0.019,-0.017,-0.001,-0.017,-0.017,1,0,
361,1790093152862303232,36.1,20,21,2240,2016,49.98,50.48,50.54,0.288,1,49.994,50.521,50.645,0.309,1,1.1111,21,32.812,31.641,32.976,-0.019,-0.017,-0.028,-0.017,-0.017,1,0,
362,1790093152962303232,36.2,20,21,2240,2016,49.997,50.48,50.54,0.242,1,50.06,50.587,50.85,0.338,1,1.1111,21,32.812,31.641,32.976,-0.019,0.05,-0.028,0.05,0.05,1,0,
363,1790093153062303232,36.3,20,21,2240,2016,49.997,50.469,50.526,0.247,1,50.06,50.532,50.85,0.345,1,1.1111,21,32.817,31.641,32.991,-0.03,-0.006,-0.022,-0.006,-0.006,1,0,
364,1790093153162303232,36.4,20,21,2240,2016,49.997,50.469,50.526,0.235,1,50.06,50.521,50.85,0.306,1,1.1111,21,32.817,31.641,32.991,-0.03,-0.017,-0.022,-0.017,-0.017,1,0,
365,1790093153262303232,36.5,20,21,2240,2016,49.997,50.469,50.526,0.255,1,50.06,50.521,50.85,0.312,1,1.1111,21,32.81,31.641,32.991,-0.03,-0.017,-0.029,-0.017,-0.017,1,0,
366,1790093153362303232,36.6,20,21,2240,2016,49.98,50.469,50.604,0.276,1,50.051,50.532,50.85,0.363,1,1.1111,21,32.81,31.641,32.991,-0.03,-0.006,-0.029,-0.006,-0.006,1,0,
367,1790093153462303232,36.7,20,21,2240,2016,50.128,50.469,50.604,0.285,1,50.09,50.532,50.85,0.38,1,1.1111,21,32.817,31.641,32.991,-0.03,-0.006,-0.022,-0.006,-0.006,1,0,
368,1790093153562303232,36.8,20,21,2240,2016,50.09,50.427,50.604,0.267,1,50.09,50.532,50.85,0.381,1,1.1111,21,32.817,31.641,32.991,-0.072,-0.006,-0.022,-0.006,-0.006,1,0,
369,1790093153662303232,36.9,20,21,2240,2016,50.128,50.427,50.604,0.279,1,50.031,50.532,50.85,0.389,1,1.1111,21,32.794,31.641,32.991,-0.072,-0.006,-0.045,-0.006,-0.006,1,0,
370,1790093153762303232,37.0,20,21,2240,2016,50.102,50.414,50.604,0.258,1,50.09,50.739,50.85,0.42,1,1.1111,21,32.746,31.641,32.991,-0.085,0.202,-0.094,0.202,0.202,1,0,
371,1790093153862303232,37.1,20,21,2240,2016,50.11,50.414,50.604,0.244,1,50.107,50.792,51.332,0.476,1,1.1111,21,32.806,31.641,33.799,-0.085,0.254,-0.033,0.254,0.254,1,0,
372,1790093153962303232,37.2,20,21,2240,2016,50.102,50.414,50.604,0.233,1,49.981,50.739,51.332,0.423,1,1.1111,21,32.867,31.942,33.799,-0.085,0.202,0.027,0.202,0.202,1,0,
373,1790093154062303232,37.3,20,21,2240,2016,50.09,50.362,50.604,0.246,1,49.981,50.792,58.781,1.265,1,1.1111,21,32.872,31.942,41.53,-0.137,0.254,0.033,0.254,0.254,1,0,
374,1790093154162303232,37.4,20,21,2240,2016,50.102,50.414,50.778,0.26,1,49.981,50.792,58.781,1.272,1,1.1111,21,32.839,31.942,41.53,-0.085,0.254,-0.0,0.254,0.254,1,0,
375,1790093154262303232,37.5,20,21,2240,2016,50.09,50.414,50.778,0.248,1,50.049,50.792,58.781,1.256,1,1.1111,21,32.806,31.942,41.53,-0.085,0.254,-0.033,0.254,0.254,1,0,
376,1790093154362303232,37.6,20,21,2240,2016,50.09,50.414,50.778,0.239,1,50.049,50.792,58.781,1.208,1,1.1111,21,32.825,31.942,41.53,-0.085,0.254,-0.015,0.254,0.254,1,0,
377,1790093154462303232,37.7,20,21,2240,2016,50.033,50.414,50.778,0.254,1,49.981,50.792,58.781,1.205,1,1.1111,21,32.825,31.942,41.53,-0.085,0.254,-0.015,0.254,0.254,1,0,
378,1790093154562303232,37.8,20,21,2240,2016,50.064,50.489,50.778,0.256,1,50.053,50.792,58.781,1.232,1,1.1111,21,32.825,31.942,41.53,-0.01,0.254,-0.015,0.254,0.254,1,0,
379,1790093154662303232,37.9,20,21,2240,2016,50.033,50.489,50.778,0.237,1,50.108,50.792,58.781,1.207,1,1.1111,21,32.828,31.942,41.53,-0.01,0.254,-0.011,0.254,0.254,1,0,
380,1790093154762303232,38.0,20,21,2240,2016,50.022,50.489,50.778,0.275,1,50.027,50.458,58.781,1.221,1,1.1111,21,32.825,31.885,41.53,-0.01,-0.08,-0.015,-0.01,-0.01,1,0,
381,1790093154862303232,38.1,20,21,2240,2016,50.033,50.489,50.778,0.288,1,50.06,50.385,58.781,1.116,1,1.1111,21,32.819,31.521,41.53,-0.01,-0.153,-0.021,-0.01,-0.01,1,0,
382,1790093154962303232,38.2,20,21,2240,2016,50.033,50.5,50.778,0.318,1,50.108,50.458,58.781,1.132,1,1.1111,21,32.807,31.521,41.53,0.001,-0.08,-0.032,0.001,0.001,1,0,
383,1790093155062303232,38.3,20,21,2240,2016,50.047,50.5,50.778,0.297,1,50.072,50.385,50.642,0.267,1,1.1111,21,32.654,31.521,32.933,0.001,-0.153,-0.185,0.001,0.001,1,0,
384,1790093155162303232,38.4,20,21,2240,2016,50.047,50.489,50.596,0.289,1,50.072,50.385,50.642,0.278,1,1.1111,21,32.476,31.521,32.933,-0.01,-0.153,-0.363,-0.01,-0.01,1,0,
385,1790093155262303232,38.5,20,21,2240,2016,50.047,50.411,50.596,0.264,1,50.051,50.458,50.642,0.283,1,1.1111,21,31.962,31.521,32.933,-0.088,-0.08,-0.877,-0.08,-0.08,1,0,
386,1790093155362303232,38.6,20,21,2240,2016,50.047,50.411,50.596,0.239,1,50.051,50.462,50.642,0.287,1,1.1111,21,31.885,31.521,32.933,-0.088,-0.076,-0.955,-0.076,-0.076,1,0,
387,1790093155462303232,38.7,20,21,2240,2016,50.022,50.411,50.596,0.251,1,50.051,50.472,50.951,0.303,1,1.1111,21,31.885,31.521,32.933,-0.088,-0.066,-0.955,-0.066,-0.066,1,0,
388,1790093155562303232,38.8,20,21,2240,2016,50.022,50.408,50.596,0.244,1,50.028,50.472,50.951,0.286,1,1.1111,21,31.885,31.521,32.918,-0.091,-0.066,-0.955,-0.066,-0.066,1,0,
389,1790093155662303232,38.9,20,21,2240,2016,50.012,50.408,50.596,0.254,1,50.015,50.472,50.951,0.303,1,1.1111,21,31.885,31.521,32.918,-0.091,-0.066,-0.955,-0.066,-0.066,1,0,
390,1790093155762303232,39.0,20,21,2240,2016,50.018,50.383,50.596,0.223,1,50.051,50.472,50.951,0.268,1,1.1111,21,31.885,31.521,32.918,-0.116,-0.066,-0.955,-0.066,-0.066,1,0,
391,1790093155862303232,39.1,20,21,2240,2016,50.012,50.383,53.097,0.496,1,50.04,50.642,53.178,0.565,1,1.1111,21,31.962,31.521,32.947,-0.116,0.105,-0.877,0.105,0.105,1,0,
392,1790093155962303232,39.2,20,21,2240,2016,50.04,50.408,53.097,0.504,1,50.015,50.472,53.178,0.58,1,1.1111,21,32.003,31.587,32.947,-0.091,-0.066,-0.836,-0.066,-0.066,1,0,
393,1790093156062303232,39.3,20,21,2240,2016,50.04,50.408,53.097,0.511,1,50.112,50.503,53.178,0.591,1,1.1111,21,32.649,31.587,32.947,-0.091,-0.035,-0.19,-0.035,-0.035,1,0,
394,1790093156162303232,39.4,20,21,2240,2016,50.04,50.409,53.097,0.54,1,50.115,50.572,53.178,0.6,1,1.1111,21,32.754,31.601,32.947,-0.09,0.034,-0.085,0.034,0.034,1,0,
395,1790093156262303232,39.5,20,21,2240,2016,50.04,50.516,53.097,0.578,1,50.113,50.572,53.178,0.653,1,1.1111,21,32.763,31.66,32.947,0.017,0.034,-0.076,0.034,0.034,1,0,
396,1790093156362303232,39.6,20,21,2240,2016,50.04,50.516,53.097,0.573,1,50.113,50.572,53.178,0.653,1,1.1111,21,32.783,31.738,32.947,0.017,0.034,-0.056,0.034,0.034,1,0,
397,1790093156462303232,39.7,20,21,2240,2016,50.047,50.516,53.097,0.585,1,50.113,50.554,53.178,0.627,1,1.1111,21,32.795,31.738,32.947,0.017,0.016,-0.044,0.017,0.017,1,0,
398,1790093156562303232,39.8,20,21,2240,2016,50.047,50.552,53.097,0.713,1,50.074,50.572,53.178,0.781,1,1.1111,21,32.807,31.738,32.947,0.053,0.034,-0.032,0.053,0.053,1,0,
399,1790093156662303232,39.9,20,21,2240,2016,50.14,50.552,53.097,0.724,1,50.232,50.572,53.178,0.753,1,1.1111,21,32.809,31.738,32.947,0.053,0.034,-0.03,0.053,0.053,1,0,
400,1790093156762303232,40.0,20,21,2240,2016,50.14,50.544,51.564,0.58,1,50.181,50.572,53.178,0.762,1,1.1111,21,32.823,31.738,32.947,0.045,0.034,-0.016,0.045,0.045,1,0,
401,1790093156862303232,40.1,20,21,2240,2016,50.047,50.544,51.564,0.457,1,50.067,50.554,51.617,0.504,1,1.1111,21,32.807,31.738,32.885,0.045,0.016,-0.032,0.045,0.045,1,0,
402,1790093156962303232,40.2,20,21,2240,2016,50.14,50.544,51.564,0.421,1,50.067,50.554,51.617,0.473,1,1.1111,21,32.799,31.738,32.885,0.045,0.016,-0.04,0.045,0.045,1,0,
403,1790093157062303232,40.3,20,21,2240,2016,50.14,50.544,51.564,0.43,1,50.143,50.572,51.617,0.481,1,1.1111,21,32.799,31.932,32.885,0.045,0.034,-0.04,0.045,0.045,1,0,
404,1790093157162303232,40.4,20,21,2240,2016,50.033,50.453,51.564,0.437,1,50.067,50.554,51.617,0.495,1,1.1111,21,32.807,31.932,32.923,-0.046,0.016,-0.032,0.016,0.016,1,0,
405,1790093157262303232,40.5,20,21,2240,2016,50.159,50.453,51.564,0.412,1,50.067,50.567,51.617,0.461,1,1.1111,21,32.799,31.932,32.941,-0.046,0.029,-0.04,0.029,0.029,1,0,
406,1790093157362303232,40.6,20,21,2240,2016,50.138,50.453,51.564,0.389,1,50.099,50.567,51.617,0.453,1,1.1111,21,32.832,31.932,32.941,-0.046,0.029,-0.008,0.029,0.029,1,0,
407,1790093157462303232,40.7,20,21,2240,2016,50.138,50.385,50.544,0.301,1,50.099,50.567,51.617,0.451,1,1.1111,21,32.832,31.932,32.941,-0.114,0.029,-0.008,0.029,0.029,1,0,
408,1790093157562303232,40.8,20,21,2240,2016,50.133,50.352,50.453,0.206,1,50.056,50.552,50.601,0.307,1,1.1111,21,32.823,31.932,32.941,-0.147,0.014,-0.016,0.014,0.014,1,0,
409,1790093157662303232,40.9,20,21,2240,2016,50.047,50.352,50.453,0.206,1,50.024,50.451,50.601,0.28,1,1.1111,21,32.799,31.932,32.941,-0.147,-0.086,-0.04,-0.086,-0.086,1,0,
410,1790093157762303232,41.0,20,21,2240,2016,50.047,50.32,50.453,0.185,1,50.025,50.451,50.601,0.269,1,1.1111,21,32.797,31.932,32.941,-0.179,-0.086,-0.042,-0.086,-0.086,1,0,
411,1790093157862303232,41.1,20,21,2240,2016,50.047,50.32,50.453,0.17,1,50.087,50.451,50.601,0.239,1,1.1111,21,32.831,31.932,32.941,-0.179,-0.086,-0.008,-0.086,-0.086,1,0,
412,1790093157962303232,41.2,20,21,2240,2016,50.047,50.32,51.469,0.229,1,50.087,50.567,51.459,0.31,1,1.1111,21,32.844,31.932,32.941,-0.179,0.029,0.005,0.029,0.029,1,0,
413,1790093158062303232,41.3,20,21,2240,2016,50.047,50.307,51.469,0.236,1,50.056,50.451,51.459,0.342,1,1.1111,21,32.844,32.531,32.941,-0.192,-0.086,0.005,-0.086,-0.086,1,0,
414,1790093158162303232,41.4,20,21,2240,2016,50.129,50.255,51.469,0.225,1,50.087,50.451,51.459,0.298,1,1.1111,21,32.844,32.531,32.941,-0.244,-0.086,0.005,-0.086,-0.086,1,0,
415,1790093158262303232,41.5,20,21,2240,2016,50.047,50.255,51.469,0.257,1,50.068,50.439,51.459,0.306,1,1.1111,21,32.838,32.531,32.926,-0.244,-0.099,-0.002,-0.099,-0.099,1,0,
416,1790093158362303232,41.6,20,21,2240,2016,50.045,50.307,51.469,0.299,1,50.039,50.439,51.459,0.356,1,1.1111,21,32.831,32.519,32.926,-0.192,-0.099,-0.008,-0.099,-0.099,1,0,
417,1790093158462303232,41.7,20,21,2240,2016,50.045,50.49,51.469,0.339,1,50.039,50.748,51.459,0.396,1,1.1111,21,32.813,32.519,32.926,-0.009,0.21,-0.027,0.21,0.21,1,0,
418,1790093158562303232,41.8,20,21,2240,2016,50.094,50.519,51.469,0.37,1,50.068,50.785,51.459,0.439,1,1.1111,21,32.798,32.519,32.926,0.02,0.247,-0.041,0.247,0.247,1,0,
419,1790093158662303232,41.9,20,21,2240,2016,50.094,50.519,51.469,0.393,1,50.039,50.785,51.459,0.462,1,1.1111,21,32.797,32.519,32.926,0.02,0.247,-0.042,0.247,0.247,1,0,
420,1790093158762303232,42.0,20,21,2240,2016,50.129,50.752,51.469,0.472,1,50.071,50.955,51.459,0.546,1,1.1111,21,32.798,32.519,32.89,0.253,0.417,-0.041,0.417,0.417,1,0,
421,1790093158862303232,42.1,20,21,2240,2016,50.094,50.752,51.469,0.516,1,50.005,50.955,51.459,0.609,1,1.1111,21,32.777,32.519,32.89,0.253,0.417,-0.063,0.417,0.417,1,0,
422,1790093158962303232,42.2,20,20,2240,1920,50.118,50.752,52.256,0.503,1,50.052,50.785,51.172,0.561,1,1.1667,20,32.761,32.519,32.903,0.253,0.247,-0.078,0.253,0.253,1,0,
423,1790093159062303232,42.3,20,21,2240,2016,50.072,50.752,52.256,0.556,1,50.005,50.955,52.001,0.665,1,1.1111,21,32.745,31.756,32.903,0.253,0.417,-0.094,0.417,0.417,1,0,
424,1790093159162303232,42.4,20,21,2240,2016,49.889,50.752,52.256,0.562,1,50.018,50.955,52.001,0.678,1,1.1111,21,32.698,31.756,32.903,0.253,0.417,-0.141,0.417,0.417,1,0,
425,1790093159262303232,42.5,20,21,2240,2016,49.908,50.593,52.256,0.514,1,50.034,50.955,52.001,0.642,1,1.1111,21,32.698,31.756,32.903,0.094,0.417,-0.141,0.417,0.417,1,0,
426,1790093159362303232,42.6,20,21,2240,2016,49.908,50.939,52.256,0.562,1,50.034,51.172,52.001,0.663,1,1.1111,21,32.745,31.756,32.903,0.44,0.634,-0.094,0.634,0.634,1,0,
427,1790093159462303232,42.7,20,21,2240,2016,49.908,50.939,52.256,0.572,1,50.034,51.172,52.001,0.649,1,1.1111,21,32.79,31.756,32.903,0.44,0.634,-0.05,0.634,0.634,1,0,
428,1790093159562303232,42.8,20,21,2240,2016,49.908,50.939,52.256,0.585,1,50.034,51.172,52.001,0.615,1,1.1111,21,32.798,31.756,32.903,0.44,0.634,-0.041,0.634,0.634,1,0,
429,1790093159662303232,42.9,22,22,2420,2108,49.889,50.939,52.256,5.259,2,49.992,51.172,52.001,2.994,2,1.148,21,32.79,31.756,32.903,0.44,0.634,-0.05,0.634,0.634,1,0,
430,1790093159762303232,43.0,22,22,2420,2108,49.897,50.509,52.256,5.149,2,49.911,50.537,52.001,2.924,2,1.148,21,32.802,31.756,32.903,0.01,-0.0,-0.037,0.01,0.01,1,0,
431,1790093159862303232,43.1,22,22,2420,2108,49.897,50.509,52.256,5.147,2,49.992,50.537,52.001,2.867,2,1.148,21,32.814,31.756,32.903,0.01,-0.0,-0.025,0.01,0.01,1,0,
432,1790093159962303232,43.2,22,22,2420,2108,49.897,50.372,50.939,5.006,2,49.911,50.481,51.25,2.757,2,1.148,21,32.819,31.756,32.895,-0.127,-0.057,-0.021,-0.057,-0.057,1,0,
433,1790093160062303232,43.3,22,22,2420,2108,49.931,50.372,50.939,4.999,2,49.948,50.481,51.25,2.68,2,1.148,21,32.832,31.756,32.895,-0.127,-0.057,-0.007,-0.057,-0.057,1,0,
434,1790093160162303232,43.4,22,22,2420,2108,49.937,50.452,50.939,5.022,2,49.948,50.46,51.25,2.67,2,1.148,21,32.856,32.385,32.908,-0.047,-0.078,0.017,-0.047,-0.047,1,0,
435,1790093160262303232,43.5,22,22,2420,2108,49.937,50.297,50.509,4.973,2,49.948,50.46,51.25,2.67,2,1.148,21,32.832,32.385,32.908,-0.202,-0.078,-0.007,-0.078,-0.078,1,0,
436,1790093160362303232,43.6,22,22,2420,2108,49.937,50.249,50.452,4.921,2,49.955,50.418,50.481,2.595,2,1.148,21,32.832,32.385,32.908,-0.25,-0.12,-0.007,-0.12,-0.12,1,0,
437,1790093160462303232,43.7,22,22,2420,2108,49.956,50.249,50.452,4.887,2,49.958,50.272,50.46,2.55,2,1.148,21,32.83,32.385,32.908,-0.25,-0.266,-0.009,-0.25,-0.25,1,0,
438,1790093160562303232,43.8,22,22,2420,2108,49.937,50.249,50.604,4.911,2,49.958,50.418,50.599,2.569,2,1.148,21,32.814,32.385,32.908,-0.25,-0.12,-0.025,-0.12,-0.12,1,0,
439,1790093160662303232,43.9,20,21,2240,2016,49.956,50.452,50.604,0.213,1,49.963,50.46,50.599,0.228,1,1.1111,21,32.802,32.385,32.908,-0.047,-0.078,-0.037,-0.047,-0.047,1,0,
440,1790093160762303232,44.0,20,21,2240,2016,49.98,50.452,50.604,0.232,1,49.991,50.461,50.599,0.238,1,1.1111,21,32.802,32.465,32.908,-0.047,-0.077,-0.037,-0.047,-0.047,1,0,
441,1790093160862303232,44.1,20,21,2240,2016,49.98,50.452,50.604,0.243,1,49.963,50.461,50.599,0.256,1,1.1111,21,32.819,32.465,32.92,-0.047,-0.077,-0.021,-0.047,-0.047,1,0,
442,1790093160962303232,44.2,20,20,2240,1920,50.034,50.452,50.604,0.245,1,50.062,50.461,50.599,0.268,1,1.1667,20,32.805,32.465,32.92,-0.047,-0.077,-0.034,-0.047,-0.047,1,0,
443,1790093161062303232,44.3,20,21,2240,2016,50.034,50.428,50.604,0.258,1,50.015,50.461,50.599,0.289,1,1.1111,21,32.78,32.465,32.92,-0.071,-0.077,-0.059,-0.071,-0.071,1,0,
444,1790093161162303232,44.4,20,20,2240,1920,50.047,50.445,50.604,0.281,1,49.967,50.461,50.599,0.29,1,1.1667,20,32.776,31.755,32.92,-0.054,-0.077,-0.063,-0.054,-0.054,1,0,
445,1790093161262303232,44.5,20,21,2240,2016,50.047,50.445,50.604,0.272,1,50.096,50.529,50.793,0.327,1,1.1111,21,32.766,31.755,32.92,-0.054,-0.009,-0.074,-0.009,-0.009,1,0,
446,1790093161362303232,44.6,20,20,2240,1920,50.055,50.445,50.604,0.278,1,50.13,50.529,50.793,0.346,1,1.1667,20,32.77,31.755,32.92,-0.054,-0.009,-0.069,-0.009,-0.009,1,0,
447,1790093161462303232,44.7,20,20,2240,1920,50.174,50.445,50.604,0.272,1,50.17,50.529,50.793,0.34,1,1.1667,20,32.783,31.755,32.92,-0.054,-0.009,-0.057,-0.009,-0.009,1,0,
448,1790093161562303232,44.8,20,20,2240,1920,50.055,50.277,50.445,0.248,1,50.17,50.461,50.793,0.331,1,1.1667,20,32.77,31.755,32.92,-0.222,-0.077,-0.069,-0.077,-0.077,1,0,
449,1790093161662303232,44.9,20,20,2240,1920,50.174,50.339,50.445,0.206,1,50.13,50.43,50.793,0.279,1,1.1667,20,32.754,31.755,32.92,-0.16,-0.108,-0.086,-0.108,-0.108,1,0,
450,1790093161762303232,45.0,20,20,2240,1920,50.055,50.339,50.445,0.222,1,50.044,50.43,50.793,0.297,1,1.1667,20,32.786,31.755,32.92,-0.16,-0.108,-0.054,-0.108,-0.108,1,0,
451,1790093161862303232,45.1,20,20,2240,1920,50.055,50.339,50.445,0.233,1,50.17,50.43,50.793,0.299,1,1.1667,20,32.786,31.755,32.915,-0.16,-0.108,-0.054,-0.108,-0.108,1,0,
452,1790093161962303232,45.2,20,20,2240,1920,50.055,50.339,50.445,0.21,1,50.029,50.43,50.793,0.303,1,1.1667,20,32.786,31.755,32.904,-0.16,-0.108,-0.054,-0.108,-0.108,1,0,
453,1790093162062303232,45.3,20,20,2240,1920,50.048,50.339,50.423,0.202,1,50.186,50.43,50.793,0.277,1,1.1667,20,32.786,31.755,32.904,-0.16,-0.108,-0.054,-0.108,-0.108,1,0,
454,1790093162162303232,45.4,20,20,2240,1920,50.059,50.339,50.423,0.192,1,50.044,50.43,50.498,0.311,1,1.1667,20,32.786,31.502,32.904,-0.16,-0.108,-0.054,-0.108,-0.108,1,0,
455,1790093162262303232,45.5,20,20,2240,1920,50.059,50.339,50.423,0.197,1,50.205,50.498,51.09,0.357,1,1.1667,20,32.786,31.502,32.904,-0.16,-0.04,-0.054,-0.04,-0.04,1,0,
456,1790093162362303232,45.6,20,20,2240,1920,50.059,50.339,50.423,0.211,1,50.142,50.498,51.09,0.366,1,1.1667,20,32.787,31.502,32.904,-0.16,-0.04,-0.052,-0.04,-0.04,1,0,
457,1790093162462303232,45.7,20,20,2240,1920,50.059,50.339,50.444,0.231,1,50.142,50.498,51.09,0.377,1,1.1667,20,32.787,31.502,32.904,-0.16,-0.04,-0.052,-0.04,-0.04,1,0,
458,1790093162562303232,45.8,20,20,2240,1920,50.076,50.339,50.444,0.23,1,50.142,50.502,51.09,0.4,1,1.1667,20,32.798,31.502,33.003,-0.16,-0.035,-0.041,-0.035,-0.035,1,0,
459,1790093162662303232,45.9,20,20,2240,1920,50.076,50.339,50.444,0.211,1,50.029,50.502,51.09,0.395,1,1.1667,20,32.819,31.502,33.003,-0.16,-0.035,-0.02,-0.035,-0.035,1,0,
460,1790093162762303232,46.0,20,20,2240,1920,50.035,50.242,50.444,0.186,1,50.131,50.502,51.09,0.367,1,1.1667,20,32.831,31.502,33.003,-0.257,-0.035,-0.008,-0.035,-0.035,1,0,
461,1790093162862303232,46.1,20,20,2240,1920,50.076,50.319,50.538,0.192,1,50.029,50.502,51.09,0.345,1,1.1667,20,32.819,31.502,33.003,-0.18,-0.035,-0.02,-0.035,-0.035,1,0,
462,1790093162962303232,46.2,20,20,2240,1920,50.035,50.242,50.538,0.19,1,50.003,50.614,51.09,0.423,1,1.1667,20,32.776,31.502,33.003,-0.257,0.077,-0.063,0.077,0.077,1,0,
463,1790093163062303232,46.3,20,20,2240,1920,50.035,50.444,50.845,0.224,1,50.079,50.614,51.09,0.412,1,1.1667,20,32.741,31.502,33.003,-0.055,0.077,-0.099,0.077,0.077,1,0,
464,1790093163162303232,46.4,20,20,2240,1920,49.922,50.444,50.845,0.214,1,50.079,50.636,51.09,0.37,1,1.1667,20,32.744,31.799,33.003,-0.055,0.098,-0.096,0.098,0.098,1,0,
465,1790093163262303232,46.5,20,20,2240,1920,50.027,50.444,50.845,0.202,1,50.079,50.614,50.679,0.325,1,1.1667,20,32.749,31.873,33.003,-0.055,0.077,-0.09,0.077,0.077,1,0,
466,1790093163362303232,46.6,20,20,2240,1920,50.01,50.444,50.845,0.181,1,50.046,50.614,50.679,0.353,1,1.1667,20,32.749,31.873,33.003,-0.055,0.077,-0.09,0.077,0.077,1,0,
467,1790093163462303232,46.7,20,20,2240,1920,49.977,50.164,50.845,0.18,1,50.046,50.564,50.679,0.32,1,1.1667,20,32.741,31.873,33.003,-0.335,0.026,-0.099,0.026,0.026,1,0,
468,1790093163562303232,46.8,20,20,2240,1920,50.01,50.538,50.859,0.225,1,50.079,50.636,50.817,0.361,1,1.1667,20,32.742,31.873,32.842,0.038,0.098,-0.098,0.098,0.098,1,0,
469,1790093163662303232,46.9,20,20,2240,1920,49.94,50.538,50.859,0.225,1,50.046,50.636,50.817,0.349,1,1.1667,20,32.744,31.873,32.841,0.038,0.098,-0.096,0.098,0.098,1,0,
470,1790093163762303232,47.0,20,20,2240,1920,49.977,50.538,50.859,0.228,1,50.046,50.636,50.817,0.361,1,1.1667,20,32.745,31.873,32.848,0.038,0.098,-0.095,0.098,0.098,1,0,
471,1790093163862303232,47.1,20,20,2240,1920,49.977,50.776,50.859,0.265,1,50.079,50.679,50.817,0.371,1,1.1667,20,32.75,31.873,32.928,0.277,0.141,-0.089,0.277,0.277,1,0,
472,1790093163962303232,47.2,20,20,2240,1920,50.01,50.776,50.859,0.273,1,50.046,50.679,50.817,0.341,1,1.1667,20,32.748,32.197,32.928,0.277,0.141,-0.092,0.277,0.277,1,0,
473,1790093164062303232,47.3,20,20,2240,1920,50.01,50.418,50.859,0.261,1,49.96,50.317,50.817,0.349,1,1.1667,20,32.75,32.197,32.928,-0.081,-0.221,-0.089,-0.081,-0.081,1,0,
474,1790093164162303232,47.4,20,20,2240,1920,49.977,50.418,50.859,0.262,1,50.148,50.317,50.817,0.349,1,1.1667,20,32.75,32.197,32.928,-0.081,-0.221,-0.089,-0.081,-0.081,1,0,
475,1790093164262303232,47.5,20,20,2240,1920,49.979,50.418,50.859,0.259,1,50.015,50.317,50.817,0.315,1,1.1667,20,32.774,32.197,32.928,-0.081,-0.221,-0.065,-0.081,-0.081,1,0,
476,1790093164362303232,47.6,20,20,2240,1920,50.009,50.776,52.467,0.389,1,50.015,50.388,50.817,0.325,1,1.1667,20,32.766,32.326,32.928,0.277,-0.15,-0.074,0.277,0.277,1,0,
477,1790093164462303232,47.7,20,19,2240,1824,50.009,50.776,98.573,4.886,1,50.082,50.806,52.728,0.46,1,1.2281,19,32.807,32.326,32.928,0.277,0.268,-0.032,0.277,0.277,1,0,
478,1790093164562303232,47.8,20,19,2240,1824,50.047,52.467,98.573,9.735,2,50.082,50.806,98.442,5.205,1,1.2281,19,32.807,32.326,32.928,1.968,0.268,-0.032,1.968,1.968,1,0,
479,1790093164662303232,47.9,20,20,2240,1920,50.156,58.017,98.573,10.357,2,50.149,57.535,98.442,10.135,2,1.1667,20,32.805,32.326,33.284,7.518,6.997,-0.034,7.518,7.518,1,0,
480,1790093164762303232,48.0,20,20,2240,1920,50.164,58.017,98.573,10.886,2,50.303,57.535,98.442,10.633,2,1.1667,20,32.805,32.326,33.284,7.518,6.997,-0.034,7.518,7.518,1,0,
481,1790093164862303232,48.1,20,20,2240,1920,50.164,58.017,98.573,11.683,2,50.303,57.535,98.442,11.536,2,1.1667,20,32.805,32.326,33.284,7.518,6.997,-0.034,7.518,7.518,1,0,
482,1790093164962303232,48.2,20,20,2240,1920,50.156,58.017,98.573,12.162,2,50.155,57.535,98.442,11.944,2,1.1667,20,32.809,32.326,33.284,7.518,6.997,-0.03,7.518,7.518,1,0,
483,1790093165062303232,48.3,20,20,2240,1920,50.156,67.052,98.573,13.972,2,50.155,67.037,98.442,13.013,2,1.1667,20,32.815,32.326,33.284,16.553,16.5,-0.024,16.553,16.553,1,0,
484,1790093165162303232,48.4,20,20,2240,1920,50.164,67.052,98.573,14.63,2,50.388,67.037,98.442,14.411,2,1.1667,20,32.815,32.326,33.284,16.553,16.5,-0.024,16.553,16.553,1,0,
485,1790093165262303232,48.5,20,20,2240,1920,52.467,67.052,98.573,15.929,2,52.728,67.037,98.442,15.263,2,1.1667,20,32.807,31.779,33.284,16.553,16.5,-0.033,16.553,16.553,1,0,
486,1790093165362303232,48.6,19,20,2128,1920,47.319,65.236,92.526,13.987,2,47.477,67.037,98.442,15.868,2,1.1083,20,32.807,31.779,33.284,14.737,16.5,-0.033,16.5,16.5,1,0,
487,1790093165462303232,48.7,21,21,2352,2016,50.65,67.052,92.526,13.355,2,47.429,67.037,92.587,14.759,2,1.1667,21,32.813,31.779,33.284,16.553,16.5,-0.026,16.553,16.553,1,0,
488,1790093165562303232,48.8,20,21,2240,2016,47.446,65.236,73.906,8.971,1,47.429,65.303,74.018,11.322,2,1.1111,21,32.813,31.779,33.284,14.737,14.765,-0.026,14.765,14.765,1,0,
489,1790093165662303232,48.9,21,20,2352,1920,47.755,65.236,73.906,8.99,1,47.477,65.303,74.018,9.147,1,1.225,20,32.793,31.779,32.948,14.737,14.765,-0.046,14.765,14.765,1,0,
490,1790093165762303232,49.0,21,20,2352,1920,47.319,65.236,73.906,9.398,1,47.381,65.303,74.018,9.268,1,1.225,20,32.793,31.779,32.948,14.737,14.765,-0.046,14.765,14.765,1,0,
491,1790093165862303232,49.1,21,20,2352,1920,47.628,65.236,73.906,9.581,1,47.985,65.303,74.018,9.867,1,1.225,20,32.793,31.779,32.948,14.737,14.765,-0.046,14.765,14.765,1,0,
492,1790093165962303232,49.2,20,20,2240,1920,48.064,59.363,73.906,9.235,1,47.985,65.303,74.018,9.935,1,1.1667,20,32.798,31.779,32.933,8.864,14.765,-0.041,14.765,14.765,1,0,
493,1790093166062303232,49.3,20,20,2240,1920,48.064,59.363,73.906,8.284,1,53.319,59.758,74.018,8.564,1,1.1667,20,32.771,31.779,32.933,8.864,9.22,-0.068,9.22,9.22,1,0,
494,1790093166162303232,49.4,19,20,2128,1920,47.628,58.04,73.906,7.912,1,47.985,59.758,74.018,8.385,1,1.1083,20,32.775,31.779,32.933,7.541,9.22,-0.064,9.22,9.22,1,0,
495,1790093166262303232,49.5,21,20,2352,1920,47.968,59.363,94.644,11.371,2,47.985,59.758,94.584,11.946,2,1.225,20,32.812,32.48,33.347,8.864,9.22,-0.027,9.22,9.22,1,0,
496,1790093166362303232,49.6,21,20,2352,1920,50.001,58.04,94.644,10.692,2,47.985,58.227,94.584,11.09,2,1.225,20,32.815,32.48,33.347,7.541,7.69,-0.024,7.69,7.69,1,0,
497,1790093166462303232,49.7,21,20,2352,1920,50.881,58.04,94.644,9.657,2,49.738,58.227,94.584,10.019,2,1.225,20,32.796,32.48,33.347,7.541,7.69,-0.044,7.69,7.69,1,0,
498,1790093166562303232,49.8,19,20,2128,1920,50.881,57.91,94.644,9.788,2,51.816,59.758,94.584,11.983,2,1.1083,20,32.831,32.48,70.022,7.411,9.22,-0.009,9.22,9.22,1,0,
499,1790093166662303232,49.9,20,20,2240,1920,49.824,59.363,94.644,13.797,2,49.738,77.973,94.584,15.56,2,1.1667,20,32.879,32.538,70.022,8.864,27.435,0.04,27.435,27.435,1,1,1790093166703515573
500,1790093166762303232,50.0,20,19,2240,1824,51.938,79.504,94.644,14.906,2,50.777,90.851,121.312,19.011,2,1.2281,19,32.902,32.694,93.556,29.005,40.313,0.063,40.313,40.313,1,1,
501,1790093166862303232,50.1,20,18,2240,1728,51.938,79.504,94.644,17.024,2,49.738,90.851,121.312,19.636,2,1.2963,18,32.901,32.694,93.556,29.005,40.313,0.062,40.313,40.313,1,1,
502,1790093166962303232,50.2,21,18,2352,1728,52.73,81.704,94.644,19.095,2,49.738,90.851,121.312,23.936,2,1.3611,18,33.133,32.694,95.94,31.205,40.313,0.294,40.313,40.313,1,1,
503,1790093167062303232,50.3,21,19,2352,1824,52.73,81.704,94.644,19.674,2,48.492,90.851,121.312,25.381,2,1.2895,19,51.753,32.694,113.466,31.205,40.313,18.914,40.313,40.313,1,1,
504,1790093167162303232,50.4,21,18,2352,1728,52.73,79.504,89.297,20.304,2,47.247,86.24,121.312,24.178,2,1.3611,18,66.278,32.694,113.466,29.005,35.702,33.438,35.702,35.702,1,1,
505,1790093167262303232,50.5,20,19,2240,1824,53.523,79.504,89.297,19.429,2,50.777,86.24,121.312,26.429,2,1.2281,19,93.556,32.694,126.394,29.005,35.702,60.717,35.702,35.702,1,1,
506,1790093167362303232,50.6,20,18,2240,1728,54.784,79.504,89.297,19.731,2,43.56,86.24,121.312,27.595,2,1.2963,18,94.741,32.694,126.394,29.005,35.702,61.902,35.702,35.702,1,1,
507,1790093167462303232,50.7,21,18,2352,1728,57.943,79.504,89.297,21.845,2,42.959,84.911,121.312,27.041,2,1.3611,18,96.466,51.748,126.394,29.005,34.373,63.626,34.373,34.373,1,1,
508,1790093167562303232,50.8,21,20,2352,1920,55.199,74.092,81.704,20.785,2,43.56,84.911,121.312,28.548,2,1.225,20,98.461,51.748,126.394,23.593,34.373,65.621,34.373,34.373,1,1,
509,1790093167662303232,50.9,21,19,2352,1824,55.199,74.092,81.704,19.096,2,42.622,83.937,86.24,21.6,2,1.2895,19,99.873,69.478,126.394,23.593,33.4,67.034,33.4,33.4,1,1,
510,1790093167762303232,51.0,21,20,2352,1920,51.724,74.092,81.704,20.146,2,42.959,83.937,86.24,22.542,2,1.225,20,98.461,69.478,126.394,23.593,33.4,65.621,33.4,33.4,1,1,
511,1790093167862303232,51.1,20,19,2240,1824,47.833,73.859,80.085,17.939,2,42.622,83.937,86.24,23.713,2,1.2281,19,100.417,91.939,140.307,23.36,33.4,67.577,33.4,33.4,1,1,
512,1790093167962303232,51.2,20,19,2240,1824,47.833,74.092,104.447,21.487,2,42.622,82.448,84.911,23.39,2,1.2281,19,109.848,91.939,184.323,23.593,31.91,77.009,31.91,31.91,1,1,
513,1790093168062303232,51.3,21,17,2352,1632,51.724,80.085,104.447,24.991,2,44.299,83.937,84.911,25.754,2,1.4412,17,109.848,91.939,184.323,29.586,33.4,77.009,33.4,33.4,1,1,
514,1790093168162303232,51.4,20,16,2240,1536,55.614,80.085,104.447,24.433,2,45.639,84.911,207.513,35.531,2,1.4583,16,111.972,91.939,293.315,29.586,34.373,79.133,34.373,34.373,1,1,
515,1790093168262303232,51.5,21,19,2352,1824,51.512,80.085,104.447,24.933,2,42.694,83.113,207.513,32.351,2,1.2895,19,115.344,91.939,293.315,29.586,32.575,82.505,32.575,32.575,1,1,
516,1790093168362303232,51.6,20,18,2240,1728,47.409,80.085,104.447,24.598,2,42.909,82.448,207.513,33.69,2,1.2963,18,129.597,91.939,293.315,29.586,31.91,96.758,31.91,31.91,1,1,
517,1790093168462303232,51.7,21,18,2352,1728,48.455,81.845,104.447,23.275,2,42.909,83.113,207.513,33.72,2,1.3611,18,190.766,91.939,293.315,31.346,32.575,157.927,32.575,32.575,1,1,
518,1790093168562303232,51.8,20,17,2240,1632,49.501,81.845,104.447,24.667,2,44.231,83.583,207.513,33.141,2,1.3725,17,228.56,91.939,293.315,31.346,33.045,195.721,33.045,33.045,1,1,
519,1790093168662303232,51.9,21,17,2352,1632,51.001,81.845,104.447,24.306,2,44.231,83.583,207.513,33.407,2,1.4412,17,248.393,94.302,293.315,31.346,33.045,215.553,33.045,33.045,1,1,
520,1790093168762303232,52.0,20,18,2240,1728,49.501,81.845,104.447,23.938,2,42.909,83.113,207.513,29.35,2,1.2963,18,248.64,114.066,293.315,31.346,32.575,215.801,32.575,32.575,1,1,
521,1790093168862303232,52.1,21,18,2352,1728,51.001,81.845,88.533,23.291,2,42.909,83.113,207.513,27.183,2,1.3611,18,248.999,114.066,293.315,31.346,32.575,216.16,32.575,32.575,1,1,
522,1790093168962303232,52.2,21,18,2352,1728,51.001,81.845,88.533,21.834,2,42.909,83.113,85.479,17.551,2,1.3611,18,255.425,197.21,293.315,31.346,32.575,222.586,32.575,32.575,1,1,
523,1790093169062303232,52.3,22,19,2464,1824,49.501,81.845,88.533,21.859,2,43.207,83.583,87.686,19.063,2,1.3509,19,256.785,197.21,314.428,31.346,33.045,223.946,33.045,33.045,1,1,
524,1790093169162303232,52.4,21,19,2352,1824,51.001,81.845,88.533,19.064,1,43.207,85.479,122.571,21.256,2,1.2895,19,256.785,197.21,348.466,31.346,34.941,223.946,34.941,34.941,1,1,
525,1790093169262303232,52.5,20,18,2240,1728,53.917,81.845,88.533,17.524,1,43.505,85.479,122.571,20.262,2,1.2963,18,258.327,197.21,374.979,31.346,34.941,225.487,34.941,34.941,1,1,
526,1790093169362303232,52.6,20,16,2240,1536,53.917,72.07,88.533,17.009,1,43.505,87.686,122.571,17.472,1,1.4583,16,263.386,228.346,374.979,21.571,37.148,230.547,37.148,37.148,1,1,
527,1790093169462303232,52.7,22,18,2464,1728,48.243,72.07,88.533,18.496,1,43.789,85.479,122.571,18.015,1,1.4259,18,281.635,228.346,430.43,21.571,34.941,248.796,34.941,34.941,1,1,
528,1790093169562303232,52.8,21,18,2352,1728,47.646,72.07,88.533,16.757,1,43.505,85.479,122.571,15.782,1,1.3611,18,331.447,228.346,430.43,21.571,34.941,298.608,34.941,34.941,1,1,
529,1790093169662303232,52.9,22,17,2464,1632,48.243,72.07,88.533,15.892,1,43.647,87.686,122.571,16.586,1,1.5098,17,358.784,228.346,430.43,21.571,37.148,325.945,37.148,37.148,1,1,
530,1790093169762303232,53.0,20,17,2240,1632,48.243,68.749,81.854,15.377,1,44.159,87.686,122.571,19.077,1,1.3725,17,374.979,228.346,430.43,18.25,37.148,342.14,37.148,37.148,1,1,
531,1790093169862303232,53.1,18,15,2016,1440,48.243,68.749,81.854,14.353,1,43.78,87.686,122.571,18.825,1,1.4,15,381.112,266.905,430.43,18.25,37.148,348.272,37.148,37.148,1,1,
532,1790093169962303232,53.2,15,13,1680,1248,47.646,55.979,72.07,11.774,1,43.78,85.354,122.571,18.147,1,1.3462,13,381.898,314.428,430.43,5.48,34.817,349.059,34.817,34.817,1,1,
533,1790093170062303232,53.3,22,12,2464,1152,45.672,62.387,334.935,33.945,6,43.029,84.553,85.354,12.566,1,2.1389,12,385.642,348.466,430.43,11.888,34.015,352.803,34.015,34.015,1,1,
534,1790093170162303232,53.4,21,12,2352,1152,43.689,62.387,334.935,35.147,6,44.53,85.354,378.008,42.36,1,2.0417,12,393.527,358.784,726.437,11.888,34.817,360.687,34.817,34.817,1,1,
535,1790093170262303232,53.5,23,12,2576,1152,38.294,72.07,334.935,37.683,6,45.038,85.354,378.008,42.707,1,2.2361,12,408.997,369.073,791.532,21.571,34.817,376.157,34.817,34.817,1,1,
536,1790093170362303232,53.6,22,14,2464,1344,43.119,62.387,334.935,37.701,6,44.53,88.185,378.008,40.267,2,1.8333,14,421.249,381.112,861.12,11.888,37.647,388.409,37.647,37.647,1,1,
537,1790093170462303232,53.7,22,13,2464,1248,44.26,71.509,334.935,37.656,6,43.78,88.185,378.008,43.419,2,1.9744,13,726.437,381.112,861.12,21.01,37.647,693.598,37.647,37.647,1,1,
538,1790093170562303232,53.8,21,12,2352,1152,43.689,71.509,334.935,39.497,6,45.038,129.445,378.008,54.812,2,2.0417,12,777.183,381.112,872.766,21.01,78.907,744.344,78.907,78.907,1,1,
539,1790093170662303232,53.9,20,11,2240,1056,43.119,71.509,334.935,41.897,6,61.785,129.445,378.008,58.976,2,2.1212,11,791.532,381.898,872.766,21.01,78.907,758.693,78.907,78.907,1,1,
540,1790093170762303232,54.0,23,10,2576,960,31.964,71.509,156.699,31.607,6,78.533,88.185,129.445,28.587,2,2.6833,10,795.416,616.364,872.766,21.01,37.647,762.577,37.647,37.647,1,1,
541,1790093170862303232,54.1,24,14,2688,1344,34.525,71.509,156.699,31.105,6,45.038,129.445,172.474,42.543,4,2.0,14,808.767,616.364,872.766,21.01,78.907,775.928,78.907,78.907,1,1,
542,1790093170962303232,54.2,27,15,3024,1440,31.964,71.509,156.699,34.013,6,61.785,129.445,172.474,42.05,4,2.1,15,815.456,616.364,938.102,21.01,78.907,782.617,78.907,78.907,1,1,
543,1790093171062303232,54.3,23,18,2576,1728,42.981,92.836,156.699,30.468,3,45.038,129.445,172.474,45.003,4,1.4907,18,865.142,616.364,1007.044,42.337,78.907,832.302,78.907,78.907,1,1,
544,1790093171162303232,54.4,23,19,2576,1824,40.447,86.64,156.699,30.81,3,42.673,129.445,172.474,40.484,4,1.4123,19,869.368,616.364,1007.044,36.141,78.907,836.529,78.907,78.907,1,1,
545,1790093171262303232,54.5,21,18,2352,1728,40.447,86.64,156.699,29.313,3,41.481,129.445,172.474,42.374,4,1.3611,18,869.772,616.364,1007.044,36.141,78.907,836.932,78.907,78.907,1,1,
546,1790093171362303232,54.6,21,18,2352,1728,36.288,86.64,156.699,30.052,3,43.724,129.445,172.474,40.063,4,1.3611,18,871.936,616.364,1007.044,36.141,78.907,839.097,78.907,78.907,1,1,
547,1790093171462303232,54.7,22,18,2464,1728,38.052,86.64,156.699,31.226,3,43.724,83.376,172.474,39.564,4,1.4259,18,924.892,616.364,1007.044,36.141,32.838,892.053,36.141,36.141,1,1,
548,1790093171562303232,54.8,22,19,2464,1824,38.052,86.64,156.699,30.499,3,42.487,122.49,172.474,39.946,4,1.3509,19,939.076,616.364,1008.122,36.141,71.952,906.237,71.952,71.952,1,1,
549,1790093171662303232,54.9,23,19,2576,1824,39.312,81.558,134.475,24.633,3,40.946,122.49,172.474,37.769,4,1.4123,19,939.076,697.351,1008.122,31.059,71.952,906.237,71.952,71.952,1,1,
550,1790093171762303232,55.0,22,21,2464,2016,41.542,85.371,134.475,25.675,3,41.412,83.376,131.329,29.519,4,1.2222,21,952.17,869.163,1008.122,34.872,32.838,919.331,34.872,34.872,1,1,
551,1790093171862303232,55.1,22,22,2464,2112,41.542,81.558,86.64,21.388,3,41.575,83.376,131.329,29.971,4,1.1667,22,953.856,869.163,1027.019,31.059,32.838,921.017,32.838,32.838,1,1,
552,1790093171962303232,55.2,24,18,2688,1728,42.842,81.558,86.64,20.651,3,41.575,82.102,122.49,22.205,3,1.5556,18,966.097,870.102,1027.019,31.059,31.564,933.258,31.564,31.564,1,1,
553,1790093172062303232,55.3,21,20,2352,1920,54.213,84.146,86.64,20.382,2,41.831,83.376,122.49,22.341,3,1.225,20,974.342,870.102,1063.034,33.647,32.838,941.502,33.647,33.647,1,1,
554,1790093172162303232,55.4,20,17,2240,1632,54.688,81.558,85.371,19.38,2,42.908,122.49,124.545,26.235,2,1.3725,17,981.114,870.102,1173.155,31.059,71.952,948.275,71.952,71.952,1,1,
555,1790093172262303232,55.5,21,15,2352,1440,54.213,81.558,85.371,17.949,2,41.962,122.49,124.545,26.917,2,1.6333,15,986.159,870.102,1173.155,31.059,71.952,953.32,71.952,71.952,1,1,
556,1790093172362303232,55.6,20,16,2240,1536,53.738,73.072,85.371,16.128,2,42.092,124.545,126.472,28.263,2,1.4583,16,1004.559,870.102,1263.074,22.573,74.007,971.719,74.007,74.007,1,1,
557,1790093172462303232,55.7,20,15,2240,1440,53.738,73.072,85.371,16.211,2,43.217,124.545,126.472,21.735,1,1.5556,15,1020.948,870.102,1263.074,22.573,74.007,988.109,74.007,74.007,1,1,
558,1790093172562303232,55.8,21,16,2352,1536,50.285,84.146,102.591,20.082,2,44.341,124.545,126.472,22.392,1,1.5312,16,1045.027,870.102,1274.969,33.647,74.007,1012.187,74.007,74.007,1,1,
559,1790093172662303232,55.9,21,17,2352,1632,53.022,84.146,102.591,19.812,2,43.444,124.545,126.472,23.71,2,1.4412,17,1215.651,932.714,1300.545,33.647,74.007,1182.811,74.007,74.007,1,1,
560,1790093172762303232,56.0,22,16,2464,1536,52.306,73.072,102.591,19.679,2,44.707,124.545,126.472,27.566,2,1.6042,16,1225.251,932.714,1300.545,22.573,74.007,1192.412,74.007,74.007,1,1,
561,1790093172862303232,56.1,20,16,2240,1536,52.306,73.072,102.591,19.379,2,44.707,124.545,126.472,33.149,2,1.4583,16,1239.023,932.714,1341.678,22.573,74.007,1206.184,74.007,74.007,1,1,
562,1790093172962303232,56.2,21,16,2352,1536,49.569,73.072,102.591,19.083,2,44.341,124.545,126.472,30.375,2,1.5312,16,1249.862,1020.948,1341.678,22.573,74.007,1217.023,74.007,74.007,1,1,
563,1790093173062303232,56.3,21,17,2352,1632,49.569,73.072,102.591,20.098,2,43.444,124.305,126.472,26.738,2,1.4412,17,1263.074,1173.155,1341.678,22.573,73.768,1230.235,73.768,73.768,1,1,
564,1790093173162303232,56.4,20,18,2240,1728,46.832,78.652,102.591,20.973,2,42.547,87.145,124.305,25.354,2,1.2963,18,1275.769,1215.651,1351.842,28.153,36.607,1242.93,36.607,36.607,1,1,
565,1790093173262303232,56.5,20,18,2240,1728,52.306,78.652,102.591,20.654,2,42.547,87.145,124.305,25.354,2,1.2963,18,1275.769,1215.651,1351.842,28.153,36.607,1242.93,36.607,36.607,1,1,
566,1790093173362303232,56.6,19,18,2128,1728,53.259,78.652,102.591,20.894,2,44.707,93.006,124.305,29.962,2,1.2315,18,1282.86,1215.651,1372.443,28.153,42.468,1250.02,42.468,42.468,1,1,
567,1790093173462303232,56.7,21,17,2352,1632,51.583,78.652,124.208,24.116,3,45.933,121.394,124.305,31.98,2,1.4412,17,1300.545,1218.99,1372.443,28.153,70.857,1267.705,70.857,70.857,1,1,
568,1790093173562303232,56.8,21,18,2352,1728,53.259,81.312,124.208,24.561,3,42.361,121.394,130.717,37.968,3,1.3611,18,1319.786,1218.99,1487.215,30.812,70.857,1286.946,70.857,70.857,1,1,
569,1790093173662303232,56.9,21,18,2352,1728,52.536,81.312,124.208,24.57,3,42.361,121.394,130.717,37.758,3,1.3611,18,1349.596,1258.915,1487.215,30.812,70.857,1316.757,70.857,70.857,1,1,
570,1790093173762303232,57.0,21,18,2352,1728,52.536,81.312,124.208,24.663,3,41.906,93.006,130.717,33.139,3,1.3611,18,1349.596,1276.569,1487.215,30.812,42.468,1316.757,42.468,42.468,1,1,
571,1790093173862303232,57.1,19,21,2128,2016,52.536,81.312,124.208,26.355,3,42.133,93.006,130.717,34.941,3,1.0556,21,1357.52,1276.569,1487.215,30.812,42.468,1324.681,42.468,42.468,1,1,
572,1790093173962303232,57.2,21,18,2352,1728,52.536,98.481,129.457,31.881,3,41.906,91.98,130.717,35.617,3,1.3611,18,1357.934,1276.569,1487.215,47.982,41.442,1325.095,47.982,47.982,1,1,
573,1790093174062303232,57.3,21,19,2352,1824,52.536,81.312,129.457,29.728,3,43.901,121.394,130.717,42.749,3,1.2895,19,1358.273,1306.569,1487.215,30.812,70.857,1325.434,70.857,70.857,1,1,
574,1790093174162303232,57.4,20,20,2240,1920,54.212,81.312,129.457,27.325,3,39.064,121.394,130.717,40.24,3,1.1667,20,1358.129,1306.569,1487.215,30.812,70.857,1325.29,70.857,70.857,1,1,
575,1790093174262303232,57.5,21,20,2352,1920,49.573,81.312,129.457,26.949,3,39.527,91.98,130.717,36.214,3,1.225,20,1364.779,1313.881,1487.215,30.812,41.442,1331.94,41.442,41.442,1,1,
576,1790093174362303232,57.6,22,21,2464,2016,48.285,75.415,129.457,23.362,3,39.564,91.98,130.717,32.204,3,1.2222,21,1360.055,1302.497,1487.215,24.916,41.442,1327.216,41.442,41.442,1,1,
577,1790093174462303232,57.7,20,21,2240,2016,52.778,75.415,129.457,20.606,2,39.564,85.55,123.311,27.738,3,1.1111,21,1358.273,1302.497,1487.215,24.916,35.012,1325.434,35.012,35.012,1,1,
578,1790093174562303232,57.8,21,21,2352,2016,54.103,62.573,129.457,17.36,2,41.163,86.856,123.311,26.17,3,1.1667,21,1357.883,1302.497,1436.965,12.074,36.319,1325.044,36.319,36.319,1,1,
579,1790093174662303232,57.9,20,22,2240,2112,53.335,62.573,129.457,17.756,2,40.923,87.314,123.311,27.392,3,1.0606,22,1357.934,1245.763,1436.965,12.074,36.776,1325.095,36.776,36.776,1,1,
580,1790093174762303232,58.0,20,20,2240,1920,53.335,62.316,129.457,16.233,2,41.404,87.314,123.311,27.754,3,1.1667,20,1357.934,1245.763,1436.965,11.817,36.776,1325.095,36.776,36.776,1,1,
581,1790093174862303232,58.1,19,21,2128,2016,53.056,61.64,62.573,12.906,2,41.163,86.856,123.311,24.04,3,1.0556,21,1357.985,1245.763,1436.965,11.141,36.319,1325.146,36.319,36.319,1,1,
582,1790093174962303232,58.2,20,19,2240,1824,52.778,61.64,170.117,18.886,3,41.163,83.955,87.314,19.869,3,1.2281,19,1358.927,1245.763,1436.965,11.141,33.418,1326.088,33.418,33.418,1,1,
583,1790093175062303232,58.3,21,19,2352,1824,47.477,61.64,170.117,18.127,3,42.492,86.856,168.436,22.519,2,1.2895,19,1359.302,1245.763,1446.426,11.141,36.319,1326.463,36.319,36.319,1,1,
584,1790093175162303232,58.4,20,19,2240,1824,52.778,62.573,170.117,19.587,3,42.492,86.856,168.436,22.651,2,1.2281,19,1366.582,1245.763,1446.426,12.074,36.319,1333.743,36.319,36.319,1,1,
585,1790093175262303232,58.5,20,18,2240,1728,52.778,68.646,170.117,21.877,3,43.58,86.856,168.436,26.08,2,1.2963,18,1363.319,1245.763,1484.434,18.147,36.319,1330.479,36.319,36.319,1,1,
586,1790093175362303232,58.6,21,18,2352,1728,53.034,70.973,170.117,22.106,3,44.171,86.856,168.436,30.454,2,1.3611,18,1368.105,1245.763,1484.434,20.474,36.319,1335.265,36.319,36.319,1,1,
587,1790093175462303232,58.7,21,18,2352,1728,46.902,70.973,170.117,21.826,3,44.171,86.206,168.436,32.638,2,1.3611,18,1401.343,1245.763,1484.434,20.474,35.668,1368.503,35.668,35.668,1,1,
588,1790093175562303232,58.8,20,18,2240,1728,47.11,70.973,170.117,22.203,3,44.171,86.206,168.436,34.496,2,1.2963,18,1410.358,1245.763,1484.434,20.474,35.668,1377.518,35.668,35.668,1,1,
589,1790093175662303232,58.9,21,19,2352,1824,46.902,70.973,170.117,22.544,3,43.566,83.585,168.436,30.229,2,1.2895,19,1410.718,1245.763,1484.434,20.474,33.047,1377.879,33.047,33.047,1,1,
590,1790093175762303232,59.0,21,18,2352,1728,47.029,69.669,79.016,16.538,3,43.58,83.585,168.436,31.632,2,1.3611,18,1418.929,1359.302,1484.434,19.17,33.047,1386.089,33.047,33.047,1,1,
591,1790093175862303232,59.1,22,19,2464,1824,47.11,69.669,79.016,16.299,3,43.862,82.806,86.206,25.354,2,1.3509,19,1413.533,1387.396,1484.434,19.17,32.268,1380.694,32.268,32.268,1,1,
592,1790093175962303232,59.2,21,20,2352,1920,49.338,70.973,111.733,19.149,2,44.171,83.585,86.206,26.118,2,1.225,20,1414.723,1387.396,1484.434,20.474,33.047,1381.884,33.047,33.047,1,1,
593,1790093176062303232,59.3,20,19,2240,1824,51.232,70.973,111.733,19.764,2,63.374,83.693,86.206,29.061,2,1.2281,19,1410.718,1387.396,1484.434,20.474,33.155,1377.879,33.155,33.155,1,1,
594,1790093176162303232,59.4,20,20,2240,1920,51.232,77.109,111.733,19.526,2,43.552,83.585,84.045,26.106,2,1.1667,20,1409.963,1387.396,1484.434,26.609,33.047,1377.124,33.047,33.047,1,1,
595,1790093176262303232,59.5,21,20,2352,1920,49.338,69.669,111.733,17.001,2,42.761,83.693,84.836,24.294,2,1.225,20,1407.025,1311.216,1462.863,19.17,33.155,1374.186,33.155,33.155,1,1,
596,1790093176362303232,59.6,21,20,2352,1920,49.338,77.109,111.733,19.056,2,43.137,83.693,84.836,20.019,2,1.225,20,1400.217,1311.216,1462.863,26.609,33.155,1367.378,33.155,33.155,1,1,
597,1790093176462303232,59.7,21,19,2352,1824,52.394,77.109,111.733,20.046,2,43.345,84.045,124.797,21.264,2,1.2895,19,1402.135,1311.216,1471.235,26.609,33.507,1369.295,33.507,33.507,1,1,
598,1790093176562303232,59.8,21,18,2352,1728,53.753,77.109,111.733,19.521,2,44.347,84.045,124.797,24.721,2,1.3611,18,1400.217,1311.216,1471.235,26.609,33.507,1367.378,33.507,33.507,1,1,
599,1790093176662303232,59.9,21,19,2352,1824,53.753,77.109,111.733,18.339,2,43.742,84.045,124.797,21.755,2,1.2895,19,1409.536,1311.216,1471.235,26.609,33.507,1376.697,33.507,33.507,1,1,
600,1790093176762303232,60.0,21,18,2352,1728,53.076,77.109,111.733,18.006,2,43.137,84.045,124.797,18.42,2,1.3611,18,1409.963,1311.216,1471.235,26.609,33.507,1377.124,33.507,33.507,1,1,
601,1790093176862303232,60.1,21,18,2352,1728,50.443,61.11,86.888,15.642,2,43.137,84.045,124.797,20.369,2,1.3611,18,1415.939,1311.216,1474.661,10.611,33.507,1383.099,33.507,33.507,1,1,
602,1790093176962303232,60.2,20,18,2240,1728,53.557,72.532,86.888,13.07,1,43.137,84.836,124.797,18.218,2,1.2963,18,1432.343,1311.216,1474.661,22.032,34.298,1399.503,34.298,34.298,1,1,
603,1790093177062303232,60.3,21,17,2352,1632,50.443,72.532,86.888,13.781,1,43.826,87.863,124.797,19.228,1,1.4412,17,1444.24,1311.216,1474.661,22.032,37.325,1411.401,37.325,37.325,1,1,
604,1790093177162303232,60.4,21,18,2352,1728,49.919,61.11,86.888,12.503,1,43.306,84.927,124.797,15.69,1,1.3611,18,1454.186,1311.216,1478.923,10.611,34.389,1421.347,34.389,34.389,1,1,
605,1790093177262303232,60.5,21,17,2352,1632,49.919,61.11,86.888,10.976,1,43.222,87.863,124.797,16.564,1,1.4412,17,1454.861,1392.36,1478.923,10.611,37.325,1422.021,37.325,37.325,1,1,
606,1790093177362303232,60.6,21,17,2352,1632,49.919,58.835,72.532,8.577,1,43.518,84.927,87.863,13.931,1,1.4412,17,1457.555,1403.427,1478.923,8.336,34.389,1424.716,34.389,34.389,1,1,
607,1790093177462303232,60.7,21,18,2352,1728,49.919,61.11,72.532,8.973,1,43.306,81.707,87.863,13.132,1,1.3611,18,1456.208,1403.427,1484.258,10.611,31.169,1423.369,31.169,31.169,1,1,
608,1790093177562303232,60.8,20,18,2240,1728,48.291,71.294,74.431,9.849,1,43.306,81.707,87.863,15.029,1,1.2963,18,1456.208,1403.427,1484.258,20.794,31.169,1423.369,31.169,31.169,1,1,
609,1790093177662303232,60.9,21,18,2352,1728,49.086,71.294,74.431,10.546,1,43.73,84.531,87.863,17.271,1,1.3611,18,1459.178,1403.427,1491.327,20.794,33.994,1426.339,33.994,33.994,1,1,
610,1790093177762303232,61.0,21,19,2352,1824,49.086,71.294,74.431,10.727,1,43.498,84.531,87.863,16.772,2,1.2895,19,1460.801,1400.999,1499.639,20.794,33.994,1427.962,33.994,33.994,1,1,
611,1790093177862303232,61.1,21,18,2352,1728,49.086,72.532,98.562,14.758,2,43.69,84.142,84.927,17.366,2,1.3611,18,1458.527,1400.999,1499.639,22.032,33.604,1425.688,33.604,33.604,1,1,
612,1790093177962303232,61.2,21,18,2352,1728,47.504,74.431,98.562,15.975,2,43.69,84.142,84.927,17.346,2,1.3611,18,1457.852,1400.999,1499.639,23.932,33.604,1425.013,33.604,33.604,1,1,
613,1790093178062303232,61.3,20,16,2240,1536,50.249,74.431,98.562,15.819,2,43.69,84.142,84.531,16.695,2,1.4583,16,1458.465,1400.999,1499.639,23.932,33.604,1425.625,33.604,33.604,1,1,
614,1790093178162303232,61.4,19,17,2128,1632,49.086,74.431,98.562,16.623,2,44.066,84.531,204.857,25.809,2,1.3039,17,1453.511,1400.999,1499.639,23.932,33.994,1420.672,33.994,33.994,1,1,
615,1790093178262303232,61.5,21,15,2352,1440,49.627,81.089,122.031,22.626,2,44.066,84.531,204.857,26.594,2,1.6333,15,1462.29,1400.999,1499.639,30.59,33.994,1429.451,33.994,33.994,1,1,
616,1790093178362303232,61.6,21,16,2352,1536,49.627,81.089,122.031,23.065,2,43.629,130.68,204.857,33.906,3,1.5312,16,1457.113,1362.769,1499.639,30.59,80.142,1424.274,80.142,80.142,1,1,
617,1790093178462303232,61.7,20,18,2240,1728,50.249,91.986,122.031,24.561,2,43.69,84.531,204.857,32.138,3,1.2963,18,1448.391,1362.769,1499.639,41.487,33.994,1415.551,41.487,41.487,1,1,
618,1790093178562303232,61.8,21,17,2352,1632,45.109,91.986,122.031,23.543,2,44.669,130.68,204.857,34.144,3,1.4412,17,1446.34,1362.769,1499.639,41.487,80.142,1413.501,80.142,80.142,1,1,
619,1790093178662303232,61.9,21,17,2352,1632,47.264,91.986,122.031,23.334,2,44.669,130.68,204.857,34.231,3,1.4412,17,1450.442,1362.769,1499.639,41.487,80.142,1417.602,80.142,80.142,1,1,
620,1790093178762303232,62.0,20,16,2240,1536,48.513,91.986,122.031,24.042,2,43.629,130.68,204.857,31.111,3,1.4583,16,1447.122,1362.769,1476.036,41.487,80.142,1414.283,80.142,80.142,1,1,
621,1790093178862303232,62.1,22,16,2464,1536,48.513,88.893,122.031,23.083,2,45.709,130.68,204.857,33.206,3,1.6042,16,1447.122,1362.769,1476.036,38.394,80.142,1414.283,80.142,80.142,1,1,
622,1790093178962303232,62.2,21,17,2352,1632,48.764,88.893,122.031,19.057,2,44.768,86.757,130.68,23.867,3,1.4412,17,1448.5,1362.769,1495.273,38.394,36.219,1415.661,38.394,38.394,1,1,
623,1790093179062303232,62.3,20,18,2240,1728,48.513,88.893,122.031,19.334,2,43.827,85.922,130.68,22.801,3,1.2963,18,1449.471,1362.769,1495.273,38.394,35.384,1416.632,38.394,38.394,1,1,
624,1790093179162303232,62.4,22,19,2464,1824,46.754,67.307,91.986,14.986,2,42.865,85.922,130.68,23.842,3,1.3509,19,1450.442,1362.769,1495.273,16.808,35.384,1417.602,35.384,35.384,1,1,
625,1790093179262303232,62.5,21,20,2352,1920,48.517,67.307,91.986,11.758,1,42.929,84.586,86.757,18.012,3,1.225,20,1449.809,1362.769,1495.273,16.808,34.049,1416.97,34.049,34.049,1,1,
626,1790093179362303232,62.6,21,19,2352,1824,48.949,67.307,91.986,10.559,1,43.342,84.586,86.757,14.591,1,1.2895,19,1451.118,1382.831,1495.273,16.808,34.049,1418.279,34.049,34.049,1,1,
627,1790093179462303232,62.7,21,18,2352,1728,48.517,58.38,88.893,8.58,1,43.755,84.586,86.757,15.109,1,1.3611,18,1454.751,1398.028,1495.273,7.881,34.049,1421.911,34.049,34.049,1,1,
628,1790093179562303232,62.8,21,18,2352,1728,48.949,67.307,107.75,12.784,2,42.929,81.48,86.757,15.245,2,1.3611,18,1456.234,1398.028,1495.273,16.808,30.943,1423.395,30.943,30.943,1,1,
629,1790093179662303232,62.9,20,20,2240,1920,49.376,67.307,107.75,12.875,2,43.755,84.586,118.262,19.774,2,1.1667,20,1452.572,1398.028,1495.273,16.808,34.049,1419.733,34.049,34.049,1,1,
630,1790093179762303232,63.0,20,19,2240,1824,49.858,67.307,107.75,12.328,2,43.791,84.586,118.262,20.785,2,1.2281,19,1453.661,1398.028,1495.273,16.808,34.049,1420.822,34.049,34.049,1,1,
631,1790093179862303232,63.1,21,18,2352,1728,49.881,67.307,107.75,10.974,2,43.755,84.586,123.677,22.216,2,1.3611,18,1455.144,1398.028,1495.273,16.808,34.049,1422.305,34.049,34.049,1,1,
632,1790093179962303232,63.2,21,19,2352,1824,48.441,67.307,107.75,11.166,2,44.072,84.586,123.677,23.218,2,1.2895,19,1454.107,1398.028,1495.273,16.808,34.049,1421.267,34.049,34.049,1,1,
633,1790093180062303232,63.3,21,19,2352,1824,48.441,58.678,107.75,10.719,2,43.342,81.48,123.677,20.861,2,1.2895,19,1454.107,1398.028,1481.61,8.179,30.943,1421.267,30.943,30.943,1,1,
634,1790093180162303232,63.4,21,19,2352,1824,49.617,58.854,107.75,10.933,2,44.072,81.48,123.677,21.255,2,1.2895,19,1454.107,1398.028,1481.61,8.355,30.943,1421.267,30.943,30.943,1,1,
635,1790093180262303232,63.5,20,18,2240,1728,49.858,68.622,107.75,12.381,2,44.753,82.041,123.677,24.575,2,1.2963,18,1456.85,1398.028,1490.6,18.123,31.503,1424.01,31.503,31.503,1,1,
636,1790093180362303232,63.6,21,18,2352,1728,48.255,70.544,107.75,16.93,2,44.753,82.041,123.677,24.477,2,1.3611,18,1460.769,1419.325,1490.6,20.045,31.503,1427.93,31.503,31.503,1,1,
637,1790093180462303232,63.7,21,19,2352,1824,48.255,68.622,93.198,14.154,2,43.651,118.262,129.978,30.729,3,1.2895,19,1464.466,1382.293,1493.39,18.123,67.724,1431.627,67.724,67.724,1,1,
638,1790093180562303232,63.8,20,18,2240,1728,49.005,68.622,93.198,11.653,1,44.39,84.299,129.978,27.947,3,1.2963,18,1460.769,1382.293,1493.39,18.123,33.761,1427.93,33.761,33.761,1,1,
639,1790093180662303232,63.9,20,18,2240,1728,48.672,68.622,93.198,12.611,1,44.239,84.299,129.978,25.838,3,1.2963,18,1460.769,1382.293,1493.39,18.123,33.761,1427.93,33.761,33.761,1,1,
640,1790093180762303232,64.0,21,18,2352,1728,48.089,71.684,93.198,16.494,2,44.239,82.041,129.978,25.811,3,1.3611,18,1460.769,1381.872,1493.39,21.185,31.503,1427.93,31.503,31.503,1,1,
641,1790093180862303232,64.1,21,19,2352,1824,48.839,71.684,93.198,15.913,2,45.872,84.085,129.978,26.464,3,1.2895,19,1454.107,1381.872,1493.39,21.185,33.547,1421.267,33.547,33.547,1,1,
642,1790093180962303232,64.2,21,20,2352,1920,50.365,71.684,93.198,16.348,2,43.285,84.085,129.978,25.031,3,1.225,20,1449.496,1381.872,1493.39,21.185,33.547,1416.657,33.547,33.547,1,1,
643,1790093181062303232,64.3,20,18,2240,1728,51.472,71.684,93.198,16.456,2,44.239,84.299,129.978,29.869,3,1.2963,18,1442.016,1381.872,1493.39,21.185,33.761,1409.177,33.761,33.761,1,1,
644,1790093181162303232,64.4,20,18,2240,1728,51.472,80.981,93.198,19.01,2,43.285,84.299,129.978,27.499,3,1.2963,18,1435.471,1381.872,1493.39,30.482,33.761,1402.632,33.761,33.761,1,1,
645,1790093181262303232,64.5,21,19,2352,1824,50.072,71.684,82.066,16.396,2,42.512,84.964,129.978,26.418,3,1.2895,19,1436.398,1381.872,1493.39,21.185,34.426,1403.558,34.426,34.426,1,1,
646,1790093181362303232,64.6,22,19,2464,1824,51.472,73.556,82.066,16.662,2,42.892,84.299,85.261,23.497,3,1.3509,19,1436.398,1381.872,1494.105,23.056,33.761,1403.558,33.761,33.761,1,1,
647,1790093181462303232,64.7,21,20,2352,1920,51.968,73.556,82.066,16.845,2,43.285,84.442,85.261,24.427,3,1.225,20,1442.943,1381.872,1494.105,23.056,33.904,1410.104,33.904,33.904,1,1,
648,1790093181562303232,64.8,20,18,2240,1728,52.464,73.556,82.066,17.475,2,44.239,84.442,85.261,21.58,2,1.2963,18,1449.555,1381.872,1494.105,23.056,33.904,1416.716,33.904,33.904,1,1,
649,1790093181662303232,64.9,20,17,2240,1632,51.472,71.684,82.066,15.293,2,60.665,84.964,85.261,23.064,2,1.3725,17,1455.44,1381.872,1494.105,21.185,34.426,1422.601,34.426,34.426,1,1,
650,1790093181762303232,65.0,21,17,2352,1632,49.488,69.409,82.066,13.864,2,44.424,84.964,85.261,18.423,1,1.4412,17,1457.681,1385.039,1494.105,18.91,34.426,1424.842,34.426,34.426,1,1,
651,1790093181862303232,65.1,21,19,2352,1824,49.488,69.409,82.066,12.453,1,42.232,84.442,85.261,14.518,1,1.2895,19,1455.44,1385.039,1494.105,18.91,33.904,1422.601,33.904,33.904,1,1,
652,1790093181962303232,65.2,21,17,2352,1632,49.488,73.556,82.24,14.854,1,42.232,84.442,84.964,16.096,1,1.4412,17,1462.684,1406.448,1494.105,23.056,33.904,1429.845,33.904,33.904,1,1,
653,1790093182062303232,65.3,21,19,2352,1824,47.21,69.409,82.24,13.226,1,42.798,84.153,84.964,18.888,2,1.2895,19,1462.684,1406.448,1494.105,18.91,33.615,1429.845,33.615,33.615,1,1,
654,1790093182162303232,65.4,20,18,2240,1728,46.916,69.409,82.24,12.338,1,43.098,83.018,84.442,17.435,2,1.2963,18,1460.395,1406.448,1494.105,18.91,32.481,1427.556,32.481,32.481,1,1,
655,1790093182262303232,65.5,21,18,2352,1728,47.21,73.556,82.24,15.922,2,43.098,83.018,84.442,17.502,2,1.3611,18,1461.17,1406.448,1494.105,23.056,32.481,1428.331,32.481,32.481,1,1,
656,1790093182362303232,65.6,19,20,2128,1920,47.21,70.61,82.24,14.89,2,43.098,84.153,85.486,20.17,2,1.1083,20,1457.893,1395.227,1494.105,20.111,33.615,1425.054,33.615,33.615,1,1,
657,1790093182462303232,65.7,21,18,2352,1728,46.875,80.735,204.048,26.583,4,42.275,83.018,85.486,17.971,2,1.3611,18,1456.561,1395.227,1486.23,30.236,32.481,1423.721,32.481,32.481,1,1,
658,1790093182562303232,65.8,20,21,2240,2016,46.834,80.735,204.048,28.508,4,42.12,84.153,206.866,29.742,4,1.1111,21,1452.523,1355.559,1486.23,30.236,33.615,1419.684,33.615,33.615,1,1,
659,1790093182662303232,65.9,20,20,2240,1920,46.834,82.24,204.048,32.381,4,41.965,83.018,206.866,29.087,4,1.1667,20,1448.702,1355.559,1486.23,31.741,32.481,1415.862,32.481,32.481,1,1,
660,1790093182762303232,66.0,20,17,2240,1632,46.834,82.24,204.048,32.942,4,41.67,85.486,206.866,34.192,4,1.3725,17,1444.88,1355.559,1486.23,31.741,34.948,1412.041,34.948,34.948,1,1,
661,1790093182862303232,66.1,20,17,2240,1632,46.868,82.24,204.048,32.259,4,42.687,206.284,206.866,44.32,4,1.3725,17,1444.88,1355.559,1486.23,31.741,155.746,1412.041,155.746,155.746,1,1,
662,1790093182962303232,66.2,21,17,2352,1632,46.851,80.735,204.048,29.413,4,43.184,206.284,206.866,44.645,4,1.4412,17,1452.7,1355.559,1486.23,30.236,155.746,1419.861,155.746,155.746,1,1,
663,1790093183062303232,66.3,21,17,2352,1632,45.443,80.735,204.048,30.693,4,41.494,206.284,206.866,42.228,4,1.4412,17,1452.7,1355.559,1486.23,30.236,155.746,1419.861,155.746,155.746,1,1,
664,1790093183162303232,66.4,20,17,2240,1632,41.177,80.735,204.048,30.948,4,41.584,206.284,206.866,39.917,4,1.3725,17,1455.249,1355.559,1494.067,30.236,155.746,1422.41,155.746,155.746,1,1,
665,1790093183262303232,66.5,22,16,2464,1536,41.177,79.484,204.048,28.667,4,42.922,206.284,206.866,42.474,4,1.6042,16,1458.245,1355.559,1494.067,28.985,155.746,1425.406,155.746,155.746,1,1,
666,1790093183362303232,66.6,22,18,2464,1728,46.868,76.504,82.32,19.659,4,42.922,88.713,206.866,42.134,4,1.4259,18,1449.134,1355.559,1494.067,26.005,38.175,1416.295,38.175,38.175,1,1,
667,1790093183462303232,66.7,23,18,2576,1728,46.966,76.504,82.32,19.341,4,42.922,85.734,206.284,30.067,4,1.4907,18,1449.134,1355.559,1494.067,26.005,35.196,1416.295,35.196,35.196,1,1,
668,1790093183562303232,66.8,20,19,2240,1824,47.851,65.876,76.504,11.698,2,42.958,85.734,206.284,30.531,4,1.2281,19,1445.569,1355.559,1494.067,15.377,35.196,1412.73,35.196,35.196,1,1,
669,1790093183662303232,66.9,20,17,2240,1632,47.851,68.69,76.504,11.577,1,42.958,85.734,88.713,16.437,2,1.3725,17,1445.569,1348.16,1494.067,18.191,35.196,1412.73,35.196,35.196,1,1,
670,1790093183762303232,67.0,20,19,2240,1824,47.851,69.694,76.504,12.835,1,42.958,85.734,88.713,17.413,2,1.2281,19,1436.725,1270.818,1494.067,19.195,35.196,1403.886,35.196,35.196,1,1,
671,1790093183862303232,67.1,20,19,2240,1824,47.851,71.289,76.504,13.159,1,42.102,85.734,88.713,15.304,2,1.2281,19,1419.194,1270.818,1494.067,20.79,35.196,1386.355,35.196,35.196,1,1,
672,1790093183962303232,67.2,20,19,2240,1824,48.39,71.958,101.164,17.43,2,42.102,85.734,88.713,17.265,2,1.2281,19,1418.095,1270.818,1494.067,21.459,35.196,1385.256,35.196,35.196,1,1,
673,1790093184062303232,67.3,21,20,2352,1920,48.191,71.958,101.164,15.949,2,41.283,88.586,90.028,18.755,2,1.225,20,1399.538,1270.818,1494.067,21.459,38.048,1366.699,38.048,38.048,1,1,
674,1790093184162303232,67.4,20,21,2240,2016,48.39,71.289,101.164,15.789,2,41.266,88.586,90.028,17.984,2,1.1111,21,1397.223,1270.818,1478.23,20.79,38.048,1364.384,38.048,38.048,1,1,
675,1790093184262303232,67.5,20,20,2240,1920,51.283,71.289,101.164,14.885,2,41.25,88.713,91.769,19.664,2,1.1667,20,1396.128,1270.818,1445.569,20.79,38.175,1363.289,38.175,38.175,1,1,
676,1790093184362303232,67.6,21,21,2352,2016,51.926,71.958,101.164,18.165,2,41.168,88.586,91.769,16.839,2,1.1667,21,1397.223,1270.818,1436.725,21.459,38.048,1364.384,38.048,38.048,1,1,
677,1790093184462303232,67.7,21,20,2352,1920,49.638,71.958,101.164,18.098,2,40.967,88.586,91.769,17.893,2,1.225,20,1399.538,1270.818,1436.725,21.459,38.048,1366.699,38.048,38.048,1,1,
678,1790093184562303232,67.8,20,20,2240,1920,47.993,71.958,101.164,17.938,2,40.967,88.586,91.769,20.078,2,1.1667,20,1399.538,1270.818,1436.725,21.459,38.048,1366.699,38.048,38.048,1,1,
679,1790093184662303232,67.9,20,21,2240,2016,51.283,71.958,101.164,16.727,2,40.82,85.633,91.769,16.964,2,1.1111,21,1399.878,1270.818,1436.725,21.459,35.095,1367.039,35.095,35.095,1,1,
680,1790093184762303232,68.0,20,20,2240,1920,47.993,65.467,101.164,15.124,2,41.25,88.631,91.769,20.202,2,1.1667,20,1400.504,1311.676,1438.761,14.968,38.093,1367.664,38.093,38.093,1,1,
681,1790093184862303232,68.1,20,20,2240,1920,47.993,65.193,81.543,13.731,2,41.25,88.631,91.769,18.267,2,1.1667,20,1404.802,1379.964,1438.761,14.694,38.093,1371.962,38.093,38.093,1,1,
682,1790093184962303232,68.2,19,21,2128,2016,51.903,65.193,81.543,11.715,2,42.083,85.633,91.769,15.021,2,1.0556,21,1403.999,1371.057,1438.761,14.694,35.095,1371.16,35.095,35.095,1,1,
683,1790093185062303232,68.3,20,19,2240,1824,51.283,65.467,100.778,15.918,2,42.083,85.633,91.769,14.173,2,1.2281,19,1404.635,1371.057,1438.761,14.968,35.095,1371.796,35.095,35.095,1,1,
684,1790093185162303232,68.4,19,20,2128,1920,49.905,73.609,100.778,17.255,2,42.916,88.631,122.47,19.681,2,1.1083,20,1406.424,1371.057,1471.317,23.11,38.093,1373.584,38.093,38.093,1,1,
685,1790093185262303232,68.5,20,21,2240,2016,52.523,81.543,100.778,20.348,2,41.248,86.808,122.47,20.301,2,1.1111,21,1407.879,1323.766,1471.317,31.044,36.27,1375.04,36.27,36.27,1,1,
686,1790093185362303232,68.6,22,20,2464,1920,47.288,81.899,101.421,22.275,2,42.916,86.808,122.47,23.334,2,1.2833,20,1409.233,1323.766,1471.317,31.4,36.27,1376.394,36.27,36.27,1,1,
687,1790093185462303232,68.7,20,21,2240,2016,51.972,81.899,101.421,21.701,2,42.172,86.808,122.47,24.313,2,1.1111,21,1412.069,1323.766,1471.317,31.4,36.27,1379.23,36.27,36.27,1,1,
688,1790093185562303232,68.8,21,20,2352,1920,52.248,81.899,101.421,21.705,2,41.427,86.808,122.47,21.383,2,1.225,20,1407.39,1323.766,1471.317,31.4,36.27,1374.551,36.27,36.27,1,1,
689,1790093185662303232,68.9,20,20,2240,1920,51.972,81.899,101.421,21.577,2,42.916,86.808,122.47,23.338,2,1.1667,20,1411.066,1323.766,1471.317,31.4,36.27,1378.226,36.27,36.27,1,1,
690,1790093185762303232,69.0,20,21,2240,2016,52.523,81.899,101.421,21.281,2,42.172,85.631,122.47,21.837,2,1.1111,21,1410.062,1323.766,1471.317,31.4,35.093,1377.223,35.093,35.093,1,1,
691,1790093185862303232,69.1,20,19,2240,1824,51.972,81.899,101.421,21.186,2,42.481,85.631,122.47,26.131,2,1.2281,19,1408.411,1323.766,1475.149,31.4,35.093,1375.572,35.093,35.093,1,1,
692,1790093185962303232,69.2,21,19,2352,1824,49.442,73.609,101.421,19.237,2,44.093,85.631,122.47,26.426,2,1.2895,19,1412.069,1323.766,1475.149,23.11,35.093,1379.23,35.093,35.093,1,1,
693,1790093186062303232,69.3,20,20,2240,1920,53.489,72.089,101.421,16.883,2,41.427,85.631,89.19,25.447,2,1.1667,20,1412.777,1323.766,1475.149,21.59,35.093,1379.937,35.093,35.093,1,1,
694,1790093186162303232,69.4,21,19,2352,1824,49.442,66.539,101.421,16.461,2,44.814,84.668,89.19,24.273,2,1.2895,19,1413.484,1323.766,1475.149,16.04,34.131,1380.645,34.131,34.131,1,1,
695,1790093186262303232,69.5,21,20,2352,1920,47.867,64.258,72.089,12.256,2,44.17,84.668,89.19,22.85,2,1.225,20,1411.066,1323.766,1475.149,13.759,34.131,1378.226,34.131,34.131,1,1,
696,1790093186362303232,69.6,20,20,2240,1920,51.972,66.539,89.44,11.761,1,42.869,83.098,89.19,16.344,2,1.1667,20,1409.36,1339.77,1475.149,16.04,32.56,1376.52,32.56,32.56,1,1,
697,1790093186462303232,69.7,20,18,2240,1728,46.913,66.539,89.44,12.189,1,42.869,83.098,89.19,15.486,2,1.2963,18,1407.513,1339.77,1475.149,16.04,32.56,1374.674,32.56,32.56,1,1,
698,1790093186562303232,69.8,20,19,2240,1824,46.913,66.539,89.44,11.806,1,43.109,83.098,123.215,19.251,2,1.2281,19,1408.657,1339.77,1475.149,16.04,32.56,1375.818,32.56,32.56,1,1,
699,1790093186662303232,69.9,21,19,2352,1824,47.867,72.089,89.44,15.258,2,43.759,83.098,123.215,23.611,2,1.2895,19,1402.852,1339.77,1475.149,21.59,32.56,1370.013,32.56,32.56,1,1,
700,1790093186762303232,70.0,20,18,2240,1728,48.821,72.089,89.44,16.126,2,43.348,83.098,123.215,22.833,2,1.2963,18,1405.754,1339.77,1475.149,21.59,32.56,1372.915,32.56,32.56,1,1,
701,1790093186862303232,70.1,20,19,2240,1824,51.756,78.229,89.44,16.47,2,43.052,89.19,163.602,28.327,2,1.2281,19,1423.369,1339.77,1468.716,27.73,38.653,1390.53,38.653,38.653,1,1,
702,1790093186962303232,70.2,21,18,2352,1728,47.727,78.229,89.44,16.777,2,43.234,83.098,163.602,29.183,2,1.3611,18,1416.013,1339.77,1474.297,27.73,32.56,1383.174,32.56,32.56,1,1,
703,1790093187062303232,70.3,20,19,2240,1824,48.821,78.229,89.44,16.146,2,43.291,88.033,163.602,27.881,2,1.2281,19,1423.369,1339.77,1474.297,27.73,37.495,1390.53,37.495,37.495,1,1,
704,1790093187162303232,70.4,20,19,2240,1824,48.821,78.229,89.44,15.431,2,43.646,88.033,163.602,30.046,2,1.2281,19,1423.899,1339.77,1474.297,27.73,37.495,1391.06,37.495,37.495,1,1,
705,1790093187262303232,70.5,20,17,2240,1632,51.756,78.229,89.44,15.635,2,44.491,123.215,163.602,33.538,2,1.3725,17,1436.113,1339.77,1474.297,27.73,72.677,1403.274,72.677,72.677,1,1,
706,1790093187362303232,70.6,21,17,2352,1632,47.564,63.553,82.021,13.003,2,45.511,123.215,163.602,38.287,2,1.4412,17,1441.881,1354.841,1498.346,13.054,72.677,1409.041,72.677,72.677,1,1,
707,1790093187462303232,70.7,20,18,2240,1728,47.903,72.42,82.021,14.846,2,45.037,88.033,163.602,33.825,2,1.2963,18,1443.673,1354.841,1498.346,21.921,37.495,1410.834,37.495,37.495,1,1,
708,1790093187562303232,70.8,20,16,2240,1536,47.903,72.953,82.021,16.174,2,43.944,121.36,163.602,32.78,2,1.4583,16,1443.673,1379.704,1498.346,22.454,70.822,1410.834,70.822,70.822,1,1,
709,1790093187662303232,70.9,22,16,2464,1536,47.903,72.42,78.229,14.839,2,43.944,121.36,123.878,30.14,2,1.6042,16,1446.036,1413.382,1498.346,21.921,70.822,1413.196,70.822,70.822,1,1,
710,1790093187762303232,71.0,20,18,2240,1728,47.903,72.42,78.229,14.157,1,43.944,88.033,123.878,29.094,2,1.2963,18,1452.889,1413.382,1498.346,21.921,37.495,1420.049,37.495,37.495,1,1,
711,1790093187862303232,71.1,21,17,2352,1632,47.564,69.489,72.953,14.425,1,44.491,121.36,123.878,28.679,2,1.4412,17,1462.491,1413.382,1498.346,18.99,70.822,1429.652,70.822,70.822,1,1,
712,1790093187962303232,71.2,20,18,2240,1728,48.638,69.489,72.953,14.311,1,43.496,84.455,123.878,24.534,2,1.2963,18,1460.829,1413.382,1498.346,18.99,33.918,1427.99,33.918,33.918,1,1,
713,1790093188062303232,71.3,20,18,2240,1728,48.638,69.489,72.953,14.01,1,42.589,84.455,123.878,20.227,2,1.2963,18,1462.626,1402.113,1498.346,18.99,33.918,1429.786,33.918,33.918,1,1,
714,1790093188162303232,71.4,20,18,2240,1728,47.903,69.489,72.953,13.217,1,42.545,84.455,123.878,20.258,2,1.2963,18,1462.626,1402.113,1498.346,18.99,33.918,1429.786,33.918,33.918,1,1,
715,1790093188262303232,71.5,20,19,2240,1824,48.638,72.42,81.391,15.022,1,42.248,83.859,123.878,16.979,2,1.2281,19,1462.491,1402.113,1498.346,21.921,33.322,1429.652,33.322,33.322,1,1,
716,1790093188362303232,71.6,20,19,2240,1824,46.161,69.489,81.391,14.451,1,42.567,84.455,123.878,17.4,2,1.2281,19,1461.892,1402.113,1490.955,18.99,33.918,1429.053,33.918,33.918,1,1,
717,1790093188462303232,71.7,20,19,2240,1824,48.638,68.915,81.391,13.211,1,42.567,84.455,123.878,19.615,2,1.2281,19,1459.004,1402.113,1490.955,18.416,33.918,1426.165,33.918,33.918,1,1,
718,1790093188562303232,71.8,21,20,2352,1920,47.399,68.225,81.391,11.109,1,42.545,83.992,86.502,16.537,2,1.225,20,1461.231,1402.113,1490.955,17.726,33.454,1428.392,33.454,33.454,1,1,
719,1790093188662303232,71.9,20,20,2240,1920,48.693,69.489,81.391,12.067,1,42.589,83.859,86.502,14.107,2,1.1667,20,1462.192,1402.113,1477.289,18.99,33.322,1429.352,33.322,33.322,1,1,
720,1790093188762303232,72.0,20,19,2240,1824,46.207,63.59,81.391,9.938,1,42.902,83.859,86.502,16.848,2,1.2281,19,1461.769,1402.113,1477.289,13.091,33.322,1428.929,33.322,33.322,1,1,
721,1790093188862303232,72.1,20,20,2240,1920,46.207,63.59,81.391,8.803,1,42.82,82.263,86.502,14.105,2,1.1667,20,1461.202,1402.113,1477.289,13.091,31.725,1428.363,31.725,31.725,1,1,
722,1790093188962303232,72.2,21,19,2352,1824,48.635,63.59,81.391,8.524,1,43.274,83.992,86.502,16.996,2,1.2895,19,1460.635,1402.113,1488.173,13.091,33.454,1427.796,33.454,33.454,1,1,
723,1790093189062303232,72.3,20,19,2240,1824,48.578,63.59,81.391,9.25,1,43.709,83.992,86.502,16.805,2,1.2281,19,1460.635,1402.113,1488.173,13.091,33.454,1427.796,33.454,33.454,1,1,
724,1790093189162303232,72.4,20,19,2240,1824,48.578,63.59,77.68,10.112,1,43.328,83.992,86.502,14.618,2,1.2281,19,1461.769,1428.54,1488.173,13.091,33.454,1428.929,33.454,33.454,1,1,
725,1790093189262303232,72.5,20,19,2240,1824,48.693,63.59,77.68,10.226,1,43.328,83.468,84.562,14.531,2,1.2281,19,1461.769,1428.54,1488.173,13.091,32.93,1428.929,32.93,32.93,1,1,
726,1790093189362303232,72.6,20,19,2240,1824,48.578,60.479,77.68,9.208,1,43.328,83.468,84.562,14.684,2,1.2281,19,1462.548,1428.54,1488.173,9.98,32.93,1429.709,32.93,32.93,1,1,
727,1790093189462303232,72.7,20,17,2240,1632,48.693,60.479,77.68,8.797,1,43.709,84.562,116.038,15.772,1,1.3725,17,1462.548,1428.54,1488.173,9.98,34.024,1429.709,34.024,34.024,1,1,
728,1790093189562303232,72.8,20,16,2240,1536,49.521,73.201,90.295,10.876,1,43.855,85.214,116.038,16.997,1,1.4583,16,1463.641,1428.54,1488.173,22.702,34.676,1430.801,34.676,34.676,1,1,
729,1790093189662303232,72.9,20,17,2240,1632,47.868,60.479,90.295,11.661,1,44.973,116.038,173.74,26.73,2,1.3725,17,1462.548,1428.54,1488.173,9.98,65.5,1429.709,65.5,65.5,1,1,
730,1790093189762303232,73.0,21,16,2352,1536,47.023,63.771,90.295,12.085,1,43.563,116.038,173.74,26.242,2,1.5312,16,1461.592,1427.525,1488.173,13.272,65.5,1428.752,65.5,65.5,1,1,
731,1790093189862303232,73.1,19,15,2128,1440,47.023,63.771,90.295,12.58,1,43.709,116.038,173.74,27.948,2,1.4778,15,1467.608,1427.525,1488.173,13.272,65.5,1434.769,65.5,65.5,1,1,
732,1790093189962303232,73.2,20,16,2240,1536,47.868,77.68,106.261,17.512,2,43.855,165.374,173.74,37.09,2,1.4583,16,1465.078,1427.525,1484.31,27.181,114.836,1432.239,114.836,114.836,1,1,
733,1790093190062303232,73.3,20,14,2240,1344,46.177,67.593,106.261,16.521,2,83.468,165.374,173.74,41.688,2,1.6667,14,1468.89,1427.525,1484.31,17.093,114.836,1436.051,114.836,114.836,1,1,
734,1790093190162303232,73.4,20,14,2240,1344,46.224,70.836,106.261,16.006,2,83.712,165.374,173.74,42.095,2,1.6667,14,1470.197,1427.525,1484.31,20.337,114.836,1437.358,114.836,114.836,1,1,
735,1790093190262303232,73.5,20,14,2240,1344,46.224,70.836,106.261,17.581,2,83.712,165.374,173.74,42.249,2,1.6667,14,1470.662,1427.525,1484.31,20.337,114.836,1437.823,114.836,114.836,1,1,
736,1790093190362303232,73.6,20,15,2240,1440,46.224,90.295,106.261,22.305,2,43.11,165.374,173.74,37.513,2,1.5556,15,1467.608,1427.525,1484.31,39.796,114.836,1434.769,114.836,114.836,1,1,
737,1790093190462303232,73.7,20,16,2240,1536,46.224,90.295,106.261,24.402,2,42.366,165.374,173.74,40.606,2,1.4583,16,1465.067,1422.195,1484.31,39.796,114.836,1432.228,114.836,114.836,1,1,
738,1790093190562303232,73.8,20,17,2240,1632,46.224,74.391,106.261,22.571,2,41.312,126.766,165.374,35.18,2,1.3725,17,1457.619,1406.574,1484.31,23.892,76.228,1424.78,76.228,76.228,1,1,
739,1790093190662303232,73.9,20,18,2240,1728,46.224,102.539,137.462,29.493,3,42.366,85.441,165.374,35.543,2,1.2963,18,1455.441,1406.574,1484.31,52.04,34.904,1422.602,52.04,52.04,1,1,
740,1790093190762303232,74.0,20,18,2240,1728,55.513,102.539,137.462,29.637,3,42.366,126.766,165.374,40.454,3,1.2963,18,1455.441,1379.304,1484.31,52.04,76.228,1422.602,76.228,76.228,1,1,
741,1790093190862303232,74.1,21,19,2352,1824,50.868,74.391,137.462,26.698,3,41.312,85.412,131.806,31.583,3,1.2895,19,1438.372,1361.744,1484.31,23.892,34.874,1405.533,34.874,34.874,1,1,
742,1790093190962303232,74.2,20,21,2240,2016,55.513,80.569,137.462,26.874,3,41.312,85.412,131.806,28.675,3,1.1111,21,1436.187,1311.486,1484.31,30.07,34.874,1403.348,34.874,34.874,1,1,
743,1790093191062303232,74.3,20,19,2240,1824,55.513,80.569,137.462,26.474,3,42.414,85.972,131.806,29.332,3,1.2281,19,1432.244,1311.486,1482.668,30.07,35.434,1399.405,35.434,35.434,1,1,
744,1790093191162303232,74.4,21,21,2352,2016,47.399,80.569,137.462,25.078,3,42.414,85.972,131.806,26.549,3,1.1667,21,1422.195,1311.486,1482.668,30.07,35.434,1389.356,35.434,35.434,1,1,
745,1790093191262303232,74.5,20,19,2240,1824,48.215,74.391,137.462,22.559,3,43.496,85.972,131.806,31.448,3,1.2281,19,1406.574,1311.486,1482.668,23.892,35.434,1373.735,35.434,35.434,1,1,
746,1790093191362303232,74.6,20,18,2240,1728,48.215,71.553,137.462,21.451,3,42.463,85.412,131.806,28.547,3,1.2963,18,1403.392,1311.486,1482.668,21.054,34.874,1370.552,34.874,34.874,1,1,
747,1790093191462303232,74.7,20,21,2240,2016,48.215,71.553,137.462,20.731,3,41.25,85.569,131.806,28.732,3,1.1111,21,1406.574,1311.486,1482.668,21.054,35.031,1373.735,35.031,35.031,1,1,
748,1790093191562303232,74.8,21,19,2352,1824,46.111,69.122,80.569,16.874,3,42.547,85.972,131.806,25.015,3,1.2895,19,1400.075,1311.486,1480.352,18.623,35.434,1367.236,35.434,35.434,1,1,
749,1790093191662303232,74.9,20,21,2240,2016,48.215,69.122,80.569,12.873,1,41.728,85.569,86.801,22.303,3,1.1111,21,1388.923,1311.486,1480.352,18.623,35.031,1356.084,35.031,35.031,1,1,
750,1790093191762303232,75.0,20,22,2240,2112,48.785,69.122,80.569,11.78,1,42.463,85.972,89.093,23.462,3,1.0606,22,1394.499,1311.486,1480.352,18.623,35.434,1361.66,35.434,35.434,1,1,
751,1790093191862303232,75.1,20,18,2240,1728,48.785,65.119,71.553,10.371,1,44.53,85.972,89.093,23.567,2,1.2963,18,1394.499,1311.486,1448.924,14.62,35.434,1361.66,35.434,35.434,1,1,
752,1790093191962303232,75.2,20,18,2240,1728,52.211,65.119,71.553,9.667,1,42.631,86.801,89.605,24.061,2,1.2963,18,1403.537,1327.377,1448.924,14.62,36.264,1370.697,36.264,36.264,1,1,
753,1790093192062303232,75.3,21,19,2352,1824,51.454,65.119,71.553,9.412,1,43.58,86.801,89.605,23.271,2,1.2895,19,1406.864,1327.377,1448.924,14.62,36.264,1374.025,36.264,36.264,1,1,
754,1790093192162303232,75.4,20,19,2240,1824,51.758,65.119,71.553,9.743,1,41.812,86.801,89.605,23.29,2,1.2281,19,1412.824,1327.377,1460.829,14.62,36.264,1379.985,36.264,36.264,1,1,
755,1790093192262303232,75.5,20,19,2240,1824,51.078,58.028,72.599,10.002,1,41.812,86.801,89.605,20.88,2,1.2281,19,1420.55,1327.377,1460.829,7.529,36.264,1387.711,36.264,36.264,1,1,
756,1790093192362303232,75.6,20,19,2240,1824,51.078,58.051,72.599,8.7,1,41.812,89.093,117.995,22.681,2,1.2281,19,1426.229,1327.377,1460.829,7.552,38.556,1393.39,38.556,38.556,1,1,
757,1790093192462303232,75.7,20,18,2240,1728,51.078,58.051,72.599,8.866,1,41.958,89.093,117.995,18.871,2,1.2963,18,1426.489,1327.377,1460.829,7.552,38.556,1393.65,38.556,38.556,1,1,
758,1790093192562303232,75.8,20,18,2240,1728,51.758,63.125,72.599,8.932,1,41.958,89.093,117.995,18.761,2,1.2963,18,1428.859,1327.377,1460.829,12.626,38.556,1396.02,38.556,38.556,1,1,
759,1790093192662303232,75.9,21,18,2352,1728,51.418,68.863,93.307,13.164,2,41.958,89.093,117.995,16.352,1,1.3611,18,1432.088,1327.377,1460.829,18.364,38.556,1399.249,38.556,38.556,1,1,
760,1790093192762303232,76.0,20,19,2240,1824,51.758,68.863,93.307,13.991,2,41.557,89.605,125.728,19.81,2,1.2281,19,1434.241,1373.21,1497.032,18.364,39.067,1401.402,39.067,39.067,1,1,
761,1790093192862303232,76.1,20,19,2240,1824,51.078,68.863,93.307,14.748,2,41.117,84.443,125.728,17.395,2,1.2281,19,1440.093,1373.21,1497.032,18.364,33.906,1407.254,33.906,33.906,1,1,
762,1790093192962303232,76.2,20,19,2240,1824,50.718,72.599,122.687,21.007,2,41.117,82.411,125.728,17.153,2,1.2281,19,1442.857,1373.21,1497.032,22.1,31.873,1410.018,31.873,31.873,1,1,
763,1790093193062303232,76.3,20,21,2240,2016,44.802,72.599,122.687,21.099,2,40.753,117.995,125.728,23.395,3,1.1111,21,1442.857,1387.597,1497.032,22.1,67.458,1410.018,67.458,67.458,1,1,
764,1790093193162303232,76.4,20,19,2240,1824,43.25,92.859,122.687,22.885,2,41.557,117.995,125.728,25.784,3,1.2281,19,1442.857,1378.115,1497.032,42.36,67.458,1410.018,67.458,67.458,1,1,
765,1790093193262303232,76.5,18,18,2016,1728,43.25,92.859,122.687,24.154,2,41.156,124.608,127.152,27.752,3,1.1667,18,1445.698,1378.115,1497.032,42.36,74.07,1412.859,74.07,74.07,1,1,
766,1790093193362303232,76.6,20,20,2240,1920,43.25,93.307,132.557,29.96,3,41.078,125.728,129.971,33.791,3,1.1667,20,1445.698,1378.115,1497.032,42.808,75.19,1412.859,75.19,75.19,1,1,
767,1790093193462303232,76.7,20,19,2240,1824,44.802,93.307,132.557,29.859,3,40.89,125.728,129.971,33.435,3,1.2281,19,1448.54,1378.115,1497.032,42.808,75.19,1415.701,75.19,75.19,1,1,
768,1790093193562303232,76.8,20,19,2240,1824,39.41,92.859,132.557,27.453,3,40.928,125.728,129.971,35.692,3,1.2281,19,1439.578,1378.115,1497.032,42.36,75.19,1406.739,75.19,75.19,1,1,
769,1790093193662303232,76.9,19,19,2128,1824,42.812,92.859,132.557,28.3,3,41.715,124.608,129.971,31.442,3,1.1667,19,1431.984,1378.115,1497.032,42.36,74.07,1399.145,74.07,74.07,1,1,
770,1790093193762303232,77.0,20,18,2240,1728,38.897,122.687,132.557,31.801,3,43.979,124.608,129.971,32.634,3,1.2963,18,1428.084,1378.115,1493.125,72.187,74.07,1395.245,74.07,74.07,1,1,
771,1790093193862303232,77.1,20,19,2240,1824,38.897,92.859,132.557,28.336,3,43.354,126.123,129.971,37.858,3,1.2281,19,1423.567,1345.966,1493.125,42.36,75.585,1390.728,75.585,75.585,1,1,
772,1790093193962303232,77.2,22,20,2464,1920,39.41,92.859,132.557,26.648,3,42.729,126.123,129.971,31.751,3,1.2833,20,1408.056,1296.079,1493.125,42.36,75.585,1375.216,75.585,75.585,1,1,
773,1790093194062303232,77.3,20,21,2240,2016,46.518,73.941,132.557,24.952,3,43.354,126.123,129.971,32.386,3,1.1111,21,1401.409,1296.079,1493.125,23.442,75.585,1368.57,75.585,75.585,1,1,
774,1790093194162303232,77.4,20,19,2240,1824,46.518,73.941,126.025,22.783,3,43.638,87.168,129.971,26.764,3,1.2281,19,1392.763,1296.079,1485.752,23.442,36.63,1359.924,36.63,36.63,1,1,
775,1790093194262303232,77.5,22,20,2464,1920,46.518,78.332,126.025,22.762,3,43.297,83.628,126.123,25.188,3,1.2833,20,1388.062,1262.276,1485.752,27.833,33.09,1355.223,33.09,33.09,1,1,
776,1790093194362303232,77.6,20,22,2240,2112,46.215,78.332,126.025,19.264,2,43.297,83.628,126.123,24.643,3,1.0606,22,1382.535,1262.276,1485.752,27.833,33.09,1349.695,33.09,33.09,1,1,
777,1790093194462303232,77.7,20,20,2240,1920,47.679,78.332,126.025,19.797,2,43.979,83.628,126.123,20.954,3,1.1667,20,1349.597,1262.276,1449.543,27.833,33.09,1316.758,33.09,33.09,1,1,
778,1790093194562303232,77.8,18,20,2016,1920,47.679,78.332,126.025,20.302,2,43.297,83.628,126.123,22.839,3,1.05,20,1348.396,1262.276,1449.543,27.833,33.09,1315.556,33.09,33.09,1,1,
779,1790093194662303232,77.9,17,18,1904,1728,47.098,78.332,81.523,16.675,2,42.686,83.628,126.123,23.278,3,1.1019,18,1347.321,1262.276,1449.543,27.833,33.09,1314.481,33.09,33.09,1,1,
780,1790093194762303232,78.0,14,17,1568,1632,51.782,78.332,81.523,13.237,1,41.729,83.628,87.168,19.518,3,0.9608,17,1346.7,1262.276,1449.543,27.833,33.09,1313.861,33.09,33.09,1,1,
781,1790093194862303232,78.1,12,14,1344,1344,47.679,78.332,81.523,15.16,1,42.686,83.628,87.168,17.246,2,1.0,14,1344.312,1262.276,1384.841,27.833,33.09,1311.473,33.09,33.09,1,1,
782,1790093194962303232,78.2,10,12,1120,1152,47.679,78.332,81.523,17.527,1,43.297,83.628,87.168,19.975,2,0.9722,12,1344.933,1262.276,1384.841,27.833,33.09,1312.094,33.09,33.09,1,1,
783,1790093195062303232,78.3,8,10,896,960,44.872,64.264,81.523,16.098,1,43.297,79.718,83.628,19.007,2,0.9333,10,1344.933,1262.276,1384.841,13.765,29.18,1312.094,29.18,29.18,1,1,
784,1790093195162303232,78.4,6,8,672,768,44.872,64.264,64.264,8.361,1,40.772,79.677,79.718,18.316,2,0.875,8,1344.933,1262.276,1384.841,13.765,29.139,1312.094,29.139,29.139,1,1,
785,1790093195262303232,78.5,4,6,448,576,47.679,64.264,64.264,6.464,1,40.772,79.718,79.718,9.731,1,0.7778,6,1344.933,1269.977,1361.762,13.765,29.18,1312.094,29.18,29.18,1,1,
786,1790093195362303232,78.6,2,4,224,384,47.679,47.679,47.679,0.0,1,48.22,79.718,79.718,12.982,1,0.5833,4,1328.025,1269.977,1361.762,-2.82,29.18,1295.186,29.18,29.18,1,1,
787,1790093195462303232,78.7,0,2,0,192,,,,,0,40.772,40.772,40.772,0.0,1,0.0,2,1315.869,1269.977,1361.762,,-9.766,1283.03,-9.766,-9.766,1,0,
788,1790093195562303232,78.8,0,0,0,0,,,,,0,,,,,0,,0,,,,,,,,,1,0,
789,1790093195662303232,78.9,0,0,0,0,,,,,0,,,,,0,,0,,,,,,,,,1,0,
790,1790093195762303232,79.0,0,0,0,0,,,,,0,,,,,0,,0,,,,,,,,,1,0,
791,1790093195862303232,79.1,0,0,0,0,,,,,0,,,,,0,,0,,,,,,,,,1,0,
792,1790093195962303232,79.2,0,0,0,0,,,,,0,,,,,0,,0,,,,,,,,,1,0,
793,1790093196062303232,79.3,0,0,0,0,,,,,0,,,,,0,,0,,,,,,,,,1,0,
794,1790093196162303232,79.4,0,0,0,0,,,,,0,,,,,0,,0,,,,,,,,,1,0,
795,1790093196262303232,79.5,0,0,0,0,,,,,0,,,,,0,,0,,,,,,,,,1,0,
796,1790093196362303232,79.6,0,0,0,0,,,,,0,,,,,0,,0,,,,,,,,,1,0,
797,1790093196462303232,79.7,0,0,0,0,,,,,0,,,,,0,,0,,,,,,,,,1,0,
798,1790093196562303232,79.8,0,0,0,0,,,,,0,,,,,0,,0,,,,,,,,,1,0,
799,1790093196662303232,79.9,0,0,0,0,,,,,0,,,,,0,,0,,,,,,,,,1,0,
800,1790093196762303232,80.0,0,0,0,0,,,,,0,,,,,0,,0,,,,,,,,,1,0,
801,1790093196862303232,80.1,0,0,0,0,,,,,0,,,,,0,,0,,,,,,,,,1,0,
802,1790093196962303232,80.2,0,0,0,0,,,,,0,,,,,0,,0,,,,,,,,,1,0,
803,1790093197062303232,80.3,0,0,0,0,,,,,0,,,,,0,,0,,,,,,,,,1,0,
804,1790093197162303232,80.4,0,0,0,0,,,,,0,,,,,0,,0,,,,,,,,,1,0,
805,1790093197262303232,80.5,0,0,0,0,,,,,0,,,,,0,,0,,,,,,,,,1,0,
806,1790093197362303232,80.6,0,0,0,0,,,,,0,,,,,0,,0,,,,,,,,,1,0,
807,1790093197462303232,80.7,0,0,0,0,,,,,0,,,,,0,,0,,,,,,,,,1,0,
808,1790093197562303232,80.8,0,0,0,0,,,,,0,,,,,0,,0,,,,,,,,,1,0,
809,1790093197662303232,80.9,0,0,0,0,,,,,0,,,,,0,,0,,,,,,,,,1,0,
810,1790093197762303232,81.0,0,0,0,0,,,,,0,,,,,0,,0,,,,,,,,,1,0,
811,1790093197862303232,81.1,0,0,0,0,,,,,0,,,,,0,,0,,,,,,,,,1,0,
812,1790093197962303232,81.2,0,0,0,0,,,,,0,,,,,0,,0,,,,,,,,,1,0,
813,1790093198062303232,81.3,0,0,0,0,,,,,0,,,,,0,,0,,,,,,,,,1,0,
814,1790093198162303232,81.4,0,0,0,0,,,,,0,,,,,0,,0,,,,,,,,,1,0,
815,1790093198262303232,81.5,0,0,0,0,,,,,0,,,,,0,,0,,,,,,,,,1,0,
816,1790093198362303232,81.6,0,0,0,0,,,,,0,,,,,0,,0,,,,,,,,,1,0,
817,1790093198462303232,81.7,0,0,0,0,,,,,0,,,,,0,,0,,,,,,,,,1,0,
818,1790093198562303232,81.8,0,0,0,0,,,,,0,,,,,0,,0,,,,,,,,,1,0,
819,1790093198662303232,81.9,0,0,0,0,,,,,0,,,,,0,,0,,,,,,,,,1,0,
820,1790093198762303232,82.0,0,0,0,0,,,,,0,,,,,0,,0,,,,,,,,,1,0,
821,1790093198862303232,82.1,0,0,0,0,,,,,0,,,,,0,,0,,,,,,,,,1,0,
822,1790093198962303232,82.2,0,0,0,0,,,,,0,,,,,0,,0,,,,,,,,,1,0,
823,1790093199062303232,82.3,0,0,0,0,,,,,0,,,,,0,,0,,,,,,,,,1,0,
824,1790093199162303232,82.4,0,0,0,0,,,,,0,,,,,0,,0,,,,,,,,,1,0,
825,1790093199262303232,82.5,0,0,0,0,,,,,0,,,,,0,,0,,,,,,,,,1,0,
826,1790093199362303232,82.6,0,0,0,0,,,,,0,,,,,0,,0,,,,,,,,,1,0,
827,1790093199462303232,82.7,0,0,0,0,,,,,0,,,,,0,,0,,,,,,,,,1,0,
828,1790093199562303232,82.8,0,0,0,0,,,,,0,,,,,0,,0,,,,,,,,,1,0,
829,1790093199662303232,82.9,0,0,0,0,,,,,0,,,,,0,,0,,,,,,,,,1,0,
830,1790093199762303232,83.0,0,0,0,0,,,,,0,,,,,0,,0,,,,,,,,,1,0,
831,1790093199862303232,83.1,0,0,0,0,,,,,0,,,,,0,,0,,,,,,,,,1,0,
832,1790093199962303232,83.2,0,0,0,0,,,,,0,,,,,0,,0,,,,,,,,,1,0,
833,1790093200062303232,83.3,0,0,0,0,,,,,0,,,,,0,,0,,,,,,,,,1,0,
834,1790093200162303232,83.4,0,0,0,0,,,,,0,,,,,0,,0,,,,,,,,,1,0,
835,1790093200262303232,83.5,0,0,0,0,,,,,0,,,,,0,,0,,,,,,,,,1,0,
836,1790093200362303232,83.6,0,0,0,0,,,,,0,,,,,0,,0,,,,,,,,,1,0,
837,1790093200462303232,83.7,0,0,0,0,,,,,0,,,,,0,,0,,,,,,,,,1,0,
838,1790093200562303232,83.8,0,0,0,0,,,,,0,,,,,0,,0,,,,,,,,,1,0,
839,1790093200662303232,83.9,0,0,0,0,,,,,0,,,,,0,,0,,,,,,,,,1,0,
840,1790093200762303232,84.0,0,0,0,0,,,,,0,,,,,0,,0,,,,,,,,,1,0,
841,1790093200862303232,84.1,0,0,0,0,,,,,0,,,,,0,,0,,,,,,,,,1,0,
842,1790093200962303232,84.2,0,0,0,0,,,,,0,,,,,0,,0,,,,,,,,,1,0,
843,1790093201062303232,84.3,0,0,0,0,,,,,0,,,,,0,,0,,,,,,,,,1,0,
844,1790093201162303232,84.4,0,0,0,0,,,,,0,,,,,0,,0,,,,,,,,,1,0,
845,1790093201262303232,84.5,0,0,0,0,,,,,0,,,,,0,,0,,,,,,,,,1,0,
846,1790093201362303232,84.6,0,0,0,0,,,,,0,,,,,0,,0,,,,,,,,,1,0,
847,1790093201462303232,84.7,0,0,0,0,,,,,0,,,,,0,,0,,,,,,,,,1,0,
848,1790093201562303232,84.8,0,0,0,0,,,,,0,,,,,0,,0,,,,,,,,,1,0,
849,1790093201662303232,84.9,0,0,0,0,,,,,0,,,,,0,,0,,,,,,,,,1,0,
850,1790093201762303232,85.0,0,0,0,0,,,,,0,,,,,0,,0,,,,,,,,,1,0,
851,1790093201862303232,85.1,0,0,0,0,,,,,0,,,,,0,,0,,,,,,,,,1,0,
852,1790093201962303232,85.2,0,0,0,0,,,,,0,,,,,0,,0,,,,,,,,,1,0,
853,1790093202062303232,85.3,0,0,0,0,,,,,0,,,,,0,,0,,,,,,,,,1,0,
854,1790093202162303232,85.4,0,0,0,0,,,,,0,,,,,0,,0,,,,,,,,,1,0,
855,1790093202262303232,85.5,0,0,0,0,,,,,0,,,,,0,,0,,,,,,,,,1,0,
856,1790093202362303232,85.6,0,0,0,0,,,,,0,,,,,0,,0,,,,,,,,,1,0,
857,1790093202462303232,85.7,0,0,0,0,,,,,0,,,,,0,,0,,,,,,,,,1,0,
858,1790093202562303232,85.8,0,0,0,0,,,,,0,,,,,0,,0,,,,,,,,,1,0,
859,1790093202662303232,85.9,0,0,0,0,,,,,0,,,,,0,,0,,,,,,,,,1,0,
860,1790093202762303232,86.0,0,0,0,0,,,,,0,,,,,0,,0,,,,,,,,,1,0,
861,1790093202862303232,86.1,0,0,0,0,,,,,0,,,,,0,,0,,,,,,,,,1,0,
862,1790093202962303232,86.2,0,0,0,0,,,,,0,,,,,0,,0,,,,,,,,,1,0,
863,1790093203062303232,86.3,0,0,0,0,,,,,0,,,,,0,,0,,,,,,,,,1,0,
864,1790093203162303232,86.4,0,0,0,0,,,,,0,,,,,0,,0,,,,,,,,,1,0,
865,1790093203262303232,86.5,0,0,0,0,,,,,0,,,,,0,,0,,,,,,,,,1,0,
866,1790093203362303232,86.6,0,0,0,0,,,,,0,,,,,0,,0,,,,,,,,,1,0,
867,1790093203462303232,86.7,0,0,0,0,,,,,0,,,,,0,,0,,,,,,,,,1,0,
868,1790093203562303232,86.8,0,0,0,0,,,,,0,,,,,0,,0,,,,,,,,,1,0,
869,1790093203662303232,86.9,0,0,0,0,,,,,0,,,,,0,,0,,,,,,,,,1,0,
870,1790093203762303232,87.0,0,0,0,0,,,,,0,,,,,0,,0,,,,,,,,,1,0,
871,1790093203862303232,87.1,0,0,0,0,,,,,0,,,,,0,,0,,,,,,,,,1,0,
872,1790093203962303232,87.2,0,0,0,0,,,,,0,,,,,0,,0,,,,,,,,,1,0,
873,1790093204062303232,87.3,0,0,0,0,,,,,0,,,,,0,,0,,,,,,,,,1,0,
874,1790093204162303232,87.4,0,0,0,0,,,,,0,,,,,0,,0,,,,,,,,,1,0,
875,1790093204262303232,87.5,0,0,0,0,,,,,0,,,,,0,,0,,,,,,,,,1,0,
876,1790093204362303232,87.6,0,0,0,0,,,,,0,,,,,0,,0,,,,,,,,,1,0,
877,1790093204462303232,87.7,0,0,0,0,,,,,0,,,,,0,,0,,,,,,,,,1,0,
878,1790093204562303232,87.8,1,0,32,0,,,,,0,,,,,0,,0,,,,,,,,,1,0,
879,1790093204662303232,87.9,1,0,32,0,,,,,0,,,,,0,,0,,,,,,,,,1,0,
