step,t_ns,elapsed_s,n_up,n_down,bytes_up,bytes_down,iat_med_up_ms,iat_p90_up_ms,iat_max_up_ms,iat_mad_up_ms,burst_up,iat_med_down_ms,iat_p90_down_ms,iat_max_down_ms,iat_mad_down_ms,burst_down,updown_ratio,pair_n,pair_med_ms,pair_min_ms,pair_max_ms,q_up_ms,q_down_ms,q_pair_ms,q_hat_ms,q_min_ms,baseline_done,degraded,t_det_meta_ns
1,1790097355896900096,0.1,1,0,32,0,,,,,0,,,,,0,,0,,,,,,,,,0,0,
2,1790097355996900096,0.2,1,0,32,0,,,,,0,,,,,0,,0,,,,,,,,,0,0,
3,1790097356096900096,0.3,1,0,32,0,,,,,0,,,,,0,,0,,,,,,,,,0,0,
4,1790097356196900096,0.4,1,0,32,0,,,,,0,,,,,0,,0,,,,,,,,,0,0,
5,1790097356296900096,0.5,1,0,32,0,,,,,0,,,,,0,,0,,,,,,,,,0,0,
6,1790097356396900096,0.6,1,0,32,0,,,,,0,,,,,0,,0,,,,,,,,,0,0,
7,1790097356496900096,0.7,1,0,32,0,,,,,0,,,,,0,,0,,,,,,,,,0,0,
8,1790097356596900096,0.8,1,0,32,0,,,,,0,,,,,0,,0,,,,,,,,,0,0,
9,1790097356696900096,0.9,1,0,32,0,,,,,0,,,,,0,,0,,,,,,,,,0,0,
10,1790097356796900096,1.0,1,0,32,0,,,,,0,,,,,0,,0,,,,,,,,,0,0,
11,1790097356896900096,1.1,0,0,0,0,,,,,0,,,,,0,,0,,,,,,,,,0,0,
12,1790097356996900096,1.2,0,0,0,0,,,,,0,,,,,0,,0,,,,,,,,,0,0,
13,1790097357096900096,1.3,0,0,0,0,,,,,0,,,,,0,,0,,,,,,,,,0,0,
14,1790097357196900096,1.4,0,0,0,0,,,,,0,,,,,0,,0,,,,,,,,,0,0,
15,1790097357296900096,1.5,0,0,0,0,,,,,0,,,,,0,,0,,,,,,,,,0,0,
16,1790097357396900096,1.6,0,0,0,0,,,,,0,,,,,0,,0,,,,,,,,,0,0,
17,1790097357496900096,1.7,0,0,0,0,,,,,0,,,,,0,,0,,,,,,,,,0,0,
18,1790097357596900096,1.8,0,0,0,0,,,,,0,,,,,0,,0,,,,,,,,,0,0,
19,1790097357696900096,1.9,0,0,0,0,,,,,0,,,,,0,,0,,,,,,,,,0,0,
20,1790097357796900096,2.0,0,0,0,0,,,,,0,,,,,0,,0,,,,,,,,,0,0,
21,1790097357896900096,2.1,0,0,0,0,,,,,0,,,,,0,,0,,,,,,,,,0,0,
22,1790097357996900096,2.2,0,0,0,0,,,,,0,,,,,0,,0,,,,,,,,,0,0,
23,1790097358096900096,2.3,0,0,0,0,,,,,0,,,,,0,,0,,,,,,,,,0,0,
24,1790097358196900096,2.4,0,0,0,0,,,,,0,,,,,0,,0,,,,,,,,,0,0,
25,1790097358296900096,2.5,0,0,0,0,,,,,0,,,,,0,,0,,,,,,,,,0,0,
26,1790097358396900096,2.6,0,0,0,0,,,,,0,,,,,0,,0,,,,,,,,,0,0,
27,1790097358496900096,2.7,0,0,0,0,,,,,0,,,,,0,,0,,,,,,,,,0,0,
28,1790097358596900096,2.8,0,0,0,0,,,,,0,,,,,0,,0,,,,,,,,,0,0,
29,1790097358696900096,2.9,0,0,0,0,,,,,0,,,,,0,,0,,,,,,,,,0,0,
30,1790097358796900096,3.0,0,0,0,0,,,,,0,,,,,0,,0,,,,,,,,,0,0,
31,1790097358896900096,3.1,0,0,0,0,,,,,0,,,,,0,,0,,,,,,,,,0,0,
32,1790097358996900096,3.2,0,0,0,0,,,,,0,,,,,0,,0,,,,,,,,,0,0,
33,1790097359096900096,3.3,0,0,0,0,,,,,0,,,,,0,,0,,,,,,,,,0,0,
34,1790097359196900096,3.4,0,0,0,0,,,,,0,,,,,0,,0,,,,,,,,,0,0,
35,1790097359296900096,3.5,0,0,0,0,,,,,0,,,,,0,,0,,,,,,,,,0,0,
36,1790097359396900096,3.6,0,0,0,0,,,,,0,,,,,0,,0,,,,,,,,,0,0,
37,1790097359496900096,3.7,0,0,0,0,,,,,0,,,,,0,,0,,,,,,,,,0,0,
38,1790097359596900096,3.8,0,0,0,0,,,,,0,,,,,0,,0,,,,,,,,,0,0,
39,1790097359696900096,3.9,0,0,0,0,,,,,0,,,,,0,,0,,,,,,,,,0,0,
40,1790097359796900096,4.0,0,0,0,0,,,,,0,,,,,0,,0,,,,,,,,,0,0,
41,1790097359896900096,4.1,0,0,0,0,,,,,0,,,,,0,,0,,,,,,,,,0,0,
42,1790097359996900096,4.2,0,0,0,0,,,,,0,,,,,0,,0,,,,,,,,,0,0,
43,1790097360096900096,4.3,0,0,0,0,,,,,0,,,,,0,,0,,,,,,,,,0,0,
44,1790097360196900096,4.4,0,0,0,0,,,,,0,,,,,0,,0,,,,,,,,,0,0,
45,1790097360296900096,4.5,0,0,0,0,,,,,0,,,,,0,,0,,,,,,,,,0,0,
46,1790097360396900096,4.6,0,0,0,0,,,,,0,,,,,0,,0,,,,,,,,,0,0,
47,1790097360496900096,4.7,0,0,0,0,,,,,0,,,,,0,,0,,,,,,,,,0,0,
48,1790097360596900096,4.8,0,0,0,0,,,,,0,,,,,0,,0,,,,,,,,,0,0,
49,1790097360696900096,4.9,0,0,0,0,,,,,0,,,,,0,,0,,,,,,,,,0,0,
50,1790097360796900096,5.0,0,0,0,0,,,,,0,,,,,0,,0,,,,,,,,,0,0,
51,1790097360896900096,5.1,0,0,0,0,,,,,0,,,,,0,,0,,,,,,,,,0,0,
52,1790097360996900096,5.2,0,0,0,0,,,,,0,,,,,0,,0,,,,,,,,,0,0,
53,1790097361096900096,5.3,0,0,0,0,,,,,0,,,,,0,,0,,,,,,,,,0,0,
54,1790097361196900096,5.4,0,0,0,0,,,,,0,,,,,0,,0,,,,,,,,,0,0,
55,1790097361296900096,5.5,0,0,0,0,,,,,0,,,,,0,,0,,,,,,,,,0,0,
56,1790097361396900096,5.6,0,0,0,0,,,,,0,,,,,0,,0,,,,,,,,,0,0,
57,1790097361496900096,5.7,0,0,0,0,,,,,0,,,,,0,,0,,,,,,,,,0,0,
58,1790097361596900096,5.8,0,0,0,0,,,,,0,,,,,0,,0,,,,,,,,,0,0,
59,1790097361696900096,5.9,0,0,0,0,,,,,0,,,,,0,,0,,,,,,,,,0,0,
60,1790097361796900096,6.0,0,0,0,0,,,,,0,,,,,0,,0,,,,,,,,,0,0,
61,1790097361896900096,6.1,0,0,0,0,,,,,0,,,,,0,,0,,,,,,,,,0,0,
62,1790097361996900096,6.2,0,0,0,0,,,,,0,,,,,0,,0,,,,,,,,,0,0,
63,1790097362096900096,6.3,0,0,0,0,,,,,0,,,,,0,,0,,,,,,,,,0,0,
64,1790097362196900096,6.4,0,0,0,0,,,,,0,,,,,0,,0,,,,,,,,,0,0,
65,1790097362296900096,6.5,0,0,0,0,,,,,0,,,,,0,,0,,,,,,,,,0,0,
66,1790097362396900096,6.6,0,0,0,0,,,,,0,,,,,0,,0,,,,,,,,,0,0,
67,1790097362496900096,6.7,0,0,0,0,,,,,0,,,,,0,,0,,,,,,,,,0,0,
68,1790097362596900096,6.8,0,0,0,0,,,,,0,,,,,0,,0,,,,,,,,,0,0,
69,1790097362696900096,6.9,0,0,0,0,,,,,0,,,,,0,,0,,,,,,,,,0,0,
70,1790097362796900096,7.0,0,0,0,0,,,,,0,,,,,0,,0,,,,,,,,,0,0,
71,1790097362896900096,7.1,0,0,0,0,,,,,0,,,,,0,,0,,,,,,,,,0,0,
72,1790097362996900096,7.2,0,0,0,0,,,,,0,,,,,0,,0,,,,,,,,,0,0,
73,1790097363096900096,7.3,0,0,0,0,,,,,0,,,,,0,,0,,,,,,,,,0,0,
74,1790097363196900096,7.4,0,0,0,0,,,,,0,,,,,0,,0,,,,,,,,,0,0,
75,1790097363296900096,7.5,0,0,0,0,,,,,0,,,,,0,,0,,,,,,,,,0,0,
76,1790097363396900096,7.6,0,0,0,0,,,,,0,,,,,0,,0,,,,,,,,,0,0,
77,1790097363496900096,7.7,0,0,0,0,,,,,0,,,,,0,,0,,,,,,,,,0,0,
78,1790097363596900096,7.8,0,0,0,0,,,,,0,,,,,0,,0,,,,,,,,,0,0,
79,1790097363696900096,7.9,0,0,0,0,,,,,0,,,,,0,,0,,,,,,,,,0,0,
80,1790097363796900096,8.0,0,0,0,0,,,,,0,,,,,0,,0,,,,,,,,,0,0,
81,1790097363896900096,8.1,0,0,0,0,,,,,0,,,,,0,,0,,,,,,,,,0,0,
82,1790097363996900096,8.2,0,0,0,0,,,,,0,,,,,0,,0,,,,,,,,,0,0,
83,1790097364096900096,8.3,0,0,0,0,,,,,0,,,,,0,,0,,,,,,,,,0,0,
84,1790097364196900096,8.4,0,0,0,0,,,,,0,,,,,0,,0,,,,,,,,,0,0,
85,1790097364296900096,8.5,0,0,0,0,,,,,0,,,,,0,,0,,,,,,,,,0,0,
86,1790097364396900096,8.6,0,0,0,0,,,,,0,,,,,0,,0,,,,,,,,,0,0,
87,1790097364496900096,8.7,0,0,0,0,,,,,0,,,,,0,,0,,,,,,,,,0,0,
88,1790097364596900096,8.8,0,0,0,0,,,,,0,,,,,0,,0,,,,,,,,,0,0,
89,1790097364696900096,8.9,0,0,0,0,,,,,0,,,,,0,,0,,,,,,,,,0,0,
90,1790097364796900096,9.0,0,0,0,0,,,,,0,,,,,0,,0,,,,,,,,,0,0,
91,1790097364896900096,9.1,0,0,0,0,,,,,0,,,,,0,,0,,,,,,,,,0,0,
92,1790097364996900096,9.2,0,0,0,0,,,,,0,,,,,0,,0,,,,,,,,,0,0,
93,1790097365096900096,9.3,0,0,0,0,,,,,0,,,,,0,,0,,,,,,,,,0,0,
94,1790097365196900096,9.4,0,0,0,0,,,,,0,,,,,0,,0,,,,,,,,,0,0,
95,1790097365296900096,9.5,0,0,0,0,,,,,0,,,,,0,,0,,,,,,,,,0,0,
96,1790097365396900096,9.6,0,0,0,0,,,,,0,,,,,0,,0,,,,,,,,,0,0,
97,1790097365496900096,9.7,0,0,0,0,,,,,0,,,,,0,,0,,,,,,,,,0,0,
98,1790097365596900096,9.8,0,0,0,0,,,,,0,,,,,0,,0,,,,,,,,,0,0,
99,1790097365696900096,9.9,0,0,0,0,,,,,0,,,,,0,,0,,,,,,,,,0,0,
100,1790097365796900096,10.0,0,0,0,0,,,,,0,,,,,0,,0,,,,,,,,,0,0,
101,1790097365896900096,10.1,0,0,0,0,,,,,0,,,,,0,,0,,,,,,,,,0,0,
102,1790097365996900096,10.2,0,0,0,0,,,,,0,,,,,0,,0,,,,,,,,,0,0,
103,1790097366096900096,10.3,0,0,0,0,,,,,0,,,,,0,,0,,,,,,,,,0,0,
104,1790097366196900096,10.4,0,0,0,0,,,,,0,,,,,0,,0,,,,,,,,,0,0,
105,1790097366296900096,10.5,0,0,0,0,,,,,0,,,,,0,,0,,,,,,,,,0,0,
106,1790097366396900096,10.6,0,0,0,0,,,,,0,,,,,0,,0,,,,,,,,,0,0,
107,1790097366496900096,10.7,0,0,0,0,,,,,0,,,,,0,,0,,,,,,,,,0,0,
108,1790097366596900096,10.8,0,0,0,0,,,,,0,,,,,0,,0,,,,,,,,,0,0,
109,1790097366696900096,10.9,0,0,0,0,,,,,0,,,,,0,,0,,,,,,,,,0,0,
110,1790097366796900096,11.0,0,0,0,0,,,,,0,,,,,0,,0,,,,,,,,,0,0,
111,1790097366896900096,11.1,0,0,0,0,,,,,0,,,,,0,,0,,,,,,,,,0,0,
112,1790097366996900096,11.2,0,0,0,0,,,,,0,,,,,0,,0,,,,,,,,,0,0,
113,1790097367096900096,11.3,0,0,0,0,,,,,0,,,,,0,,0,,,,,,,,,0,0,
114,1790097367196900096,11.4,0,0,0,0,,,,,0,,,,,0,,0,,,,,,,,,0,0,
115,1790097367296900096,11.5,0,0,0,0,,,,,0,,,,,0,,0,,,,,,,,,0,0,
116,1790097367396900096,11.6,0,0,0,0,,,,,0,,,,,0,,0,,,,,,,,,0,0,
117,1790097367496900096,11.7,0,0,0,0,,,,,0,,,,,0,,0,,,,,,,,,0,0,
118,1790097367596900096,11.8,0,0,0,0,,,,,0,,,,,0,,0,,,,,,,,,0,0,
119,1790097367696900096,11.9,0,0,0,0,,,,,0,,,,,0,,0,,,,,,,,,0,0,
120,1790097367796900096,12.0,0,0,0,0,,,,,0,,,,,0,,0,,,,,,,,,0,0,
121,1790097367896900096,12.1,0,0,0,0,,,,,0,,,,,0,,0,,,,,,,,,0,0,
122,1790097367996900096,12.2,0,0,0,0,,,,,0,,,,,0,,0,,,,,,,,,0,0,
123,1790097368096900096,12.3,1,0,96,0,,,,,0,,,,,0,,0,,,,,,,,,0,0,
124,1790097368196900096,12.4,3,1,288,96,51.455,52.372,52.372,0.916,1,,,,,0,3.0,1,103.527,103.527,103.527,,,,,,0,0,
125,1790097368296900096,12.5,5,3,480,288,50.411,52.372,52.372,0.731,1,51.164,52.691,52.691,1.527,1,1.6667,3,102.944,102.625,103.527,,,,,,0,0,
126,1790097368396900096,12.6,7,5,672,480,50.399,50.539,52.372,1.033,1,49.975,52.691,52.691,0.872,1,1.4,5,102.908,102.625,103.527,,,,,,0,0,
127,1790097368496900096,12.7,9,7,864,672,50.399,52.292,52.372,1.055,1,49.975,50.441,52.691,1.135,1,1.2857,7,102.852,102.625,103.527,,,,,,0,0,
128,1790097368596900096,12.8,11,9,1056,864,50.167,52.292,52.372,0.89,1,50.108,52.51,52.691,1.162,1,1.2222,9,102.897,102.625,103.527,,,,,,0,0,
129,1790097368696900096,12.9,13,11,1248,1056,50.051,52.292,52.372,0.742,1,50.068,52.51,52.691,0.95,1,1.1818,11,102.897,102.625,103.527,,,,,,0,0,
130,1790097368796900096,13.0,15,13,1440,1248,50.052,52.292,52.372,0.637,1,50.068,52.51,52.691,0.816,1,1.1538,13,102.897,102.625,103.527,,,,,,0,0,
131,1790097368896900096,13.1,17,15,1664,1440,50.054,52.292,52.372,0.558,1,50.083,52.51,52.691,0.71,1,1.1556,15,102.908,102.625,103.527,,,,,,0,0,
132,1790097368996900096,13.2,19,17,1888,1632,50.056,50.539,52.372,0.496,1,50.053,52.51,52.691,0.624,1,1.1569,17,102.908,102.625,103.527,,,,,,0,0,
133,1790097369096900096,13.3,20,19,2016,1824,50.056,50.516,52.372,0.562,1,50.039,50.441,52.691,0.588,1,1.1053,19,102.897,102.254,103.527,,,,,,0,0,
134,1790097369196900096,13.4,20,20,2048,1920,50.052,50.516,52.949,0.581,1,50.051,50.639,52.691,0.683,1,1.0667,20,102.866,102.254,102.959,,,,,,0,0,
135,1790097369296900096,13.5,20,21,2080,2016,50.056,50.516,52.949,0.45,1,50.039,50.639,52.706,0.675,1,1.0317,21,102.852,102.075,102.959,,,,,,0,0,
136,1790097369396900096,13.6,20,21,2112,2016,50.052,50.065,52.949,0.35,1,50.053,50.639,52.706,0.697,1,1.0476,21,102.818,102.075,102.959,,,,,,0,0,
137,1790097369496900096,13.7,20,20,2144,1920,50.052,50.065,52.949,0.35,1,50.026,50.497,52.706,0.473,1,1.1167,20,102.823,102.075,102.959,,,,,,0,0,
138,1790097369596900096,13.8,20,21,2176,2016,50.052,50.065,52.949,0.35,1,50.039,50.497,52.706,0.465,1,1.0794,21,102.828,102.075,102.959,,,,,,0,0,
139,1790097369696900096,13.9,20,21,2208,2016,50.052,50.065,52.949,0.357,1,50.039,50.497,52.706,0.466,1,1.0952,21,102.818,102.075,102.928,,,,,,0,0,
140,1790097369796900096,14.0,20,21,2240,2016,50.052,50.065,52.949,0.357,1,50.039,50.497,52.706,0.475,1,1.1111,21,102.818,102.075,102.928,,,,,,0,0,
141,1790097369896900096,14.1,20,21,2240,2016,50.052,50.065,52.949,0.356,1,50.014,50.497,52.706,0.479,1,1.1111,21,102.828,102.075,102.933,,,,,,0,0,
142,1790097369996900096,14.2,20,21,2240,2016,50.052,50.468,52.949,0.418,1,50.028,50.497,52.706,0.483,1,1.1111,21,102.828,102.075,102.953,,,,,,0,0,
143,1790097370096900096,14.3,20,21,2240,2016,50.051,50.054,51.254,0.336,1,50.086,50.639,52.706,0.504,1,1.1111,21,102.828,102.075,102.953,,,,,,0,0,
144,1790097370196900096,14.4,21,20,2352,1920,50.052,50.468,52.653,0.449,1,50.002,50.471,50.996,0.412,1,1.225,20,102.863,102.075,102.953,,,,,,0,0,
145,1790097370296900096,14.5,21,21,2352,2016,50.052,50.054,52.653,0.415,1,50.086,50.497,52.397,0.497,1,1.1667,21,102.868,102.075,102.953,,,,,,0,0,
146,1790097370396900096,14.6,20,21,2240,2016,50.052,50.054,52.653,0.395,1,50.028,50.291,52.397,0.457,1,1.1111,21,102.868,102.61,102.953,,,,,,0,0,
147,1790097370496900096,14.7,20,21,2240,2016,50.052,50.054,52.653,0.395,1,50.058,50.291,52.397,0.431,1,1.1111,21,102.868,102.61,102.953,,,,,,0,0,
148,1790097370596900096,14.8,20,21,2240,2016,50.052,51.115,52.653,0.451,1,50.028,50.291,52.397,0.467,1,1.1111,21,102.858,101.69,102.953,,,,,,0,0,
149,1790097370696900096,14.9,20,21,2240,2016,50.052,51.254,53.732,0.811,1,50.058,50.996,52.397,0.562,1,1.1111,21,102.833,101.69,102.953,,,,,,0,0,
150,1790097370796900096,15.0,20,21,2240,2016,50.052,51.254,53.732,0.84,1,50.058,52.061,53.754,0.885,1,1.1111,21,102.833,101.69,102.953,,,,,,0,0,
151,1790097370896900096,15.1,21,21,2352,2016,50.052,51.254,53.732,0.948,1,50.058,52.061,53.754,0.906,1,1.1667,21,102.836,101.69,102.98,,,,,,0,0,
152,1790097370996900096,15.2,21,21,2352,2016,50.052,51.115,53.732,0.918,1,49.986,52.061,53.754,1.059,1,1.1667,21,102.822,101.69,102.98,,,,,,0,0,
153,1790097371096900096,15.3,21,21,2352,2016,50.052,50.218,53.732,3.114,1,49.978,52.061,53.754,1.018,1,1.1667,21,102.822,101.69,102.98,,,,,,0,0,
154,1790097371196900096,15.4,22,21,2464,2016,50.052,51.115,53.732,3.262,1,50.107,52.061,53.754,0.871,1,1.2222,21,102.829,101.69,147.146,,,,,,0,0,
155,1790097371296900096,15.5,22,21,2464,2016,50.052,51.957,53.732,3.385,1,50.033,52.061,53.754,1.051,1,1.2222,21,102.833,101.69,155.834,,,,,,0,0,
156,1790097371396900096,15.6,22,21,2464,2016,50.052,51.957,53.732,3.385,1,50.151,52.061,53.754,1.151,1,1.2222,21,102.836,101.69,155.834,,,,,,0,0,
157,1790097371496900096,15.7,22,21,2464,2016,50.052,51.957,53.732,3.485,1,50.152,52.061,53.754,1.166,1,1.2222,21,102.839,101.69,155.834,,,,,,0,0,
158,1790097371596900096,15.8,22,21,2464,2016,50.051,52.253,53.732,3.559,1,50.173,52.061,53.754,1.215,1,1.2222,21,102.896,101.69,155.834,,,,,,0,0,
159,1790097371696900096,15.9,22,21,2464,2016,50.051,51.957,53.304,3.226,1,50.172,51.765,53.754,1.209,1,1.2222,21,147.146,102.542,155.834,,,,,,0,0,
160,1790097371796900096,16.0,23,21,2576,2016,50.051,51.957,53.304,4.626,1,50.151,51.511,52.916,0.869,1,1.2778,21,150.87,102.542,155.834,,,,,,0,0,
161,1790097371896900096,16.1,22,21,2464,2016,50.051,51.957,53.304,5.42,1,50.151,51.511,52.916,0.842,1,1.2222,21,152.451,102.542,155.834,,,,,,0,0,
162,1790097371996900096,16.2,22,21,2464,2016,50.051,51.957,53.304,5.408,1,50.151,51.511,52.916,0.696,1,1.2222,21,152.84,102.542,187.184,,,,,,0,0,
163,1790097372096900096,16.3,21,21,2352,2016,50.051,50.737,52.253,3.157,1,50.151,51.511,52.916,0.723,1,1.1667,21,152.893,102.829,202.854,,,,,,0,0,
164,1790097372196900096,16.4,21,21,2352,2016,50.051,51.957,52.993,3.121,1,50.101,51.511,52.916,0.863,1,1.1667,21,152.924,147.146,202.872,,,,,,0,0,
165,1790097372296900096,16.5,22,21,2464,2016,50.051,50.053,52.993,2.888,1,50.142,51.511,52.619,0.688,1,1.2222,21,152.942,149.296,205.816,,,,,,0,0,
166,1790097372396900096,16.6,22,21,2464,2016,50.051,50.053,52.993,2.888,1,50.101,50.544,52.619,0.595,1,1.2222,21,153.864,150.87,205.816,,,,,,0,0,
167,1790097372496900096,16.7,22,21,2464,2016,50.051,50.053,52.993,2.788,1,50.011,50.523,52.619,0.556,1,1.2222,21,187.184,150.87,205.816,,,,,,0,0,
168,1790097372596900096,16.8,23,21,2576,2016,50.051,50.053,52.993,4.818,1,50.027,50.523,52.619,0.452,1,1.2778,21,202.384,150.87,205.816,,,,,,0,0,
169,1790097372696900096,16.9,23,21,2576,2016,50.051,50.053,52.993,4.818,1,50.027,50.372,52.619,0.4,1,1.2778,21,202.755,152.414,205.816,,,,,,0,0,
170,1790097372796900096,17.0,23,21,2576,2016,50.051,50.053,52.993,4.818,1,50.051,50.372,52.619,0.401,1,1.2778,21,202.854,152.84,237.237,,,,,,0,0,
171,1790097372896900096,17.1,22,21,2464,2016,50.051,50.053,52.993,2.724,1,50.047,50.372,52.619,0.398,1,1.2222,21,202.898,152.871,253.087,,,,,,0,0,
172,1790097372996900096,17.2,22,21,2464,2016,50.05,50.053,52.993,2.734,1,50.065,50.523,52.619,0.437,1,1.2222,21,202.929,187.184,253.692,,,,,,0,0,
173,1790097373096900096,17.3,22,21,2464,2016,50.05,50.053,52.993,2.742,1,50.047,50.372,52.619,0.415,1,1.2222,21,202.98,200.187,253.692,,,,,,0,0,
174,1790097373196900096,17.4,22,21,2464,2016,50.05,50.052,53.477,2.765,1,50.018,50.372,52.619,0.427,1,1.2222,21,203.021,200.187,253.692,,,,,,0,0,
175,1790097373296900096,17.5,22,21,2464,2016,50.05,50.083,53.477,2.919,1,50.018,50.429,53.146,0.46,1,1.2222,21,237.237,202.59,253.692,,,,,,0,0,
176,1790097373396900096,17.6,22,21,2464,2016,50.05,50.764,53.477,3.067,1,50.002,50.429,53.146,0.622,1,1.2222,21,249.826,202.59,253.692,,,,,,0,0,
177,1790097373496900096,17.7,22,21,2464,2016,50.05,50.764,53.477,3.067,1,50.015,50.722,53.146,0.809,1,1.2222,21,252.499,202.59,255.149,-0.079,-0.429,121.045,-0.079,-0.079,1,0,
178,1790097373596900096,17.8,21,21,2352,2016,50.05,50.764,53.477,0.728,1,50.029,50.804,53.146,0.85,1,1.1667,21,252.908,202.59,255.87,-0.079,-0.347,121.454,-0.079,-0.079,1,0,
179,1790097373696900096,17.9,21,21,2352,2016,50.05,50.764,53.477,0.728,1,50.029,50.804,53.146,0.876,1,1.1667,21,252.908,202.91,255.87,-0.079,-0.347,121.454,-0.079,-0.079,1,0,
180,1790097373796900096,18.0,21,21,2352,2016,50.05,50.764,53.477,0.738,1,50.029,51.017,53.146,0.92,1,1.1667,21,252.938,237.237,255.87,-0.079,-0.134,121.484,-0.079,-0.079,1,0,
181,1790097373896900096,18.1,21,21,2352,2016,50.051,50.083,53.477,0.675,1,50.034,51.017,53.146,0.924,1,1.1667,21,252.908,249.458,255.87,-0.76,-0.134,121.454,-0.134,-0.134,1,0,
182,1790097373996900096,18.2,21,21,2352,2016,50.051,50.083,53.477,0.665,1,50.034,51.017,53.146,0.878,1,1.1667,21,252.908,249.458,255.87,-0.76,-0.134,121.454,-0.134,-0.134,1,0,
183,1790097374096900096,18.3,21,21,2352,2016,50.051,50.083,53.477,0.654,1,50.056,51.017,53.146,0.877,1,1.1667,21,252.816,249.458,255.87,-0.76,-0.134,121.362,-0.134,-0.134,1,0,
184,1790097374196900096,18.4,21,21,2352,2016,50.051,50.083,53.151,0.599,1,50.073,51.017,53.146,0.868,1,1.1667,21,252.908,249.458,255.87,-0.76,-0.134,121.454,-0.134,-0.134,1,0,
185,1790097374296900096,18.5,21,21,2352,2016,50.052,51.058,53.151,0.481,1,50.073,51.017,53.093,0.808,1,1.1667,21,252.816,249.458,255.87,0.215,-0.134,121.362,0.215,0.215,1,0,
186,1790097374396900096,18.6,21,21,2352,2016,50.052,50.06,52.374,0.326,1,50.135,51.017,53.093,0.672,1,1.1667,21,252.816,249.458,256.136,-0.783,-0.134,121.362,-0.134,-0.134,1,0,
187,1790097374496900096,18.7,21,21,2352,2016,50.052,51.058,52.918,0.483,1,50.104,50.948,52.068,0.486,1,1.1667,21,252.934,250.224,256.136,0.215,-0.203,121.48,0.215,0.215,1,0,
188,1790097374596900096,18.8,21,21,2352,2016,50.052,51.058,52.918,0.573,1,50.099,51.017,53.059,0.618,1,1.1667,21,252.908,250.224,256.136,0.215,-0.134,121.454,0.215,0.215,1,0,
189,1790097374696900096,18.9,21,21,2352,2016,50.052,51.058,52.918,0.607,1,50.103,51.017,53.059,0.663,1,1.1667,21,252.938,250.224,256.136,0.215,-0.134,121.484,0.215,0.215,1,0,
190,1790097374796900096,19.0,21,21,2352,2016,50.052,51.058,52.918,0.612,1,50.085,50.948,53.059,0.69,1,1.1667,21,252.938,250.224,256.136,0.215,-0.203,121.484,0.215,0.215,1,0,
191,1790097374896900096,19.1,21,21,2352,2016,50.052,51.058,52.918,0.611,1,50.103,50.948,53.059,0.715,1,1.1667,21,252.934,250.224,256.136,0.215,-0.203,121.48,0.215,0.215,1,0,
192,1790097374996900096,19.2,21,21,2352,2016,50.051,51.058,52.918,0.611,1,50.103,50.948,53.059,0.71,1,1.1667,21,252.812,250.224,256.136,0.215,-0.203,121.357,0.215,0.215,1,0,
193,1790097375096900096,19.3,21,21,2352,2016,50.051,51.058,52.918,0.631,1,50.104,50.948,53.059,0.695,1,1.1667,21,252.812,250.224,256.136,0.215,-0.203,121.357,0.215,0.215,1,0,
194,1790097375196900096,19.4,21,21,2352,2016,50.051,51.058,52.918,0.657,1,50.1,50.948,53.059,0.721,1,1.1667,21,252.751,249.837,256.136,0.215,-0.203,121.297,0.215,0.215,1,0,
195,1790097375296900096,19.5,21,21,2352,2016,50.051,50.581,52.918,0.633,1,50.1,50.948,53.059,0.741,1,1.1667,21,252.751,249.837,256.136,-0.262,-0.203,121.297,-0.203,-0.203,1,0,
196,1790097375396900096,19.6,21,21,2352,2016,50.05,50.581,52.918,0.633,1,50.1,50.597,53.059,0.723,1,1.1667,21,252.772,249.837,255.783,-0.262,-0.554,121.318,-0.262,-0.262,1,0,
197,1790097375496900096,19.7,21,21,2352,2016,50.05,50.055,52.89,0.486,1,50.086,50.597,53.059,0.724,1,1.1667,21,252.772,249.837,255.783,-0.787,-0.554,121.318,-0.554,-0.554,1,0,
198,1790097375596900096,19.8,21,21,2352,2016,50.05,50.055,52.89,0.386,1,50.086,50.579,52.601,0.601,1,1.1667,21,252.751,249.837,255.783,-0.787,-0.572,121.297,-0.572,-0.572,1,0,
199,1790097375696900096,19.9,21,21,2352,2016,50.05,50.055,52.89,0.352,1,50.086,50.597,52.601,0.533,1,1.1667,21,252.73,249.837,255.783,-0.787,-0.554,121.276,-0.554,-0.554,1,0,
200,1790097375796900096,20.0,21,21,2352,2016,50.05,50.055,52.89,0.338,1,50.105,50.597,52.601,0.465,1,1.1667,21,252.751,249.837,255.783,-0.787,-0.554,121.297,-0.554,-0.554,1,0,
201,1790097375896900096,20.1,21,21,2352,2016,50.05,50.055,52.89,0.338,1,50.086,50.597,52.601,0.433,1,1.1667,21,252.844,249.837,255.783,-0.787,-0.554,121.389,-0.554,-0.554,1,0,
202,1790097375996900096,20.2,21,21,2352,2016,50.05,50.055,52.89,0.338,1,50.068,50.597,52.601,0.432,1,1.1667,21,253.04,249.837,255.783,-0.787,-0.554,121.586,-0.554,-0.554,1,0,
203,1790097376096900096,20.3,21,21,2352,2016,50.05,50.055,52.89,0.34,1,50.068,50.597,52.601,0.435,1,1.1667,21,253.034,249.837,255.783,-0.787,-0.554,121.58,-0.554,-0.554,1,0,
204,1790097376196900096,20.4,21,21,2352,2016,50.05,50.055,53.989,0.467,1,50.068,50.597,52.601,0.433,1,1.1667,21,252.993,249.818,255.783,-0.787,-0.554,121.538,-0.554,-0.554,1,0,
205,1790097376296900096,20.5,21,21,2352,2016,50.05,50.055,53.989,0.441,1,50.062,50.597,53.609,0.536,1,1.1667,21,253.034,249.818,255.783,-0.787,-0.554,121.58,-0.554,-0.554,1,0,
206,1790097376396900096,20.6,21,21,2352,2016,50.049,50.053,53.989,0.441,1,50.055,50.119,53.609,0.507,1,1.1667,21,253.034,249.818,255.415,-0.79,-1.032,121.58,-0.79,-0.79,1,0,
207,1790097376496900096,20.7,21,21,2352,2016,50.049,50.055,53.989,0.517,1,50.05,50.119,53.609,0.509,1,1.1667,21,252.993,249.818,255.415,-0.787,-1.032,121.538,-0.787,-0.787,1,0,
208,1790097376596900096,20.8,21,21,2352,2016,50.05,50.135,53.989,0.677,1,50.05,50.278,53.609,0.557,1,1.1667,21,252.982,249.818,255.415,-0.708,-0.873,121.527,-0.708,-0.708,1,0,
209,1790097376696900096,20.9,21,21,2352,2016,50.05,50.135,53.989,0.685,1,50.05,50.278,53.609,0.672,1,1.1667,21,253.034,249.818,256.096,-0.708,-0.873,121.58,-0.708,-0.708,1,0,
210,1790097376796900096,21.0,21,21,2352,2016,50.049,50.135,53.989,0.695,1,50.036,50.278,53.609,0.718,1,1.1667,21,253.046,249.818,256.096,-0.708,-0.873,121.592,-0.708,-0.708,1,0,
211,1790097376896900096,21.1,21,21,2352,2016,50.049,50.135,53.989,0.71,1,50.005,51.136,53.609,0.777,1,1.1667,21,252.982,249.818,256.096,-0.708,-0.015,121.527,-0.015,-0.015,1,0,
212,1790097376996900096,21.2,21,21,2352,2016,50.049,50.321,53.989,0.723,1,49.977,51.136,53.609,0.782,1,1.1667,21,252.933,249.818,256.096,-0.521,-0.015,121.479,-0.015,-0.015,1,0,
213,1790097377096900096,21.3,21,21,2352,2016,50.049,50.321,53.989,0.713,1,50.015,51.136,53.609,0.792,1,1.1667,21,252.933,249.818,256.096,-0.521,-0.015,121.479,-0.015,-0.015,1,0,
214,1790097377196900096,21.4,21,21,2352,2016,50.049,50.321,53.257,0.585,1,50.015,51.136,53.609,0.779,1,1.1667,21,252.828,249.818,256.096,-0.521,-0.015,121.374,-0.015,-0.015,1,0,
215,1790097377296900096,21.5,21,21,2352,2016,50.049,50.321,53.257,0.585,1,50.049,51.136,53.066,0.676,1,1.1667,21,252.727,250.086,256.096,-0.521,-0.015,121.272,-0.015,-0.015,1,0,
216,1790097377396900096,21.6,21,21,2352,2016,50.05,50.321,53.257,0.585,1,50.072,51.136,53.066,0.685,1,1.1667,21,252.828,250.086,256.096,-0.521,-0.015,121.374,-0.015,-0.015,1,0,
217,1790097377496900096,21.7,21,21,2352,2016,50.05,50.321,53.257,0.505,1,50.023,51.136,53.066,0.685,1,1.1667,21,252.949,250.086,256.096,-0.521,-0.015,121.495,-0.015,-0.015,1,0,
218,1790097377596900096,21.8,21,21,2352,2016,50.049,50.118,52.817,0.345,1,50.023,51.136,53.066,0.627,1,1.1667,21,252.949,250.086,256.096,-0.725,-0.015,121.495,-0.015,-0.015,1,0,
219,1790097377696900096,21.9,21,21,2352,2016,50.05,50.118,52.817,0.338,1,49.99,50.681,52.481,0.548,1,1.1667,21,252.862,250.086,256.096,-0.725,-0.47,121.408,-0.47,-0.47,1,0,
220,1790097377796900096,22.0,21,21,2352,2016,50.05,50.321,52.817,0.538,1,50.06,50.976,52.481,0.548,1,1.1667,21,252.862,250.086,255.747,-0.521,-0.175,121.408,-0.175,-0.175,1,0,
221,1790097377896900096,22.1,21,21,2352,2016,50.05,50.321,52.817,0.668,1,50.06,50.976,52.481,0.688,1,1.1667,21,252.93,250.086,255.747,-0.521,-0.175,121.476,-0.175,-0.175,1,0,
222,1790097377996900096,22.2,21,21,2352,2016,50.05,51.916,52.817,0.789,1,50.038,50.976,52.481,0.81,1,1.1667,21,252.93,250.086,255.747,1.073,-0.175,121.476,1.073,1.073,1,0,
223,1790097378096900096,22.3,21,21,2352,2016,50.05,51.916,52.817,0.751,1,50.038,51.952,52.481,0.938,1,1.1667,21,252.93,250.086,255.747,1.073,0.801,121.476,1.073,1.073,1,0,
224,1790097378196900096,22.4,21,21,2352,2016,50.05,51.916,52.683,0.741,1,50.038,51.952,52.481,0.896,1,1.1667,21,252.862,250.086,255.747,1.073,0.801,121.408,1.073,1.073,1,0,
225,1790097378296900096,22.5,21,21,2352,2016,50.05,51.916,52.683,0.741,1,50.025,51.952,52.25,0.874,1,1.1667,21,252.956,250.481,255.747,1.073,0.801,121.502,1.073,1.073,1,0,
226,1790097378396900096,22.6,21,21,2352,2016,50.051,51.916,52.683,0.745,1,50.001,51.952,52.25,0.869,1,1.1667,21,252.956,250.481,255.674,1.073,0.801,121.502,1.073,1.073,1,0,
227,1790097378496900096,22.7,21,21,2352,2016,50.052,51.916,52.683,0.753,1,50.006,51.952,52.25,0.898,1,1.1667,21,252.93,250.481,255.674,1.073,0.801,121.476,1.073,1.073,1,0,
228,1790097378596900096,22.8,21,21,2352,2016,50.054,51.916,52.683,0.752,1,50.006,51.952,52.25,0.875,1,1.1667,21,252.929,250.481,255.674,1.073,0.801,121.475,1.073,1.073,1,0,
229,1790097378696900096,22.9,21,21,2352,2016,50.052,51.916,52.683,0.771,1,50.03,51.952,52.25,0.818,1,1.1667,21,252.912,250.481,255.674,1.073,0.801,121.458,1.073,1.073,1,0,
230,1790097378796900096,23.0,21,21,2352,2016,50.052,50.87,52.683,0.561,1,50.006,51.952,52.25,0.8,1,1.1667,21,252.65,250.481,255.674,0.027,0.801,121.196,0.801,0.801,1,0,
231,1790097378896900096,23.1,21,21,2352,2016,50.053,50.87,52.683,0.595,1,50.03,50.901,52.25,0.61,1,1.1667,21,252.65,250.481,255.674,0.027,-0.25,121.196,0.027,0.027,1,0,
232,1790097378996900096,23.2,21,21,2352,2016,50.052,50.681,52.683,0.595,1,50.06,50.901,52.25,0.661,1,1.1667,21,252.634,250.046,255.674,-0.162,-0.25,121.18,-0.162,-0.162,1,0,
233,1790097379096900096,23.3,21,21,2352,2016,50.051,50.681,52.683,0.587,1,50.03,50.716,52.713,0.664,1,1.1667,21,252.912,250.046,256.174,-0.162,-0.435,121.458,-0.162,-0.162,1,0,
234,1790097379196900096,23.4,21,21,2352,2016,50.051,50.681,52.682,0.56,1,50.03,50.716,52.713,0.661,1,1.1667,21,252.65,250.046,256.174,-0.162,-0.435,121.196,-0.162,-0.162,1,0,
235,1790097379296900096,23.5,21,21,2352,2016,50.051,50.681,52.682,0.56,1,50.041,50.716,52.713,0.654,1,1.1667,21,252.861,250.046,256.174,-0.162,-0.435,121.407,-0.162,-0.162,1,0,
236,1790097379396900096,23.6,21,21,2352,2016,50.05,50.681,52.682,0.572,1,50.08,50.716,52.713,0.646,1,1.1667,21,252.763,250.046,256.174,-0.162,-0.435,121.309,-0.162,-0.162,1,0,
237,1790097379496900096,23.7,21,21,2352,2016,50.05,50.681,52.682,0.558,1,50.08,50.716,52.713,0.665,1,1.1667,21,252.763,250.046,256.174,-0.162,-0.435,121.309,-0.162,-0.162,1,0,
238,1790097379596900096,23.8,21,21,2352,2016,50.05,50.681,52.682,0.558,1,50.109,50.716,52.713,0.657,1,1.1667,21,252.634,250.046,256.174,-0.162,-0.435,121.18,-0.162,-0.162,1,0,
239,1790097379696900096,23.9,21,21,2352,2016,50.051,50.681,52.682,0.678,1,50.109,50.716,52.713,0.668,1,1.1667,21,252.646,250.046,256.174,-0.162,-0.435,121.192,-0.162,-0.162,1,0,
240,1790097379796900096,24.0,21,21,2352,2016,50.05,52.163,53.387,0.85,1,50.109,50.722,52.713,0.824,1,1.1667,21,252.646,249.539,256.174,1.32,-0.429,121.192,1.32,1.32,1,0,
241,1790097379896900096,24.1,21,21,2352,2016,50.05,52.163,53.387,0.74,1,50.083,52.018,52.757,0.958,1,1.1667,21,252.861,249.539,256.174,1.32,0.867,121.407,1.32,1.32,1,0,
242,1790097379996900096,24.2,21,21,2352,2016,50.05,51.326,53.387,0.67,1,50.083,52.018,52.757,0.899,1,1.1667,21,252.861,249.539,256.174,0.483,0.867,121.407,0.867,0.867,1,0,
243,1790097380096900096,24.3,21,21,2352,2016,50.05,51.326,53.387,0.643,1,50.083,51.515,52.757,0.832,1,1.1667,21,252.874,249.539,256.174,0.483,0.364,121.42,0.483,0.483,1,0,
244,1790097380196900096,24.4,21,21,2352,2016,50.05,51.326,53.387,0.606,1,50.083,51.515,52.757,0.806,1,1.1667,21,252.861,249.539,256.151,0.483,0.364,121.407,0.483,0.483,1,0,
245,1790097380296900096,24.5,21,21,2352,2016,50.049,51.326,53.387,0.758,1,50.083,51.087,52.757,0.772,1,1.1667,21,252.874,249.539,256.151,0.483,-0.064,121.42,0.483,0.483,1,0,
246,1790097380396900096,24.6,21,21,2352,2016,50.05,51.425,53.387,0.906,1,50.047,51.087,52.757,0.931,1,1.1667,21,252.763,249.539,256.151,0.582,-0.064,121.309,0.582,0.582,1,0,
247,1790097380496900096,24.7,21,21,2352,2016,50.05,51.425,53.387,0.906,1,50.047,51.515,53.009,1.03,1,1.1667,21,252.646,249.539,256.151,0.582,0.364,121.192,0.582,0.582,1,0,
248,1790097380596900096,24.8,21,21,2352,2016,50.049,51.425,53.387,1.064,1,50.023,51.515,53.009,1.021,1,1.1667,21,252.874,249.539,256.151,0.582,0.364,121.42,0.582,0.582,1,0,
249,1790097380696900096,24.9,21,21,2352,2016,50.05,52.998,53.387,1.08,1,50.023,51.515,53.009,1.147,1,1.1667,21,252.874,249.539,256.151,2.156,0.364,121.42,2.156,2.156,1,0,
250,1790097380796900096,25.0,21,21,2352,2016,50.05,51.425,53.121,0.924,1,50.023,52.757,53.219,1.124,1,1.1667,21,252.903,249.606,256.151,0.582,1.606,121.449,1.606,1.606,1,0,
251,1790097380896900096,25.1,21,21,2352,2016,50.051,51.425,53.121,0.894,1,50.013,51.515,53.219,1.004,1,1.1667,21,252.907,249.606,256.151,0.582,0.364,121.453,0.582,0.582,1,0,
252,1790097380996900096,25.2,21,21,2352,2016,50.05,51.425,53.121,0.83,1,50.023,51.515,53.219,0.925,1,1.1667,21,252.907,249.606,255.985,0.582,0.364,121.453,0.582,0.582,1,0,
253,1790097381096900096,25.3,21,21,2352,2016,50.05,51.425,53.121,0.774,1,50.02,51.087,53.219,0.867,1,1.1667,21,252.927,249.606,255.985,0.582,-0.064,121.473,0.582,0.582,1,0,
254,1790097381196900096,25.4,21,21,2352,2016,50.05,50.772,53.121,0.712,1,50.036,51.087,53.219,0.823,1,1.1667,21,252.927,249.606,255.985,-0.07,-0.064,121.473,-0.064,-0.064,1,0,
255,1790097381296900096,25.5,21,21,2352,2016,50.051,50.772,53.121,0.56,1,50.02,50.881,53.219,0.765,1,1.1667,21,252.927,249.606,255.985,-0.07,-0.27,121.473,-0.07,-0.07,1,0,
256,1790097381396900096,25.6,21,21,2352,2016,50.051,50.181,53.121,0.395,1,50.045,50.881,53.219,0.611,1,1.1667,21,252.938,249.606,255.985,-0.662,-0.27,121.484,-0.27,-0.27,1,0,
257,1790097381496900096,25.7,21,21,2352,2016,50.051,50.181,53.121,0.41,1,50.045,50.315,53.219,0.468,1,1.1667,21,252.961,249.733,255.985,-0.662,-0.836,121.507,-0.662,-0.662,1,0,
258,1790097381596900096,25.8,21,21,2352,2016,50.051,50.181,53.121,0.252,1,50.045,50.315,53.219,0.482,1,1.1667,21,252.946,249.733,255.985,-0.662,-0.836,121.492,-0.662,-0.662,1,0,
259,1790097381696900096,25.9,21,21,2352,2016,50.051,50.052,50.772,0.097,1,50.053,50.315,53.219,0.341,1,1.1667,21,252.903,249.733,255.701,-0.791,-0.836,121.449,-0.791,-0.791,1,0,
260,1790097381796900096,26.0,21,21,2352,2016,50.051,50.052,50.772,0.08,1,50.007,50.183,50.881,0.21,1,1.1667,21,252.903,252.102,255.701,-0.791,-0.968,121.449,-0.791,-0.791,1,0,
261,1790097381896900096,26.1,21,21,2352,2016,50.051,50.051,50.181,0.041,1,50.066,50.315,50.881,0.225,1,1.1667,21,252.797,252.102,255.571,-0.792,-0.836,121.343,-0.792,-0.792,1,0,
262,1790097381996900096,26.2,21,21,2352,2016,50.051,50.055,50.181,0.041,1,50.058,50.232,50.655,0.185,1,1.1667,21,252.797,252.102,253.681,-0.788,-0.919,121.343,-0.788,-0.788,1,0,
263,1790097382096900096,26.3,21,21,2352,2016,50.051,50.055,50.181,0.127,1,50.079,50.232,50.655,0.173,1,1.1667,21,252.797,252.102,253.083,-0.787,-0.919,121.343,-0.787,-0.787,1,0,
264,1790097382196900096,26.4,21,21,2352,2016,50.051,50.055,52.73,0.27,1,50.071,50.192,50.655,0.26,1,1.1667,21,252.739,250.759,253.083,-0.787,-0.959,121.284,-0.787,-0.787,1,0,
265,1790097382296900096,26.5,21,21,2352,2016,50.051,50.055,52.73,0.27,1,50.071,50.232,52.632,0.379,1,1.1667,21,252.888,250.759,255.335,-0.787,-0.919,121.433,-0.787,-0.787,1,0,
266,1790097382396900096,26.6,21,21,2352,2016,50.051,50.093,52.73,0.303,1,50.058,50.232,52.632,0.377,1,1.1667,21,252.888,250.759,255.335,-0.75,-0.919,121.433,-0.75,-0.75,1,0,
267,1790097382496900096,26.7,21,21,2352,2016,50.05,50.093,52.73,0.293,1,50.063,50.495,52.632,0.391,1,1.1667,21,252.888,250.759,255.335,-0.75,-0.656,121.433,-0.656,-0.656,1,0,
268,1790097382596900096,26.8,21,21,2352,2016,50.051,50.093,52.73,0.293,1,50.063,50.495,52.632,0.378,1,1.1667,21,252.889,250.759,255.335,-0.75,-0.656,121.435,-0.656,-0.656,1,0,
269,1790097382696900096,26.9,21,21,2352,2016,50.051,50.093,52.73,0.303,1,50.077,50.495,52.632,0.368,1,1.1667,21,252.905,250.759,255.335,-0.75,-0.656,121.45,-0.656,-0.656,1,0,
270,1790097382796900096,27.0,21,21,2352,2016,50.051,50.093,52.73,0.309,1,50.077,50.495,52.632,0.351,1,1.1667,21,252.946,250.759,255.335,-0.75,-0.656,121.492,-0.656,-0.656,1,0,
271,1790097382896900096,27.1,21,21,2352,2016,50.051,50.096,52.73,0.318,1,50.063,50.192,52.632,0.346,1,1.1667,21,252.946,250.759,255.335,-0.747,-0.959,121.492,-0.747,-0.747,1,0,
272,1790097382996900096,27.2,21,21,2352,2016,50.05,50.096,52.73,0.318,1,50.073,50.495,52.632,0.453,1,1.1667,21,252.946,250.759,255.335,-0.747,-0.656,121.492,-0.656,-0.656,1,0,
273,1790097383096900096,27.3,21,21,2352,2016,50.051,50.096,52.73,0.214,1,50.048,50.495,52.632,0.469,1,1.1667,21,252.868,250.759,255.335,-0.747,-0.656,121.414,-0.656,-0.656,1,0,
274,1790097383196900096,27.4,21,21,2352,2016,50.051,50.056,50.716,0.064,1,50.1,50.495,52.632,0.368,1,1.1667,21,252.934,250.759,255.335,-0.786,-0.656,121.48,-0.656,-0.656,1,0,
275,1790097383296900096,27.5,21,21,2352,2016,50.051,50.056,50.716,0.085,1,50.1,50.379,51.153,0.264,1,1.1667,21,252.868,251.424,255.335,-0.786,-0.772,121.414,-0.772,-0.772,1,0,
276,1790097383396900096,27.6,21,21,2352,2016,50.051,50.054,50.096,0.052,1,50.102,50.379,51.153,0.278,1,1.1667,21,252.863,251.424,253.497,-0.788,-0.772,121.409,-0.772,-0.772,1,0,
277,1790097383496900096,27.7,21,21,2352,2016,50.051,50.054,50.096,0.047,1,50.076,50.242,51.153,0.269,1,1.1667,21,252.822,251.424,253.497,-0.788,-0.909,121.368,-0.788,-0.788,1,0,
278,1790097383596900096,27.8,21,21,2352,2016,50.051,50.054,50.096,0.047,1,50.102,50.242,51.153,0.266,1,1.1667,21,252.822,251.424,253.485,-0.788,-0.909,121.368,-0.788,-0.788,1,0,
279,1790097383696900096,27.9,21,21,2352,2016,50.051,50.056,51.05,0.086,1,50.075,50.242,51.153,0.265,1,1.1667,21,252.822,251.424,253.042,-0.786,-0.909,121.368,-0.786,-0.786,1,0,
280,1790097383796900096,28.0,21,21,2352,2016,50.051,50.054,51.05,0.106,1,50.098,50.379,51.153,0.286,1,1.1667,21,252.822,251.424,253.873,-0.788,-0.772,121.368,-0.772,-0.772,1,0,
281,1790097383896900096,28.1,21,21,2352,2016,50.051,50.052,51.05,0.098,1,50.075,50.379,51.153,0.318,1,1.1667,21,252.863,251.424,253.873,-0.79,-0.772,121.409,-0.772,-0.772,1,0,
282,1790097383996900096,28.2,21,21,2352,2016,50.051,50.054,51.05,0.099,1,50.088,50.379,50.898,0.235,1,1.1667,21,252.863,252.188,253.873,-0.788,-0.772,121.409,-0.772,-0.772,1,0,
283,1790097384096900096,28.3,21,20,2352,1920,50.051,50.054,51.05,0.1,1,50.092,50.379,50.898,0.234,1,1.225,20,252.917,252.188,253.873,-0.788,-0.772,121.463,-0.772,-0.772,1,0,
284,1790097384196900096,28.4,21,21,2352,2016,50.05,50.058,51.05,0.264,1,50.088,50.577,65.558,1.814,1,1.1667,21,252.913,252.188,268.489,-0.785,-0.574,121.459,-0.574,-0.574,1,0,
285,1790097384296900096,28.5,21,21,2352,2016,50.051,50.184,53.293,0.434,1,50.088,50.577,65.558,1.952,1,1.1667,21,252.863,249.547,268.489,-0.659,-0.574,121.409,-0.574,-0.574,1,0,
286,1790097384396900096,28.6,21,21,2352,2016,50.051,50.184,53.293,0.434,1,50.088,50.898,65.558,2.164,1,1.1667,21,252.921,249.547,268.489,-0.659,-0.253,121.467,-0.253,-0.253,1,0,
287,1790097384496900096,28.7,21,21,2352,2016,50.05,50.184,53.293,0.573,1,50.115,50.898,65.558,2.17,1,1.1667,21,252.982,249.547,268.489,-0.659,-0.253,121.528,-0.253,-0.253,1,0,
288,1790097384596900096,28.8,21,21,2352,2016,50.05,51.05,53.293,0.726,1,50.088,50.898,65.558,2.313,1,1.1667,21,252.982,249.547,268.489,0.208,-0.253,121.528,0.208,0.208,1,0,
289,1790097384696900096,28.9,21,21,2352,2016,50.051,50.325,53.293,0.689,1,50.103,52.942,65.558,2.458,1,1.1667,21,252.935,249.547,268.489,-0.518,1.791,121.481,1.791,1.791,1,0,
290,1790097384796900096,29.0,21,21,2352,2016,50.051,50.325,53.293,0.665,1,50.118,52.942,65.558,2.425,1,1.1667,21,252.935,249.547,268.489,-0.518,1.791,121.481,1.791,1.791,1,0,
291,1790097384896900096,29.1,21,21,2352,2016,50.051,50.325,53.293,0.662,1,50.163,52.942,65.558,2.379,1,1.1667,21,252.796,249.547,268.489,-0.518,1.791,121.342,1.791,1.791,1,0,
292,1790097384996900096,29.2,21,21,2352,2016,50.05,50.325,53.293,0.677,1,50.15,52.942,65.558,2.364,1,1.1667,21,252.913,249.547,268.489,-0.518,1.791,121.459,1.791,1.791,1,0,
293,1790097385096900096,29.3,21,21,2352,2016,50.051,50.325,53.293,0.676,1,50.062,50.535,53.634,1.598,1,1.1667,21,252.864,249.547,268.489,-0.518,-0.616,121.41,-0.518,-0.518,1,0,
294,1790097385196900096,29.4,21,21,2352,2016,50.05,50.325,53.293,0.657,1,50.005,50.389,53.634,0.772,1,1.1667,21,252.796,249.547,256.178,-0.518,-0.762,121.342,-0.518,-0.518,1,0,
295,1790097385296900096,29.5,21,21,2352,2016,50.051,50.325,53.02,0.497,1,50.005,50.389,53.634,0.751,1,1.1667,21,252.786,249.618,256.178,-0.518,-0.762,121.332,-0.518,-0.518,1,0,
296,1790097385396900096,29.6,21,21,2352,2016,50.051,50.492,53.02,0.533,1,50.062,50.389,52.942,0.557,1,1.1667,21,252.786,249.919,256.178,-0.35,-0.762,121.332,-0.35,-0.35,1,0,
297,1790097385496900096,29.7,21,21,2352,2016,50.051,50.647,53.02,0.448,1,50.005,50.436,52.942,0.597,1,1.1667,21,252.786,249.919,256.178,-0.196,-0.715,121.332,-0.196,-0.196,1,0,
298,1790097385596900096,29.8,21,21,2352,2016,50.051,50.647,54.488,0.519,1,50.062,50.493,52.942,0.501,1,1.1667,21,252.864,249.919,256.178,-0.196,-0.658,121.41,-0.196,-0.196,1,0,
299,1790097385696900096,29.9,20,20,2240,1920,50.051,50.657,56.467,0.869,1,50.115,50.493,54.471,0.602,1,1.1667,20,252.949,249.919,257.525,-0.186,-0.658,121.495,-0.186,-0.186,1,0,
300,1790097385796900096,30.0,20,20,2240,1920,50.051,54.488,100.603,6.162,2,50.001,50.837,56.557,0.932,1,1.1667,20,252.949,249.919,263.841,3.645,-0.314,121.495,3.645,3.645,1,0,
301,1790097385896900096,30.1,20,20,2240,1920,50.051,56.467,100.603,6.994,2,50.001,54.471,100.743,6.184,2,1.1667,20,252.949,249.919,310.096,5.625,3.32,121.495,5.625,5.625,1,0,
302,1790097385996900096,30.2,20,20,2240,1920,50.05,56.467,100.603,7.151,2,49.991,56.153,100.743,6.992,2,1.1667,20,253.08,200.269,310.096,5.625,5.002,121.626,5.625,5.625,1,0,
303,1790097386096900096,30.3,20,20,2240,1920,50.025,57.136,100.603,9.975,2,49.981,56.153,100.743,7.115,2,1.1667,20,253.08,200.269,310.096,6.293,5.002,121.626,6.293,6.293,1,0,
304,1790097386196900096,30.4,20,20,2240,1920,50.059,76.44,100.603,12.226,2,50.149,56.557,100.743,9.945,2,1.1667,20,253.257,200.269,310.096,25.597,5.406,121.802,25.597,25.597,1,1,1790097386239555645
305,1790097386296900096,30.5,20,20,2240,1920,50.025,79.39,125.414,18.793,2,50.304,76.65,100.743,12.192,2,1.1667,20,253.442,200.269,310.096,28.547,25.499,121.988,28.547,28.547,1,1,
306,1790097386396900096,30.6,20,20,2240,1920,49.804,79.39,125.414,20.876,2,49.981,79.387,125.852,18.766,2,1.1667,20,255.229,200.269,341.437,28.547,28.236,123.775,28.547,28.547,1,1,
307,1790097386496900096,30.7,20,20,2240,1920,50.025,80.952,125.414,22.472,2,49.76,79.387,125.852,20.849,2,1.1667,20,257.187,162.219,341.437,30.109,28.236,125.733,30.109,30.109,1,1,
308,1790097386596900096,30.8,20,20,2240,1920,49.804,80.952,125.414,23.737,2,49.981,81.153,125.852,22.476,2,1.1667,20,257.207,162.219,341.437,30.109,30.002,125.753,30.109,30.109,1,1,
309,1790097386696900096,30.9,20,20,2240,1920,47.007,79.39,125.414,21.182,2,49.76,81.153,125.852,23.738,2,1.1667,20,258.572,162.219,341.437,28.547,30.002,127.117,30.002,30.002,1,1,
310,1790097386796900096,31.0,20,20,2240,1920,49.804,79.39,125.414,19.844,2,47.81,79.387,125.852,21.222,2,1.1667,20,258.477,162.219,341.437,28.547,28.236,127.022,28.547,28.547,1,1,
311,1790097386896900096,31.1,20,20,2240,1920,50.292,79.39,125.414,21.754,2,49.76,79.387,125.852,19.923,2,1.1667,20,258.477,162.219,341.437,28.547,28.236,127.022,28.547,28.547,1,1,
312,1790097386996900096,31.2,20,20,2240,1920,50.292,79.39,125.414,21.738,2,50.304,79.387,125.852,21.796,2,1.1667,20,253.441,162.219,341.437,28.547,28.236,121.987,28.547,28.547,1,1,
313,1790097387096900096,31.3,20,20,2240,1920,52.658,68.706,125.414,19.302,2,50.304,79.387,125.852,21.814,2,1.1667,20,258.159,162.219,341.437,17.863,28.236,126.705,28.236,28.236,1,1,
314,1790097387196900096,31.4,20,20,2240,1920,52.658,65.767,80.952,16.449,2,52.666,67.872,125.852,19.368,2,1.1667,20,255.496,162.219,341.437,14.924,16.721,124.042,16.721,16.721,1,1,
315,1790097387296900096,31.5,22,20,2464,1920,52.658,65.767,80.952,15.943,2,52.666,65.66,81.153,16.484,2,1.2833,20,255.496,162.219,341.437,14.924,14.509,124.042,14.924,14.924,1,1,
316,1790097387396900096,31.6,21,22,2352,2112,54.238,65.767,89.575,15.244,2,52.666,65.66,81.153,15.98,2,1.1136,22,255.496,162.219,341.437,14.924,14.509,124.042,14.924,14.924,1,1,
317,1790097387496900096,31.7,22,19,2464,1824,52.658,65.767,89.575,14.684,2,54.202,63.903,67.872,11.982,1,1.3509,19,250.895,233.042,276.165,14.924,12.752,119.441,14.924,14.924,1,1,
318,1790097387596900096,31.8,20,21,2240,2016,52.658,65.767,89.575,14.566,2,54.202,65.66,89.645,15.167,2,1.1111,21,250.895,233.042,296.364,14.924,14.509,119.441,14.924,14.924,1,1,
319,1790097387696900096,31.9,21,20,2352,1920,52.605,65.767,89.575,15.034,2,52.666,65.66,89.645,15.07,2,1.225,20,247.783,202.367,296.364,14.924,14.509,116.329,14.924,14.924,1,1,
320,1790097387796900096,32.0,21,20,2352,1920,50.526,65.767,89.575,14.874,2,52.666,65.66,89.645,16.496,2,1.225,20,252.499,202.367,301.714,14.924,14.509,121.045,14.924,14.924,1,1,
321,1790097387896900096,32.1,20,20,2240,1920,48.5,65.767,89.575,12.961,2,51.804,65.66,89.645,16.674,2,1.1667,20,252.499,202.367,301.714,14.924,14.509,121.045,14.924,14.924,1,1,
322,1790097387996900096,32.2,20,20,2240,1920,52.552,65.767,89.575,12.62,2,47.271,84.838,89.645,16.369,2,1.1667,20,258.422,202.367,301.714,14.924,33.687,126.968,33.687,33.687,1,1,
323,1790097388096900096,32.3,20,19,2240,1824,52.552,71.282,89.575,12.594,2,49.537,84.838,89.645,18.005,2,1.2281,19,263.402,202.367,327.907,20.44,33.687,131.948,33.687,33.687,1,1,
324,1790097388196900096,32.4,20,18,2240,1728,52.552,76.622,89.575,14.383,2,47.271,84.838,89.645,17.369,2,1.2963,18,272.775,202.367,327.907,25.779,33.687,141.32,33.687,33.687,1,1,
325,1790097388296900096,32.5,20,19,2240,1824,52.552,76.622,89.575,15.472,2,49.537,84.838,89.645,21.271,2,1.2281,19,293.809,202.367,379.102,25.779,33.687,162.355,33.687,33.687,1,1,
326,1790097388396900096,32.6,21,19,2352,1824,50.946,71.282,78.485,13.571,2,49.537,84.838,89.645,25.047,2,1.2895,19,296.364,202.367,379.102,20.44,33.687,164.91,33.687,33.687,1,1,
327,1790097388496900096,32.7,21,20,2352,1920,53.978,71.282,78.485,13.023,1,47.271,82.661,88.97,23.55,2,1.225,20,297.303,202.367,379.102,20.44,31.51,165.848,31.51,31.51,1,1,
328,1790097388596900096,32.8,20,18,2240,1728,54.211,63.824,78.485,12.853,1,62.976,82.747,88.97,24.465,2,1.2963,18,306.857,202.367,379.102,12.981,31.596,175.403,31.596,31.596,1,1,
329,1790097388696900096,32.9,21,19,2352,1824,54.296,76.622,97.452,15.835,2,43.136,82.661,84.838,21.238,2,1.2895,19,320.851,277.658,379.102,25.779,31.51,189.397,31.51,31.51,1,1,
330,1790097388796900096,33.0,20,20,2240,1920,54.381,76.622,97.452,17.092,2,43.694,82.661,84.838,20.244,2,1.1667,20,318.264,277.658,379.102,25.779,31.51,186.81,31.51,31.51,1,1,
331,1790097388896900096,33.1,21,20,2352,1920,54.857,76.622,97.452,18.968,2,43.694,82.661,86.854,22.476,2,1.225,20,320.959,277.658,379.102,25.779,31.51,189.505,31.51,31.51,1,1,
332,1790097388996900096,33.2,20,19,2240,1824,55.503,78.485,97.452,20.661,2,44.41,82.747,87.006,25.726,2,1.2281,19,327.907,277.658,379.102,27.643,31.596,196.452,31.596,31.596,1,1,
333,1790097389096900096,33.3,21,19,2352,1824,51.775,76.622,97.452,20.299,2,43.852,86.854,120.528,30.49,2,1.2895,19,346.044,277.658,379.102,25.779,35.703,214.59,35.703,35.703,1,1,
334,1790097389196900096,33.4,20,20,2240,1920,54.211,69.838,97.452,17.328,2,42.578,86.854,120.528,29.131,2,1.1667,20,349.336,277.658,392.192,18.995,35.703,217.882,35.703,35.703,1,1,
335,1790097389296900096,33.5,20,21,2240,2016,54.211,69.838,97.452,17.397,2,43.544,86.854,120.528,25.908,2,1.1111,21,354.129,277.658,392.192,18.995,35.703,222.675,35.703,35.703,1,1,
336,1790097389396900096,33.6,20,18,2240,1728,48.097,69.838,97.452,17.802,2,42.578,86.854,120.528,21.073,2,1.2963,18,350.99,289.071,392.192,18.995,35.703,219.536,35.703,35.703,1,1,
337,1790097389496900096,33.7,21,20,2352,1920,51.8,69.838,97.452,17.336,2,42.305,86.854,120.528,21.085,2,1.225,20,365.54,289.071,407.456,18.995,35.703,234.086,35.703,35.703,1,1,
338,1790097389596900096,33.8,20,20,2240,1920,55.98,69.838,97.452,16.124,2,41.791,86.854,120.528,18.918,2,1.1667,20,369.358,289.071,407.456,18.995,35.703,237.904,35.703,35.703,1,1,
339,1790097389696900096,33.9,21,20,2352,1920,52.039,68.967,80.226,14.62,2,42.305,86.854,120.528,20.89,2,1.225,20,372.236,289.071,407.456,18.124,35.703,240.781,35.703,35.703,1,1,
340,1790097389796900096,34.0,20,19,2240,1824,55.98,68.912,80.226,12.96,1,41.938,85.298,120.528,19.348,2,1.2281,19,380.348,307.795,407.456,18.069,34.147,248.894,34.147,34.147,1,1,
341,1790097389896900096,34.1,20,18,2240,1728,48.097,68.33,80.226,11.729,1,42.084,84.013,120.528,17.835,2,1.2963,18,383.357,347.731,407.456,17.487,32.862,251.903,32.862,32.862,1,1,
342,1790097389996900096,34.2,21,20,2352,1920,47.485,60.972,68.967,9.599,1,41.829,83.655,85.298,11.97,2,1.225,20,381.199,347.731,407.456,10.129,32.504,249.745,32.504,32.504,1,1,
343,1790097390096900096,34.3,20,20,2240,1920,47.308,58.842,68.967,8.768,1,41.829,82.925,84.013,7.587,1,1.1667,20,381.199,347.731,407.456,7.999,31.774,249.745,31.774,31.774,1,1,
344,1790097390196900096,34.4,20,21,2240,2016,48.998,58.842,68.967,9.15,1,41.847,82.925,84.013,9.155,1,1.1111,21,380.348,347.731,407.456,7.999,31.774,248.894,31.774,31.774,1,1,
345,1790097390296900096,34.5,20,20,2240,1920,48.998,58.842,68.967,8.793,1,41.791,82.925,84.013,9.372,1,1.1667,20,378.983,347.731,407.456,7.999,31.774,247.528,31.774,31.774,1,1,
346,1790097390396900096,34.6,20,20,2240,1920,47.308,58.842,68.967,8.276,1,41.791,82.925,88.657,9.624,1,1.1667,20,380.387,349.513,416.911,7.999,31.774,248.933,31.774,31.774,1,1,
347,1790097390496900096,34.7,20,20,2240,1920,47.308,68.33,69.913,8.862,1,41.527,82.925,88.657,9.702,1,1.1667,20,380.387,349.513,416.911,17.487,31.774,248.933,31.774,31.774,1,1,
348,1790097390596900096,34.8,20,18,2240,1728,48.998,68.967,74.304,12.373,2,41.527,84.013,88.657,10.846,1,1.2963,18,382.585,349.513,416.911,18.124,32.862,251.131,32.862,32.862,1,1,
349,1790097390696900096,34.9,21,19,2352,1824,48.517,69.913,77.161,12.212,2,41.847,84.013,88.657,12.402,1,1.2895,19,384.743,349.513,442.771,19.07,32.862,253.289,32.862,32.862,1,1,
350,1790097390796900096,35.0,20,18,2240,1728,48.998,69.913,77.161,12.886,2,41.865,84.021,125.957,17.891,1,1.2963,18,383.22,349.513,504.917,19.07,32.87,251.766,32.87,32.87,1,1,
351,1790097390896900096,35.1,19,17,2128,1632,53.03,74.304,89.213,14.906,2,42.057,125.026,125.957,21.405,1,1.3039,17,386.014,349.513,594.677,23.461,73.875,254.56,73.875,73.875,1,1,
352,1790097390996900096,35.2,17,16,1904,1536,53.03,77.161,89.213,16.074,2,43.106,125.026,125.957,22.931,1,1.2396,16,401.176,349.513,595.155,26.319,73.875,269.722,73.875,73.875,1,1,
353,1790097391096900096,35.3,15,13,1680,1248,53.03,77.161,89.213,17.454,2,43.813,125.026,125.957,25.459,1,1.3462,13,411.22,372.375,595.155,26.319,73.875,279.766,73.875,73.875,1,1,
354,1790097391196900096,35.4,20,12,2240,1152,48.037,77.161,262.738,37.933,6,45.378,125.026,125.957,27.322,1,1.9444,12,414.066,372.375,595.155,26.319,73.875,282.611,73.875,73.875,1,1,
355,1790097391296900096,35.5,19,16,2128,1536,46.468,77.161,262.738,39.748,6,41.527,125.957,340.075,50.928,6,1.3854,16,549.797,386.014,876.573,26.319,74.806,418.343,74.806,74.806,1,1,
356,1790097391396900096,35.6,20,16,2240,1536,33.231,89.213,262.738,42.929,6,42.248,125.957,340.075,56.432,6,1.4583,16,601.153,386.014,876.573,38.371,74.806,469.699,74.806,74.806,1,1,
357,1790097391496900096,35.7,21,14,2352,1344,33.767,89.213,262.738,41.338,6,42.248,125.957,340.075,61.672,6,1.75,14,613.325,411.22,876.573,38.371,74.806,481.871,74.806,74.806,1,1,
358,1790097391596900096,35.8,20,16,2240,1536,34.304,89.213,262.738,40.286,6,37.565,130.572,340.075,59.591,6,1.4583,16,613.325,398.258,876.573,38.371,79.421,481.871,79.421,79.421,1,1,
359,1790097391696900096,35.9,21,16,2352,1536,38.614,89.213,262.738,38.645,6,37.565,130.572,340.075,56.533,6,1.5312,16,613.325,398.258,876.573,38.371,79.421,481.871,79.421,79.421,1,1,
360,1790097391796900096,36.0,20,17,2240,1632,34.304,79.946,262.738,37.878,6,39.849,130.572,340.075,50.794,6,1.3725,17,619.499,398.258,876.573,29.103,79.421,488.045,79.421,79.421,1,1,
361,1790097391896900096,36.1,21,19,2352,1824,33.767,79.946,115.685,29.265,6,39.849,85.086,340.075,49.793,6,1.2895,19,631.845,398.258,876.573,29.103,33.935,500.391,33.935,33.935,1,1,
362,1790097391996900096,36.2,23,17,2576,1632,38.289,79.946,115.685,27.554,6,18.931,85.086,130.572,36.621,6,1.5784,17,660.858,398.258,876.573,29.103,33.935,529.404,33.935,33.935,1,1,
363,1790097392096900096,36.3,25,20,2800,1920,38.289,79.946,115.685,26.93,6,36.603,85.086,172.635,39.925,6,1.4583,20,677.182,398.258,876.573,29.103,33.935,545.727,33.935,33.935,1,1,
364,1790097392196900096,36.4,20,21,2240,2016,47.211,80.665,115.685,22.799,2,37.084,85.086,172.635,38.258,6,1.1111,21,684.305,398.258,876.573,29.822,33.935,552.851,33.935,33.935,1,1,
365,1790097392296900096,36.5,21,24,2352,2304,45.392,79.946,94.093,20.143,2,40.574,85.086,172.635,35.526,6,1.0208,24,688.619,398.258,876.573,29.103,33.935,557.165,33.935,33.935,1,1,
366,1790097392396900096,36.6,20,18,2240,1728,47.211,77.972,94.093,18.515,2,42.134,83.737,172.635,30.496,2,1.2963,18,693.406,398.258,757.173,27.129,32.586,561.952,32.586,32.586,1,1,
367,1790097392496900096,36.7,20,20,2240,1920,52.356,77.972,94.093,19.438,2,42.134,83.737,172.635,29.426,2,1.1667,20,699.016,398.258,757.173,27.129,32.586,567.562,32.586,32.586,1,1,
368,1790097392596900096,36.8,19,19,2128,1824,45.392,77.972,94.093,20.319,2,42.659,83.737,172.635,26.581,2,1.1667,19,715.277,515.935,757.173,27.129,32.586,583.822,32.586,32.586,1,1,
369,1790097392696900096,36.9,21,18,2352,1728,45.392,80.665,106.778,24.483,2,43.185,83.737,172.635,30.096,2,1.3611,18,719.875,604.295,757.173,29.822,32.586,588.42,32.586,32.586,1,1,
370,1790097392796900096,37.0,20,20,2240,1920,42.275,79.601,106.778,22.183,2,42.077,83.737,172.635,29.433,2,1.1667,20,727.83,670.058,759.543,28.758,32.586,596.375,32.586,32.586,1,1,
371,1790097392896900096,37.1,19,19,2128,1824,45.392,79.601,106.778,22.327,2,41.833,83.716,86.907,23.993,2,1.1667,19,729.436,670.856,772.771,28.758,32.565,597.982,32.565,32.565,1,1,
372,1790097392996900096,37.2,20,20,2240,1920,43.572,80.665,106.778,25.241,2,41.589,83.716,86.907,22.889,2,1.1667,20,729.043,670.856,772.771,29.822,32.565,597.589,32.565,32.565,1,1,
373,1790097393096900096,37.3,20,20,2240,1920,60.605,80.665,106.778,25.844,2,42.077,84.995,168.451,29.278,2,1.1667,20,735.844,670.856,816.22,29.822,33.844,604.39,33.844,33.844,1,1,
374,1790097393196900096,37.4,21,20,2352,1920,45.87,79.601,106.778,24.864,2,41.589,84.874,168.451,31.386,2,1.225,20,744.73,670.856,816.22,28.758,33.723,613.275,33.723,33.723,1,1,
375,1790097393296900096,37.5,20,20,2240,1920,49.999,79.601,106.778,24.162,2,41.589,84.874,168.451,33.784,2,1.1667,20,754.384,670.856,816.22,28.758,33.723,622.93,33.723,33.723,1,1,
376,1790097393396900096,37.6,21,19,2352,1824,56.278,79.601,106.778,23.192,2,42.092,84.874,168.451,29.0,2,1.2895,19,754.19,670.856,816.22,28.758,33.723,622.735,33.723,33.723,1,1,
377,1790097393496900096,37.7,20,20,2240,1920,52.342,79.601,106.778,22.418,2,42.708,84.874,168.451,29.382,2,1.1667,20,755.173,670.856,816.22,28.758,33.723,623.718,33.723,33.723,1,1,
378,1790097393596900096,37.8,21,18,2352,1728,51.171,78.873,83.254,21.286,2,42.708,84.874,168.451,32.605,2,1.3611,18,757.655,692.243,816.22,28.03,33.723,626.201,33.723,33.723,1,1,
379,1790097393696900096,37.9,21,19,2352,1824,49.868,75.832,83.254,19.409,2,42.651,86.907,168.451,33.18,2,1.2895,19,772.771,692.243,866.199,24.989,35.756,641.317,35.756,35.756,1,1,
380,1790097393796900096,38.0,20,19,2240,1824,52.342,78.873,87.649,19.479,2,42.651,86.907,168.451,33.2,2,1.2281,19,774.818,692.243,879.286,28.03,35.756,643.364,35.756,35.756,1,1,
381,1790097393896900096,38.1,21,16,2352,1536,49.868,75.832,87.649,18.498,2,42.708,121.796,168.451,30.989,2,1.5312,16,783.0,708.374,879.286,24.989,70.645,651.546,70.645,70.645,1,1,
382,1790097393996900096,38.2,20,17,2240,1632,49.999,78.873,87.649,16.936,1,42.815,84.874,121.796,25.929,2,1.3725,17,786.407,710.634,904.269,28.03,33.723,654.953,33.723,33.723,1,1,
383,1790097394096900096,38.3,20,19,2240,1824,49.736,78.873,87.649,16.396,1,42.651,83.663,121.796,23.26,2,1.2281,19,796.022,710.634,920.993,28.03,32.512,664.568,32.512,32.512,1,1,
384,1790097394196900096,38.4,20,18,2240,1728,48.057,78.942,87.649,19.254,2,42.594,83.276,121.796,19.832,2,1.2963,18,854.458,710.634,923.549,28.099,32.125,723.004,32.125,32.125,1,1,
385,1790097394296900096,38.5,20,19,2240,1824,47.251,78.942,87.649,18.437,2,42.651,83.91,121.796,23.193,2,1.2281,19,856.103,710.634,923.549,28.099,32.759,724.649,32.759,32.759,1,1,
386,1790097394396900096,38.6,21,17,2352,1632,45.992,78.942,87.649,16.779,2,41.66,86.32,121.796,23.714,2,1.4412,17,866.199,755.767,923.549,28.099,35.169,734.745,35.169,35.169,1,1,
387,1790097394496900096,38.7,21,18,2352,1728,45.992,80.913,97.923,19.623,2,41.872,86.32,126.749,27.615,2,1.3611,18,878.373,786.407,927.328,30.071,35.169,746.919,35.169,35.169,1,1,
388,1790097394596900096,38.8,21,18,2352,1728,45.672,80.913,97.923,17.392,2,41.448,83.91,126.749,22.934,2,1.3611,18,887.798,796.022,927.328,30.071,32.759,756.343,32.759,32.759,1,1,
389,1790097394696900096,38.9,20,19,2240,1824,45.571,80.913,97.923,18.013,2,41.66,83.91,126.749,23.943,2,1.2281,19,897.008,796.022,962.707,30.071,32.759,765.554,32.759,32.759,1,1,
390,1790097394796900096,39.0,21,19,2352,1824,45.417,78.942,97.923,15.547,2,41.27,83.91,126.749,21.674,2,1.2895,19,902.195,825.243,962.707,28.099,32.759,770.741,32.759,32.759,1,1,
391,1790097394896900096,39.1,20,19,2240,1824,46.211,78.942,97.923,15.705,2,41.078,86.32,126.749,22.274,2,1.2281,19,912.705,825.243,962.707,28.099,35.169,781.251,35.169,35.169,1,1,
392,1790097394996900096,39.2,20,21,2240,2016,45.571,77.988,97.923,14.077,2,41.078,86.32,126.749,18.042,2,1.1111,21,913.31,825.243,962.707,27.145,35.169,781.856,35.169,35.169,1,1,
393,1790097395096900096,39.3,21,20,2352,1920,45.417,77.988,178.203,22.216,3,41.093,86.32,126.749,18.966,2,1.225,20,915.342,825.243,962.707,27.145,35.169,783.887,35.169,35.169,1,1,
394,1790097395196900096,39.4,20,19,2240,1824,45.263,97.152,178.203,24.927,3,41.078,86.32,126.749,17.641,2,1.2281,19,917.354,825.243,962.707,46.309,35.169,785.899,46.309,46.309,1,1,
395,1790097395296900096,39.5,20,18,2240,1728,43.776,97.152,178.203,25.744,3,41.093,87.811,206.523,25.682,3,1.2963,18,924.5,825.243,1058.82,46.309,36.66,793.046,46.309,46.309,1,1,
396,1790097395396900096,39.6,20,17,2240,1632,45.263,79.873,178.203,25.027,3,41.078,87.811,206.523,21.934,3,1.3725,17,926.709,881.607,1058.82,29.03,36.66,795.254,36.66,36.66,1,1,
397,1790097395496900096,39.7,21,18,2352,1728,46.061,79.873,178.203,24.907,3,41.093,87.811,206.523,25.637,3,1.3611,18,934.796,881.607,1058.82,29.03,36.66,803.341,36.66,36.66,1,1,
398,1790097395596900096,39.8,20,19,2240,1824,46.86,79.873,178.203,24.99,3,41.146,87.811,206.523,26.499,3,1.2281,19,955.349,881.607,1059.434,29.03,36.66,823.895,36.66,36.66,1,1,
399,1790097395696900096,39.9,20,19,2240,1824,47.153,79.873,178.203,25.652,3,41.681,87.811,206.523,28.813,3,1.2281,19,967.048,881.607,1059.434,29.03,36.66,835.594,36.66,36.66,1,1,
400,1790097395796900096,40.0,20,19,2240,1824,47.153,94.068,178.203,29.494,3,41.681,82.387,206.523,26.412,3,1.2281,19,1013.254,881.607,1059.434,43.225,31.236,881.8,43.225,43.225,1,1,
401,1790097395896900096,40.1,20,17,2240,1632,49.03,94.068,178.203,30.873,3,42.298,131.375,206.523,29.421,3,1.3725,17,1014.387,881.607,1059.434,43.225,80.224,882.933,80.224,80.224,1,1,
402,1790097395996900096,40.2,21,17,2352,1632,47.945,79.873,97.152,25.657,3,42.564,170.548,206.523,39.982,3,1.4412,17,1023.409,881.607,1140.928,29.03,119.397,891.955,119.397,119.397,1,1,
403,1790097396096900096,40.3,23,15,2576,1440,47.945,79.873,97.152,23.76,3,42.564,131.375,170.548,39.982,3,1.7889,15,1027.665,967.048,1178.984,29.03,80.224,896.211,80.224,80.224,1,1,
404,1790097396196900096,40.4,22,18,2464,1728,50.246,72.028,94.068,19.703,2,42.463,128.978,170.548,35.871,3,1.4259,18,1047.65,967.048,1178.984,21.185,77.827,916.196,77.827,77.827,1,1,
405,1790097396296900096,40.5,19,20,2128,1920,52.982,68.471,94.068,18.536,2,42.665,128.978,170.548,34.142,3,1.1083,20,1050.571,967.048,1178.984,17.628,77.827,919.117,77.827,77.827,1,1,
406,1790097396396900096,40.6,18,18,2016,1728,55.718,68.471,94.068,19.305,2,44.085,87.863,170.548,30.497,2,1.1667,18,1054.333,999.742,1178.984,17.628,36.712,922.879,36.712,36.712,1,1,
407,1790097396496900096,40.7,20,17,2240,1632,47.212,72.028,179.12,29.178,3,43.375,128.978,170.548,30.26,2,1.3725,17,1059.434,1014.387,1178.984,21.185,77.827,927.979,77.827,77.827,1,1,
408,1790097396596900096,40.8,20,14,2240,1344,47.212,94.068,179.12,34.058,3,44.085,128.978,170.548,30.813,2,1.6667,14,1078.21,1018.786,1178.984,43.225,77.827,946.755,77.827,77.827,1,1,
409,1790097396696900096,40.9,21,15,2352,1440,46.712,94.068,179.12,31.606,3,44.339,170.548,203.721,42.832,2,1.6333,15,1093.782,1023.409,1288.821,43.225,119.397,962.328,119.397,119.397,1,1,
410,1790097396796900096,41.0,22,15,2464,1440,45.874,68.471,179.12,27.938,3,45.49,170.548,203.721,48.382,2,1.7111,15,1140.928,1027.665,1339.88,17.628,119.397,1009.474,119.397,119.397,1,1,
411,1790097396896900096,41.1,21,16,2352,1536,46.712,69.47,179.12,27.183,3,43.454,128.978,203.721,37.079,2,1.5312,16,1168.958,1047.623,1339.88,18.627,77.827,1037.504,77.827,77.827,1,1,
412,1790097396996900096,41.2,19,16,2128,1536,46.543,69.47,179.12,27.765,3,43.454,125.263,203.721,31.04,2,1.3854,16,1208.838,1047.623,1342.29,18.627,74.112,1077.383,74.112,74.112,1,1,
413,1790097397096900096,41.3,20,18,2240,1728,45.874,92.187,179.12,29.77,3,43.454,87.863,203.721,32.417,2,1.2963,18,1263.756,1047.623,1342.29,41.345,36.712,1132.302,41.345,41.345,1,1,
414,1790097397196900096,41.4,21,14,2352,1344,46.543,92.187,179.12,29.043,3,43.454,125.263,203.721,35.659,2,1.75,14,1304.044,1069.605,1342.29,41.345,74.112,1172.589,74.112,74.112,1,1,
415,1790097397296900096,41.5,21,17,2352,1632,45.449,71.232,105.614,22.216,3,42.958,125.263,203.721,37.103,2,1.4412,17,1305.177,1113.676,1392.428,20.389,74.112,1173.723,74.112,74.112,1,1,
416,1790097397396900096,41.6,23,16,2576,1536,46.543,71.232,105.614,20.367,3,42.952,125.263,203.721,36.582,2,1.6771,16,1307.571,1164.973,1392.428,20.389,74.112,1176.116,74.112,74.112,1,1,
417,1790097397496900096,41.7,20,15,2240,1440,47.512,71.232,92.187,15.905,2,42.958,125.263,125.82,33.34,2,1.5556,15,1313.225,1238.691,1405.62,20.389,74.112,1181.771,74.112,74.112,1,1,
418,1790097397596900096,41.8,20,17,2240,1632,47.512,71.232,92.187,15.205,2,43.208,125.82,133.742,34.885,2,1.3725,17,1319.601,1238.691,1483.582,20.389,74.669,1188.147,74.669,74.669,1,1,
419,1790097397696900096,41.9,20,16,2240,1536,47.994,71.232,92.187,16.013,2,43.454,125.82,133.742,31.425,2,1.4583,16,1325.713,1298.338,1483.582,20.389,74.669,1194.258,74.669,74.669,1,1,
420,1790097397796900096,42.0,20,18,2240,1728,47.994,71.232,92.187,18.377,2,42.963,122.81,133.742,28.134,2,1.2963,18,1334.151,1298.338,1488.21,20.389,71.659,1202.697,71.659,71.659,1,1,
421,1790097397896900096,42.1,21,16,2352,1536,47.753,71.232,92.187,16.932,2,43.583,125.82,133.742,29.186,2,1.5312,16,1373.613,1298.338,1488.21,20.389,74.669,1242.159,74.669,74.669,1,1,
422,1790097397996900096,42.2,21,17,2352,1632,47.753,69.774,88.718,16.002,2,44.377,125.82,133.742,32.605,2,1.4412,17,1395.405,1298.338,1488.21,18.931,74.669,1263.95,74.669,74.669,1,1,
423,1790097398096900096,42.3,20,19,2240,1824,47.512,71.232,107.338,19.215,2,43.292,122.81,133.742,28.934,2,1.2281,19,1440.571,1298.338,1488.21,20.389,71.659,1309.117,71.659,71.659,1,1,
424,1790097398196900096,42.4,21,18,2352,1728,47.093,69.774,107.338,17.612,2,43.0,84.648,133.742,23.51,2,1.3611,18,1450.962,1298.338,1488.21,18.931,33.497,1319.508,33.497,33.497,1,1,
425,1790097398296900096,42.5,20,18,2240,1728,47.512,80.067,107.338,21.038,2,43.583,115.567,133.742,27.279,2,1.2963,18,1462.757,1326.012,1492.125,29.224,64.416,1331.303,64.416,64.416,1,1,
426,1790097398396900096,42.6,20,18,2240,1728,53.75,80.067,107.338,21.08,2,43.583,84.648,133.742,22.453,2,1.2963,18,1462.757,1354.799,1492.125,29.224,33.497,1331.303,33.497,33.497,1,1,
427,1790097398496900096,42.7,21,19,2352,1824,50.387,69.774,107.338,19.828,2,43.292,81.805,115.567,18.456,2,1.2895,19,1459.306,1354.799,1492.125,18.931,30.654,1327.852,30.654,30.654,1,1,
428,1790097398596900096,42.8,20,19,2240,1824,47.023,69.774,107.338,18.034,2,42.966,81.805,115.567,18.57,2,1.2281,19,1448.231,1354.799,1492.125,18.931,30.654,1316.777,30.654,30.654,1,1,
429,1790097398696900096,42.9,21,19,2352,1824,47.393,69.774,107.338,17.058,2,42.966,84.648,123.958,20.954,2,1.2895,19,1440.571,1354.799,1492.125,18.931,33.497,1309.117,33.497,33.497,1,1,
430,1790097398796900096,43.0,20,20,2240,1920,47.763,69.774,107.338,16.668,2,42.191,84.648,123.958,19.861,2,1.1667,20,1438.495,1395.405,1492.125,18.931,33.497,1307.041,33.497,33.497,1,1,
431,1790097398896900096,43.1,20,19,2240,1824,47.023,68.666,107.338,16.702,2,42.079,81.685,123.958,18.557,2,1.2281,19,1437.858,1407.229,1492.125,17.823,30.534,1306.404,30.534,30.534,1,1,
432,1790097398996900096,43.2,19,19,2128,1824,47.108,67.577,80.067,13.374,2,42.189,82.888,123.958,16.309,2,1.1667,19,1436.751,1407.229,1492.125,16.734,31.737,1305.297,31.737,31.737,1,1,
433,1790097399096900096,43.3,20,19,2240,1824,47.763,68.666,99.777,15.814,2,42.561,86.836,123.958,18.788,2,1.2281,19,1436.751,1407.229,1492.125,17.823,35.684,1305.297,35.684,35.684,1,1,
434,1790097399196900096,43.4,20,17,2240,1632,47.193,67.577,99.777,14.99,2,42.561,86.836,123.958,16.514,2,1.3725,17,1434.88,1407.229,1492.125,16.734,35.684,1303.426,35.684,35.684,1,1,
435,1790097399296900096,43.5,20,18,2240,1728,47.763,68.666,99.777,15.625,2,43.775,86.836,123.958,17.969,1,1.2963,18,1436.941,1407.229,1492.016,17.823,35.684,1305.487,35.684,35.684,1,1,
436,1790097399396900096,43.6,20,17,2240,1632,47.193,79.939,99.777,18.417,2,42.189,120.337,123.958,16.777,1,1.3725,17,1437.858,1407.229,1492.016,29.096,69.186,1306.404,69.186,69.186,1,1,
437,1790097399496900096,43.7,20,17,2240,1632,47.763,79.939,99.777,19.526,2,43.893,120.337,123.958,19.185,1,1.3725,17,1437.858,1400.953,1495.356,29.096,69.186,1306.404,69.186,69.186,1,1,
438,1790097399596900096,43.8,20,18,2240,1728,47.763,83.772,116.81,25.419,2,43.506,85.035,120.337,17.993,2,1.2963,18,1438.495,1400.953,1495.356,32.93,33.884,1307.041,33.884,33.884,1,1,
439,1790097399696900096,43.9,18,18,2016,1728,47.193,83.772,116.81,27.211,2,44.28,85.035,120.337,19.784,2,1.1667,18,1447.243,1400.953,1495.356,32.93,33.884,1315.789,33.884,33.884,1,1,
440,1790097399796900096,44.0,17,18,1904,1728,46.158,99.777,116.81,27.57,2,44.596,85.035,120.337,24.054,2,1.1019,18,1458.618,1400.953,1495.356,48.934,33.884,1327.164,48.934,48.934,1,1,
441,1790097399896900096,44.1,20,16,2240,1536,35.472,99.777,224.114,41.645,5,44.596,86.836,120.337,24.688,2,1.4583,16,1462.778,1400.953,1495.356,48.934,35.684,1331.324,48.934,48.934,1,1,
442,1790097399996900096,44.2,21,19,2352,1824,35.214,116.81,224.114,42.421,5,43.382,85.035,248.726,39.221,5,1.2895,19,1461.882,1273.603,1495.356,65.967,33.884,1330.428,65.967,65.967,1,1,
443,1790097400096900096,44.3,20,19,2240,1824,35.472,116.81,224.114,41.398,5,42.314,85.035,248.726,39.371,5,1.2281,19,1455.354,1244.16,1495.356,65.967,33.884,1323.9,65.967,65.967,1,1,
444,1790097400196900096,44.4,20,20,2240,1920,35.472,116.81,224.114,40.079,5,41.369,85.035,248.726,40.144,5,1.1667,20,1440.42,1244.16,1495.356,65.967,33.884,1308.965,65.967,65.967,1,1,
445,1790097400296900096,44.5,21,20,2352,1920,45.488,116.81,224.114,39.227,5,40.271,85.035,248.726,39.73,5,1.225,20,1426.092,1242.387,1495.356,65.967,33.884,1294.638,65.967,65.967,1,1,
446,1790097400396900096,44.6,20,19,2240,1824,45.008,116.81,224.114,36.808,5,40.688,87.873,248.726,42.065,5,1.2281,19,1400.953,1242.387,1495.356,65.967,36.722,1269.499,65.967,65.967,1,1,
447,1790097400496900096,44.7,20,19,2240,1824,45.008,68.664,224.114,33.639,5,39.874,87.873,248.726,41.839,5,1.2281,19,1353.097,1242.387,1487.394,17.821,36.722,1221.643,36.722,36.722,1,1,
448,1790097400596900096,44.8,22,18,2464,1728,45.968,68.664,224.114,31.081,5,40.271,87.873,248.726,40.086,5,1.4259,18,1347.824,1242.387,1487.394,17.821,36.722,1216.37,36.722,36.722,1,1,
449,1790097400696900096,44.9,22,19,2464,1824,45.968,65.896,121.484,20.469,5,39.646,125.888,248.726,42.41,5,1.3509,19,1343.047,1242.387,1487.394,15.054,74.737,1211.593,74.737,74.737,1,1,
450,1790097400796900096,45.0,24,19,2688,1824,46.763,67.351,121.484,19.619,5,40.044,87.873,133.036,31.303,5,1.4737,19,1343.047,1242.387,1487.26,16.508,36.722,1211.593,36.722,36.722,1,1,
451,1790097400896900096,45.1,20,19,2240,1824,46.813,60.943,67.351,9.794,2,40.044,87.873,133.036,31.303,5,1.2281,19,1343.047,1242.387,1487.26,10.1,36.722,1211.593,36.722,36.722,1,1,
452,1790097400996900096,45.2,22,21,2464,2016,46.813,65.896,71.602,10.961,2,40.688,125.888,133.036,32.732,5,1.2222,21,1349.955,1242.387,1487.26,15.054,74.737,1218.501,74.737,74.737,1,1,
453,1790097401096900096,45.3,21,18,2352,1728,47.418,65.896,71.602,9.918,1,43.808,87.873,127.001,23.648,2,1.3611,18,1346.501,1242.387,1459.34,15.054,36.722,1215.047,36.722,36.722,1,1,
454,1790097401196900096,45.4,20,17,2240,1632,47.988,60.943,71.602,8.498,1,44.261,125.888,127.001,22.472,2,1.3725,17,1343.047,1242.387,1459.34,10.1,74.737,1211.593,74.737,74.737,1,1,
455,1790097401296900096,45.5,20,18,2240,1728,47.988,67.351,71.602,10.92,1,44.297,85.829,127.001,20.343,2,1.2963,18,1359.941,1243.026,1459.34,16.508,34.678,1228.487,34.678,34.678,1,1,
456,1790097401396900096,45.6,20,18,2240,1728,47.988,67.351,71.602,10.692,1,44.297,88.809,127.001,20.993,2,1.2963,18,1376.222,1243.026,1459.34,16.508,37.658,1244.768,37.658,37.658,1,1,
457,1790097401496900096,45.7,20,18,2240,1728,52.325,67.351,71.602,10.465,1,43.808,88.809,127.001,23.279,2,1.2963,18,1386.18,1243.026,1459.34,16.508,37.658,1254.726,37.658,37.658,1,1,
458,1790097401596900096,45.8,20,20,2240,1920,52.325,67.351,71.602,10.486,1,42.609,85.829,127.001,18.799,2,1.1667,20,1391.446,1243.026,1459.34,16.508,34.678,1259.992,34.678,34.678,1,1,
459,1790097401696900096,45.9,20,18,2240,1728,52.325,61.52,71.602,10.234,1,42.609,81.626,127.001,15.997,2,1.2963,18,1402.94,1243.026,1459.34,10.677,30.475,1271.486,30.475,30.475,1,1,
460,1790097401796900096,46.0,20,19,2240,1824,52.491,61.52,71.602,9.316,1,44.052,81.959,127.001,17.317,2,1.2281,19,1418.649,1243.026,1459.34,10.677,30.808,1287.195,30.808,30.808,1,1,
461,1790097401896900096,46.1,20,20,2240,1920,53.797,61.52,71.133,9.279,1,43.808,81.626,88.809,14.071,2,1.1667,20,1421.602,1243.026,1473.369,10.677,30.475,1290.148,30.475,30.475,1,1,
462,1790097401996900096,46.2,19,19,2128,1824,54.141,61.52,71.133,8.228,1,44.052,81.656,88.809,16.482,2,1.1667,19,1423.332,1243.026,1496.723,10.677,30.505,1291.878,30.505,30.505,1,1,
463,1790097402096900096,46.3,19,19,2128,1824,53.489,61.52,71.133,9.964,1,44.585,81.959,88.809,18.589,2,1.1667,19,1427.835,1287.729,1496.723,10.677,30.808,1296.381,30.808,30.808,1,1,
464,1790097402196900096,46.4,17,19,1904,1824,51.139,61.52,68.896,9.92,1,43.801,81.959,88.809,16.829,2,1.0439,19,1436.188,1382.991,1496.723,10.677,30.808,1304.734,30.808,30.808,1,1,
465,1790097402296900096,46.5,15,18,1680,1728,51.139,59.443,68.896,8.127,1,43.306,81.959,88.809,17.822,2,0.9722,18,1436.988,1382.991,1496.723,8.6,30.808,1305.534,30.808,30.808,1,1,
466,1790097402396900096,46.6,20,17,2240,1632,47.5,59.443,280.262,30.576,5,42.614,81.959,82.643,16.092,2,1.3725,17,1437.789,1382.991,1496.723,8.6,30.808,1306.335,30.808,30.808,1,1,
467,1790097402496900096,46.7,19,14,2128,1344,49.165,59.443,280.262,32.14,5,43.306,81.959,82.643,13.336,1,1.5833,14,1441.01,1403.069,1496.723,8.6,30.808,1309.556,30.808,30.808,1,1,
468,1790097402596900096,46.8,20,20,2240,1920,48.542,68.896,280.262,41.87,5,41.922,81.959,292.532,33.384,5,1.1667,20,1435.228,1221.278,1496.723,18.053,30.808,1303.774,30.808,30.808,1,1,
469,1790097402696900096,46.9,20,18,2240,1728,48.542,81.067,280.262,45.415,5,41.922,81.656,292.532,34.813,5,1.2963,18,1437.83,1221.278,1496.723,30.224,30.505,1306.376,30.505,30.505,1,1,
470,1790097402796900096,47.0,20,19,2240,1824,24.353,81.067,280.262,45.198,5,40.906,82.643,292.532,41.799,5,1.2281,19,1432.668,1221.278,1496.723,30.224,31.492,1301.214,31.492,31.492,1,1,
471,1790097402896900096,47.1,21,20,2352,1920,34.183,81.067,280.262,44.327,5,40.403,85.851,292.532,44.038,5,1.225,20,1357.446,1220.482,1496.723,30.224,34.7,1225.992,34.7,34.7,1,1,
472,1790097402996900096,47.2,20,21,2240,2016,24.353,81.067,280.262,44.201,5,40.552,85.851,292.532,41.686,5,1.1111,21,1282.79,1220.482,1493.917,30.224,34.7,1151.336,34.7,34.7,1,1,
473,1790097403096900096,47.3,21,22,2352,2112,29.876,81.067,182.105,35.529,5,40.403,85.851,292.532,37.945,5,1.1136,22,1273.275,1183.315,1486.455,30.224,34.7,1141.821,34.7,34.7,1,1,
474,1790097403196900096,47.4,23,19,2576,1824,35.394,81.067,182.105,33.58,5,39.158,85.851,292.532,44.04,5,1.4123,19,1259.078,1183.315,1486.455,30.224,34.7,1127.624,34.7,34.7,1,1,
475,1790097403296900096,47.5,25,20,2800,1920,35.394,89.945,182.105,34.282,5,38.029,85.851,161.997,34.692,5,1.4583,20,1244.034,1183.315,1486.455,39.102,34.7,1112.58,39.102,39.102,1,1,
476,1790097403396900096,47.6,20,22,2240,2112,44.012,89.945,182.105,33.709,3,38.029,120.943,161.997,37.632,5,1.0606,22,1244.034,1028.526,1486.455,39.102,69.792,1112.58,69.792,69.792,1,1,
477,1790097403496900096,47.7,21,25,2352,2400,40.694,81.067,117.269,26.459,3,39.158,124.622,161.997,38.224,5,0.98,25,1238.52,1028.526,1486.455,30.224,73.471,1107.066,73.471,73.471,1,1,
478,1790097403596900096,47.8,23,19,2576,1824,44.201,81.067,117.269,25.164,3,40.633,124.622,161.997,39.6,3,1.4123,19,1226.729,1028.526,1329.651,30.224,73.471,1095.275,73.471,73.471,1,1,
479,1790097403696900096,47.9,20,20,2240,1920,44.389,70.188,117.269,20.795,2,40.7,120.943,131.433,33.473,3,1.1667,20,1234.744,1028.526,1329.651,19.345,69.792,1103.29,69.792,69.792,1,1,
480,1790097403796900096,48.0,20,20,2240,1920,47.957,89.945,117.269,25.123,2,40.7,120.943,131.433,27.116,2,1.1667,20,1223.605,1028.526,1308.474,39.102,69.792,1092.151,69.792,69.792,1,1,
481,1790097403896900096,48.1,20,19,2240,1824,47.957,89.945,117.269,25.17,2,41.217,120.943,131.433,26.51,2,1.2281,19,1226.729,1028.526,1308.474,39.102,69.792,1095.275,69.792,69.792,1,1,
482,1790097403996900096,48.2,20,19,2240,1824,44.389,70.188,106.234,21.528,2,41.149,120.943,131.433,30.925,2,1.2281,19,1226.729,1028.526,1308.474,19.345,69.792,1095.275,69.792,69.792,1,1,
483,1790097404096900096,48.3,20,20,2240,1920,47.891,89.945,113.03,23.763,2,40.566,120.943,131.433,33.61,2,1.1667,20,1253.986,1028.526,1308.474,39.102,69.792,1122.532,69.792,69.792,1,1,
484,1790097404196900096,48.4,20,19,2240,1824,47.891,70.188,113.03,21.915,2,40.511,87.393,131.433,31.012,2,1.2281,19,1260.399,1028.526,1308.474,19.345,36.242,1128.945,36.242,36.242,1,1,
485,1790097404296900096,48.5,20,20,2240,1920,47.957,70.188,113.03,18.996,2,40.566,87.393,128.448,27.11,2,1.1667,20,1269.79,1028.526,1337.402,19.345,36.242,1138.336,36.242,36.242,1,1,
486,1790097404396900096,48.6,20,19,2240,1824,47.957,76.448,113.03,20.391,2,40.696,86.935,128.448,24.286,2,1.2281,19,1271.568,1153.022,1347.875,25.605,35.784,1140.114,35.784,35.784,1,1,
487,1790097404496900096,48.7,20,18,2240,1728,49.643,76.448,113.03,21.168,2,41.733,86.935,128.448,25.798,2,1.2963,18,1276.34,1154.593,1394.69,25.605,35.784,1144.886,35.784,35.784,1,1,
488,1790097404596900096,48.8,21,19,2352,1824,48.458,76.448,113.03,19.62,2,42.054,86.935,128.448,26.222,2,1.2895,19,1293.129,1154.593,1414.836,25.605,35.784,1161.675,35.784,35.784,1,1,
489,1790097404696900096,48.9,21,18,2352,1728,48.458,76.448,113.03,19.078,2,43.569,86.935,128.448,30.035,2,1.3611,18,1294.437,1154.593,1414.836,25.605,35.784,1162.983,35.784,35.784,1,1,
490,1790097404796900096,49.0,22,18,2464,1728,49.024,64.265,113.03,16.202,2,76.735,86.935,128.448,30.386,2,1.4259,18,1328.734,1193.484,1414.836,13.422,35.784,1197.28,35.784,35.784,1,1,
491,1790097404896900096,49.1,20,17,2240,1632,49.643,64.265,113.03,14.401,2,59.555,87.393,128.448,31.981,2,1.3725,17,1337.402,1260.96,1434.349,13.422,36.242,1205.948,36.242,36.242,1,1,
492,1790097404996900096,49.2,21,17,2352,1632,49.334,64.265,101.538,15.587,2,42.078,86.935,128.448,26.809,2,1.4412,17,1373.491,1260.96,1437.82,13.422,35.784,1242.037,35.784,35.784,1,1,
493,1790097405096900096,49.3,20,16,2240,1536,52.196,64.265,101.538,14.035,2,76.735,86.935,128.448,26.062,2,1.4583,16,1384.962,1260.96,1449.982,13.422,35.784,1253.507,35.784,35.784,1,1,
494,1790097405196900096,49.4,21,16,2352,1536,50.919,76.448,101.538,15.686,2,76.735,86.935,166.785,28.618,2,1.5312,16,1399.725,1260.96,1449.982,25.605,35.784,1268.27,35.784,35.784,1,1,
495,1790097405296900096,49.5,20,15,2240,1440,49.024,76.448,101.538,16.676,2,79.416,86.935,166.785,27.872,2,1.5556,15,1405.744,1260.96,1449.982,25.605,35.784,1274.29,35.784,35.784,1,1,
496,1790097405396900096,49.6,21,15,2352,1440,46.499,81.601,140.541,22.492,2,60.148,89.909,166.785,30.167,2,1.6333,15,1414.836,1325.085,1486.363,30.758,38.758,1283.382,38.758,38.758,1,1,
497,1790097405496900096,49.7,18,15,2016,1440,43.974,81.601,140.541,24.426,2,61.13,89.909,166.785,29.942,2,1.4,15,1414.836,1325.085,1486.363,30.758,38.758,1283.382,38.758,38.758,1,1,
498,1790097405596900096,49.8,19,15,2128,1440,43.362,101.538,142.686,32.318,3,63.811,126.719,166.785,33.512,2,1.4778,15,1431.644,1325.085,1486.363,50.695,75.568,1300.19,75.568,75.568,1,1,
499,1790097405696900096,49.9,19,12,2128,1152,43.362,102.799,142.686,37.075,3,82.097,126.719,166.785,30.909,1,1.8472,12,1436.085,1375.233,1486.363,51.956,75.568,1304.63,75.568,75.568,1,1,
500,1790097405796900096,50.0,21,16,2352,1536,41.389,102.799,142.686,36.073,3,45.525,166.785,167.192,42.522,3,1.5312,16,1432.997,1379.465,1486.363,51.956,115.634,1301.542,115.634,115.634,1,1,
501,1790097405896900096,50.1,20,15,2240,1440,41.697,102.799,142.686,34.828,3,64.178,166.785,167.192,45.204,3,1.5556,15,1431.644,1379.465,1486.363,51.956,115.634,1300.19,115.634,115.634,1,1,
502,1790097405996900096,50.2,19,15,2128,1440,42.271,102.799,142.686,34.427,3,44.543,166.785,167.192,42.9,3,1.4778,15,1412.573,1379.465,1486.363,51.956,115.634,1281.119,115.634,115.634,1,1,
503,1790097406096900096,50.3,20,17,2240,1632,41.697,102.799,142.686,33.902,3,42.991,126.719,167.192,30.232,3,1.3725,17,1403.383,1370.331,1486.363,51.956,75.568,1271.929,75.568,75.568,1,1,
504,1790097406196900096,50.4,20,18,2240,1728,45.861,102.799,142.686,34.154,3,43.561,89.909,167.192,30.643,3,1.2963,18,1402.741,1370.331,1486.363,51.956,38.758,1271.287,51.956,51.956,1,1,
505,1790097406296900096,50.5,21,18,2352,1728,43.779,89.151,142.686,32.039,3,42.422,85.304,167.192,28.12,3,1.3611,18,1400.154,1370.331,1486.363,38.308,34.153,1268.7,38.308,38.308,1,1,
506,1790097406396900096,50.6,20,18,2240,1728,48.991,86.582,102.799,26.393,3,42.883,85.304,167.192,27.956,3,1.2963,18,1393.305,1334.501,1478.752,35.739,34.153,1261.851,35.739,35.739,1,1,
507,1790097406496900096,50.7,21,19,2352,1824,47.426,86.582,102.799,26.373,3,42.652,85.134,167.192,26.351,3,1.2895,19,1393.413,1334.501,1478.752,35.739,33.983,1261.959,35.739,35.739,1,1,
508,1790097406596900096,50.8,21,21,2352,2016,47.426,86.582,135.832,26.008,2,42.652,85.134,86.413,23.586,3,1.1667,21,1393.198,1334.501,1478.752,35.739,33.983,1261.744,35.739,35.739,1,1,
509,1790097406696900096,50.9,20,21,2240,2016,45.861,77.087,135.832,23.775,2,42.652,85.134,86.413,23.586,3,1.1111,21,1393.198,1334.501,1478.752,26.245,33.983,1261.744,33.983,33.983,1,1,
510,1790097406796900096,51.0,17,21,1904,2016,47.426,86.582,135.832,25.596,2,42.652,85.304,128.392,23.685,2,0.9444,21,1384.855,1334.501,1419.556,35.739,34.153,1253.401,35.739,35.739,1,1,
511,1790097406896900096,51.1,20,20,2240,1920,40.444,86.582,184.4,33.693,3,42.883,82.92,128.392,20.477,2,1.1667,20,1381.842,1294.117,1419.556,35.739,31.769,1250.388,35.739,35.739,1,1,
512,1790097406996900096,51.2,21,20,2352,1920,43.152,86.582,184.4,32.259,3,43.54,86.413,172.794,31.5,3,1.225,20,1378.095,1294.117,1466.778,35.739,35.262,1246.641,35.739,35.739,1,1,
513,1790097407096900096,51.3,18,19,2016,1824,40.444,86.582,184.4,35.617,3,44.281,86.413,172.794,35.277,3,1.1053,19,1377.361,1294.117,1466.778,35.739,35.262,1245.907,35.739,35.739,1,1,
514,1790097407196900096,51.4,21,18,2352,1728,36.539,111.945,184.4,35.137,3,45.022,128.392,172.794,39.988,3,1.3611,18,1384.189,1294.117,1487.435,61.102,77.241,1252.735,77.241,77.241,1,1,
515,1790097407296900096,51.5,20,18,2240,1728,37.391,111.945,184.4,32.338,3,43.54,128.392,172.794,44.603,3,1.2963,18,1385.312,1294.117,1487.435,61.102,77.241,1253.858,77.241,77.241,1,1,
516,1790097407396900096,51.6,21,18,2352,1728,38.917,111.945,184.4,30.217,3,43.54,128.392,172.794,42.926,3,1.3611,18,1389.82,1294.117,1487.435,61.102,77.241,1258.365,77.241,77.241,1,1,
517,1790097407496900096,51.7,21,19,2352,1824,42.805,70.519,184.4,26.382,3,42.947,128.392,172.794,36.762,3,1.2895,19,1386.376,1294.117,1487.435,19.676,77.241,1254.922,77.241,77.241,1,1,
518,1790097407596900096,51.8,21,19,2352,1824,43.868,70.519,184.4,24.522,3,42.435,128.392,172.794,34.323,3,1.2895,19,1386.376,1294.117,1487.435,19.676,77.241,1254.922,77.241,77.241,1,1,
519,1790097407696900096,51.9,20,20,2240,1920,45.167,68.506,111.945,17.958,3,42.516,83.635,172.794,27.828,3,1.1667,20,1381.834,1294.117,1487.435,17.663,32.484,1250.379,32.484,32.484,1,1,
520,1790097407796900096,52.0,23,18,2576,1728,44.57,70.519,111.945,19.272,3,42.516,83.635,172.794,28.557,3,1.4907,18,1381.834,1294.117,1487.435,19.676,32.484,1250.379,32.484,32.484,1,1,
521,1790097407896900096,52.1,20,18,2240,1728,46.687,80.777,111.945,18.56,2,42.516,83.635,129.19,23.357,3,1.2963,18,1386.814,1338.851,1487.435,29.934,32.484,1255.359,32.484,32.484,1,1,
522,1790097407996900096,52.2,21,20,2352,1920,45.927,80.777,111.945,17.378,2,42.516,84.387,129.19,23.264,3,1.225,20,1386.814,1338.851,1487.435,29.934,33.236,1255.359,33.236,33.236,1,1,
523,1790097408096900096,52.3,22,17,2464,1632,46.687,68.506,92.694,13.563,2,42.664,85.358,126.552,19.578,2,1.5098,17,1386.376,1338.851,1487.435,17.663,34.207,1254.922,34.207,34.207,1,1,
524,1790097408196900096,52.4,20,19,2240,1824,46.919,68.506,92.694,11.58,1,42.664,84.387,126.552,17.919,2,1.2281,19,1386.376,1338.851,1495.195,17.663,33.236,1254.922,33.236,33.236,1,1,
525,1790097408296900096,52.5,20,17,2240,1632,47.192,68.506,92.694,11.669,1,43.564,90.649,126.552,17.84,1,1.3725,17,1377.291,1338.851,1495.195,17.663,39.498,1245.837,39.498,39.498,1,1,
526,1790097408396900096,52.6,20,17,2240,1632,47.192,80.777,92.694,15.697,1,43.564,90.649,126.552,22.753,2,1.3725,17,1387.251,1338.851,1495.195,29.934,39.498,1255.797,39.498,39.498,1,1,
527,1790097408496900096,52.7,21,16,2352,1536,47.056,80.777,92.694,14.281,1,44.316,90.649,126.552,26.182,2,1.5312,16,1389.141,1338.851,1495.195,29.934,39.498,1257.686,39.498,39.498,1,1,
528,1790097408596900096,52.8,20,16,2240,1536,47.192,80.777,92.694,14.224,1,44.316,122.199,126.552,31.835,2,1.4583,16,1411.702,1338.851,1495.195,29.934,71.048,1280.248,71.048,71.048,1,1,
529,1790097408696900096,52.9,21,16,2352,1536,47.056,76.611,90.946,12.978,1,82.164,122.199,126.552,31.888,2,1.5312,16,1429.859,1338.851,1495.195,25.768,71.048,1298.404,71.048,71.048,1,1,
530,1790097408796900096,53.0,20,16,2240,1536,47.192,60.818,90.946,11.762,1,82.164,122.199,126.552,31.978,2,1.4583,16,1457.781,1345.821,1495.195,9.976,71.048,1326.327,71.048,71.048,1,1,
531,1790097408896900096,53.1,21,16,2352,1536,48.09,60.818,90.946,11.764,1,82.164,122.199,126.552,31.97,2,1.5312,16,1458.044,1345.821,1495.195,9.976,71.048,1326.59,71.048,71.048,1,1,
532,1790097408996900096,53.2,20,16,2240,1536,48.988,70.557,90.946,13.205,1,44.316,90.649,122.199,29.02,2,1.4583,16,1458.044,1345.821,1495.195,19.714,39.498,1326.59,39.498,39.498,1,1,
533,1790097409096900096,53.3,20,17,2240,1632,47.192,70.557,90.946,14.286,1,43.338,90.649,122.199,27.308,2,1.3725,17,1453.289,1345.821,1495.195,19.714,39.498,1321.835,39.498,39.498,1,1,
534,1790097409196900096,53.4,20,16,2240,1536,47.192,70.557,90.946,15.389,1,43.652,122.199,126.563,30.948,2,1.4583,16,1453.552,1422.938,1490.342,19.714,71.048,1322.098,71.048,71.048,1,1,
535,1790097409296900096,53.5,18,18,2016,1728,46.696,69.273,76.611,14.597,1,42.762,86.224,126.563,25.341,2,1.1667,18,1455.311,1422.938,1490.342,18.43,35.073,1323.857,35.073,35.073,1,1,
536,1790097409396900096,53.6,16,17,1792,1632,46.696,70.557,76.611,13.593,1,42.893,122.199,126.563,24.457,2,1.098,17,1456.807,1422.938,1491.494,19.714,71.048,1325.353,71.048,71.048,1,1,
537,1790097409496900096,53.7,20,16,2240,1536,40.568,70.557,302.24,35.622,6,42.762,86.224,126.563,20.792,2,1.4583,16,1455.311,1422.938,1491.494,19.714,35.073,1323.857,35.073,35.073,1,1,
538,1790097409596900096,53.8,20,14,2240,1344,36.434,70.557,302.24,35.469,6,42.762,85.23,126.563,17.366,1,1.6667,14,1459.54,1422.938,1491.494,19.714,34.079,1328.086,34.079,34.079,1,1,
539,1790097409696900096,53.9,20,18,2240,1728,36.434,70.557,302.24,35.641,6,40.928,85.23,293.76,37.825,6,1.2963,18,1437.384,1192.177,1491.494,19.714,34.079,1305.93,34.079,34.079,1,1,
540,1790097409796900096,54.0,21,19,2352,1824,37.129,70.557,302.24,34.628,6,41.036,89.89,293.76,38.431,6,1.2895,19,1427.321,1185.955,1491.494,19.714,38.739,1295.867,38.739,38.739,1,1,
541,1790097409896900096,54.1,18,19,2016,1824,36.434,69.273,302.24,37.232,6,40.808,89.89,293.76,36.189,6,1.1053,19,1422.938,1185.955,1491.494,18.43,38.739,1291.484,38.739,38.739,1,1,
542,1790097409996900096,54.2,21,19,2352,1824,37.129,83.867,302.24,40.608,6,40.452,89.89,293.76,36.638,6,1.2895,19,1305.16,1185.475,1491.494,33.025,38.739,1173.706,38.739,38.739,1,1,
543,1790097410096900096,54.3,20,20,2240,1920,36.434,83.867,302.24,41.336,6,40.044,89.89,293.76,38.912,6,1.1667,20,1247.221,1152.24,1491.494,33.025,38.739,1115.767,38.739,38.739,1,1,
544,1790097410196900096,54.4,21,20,2352,1920,30.962,131.249,302.24,44.264,6,38.385,89.89,293.76,38.912,6,1.225,20,1230.736,1152.24,1491.494,80.406,38.739,1099.282,80.406,80.406,1,1,
545,1790097410296900096,54.5,22,19,2464,1824,26.219,83.867,134.215,31.011,6,39.407,89.89,293.76,43.494,6,1.3509,19,1220.031,1152.24,1491.494,33.025,38.739,1088.577,38.739,38.739,1,1,
546,1790097410396900096,54.6,24,21,2688,2016,31.167,83.867,134.215,29.733,6,36.806,89.89,134.4,32.811,6,1.3333,21,1218.653,900.174,1443.284,33.025,38.739,1087.199,38.739,38.739,1,1,
547,1790097410496900096,54.7,25,23,2800,2208,34.496,83.867,134.215,29.832,6,36.806,89.89,134.4,33.768,6,1.2681,23,1211.066,900.174,1443.284,33.025,38.739,1079.612,38.739,38.739,1,1,
548,1790097410596900096,54.8,18,24,2016,2304,46.276,68.184,134.215,26.971,2,38.385,89.89,134.4,34.291,6,0.875,24,1206.648,900.174,1443.284,17.341,38.739,1075.194,38.739,38.739,1,1,
549,1790097410696900096,54.9,20,19,2240,1824,37.945,131.249,216.628,38.678,4,40.813,89.89,134.4,32.708,3,1.2281,19,1186.421,900.174,1266.737,80.406,38.739,1054.967,80.406,80.406,1,1,
550,1790097410796900096,55.0,20,18,2240,1728,37.945,68.184,216.628,37.003,4,40.43,86.9,134.4,31.723,3,1.2963,18,1193.837,900.174,1266.737,17.341,35.749,1062.382,35.749,35.749,1,1,
551,1790097410896900096,55.1,22,22,2464,2112,46.276,68.184,216.628,34.266,4,38.385,128.644,249.504,43.101,4,1.1667,22,1198.106,900.174,1361.096,17.341,77.493,1066.652,77.493,77.493,1,1,
552,1790097410996900096,55.2,21,20,2352,1920,47.433,68.184,216.628,31.923,4,38.385,86.9,249.504,44.615,4,1.225,20,1201.741,900.174,1361.096,17.341,35.749,1070.287,35.749,35.749,1,1,
553,1790097411096900096,55.3,19,22,2128,2112,46.573,67.1,216.628,30.749,4,40.248,86.9,249.504,40.785,4,1.0076,22,1198.106,900.174,1361.096,16.257,35.749,1066.652,35.749,35.749,1,1,
554,1790097411196900096,55.4,21,20,2352,1920,50.371,73.311,216.628,34.938,4,40.248,86.9,249.504,38.472,4,1.225,20,1191.956,900.174,1361.096,22.468,35.749,1060.502,35.749,35.749,1,1,
555,1790097411296900096,55.5,21,19,2352,1824,46.573,73.311,216.628,33.791,4,40.226,84.651,249.504,35.379,4,1.2895,19,1188.951,900.174,1361.096,22.468,33.5,1057.496,33.5,33.5,1,1,
556,1790097411396900096,55.6,21,22,2352,2112,49.698,73.311,216.628,32.885,4,40.248,86.9,249.504,38.306,4,1.1136,22,1171.731,900.174,1361.096,22.468,35.749,1040.277,35.749,35.749,1,1,
557,1790097411496900096,55.7,21,21,2352,2016,47.773,67.1,131.346,24.526,4,40.226,84.651,249.504,35.933,4,1.1667,21,1171.114,986.995,1361.096,16.257,33.5,1039.66,33.5,33.5,1,1,
558,1790097411596900096,55.8,23,20,2576,1920,47.773,73.311,131.346,25.052,4,40.204,84.651,249.504,35.848,4,1.3417,20,1179.029,1111.615,1361.096,22.468,33.5,1047.575,33.5,33.5,1,1,
559,1790097411696900096,55.9,21,20,2352,1920,49.698,74.281,131.346,24.656,3,40.204,84.651,166.39,29.302,4,1.225,20,1184.268,1118.733,1361.096,23.438,33.5,1052.814,33.5,33.5,1,1,
560,1790097411796900096,56.0,21,22,2352,2112,51.443,74.281,131.346,21.436,3,40.225,84.651,166.39,26.536,4,1.1136,22,1179.029,1065.521,1361.096,23.438,33.5,1047.575,33.5,33.5,1,1,
561,1790097411896900096,56.1,21,21,2352,2016,50.635,74.281,131.346,21.458,3,40.911,85.694,166.39,26.093,3,1.1667,21,1172.348,1065.521,1291.228,23.438,34.543,1040.894,34.543,34.543,1,1,
562,1790097411996900096,56.2,21,20,2352,1920,50.635,74.281,131.346,21.671,3,41.106,87.348,166.39,25.446,3,1.225,20,1175.265,1065.521,1291.228,23.438,36.197,1043.811,36.197,36.197,1,1,
563,1790097412096900096,56.3,22,20,2464,1920,50.463,74.281,100.794,21.08,3,40.225,87.348,166.39,25.249,3,1.2833,20,1184.268,1065.521,1291.228,23.438,36.197,1052.814,36.197,36.197,1,1,
564,1790097412196900096,56.4,21,19,2352,1824,50.144,74.281,100.794,16.105,2,40.47,85.694,125.121,21.674,3,1.2895,19,1191.342,1065.521,1291.228,23.438,34.543,1059.888,34.543,34.543,1,1,
565,1790097412296900096,56.5,20,20,2240,1920,50.463,74.281,100.794,17.07,2,40.716,87.348,125.121,24.971,3,1.1667,20,1191.343,1065.521,1309.372,23.438,36.197,1059.889,36.197,36.197,1,1,
566,1790097412396900096,56.6,20,17,2240,1632,50.155,74.281,100.794,16.781,2,41.571,125.025,125.121,27.264,2,1.3725,17,1201.662,1065.521,1309.372,23.438,73.874,1070.208,73.874,73.874,1,1,
567,1790097412496900096,56.7,21,15,2352,1440,49.99,90.167,144.497,24.888,3,41.571,125.025,125.121,28.02,2,1.6333,15,1209.111,1065.521,1309.372,39.324,73.874,1077.656,73.874,73.874,1,1,
568,1790097412596900096,56.8,20,14,2240,1344,49.825,65.018,144.497,20.714,3,42.426,123.966,125.025,29.653,2,1.6667,14,1225.031,1065.521,1387.079,14.175,72.815,1093.577,72.815,72.815,1,1,
569,1790097412696900096,56.9,20,17,2240,1632,49.825,65.018,144.497,19.028,3,41.571,125.025,167.844,37.234,3,1.3725,17,1231.27,1065.521,1481.488,14.175,73.874,1099.816,73.874,73.874,1,1,
570,1790097412796900096,57.0,21,16,2352,1536,49.209,78.961,144.497,20.668,3,42.426,125.025,167.844,36.888,3,1.5312,16,1261.281,1172.057,1481.488,28.118,73.874,1129.827,73.874,73.874,1,1,
571,1790097412896900096,57.1,21,16,2352,1536,49.209,78.961,144.497,22.101,3,44.256,125.025,167.844,34.169,3,1.5312,16,1332.669,1172.057,1481.488,28.118,73.874,1201.215,73.874,73.874,1,1,
572,1790097412996900096,57.2,21,17,2352,1632,49.209,80.741,144.497,24.568,3,42.529,125.025,167.844,31.58,3,1.4412,17,1358.325,1209.111,1481.488,29.898,73.874,1226.871,73.874,73.874,1,1,
573,1790097413096900096,57.3,22,16,2464,1536,48.593,78.961,144.497,22.397,3,44.27,125.025,167.844,38.351,3,1.6042,16,1374.039,1209.111,1481.488,28.118,73.874,1242.585,73.874,73.874,1,1,
574,1790097413196900096,57.4,21,16,2352,1536,49.374,80.741,144.497,25.808,3,44.256,123.966,167.844,33.382,3,1.5312,16,1382.911,1263.173,1481.488,29.898,72.815,1251.456,72.815,72.815,1,1,
575,1790097413296900096,57.5,20,18,2240,1728,50.155,80.741,144.497,26.82,3,44.256,85.478,167.844,29.582,3,1.2963,18,1379.769,1263.173,1481.488,29.898,34.327,1248.314,34.327,34.327,1,1,
576,1790097413396900096,57.6,21,19,2352,1824,51.919,78.961,96.141,23.826,3,44.143,85.478,167.844,30.141,3,1.2895,19,1380.361,1263.173,1481.488,28.118,34.327,1248.907,34.327,34.327,1,1,
577,1790097413496900096,57.7,23,20,2576,1920,51.744,78.961,96.141,22.026,3,44.256,83.399,167.844,28.127,3,1.3417,20,1382.911,1332.862,1481.488,28.118,32.248,1251.456,32.248,32.248,1,1,
578,1790097413596900096,57.8,21,21,2352,2016,55.07,78.961,96.141,20.675,2,43.884,80.536,85.478,20.583,3,1.1667,21,1385.46,1332.862,1481.488,28.118,29.385,1254.006,29.385,29.385,1,1,
579,1790097413696900096,57.9,20,19,2240,1824,54.895,69.298,96.141,20.014,2,44.15,82.991,85.478,20.13,2,1.2281,19,1380.361,1332.862,1423.515,18.456,31.84,1248.907,31.84,31.84,1,1,
580,1790097413796900096,58.0,21,19,2352,1824,53.733,69.298,96.141,18.078,2,45.114,83.399,85.478,22.432,2,1.2895,19,1385.46,1332.862,1456.824,18.456,32.248,1254.006,32.248,32.248,1,1,
581,1790097413896900096,58.1,19,18,2128,1728,53.733,69.298,96.141,18.916,2,46.198,84.665,87.984,24.101,2,1.2315,18,1391.539,1332.862,1456.824,18.456,33.514,1260.085,33.514,33.514,1,1,
582,1790097413996900096,58.2,20,17,2240,1632,52.572,91.672,127.391,24.791,3,45.114,84.665,87.984,23.031,2,1.3725,17,1400.311,1332.862,1456.824,40.829,33.514,1268.856,40.829,40.829,1,1,
583,1790097414096900096,58.3,21,15,2352,1440,50.882,91.672,127.391,24.457,3,45.114,84.665,87.984,20.688,2,1.6333,15,1405.542,1332.862,1456.824,40.829,33.514,1274.088,40.829,40.829,1,1,
584,1790097414196900096,58.4,20,13,2240,1248,50.712,69.298,127.391,19.94,3,61.449,84.665,87.984,23.469,2,1.7949,13,1409.9,1332.862,1456.824,18.456,33.514,1278.446,33.514,33.514,1,1,
585,1790097414296900096,58.5,21,13,2352,1248,49.953,69.298,127.391,18.305,3,60.219,87.984,302.975,42.353,2,1.8846,13,1416.237,1332.862,1487.759,18.456,36.833,1284.783,36.833,36.833,1,1,
586,1790097414396900096,58.6,21,14,2352,1344,49.953,76.734,127.391,18.132,3,43.739,87.984,302.975,34.027,1,1.75,14,1431.617,1332.862,1487.759,25.891,36.833,1300.163,36.833,36.833,1,1,
587,1790097414496900096,58.7,20,14,2240,1344,49.193,76.734,127.391,19.634,3,43.739,87.984,302.975,33.644,1,1.6667,14,1439.538,1400.311,1487.759,25.891,36.833,1308.084,36.833,36.833,1,1,
588,1790097414596900096,58.8,19,14,2128,1344,48.589,91.672,127.391,24.6,3,42.749,87.984,302.975,34.21,1,1.5833,14,1439.538,1378.56,1487.759,40.829,36.833,1308.084,40.829,40.829,1,1,
589,1790097414696900096,58.9,21,12,2352,1152,49.953,91.672,127.391,26.705,3,42.749,87.984,302.975,36.382,1,2.0417,12,1441.299,1378.56,1487.759,40.829,36.833,1309.845,40.829,40.829,1,1,
590,1790097414796900096,59.0,20,13,2240,1248,49.193,76.734,127.391,26.376,3,42.39,158.982,302.975,43.105,2,1.7949,13,1442.878,1378.56,1487.759,25.891,107.831,1311.424,107.831,107.831,1,1,
591,1790097414896900096,59.1,21,14,2352,1344,48.589,76.734,124.397,24.323,3,42.031,168.586,302.975,49.222,2,1.75,14,1441.299,1378.56,1487.759,25.891,117.435,1309.845,117.435,117.435,1,1,
592,1790097414996900096,59.2,23,14,2576,1344,48.589,83.023,124.397,25.88,3,42.031,158.982,168.586,29.271,2,1.9167,14,1439.538,1375.706,1487.759,32.18,107.831,1308.084,107.831,107.831,1,1,
593,1790097415096900096,59.3,20,15,2240,1440,50.712,83.023,124.397,23.99,2,42.461,158.982,168.586,33.501,2,1.5556,15,1439.72,1375.706,1487.759,32.18,107.831,1308.266,107.831,107.831,1,1,
594,1790097415196900096,59.4,21,17,2352,1632,49.967,83.023,124.397,23.199,2,42.461,158.982,168.586,34.549,2,1.4412,17,1439.72,1375.706,1487.759,32.18,107.831,1308.266,107.831,107.831,1,1,
595,1790097415296900096,59.5,20,16,2240,1536,46.503,83.023,124.397,24.375,2,42.891,158.982,168.586,36.708,2,1.4583,16,1436.714,1356.282,1479.125,32.18,107.831,1305.26,107.831,107.831,1,1,
596,1790097415396900096,59.6,21,16,2352,1536,46.682,83.197,124.397,23.611,2,42.891,158.982,168.586,39.112,2,1.5312,16,1403.889,1312.544,1468.581,32.354,107.831,1272.435,107.831,107.831,1,1,
597,1790097415496900096,59.7,21,15,2352,1440,46.682,83.023,92.379,19.679,2,43.177,158.982,168.586,41.913,2,1.6333,15,1401.54,1312.544,1468.581,32.18,107.831,1270.086,107.831,107.831,1,1,
598,1790097415596900096,59.8,21,16,2352,1536,46.682,83.023,92.379,17.913,2,43.464,130.531,168.586,39.011,2,1.5312,16,1421.02,1312.544,1487.471,32.18,79.38,1289.566,79.38,79.38,1,1,
599,1790097415696900096,59.9,21,18,2352,1728,46.682,83.023,92.379,16.841,2,43.464,83.767,168.586,34.692,2,1.3611,18,1437.211,1312.544,1487.471,32.18,32.616,1305.757,32.616,32.616,1,1,
600,1790097415796900096,60.0,20,18,2240,1728,46.861,83.197,94.07,18.828,2,43.464,83.653,130.531,27.557,2,1.2963,18,1437.736,1312.544,1487.471,32.354,32.502,1306.281,32.502,32.502,1,1,
601,1790097415896900096,60.1,21,19,2352,1824,47.791,83.197,96.71,20.209,2,44.746,83.653,130.531,27.977,2,1.2895,19,1438.621,1312.544,1487.471,32.354,32.502,1307.167,32.502,32.502,1,1,
602,1790097415996900096,60.2,22,16,2464,1536,46.861,83.197,96.71,18.802,2,46.029,83.653,83.767,24.621,2,1.6042,16,1446.118,1312.544,1499.214,32.354,32.502,1314.664,32.502,32.502,1,1,
603,1790097416096900096,60.3,20,19,2240,1824,48.721,83.197,96.71,17.761,2,62.304,83.363,83.767,26.885,2,1.2281,19,1454.677,1312.544,1499.214,32.354,32.212,1323.223,32.354,32.354,1,1,
604,1790097416196900096,60.4,20,20,2240,1920,48.721,94.07,98.701,22.525,2,44.063,83.175,83.653,24.076,2,1.1667,20,1451.717,1312.544,1499.214,43.227,32.024,1320.263,43.227,43.227,1,1,
605,1790097416296900096,60.5,18,18,2016,1728,48.721,94.07,98.701,22.834,2,44.063,80.464,83.363,21.866,2,1.1667,18,1454.861,1312.544,1499.214,43.227,29.313,1323.407,43.227,43.227,1,1,
606,1790097416396900096,60.6,16,18,1792,1728,50.354,96.71,98.701,24.659,2,44.063,80.464,124.551,26.66,2,1.037,18,1455.069,1430.61,1499.214,45.867,29.313,1323.615,45.867,45.867,1,1,
607,1790097416496900096,60.7,14,17,1568,1632,50.354,96.71,98.701,27.296,2,43.929,83.363,124.551,26.051,2,0.9608,17,1455.093,1430.61,1499.214,45.867,32.212,1323.639,45.867,45.867,1,1,
608,1790097416596900096,60.8,12,15,1344,1440,50.354,96.71,98.701,28.883,2,43.929,83.363,124.551,24.077,2,0.9333,15,1455.093,1430.61,1499.214,45.867,32.212,1323.639,45.867,45.867,1,1,
609,1790097416696900096,60.9,10,13,1120,1248,50.354,96.71,98.701,30.263,2,43.929,83.363,124.551,27.707,2,0.8974,13,1455.093,1430.61,1499.214,45.867,32.212,1323.639,45.867,45.867,1,1,
610,1790097416796900096,61.0,8,11,896,1056,50.354,60.873,98.701,26.52,2,43.929,80.379,124.551,28.52,2,0.8485,11,1459.462,1430.61,1499.214,10.03,29.228,1328.008,29.228,29.228,1,1,
611,1790097416896900096,61.1,6,10,672,960,50.354,98.701,98.701,25.102,2,43.796,80.379,124.551,27.824,2,0.7,10,1461.199,1430.61,1499.214,47.858,29.228,1329.745,47.858,47.858,1,1,
612,1790097416996900096,61.2,4,8,448,768,50.354,98.701,98.701,32.896,2,42.281,80.379,124.551,30.308,2,0.5833,8,1457.277,1430.61,1479.507,47.858,29.228,1325.823,47.858,47.858,1,1,
613,1790097417096900096,61.3,2,6,224,576,0.012,0.012,0.012,0.0,2,42.281,124.551,124.551,26.357,2,0.3889,6,1461.199,1430.61,1479.507,-50.831,73.4,1329.745,73.4,73.4,1,1,
614,1790097417196900096,61.4,0,3,0,288,,,,,0,62.277,124.551,124.551,62.274,2,0.0,3,1459.462,1430.61,1479.507,,73.4,1328.008,73.4,73.4,1,1,
615,1790097417296900096,61.5,0,2,0,192,,,,,0,0.003,0.003,0.003,0.0,2,0.0,2,1445.036,1430.61,1459.462,,-51.148,1313.582,-51.148,-51.148,1,0,
616,1790097417396900096,61.6,0,0,0,0,,,,,0,,,,,0,,0,,,,,,,,,1,0,
617,1790097417496900096,61.7,0,0,0,0,,,,,0,,,,,0,,0,,,,,,,,,1,0,
618,1790097417596900096,61.8,0,0,0,0,,,,,0,,,,,0,,0,,,,,,,,,1,0,
619,1790097417696900096,61.9,0,0,0,0,,,,,0,,,,,0,,0,,,,,,,,,1,0,
620,1790097417796900096,62.0,0,0,0,0,,,,,0,,,,,0,,0,,,,,,,,,1,0,
621,1790097417896900096,62.1,0,0,0,0,,,,,0,,,,,0,,0,,,,,,,,,1,0,
622,1790097417996900096,62.2,0,0,0,0,,,,,0,,,,,0,,0,,,,,,,,,1,0,
623,1790097418096900096,62.3,0,0,0,0,,,,,0,,,,,0,,0,,,,,,,,,1,0,
624,1790097418196900096,62.4,0,0,0,0,,,,,0,,,,,0,,0,,,,,,,,,1,0,
625,1790097418296900096,62.5,0,0,0,0,,,,,0,,,,,0,,0,,,,,,,,,1,0,
626,1790097418396900096,62.6,0,0,0,0,,,,,0,,,,,0,,0,,,,,,,,,1,0,
627,1790097418496900096,62.7,0,0,0,0,,,,,0,,,,,0,,0,,,,,,,,,1,0,
628,1790097418596900096,62.8,0,0,0,0,,,,,0,,,,,0,,0,,,,,,,,,1,0,
629,1790097418696900096,62.9,0,0,0,0,,,,,0,,,,,0,,0,,,,,,,,,1,0,
630,1790097418796900096,63.0,0,0,0,0,,,,,0,,,,,0,,0,,,,,,,,,1,0,
631,1790097418896900096,63.1,0,0,0,0,,,,,0,,,,,0,,0,,,,,,,,,1,0,
632,1790097418996900096,63.2,0,0,0,0,,,,,0,,,,,0,,0,,,,,,,,,1,0,
633,1790097419096900096,63.3,0,0,0,0,,,,,0,,,,,0,,0,,,,,,,,,1,0,
634,1790097419196900096,63.4,0,0,0,0,,,,,0,,,,,0,,0,,,,,,,,,1,0,
635,1790097419296900096,63.5,0,0,0,0,,,,,0,,,,,0,,0,,,,,,,,,1,0,
636,1790097419396900096,63.6,0,0,0,0,,,,,0,,,,,0,,0,,,,,,,,,1,0,
637,1790097419496900096,63.7,0,0,0,0,,,,,0,,,,,0,,0,,,,,,,,,1,0,
638,1790097419596900096,63.8,0,0,0,0,,,,,0,,,,,0,,0,,,,,,,,,1,0,
639,1790097419696900096,63.9,0,0,0,0,,,,,0,,,,,0,,0,,,,,,,,,1,0,
640,1790097419796900096,64.0,0,0,0,0,,,,,0,,,,,0,,0,,,,,,,,,1,0,
641,1790097419896900096,64.1,0,0,0,0,,,,,0,,,,,0,,0,,,,,,,,,1,0,
642,1790097419996900096,64.2,0,0,0,0,,,,,0,,,,,0,,0,,,,,,,,,1,0,
643,1790097420096900096,64.3,0,0,0,0,,,,,0,,,,,0,,0,,,,,,,,,1,0,
644,1790097420196900096,64.4,0,0,0,0,,,,,0,,,,,0,,0,,,,,,,,,1,0,
645,1790097420296900096,64.5,0,0,0,0,,,,,0,,,,,0,,0,,,,,,,,,1,0,
646,1790097420396900096,64.6,0,0,0,0,,,,,0,,,,,0,,0,,,,,,,,,1,0,
647,1790097420496900096,64.7,0,0,0,0,,,,,0,,,,,0,,0,,,,,,,,,1,0,
648,1790097420596900096,64.8,0,0,0,0,,,,,0,,,,,0,,0,,,,,,,,,1,0,
649,1790097420696900096,64.9,0,0,0,0,,,,,0,,,,,0,,0,,,,,,,,,1,0,
650,1790097420796900096,65.0,0,0,0,0,,,,,0,,,,,0,,0,,,,,,,,,1,0,
651,1790097420896900096,65.1,0,0,0,0,,,,,0,,,,,0,,0,,,,,,,,,1,0,
652,1790097420996900096,65.2,0,0,0,0,,,,,0,,,,,0,,0,,,,,,,,,1,0,
653,1790097421096900096,65.3,0,0,0,0,,,,,0,,,,,0,,0,,,,,,,,,1,0,
654,1790097421196900096,65.4,0,0,0,0,,,,,0,,,,,0,,0,,,,,,,,,1,0,
655,1790097421296900096,65.5,0,0,0,0,,,,,0,,,,,0,,0,,,,,,,,,1,0,
656,1790097421396900096,65.6,0,0,0,0,,,,,0,,,,,0,,0,,,,,,,,,1,0,
657,1790097421496900096,65.7,0,0,0,0,,,,,0,,,,,0,,0,,,,,,,,,1,0,
658,1790097421596900096,65.8,0,0,0,0,,,,,0,,,,,0,,0,,,,,,,,,1,0,
659,1790097421696900096,65.9,0,0,0,0,,,,,0,,,,,0,,0,,,,,,,,,1,0,
660,1790097421796900096,66.0,0,0,0,0,,,,,0,,,,,0,,0,,,,,,,,,1,0,
661,1790097421896900096,66.1,0,0,0,0,,,,,0,,,,,0,,0,,,,,,,,,1,0,
662,1790097421996900096,66.2,0,0,0,0,,,,,0,,,,,0,,0,,,,,,,,,1,0,
663,1790097422096900096,66.3,0,0,0,0,,,,,0,,,,,0,,0,,,,,,,,,1,0,
664,1790097422196900096,66.4,0,0,0,0,,,,,0,,,,,0,,0,,,,,,,,,1,0,
665,1790097422296900096,66.5,0,0,0,0,,,,,0,,,,,0,,0,,,,,,,,,1,0,
666,1790097422396900096,66.6,0,0,0,0,,,,,0,,,,,0,,0,,,,,,,,,1,0,
667,1790097422496900096,66.7,0,0,0,0,,,,,0,,,,,0,,0,,,,,,,,,1,0,
668,1790097422596900096,66.8,0,0,0,0,,,,,0,,,,,0,,0,,,,,,,,,1,0,
669,1790097422696900096,66.9,0,0,0,0,,,,,0,,,,,0,,0,,,,,,,,,1,0,
670,1790097422796900096,67.0,0,0,0,0,,,,,0,,,,,0,,0,,,,,,,,,1,0,
671,1790097422896900096,67.1,0,0,0,0,,,,,0,,,,,0,,0,,,,,,,,,1,0,
672,1790097422996900096,67.2,0,0,0,0,,,,,0,,,,,0,,0,,,,,,,,,1,0,
673,1790097423096900096,67.3,0,0,0,0,,,,,0,,,,,0,,0,,,,,,,,,1,0,
674,1790097423196900096,67.4,0,0,0,0,,,,,0,,,,,0,,0,,,,,,,,,1,0,
675,1790097423296900096,67.5,0,0,0,0,,,,,0,,,,,0,,0,,,,,,,,,1,0,
676,1790097423396900096,67.6,0,0,0,0,,,,,0,,,,,0,,0,,,,,,,,,1,0,
677,1790097423496900096,67.7,0,0,0,0,,,,,0,,,,,0,,0,,,,,,,,,1,0,
678,1790097423596900096,67.8,0,0,0,0,,,,,0,,,,,0,,0,,,,,,,,,1,0,
679,1790097423696900096,67.9,0,0,0,0,,,,,0,,,,,0,,0,,,,,,,,,1,0,
680,1790097423796900096,68.0,0,0,0,0,,,,,0,,,,,0,,0,,,,,,,,,1,0,
681,1790097423896900096,68.1,0,0,0,0,,,,,0,,,,,0,,0,,,,,,,,,1,0,
682,1790097423996900096,68.2,0,0,0,0,,,,,0,,,,,0,,0,,,,,,,,,1,0,
683,1790097424096900096,68.3,0,0,0,0,,,,,0,,,,,0,,0,,,,,,,,,1,0,
684,1790097424196900096,68.4,0,0,0,0,,,,,0,,,,,0,,0,,,,,,,,,1,0,
685,1790097424296900096,68.5,0,0,0,0,,,,,0,,,,,0,,0,,,,,,,,,1,0,
686,1790097424396900096,68.6,0,0,0,0,,,,,0,,,,,0,,0,,,,,,,,,1,0,
687,1790097424496900096,68.7,0,0,0,0,,,,,0,,,,,0,,0,,,,,,,,,1,0,
688,1790097424596900096,68.8,0,0,0,0,,,,,0,,,,,0,,0,,,,,,,,,1,0,
689,1790097424696900096,68.9,0,0,0,0,,,,,0,,,,,0,,0,,,,,,,,,1,0,
690,1790097424796900096,69.0,0,0,0,0,,,,,0,,,,,0,,0,,,,,,,,,1,0,
691,1790097424896900096,69.1,0,0,0,0,,,,,0,,,,,0,,0,,,,,,,,,1,0,
692,1790097424996900096,69.2,0,0,0,0,,,,,0,,,,,0,,0,,,,,,,,,1,0,
693,1790097425096900096,69.3,0,0,0,0,,,,,0,,,,,0,,0,,,,,,,,,1,0,
694,1790097425196900096,69.4,0,0,0,0,,,,,0,,,,,0,,0,,,,,,,,,1,0,
695,1790097425296900096,69.5,0,0,0,0,,,,,0,,,,,0,,0,,,,,,,,,1,0,
696,1790097425396900096,69.6,0,0,0,0,,,,,0,,,,,0,,0,,,,,,,,,1,0,
697,1790097425496900096,69.7,0,0,0,0,,,,,0,,,,,0,,0,,,,,,,,,1,0,
698,1790097425596900096,69.8,0,0,0,0,,,,,0,,,,,0,,0,,,,,,,,,1,0,
699,1790097425696900096,69.9,0,0,0,0,,,,,0,,,,,0,,0,,,,,,,,,1,0,
700,1790097425796900096,70.0,0,0,0,0,,,,,0,,,,,0,,0,,,,,,,,,1,0,
701,1790097425896900096,70.1,0,0,0,0,,,,,0,,,,,0,,0,,,,,,,,,1,0,
702,1790097425996900096,70.2,0,0,0,0,,,,,0,,,,,0,,0,,,,,,,,,1,0,
703,1790097426096900096,70.3,0,0,0,0,,,,,0,,,,,0,,0,,,,,,,,,1,0,
704,1790097426196900096,70.4,0,0,0,0,,,,,0,,,,,0,,0,,,,,,,,,1,0,
705,1790097426296900096,70.5,1,0,32,0,,,,,0,,,,,0,,0,,,,,,,,,1,0,
706,1790097426396900096,70.6,1,0,32,0,,,,,0,,,,,0,,0,,,,,,,,,1,0,
707,1790097426496900096,70.7,1,0,32,0,,,,,0,,,,,0,,0,,,,,,,,,1,0,
708,1790097426596900096,70.8,1,0,32,0,,,,,0,,,,,0,,0,,,,,,,,,1,0,
709,1790097426696900096,70.9,1,0,32,0,,,,,0,,,,,0,,0,,,,,,,,,1,0,
710,1790097426796900096,71.0,1,0,32,0,,,,,0,,,,,0,,0,,,,,,,,,1,0,
711,1790097426896900096,71.1,1,0,32,0,,,,,0,,,,,0,,0,,,,,,,,,1,0,
712,1790097426996900096,71.2,1,0,32,0,,,,,0,,,,,0,,0,,,,,,,,,1,0,
713,1790097427096900096,71.3,1,0,32,0,,,,,0,,,,,0,,0,,,,,,,,,1,0,
714,1790097427196900096,71.4,1,0,32,0,,,,,0,,,,,0,,0,,,,,,,,,1,0,
715,1790097427296900096,71.5,0,0,0,0,,,,,0,,,,,0,,0,,,,,,,,,1,0,
716,1790097427396900096,71.6,0,0,0,0,,,,,0,,,,,0,,0,,,,,,,,,1,0,
717,1790097427496900096,71.7,0,0,0,0,,,,,0,,,,,0,,0,,,,,,,,,1,0,
718,1790097427596900096,71.8,0,0,0,0,,,,,0,,,,,0,,0,,,,,,,,,1,0,
719,1790097427696900096,71.9,0,0,0,0,,,,,0,,,,,0,,0,,,,,,,,,1,0,
720,1790097427796900096,72.0,0,0,0,0,,,,,0,,,,,0,,0,,,,,,,,,1,0,
721,1790097427896900096,72.1,0,0,0,0,,,,,0,,,,,0,,0,,,,,,,,,1,0,
722,1790097427996900096,72.2,0,0,0,0,,,,,0,,,,,0,,0,,,,,,,,,1,0,
723,1790097428096900096,72.3,0,0,0,0,,,,,0,,,,,0,,0,,,,,,,,,1,0,
724,1790097428196900096,72.4,0,0,0,0,,,,,0,,,,,0,,0,,,,,,,,,1,0,
725,1790097428296900096,72.5,0,0,0,0,,,,,0,,,,,0,,0,,,,,,,,,1,0,
726,1790097428396900096,72.6,0,0,0,0,,,,,0,,,,,0,,0,,,,,,,,,1,0,
727,1790097428496900096,72.7,0,0,0,0,,,,,0,,,,,0,,0,,,,,,,,,1,0,
728,1790097428596900096,72.8,0,0,0,0,,,,,0,,,,,0,,0,,,,,,,,,1,0,
729,1790097428696900096,72.9,0,0,0,0,,,,,0,,,,,0,,0,,,,,,,,,1,0,
730,1790097428796900096,73.0,0,0,0,0,,,,,0,,,,,0,,0,,,,,,,,,1,0,
731,1790097428896900096,73.1,0,0,0,0,,,,,0,,,,,0,,0,,,,,,,,,1,0,
732,1790097428996900096,73.2,0,0,0,0,,,,,0,,,,,0,,0,,,,,,,,,1,0,
733,1790097429096900096,73.3,0,0,0,0,,,,,0,,,,,0,,0,,,,,,,,,1,0,
734,1790097429196900096,73.4,0,0,0,0,,,,,0,,,,,0,,0,,,,,,,,,1,0,
735,1790097429296900096,73.5,0,0,0,0,,,,,0,,,,,0,,0,,,,,,,,,1,0,
736,1790097429396900096,73.6,0,0,0,0,,,,,0,,,,,0,,0,,,,,,,,,1,0,
737,1790097429496900096,73.7,0,0,0,0,,,,,0,,,,,0,,0,,,,,,,,,1,0,
738,1790097429596900096,73.8,0,0,0,0,,,,,0,,,,,0,,0,,,,,,,,,1,0,
739,1790097429696900096,73.9,0,0,0,0,,,,,0,,,,,0,,0,,,,,,,,,1,0,
740,1790097429796900096,74.0,0,0,0,0,,,,,0,,,,,0,,0,,,,,,,,,1,0,
741,1790097429896900096,74.1,0,0,0,0,,,,,0,,,,,0,,0,,,,,,,,,1,0,
742,1790097429996900096,74.2,0,0,0,0,,,,,0,,,,,0,,0,,,,,,,,,1,0,
743,1790097430096900096,74.3,0,0,0,0,,,,,0,,,,,0,,0,,,,,,,,,1,0,
744,1790097430196900096,74.4,0,0,0,0,,,,,0,,,,,0,,0,,,,,,,,,1,0,
745,1790097430296900096,74.5,0,0,0,0,,,,,0,,,,,0,,0,,,,,,,,,1,0,
746,1790097430396900096,74.6,0,0,0,0,,,,,0,,,,,0,,0,,,,,,,,,1,0,
747,1790097430496900096,74.7,0,0,0,0,,,,,0,,,,,0,,0,,,,,,,,,1,0,
748,1790097430596900096,74.8,0,0,0,0,,,,,0,,,,,0,,0,,,,,,,,,1,0,
749,1790097430696900096,74.9,0,0,0,0,,,,,0,,,,,0,,0,,,,,,,,,1,0,
750,1790097430796900096,75.0,0,0,0,0,,,,,0,,,,,0,,0,,,,,,,,,1,0,
751,1790097430896900096,75.1,0,0,0,0,,,,,0,,,,,0,,0,,,,,,,,,1,0,
752,1790097430996900096,75.2,0,0,0,0,,,,,0,,,,,0,,0,,,,,,,,,1,0,
753,1790097431096900096,75.3,0,0,0,0,,,,,0,,,,,0,,0,,,,,,,,,1,0,
754,1790097431196900096,75.4,0,0,0,0,,,,,0,,,,,0,,0,,,,,,,,,1,0,
755,1790097431296900096,75.5,0,0,0,0,,,,,0,,,,,0,,0,,,,,,,,,1,0,
756,1790097431396900096,75.6,0,0,0,0,,,,,0,,,,,0,,0,,,,,,,,,1,0,
757,1790097431496900096,75.7,0,0,0,0,,,,,0,,,,,0,,0,,,,,,,,,1,0,
758,1790097431596900096,75.8,0,0,0,0,,,,,0,,,,,0,,0,,,,,,,,,1,0,
759,1790097431696900096,75.9,0,0,0,0,,,,,0,,,,,0,,0,,,,,,,,,1,0,
760,1790097431796900096,76.0,0,0,0,0,,,,,0,,,,,0,,0,,,,,,,,,1,0,
761,1790097431896900096,76.1,0,0,0,0,,,,,0,,,,,0,,0,,,,,,,,,1,0,
762,1790097431996900096,76.2,0,0,0,0,,,,,0,,,,,0,,0,,,,,,,,,1,0,
763,1790097432096900096,76.3,0,0,0,0,,,,,0,,,,,0,,0,,,,,,,,,1,0,
764,1790097432196900096,76.4,0,0,0,0,,,,,0,,,,,0,,0,,,,,,,,,1,0,
765,1790097432296900096,76.5,0,0,0,0,,,,,0,,,,,0,,0,,,,,,,,,1,0,
766,1790097432396900096,76.6,0,0,0,0,,,,,0,,,,,0,,0,,,,,,,,,1,0,
767,1790097432496900096,76.7,0,0,0,0,,,,,0,,,,,0,,0,,,,,,,,,1,0,
768,1790097432596900096,76.8,0,0,0,0,,,,,0,,,,,0,,0,,,,,,,,,1,0,
769,1790097432696900096,76.9,0,0,0,0,,,,,0,,,,,0,,0,,,,,,,,,1,0,
770,1790097432796900096,77.0,0,0,0,0,,,,,0,,,,,0,,0,,,,,,,,,1,0,
771,1790097432896900096,77.1,0,0,0,0,,,,,0,,,,,0,,0,,,,,,,,,1,0,
772,1790097432996900096,77.2,0,0,0,0,,,,,0,,,,,0,,0,,,,,,,,,1,0,
773,1790097433096900096,77.3,0,0,0,0,,,,,0,,,,,0,,0,,,,,,,,,1,0,
774,1790097433196900096,77.4,0,0,0,0,,,,,0,,,,,0,,0,,,,,,,,,1,0,
775,1790097433296900096,77.5,0,0,0,0,,,,,0,,,,,0,,0,,,,,,,,,1,0,
776,1790097433396900096,77.6,0,0,0,0,,,,,0,,,,,0,,0,,,,,,,,,1,0,
777,1790097433496900096,77.7,0,0,0,0,,,,,0,,,,,0,,0,,,,,,,,,1,0,
778,1790097433596900096,77.8,0,0,0,0,,,,,0,,,,,0,,0,,,,,,,,,1,0,
779,1790097433696900096,77.9,0,0,0,0,,,,,0,,,,,0,,0,,,,,,,,,1,0,
780,1790097433796900096,78.0,2,0,260,0,1.668,1.668,1.668,0.0,2,,,,,0,,0,,,,-49.175,,,-49.175,-49.175,1,0,
781,1790097433896900096,78.1,3,1,292,92,54.875,108.083,108.083,53.208,2,,,,,0,3.1739,0,,,,57.24,,,57.24,57.24,1,1,1790097433939501648
782,1790097433996900096,78.2,3,1,292,92,54.875,108.083,108.083,53.208,2,,,,,0,3.1739,0,,,,57.24,,,57.24,57.24,1,1,
783,1790097434096900096,78.3,3,1,292,92,54.875,108.083,108.083,53.208,2,,,,,0,3.1739,0,,,,57.24,,,57.24,57.24,1,1,
784,1790097434196900096,78.4,3,1,292,92,54.875,108.083,108.083,53.208,2,,,,,0,3.1739,0,,,,57.24,,,57.24,57.24,1,1,
785,1790097434296900096,78.5,3,1,292,92,54.875,108.083,108.083,53.208,2,,,,,0,3.1739,0,,,,57.24,,,57.24,57.24,1,1,
786,1790097434396900096,78.6,3,1,292,92,54.875,108.083,108.083,53.208,2,,,,,0,3.1739,0,,,,57.24,,,57.24,57.24,1,1,
787,1790097434496900096,78.7,3,1,292,92,54.875,108.083,108.083,53.208,2,,,,,0,3.1739,0,,,,57.24,,,57.24,57.24,1,1,
788,1790097434596900096,78.8,4,1,404,92,108.083,655.168,655.168,217.833,2,,,,,0,4.3913,0,,,,604.326,,,604.326,604.326,1,1,
789,1790097434696900096,78.9,4,1,404,92,108.083,655.168,655.168,217.833,2,,,,,0,4.3913,0,,,,604.326,,,604.326,604.326,1,1,
790,1790097434796900096,79.0,2,1,144,92,655.168,655.168,655.168,0.0,1,,,,,0,1.5652,0,,,,604.326,,,604.326,604.326,1,1,
791,1790097434896900096,79.1,1,0,112,0,,,,,0,,,,,0,,0,,,,,,,,,1,1,
792,1790097434996900096,79.2,1,0,112,0,,,,,0,,,,,0,,0,,,,,,,,,1,1,
793,1790097435096900096,79.3,1,0,112,0,,,,,0,,,,,0,,0,,,,,,,,,1,1,
794,1790097435196900096,79.4,1,0,112,0,,,,,0,,,,,0,,0,,,,,,,,,1,1,
795,1790097435296900096,79.5,2,0,224,0,763.999,763.999,763.999,0.0,1,,,,,0,,0,,,,713.156,,,713.156,713.156,1,1,
796,1790097435396900096,79.6,2,0,224,0,763.999,763.999,763.999,0.0,1,,,,,0,,0,,,,713.156,,,713.156,713.156,1,1,
797,1790097435496900096,79.7,2,0,224,0,763.999,763.999,763.999,0.0,1,,,,,0,,0,,,,713.156,,,713.156,713.156,1,1,
798,1790097435596900096,79.8,1,0,112,0,,,,,0,,,,,0,,0,,,,,,,,,1,1,
799,1790097435696900096,79.9,1,0,112,0,,,,,0,,,,,0,,0,,,,,,,,,1,1,
800,1790097435796900096,80.0,1,0,112,0,,,,,0,,,,,0,,0,,,,,,,,,1,1,
801,1790097435896900096,80.1,1,0,112,0,,,,,0,,,,,0,,0,,,,,,,,,1,1,
802,1790097435996900096,80.2,1,0,112,0,,,,,0,,,,,0,,0,,,,,,,,,1,1,
803,1790097436096900096,80.3,1,0,112,0,,,,,0,,,,,0,,0,,,,,,,,,1,1,
804,1790097436196900096,80.4,1,0,112,0,,,,,0,,,,,0,,0,,,,,,,,,1,1,
805,1790097436296900096,80.5,1,0,112,0,,,,,0,,,,,0,,0,,,,,,,,,1,1,
806,1790097436396900096,80.6,0,0,0,0,,,,,0,,,,,0,,0,,,,,,,,,1,1,
807,1790097436496900096,80.7,0,0,0,0,,,,,0,,,,,0,,0,,,,,,,,,1,1,
808,1790097436596900096,80.8,0,0,0,0,,,,,0,,,,,0,,0,,,,,,,,,1,1,
809,1790097436696900096,80.9,0,0,0,0,,,,,0,,,,,0,,0,,,,,,,,,1,1,
810,1790097436796900096,81.0,0,0,0,0,,,,,0,,,,,0,,0,,,,,,,,,1,1,
811,1790097436896900096,81.1,0,0,0,0,,,,,0,,,,,0,,0,,,,,,,,,1,1,
812,1790097436996900096,81.2,0,0,0,0,,,,,0,,,,,0,,0,,,,,,,,,1,1,
813,1790097437096900096,81.3,0,0,0,0,,,,,0,,,,,0,,0,,,,,,,,,1,1,
814,1790097437196900096,81.4,0,0,0,0,,,,,0,,,,,0,,0,,,,,,,,,1,1,
815,1790097437296900096,81.5,0,0,0,0,,,,,0,,,,,0,,0,,,,,,,,,1,1,
816,1790097437396900096,81.6,0,0,0,0,,,,,0,,,,,0,,0,,,,,,,,,1,1,
817,1790097437496900096,81.7,0,0,0,0,,,,,0,,,,,0,,0,,,,,,,,,1,1,
818,1790097437596900096,81.8,0,0,0,0,,,,,0,,,,,0,,0,,,,,,,,,1,1,
819,1790097437696900096,81.9,0,0,0,0,,,,,0,,,,,0,,0,,,,,,,,,1,1,
820,1790097437796900096,82.0,0,0,0,0,,,,,0,,,,,0,,0,,,,,,,,,1,1,
