step,t_ns,elapsed_s,n_up,n_down,bytes_up,bytes_down,iat_med_up_ms,iat_p90_up_ms,iat_max_up_ms,iat_mad_up_ms,burst_up,iat_med_down_ms,iat_p90_down_ms,iat_max_down_ms,iat_mad_down_ms,burst_down,updown_ratio,pair_n,pair_med_ms,pair_min_ms,pair_max_ms,q_up_ms,q_down_ms,q_pair_ms,q_hat_ms,q_min_ms,baseline_done,degraded,t_det_meta_ns
1,1790097807623418880,0.1,3,1,212,92,53.164,105.186,105.186,52.023,2,,,,,0,2.3043,0,,,,,,,,,0,0,
2,1790097807723418880,0.2,3,1,212,92,53.164,105.186,105.186,52.023,2,,,,,0,2.3043,0,,,,,,,,,0,0,
3,1790097807823418880,0.3,3,1,212,92,53.164,105.186,105.186,52.023,2,,,,,0,2.3043,0,,,,,,,,,0,0,
4,1790097807923418880,0.4,3,1,212,92,53.164,105.186,105.186,52.023,2,,,,,0,2.3043,0,,,,,,,,,0,0,
5,1790097808023418880,0.5,3,1,212,92,53.164,105.186,105.186,52.023,2,,,,,0,2.3043,0,,,,,,,,,0,0,
6,1790097808123418880,0.6,3,1,212,92,53.164,105.186,105.186,52.023,2,,,,,0,2.3043,0,,,,,,,,,0,0,
7,1790097808223418880,0.7,3,1,212,92,53.164,105.186,105.186,52.023,2,,,,,0,2.3043,0,,,,,,,,,0,0,
8,1790097808323418880,0.8,3,1,212,92,53.164,105.186,105.186,52.023,2,,,,,0,2.3043,0,,,,,,,,,0,0,
9,1790097808423418880,0.9,3,1,212,92,53.164,105.186,105.186,52.023,2,,,,,0,2.3043,0,,,,,,,,,0,0,
10,1790097808523418880,1.0,3,1,212,92,53.164,105.186,105.186,52.023,2,,,,,0,2.3043,0,,,,,,,,,0,0,
11,1790097808623418880,1.1,1,1,32,92,,,,,0,,,,,0,0.3478,0,,,,,,,,,0,0,
12,1790097808723418880,1.2,0,0,0,0,,,,,0,,,,,0,,0,,,,,,,,,0,0,
13,1790097808823418880,1.3,0,0,0,0,,,,,0,,,,,0,,0,,,,,,,,,0,0,
14,1790097808923418880,1.4,0,0,0,0,,,,,0,,,,,0,,0,,,,,,,,,0,0,
15,1790097809023418880,1.5,0,0,0,0,,,,,0,,,,,0,,0,,,,,,,,,0,0,
16,1790097809123418880,1.6,0,0,0,0,,,,,0,,,,,0,,0,,,,,,,,,0,0,
17,1790097809223418880,1.7,0,0,0,0,,,,,0,,,,,0,,0,,,,,,,,,0,0,
18,1790097809323418880,1.8,0,0,0,0,,,,,0,,,,,0,,0,,,,,,,,,0,0,
19,1790097809423418880,1.9,0,0,0,0,,,,,0,,,,,0,,0,,,,,,,,,0,0,
20,1790097809523418880,2.0,0,0,0,0,,,,,0,,,,,0,,0,,,,,,,,,0,0,
21,1790097809623418880,2.1,0,0,0,0,,,,,0,,,,,0,,0,,,,,,,,,0,0,
22,1790097809723418880,2.2,0,0,0,0,,,,,0,,,,,0,,0,,,,,,,,,0,0,
23,1790097809823418880,2.3,0,0,0,0,,,,,0,,,,,0,,0,,,,,,,,,0,0,
24,1790097809923418880,2.4,0,0,0,0,,,,,0,,,,,0,,0,,,,,,,,,0,0,
25,1790097810023418880,2.5,0,0,0,0,,,,,0,,,,,0,,0,,,,,,,,,0,0,
26,1790097810123418880,2.6,1,0,112,0,,,,,0,,,,,0,,0,,,,,,,,,0,0,
27,1790097810223418880,2.7,1,0,112,0,,,,,0,,,,,0,,0,,,,,,,,,0,0,
28,1790097810323418880,2.8,1,0,112,0,,,,,0,,,,,0,,0,,,,,,,,,0,0,
29,1790097810423418880,2.9,1,0,112,0,,,,,0,,,,,0,,0,,,,,,,,,0,0,
30,1790097810523418880,3.0,1,0,112,0,,,,,0,,,,,0,,0,,,,,,,,,0,0,
31,1790097810623418880,3.1,1,0,112,0,,,,,0,,,,,0,,0,,,,,,,,,0,0,
32,1790097810723418880,3.2,1,0,112,0,,,,,0,,,,,0,,0,,,,,,,,,0,0,
33,1790097810823418880,3.3,1,0,112,0,,,,,0,,,,,0,,0,,,,,,,,,0,0,
34,1790097810923418880,3.4,2,0,224,0,750.985,750.985,750.985,0.0,1,,,,,0,,0,,,,,,,,,0,0,
35,1790097811023418880,3.5,2,0,224,0,750.985,750.985,750.985,0.0,1,,,,,0,,0,,,,,,,,,0,0,
36,1790097811123418880,3.6,1,0,112,0,,,,,0,,,,,0,,0,,,,,,,,,0,0,
37,1790097811223418880,3.7,1,0,112,0,,,,,0,,,,,0,,0,,,,,,,,,0,0,
38,1790097811323418880,3.8,1,0,112,0,,,,,0,,,,,0,,0,,,,,,,,,0,0,
39,1790097811423418880,3.9,1,0,112,0,,,,,0,,,,,0,,0,,,,,,,,,0,0,
40,1790097811523418880,4.0,1,0,112,0,,,,,0,,,,,0,,0,,,,,,,,,0,0,
41,1790097811623418880,4.1,2,0,224,0,754.035,754.035,754.035,0.0,1,,,,,0,,0,,,,,,,,,0,0,
42,1790097811723418880,4.2,2,0,224,0,754.035,754.035,754.035,0.0,1,,,,,0,,0,,,,,,,,,0,0,
43,1790097811823418880,4.3,2,0,224,0,754.035,754.035,754.035,0.0,1,,,,,0,,0,,,,,,,,,0,0,
44,1790097811923418880,4.4,1,0,112,0,,,,,0,,,,,0,,0,,,,,,,,,0,0,
45,1790097812023418880,4.5,1,0,112,0,,,,,0,,,,,0,,0,,,,,,,,,0,0,
46,1790097812123418880,4.6,1,0,112,0,,,,,0,,,,,0,,0,,,,,,,,,0,0,
47,1790097812223418880,4.7,1,0,112,0,,,,,0,,,,,0,,0,,,,,,,,,0,0,
48,1790097812323418880,4.8,1,0,112,0,,,,,0,,,,,0,,0,,,,,,,,,0,0,
49,1790097812423418880,4.9,1,0,112,0,,,,,0,,,,,0,,0,,,,,,,,,0,0,
50,1790097812523418880,5.0,1,0,112,0,,,,,0,,,,,0,,0,,,,,,,,,0,0,
51,1790097812623418880,5.1,0,0,0,0,,,,,0,,,,,0,,0,,,,,,,,,0,0,
52,1790097812723418880,5.2,0,0,0,0,,,,,0,,,,,0,,0,,,,,,,,,0,0,
53,1790097812823418880,5.3,0,0,0,0,,,,,0,,,,,0,,0,,,,,,,,,0,0,
54,1790097812923418880,5.4,0,0,0,0,,,,,0,,,,,0,,0,,,,,,,,,0,0,
55,1790097813023418880,5.5,0,0,0,0,,,,,0,,,,,0,,0,,,,,,,,,0,0,
56,1790097813123418880,5.6,0,0,0,0,,,,,0,,,,,0,,0,,,,,,,,,0,0,
57,1790097813223418880,5.7,0,0,0,0,,,,,0,,,,,0,,0,,,,,,,,,0,0,
58,1790097813323418880,5.8,0,0,0,0,,,,,0,,,,,0,,0,,,,,,,,,0,0,
59,1790097813423418880,5.9,0,0,0,0,,,,,0,,,,,0,,0,,,,,,,,,0,0,
60,1790097813523418880,6.0,0,0,0,0,,,,,0,,,,,0,,0,,,,,,,,,0,0,
61,1790097813623418880,6.1,0,0,0,0,,,,,0,,,,,0,,0,,,,,,,,,0,0,
62,1790097813723418880,6.2,0,0,0,0,,,,,0,,,,,0,,0,,,,,,,,,0,0,
63,1790097813823418880,6.3,0,0,0,0,,,,,0,,,,,0,,0,,,,,,,,,0,0,
64,1790097813923418880,6.4,0,0,0,0,,,,,0,,,,,0,,0,,,,,,,,,0,0,
65,1790097814023418880,6.5,0,0,0,0,,,,,0,,,,,0,,0,,,,,,,,,0,0,
66,1790097814123418880,6.6,0,0,0,0,,,,,0,,,,,0,,0,,,,,,,,,0,0,
67,1790097814223418880,6.7,0,0,0,0,,,,,0,,,,,0,,0,,,,,,,,,0,0,
68,1790097814323418880,6.8,0,0,0,0,,,,,0,,,,,0,,0,,,,,,,,,0,0,
69,1790097814423418880,6.9,0,0,0,0,,,,,0,,,,,0,,0,,,,,,,,,0,0,
70,1790097814523418880,7.0,0,0,0,0,,,,,0,,,,,0,,0,,,,,,,,,0,0,
71,1790097814623418880,7.1,0,0,0,0,,,,,0,,,,,0,,0,,,,,,,,,0,0,
72,1790097814723418880,7.2,4,2,384,192,50.282,53.115,53.115,1.018,1,49.896,49.896,49.896,0.0,1,2.0,2,103.192,102.999,103.385,,,,,,0,0,
73,1790097814823418880,7.3,6,3,576,288,50.061,53.115,53.115,0.656,1,51.389,52.883,52.883,1.494,1,2.0,3,102.999,102.767,103.385,,,,,,0,0,
74,1790097814923418880,7.4,8,5,768,480,50.065,50.282,53.115,0.472,1,49.969,52.883,52.883,0.84,1,1.6,5,102.767,102.362,103.385,,,,,,0,0,
75,1790097815023418880,7.5,10,7,960,672,50.061,50.282,53.115,0.662,1,50.165,50.484,52.883,0.674,1,1.4286,7,102.767,102.362,103.385,,,,,,0,0,
76,1790097815123418880,7.6,12,9,1152,864,50.061,52.387,53.115,0.754,1,50.04,50.484,52.883,0.508,1,1.3333,9,102.93,102.362,103.385,,,,,,0,0,
77,1790097815223418880,7.7,14,12,1344,1152,50.06,52.387,53.115,0.845,1,50.037,51.664,52.883,0.753,1,1.1667,12,102.937,102.221,103.385,,,,,,0,0,
78,1790097815323418880,7.8,16,13,1552,1248,50.06,52.387,53.115,0.937,1,50.033,51.664,52.883,0.854,1,1.2436,13,102.93,102.221,103.385,,,,,,0,0,
79,1790097815423418880,7.9,18,16,1776,1536,50.06,52.387,53.286,1.027,1,50.03,51.664,52.883,0.796,1,1.1562,16,102.814,101.783,103.385,,,,,,0,0,
80,1790097815523418880,8.0,20,17,2000,1632,50.06,52.387,53.286,0.922,1,50.033,52.883,53.445,0.959,1,1.2255,17,102.842,101.783,103.385,,,,,,0,0,
81,1790097815623418880,8.1,19,17,1904,1632,50.06,52.387,53.286,0.961,1,50.033,52.883,53.445,0.959,1,1.1667,17,102.842,101.783,103.385,,,,,,0,0,
82,1790097815723418880,8.2,21,20,2160,1920,50.059,52.181,53.286,1.065,1,50.037,51.664,53.445,0.955,1,1.125,20,102.84,101.783,102.999,,,,,,0,0,
83,1790097815823418880,8.3,21,20,2192,1920,50.062,52.387,53.286,1.197,1,50.037,51.664,53.445,0.934,1,1.1417,20,102.845,101.783,103.001,,,,,,0,0,
84,1790097815923418880,8.4,21,20,2224,1920,50.059,52.662,53.286,1.458,1,50.037,51.664,53.445,1.036,1,1.1583,20,102.909,101.783,103.001,,,,,,0,0,
85,1790097816023418880,8.5,21,20,2256,1920,50.071,52.662,53.286,1.389,1,50.037,52.268,53.445,1.268,1,1.175,20,102.918,101.783,103.001,,,,,,0,0,
86,1790097816123418880,8.6,21,20,2288,1920,50.062,52.662,53.286,1.273,1,50.097,52.628,53.445,1.358,1,1.1917,20,102.909,101.783,103.001,,,,,,0,0,
87,1790097816223418880,8.7,21,20,2320,1920,50.073,52.662,53.286,1.21,1,50.097,52.628,53.445,1.295,1,1.2083,20,102.845,101.783,103.001,,,,,,0,0,
88,1790097816323418880,8.8,20,19,2240,1824,50.064,52.662,53.286,1.113,1,50.121,52.628,53.445,1.244,1,1.2281,19,102.848,101.783,103.001,,,,,,0,0,
89,1790097816423418880,8.9,20,20,2240,1920,50.062,52.181,52.973,0.934,1,50.097,52.628,53.445,1.207,1,1.1667,20,102.918,102.586,103.03,,,,,,0,0,
90,1790097816523418880,9.0,21,20,2352,1920,50.061,52.181,52.973,0.886,1,50.033,52.268,52.974,1.018,1,1.225,20,102.914,102.586,103.03,,,,,,0,0,
91,1790097816623418880,9.1,20,20,2240,1920,50.059,51.166,52.973,0.829,1,50.033,52.268,52.974,1.011,1,1.1667,20,102.919,102.586,103.03,,,,,,0,0,
92,1790097816723418880,9.2,20,19,2240,1824,50.059,52.662,52.973,0.871,1,50.029,51.511,52.974,0.804,1,1.2281,19,102.92,102.586,103.03,,,,,,0,0,
93,1790097816823418880,9.3,20,20,2240,1920,50.053,51.166,52.973,0.732,1,50.026,52.628,53.018,0.953,1,1.1667,20,102.914,102.586,103.03,,,,,,0,0,
94,1790097816923418880,9.4,20,20,2240,1920,50.051,50.082,52.832,0.457,1,50.02,51.511,53.018,0.871,1,1.1667,20,102.912,102.286,103.03,,,,,,0,0,
95,1790097817023418880,9.5,20,20,2240,1920,50.05,50.065,52.832,0.39,1,50.02,50.708,53.018,0.6,1,1.1667,20,102.902,102.286,103.03,,,,,,0,0,
96,1790097817123418880,9.6,20,20,2240,1920,50.05,50.067,52.832,0.512,1,50.026,50.708,53.018,0.533,1,1.1667,20,102.891,102.286,103.03,,,,,,0,0,
97,1790097817223418880,9.7,20,19,2240,1824,50.05,50.067,52.832,0.574,1,50.023,50.708,53.018,0.668,1,1.2281,19,102.896,102.286,103.03,,,,,,0,0,
98,1790097817323418880,9.8,20,20,2240,1920,50.05,50.067,52.832,0.573,1,50.033,50.708,53.018,0.691,1,1.1667,20,102.879,102.286,103.03,,,,,,0,0,
99,1790097817423418880,9.9,20,20,2240,1920,50.05,50.067,52.832,0.573,1,50.038,50.708,53.018,0.742,1,1.1667,20,102.852,101.842,102.944,,,,,,0,0,
100,1790097817523418880,10.0,20,20,2240,1920,50.05,50.067,52.832,0.572,1,50.047,50.868,53.018,0.786,1,1.1667,20,102.809,101.842,102.944,,,,,,0,0,
101,1790097817623418880,10.1,20,19,2240,1824,50.05,50.051,52.676,0.431,1,50.07,50.868,53.018,0.836,1,1.2281,19,102.783,101.842,102.944,,,,,,0,0,
102,1790097817723418880,10.2,19,20,2128,1920,50.05,50.067,53.431,0.616,1,50.053,50.708,52.59,0.647,1,1.1083,20,102.833,101.842,102.954,,,,,,0,0,
103,1790097817823418880,10.3,20,20,2240,1920,50.05,51.015,53.431,0.7,1,50.087,50.868,53.435,0.773,1,1.1667,20,102.812,101.842,102.954,,,,,,0,0,
104,1790097817923418880,10.4,20,20,2240,1920,50.05,51.015,53.431,0.708,1,50.087,51.001,53.435,0.838,1,1.1667,20,102.833,101.842,102.954,,,,,,0,0,
105,1790097818023418880,10.5,21,20,2352,1920,50.05,51.015,53.431,0.746,1,50.093,51.001,53.435,0.836,1,1.225,20,102.833,101.842,102.954,,,,,,0,0,
106,1790097818123418880,10.6,20,19,2240,1824,50.05,50.457,53.431,0.67,1,50.09,51.001,53.435,0.95,1,1.2281,19,102.831,101.842,102.954,,,,,,0,0,
107,1790097818223418880,10.7,19,20,2128,1920,50.05,51.015,53.431,0.884,1,50.093,50.868,53.435,0.826,1,1.1083,20,102.85,101.842,102.954,,,,,,0,0,
108,1790097818323418880,10.8,20,19,2240,1824,50.05,51.015,53.431,0.844,1,50.1,51.001,53.435,0.971,1,1.2281,19,102.849,101.842,102.954,,,,,,0,0,
109,1790097818423418880,10.9,20,19,2240,1824,50.052,51.015,53.431,0.844,1,50.106,51.001,53.435,1.041,1,1.2281,19,102.849,101.903,102.954,,,,,,0,0,
110,1790097818523418880,11.0,20,19,2240,1824,50.052,51.015,53.431,0.844,1,50.092,51.001,53.435,0.996,1,1.2281,19,102.852,102.059,102.954,,,,,,0,0,
111,1790097818623418880,11.1,20,19,2240,1824,50.052,50.457,53.234,0.674,1,50.092,51.001,53.435,0.997,1,1.2281,19,102.852,102.059,102.943,,,,,,0,0,
112,1790097818723418880,11.2,19,20,2128,1920,50.052,51.015,53.234,0.8,1,50.037,50.636,53.09,0.776,1,1.1083,20,102.85,102.059,102.943,,,,,,0,0,
113,1790097818823418880,11.3,20,19,2240,1824,50.052,50.542,53.234,0.737,1,50.092,51.001,53.09,0.917,1,1.2281,19,102.852,102.059,102.972,,,,,,0,0,
114,1790097818923418880,11.4,20,19,2240,1824,50.052,50.542,53.234,0.553,1,50.064,50.636,53.09,0.888,1,1.2281,19,102.852,102.059,102.972,,,,,,0,0,
115,1790097819023418880,11.5,20,19,2240,1824,50.052,50.542,53.234,0.53,1,50.102,50.636,53.09,0.708,1,1.2281,19,102.852,102.059,102.972,,,,,,0,0,
116,1790097819123418880,11.6,20,19,2240,1824,50.052,50.061,52.901,0.339,1,50.064,50.636,53.09,0.679,1,1.2281,19,102.852,102.059,102.972,,,,,,0,0,
117,1790097819223418880,11.7,20,19,2240,1824,50.052,50.061,52.901,0.356,1,50.098,50.432,53.021,0.494,1,1.2281,19,102.862,102.059,102.972,,,,,,0,0,
118,1790097819323418880,11.8,20,19,2240,1824,50.053,50.061,52.901,0.356,1,50.064,50.408,53.021,0.462,1,1.2281,19,102.862,102.306,102.972,,,,,,0,0,
119,1790097819423418880,11.9,20,19,2240,1824,50.053,50.061,52.901,0.368,1,50.043,50.408,53.021,0.455,1,1.2281,19,102.862,102.306,102.972,,,,,,0,0,
120,1790097819523418880,12.0,20,19,2240,1824,50.053,50.061,52.901,0.368,1,50.043,50.408,53.021,0.474,1,1.2281,19,102.852,102.306,102.972,,,,,,0,0,
121,1790097819623418880,12.1,20,19,2240,1824,50.053,50.056,50.542,0.182,1,50.043,50.408,53.021,0.507,1,1.2281,19,102.83,102.027,102.972,,,,,,0,0,
122,1790097819723418880,12.2,19,20,2128,1920,50.053,50.056,52.818,0.314,1,50.038,50.408,50.921,0.341,1,1.1083,20,102.817,102.027,102.972,,,,,,0,0,
123,1790097819823418880,12.3,20,19,2240,1824,50.053,50.056,52.818,0.298,1,50.041,50.408,52.965,0.501,1,1.2281,19,102.817,102.027,102.967,,,,,,0,0,
124,1790097819923418880,12.4,20,19,2240,1824,50.053,50.056,52.818,0.305,1,50.041,50.132,52.965,0.465,1,1.2281,19,102.818,102.027,102.967,,,,,,0,0,
125,1790097820023418880,12.5,20,19,2240,1824,50.052,50.056,52.818,0.309,1,50.041,50.183,52.965,0.473,1,1.2281,19,102.818,102.027,102.967,-1.001,-1.069,-0.041,-1.001,-1.001,1,0,
126,1790097820123418880,12.6,20,19,2240,1824,50.052,50.057,52.818,0.321,1,49.997,50.183,52.965,0.47,1,1.2281,19,102.824,102.027,102.967,-1.0,-1.069,-0.035,-1.0,-1.0,1,0,
127,1790097820223418880,12.7,20,19,2240,1824,50.052,50.057,52.818,0.309,1,49.997,50.183,52.965,0.446,1,1.2281,19,102.824,102.027,102.963,-1.0,-1.069,-0.035,-1.0,-1.0,1,0,
128,1790097820323418880,12.8,20,19,2240,1824,50.051,50.057,52.818,0.308,1,49.954,50.183,52.965,0.451,1,1.2281,19,102.833,102.027,102.963,-1.0,-1.069,-0.026,-1.0,-1.0,1,0,
129,1790097820423418880,12.9,20,19,2240,1824,50.051,50.057,52.818,0.44,1,49.997,50.191,52.965,0.445,1,1.2281,19,102.879,102.027,102.965,-1.0,-1.061,0.02,-1.0,-1.0,1,0,
130,1790097820523418880,13.0,19,20,2128,1920,50.051,50.057,52.818,0.561,1,49.958,50.191,52.965,0.597,1,1.1083,20,102.856,101.655,102.965,-1.0,-1.061,-0.003,-1.0,-1.0,1,0,
131,1790097820623418880,13.1,20,19,2240,1824,50.051,50.057,51.793,0.515,1,50.009,50.191,52.965,0.734,1,1.2281,19,102.848,101.655,102.965,-1.0,-1.061,-0.011,-1.0,-1.0,1,0,
132,1790097820723418880,13.2,20,19,2240,1824,50.051,51.448,52.784,0.659,1,50.009,50.191,52.895,0.583,1,1.2281,19,102.879,101.655,102.965,0.391,-1.061,0.02,0.391,0.391,1,0,
133,1790097820823418880,13.3,20,19,2240,1824,50.051,51.448,52.784,0.656,1,50.006,51.519,52.895,0.862,1,1.2281,19,102.885,101.655,102.965,0.391,0.267,0.026,0.391,0.391,1,0,
134,1790097820923418880,13.4,19,19,2128,1824,50.051,51.448,52.784,0.688,1,50.006,51.519,52.895,0.862,1,1.1667,19,102.885,101.655,102.965,0.391,0.267,0.026,0.391,0.391,1,0,
135,1790097821023418880,13.5,20,19,2240,1824,50.052,51.448,52.784,0.64,1,50.006,51.519,52.895,0.874,1,1.2281,19,102.879,101.655,102.965,0.391,0.267,0.02,0.391,0.391,1,0,
136,1790097821123418880,13.6,20,19,2240,1824,50.052,51.448,52.784,0.807,1,50.06,51.519,52.895,0.865,1,1.2281,19,102.858,101.655,102.965,0.391,0.267,-0.001,0.391,0.391,1,0,
137,1790097821223418880,13.7,19,20,2128,1920,50.052,51.448,52.784,0.858,1,50.062,51.519,52.895,0.985,1,1.1083,20,102.866,101.655,102.981,0.391,0.267,0.007,0.391,0.391,1,0,
138,1790097821323418880,13.8,20,19,2240,1824,50.053,51.793,52.784,0.813,1,50.013,51.519,52.895,1.04,1,1.2281,19,102.858,101.655,102.981,0.736,0.267,-0.001,0.736,0.736,1,0,
139,1790097821423418880,13.9,20,19,2240,1824,50.052,51.448,52.784,0.722,1,50.071,52.766,53.023,0.989,1,1.2281,19,102.858,101.655,102.981,0.391,1.514,-0.001,1.514,1.514,1,0,
140,1790097821523418880,14.0,20,19,2240,1824,50.052,50.58,52.784,0.743,1,50.013,51.519,53.023,0.838,1,1.2281,19,102.866,102.671,102.981,-0.477,0.267,0.007,0.267,0.267,1,0,
141,1790097821623418880,14.1,18,18,2016,1728,50.052,50.168,52.771,0.513,1,49.967,50.473,53.023,0.762,1,1.1667,18,102.862,102.5,102.981,-0.889,-0.779,0.003,-0.779,-0.779,1,0,
142,1790097821723418880,14.2,19,20,2128,1920,50.052,50.58,53.176,0.69,1,49.967,50.473,53.023,0.662,1,1.1083,20,102.862,101.903,102.981,-0.477,-0.779,0.003,-0.477,-0.477,1,0,
143,1790097821823418880,14.3,19,18,2128,1728,50.052,50.58,53.176,0.768,1,49.967,50.473,53.023,0.722,1,1.2315,18,102.857,101.903,102.981,-0.477,-0.779,-0.003,-0.477,-0.477,1,0,
144,1790097821923418880,14.4,20,19,2240,1824,50.052,52.771,53.176,1.004,1,50.013,53.023,64.976,2.626,1,1.2281,19,102.855,101.903,117.778,1.714,1.771,-0.004,1.771,1.771,1,0,
145,1790097822023418880,14.5,20,19,2240,1824,50.05,52.771,53.176,1.092,1,50.036,53.023,64.976,2.783,1,1.2281,19,102.778,101.903,117.778,1.714,1.771,-0.081,1.771,1.771,1,0,
146,1790097822123418880,14.6,20,19,2240,1824,50.052,52.771,53.176,0.936,1,49.931,53.124,64.976,2.983,1,1.2281,19,102.807,101.903,117.778,1.714,1.872,-0.052,1.872,1.872,1,0,
147,1790097822223418880,14.7,20,19,2240,1824,50.052,51.065,53.176,0.83,1,50.06,53.124,64.976,2.898,1,1.2281,19,102.807,101.903,117.778,0.008,1.872,-0.052,1.872,1.872,1,0,
148,1790097822323418880,14.8,20,19,2240,1824,50.054,51.065,53.176,0.835,1,50.06,53.124,64.976,2.749,1,1.2281,19,102.807,101.903,117.778,0.008,1.872,-0.052,1.872,1.872,1,0,
149,1790097822423418880,14.9,20,19,2240,1824,50.056,51.065,53.176,0.733,1,50.065,53.124,64.976,2.795,1,1.2281,19,102.807,101.903,117.778,0.008,1.872,-0.052,1.872,1.872,1,0,
150,1790097822523418880,15.0,20,19,2240,1824,50.054,51.065,53.176,0.717,1,50.137,53.124,64.976,2.628,1,1.2281,19,102.827,101.903,117.778,0.008,1.872,-0.032,1.872,1.872,1,0,
151,1790097822623418880,15.1,18,18,2016,1728,50.054,50.754,53.167,0.598,1,50.123,53.124,64.976,2.713,1,1.1667,18,102.861,101.914,117.778,-0.303,1.872,0.002,1.872,1.872,1,0,
152,1790097822723418880,15.2,19,19,2128,1824,50.054,50.754,53.167,0.679,1,50.108,51.15,64.976,2.401,1,1.1667,19,102.855,101.914,117.778,-0.303,-0.102,-0.004,-0.102,-0.102,1,0,
153,1790097822823418880,15.3,19,21,2128,2016,50.055,51.065,53.167,0.717,1,50.035,50.993,53.28,1.601,1,1.0556,21,102.868,101.914,117.778,0.008,-0.259,0.009,0.008,0.008,1,0,
154,1790097822923418880,15.4,20,20,2240,1920,50.057,50.754,52.663,0.466,1,50.123,51.15,53.28,0.77,1,1.1667,20,102.879,102.608,102.934,-0.303,-0.102,0.02,-0.102,-0.102,1,0,
155,1790097823023418880,15.5,20,19,2240,1824,50.054,50.3,52.663,0.431,1,50.108,50.993,52.571,0.566,1,1.2281,19,102.89,102.608,102.934,-0.757,-0.259,0.031,-0.259,-0.259,1,0,
156,1790097823123418880,15.6,20,19,2240,1824,50.054,50.3,52.663,0.43,1,50.108,50.451,52.571,0.52,1,1.2281,19,102.891,102.608,103.022,-0.757,-0.801,0.032,-0.757,-0.757,1,0,
157,1790097823223418880,15.7,20,20,2240,1920,50.056,50.271,52.663,0.393,1,50.092,50.451,52.571,0.494,1,1.1667,20,102.894,102.608,103.022,-0.786,-0.801,0.034,-0.786,-0.786,1,0,
158,1790097823323418880,15.8,20,20,2240,1920,50.056,50.271,52.663,0.373,1,50.092,50.43,52.571,0.485,1,1.1667,20,102.894,102.344,103.022,-0.786,-0.822,0.034,-0.786,-0.786,1,0,
159,1790097823423418880,15.9,20,19,2240,1824,50.056,50.271,52.663,0.37,1,50.106,50.43,52.571,0.494,1,1.2281,19,102.891,102.344,103.022,-0.786,-0.822,0.032,-0.786,-0.786,1,0,
160,1790097823523418880,16.0,20,19,2240,1824,50.056,50.271,52.663,0.369,1,50.079,50.43,52.571,0.488,1,1.2281,19,102.89,102.344,103.022,-0.786,-0.822,0.031,-0.786,-0.786,1,0,
161,1790097823623418880,16.1,18,18,2016,1728,50.056,50.271,52.663,0.208,1,50.051,50.43,52.571,0.55,1,1.1667,18,102.865,101.836,103.022,-0.786,-0.822,0.006,-0.786,-0.786,1,0,
162,1790097823723418880,16.2,20,19,2240,1824,50.056,50.105,50.3,0.2,1,50.086,50.43,52.571,0.349,1,1.2281,19,102.787,101.704,103.022,-0.952,-0.822,-0.072,-0.822,-0.822,1,0,
163,1790097823823418880,16.3,19,20,2128,1920,50.056,50.105,52.579,0.337,1,50.067,50.43,50.758,0.383,1,1.1083,20,102.785,101.704,103.022,-0.952,-0.822,-0.074,-0.822,-0.822,1,0,
164,1790097823923418880,16.4,20,19,2240,1824,50.056,50.257,52.579,0.323,1,50.078,50.43,52.611,0.525,1,1.2281,19,102.787,101.704,103.022,-0.8,-0.822,-0.072,-0.8,-0.8,1,0,
165,1790097824023418880,16.5,20,19,2240,1824,50.056,50.257,52.579,0.313,1,50.092,50.43,52.611,0.518,1,1.2281,19,102.787,101.704,102.985,-0.8,-0.822,-0.072,-0.8,-0.8,1,0,
166,1790097824123418880,16.6,20,19,2240,1824,50.056,50.257,52.579,0.314,1,50.092,50.43,52.611,0.534,1,1.2281,19,102.783,101.704,102.985,-0.8,-0.822,-0.076,-0.8,-0.8,1,0,
167,1790097824223418880,16.7,20,19,2240,1824,50.056,50.257,52.579,0.318,1,50.115,50.43,52.611,0.502,1,1.2281,19,102.783,101.704,102.942,-0.8,-0.822,-0.076,-0.8,-0.8,1,0,
168,1790097824323418880,16.8,20,19,2240,1824,50.056,50.257,52.579,0.313,1,50.065,50.345,52.611,0.502,1,1.2281,19,102.787,101.704,102.942,-0.8,-0.907,-0.072,-0.8,-0.8,1,0,
169,1790097824423418880,16.9,20,20,2240,1920,50.055,50.271,52.579,0.347,1,50.079,50.345,52.611,0.477,1,1.1667,20,102.794,101.704,102.942,-0.786,-0.907,-0.065,-0.786,-0.786,1,0,
170,1790097824523418880,17.0,20,19,2240,1824,50.054,50.271,52.579,0.365,1,50.09,50.345,52.611,0.45,1,1.2281,19,102.805,101.704,102.942,-0.786,-0.907,-0.054,-0.786,-0.786,1,0,
171,1790097824623418880,17.1,18,18,2016,1728,50.054,50.271,52.579,0.239,1,50.079,50.758,52.611,0.506,1,1.1667,18,102.807,101.885,102.942,-0.786,-0.494,-0.053,-0.494,-0.494,1,0,
172,1790097824723418880,17.2,20,19,2240,1824,50.054,50.195,50.703,0.09,1,50.076,50.318,52.611,0.35,1,1.2281,19,102.805,101.885,102.942,-0.862,-0.934,-0.054,-0.862,-0.862,1,0,
173,1790097824823418880,17.3,20,20,2240,1920,50.054,50.12,50.703,0.243,1,50.072,50.318,51.036,0.259,1,1.1667,20,102.811,101.885,102.942,-0.937,-0.934,-0.048,-0.934,-0.934,1,0,
174,1790097824923418880,17.4,20,20,2240,1920,50.053,50.168,50.703,0.259,1,50.009,50.313,51.036,0.399,1,1.1667,20,102.811,101.885,103.0,-0.889,-0.939,-0.048,-0.889,-0.889,1,0,
175,1790097825023418880,17.5,20,20,2240,1920,50.053,50.195,51.077,0.314,1,50.009,50.172,51.036,0.392,1,1.1667,20,102.794,101.885,103.0,-0.862,-1.08,-0.065,-0.862,-0.862,1,0,
176,1790097825123418880,17.6,20,20,2240,1920,50.053,50.703,51.811,0.403,1,50.009,50.882,51.813,0.507,1,1.1667,20,102.761,101.885,103.0,-0.354,-0.37,-0.099,-0.354,-0.354,1,0,
177,1790097825223418880,17.7,20,21,2240,2016,50.053,50.703,51.811,0.407,1,50.041,51.036,51.813,0.582,1,1.1111,21,102.737,101.885,103.0,-0.354,-0.216,-0.122,-0.216,-0.216,1,0,
178,1790097825323418880,17.8,20,20,2240,1920,50.053,50.941,51.811,0.426,1,50.009,51.036,51.813,0.606,1,1.1667,20,102.756,101.885,103.0,-0.116,-0.216,-0.103,-0.116,-0.116,1,0,
179,1790097825423418880,17.9,20,19,2240,1824,50.05,50.941,51.811,0.46,1,50.036,51.036,51.813,0.637,1,1.2281,19,102.734,101.885,103.0,-0.116,-0.216,-0.125,-0.116,-0.116,1,0,
180,1790097825523418880,18.0,20,20,2240,1920,50.05,50.941,51.811,0.463,1,49.999,51.036,51.813,0.656,1,1.1667,20,102.781,101.904,103.0,-0.116,-0.216,-0.078,-0.116,-0.116,1,0,
181,1790097825623418880,18.1,18,19,2016,1824,50.05,50.941,51.811,0.504,1,50.036,51.036,51.813,0.67,1,1.1053,19,102.787,101.904,103.0,-0.116,-0.216,-0.072,-0.116,-0.116,1,0,
182,1790097825723418880,18.2,20,20,2240,1920,50.05,50.941,51.811,0.291,1,49.999,50.941,51.813,0.593,1,1.1667,20,102.787,101.998,103.0,-0.116,-0.311,-0.072,-0.116,-0.116,1,0,
183,1790097825823418880,18.3,20,21,2240,2016,50.05,51.077,51.811,0.376,1,50.022,51.067,51.813,0.633,1,1.1111,21,102.784,101.736,103.0,0.02,-0.185,-0.075,0.02,0.02,1,0,
184,1790097825923418880,18.4,20,20,2240,1920,50.05,51.077,51.811,0.364,1,50.044,51.266,51.813,0.593,1,1.1667,20,102.766,101.736,102.945,0.02,0.014,-0.093,0.02,0.02,1,0,
185,1790097826023418880,18.5,20,20,2240,1920,50.05,50.067,51.333,0.224,1,50.087,51.266,51.813,0.548,1,1.1667,20,102.783,101.736,102.945,-0.99,0.014,-0.076,0.014,0.014,1,0,
186,1790097826123418880,18.6,20,19,2240,1824,50.05,50.084,51.333,0.283,1,50.044,50.941,51.266,0.399,1,1.2281,19,102.787,101.736,102.945,-0.973,-0.311,-0.072,-0.311,-0.311,1,0,
187,1790097826223418880,18.7,19,20,2128,1920,50.051,50.084,51.333,0.292,1,50.034,50.941,51.266,0.428,1,1.1083,20,102.787,101.736,102.945,-0.973,-0.311,-0.072,-0.311,-0.311,1,0,
188,1790097826323418880,18.8,20,20,2240,1920,50.05,50.084,51.333,0.388,1,50.043,50.941,51.266,0.45,1,1.1667,20,102.787,101.736,102.945,-0.973,-0.311,-0.072,-0.311,-0.311,1,0,
189,1790097826423418880,18.9,19,21,2128,2016,50.053,50.315,51.333,0.413,1,50.035,51.067,51.362,0.579,1,1.0556,21,102.787,101.736,102.945,-0.742,-0.185,-0.072,-0.185,-0.185,1,0,
190,1790097826523418880,19.0,20,20,2240,1920,50.052,51.099,52.583,0.54,1,50.035,51.067,51.362,0.566,1,1.1667,20,102.791,101.736,102.945,0.042,-0.185,-0.068,0.042,0.042,1,0,
191,1790097826623418880,19.1,20,20,2240,1920,50.054,51.099,52.583,0.692,1,50.035,51.266,52.495,0.711,1,1.1667,20,102.778,101.736,102.921,0.042,0.014,-0.081,0.042,0.042,1,0,
192,1790097826723418880,19.2,19,20,2128,1920,50.056,51.099,52.583,0.746,1,50.035,51.266,52.495,0.811,1,1.1083,20,102.773,101.626,102.921,0.042,0.014,-0.086,0.042,0.042,1,0,
193,1790097826823418880,19.3,20,20,2240,1920,50.057,51.13,52.583,0.81,1,50.035,51.266,52.495,0.852,1,1.1667,20,102.773,101.626,102.921,0.073,0.014,-0.086,0.073,0.073,1,0,
194,1790097826923418880,19.4,20,20,2240,1920,50.057,51.13,52.583,0.852,1,50.035,51.362,52.753,0.961,1,1.1667,20,102.773,101.626,103.281,0.073,0.11,-0.086,0.11,0.11,1,0,
195,1790097827023418880,19.5,20,20,2240,1920,50.057,51.13,52.583,0.789,1,50.034,51.647,52.753,1.078,1,1.1667,20,102.773,101.626,103.281,0.073,0.395,-0.086,0.395,0.395,1,0,
196,1790097827123418880,19.6,20,21,2240,2016,50.054,51.13,52.583,0.819,1,50.028,51.647,52.753,1.027,1,1.1111,21,102.762,101.626,103.281,0.073,0.395,-0.097,0.395,0.395,1,0,
197,1790097827223418880,19.7,20,20,2240,1920,50.054,52.229,52.812,1.048,1,50.035,51.647,52.753,1.014,1,1.1667,20,102.779,101.626,103.281,1.172,0.395,-0.08,1.172,1.172,1,0,
198,1790097827323418880,19.8,19,20,2128,1920,50.054,52.229,52.812,0.94,1,50.02,51.647,52.753,1.098,1,1.1083,20,102.779,101.626,103.281,1.172,0.395,-0.08,1.172,1.172,1,0,
199,1790097827423418880,19.9,20,19,2240,1824,50.053,51.13,52.812,0.741,1,50.076,52.495,52.758,1.157,1,1.2281,19,102.774,101.626,103.281,0.073,1.243,-0.086,1.243,1.243,1,0,
200,1790097827523418880,20.0,20,20,2240,1920,50.052,51.13,52.812,0.742,1,50.02,51.647,52.758,0.988,1,1.1667,20,102.767,101.626,103.281,0.073,0.395,-0.092,0.395,0.395,1,0,
201,1790097827623418880,20.1,20,20,2240,1920,50.053,51.13,52.812,0.547,1,50.069,51.647,52.758,0.946,1,1.1667,20,102.779,101.626,103.281,0.073,0.395,-0.08,0.395,0.395,1,0,
202,1790097827723418880,20.2,21,19,2352,1824,50.053,50.057,52.812,0.411,1,50.053,51.647,52.758,0.747,1,1.2895,19,102.827,102.236,103.281,-1.0,0.395,-0.033,0.395,0.395,1,0,
203,1790097827823418880,20.3,21,20,2352,1920,50.053,50.055,52.812,0.358,1,50.039,50.27,52.758,0.61,1,1.225,20,102.829,102.05,103.281,-1.002,-0.982,-0.03,-0.982,-0.982,1,0,
204,1790097827923418880,20.4,21,20,2352,1920,50.053,50.055,52.812,0.313,1,50.039,50.27,52.758,0.523,1,1.225,20,102.829,101.963,102.926,-1.002,-0.982,-0.03,-0.982,-0.982,1,0,
205,1790097828023418880,20.5,21,20,2352,1920,50.053,50.054,52.812,0.312,1,50.05,50.27,52.758,0.479,1,1.225,20,102.839,101.963,102.926,-1.003,-0.982,-0.021,-0.982,-0.982,1,0,
206,1790097828123418880,20.6,21,20,2352,1920,50.053,50.054,52.812,0.282,1,50.05,50.27,52.758,0.492,1,1.225,20,102.829,101.963,102.901,-1.003,-0.982,-0.03,-0.982,-0.982,1,0,
207,1790097828223418880,20.7,20,20,2240,1920,50.053,50.054,50.063,0.002,1,50.067,50.27,52.758,0.47,1,1.1667,20,102.825,101.963,102.901,-1.003,-0.982,-0.034,-0.982,-0.982,1,0,
208,1790097828323418880,20.8,21,20,2352,1920,50.053,50.055,50.063,0.011,1,50.067,50.227,50.965,0.176,1,1.225,20,102.814,101.963,102.901,-1.002,-1.025,-0.045,-1.002,-1.002,1,0,
209,1790097828423418880,20.9,21,20,2352,1920,50.054,50.056,50.063,0.115,1,50.06,50.227,50.965,0.169,1,1.225,20,102.811,101.963,102.901,-1.001,-1.025,-0.049,-1.001,-1.001,1,0,
210,1790097828523418880,21.0,21,20,2352,1920,50.054,50.058,52.437,0.234,1,50.06,50.189,50.965,0.168,1,1.225,20,102.791,101.963,102.901,-0.999,-1.063,-0.069,-0.999,-0.999,1,0,
211,1790097828623418880,21.1,21,21,2352,2016,50.054,50.058,52.437,0.252,1,50.056,50.227,52.795,0.415,1,1.1667,21,102.78,101.963,102.972,-0.999,-1.025,-0.079,-0.999,-0.999,1,0,
212,1790097828723418880,21.2,21,20,2352,1920,50.054,50.058,52.437,0.253,1,50.052,50.227,52.795,0.456,1,1.225,20,102.779,101.963,102.972,-0.999,-1.025,-0.08,-0.999,-0.999,1,0,
213,1790097828823418880,21.3,21,20,2352,1920,50.054,50.063,52.437,0.285,1,50.052,50.227,52.795,0.415,1,1.225,20,102.788,101.963,102.972,-0.994,-1.025,-0.071,-0.994,-0.994,1,0,
214,1790097828923418880,21.4,21,20,2352,1920,50.054,50.063,52.437,0.293,1,50.06,50.227,52.795,0.401,1,1.225,20,102.799,102.473,102.972,-0.994,-1.025,-0.061,-0.994,-0.994,1,0,
215,1790097829023418880,21.5,21,20,2352,1920,50.051,50.063,52.437,0.302,1,50.052,50.227,52.795,0.404,1,1.225,20,102.779,102.473,102.972,-0.994,-1.025,-0.08,-0.994,-0.994,1,0,
216,1790097829123418880,21.6,20,20,2240,1920,50.049,50.063,52.437,0.323,1,50.052,50.227,52.795,0.397,1,1.1667,20,102.788,102.534,102.972,-0.994,-1.025,-0.071,-0.994,-0.994,1,0,
217,1790097829223418880,21.7,20,21,2240,2016,50.049,50.058,52.437,0.49,1,49.99,50.189,52.795,0.525,1,1.1111,21,102.801,102.534,102.972,-0.999,-1.063,-0.058,-0.999,-0.999,1,0,
218,1790097829323418880,21.8,21,20,2352,1920,50.049,50.642,53.534,0.648,1,49.936,50.189,52.795,0.572,1,1.225,20,102.81,102.311,102.972,-0.415,-1.063,-0.049,-0.415,-0.415,1,0,
219,1790097829423418880,21.9,20,21,2240,2016,50.03,50.057,53.534,0.449,1,49.99,50.601,53.813,0.751,1,1.1111,21,102.796,102.311,102.972,-1.0,-0.651,-0.063,-0.651,-0.651,1,0,
220,1790097829523418880,22.0,21,20,2352,1920,50.017,50.642,53.534,0.497,1,50.025,50.601,53.813,0.663,1,1.225,20,102.809,102.311,102.972,-0.415,-0.651,-0.05,-0.415,-0.415,1,0,
221,1790097829623418880,22.1,21,20,2352,1920,50.017,50.642,53.534,0.52,1,50.025,50.601,53.813,0.566,1,1.225,20,102.809,102.311,102.972,-0.415,-0.651,-0.05,-0.415,-0.415,1,0,
222,1790097829723418880,22.2,21,20,2352,1920,50.017,50.642,53.534,0.519,1,49.955,50.601,53.813,0.66,1,1.225,20,102.793,101.714,102.912,-0.415,-0.651,-0.066,-0.415,-0.415,1,0,
223,1790097829823418880,22.3,21,20,2352,1920,50.039,50.049,53.534,0.488,1,50.044,50.98,53.813,0.709,1,1.225,20,102.766,101.714,102.912,-1.008,-0.272,-0.093,-0.272,-0.272,1,0,
224,1790097829923418880,22.4,21,20,2352,1920,50.049,50.05,53.534,0.481,1,49.936,50.98,53.813,0.719,1,1.225,20,102.731,101.695,102.899,-1.007,-0.272,-0.129,-0.272,-0.272,1,0,
225,1790097830023418880,22.5,20,20,2240,1920,50.049,50.054,53.534,0.497,1,50.072,50.98,53.813,0.767,1,1.1667,20,102.694,101.695,102.899,-1.003,-0.272,-0.165,-0.272,-0.272,1,0,
226,1790097830123418880,22.6,20,20,2240,1920,50.049,51.088,53.534,0.387,1,50.044,50.98,53.813,0.778,1,1.1667,20,102.762,101.695,102.916,0.031,-0.272,-0.097,0.031,0.031,1,0,
227,1790097830223418880,22.7,21,20,2352,1920,50.049,50.055,51.245,0.232,1,50.089,50.98,53.813,0.624,1,1.225,20,102.748,101.695,102.916,-1.002,-0.272,-0.112,-0.272,-0.272,1,0,
228,1790097830323418880,22.8,21,20,2352,1920,50.049,51.088,51.245,0.328,1,50.089,50.98,51.518,0.523,1,1.225,20,102.748,101.695,103.012,0.031,-0.272,-0.112,0.031,0.031,1,0,
229,1790097830423418880,22.9,21,21,2352,2016,50.049,51.177,51.475,0.457,1,50.1,51.051,51.518,0.615,1,1.1667,21,102.756,101.695,103.012,0.12,-0.201,-0.103,0.12,0.12,1,0,
230,1790097830523418880,23.0,21,20,2352,1920,50.049,51.177,51.475,0.398,1,50.089,51.051,51.518,0.706,1,1.225,20,102.754,101.695,103.012,0.12,-0.201,-0.105,0.12,0.12,1,0,
231,1790097830623418880,23.1,19,19,2128,1824,50.049,51.177,51.475,0.397,1,50.118,51.389,51.518,0.735,1,1.1667,19,102.752,101.695,103.012,0.12,0.137,-0.107,0.137,0.137,1,0,
232,1790097830723418880,23.2,21,20,2352,1920,50.05,51.177,51.475,0.36,1,50.114,51.389,51.518,0.628,1,1.225,20,102.779,101.695,103.012,0.12,0.137,-0.08,0.137,0.137,1,0,
233,1790097830823418880,23.3,21,20,2352,1920,50.05,51.177,51.475,0.382,1,50.114,51.389,51.518,0.561,1,1.225,20,102.793,101.695,103.012,0.12,0.137,-0.066,0.137,0.137,1,0,
234,1790097830923418880,23.4,21,20,2352,1920,50.049,51.177,51.475,0.396,1,50.113,51.389,51.518,0.5,1,1.225,20,102.793,102.54,103.012,0.12,0.137,-0.066,0.137,0.137,1,0,
235,1790097831023418880,23.5,21,20,2352,1920,50.049,51.177,51.475,0.399,1,50.046,51.389,51.518,0.521,1,1.225,20,102.793,102.54,103.012,0.12,0.137,-0.066,0.137,0.137,1,0,
236,1790097831123418880,23.6,21,20,2352,1920,50.049,50.491,51.475,0.339,1,50.06,51.389,51.518,0.516,1,1.225,20,102.798,102.54,103.012,-0.566,0.137,-0.061,0.137,0.137,1,0,
237,1790097831223418880,23.7,21,20,2352,1920,50.05,50.491,51.475,0.302,1,50.046,50.5,51.518,0.456,1,1.225,20,102.793,102.385,103.012,-0.566,-0.752,-0.066,-0.566,-0.566,1,0,
238,1790097831323418880,23.8,21,20,2352,1920,50.049,50.126,51.475,0.203,1,50.046,50.5,51.518,0.421,1,1.225,20,102.793,102.385,102.924,-0.931,-0.752,-0.066,-0.752,-0.752,1,0,
239,1790097831423418880,23.9,21,21,2352,2016,50.049,50.078,50.491,0.083,1,50.039,50.479,51.518,0.285,1,1.1667,21,102.797,102.385,102.924,-0.979,-0.773,-0.062,-0.773,-0.773,1,0,
240,1790097831523418880,24.0,21,20,2352,1920,50.05,50.078,50.491,0.071,1,50.046,50.182,50.5,0.167,1,1.225,20,102.805,102.385,102.924,-0.979,-1.07,-0.054,-0.979,-0.979,1,0,
241,1790097831623418880,24.1,19,19,2128,1824,50.049,50.078,50.491,0.079,1,50.039,50.182,50.5,0.168,1,1.1667,19,102.814,102.385,102.924,-0.979,-1.07,-0.045,-0.979,-0.979,1,0,
242,1790097831723418880,24.2,21,20,2352,1920,50.05,50.126,50.491,0.239,1,50.032,50.182,50.5,0.154,1,1.225,20,102.777,102.385,102.923,-0.931,-1.07,-0.082,-0.931,-0.931,1,0,
243,1790097831823418880,24.3,21,21,2352,2016,50.05,50.429,52.164,0.36,1,50.039,50.479,50.521,0.312,1,1.1667,21,102.78,102.385,102.935,-0.628,-0.773,-0.079,-0.628,-0.628,1,0,
244,1790097831923418880,24.4,21,21,2352,2016,50.054,50.799,56.13,0.65,1,50.041,50.521,51.304,0.382,1,1.1667,21,102.78,101.925,102.935,-0.258,-0.731,-0.079,-0.258,-0.258,1,0,
245,1790097832023418880,24.5,21,21,2352,2016,50.054,52.164,63.124,2.109,1,50.055,50.649,57.031,0.716,1,1.1667,21,102.78,101.925,102.935,1.107,-0.603,-0.079,1.107,1.107,1,0,
246,1790097832123418880,24.6,21,21,2352,2016,50.055,56.13,65.585,3.624,1,50.08,51.304,63.063,2.163,1,1.1667,21,102.78,101.925,102.935,5.073,0.052,-0.079,5.073,5.073,1,0,
247,1790097832223418880,24.7,21,21,2352,2016,50.057,63.124,67.395,4.786,1,50.08,57.031,65.606,3.646,1,1.1667,21,102.814,101.925,102.935,12.067,5.779,-0.045,12.067,12.067,1,0,
248,1790097832323418880,24.8,21,21,2352,2016,50.06,63.124,67.395,6.086,1,50.116,63.063,67.475,4.804,1,1.1667,21,102.827,101.925,102.935,12.067,11.811,-0.032,12.067,12.067,1,0,
249,1790097832423418880,24.9,21,21,2352,2016,50.06,63.124,67.395,6.469,1,50.116,63.063,67.475,6.091,1,1.1667,21,102.832,101.925,102.963,12.067,11.811,-0.027,12.067,12.067,1,0,
250,1790097832523418880,25.0,21,21,2352,2016,50.246,65.585,68.396,8.547,1,50.116,63.063,67.475,6.462,1,1.1667,21,102.823,101.925,102.963,14.528,11.811,-0.036,14.528,14.528,1,0,
251,1790097832623418880,25.1,19,19,2128,1824,50.614,65.585,68.396,9.456,1,50.322,63.063,67.475,7.167,1,1.1667,19,102.823,101.925,102.963,14.528,11.811,-0.036,14.528,14.528,1,0,
252,1790097832723418880,25.2,21,21,2352,2016,50.845,67.395,89.836,12.449,1,50.497,65.606,68.178,8.614,1,1.1667,21,102.813,101.803,102.963,16.338,14.354,-0.046,16.338,16.338,1,0,
253,1790097832823418880,25.3,21,21,2352,2016,50.604,67.395,89.836,12.76,1,50.561,67.475,90.733,12.502,1,1.1667,21,102.787,101.803,102.963,16.338,16.223,-0.072,16.338,16.338,1,0,
254,1790097832923418880,25.4,21,21,2352,2016,50.604,68.396,123.443,18.627,2,50.441,67.475,90.733,12.836,1,1.1667,21,102.787,101.803,102.963,17.339,16.223,-0.072,17.339,17.339,1,0,
255,1790097833023418880,25.5,20,19,2240,1824,50.316,68.396,123.443,19.144,2,50.441,67.475,90.733,13.878,1,1.2281,19,102.813,101.803,102.963,17.339,16.223,-0.046,17.339,17.339,1,0,
256,1790097833123418880,25.6,20,19,2240,1824,50.316,80.241,123.443,21.191,2,50.441,68.178,123.566,19.097,2,1.2281,19,102.823,101.803,103.388,29.184,16.926,-0.036,29.184,29.184,1,1,1790097833163291665
257,1790097833223418880,25.7,21,20,2352,1920,50.604,87.369,123.443,23.236,2,50.408,80.071,123.566,21.239,2,1.225,20,102.784,101.803,103.388,36.312,28.819,-0.075,36.312,36.312,1,1,
258,1790097833323418880,25.8,21,21,2352,2016,50.604,87.369,123.443,22.932,2,50.441,87.236,123.566,23.269,2,1.1667,21,102.749,101.803,103.388,36.312,35.984,-0.111,36.312,36.312,1,1,
259,1790097833423418880,25.9,21,21,2352,2016,50.604,87.369,123.443,22.908,2,50.441,87.236,123.566,22.973,2,1.1667,21,102.728,101.803,103.388,36.312,35.984,-0.131,36.312,36.312,1,1,
260,1790097833523418880,26.0,21,21,2352,2016,50.604,87.369,123.443,23.697,2,50.441,87.236,123.566,22.951,2,1.1667,21,102.728,101.803,103.388,36.312,35.984,-0.131,36.312,36.312,1,1,
261,1790097833623418880,26.1,21,21,2352,2016,52.345,87.369,123.443,24.853,2,50.441,87.236,123.566,23.757,2,1.1667,21,102.749,101.803,103.388,36.312,35.984,-0.111,36.312,36.312,1,1,
262,1790097833723418880,26.2,19,19,2128,1824,52.345,80.241,123.443,23.162,2,52.425,87.236,123.566,26.243,2,1.1667,19,102.756,101.803,103.388,29.184,35.984,-0.103,35.984,35.984,1,1,
263,1790097833823418880,26.3,21,22,2352,2112,50.495,87.369,123.443,27.996,2,50.408,80.071,123.566,23.209,2,1.1136,22,102.797,102.49,103.388,36.312,28.819,-0.063,36.312,36.312,1,1,
264,1790097833923418880,26.4,22,21,2464,2016,47.888,80.241,121.67,23.824,2,50.605,87.236,123.566,27.988,2,1.2222,21,102.841,102.49,103.388,29.184,35.984,-0.018,35.984,35.984,1,1,
265,1790097834023418880,26.5,21,22,2352,2112,48.916,79.007,121.67,22.511,2,48.019,80.071,121.343,23.908,2,1.1136,22,102.797,101.864,103.388,27.95,28.819,-0.063,28.819,28.819,1,1,
266,1790097834123418880,26.6,21,21,2352,2016,48.916,72.029,121.67,18.969,2,49.387,79.006,121.343,22.605,2,1.1667,21,102.747,101.864,102.981,20.972,27.754,-0.112,27.754,27.754,1,1,
267,1790097834223418880,26.7,21,21,2352,2016,48.916,72.029,121.67,17.712,2,49.387,72.101,121.343,20.095,2,1.1667,21,102.794,101.864,125.651,20.972,20.849,-0.065,20.972,20.972,1,1,
268,1790097834323418880,26.8,21,20,2352,1920,48.916,72.029,121.67,17.34,2,50.756,79.006,121.343,20.24,2,1.225,20,102.825,101.864,135.341,20.972,27.754,-0.034,27.754,27.754,1,1,
269,1790097834423418880,26.9,21,20,2352,1920,48.242,72.029,121.67,17.44,2,48.019,79.006,121.343,19.889,2,1.225,20,102.906,101.864,136.557,20.972,27.754,0.046,27.754,27.754,1,1,
270,1790097834523418880,27.0,20,20,2240,1920,49.945,71.974,121.67,16.498,2,45.016,81.842,121.343,22.058,2,1.1667,20,102.932,101.864,171.475,20.917,30.59,0.073,30.59,30.59,1,1,
271,1790097834623418880,27.1,19,19,2128,1824,50.982,71.974,121.67,17.015,2,44.345,81.842,121.343,20.365,2,1.1667,19,102.923,101.864,171.475,20.917,30.59,0.064,30.59,30.59,1,1,
272,1790097834723418880,27.2,17,17,1904,1632,50.982,72.029,121.67,17.333,2,43.516,90.882,121.343,21.107,2,1.1667,17,102.981,101.864,171.475,20.972,39.63,0.122,39.63,39.63,1,1,
273,1790097834823418880,27.3,22,19,2464,1824,49.945,71.974,91.849,17.511,2,47.215,90.882,121.343,26.158,2,1.3509,19,125.651,101.864,171.475,20.917,39.63,22.792,39.63,39.63,1,1,
274,1790097834923418880,27.4,20,20,2240,1920,52.02,71.974,91.849,16.493,2,43.675,85.483,91.6,23.172,2,1.1667,20,135.949,101.864,232.443,20.917,34.231,33.09,34.231,34.231,1,1,
275,1790097835023418880,27.5,21,17,2352,1632,50.807,71.974,104.228,18.593,2,56.573,90.882,91.6,23.698,2,1.4412,17,151.352,102.675,232.443,20.917,39.63,48.493,39.63,39.63,1,1,
276,1790097835123418880,27.6,21,17,2352,1632,52.043,71.974,104.228,19.554,2,56.573,90.882,91.6,26.14,2,1.4412,17,165.768,102.718,263.279,20.917,39.63,62.909,39.63,39.63,1,1,
277,1790097835223418880,27.7,21,16,2352,1536,52.453,71.974,104.228,18.794,2,76.804,91.6,165.787,32.074,2,1.5312,16,168.51,116.988,328.608,20.917,40.348,65.651,40.348,40.348,1,1,
278,1790097835323418880,27.8,21,17,2352,1632,52.453,71.974,104.228,19.162,2,60.24,91.6,165.787,34.774,2,1.4412,17,168.773,124.019,328.608,20.917,40.348,65.914,40.348,40.348,1,1,
279,1790097835423418880,27.9,21,16,2352,1536,52.026,71.974,104.228,19.038,2,76.804,91.6,165.787,34.231,2,1.5312,16,204.353,151.352,339.301,20.917,40.348,101.494,40.348,40.348,1,1,
280,1790097835523418880,28.0,20,16,2240,1536,49.595,64.399,104.228,18.076,2,77.952,91.6,165.787,31.735,2,1.4583,16,220.982,151.352,364.072,13.342,40.348,118.123,40.348,40.348,1,1,
281,1790097835623418880,28.1,22,16,2464,1536,47.686,64.399,104.228,17.145,2,77.952,91.6,165.787,31.754,2,1.6042,16,284.138,160.615,393.915,13.342,40.348,181.279,40.348,40.348,1,1,
282,1790097835723418880,28.2,19,15,2128,1440,48.641,64.399,104.228,15.146,2,79.105,91.6,165.787,33.941,2,1.4778,15,304.997,168.497,393.915,13.342,40.348,202.138,40.348,40.348,1,1,
283,1790097835823418880,28.3,21,17,2352,1632,48.641,60.972,104.228,12.829,2,61.006,127.626,165.787,36.426,2,1.4412,17,322.39,168.497,465.671,9.915,76.374,219.531,76.374,76.374,1,1,
284,1790097835923418880,28.4,21,17,2352,1632,48.641,58.395,82.531,9.868,2,44.085,127.626,165.787,31.484,2,1.4412,17,364.072,199.185,465.671,7.338,76.374,261.213,76.374,76.374,1,1,
285,1790097836023418880,28.5,21,17,2352,1632,49.0,60.972,82.531,8.357,1,44.085,127.626,165.787,31.165,2,1.4412,17,374.324,199.185,465.671,9.915,76.374,271.465,76.374,76.374,1,1,
286,1790097836123418880,28.6,21,17,2352,1632,49.0,61.638,82.531,8.851,1,44.085,83.631,127.626,23.394,2,1.4412,17,393.915,304.997,465.671,10.581,32.379,291.056,32.379,32.379,1,1,
287,1790097836223418880,28.7,20,17,2240,1632,47.686,61.638,82.531,8.622,1,44.085,83.631,127.626,23.368,2,1.3725,17,431.464,304.997,495.999,10.581,32.379,328.605,32.379,32.379,1,1,
288,1790097836323418880,28.8,21,17,2352,1632,47.808,65.837,82.531,10.999,1,44.085,82.51,127.626,20.586,1,1.4412,17,436.181,322.39,515.204,14.78,31.258,333.321,31.258,31.258,1,1,
289,1790097836423418880,28.9,20,16,2240,1536,47.686,65.837,82.531,11.352,1,44.109,83.925,127.626,22.354,1,1.4583,16,444.732,364.072,543.36,14.78,32.673,341.873,32.673,32.673,1,1,
290,1790097836523418880,29.0,21,17,2352,1632,47.808,65.837,82.122,11.999,1,44.141,83.925,127.626,20.795,1,1.4412,17,449.797,374.324,571.504,14.78,32.673,346.938,32.673,32.673,1,1,
291,1790097836623418880,29.1,21,16,2352,1536,47.527,65.837,82.122,11.664,1,44.173,82.845,83.925,18.838,1,1.5312,16,464.113,383.77,588.512,14.78,31.593,361.254,31.593,31.593,1,1,
292,1790097836723418880,29.2,19,16,2128,1536,47.527,65.837,82.122,12.445,1,44.173,82.845,83.925,18.838,1,1.3854,16,464.113,383.77,588.512,14.78,31.593,361.254,31.593,31.593,1,1,
293,1790097836823418880,29.3,21,18,2352,1728,47.527,66.051,82.122,12.91,1,44.173,82.51,83.925,21.509,2,1.3611,18,505.601,383.77,607.258,14.994,31.258,402.742,31.258,31.258,1,1,
294,1790097836923418880,29.4,21,17,2352,1632,47.479,66.051,82.122,13.321,1,77.15,83.727,83.925,20.809,2,1.4412,17,540.409,383.77,607.258,14.994,32.475,437.55,32.475,32.475,1,1,
295,1790097837023418880,29.5,21,18,2352,1728,47.479,66.887,82.122,14.383,1,44.173,82.845,83.925,21.447,2,1.3611,18,543.312,436.181,607.258,15.83,31.593,440.453,31.593,31.593,1,1,
296,1790097837123418880,29.6,21,18,2352,1728,47.479,68.488,82.122,14.372,1,44.173,82.845,83.925,21.507,2,1.3611,18,557.432,462.556,607.258,17.431,31.593,454.573,31.593,31.593,1,1,
297,1790097837223418880,29.7,21,18,2352,1728,49.945,67.182,82.122,13.981,1,43.287,82.845,83.925,19.388,2,1.3611,18,571.826,483.569,607.258,16.125,31.593,468.967,31.593,31.593,1,1,
298,1790097837323418880,29.8,21,18,2352,1728,49.945,67.182,82.122,14.159,1,43.287,83.727,125.654,24.477,2,1.3611,18,577.158,515.204,664.739,16.125,32.475,474.299,32.475,32.475,1,1,
299,1790097837423418880,29.9,21,19,2352,1824,53.543,66.887,68.488,12.633,1,43.73,82.845,125.654,23.009,2,1.2895,19,583.446,524.855,664.739,15.83,31.593,480.587,31.593,31.593,1,1,
300,1790097837523418880,30.0,22,20,2464,1920,52.861,66.92,68.488,13.229,1,41.94,83.727,125.654,24.765,2,1.2833,20,587.751,524.855,671.181,15.863,32.475,484.892,32.475,32.475,1,1,
301,1790097837623418880,30.1,21,20,2352,1920,53.543,66.92,68.488,12.326,1,41.94,83.727,125.654,24.65,2,1.225,20,593.76,524.855,671.181,15.863,32.475,490.901,32.475,32.475,1,1,
302,1790097837723418880,30.2,21,19,2352,1824,54.247,66.92,68.488,10.918,1,42.613,85.74,125.654,26.184,2,1.2895,19,604.82,524.855,679.414,15.863,34.488,501.961,34.488,34.488,1,1,
303,1790097837823418880,30.3,20,19,2240,1824,54.226,66.92,68.488,11.304,1,42.613,85.74,125.654,28.414,2,1.2281,19,606.217,524.855,679.414,15.863,34.488,503.358,34.488,34.488,1,1,
304,1790097837923418880,30.4,21,21,2352,2016,54.247,67.182,78.444,12.833,1,42.613,85.74,125.654,27.999,2,1.1667,21,611.258,524.855,679.414,16.125,34.488,508.399,34.488,34.488,1,1,
305,1790097838023418880,30.5,21,19,2352,1824,54.247,67.182,78.444,11.921,1,62.444,85.74,125.654,32.862,2,1.2895,19,622.467,524.855,679.414,16.125,34.488,519.608,34.488,34.488,1,1,
306,1790097838123418880,30.6,21,20,2352,1920,54.247,67.182,79.105,13.6,1,43.287,85.74,125.654,29.432,2,1.225,20,622.936,573.877,679.414,16.125,34.488,520.077,34.488,34.488,1,1,
307,1790097838223418880,30.7,21,20,2352,1920,54.247,66.92,79.105,13.384,1,42.831,83.577,85.748,27.22,2,1.225,20,626.296,592.689,679.414,15.863,32.325,523.437,32.325,32.325,1,1,
308,1790097838323418880,30.8,21,20,2352,1920,54.247,78.444,92.074,15.607,2,42.544,83.577,85.748,23.016,2,1.225,20,630.445,592.689,679.414,27.387,32.325,527.586,32.325,32.325,1,1,
309,1790097838423418880,30.9,21,21,2352,2016,52.826,78.444,92.074,16.26,2,42.452,83.577,85.748,21.922,2,1.1667,21,623.405,592.689,679.414,27.387,32.325,520.546,32.325,32.325,1,1,
310,1790097838523418880,31.0,20,20,2240,1920,51.383,78.444,92.074,16.19,2,42.544,83.577,120.667,24.575,2,1.1667,20,622.936,592.689,679.414,27.387,32.325,520.077,32.325,32.325,1,1,
311,1790097838623418880,31.1,21,22,2352,2112,52.826,78.444,92.074,17.71,2,42.36,85.74,120.667,24.767,2,1.1136,22,622.936,592.689,679.414,27.387,34.488,520.077,34.488,34.488,1,1,
312,1790097838723418880,31.2,21,20,2352,1920,50.725,78.444,92.074,17.478,2,42.36,83.718,120.667,22.946,2,1.225,20,622.936,592.689,669.44,27.387,32.466,520.077,32.466,32.466,1,1,
313,1790097838823418880,31.3,19,20,2128,1920,50.725,74.62,92.074,17.77,2,42.36,83.718,120.667,18.656,2,1.1083,20,627.554,601.554,669.44,23.563,32.466,524.695,32.466,32.466,1,1,
314,1790097838923418880,31.4,21,19,2352,1824,49.292,79.105,177.907,26.903,3,42.505,84.917,120.667,21.454,2,1.2895,19,636.083,607.614,669.44,28.048,33.665,533.224,33.665,33.665,1,1,
315,1790097839023418880,31.5,21,18,2352,1728,49.292,79.105,177.907,26.334,3,42.467,84.917,120.667,20.342,2,1.3611,18,636.532,607.614,669.44,28.048,33.665,533.673,33.665,33.665,1,1,
316,1790097839123418880,31.6,21,19,2352,1824,49.292,92.074,177.907,27.438,3,42.413,87.558,165.329,30.799,3,1.2895,19,645.897,611.76,781.387,41.017,36.306,543.038,41.017,41.017,1,1,
317,1790097839223418880,31.7,21,20,2352,1920,48.104,92.074,177.907,28.133,3,42.36,87.558,165.329,29.461,3,1.225,20,648.831,611.76,781.387,41.017,36.306,545.972,41.017,41.017,1,1,
318,1790097839323418880,31.8,22,20,2464,1920,47.69,74.62,177.907,25.502,3,42.467,87.558,165.329,33.846,3,1.2833,20,659.499,611.76,781.387,23.563,36.306,556.639,36.306,36.306,1,1,
319,1790097839423418880,31.9,19,20,2128,1920,47.143,74.62,177.907,26.071,3,40.903,87.257,165.329,29.957,3,1.1083,20,668.528,540.138,781.387,23.563,36.005,565.669,36.005,36.005,1,1,
320,1790097839523418880,32.0,21,21,2352,2016,45.819,101.175,212.589,36.914,4,41.685,87.257,165.329,30.488,3,1.1667,21,667.617,540.138,781.387,50.118,36.005,564.758,50.118,50.118,1,1,
321,1790097839623418880,32.1,21,18,2352,1728,45.511,101.175,212.589,36.107,4,42.467,84.917,165.329,30.476,3,1.3611,18,670.004,540.138,781.387,50.118,33.665,567.145,50.118,50.118,1,1,
322,1790097839723418880,32.2,19,16,2128,1536,39.994,101.175,212.589,39.379,4,42.467,87.257,165.329,28.976,3,1.3854,16,674.101,540.138,781.387,50.118,36.005,571.242,50.118,50.118,1,1,
323,1790097839823418880,32.3,22,20,2464,1920,45.044,62.315,212.589,28.852,4,40.903,87.257,210.755,38.698,4,1.2833,20,684.311,540.138,832.346,11.258,36.005,581.452,36.005,36.005,1,1,
324,1790097839923418880,32.4,21,20,2352,1920,46.286,62.315,212.589,24.782,4,40.903,84.421,210.755,32.258,4,1.225,20,701.573,540.138,832.346,11.258,33.169,598.714,33.169,33.169,1,1,
325,1790097840023418880,32.5,21,21,2352,2016,45.949,62.315,212.589,24.757,4,40.657,84.421,210.755,30.83,4,1.1667,21,700.188,540.138,832.346,11.258,33.169,597.329,33.169,33.169,1,1,
326,1790097840123418880,32.6,22,22,2464,2112,45.977,62.315,212.589,22.198,4,40.411,85.869,210.755,31.287,4,1.1667,22,699.619,540.138,832.346,11.258,34.617,596.76,34.617,34.617,1,1,
327,1790097840223418880,32.7,20,20,2240,1920,46.978,62.315,212.589,21.305,4,41.212,84.421,210.755,27.997,4,1.1667,20,691.855,540.138,832.346,11.258,33.169,588.996,33.169,33.169,1,1,
328,1790097840323418880,32.8,18,20,2016,1920,46.978,58.853,212.589,22.795,4,41.212,85.869,210.755,30.033,4,1.05,20,699.619,540.138,832.346,7.796,34.617,596.76,34.617,34.617,1,1,
329,1790097840423418880,32.9,21,17,2352,1632,45.949,58.853,196.903,25.534,4,43.368,122.286,210.755,32.586,4,1.4412,17,702.958,540.138,832.346,7.796,71.034,600.099,71.034,71.034,1,1,
330,1790097840523418880,33.0,22,16,2464,1536,45.977,71.197,196.903,25.894,4,43.277,122.286,210.755,32.211,4,1.6042,16,709.301,565.515,832.346,20.14,71.034,606.442,71.034,71.034,1,1,
331,1790097840623418880,33.1,21,15,2352,1440,47.164,79.072,196.903,25.043,4,42.244,85.869,122.286,22.549,4,1.6333,15,715.644,565.515,832.346,28.015,34.617,612.785,34.617,34.617,1,1,
332,1790097840723418880,33.2,21,17,2352,1632,47.164,79.072,196.903,26.018,4,43.368,122.286,289.666,37.744,4,1.4412,17,724.16,565.515,1053.498,28.015,71.034,621.301,71.034,71.034,1,1,
333,1790097840823418880,33.3,20,14,2240,1344,46.978,79.072,196.903,26.893,4,43.459,122.286,289.666,36.158,1,1.6667,14,732.018,565.515,1053.498,28.015,71.034,629.158,71.034,71.034,1,1,
334,1790097840923418880,33.4,20,15,2240,1440,46.978,85.948,196.903,33.347,4,43.634,122.286,289.666,31.456,1,1.5556,15,772.18,565.515,1053.498,34.891,71.034,669.321,71.034,71.034,1,1,
335,1790097841023418880,33.5,20,13,2240,1248,46.978,85.948,196.903,34.475,4,43.634,122.286,289.666,32.643,1,1.7949,13,1023.209,565.515,1053.498,34.891,71.034,920.35,71.034,71.034,1,1,
336,1790097841123418880,33.6,21,13,2352,1248,45.247,85.948,196.903,36.549,4,44.368,122.286,289.666,42.124,2,1.8846,13,1027.246,608.711,1086.622,34.891,71.034,924.387,71.034,71.034,1,1,
337,1790097841223418880,33.7,21,13,2352,1248,45.247,79.072,124.086,29.806,4,44.368,120.256,289.666,42.451,2,1.8846,13,1036.013,770.948,1086.622,28.015,69.004,933.154,69.004,69.004,1,1,
338,1790097841323418880,33.8,23,15,2576,1440,45.247,85.948,124.086,31.393,4,44.368,164.675,289.666,48.149,2,1.7889,15,1036.013,770.948,1123.324,34.891,113.423,933.154,113.423,113.423,1,1,
339,1790097841423418880,33.9,21,15,2352,1440,52.974,85.948,124.086,26.182,2,41.862,120.256,164.675,30.564,2,1.6333,15,1036.013,926.43,1123.324,34.891,69.004,933.154,69.004,69.004,1,1,
340,1790097841523418880,34.0,21,17,2352,1632,52.974,78.464,124.086,24.306,2,41.862,122.964,164.675,34.428,2,1.4412,17,1041.461,926.43,1133.027,27.407,71.712,938.602,71.712,71.712,1,1,
341,1790097841623418880,34.1,19,19,2128,1824,55.167,78.464,124.086,24.066,2,41.862,120.256,164.675,30.806,2,1.1667,19,1041.461,926.43,1133.027,27.407,69.004,938.602,69.004,69.004,1,1,
342,1790097841723418880,34.2,17,20,1904,1920,55.167,94.548,124.086,24.855,2,41.74,120.256,164.675,31.408,2,0.9917,20,1047.754,926.43,1133.027,43.491,69.004,944.895,69.004,69.004,1,1,
343,1790097841823418880,34.3,15,18,1680,1728,55.167,78.464,94.548,22.945,2,41.984,120.256,164.675,35.008,2,0.9722,18,1042.326,926.43,1133.027,27.407,69.004,939.467,69.004,69.004,1,1,
344,1790097841923418880,34.4,13,15,1456,1440,55.844,78.464,94.548,22.054,2,41.862,122.964,164.675,41.599,2,1.0111,15,1053.964,926.43,1133.027,27.407,71.712,951.105,71.712,71.712,1,1,
345,1790097842023418880,34.5,11,14,1232,1344,55.844,78.464,94.548,21.947,2,41.74,122.964,164.675,38.759,2,0.9167,14,1054.721,926.43,1133.027,27.407,71.712,951.861,71.712,71.712,1,1,
346,1790097842123418880,34.6,10,12,1120,1152,53.714,59.485,94.548,21.635,2,41.74,122.964,164.675,38.06,2,0.9722,12,1054.721,926.43,1133.027,8.428,71.712,951.861,71.712,71.712,1,1,
347,1790097842223418880,34.7,21,13,2352,1248,10.798,59.485,533.083,49.64,10,41.147,122.964,546.892,70.235,3,1.8846,13,1080.642,926.43,1462.889,8.428,71.712,977.783,71.712,71.712,1,1,
348,1790097842323418880,34.8,21,21,2352,2016,10.798,58.75,533.083,47.592,10,0.009,85.821,546.892,48.336,10,1.1667,21,1111.474,926.43,1462.889,7.693,34.569,1008.615,34.569,34.569,1,1,
349,1790097842423418880,34.9,20,19,2240,1824,21.345,58.75,533.083,49.558,10,0.008,85.821,546.892,49.393,10,1.2281,19,1111.474,947.191,1462.889,7.693,34.569,1008.615,34.569,34.569,1,1,
350,1790097842523418880,35.0,21,21,2352,2016,10.798,70.311,533.083,49.809,10,0.115,85.821,546.892,50.442,10,1.1667,21,1080.642,947.191,1462.889,19.254,34.569,977.783,34.569,34.569,1,1,
351,1790097842623418880,35.1,22,19,2464,1824,21.345,63.339,80.456,26.665,10,0.114,80.926,546.892,51.256,10,1.3509,19,1070.452,554.138,1462.889,12.282,29.674,967.593,29.674,29.674,1,1,
352,1790097842723418880,35.2,22,17,2464,1632,21.345,63.339,80.456,26.665,10,0.006,80.926,87.581,23.469,10,1.5098,17,1057.764,554.138,1462.889,12.282,29.674,954.905,29.674,29.674,1,1,
353,1790097842823418880,35.3,26,20,2912,1920,34.182,63.339,80.456,25.718,10,0.007,85.703,87.581,28.824,10,1.5167,20,1041.481,554.138,1462.889,12.282,34.451,938.622,34.451,34.451,1,1,
354,1790097842923418880,35.4,28,21,3136,2016,35.003,63.028,80.456,24.978,10,19.43,86.472,121.238,33.445,10,1.5556,21,1034.759,554.138,1462.889,11.971,35.22,931.9,35.22,35.22,1,1,
355,1790097843023418880,35.5,30,23,3360,2208,42.896,63.028,80.456,24.372,10,38.935,86.472,121.238,30.744,10,1.5217,23,1026.29,554.138,1462.889,11.971,35.22,923.431,35.22,35.22,1,1,
356,1790097843123418880,35.6,19,25,2128,2400,54.237,63.339,80.456,12.429,2,39.996,86.472,121.238,30.172,10,0.8867,25,1026.29,554.138,1462.889,12.282,35.22,923.431,35.22,35.22,1,1,
357,1790097843223418880,35.7,17,27,1904,2592,54.237,70.311,80.456,12.564,2,40.222,85.703,121.238,28.021,10,0.7346,27,1034.759,554.138,1462.889,19.254,34.451,931.9,34.451,34.451,1,1,
358,1790097843323418880,35.8,21,16,2352,1536,51.578,63.339,237.206,28.977,5,42.613,86.472,121.238,20.405,2,1.5312,16,1010.088,554.138,1119.809,12.282,35.22,907.228,35.22,35.22,1,1,
359,1790097843423418880,35.9,21,17,2352,1632,51.981,72.974,237.206,30.001,5,43.248,121.238,245.911,34.426,2,1.4412,17,1016.837,554.138,1306.97,21.917,69.986,913.978,69.986,69.986,1,1,
360,1790097843523418880,36.0,22,19,2464,1824,53.067,63.339,237.206,28.005,5,42.584,86.472,245.911,37.649,5,1.3509,19,1048.203,554.138,1306.97,12.282,35.22,945.344,35.22,35.22,1,1,
361,1790097843623418880,36.1,21,18,2352,1728,51.861,63.028,237.206,26.601,5,42.554,86.472,245.911,39.6,5,1.3611,18,1074.097,554.138,1306.97,11.971,35.22,971.238,35.22,35.22,1,1,
362,1790097843723418880,36.2,20,18,2240,1728,53.067,59.639,237.206,26.131,5,42.554,84.833,245.911,37.007,5,1.2963,18,1120.47,726.046,1306.97,8.582,33.581,1017.611,33.581,33.581,1,1,
363,1790097843823418880,36.3,20,19,2240,1824,53.067,60.728,237.206,26.613,5,42.584,84.714,245.911,32.626,5,1.2281,19,1121.131,847.281,1306.97,9.671,33.462,1018.271,33.462,33.462,1,1,
364,1790097843923418880,36.4,21,20,2352,1920,53.187,72.974,237.206,27.348,5,42.613,84.833,245.911,33.384,5,1.225,20,1124.89,889.831,1306.97,21.917,33.581,1022.031,33.581,33.581,1,1,
365,1790097844023418880,36.5,21,20,2352,1920,49.839,72.974,237.206,28.226,5,40.973,84.714,245.911,31.322,5,1.225,20,1131.278,1016.837,1306.97,21.917,33.462,1028.418,33.462,33.462,1,1,
366,1790097844123418880,36.6,22,20,2464,1920,46.612,67.985,75.111,18.887,5,42.73,84.714,245.911,33.32,5,1.2833,20,1132.462,1057.805,1306.97,16.928,33.462,1029.602,33.462,33.462,1,1,
367,1790097844223418880,36.7,24,19,2688,1824,46.612,67.985,75.111,18.111,5,40.519,83.739,85.954,23.73,5,1.4737,19,1149.576,1090.39,1306.97,16.928,32.487,1046.717,32.487,32.487,1,1,
368,1790097844323418880,36.8,21,20,2352,1920,54.037,67.985,75.111,10.924,1,40.708,84.714,121.003,26.707,5,1.225,20,1143.289,1033.373,1306.97,16.928,33.462,1040.43,33.462,33.462,1,1,
369,1790097844423418880,36.9,21,23,2352,2208,51.498,61.094,75.111,11.022,1,41.419,84.714,121.003,23.342,5,1.0652,23,1137.003,1033.373,1306.97,10.037,33.462,1034.143,33.462,33.462,1,1,
370,1790097844523418880,37.0,20,19,2240,1824,52.001,61.094,75.111,9.794,1,43.11,84.714,121.003,19.122,2,1.2281,19,1132.512,1033.373,1243.343,10.037,33.462,1029.653,33.462,33.462,1,1,
371,1790097844623418880,37.1,20,19,2240,1824,52.001,67.985,91.091,14.097,2,42.43,84.109,121.003,16.859,2,1.2281,19,1149.576,1033.373,1243.343,16.928,32.857,1046.717,32.857,32.857,1,1,
372,1790097844723418880,37.2,18,17,2016,1632,47.988,67.985,91.091,14.822,2,42.333,85.954,121.003,13.964,1,1.2353,17,1155.276,1033.373,1243.343,16.928,34.702,1052.417,34.702,34.702,1,1,
373,1790097844823418880,37.3,19,18,2128,1728,46.642,67.985,198.327,25.531,3,42.129,85.954,121.003,20.194,2,1.2315,18,1159.574,1033.373,1287.535,16.928,34.702,1056.715,34.702,34.702,1,1,
374,1790097844923418880,37.4,21,16,2352,1536,46.642,86.796,198.327,27.624,4,42.129,120.488,121.003,19.748,2,1.5312,16,1166.551,1033.373,1287.535,35.739,69.236,1063.692,69.236,69.236,1,1,
375,1790097845023418880,37.5,19,18,2128,1728,49.995,86.796,198.327,29.783,4,41.894,120.488,204.81,34.138,4,1.2315,18,1193.986,1033.373,1389.712,35.739,69.236,1091.127,69.236,69.236,1,1,
376,1790097845123418880,37.6,21,20,2352,1920,49.995,86.796,198.327,30.23,4,40.331,120.488,204.81,33.23,4,1.225,20,1211.859,1033.373,1389.712,35.739,69.236,1109.0,69.236,69.236,1,1,
377,1790097845223418880,37.7,21,19,2352,1824,49.995,86.796,198.327,30.168,4,41.094,86.694,204.81,33.246,4,1.2895,19,1230.331,1033.373,1389.712,35.739,35.442,1127.472,35.739,35.739,1,1,
378,1790097845323418880,37.8,20,21,2240,2016,51.703,86.796,198.327,31.35,4,42.012,86.694,204.81,30.011,4,1.1111,21,1230.331,1033.373,1389.712,35.739,35.442,1127.472,35.739,35.739,1,1,
379,1790097845423418880,37.9,21,20,2352,1920,49.096,86.796,198.327,30.282,4,41.894,86.694,204.81,33.553,4,1.225,20,1230.955,1159.248,1389.712,35.739,35.442,1128.096,35.739,35.739,1,1,
380,1790097845523418880,38.0,21,21,2352,2016,47.253,75.375,198.327,28.289,4,41.977,86.694,204.81,29.878,4,1.1667,21,1236.365,1188.721,1389.712,24.318,35.442,1133.506,35.442,35.442,1,1,
381,1790097845623418880,38.1,21,21,2352,2016,47.253,75.375,86.898,21.531,4,42.153,86.694,204.81,30.008,4,1.1667,21,1231.514,1188.721,1389.712,24.318,35.442,1128.655,35.442,35.442,1,1,
382,1790097845723418880,38.2,21,20,2352,1920,47.253,75.375,86.898,21.531,4,42.06,85.874,204.81,27.459,4,1.225,20,1233.939,1205.498,1389.712,24.318,34.622,1131.08,34.622,34.622,1,1,
383,1790097845823418880,38.3,20,21,2240,2016,48.017,86.796,129.944,21.616,2,42.153,83.799,86.694,21.744,4,1.1111,21,1230.396,1205.498,1389.712,35.739,32.547,1127.537,35.739,35.739,1,1,
384,1790097845923418880,38.4,22,22,2464,2112,47.178,75.375,129.944,19.396,2,42.246,85.874,86.694,22.793,4,1.1667,22,1230.194,1117.595,1389.712,24.318,34.622,1127.334,34.622,34.622,1,1,
385,1790097846023418880,38.5,21,20,2352,1920,47.597,80.586,129.944,19.487,2,42.862,86.025,119.214,24.44,2,1.225,20,1230.194,1117.595,1256.584,29.529,34.773,1127.334,34.773,34.773,1,1,
386,1790097846123418880,38.6,20,19,2240,1824,47.178,80.586,129.944,18.27,2,42.789,83.799,119.214,18.758,2,1.2281,19,1236.762,1117.595,1276.84,29.529,32.547,1133.903,32.547,32.547,1,1,
387,1790097846223418880,38.7,20,20,2240,1920,47.178,86.898,129.944,23.683,2,42.862,85.991,119.214,19.9,2,1.1667,20,1236.821,1117.595,1285.509,35.841,34.739,1133.962,35.841,35.841,1,1,
388,1790097846323418880,38.8,20,18,2240,1728,46.489,86.898,129.944,23.939,2,43.453,85.991,119.214,22.159,2,1.2963,18,1237.432,1117.595,1285.509,35.841,34.739,1134.572,35.841,35.841,1,1,
389,1790097846423418880,38.9,19,20,2128,1920,47.597,86.898,129.944,25.756,2,42.868,86.025,123.829,26.461,3,1.1083,20,1242.553,1117.595,1356.194,35.841,34.773,1139.694,35.841,35.841,1,1,
390,1790097846523418880,39.0,21,19,2352,1824,45.569,86.898,129.944,25.147,2,43.16,86.025,123.829,30.181,3,1.2895,19,1239.589,1117.595,1356.194,35.841,34.773,1136.73,35.841,35.841,1,1,
391,1790097846623418880,39.1,22,18,2464,1728,44.727,80.586,129.944,22.801,2,43.453,93.797,123.829,37.098,3,1.4259,18,1260.91,1117.595,1356.194,29.529,42.545,1158.051,42.545,42.545,1,1,
392,1790097846723418880,39.2,19,17,2128,1632,42.708,70.819,121.523,20.58,2,43.16,119.214,123.829,37.306,3,1.3039,17,1264.233,1117.595,1356.194,19.762,67.962,1161.374,67.962,67.962,1,1,
393,1790097846823418880,39.3,20,18,2240,1728,44.727,70.819,121.523,20.06,2,43.453,93.797,123.829,32.542,3,1.2963,18,1280.306,1117.595,1356.194,19.762,42.545,1177.447,42.545,42.545,1,1,
394,1790097846923418880,39.4,20,18,2240,1728,45.218,80.586,162.05,26.858,3,43.36,87.095,123.829,28.428,3,1.2963,18,1283.166,1236.762,1356.194,29.529,35.843,1180.306,35.843,35.843,1,1,
395,1790097847023418880,39.5,22,21,2464,2016,45.218,92.993,162.05,27.077,3,43.114,93.797,162.329,34.448,3,1.2222,21,1296.043,1236.762,1407.113,41.936,42.545,1193.184,42.545,42.545,1,1,
396,1790097847123418880,39.6,21,19,2352,1824,45.693,70.819,162.05,25.114,3,43.252,93.797,162.329,33.562,3,1.2895,19,1301.778,1244.653,1407.113,19.762,42.545,1198.919,42.545,42.545,1,1,
397,1790097847223418880,39.7,20,20,2240,1920,46.411,70.819,162.05,23.842,3,43.36,123.829,162.329,38.459,3,1.1667,20,1321.978,1244.653,1407.113,19.762,72.577,1219.119,72.577,72.577,1,1,
398,1790097847323418880,39.8,21,20,2352,1920,46.289,70.664,162.05,24.341,3,42.771,93.797,162.329,34.346,3,1.225,20,1331.405,1244.653,1407.113,19.607,42.545,1228.546,42.545,42.545,1,1,
399,1790097847423418880,39.9,21,20,2352,1920,48.333,70.664,162.05,23.44,3,42.771,93.797,162.329,32.712,3,1.225,20,1331.405,1244.653,1407.113,19.607,42.545,1228.546,42.545,42.545,1,1,
400,1790097847523418880,40.0,21,20,2352,1920,51.852,70.664,162.05,23.424,3,42.771,90.482,162.329,31.939,3,1.225,20,1331.405,1244.653,1407.113,19.607,39.23,1228.546,39.23,39.23,1,1,
401,1790097847623418880,40.1,21,19,2352,1824,48.688,70.664,162.05,22.845,3,42.957,90.482,162.329,31.595,3,1.2895,19,1335.937,1244.653,1407.113,19.607,39.23,1233.078,39.23,39.23,1,1,
402,1790097847723418880,40.2,19,17,2128,1632,47.025,70.202,92.993,18.537,3,41.647,130.23,162.329,32.738,3,1.3039,17,1342.156,1244.653,1407.113,19.145,78.978,1239.297,78.978,78.978,1,1,
403,1790097847823418880,40.3,22,20,2464,1920,46.928,70.202,92.993,16.351,3,41.688,90.482,162.329,29.895,3,1.2833,20,1352.316,1244.653,1407.113,19.145,39.23,1249.457,39.23,39.23,1,1,
404,1790097847923418880,40.4,20,20,2240,1920,50.256,70.664,117.551,18.992,2,41.688,87.41,130.23,23.452,3,1.1667,20,1363.377,1244.653,1407.113,19.607,36.158,1260.518,36.158,36.158,1,1,
405,1790097848023418880,40.5,21,21,2352,2016,48.688,70.202,117.551,18.01,2,41.835,87.41,130.23,22.46,3,1.1667,21,1363.177,1244.653,1407.113,19.145,36.158,1260.318,36.158,36.158,1,1,
406,1790097848123418880,40.6,19,18,2128,1728,51.852,70.202,117.551,16.623,2,41.982,87.41,124.86,23.374,2,1.2315,18,1366.121,1247.288,1442.448,19.145,36.158,1263.262,36.158,36.158,1,1,
407,1790097848223418880,40.7,20,21,2240,2016,47.121,67.752,117.551,17.246,2,42.092,87.41,124.86,26.388,2,1.1111,21,1368.665,1247.288,1442.448,16.695,36.158,1265.806,36.158,36.158,1,1,
408,1790097848323418880,40.8,18,18,2016,1728,47.121,67.752,117.551,16.713,2,42.201,87.41,124.86,28.44,2,1.1667,18,1370.187,1247.288,1442.448,16.695,36.158,1267.328,36.158,36.158,1,1,
409,1790097848423418880,40.9,19,17,2128,1632,46.607,71.5,165.92,27.059,3,43.751,124.86,125.917,32.067,2,1.3039,17,1377.869,1247.288,1478.492,20.443,73.608,1275.01,73.608,73.608,1,1,
410,1790097848523418880,41.0,20,18,2240,1728,46.285,117.551,165.92,33.772,3,42.201,124.86,160.923,37.483,3,1.2963,18,1379.228,1310.432,1478.492,66.494,73.608,1276.369,73.608,73.608,1,1,
411,1790097848623418880,41.1,20,17,2240,1632,44.895,117.551,165.92,35.642,3,42.092,125.917,160.923,37.139,3,1.3725,17,1380.168,1310.432,1478.492,66.494,74.665,1277.309,74.665,74.665,1,1,
412,1790097848723418880,41.2,18,15,2016,1440,36.35,117.551,165.92,38.8,3,42.092,125.917,160.923,39.147,3,1.4,15,1385.975,1310.432,1478.492,66.494,74.665,1283.116,74.665,74.665,1,1,
413,1790097848823418880,41.3,20,18,2240,1728,34.645,77.224,165.92,33.667,3,42.201,125.917,160.923,44.65,3,1.2963,18,1378.411,1310.432,1478.492,26.167,74.665,1275.552,74.665,74.665,1,1,
414,1790097848923418880,41.4,21,17,2352,1632,39.754,77.224,165.92,31.18,3,58.813,126.077,160.923,52.305,3,1.4412,17,1383.599,1310.432,1478.492,26.167,74.825,1280.74,74.825,74.825,1,1,
415,1790097849023418880,41.5,21,19,2352,1824,44.351,77.224,165.92,29.688,3,57.798,125.917,160.923,48.395,3,1.2895,19,1378.534,1307.763,1478.492,26.167,74.665,1275.675,74.665,74.665,1,1,
416,1790097849123418880,41.6,21,19,2352,1824,44.351,77.224,165.92,28.07,3,41.089,125.917,160.923,43.694,3,1.2895,19,1349.537,1307.763,1478.492,26.167,74.665,1246.678,74.665,74.665,1,1,
417,1790097849223418880,41.7,20,20,2240,1920,45.544,72.507,135.083,23.041,3,40.669,125.917,160.923,41.459,3,1.1667,20,1345.457,1291.333,1478.492,21.45,74.665,1242.598,74.665,74.665,1,1,
418,1790097849323418880,41.8,22,19,2464,1824,45.544,77.224,141.05,27.561,3,41.089,85.565,160.923,37.034,3,1.3509,19,1336.368,1291.333,1478.492,26.167,34.313,1233.509,34.313,34.313,1,1,
419,1790097849423418880,41.9,22,19,2464,1824,48.493,72.507,141.05,21.924,3,41.089,83.682,126.077,32.591,3,1.3509,19,1336.368,1291.333,1429.342,21.45,32.43,1233.509,32.43,32.43,1,1,
420,1790097849523418880,42.0,21,21,2352,2016,49.164,66.305,141.05,17.418,2,41.089,85.565,166.978,37.68,3,1.1667,21,1341.377,1291.333,1465.285,15.248,34.313,1238.518,34.313,34.313,1,1,
421,1790097849623418880,42.1,21,21,2352,2016,49.164,66.305,141.05,18.603,2,41.089,83.682,166.978,31.49,3,1.1667,21,1341.377,1252.874,1465.285,15.248,32.43,1238.518,32.43,32.43,1,1,
422,1790097849723418880,42.2,19,18,2128,1728,49.164,66.305,141.05,19.541,2,41.51,83.682,166.978,29.868,2,1.2315,18,1338.873,1252.874,1465.285,15.248,32.43,1236.013,32.43,32.43,1,1,
423,1790097849823418880,42.3,21,20,2352,1920,49.164,88.416,141.05,22.717,2,42.239,82.706,166.978,30.645,2,1.225,20,1332.314,1252.874,1465.285,37.359,31.454,1229.455,37.359,37.359,1,1,
424,1790097849923418880,42.4,20,20,2240,1920,49.913,88.416,141.05,24.243,2,42.239,85.565,166.978,32.628,2,1.1667,20,1338.444,1252.874,1465.285,37.359,34.313,1235.584,37.359,37.359,1,1,
425,1790097850023418880,42.5,19,20,2128,1920,49.873,88.416,141.05,25.136,2,41.51,85.565,166.978,28.747,2,1.1083,20,1338.701,1252.874,1465.285,37.359,34.313,1235.842,37.359,37.359,1,1,
426,1790097850123418880,42.6,21,18,2352,1728,50.699,88.416,141.05,24.549,2,42.239,87.75,166.978,32.166,2,1.3611,18,1368.998,1252.874,1465.285,37.359,36.498,1266.138,37.359,37.359,1,1,
427,1790097850223418880,42.7,21,19,2352,1824,49.353,69.668,97.111,21.416,2,42.727,87.75,166.978,32.688,2,1.2895,19,1373.889,1252.874,1465.285,18.611,36.498,1271.03,36.498,36.498,1,1,
428,1790097850323418880,42.8,22,19,2464,1824,48.792,69.668,97.111,20.66,2,41.956,87.75,166.978,30.404,2,1.3509,19,1378.547,1252.874,1465.285,18.611,36.498,1275.688,36.498,36.498,1,1,
429,1790097850423418880,42.9,19,20,2128,1920,50.909,69.668,97.111,18.936,2,41.673,87.563,118.078,24.221,2,1.1083,20,1401.013,1252.874,1465.285,18.611,36.311,1298.154,36.311,36.311,1,1,
430,1790097850523418880,43.0,21,22,2352,2112,47.917,88.416,174.083,29.57,3,42.239,87.563,118.078,22.05,2,1.1136,22,1413.042,1252.874,1465.285,37.359,36.311,1310.183,37.359,37.359,1,1,
431,1790097850623418880,43.1,21,17,2352,1632,46.416,69.668,174.083,27.564,3,42.54,87.75,118.078,20.988,2,1.4412,17,1413.187,1322.529,1447.185,18.611,36.498,1310.328,36.498,36.498,1,1,
432,1790097850723418880,43.2,21,19,2352,1824,46.416,69.176,174.083,25.456,3,41.972,87.75,204.11,32.291,3,1.2895,19,1391.689,1322.529,1447.185,18.119,36.498,1288.83,36.498,36.498,1,1,
433,1790097850823418880,43.3,22,18,2464,1728,47.041,67.152,174.083,22.664,3,41.673,87.75,204.11,32.547,4,1.4259,18,1410.914,1331.018,1447.185,16.095,36.498,1308.054,36.498,36.498,1,1,
434,1790097850923418880,43.4,20,20,2240,1920,47.041,69.176,174.083,24.176,3,42.27,87.75,204.11,29.497,4,1.1667,20,1405.6,1331.018,1447.185,18.119,36.498,1302.741,36.498,36.498,1,1,
435,1790097851023418880,43.5,21,17,2352,1632,46.025,69.176,174.083,23.273,3,42.54,127.48,204.11,29.438,4,1.4412,17,1408.64,1331.018,1447.185,18.119,76.228,1305.781,76.228,76.228,1,1,
436,1790097851123418880,43.6,21,18,2352,1728,46.025,69.176,174.083,22.557,3,42.811,86.768,204.11,27.708,4,1.3611,18,1405.6,1331.018,1447.185,18.119,35.516,1302.741,35.516,35.516,1,1,
437,1790097851223418880,43.7,20,18,2240,1728,45.79,69.176,174.083,22.21,3,43.468,86.768,204.11,29.647,4,1.2963,18,1405.6,1331.018,1447.185,18.119,35.516,1302.741,35.516,35.516,1,1,
438,1790097851323418880,43.8,20,17,2240,1632,45.79,73.024,174.083,23.408,3,43.806,127.48,204.11,31.76,4,1.3725,17,1402.56,1331.018,1480.418,21.967,76.228,1299.701,76.228,76.228,1,1,
439,1790097851423418880,43.9,22,18,2464,1728,45.79,69.176,76.926,17.015,3,43.969,86.768,204.11,32.373,4,1.4259,18,1405.6,1331.018,1486.671,18.119,35.516,1302.741,35.516,35.516,1,1,
440,1790097851523418880,44.0,24,18,2688,1728,45.79,69.176,76.926,16.605,3,43.643,86.768,204.11,32.537,4,1.5556,18,1405.6,1331.018,1486.671,18.119,35.516,1302.741,35.516,35.516,1,1,
441,1790097851623418880,44.1,20,19,2240,1824,52.221,66.927,76.926,12.944,1,43.437,84.479,127.48,22.039,4,1.2281,19,1408.64,1331.018,1486.671,15.87,33.227,1305.781,33.227,33.227,1,1,
442,1790097851723418880,44.2,18,19,2016,1824,52.277,66.927,76.926,13.499,1,43.437,84.479,127.48,22.039,4,1.1053,19,1408.64,1331.018,1486.671,15.87,33.227,1305.781,33.227,33.227,1,1,
443,1790097851823418880,44.3,20,18,2240,1728,46.26,65.708,76.926,12.193,1,43.468,84.479,86.768,13.449,1,1.2963,18,1460.196,1352.732,1486.671,14.651,33.227,1357.337,33.227,33.227,1,1,
444,1790097851923418880,44.4,22,18,2464,1728,46.26,67.988,76.887,14.264,2,43.407,84.479,86.768,15.453,1,1.4259,18,1465.815,1352.732,1499.998,16.931,33.227,1362.955,33.227,33.227,1,1,
445,1790097852023418880,44.5,20,19,2240,1824,52.277,67.988,76.887,14.34,2,43.557,84.479,86.768,14.678,1,1.2281,19,1468.053,1364.427,1499.998,16.931,33.227,1365.194,33.227,33.227,1,1,
446,1790097852123418880,44.6,20,19,2240,1824,57.704,67.988,76.887,14.253,2,43.321,83.509,84.507,14.847,2,1.2281,19,1468.053,1369.016,1499.998,16.931,32.257,1365.194,32.257,32.257,1,1,
447,1790097852223418880,44.7,20,20,2240,1920,57.704,65.708,76.887,13.27,2,43.278,81.384,84.507,13.736,2,1.1667,20,1465.815,1369.016,1499.998,14.651,30.132,1362.955,30.132,30.132,1,1,
448,1790097852323418880,44.8,21,20,2352,1920,54.144,65.708,76.887,11.887,2,43.278,81.384,84.507,13.639,2,1.225,20,1465.815,1369.016,1499.998,14.651,30.132,1362.955,30.132,30.132,1,1,
449,1790097852423418880,44.9,20,20,2240,1920,53.753,65.708,76.887,11.753,2,43.278,81.384,84.507,13.596,2,1.1667,20,1457.112,1369.016,1499.998,14.651,30.132,1354.253,30.132,30.132,1,1,
450,1790097852523418880,45.0,21,20,2352,1920,54.144,68.038,76.887,13.501,2,43.278,82.594,84.507,15.513,2,1.225,20,1457.112,1369.016,1499.998,16.981,31.342,1354.253,31.342,31.342,1,1,
451,1790097852623418880,45.1,20,18,2240,1728,48.327,68.038,76.887,13.302,2,43.278,81.384,84.114,14.869,2,1.2963,18,1449.607,1369.016,1499.998,16.981,30.132,1346.748,30.132,30.132,1,1,
452,1790097852723418880,45.2,20,19,2240,1824,53.753,68.038,76.887,13.733,2,43.493,82.594,168.392,23.127,2,1.2281,19,1448.566,1369.016,1499.998,16.981,31.342,1345.706,31.342,31.342,1,1,
453,1790097852823418880,45.3,21,17,2352,1632,51.04,68.441,101.706,17.398,2,43.493,84.114,168.392,23.633,2,1.4412,17,1438.751,1369.016,1499.998,17.384,32.862,1335.892,32.862,32.862,1,1,
454,1790097852923418880,45.4,21,17,2352,1632,51.04,68.441,101.706,17.566,2,43.724,125.464,168.392,31.418,2,1.4412,17,1448.566,1412.585,1497.542,17.384,74.212,1345.706,74.212,74.212,1,1,
455,1790097853023418880,45.5,21,16,2352,1536,47.652,68.441,101.706,16.027,2,44.169,125.592,168.392,38.524,2,1.5312,16,1455.665,1412.743,1497.542,17.384,74.34,1352.806,74.34,74.34,1,1,
456,1790097853123418880,45.6,20,15,2240,1440,46.977,68.441,101.706,16.279,2,43.832,125.592,168.392,38.667,2,1.5556,15,1463.205,1415.102,1497.542,17.384,74.34,1360.346,74.34,74.34,1,1,
457,1790097853223418880,45.7,20,16,2240,1536,46.671,80.255,101.706,21.125,2,44.169,125.592,168.392,36.493,2,1.4583,16,1466.219,1415.102,1497.542,29.198,74.34,1363.36,74.34,74.34,1,1,
458,1790097853323418880,45.8,21,15,2352,1440,46.081,101.32,105.355,24.665,2,43.26,125.592,168.392,36.259,2,1.6333,15,1472.575,1424.624,1497.542,50.263,74.34,1369.716,74.34,74.34,1,1,
459,1790097853423418880,45.9,19,15,2128,1440,45.981,101.32,105.355,26.131,2,43.26,125.592,168.392,39.48,2,1.4778,15,1472.575,1424.998,1497.542,50.263,74.34,1369.716,74.34,74.34,1,1,
460,1790097853523418880,46.0,22,15,2464,1440,42.503,101.706,197.08,34.877,4,45.244,162.739,168.392,47.964,2,1.7111,15,1471.892,1424.998,1497.542,50.649,111.487,1369.033,111.487,111.487,1,1,
461,1790097853623418880,46.1,20,13,2240,1248,42.503,101.706,197.08,35.631,4,45.244,125.592,162.739,45.288,2,1.7949,13,1472.575,1424.998,1497.542,50.649,74.34,1369.716,74.34,74.34,1,1,
462,1790097853723418880,46.2,21,17,2352,1632,43.896,101.32,197.08,32.918,4,43.07,162.739,212.955,52.712,4,1.4412,17,1471.892,1343.977,1497.542,50.263,111.487,1369.033,111.487,111.487,1,1,
463,1790097853823418880,46.3,21,17,2352,1632,45.208,101.32,197.08,31.207,4,43.003,162.739,212.955,45.039,4,1.4412,17,1471.892,1291.621,1497.542,50.263,111.487,1369.033,111.487,111.487,1,1,
464,1790097853923418880,46.4,21,17,2352,1632,45.208,101.32,197.08,29.553,4,43.153,162.739,212.955,39.732,4,1.4412,17,1443.209,1291.621,1495.142,50.263,111.487,1340.35,111.487,111.487,1,1,
465,1790097854023418880,46.5,22,17,2464,1632,45.29,101.32,197.08,29.219,4,42.796,162.739,212.955,35.178,4,1.5098,17,1425.053,1291.621,1495.142,50.263,111.487,1322.194,111.487,111.487,1,1,
466,1790097854123418880,46.6,21,19,2352,1824,46.035,69.372,197.08,28.514,4,42.796,89.137,212.955,38.051,4,1.2895,19,1389.46,1291.621,1485.952,18.315,37.885,1286.6,37.885,37.885,1,1,
467,1790097854223418880,46.7,20,18,2240,1728,46.944,61.283,197.08,24.841,4,42.947,89.137,212.955,42.143,4,1.2963,18,1386.267,1291.621,1485.952,10.226,37.885,1283.408,37.885,37.885,1,1,
468,1790097854323418880,46.8,21,18,2352,1728,47.057,69.372,197.08,24.108,4,42.947,89.137,212.955,39.712,4,1.3611,18,1361.516,1291.621,1479.396,18.315,37.885,1258.657,37.885,37.885,1,1,
469,1790097854423418880,46.9,20,18,2240,1728,46.944,61.283,78.67,17.475,4,43.36,83.322,212.955,32.414,4,1.2963,18,1358.911,1291.621,1479.396,10.226,32.07,1256.052,32.07,32.07,1,1,
470,1790097854523418880,47.0,20,19,2240,1824,46.944,61.283,78.67,17.475,4,43.454,83.322,212.955,32.827,4,1.2281,19,1359.501,1291.621,1479.396,10.226,32.07,1256.642,32.07,32.07,1,1,
471,1790097854623418880,47.1,20,18,2240,1728,47.17,73.511,223.284,26.964,4,43.36,83.21,89.137,24.782,4,1.2963,18,1358.911,1291.621,1479.396,22.454,31.958,1256.052,31.958,31.958,1,1,
472,1790097854723418880,47.2,20,22,2240,2112,45.126,73.511,223.284,27.403,4,42.947,83.322,211.675,34.25,4,1.0606,22,1361.516,1196.84,1479.396,22.454,32.07,1258.657,32.07,32.07,1,1,
473,1790097854823418880,47.3,20,17,2240,1632,39.57,78.67,223.284,32.067,4,44.387,89.137,211.675,36.665,4,1.3725,17,1359.501,1196.84,1436.442,27.613,37.885,1256.642,37.885,37.885,1,1,
474,1790097854923418880,47.4,20,16,2240,1536,39.57,78.67,223.284,31.685,4,45.226,130.672,211.675,42.114,4,1.4583,16,1358.911,1196.84,1436.442,27.613,79.42,1256.052,79.42,79.42,1,1,
475,1790097855023418880,47.5,19,15,2128,1440,37.668,78.67,223.284,32.144,4,60.959,130.672,211.675,44.11,4,1.4778,15,1383.075,1196.84,1436.442,27.613,79.42,1280.216,79.42,79.42,1,1,
476,1790097855123418880,47.6,20,19,2240,1824,41.085,80.197,223.284,31.682,4,43.455,83.21,211.675,35.617,4,1.2281,19,1375.601,1196.84,1436.442,29.14,31.958,1272.742,31.958,31.958,1,1,
477,1790097855223418880,47.7,19,19,2128,1824,37.668,80.197,223.284,30.886,4,43.455,83.21,211.675,33.458,4,1.1667,19,1389.466,1196.84,1436.442,29.14,31.958,1286.607,31.958,31.958,1,1,
478,1790097855323418880,47.8,21,19,2352,1824,40.328,95.251,223.284,33.242,4,43.455,83.21,211.675,37.764,4,1.2895,19,1389.466,1196.84,1436.442,44.194,31.958,1286.607,44.194,44.194,1,1,
479,1790097855423418880,47.9,21,19,2352,1824,40.328,80.197,111.509,24.427,4,41.694,119.428,211.675,42.274,4,1.2895,19,1393.54,1196.84,1451.508,29.14,68.176,1290.681,68.176,68.176,1,1,
480,1790097855523418880,48.0,23,20,2576,1920,40.328,95.251,111.799,27.287,4,40.767,119.428,211.675,37.997,4,1.3417,20,1390.376,1196.84,1451.508,44.194,68.176,1287.517,68.176,68.176,1,1,
481,1790097855623418880,48.1,20,20,2240,1920,44.078,95.251,111.799,23.476,2,40.025,83.128,130.672,29.076,4,1.1667,20,1385.662,1196.84,1451.508,44.194,31.876,1282.803,44.194,44.194,1,1,
482,1790097855723418880,48.2,18,20,2016,1920,44.078,80.197,111.799,21.377,2,40.025,83.128,130.672,29.076,4,1.05,20,1385.662,1196.84,1451.508,29.14,31.876,1282.803,31.876,31.876,1,1,
483,1790097855823418880,48.3,21,19,2352,1824,46.224,95.251,124.859,24.04,2,42.065,83.128,124.469,26.067,2,1.2895,19,1381.858,1327.483,1451.508,44.194,31.876,1278.999,44.194,44.194,1,1,
484,1790097855923418880,48.4,20,19,2240,1824,46.986,95.251,124.859,26.144,2,42.065,119.428,124.469,28.287,2,1.2281,19,1381.858,1292.514,1451.508,44.194,68.176,1278.999,68.176,68.176,1,1,
485,1790097856023418880,48.5,20,18,2240,1728,46.986,95.251,124.859,28.575,2,44.092,119.428,124.469,29.807,2,1.2963,18,1380.566,1292.514,1451.508,44.194,68.176,1277.707,68.176,68.176,1,1,
486,1790097856123418880,48.6,21,18,2352,1728,46.224,95.251,124.859,25.901,2,44.219,119.428,124.469,34.694,2,1.3611,18,1385.662,1292.514,1451.508,44.194,68.176,1282.803,68.176,68.176,1,1,
487,1790097856223418880,48.7,21,19,2352,1824,46.224,104.713,124.859,28.048,2,44.357,119.428,124.469,32.779,2,1.2895,19,1391.286,1292.514,1451.508,53.656,68.176,1288.426,68.176,68.176,1,1,
488,1790097856323418880,48.8,22,19,2464,1824,45.463,111.799,140.795,32.564,3,43.386,119.428,124.469,30.886,2,1.3509,19,1392.703,1292.514,1451.508,60.742,68.176,1289.844,68.176,68.176,1,1,
489,1790097856423418880,48.9,19,19,2128,1824,45.322,104.713,140.795,33.62,3,43.386,87.494,124.469,29.125,2,1.1667,19,1404.334,1292.514,1454.969,53.656,36.242,1301.475,53.656,53.656,1,1,
490,1790097856523418880,49.0,20,19,2240,1824,45.181,124.859,141.429,37.45,3,43.523,123.095,163.557,38.019,3,1.2281,19,1408.56,1292.514,1491.233,73.802,71.843,1305.701,73.802,73.802,1,1,
491,1790097856623418880,49.1,22,17,2464,1632,45.181,104.713,141.429,31.414,3,43.523,123.095,163.557,37.405,3,1.5098,17,1411.04,1292.514,1491.233,53.656,71.843,1308.181,71.843,71.843,1,1,
492,1790097856723418880,49.2,20,18,2240,1728,47.192,104.713,141.429,31.305,3,47.728,123.095,163.557,42.174,3,1.2963,18,1410.523,1292.514,1491.233,53.656,71.843,1307.664,71.843,71.843,1,1,
493,1790097856823418880,49.3,19,18,2128,1728,40.759,104.713,141.429,31.63,3,42.614,87.494,163.557,37.74,3,1.2315,18,1415.08,1292.514,1491.233,53.656,36.242,1312.221,53.656,53.656,1,1,
494,1790097856923418880,49.4,20,17,2240,1632,45.181,104.713,141.429,32.743,3,42.583,127.792,163.557,37.336,3,1.3725,17,1419.121,1374.373,1491.233,53.656,76.54,1316.262,76.54,76.54,1,1,
495,1790097857023418880,49.5,20,19,2240,1824,48.112,104.713,141.429,34.112,3,42.583,126.233,163.557,44.333,3,1.2281,19,1411.04,1357.192,1491.233,53.656,74.981,1308.181,74.981,74.981,1,1,
496,1790097857123418880,49.6,18,17,2016,1632,46.499,101.089,141.429,34.384,3,42.583,127.792,163.557,44.789,3,1.2353,17,1411.04,1357.192,1491.233,50.032,76.54,1308.181,76.54,76.54,1,1,
497,1790097857223418880,49.7,20,17,2240,1632,36.337,101.089,184.283,36.232,3,43.392,133.827,163.557,50.263,3,1.3725,17,1419.211,1357.192,1491.233,50.032,82.575,1316.352,82.575,82.575,1,1,
498,1790097857323418880,49.8,22,15,2464,1440,36.337,101.089,184.283,32.784,3,43.392,133.827,163.557,54.133,3,1.7111,15,1419.211,1357.192,1491.233,50.032,82.575,1316.352,82.575,82.575,1,1,
499,1790097857423418880,49.9,21,16,2352,1536,36.353,98.963,184.283,30.484,3,42.614,133.827,161.44,50.543,3,1.5312,16,1422.061,1357.192,1491.233,47.906,82.575,1319.202,82.575,82.575,1,1,
500,1790097857523418880,50.0,22,19,2464,1824,37.951,98.963,184.283,30.756,3,41.415,127.792,161.44,44.866,3,1.3509,19,1411.04,1292.14,1491.233,47.906,76.54,1308.181,76.54,76.54,1,1,
501,1790097857623418880,50.1,21,19,2352,1824,40.329,98.963,184.283,31.846,3,41.415,126.233,161.44,40.334,3,1.2895,19,1409.992,1234.84,1490.902,47.906,74.981,1307.133,74.981,74.981,1,1,
502,1790097857723418880,50.2,21,19,2352,1824,40.329,98.963,184.283,31.335,3,41.953,126.233,161.44,37.899,3,1.2895,19,1404.95,1234.84,1490.902,47.906,74.981,1302.091,74.981,74.981,1,1,
503,1790097857823418880,50.3,22,18,2464,1728,42.708,85.937,184.283,29.253,3,41.291,122.304,161.44,37.679,3,1.4259,18,1372.52,1234.84,1490.902,34.88,71.052,1269.66,71.052,71.052,1,1,
504,1790097857923418880,50.4,21,20,2352,1920,44.707,85.937,184.283,27.077,3,43.699,122.304,161.44,35.664,3,1.225,20,1378.762,1234.84,1490.902,34.88,71.052,1275.903,71.052,71.052,1,1,
505,1790097858023418880,50.5,21,19,2352,1824,44.707,85.937,184.283,28.82,3,42.495,85.92,161.44,31.206,3,1.2895,19,1375.625,1234.84,1490.902,34.88,34.668,1272.766,34.88,34.88,1,1,
506,1790097858123418880,50.6,22,19,2464,1824,42.708,84.518,98.963,22.594,3,43.197,83.587,161.44,25.846,3,1.3509,19,1381.899,1234.84,1490.902,33.461,32.335,1279.04,33.461,33.461,1,1,
507,1790097858223418880,50.7,25,19,2800,1824,40.61,84.518,98.963,21.757,3,43.197,85.92,161.44,28.544,3,1.5351,19,1381.899,1234.84,1479.966,33.461,34.668,1279.04,34.668,34.668,1,1,
508,1790097858323418880,50.8,20,19,2240,1824,47.328,75.027,85.937,19.332,2,43.197,84.329,92.721,24.26,3,1.2281,19,1381.899,1234.84,1479.966,23.97,33.077,1279.04,33.077,33.077,1,1,
509,1790097858423418880,50.9,21,21,2352,2016,47.017,75.027,85.937,16.39,1,43.197,84.329,92.721,25.901,3,1.1667,21,1381.899,1234.84,1469.566,23.97,33.077,1279.04,33.077,33.077,1,1,
510,1790097858523418880,51.0,22,18,2464,1728,46.705,71.121,84.518,15.664,1,43.699,84.329,92.721,24.984,2,1.4259,18,1381.17,1234.84,1469.566,20.064,33.077,1278.311,33.077,33.077,1,1,
511,1790097858623418880,51.1,20,18,2240,1728,47.328,71.121,84.518,15.394,1,44.036,84.329,92.721,22.188,2,1.2963,18,1381.171,1252.392,1469.566,20.064,33.077,1278.311,33.077,33.077,1,1,
512,1790097858723418880,51.2,18,18,2016,1728,46.705,69.555,84.518,15.143,1,44.036,84.329,92.721,22.345,2,1.1667,18,1387.447,1252.392,1469.566,18.498,33.077,1284.588,33.077,33.077,1,1,
513,1790097858823418880,51.3,16,18,1792,1728,46.705,75.027,84.518,15.564,1,43.699,83.518,92.721,20.053,2,1.037,18,1387.447,1277.36,1469.566,23.97,32.266,1284.588,32.266,32.266,1,1,
514,1790097858923418880,51.4,18,16,2016,1536,42.972,75.027,305.035,36.547,4,42.696,84.329,92.721,20.349,2,1.3125,16,1390.662,1277.36,1469.566,23.97,33.077,1287.803,33.077,33.077,1,1,
515,1790097859023418880,51.5,20,14,2240,1344,38.512,69.555,305.035,35.904,6,42.696,84.329,92.721,20.213,2,1.6667,14,1390.662,1277.36,1469.566,18.498,33.077,1287.803,33.077,33.077,1,1,
516,1790097859123418880,51.6,21,14,2352,1344,40.062,75.027,305.035,36.588,6,41.933,84.329,332.184,41.859,2,1.75,14,1399.785,1277.36,1469.566,23.97,33.077,1296.926,33.077,33.077,1,1,
517,1790097859223418880,51.7,20,17,2240,1632,42.972,75.027,305.035,37.062,6,41.003,83.518,332.184,41.736,6,1.3725,17,1380.441,1218.274,1469.566,23.97,32.266,1277.582,32.266,32.266,1,1,
518,1790097859323418880,51.8,21,17,2352,1632,44.317,69.555,305.035,34.428,6,41.003,215.24,332.184,49.981,6,1.4412,17,1380.441,1218.274,1469.566,18.498,163.988,1277.582,163.988,163.988,1,1,
519,1790097859423418880,51.9,20,15,2240,1440,46.552,86.157,305.035,40.401,6,40.58,215.24,332.184,51.522,6,1.5556,15,1340.286,1218.274,1469.373,35.1,163.988,1237.427,163.988,163.988,1,1,
520,1790097859523418880,52.0,21,16,2352,1536,47.226,86.157,305.035,38.878,6,41.223,215.24,332.184,51.432,6,1.5312,16,1377.667,1218.274,1469.373,35.1,163.988,1274.808,163.988,163.988,1,1,
521,1790097859623418880,52.1,20,16,2240,1536,46.552,86.157,92.184,30.422,6,40.782,215.24,332.184,56.804,6,1.4583,16,1382.394,1218.274,1469.373,35.1,163.988,1279.535,163.988,163.988,1,1,
522,1790097859723418880,52.2,20,14,2240,1344,46.552,86.157,92.184,30.422,6,37.06,215.24,332.184,61.892,6,1.6667,14,1381.029,1218.274,1469.373,35.1,163.988,1278.17,163.988,163.988,1,1,
523,1790097859823418880,52.3,24,15,2688,1440,46.552,86.157,92.184,27.178,6,18.535,124.639,215.24,48.297,6,1.8667,15,1386.809,1218.274,1471.647,35.1,73.387,1283.95,73.387,73.387,1,1,
524,1790097859923418880,52.4,26,17,2912,1632,47.39,86.157,92.184,25.945,6,39.678,124.639,215.24,45.336,6,1.7843,17,1397.986,1218.274,1471.647,35.1,73.387,1295.127,73.387,73.387,1,1,
525,1790097860023418880,52.5,21,19,2352,1824,47.645,77.588,92.184,18.163,2,39.678,83.842,215.24,42.728,6,1.2895,19,1401.196,1218.274,1471.647,26.531,32.59,1298.337,32.59,32.59,1,1,
526,1790097860123418880,52.6,20,22,2240,2112,48.462,84.455,92.184,18.554,2,40.643,87.775,215.24,38.883,6,1.0606,22,1399.591,1176.749,1471.647,33.398,36.523,1296.732,36.523,36.523,1,1,
527,1790097860223418880,52.7,20,17,2240,1632,48.462,84.455,92.184,19.895,2,43.148,87.775,124.639,27.267,2,1.3725,17,1401.196,1176.749,1471.647,33.398,36.523,1298.337,36.523,36.523,1,1,
528,1790097860323418880,52.8,20,19,2240,1824,47.39,81.206,92.181,21.423,2,43.148,86.268,124.639,26.757,2,1.2281,19,1397.986,1176.749,1471.647,30.149,35.016,1295.127,35.016,35.016,1,1,
529,1790097860423418880,52.9,20,19,2240,1824,47.39,81.206,92.181,20.61,2,43.148,87.009,124.639,26.745,2,1.2281,19,1415.742,1176.749,1471.647,30.149,35.757,1312.883,35.757,35.757,1,1,
530,1790097860523418880,53.0,20,19,2240,1824,47.39,81.206,92.181,20.766,2,41.996,87.009,124.639,28.605,2,1.2281,19,1425.316,1176.749,1471.647,30.149,35.757,1322.457,35.757,35.757,1,1,
531,1790097860623418880,53.1,19,20,2128,1920,47.16,78.468,84.455,19.432,2,42.296,87.009,124.639,27.17,2,1.1083,20,1427.735,1176.749,1484.557,27.411,35.757,1324.876,35.757,35.757,1,1,
532,1790097860723418880,53.2,21,19,2352,1824,44.036,81.206,215.672,30.243,4,41.996,86.268,87.775,24.105,2,1.2895,19,1428.682,1176.749,1484.557,30.149,35.016,1325.823,35.016,35.016,1,1,
533,1790097860823418880,53.3,18,17,2016,1632,41.142,81.206,215.672,33.68,4,42.848,87.009,87.775,24.475,2,1.2353,17,1426.788,1176.749,1484.557,30.149,35.757,1323.929,35.757,35.757,1,1,
534,1790097860923418880,53.4,22,20,2464,1920,45.193,81.206,215.672,28.746,4,40.91,87.009,205.423,33.698,4,1.2833,20,1431.794,1176.749,1484.557,30.149,35.757,1328.935,35.757,35.757,1,1,
535,1790097861023418880,53.5,20,20,2240,1920,45.193,78.468,215.672,31.06,4,40.91,87.009,205.423,33.383,4,1.1667,20,1408.409,1176.749,1484.557,27.411,35.757,1305.55,35.757,35.757,1,1,
536,1790097861123418880,53.6,21,20,2352,1920,45.879,78.468,215.672,29.519,4,40.91,87.009,205.423,33.511,4,1.225,20,1387.563,1217.038,1484.557,27.411,35.757,1284.703,35.757,35.757,1,1,
537,1790097861223418880,53.7,21,20,2352,1920,45.879,78.468,215.672,27.9,4,41.696,87.009,205.423,33.39,4,1.225,20,1402.37,1311.565,1484.557,27.411,35.757,1299.511,35.757,35.757,1,1,
538,1790097861323418880,53.8,22,20,2464,1920,45.193,76.733,215.672,25.952,4,41.923,87.009,205.423,33.464,4,1.2833,20,1402.37,1311.565,1484.557,25.676,35.757,1299.511,35.757,35.757,1,1,
539,1790097861423418880,53.9,20,20,2240,1920,46.564,76.733,215.672,25.157,4,40.295,84.83,205.423,31.106,4,1.1667,20,1392.847,1311.565,1484.557,25.676,33.578,1289.988,33.578,33.578,1,1,
540,1790097861523418880,54.0,21,20,2352,1920,45.154,70.494,84.818,17.096,4,40.295,84.83,205.423,27.012,4,1.225,20,1373.93,1311.565,1484.557,19.437,33.578,1271.071,33.578,33.578,1,1,
541,1790097861623418880,54.1,23,19,2576,1824,45.879,70.494,84.818,16.879,4,41.109,84.83,205.423,28.1,4,1.4123,19,1373.037,1311.565,1437.64,19.437,33.578,1270.178,33.578,33.578,1,1,
542,1790097861723418880,54.2,18,18,2016,1728,47.358,65.234,84.818,10.793,1,40.295,80.832,120.605,20.04,4,1.1667,18,1371.732,1311.565,1437.64,14.177,29.58,1268.873,29.58,29.58,1,1,
543,1790097861823418880,54.3,21,22,2352,2112,48.179,65.234,84.818,11.349,1,41.511,80.832,120.605,16.555,4,1.1136,22,1371.732,1311.565,1437.64,14.177,29.58,1268.873,29.58,29.58,1,1,
544,1790097861923418880,54.4,21,21,2352,2016,48.179,76.733,86.626,14.153,1,42.228,80.007,84.83,9.189,1,1.1667,21,1370.428,1229.638,1410.268,25.676,28.755,1267.569,28.755,28.755,1,1,
545,1790097862023418880,54.5,21,20,2352,1920,48.179,65.234,86.626,13.316,1,41.923,80.007,84.83,9.462,1,1.225,20,1369.863,1229.638,1410.268,14.177,28.755,1267.004,28.755,28.755,1,1,
546,1790097862123418880,54.6,21,19,2352,1824,49.642,65.234,86.626,13.315,1,42.553,80.832,85.931,12.07,1,1.2895,19,1370.428,1229.638,1410.268,14.177,29.58,1267.569,29.58,29.58,1,1,
547,1790097862223418880,54.7,21,19,2352,1824,52.689,65.234,86.626,13.816,1,42.553,80.832,124.99,14.637,1,1.2895,19,1373.037,1229.638,1431.129,14.177,29.58,1270.178,29.58,29.58,1,1,
548,1790097862323418880,54.8,19,19,2128,1824,53.129,65.234,86.626,14.318,1,42.961,80.832,124.99,14.584,1,1.1667,19,1373.037,1229.638,1431.129,14.177,29.58,1270.178,29.58,29.58,1,1,
549,1790097862423418880,54.9,18,19,2016,1824,51.926,60.373,86.626,13.225,1,43.463,80.007,124.99,14.157,1,1.1053,19,1382.168,1229.638,1431.129,9.316,28.755,1279.309,28.755,28.755,1,1,
550,1790097862523418880,55.0,20,17,2240,1632,51.926,63.398,196.327,25.078,4,43.612,85.931,124.99,15.613,1,1.3725,17,1388.591,1229.638,1431.129,12.341,34.679,1285.732,34.679,34.679,1,1,
551,1790097862623418880,55.1,21,16,2352,1536,46.195,63.398,196.327,24.236,4,43.178,85.931,124.99,14.305,1,1.5312,16,1394.035,1229.638,1431.129,12.341,34.679,1291.176,34.679,34.679,1,1,
552,1790097862723418880,55.2,19,13,2128,1248,46.195,63.398,196.327,25.531,4,43.612,85.931,124.99,17.44,1,1.7051,13,1404.202,1229.638,1431.129,12.341,34.679,1301.343,34.679,34.679,1,1,
553,1790097862823418880,55.3,21,18,2352,1728,46.195,62.541,196.327,23.732,4,43.178,88.858,211.765,30.546,4,1.3611,18,1401.841,1229.638,1491.051,11.484,37.606,1298.982,37.606,37.606,1,1,
554,1790097862923418880,55.4,21,17,2352,1632,49.455,63.398,196.327,24.223,4,44.089,124.99,211.765,36.983,4,1.4412,17,1411.022,1272.548,1491.051,12.341,73.738,1308.163,73.738,73.738,1,1,
555,1790097863023418880,55.5,21,16,2352,1536,46.195,63.398,196.327,23.843,4,44.046,124.99,211.765,36.533,4,1.5312,16,1414.676,1296.835,1491.051,12.341,73.738,1311.816,73.738,73.738,1,1,
556,1790097863123418880,55.6,20,17,2240,1632,43.063,63.398,196.327,25.314,4,43.455,119.415,211.765,31.8,4,1.3725,17,1417.435,1296.835,1491.051,12.341,68.163,1314.576,68.163,68.163,1,1,
557,1790097863223418880,55.7,20,18,2240,1728,43.063,79.332,196.327,27.294,4,43.838,88.858,211.765,29.597,4,1.2963,18,1418.073,1296.835,1491.051,28.275,37.606,1315.214,37.606,37.606,1,1,
558,1790097863323418880,55.8,20,17,2240,1632,43.063,63.398,81.851,19.791,4,43.351,119.415,211.765,31.702,4,1.3725,17,1418.712,1296.835,1491.051,12.341,68.163,1315.853,68.163,68.163,1,1,
559,1790097863423418880,55.9,22,16,2464,1536,43.063,79.332,104.066,22.86,4,42.864,127.969,211.765,37.238,4,1.6042,16,1429.728,1296.835,1491.051,28.275,76.717,1326.868,76.717,76.717,1,1,
560,1790097863523418880,56.0,20,17,2240,1632,45.406,81.851,113.108,23.233,2,42.197,119.415,127.969,24.72,4,1.3725,17,1435.222,1296.835,1491.051,30.794,68.163,1332.363,68.163,68.163,1,1,
561,1790097863623418880,56.1,20,19,2240,1824,43.063,81.851,113.108,24.405,2,42.197,88.858,127.969,26.709,4,1.2281,19,1435.222,1296.835,1491.051,30.794,37.606,1332.363,37.606,37.606,1,1,
562,1790097863723418880,56.2,19,14,2128,1344,39.723,81.851,113.108,24.732,2,43.838,119.415,127.969,26.654,2,1.5833,14,1439.534,1296.835,1490.602,30.794,68.163,1336.675,68.163,68.163,1,1,
563,1790097863823418880,56.3,21,18,2352,1728,45.834,81.851,113.108,23.167,2,43.838,119.415,127.969,25.512,2,1.3611,18,1440.19,1284.39,1492.311,30.794,68.163,1337.331,68.163,68.163,1,1,
564,1790097863923418880,56.4,20,19,2240,1824,48.605,88.943,113.108,24.135,2,43.351,85.257,127.969,22.2,2,1.2281,19,1443.847,1284.39,1492.311,37.886,34.005,1340.988,37.886,37.886,1,1,
565,1790097864023418880,56.5,20,19,2240,1824,48.605,88.943,113.108,26.277,2,44.011,85.257,127.969,22.136,2,1.2281,19,1437.411,1284.39,1492.311,37.886,34.005,1334.552,37.886,37.886,1,1,
566,1790097864123418880,56.6,20,20,2240,1920,48.605,88.943,113.108,25.379,2,44.184,85.257,127.969,21.04,2,1.1667,20,1446.74,1284.39,1492.311,37.886,34.005,1343.881,37.886,37.886,1,1,
567,1790097864223418880,56.7,20,20,2240,1920,45.957,88.943,113.108,24.186,2,45.51,85.257,127.969,24.973,2,1.1667,20,1443.522,1284.39,1492.311,37.886,34.005,1340.663,37.886,37.886,1,1,
568,1790097864323418880,56.8,20,21,2240,2016,45.957,84.504,113.108,23.157,2,43.772,83.318,122.388,19.813,2,1.1111,21,1440.997,1284.39,1492.311,33.447,32.066,1338.138,33.447,33.447,1,1,
569,1790097864423418880,56.9,20,20,2240,1920,45.957,71.361,88.943,20.429,2,43.359,83.318,122.388,20.724,2,1.1667,20,1436.972,1284.39,1492.311,20.304,32.066,1334.113,32.066,32.066,1,1,
570,1790097864523418880,57.0,20,20,2240,1920,45.957,84.504,146.102,25.555,2,43.359,83.318,122.388,20.674,2,1.1667,20,1436.972,1284.39,1492.311,33.447,32.066,1334.113,33.447,33.447,1,1,
571,1790097864623418880,57.1,19,20,2128,1920,50.062,84.504,146.102,26.733,2,43.359,83.318,84.556,18.683,2,1.1083,20,1439.204,1284.39,1492.311,33.447,32.066,1336.345,33.447,33.447,1,1,
572,1790097864723418880,57.2,18,17,2016,1632,45.957,84.504,146.102,27.823,2,44.435,84.313,84.556,18.986,2,1.2353,17,1437.411,1284.39,1475.317,33.447,33.061,1334.552,33.447,33.447,1,1,
573,1790097864823418880,57.3,21,19,2352,1824,45.321,88.943,146.102,30.289,2,43.214,84.313,125.683,21.862,2,1.2895,19,1441.782,1393.364,1485.614,37.886,33.061,1338.923,37.886,37.886,1,1,
574,1790097864923418880,57.4,21,18,2352,1728,45.321,84.504,146.102,29.599,2,44.968,84.556,169.816,30.238,2,1.3611,18,1445.45,1393.364,1485.614,33.447,33.304,1342.591,33.447,33.447,1,1,
575,1790097865023418880,57.5,21,18,2352,1728,48.146,84.504,146.102,28.56,2,43.069,84.556,169.816,28.354,2,1.3611,18,1449.574,1393.364,1489.474,33.447,33.304,1346.715,33.447,33.447,1,1,
576,1790097865123418880,57.6,21,19,2352,1824,46.495,84.504,146.102,27.291,2,42.93,84.556,169.816,26.64,2,1.2895,19,1443.043,1393.364,1489.474,33.447,33.304,1340.184,33.447,33.447,1,1,
577,1790097865223418880,57.7,20,18,2240,1728,47.033,84.326,146.102,26.408,2,43.069,84.556,169.816,23.434,2,1.2963,18,1441.39,1393.364,1489.474,33.269,33.304,1338.53,33.304,33.304,1,1,
578,1790097865323418880,57.8,19,18,2128,1728,45.859,84.326,146.102,27.085,2,43.798,87.647,169.816,26.043,2,1.2315,18,1442.412,1393.364,1489.474,33.269,36.395,1339.553,36.395,36.395,1,1,
579,1790097865423418880,57.9,17,18,1904,1728,45.859,84.326,92.398,21.34,2,43.798,87.647,169.816,23.88,2,1.1019,18,1442.412,1393.364,1489.474,33.269,36.395,1339.553,36.395,36.395,1,1,
580,1790097865523418880,58.0,15,17,1680,1632,47.104,84.326,92.398,18.702,2,43.294,125.683,169.816,22.825,2,1.0294,17,1441.782,1393.364,1489.474,33.269,74.431,1338.923,74.431,74.431,1,1,
581,1790097865623418880,58.1,13,15,1456,1440,45.859,76.02,92.398,17.634,2,43.294,87.647,169.816,17.109,2,1.0111,15,1437.817,1393.364,1489.474,24.963,36.395,1334.958,36.395,36.395,1,1,
582,1790097865723418880,58.2,11,13,1232,1248,45.859,65.062,76.02,11.922,1,43.294,87.647,169.816,16.214,1,0.9872,13,1437.228,1393.364,1489.474,14.005,36.395,1334.369,36.395,36.395,1,1,
583,1790097865823418880,58.3,8,11,896,1056,47.033,50.335,65.062,7.652,1,43.294,47.089,87.647,6.6,1,0.8485,11,1437.228,1402.822,1489.474,-0.722,-4.163,1334.369,-0.722,-0.722,1,0,
584,1790097865923418880,58.4,6,11,672,1056,47.033,65.062,65.062,5.451,1,43.294,47.089,87.647,6.6,1,0.6364,11,1437.228,1402.822,1489.474,14.005,-4.163,1334.369,14.005,14.005,1,0,
585,1790097866023418880,58.5,5,8,560,768,45.432,47.175,47.175,2.306,1,42.79,44.838,87.647,8.198,1,0.7292,8,1432.782,1402.822,1455.795,-3.882,-6.414,1329.923,-3.882,-3.882,1,0,
586,1790097866123418880,58.6,2,6,224,576,43.831,43.831,43.831,0.0,1,42.074,87.647,87.647,10.924,1,0.3889,6,1428.118,1402.822,1455.795,-7.226,36.395,1325.258,36.395,36.395,1,1,1790097866166269452
587,1790097866223418880,58.7,0,4,0,384,,,,,0,40.541,44.092,44.092,2.505,1,0.0,4,1433.077,1407.393,1455.795,,-7.16,1330.217,-7.16,-7.16,1,0,
588,1790097866323418880,58.8,0,2,0,192,,,,,0,36.577,36.577,36.577,0.0,1,0.0,2,1433.077,1428.336,1437.817,,-14.675,1330.217,-14.675,-14.675,1,0,
589,1790097866423418880,58.9,0,0,0,0,,,,,0,,,,,0,,0,,,,,,,,,1,0,
590,1790097866523418880,59.0,0,0,0,0,,,,,0,,,,,0,,0,,,,,,,,,1,0,
591,1790097866623418880,59.1,0,0,0,0,,,,,0,,,,,0,,0,,,,,,,,,1,0,
592,1790097866723418880,59.2,0,0,0,0,,,,,0,,,,,0,,0,,,,,,,,,1,0,
593,1790097866823418880,59.3,0,0,0,0,,,,,0,,,,,0,,0,,,,,,,,,1,0,
594,1790097866923418880,59.4,0,0,0,0,,,,,0,,,,,0,,0,,,,,,,,,1,0,
595,1790097867023418880,59.5,0,0,0,0,,,,,0,,,,,0,,0,,,,,,,,,1,0,
596,1790097867123418880,59.6,0,0,0,0,,,,,0,,,,,0,,0,,,,,,,,,1,0,
597,1790097867223418880,59.7,0,0,0,0,,,,,0,,,,,0,,0,,,,,,,,,1,0,
598,1790097867323418880,59.8,0,0,0,0,,,,,0,,,,,0,,0,,,,,,,,,1,0,
599,1790097867423418880,59.9,0,0,0,0,,,,,0,,,,,0,,0,,,,,,,,,1,0,
600,1790097867523418880,60.0,0,0,0,0,,,,,0,,,,,0,,0,,,,,,,,,1,0,
601,1790097867623418880,60.1,0,0,0,0,,,,,0,,,,,0,,0,,,,,,,,,1,0,
602,1790097867723418880,60.2,0,0,0,0,,,,,0,,,,,0,,0,,,,,,,,,1,0,
603,1790097867823418880,60.3,0,0,0,0,,,,,0,,,,,0,,0,,,,,,,,,1,0,
604,1790097867923418880,60.4,0,0,0,0,,,,,0,,,,,0,,0,,,,,,,,,1,0,
605,1790097868023418880,60.5,0,0,0,0,,,,,0,,,,,0,,0,,,,,,,,,1,0,
606,1790097868123418880,60.6,0,0,0,0,,,,,0,,,,,0,,0,,,,,,,,,1,0,
607,1790097868223418880,60.7,0,0,0,0,,,,,0,,,,,0,,0,,,,,,,,,1,0,
608,1790097868323418880,60.8,0,0,0,0,,,,,0,,,,,0,,0,,,,,,,,,1,0,
609,1790097868423418880,60.9,0,0,0,0,,,,,0,,,,,0,,0,,,,,,,,,1,0,
610,1790097868523418880,61.0,0,0,0,0,,,,,0,,,,,0,,0,,,,,,,,,1,0,
611,1790097868623418880,61.1,0,0,0,0,,,,,0,,,,,0,,0,,,,,,,,,1,0,
612,1790097868723418880,61.2,0,0,0,0,,,,,0,,,,,0,,0,,,,,,,,,1,0,
613,1790097868823418880,61.3,0,0,0,0,,,,,0,,,,,0,,0,,,,,,,,,1,0,
614,1790097868923418880,61.4,0,0,0,0,,,,,0,,,,,0,,0,,,,,,,,,1,0,
615,1790097869023418880,61.5,0,0,0,0,,,,,0,,,,,0,,0,,,,,,,,,1,0,
616,1790097869123418880,61.6,0,0,0,0,,,,,0,,,,,0,,0,,,,,,,,,1,0,
617,1790097869223418880,61.7,0,0,0,0,,,,,0,,,,,0,,0,,,,,,,,,1,0,
618,1790097869323418880,61.8,0,0,0,0,,,,,0,,,,,0,,0,,,,,,,,,1,0,
619,1790097869423418880,61.9,0,0,0,0,,,,,0,,,,,0,,0,,,,,,,,,1,0,
620,1790097869523418880,62.0,0,0,0,0,,,,,0,,,,,0,,0,,,,,,,,,1,0,
621,1790097869623418880,62.1,0,0,0,0,,,,,0,,,,,0,,0,,,,,,,,,1,0,
622,1790097869723418880,62.2,0,0,0,0,,,,,0,,,,,0,,0,,,,,,,,,1,0,
623,1790097869823418880,62.3,0,0,0,0,,,,,0,,,,,0,,0,,,,,,,,,1,0,
624,1790097869923418880,62.4,0,0,0,0,,,,,0,,,,,0,,0,,,,,,,,,1,0,
625,1790097870023418880,62.5,0,0,0,0,,,,,0,,,,,0,,0,,,,,,,,,1,0,
626,1790097870123418880,62.6,0,0,0,0,,,,,0,,,,,0,,0,,,,,,,,,1,0,
627,1790097870223418880,62.7,0,0,0,0,,,,,0,,,,,0,,0,,,,,,,,,1,0,
628,1790097870323418880,62.8,0,0,0,0,,,,,0,,,,,0,,0,,,,,,,,,1,0,
629,1790097870423418880,62.9,0,0,0,0,,,,,0,,,,,0,,0,,,,,,,,,1,0,
630,1790097870523418880,63.0,0,0,0,0,,,,,0,,,,,0,,0,,,,,,,,,1,0,
631,1790097870623418880,63.1,0,0,0,0,,,,,0,,,,,0,,0,,,,,,,,,1,0,
632,1790097870723418880,63.2,0,0,0,0,,,,,0,,,,,0,,0,,,,,,,,,1,0,
633,1790097870823418880,63.3,0,0,0,0,,,,,0,,,,,0,,0,,,,,,,,,1,0,
634,1790097870923418880,63.4,0,0,0,0,,,,,0,,,,,0,,0,,,,,,,,,1,0,
635,1790097871023418880,63.5,0,0,0,0,,,,,0,,,,,0,,0,,,,,,,,,1,0,
636,1790097871123418880,63.6,0,0,0,0,,,,,0,,,,,0,,0,,,,,,,,,1,0,
637,1790097871223418880,63.7,0,0,0,0,,,,,0,,,,,0,,0,,,,,,,,,1,0,
638,1790097871323418880,63.8,0,0,0,0,,,,,0,,,,,0,,0,,,,,,,,,1,0,
639,1790097871423418880,63.9,0,0,0,0,,,,,0,,,,,0,,0,,,,,,,,,1,0,
640,1790097871523418880,64.0,0,0,0,0,,,,,0,,,,,0,,0,,,,,,,,,1,0,
641,1790097871623418880,64.1,0,0,0,0,,,,,0,,,,,0,,0,,,,,,,,,1,0,
642,1790097871723418880,64.2,0,0,0,0,,,,,0,,,,,0,,0,,,,,,,,,1,0,
643,1790097871823418880,64.3,0,0,0,0,,,,,0,,,,,0,,0,,,,,,,,,1,0,
644,1790097871923418880,64.4,0,0,0,0,,,,,0,,,,,0,,0,,,,,,,,,1,0,
645,1790097872023418880,64.5,0,0,0,0,,,,,0,,,,,0,,0,,,,,,,,,1,0,
646,1790097872123418880,64.6,0,0,0,0,,,,,0,,,,,0,,0,,,,,,,,,1,0,
647,1790097872223418880,64.7,0,0,0,0,,,,,0,,,,,0,,0,,,,,,,,,1,0,
648,1790097872323418880,64.8,0,0,0,0,,,,,0,,,,,0,,0,,,,,,,,,1,0,
649,1790097872423418880,64.9,0,0,0,0,,,,,0,,,,,0,,0,,,,,,,,,1,0,
650,1790097872523418880,65.0,0,0,0,0,,,,,0,,,,,0,,0,,,,,,,,,1,0,
651,1790097872623418880,65.1,0,0,0,0,,,,,0,,,,,0,,0,,,,,,,,,1,0,
652,1790097872723418880,65.2,0,0,0,0,,,,,0,,,,,0,,0,,,,,,,,,1,0,
653,1790097872823418880,65.3,1,0,112,0,,,,,0,,,,,0,,0,,,,,,,,,1,0,
654,1790097872923418880,65.4,1,0,112,0,,,,,0,,,,,0,,0,,,,,,,,,1,0,
655,1790097873023418880,65.5,1,0,112,0,,,,,0,,,,,0,,0,,,,,,,,,1,0,
656,1790097873123418880,65.6,1,0,112,0,,,,,0,,,,,0,,0,,,,,,,,,1,0,
657,1790097873223418880,65.7,1,0,112,0,,,,,0,,,,,0,,0,,,,,,,,,1,0,
658,1790097873323418880,65.8,1,0,112,0,,,,,0,,,,,0,,0,,,,,,,,,1,0,
659,1790097873423418880,65.9,1,0,112,0,,,,,0,,,,,0,,0,,,,,,,,,1,0,
660,1790097873523418880,66.0,1,0,112,0,,,,,0,,,,,0,,0,,,,,,,,,1,0,
661,1790097873623418880,66.1,2,0,224,0,779.436,779.436,779.436,0.0,1,,,,,0,,0,,,,728.379,,,728.379,728.379,1,1,1790097873663327752
662,1790097873723418880,66.2,2,0,224,0,779.436,779.436,779.436,0.0,1,,,,,0,,0,,,,728.379,,,728.379,728.379,1,1,
663,1790097873823418880,66.3,2,0,224,0,779.436,779.436,779.436,0.0,1,,,,,0,,0,,,,728.379,,,728.379,728.379,1,1,
664,1790097873923418880,66.4,1,0,112,0,,,,,0,,,,,0,,0,,,,,,,,,1,1,
665,1790097874023418880,66.5,1,0,112,0,,,,,0,,,,,0,,0,,,,,,,,,1,1,
666,1790097874123418880,66.6,1,0,112,0,,,,,0,,,,,0,,0,,,,,,,,,1,1,
667,1790097874223418880,66.7,1,0,112,0,,,,,0,,,,,0,,0,,,,,,,,,1,1,
668,1790097874323418880,66.8,2,0,224,0,708.235,708.235,708.235,0.0,1,,,,,0,,0,,,,657.178,,,657.178,657.178,1,1,
669,1790097874423418880,66.9,2,0,224,0,708.235,708.235,708.235,0.0,1,,,,,0,,0,,,,657.178,,,657.178,657.178,1,1,
670,1790097874523418880,67.0,2,0,224,0,708.235,708.235,708.235,0.0,1,,,,,0,,0,,,,657.178,,,657.178,657.178,1,1,
671,1790097874623418880,67.1,1,0,112,0,,,,,0,,,,,0,,0,,,,,,,,,1,1,
672,1790097874723418880,67.2,1,0,112,0,,,,,0,,,,,0,,0,,,,,,,,,1,1,
673,1790097874823418880,67.3,1,0,112,0,,,,,0,,,,,0,,0,,,,,,,,,1,1,
674,1790097874923418880,67.4,1,0,112,0,,,,,0,,,,,0,,0,,,,,,,,,1,1,
675,1790097875023418880,67.5,1,0,112,0,,,,,0,,,,,0,,0,,,,,,,,,1,1,
676,1790097875123418880,67.6,1,0,112,0,,,,,0,,,,,0,,0,,,,,,,,,1,1,
677,1790097875223418880,67.7,1,0,112,0,,,,,0,,,,,0,,0,,,,,,,,,1,1,
678,1790097875323418880,67.8,1,0,112,0,,,,,0,,,,,0,,0,,,,,,,,,1,1,
679,1790097875423418880,67.9,0,0,0,0,,,,,0,,,,,0,,0,,,,,,,,,1,1,
680,1790097875523418880,68.0,0,0,0,0,,,,,0,,,,,0,,0,,,,,,,,,1,1,
681,1790097875623418880,68.1,0,0,0,0,,,,,0,,,,,0,,0,,,,,,,,,1,1,
682,1790097875723418880,68.2,0,0,0,0,,,,,0,,,,,0,,0,,,,,,,,,1,1,
683,1790097875823418880,68.3,0,0,0,0,,,,,0,,,,,0,,0,,,,,,,,,1,1,
684,1790097875923418880,68.4,0,0,0,0,,,,,0,,,,,0,,0,,,,,,,,,1,1,
685,1790097876023418880,68.5,0,0,0,0,,,,,0,,,,,0,,0,,,,,,,,,1,1,
686,1790097876123418880,68.6,0,0,0,0,,,,,0,,,,,0,,0,,,,,,,,,1,1,
687,1790097876223418880,68.7,0,0,0,0,,,,,0,,,,,0,,0,,,,,,,,,1,1,
688,1790097876323418880,68.8,0,0,0,0,,,,,0,,,,,0,,0,,,,,,,,,1,1,
689,1790097876423418880,68.9,0,0,0,0,,,,,0,,,,,0,,0,,,,,,,,,1,1,
690,1790097876523418880,69.0,0,0,0,0,,,,,0,,,,,0,,0,,,,,,,,,1,1,
691,1790097876623418880,69.1,0,0,0,0,,,,,0,,,,,0,,0,,,,,,,,,1,1,
692,1790097876723418880,69.2,0,0,0,0,,,,,0,,,,,0,,0,,,,,,,,,1,1,
693,1790097876823418880,69.3,0,0,0,0,,,,,0,,,,,0,,0,,,,,,,,,1,1,
694,1790097876923418880,69.4,0,0,0,0,,,,,0,,,,,0,,0,,,,,,,,,1,1,
695,1790097877023418880,69.5,0,0,0,0,,,,,0,,,,,0,,0,,,,,,,,,1,1,
696,1790097877123418880,69.6,0,0,0,0,,,,,0,,,,,0,,0,,,,,,,,,1,1,
697,1790097877223418880,69.7,0,0,0,0,,,,,0,,,,,0,,0,,,,,,,,,1,1,
698,1790097877323418880,69.8,0,0,0,0,,,,,0,,,,,0,,0,,,,,,,,,1,1,
699,1790097877423418880,69.9,0,0,0,0,,,,,0,,,,,0,,0,,,,,,,,,1,1,
700,1790097877523418880,70.0,0,0,0,0,,,,,0,,,,,0,,0,,,,,,,,,1,1,
701,1790097877623418880,70.1,0,0,0,0,,,,,0,,,,,0,,0,,,,,,,,,1,1,
702,1790097877723418880,70.2,0,0,0,0,,,,,0,,,,,0,,0,,,,,,,,,1,1,
703,1790097877823418880,70.3,0,0,0,0,,,,,0,,,,,0,,0,,,,,,,,,1,1,
704,1790097877923418880,70.4,0,0,0,0,,,,,0,,,,,0,,0,,,,,,,,,1,1,
705,1790097878023418880,70.5,0,0,0,0,,,,,0,,,,,0,,0,,,,,,,,,1,1,
706,1790097878123418880,70.6,0,0,0,0,,,,,0,,,,,0,,0,,,,,,,,,1,1,
707,1790097878223418880,70.7,0,0,0,0,,,,,0,,,,,0,,0,,,,,,,,,1,1,
708,1790097878323418880,70.8,0,0,0,0,,,,,0,,,,,0,,0,,,,,,,,,1,1,
709,1790097878423418880,70.9,0,0,0,0,,,,,0,,,,,0,,0,,,,,,,,,1,1,
710,1790097878523418880,71.0,0,0,0,0,,,,,0,,,,,0,,0,,,,,,,,,1,1,
711,1790097878623418880,71.1,0,0,0,0,,,,,0,,,,,0,,0,,,,,,,,,1,1,
712,1790097878723418880,71.2,0,0,0,0,,,,,0,,,,,0,,0,,,,,,,,,1,1,
713,1790097878823418880,71.3,0,0,0,0,,,,,0,,,,,0,,0,,,,,,,,,1,1,
714,1790097878923418880,71.4,0,0,0,0,,,,,0,,,,,0,,0,,,,,,,,,1,1,
715,1790097879023418880,71.5,0,0,0,0,,,,,0,,,,,0,,0,,,,,,,,,1,1,
716,1790097879123418880,71.6,0,0,0,0,,,,,0,,,,,0,,0,,,,,,,,,1,1,
717,1790097879223418880,71.7,0,0,0,0,,,,,0,,,,,0,,0,,,,,,,,,1,1,
718,1790097879323418880,71.8,0,0,0,0,,,,,0,,,,,0,,0,,,,,,,,,1,1,
719,1790097879423418880,71.9,0,0,0,0,,,,,0,,,,,0,,0,,,,,,,,,1,1,
720,1790097879523418880,72.0,0,0,0,0,,,,,0,,,,,0,,0,,,,,,,,,1,1,
721,1790097879623418880,72.1,0,0,0,0,,,,,0,,,,,0,,0,,,,,,,,,1,1,
722,1790097879723418880,72.2,0,0,0,0,,,,,0,,,,,0,,0,,,,,,,,,1,1,
723,1790097879823418880,72.3,0,0,0,0,,,,,0,,,,,0,,0,,,,,,,,,1,1,
724,1790097879923418880,72.4,0,0,0,0,,,,,0,,,,,0,,0,,,,,,,,,1,1,
725,1790097880023418880,72.5,0,0,0,0,,,,,0,,,,,0,,0,,,,,,,,,1,1,
726,1790097880123418880,72.6,0,0,0,0,,,,,0,,,,,0,,0,,,,,,,,,1,1,
727,1790097880223418880,72.7,0,0,0,0,,,,,0,,,,,0,,0,,,,,,,,,1,1,
728,1790097880323418880,72.8,0,0,0,0,,,,,0,,,,,0,,0,,,,,,,,,1,1,
729,1790097880423418880,72.9,0,0,0,0,,,,,0,,,,,0,,0,,,,,,,,,1,1,
730,1790097880523418880,73.0,0,0,0,0,,,,,0,,,,,0,,0,,,,,,,,,1,1,
731,1790097880623418880,73.1,0,0,0,0,,,,,0,,,,,0,,0,,,,,,,,,1,1,
732,1790097880723418880,73.2,0,0,0,0,,,,,0,,,,,0,,0,,,,,,,,,1,1,
733,1790097880823418880,73.3,0,0,0,0,,,,,0,,,,,0,,0,,,,,,,,,1,1,
734,1790097880923418880,73.4,0,0,0,0,,,,,0,,,,,0,,0,,,,,,,,,1,1,
735,1790097881023418880,73.5,0,0,0,0,,,,,0,,,,,0,,0,,,,,,,,,1,1,
736,1790097881123418880,73.6,0,0,0,0,,,,,0,,,,,0,,0,,,,,,,,,1,1,
737,1790097881223418880,73.7,0,0,0,0,,,,,0,,,,,0,,0,,,,,,,,,1,1,
738,1790097881323418880,73.8,0,0,0,0,,,,,0,,,,,0,,0,,,,,,,,,1,1,
739,1790097881423418880,73.9,0,0,0,0,,,,,0,,,,,0,,0,,,,,,,,,1,1,
740,1790097881523418880,74.0,0,0,0,0,,,,,0,,,,,0,,0,,,,,,,,,1,1,
741,1790097881623418880,74.1,0,0,0,0,,,,,0,,,,,0,,0,,,,,,,,,1,1,
742,1790097881723418880,74.2,0,0,0,0,,,,,0,,,,,0,,0,,,,,,,,,1,1,
743,1790097881823418880,74.3,0,0,0,0,,,,,0,,,,,0,,0,,,,,,,,,1,1,
744,1790097881923418880,74.4,0,0,0,0,,,,,0,,,,,0,,0,,,,,,,,,1,1,
745,1790097882023418880,74.5,0,0,0,0,,,,,0,,,,,0,,0,,,,,,,,,1,1,
746,1790097882123418880,74.6,0,0,0,0,,,,,0,,,,,0,,0,,,,,,,,,1,1,
747,1790097882223418880,74.7,0,0,0,0,,,,,0,,,,,0,,0,,,,,,,,,1,1,
748,1790097882323418880,74.8,0,0,0,0,,,,,0,,,,,0,,0,,,,,,,,,1,1,
749,1790097882423418880,74.9,0,0,0,0,,,,,0,,,,,0,,0,,,,,,,,,1,1,
750,1790097882523418880,75.0,0,0,0,0,,,,,0,,,,,0,,0,,,,,,,,,1,1,
751,1790097882623418880,75.1,0,0,0,0,,,,,0,,,,,0,,0,,,,,,,,,1,1,
752,1790097882723418880,75.2,0,0,0,0,,,,,0,,,,,0,,0,,,,,,,,,1,1,
753,1790097882823418880,75.3,0,0,0,0,,,,,0,,,,,0,,0,,,,,,,,,1,1,
754,1790097882923418880,75.4,0,1,0,32,,,,,0,,,,,0,0.0,0,,,,,,,,,1,1,
755,1790097883023418880,75.5,0,1,0,32,,,,,0,,,,,0,0.0,0,,,,,,,,,1,1,
756,1790097883123418880,75.6,0,1,0,32,,,,,0,,,,,0,0.0,0,,,,,,,,,1,1,
757,1790097883223418880,75.7,0,1,0,32,,,,,0,,,,,0,0.0,0,,,,,,,,,1,1,
758,1790097883323418880,75.8,0,1,0,32,,,,,0,,,,,0,0.0,0,,,,,,,,,1,1,
759,1790097883423418880,75.9,0,1,0,32,,,,,0,,,,,0,0.0,0,,,,,,,,,1,1,
760,1790097883523418880,76.0,0,1,0,32,,,,,0,,,,,0,0.0,0,,,,,,,,,1,1,
761,1790097883623418880,76.1,0,1,0,32,,,,,0,,,,,0,0.0,0,,,,,,,,,1,1,
