step,t_ns,elapsed_s,n_up,n_down,bytes_up,bytes_down,iat_med_up_ms,iat_p90_up_ms,iat_max_up_ms,iat_mad_up_ms,burst_up,iat_med_down_ms,iat_p90_down_ms,iat_max_down_ms,iat_mad_down_ms,burst_down,updown_ratio,pair_n,pair_med_ms,pair_min_ms,pair_max_ms,q_up_ms,q_down_ms,q_pair_ms,q_hat_ms,q_min_ms,baseline_done,degraded,t_det_meta_ns
1,1790093267324622080,0.1,1,0,32,0,,,,,0,,,,,0,,0,,,,,,,,,0,0,
2,1790093267424622080,0.2,1,0,32,0,,,,,0,,,,,0,,0,,,,,,,,,0,0,
3,1790093267524622080,0.3,1,0,32,0,,,,,0,,,,,0,,0,,,,,,,,,0,0,
4,1790093267624622080,0.4,1,0,32,0,,,,,0,,,,,0,,0,,,,,,,,,0,0,
5,1790093267724622080,0.5,1,0,32,0,,,,,0,,,,,0,,0,,,,,,,,,0,0,
6,1790093267824622080,0.6,1,0,32,0,,,,,0,,,,,0,,0,,,,,,,,,0,0,
7,1790093267924622080,0.7,1,0,32,0,,,,,0,,,,,0,,0,,,,,,,,,0,0,
8,1790093268024622080,0.8,1,0,32,0,,,,,0,,,,,0,,0,,,,,,,,,0,0,
9,1790093268124622080,0.9,1,0,32,0,,,,,0,,,,,0,,0,,,,,,,,,0,0,
10,1790093268224622080,1.0,1,0,32,0,,,,,0,,,,,0,,0,,,,,,,,,0,0,
11,1790093268324622080,1.1,0,0,0,0,,,,,0,,,,,0,,0,,,,,,,,,0,0,
12,1790093268424622080,1.2,0,0,0,0,,,,,0,,,,,0,,0,,,,,,,,,0,0,
13,1790093268524622080,1.3,0,0,0,0,,,,,0,,,,,0,,0,,,,,,,,,0,0,
14,1790093268624622080,1.4,0,0,0,0,,,,,0,,,,,0,,0,,,,,,,,,0,0,
15,1790093268724622080,1.5,0,0,0,0,,,,,0,,,,,0,,0,,,,,,,,,0,0,
16,1790093268824622080,1.6,0,0,0,0,,,,,0,,,,,0,,0,,,,,,,,,0,0,
17,1790093268924622080,1.7,0,0,0,0,,,,,0,,,,,0,,0,,,,,,,,,0,0,
18,1790093269024622080,1.8,0,0,0,0,,,,,0,,,,,0,,0,,,,,,,,,0,0,
19,1790093269124622080,1.9,0,0,0,0,,,,,0,,,,,0,,0,,,,,,,,,0,0,
20,1790093269224622080,2.0,0,0,0,0,,,,,0,,,,,0,,0,,,,,,,,,0,0,
21,1790093269324622080,2.1,0,0,0,0,,,,,0,,,,,0,,0,,,,,,,,,0,0,
22,1790093269424622080,2.2,0,0,0,0,,,,,0,,,,,0,,0,,,,,,,,,0,0,
23,1790093269524622080,2.3,0,0,0,0,,,,,0,,,,,0,,0,,,,,,,,,0,0,
24,1790093269624622080,2.4,0,0,0,0,,,,,0,,,,,0,,0,,,,,,,,,0,0,
25,1790093269724622080,2.5,0,0,0,0,,,,,0,,,,,0,,0,,,,,,,,,0,0,
26,1790093269824622080,2.6,0,0,0,0,,,,,0,,,,,0,,0,,,,,,,,,0,0,
27,1790093269924622080,2.7,0,0,0,0,,,,,0,,,,,0,,0,,,,,,,,,0,0,
28,1790093270024622080,2.8,0,0,0,0,,,,,0,,,,,0,,0,,,,,,,,,0,0,
29,1790093270124622080,2.9,0,0,0,0,,,,,0,,,,,0,,0,,,,,,,,,0,0,
30,1790093270224622080,3.0,0,0,0,0,,,,,0,,,,,0,,0,,,,,,,,,0,0,
31,1790093270324622080,3.1,0,0,0,0,,,,,0,,,,,0,,0,,,,,,,,,0,0,
32,1790093270424622080,3.2,0,0,0,0,,,,,0,,,,,0,,0,,,,,,,,,0,0,
33,1790093270524622080,3.3,0,0,0,0,,,,,0,,,,,0,,0,,,,,,,,,0,0,
34,1790093270624622080,3.4,0,0,0,0,,,,,0,,,,,0,,0,,,,,,,,,0,0,
35,1790093270724622080,3.5,0,0,0,0,,,,,0,,,,,0,,0,,,,,,,,,0,0,
36,1790093270824622080,3.6,0,0,0,0,,,,,0,,,,,0,,0,,,,,,,,,0,0,
37,1790093270924622080,3.7,0,0,0,0,,,,,0,,,,,0,,0,,,,,,,,,0,0,
38,1790093271024622080,3.8,0,0,0,0,,,,,0,,,,,0,,0,,,,,,,,,0,0,
39,1790093271124622080,3.9,0,0,0,0,,,,,0,,,,,0,,0,,,,,,,,,0,0,
40,1790093271224622080,4.0,0,0,0,0,,,,,0,,,,,0,,0,,,,,,,,,0,0,
41,1790093271324622080,4.1,0,0,0,0,,,,,0,,,,,0,,0,,,,,,,,,0,0,
42,1790093271424622080,4.2,0,0,0,0,,,,,0,,,,,0,,0,,,,,,,,,0,0,
43,1790093271524622080,4.3,0,0,0,0,,,,,0,,,,,0,,0,,,,,,,,,0,0,
44,1790093271624622080,4.4,0,0,0,0,,,,,0,,,,,0,,0,,,,,,,,,0,0,
45,1790093271724622080,4.5,0,0,0,0,,,,,0,,,,,0,,0,,,,,,,,,0,0,
46,1790093271824622080,4.6,0,0,0,0,,,,,0,,,,,0,,0,,,,,,,,,0,0,
47,1790093271924622080,4.7,0,0,0,0,,,,,0,,,,,0,,0,,,,,,,,,0,0,
48,1790093272024622080,4.8,0,0,0,0,,,,,0,,,,,0,,0,,,,,,,,,0,0,
49,1790093272124622080,4.9,0,0,0,0,,,,,0,,,,,0,,0,,,,,,,,,0,0,
50,1790093272224622080,5.0,0,0,0,0,,,,,0,,,,,0,,0,,,,,,,,,0,0,
51,1790093272324622080,5.1,0,0,0,0,,,,,0,,,,,0,,0,,,,,,,,,0,0,
52,1790093272424622080,5.2,0,0,0,0,,,,,0,,,,,0,,0,,,,,,,,,0,0,
53,1790093272524622080,5.3,0,0,0,0,,,,,0,,,,,0,,0,,,,,,,,,0,0,
54,1790093272624622080,5.4,0,0,0,0,,,,,0,,,,,0,,0,,,,,,,,,0,0,
55,1790093272724622080,5.5,0,0,0,0,,,,,0,,,,,0,,0,,,,,,,,,0,0,
56,1790093272824622080,5.6,0,0,0,0,,,,,0,,,,,0,,0,,,,,,,,,0,0,
57,1790093272924622080,5.7,0,0,0,0,,,,,0,,,,,0,,0,,,,,,,,,0,0,
58,1790093273024622080,5.8,0,0,0,0,,,,,0,,,,,0,,0,,,,,,,,,0,0,
59,1790093273124622080,5.9,0,0,0,0,,,,,0,,,,,0,,0,,,,,,,,,0,0,
60,1790093273224622080,6.0,0,0,0,0,,,,,0,,,,,0,,0,,,,,,,,,0,0,
61,1790093273324622080,6.1,0,0,0,0,,,,,0,,,,,0,,0,,,,,,,,,0,0,
62,1790093273424622080,6.2,0,0,0,0,,,,,0,,,,,0,,0,,,,,,,,,0,0,
63,1790093273524622080,6.3,0,0,0,0,,,,,0,,,,,0,,0,,,,,,,,,0,0,
64,1790093273624622080,6.4,0,0,0,0,,,,,0,,,,,0,,0,,,,,,,,,0,0,
65,1790093273724622080,6.5,0,0,0,0,,,,,0,,,,,0,,0,,,,,,,,,0,0,
66,1790093273824622080,6.6,0,0,0,0,,,,,0,,,,,0,,0,,,,,,,,,0,0,
67,1790093273924622080,6.7,0,0,0,0,,,,,0,,,,,0,,0,,,,,,,,,0,0,
68,1790093274024622080,6.8,0,0,0,0,,,,,0,,,,,0,,0,,,,,,,,,0,0,
69,1790093274124622080,6.9,0,0,0,0,,,,,0,,,,,0,,0,,,,,,,,,0,0,
70,1790093274224622080,7.0,0,0,0,0,,,,,0,,,,,0,,0,,,,,,,,,0,0,
71,1790093274324622080,7.1,0,0,0,0,,,,,0,,,,,0,,0,,,,,,,,,0,0,
72,1790093274424622080,7.2,0,0,0,0,,,,,0,,,,,0,,0,,,,,,,,,0,0,
73,1790093274524622080,7.3,0,0,0,0,,,,,0,,,,,0,,0,,,,,,,,,0,0,
74,1790093274624622080,7.4,0,0,0,0,,,,,0,,,,,0,,0,,,,,,,,,0,0,
75,1790093274724622080,7.5,0,0,0,0,,,,,0,,,,,0,,0,,,,,,,,,0,0,
76,1790093274824622080,7.6,0,0,0,0,,,,,0,,,,,0,,0,,,,,,,,,0,0,
77,1790093274924622080,7.7,0,0,0,0,,,,,0,,,,,0,,0,,,,,,,,,0,0,
78,1790093275024622080,7.8,0,0,0,0,,,,,0,,,,,0,,0,,,,,,,,,0,0,
79,1790093275124622080,7.9,0,0,0,0,,,,,0,,,,,0,,0,,,,,,,,,0,0,
80,1790093275224622080,8.0,0,0,0,0,,,,,0,,,,,0,,0,,,,,,,,,0,0,
81,1790093275324622080,8.1,0,0,0,0,,,,,0,,,,,0,,0,,,,,,,,,0,0,
82,1790093275424622080,8.2,0,0,0,0,,,,,0,,,,,0,,0,,,,,,,,,0,0,
83,1790093275524622080,8.3,0,0,0,0,,,,,0,,,,,0,,0,,,,,,,,,0,0,
84,1790093275624622080,8.4,0,0,0,0,,,,,0,,,,,0,,0,,,,,,,,,0,0,
85,1790093275724622080,8.5,0,0,0,0,,,,,0,,,,,0,,0,,,,,,,,,0,0,
86,1790093275824622080,8.6,0,0,0,0,,,,,0,,,,,0,,0,,,,,,,,,0,0,
87,1790093275924622080,8.7,1,1,96,96,,,,,0,,,,,0,1.0,1,33.528,33.528,33.528,,,,,,0,0,
88,1790093276024622080,8.8,3,3,288,288,49.952,51.115,51.115,1.163,1,49.608,50.477,50.477,0.869,1,1.0,3,32.89,32.841,33.528,,,,,,0,0,
89,1790093276124622080,8.9,5,5,480,480,50.131,51.115,51.115,0.672,1,50.134,50.477,50.477,0.584,1,1.0,5,32.89,32.841,33.528,,,,,,0,0,
90,1790093276224622080,9.0,7,7,672,672,50.131,50.357,51.115,0.563,1,49.935,50.433,50.477,0.578,1,1.0,7,32.846,31.761,33.528,,,,,,0,0,
91,1790093276324622080,9.1,9,9,864,864,49.99,50.357,51.115,0.505,1,50.024,50.434,50.477,0.486,1,1.0,9,32.841,31.743,33.528,,,,,,0,0,
92,1790093276424622080,9.2,11,11,1056,1056,50.171,50.412,51.115,0.478,1,50.234,50.485,50.487,0.479,1,1.0,11,32.846,31.743,33.528,,,,,,0,0,
93,1790093276524622080,9.3,13,13,1248,1248,50.014,50.412,51.115,0.412,1,50.07,50.485,50.487,0.427,1,1.0,13,32.848,31.743,33.528,,,,,,0,0,
94,1790093276624622080,9.4,15,15,1472,1440,50.058,50.51,51.115,0.392,1,50.146,50.485,50.487,0.393,1,1.0222,15,32.848,31.743,33.528,,,,,,0,0,
95,1790093276724622080,9.5,17,17,1696,1632,50.014,50.51,51.115,0.375,1,50.07,50.485,50.487,0.401,1,1.0392,17,32.848,31.743,33.528,,,,,,0,0,
96,1790093276824622080,9.6,19,19,1920,1824,50.058,50.412,51.115,0.342,1,50.104,50.477,50.487,0.371,1,1.0526,19,32.848,31.743,33.528,,,,,,0,0,
97,1790093276924622080,9.7,20,21,2048,2016,50.085,50.39,50.51,0.275,1,50.115,50.477,50.487,0.34,1,1.0159,21,32.882,31.743,33.528,,,,,,0,0,
98,1790093277024622080,9.8,20,21,2080,2016,50.085,50.39,50.51,0.215,1,50.104,50.434,50.487,0.273,1,1.0317,21,32.882,31.743,32.979,,,,,,0,0,
99,1790093277124622080,9.9,20,21,2112,2016,50.085,50.39,50.51,0.22,1,50.104,50.434,50.487,0.264,1,1.0476,21,32.886,31.743,32.979,,,,,,0,0,
100,1790093277224622080,10.0,20,21,2144,2016,50.085,50.39,50.51,0.226,1,50.104,50.434,50.487,0.239,1,1.0635,21,32.886,31.743,32.979,,,,,,0,0,
101,1790093277324622080,10.1,20,21,2176,2016,50.085,50.372,50.51,0.182,1,50.104,50.387,50.487,0.231,1,1.0794,21,32.886,32.457,32.979,,,,,,0,0,
102,1790093277424622080,10.2,20,21,2208,2016,50.058,50.21,50.51,0.169,1,49.995,50.34,50.387,0.236,1,1.0952,21,32.886,31.772,32.979,,,,,,0,0,
103,1790093277524622080,10.3,20,20,2240,1920,50.058,50.21,51.242,0.216,1,50.026,50.366,52.49,0.36,1,1.1667,20,32.897,31.772,33.136,,,,,,0,0,
104,1790093277624622080,10.4,20,21,2240,2016,50.039,50.21,51.242,0.23,1,49.944,50.34,52.49,0.379,1,1.1111,21,32.886,31.772,33.136,,,,,,0,0,
105,1790093277724622080,10.5,20,20,2240,1920,50.039,50.346,51.242,0.238,1,50.026,50.355,52.49,0.382,1,1.1667,20,32.836,31.772,33.136,,,,,,0,0,
106,1790093277824622080,10.6,20,21,2240,2016,49.976,50.346,51.242,0.251,1,49.944,50.34,52.49,0.365,1,1.1111,21,32.903,31.772,33.136,,,,,,0,0,
107,1790093277924622080,10.7,20,21,2240,2016,49.962,50.346,51.242,0.257,1,49.903,50.34,52.49,0.368,1,1.1111,21,32.886,31.772,33.136,,,,,,0,0,
108,1790093278024622080,10.8,20,20,2240,1920,49.962,50.287,51.242,0.25,1,49.923,50.34,52.49,0.393,1,1.1667,20,32.86,31.772,33.136,,,,,,0,0,
109,1790093278124622080,10.9,20,20,2240,1920,49.976,50.287,51.242,0.261,1,49.883,50.283,52.49,0.383,1,1.1667,20,32.853,31.772,33.136,,,,,,0,0,
110,1790093278224622080,11.0,20,21,2240,2016,49.976,50.287,51.242,0.248,1,49.967,50.283,52.49,0.359,1,1.1111,21,32.849,31.772,33.136,,,,,,0,0,
111,1790093278324622080,11.1,20,20,2240,1920,49.962,50.287,51.242,0.259,1,49.964,50.283,52.49,0.391,1,1.1667,20,32.85,31.772,33.136,,,,,,0,0,
112,1790093278424622080,11.2,20,20,2240,1920,49.962,50.262,50.346,0.196,1,50.045,50.355,52.49,0.389,1,1.1667,20,32.85,31.888,33.136,,,,,,0,0,
113,1790093278524622080,11.3,20,20,2240,1920,49.989,50.274,50.346,0.181,1,50.045,50.318,50.654,0.256,1,1.1667,20,32.845,32.164,32.945,,,,,,0,0,
114,1790093278624622080,11.4,20,20,2240,1920,49.989,50.274,50.567,0.208,1,50.05,50.355,50.654,0.235,1,1.1667,20,32.845,32.164,32.945,,,,,,0,0,
115,1790093278724622080,11.5,20,20,2240,1920,49.989,50.274,50.567,0.22,1,49.969,50.318,50.654,0.263,1,1.1667,20,32.85,32.164,32.945,,,,,,0,0,
116,1790093278824622080,11.6,20,20,2240,1920,50.056,50.284,50.567,0.208,1,50.062,50.318,50.654,0.24,1,1.1667,20,32.85,32.164,32.945,,,,,,0,0,
117,1790093278924622080,11.7,20,20,2240,1920,50.078,50.4,50.567,0.22,1,50.064,50.344,50.654,0.238,1,1.1667,20,32.843,32.164,32.945,,,,,,0,0,
118,1790093279024622080,11.8,20,20,2240,1920,50.056,50.4,50.567,0.228,1,50.064,50.56,50.654,0.262,1,1.1667,20,32.843,32.164,32.978,,,,,,0,0,
119,1790093279124622080,11.9,20,20,2240,1920,50.056,50.435,50.567,0.244,1,50.062,50.601,50.654,0.32,1,1.1667,20,32.836,32.164,32.978,,,,,,0,0,
120,1790093279224622080,12.0,20,20,2240,1920,50.056,50.454,50.581,0.291,1,50.064,50.601,50.654,0.334,1,1.1667,20,32.837,32.164,32.978,,,,,,0,0,
121,1790093279324622080,12.1,20,20,2240,1920,50.014,50.454,50.581,0.279,1,50.062,50.577,50.648,0.357,1,1.1667,20,32.837,31.883,32.978,,,,,,0,0,
122,1790093279424622080,12.2,20,20,2240,1920,50.034,50.454,50.581,0.266,1,50.064,50.601,50.991,0.417,1,1.1667,20,32.834,31.809,32.978,,,,,,0,0,
123,1790093279524622080,12.3,20,20,2240,1920,50.014,50.435,50.581,0.262,1,50.064,50.601,50.991,0.426,1,1.1667,20,32.83,31.809,32.978,,,,,,0,0,
124,1790093279624622080,12.4,20,20,2240,1920,50.045,50.435,50.581,0.228,1,50.064,50.648,50.991,0.467,1,1.1667,20,32.823,31.809,32.978,,,,,,0,0,
125,1790093279724622080,12.5,22,21,2420,2012,50.034,50.435,50.581,4.948,2,50.09,50.648,50.991,2.88,2,1.2028,20,32.837,31.809,32.978,,,,,,0,0,
126,1790093279824622080,12.6,22,21,2420,2012,50.014,50.4,50.581,4.943,2,49.859,50.648,50.991,2.908,2,1.2028,20,32.814,31.809,32.978,,,,,,0,0,
127,1790093279924622080,12.7,22,21,2420,2012,50.014,50.454,50.59,4.969,2,49.859,50.648,50.991,2.914,2,1.2028,20,32.813,31.809,32.978,,,,,,0,0,
128,1790093280024622080,12.8,22,21,2420,2012,50.014,50.237,50.59,4.958,2,49.987,50.648,50.991,2.93,2,1.2028,20,32.79,31.809,32.896,,,,,,0,0,
129,1790093280124622080,12.9,22,21,2420,2012,50.034,50.237,50.6,4.957,2,49.926,50.668,50.991,2.942,2,1.2028,20,32.821,31.809,32.896,,,,,,0,0,
130,1790093280224622080,13.0,22,21,2420,2012,50.053,50.237,50.6,4.929,2,50.073,50.668,50.991,2.891,2,1.2028,20,32.821,31.809,32.947,,,,,,0,0,
131,1790093280324622080,13.1,22,21,2420,2012,50.064,50.276,50.6,4.947,2,50.098,50.668,50.991,2.875,2,1.2028,20,32.821,31.809,32.986,,,,,,0,0,
132,1790093280424622080,13.2,22,21,2420,2012,50.083,50.6,51.112,5.018,2,50.121,50.668,50.944,2.873,2,1.2028,20,32.836,32.021,32.986,,,,,,0,0,
133,1790093280524622080,13.3,22,21,2420,2012,50.083,50.6,51.112,5.087,2,50.121,50.757,51.142,2.951,2,1.2028,20,32.85,32.021,32.986,,,,,,0,0,
134,1790093280624622080,13.4,22,21,2420,2012,50.053,50.6,51.112,5.117,2,50.098,50.668,51.142,2.937,2,1.2028,20,32.876,32.415,32.986,,,,,,0,0,
135,1790093280724622080,13.5,20,20,2240,1920,50.064,50.6,51.112,0.394,1,50.103,50.668,51.142,0.498,1,1.1667,20,32.885,32.415,32.986,,,,,,0,0,
136,1790093280824622080,13.6,20,20,2240,1920,50.053,50.6,51.112,0.397,1,50.167,50.668,51.142,0.483,1,1.1667,20,32.885,32.415,32.986,,,,,,0,0,
137,1790093280924622080,13.7,20,20,2240,1920,50.053,50.6,51.112,0.377,1,50.103,50.668,51.142,0.442,1,1.1667,20,32.895,32.415,32.986,,,,,,0,0,
138,1790093281024622080,13.8,20,20,2240,1920,50.053,50.592,51.112,0.363,1,50.167,50.668,51.142,0.424,1,1.1667,20,32.894,32.415,32.986,,,,,,0,0,
139,1790093281124622080,13.9,20,20,2240,1920,50.045,50.592,51.112,0.37,1,50.093,50.636,51.142,0.42,1,1.1667,20,32.878,32.415,32.986,,,,,,0,0,
140,1790093281224622080,14.0,20,20,2240,1920,50.045,50.592,51.112,0.379,1,50.038,50.636,51.142,0.454,1,1.1667,20,32.851,32.415,32.986,0.186,0.138,-0.004,0.186,0.186,1,0,
141,1790093281324622080,14.1,20,20,2240,1920,49.928,50.353,51.112,0.372,1,50.038,50.604,51.142,0.413,1,1.1667,20,32.839,32.629,32.945,-0.053,0.106,-0.015,0.106,0.106,1,0,
142,1790093281424622080,14.2,20,20,2240,1920,49.98,50.353,50.592,0.266,1,49.921,50.316,50.636,0.328,1,1.1667,20,32.839,32.629,32.945,-0.053,-0.182,-0.015,-0.053,-0.053,1,0,
143,1790093281524622080,14.3,20,20,2240,1920,49.98,50.353,50.592,0.266,1,49.952,50.37,50.636,0.294,1,1.1667,20,32.839,32.629,32.945,-0.053,-0.128,-0.015,-0.053,-0.053,1,0,
144,1790093281624622080,14.4,20,20,2240,1920,50.013,50.477,50.592,0.272,1,50.038,50.37,50.636,0.34,1,1.1667,20,32.804,31.982,32.945,0.071,-0.128,-0.051,0.071,0.071,1,0,
145,1790093281724622080,14.5,20,20,2240,1920,50.045,50.353,50.529,0.257,1,50.205,50.595,51.075,0.372,1,1.1667,20,32.804,31.982,32.945,-0.053,0.097,-0.051,0.097,0.097,1,0,
146,1790093281824622080,14.6,20,20,2240,1920,50.107,50.353,50.529,0.269,1,50.193,50.37,51.075,0.358,1,1.1667,20,32.822,31.982,32.945,-0.053,-0.128,-0.032,-0.053,-0.053,1,0,
147,1790093281924622080,14.7,20,20,2240,1920,50.045,50.477,50.663,0.3,1,50.159,50.37,51.075,0.378,1,1.1667,20,32.785,31.982,32.939,0.071,-0.128,-0.07,0.071,0.071,1,0,
148,1790093282024622080,14.8,20,20,2240,1920,50.081,50.477,50.663,0.293,1,50.186,50.595,51.075,0.377,1,1.1667,20,32.785,31.982,32.939,0.071,0.097,-0.07,0.097,0.097,1,0,
149,1790093282124622080,14.9,20,20,2240,1920,50.013,50.477,50.663,0.283,1,50.159,50.595,51.075,0.39,1,1.1667,20,32.813,31.982,32.975,0.071,0.097,-0.041,0.097,0.097,1,0,
150,1790093282224622080,15.0,20,20,2240,1920,50.013,50.477,50.663,0.246,1,49.963,50.595,51.075,0.377,1,1.1667,20,32.82,31.982,32.975,0.071,0.097,-0.035,0.097,0.097,1,0,
151,1790093282324622080,15.1,20,20,2240,1920,50.081,50.477,50.663,0.233,1,49.963,50.595,51.075,0.36,1,1.1667,20,32.82,31.982,32.975,0.071,0.097,-0.035,0.097,0.097,1,0,
152,1790093282424622080,15.2,20,20,2240,1920,50.013,50.348,50.663,0.207,1,49.963,50.387,51.075,0.377,1,1.1667,20,32.794,31.715,32.975,-0.058,-0.111,-0.06,-0.058,-0.058,1,0,
153,1790093282524622080,15.3,20,20,2240,1920,50.04,50.356,50.663,0.203,1,49.963,50.778,51.075,0.355,1,1.1667,20,32.791,31.715,32.975,-0.05,0.28,-0.063,0.28,0.28,1,0,
154,1790093282624622080,15.4,20,20,2240,1920,50.034,50.348,50.663,0.179,1,49.963,50.39,51.066,0.308,1,1.1667,20,32.834,31.715,32.975,-0.058,-0.108,-0.021,-0.058,-0.058,1,0,
155,1790093282724622080,15.5,20,20,2240,1920,50.034,50.348,50.663,0.176,1,49.961,50.39,51.066,0.3,1,1.1667,20,32.853,31.715,33.008,-0.058,-0.108,-0.002,-0.058,-0.058,1,0,
156,1790093282824622080,15.6,20,20,2240,1920,50.034,50.222,50.663,0.148,1,49.961,50.39,51.066,0.294,1,1.1667,20,32.825,31.715,33.008,-0.185,-0.108,-0.03,-0.108,-0.108,1,0,
157,1790093282924622080,15.7,20,20,2240,1920,50.007,50.222,50.473,0.144,1,49.963,50.39,51.066,0.267,1,1.1667,20,32.834,31.715,33.008,-0.185,-0.108,-0.021,-0.108,-0.108,1,0,
158,1790093283024622080,15.8,20,20,2240,1920,50.04,50.356,50.473,0.152,1,49.967,50.39,51.066,0.255,1,1.1667,20,32.834,31.715,33.008,-0.05,-0.108,-0.021,-0.05,-0.05,1,0,
159,1790093283124622080,15.9,20,20,2240,1920,50.04,50.356,50.473,0.17,1,49.972,50.439,51.066,0.265,1,1.1667,20,32.814,31.715,33.008,-0.05,-0.059,-0.04,-0.05,-0.05,1,0,
160,1790093283224622080,16.0,20,20,2240,1920,50.064,50.356,50.473,0.175,1,49.998,50.445,51.066,0.319,1,1.1667,20,32.797,31.715,33.008,-0.05,-0.053,-0.057,-0.05,-0.05,1,0,
161,1790093283324622080,16.1,20,20,2240,1920,50.034,50.356,50.473,0.187,1,49.998,50.445,51.066,0.308,1,1.1667,20,32.814,31.715,33.008,-0.05,-0.053,-0.04,-0.05,-0.05,1,0,
162,1790093283424622080,16.2,20,20,2240,1920,50.064,50.356,50.473,0.189,1,50.067,50.445,51.066,0.27,1,1.1667,20,32.83,31.807,33.008,-0.05,-0.053,-0.025,-0.05,-0.05,1,0,
163,1790093283524622080,16.3,20,20,2240,1920,50.132,50.35,50.473,0.186,1,50.035,50.439,50.551,0.224,1,1.1667,20,32.825,32.631,33.008,-0.056,-0.059,-0.03,-0.056,-0.056,1,0,
164,1790093283624622080,16.4,20,20,2240,1920,50.064,50.35,50.473,0.196,1,50.035,50.439,50.551,0.221,1,1.1667,20,32.797,32.55,33.008,-0.056,-0.059,-0.057,-0.056,-0.056,1,0,
165,1790093283724622080,16.5,20,20,2240,1920,50.127,50.35,50.473,0.197,1,50.067,50.439,50.551,0.271,1,1.1667,20,32.788,31.957,32.963,-0.056,-0.059,-0.066,-0.056,-0.056,1,0,
166,1790093283824622080,16.6,20,20,2240,1920,50.127,50.347,50.387,0.182,1,50.117,50.445,50.551,0.272,1,1.1667,20,32.797,31.957,32.963,-0.059,-0.053,-0.057,-0.053,-0.053,1,0,
167,1790093283924622080,16.7,20,20,2240,1920,50.064,50.347,50.387,0.172,1,50.117,50.439,50.551,0.256,1,1.1667,20,32.802,31.957,32.963,-0.059,-0.059,-0.053,-0.059,-0.059,1,0,
168,1790093284024622080,16.8,20,20,2240,1920,50.052,50.252,50.35,0.156,1,50.067,50.431,50.551,0.252,1,1.1667,20,32.802,31.957,32.963,-0.155,-0.067,-0.053,-0.067,-0.067,1,0,
169,1790093284124622080,16.9,20,20,2240,1920,50.064,50.252,50.347,0.144,1,50.117,50.431,50.551,0.224,1,1.1667,20,32.816,31.957,32.945,-0.155,-0.067,-0.039,-0.067,-0.067,1,0,
170,1790093284224622080,17.0,20,20,2240,1920,50.127,50.252,50.347,0.157,1,50.067,50.327,50.447,0.252,1,1.1667,20,32.816,31.957,32.945,-0.155,-0.171,-0.039,-0.155,-0.155,1,0,
171,1790093284324622080,17.1,20,20,2240,1920,50.132,50.252,50.347,0.151,1,50.117,50.431,50.778,0.291,1,1.1667,20,32.796,31.957,32.945,-0.155,-0.067,-0.059,-0.067,-0.067,1,0,
172,1790093284424622080,17.2,20,20,2240,1920,50.132,50.28,50.432,0.17,1,50.222,50.431,50.778,0.272,1,1.1667,20,32.77,31.957,32.945,-0.126,-0.067,-0.085,-0.067,-0.067,1,0,
173,1790093284524622080,17.3,20,20,2240,1920,50.132,50.26,50.432,0.199,1,50.148,50.431,50.778,0.281,1,1.1667,20,32.751,31.957,32.945,-0.147,-0.067,-0.103,-0.067,-0.067,1,0,
174,1790093284624622080,17.4,20,20,2240,1920,50.14,50.28,50.721,0.195,1,50.163,50.447,50.778,0.271,1,1.1667,20,32.798,31.957,32.945,-0.126,-0.051,-0.057,-0.051,-0.051,1,0,
175,1790093284724622080,17.5,20,20,2240,1920,50.132,50.28,50.721,0.218,1,50.047,50.327,50.778,0.26,1,1.1667,20,32.82,32.092,32.945,-0.126,-0.171,-0.035,-0.126,-0.126,1,0,
176,1790093284824622080,17.6,20,20,2240,1920,50.132,50.432,50.721,0.24,1,50.026,50.327,50.778,0.25,1,1.1667,20,32.808,32.092,32.945,0.026,-0.171,-0.046,0.026,0.026,1,0,
177,1790093284924622080,17.7,20,20,2240,1920,50.132,50.432,50.721,0.249,1,50.035,50.357,50.778,0.266,1,1.1667,20,32.787,32.092,32.934,0.026,-0.141,-0.067,0.026,0.026,1,0,
178,1790093285024622080,17.8,20,20,2240,1920,50.132,50.511,50.721,0.279,1,50.044,50.654,50.778,0.283,1,1.1667,20,32.787,32.092,32.934,0.105,0.156,-0.067,0.156,0.156,1,0,
179,1790093285124622080,17.9,20,20,2240,1920,50.026,50.511,50.721,0.275,1,49.987,50.654,50.778,0.294,1,1.1667,20,32.784,32.092,32.934,0.105,0.156,-0.071,0.156,0.156,1,0,
180,1790093285224622080,18.0,20,20,2240,1920,50.026,50.511,50.721,0.266,1,50.035,50.654,50.778,0.258,1,1.1667,20,32.787,32.119,32.923,0.105,0.156,-0.067,0.156,0.156,1,0,
181,1790093285324622080,18.1,20,20,2240,1920,50.026,50.511,50.721,0.262,1,49.987,50.357,50.671,0.227,1,1.1667,20,32.79,32.598,32.923,0.105,-0.141,-0.065,0.105,0.105,1,0,
182,1790093285424622080,18.2,20,20,2240,1920,50.026,50.511,50.721,0.246,1,49.987,50.452,50.671,0.242,1,1.1667,20,32.79,32.602,32.923,0.105,-0.046,-0.065,0.105,0.105,1,0,
183,1790093285524622080,18.3,20,20,2240,1920,50.026,50.317,50.562,0.195,1,49.981,50.452,50.671,0.253,1,1.1667,20,32.79,31.763,32.923,-0.089,-0.046,-0.065,-0.046,-0.046,1,0,
184,1790093285624622080,18.4,20,20,2240,1920,49.995,50.317,50.562,0.211,1,49.967,50.452,50.935,0.297,1,1.1667,20,32.785,31.763,32.899,-0.089,-0.046,-0.069,-0.046,-0.046,1,0,
185,1790093285724622080,18.5,20,20,2240,1920,50.026,50.41,50.562,0.242,1,49.981,50.452,50.935,0.294,1,1.1667,20,32.785,31.763,32.918,0.004,-0.046,-0.069,0.004,0.004,1,0,
186,1790093285824622080,18.6,20,20,2240,1920,50.026,50.41,50.883,0.277,1,49.981,50.671,51.712,0.406,1,1.1667,20,32.759,31.763,32.918,0.004,0.173,-0.095,0.173,0.173,1,0,
187,1790093285924622080,18.7,20,20,2240,1920,50.072,50.41,50.883,0.286,1,49.981,50.671,51.712,0.44,1,1.1667,20,32.785,31.763,32.918,0.004,0.173,-0.069,0.173,0.173,1,0,
188,1790093286024622080,18.8,20,20,2240,1920,50.072,50.41,50.883,0.296,1,49.981,50.593,51.712,0.424,1,1.1667,20,32.79,31.763,32.942,0.004,0.095,-0.065,0.095,0.095,1,0,
189,1790093286124622080,18.9,20,20,2240,1920,50.112,50.492,50.883,0.328,1,49.967,50.593,51.712,0.448,1,1.1667,20,32.79,31.763,32.942,0.085,0.095,-0.065,0.095,0.095,1,0,
190,1790093286224622080,19.0,20,20,2240,1920,49.92,50.492,50.883,0.315,1,49.967,50.593,51.712,0.467,1,1.1667,20,32.763,31.763,32.942,0.085,0.095,-0.092,0.095,0.095,1,0,
191,1790093286324622080,19.1,20,20,2240,1920,50.028,50.492,50.883,0.314,1,49.981,50.593,51.712,0.469,1,1.1667,20,32.763,31.763,32.942,0.085,0.095,-0.092,0.095,0.095,1,0,
192,1790093286424622080,19.2,20,20,2240,1920,49.909,50.492,50.883,0.334,1,50.052,50.593,51.712,0.49,1,1.1667,20,32.792,31.763,32.942,0.085,0.095,-0.062,0.095,0.095,1,0,
193,1790093286524622080,19.3,20,20,2240,1920,50.028,50.525,50.883,0.338,1,50.042,50.464,51.712,0.461,1,1.1667,20,32.796,31.97,32.942,0.119,-0.034,-0.059,0.119,0.119,1,0,
194,1790093286624622080,19.4,20,20,2240,1920,50.07,50.525,50.883,0.32,1,50.133,50.593,51.712,0.457,1,1.1667,20,32.796,31.97,32.942,0.119,0.095,-0.059,0.119,0.119,1,0,
195,1790093286724622080,19.5,20,20,2240,1920,50.07,50.525,50.817,0.359,1,50.135,50.664,65.277,1.95,1,1.1667,20,32.796,31.97,47.729,0.119,0.166,-0.059,0.166,0.166,1,0,
196,1790093286824622080,19.6,20,20,2240,1920,50.07,50.525,50.817,0.342,1,50.133,50.593,65.277,1.903,1,1.1667,20,32.811,32.434,47.729,0.119,0.095,-0.044,0.119,0.119,1,0,
197,1790093286924622080,19.7,20,20,2240,1920,50.028,50.492,50.817,0.319,1,49.957,50.464,65.277,1.888,1,1.1667,20,32.811,32.434,47.729,0.085,-0.034,-0.044,0.085,0.085,1,0,
198,1790093287024622080,19.8,20,20,2240,1920,50.07,50.492,50.817,0.281,1,49.957,50.464,65.277,1.856,1,1.1667,20,32.792,32.434,47.729,0.085,-0.034,-0.062,0.085,0.085,1,0,
199,1790093287124622080,19.9,20,20,2240,1920,50.07,50.333,50.817,0.272,1,49.957,50.409,65.277,1.842,1,1.1667,20,32.792,32.434,47.729,-0.073,-0.089,-0.062,-0.073,-0.073,1,0,
200,1790093287224622080,20.0,20,20,2240,1920,50.07,50.417,50.817,0.291,1,49.957,50.409,65.277,1.831,1,1.1667,20,32.792,32.488,47.729,0.01,-0.089,-0.062,0.01,0.01,1,0,
201,1790093287324622080,20.1,20,20,2240,1920,50.001,50.417,50.817,0.27,1,49.957,50.638,65.277,1.83,1,1.1667,20,32.804,32.516,47.729,0.01,0.14,-0.05,0.14,0.14,1,0,
202,1790093287424622080,20.2,20,20,2240,1920,50.07,50.417,50.817,0.254,1,49.957,50.638,65.277,1.811,1,1.1667,20,32.819,32.516,47.729,0.01,0.14,-0.036,0.14,0.14,1,0,
203,1790093287524622080,20.3,20,20,2240,1920,50.049,50.332,50.817,0.283,1,49.957,50.375,65.277,1.765,1,1.1667,20,32.804,32.651,47.729,-0.075,-0.123,-0.05,-0.075,-0.075,1,0,
204,1790093287624622080,20.4,20,20,2240,1920,50.001,50.288,50.417,0.236,1,49.926,50.283,50.638,1.003,1,1.1667,20,32.819,32.651,47.729,-0.119,-0.215,-0.036,-0.119,-0.119,1,0,
205,1790093287724622080,20.5,20,20,2240,1920,50.049,50.288,50.417,0.192,1,49.957,50.283,50.638,0.233,1,1.1667,20,32.824,32.651,32.933,-0.119,-0.215,-0.031,-0.119,-0.119,1,0,
206,1790093287824622080,20.6,20,20,2240,1920,50.049,50.288,50.51,0.209,1,49.921,50.277,50.638,0.219,1,1.1667,20,32.804,31.922,32.933,-0.119,-0.221,-0.05,-0.119,-0.119,1,0,
207,1790093287924622080,20.7,20,20,2240,1920,50.09,50.288,50.51,0.2,1,49.926,50.283,50.825,0.266,1,1.1667,20,32.76,31.882,32.914,-0.119,-0.215,-0.095,-0.119,-0.119,1,0,
208,1790093288024622080,20.8,20,20,2240,1920,50.09,50.417,50.569,0.221,1,49.971,50.432,50.825,0.293,1,1.1667,20,32.788,31.882,32.914,0.01,-0.066,-0.067,0.01,0.01,1,0,
209,1790093288124622080,20.9,20,20,2240,1920,50.09,50.417,50.569,0.229,1,49.971,50.432,50.825,0.298,1,1.1667,20,32.808,31.882,32.914,0.01,-0.066,-0.047,0.01,0.01,1,0,
210,1790093288224622080,21.0,20,20,2240,1920,50.09,50.321,50.569,0.246,1,49.971,50.37,50.825,0.282,1,1.1667,20,32.818,31.882,32.914,-0.085,-0.128,-0.036,-0.085,-0.085,1,0,
211,1790093288324622080,21.1,20,20,2240,1920,50.09,50.321,50.569,0.256,1,50.057,50.37,50.825,0.292,1,1.1667,20,32.818,31.882,32.914,-0.085,-0.128,-0.036,-0.085,-0.085,1,0,
212,1790093288424622080,21.2,20,20,2240,1920,50.039,50.321,50.569,0.263,1,50.031,50.37,50.825,0.289,1,1.1667,20,32.775,31.882,32.914,-0.085,-0.128,-0.08,-0.085,-0.085,1,0,
213,1790093288524622080,21.3,20,20,2240,1920,50.008,50.321,50.569,0.232,1,50.031,50.37,50.825,0.259,1,1.1667,20,32.777,31.882,32.914,-0.085,-0.128,-0.078,-0.085,-0.085,1,0,
214,1790093288624622080,21.4,20,20,2240,1920,50.096,50.51,50.576,0.241,1,50.006,50.37,50.825,0.29,1,1.1667,20,32.775,31.758,32.914,0.104,-0.128,-0.08,0.104,0.104,1,0,
215,1790093288724622080,21.5,20,20,2240,1920,50.008,50.341,50.576,0.252,1,50.031,50.432,51.687,0.375,1,1.1667,20,32.775,31.758,32.957,-0.066,-0.066,-0.08,-0.066,-0.066,1,0,
216,1790093288824622080,21.6,20,20,2240,1920,50.096,50.366,50.576,0.263,1,50.057,50.432,51.687,0.402,1,1.1667,20,32.775,31.758,32.957,-0.04,-0.066,-0.08,-0.04,-0.04,1,0,
217,1790093288924622080,21.7,20,20,2240,1920,49.997,50.341,50.576,0.234,1,50.006,50.429,51.687,0.348,1,1.1667,20,32.795,31.758,32.957,-0.066,-0.069,-0.06,-0.066,-0.066,1,0,
218,1790093289024622080,21.8,20,20,2240,1920,49.997,50.341,50.576,0.215,1,50.031,50.392,51.687,0.326,1,1.1667,20,32.819,31.758,32.957,-0.066,-0.106,-0.036,-0.066,-0.066,1,0,
219,1790093289124622080,21.9,20,20,2240,1920,50.096,50.341,50.576,0.2,1,50.031,50.392,51.687,0.33,1,1.1667,20,32.822,31.758,32.957,-0.066,-0.106,-0.033,-0.066,-0.066,1,0,
220,1790093289224622080,22.0,20,20,2240,1920,50.091,50.341,50.576,0.21,1,50.031,50.392,51.687,0.305,1,1.1667,20,32.804,31.758,32.957,-0.066,-0.106,-0.05,-0.066,-0.066,1,0,
221,1790093289324622080,22.1,20,20,2240,1920,50.096,50.341,50.576,0.199,1,50.022,50.392,51.687,0.302,1,1.1667,20,32.833,31.758,32.957,-0.066,-0.106,-0.022,-0.066,-0.066,1,0,
222,1790093289424622080,22.2,20,20,2240,1920,50.096,50.363,50.576,0.221,1,49.998,50.429,51.687,0.329,1,1.1667,20,32.867,31.758,32.957,-0.044,-0.069,0.013,-0.044,-0.044,1,0,
223,1790093289524622080,22.3,20,20,2240,1920,50.139,50.366,50.655,0.247,1,50.022,50.454,51.687,0.323,1,1.1667,20,32.874,31.758,32.957,-0.04,-0.044,0.019,-0.04,-0.04,1,0,
224,1790093289624622080,22.4,20,20,2240,1920,50.091,50.363,50.655,0.241,1,50.022,50.429,50.668,0.275,1,1.1667,20,32.877,32.702,32.957,-0.044,-0.069,0.022,-0.044,-0.044,1,0,
225,1790093289724622080,22.5,20,20,2240,1920,50.091,50.303,50.655,0.21,1,50.022,50.392,50.668,0.222,1,1.1667,20,32.874,32.702,32.945,-0.103,-0.106,0.019,-0.103,-0.103,1,0,
226,1790093289824622080,22.6,20,20,2240,1920,50.097,50.303,50.655,0.215,1,50.022,50.336,50.668,0.221,1,1.1667,20,32.874,32.737,32.945,-0.103,-0.162,0.019,-0.103,-0.103,1,0,
227,1790093289924622080,22.7,20,20,2240,1920,50.036,50.303,50.655,0.229,1,49.99,50.336,50.668,0.26,1,1.1667,20,32.865,31.874,32.945,-0.103,-0.162,0.011,-0.103,-0.103,1,0,
228,1790093290024622080,22.8,20,20,2240,1920,50.097,50.303,50.655,0.226,1,50.022,50.563,50.668,0.31,1,1.1667,20,32.841,31.874,32.945,-0.103,0.065,-0.013,0.065,0.065,1,0,
229,1790093290124622080,22.9,20,20,2240,1920,49.989,50.303,50.655,0.232,1,49.99,50.563,50.668,0.295,1,1.1667,20,32.831,31.874,32.945,-0.103,0.065,-0.024,0.065,0.065,1,0,
230,1790093290224622080,23.0,20,20,2240,1920,50.036,50.363,51.235,0.278,1,50.022,50.608,51.33,0.362,1,1.1667,20,32.831,31.874,32.939,-0.044,0.11,-0.024,0.11,0.11,1,0,
231,1790093290324622080,23.1,20,20,2240,1920,49.989,50.303,51.235,0.267,1,50.038,50.608,51.33,0.365,1,1.1667,20,32.847,31.874,32.942,-0.103,0.11,-0.007,0.11,0.11,1,0,
232,1790093290424622080,23.2,20,20,2240,1920,49.989,50.303,51.235,0.279,1,49.99,50.608,51.33,0.369,1,1.1667,20,32.831,31.874,32.942,-0.103,0.11,-0.024,0.11,0.11,1,0,
233,1790093290524622080,23.3,20,20,2240,1920,49.989,50.343,51.235,0.266,1,49.99,50.57,51.33,0.35,1,1.1667,20,32.814,31.874,32.942,-0.063,0.072,-0.04,0.072,0.072,1,0,
234,1790093290624622080,23.4,20,20,2240,1920,49.946,50.343,51.235,0.269,1,49.99,50.57,51.33,0.36,1,1.1667,20,32.812,31.874,32.942,-0.063,0.072,-0.043,0.072,0.072,1,0,
235,1790093290724622080,23.5,20,20,2240,1920,49.946,50.393,51.235,0.285,1,49.948,50.57,51.33,0.364,1,1.1667,20,32.803,31.874,32.942,-0.013,0.072,-0.052,0.072,0.072,1,0,
236,1790093290824622080,23.6,20,20,2240,1920,49.96,50.393,51.235,0.282,1,50.06,50.57,51.33,0.379,1,1.1667,20,32.812,31.874,32.942,-0.013,0.072,-0.043,0.072,0.072,1,0,
237,1790093290924622080,23.7,20,20,2240,1920,49.991,50.421,51.235,0.293,1,50.083,50.563,51.33,0.329,1,1.1667,20,32.847,32.522,32.963,0.015,0.065,-0.007,0.065,0.065,1,0,
238,1790093291024622080,23.8,20,20,2240,1920,49.991,50.704,51.235,0.346,1,49.952,50.473,51.33,0.325,1,1.1667,20,32.829,32.446,32.963,0.298,-0.025,-0.026,0.298,0.298,1,0,
239,1790093291124622080,23.9,20,20,2240,1920,49.946,50.421,50.825,0.316,1,50.06,50.57,51.33,0.348,1,1.1667,20,32.812,32.446,32.963,0.015,0.072,-0.043,0.072,0.072,1,0,
240,1790093291224622080,24.0,20,20,2240,1920,49.991,50.421,50.825,0.318,1,49.958,50.473,50.711,0.327,1,1.1667,20,32.809,32.446,32.963,0.015,-0.025,-0.045,0.015,0.015,1,0,
241,1790093291324622080,24.1,20,20,2240,1920,50.048,50.421,50.825,0.302,1,50.083,50.473,50.711,0.308,1,1.1667,20,32.804,32.446,32.963,0.015,-0.025,-0.051,0.015,0.015,1,0,
242,1790093291424622080,24.2,20,20,2240,1920,50.063,50.393,50.825,0.279,1,50.071,50.418,50.711,0.272,1,1.1667,20,32.803,32.446,32.963,-0.013,-0.08,-0.051,-0.013,-0.013,1,0,
243,1790093291524622080,24.3,20,20,2240,1920,50.063,50.421,50.825,0.315,1,50.083,50.473,50.711,0.294,1,1.1667,20,32.803,32.446,32.963,0.015,-0.025,-0.051,0.015,0.015,1,0,
244,1790093291624622080,24.4,20,20,2240,1920,50.189,50.421,50.825,0.284,1,50.083,50.473,50.711,0.331,1,1.1667,20,32.803,32.39,32.963,0.015,-0.025,-0.051,0.015,0.015,1,0,
245,1790093291724622080,24.5,20,20,2240,1920,50.189,50.443,50.825,0.306,1,50.083,50.602,50.819,0.361,1,1.1667,20,32.8,31.645,32.963,0.037,0.104,-0.055,0.104,0.104,1,0,
246,1790093291824622080,24.6,20,20,2240,1920,50.182,50.443,50.825,0.305,1,50.071,50.622,50.819,0.407,1,1.1667,20,32.791,31.645,32.963,0.037,0.124,-0.064,0.124,0.124,1,0,
247,1790093291924622080,24.7,20,20,2240,1920,50.189,50.443,50.825,0.283,1,50.071,50.622,50.819,0.408,1,1.1667,20,32.764,31.645,32.906,0.037,0.124,-0.091,0.124,0.124,1,0,
248,1790093292024622080,24.8,20,20,2240,1920,50.182,50.442,50.483,0.262,1,49.971,50.602,50.819,0.374,1,1.1667,20,32.74,31.645,32.906,0.036,0.104,-0.115,0.104,0.104,1,0,
249,1790093292124622080,24.9,20,20,2240,1920,50.182,50.442,50.483,0.247,1,50.071,50.609,50.819,0.386,1,1.1667,20,32.74,31.645,32.899,0.036,0.111,-0.115,0.111,0.111,1,0,
250,1790093292224622080,25.0,20,20,2240,1920,50.182,50.442,50.483,0.253,1,50.071,50.609,50.819,0.385,1,1.1667,20,32.764,31.645,32.903,0.036,0.111,-0.091,0.111,0.111,1,0,
251,1790093292324622080,25.1,20,20,2240,1920,50.169,50.442,50.483,0.232,1,50.129,50.609,50.819,0.373,1,1.1667,20,32.734,31.645,32.903,0.036,0.111,-0.12,0.111,0.111,1,0,
252,1790093292424622080,25.2,20,20,2240,1920,50.102,50.413,50.483,0.244,1,50.129,50.609,50.819,0.398,1,1.1667,20,32.74,31.645,32.903,0.006,0.111,-0.115,0.111,0.111,1,0,
253,1790093292524622080,25.3,20,20,2240,1920,50.102,50.413,50.483,0.216,1,50.129,50.609,50.819,0.348,1,1.1667,20,32.787,31.645,32.903,0.006,0.111,-0.068,0.111,0.111,1,0,
254,1790093292624622080,25.4,20,20,2240,1920,50.076,50.413,50.483,0.214,1,50.16,50.609,50.819,0.31,1,1.1667,20,32.855,31.645,32.932,0.006,0.111,-0.0,0.111,0.111,1,0,
255,1790093292724622080,25.5,20,20,2240,1920,50.076,50.286,50.442,0.205,1,50.129,50.253,50.609,0.26,1,1.1667,20,32.876,31.984,32.932,-0.121,-0.245,0.022,-0.121,-0.121,1,0,
256,1790093292824622080,25.6,20,20,2240,1920,50.102,50.413,50.452,0.224,1,50.129,50.253,50.609,0.242,1,1.1667,20,32.876,31.984,32.932,0.006,-0.245,0.022,0.006,0.006,1,0,
257,1790093292924622080,25.7,20,20,2240,1920,50.132,50.413,52.6,0.338,1,50.166,50.372,50.609,0.225,1,1.1667,20,32.878,31.984,32.932,0.006,-0.126,0.023,0.006,0.006,1,0,
258,1790093293024622080,25.8,20,20,2240,1920,50.169,50.452,61.334,0.932,1,50.166,50.372,52.552,0.375,1,1.1667,20,32.878,32.619,32.932,0.046,-0.126,0.023,0.046,0.046,1,0,
259,1790093293124622080,25.9,20,20,2240,1920,50.132,50.452,61.334,1.518,1,50.166,50.457,61.344,1.228,1,1.1667,20,32.876,32.619,32.932,0.046,-0.041,0.022,0.046,0.046,1,0,
260,1790093293224622080,26.0,19,20,2128,1920,50.104,51.582,61.334,1.666,1,50.166,51.824,61.344,1.604,1,1.1083,20,32.87,32.619,32.935,1.176,1.326,0.015,1.326,1.326,1,0,
261,1790093293324622080,26.1,19,20,2128,1920,50.152,52.6,84.789,5.039,1,50.16,52.552,84.41,4.8,1,1.1083,20,32.87,32.556,32.935,2.194,2.054,0.015,2.194,2.194,1,0,
262,1790093293424622080,26.2,19,20,2128,1920,50.211,61.334,84.789,7.331,1,50.166,61.344,84.41,6.964,1,1.1083,20,32.853,32.556,32.935,10.928,10.846,-0.001,10.928,10.928,1,0,
263,1790093293524622080,26.3,20,20,2240,1920,50.25,67.255,84.789,9.48,1,50.166,67.32,84.41,9.304,1,1.1667,20,32.846,32.556,32.935,16.849,16.822,-0.009,16.849,16.849,1,0,
264,1790093293624622080,26.4,20,20,2240,1920,50.272,67.255,84.789,9.87,1,50.251,67.32,84.41,9.644,1,1.1667,20,32.815,32.393,32.935,16.849,16.822,-0.039,16.849,16.849,1,0,
265,1790093293724622080,26.5,20,20,2240,1920,50.452,67.255,84.789,11.162,1,50.457,67.32,84.41,10.393,1,1.1667,20,32.828,32.393,32.935,16.849,16.822,-0.026,16.849,16.849,1,0,
266,1790093293824622080,26.6,20,19,2240,1824,51.582,73.637,90.113,15.09,1,51.038,67.32,84.41,11.838,1,1.2281,19,32.816,32.393,32.935,23.231,16.822,-0.039,23.231,23.231,1,1,1790093293871298234
267,1790093293924622080,26.7,19,20,2128,1920,52.078,73.637,90.113,16.609,1,51.824,73.737,90.202,15.926,1,1.1083,20,32.815,32.393,32.935,23.231,23.239,-0.039,23.239,23.239,1,1,
268,1790093294024622080,26.8,20,20,2240,1920,48.862,73.637,90.113,15.771,1,48.032,73.737,90.202,15.84,1,1.1667,20,32.815,32.066,32.935,23.231,23.239,-0.04,23.239,23.239,1,1,
269,1790093294124622080,26.9,20,20,2240,1920,49.408,73.637,90.113,15.675,1,51.824,73.737,90.202,15.529,1,1.1667,20,32.785,32.062,32.935,23.231,23.239,-0.069,23.239,23.239,1,1,
270,1790093294224622080,27.0,20,20,2240,1920,49.408,67.393,90.113,13.86,1,49.404,67.471,90.202,14.015,1,1.1667,20,32.785,32.062,32.898,16.986,16.973,-0.069,16.986,16.986,1,1,
271,1790093294324622080,27.1,21,20,2352,1920,49.135,69.683,90.113,13.119,1,49.404,69.541,90.202,13.27,1,1.225,20,32.785,32.062,32.898,19.277,19.043,-0.069,19.277,19.277,1,1,
272,1790093294424622080,27.2,20,20,2240,1920,49.408,67.393,90.113,11.418,1,49.404,67.471,90.202,11.571,1,1.1667,20,32.811,32.062,32.898,16.986,16.973,-0.044,16.986,16.986,1,1,
273,1790093294524622080,27.3,19,20,2128,1920,51.189,67.393,90.113,11.427,1,52.192,67.471,90.202,10.956,1,1.1083,20,32.811,32.062,32.898,16.986,16.973,-0.044,16.986,16.986,1,1,
274,1790093294624622080,27.4,20,20,2240,1920,50.3,67.393,90.113,13.209,1,50.441,67.471,90.202,13.295,1,1.1667,20,32.814,32.062,32.898,16.986,16.973,-0.041,16.986,16.986,1,1,
275,1790093294724622080,27.5,19,20,2128,1920,51.132,64.51,69.683,11.218,1,51.167,67.471,90.202,12.691,1,1.1083,20,32.78,31.684,32.898,14.104,16.973,-0.075,16.973,16.973,1,1,
276,1790093294824622080,27.6,19,21,2128,2016,49.854,63.379,69.683,9.336,1,49.923,64.108,69.541,11.032,1,1.0556,21,32.759,31.684,32.898,12.973,13.61,-0.096,13.61,13.61,1,1,
277,1790093294924622080,27.7,22,20,2464,1920,49.408,64.51,82.488,12.901,2,50.441,64.108,82.636,11.445,1,1.2833,20,32.758,31.684,32.898,14.104,13.61,-0.097,14.104,14.104,1,1,
278,1790093295024622080,27.8,22,20,2464,1920,50.3,64.51,82.488,13.521,2,51.167,64.108,82.636,12.008,1,1.2833,20,32.759,31.684,94.453,14.104,13.61,-0.096,14.104,14.104,1,1,
279,1790093295124622080,27.9,22,20,2464,1920,50.3,64.51,82.488,14.129,2,50.441,64.108,82.636,12.272,1,1.2833,20,32.809,31.684,94.453,14.104,13.61,-0.046,14.104,14.104,1,1,
280,1790093295224622080,28.0,21,19,2352,1824,46.888,63.379,82.488,14.043,2,49.092,64.108,101.724,14.742,1,1.2895,19,32.821,31.684,134.482,12.973,13.61,-0.034,13.61,13.61,1,1,
281,1790093295324622080,28.1,22,20,2464,1920,51.963,63.379,82.488,14.109,2,47.017,64.108,101.724,13.891,1,1.2833,20,32.876,31.684,134.482,12.973,13.61,0.022,13.61,13.61,1,1,
282,1790093295424622080,28.2,22,19,2464,1824,47.138,63.379,82.488,14.325,2,46.929,82.636,101.724,16.046,1,1.3509,19,32.886,31.684,146.482,12.973,32.138,0.031,32.138,32.138,1,1,
283,1790093295524622080,28.3,21,19,2352,1824,46.095,61.884,82.488,13.659,2,46.757,82.636,101.724,15.776,1,1.2895,19,36.255,31.684,146.482,11.478,32.138,3.4,32.138,32.138,1,1,
284,1790093295624622080,28.4,21,18,2352,1728,46.095,61.884,108.594,16.499,2,46.673,85.288,101.724,15.352,1,1.3611,18,87.165,31.684,170.105,11.478,34.79,54.31,34.79,34.79,1,1,
285,1790093295724622080,28.5,23,18,2576,1728,44.449,63.385,108.594,18.291,2,42.13,87.051,124.117,22.121,2,1.4907,18,105.088,31.72,232.694,12.979,36.553,72.233,36.553,36.553,1,1,
286,1790093295824622080,28.6,23,18,2576,1728,44.449,63.385,108.594,18.437,2,42.686,87.051,124.117,19.435,2,1.4907,18,119.793,32.758,232.694,12.979,36.553,86.938,36.553,36.553,1,1,
287,1790093295924622080,28.7,20,18,2240,1728,47.138,63.385,108.594,17.428,2,42.686,101.724,126.517,25.469,2,1.2963,18,130.512,36.255,254.887,12.979,51.226,97.658,51.226,51.226,1,1,
288,1790093296024622080,28.8,22,17,2464,1632,45.554,75.163,108.594,19.304,2,42.408,124.117,126.517,28.18,2,1.5098,17,146.482,72.063,275.097,24.757,73.619,113.628,73.619,73.619,1,1,
289,1790093296124622080,28.9,21,18,2352,1728,47.528,75.163,108.594,19.948,2,42.666,87.051,126.517,27.596,2,1.3611,18,160.452,95.174,299.327,24.757,36.553,127.598,36.553,36.553,1,1,
290,1790093296224622080,29.0,21,18,2352,1728,47.528,75.163,108.594,21.9,2,42.666,87.051,126.517,27.657,2,1.3611,18,168.439,95.174,299.327,24.757,36.553,135.584,36.553,36.553,1,1,
291,1790093296324622080,29.1,21,18,2352,1728,49.701,75.163,108.594,21.384,2,43.458,87.051,126.517,30.065,2,1.3611,18,216.846,95.174,299.327,24.757,36.553,183.991,36.553,36.553,1,1,
292,1790093296424622080,29.2,22,18,2464,1728,49.503,75.163,108.594,21.927,2,42.686,85.858,126.517,27.449,2,1.4259,18,236.671,124.107,299.327,24.757,35.36,203.817,35.36,35.36,1,1,
293,1790093296524622080,29.3,22,19,2464,1824,41.591,75.1,84.368,19.882,2,42.676,85.858,126.517,27.896,2,1.3509,19,240.649,124.107,299.327,24.693,35.36,207.794,35.36,35.36,1,1,
294,1790093296624622080,29.4,23,19,2576,1824,45.547,75.1,84.368,18.743,1,42.676,83.951,126.517,25.563,2,1.4123,19,244.283,124.107,299.327,24.693,33.453,211.429,33.453,33.453,1,1,
295,1790093296724622080,29.5,21,19,2352,1824,50.02,75.1,84.368,17.307,1,43.436,83.951,126.517,25.316,2,1.2895,19,254.887,146.846,299.327,24.693,33.453,222.033,33.453,33.453,1,1,
296,1790093296824622080,29.6,21,18,2352,1728,50.02,75.1,99.82,19.872,2,43.415,83.951,87.004,24.478,2,1.3611,18,255.916,200.998,344.111,24.693,33.453,223.061,33.453,33.453,1,1,
297,1790093296924622080,29.7,22,17,2464,1632,49.9,75.1,99.82,21.924,2,43.744,87.004,122.255,25.705,2,1.5098,17,275.097,200.998,430.369,24.693,36.506,242.242,36.506,36.506,1,1,
298,1790093297024622080,29.8,21,16,2352,1536,50.02,97.482,99.82,25.186,2,43.415,87.004,122.255,24.924,2,1.5312,16,266.055,200.998,430.369,47.076,36.506,233.2,47.076,47.076,1,1,
299,1790093297124622080,29.9,22,17,2464,1632,49.9,97.482,99.82,22.965,2,61.198,122.255,125.44,33.271,2,1.5098,17,285.403,200.998,502.734,47.076,71.757,252.548,71.757,71.757,1,1,
300,1790093297224622080,30.0,22,18,2464,1728,49.9,97.482,99.82,20.873,2,44.073,87.004,125.44,29.264,2,1.4259,18,291.19,221.673,502.734,47.076,36.506,258.335,47.076,47.076,1,1,
301,1790093297324622080,30.1,21,17,2352,1632,47.968,97.482,99.82,21.259,2,63.148,122.255,125.44,32.58,2,1.4412,17,344.111,221.673,502.734,47.076,71.757,311.256,71.757,71.757,1,1,
302,1790093297424622080,30.2,18,17,2016,1632,50.14,97.482,99.82,22.323,2,46.098,122.255,125.44,30.884,2,1.2353,17,407.224,223.249,502.734,47.076,71.757,374.369,71.757,71.757,1,1,
303,1790093297524622080,30.3,20,15,2240,1440,48.69,98.985,238.355,36.752,4,46.098,122.255,125.44,29.348,2,1.5556,15,430.369,233.887,502.734,48.579,71.757,397.514,71.757,71.757,1,1,
304,1790093297624622080,30.4,19,13,2128,1248,46.558,98.985,238.355,36.961,4,46.098,122.255,125.44,30.909,2,1.7051,13,439.042,290.278,502.734,48.579,71.757,406.187,71.757,71.757,1,1,
305,1790093297724622080,30.5,20,13,2240,1248,45.87,97.482,238.355,33.648,4,46.098,125.44,280.881,47.339,2,1.7949,13,451.405,344.111,673.42,47.076,74.942,418.55,74.942,74.942,1,1,
306,1790093297824622080,30.6,21,15,2352,1440,44.331,97.482,238.355,29.766,4,44.283,125.44,280.881,41.264,2,1.6333,15,462.373,393.826,707.344,47.076,74.942,429.518,74.942,74.942,1,1,
307,1790093297924622080,30.7,21,16,2352,1536,44.331,83.347,238.355,29.06,4,42.703,87.822,280.881,33.414,2,1.5312,16,502.177,393.826,707.344,32.941,37.324,469.322,37.324,37.324,1,1,
308,1790093298024622080,30.8,19,17,2128,1632,43.811,71.545,238.355,24.971,4,43.464,87.822,280.881,33.852,2,1.3039,17,501.619,393.826,707.344,21.139,37.324,468.764,37.324,37.324,1,1,
309,1790093298124622080,30.9,19,14,2128,1344,43.811,73.519,238.355,26.334,4,44.342,87.822,280.881,35.109,2,1.5833,14,603.988,393.826,707.344,23.112,37.324,571.134,37.324,37.324,1,1,
310,1790093298224622080,31.0,20,14,2240,1344,42.997,73.519,238.355,25.304,4,44.224,87.822,280.881,35.613,2,1.6667,14,645.901,407.224,707.344,23.112,37.324,613.046,37.324,37.324,1,1,
311,1790093298324622080,31.1,20,14,2240,1344,42.997,71.545,83.347,15.408,4,44.342,87.822,280.881,38.603,2,1.6667,14,652.081,407.224,739.292,21.139,37.324,619.226,37.324,37.324,1,1,
312,1790093298424622080,31.2,23,13,2576,1248,43.285,71.545,83.347,14.741,4,43.523,87.213,87.822,22.314,2,2.0641,13,659.083,487.48,745.223,21.139,36.715,626.228,36.715,36.715,1,1,
313,1790093298524622080,31.3,21,15,2352,1440,43.811,73.519,93.538,14.314,2,43.523,87.822,123.541,24.928,2,1.6333,15,666.768,487.48,825.191,23.112,37.324,633.913,37.324,37.324,1,1,
314,1790093298624622080,31.4,20,16,2240,1536,45.591,73.519,93.538,15.725,2,44.173,87.822,123.541,23.267,2,1.4583,16,670.094,487.48,825.191,23.112,37.324,637.239,37.324,37.324,1,1,
315,1790093298724622080,31.5,20,15,2240,1440,45.591,73.519,93.538,14.572,2,63.647,123.541,166.533,33.368,2,1.5556,15,698.791,487.48,929.377,23.112,73.043,665.936,73.043,73.043,1,1,
316,1790093298824622080,31.6,20,16,2240,1536,50.34,73.519,93.538,17.435,2,43.917,123.541,166.533,28.513,2,1.4583,16,723.318,487.48,929.377,23.112,73.043,690.463,73.043,73.043,1,1,
317,1790093298924622080,31.7,21,15,2352,1440,50.569,73.519,93.538,16.501,2,47.218,123.541,166.533,30.565,2,1.6333,15,805.294,487.48,949.119,23.112,73.043,772.439,73.043,73.043,1,1,
318,1790093299024622080,31.8,20,16,2240,1536,50.798,68.767,93.538,16.547,2,43.917,123.541,166.533,25.963,2,1.4583,16,845.485,574.676,949.119,18.36,73.043,812.63,73.043,73.043,1,1,
319,1790093299124622080,31.9,20,16,2240,1536,52.994,68.767,93.538,16.919,2,43.917,123.541,166.533,25.682,2,1.4583,16,866.809,659.083,949.119,18.36,73.043,833.954,73.043,73.043,1,1,
320,1790093299224622080,32.0,19,16,2128,1536,55.249,68.767,93.538,16.487,2,43.917,123.541,166.533,28.516,2,1.3854,16,880.743,739.292,956.571,18.36,73.043,847.888,73.043,73.043,1,1,
321,1790093299324622080,32.1,20,17,2240,1632,52.994,68.767,93.538,16.605,2,44.045,123.541,166.533,28.877,2,1.3725,17,900.388,745.223,956.571,18.36,73.043,867.534,73.043,73.043,1,1,
322,1790093299424622080,32.2,21,18,2352,1728,54.541,74.916,93.538,19.003,2,43.029,82.867,166.533,22.666,2,1.3611,18,903.473,795.953,956.571,24.51,32.369,870.618,32.369,32.369,1,1,
323,1790093299524622080,32.3,20,18,2240,1728,52.994,73.135,78.45,16.973,2,43.029,82.867,166.533,24.902,2,1.2963,18,910.34,805.294,956.571,22.729,32.369,877.485,32.369,32.369,1,1,
324,1790093299624622080,32.4,21,20,2352,1920,51.425,73.135,78.45,17.265,2,42.376,82.624,88.062,16.09,2,1.225,20,910.151,860.269,956.571,22.729,32.126,877.297,32.126,32.126,1,1,
325,1790093299724622080,32.5,21,21,2352,2016,51.408,73.135,78.45,16.053,2,41.81,82.624,88.062,15.371,2,1.1667,21,907.481,844.285,956.571,22.729,32.126,874.626,32.126,32.126,1,1,
326,1790093299824622080,32.6,22,20,2464,1920,48.24,73.135,101.73,18.694,2,41.865,82.624,88.062,17.784,2,1.2833,20,907.348,844.285,956.571,22.729,32.126,874.493,32.126,32.126,1,1,
327,1790093299924622080,32.7,19,22,2128,2112,47.502,73.135,101.73,17.052,2,41.865,82.616,88.062,17.98,2,1.0076,22,907.348,844.285,956.571,22.729,32.118,874.493,32.118,32.118,1,1,
328,1790093300024622080,32.8,21,19,2352,1824,46.59,73.135,101.73,16.503,2,42.12,82.616,88.062,18.509,2,1.2895,19,907.481,844.285,956.571,22.729,32.118,874.626,32.118,32.118,1,1,
329,1790093300124622080,32.9,20,21,2240,2016,48.24,73.135,101.73,17.174,2,42.12,80.195,82.624,14.561,2,1.1111,21,907.214,844.285,956.571,22.729,29.697,874.359,29.697,29.697,1,1,
330,1790093300224622080,33.0,20,20,2240,1920,48.24,73.135,101.73,18.088,2,41.865,80.195,82.624,11.314,2,1.1667,20,906.195,844.285,942.878,22.729,29.697,873.341,29.697,29.697,1,1,
331,1790093300324622080,33.1,20,20,2240,1920,48.24,70.748,101.73,18.061,2,42.745,82.616,83.235,13.409,2,1.1667,20,899.199,844.285,942.878,20.342,32.118,866.345,32.118,32.118,1,1,
332,1790093300424622080,33.2,20,20,2240,1920,48.24,70.748,101.73,16.254,2,42.745,82.616,89.119,13.739,2,1.1667,20,902.304,844.285,942.878,20.342,32.118,869.449,32.118,32.118,1,1,
333,1790093300524622080,33.3,20,19,2240,1824,48.24,70.748,102.971,19.053,2,42.685,82.616,89.119,14.706,2,1.2281,19,901.601,844.285,933.556,20.342,32.118,868.747,32.118,32.118,1,1,
334,1790093300624622080,33.4,20,19,2240,1824,48.484,73.169,102.971,22.106,2,42.973,83.235,129.105,21.59,2,1.2281,19,901.601,844.285,1002.65,22.762,32.737,868.747,32.737,32.737,1,1,
335,1790093300724622080,33.5,21,19,2352,1824,47.45,100.658,102.971,25.729,2,42.973,83.335,129.105,23.805,2,1.2895,19,905.177,867.748,1002.65,50.252,32.837,872.322,50.252,50.252,1,1,
336,1790093300824622080,33.6,22,18,2464,1728,46.417,73.169,102.971,23.294,2,42.758,83.335,129.105,25.071,2,1.4259,18,904.092,867.748,1002.65,22.762,32.837,871.237,32.837,32.837,1,1,
337,1790093300924622080,33.7,20,19,2240,1824,46.417,73.169,102.971,22.018,2,42.685,89.119,129.105,24.625,2,1.2281,19,918.99,871.88,1014.023,22.762,38.621,886.135,38.621,38.621,1,1,
338,1790093301024622080,33.8,20,19,2240,1824,48.484,73.169,102.971,22.741,2,42.685,89.119,129.105,24.641,2,1.2281,19,933.556,871.88,1014.023,22.762,38.621,900.702,38.621,38.621,1,1,
339,1790093301124622080,33.9,21,18,2352,1728,45.565,73.169,102.971,23.219,2,42.758,89.119,129.105,28.34,2,1.3611,18,944.976,871.88,1014.023,22.762,38.621,912.121,38.621,38.621,1,1,
340,1790093301224622080,34.0,20,20,2240,1920,46.1,75.884,102.971,24.292,2,42.758,89.119,129.105,27.756,2,1.1667,20,951.11,871.88,1014.023,25.478,38.621,918.256,38.621,38.621,1,1,
341,1790093301324622080,34.1,20,18,2240,1728,46.1,75.884,102.971,23.6,2,43.476,89.119,129.105,30.971,2,1.2963,18,959.614,885.6,1014.023,25.478,38.621,926.759,38.621,38.621,1,1,
342,1790093301424622080,34.2,20,17,2240,1632,46.604,73.169,100.658,20.988,2,43.536,129.105,165.385,37.329,2,1.3725,17,968.026,885.6,1052.903,22.762,78.607,935.172,78.607,78.607,1,1,
343,1790093301524622080,34.3,20,17,2240,1632,46.1,71.277,100.658,17.722,2,43.536,128.437,165.385,34.053,2,1.3725,17,977.651,885.6,1090.506,20.871,77.939,944.796,77.939,77.939,1,1,
344,1790093301624622080,34.4,20,17,2240,1632,46.1,75.884,100.658,17.749,2,43.536,128.437,165.385,31.773,2,1.3725,17,978.253,885.6,1114.879,25.478,77.939,945.398,77.939,77.939,1,1,
345,1790093301724622080,34.5,21,16,2352,1536,44.376,71.277,85.719,14.676,2,43.596,87.121,165.385,27.947,2,1.5312,16,990.188,937.309,1126.597,20.871,36.623,957.334,36.623,36.623,1,1,
346,1790093301824622080,34.6,20,18,2240,1728,45.029,71.277,85.719,13.343,1,43.476,84.887,165.385,24.93,2,1.2963,18,1008.073,937.309,1130.769,20.871,34.389,975.219,34.389,34.389,1,1,
347,1790093301924622080,34.7,20,17,2240,1632,43.722,71.277,85.719,12.879,1,44.074,87.121,165.385,23.924,2,1.3725,17,1072.301,943.505,1130.769,20.871,36.623,1039.446,36.623,36.623,1,1,
348,1790093302024622080,34.8,20,17,2240,1632,43.722,75.884,85.719,13.59,1,45.16,87.121,165.385,21.67,2,1.3725,17,1090.506,948.462,1130.769,25.478,36.623,1057.651,36.623,36.623,1,1,
349,1790093302124622080,34.9,21,17,2352,1632,45.443,75.884,85.719,12.126,1,45.16,87.121,165.385,21.747,2,1.4412,17,1102.144,948.462,1130.769,25.478,36.623,1069.289,36.623,36.623,1,1,
350,1790093302224622080,35.0,20,16,2240,1536,45.81,71.095,85.719,12.024,1,45.309,86.739,87.121,12.347,1,1.4583,16,1102.991,1052.903,1130.769,20.689,36.241,1070.137,36.241,36.241,1,1,
351,1790093302324622080,35.1,19,18,2128,1728,44.399,71.095,85.719,12.106,1,45.309,84.887,87.121,12.844,1,1.2315,18,1104.065,1052.903,1130.769,20.689,34.389,1071.211,34.389,34.389,1,1,
352,1790093302424622080,35.2,17,18,1904,1728,44.399,76.795,85.719,12.348,1,43.353,84.887,87.121,11.124,1,1.1019,18,1108.32,1072.301,1130.769,26.389,34.389,1075.466,34.389,34.389,1,1,
353,1790093302524622080,35.3,21,17,2352,1632,43.32,71.095,206.544,22.872,4,43.206,84.887,86.739,9.084,1,1.4412,17,1112.348,1072.301,1130.769,20.689,34.389,1079.494,34.389,34.389,1,1,
354,1790093302624622080,35.4,21,20,2352,1920,44.399,71.095,206.544,22.479,4,42.19,76.192,205.897,20.753,4,1.225,20,1115.22,1072.301,1263.667,20.689,25.694,1082.365,25.694,25.694,1,1,
355,1790093302724622080,35.5,21,20,2352,1920,43.997,76.795,206.544,24.297,4,42.748,76.192,205.897,20.673,4,1.225,20,1113.703,1072.301,1263.667,26.389,25.694,1080.849,26.389,26.389,1,1,
356,1790093302824622080,35.6,20,20,2240,1920,45.077,76.795,206.544,24.941,4,42.748,86.739,205.897,27.022,4,1.1667,20,1115.22,1072.718,1263.667,26.389,36.241,1082.365,36.241,36.241,1,1,
357,1790093302924622080,35.7,20,19,2240,1824,45.81,78.198,206.544,25.316,4,42.903,86.739,205.897,30.373,4,1.2281,19,1115.689,1072.718,1263.667,27.792,36.241,1082.834,36.241,36.241,1,1,
358,1790093303024622080,35.8,21,20,2352,1920,46.418,78.198,206.544,24.845,4,42.748,85.656,205.897,30.903,4,1.225,20,1121.488,1072.718,1263.667,27.792,35.158,1088.633,35.158,35.158,1,1,
359,1790093303124622080,35.9,21,20,2352,1920,45.955,81.34,206.544,27.586,4,42.748,85.656,205.897,30.812,4,1.225,20,1120.799,1072.718,1263.667,30.933,35.158,1087.944,35.158,35.158,1,1,
360,1790093303224622080,36.0,20,19,2240,1824,47.026,81.34,206.544,28.076,4,43.24,85.656,205.897,34.762,4,1.2281,19,1133.786,1072.718,1263.667,30.933,35.158,1100.932,35.158,35.158,1,1,
361,1790093303324622080,36.1,21,18,2352,1728,45.955,78.198,82.145,19.668,4,43.733,85.656,205.897,36.984,4,1.3611,18,1147.212,1072.718,1263.667,27.792,35.158,1114.358,35.158,35.158,1,1,
362,1790093303424622080,36.2,22,19,2464,1824,47.026,78.198,82.145,19.528,4,43.24,85.656,125.485,28.568,4,1.3509,19,1153.009,1072.718,1263.667,27.792,35.158,1120.154,35.158,35.158,1,1,
363,1790093303524622080,36.3,20,22,2240,2112,54.367,81.34,84.25,18.338,2,42.748,85.656,125.485,28.605,4,1.0606,22,1151.415,1072.718,1263.667,30.933,35.158,1118.561,35.158,35.158,1,1,
364,1790093303624622080,36.4,20,18,2240,1728,54.367,82.145,118.151,23.764,2,44.577,85.656,125.485,29.405,2,1.2963,18,1151.415,1072.718,1236.38,31.739,35.158,1118.561,35.158,35.158,1,1,
365,1790093303724622080,36.5,21,18,2352,1728,49.415,81.34,118.151,21.637,2,44.577,85.656,119.423,31.62,2,1.3611,18,1161.489,1080.703,1278.682,30.933,35.158,1128.634,35.158,35.158,1,1,
366,1790093303824622080,36.6,20,18,2240,1728,48.834,81.34,118.151,22.648,2,44.007,85.656,119.423,29.512,2,1.2963,18,1172.106,1080.703,1278.682,30.933,35.158,1139.251,35.158,35.158,1,1,
367,1790093303924622080,36.7,20,20,2240,1920,54.367,81.34,118.151,20.581,2,42.46,85.656,119.423,28.65,2,1.1667,20,1183.009,1080.703,1278.682,30.933,35.158,1150.154,35.158,35.158,1,1,
368,1790093304024622080,36.8,21,20,2352,1920,56.798,81.34,118.151,21.746,2,42.46,83.927,119.423,28.405,2,1.225,20,1190.855,1080.703,1278.682,30.933,33.429,1158.0,33.429,33.429,1,1,
369,1790093304124622080,36.9,19,18,2128,1728,56.798,65.457,118.151,20.926,2,42.195,83.864,119.423,26.857,2,1.2315,18,1202.959,1080.703,1278.682,15.05,33.366,1170.105,33.366,33.366,1,1,
370,1790093304224622080,37.0,20,18,2240,1728,48.834,84.25,126.732,26.88,2,42.195,83.864,119.423,24.631,2,1.2963,18,1202.959,1080.703,1278.682,33.843,33.366,1170.105,33.843,33.843,1,1,
371,1790093304324622080,37.1,20,20,2240,1920,48.834,84.25,126.732,26.292,2,42.022,83.864,119.423,25.973,2,1.1667,20,1204.798,1080.703,1278.682,33.843,33.366,1171.943,33.843,33.843,1,1,
372,1790093304424622080,37.2,21,20,2352,1920,47.025,87.12,126.732,27.559,2,42.244,83.864,119.423,25.787,2,1.225,20,1202.959,1080.703,1278.682,36.714,33.366,1170.105,36.714,36.714,1,1,
373,1790093304524622080,37.3,19,21,2128,2016,47.025,64.376,126.732,23.782,2,42.22,82.085,119.423,26.501,2,1.0556,21,1202.518,1080.703,1278.682,13.969,31.587,1169.663,31.587,31.587,1,1,
374,1790093304624622080,37.4,20,19,2240,1824,48.834,87.12,144.439,29.504,3,42.22,82.085,117.968,23.079,2,1.2281,19,1206.083,1174.595,1278.682,36.714,31.587,1173.228,36.714,36.714,1,1,
375,1790093304724622080,37.5,19,20,2128,1920,57.554,87.12,144.439,29.721,3,42.195,83.424,122.015,28.272,3,1.1083,20,1204.301,1166.592,1271.718,36.714,32.926,1171.446,36.714,36.714,1,1,
376,1790093304824622080,37.6,20,19,2240,1824,55.88,90.872,144.439,32.575,3,42.22,86.988,122.015,27.78,3,1.2281,19,1202.518,1135.429,1271.718,40.466,36.49,1169.663,40.466,40.466,1,1,
377,1790093304924622080,37.7,20,19,2240,1824,55.88,90.872,144.439,31.531,3,43.07,117.968,127.535,32.387,3,1.2281,19,1206.083,1135.429,1271.718,40.466,67.47,1173.228,67.47,67.47,1,1,
378,1790093305024622080,37.8,20,18,2240,1728,55.88,90.872,144.439,30.563,3,43.896,117.968,127.535,34.219,3,1.2963,18,1210.521,1135.429,1325.294,40.466,67.47,1177.666,67.47,67.47,1,1,
379,1790093305124622080,37.9,20,17,2240,1632,54.798,87.12,144.439,26.834,3,43.33,122.015,127.535,36.177,3,1.3725,17,1216.492,1135.429,1325.294,36.714,71.517,1183.637,71.517,71.517,1,1,
380,1790093305224622080,38.0,20,18,2240,1728,54.798,90.872,144.439,31.728,3,42.244,86.988,127.535,32.12,3,1.2963,18,1229.441,1135.429,1343.279,40.466,36.49,1196.587,40.466,40.466,1,1,
381,1790093305324622080,38.1,20,18,2240,1728,54.798,90.872,144.439,30.328,3,44.416,122.015,128.561,39.506,3,1.2963,18,1247.498,1135.429,1390.078,40.466,71.517,1214.643,71.517,71.517,1,1,
382,1790093305424622080,38.2,20,18,2240,1728,51.876,90.872,144.439,27.897,3,41.842,122.015,128.561,37.57,3,1.2963,18,1265.213,1135.429,1390.078,40.466,71.517,1232.358,71.517,71.517,1,1,
383,1790093305524622080,38.3,20,18,2240,1728,51.876,80.319,114.354,24.522,3,41.842,122.015,128.561,35.288,3,1.2963,18,1307.603,1135.429,1390.078,29.913,71.517,1274.748,71.517,71.517,1,1,
384,1790093305624622080,38.4,17,18,1904,1728,53.337,90.872,114.354,21.974,3,41.842,86.988,128.561,32.795,3,1.1019,18,1318.621,1135.429,1390.078,40.466,36.49,1285.766,40.466,40.466,1,1,
385,1790093305724622080,38.5,16,15,1792,1440,51.876,80.319,114.354,20.84,3,43.436,127.535,128.561,30.621,3,1.2444,15,1321.75,1135.429,1390.078,29.913,77.037,1288.895,77.037,77.037,1,1,
386,1790093305824622080,38.6,13,14,1456,1344,53.337,80.319,114.354,20.929,3,41.842,86.154,128.561,26.384,3,1.0833,14,1323.522,1233.106,1390.078,29.913,35.656,1290.667,35.656,35.656,1,1,
387,1790093305924622080,38.7,20,12,2240,1152,35.947,80.319,388.232,48.316,8,41.842,86.154,128.561,27.544,3,1.9444,12,1325.593,1233.106,1390.078,29.913,35.656,1292.739,35.656,35.656,1,1,
388,1790093306024622080,38.8,20,13,2240,1248,35.947,80.319,388.232,47.291,8,46.522,128.561,375.273,52.992,3,1.7949,13,1326.253,1233.106,1435.863,29.913,78.063,1293.398,78.063,78.063,1,1,
389,1790093306124622080,38.9,21,14,2352,1344,24.31,67.184,388.232,43.727,8,41.842,128.561,375.273,46.28,3,1.75,14,1346.637,1233.106,1476.339,16.777,78.063,1313.782,78.063,78.063,1,1,
390,1790093306224622080,39.0,20,14,2240,1344,35.947,80.319,388.232,47.025,8,41.528,86.154,375.273,46.106,3,1.6667,14,1372.478,1233.106,1476.339,29.913,35.656,1339.623,35.656,35.656,1,1,
391,1790093306324622080,39.1,21,13,2352,1248,24.31,89.751,388.232,47.84,8,44.771,127.88,375.273,53.387,2,1.8846,13,1416.588,1233.106,1476.339,39.345,77.382,1383.733,77.382,77.382,1,1,
392,1790093306424622080,39.2,19,12,2128,1152,6.373,89.751,388.232,47.651,8,42.057,127.88,375.273,53.871,2,1.8472,12,1426.226,1319.244,1476.339,39.345,77.382,1393.371,77.382,77.382,1,1,
393,1790093306524622080,39.3,21,12,2352,1152,0.061,89.751,193.657,33.162,8,42.057,127.88,375.273,58.008,2,2.0417,12,1430.59,1349.994,1476.339,39.345,77.382,1397.736,77.382,77.382,1,1,
394,1790093306624622080,39.4,24,11,2688,1056,12.672,89.751,193.657,32.902,8,41.481,84.863,127.88,30.488,2,2.5455,11,1435.863,1370.525,1476.339,39.345,34.365,1403.008,39.345,39.345,1,1,
395,1790093306724622080,39.5,25,17,2800,1632,20.911,89.751,193.657,33.11,8,40.692,127.88,211.081,37.485,3,1.7157,17,1442.789,1370.525,1476.339,39.345,77.382,1409.935,77.382,77.382,1,1,
396,1790093306824622080,39.6,27,18,3024,1728,30.962,85.713,193.657,33.901,8,40.905,84.863,211.081,35.413,3,1.75,18,1439.326,1370.525,1476.339,35.306,34.365,1406.471,35.306,35.306,1,1,
397,1790093306924622080,39.7,20,19,2240,1824,44.411,89.751,193.657,33.04,3,41.481,89.064,211.081,36.121,3,1.2281,19,1435.863,1370.525,1476.339,39.345,38.566,1403.008,39.345,39.345,1,1,
398,1790093307024622080,39.8,20,21,2240,2016,39.891,89.751,193.657,32.653,3,41.481,89.064,211.081,40.124,3,1.1111,21,1416.588,1082.841,1476.339,39.345,38.566,1383.733,39.345,39.345,1,1,
399,1790093307124622080,39.9,20,20,2240,1920,42.302,85.713,193.657,27.883,3,42.057,89.064,211.081,42.161,3,1.1667,20,1400.94,1082.841,1474.385,35.306,38.566,1368.085,38.566,38.566,1,1,
400,1790093307224622080,40.0,20,20,2240,1920,44.411,85.713,193.657,25.486,3,42.057,84.599,211.081,35.976,3,1.1667,20,1387.207,1082.841,1474.385,35.306,34.101,1354.352,35.306,35.306,1,1,
401,1790093307324622080,40.1,21,20,2352,1920,45.489,62.123,193.657,22.745,3,42.733,84.599,211.081,33.896,3,1.225,20,1382.081,1082.841,1467.252,11.717,34.101,1349.226,34.101,34.101,1,1,
402,1790093307424622080,40.2,21,20,2352,1920,47.0,59.371,85.713,13.848,3,42.733,84.599,211.081,33.9,3,1.225,20,1382.081,1082.841,1467.252,8.965,34.101,1349.226,34.101,34.101,1,1,
403,1790093307524622080,40.3,20,21,2240,2016,48.248,59.371,85.713,10.598,1,42.882,83.85,89.064,27.506,3,1.1111,21,1383.305,1082.841,1467.252,8.965,33.352,1350.451,33.352,33.352,1,1,
404,1790093307624622080,40.4,20,22,2240,2112,50.558,62.123,85.713,10.092,1,43.03,83.85,89.064,28.088,3,1.0606,22,1387.207,1082.841,1467.252,11.717,33.352,1354.352,33.352,33.352,1,1,
405,1790093307724622080,40.5,20,19,2240,1824,48.248,62.123,85.713,10.825,1,62.337,84.599,89.064,29.741,2,1.2281,19,1382.363,1082.841,1491.019,11.717,34.101,1349.508,34.101,34.101,1,1,
406,1790093307824622080,40.6,21,20,2352,1920,47.84,62.123,77.582,10.382,1,43.078,83.85,88.644,26.372,2,1.225,20,1386.454,1082.841,1491.019,11.717,33.352,1353.599,33.352,33.352,1,1,
407,1790093307924622080,40.7,21,20,2352,1920,50.072,64.692,86.29,13.766,1,43.078,83.85,88.644,26.313,2,1.225,20,1379.834,1082.841,1491.019,14.286,33.352,1346.98,33.352,33.352,1,1,
408,1790093308024622080,40.8,20,19,2240,1824,52.711,64.692,86.29,13.635,1,43.054,83.702,88.644,23.317,2,1.2281,19,1408.025,1248.175,1491.019,14.286,33.204,1375.17,33.204,33.204,1,1,
409,1790093308124622080,40.9,20,19,2240,1824,52.711,64.692,86.29,13.586,1,43.054,83.85,88.644,25.428,2,1.2281,19,1417.326,1296.614,1491.019,14.286,33.352,1384.471,33.352,33.352,1,1,
410,1790093308224622080,41.0,20,17,2240,1632,56.118,64.692,86.29,13.479,1,59.632,86.475,88.644,28.3,2,1.3725,17,1421.532,1298.433,1491.019,14.286,35.977,1388.677,35.977,35.977,1,1,
411,1790093308324622080,41.1,21,17,2352,1632,48.896,77.582,86.29,16.082,1,60.726,88.644,132.922,31.04,2,1.4412,17,1438.445,1298.433,1491.019,27.176,38.146,1405.59,38.146,38.146,1,1,
412,1790093308424622080,41.2,20,18,2240,1728,54.191,77.582,86.29,15.952,1,46.579,86.475,132.922,29.096,2,1.2963,18,1443.4,1298.433,1491.019,27.176,35.977,1410.545,35.977,35.977,1,1,
413,1790093308524622080,41.3,20,17,2240,1632,45.081,77.582,86.29,16.519,1,45.217,88.644,132.922,24.057,2,1.3725,17,1449.778,1298.433,1491.019,27.176,38.146,1416.923,38.146,38.146,1,1,
414,1790093308624622080,41.4,20,18,2240,1728,54.191,77.582,86.29,16.808,1,43.078,81.853,132.922,20.753,2,1.2963,18,1444.856,1298.433,1491.019,27.176,31.355,1412.001,31.355,31.355,1,1,
415,1790093308724622080,41.5,20,17,2240,1632,45.654,77.582,86.29,16.531,1,45.217,86.475,132.922,21.345,2,1.3725,17,1439.934,1298.433,1478.856,27.176,35.977,1407.08,35.977,35.977,1,1,
416,1790093308824622080,41.6,20,16,2240,1536,53.874,75.285,86.29,15.241,1,45.266,86.475,132.922,22.896,2,1.4583,16,1442.296,1377.219,1478.856,24.879,35.977,1409.441,35.977,35.977,1,1,
417,1790093308924622080,41.7,19,17,2128,1632,49.764,72.165,79.092,13.637,1,45.922,86.475,132.922,23.553,2,1.3039,17,1454.238,1416.136,1478.856,21.759,35.977,1421.383,35.977,35.977,1,1,
418,1790093309024622080,41.8,20,15,2240,1440,45.654,75.285,117.442,17.967,2,45.217,81.853,132.922,18.417,1,1.5556,15,1456.252,1416.136,1478.856,24.879,31.355,1423.398,31.355,31.355,1,1,
419,1790093309124622080,41.9,20,17,2240,1632,45.654,78.899,117.442,19.652,2,44.06,81.853,126.244,18.788,2,1.3725,17,1447.604,1416.136,1478.738,28.493,31.355,1414.749,31.355,31.355,1,1,
420,1790093309224622080,42.0,20,18,2240,1728,45.654,75.285,117.442,18.486,2,42.95,81.609,126.244,17.742,2,1.2963,18,1446.13,1416.136,1478.738,24.879,31.111,1413.276,31.111,31.111,1,1,
421,1790093309324622080,42.1,19,19,2128,1824,47.021,75.285,117.442,18.764,2,42.45,81.492,126.244,20.946,2,1.1667,19,1444.657,1394.435,1478.738,24.879,30.994,1411.802,30.994,30.994,1,1,
422,1790093309424622080,42.2,20,18,2240,1728,45.654,78.899,117.442,21.343,2,41.814,81.492,126.244,21.956,2,1.2963,18,1438.376,1394.435,1471.738,28.493,30.994,1405.521,30.994,30.994,1,1,
423,1790093309524622080,42.3,20,19,2240,1824,45.654,78.899,117.442,19.801,2,41.393,81.609,126.244,26.957,2,1.2281,19,1436.493,1394.435,1485.53,28.493,31.111,1403.638,31.111,31.111,1,1,
424,1790093309624622080,42.4,20,19,2240,1824,47.463,78.899,117.442,19.886,2,41.393,81.609,126.244,25.261,2,1.2281,19,1427.203,1394.435,1485.53,28.493,31.111,1394.348,31.111,31.111,1,1,
425,1790093309724622080,42.5,20,20,2240,1920,48.074,78.899,117.442,20.54,2,41.814,81.492,126.244,21.943,2,1.1667,20,1423.502,1362.344,1485.53,28.493,30.994,1390.648,30.994,30.994,1,1,
426,1790093309824622080,42.6,19,20,2128,1920,47.768,78.899,117.442,19.332,2,41.95,81.492,126.244,21.837,2,1.1083,20,1421.668,1362.344,1485.53,28.493,30.994,1388.814,30.994,30.994,1,1,
427,1790093309924622080,42.7,21,19,2352,1824,47.768,78.899,95.873,18.899,2,42.109,81.492,126.244,23.186,2,1.2895,19,1420.46,1362.344,1485.53,28.493,30.994,1387.605,30.994,30.994,1,1,
428,1790093310024622080,42.8,19,21,2128,2016,50.212,78.899,95.873,18.756,2,42.013,81.492,123.545,22.855,2,1.0556,21,1417.73,1362.344,1485.53,28.493,30.994,1384.875,30.994,30.994,1,1,
429,1790093310124622080,42.9,20,19,2240,1824,48.824,91.805,105.627,21.557,2,42.852,81.492,123.545,25.165,2,1.2281,19,1409.753,1362.344,1485.53,41.399,30.994,1376.898,41.399,41.399,1,1,
430,1790093310224622080,43.0,20,20,2240,1920,48.074,91.805,105.627,21.106,2,42.141,85.097,123.545,26.41,2,1.1667,20,1415.106,1362.344,1485.583,41.399,34.599,1382.252,41.399,41.399,1,1,
431,1790093310324622080,43.1,19,19,2128,1824,47.352,72.169,105.627,19.85,2,43.379,85.097,123.545,25.214,2,1.1667,19,1421.803,1362.344,1485.583,21.762,34.599,1388.948,34.599,34.599,1,1,
432,1790093310424622080,43.2,16,18,1792,1728,48.824,95.873,105.627,19.519,2,43.193,81.469,123.545,22.345,2,1.037,18,1421.132,1362.344,1485.583,45.467,30.971,1388.277,45.467,45.467,1,1,
433,1790093310524622080,43.3,20,15,2240,1440,40.784,95.873,314.533,41.288,6,43.379,85.097,123.545,23.622,2,1.5556,15,1409.753,1362.344,1485.583,45.467,34.599,1376.898,45.467,45.467,1,1,
434,1790093310624622080,43.4,20,13,2240,1248,38.219,95.873,314.533,42.638,6,44.525,85.097,123.545,26.961,2,1.7949,13,1421.803,1362.344,1485.583,45.467,34.599,1388.948,45.467,45.467,1,1,
435,1790093310724622080,43.5,20,18,2240,1728,38.219,95.873,314.533,45.119,6,42.141,85.982,339.193,49.483,6,1.2963,18,1415.778,1241.996,1485.583,45.467,35.484,1382.923,45.467,45.467,1,1,
436,1790093310824622080,43.6,21,18,2352,1728,36.274,80.198,314.533,42.268,6,41.691,85.982,339.193,54.165,6,1.3611,18,1401.341,1241.996,1485.583,29.791,35.484,1368.486,35.484,35.484,1,1,
437,1790093310924622080,43.7,20,19,2240,1824,38.219,80.198,314.533,41.841,6,41.478,85.097,339.193,46.768,6,1.2281,19,1400.371,1241.996,1485.583,29.791,34.599,1367.516,34.599,34.599,1,1,
438,1790093311024622080,43.8,21,18,2352,1728,36.274,80.087,314.533,39.198,6,41.264,85.982,339.193,47.547,6,1.3611,18,1303.995,1241.996,1485.583,29.681,35.484,1271.14,35.484,35.484,1,1,
439,1790093311124622080,43.9,20,18,2240,1728,34.329,80.087,314.533,41.503,6,41.264,85.982,339.193,47.517,6,1.2963,18,1283.393,1241.996,1485.583,29.681,35.484,1250.538,35.484,35.484,1,1,
440,1790093311224622080,44.0,20,19,2240,1824,24.352,77.926,80.198,27.751,6,41.694,85.982,339.193,45.112,6,1.2281,19,1280.63,1241.996,1483.632,27.52,35.484,1247.775,35.484,35.484,1,1,
441,1790093311324622080,44.1,22,18,2464,1728,34.329,77.926,80.198,27.123,6,41.264,84.582,88.603,32.404,6,1.4259,18,1276.73,1236.563,1483.632,27.52,34.084,1243.876,34.084,34.084,1,1,
442,1790093311424622080,44.2,23,20,2576,1920,40.416,78.565,80.198,27.901,6,42.124,84.582,88.603,29.238,6,1.3417,20,1280.489,1236.563,1483.632,28.158,34.084,1247.634,34.084,34.084,1,1,
443,1790093311524622080,44.3,20,21,2240,2016,54.489,80.087,111.547,26.665,3,42.994,84.794,88.603,29.909,6,1.1111,21,1280.617,1236.563,1483.632,29.681,34.296,1247.762,34.296,34.296,1,1,
444,1790093311624622080,44.4,20,24,2240,2304,46.808,80.087,111.547,26.107,3,42.124,85.982,123.039,33.189,6,0.9722,24,1280.489,1092.186,1483.632,29.681,35.484,1247.634,35.484,35.484,1,1,
445,1790093311724622080,44.5,20,19,2240,1824,46.808,78.565,111.547,23.19,3,44.132,84.794,123.039,27.826,3,1.2281,19,1268.172,1092.186,1406.731,28.158,34.296,1235.317,34.296,34.296,1,1,
446,1790093311824622080,44.6,20,19,2240,1824,46.808,78.565,111.547,23.703,3,43.994,84.794,123.039,25.579,3,1.2281,19,1263.489,1092.186,1406.731,28.158,34.296,1230.634,34.296,34.296,1,1,
447,1790093311924622080,44.7,20,19,2240,1824,52.204,78.565,111.547,22.555,3,43.994,84.582,123.039,23.337,3,1.2281,19,1272.843,1092.186,1406.731,28.158,34.084,1239.989,34.084,34.084,1,1,
448,1790093312024622080,44.8,19,19,2128,1824,53.346,78.565,111.547,20.965,3,43.994,82.148,123.039,20.959,3,1.1667,19,1280.361,1092.186,1406.731,28.158,31.65,1247.506,31.65,31.65,1,1,
449,1790093312124622080,44.9,20,19,2240,1824,52.204,87.33,119.64,24.563,3,44.123,84.021,123.039,23.064,3,1.2281,19,1286.311,1092.186,1406.731,36.924,33.523,1253.457,36.924,36.924,1,1,
450,1790093312224622080,45.0,20,22,2240,2112,46.66,87.33,119.64,23.722,3,43.865,84.794,123.258,26.101,3,1.0606,22,1287.87,1092.186,1406.731,36.924,34.296,1255.015,36.924,36.924,1,1,
451,1790093312324622080,45.1,20,20,2240,1920,46.66,87.33,119.64,23.228,3,44.123,84.794,123.258,26.579,3,1.1667,20,1292.669,1092.186,1406.731,36.924,34.296,1259.815,36.924,36.924,1,1,
452,1790093312424622080,45.2,21,20,2352,1920,45.854,67.641,119.64,20.185,3,43.713,84.021,123.258,24.416,3,1.225,20,1295.919,1092.186,1406.731,17.235,33.523,1263.064,33.523,33.523,1,1,
453,1790093312524622080,45.3,20,21,2240,2016,47.441,67.641,119.64,17.958,2,43.379,83.527,123.258,21.423,3,1.1111,21,1295.927,1092.186,1406.731,17.235,33.029,1263.072,33.029,33.029,1,1,
454,1790093312624622080,45.4,20,19,2240,1824,47.441,65.156,119.64,16.469,2,43.379,83.527,123.258,19.105,3,1.2281,19,1298.798,1136.292,1388.774,14.75,33.029,1265.943,33.029,33.029,1,1,
455,1790093312724622080,45.5,20,20,2240,1920,50.322,67.028,119.64,14.861,2,43.045,83.713,123.258,18.428,3,1.1667,20,1300.907,1217.5,1388.774,16.622,33.215,1268.053,33.215,33.215,1,1,
456,1790093312824622080,45.6,20,19,2240,1824,49.896,67.028,119.64,14.55,2,43.73,83.713,123.258,21.317,3,1.2281,19,1304.216,1251.82,1388.774,16.622,33.215,1271.362,33.215,33.215,1,1,
457,1790093312924622080,45.7,20,18,2240,1728,46.874,67.028,119.64,15.001,2,43.713,83.713,123.258,22.467,3,1.2963,18,1305.165,1251.82,1388.774,16.622,33.215,1272.31,33.215,33.215,1,1,
458,1790093313024622080,45.8,21,20,2352,1920,45.961,67.028,68.606,11.977,2,42.02,83.713,123.258,22.487,3,1.225,20,1310.411,1277.48,1399.752,16.622,33.215,1277.556,33.215,33.215,1,1,
459,1790093313124622080,45.9,19,20,2128,1920,48.456,67.028,68.606,9.835,1,42.02,83.713,84.457,20.429,3,1.1083,20,1314.917,1277.48,1399.752,16.622,33.215,1282.062,33.215,33.215,1,1,
460,1790093313224622080,46.0,17,18,1904,1728,50.109,67.641,68.606,10.453,1,43.53,83.713,84.457,17.851,2,1.1019,18,1314.917,1277.48,1399.752,17.235,33.215,1282.062,33.215,33.215,1,1,
461,1790093313324622080,46.1,20,16,2240,1536,49.896,67.028,206.536,24.195,4,42.02,84.157,84.457,17.634,2,1.4583,16,1317.798,1277.48,1399.752,16.622,33.659,1284.943,33.659,33.659,1,1,
462,1790093313424622080,46.2,20,18,2240,1728,47.016,67.028,206.536,24.16,4,41.519,84.157,214.894,32.873,4,1.2963,18,1317.798,1277.48,1467.016,16.622,33.659,1284.943,33.659,33.659,1,1,
463,1790093313524622080,46.3,20,19,2240,1824,49.896,68.606,206.536,24.786,4,41.769,84.457,214.894,33.538,4,1.2281,19,1317.167,1277.48,1467.016,18.2,33.959,1284.313,33.959,33.959,1,1,
464,1790093313624622080,46.4,20,20,2240,1920,47.016,68.606,206.536,26.469,4,42.02,85.557,214.894,32.005,4,1.1667,20,1317.798,1277.48,1467.016,18.2,35.059,1284.943,35.059,35.059,1,1,
465,1790093313724622080,46.5,20,19,2240,1824,46.874,68.606,206.536,25.565,4,41.769,85.557,214.894,31.414,4,1.2281,19,1318.429,1277.48,1467.016,18.2,35.059,1285.574,35.059,35.059,1,1,
466,1790093313824622080,46.6,20,19,2240,1824,47.016,68.606,206.536,25.451,4,41.769,85.557,214.894,33.778,4,1.2281,19,1339.957,1292.439,1467.016,18.2,35.059,1307.102,35.059,35.059,1,1,
467,1790093313924622080,46.7,20,20,2240,1920,47.016,68.606,206.536,25.371,4,42.02,85.822,214.894,32.411,4,1.1667,20,1340.225,1292.439,1467.016,18.2,35.324,1307.37,35.324,35.324,1,1,
468,1790093314024622080,46.8,20,18,2240,1728,45.519,73.548,206.536,26.79,4,44.125,85.822,214.894,31.377,4,1.2963,18,1345.421,1292.439,1467.016,23.142,35.324,1312.567,35.324,35.324,1,1,
469,1790093314124622080,46.9,21,19,2352,1824,46.2,66.457,84.637,18.354,4,44.22,85.822,214.894,33.968,4,1.2895,19,1344.435,1292.439,1467.016,16.051,35.324,1311.58,35.324,35.324,1,1,
470,1790093314224622080,47.0,23,20,2576,1920,46.2,66.457,84.637,17.297,4,44.314,85.557,88.888,25.236,4,1.3417,20,1345.421,1292.439,1467.016,16.051,35.059,1312.567,35.059,35.059,1,1,
471,1790093314324622080,47.1,20,22,2240,2112,51.01,63.252,84.637,11.992,1,44.125,85.557,88.888,23.204,4,1.0606,22,1348.729,1292.439,1467.016,12.846,35.059,1315.874,35.059,35.059,1,1,
472,1790093314424622080,47.2,20,20,2240,1920,51.01,63.252,115.199,15.347,2,44.314,84.61,88.888,18.944,2,1.1667,20,1353.466,1299.098,1380.172,12.846,34.112,1320.611,34.112,34.112,1,1,
473,1790093314524622080,47.3,21,19,2352,1824,48.945,63.252,115.199,14.963,2,44.351,84.61,88.888,20.161,2,1.2895,19,1355.881,1244.862,1380.172,12.846,34.112,1323.027,34.112,34.112,1,1,
474,1790093314624622080,47.4,20,19,2240,1824,46.88,63.252,115.199,13.607,2,45.739,84.61,88.888,21.93,2,1.2281,19,1357.344,1244.862,1380.172,12.846,34.112,1324.489,34.112,34.112,1,1,
475,1790093314724622080,47.5,20,20,2240,1920,46.88,63.252,115.199,13.917,2,44.388,83.798,88.888,19.182,2,1.1667,20,1356.613,1244.862,1380.172,12.846,33.3,1323.758,33.3,33.3,1,1,
476,1790093314824622080,47.6,20,20,2240,1920,46.88,63.252,115.199,14.336,2,42.994,82.913,88.737,16.733,2,1.1667,20,1357.484,1244.862,1380.172,12.846,32.415,1324.629,32.415,32.415,1,1,
477,1790093314924622080,47.7,20,20,2240,1920,47.304,63.252,115.199,14.438,2,42.994,82.913,88.737,20.601,2,1.1667,20,1353.868,1244.862,1373.508,12.846,32.415,1321.013,32.415,32.415,1,1,
478,1790093315024622080,47.8,20,20,2240,1920,46.88,59.618,115.199,12.961,2,42.772,83.798,88.737,20.925,2,1.1667,20,1353.765,1244.862,1373.508,9.211,33.3,1320.91,33.3,33.3,1,1,
479,1790093315124622080,47.9,20,21,2240,2016,46.257,61.89,115.199,13.429,2,42.154,84.107,88.737,20.19,2,1.1111,21,1351.855,1244.862,1394.625,11.483,33.609,1319.0,33.609,33.609,1,1,
480,1790093315224622080,48.0,20,20,2240,1920,47.025,61.89,115.199,13.101,2,42.772,84.107,88.737,22.824,2,1.1667,20,1353.765,1244.862,1394.625,11.483,33.609,1320.91,33.609,33.609,1,1,
481,1790093315324622080,48.1,20,19,2240,1824,47.025,61.89,77.369,12.356,2,42.265,86.962,88.737,24.268,2,1.2281,19,1351.855,1244.862,1405.533,11.483,36.464,1319.0,36.464,36.464,1,1,
482,1790093315424622080,48.2,20,19,2240,1824,47.304,64.655,77.369,10.389,1,42.265,85.16,87.566,26.127,2,1.2281,19,1351.855,1244.862,1417.145,14.249,34.662,1319.0,34.662,34.662,1,1,
483,1790093315524622080,48.3,19,18,2128,1728,48.09,64.655,77.369,11.011,1,42.994,86.962,126.054,27.845,2,1.2315,18,1358.664,1318.552,1456.568,14.249,36.464,1325.81,36.464,36.464,1,1,
484,1790093315624622080,48.4,20,18,2240,1728,48.177,76.839,80.138,14.147,2,42.994,86.962,126.054,27.828,2,1.2963,18,1362.872,1318.552,1456.568,26.433,36.464,1330.017,36.464,36.464,1,1,
485,1790093315724622080,48.5,20,18,2240,1728,48.177,76.839,80.138,16.343,2,45.787,86.962,126.054,32.385,2,1.2963,18,1380.28,1318.552,1483.305,26.433,36.464,1347.425,36.464,36.464,1,1,
486,1790093315824622080,48.6,20,18,2240,1728,49.262,77.369,80.138,18.398,2,45.787,86.962,126.054,32.604,2,1.2963,18,1396.388,1325.79,1483.305,26.962,36.464,1363.533,36.464,36.464,1,1,
487,1790093315924622080,48.7,20,19,2240,1824,49.262,77.369,80.138,17.049,2,44.415,85.242,126.054,30.625,2,1.2281,19,1417.145,1325.79,1483.305,26.962,34.744,1384.29,34.744,34.744,1,1,
488,1790093316024622080,48.8,20,18,2240,1728,52.721,77.999,80.138,17.316,2,45.787,85.242,126.054,32.027,2,1.2963,18,1422.221,1325.79,1483.305,27.592,34.744,1389.366,34.744,34.744,1,1,
489,1790093316124622080,48.9,20,17,2240,1632,52.721,77.999,80.138,19.031,2,63.741,86.962,126.054,31.162,2,1.3725,17,1424.107,1325.79,1483.305,27.592,36.464,1391.252,36.464,36.464,1,1,
490,1790093316224622080,49.0,20,18,2240,1728,49.04,77.999,80.138,17.917,2,45.787,85.242,126.054,32.251,2,1.2963,18,1447.414,1393.766,1483.305,27.592,34.744,1414.559,34.744,34.744,1,1,
491,1790093316324622080,49.1,20,19,2240,1824,49.04,77.999,80.138,15.95,2,44.225,85.242,126.054,28.287,2,1.2281,19,1456.11,1393.766,1483.305,27.592,34.744,1423.255,34.744,34.744,1,1,
492,1790093316424622080,49.2,20,17,2240,1632,49.04,77.999,80.138,16.052,2,44.225,85.242,89.77,23.952,2,1.3725,17,1456.568,1398.151,1483.305,27.592,34.744,1423.713,34.744,34.744,1,1,
493,1790093316524622080,49.3,21,18,2352,1728,48.534,76.792,78.089,14.662,2,44.368,85.242,120.938,29.033,2,1.3611,18,1466.997,1398.151,1483.305,26.386,34.744,1434.142,34.744,34.744,1,1,
494,1790093316624622080,49.4,20,18,2240,1728,48.558,69.564,78.089,11.728,1,44.368,83.721,120.938,26.811,2,1.2963,18,1468.055,1398.151,1483.305,19.158,33.223,1435.2,33.223,33.223,1,1,
495,1790093316724622080,49.5,20,17,2240,1632,48.558,66.303,77.999,10.009,1,45.915,89.77,120.938,25.604,2,1.3725,17,1464.865,1398.151,1483.207,15.897,39.272,1432.01,39.272,39.272,1,1,
496,1790093316824622080,49.6,20,17,2240,1632,48.558,66.303,77.999,9.024,1,45.915,89.77,120.938,25.511,2,1.3725,17,1464.865,1411.926,1483.207,15.897,39.272,1432.01,39.272,39.272,1,1,
497,1790093316924622080,49.7,20,17,2240,1632,48.319,60.04,69.564,7.687,1,47.491,89.77,120.938,22.842,2,1.3725,17,1462.748,1411.926,1483.207,9.634,39.272,1429.894,39.272,39.272,1,1,
498,1790093317024622080,49.8,20,17,2240,1632,48.319,61.846,69.564,8.363,1,47.491,89.77,120.938,22.867,2,1.3725,17,1464.865,1411.926,1486.768,11.44,39.272,1432.01,39.272,39.272,1,1,
499,1790093317124622080,49.9,20,18,2240,1728,48.558,61.846,67.783,7.973,1,44.368,83.938,120.938,19.904,2,1.2963,18,1468.561,1411.926,1486.768,11.44,33.44,1435.706,33.44,33.44,1,1,
500,1790093317224622080,50.0,20,17,2240,1632,48.558,61.846,67.783,8.699,1,44.317,83.938,120.938,15.956,1,1.3725,17,1464.865,1411.926,1486.768,11.44,33.44,1432.01,33.44,33.44,1,1,
501,1790093317324622080,50.1,20,17,2240,1632,50.879,66.303,81.974,11.674,1,45.864,83.938,87.737,19.026,2,1.3725,17,1459.932,1411.926,1486.768,15.897,33.44,1427.078,33.44,33.44,1,1,
502,1790093317424622080,50.2,20,19,2240,1824,48.558,67.783,110.245,16.575,2,45.864,83.028,87.737,21.52,2,1.2281,19,1455.97,1382.08,1486.768,17.376,32.53,1423.115,32.53,32.53,1,1,
503,1790093317524622080,50.3,20,20,2240,1920,48.558,80.276,110.245,18.048,2,43.637,83.938,124.182,27.178,3,1.1667,20,1447.686,1374.552,1486.768,29.87,33.44,1414.831,33.44,33.44,1,1,
504,1790093317624622080,50.4,19,20,2128,1920,49.599,80.276,110.245,19.627,2,43.637,84.161,124.182,27.245,3,1.1083,20,1445.06,1374.552,1486.768,29.87,33.663,1412.206,33.663,33.663,1,1,
505,1790093317724622080,50.5,20,19,2240,1824,50.879,81.974,110.245,23.063,2,42.206,84.161,124.182,26.728,3,1.2281,19,1445.092,1374.552,1486.768,31.568,33.663,1412.238,33.663,33.663,1,1,
506,1790093317824622080,50.6,20,19,2240,1824,48.319,81.974,110.245,23.56,2,42.663,84.161,124.182,31.083,3,1.2281,19,1441.292,1374.552,1486.768,31.568,33.663,1408.437,33.663,33.663,1,1,
507,1790093317924622080,50.7,20,18,2240,1728,50.879,81.974,110.245,23.5,2,41.688,87.737,124.182,34.783,3,1.2963,18,1442.181,1374.552,1486.768,31.568,37.239,1409.326,37.239,37.239,1,1,
508,1790093318024622080,50.8,20,19,2240,1824,50.879,81.974,110.245,22.476,2,62.993,87.737,124.182,37.38,3,1.2281,19,1443.791,1374.552,1486.768,31.568,37.239,1410.936,37.239,37.239,1,1,
509,1790093318124622080,50.9,20,18,2240,1728,47.363,81.974,110.245,21.809,2,82.348,87.737,124.182,36.893,3,1.2963,18,1448.271,1374.552,1485.82,31.568,37.239,1415.416,37.239,37.239,1,1,
510,1790093318224622080,51.0,20,19,2240,1824,47.363,80.276,110.245,20.242,2,42.348,87.737,124.182,35.03,3,1.2281,19,1438.756,1374.552,1485.82,29.87,37.239,1405.902,37.239,37.239,1,1,
511,1790093318324622080,51.1,20,18,2240,1728,47.363,69.584,90.154,15.418,2,43.056,86.447,124.182,31.944,3,1.2963,18,1434.86,1374.552,1485.82,19.177,35.949,1402.005,35.949,35.949,1,1,
512,1790093318424622080,51.2,20,17,2240,1632,49.596,77.978,90.154,13.93,2,42.348,86.447,121.591,26.29,3,1.3725,17,1440.571,1374.552,1485.82,27.572,35.949,1407.717,35.949,35.949,1,1,
513,1790093318524622080,51.3,19,18,2128,1728,48.48,69.584,90.154,13.719,2,43.056,84.161,121.591,27.134,3,1.2315,18,1445.475,1374.552,1485.82,19.177,33.663,1412.62,33.663,33.663,1,1,
514,1790093318624622080,51.4,21,15,2352,1440,47.094,69.584,139.834,18.597,2,63.016,121.061,121.591,28.929,2,1.6333,15,1452.57,1394.335,1485.82,19.177,70.563,1419.715,70.563,70.563,1,1,
515,1790093318724622080,51.5,20,15,2240,1440,48.961,72.035,139.834,17.112,2,63.016,121.591,125.765,32.012,2,1.5556,15,1457.34,1394.335,1489.424,21.628,71.093,1424.485,71.093,71.093,1,1,
516,1790093318824622080,51.6,20,15,2240,1440,47.363,72.035,139.834,17.11,2,63.016,121.061,125.765,26.761,1,1.5556,15,1459.413,1409.202,1492.818,21.628,70.563,1426.558,70.563,70.563,1,1,
517,1790093318924622080,51.7,20,15,2240,1440,47.363,72.035,139.834,17.098,2,63.016,121.061,125.765,26.784,1,1.5556,15,1460.962,1409.202,1495.946,21.628,70.563,1428.107,70.563,70.563,1,1,
518,1790093319024622080,51.8,20,16,2240,1536,46.826,72.035,139.834,19.014,2,45.492,121.061,125.765,25.632,1,1.4583,16,1462.385,1409.202,1495.946,21.628,70.563,1429.531,70.563,70.563,1,1,
519,1790093319124622080,51.9,20,15,2240,1440,46.655,72.035,139.834,19.033,2,63.157,121.061,125.765,27.052,1,1.5556,15,1457.34,1409.202,1495.946,21.628,70.563,1424.485,70.563,70.563,1,1,
520,1790093319224622080,52.0,20,14,2240,1344,46.655,73.457,139.834,19.969,2,83.69,121.061,125.765,23.48,1,1.6667,14,1462.733,1409.202,1495.946,23.05,70.563,1429.878,70.563,70.563,1,1,
521,1790093319324622080,52.1,20,13,2240,1248,46.692,73.457,139.834,21.979,2,84.756,121.061,125.765,21.974,1,1.7949,13,1466.797,1409.202,1495.946,23.05,70.563,1433.942,70.563,70.563,1,1,
522,1790093319424622080,52.2,20,14,2240,1344,46.692,72.035,139.834,19.936,2,84.145,121.061,125.765,23.679,1,1.6667,14,1465.303,1409.202,1495.946,21.628,70.563,1432.448,70.563,70.563,1,1,
523,1790093319524622080,52.3,21,15,2352,1440,46.138,71.209,73.457,15.293,2,62.577,88.535,125.765,24.825,1,1.6333,15,1463.537,1409.202,1495.946,20.803,38.037,1430.683,38.037,38.037,1,1,
524,1790093319624622080,52.4,20,16,2240,1536,46.692,71.209,73.457,13.551,1,45.775,86.768,88.535,20.491,1,1.4583,16,1465.131,1409.202,1495.946,20.803,36.27,1432.277,36.27,36.27,1,1,
525,1790093319724622080,52.5,20,16,2240,1536,46.692,68.571,73.457,12.924,1,44.312,86.768,88.535,17.92,1,1.4583,16,1463.673,1409.202,1495.946,18.165,36.27,1430.818,36.27,36.27,1,1,
526,1790093319824622080,52.6,20,16,2240,1536,45.583,71.209,79.81,14.146,1,44.312,88.535,126.04,20.448,1,1.4583,16,1465.131,1422.418,1495.946,20.803,38.037,1432.277,38.037,38.037,1,1,
527,1790093319924622080,52.7,20,17,2240,1632,45.583,68.571,79.81,12.991,1,43.798,88.535,126.04,21.702,2,1.3725,17,1463.809,1422.418,1486.391,18.165,38.037,1430.954,38.037,38.037,1,1,
528,1790093320024622080,52.8,20,17,2240,1632,47.16,73.457,79.81,13.386,1,43.798,88.535,126.04,23.609,2,1.3725,17,1461.657,1397.315,1486.391,23.05,38.037,1428.802,38.037,38.037,1,1,
529,1790093320124622080,52.9,20,16,2240,1536,45.114,68.571,79.81,13.011,1,44.312,88.535,126.04,22.377,2,1.4583,16,1464.561,1397.315,1486.391,18.165,38.037,1431.706,38.037,38.037,1,1,
530,1790093320224622080,53.0,20,18,2240,1728,47.16,68.571,79.81,12.222,1,43.285,82.268,126.04,22.412,2,1.2963,18,1456.262,1397.315,1486.391,18.165,31.77,1423.407,31.77,31.77,1,1,
531,1790093320324622080,53.1,20,19,2240,1824,47.276,67.775,79.81,11.31,1,42.876,87.459,126.04,22.097,2,1.2281,19,1452.393,1370.595,1486.391,17.369,36.961,1419.538,36.961,36.961,1,1,
532,1790093320424622080,53.2,20,18,2240,1728,47.16,78.318,115.062,16.578,2,43.285,87.459,126.04,25.642,2,1.2963,18,1441.08,1370.595,1486.391,27.912,36.961,1408.225,36.961,36.961,1,1,
533,1790093320524622080,53.3,20,16,2240,1536,47.16,78.318,115.062,16.749,2,43.285,91.727,126.04,26.342,2,1.4583,16,1445.123,1370.595,1486.391,27.912,41.229,1412.269,41.229,41.229,1,1,
534,1790093320624622080,53.4,20,18,2240,1728,47.276,78.318,115.062,15.952,2,47.101,91.727,126.04,35.261,3,1.2963,18,1435.089,1370.595,1488.35,27.912,41.229,1402.235,41.229,41.229,1,1,
535,1790093320724622080,53.5,20,19,2240,1824,47.16,61.217,115.062,14.524,2,41.511,87.459,123.078,29.076,3,1.2281,19,1432.047,1370.595,1488.35,10.811,36.961,1399.193,36.961,36.961,1,1,
536,1790093320824622080,53.6,20,19,2240,1824,47.276,69.772,115.062,15.22,2,41.511,87.459,123.078,31.367,3,1.2281,19,1421.4,1370.595,1488.35,19.366,36.961,1388.545,36.961,36.961,1,1,
537,1790093320924622080,53.7,20,17,2240,1632,49.659,69.772,115.062,15.268,2,41.511,91.727,123.078,30.445,3,1.3725,17,1418.392,1370.595,1488.35,19.366,41.229,1385.537,41.229,41.229,1,1,
538,1790093321024622080,53.8,21,17,2352,1632,48.468,69.772,115.062,14.441,2,42.905,123.078,163.298,37.714,3,1.4412,17,1421.4,1370.595,1497.282,19.366,72.58,1388.545,72.58,72.58,1,1,
539,1790093321124622080,53.9,20,17,2240,1632,50.605,69.772,115.062,14.243,2,42.022,123.078,163.298,34.888,3,1.3725,17,1421.4,1370.595,1497.282,19.366,72.58,1388.545,72.58,72.58,1,1,
540,1790093321224622080,54.0,20,16,2240,1536,49.659,69.772,115.062,14.785,2,43.715,127.313,163.298,39.668,3,1.4583,16,1430.907,1370.595,1497.282,19.366,76.815,1398.053,76.815,76.815,1,1,
541,1790093321324622080,54.1,20,17,2240,1632,46.503,67.355,72.282,12.036,2,43.185,127.313,163.298,37.042,3,1.3725,17,1432.325,1370.622,1497.282,16.948,76.815,1399.471,76.815,76.815,1,1,
542,1790093321424622080,54.2,22,17,2464,1632,46.503,67.355,72.282,12.306,2,42.375,127.313,163.298,29.605,3,1.5098,17,1443.073,1370.622,1497.282,16.948,76.815,1410.218,76.815,76.815,1,1,
543,1790093321524622080,54.3,20,17,2240,1632,46.503,67.355,72.282,10.126,1,42.375,127.313,163.298,29.605,3,1.3725,17,1443.073,1370.622,1497.282,16.948,76.815,1410.218,76.815,76.815,1,1,
544,1790093321624622080,54.4,20,16,2240,1536,46.503,67.355,72.282,10.444,1,43.715,127.313,163.298,33.515,2,1.4583,16,1443.192,1392.053,1497.282,16.948,76.815,1410.338,76.815,76.815,1,1,
545,1790093321724622080,54.5,20,16,2240,1536,46.503,64.704,72.282,9.095,1,42.655,127.313,163.298,30.608,2,1.4583,16,1451.09,1393.575,1497.282,14.297,76.815,1418.235,76.815,76.815,1,1,
546,1790093321824622080,54.6,20,16,2240,1536,46.503,67.355,72.498,10.857,1,43.452,123.592,127.313,19.869,2,1.4583,16,1451.09,1360.888,1497.282,16.948,73.094,1418.235,73.094,73.094,1,1,
547,1790093321924622080,54.7,20,17,2240,1632,47.761,67.355,72.498,11.004,1,43.584,124.15,127.313,23.671,2,1.3725,17,1457.298,1360.888,1497.282,16.948,73.652,1424.443,73.652,73.652,1,1,
548,1790093322024622080,54.8,20,17,2240,1632,46.503,67.355,72.498,11.402,1,43.85,124.15,127.313,23.903,2,1.3725,17,1464.964,1360.888,1497.307,16.948,73.652,1432.11,73.652,73.652,1,1,
549,1790093322124622080,54.9,20,17,2240,1632,47.761,67.355,72.498,11.233,1,43.85,123.592,124.15,23.427,2,1.3725,17,1466.468,1360.888,1497.307,16.948,73.094,1433.614,73.094,73.094,1,1,
550,1790093322224622080,55.0,20,17,2240,1632,47.761,64.909,72.498,11.262,1,44.408,123.592,124.15,23.362,2,1.3725,17,1466.468,1360.888,1497.307,14.503,73.094,1433.614,73.094,73.094,1,1,
551,1790093322324622080,55.1,20,18,2240,1728,52.848,64.909,72.498,10.991,1,44.247,119.689,124.15,24.426,2,1.2963,18,1467.895,1360.888,1497.307,14.503,69.191,1435.04,69.191,69.191,1,1,
552,1790093322424622080,55.2,20,17,2240,1632,52.848,64.909,72.498,10.624,1,43.85,119.689,124.15,23.937,2,1.3725,17,1469.393,1360.888,1497.307,14.503,69.191,1436.539,69.191,69.191,1,1,
553,1790093322524622080,55.3,20,19,2240,1824,52.848,64.909,72.498,10.102,1,44.214,86.749,124.15,23.169,2,1.2281,19,1460.243,1360.888,1497.307,14.503,36.251,1427.388,36.251,36.251,1,1,
554,1790093322624622080,55.4,20,18,2240,1728,52.848,67.855,72.498,10.674,1,44.181,86.749,124.15,20.073,2,1.2963,18,1459.878,1360.888,1497.307,17.449,36.251,1427.023,36.251,36.251,1,1,
555,1790093322724622080,55.5,20,17,2240,1632,52.848,64.909,69.228,11.603,1,44.214,119.689,124.15,21.244,2,1.3725,17,1460.243,1360.888,1497.307,14.503,69.191,1427.388,69.191,69.191,1,1,
556,1790093322824622080,55.6,20,18,2240,1728,52.848,67.855,74.226,12.513,1,43.464,82.349,119.689,18.137,2,1.2963,18,1465.128,1422.339,1497.307,17.449,31.851,1432.274,31.851,31.851,1,1,
557,1790093322924622080,55.7,20,19,2240,1824,53.046,64.909,74.226,11.79,1,43.822,82.349,119.689,21.287,2,1.2281,19,1462.96,1422.339,1497.307,14.503,31.851,1430.106,31.851,31.851,1,1,
558,1790093323024622080,55.8,20,19,2240,1824,53.046,64.909,74.226,12.085,1,43.289,80.243,86.749,19.056,2,1.2281,19,1462.96,1422.339,1495.984,14.503,29.745,1430.106,29.745,29.745,1,1,
559,1790093323124622080,55.9,20,20,2240,1920,53.046,65.336,74.226,12.619,1,43.464,80.243,86.749,18.236,2,1.1667,20,1461.397,1422.339,1491.392,14.93,29.745,1428.543,29.745,29.745,1,1,
560,1790093323224622080,56.0,19,20,2128,1920,55.029,65.336,74.226,12.425,1,43.114,82.349,86.749,18.235,2,1.1083,20,1461.397,1422.339,1488.103,14.93,31.851,1428.543,31.851,31.851,1,1,
561,1790093323324622080,56.1,17,19,1904,1824,55.029,67.855,74.226,12.588,1,42.812,79.807,82.603,14.474,2,1.0439,19,1462.551,1432.142,1488.103,17.449,29.309,1429.697,29.309,29.309,1,1,
562,1790093323424622080,56.2,15,17,1680,1632,55.029,67.855,74.226,13.75,1,42.812,82.349,82.603,15.755,2,1.0294,17,1462.551,1432.142,1488.103,17.449,31.851,1429.697,31.851,31.851,1,1,
563,1790093323524622080,56.3,13,16,1456,1536,58.081,67.855,74.226,14.023,1,42.509,82.349,82.603,14.424,2,0.9479,16,1462.756,1435.271,1488.103,17.449,31.851,1429.901,31.851,31.851,1,1,
564,1790093323624622080,56.4,11,13,1232,1248,53.83,65.336,74.226,15.53,1,42.42,82.349,82.603,17.702,2,0.9872,13,1463.575,1435.271,1488.103,14.93,31.851,1430.72,31.851,31.851,1,1,
565,1790093323724622080,56.5,9,12,1008,1152,53.83,64.669,65.336,12.23,1,42.332,79.807,82.603,15.673,2,0.875,12,1464.268,1445.287,1488.103,14.263,29.309,1431.414,29.309,29.309,1,1,
566,1790093323824622080,56.6,7,9,784,864,55.116,64.669,65.336,12.349,1,42.42,79.187,82.603,15.912,2,0.9074,9,1463.575,1445.287,1488.103,14.263,28.689,1430.72,28.689,28.689,1,1,
567,1790093323924622080,56.7,5,7,560,672,57.659,65.336,65.336,10.945,1,42.42,44.055,82.603,8.064,1,0.8333,7,1463.575,1445.287,1488.103,14.93,-6.443,1430.72,14.93,14.93,1,1,
568,1790093324024622080,56.8,3,5,336,480,50.123,64.669,64.669,14.546,1,43.282,82.603,82.603,10.926,1,0.7,5,1456.05,1445.287,1488.103,14.263,32.105,1423.195,32.105,32.105,1,1,
569,1790093324124622080,56.9,1,3,112,288,,,,,0,41.477,42.509,42.509,1.032,1,0.3889,3,1464.962,1456.05,1488.103,,-7.989,1432.107,-7.989,-7.989,1,0,
570,1790093324224622080,57.0,0,1,0,96,,,,,0,,,,,0,0.0,1,1464.962,1464.962,1464.962,,,1432.107,,,1,0,
571,1790093324324622080,57.1,0,0,0,0,,,,,0,,,,,0,,0,,,,,,,,,1,0,
572,1790093324424622080,57.2,0,0,0,0,,,,,0,,,,,0,,0,,,,,,,,,1,0,
573,1790093324524622080,57.3,0,0,0,0,,,,,0,,,,,0,,0,,,,,,,,,1,0,
574,1790093324624622080,57.4,0,0,0,0,,,,,0,,,,,0,,0,,,,,,,,,1,0,
575,1790093324724622080,57.5,0,0,0,0,,,,,0,,,,,0,,0,,,,,,,,,1,0,
576,1790093324824622080,57.6,0,0,0,0,,,,,0,,,,,0,,0,,,,,,,,,1,0,
577,1790093324924622080,57.7,0,0,0,0,,,,,0,,,,,0,,0,,,,,,,,,1,0,
578,1790093325024622080,57.8,0,0,0,0,,,,,0,,,,,0,,0,,,,,,,,,1,0,
579,1790093325124622080,57.9,0,0,0,0,,,,,0,,,,,0,,0,,,,,,,,,1,0,
580,1790093325224622080,58.0,0,0,0,0,,,,,0,,,,,0,,0,,,,,,,,,1,0,
581,1790093325324622080,58.1,0,0,0,0,,,,,0,,,,,0,,0,,,,,,,,,1,0,
582,1790093325424622080,58.2,0,0,0,0,,,,,0,,,,,0,,0,,,,,,,,,1,0,
583,1790093325524622080,58.3,0,0,0,0,,,,,0,,,,,0,,0,,,,,,,,,1,0,
584,1790093325624622080,58.4,0,0,0,0,,,,,0,,,,,0,,0,,,,,,,,,1,0,
585,1790093325724622080,58.5,0,0,0,0,,,,,0,,,,,0,,0,,,,,,,,,1,0,
586,1790093325824622080,58.6,0,0,0,0,,,,,0,,,,,0,,0,,,,,,,,,1,0,
587,1790093325924622080,58.7,0,0,0,0,,,,,0,,,,,0,,0,,,,,,,,,1,0,
588,1790093326024622080,58.8,0,0,0,0,,,,,0,,,,,0,,0,,,,,,,,,1,0,
589,1790093326124622080,58.9,0,0,0,0,,,,,0,,,,,0,,0,,,,,,,,,1,0,
590,1790093326224622080,59.0,0,0,0,0,,,,,0,,,,,0,,0,,,,,,,,,1,0,
591,1790093326324622080,59.1,0,0,0,0,,,,,0,,,,,0,,0,,,,,,,,,1,0,
592,1790093326424622080,59.2,0,0,0,0,,,,,0,,,,,0,,0,,,,,,,,,1,0,
593,1790093326524622080,59.3,0,0,0,0,,,,,0,,,,,0,,0,,,,,,,,,1,0,
594,1790093326624622080,59.4,0,0,0,0,,,,,0,,,,,0,,0,,,,,,,,,1,0,
595,1790093326724622080,59.5,0,0,0,0,,,,,0,,,,,0,,0,,,,,,,,,1,0,
596,1790093326824622080,59.6,0,0,0,0,,,,,0,,,,,0,,0,,,,,,,,,1,0,
597,1790093326924622080,59.7,0,0,0,0,,,,,0,,,,,0,,0,,,,,,,,,1,0,
598,1790093327024622080,59.8,0,0,0,0,,,,,0,,,,,0,,0,,,,,,,,,1,0,
599,1790093327124622080,59.9,0,0,0,0,,,,,0,,,,,0,,0,,,,,,,,,1,0,
600,1790093327224622080,60.0,0,0,0,0,,,,,0,,,,,0,,0,,,,,,,,,1,0,
601,1790093327324622080,60.1,0,0,0,0,,,,,0,,,,,0,,0,,,,,,,,,1,0,
602,1790093327424622080,60.2,0,0,0,0,,,,,0,,,,,0,,0,,,,,,,,,1,0,
603,1790093327524622080,60.3,0,0,0,0,,,,,0,,,,,0,,0,,,,,,,,,1,0,
604,1790093327624622080,60.4,0,0,0,0,,,,,0,,,,,0,,0,,,,,,,,,1,0,
605,1790093327724622080,60.5,0,0,0,0,,,,,0,,,,,0,,0,,,,,,,,,1,0,
606,1790093327824622080,60.6,0,0,0,0,,,,,0,,,,,0,,0,,,,,,,,,1,0,
607,1790093327924622080,60.7,0,0,0,0,,,,,0,,,,,0,,0,,,,,,,,,1,0,
608,1790093328024622080,60.8,0,0,0,0,,,,,0,,,,,0,,0,,,,,,,,,1,0,
609,1790093328124622080,60.9,0,0,0,0,,,,,0,,,,,0,,0,,,,,,,,,1,0,
610,1790093328224622080,61.0,0,0,0,0,,,,,0,,,,,0,,0,,,,,,,,,1,0,
611,1790093328324622080,61.1,0,0,0,0,,,,,0,,,,,0,,0,,,,,,,,,1,0,
612,1790093328424622080,61.2,0,0,0,0,,,,,0,,,,,0,,0,,,,,,,,,1,0,
613,1790093328524622080,61.3,0,0,0,0,,,,,0,,,,,0,,0,,,,,,,,,1,0,
614,1790093328624622080,61.4,0,0,0,0,,,,,0,,,,,0,,0,,,,,,,,,1,0,
615,1790093328724622080,61.5,0,0,0,0,,,,,0,,,,,0,,0,,,,,,,,,1,0,
616,1790093328824622080,61.6,0,0,0,0,,,,,0,,,,,0,,0,,,,,,,,,1,0,
617,1790093328924622080,61.7,0,0,0,0,,,,,0,,,,,0,,0,,,,,,,,,1,0,
618,1790093329024622080,61.8,0,0,0,0,,,,,0,,,,,0,,0,,,,,,,,,1,0,
619,1790093329124622080,61.9,0,0,0,0,,,,,0,,,,,0,,0,,,,,,,,,1,0,
620,1790093329224622080,62.0,0,0,0,0,,,,,0,,,,,0,,0,,,,,,,,,1,0,
621,1790093329324622080,62.1,0,0,0,0,,,,,0,,,,,0,,0,,,,,,,,,1,0,
622,1790093329424622080,62.2,0,0,0,0,,,,,0,,,,,0,,0,,,,,,,,,1,0,
623,1790093329524622080,62.3,0,0,0,0,,,,,0,,,,,0,,0,,,,,,,,,1,0,
624,1790093329624622080,62.4,0,0,0,0,,,,,0,,,,,0,,0,,,,,,,,,1,0,
625,1790093329724622080,62.5,0,0,0,0,,,,,0,,,,,0,,0,,,,,,,,,1,0,
626,1790093329824622080,62.6,0,0,0,0,,,,,0,,,,,0,,0,,,,,,,,,1,0,
627,1790093329924622080,62.7,0,0,0,0,,,,,0,,,,,0,,0,,,,,,,,,1,0,
628,1790093330024622080,62.8,0,0,0,0,,,,,0,,,,,0,,0,,,,,,,,,1,0,
629,1790093330124622080,62.9,0,0,0,0,,,,,0,,,,,0,,0,,,,,,,,,1,0,
630,1790093330224622080,63.0,0,0,0,0,,,,,0,,,,,0,,0,,,,,,,,,1,0,
631,1790093330324622080,63.1,0,0,0,0,,,,,0,,,,,0,,0,,,,,,,,,1,0,
632,1790093330424622080,63.2,0,0,0,0,,,,,0,,,,,0,,0,,,,,,,,,1,0,
633,1790093330524622080,63.3,0,0,0,0,,,,,0,,,,,0,,0,,,,,,,,,1,0,
634,1790093330624622080,63.4,0,0,0,0,,,,,0,,,,,0,,0,,,,,,,,,1,0,
635,1790093330724622080,63.5,0,0,0,0,,,,,0,,,,,0,,0,,,,,,,,,1,0,
636,1790093330824622080,63.6,0,0,0,0,,,,,0,,,,,0,,0,,,,,,,,,1,0,
637,1790093330924622080,63.7,0,0,0,0,,,,,0,,,,,0,,0,,,,,,,,,1,0,
638,1790093331024622080,63.8,0,0,0,0,,,,,0,,,,,0,,0,,,,,,,,,1,0,
639,1790093331124622080,63.9,0,0,0,0,,,,,0,,,,,0,,0,,,,,,,,,1,0,
640,1790093331224622080,64.0,0,0,0,0,,,,,0,,,,,0,,0,,,,,,,,,1,0,
641,1790093331324622080,64.1,0,0,0,0,,,,,0,,,,,0,,0,,,,,,,,,1,0,
642,1790093331424622080,64.2,0,0,0,0,,,,,0,,,,,0,,0,,,,,,,,,1,0,
643,1790093331524622080,64.3,0,0,0,0,,,,,0,,,,,0,,0,,,,,,,,,1,0,
644,1790093331624622080,64.4,0,0,0,0,,,,,0,,,,,0,,0,,,,,,,,,1,0,
645,1790093331724622080,64.5,0,0,0,0,,,,,0,,,,,0,,0,,,,,,,,,1,0,
646,1790093331824622080,64.6,0,0,0,0,,,,,0,,,,,0,,0,,,,,,,,,1,0,
647,1790093331924622080,64.7,0,0,0,0,,,,,0,,,,,0,,0,,,,,,,,,1,0,
648,1790093332024622080,64.8,0,0,0,0,,,,,0,,,,,0,,0,,,,,,,,,1,0,
649,1790093332124622080,64.9,0,0,0,0,,,,,0,,,,,0,,0,,,,,,,,,1,0,
650,1790093332224622080,65.0,0,0,0,0,,,,,0,,,,,0,,0,,,,,,,,,1,0,
651,1790093332324622080,65.1,0,0,0,0,,,,,0,,,,,0,,0,,,,,,,,,1,0,
652,1790093332424622080,65.2,0,0,0,0,,,,,0,,,,,0,,0,,,,,,,,,1,0,
653,1790093332524622080,65.3,0,0,0,0,,,,,0,,,,,0,,0,,,,,,,,,1,0,
654,1790093332624622080,65.4,0,0,0,0,,,,,0,,,,,0,,0,,,,,,,,,1,0,
655,1790093332724622080,65.5,0,0,0,0,,,,,0,,,,,0,,0,,,,,,,,,1,0,
656,1790093332824622080,65.6,0,0,0,0,,,,,0,,,,,0,,0,,,,,,,,,1,0,
657,1790093332924622080,65.7,0,0,0,0,,,,,0,,,,,0,,0,,,,,,,,,1,0,
658,1790093333024622080,65.8,0,0,0,0,,,,,0,,,,,0,,0,,,,,,,,,1,0,
659,1790093333124622080,65.9,0,0,0,0,,,,,0,,,,,0,,0,,,,,,,,,1,0,
660,1790093333224622080,66.0,1,0,32,0,,,,,0,,,,,0,,0,,,,,,,,,1,0,
661,1790093333324622080,66.1,1,0,32,0,,,,,0,,,,,0,,0,,,,,,,,,1,0,
662,1790093333424622080,66.2,1,0,32,0,,,,,0,,,,,0,,0,,,,,,,,,1,0,
663,1790093333524622080,66.3,1,0,32,0,,,,,0,,,,,0,,0,,,,,,,,,1,0,
664,1790093333624622080,66.4,1,0,32,0,,,,,0,,,,,0,,0,,,,,,,,,1,0,
665,1790093333724622080,66.5,1,0,32,0,,,,,0,,,,,0,,0,,,,,,,,,1,0,
666,1790093333824622080,66.6,1,0,32,0,,,,,0,,,,,0,,0,,,,,,,,,1,0,
667,1790093333924622080,66.7,1,0,32,0,,,,,0,,,,,0,,0,,,,,,,,,1,0,
668,1790093334024622080,66.8,1,0,32,0,,,,,0,,,,,0,,0,,,,,,,,,1,0,
669,1790093334124622080,66.9,1,0,32,0,,,,,0,,,,,0,,0,,,,,,,,,1,0,
670,1790093334224622080,67.0,0,0,0,0,,,,,0,,,,,0,,0,,,,,,,,,1,0,
671,1790093334324622080,67.1,0,0,0,0,,,,,0,,,,,0,,0,,,,,,,,,1,0,
672,1790093334424622080,67.2,0,0,0,0,,,,,0,,,,,0,,0,,,,,,,,,1,0,
673,1790093334524622080,67.3,0,0,0,0,,,,,0,,,,,0,,0,,,,,,,,,1,0,
674,1790093334624622080,67.4,0,0,0,0,,,,,0,,,,,0,,0,,,,,,,,,1,0,
675,1790093334724622080,67.5,0,0,0,0,,,,,0,,,,,0,,0,,,,,,,,,1,0,
676,1790093334824622080,67.6,0,0,0,0,,,,,0,,,,,0,,0,,,,,,,,,1,0,
677,1790093334924622080,67.7,0,0,0,0,,,,,0,,,,,0,,0,,,,,,,,,1,0,
678,1790093335024622080,67.8,0,0,0,0,,,,,0,,,,,0,,0,,,,,,,,,1,0,
679,1790093335124622080,67.9,0,0,0,0,,,,,0,,,,,0,,0,,,,,,,,,1,0,
680,1790093335224622080,68.0,0,0,0,0,,,,,0,,,,,0,,0,,,,,,,,,1,0,
681,1790093335324622080,68.1,0,0,0,0,,,,,0,,,,,0,,0,,,,,,,,,1,0,
682,1790093335424622080,68.2,0,0,0,0,,,,,0,,,,,0,,0,,,,,,,,,1,0,
683,1790093335524622080,68.3,0,0,0,0,,,,,0,,,,,0,,0,,,,,,,,,1,0,
684,1790093335624622080,68.4,0,0,0,0,,,,,0,,,,,0,,0,,,,,,,,,1,0,
685,1790093335724622080,68.5,0,0,0,0,,,,,0,,,,,0,,0,,,,,,,,,1,0,
686,1790093335824622080,68.6,0,0,0,0,,,,,0,,,,,0,,0,,,,,,,,,1,0,
687,1790093335924622080,68.7,0,0,0,0,,,,,0,,,,,0,,0,,,,,,,,,1,0,
688,1790093336024622080,68.8,0,0,0,0,,,,,0,,,,,0,,0,,,,,,,,,1,0,
689,1790093336124622080,68.9,0,0,0,0,,,,,0,,,,,0,,0,,,,,,,,,1,0,
690,1790093336224622080,69.0,0,0,0,0,,,,,0,,,,,0,,0,,,,,,,,,1,0,
691,1790093336324622080,69.1,0,0,0,0,,,,,0,,,,,0,,0,,,,,,,,,1,0,
692,1790093336424622080,69.2,0,0,0,0,,,,,0,,,,,0,,0,,,,,,,,,1,0,
693,1790093336524622080,69.3,0,0,0,0,,,,,0,,,,,0,,0,,,,,,,,,1,0,
694,1790093336624622080,69.4,0,0,0,0,,,,,0,,,,,0,,0,,,,,,,,,1,0,
695,1790093336724622080,69.5,0,0,0,0,,,,,0,,,,,0,,0,,,,,,,,,1,0,
696,1790093336824622080,69.6,0,0,0,0,,,,,0,,,,,0,,0,,,,,,,,,1,0,
697,1790093336924622080,69.7,0,0,0,0,,,,,0,,,,,0,,0,,,,,,,,,1,0,
698,1790093337024622080,69.8,0,0,0,0,,,,,0,,,,,0,,0,,,,,,,,,1,0,
699,1790093337124622080,69.9,0,0,0,0,,,,,0,,,,,0,,0,,,,,,,,,1,0,
700,1790093337224622080,70.0,0,0,0,0,,,,,0,,,,,0,,0,,,,,,,,,1,0,
701,1790093337324622080,70.1,0,0,0,0,,,,,0,,,,,0,,0,,,,,,,,,1,0,
702,1790093337424622080,70.2,0,0,0,0,,,,,0,,,,,0,,0,,,,,,,,,1,0,
703,1790093337524622080,70.3,0,0,0,0,,,,,0,,,,,0,,0,,,,,,,,,1,0,
704,1790093337624622080,70.4,0,0,0,0,,,,,0,,,,,0,,0,,,,,,,,,1,0,
705,1790093337724622080,70.5,0,0,0,0,,,,,0,,,,,0,,0,,,,,,,,,1,0,
706,1790093337824622080,70.6,0,0,0,0,,,,,0,,,,,0,,0,,,,,,,,,1,0,
707,1790093337924622080,70.7,0,0,0,0,,,,,0,,,,,0,,0,,,,,,,,,1,0,
708,1790093338024622080,70.8,0,0,0,0,,,,,0,,,,,0,,0,,,,,,,,,1,0,
709,1790093338124622080,70.9,0,0,0,0,,,,,0,,,,,0,,0,,,,,,,,,1,0,
710,1790093338224622080,71.0,0,0,0,0,,,,,0,,,,,0,,0,,,,,,,,,1,0,
711,1790093338324622080,71.1,0,0,0,0,,,,,0,,,,,0,,0,,,,,,,,,1,0,
712,1790093338424622080,71.2,0,0,0,0,,,,,0,,,,,0,,0,,,,,,,,,1,0,
713,1790093338524622080,71.3,0,0,0,0,,,,,0,,,,,0,,0,,,,,,,,,1,0,
714,1790093338624622080,71.4,0,0,0,0,,,,,0,,,,,0,,0,,,,,,,,,1,0,
715,1790093338724622080,71.5,0,0,0,0,,,,,0,,,,,0,,0,,,,,,,,,1,0,
716,1790093338824622080,71.6,0,0,0,0,,,,,0,,,,,0,,0,,,,,,,,,1,0,
717,1790093338924622080,71.7,0,0,0,0,,,,,0,,,,,0,,0,,,,,,,,,1,0,
718,1790093339024622080,71.8,0,0,0,0,,,,,0,,,,,0,,0,,,,,,,,,1,0,
719,1790093339124622080,71.9,0,0,0,0,,,,,0,,,,,0,,0,,,,,,,,,1,0,
720,1790093339224622080,72.0,0,0,0,0,,,,,0,,,,,0,,0,,,,,,,,,1,0,
721,1790093339324622080,72.1,0,0,0,0,,,,,0,,,,,0,,0,,,,,,,,,1,0,
722,1790093339424622080,72.2,0,0,0,0,,,,,0,,,,,0,,0,,,,,,,,,1,0,
723,1790093339524622080,72.3,0,0,0,0,,,,,0,,,,,0,,0,,,,,,,,,1,0,
724,1790093339624622080,72.4,0,0,0,0,,,,,0,,,,,0,,0,,,,,,,,,1,0,
725,1790093339724622080,72.5,0,0,0,0,,,,,0,,,,,0,,0,,,,,,,,,1,0,
726,1790093339824622080,72.6,0,0,0,0,,,,,0,,,,,0,,0,,,,,,,,,1,0,
727,1790093339924622080,72.7,0,0,0,0,,,,,0,,,,,0,,0,,,,,,,,,1,0,
728,1790093340024622080,72.8,0,0,0,0,,,,,0,,,,,0,,0,,,,,,,,,1,0,
729,1790093340124622080,72.9,0,0,0,0,,,,,0,,,,,0,,0,,,,,,,,,1,0,
730,1790093340224622080,73.0,0,0,0,0,,,,,0,,,,,0,,0,,,,,,,,,1,0,
731,1790093340324622080,73.1,0,0,0,0,,,,,0,,,,,0,,0,,,,,,,,,1,0,
732,1790093340424622080,73.2,0,0,0,0,,,,,0,,,,,0,,0,,,,,,,,,1,0,
733,1790093340524622080,73.3,0,0,0,0,,,,,0,,,,,0,,0,,,,,,,,,1,0,
734,1790093340624622080,73.4,0,0,0,0,,,,,0,,,,,0,,0,,,,,,,,,1,0,
735,1790093340724622080,73.5,0,0,0,0,,,,,0,,,,,0,,0,,,,,,,,,1,0,
736,1790093340824622080,73.6,0,0,0,0,,,,,0,,,,,0,,0,,,,,,,,,1,0,
737,1790093340924622080,73.7,0,0,0,0,,,,,0,,,,,0,,0,,,,,,,,,1,0,
738,1790093341024622080,73.8,0,0,0,0,,,,,0,,,,,0,,0,,,,,,,,,1,0,
739,1790093341124622080,73.9,0,0,0,0,,,,,0,,,,,0,,0,,,,,,,,,1,0,
740,1790093341224622080,74.0,0,0,0,0,,,,,0,,,,,0,,0,,,,,,,,,1,0,
741,1790093341324622080,74.1,0,0,0,0,,,,,0,,,,,0,,0,,,,,,,,,1,0,
742,1790093341424622080,74.2,0,0,0,0,,,,,0,,,,,0,,0,,,,,,,,,1,0,
743,1790093341524622080,74.3,0,0,0,0,,,,,0,,,,,0,,0,,,,,,,,,1,0,
744,1790093341624622080,74.4,0,0,0,0,,,,,0,,,,,0,,0,,,,,,,,,1,0,
745,1790093341724622080,74.5,0,0,0,0,,,,,0,,,,,0,,0,,,,,,,,,1,0,
746,1790093341824622080,74.6,0,0,0,0,,,,,0,,,,,0,,0,,,,,,,,,1,0,
747,1790093341924622080,74.7,0,0,0,0,,,,,0,,,,,0,,0,,,,,,,,,1,0,
748,1790093342024622080,74.8,0,0,0,0,,,,,0,,,,,0,,0,,,,,,,,,1,0,
749,1790093342124622080,74.9,0,0,0,0,,,,,0,,,,,0,,0,,,,,,,,,1,0,
750,1790093342224622080,75.0,0,0,0,0,,,,,0,,,,,0,,0,,,,,,,,,1,0,
751,1790093342324622080,75.1,0,0,0,0,,,,,0,,,,,0,,0,,,,,,,,,1,0,
752,1790093342424622080,75.2,0,0,0,0,,,,,0,,,,,0,,0,,,,,,,,,1,0,
753,1790093342524622080,75.3,0,0,0,0,,,,,0,,,,,0,,0,,,,,,,,,1,0,
754,1790093342624622080,75.4,0,0,0,0,,,,,0,,,,,0,,0,,,,,,,,,1,0,
755,1790093342724622080,75.5,0,0,0,0,,,,,0,,,,,0,,0,,,,,,,,,1,0,
756,1790093342824622080,75.6,0,0,0,0,,,,,0,,,,,0,,0,,,,,,,,,1,0,
