step,t_ns,elapsed_s,n_up,n_down,bytes_up,bytes_down,iat_med_up_ms,iat_p90_up_ms,iat_max_up_ms,iat_mad_up_ms,burst_up,iat_med_down_ms,iat_p90_down_ms,iat_max_down_ms,iat_mad_down_ms,burst_down,updown_ratio,pair_n,pair_med_ms,pair_min_ms,pair_max_ms,q_up_ms,q_down_ms,q_pair_ms,q_hat_ms,q_min_ms,baseline_done,degraded,t_det_meta_ns
1,1790092354291490816,0.1,1,0,112,0,,,,,0,,,,,0,,0,,,,,,,,,0,0,
2,1790092354391490816,0.2,1,0,112,0,,,,,0,,,,,0,,0,,,,,,,,,0,0,
3,1790092354491490816,0.3,1,0,112,0,,,,,0,,,,,0,,0,,,,,,,,,0,0,
4,1790092354591490816,0.4,1,0,112,0,,,,,0,,,,,0,,0,,,,,,,,,0,0,
5,1790092354691490816,0.5,1,0,112,0,,,,,0,,,,,0,,0,,,,,,,,,0,0,
6,1790092354791490816,0.6,1,0,112,0,,,,,0,,,,,0,,0,,,,,,,,,0,0,
7,1790092354891490816,0.7,1,0,112,0,,,,,0,,,,,0,,0,,,,,,,,,0,0,
8,1790092354991490816,0.8,1,0,112,0,,,,,0,,,,,0,,0,,,,,,,,,0,0,
9,1790092355091490816,0.9,2,0,224,0,764.04,764.04,764.04,0.0,1,,,,,0,,0,,,,,,,,,0,0,
10,1790092355191490816,1.0,2,0,224,0,764.04,764.04,764.04,0.0,1,,,,,0,,0,,,,,,,,,0,0,
11,1790092355291490816,1.1,1,0,112,0,,,,,0,,,,,0,,0,,,,,,,,,0,0,
12,1790092355391490816,1.2,1,0,112,0,,,,,0,,,,,0,,0,,,,,,,,,0,0,
13,1790092355491490816,1.3,1,0,112,0,,,,,0,,,,,0,,0,,,,,,,,,0,0,
14,1790092355591490816,1.4,1,0,112,0,,,,,0,,,,,0,,0,,,,,,,,,0,0,
15,1790092355691490816,1.5,1,0,112,0,,,,,0,,,,,0,,0,,,,,,,,,0,0,
16,1790092355791490816,1.6,2,0,224,0,751.673,751.673,751.673,0.0,1,,,,,0,,0,,,,,,,,,0,0,
17,1790092355891490816,1.7,2,0,224,0,751.673,751.673,751.673,0.0,1,,,,,0,,0,,,,,,,,,0,0,
18,1790092355991490816,1.8,1,0,112,0,,,,,0,,,,,0,,0,,,,,,,,,0,0,
19,1790092356091490816,1.9,1,0,112,0,,,,,0,,,,,0,,0,,,,,,,,,0,0,
20,1790092356191490816,2.0,1,0,112,0,,,,,0,,,,,0,,0,,,,,,,,,0,0,
21,1790092356291490816,2.1,1,0,112,0,,,,,0,,,,,0,,0,,,,,,,,,0,0,
22,1790092356391490816,2.2,1,0,112,0,,,,,0,,,,,0,,0,,,,,,,,,0,0,
23,1790092356491490816,2.3,1,0,112,0,,,,,0,,,,,0,,0,,,,,,,,,0,0,
24,1790092356591490816,2.4,1,0,112,0,,,,,0,,,,,0,,0,,,,,,,,,0,0,
25,1790092356691490816,2.5,1,0,112,0,,,,,0,,,,,0,,0,,,,,,,,,0,0,
26,1790092356791490816,2.6,0,0,0,0,,,,,0,,,,,0,,0,,,,,,,,,0,0,
27,1790092356891490816,2.7,0,0,0,0,,,,,0,,,,,0,,0,,,,,,,,,0,0,
28,1790092356991490816,2.8,0,0,0,0,,,,,0,,,,,0,,0,,,,,,,,,0,0,
29,1790092357091490816,2.9,0,0,0,0,,,,,0,,,,,0,,0,,,,,,,,,0,0,
30,1790092357191490816,3.0,0,0,0,0,,,,,0,,,,,0,,0,,,,,,,,,0,0,
31,1790092357291490816,3.1,0,0,0,0,,,,,0,,,,,0,,0,,,,,,,,,0,0,
32,1790092357391490816,3.2,0,0,0,0,,,,,0,,,,,0,,0,,,,,,,,,0,0,
33,1790092357491490816,3.3,0,0,0,0,,,,,0,,,,,0,,0,,,,,,,,,0,0,
34,1790092357591490816,3.4,0,0,0,0,,,,,0,,,,,0,,0,,,,,,,,,0,0,
35,1790092357691490816,3.5,0,0,0,0,,,,,0,,,,,0,,0,,,,,,,,,0,0,
36,1790092357791490816,3.6,0,0,0,0,,,,,0,,,,,0,,0,,,,,,,,,0,0,
37,1790092357891490816,3.7,0,0,0,0,,,,,0,,,,,0,,0,,,,,,,,,0,0,
38,1790092357991490816,3.8,0,0,0,0,,,,,0,,,,,0,,0,,,,,,,,,0,0,
39,1790092358091490816,3.9,0,0,0,0,,,,,0,,,,,0,,0,,,,,,,,,0,0,
40,1790092358191490816,4.0,0,0,0,0,,,,,0,,,,,0,,0,,,,,,,,,0,0,
41,1790092358291490816,4.1,0,0,0,0,,,,,0,,,,,0,,0,,,,,,,,,0,0,
42,1790092358391490816,4.2,0,0,0,0,,,,,0,,,,,0,,0,,,,,,,,,0,0,
43,1790092358491490816,4.3,0,0,0,0,,,,,0,,,,,0,,0,,,,,,,,,0,0,
44,1790092358591490816,4.4,0,0,0,0,,,,,0,,,,,0,,0,,,,,,,,,0,0,
45,1790092358691490816,4.5,0,0,0,0,,,,,0,,,,,0,,0,,,,,,,,,0,0,
46,1790092358791490816,4.6,0,0,0,0,,,,,0,,,,,0,,0,,,,,,,,,0,0,
47,1790092358891490816,4.7,0,0,0,0,,,,,0,,,,,0,,0,,,,,,,,,0,0,
48,1790092358991490816,4.8,0,0,0,0,,,,,0,,,,,0,,0,,,,,,,,,0,0,
49,1790092359091490816,4.9,0,0,0,0,,,,,0,,,,,0,,0,,,,,,,,,0,0,
50,1790092359191490816,5.0,0,0,0,0,,,,,0,,,,,0,,0,,,,,,,,,0,0,
51,1790092359291490816,5.1,0,0,0,0,,,,,0,,,,,0,,0,,,,,,,,,0,0,
52,1790092359391490816,5.2,0,0,0,0,,,,,0,,,,,0,,0,,,,,,,,,0,0,
53,1790092359491490816,5.3,0,0,0,0,,,,,0,,,,,0,,0,,,,,,,,,0,0,
54,1790092359591490816,5.4,0,0,0,0,,,,,0,,,,,0,,0,,,,,,,,,0,0,
55,1790092359691490816,5.5,0,0,0,0,,,,,0,,,,,0,,0,,,,,,,,,0,0,
56,1790092359791490816,5.6,0,0,0,0,,,,,0,,,,,0,,0,,,,,,,,,0,0,
57,1790092359891490816,5.7,0,0,0,0,,,,,0,,,,,0,,0,,,,,,,,,0,0,
58,1790092359991490816,5.8,0,0,0,0,,,,,0,,,,,0,,0,,,,,,,,,0,0,
59,1790092360091490816,5.9,0,0,0,0,,,,,0,,,,,0,,0,,,,,,,,,0,0,
60,1790092360191490816,6.0,0,0,0,0,,,,,0,,,,,0,,0,,,,,,,,,0,0,
61,1790092360291490816,6.1,0,0,0,0,,,,,0,,,,,0,,0,,,,,,,,,0,0,
62,1790092360391490816,6.2,0,0,0,0,,,,,0,,,,,0,,0,,,,,,,,,0,0,
63,1790092360491490816,6.3,0,0,0,0,,,,,0,,,,,0,,0,,,,,,,,,0,0,
64,1790092360591490816,6.4,0,0,0,0,,,,,0,,,,,0,,0,,,,,,,,,0,0,
65,1790092360691490816,6.5,0,0,0,0,,,,,0,,,,,0,,0,,,,,,,,,0,0,
66,1790092360791490816,6.6,0,0,0,0,,,,,0,,,,,0,,0,,,,,,,,,0,0,
67,1790092360891490816,6.7,0,0,0,0,,,,,0,,,,,0,,0,,,,,,,,,0,0,
68,1790092360991490816,6.8,0,0,0,0,,,,,0,,,,,0,,0,,,,,,,,,0,0,
69,1790092361091490816,6.9,0,0,0,0,,,,,0,,,,,0,,0,,,,,,,,,0,0,
70,1790092361191490816,7.0,0,0,0,0,,,,,0,,,,,0,,0,,,,,,,,,0,0,
71,1790092361291490816,7.1,0,0,0,0,,,,,0,,,,,0,,0,,,,,,,,,0,0,
72,1790092361391490816,7.2,0,0,0,0,,,,,0,,,,,0,,0,,,,,,,,,0,0,
73,1790092361491490816,7.3,0,0,0,0,,,,,0,,,,,0,,0,,,,,,,,,0,0,
74,1790092361591490816,7.4,0,0,0,0,,,,,0,,,,,0,,0,,,,,,,,,0,0,
75,1790092361691490816,7.5,0,0,0,0,,,,,0,,,,,0,,0,,,,,,,,,0,0,
76,1790092361791490816,7.6,0,0,0,0,,,,,0,,,,,0,,0,,,,,,,,,0,0,
77,1790092361891490816,7.7,0,0,0,0,,,,,0,,,,,0,,0,,,,,,,,,0,0,
78,1790092361991490816,7.8,0,0,0,0,,,,,0,,,,,0,,0,,,,,,,,,0,0,
79,1790092362091490816,7.9,0,0,0,0,,,,,0,,,,,0,,0,,,,,,,,,0,0,
80,1790092362191490816,8.0,0,0,0,0,,,,,0,,,,,0,,0,,,,,,,,,0,0,
81,1790092362291490816,8.1,0,0,0,0,,,,,0,,,,,0,,0,,,,,,,,,0,0,
82,1790092362391490816,8.2,0,0,0,0,,,,,0,,,,,0,,0,,,,,,,,,0,0,
83,1790092362491490816,8.3,0,0,0,0,,,,,0,,,,,0,,0,,,,,,,,,0,0,
84,1790092362591490816,8.4,0,0,0,0,,,,,0,,,,,0,,0,,,,,,,,,0,0,
85,1790092362691490816,8.5,0,0,0,0,,,,,0,,,,,0,,0,,,,,,,,,0,0,
86,1790092362791490816,8.6,0,0,0,0,,,,,0,,,,,0,,0,,,,,,,,,0,0,
87,1790092362891490816,8.7,0,0,0,0,,,,,0,,,,,0,,0,,,,,,,,,0,0,
88,1790092362991490816,8.8,0,0,0,0,,,,,0,,,,,0,,0,,,,,,,,,0,0,
89,1790092363091490816,8.9,0,0,0,0,,,,,0,,,,,0,,0,,,,,,,,,0,0,
90,1790092363191490816,9.0,0,0,0,0,,,,,0,,,,,0,,0,,,,,,,,,0,0,
91,1790092363291490816,9.1,0,0,0,0,,,,,0,,,,,0,,0,,,,,,,,,0,0,
92,1790092363391490816,9.2,0,0,0,0,,,,,0,,,,,0,,0,,,,,,,,,0,0,
93,1790092363491490816,9.3,0,0,0,0,,,,,0,,,,,0,,0,,,,,,,,,0,0,
94,1790092363591490816,9.4,0,0,0,0,,,,,0,,,,,0,,0,,,,,,,,,0,0,
95,1790092363691490816,9.5,0,0,0,0,,,,,0,,,,,0,,0,,,,,,,,,0,0,
96,1790092363791490816,9.6,0,0,0,0,,,,,0,,,,,0,,0,,,,,,,,,0,0,
97,1790092363891490816,9.7,0,0,0,0,,,,,0,,,,,0,,0,,,,,,,,,0,0,
98,1790092363991490816,9.8,0,0,0,0,,,,,0,,,,,0,,0,,,,,,,,,0,0,
99,1790092364091490816,9.9,0,0,0,0,,,,,0,,,,,0,,0,,,,,,,,,0,0,
100,1790092364191490816,10.0,0,0,0,0,,,,,0,,,,,0,,0,,,,,,,,,0,0,
101,1790092364291490816,10.1,0,1,0,32,,,,,0,,,,,0,0.0,0,,,,,,,,,0,0,
102,1790092364391490816,10.2,0,1,0,32,,,,,0,,,,,0,0.0,0,,,,,,,,,0,0,
103,1790092364491490816,10.3,0,1,0,32,,,,,0,,,,,0,0.0,0,,,,,,,,,0,0,
104,1790092364591490816,10.4,0,1,0,32,,,,,0,,,,,0,0.0,0,,,,,,,,,0,0,
105,1790092364691490816,10.5,0,1,0,32,,,,,0,,,,,0,0.0,0,,,,,,,,,0,0,
106,1790092364791490816,10.6,0,1,0,32,,,,,0,,,,,0,0.0,0,,,,,,,,,0,0,
107,1790092364891490816,10.7,0,1,0,32,,,,,0,,,,,0,0.0,0,,,,,,,,,0,0,
108,1790092364991490816,10.8,0,1,0,32,,,,,0,,,,,0,0.0,0,,,,,,,,,0,0,
109,1790092365091490816,10.9,0,1,0,32,,,,,0,,,,,0,0.0,0,,,,,,,,,0,0,
110,1790092365191490816,11.0,0,1,0,32,,,,,0,,,,,0,0.0,0,,,,,,,,,0,0,
111,1790092365291490816,11.1,0,0,0,0,,,,,0,,,,,0,,0,,,,,,,,,0,0,
112,1790092365391490816,11.2,0,0,0,0,,,,,0,,,,,0,,0,,,,,,,,,0,0,
113,1790092365491490816,11.3,0,0,0,0,,,,,0,,,,,0,,0,,,,,,,,,0,0,
114,1790092365591490816,11.4,0,0,0,0,,,,,0,,,,,0,,0,,,,,,,,,0,0,
115,1790092365691490816,11.5,0,0,0,0,,,,,0,,,,,0,,0,,,,,,,,,0,0,
116,1790092365791490816,11.6,0,0,0,0,,,,,0,,,,,0,,0,,,,,,,,,0,0,
117,1790092365891490816,11.7,0,0,0,0,,,,,0,,,,,0,,0,,,,,,,,,0,0,
118,1790092365991490816,11.8,0,0,0,0,,,,,0,,,,,0,,0,,,,,,,,,0,0,
119,1790092366091490816,11.9,0,0,0,0,,,,,0,,,,,0,,0,,,,,,,,,0,0,
120,1790092366191490816,12.0,0,0,0,0,,,,,0,,,,,0,,0,,,,,,,,,0,0,
121,1790092366291490816,12.1,0,0,0,0,,,,,0,,,,,0,,0,,,,,,,,,0,0,
122,1790092366391490816,12.2,0,0,0,0,,,,,0,,,,,0,,0,,,,,,,,,0,0,
123,1790092366491490816,12.3,0,0,0,0,,,,,0,,,,,0,,0,,,,,,,,,0,0,
124,1790092366591490816,12.4,0,0,0,0,,,,,0,,,,,0,,0,,,,,,,,,0,0,
125,1790092366691490816,12.5,0,0,0,0,,,,,0,,,,,0,,0,,,,,,,,,0,0,
126,1790092366791490816,12.6,0,0,0,0,,,,,0,,,,,0,,0,,,,,,,,,0,0,
127,1790092366891490816,12.7,0,0,0,0,,,,,0,,,,,0,,0,,,,,,,,,0,0,
128,1790092366991490816,12.8,0,0,0,0,,,,,0,,,,,0,,0,,,,,,,,,0,0,
129,1790092367091490816,12.9,0,0,0,0,,,,,0,,,,,0,,0,,,,,,,,,0,0,
130,1790092367191490816,13.0,0,0,0,0,,,,,0,,,,,0,,0,,,,,,,,,0,0,
131,1790092367291490816,13.1,0,0,0,0,,,,,0,,,,,0,,0,,,,,,,,,0,0,
132,1790092367391490816,13.2,0,0,0,0,,,,,0,,,,,0,,0,,,,,,,,,0,0,
133,1790092367491490816,13.3,0,0,0,0,,,,,0,,,,,0,,0,,,,,,,,,0,0,
134,1790092367591490816,13.4,0,0,0,0,,,,,0,,,,,0,,0,,,,,,,,,0,0,
135,1790092367691490816,13.5,0,0,0,0,,,,,0,,,,,0,,0,,,,,,,,,0,0,
136,1790092367791490816,13.6,0,0,0,0,,,,,0,,,,,0,,0,,,,,,,,,0,0,
137,1790092367891490816,13.7,0,0,0,0,,,,,0,,,,,0,,0,,,,,,,,,0,0,
138,1790092367991490816,13.8,0,0,0,0,,,,,0,,,,,0,,0,,,,,,,,,0,0,
139,1790092368091490816,13.9,0,0,0,0,,,,,0,,,,,0,,0,,,,,,,,,0,0,
140,1790092368191490816,14.0,0,0,0,0,,,,,0,,,,,0,,0,,,,,,,,,0,0,
141,1790092368291490816,14.1,0,0,0,0,,,,,0,,,,,0,,0,,,,,,,,,0,0,
142,1790092368391490816,14.2,0,0,0,0,,,,,0,,,,,0,,0,,,,,,,,,0,0,
143,1790092368491490816,14.3,0,0,0,0,,,,,0,,,,,0,,0,,,,,,,,,0,0,
144,1790092368591490816,14.4,0,0,0,0,,,,,0,,,,,0,,0,,,,,,,,,0,0,
145,1790092368691490816,14.5,0,0,0,0,,,,,0,,,,,0,,0,,,,,,,,,0,0,
146,1790092368791490816,14.6,0,0,0,0,,,,,0,,,,,0,,0,,,,,,,,,0,0,
147,1790092368891490816,14.7,0,0,0,0,,,,,0,,,,,0,,0,,,,,,,,,0,0,
148,1790092368991490816,14.8,0,0,0,0,,,,,0,,,,,0,,0,,,,,,,,,0,0,
149,1790092369091490816,14.9,0,0,0,0,,,,,0,,,,,0,,0,,,,,,,,,0,0,
150,1790092369191490816,15.0,0,0,0,0,,,,,0,,,,,0,,0,,,,,,,,,0,0,
151,1790092369291490816,15.1,0,0,0,0,,,,,0,,,,,0,,0,,,,,,,,,0,0,
152,1790092369391490816,15.2,0,0,0,0,,,,,0,,,,,0,,0,,,,,,,,,0,0,
153,1790092369491490816,15.3,0,0,0,0,,,,,0,,,,,0,,0,,,,,,,,,0,0,
154,1790092369591490816,15.4,0,0,0,0,,,,,0,,,,,0,,0,,,,,,,,,0,0,
155,1790092369691490816,15.5,0,0,0,0,,,,,0,,,,,0,,0,,,,,,,,,0,0,
156,1790092369791490816,15.6,0,0,0,0,,,,,0,,,,,0,,0,,,,,,,,,0,0,
157,1790092369891490816,15.7,0,0,0,0,,,,,0,,,,,0,,0,,,,,,,,,0,0,
158,1790092369991490816,15.8,0,0,0,0,,,,,0,,,,,0,,0,,,,,,,,,0,0,
159,1790092370091490816,15.9,0,0,0,0,,,,,0,,,,,0,,0,,,,,,,,,0,0,
160,1790092370191490816,16.0,0,0,0,0,,,,,0,,,,,0,,0,,,,,,,,,0,0,
161,1790092370291490816,16.1,0,0,0,0,,,,,0,,,,,0,,0,,,,,,,,,0,0,
162,1790092370391490816,16.2,0,0,0,0,,,,,0,,,,,0,,0,,,,,,,,,0,0,
163,1790092370491490816,16.3,0,0,0,0,,,,,0,,,,,0,,0,,,,,,,,,0,0,
164,1790092370591490816,16.4,0,0,0,0,,,,,0,,,,,0,,0,,,,,,,,,0,0,
165,1790092370691490816,16.5,0,0,0,0,,,,,0,,,,,0,,0,,,,,,,,,0,0,
166,1790092370791490816,16.6,0,0,0,0,,,,,0,,,,,0,,0,,,,,,,,,0,0,
167,1790092370891490816,16.7,0,0,0,0,,,,,0,,,,,0,,0,,,,,,,,,0,0,
168,1790092370991490816,16.8,0,0,0,0,,,,,0,,,,,0,,0,,,,,,,,,0,0,
169,1790092371091490816,16.9,0,0,0,0,,,,,0,,,,,0,,0,,,,,,,,,0,0,
170,1790092371191490816,17.0,0,0,0,0,,,,,0,,,,,0,,0,,,,,,,,,0,0,
171,1790092371291490816,17.1,0,0,0,0,,,,,0,,,,,0,,0,,,,,,,,,0,0,
172,1790092371391490816,17.2,0,0,0,0,,,,,0,,,,,0,,0,,,,,,,,,0,0,
173,1790092371491490816,17.3,0,0,0,0,,,,,0,,,,,0,,0,,,,,,,,,0,0,
174,1790092371591490816,17.4,0,0,0,0,,,,,0,,,,,0,,0,,,,,,,,,0,0,
175,1790092371691490816,17.5,0,0,0,0,,,,,0,,,,,0,,0,,,,,,,,,0,0,
176,1790092371791490816,17.6,0,0,0,0,,,,,0,,,,,0,,0,,,,,,,,,0,0,
177,1790092371891490816,17.7,0,0,0,0,,,,,0,,,,,0,,0,,,,,,,,,0,0,
178,1790092371991490816,17.8,0,0,0,0,,,,,0,,,,,0,,0,,,,,,,,,0,0,
179,1790092372091490816,17.9,0,0,0,0,,,,,0,,,,,0,,0,,,,,,,,,0,0,
180,1790092372191490816,18.0,1,0,96,0,,,,,0,,,,,0,,0,,,,,,,,,0,0,
181,1790092372291490816,18.1,3,2,288,192,42.944,49.605,49.605,6.661,1,35.387,35.387,35.387,0.0,1,1.5,2,33.108,32.66,33.556,,,,,,0,0,
182,1790092372391490816,18.2,5,4,480,384,49.913,50.251,50.251,3.646,1,49.878,53.023,53.023,5.879,1,1.25,4,33.245,32.66,35.705,,,,,,0,0,
183,1790092372491490816,18.3,7,6,672,576,49.913,50.251,50.293,2.557,1,49.558,53.023,53.023,4.04,1,1.1667,6,32.877,32.66,35.705,,,,,,0,0,
184,1790092372591490816,18.4,9,8,864,768,49.923,50.251,50.293,1.918,1,49.558,50.524,53.023,3.052,1,1.125,8,32.877,32.484,35.705,,,,,,0,0,
185,1790092372691490816,18.5,11,10,1056,960,49.923,50.293,50.877,1.653,1,49.558,50.524,53.023,2.471,1,1.1,10,32.809,32.076,35.705,,,,,,0,0,
186,1790092372791490816,18.6,13,12,1248,1152,49.923,50.293,50.877,1.396,1,49.801,50.72,53.023,2.127,1,1.0833,12,32.782,32.076,35.705,,,,,,0,0,
187,1790092372891490816,18.7,15,14,1472,1344,49.923,50.877,51.275,1.299,1,49.801,50.72,53.023,1.843,1,1.0952,14,32.782,32.076,35.705,,,,,,0,0,
188,1790092372991490816,18.8,17,16,1696,1536,49.923,50.877,51.275,1.195,1,49.801,51.437,53.023,1.735,1,1.1042,16,32.803,32.076,35.705,,,,,,0,0,
189,1790092373091490816,18.9,19,18,1920,1728,49.923,50.877,51.275,1.123,1,49.878,50.783,53.023,1.606,1,1.1111,18,32.803,32.076,35.705,,,,,,0,0,
190,1790092373191490816,19.0,19,19,1952,1824,49.94,50.877,51.275,0.393,1,49.937,50.783,53.023,0.764,1,1.0702,19,32.798,32.076,35.705,,,,,,0,0,
191,1790092373291490816,19.1,19,19,1984,1824,49.885,50.877,51.275,0.378,1,49.852,50.72,51.437,0.613,1,1.0877,19,32.78,31.615,35.705,,,,,,0,0,
192,1790092373391490816,19.2,19,19,2016,1824,49.923,50.877,51.275,0.353,1,50.058,50.72,51.437,0.497,1,1.1053,19,32.766,31.615,33.052,,,,,,0,0,
193,1790092373491490816,19.3,19,19,2048,1824,49.925,50.877,51.275,0.359,1,50.057,50.72,51.437,0.434,1,1.1228,19,32.741,31.615,32.962,,,,,,0,0,
194,1790092373591490816,19.4,19,19,2080,1824,49.925,50.92,51.275,0.408,1,50.09,50.783,51.437,0.445,1,1.1404,19,32.78,31.615,33.012,,,,,,0,0,
195,1790092373691490816,19.5,19,19,2112,1824,49.955,50.92,51.275,0.449,1,50.09,50.783,51.437,0.484,1,1.1579,19,32.801,31.615,33.012,,,,,,0,0,
196,1790092373791490816,19.6,19,19,2128,1824,49.952,50.584,51.14,0.387,1,50.057,50.783,51.437,0.488,1,1.1667,19,32.809,31.615,33.012,,,,,,0,0,
197,1790092373891490816,19.7,19,19,2128,1824,50.012,50.732,51.14,0.398,1,50.057,50.714,51.095,0.414,1,1.1667,19,32.828,31.615,33.012,,,,,,0,0,
198,1790092373991490816,19.8,19,19,2128,1824,50.012,50.622,51.14,0.406,1,50.02,50.714,51.095,0.449,1,1.1667,19,32.828,31.615,33.012,,,,,,0,0,
199,1790092374091490816,19.9,19,19,2128,1824,50.012,50.622,51.14,0.387,1,50.057,50.714,51.095,0.442,1,1.1667,19,32.864,31.615,33.012,,,,,,0,0,
200,1790092374191490816,20.0,19,19,2128,1824,50.032,50.622,51.14,0.399,1,50.09,50.714,51.095,0.427,1,1.1667,19,32.904,31.842,33.012,,,,,,0,0,
201,1790092374291490816,20.1,19,19,2128,1824,50.012,50.622,51.14,0.407,1,50.057,50.666,51.095,0.44,1,1.1667,19,32.931,32.741,33.22,,,,,,0,0,
202,1790092374391490816,20.2,19,19,2128,1824,50.018,50.622,51.14,0.408,1,49.996,50.666,51.095,0.458,1,1.1667,19,32.931,32.787,33.22,,,,,,0,0,
203,1790092374491490816,20.3,19,19,2128,1824,50.018,50.584,50.732,0.305,1,49.94,50.65,50.854,0.391,1,1.1667,19,32.93,32.786,33.22,,,,,,0,0,
204,1790092374591490816,20.4,19,19,2128,1824,50.018,50.414,50.732,0.264,1,49.939,50.565,50.854,0.306,1,1.1667,19,32.884,32.769,33.22,,,,,,0,0,
205,1790092374691490816,20.5,19,19,2128,1824,50.064,50.414,50.732,0.276,1,49.922,50.565,50.854,0.339,1,1.1667,19,32.833,31.964,33.22,,,,,,0,0,
206,1790092374791490816,20.6,19,19,2128,1824,50.034,50.321,50.622,0.235,1,49.958,50.666,51.25,0.37,1,1.1667,19,32.813,31.759,33.22,,,,,,0,0,
207,1790092374891490816,20.7,19,19,2128,1824,50.018,50.249,50.36,0.168,1,49.968,50.565,51.25,0.304,1,1.1667,19,32.808,31.759,33.22,,,,,,0,0,
208,1790092374991490816,20.8,19,19,2128,1824,50.018,50.24,50.36,0.183,1,50.001,50.256,51.25,0.274,1,1.1667,19,32.808,31.759,33.22,,,,,,0,0,
209,1790092375091490816,20.9,19,19,2128,1824,50.018,50.24,50.365,0.185,1,50.001,50.517,51.25,0.309,1,1.1667,19,32.806,31.759,33.22,,,,,,0,0,
210,1790092375191490816,21.0,19,19,2128,1824,50.024,50.245,50.365,0.185,1,50.001,50.517,51.25,0.394,1,1.1667,19,32.787,31.759,32.93,,,,,,0,0,
211,1790092375291490816,21.1,19,19,2128,1824,50.07,50.365,50.684,0.242,1,50.034,50.713,51.25,0.415,1,1.1667,19,32.787,31.759,32.93,,,,,,0,0,
212,1790092375391490816,21.2,19,19,2128,1824,50.088,50.365,50.684,0.249,1,50.04,50.713,51.25,0.457,1,1.1667,19,32.797,31.759,32.93,,,,,,0,0,
213,1790092375491490816,21.3,19,19,2128,1824,50.096,50.365,50.684,0.266,1,50.058,50.713,51.25,0.465,1,1.1667,19,32.769,31.759,32.914,,,,,,0,0,
214,1790092375591490816,21.4,19,19,2128,1824,50.107,50.542,50.711,0.28,1,50.058,50.713,51.25,0.405,1,1.1667,19,32.762,31.759,32.914,,,,,,0,0,
215,1790092375691490816,21.5,19,19,2128,1824,50.082,50.542,50.711,0.309,1,50.058,50.713,51.047,0.419,1,1.1667,19,32.792,31.919,32.914,,,,,,0,0,
216,1790092375791490816,21.6,19,19,2128,1824,50.158,50.542,50.711,0.3,1,50.115,50.713,51.047,0.425,1,1.1667,19,32.828,31.919,32.957,,,,,,0,0,
217,1790092375891490816,21.7,19,19,2128,1824,50.094,50.542,50.711,0.287,1,50.058,50.713,51.047,0.426,1,1.1667,19,32.792,31.919,32.957,,,,,,0,0,
218,1790092375991490816,21.8,19,19,2128,1824,50.131,50.542,50.711,0.249,1,50.062,50.713,51.047,0.364,1,1.1667,19,32.828,31.919,32.967,,,,,,0,0,
219,1790092376091490816,21.9,19,19,2128,1824,50.131,50.542,50.711,0.271,1,50.049,50.517,50.793,0.245,1,1.1667,19,32.828,32.345,32.967,,,,,,0,0,
220,1790092376191490816,22.0,19,19,2128,1824,50.07,50.251,50.711,0.257,1,50.015,50.255,50.793,0.228,1,1.1667,19,32.832,32.345,32.967,,,,,,0,0,
221,1790092376291490816,22.1,19,19,2128,1824,50.07,50.272,50.711,0.263,1,49.978,50.215,50.793,0.247,1,1.1667,19,32.766,31.695,32.967,,,,,,0,0,
222,1790092376391490816,22.2,19,19,2128,1824,50.052,50.272,50.711,0.246,1,50.015,50.328,50.793,0.272,1,1.1667,19,32.766,31.695,32.967,,,,,,0,0,
223,1790092376491490816,22.3,19,19,2128,1824,50.052,50.272,50.738,0.277,1,50.075,50.49,51.002,0.327,1,1.1667,19,32.766,31.695,32.967,,,,,,0,0,
224,1790092376591490816,22.4,19,19,2128,1824,50.052,50.272,50.738,0.248,1,50.075,50.328,51.002,0.299,1,1.1667,19,32.766,31.695,32.967,,,,,,0,0,
225,1790092376691490816,22.5,19,19,2128,1824,50.047,50.388,50.738,0.298,1,50.02,50.49,51.002,0.33,1,1.1667,19,32.793,31.695,32.967,,,,,,0,0,
226,1790092376791490816,22.6,19,19,2128,1824,50.089,50.423,50.738,0.325,1,50.02,50.49,51.002,0.368,1,1.1667,19,32.684,31.695,32.967,,,,,,0,0,
227,1790092376891490816,22.7,19,19,2128,1824,50.005,50.423,50.738,0.334,1,50.088,50.49,51.002,0.394,1,1.1667,19,32.684,31.695,32.958,,,,,,0,0,
228,1790092376991490816,22.8,19,19,2128,1824,49.981,50.423,50.738,0.312,1,50.063,50.49,51.002,0.396,1,1.1667,19,32.751,31.695,32.954,,,,,,0,0,
229,1790092377091490816,22.9,19,19,2128,1824,49.981,50.423,50.738,0.298,1,50.063,50.772,51.002,0.466,1,1.1667,19,32.705,31.695,32.954,,,,,,0,0,
230,1790092377191490816,23.0,19,19,2128,1824,50.014,50.423,50.738,0.278,1,50.111,50.772,51.002,0.406,1,1.1667,19,32.751,31.695,32.934,,,,,,0,0,
231,1790092377291490816,23.1,19,19,2128,1824,50.06,50.646,50.738,0.305,1,50.06,50.772,51.002,0.374,1,1.1667,19,32.823,32.039,32.939,,,,,,0,0,
232,1790092377391490816,23.2,19,19,2128,1824,50.06,50.423,50.731,0.28,1,49.985,50.689,50.825,0.391,1,1.1667,19,32.853,32.039,32.948,,,,,,0,0,
233,1790092377491490816,23.3,19,19,2128,1824,50.06,50.437,50.731,0.3,1,49.998,50.689,50.825,0.342,1,1.1667,19,32.857,32.039,32.948,,,,,,0,0,
234,1790092377591490816,23.4,19,19,2128,1824,50.06,50.437,50.889,0.299,1,49.998,50.413,50.825,0.336,1,1.1667,19,32.857,32.039,32.948,-0.071,-0.274,0.051,-0.071,-0.071,1,0,
235,1790092377691490816,23.5,19,19,2128,1824,50.108,50.437,50.889,0.262,1,50.105,50.689,51.159,0.353,1,1.1667,19,32.859,32.039,32.948,-0.071,0.003,0.052,0.003,0.003,1,0,
236,1790092377791490816,23.6,19,19,2128,1824,50.06,50.437,50.889,0.29,1,50.06,50.689,51.159,0.36,1,1.1667,19,32.882,32.077,32.948,-0.071,0.003,0.075,0.003,0.003,1,0,
237,1790092377891490816,23.7,19,19,2128,1824,50.135,50.437,50.889,0.276,1,50.105,50.689,51.159,0.375,1,1.1667,19,32.882,32.077,32.948,-0.071,0.003,0.075,0.003,0.003,1,0,
238,1790092377991490816,23.8,19,19,2128,1824,50.108,50.437,50.889,0.267,1,50.121,50.413,51.159,0.292,1,1.1667,19,32.882,32.676,32.948,-0.071,-0.274,0.075,-0.071,-0.071,1,0,
239,1790092378091490816,23.9,19,19,2128,1824,50.135,50.529,50.889,0.292,1,50.134,50.499,51.159,0.306,1,1.1667,19,32.905,32.676,32.96,0.021,-0.188,0.098,0.021,0.021,1,0,
240,1790092378191490816,24.0,19,19,2128,1824,50.073,50.437,50.889,0.279,1,50.121,50.499,51.159,0.313,1,1.1667,19,32.916,32.676,32.96,-0.071,-0.188,0.109,-0.071,-0.071,1,0,
241,1790092378291490816,24.1,19,19,2128,1824,50.101,50.437,50.889,0.238,1,50.121,50.499,51.159,0.308,1,1.1667,19,32.901,32.475,32.96,-0.071,-0.188,0.094,-0.071,-0.071,1,0,
242,1790092378391490816,24.2,19,19,2128,1824,50.073,50.256,50.889,0.226,1,50.132,50.499,51.159,0.314,1,1.1667,19,32.916,32.475,32.96,-0.252,-0.188,0.109,-0.188,-0.188,1,0,
243,1790092378491490816,24.3,19,19,2128,1824,50.073,50.256,50.802,0.254,1,50.132,50.639,51.159,0.334,1,1.1667,19,32.914,32.475,32.96,-0.252,-0.047,0.107,-0.047,-0.047,1,0,
244,1790092378591490816,24.4,19,19,2128,1824,50.041,50.529,50.802,0.31,1,50.114,50.639,50.847,0.362,1,1.1667,19,32.901,32.475,32.96,0.021,-0.047,0.094,0.021,0.021,1,0,
245,1790092378691490816,24.5,19,19,2128,1824,50.073,50.529,50.802,0.283,1,50.096,50.639,50.847,0.356,1,1.1667,19,32.861,32.475,32.96,0.021,-0.047,0.054,0.021,0.021,1,0,
246,1790092378791490816,24.6,19,19,2128,1824,50.041,50.529,50.802,0.281,1,50.012,50.639,50.847,0.353,1,1.1667,19,32.861,32.475,32.96,0.021,-0.047,0.054,0.021,0.021,1,0,
247,1790092378891490816,24.7,19,19,2128,1824,50.049,50.529,50.802,0.287,1,49.922,50.72,50.969,0.408,1,1.1667,19,32.856,31.755,32.96,0.021,0.034,0.049,0.034,0.034,1,0,
248,1790092378991490816,24.8,19,19,2128,1824,50.049,50.518,50.802,0.284,1,49.981,50.72,50.969,0.392,1,1.1667,19,32.856,31.755,32.953,0.01,0.034,0.049,0.034,0.034,1,0,
249,1790092379091490816,24.9,19,19,2128,1824,50.068,50.518,50.802,0.315,1,49.963,50.72,50.969,0.44,1,1.1667,19,32.853,31.755,32.953,0.01,0.034,0.046,0.034,0.034,1,0,
250,1790092379191490816,25.0,19,19,2128,1824,50.006,50.518,50.802,0.328,1,50.053,50.72,50.969,0.391,1,1.1667,19,32.853,31.755,32.943,0.01,0.034,0.046,0.034,0.034,1,0,
251,1790092379291490816,25.1,19,19,2128,1824,50.066,50.518,50.802,0.336,1,50.053,50.72,50.969,0.423,1,1.1667,19,32.845,31.755,32.943,0.01,0.034,0.038,0.034,0.034,1,0,
252,1790092379391490816,25.2,19,19,2128,1824,50.066,50.36,50.769,0.269,1,49.908,50.479,50.969,0.447,1,1.1667,19,32.82,31.67,32.943,-0.148,-0.207,0.013,-0.148,-0.148,1,0,
253,1790092379491490816,25.3,19,19,2128,1824,50.083,50.325,50.518,0.213,1,50.053,50.479,51.228,0.451,1,1.1667,19,32.82,31.67,32.943,-0.183,-0.207,0.013,-0.183,-0.183,1,0,
254,1790092379591490816,25.4,19,19,2128,1824,50.092,50.36,50.699,0.279,1,50.073,50.969,56.65,0.807,1,1.1667,19,32.82,31.67,38.646,-0.148,0.283,0.013,0.283,0.283,1,0,
255,1790092379691490816,25.5,19,19,2128,1824,50.125,50.36,50.699,0.273,1,50.15,50.969,56.65,1.156,1,1.1667,19,32.845,31.67,38.646,-0.148,0.283,0.038,0.283,0.283,1,0,
256,1790092379791490816,25.6,19,19,2128,1824,50.065,50.36,50.699,0.265,1,50.128,50.479,56.65,1.09,1,1.1667,19,32.853,31.67,38.646,-0.148,-0.207,0.046,-0.148,-0.148,1,0,
257,1790092379891490816,25.7,19,19,2128,1824,50.065,50.356,50.699,0.262,1,50.128,50.479,56.65,1.1,1,1.1667,19,32.853,31.67,38.646,-0.152,-0.207,0.046,-0.152,-0.152,1,0,
258,1790092379991490816,25.8,19,19,2128,1824,50.065,50.356,50.699,0.253,1,50.128,50.456,56.65,1.076,1,1.1667,19,32.845,31.67,38.646,-0.152,-0.23,0.038,-0.152,-0.152,1,0,
259,1790092380091490816,25.9,19,19,2128,1824,50.065,50.443,50.699,0.256,1,49.982,50.456,56.65,1.091,1,1.1667,19,32.845,31.67,38.646,-0.065,-0.23,0.038,-0.065,-0.065,1,0,
260,1790092380191490816,26.0,19,19,2128,1824,50.087,50.443,50.699,0.234,1,49.989,50.456,56.65,1.068,1,1.1667,19,32.834,31.67,38.646,-0.065,-0.23,0.027,-0.065,-0.065,1,0,
261,1790092380291490816,26.1,19,19,2128,1824,50.087,50.443,50.699,0.25,1,49.989,50.456,56.65,1.031,1,1.1667,19,32.833,31.67,38.646,-0.065,-0.23,0.027,-0.065,-0.065,1,0,
262,1790092380391490816,26.2,19,19,2128,1824,50.087,50.443,50.699,0.26,1,49.929,50.456,56.65,0.996,1,1.1667,19,32.834,31.875,38.646,-0.065,-0.23,0.027,-0.065,-0.065,1,0,
263,1790092380491490816,26.3,19,19,2128,1824,50.087,50.356,50.469,0.2,1,50.052,50.432,51.061,0.646,1,1.1667,19,32.868,31.875,38.646,-0.152,-0.254,0.061,-0.152,-0.152,1,0,
264,1790092380591490816,26.4,19,19,2128,1824,50.052,50.356,50.469,0.211,1,50.052,50.437,51.061,0.292,1,1.1667,19,32.868,31.875,32.945,-0.152,-0.249,0.061,-0.152,-0.152,1,0,
265,1790092380691490816,26.5,19,19,2128,1824,50.125,50.443,50.533,0.25,1,50.052,50.456,51.061,0.311,1,1.1667,19,32.87,31.875,32.945,-0.065,-0.23,0.063,-0.065,-0.065,1,0,
266,1790092380791490816,26.6,19,19,2128,1824,50.01,50.443,50.533,0.246,1,49.885,50.437,51.061,0.296,1,1.1667,19,32.87,31.875,32.945,-0.065,-0.249,0.063,-0.065,-0.065,1,0,
267,1790092380891490816,26.7,19,19,2128,1824,50.086,50.34,50.533,0.217,1,49.885,50.437,51.061,0.297,1,1.1667,19,32.847,31.875,32.945,-0.168,-0.249,0.04,-0.168,-0.168,1,0,
268,1790092380991490816,26.8,19,19,2128,1824,50.01,50.283,50.533,0.231,1,49.941,50.458,51.061,0.336,1,1.1667,19,32.825,31.875,32.945,-0.225,-0.228,0.018,-0.225,-0.225,1,0,
269,1790092381091490816,26.9,19,19,2128,1824,50.018,50.34,50.533,0.253,1,49.941,50.494,51.061,0.359,1,1.1667,19,32.847,31.875,32.945,-0.168,-0.192,0.04,-0.168,-0.168,1,0,
270,1790092381191490816,27.0,19,19,2128,1824,50.018,50.37,50.533,0.25,1,50.202,50.494,51.061,0.321,1,1.1667,19,32.879,31.95,32.945,-0.138,-0.192,0.072,-0.138,-0.138,1,0,
271,1790092381291490816,27.1,19,19,2128,1824,50.018,50.37,50.533,0.258,1,50.028,50.458,50.535,0.295,1,1.1667,19,32.887,32.095,32.945,-0.138,-0.228,0.08,-0.138,-0.138,1,0,
272,1790092381391490816,27.2,19,19,2128,1824,50.018,50.486,50.562,0.29,1,49.923,50.494,50.535,0.293,1,1.1667,19,32.848,32.095,32.945,-0.022,-0.192,0.041,-0.022,-0.022,1,0,
273,1790092381491490816,27.3,19,19,2128,1824,50.018,50.486,50.562,0.293,1,49.923,50.494,50.535,0.301,1,1.1667,19,32.841,32.095,32.945,-0.022,-0.192,0.034,-0.022,-0.022,1,0,
274,1790092381591490816,27.4,19,19,2128,1824,50.018,50.486,50.69,0.296,1,49.935,50.494,50.574,0.301,1,1.1667,19,32.818,32.095,32.945,-0.022,-0.192,0.011,-0.022,-0.022,1,0,
275,1790092381691490816,27.5,19,19,2128,1824,50.125,50.486,50.69,0.29,1,50.062,50.511,51.256,0.371,1,1.1667,19,32.818,32.095,33.904,-0.022,-0.175,0.011,-0.022,-0.022,1,0,
276,1790092381791490816,27.6,19,19,2128,1824,50.156,50.562,50.724,0.319,1,50.062,50.511,51.256,0.405,1,1.1667,19,32.818,32.095,33.904,0.054,-0.175,0.011,0.054,0.054,1,0,
277,1790092381891490816,27.7,19,19,2128,1824,50.156,50.562,50.724,0.307,1,50.062,50.574,51.256,0.441,1,1.1667,19,32.841,32.588,33.904,0.054,-0.112,0.034,0.054,0.054,1,0,
278,1790092381991490816,27.8,19,19,2128,1824,49.973,50.562,50.724,0.295,1,50.103,50.574,51.256,0.397,1,1.1667,19,32.841,32.588,33.904,0.054,-0.112,0.034,0.054,0.054,1,0,
279,1790092382091490816,27.9,19,19,2128,1824,49.973,50.562,50.724,0.284,1,50.02,50.574,51.256,0.387,1,1.1667,19,32.841,32.588,33.904,0.054,-0.112,0.034,0.054,0.054,1,0,
280,1790092382191490816,28.0,19,19,2128,1824,49.958,50.562,50.724,0.263,1,50.034,50.574,51.256,0.385,1,1.1667,19,32.841,32.588,33.904,0.054,-0.112,0.034,0.054,0.054,1,0,
281,1790092382291490816,28.1,19,19,2128,1824,49.958,50.531,50.724,0.247,1,50.034,50.574,51.256,0.401,1,1.1667,19,32.818,32.588,33.904,0.023,-0.112,0.011,0.023,0.023,1,0,
282,1790092382391490816,28.2,19,19,2128,1824,49.958,50.531,50.724,0.262,1,50.034,50.574,51.256,0.368,1,1.1667,19,32.867,32.461,33.904,0.023,-0.112,0.06,0.023,0.023,1,0,
283,1790092382491490816,28.3,19,19,2128,1824,49.99,50.531,50.724,0.253,1,50.034,50.511,51.256,0.395,1,1.1667,19,32.818,31.676,33.904,0.023,-0.175,0.011,0.023,0.023,1,0,
284,1790092382591490816,28.4,19,19,2128,1824,49.99,50.531,50.724,0.271,1,50.095,50.511,50.95,0.367,1,1.1667,19,32.795,31.676,33.904,0.023,-0.175,-0.012,0.023,0.023,1,0,
285,1790092382691490816,28.5,19,19,2128,1824,49.951,50.531,50.686,0.293,1,50.095,50.636,50.95,0.351,1,1.1667,19,32.795,31.676,33.019,0.023,-0.05,-0.012,0.023,0.023,1,0,
286,1790092382791490816,28.6,19,19,2128,1824,49.974,50.531,50.686,0.275,1,50.095,50.511,50.95,0.339,1,1.1667,19,32.783,31.676,33.019,0.023,-0.175,-0.024,0.023,0.023,1,0,
287,1790092382891490816,28.7,19,19,2128,1824,50.006,50.531,50.686,0.293,1,50.052,50.511,50.95,0.362,1,1.1667,19,32.783,31.676,33.019,0.023,-0.175,-0.024,0.023,0.023,1,0,
288,1790092382991490816,28.8,19,19,2128,1824,50.006,50.531,50.686,0.288,1,49.973,50.511,50.95,0.397,1,1.1667,19,32.745,31.676,33.019,0.023,-0.175,-0.062,0.023,0.023,1,0,
289,1790092383091490816,28.9,19,19,2128,1824,50.026,50.531,50.686,0.289,1,50.034,50.636,50.95,0.439,1,1.1667,19,32.745,31.676,33.019,0.023,-0.05,-0.062,0.023,0.023,1,0,
290,1790092383191490816,29.0,19,19,2128,1824,50.038,50.576,50.686,0.289,1,50.074,50.636,50.95,0.404,1,1.1667,19,32.745,31.676,33.019,0.068,-0.05,-0.062,0.068,0.068,1,0,
291,1790092383291490816,29.1,19,19,2128,1824,50.038,50.576,50.686,0.28,1,50.06,50.636,50.95,0.436,1,1.1667,19,32.709,31.676,32.975,0.068,-0.05,-0.098,0.068,0.068,1,0,
292,1790092383391490816,29.2,19,19,2128,1824,50.027,50.576,51.065,0.391,1,50.14,50.828,51.398,0.458,1,1.1667,19,32.735,31.676,32.975,0.068,0.141,-0.072,0.141,0.141,1,0,
293,1790092383491490816,29.3,19,19,2128,1824,50.046,50.64,51.065,0.391,1,50.06,50.7,51.398,0.518,1,1.1667,19,32.745,31.958,32.975,0.132,0.013,-0.062,0.132,0.132,1,0,
294,1790092383591490816,29.4,19,19,2128,1824,50.027,50.576,51.065,0.343,1,50.059,50.7,51.398,0.473,1,1.1667,19,32.747,31.958,32.975,0.068,0.013,-0.06,0.068,0.068,1,0,
295,1790092383691490816,29.5,19,19,2128,1824,50.046,50.576,51.065,0.363,1,50.059,50.7,51.398,0.432,1,1.1667,19,32.747,31.958,32.975,0.068,0.013,-0.06,0.068,0.068,1,0,
296,1790092383791490816,29.6,19,19,2128,1824,50.027,50.576,51.065,0.365,1,50.059,50.7,51.398,0.417,1,1.1667,19,32.757,31.958,32.969,0.068,0.013,-0.05,0.068,0.068,1,0,
297,1790092383891490816,29.7,19,19,2128,1824,50.035,50.576,51.065,0.376,1,50.084,50.7,51.398,0.395,1,1.1667,19,32.793,31.958,32.969,0.068,0.013,-0.014,0.068,0.068,1,0,
298,1790092383991490816,29.8,19,19,2128,1824,50.036,50.576,51.065,0.362,1,50.084,50.52,51.398,0.372,1,1.1667,19,32.808,32.261,32.969,0.068,-0.167,0.001,0.068,0.068,1,0,
299,1790092384091490816,29.9,19,19,2128,1824,50.016,50.64,51.349,0.465,1,50.084,50.7,51.485,0.447,1,1.1667,19,32.808,32.261,32.969,0.132,0.013,0.001,0.132,0.132,1,0,
300,1790092384191490816,30.0,19,19,2128,1824,50.016,50.64,51.349,0.458,1,50.052,50.7,51.485,0.485,1,1.1667,19,32.808,32.261,32.968,0.132,0.013,0.001,0.132,0.132,1,0,
301,1790092384291490816,30.1,19,19,2128,1824,50.016,50.496,51.349,0.34,1,50.013,50.52,51.485,0.429,1,1.1667,19,32.818,32.633,32.968,-0.012,-0.167,0.011,-0.012,-0.012,1,0,
302,1790092384391490816,30.2,19,19,2128,1824,50.016,50.426,51.349,0.33,1,49.988,50.358,51.485,0.338,1,1.1667,19,32.818,32.241,32.968,-0.082,-0.328,0.011,-0.082,-0.082,1,0,
303,1790092384491490816,30.3,19,19,2128,1824,50.094,50.426,51.349,0.343,1,49.962,50.52,51.485,0.403,1,1.1667,19,32.808,32.241,32.968,-0.082,-0.167,0.001,-0.082,-0.082,1,0,
304,1790092384591490816,30.4,19,19,2128,1824,50.148,50.328,51.349,0.318,1,50.013,50.52,51.485,0.407,1,1.1667,19,32.808,32.241,32.968,-0.18,-0.167,0.001,-0.167,-0.167,1,0,
305,1790092384691490816,30.5,19,19,2128,1824,50.126,50.328,51.349,0.316,1,49.915,50.52,51.485,0.414,1,1.1667,19,32.793,32.241,32.968,-0.18,-0.167,-0.014,-0.167,-0.167,1,0,
306,1790092384791490816,30.6,19,19,2128,1824,50.126,50.328,51.349,0.315,1,49.966,50.358,51.485,0.415,1,1.1667,19,32.785,32.241,32.968,-0.18,-0.328,-0.022,-0.18,-0.18,1,0,
307,1790092384891490816,30.7,19,19,2128,1824,50.149,50.328,51.349,0.317,1,49.966,50.555,51.485,0.42,1,1.1667,19,32.8,32.241,32.968,-0.18,-0.131,-0.007,-0.131,-0.131,1,0,
308,1790092384991490816,30.8,19,19,2128,1824,50.149,50.328,50.443,0.202,1,50.007,50.358,50.789,0.35,1,1.1667,19,32.791,32.241,32.968,-0.18,-0.328,-0.016,-0.18,-0.18,1,0,
309,1790092385091490816,30.9,19,19,2128,1824,50.153,50.387,50.566,0.226,1,49.951,50.358,50.789,0.327,1,1.1667,19,32.777,31.937,32.954,-0.121,-0.328,-0.03,-0.121,-0.121,1,0,
310,1790092385191490816,31.0,19,19,2128,1824,50.153,50.387,50.566,0.251,1,49.951,50.555,51.297,0.404,1,1.1667,19,32.702,31.937,32.954,-0.121,-0.131,-0.105,-0.121,-0.121,1,0,
311,1790092385291490816,31.1,19,19,2128,1824,50.126,50.387,50.566,0.271,1,50.215,50.555,51.297,0.385,1,1.1667,19,32.777,31.937,32.954,-0.121,-0.131,-0.03,-0.121,-0.121,1,0,
312,1790092385391490816,31.2,19,19,2128,1824,50.126,50.387,50.566,0.249,1,50.215,50.336,51.297,0.357,1,1.1667,19,32.777,31.937,32.954,-0.121,-0.35,-0.03,-0.121,-0.121,1,0,
313,1790092385491490816,31.3,19,19,2128,1824,50.095,50.387,50.566,0.259,1,49.951,50.336,51.297,0.38,1,1.1667,19,32.721,31.937,32.954,-0.121,-0.35,-0.086,-0.121,-0.121,1,0,
314,1790092385591490816,31.4,19,19,2128,1824,50.123,50.387,50.566,0.267,1,50.045,50.336,51.297,0.381,1,1.1667,19,32.685,31.66,32.954,-0.121,-0.35,-0.122,-0.121,-0.121,1,0,
315,1790092385691490816,31.5,19,19,2128,1824,50.123,50.387,50.566,0.286,1,50.045,50.555,51.297,0.444,1,1.1667,19,32.749,31.66,32.954,-0.121,-0.131,-0.058,-0.121,-0.121,1,0,
316,1790092385791490816,31.6,19,19,2128,1824,50.167,50.387,50.566,0.274,1,50.045,50.55,51.297,0.462,1,1.1667,19,32.721,31.66,32.893,-0.121,-0.136,-0.086,-0.121,-0.121,1,0,
317,1790092385891490816,31.7,19,19,2128,1824,50.167,50.379,50.566,0.273,1,49.978,50.55,51.297,0.451,1,1.1667,19,32.701,31.66,32.893,-0.129,-0.136,-0.106,-0.129,-0.129,1,0,
318,1790092385991490816,31.8,19,19,2128,1824,50.167,50.379,50.779,0.278,1,50.206,50.702,51.297,0.454,1,1.1667,19,32.715,31.66,32.861,-0.129,0.016,-0.092,0.016,0.016,1,0,
319,1790092386091490816,31.9,19,19,2128,1824,50.048,50.379,50.779,0.254,1,50.068,50.55,51.025,0.371,1,1.1667,19,32.726,31.66,32.862,-0.129,-0.136,-0.081,-0.129,-0.129,1,0,
320,1790092386191490816,32.0,19,19,2128,1824,49.951,50.379,50.779,0.241,1,49.984,50.55,51.025,0.344,1,1.1667,19,32.749,31.66,32.862,-0.129,-0.136,-0.058,-0.129,-0.129,1,0,
321,1790092386291490816,32.1,19,19,2128,1824,49.954,50.418,50.779,0.246,1,49.984,50.558,51.025,0.358,1,1.1667,19,32.749,31.66,32.884,-0.09,-0.128,-0.058,-0.09,-0.09,1,0,
322,1790092386391490816,32.2,19,19,2128,1824,49.954,50.418,50.779,0.259,1,49.984,50.558,51.025,0.356,1,1.1667,19,32.744,31.66,32.884,-0.09,-0.128,-0.063,-0.09,-0.09,1,0,
323,1790092386491490816,32.3,19,19,2128,1824,49.954,50.418,50.779,0.258,1,49.984,50.558,51.025,0.348,1,1.1667,19,32.756,31.968,32.889,-0.09,-0.128,-0.051,-0.09,-0.09,1,0,
324,1790092386591490816,32.4,19,19,2128,1824,49.954,50.379,50.779,0.236,1,49.935,50.497,50.702,0.27,1,1.1667,19,32.805,32.453,32.889,-0.129,-0.189,-0.002,-0.129,-0.129,1,0,
325,1790092386691490816,32.5,19,19,2128,1824,49.954,50.418,50.779,0.256,1,49.984,50.497,50.702,0.236,1,1.1667,19,32.782,32.453,32.889,-0.09,-0.189,-0.025,-0.09,-0.09,1,0,
326,1790092386791490816,32.6,19,19,2128,1824,49.954,50.418,50.779,0.238,1,50.027,50.497,50.702,0.244,1,1.1667,19,32.756,32.217,32.889,-0.09,-0.189,-0.051,-0.09,-0.09,1,0,
327,1790092386891490816,32.7,19,19,2128,1824,49.954,50.418,50.589,0.249,1,50.027,50.291,50.558,0.219,1,1.1667,19,32.782,32.217,32.908,-0.09,-0.395,-0.025,-0.09,-0.09,1,0,
328,1790092386991490816,32.8,19,19,2128,1824,50.02,50.534,50.769,0.292,1,50.042,50.291,50.558,0.23,1,1.1667,19,32.805,32.217,32.908,0.026,-0.395,-0.002,0.026,0.026,1,0,
329,1790092387091490816,32.9,19,19,2128,1824,50.02,50.534,50.769,0.299,1,50.079,50.508,50.558,0.298,1,1.1667,19,32.782,31.932,32.908,0.026,-0.178,-0.025,0.026,0.026,1,0,
330,1790092387191490816,33.0,19,19,2128,1824,50.02,50.534,50.769,0.297,1,50.079,50.508,51.076,0.324,1,1.1667,19,32.764,31.928,32.908,0.026,-0.178,-0.043,0.026,0.026,1,0,
331,1790092387291490816,33.1,19,19,2128,1824,50.019,50.534,50.769,0.29,1,50.079,50.508,51.076,0.319,1,1.1667,19,32.782,31.928,32.908,0.026,-0.178,-0.025,0.026,0.026,1,0,
332,1790092387391490816,33.2,19,19,2128,1824,50.065,50.534,50.769,0.275,1,50.079,50.508,51.076,0.322,1,1.1667,19,32.764,31.928,32.908,0.026,-0.178,-0.043,0.026,0.026,1,0,
333,1790092387491490816,33.3,19,19,2128,1824,50.065,50.534,50.769,0.264,1,50.079,50.508,51.076,0.32,1,1.1667,19,32.764,31.928,32.908,0.026,-0.178,-0.043,0.026,0.026,1,0,
334,1790092387591490816,33.4,19,19,2128,1824,50.055,50.295,50.769,0.258,1,50.131,50.508,51.076,0.336,1,1.1667,19,32.736,31.928,32.908,-0.213,-0.178,-0.071,-0.178,-0.178,1,0,
335,1790092387691490816,33.5,19,19,2128,1824,50.065,50.589,50.769,0.272,1,50.131,50.508,51.076,0.353,1,1.1667,19,32.764,31.928,32.908,0.081,-0.178,-0.043,0.081,0.081,1,0,
336,1790092387791490816,33.6,19,19,2128,1824,50.065,50.295,50.769,0.243,1,50.022,50.508,51.076,0.383,1,1.1667,19,32.786,31.928,32.936,-0.213,-0.178,-0.021,-0.178,-0.178,1,0,
337,1790092387891490816,33.7,19,19,2128,1824,50.092,50.295,50.602,0.225,1,50.139,50.508,51.076,0.359,1,1.1667,19,32.786,31.928,32.936,-0.213,-0.178,-0.021,-0.178,-0.178,1,0,
338,1790092387991490816,33.8,19,19,2128,1824,50.119,50.295,50.602,0.214,1,50.039,50.323,51.076,0.302,1,1.1667,19,32.786,31.928,32.936,-0.213,-0.363,-0.021,-0.213,-0.213,1,0,
339,1790092388091490816,33.9,19,19,2128,1824,50.119,50.299,50.602,0.224,1,50.056,50.323,50.682,0.244,1,1.1667,19,32.803,32.531,32.936,-0.208,-0.363,-0.004,-0.208,-0.208,1,0,
340,1790092388191490816,34.0,19,19,2128,1824,50.119,50.299,50.602,0.225,1,50.056,50.323,50.682,0.236,1,1.1667,19,32.815,32.531,32.936,-0.208,-0.363,0.008,-0.208,-0.208,1,0,
341,1790092388291490816,34.1,19,19,2128,1824,50.083,50.31,50.602,0.253,1,50.056,50.449,50.682,0.261,1,1.1667,19,32.808,32.531,32.936,-0.198,-0.237,0.001,-0.198,-0.198,1,0,
342,1790092388391490816,34.2,19,19,2128,1824,50.119,50.31,50.602,0.247,1,50.056,50.449,50.682,0.289,1,1.1667,19,32.808,32.531,32.936,-0.198,-0.237,0.001,-0.198,-0.198,1,0,
343,1790092388491490816,34.3,19,19,2128,1824,50.119,50.31,50.602,0.237,1,50.056,50.449,50.682,0.284,1,1.1667,19,32.841,32.581,32.936,-0.198,-0.237,0.034,-0.198,-0.198,1,0,
344,1790092388591490816,34.4,19,19,2128,1824,50.133,50.326,50.428,0.229,1,50.025,50.449,50.682,0.311,1,1.1667,19,32.841,31.728,32.936,-0.181,-0.237,0.034,-0.181,-0.181,1,0,
345,1790092388691490816,34.5,19,19,2128,1824,50.151,50.326,50.428,0.225,1,50.056,50.5,51.061,0.331,1,1.1667,19,32.841,31.728,32.936,-0.181,-0.186,0.034,-0.181,-0.181,1,0,
346,1790092388791490816,34.6,19,19,2128,1824,50.133,50.346,50.428,0.236,1,50.025,50.579,51.061,0.401,1,1.1667,19,32.769,31.728,32.904,-0.162,-0.107,-0.037,-0.107,-0.107,1,0,
347,1790092388891490816,34.7,19,19,2128,1824,50.065,50.346,50.428,0.219,1,50.041,50.579,51.061,0.391,1,1.1667,19,32.84,31.728,32.885,-0.162,-0.107,0.033,-0.107,-0.107,1,0,
348,1790092388991490816,34.8,19,19,2128,1824,50.065,50.346,50.357,0.244,1,49.995,50.579,51.061,0.399,1,1.1667,19,32.84,31.728,32.918,-0.162,-0.107,0.033,-0.107,-0.107,1,0,
349,1790092389091490816,34.9,19,19,2128,1824,50.133,50.356,50.441,0.235,1,50.113,50.579,51.061,0.439,1,1.1667,19,32.817,31.728,32.918,-0.152,-0.107,0.01,-0.107,-0.107,1,0,
350,1790092389191490816,35.0,19,19,2128,1824,50.067,50.356,50.441,0.232,1,49.995,50.579,51.061,0.451,1,1.1667,19,32.764,31.728,32.918,-0.152,-0.107,-0.043,-0.107,-0.107,1,0,
351,1790092389291490816,35.1,19,19,2128,1824,50.082,50.357,50.818,0.267,1,50.113,50.7,51.061,0.487,1,1.1667,19,32.764,31.728,32.918,-0.151,0.013,-0.043,0.013,0.013,1,0,
352,1790092389391490816,35.2,18,19,2016,1824,50.161,50.441,54.444,0.517,1,50.037,50.836,54.638,0.723,1,1.1053,19,32.764,31.728,32.918,-0.067,0.15,-0.043,0.15,0.15,1,0,
353,1790092389491490816,35.3,17,18,1904,1728,50.089,54.444,64.156,1.402,1,50.388,51.061,64.225,1.517,1,1.1019,18,32.775,31.728,32.918,3.936,0.374,-0.032,3.936,3.936,1,0,
354,1790092389591490816,35.4,19,19,2128,1824,50.014,54.444,102.355,7.808,2,50.037,54.638,102.457,7.835,2,1.1667,19,32.829,31.771,33.45,3.936,3.952,0.022,3.952,3.952,1,0,
355,1790092389691490816,35.5,18,19,2016,1824,50.017,58.421,102.355,8.737,2,50.037,58.277,102.457,8.347,2,1.1053,19,32.829,31.771,33.45,7.913,7.591,0.022,7.913,7.913,1,0,
356,1790092389791490816,35.6,18,19,2016,1824,50.161,64.156,102.355,14.048,2,50.21,64.225,102.457,13.35,2,1.1053,19,32.829,31.771,33.45,13.648,13.539,0.022,13.648,13.648,1,0,
357,1790092389891490816,35.7,18,19,2016,1824,50.161,89.707,102.355,17.797,2,50.21,89.216,102.457,16.893,2,1.1053,19,32.817,31.771,33.45,39.199,38.53,0.01,39.199,39.199,1,1,1790092389926365779
358,1790092389991490816,35.8,19,18,2128,1728,50.089,89.707,102.355,19.175,2,50.032,89.216,102.457,18.012,2,1.2315,18,32.785,31.771,33.45,39.199,38.53,-0.022,39.199,39.199,1,1,
359,1790092390091490816,35.9,19,18,2128,1728,50.49,90.586,102.355,24.668,2,50.657,89.216,102.457,20.234,2,1.2315,18,32.82,31.771,33.45,40.078,38.53,0.013,40.078,40.078,1,1,
360,1790092390191490816,36.0,19,18,2128,1728,51.004,90.586,102.355,28.202,2,50.032,90.656,102.457,26.008,2,1.2315,18,32.855,32.592,33.45,40.078,39.97,0.048,40.078,40.078,1,1,
361,1790092390291490816,36.1,19,19,2128,1824,47.165,90.586,102.355,27.633,2,52.93,90.656,102.457,28.323,2,1.1667,19,32.855,32.618,33.45,40.078,39.97,0.048,40.078,40.078,1,1,
362,1790092390391490816,36.2,20,19,2240,1824,47.563,89.707,99.51,23.623,2,47.153,89.216,99.511,24.589,2,1.2281,19,32.853,31.738,33.45,39.199,38.53,0.046,39.199,39.199,1,1,
363,1790092390491490816,36.3,18,18,2016,1728,48.973,89.707,99.51,22.848,2,48.871,89.216,99.511,22.832,2,1.1667,18,32.85,31.738,33.369,39.199,38.53,0.043,39.199,39.199,1,1,
364,1790092390591490816,36.4,20,18,2240,1728,48.973,90.586,104.386,28.281,2,48.871,90.656,104.036,28.297,2,1.2963,18,32.815,31.738,33.369,40.078,39.97,0.008,40.078,40.078,1,1,
365,1790092390691490816,36.5,19,19,2128,1824,47.87,82.314,104.386,25.701,2,47.798,89.216,104.036,27.482,2,1.1667,19,32.835,31.738,33.369,31.806,38.53,0.028,38.53,38.53,1,1,
366,1790092390791490816,36.6,19,19,2128,1824,50.685,98.466,104.386,27.115,2,47.798,81.791,104.036,25.714,2,1.1667,19,32.769,31.738,33.369,47.958,31.105,-0.038,47.958,47.958,1,1,
367,1790092390891490816,36.7,19,19,2128,1824,47.876,98.466,104.386,29.028,2,46.716,99.511,112.47,30.614,2,1.1667,19,32.769,31.738,46.605,47.958,48.824,-0.038,48.824,48.824,1,1,
368,1790092390991490816,36.8,19,18,2128,1728,50.685,82.888,104.386,27.269,2,48.871,81.791,112.47,28.612,2,1.2315,18,32.79,31.738,46.605,32.38,31.105,-0.017,32.38,32.38,1,1,
369,1790092391091490816,36.9,19,18,2128,1728,47.876,82.888,104.386,24.464,2,48.871,82.978,112.47,27.029,2,1.2315,18,32.79,31.738,46.605,32.38,32.292,-0.017,32.38,32.38,1,1,
370,1790092391191490816,37.0,19,19,2128,1824,48.314,82.888,104.386,22.483,2,46.716,82.978,112.47,24.85,2,1.1667,19,32.827,31.738,59.658,32.38,32.292,0.02,32.38,32.38,1,1,
371,1790092391291490816,37.1,20,18,2240,1728,52.398,82.888,104.386,23.764,2,53.52,84.921,112.47,27.906,2,1.2963,18,32.834,31.738,66.835,32.38,34.235,0.027,34.235,34.235,1,1,
372,1790092391391490816,37.2,19,18,2128,1728,50.084,79.979,98.466,23.608,2,44.148,82.978,112.47,29.113,2,1.2315,18,32.868,32.006,84.201,29.471,32.292,0.061,32.292,32.292,1,1,
373,1790092391491490816,37.3,19,17,2128,1632,47.443,79.979,98.466,20.242,2,51.92,112.47,121.077,31.206,2,1.3039,17,32.901,32.006,104.836,29.471,61.784,0.094,61.784,61.784,1,1,
374,1790092391591490816,37.4,19,17,2128,1632,47.443,77.81,98.466,18.513,2,44.041,112.47,121.077,27.498,2,1.3039,17,46.605,32.006,113.153,27.302,61.784,13.798,61.784,61.784,1,1,
375,1790092391691490816,37.5,20,17,2240,1632,47.656,65.928,82.888,14.639,2,43.633,84.921,121.077,22.043,2,1.3725,17,59.658,32.006,113.153,15.42,34.235,26.851,34.235,34.235,1,1,
376,1790092391791490816,37.6,18,18,2016,1728,48.906,67.103,82.888,13.907,1,43.933,83.205,121.077,22.701,2,1.1667,18,64.202,32.006,121.043,16.595,32.519,31.395,32.519,32.519,1,1,
377,1790092391891490816,37.7,19,17,2128,1632,48.281,65.928,77.81,14.224,1,43.633,84.921,121.077,18.161,2,1.3039,17,84.201,32.827,121.043,15.42,34.235,51.394,34.235,34.235,1,1,
378,1790092391991490816,37.8,19,17,2128,1632,53.511,68.072,77.81,14.395,1,44.041,84.921,121.077,19.761,2,1.3039,17,92.346,32.827,121.043,17.564,34.235,59.539,34.235,34.235,1,1,
379,1790092392091490816,37.9,20,17,2240,1632,48.906,68.072,77.81,15.434,1,43.633,85.98,121.077,21.607,2,1.3725,17,104.836,44.345,190.146,17.564,35.294,72.029,35.294,35.294,1,1,
380,1790092392191490816,38.0,19,18,2128,1728,47.642,68.072,77.81,14.674,1,42.957,84.837,121.077,18.423,2,1.2315,18,111.758,61.569,190.146,17.564,34.151,78.951,34.151,34.151,1,1,
381,1790092392291490816,38.1,19,18,2128,1728,47.642,67.103,71.661,12.377,1,42.957,84.974,121.077,18.678,2,1.2315,18,114.424,61.569,190.146,16.595,34.288,81.618,34.288,34.288,1,1,
382,1790092392391490816,38.2,19,16,2128,1536,48.295,67.103,71.661,13.07,1,42.957,84.974,85.98,13.112,1,1.3854,16,116.464,83.738,190.146,16.595,34.288,83.657,34.288,34.288,1,1,
383,1790092392491490816,38.3,19,16,2128,1536,49.183,67.394,71.661,12.395,1,43.333,85.98,130.182,18.805,1,1.3854,16,125.135,83.738,256.732,16.886,35.294,92.328,35.294,35.294,1,1,
384,1790092392591490816,38.4,20,16,2240,1536,49.46,68.072,80.659,15.884,2,44.225,85.98,130.182,21.322,1,1.4583,16,141.311,92.346,279.523,17.564,35.294,108.504,35.294,35.294,1,1,
385,1790092392691490816,38.5,19,15,2128,1440,51.283,68.072,80.659,15.491,2,44.211,85.98,130.182,19.849,1,1.4778,15,154.342,95.982,279.523,17.564,35.294,121.535,35.294,35.294,1,1,
386,1790092392791490816,38.6,18,16,2016,1536,49.46,67.394,80.659,12.825,2,44.197,85.98,130.182,24.14,2,1.3125,16,206.851,95.982,285.008,16.886,35.294,174.044,35.294,35.294,1,1,
387,1790092392891490816,38.7,19,16,2128,1536,48.572,67.394,80.765,15.563,2,44.197,85.98,130.182,23.903,2,1.3854,16,223.873,115.696,285.008,16.886,35.294,191.066,35.294,35.294,1,1,
388,1790092392991490816,38.8,19,15,2128,1440,55.468,67.394,80.765,14.651,2,44.211,130.182,176.194,31.459,2,1.4778,15,235.556,129.227,400.372,16.886,79.496,202.749,79.496,79.496,1,1,
389,1790092393091490816,38.9,19,14,2128,1344,55.468,67.394,80.765,15.135,2,81.295,130.182,176.194,33.306,2,1.5833,14,249.169,136.861,423.853,16.886,79.496,216.362,79.496,79.496,1,1,
390,1790092393191490816,39.0,19,14,2128,1344,55.468,67.394,80.765,15.414,2,44.225,130.182,176.194,32.698,2,1.5833,14,265.435,174.235,423.853,16.886,79.496,232.628,79.496,79.496,1,1,
391,1790092393291490816,39.1,19,16,2128,1536,51.283,67.394,80.765,15.372,2,43.706,84.338,176.194,22.951,2,1.3854,16,282.265,223.555,423.853,16.886,33.652,249.459,33.652,33.652,1,1,
392,1790092393391490816,39.2,19,16,2128,1536,49.946,79.163,80.765,16.839,2,43.331,84.338,176.194,23.111,2,1.3854,16,323.601,223.555,423.853,28.655,33.652,290.795,33.652,33.652,1,1,
393,1790092393491490816,39.3,19,16,2128,1536,46.786,65.273,80.765,15.43,2,42.291,84.338,176.194,23.053,2,1.3854,16,375.647,223.555,423.853,14.765,33.652,342.84,33.652,33.652,1,1,
394,1790092393591490816,39.4,19,16,2128,1536,46.786,65.273,80.765,13.513,2,43.331,83.64,176.194,22.918,2,1.3854,16,400.521,223.555,423.853,14.765,32.954,367.714,32.954,32.954,1,1,
395,1790092393691490816,39.5,19,15,2128,1440,46.724,65.273,80.765,13.301,2,43.518,83.64,176.194,19.197,1,1.4778,15,405.48,224.191,423.853,14.765,32.954,372.673,32.954,32.954,1,1,
396,1790092393791490816,39.6,18,16,2016,1536,46.662,65.273,79.163,11.308,1,42.291,82.603,83.64,9.311,1,1.3125,16,405.356,362.195,423.853,14.765,31.917,372.549,31.917,31.917,1,1,
397,1790092393891490816,39.7,19,18,2128,1728,46.398,70.115,80.19,12.506,1,42.291,81.31,83.64,10.555,1,1.2315,18,405.629,362.195,423.853,19.607,30.624,372.822,30.624,30.624,1,1,
398,1790092393991490816,39.8,18,19,2016,1824,46.786,70.115,80.19,13.503,1,42.283,82.603,86.251,12.577,2,1.1053,19,405.778,362.195,436.691,19.607,31.917,372.971,31.917,31.917,1,1,
399,1790092394091490816,39.9,20,18,2240,1728,46.133,79.163,112.972,18.427,2,42.291,82.603,86.251,15.505,2,1.2963,18,406.813,362.195,436.691,28.655,31.917,374.006,31.917,31.917,1,1,
400,1790092394191490816,40.0,19,19,2128,1824,51.343,80.19,112.972,20.737,2,41.885,83.64,86.251,19.508,2,1.1667,19,408.695,365.878,465.985,29.682,32.954,375.888,32.954,32.954,1,1,
401,1790092394291490816,40.1,19,18,2128,1728,45.915,80.19,112.972,19.562,2,43.222,85.32,86.251,20.61,2,1.2315,18,411.251,376.047,465.985,29.682,34.634,378.445,34.634,34.634,1,1,
402,1790092394391490816,40.2,19,19,2128,1824,45.915,80.19,112.972,21.671,2,42.819,85.32,86.251,19.565,2,1.1667,19,410.989,340.433,465.985,29.682,34.634,378.182,34.634,34.634,1,1,
403,1790092394491490816,40.3,19,18,2128,1728,45.915,80.19,112.972,23.015,2,41.496,85.32,86.251,18.454,2,1.2315,18,410.238,340.433,465.985,29.682,34.634,377.432,34.634,34.634,1,1,
404,1790092394591490816,40.4,19,17,2128,1632,46.038,80.19,112.972,22.441,2,41.956,86.251,129.252,24.561,2,1.3039,17,409.488,340.433,466.223,29.682,35.565,376.681,35.565,35.565,1,1,
405,1790092394691490816,40.5,19,17,2128,1632,46.038,80.19,112.972,22.339,2,43.384,87.031,129.252,27.133,2,1.3039,17,410.989,340.433,528.03,29.682,36.344,378.182,36.344,36.344,1,1,
406,1790092394791490816,40.6,19,16,2128,1536,46.038,77.859,112.972,20.98,2,43.546,87.031,129.252,26.332,2,1.3854,16,419.906,340.433,528.03,27.352,36.344,387.1,36.344,36.344,1,1,
407,1790092394891490816,40.7,19,17,2128,1632,43.572,77.859,104.138,22.344,2,43.384,87.031,129.252,24.79,2,1.3039,17,427.703,340.433,551.072,27.352,36.344,394.896,36.344,36.344,1,1,
408,1790092394991490816,40.8,19,16,2128,1536,46.425,77.859,104.138,20.672,2,43.222,126.809,129.252,26.674,2,1.3854,16,466.104,340.433,615.888,27.352,76.123,433.297,76.123,76.123,1,1,
409,1790092395091490816,40.9,19,17,2128,1632,46.425,77.468,104.138,18.987,2,43.384,126.809,129.252,22.617,2,1.3039,17,511.465,340.433,615.888,26.96,76.123,478.658,76.123,76.123,1,1,
410,1790092395191490816,41.0,19,15,2128,1440,46.597,77.468,104.138,19.488,2,42.981,126.809,129.252,22.816,2,1.4778,15,514.159,340.433,615.888,26.96,76.123,481.352,76.123,76.123,1,1,
411,1790092395291490816,41.1,19,15,2128,1440,46.597,71.94,104.138,17.523,2,44.946,126.809,129.252,28.578,2,1.4778,15,538.422,340.433,618.306,21.432,76.123,505.616,76.123,76.123,1,1,
412,1790092395391490816,41.2,19,15,2128,1440,46.597,68.98,104.138,16.42,2,44.047,126.679,126.809,22.46,2,1.4778,15,550.92,466.223,618.306,18.472,75.993,518.113,75.993,75.993,1,1,
413,1790092395491490816,41.3,19,16,2128,1536,52.01,71.241,104.138,17.839,2,43.922,126.679,126.809,20.544,2,1.3854,16,553.267,490.672,621.737,20.733,75.993,520.46,75.993,75.993,1,1,
414,1790092395591490816,41.4,19,16,2128,1536,52.01,68.98,104.138,17.495,2,44.171,126.679,126.809,20.74,2,1.3854,16,567.155,490.672,621.737,18.472,75.993,534.348,75.993,75.993,1,1,
415,1790092395691490816,41.5,19,16,2128,1536,50.468,68.98,104.138,17.316,2,45.721,126.679,126.809,23.052,2,1.3854,16,597.737,514.159,678.737,18.472,75.993,564.931,75.993,75.993,1,1,
416,1790092395791490816,41.6,21,16,2352,1536,47.127,66.598,71.241,13.545,2,44.165,84.208,126.679,17.614,2,1.5312,16,603.195,538.422,678.737,16.09,33.522,570.388,33.522,33.522,1,1,
417,1790092395891490816,41.7,19,19,2128,1824,51.125,66.598,71.241,12.155,1,43.483,81.496,126.679,14.979,2,1.1667,19,615.888,538.422,678.737,16.09,30.809,583.081,30.809,30.809,1,1,
418,1790092395991490816,41.8,19,17,2128,1632,54.611,63.653,71.241,10.863,1,44.044,84.208,126.679,16.255,1,1.3039,17,621.737,543.354,678.737,13.145,33.522,588.93,33.522,33.522,1,1,
419,1790092396091490816,41.9,19,17,2128,1632,53.526,63.653,71.241,10.599,1,44.146,83.453,84.208,10.858,1,1.3039,17,638.846,578.848,678.737,13.145,32.767,606.039,32.767,32.767,1,1,
420,1790092396191490816,42.0,19,18,2128,1728,50.89,63.653,71.241,10.048,1,44.128,81.496,84.208,12.261,1,1.2315,18,646.324,578.848,691.711,13.145,30.809,613.517,30.809,30.809,1,1,
421,1790092396291490816,42.1,19,17,2128,1632,52.47,63.653,90.25,10.617,1,44.728,83.453,84.208,14.998,1,1.3039,17,654.071,578.848,709.275,13.145,32.767,621.264,32.767,32.767,1,1,
422,1790092396391490816,42.2,19,16,2128,1536,52.47,63.653,92.969,13.75,1,44.165,83.453,84.208,13.728,1,1.3854,16,660.884,603.133,709.275,13.145,32.767,628.078,32.767,32.767,1,1,
423,1790092396491490816,42.3,19,17,2128,1632,50.775,63.051,92.969,14.364,1,44.146,84.208,89.537,18.393,2,1.3039,17,670.689,638.159,743.962,12.543,33.522,637.882,33.522,33.522,1,1,
424,1790092396591490816,42.4,19,17,2128,1632,52.47,68.095,92.969,14.773,1,44.146,83.739,89.537,18.105,2,1.3039,17,671.825,638.846,771.468,17.587,33.053,639.018,33.053,33.053,1,1,
425,1790092396691490816,42.5,19,17,2128,1632,50.775,68.095,92.969,15.911,1,45.353,83.739,89.537,20.173,2,1.3039,17,691.711,638.846,778.592,17.587,33.053,658.904,33.053,33.053,1,1,
426,1790092396791490816,42.6,19,17,2128,1632,50.775,68.095,92.969,15.093,1,46.204,83.739,89.537,19.986,2,1.3039,17,696.263,638.846,785.301,17.587,33.053,663.456,33.053,33.053,1,1,
427,1790092396891490816,42.7,19,17,2128,1632,48.829,81.171,92.969,16.357,1,45.353,83.739,89.537,18.115,2,1.3039,17,731.045,658.318,785.301,30.663,33.053,698.238,33.053,33.053,1,1,
428,1790092396991490816,42.8,19,17,2128,1632,47.377,81.171,92.969,16.634,1,46.204,83.739,89.537,20.326,2,1.3039,17,753.831,663.451,785.301,30.663,33.053,721.024,33.053,33.053,1,1,
429,1790092397091490816,42.9,18,18,2016,1728,46.292,81.171,92.969,18.073,1,45.414,81.217,89.537,17.475,2,1.1667,18,755.902,671.825,785.301,30.663,30.531,723.095,30.663,30.663,1,1,
430,1790092397191490816,43.0,19,17,2128,1632,45.68,81.171,143.572,24.776,3,44.503,83.739,89.537,16.473,2,1.3039,17,757.973,696.196,785.301,30.663,33.053,725.166,33.053,33.053,1,1,
431,1790092397291490816,43.1,19,18,2128,1728,46.04,68.095,143.572,20.624,3,43.591,80.998,122.671,22.792,3,1.2315,18,767.052,696.263,817.531,17.587,30.312,734.246,30.312,30.312,1,1,
432,1790092397391490816,43.2,19,18,2128,1728,48.098,68.095,143.572,19.315,3,45.414,79.598,122.671,19.747,3,1.2315,18,767.052,719.523,817.531,17.587,28.912,734.246,28.912,28.912,1,1,
433,1790092397491490816,43.3,19,19,2128,1824,46.94,72.41,143.572,20.002,3,44.503,79.334,122.671,17.222,3,1.1667,19,764.617,719.523,817.531,21.902,28.648,731.81,28.648,28.648,1,1,
434,1790092397591490816,43.4,19,19,2128,1824,48.098,72.41,143.572,19.748,3,43.152,79.004,122.671,17.033,3,1.1667,19,766.732,719.523,817.531,21.902,28.318,733.925,28.318,28.318,1,1,
435,1790092397691490816,43.5,19,19,2128,1824,48.098,72.41,143.572,20.521,3,43.072,79.004,122.671,17.035,3,1.1667,19,757.973,719.523,817.531,21.902,28.318,725.166,28.318,28.318,1,1,
436,1790092397791490816,43.6,19,19,2128,1824,48.098,63.19,143.572,19.388,3,45.053,79.334,122.671,18.77,3,1.1667,19,757.973,719.523,817.531,12.682,28.648,725.166,28.648,28.648,1,1,
437,1790092397891490816,43.7,19,18,2128,1728,49.558,72.41,143.572,19.61,3,44.824,79.004,122.671,17.845,3,1.2315,18,742.253,670.811,817.531,21.902,28.318,709.446,28.318,28.318,1,1,
438,1790092397991490816,43.8,18,16,2016,1536,47.588,63.19,78.499,15.188,3,44.824,82.422,122.671,19.82,3,1.3125,16,742.253,670.811,817.531,12.682,31.736,709.446,31.736,31.736,1,1,
439,1790092398091490816,43.9,18,15,2016,1440,47.588,63.19,78.499,15.188,3,45.053,82.422,204.591,26.815,3,1.4,15,745.884,670.811,875.327,12.682,31.736,713.077,31.736,31.736,1,1,
440,1790092398191490816,44.0,19,12,2128,1152,47.5,72.41,180.441,24.732,4,45.282,82.422,204.591,22.831,1,1.8472,12,742.253,670.811,875.327,21.902,31.736,709.446,31.736,31.736,1,1,
441,1790092398291490816,44.1,19,16,2128,1536,46.132,72.41,180.441,25.263,4,42.542,169.852,204.591,33.889,4,1.3854,16,771.081,670.811,1045.16,21.902,119.166,738.274,119.166,119.166,1,1,
442,1790092398391490816,44.2,19,16,2128,1536,46.132,66.23,180.441,24.397,4,43.201,169.852,204.591,35.947,4,1.3854,16,830.538,670.811,1045.16,15.722,119.166,797.731,119.166,119.166,1,1,
443,1790092398491490816,44.3,19,16,2128,1536,44.949,66.23,180.441,24.563,4,43.201,169.852,204.591,34.137,4,1.3854,16,879.345,670.811,1045.16,15.722,119.166,846.538,119.166,119.166,1,1,
444,1790092398591490816,44.4,19,16,2128,1536,44.949,66.23,180.441,23.906,4,43.201,169.852,204.591,36.937,4,1.3854,16,885.04,670.811,1045.16,15.722,119.166,852.233,119.166,119.166,1,1,
445,1790092398691490816,44.5,19,16,2128,1536,46.729,67.124,180.441,24.794,4,42.444,169.852,204.591,34.32,4,1.3854,16,895.801,670.811,1045.16,16.616,119.166,862.994,119.166,119.166,1,1,
446,1790092398791490816,44.6,19,16,2128,1536,46.729,67.124,180.441,24.616,4,42.427,86.783,169.852,26.12,4,1.3854,16,900.209,875.327,1045.16,16.616,36.097,867.402,36.097,36.097,1,1,
447,1790092398891490816,44.7,19,18,2128,1728,46.729,66.23,67.676,17.996,4,42.427,81.905,169.852,23.48,4,1.2315,18,900.209,762.483,1045.16,15.722,31.219,867.402,31.219,31.219,1,1,
448,1790092398991490816,44.8,20,19,2240,1824,45.048,66.23,67.676,17.055,4,42.436,81.905,86.783,17.628,4,1.2281,19,899.838,762.483,1045.16,15.722,31.219,867.031,31.219,31.219,1,1,
449,1790092399091490816,44.9,16,20,1792,1920,48.41,67.124,67.676,11.507,1,42.444,81.905,86.783,16.747,4,0.9333,20,900.209,762.483,1045.16,16.616,31.219,867.402,31.219,31.219,1,1,
450,1790092399191490816,45.0,19,15,2128,1440,44.986,67.124,239.097,29.143,5,43.268,86.456,86.783,10.706,1,1.4778,15,899.838,762.483,936.056,16.616,35.77,867.031,35.77,35.77,1,1,
451,1790092399291490816,45.1,19,19,2128,1824,46.729,67.124,239.097,29.262,5,42.061,86.456,205.566,26.861,5,1.1667,19,905.747,762.483,1083.464,16.616,35.77,872.94,35.77,35.77,1,1,
452,1790092399391490816,45.2,19,19,2128,1824,47.258,67.124,239.097,28.533,5,42.524,86.456,205.566,28.62,5,1.1667,19,905.462,762.483,1083.464,16.616,35.77,872.655,35.77,35.77,1,1,
453,1790092399491490816,45.3,19,19,2128,1824,50.025,67.676,239.097,32.253,5,42.524,86.456,205.566,28.787,5,1.1667,19,906.65,762.483,1083.464,17.168,35.77,873.843,35.77,35.77,1,1,
454,1790092399591490816,45.4,19,19,2128,1824,50.069,73.623,239.097,32.825,5,42.97,86.456,205.566,28.986,5,1.1667,19,905.462,762.483,1083.464,23.115,35.77,872.655,35.77,35.77,1,1,
455,1790092399691490816,45.5,19,17,2128,1632,47.455,73.623,239.097,32.914,5,42.97,87.216,205.566,30.156,5,1.3039,17,906.65,762.483,1083.464,23.115,36.53,873.843,36.53,36.53,1,1,
456,1790092399791490816,45.6,19,18,2128,1728,50.656,73.623,239.097,32.515,5,43.336,87.216,205.566,35.615,5,1.2315,18,929.287,762.483,1083.464,23.115,36.53,896.48,36.53,36.53,1,1,
457,1790092399891490816,45.7,19,18,2128,1728,50.656,70.798,78.248,24.824,5,43.336,87.216,205.566,35.163,5,1.2315,18,937.266,888.962,1083.464,20.29,36.53,904.459,36.53,36.53,1,1,
458,1790092399991490816,45.8,21,18,2352,1728,51.281,70.798,78.248,22.644,5,43.667,82.609,127.388,27.918,5,1.3611,18,935.618,801.437,1083.464,20.29,31.923,902.811,31.923,31.923,1,1,
459,1790092400091490816,45.9,23,19,2576,1824,51.478,73.384,78.248,21.628,5,43.901,82.609,127.388,28.349,5,1.4123,19,932.76,801.437,1083.464,22.876,31.923,899.953,31.923,31.923,1,1,
460,1790092400191490816,46.0,19,15,2128,1440,53.27,73.384,78.248,15.485,2,44.178,87.216,127.388,21.139,2,1.4778,15,932.76,801.437,993.407,22.876,36.53,899.953,36.53,36.53,1,1,
461,1790092400291490816,46.1,19,17,2128,1632,54.066,73.384,78.248,16.017,2,45.292,87.216,127.388,25.881,2,1.3039,17,942.57,801.437,1050.119,22.876,36.53,909.763,36.53,36.53,1,1,
462,1790092400391490816,46.2,20,18,2240,1728,52.508,70.798,73.623,14.499,2,44.135,82.293,127.388,22.554,2,1.2963,18,955.611,801.437,1050.119,20.29,31.607,922.804,31.607,31.607,1,1,
463,1790092400491490816,46.3,18,17,2016,1632,52.508,62.357,73.384,11.838,1,45.292,91.42,127.388,26.339,2,1.2353,17,967.829,801.437,1050.119,11.849,40.734,935.022,40.734,40.734,1,1,
464,1790092400591490816,46.4,19,17,2128,1632,55.857,70.798,82.642,13.987,2,43.945,82.397,91.42,21.645,2,1.3039,17,983.651,801.437,1050.119,20.29,31.711,950.844,31.711,31.711,1,1,
465,1790092400691490816,46.5,19,19,2128,1824,55.857,70.798,82.642,14.699,2,43.945,82.508,91.42,25.821,2,1.1667,19,989.349,801.437,1050.119,20.29,31.822,956.542,31.822,31.822,1,1,
466,1790092400791490816,46.6,19,18,2128,1728,55.857,73.384,82.642,13.023,2,43.667,82.527,91.42,27.744,2,1.2315,18,993.23,801.437,1050.119,22.876,31.841,960.424,31.841,31.841,1,1,
467,1790092400891490816,46.7,19,18,2128,1728,53.51,73.384,82.642,15.297,2,43.498,82.527,91.42,25.844,2,1.2315,18,993.23,801.437,1050.119,22.876,31.841,960.424,31.841,31.841,1,1,
468,1790092400991490816,46.8,18,19,2016,1824,55.624,70.742,82.642,15.737,2,41.388,85.931,91.42,27.177,2,1.1053,19,1007.753,924.336,1051.373,20.234,35.245,974.946,35.245,35.245,1,1,
469,1790092401091490816,46.9,16,17,1792,1632,56.277,76.971,82.642,15.646,2,40.298,87.237,91.42,27.771,2,1.098,17,1007.841,979.191,1051.373,26.463,36.551,975.034,36.551,36.551,1,1,
470,1790092401191490816,47.0,19,15,2128,1440,48.044,76.971,266.127,35.682,5,40.298,87.237,91.42,25.904,2,1.4778,15,1007.841,979.191,1051.373,26.463,36.551,975.034,36.551,36.551,1,1,
471,1790092401291490816,47.1,19,15,2128,1440,42.592,76.971,266.127,36.931,5,41.388,91.42,328.137,48.99,2,1.4778,15,1015.699,979.191,1265.405,26.463,40.734,982.892,40.734,40.734,1,1,
472,1790092401391490816,47.2,19,18,2128,1728,37.559,70.742,266.127,34.424,5,40.478,85.931,328.137,42.504,3,1.2315,18,1037.431,979.191,1265.405,20.234,35.245,1004.624,35.245,35.245,1,1,
473,1790092401491490816,47.3,19,17,2128,1632,41.969,70.742,266.127,31.918,5,41.518,87.237,328.137,42.759,3,1.3039,17,1051.373,979.191,1265.405,20.234,36.551,1018.566,36.551,36.551,1,1,
474,1790092401591490816,47.4,19,16,2128,1536,44.83,70.742,266.127,31.594,5,42.101,129.624,328.137,45.943,3,1.3854,16,1085.05,979.191,1265.405,20.234,78.938,1052.244,78.938,78.938,1,1,
475,1790092401691490816,47.5,19,16,2128,1536,44.83,61.026,266.127,30.243,5,42.101,129.624,328.137,40.339,3,1.3854,16,1097.734,979.191,1265.405,10.518,78.938,1064.928,78.938,78.938,1,1,
476,1790092401791490816,47.6,19,16,2128,1536,47.833,70.742,266.127,33.311,5,42.297,129.624,328.137,39.791,3,1.3854,16,1128.903,987.715,1265.405,20.234,78.938,1096.096,78.938,78.938,1,1,
477,1790092401891490816,47.7,19,17,2128,1632,46.579,57.741,85.066,20.092,5,42.505,129.624,328.137,42.459,3,1.3039,17,1155.079,987.715,1265.405,7.233,78.938,1122.272,78.938,78.938,1,1,
478,1790092401991490816,47.8,21,17,2352,1632,46.579,58.781,85.066,18.892,5,41.717,82.482,129.624,22.343,3,1.4412,17,1155.079,1082.963,1265.405,8.273,31.796,1122.272,31.796,31.796,1,1,
479,1790092402091490816,47.9,23,19,2576,1824,47.262,58.781,85.066,17.651,5,42.425,82.482,129.624,22.182,3,1.4123,19,1155.079,1082.963,1265.405,8.273,31.796,1122.272,31.796,31.796,1,1,
480,1790092402191490816,48.0,19,21,2128,2016,49.768,61.026,85.066,10.653,2,42.78,82.482,129.624,20.253,3,1.0556,21,1154.815,931.5,1265.405,10.518,31.796,1122.008,31.796,31.796,1,1,
481,1790092402291490816,48.1,19,18,2128,1728,49.831,61.026,85.066,10.293,2,42.908,82.482,129.624,20.773,2,1.2315,18,1128.329,931.5,1214.088,10.518,31.796,1095.523,31.796,31.796,1,1,
482,1790092402391490816,48.2,19,18,2128,1728,49.831,58.781,85.066,10.584,2,44.308,83.244,129.624,22.835,2,1.2315,18,1142.309,931.5,1214.088,8.273,32.557,1109.502,32.557,32.557,1,1,
483,1790092402491490816,48.3,19,18,2128,1728,52.138,65.298,85.066,11.345,2,42.908,82.482,84.708,17.946,2,1.2315,18,1148.228,931.5,1214.088,14.79,31.796,1115.421,31.796,31.796,1,1,
484,1790092402591490816,48.4,19,18,2128,1728,52.138,65.298,85.066,12.25,2,44.308,83.244,128.081,23.134,2,1.2315,18,1153.053,931.5,1238.042,14.79,32.557,1120.246,32.557,32.557,1,1,
485,1790092402691490816,48.5,20,18,2240,1728,50.921,58.781,70.13,10.211,2,42.748,83.244,128.081,20.94,2,1.2963,18,1158.757,931.5,1238.042,8.273,32.557,1125.95,32.557,32.557,1,1,
486,1790092402791490816,48.6,19,19,2128,1824,51.504,58.781,70.13,8.508,1,42.78,83.244,128.081,19.549,2,1.1667,19,1162.699,931.5,1238.042,8.273,32.557,1129.892,32.557,32.557,1,1,
487,1790092402891490816,48.7,19,18,2128,1728,51.504,65.298,82.136,10.196,1,44.666,83.244,128.081,17.981,2,1.2315,18,1175.563,931.5,1238.042,14.79,32.557,1142.757,32.557,32.557,1,1,
488,1790092402991490816,48.8,19,17,2128,1632,51.504,65.298,82.136,11.143,1,45.002,84.761,128.081,19.08,2,1.3039,17,1199.253,931.5,1238.042,14.79,34.075,1166.446,34.075,34.075,1,1,
489,1790092403091490816,48.9,19,18,2128,1728,51.504,62.088,82.136,10.52,1,44.666,84.708,128.081,22.584,2,1.2315,18,1201.205,979.929,1243.627,11.58,34.022,1168.398,34.022,34.022,1,1,
490,1790092403191490816,49.0,19,19,2128,1824,51.504,66.632,82.136,11.967,1,43.215,84.708,128.081,19.704,2,1.1667,19,1201.638,1060.196,1243.627,16.124,34.022,1168.831,34.022,34.022,1,1,
491,1790092403291490816,49.1,19,19,2128,1824,49.337,66.632,82.136,11.614,1,43.215,82.473,128.081,19.479,2,1.1667,19,1207.991,1151.29,1243.627,16.124,31.787,1175.185,31.787,31.787,1,1,
492,1790092403391490816,49.2,19,18,2128,1728,49.337,62.088,82.136,10.976,1,43.843,80.53,84.761,17.644,2,1.2315,18,1209.198,1165.716,1243.627,11.58,29.844,1176.391,29.844,29.844,1,1,
493,1790092403491490816,49.3,19,20,2128,1920,49.337,62.088,82.136,10.399,1,43.843,80.53,84.761,15.925,2,1.1083,20,1208.573,1165.716,1243.627,11.58,29.844,1175.766,29.844,29.844,1,1,
494,1790092403591490816,49.4,18,19,2016,1824,49.02,62.088,82.136,10.904,1,44.501,80.566,84.761,18.362,2,1.1053,19,1207.991,1165.716,1243.627,11.58,29.88,1175.185,29.88,29.88,1,1,
495,1790092403691490816,49.5,19,18,2128,1728,53.464,66.632,97.758,15.575,2,43.843,80.566,84.761,17.749,2,1.2315,18,1208.573,1165.716,1243.627,16.124,29.88,1175.766,29.88,29.88,1,1,
496,1790092403791490816,49.6,20,19,2240,1824,49.02,62.088,97.758,14.127,2,44.089,82.473,86.539,23.118,2,1.2281,19,1207.991,1165.716,1243.627,11.58,31.787,1175.185,31.787,31.787,1,1,
497,1790092403891490816,49.7,19,20,2128,1920,52.38,66.632,97.758,13.946,2,42.588,80.566,86.539,19.88,2,1.1083,20,1207.718,1165.716,1243.627,16.124,29.88,1174.911,29.88,29.88,1,1,
498,1790092403991490816,49.8,19,19,2128,1824,52.38,66.632,97.758,14.055,2,44.089,80.566,86.539,18.678,2,1.1667,19,1207.991,1165.716,1230.824,16.124,29.88,1175.185,29.88,29.88,1,1,
499,1790092404091490816,49.9,19,18,2128,1728,52.38,71.598,97.758,14.382,2,45.355,80.566,86.539,21.396,2,1.2315,18,1208.299,1165.716,1230.824,21.09,29.88,1175.492,29.88,29.88,1,1,
500,1790092404191490816,50.0,19,18,2128,1728,54.642,71.598,97.758,14.742,2,44.336,80.566,86.539,21.432,2,1.2315,18,1209.646,1165.716,1278.622,21.09,29.88,1176.839,29.88,29.88,1,1,
501,1790092404291490816,50.1,19,17,2128,1632,49.724,71.598,97.758,16.102,2,43.447,83.029,86.539,18.231,2,1.3039,17,1211.848,1168.98,1278.622,21.09,32.343,1179.041,32.343,32.343,1,1,
502,1790092404391490816,50.2,19,19,2128,1824,52.788,71.598,97.758,15.675,2,41.958,83.029,88.761,21.292,2,1.1667,19,1223.069,1168.98,1305.775,21.09,32.343,1190.262,32.343,32.343,1,1,
503,1790092404491490816,50.3,19,18,2128,1728,52.788,69.913,73.918,14.248,2,42.558,83.029,88.761,22.549,2,1.2315,18,1227.63,1168.98,1305.775,19.405,32.343,1194.824,32.343,32.343,1,1,
504,1790092404591490816,50.4,19,17,2128,1632,52.788,69.913,73.918,13.995,1,43.956,83.029,88.761,23.431,2,1.3039,17,1230.824,1168.98,1305.775,19.405,32.343,1198.017,32.343,32.343,1,1,
505,1790092404691490816,50.5,19,18,2128,1728,55.188,69.913,73.918,13.943,1,44.624,83.029,88.761,22.583,2,1.2315,18,1239.621,1189.426,1305.775,19.405,32.343,1206.814,32.343,32.343,1,1,
506,1790092404791490816,50.6,19,17,2128,1632,53.167,68.147,73.918,13.559,1,44.99,86.761,88.761,24.024,2,1.3039,17,1250.142,1189.426,1305.775,17.639,36.075,1217.335,36.075,36.075,1,1,
507,1790092404891490816,50.7,19,18,2128,1728,51.815,68.147,73.918,13.07,1,44.624,82.564,88.761,23.016,2,1.2315,18,1265.304,1221.622,1305.775,17.639,31.878,1232.497,31.878,31.878,1,1,
508,1790092404991490816,50.8,18,18,2016,1728,52.018,68.096,69.913,12.584,1,44.624,82.564,88.761,23.057,2,1.1667,18,1271.241,1221.622,1305.775,17.588,31.878,1238.435,31.878,31.878,1,1,
509,1790092405091490816,50.9,18,17,2016,1632,52.018,68.147,101.855,16.715,2,44.751,86.761,88.761,22.199,2,1.2353,17,1278.622,1221.622,1313.178,17.639,36.075,1245.815,36.075,36.075,1,1,
510,1790092405191490816,51.0,18,18,2016,1728,54.316,69.898,101.855,18.129,2,44.624,82.564,124.715,25.256,2,1.1667,18,1287.613,1221.622,1391.317,19.39,31.878,1254.807,31.878,31.878,1,1,
511,1790092405291490816,51.1,19,17,2128,1632,56.3,82.2,102.02,24.057,2,44.751,86.761,124.715,24.133,2,1.3039,17,1291.553,1221.622,1391.317,31.692,36.075,1258.746,36.075,36.075,1,1,
512,1790092405391490816,51.2,19,17,2128,1632,52.964,82.2,102.02,26.526,2,44.751,86.761,124.715,26.764,2,1.3039,17,1296.646,1235.344,1391.317,31.692,36.075,1263.839,36.075,36.075,1,1,
513,1790092405491490816,51.3,19,18,2128,1728,52.964,89.772,102.02,27.571,2,44.624,86.761,164.37,32.75,2,1.2315,18,1302.798,1235.344,1397.954,39.264,36.075,1269.992,39.264,39.264,1,1,
514,1790092405591490816,51.4,19,16,2128,1536,52.964,89.772,102.02,28.405,2,44.877,124.715,164.37,34.173,2,1.3854,16,1308.388,1245.892,1397.954,39.264,74.029,1275.581,74.029,74.029,1,1,
515,1790092405691490816,51.5,19,16,2128,1536,57.849,95.381,102.02,33.08,2,44.877,124.715,164.37,36.582,2,1.3854,16,1316.451,1245.892,1436.769,44.873,74.029,1283.644,74.029,74.029,1,1,
516,1790092405791490816,51.6,19,17,2128,1632,65.422,95.381,102.02,32.966,2,43.993,127.162,164.37,42.11,2,1.3039,17,1344.008,1245.892,1463.904,44.873,76.476,1311.201,76.476,76.476,1,1,
517,1790092405891490816,51.7,18,16,2016,1536,56.853,89.772,102.02,32.447,2,44.877,127.162,164.37,42.113,2,1.3125,16,1372.431,1292.608,1463.904,39.264,76.476,1339.625,76.476,76.476,1,1,
518,1790092405991490816,51.8,18,15,2016,1440,56.853,92.952,102.02,33.805,2,44.533,127.162,164.37,41.974,2,1.4,15,1382.879,1292.608,1463.904,42.444,76.476,1350.072,76.476,76.476,1,1,
519,1790092406091490816,51.9,16,17,1792,1632,56.853,92.952,95.381,32.349,2,44.533,127.162,164.37,44.388,2,1.098,17,1388.76,1292.608,1463.904,42.444,76.476,1355.953,76.476,76.476,1,1,
520,1790092406191490816,52.0,19,13,2128,1248,31.124,92.952,236.765,41.04,4,62.489,127.162,164.37,51.249,2,1.7051,13,1397.954,1307.502,1463.904,42.444,76.476,1365.147,76.476,76.476,1,1,
521,1790092406291490816,52.1,20,15,2240,1440,31.835,92.952,236.765,39.807,4,23.097,127.162,250.135,56.619,4,1.5556,15,1405.245,1246.037,1467.585,42.444,76.476,1372.438,76.476,76.476,1,1,
522,1790092406391490816,52.2,20,16,2240,1536,35.724,92.952,236.765,35.842,4,44.011,127.162,250.135,52.844,4,1.4583,16,1401.599,1246.037,1467.585,42.444,76.476,1368.793,76.476,76.476,1,1,
523,1790092406491490816,52.3,19,17,2128,1632,40.967,95.381,236.765,41.46,4,43.457,127.162,250.135,49.249,4,1.3039,17,1388.76,1230.662,1467.585,44.873,76.476,1355.953,76.476,76.476,1,1,
524,1790092406591490816,52.4,20,16,2240,1536,35.724,92.952,236.765,39.112,4,42.903,127.162,250.135,50.124,4,1.4583,16,1397.002,1230.662,1467.585,42.444,76.476,1364.196,76.476,76.476,1,1,
525,1790092406691490816,52.5,19,18,2128,1728,44.465,92.952,236.765,37.647,4,42.903,122.577,250.135,51.257,4,1.2315,18,1365.383,1230.662,1467.585,42.444,71.891,1332.576,71.891,71.891,1,1,
526,1790092406791490816,52.6,19,17,2128,1632,44.465,78.205,236.765,34.542,4,41.373,160.366,250.135,49.265,4,1.3039,17,1310.137,1230.662,1467.585,27.697,109.68,1277.33,109.68,109.68,1,1,
527,1790092406891490816,52.7,19,18,2128,1728,44.465,63.625,127.13,23.465,4,41.293,86.217,250.135,41.658,4,1.2315,18,1305.429,1230.662,1467.585,13.117,35.531,1272.622,35.531,35.531,1,1,
528,1790092406991490816,52.8,21,17,2352,1632,44.465,78.205,127.13,24.386,4,41.476,129.092,160.366,34.116,4,1.4412,17,1302.043,1230.662,1467.585,27.697,78.406,1269.237,78.406,78.406,1,1,
529,1790092407091490816,52.9,23,19,2576,1824,46.359,78.205,127.13,22.838,4,41.476,86.217,160.366,34.996,4,1.4123,19,1308.814,1230.662,1467.585,27.697,35.531,1276.007,35.531,35.531,1,1,
530,1790092407191490816,53.0,19,20,2128,1920,46.562,78.205,127.13,19.963,2,41.659,126.66,160.366,37.628,4,1.1083,20,1309.475,1230.662,1467.585,27.697,75.974,1276.669,75.974,75.974,1,1,
531,1790092407291490816,53.1,19,17,2128,1632,46.953,78.205,127.13,20.912,2,42.712,129.092,160.366,34.292,3,1.3039,17,1310.137,1230.662,1439.149,27.697,78.406,1277.33,78.406,78.406,1,1,
532,1790092407391490816,53.2,19,16,2128,1536,46.953,66.896,82.831,16.566,2,42.52,129.092,160.366,33.995,3,1.3854,16,1328.941,1230.662,1439.149,16.388,78.406,1296.134,78.406,78.406,1,1,
533,1790092407491490816,53.3,19,16,2128,1536,47.54,66.896,118.139,17.59,2,42.52,126.66,129.092,28.912,3,1.3854,16,1328.941,1244.875,1439.149,16.388,75.974,1296.134,75.974,75.974,1,1,
534,1790092407591490816,53.4,19,16,2128,1536,48.09,66.896,118.139,17.748,2,43.077,126.66,129.092,28.552,2,1.3854,16,1360.022,1261.723,1439.149,16.388,75.974,1327.215,75.974,75.974,1,1,
535,1790092407691490816,53.5,19,15,2128,1440,50.149,66.896,118.139,19.055,2,43.396,126.66,129.092,33.29,2,1.4778,15,1384.397,1261.723,1491.085,16.388,75.974,1351.59,75.974,75.974,1,1,
536,1790092407791490816,53.6,19,16,2128,1536,50.149,68.083,118.139,18.268,2,43.493,126.66,129.092,36.674,2,1.3854,16,1412.661,1261.723,1491.085,17.575,75.974,1379.854,75.974,75.974,1,1,
537,1790092407891490816,53.7,19,17,2128,1632,50.149,66.896,118.139,16.775,2,43.227,122.779,126.66,29.171,2,1.3039,17,1414.366,1261.723,1491.085,16.388,72.093,1381.559,72.093,72.093,1,1,
538,1790092407991490816,53.8,19,17,2128,1632,50.149,68.083,125.333,23.924,3,43.227,122.779,126.66,28.8,2,1.3039,17,1419.02,1261.723,1491.085,17.575,72.093,1386.213,72.093,72.093,1,1,
539,1790092408091490816,53.9,19,15,2128,1440,51.964,68.083,125.333,22.432,3,43.227,85.202,122.779,23.876,2,1.4778,15,1425.373,1261.723,1491.085,17.575,34.516,1392.566,34.516,34.516,1,1,
540,1790092408191490816,54.0,19,16,2128,1536,51.964,68.083,125.333,22.696,3,43.493,122.779,167.156,35.834,2,1.3854,16,1424.38,1261.723,1491.085,17.575,72.093,1391.573,72.093,72.093,1,1,
541,1790092408291490816,54.1,19,14,2128,1344,51.964,62.273,125.333,19.159,3,43.493,122.779,167.156,37.85,2,1.5833,14,1442.809,1261.723,1491.085,11.765,72.093,1410.002,72.093,72.093,1,1,
542,1790092408391490816,54.2,19,15,2128,1440,52.693,68.083,125.333,21.5,3,43.604,128.757,167.156,35.59,2,1.4778,15,1457.79,1379.542,1491.085,17.575,78.071,1424.983,78.071,78.071,1,1,
543,1790092408491490816,54.3,19,15,2128,1440,54.754,68.083,125.333,21.187,3,60.992,128.757,167.156,41.236,2,1.4778,15,1463.516,1379.542,1491.085,17.575,78.071,1430.709,78.071,78.071,1,1,
544,1790092408591490816,54.4,19,15,2128,1440,54.754,68.083,125.333,21.456,3,60.992,128.757,167.156,41.134,2,1.4778,15,1463.516,1379.542,1491.085,17.575,78.071,1430.709,78.071,78.071,1,1,
545,1790092408691490816,54.5,19,13,2128,1248,53.43,67.102,125.333,21.497,3,62.48,128.757,167.156,40.454,2,1.7051,13,1457.79,1379.542,1486.064,16.594,78.071,1424.983,78.071,78.071,1,1,
546,1790092408791490816,54.6,19,14,2128,1344,51.45,64.287,95.787,18.832,3,80.049,128.757,167.156,38.536,2,1.5833,14,1457.443,1379.542,1486.064,13.779,78.071,1424.636,78.071,78.071,1,1,
547,1790092408891490816,54.7,21,15,2352,1440,52.582,64.287,95.787,17.389,3,63.371,128.757,167.156,41.184,2,1.6333,15,1457.095,1402.069,1486.064,13.779,78.071,1424.288,78.071,78.071,1,1,
548,1790092408991490816,54.8,19,16,2128,1536,51.17,64.287,95.787,13.713,2,46.692,122.978,128.757,33.084,2,1.3854,16,1448.767,1402.069,1486.064,13.779,72.292,1415.96,72.292,72.292,1,1,
549,1790092409091490816,54.9,18,17,2016,1632,50.038,64.287,95.787,12.711,2,44.015,122.978,128.757,29.326,2,1.2353,17,1456.104,1402.069,1486.064,13.779,72.292,1423.297,72.292,72.292,1,1,
550,1790092409191490816,55.0,18,15,2016,1440,50.038,67.102,117.981,19.32,2,44.015,86.7,122.978,24.336,2,1.4,15,1456.104,1402.069,1486.064,16.594,36.014,1423.297,36.014,36.014,1,1,
551,1790092409291490816,55.1,20,16,2240,1536,50.038,67.102,117.981,17.75,2,44.315,122.978,163.776,33.592,2,1.4583,16,1447.826,1399.247,1479.691,16.594,72.292,1415.02,72.292,72.292,1,1,
552,1790092409391490816,55.2,19,17,2128,1632,48.842,67.102,117.981,16.709,2,42.916,86.7,163.776,31.66,2,1.3039,17,1440.439,1355.507,1479.691,16.594,36.014,1407.632,36.014,36.014,1,1,
553,1790092409491490816,55.3,19,18,2128,1728,48.005,66.058,117.981,15.382,2,44.315,83.846,163.776,27.488,2,1.2315,18,1438.824,1355.507,1475.893,15.55,33.16,1406.017,33.16,33.16,1,1,
554,1790092409591490816,55.4,19,17,2128,1632,48.005,66.058,117.981,15.494,2,43.559,87.002,163.776,29.416,2,1.3039,17,1439.562,1355.507,1475.893,15.55,36.316,1406.755,36.316,36.316,1,1,
555,1790092409691490816,55.5,19,17,2128,1632,49.509,66.058,117.981,15.026,2,43.559,87.002,163.776,24.304,2,1.3039,17,1440.439,1355.507,1475.893,15.55,36.316,1407.632,36.316,36.316,1,1,
556,1790092409791490816,55.6,19,17,2128,1632,46.107,66.058,117.981,15.077,2,44.542,87.002,163.776,26.61,2,1.3039,17,1439.997,1355.507,1471.794,15.55,36.316,1407.19,36.316,36.316,1,1,
557,1790092409891490816,55.7,19,17,2128,1632,49.345,66.058,117.981,15.535,2,42.539,87.002,163.776,24.171,2,1.3039,17,1452.194,1355.507,1471.794,15.55,36.316,1419.387,36.316,36.316,1,1,
558,1790092409991490816,55.8,18,17,2016,1632,48.364,65.271,75.663,12.858,2,44.542,87.002,163.776,24.388,2,1.2353,17,1442.385,1355.507,1471.794,14.764,36.316,1409.578,36.316,36.316,1,1,
559,1790092410091490816,55.9,19,18,2128,1728,49.345,65.271,88.129,12.605,1,42.802,83.846,87.028,18.59,2,1.2315,18,1441.191,1355.507,1481.645,14.764,33.16,1408.384,33.16,33.16,1,1,
560,1790092410191490816,56.0,18,17,2016,1632,50.326,65.271,88.129,12.204,1,42.539,87.002,87.028,15.116,2,1.2353,17,1442.385,1355.507,1481.645,14.764,36.316,1409.578,36.316,36.316,1,1,
561,1790092410291490816,56.1,20,16,2240,1536,49.53,65.271,88.129,12.429,1,42.802,87.002,87.028,13.343,1,1.4583,16,1452.696,1411.858,1487.421,14.764,36.316,1419.889,36.316,36.316,1,1,
562,1790092410391490816,56.2,19,18,2128,1728,50.49,65.271,88.129,13.888,1,42.276,85.057,87.028,14.222,1,1.2315,18,1455.336,1411.858,1487.421,14.764,34.37,1422.529,34.37,34.37,1,1,
563,1790092410491490816,56.3,18,18,2016,1728,50.654,65.271,88.129,14.145,1,42.208,84.708,87.028,11.743,1,1.1667,18,1457.29,1427.681,1487.421,14.764,34.022,1424.483,34.022,34.022,1,1,
564,1790092410591490816,56.4,19,17,2128,1632,49.928,67.51,130.957,21.829,2,42.242,85.057,87.028,12.361,1,1.3039,17,1455.51,1382.189,1487.421,17.002,34.37,1422.703,34.37,34.37,1,1,
565,1790092410691490816,56.5,19,18,2128,1728,53.549,67.51,130.957,21.534,2,42.208,85.057,167.922,21.469,3,1.2315,18,1457.29,1382.189,1487.421,17.002,34.37,1424.483,34.37,34.37,1,1,
566,1790092410791490816,56.6,19,17,2128,1632,49.744,67.51,130.957,21.743,2,41.555,87.028,167.922,22.884,3,1.3039,17,1455.51,1372.779,1487.421,17.002,36.342,1422.703,36.342,36.342,1,1,
567,1790092410891490816,56.7,19,18,2128,1728,49.744,67.51,130.957,20.324,2,41.889,85.057,167.922,23.614,3,1.2315,18,1455.326,1372.779,1487.421,17.002,34.37,1422.52,34.37,34.37,1,1,
568,1790092410991490816,56.8,19,18,2128,1728,49.744,67.51,130.957,18.706,2,40.724,84.708,167.922,21.233,3,1.2315,18,1453.006,1372.779,1487.421,17.002,34.022,1420.2,34.022,34.022,1,1,
569,1790092411091490816,56.9,19,18,2128,1728,48.021,65.243,130.957,18.071,2,41.889,85.057,167.922,21.165,3,1.2315,18,1422.593,1372.779,1487.421,14.735,34.37,1389.786,34.37,34.37,1,1,
570,1790092411191490816,57.0,19,19,2128,1824,47.079,65.243,130.957,16.701,2,41.307,79.891,167.922,17.733,3,1.1667,19,1416.499,1372.779,1483.509,14.735,29.205,1383.692,29.205,29.205,1,1,
571,1790092411291490816,57.1,19,18,2128,1728,48.802,63.95,130.957,15.728,2,42.034,84.348,167.922,21.115,3,1.2315,18,1414.096,1372.779,1474.403,13.442,33.662,1381.29,33.662,33.662,1,1,
572,1790092411391490816,57.2,19,18,2128,1728,47.641,60.958,70.022,11.199,2,43.255,84.348,167.922,23.046,3,1.2315,18,1414.096,1372.779,1474.403,10.45,33.662,1381.29,33.662,33.662,1,1,
573,1790092411491490816,57.3,21,17,2352,1632,47.641,63.95,70.022,11.932,2,41.704,84.348,88.735,16.548,3,1.4412,17,1416.499,1372.779,1474.403,13.442,33.662,1383.692,33.662,33.662,1,1,
574,1790092411591490816,57.4,20,20,2276,1920,47.645,64.883,85.644,13.69,2,42.034,81.998,88.735,16.404,3,1.1854,20,1420.414,1372.779,1493.225,14.375,31.312,1387.608,31.312,31.312,1,1,
575,1790092411691490816,57.5,20,19,2276,1820,47.645,68.022,85.644,15.221,2,42.632,84.348,88.735,17.509,3,1.2505,18,1428.663,1395.411,1493.225,17.514,33.662,1395.856,33.662,33.662,1,1,
576,1790092411791490816,57.6,20,19,2276,1820,47.645,64.883,85.644,14.187,2,42.632,84.348,88.735,21.79,3,1.2505,18,1434.846,1395.411,1493.225,14.375,33.662,1402.039,33.662,33.662,1,1,
577,1790092411891490816,57.7,20,19,2276,1820,47.645,68.022,95.772,17.766,2,44.161,85.121,89.377,23.888,3,1.2505,18,1444.756,1395.411,1493.225,17.514,34.435,1411.95,34.435,34.435,1,1,
578,1790092411991490816,57.8,21,20,2308,1916,47.587,68.022,95.772,18.337,2,43.255,84.348,89.377,24.608,3,1.2046,19,1438.705,1410.255,1493.225,17.514,33.662,1405.898,33.662,33.662,1,1,
579,1790092412091490816,57.9,21,18,2308,1724,47.587,75.688,95.772,19.665,2,45.067,84.348,89.377,27.286,3,1.3387,17,1450.808,1413.751,1493.225,25.18,33.662,1418.001,33.662,33.662,1,1,
580,1790092412191490816,58.0,21,20,2308,1916,47.445,75.688,95.772,19.679,2,44.014,85.121,89.377,24.853,3,1.2046,19,1456.151,1413.751,1493.225,25.18,34.435,1423.344,34.435,34.435,1,1,
581,1790092412291490816,58.1,21,20,2308,1916,47.006,75.688,95.772,19.169,2,43.23,85.121,89.377,23.211,3,1.2046,19,1461.586,1413.751,1493.225,25.18,34.435,1428.779,34.435,34.435,1,1,
582,1790092412391490816,58.2,22,20,2420,1916,46.718,75.688,95.772,18.303,2,43.23,85.121,89.377,21.167,3,1.263,19,1456.151,1413.751,1493.225,25.18,34.435,1423.344,34.435,34.435,1,1,
583,1790092412491490816,58.3,22,20,2420,1916,46.718,68.022,95.772,15.741,2,43.344,87.642,125.172,25.474,3,1.263,19,1456.151,1413.751,1482.634,17.514,36.956,1423.344,36.956,36.956,1,1,
584,1790092412591490816,58.4,21,20,2272,1916,47.006,67.077,95.772,12.526,1,42.448,87.642,125.172,23.212,3,1.1858,19,1452.109,1413.751,1482.634,16.569,36.956,1419.302,36.956,36.956,1,1,
585,1790092412691490816,58.5,19,19,2048,1824,47.006,67.077,95.772,12.385,1,43.679,87.642,125.172,19.8,2,1.1228,19,1452.758,1413.751,1482.634,16.569,36.956,1419.951,36.956,36.956,1,1,
586,1790092412791490816,58.6,21,17,2272,1632,47.006,65.371,75.688,9.573,1,42.896,87.642,125.172,17.002,2,1.3922,17,1452.109,1413.751,1482.634,14.863,36.956,1419.302,36.956,36.956,1,1,
587,1790092412891490816,58.7,20,19,2160,1824,47.293,65.371,75.688,7.357,1,42.434,81.348,125.172,15.136,2,1.1842,19,1452.109,1413.751,1482.634,14.863,30.662,1419.302,30.662,30.662,1,1,
588,1790092412991490816,58.8,19,18,2128,1728,46.97,62.341,67.077,6.154,1,42.42,80.543,125.172,11.027,1,1.2315,18,1453.08,1407.102,1482.634,11.833,29.857,1420.273,29.857,29.857,1,1,
589,1790092413091490816,58.9,20,19,2240,1824,46.646,64.961,67.077,7.338,1,42.145,81.348,125.172,12.785,1,1.2281,19,1452.758,1407.102,1478.589,14.453,30.662,1419.951,30.662,30.662,1,1,
590,1790092413191490816,59.0,19,18,2128,1728,47.101,64.961,67.077,7.075,1,41.869,81.348,125.172,13.41,1,1.2315,18,1452.47,1407.102,1478.589,14.453,30.662,1419.663,30.662,30.662,1,1,
591,1790092413291490816,59.1,19,17,2128,1632,47.337,62.341,67.077,6.679,1,42.145,85.398,125.172,16.733,1,1.3039,17,1453.401,1407.102,1497.468,11.833,34.712,1420.594,34.712,34.712,1,1,
592,1790092413391490816,59.2,19,18,2128,1728,47.337,64.961,108.849,12.503,2,42.289,82.078,85.398,13.214,1,1.2315,18,1464.682,1407.102,1497.468,14.453,31.392,1431.875,31.392,31.392,1,1,
593,1790092413491490816,59.3,19,18,2128,1728,47.337,62.341,108.849,11.623,2,42.42,83.412,85.618,17.97,2,1.2315,18,1459.34,1379.044,1497.468,11.833,32.726,1426.533,32.726,32.726,1,1,
594,1790092413591490816,59.4,19,17,2128,1632,46.637,64.961,108.849,11.902,2,42.355,85.398,85.618,16.604,2,1.3039,17,1454.727,1372.334,1497.468,14.453,34.712,1421.92,34.712,34.712,1,1,
595,1790092413691490816,59.5,20,18,2240,1728,46.157,65.343,108.849,12.854,2,42.42,83.412,85.618,15.508,2,1.2963,18,1453.116,1372.334,1497.468,14.835,32.726,1420.309,32.726,32.726,1,1,
596,1790092413791490816,59.6,19,18,2128,1728,47.97,65.343,108.849,15.36,2,42.507,83.412,85.618,15.559,2,1.2315,18,1446.093,1372.334,1497.468,14.835,32.726,1413.286,32.726,32.726,1,1,
597,1790092413891490816,59.7,19,17,2128,1632,47.97,65.568,108.849,16.555,2,43.521,85.618,89.453,21.363,2,1.3039,17,1435.481,1372.334,1497.468,15.06,34.932,1402.674,34.932,34.932,1,1,
598,1790092413991490816,59.8,18,17,2016,1632,47.117,65.568,108.849,16.285,2,43.401,85.618,89.453,18.956,2,1.2353,17,1454.727,1372.334,1497.468,15.06,34.932,1421.92,34.932,34.932,1,1,
599,1790092414091490816,59.9,18,16,2016,1536,47.117,78.651,108.849,19.527,2,43.364,85.618,89.453,20.008,2,1.3125,16,1442.765,1372.334,1497.468,28.143,34.932,1409.958,34.932,34.932,1,1,
600,1790092414191490816,60.0,18,18,2016,1728,45.279,78.651,108.849,21.754,2,42.847,85.618,89.453,17.985,2,1.1667,18,1445.302,1372.334,1497.468,28.143,34.932,1412.495,34.932,34.932,1,1,
601,1790092414291490816,60.1,20,18,2240,1728,45.279,75.944,83.751,19.661,2,42.847,85.618,89.453,15.685,2,1.2963,18,1441.119,1372.334,1483.774,25.436,34.932,1408.312,34.932,34.932,1,1,
602,1790092414391490816,60.2,17,19,1904,1824,48.06,78.651,83.751,20.138,1,42.677,83.295,89.453,17.11,2,1.0439,19,1439.674,1372.334,1480.553,28.143,32.609,1406.867,32.609,32.609,1,1,
603,1790092414491490816,60.3,19,16,2128,1536,35.89,78.651,182.195,29.181,3,42.507,86.162,89.453,14.992,2,1.3854,16,1439.744,1390.655,1480.553,28.143,35.476,1406.938,35.476,35.476,1,1,
604,1790092414591490816,60.4,19,18,2128,1728,38.095,78.651,182.195,28.864,3,41.799,86.162,204.188,30.024,4,1.2315,18,1441.119,1336.943,1488.447,28.143,35.476,1408.312,35.476,35.476,1,1,
605,1790092414691490816,60.5,19,18,2128,1728,38.095,78.651,182.195,28.022,3,41.54,86.162,204.188,30.221,4,1.2315,18,1441.119,1301.885,1488.447,28.143,35.476,1408.312,35.476,35.476,1,1,
606,1790092414791490816,60.6,17,17,1904,1632,38.095,83.751,182.195,27.959,3,41.504,86.162,204.188,29.115,4,1.1667,17,1442.423,1301.885,1488.447,33.243,35.476,1409.616,35.476,35.476,1,1,
607,1790092414891490816,60.7,18,15,2016,1440,30.04,75.944,201.694,39.235,4,41.67,86.162,204.188,33.135,4,1.4,15,1439.815,1301.885,1488.447,25.436,35.476,1407.008,35.476,35.476,1,1,
608,1790092414991490816,60.8,16,17,1792,1632,30.04,182.195,201.694,41.03,4,39.454,204.188,252.536,47.076,4,1.098,17,1439.674,1301.885,1488.447,131.687,153.502,1406.867,153.502,153.502,1,1,
609,1790092415091490816,60.9,19,16,2128,1536,22.532,182.195,211.556,46.602,4,37.532,204.188,252.536,49.948,4,1.3854,16,1437.084,1301.885,1488.447,131.687,153.502,1404.277,153.502,153.502,1,1,
610,1790092415191490816,61.0,18,18,2016,1728,30.04,182.195,211.556,51.228,4,0.098,204.188,252.536,51.138,4,1.1667,18,1397.486,1298.855,1488.447,131.687,153.502,1364.679,153.502,153.502,1,1,
611,1790092415291490816,61.1,20,17,2240,1632,0.17,100.977,211.556,43.143,4,0.108,210.569,252.536,57.026,4,1.3725,17,1377.505,1298.855,1488.447,50.469,159.883,1344.698,159.883,159.883,1,1,
612,1790092415391490816,61.2,22,19,2464,1824,30.04,100.977,211.556,42.671,4,0.01,122.714,252.536,46.164,4,1.3509,19,1373.202,1291.415,1488.447,50.469,72.028,1340.395,72.028,72.028,1,1,
613,1790092415491490816,61.3,19,20,2128,1920,34.133,100.977,211.556,45.881,4,0.012,122.714,252.536,48.189,4,1.1083,20,1369.87,1291.415,1488.447,50.469,72.028,1337.064,72.028,72.028,1,1,
614,1790092415591490816,61.4,19,18,2128,1728,32.538,98.724,211.556,38.817,4,0.254,122.714,252.536,53.764,4,1.2315,18,1355.671,1291.415,1459.03,48.216,72.028,1322.864,72.028,72.028,1,1,
615,1790092415691490816,61.5,21,18,2352,1728,34.133,98.724,211.556,36.226,4,0.254,84.643,210.569,44.125,4,1.3611,18,1355.671,1236.252,1459.03,48.216,33.957,1322.864,48.216,48.216,1,1,
616,1790092415791490816,61.6,19,20,2128,1920,43.635,83.021,100.977,26.453,4,39.501,84.643,210.569,41.69,4,1.1083,20,1351.897,1236.252,1459.03,32.513,33.957,1319.09,33.957,33.957,1,1,
617,1790092415891490816,61.7,21,17,2352,1632,43.635,83.021,100.977,25.712,4,40.934,84.643,122.714,31.76,4,1.4412,17,1351.143,1236.252,1459.03,32.513,33.957,1318.336,33.957,33.957,1,1,
618,1790092415991490816,61.8,19,18,2128,1728,50.943,83.021,100.977,20.698,3,42.24,84.643,164.084,37.059,4,1.2315,18,1351.897,1236.252,1459.03,32.513,33.957,1319.09,33.957,33.957,1,1,
619,1790092416091490816,61.9,20,19,2240,1824,48.219,66.281,100.977,18.206,3,40.952,84.643,164.084,35.143,4,1.2281,19,1352.65,1236.252,1459.03,15.773,33.957,1319.843,33.957,33.957,1,1,
620,1790092416191490816,62.0,21,17,2352,1632,47.301,63.297,83.021,15.174,3,44.314,122.714,164.084,31.444,3,1.4412,17,1352.65,1236.252,1478.225,12.789,72.028,1319.843,72.028,72.028,1,1,
621,1790092416291490816,62.1,18,17,2016,1632,48.219,66.281,83.021,12.685,1,44.314,84.643,164.084,28.925,3,1.2353,17,1358.691,1236.252,1478.225,15.773,33.957,1325.884,33.957,33.957,1,1,
622,1790092416391490816,62.2,19,15,2128,1440,47.649,66.814,83.021,14.432,1,45.567,83.997,164.084,26.287,2,1.4778,15,1352.65,1236.252,1478.225,16.306,33.311,1319.843,33.311,33.311,1,1,
623,1790092416491490816,62.3,20,17,2240,1632,48.219,66.814,81.368,13.091,1,44.314,88.763,164.084,26.438,2,1.3725,17,1360.639,1236.252,1478.225,16.306,38.077,1327.832,38.077,38.077,1,1,
624,1790092416591490816,62.4,19,15,2128,1440,47.649,66.814,81.368,13.426,1,44.314,90.394,164.084,27.676,2,1.4778,15,1400.74,1236.252,1499.107,16.306,39.708,1367.933,39.708,39.708,1,1,
625,1790092416691490816,62.5,19,16,2128,1536,48.684,66.814,81.368,13.025,1,43.274,90.394,164.084,28.46,2,1.3854,16,1400.829,1312.053,1499.107,16.306,39.708,1368.022,39.708,39.708,1,1,
626,1790092416791490816,62.6,20,16,2240,1536,48.302,66.814,81.368,11.952,1,42.974,88.763,90.394,22.965,2,1.4583,16,1441.032,1312.053,1499.107,16.306,38.077,1408.225,38.077,38.077,1,1,
627,1790092416891490816,62.7,19,18,2128,1728,50.339,66.814,81.368,11.524,1,42.974,83.997,90.394,20.519,2,1.2315,18,1441.032,1312.053,1499.107,16.306,33.311,1408.225,33.311,33.311,1,1,
628,1790092416991490816,62.8,19,18,2128,1728,49.296,66.814,81.368,11.434,1,42.974,86.131,90.394,20.679,2,1.2315,18,1438.471,1312.053,1499.107,16.306,35.445,1405.664,35.445,35.445,1,1,
629,1790092417091490816,62.9,19,17,2128,1632,50.339,69.898,126.654,19.936,3,43.14,88.763,90.394,21.845,2,1.3039,17,1443.047,1312.053,1499.107,19.39,38.077,1410.24,38.077,38.077,1,1,
630,1790092417191490816,63.0,20,17,2240,1632,48.302,69.898,131.896,25.864,3,43.14,90.394,130.639,24.86,2,1.3725,17,1443.184,1312.053,1499.107,19.39,39.708,1410.377,39.708,39.708,1,1,
631,1790092417291490816,63.1,20,19,2240,1824,50.327,69.898,131.896,23.857,3,42.83,90.394,130.639,29.385,3,1.2281,19,1443.184,1312.053,1499.107,19.39,39.708,1410.377,39.708,39.708,1,1,
632,1790092417391490816,63.2,21,17,2352,1632,50.308,92.719,131.896,26.316,3,42.83,125.81,130.639,27.539,3,1.4412,17,1443.357,1384.68,1499.107,42.211,75.124,1410.55,75.124,75.124,1,1,
633,1790092417491490816,63.3,20,17,2240,1632,50.389,92.719,131.896,27.231,3,42.83,125.81,130.639,27.11,3,1.3725,17,1443.357,1384.68,1499.107,42.211,75.124,1410.55,75.124,75.124,1,1,
634,1790092417591490816,63.4,20,19,2240,1824,50.327,95.441,131.896,32.065,3,42.996,86.131,130.639,29.16,3,1.2281,19,1435.994,1384.68,1497.438,44.933,35.445,1403.187,44.933,44.933,1,1,
635,1790092417691490816,63.5,19,17,2128,1632,45.855,95.441,131.896,34.021,3,43.327,125.81,130.639,30.049,3,1.3039,17,1435.994,1411.719,1497.438,44.933,75.124,1403.187,75.124,75.124,1,1,
636,1790092417791490816,63.6,21,18,2352,1728,40.94,95.441,131.896,33.905,3,43.306,86.131,130.639,32.752,3,1.3611,18,1429.122,1368.913,1497.438,44.933,35.445,1396.316,44.933,44.933,1,1,
637,1790092417891490816,63.7,21,19,2352,1824,40.94,92.719,131.896,31.048,3,41.661,85.129,130.639,28.751,3,1.2895,19,1423.096,1368.913,1497.438,42.211,34.443,1390.289,42.211,42.211,1,1,
638,1790092417991490816,63.8,22,17,2464,1632,41.383,92.719,131.896,29.635,3,41.661,86.826,125.81,29.342,3,1.5098,17,1416.586,1368.913,1497.438,42.211,36.14,1383.779,42.211,42.211,1,1,
639,1790092418091490816,63.9,22,18,2464,1728,42.761,79.977,95.441,23.089,3,42.037,85.129,125.81,29.96,3,1.4259,18,1419.841,1368.913,1497.438,29.469,34.443,1387.034,34.443,34.443,1,1,
640,1790092418191490816,64.0,20,19,2240,1824,46.005,79.977,95.441,21.305,2,41.998,83.53,86.826,25.916,3,1.2281,19,1423.096,1368.913,1498.974,29.469,32.843,1390.289,32.843,32.843,1,1,
641,1790092418291490816,64.1,21,17,2352,1632,44.383,73.415,95.441,19.642,2,44.599,85.129,86.826,23.98,2,1.4412,17,1427.375,1368.913,1498.974,22.907,34.443,1394.568,34.443,34.443,1,1,
642,1790092418391490816,64.2,20,16,2240,1536,46.005,73.415,95.441,17.913,2,41.96,83.671,86.826,22.701,2,1.4583,16,1425.236,1368.913,1498.974,22.907,32.985,1392.429,32.985,32.985,1,1,
643,1790092418491490816,64.3,21,17,2352,1632,44.383,68.981,79.977,16.125,2,41.943,86.826,123.224,23.464,2,1.4412,17,1427.375,1368.913,1498.974,18.473,36.14,1394.568,36.14,36.14,1,1,
644,1790092418591490816,64.4,20,16,2240,1536,46.005,67.739,73.415,15.593,2,41.926,86.826,123.224,22.384,2,1.4583,16,1433.952,1368.913,1498.974,17.231,36.14,1401.145,36.14,36.14,1,1,
645,1790092418691490816,64.5,19,15,2128,1440,46.23,68.981,73.415,15.148,2,41.943,87.799,123.224,24.612,2,1.4778,15,1435.158,1373.92,1498.974,18.473,37.112,1402.351,37.112,37.112,1,1,
646,1790092418791490816,64.6,21,15,2352,1440,44.383,68.981,90.582,16.186,2,62.851,87.799,123.224,27.352,2,1.6333,15,1458.104,1373.92,1498.974,18.473,37.112,1425.297,37.112,37.112,1,1,
647,1790092418891490816,64.7,19,17,2128,1632,46.23,70.047,90.582,18.568,2,44.774,87.799,123.224,26.24,2,1.3039,17,1458.104,1394.234,1498.974,19.539,37.112,1425.297,37.112,37.112,1,1,
648,1790092418991490816,64.8,21,17,2352,1632,41.083,70.047,90.582,18.769,2,42.898,87.799,123.224,23.506,2,1.4412,17,1458.104,1394.234,1498.974,19.539,37.112,1425.297,37.112,37.112,1,1,
649,1790092419091490816,64.9,19,18,2128,1728,41.083,70.047,90.582,19.356,2,43.814,85.56,123.224,22.192,2,1.2315,18,1456.438,1394.234,1490.545,19.539,34.873,1423.631,34.873,34.873,1,1,
650,1790092419191490816,65.0,20,17,2240,1632,46.245,87.667,105.769,22.074,2,43.178,87.799,123.224,21.382,2,1.3725,17,1455.185,1394.234,1487.647,37.159,37.112,1422.378,37.159,37.159,1,1,
651,1790092419291490816,65.1,18,19,2016,1824,46.245,87.667,105.769,23.931,2,42.261,85.56,125.912,21.575,2,1.1053,19,1447.352,1394.159,1487.647,37.159,34.873,1414.545,37.159,37.159,1,1,
652,1790092419391490816,65.2,20,18,2240,1728,35.711,90.582,165.981,31.209,3,42.541,85.56,125.912,22.807,2,1.2963,18,1444.684,1394.159,1487.647,40.074,34.873,1411.877,40.074,40.074,1,1,
653,1790092419491490816,65.3,17,19,1904,1824,35.362,105.769,165.981,31.268,3,42.741,85.56,167.837,30.47,3,1.0439,19,1442.016,1353.398,1487.647,55.261,34.873,1409.209,55.261,55.261,1,1,
654,1790092419591490816,65.4,15,17,1680,1632,35.362,105.769,165.981,30.95,3,42.741,125.912,167.837,28.932,3,1.0294,17,1447.352,1353.398,1487.647,55.261,75.226,1414.545,75.226,75.226,1,1,
655,1790092419691490816,65.5,14,16,1568,1536,35.013,105.769,165.981,33.277,3,42.541,125.912,167.837,30.776,3,1.0208,16,1444.684,1353.398,1487.647,55.261,75.226,1411.877,75.226,75.226,1,1,
656,1790092419791490816,65.6,12,14,1344,1344,35.013,105.769,165.981,33.394,3,41.981,125.912,167.837,32.479,3,1.0,14,1429.975,1353.398,1487.647,55.261,75.226,1397.169,75.226,75.226,1,1,
657,1790092419891490816,65.7,9,12,1008,1152,38.207,105.769,165.981,42.145,3,41.981,125.912,167.837,31.548,3,0.875,12,1411.115,1353.398,1467.566,55.261,75.226,1378.308,75.226,75.226,1,1,
658,1790092419991490816,65.8,7,9,784,864,15.091,46.245,165.981,40.392,3,38.879,125.912,167.837,42.746,3,0.9074,9,1407.2,1353.398,1467.566,-4.263,75.226,1374.393,75.226,75.226,1,1,
659,1790092420091490816,65.9,5,7,560,672,15.091,165.981,165.981,49.031,3,20.766,42.941,167.837,42.048,3,0.8333,7,1395.863,1353.398,1467.566,115.473,-7.745,1363.056,115.473,115.473,1,1,
660,1790092420191490816,66.0,4,7,448,672,0.014,30.168,30.168,10.052,3,20.766,42.941,167.837,42.048,3,0.6667,7,1395.863,1353.398,1467.566,-20.34,-7.745,1363.056,-7.745,-7.745,1,0,
661,1790092420291490816,66.1,4,4,448,384,0.014,30.168,30.168,10.052,3,0.005,42.941,42.941,14.313,3,1.1667,4,1389.518,1353.398,1453.2,-20.34,-7.745,1356.711,-7.745,-7.745,1,0,
662,1790092420391490816,66.2,0,4,0,384,,,,,0,0.005,42.941,42.941,14.313,3,0.0,4,1389.518,1353.398,1453.2,,-7.745,1356.711,-7.745,-7.745,1,0,
663,1790092420491490816,66.3,0,0,0,0,,,,,0,,,,,0,,0,,,,,,,,,1,0,
664,1790092420591490816,66.4,0,0,0,0,,,,,0,,,,,0,,0,,,,,,,,,1,0,
665,1790092420691490816,66.5,0,0,0,0,,,,,0,,,,,0,,0,,,,,,,,,1,0,
666,1790092420791490816,66.6,0,0,0,0,,,,,0,,,,,0,,0,,,,,,,,,1,0,
667,1790092420891490816,66.7,0,0,0,0,,,,,0,,,,,0,,0,,,,,,,,,1,0,
668,1790092420991490816,66.8,0,0,0,0,,,,,0,,,,,0,,0,,,,,,,,,1,0,
669,1790092421091490816,66.9,0,0,0,0,,,,,0,,,,,0,,0,,,,,,,,,1,0,
670,1790092421191490816,67.0,0,0,0,0,,,,,0,,,,,0,,0,,,,,,,,,1,0,
671,1790092421291490816,67.1,0,0,0,0,,,,,0,,,,,0,,0,,,,,,,,,1,0,
672,1790092421391490816,67.2,0,0,0,0,,,,,0,,,,,0,,0,,,,,,,,,1,0,
673,1790092421491490816,67.3,0,0,0,0,,,,,0,,,,,0,,0,,,,,,,,,1,0,
674,1790092421591490816,67.4,0,0,0,0,,,,,0,,,,,0,,0,,,,,,,,,1,0,
675,1790092421691490816,67.5,0,0,0,0,,,,,0,,,,,0,,0,,,,,,,,,1,0,
676,1790092421791490816,67.6,0,0,0,0,,,,,0,,,,,0,,0,,,,,,,,,1,0,
677,1790092421891490816,67.7,0,0,0,0,,,,,0,,,,,0,,0,,,,,,,,,1,0,
678,1790092421991490816,67.8,0,0,0,0,,,,,0,,,,,0,,0,,,,,,,,,1,0,
679,1790092422091490816,67.9,0,0,0,0,,,,,0,,,,,0,,0,,,,,,,,,1,0,
680,1790092422191490816,68.0,0,0,0,0,,,,,0,,,,,0,,0,,,,,,,,,1,0,
681,1790092422291490816,68.1,0,0,0,0,,,,,0,,,,,0,,0,,,,,,,,,1,0,
682,1790092422391490816,68.2,0,0,0,0,,,,,0,,,,,0,,0,,,,,,,,,1,0,
683,1790092422491490816,68.3,0,0,0,0,,,,,0,,,,,0,,0,,,,,,,,,1,0,
684,1790092422591490816,68.4,0,0,0,0,,,,,0,,,,,0,,0,,,,,,,,,1,0,
685,1790092422691490816,68.5,0,0,0,0,,,,,0,,,,,0,,0,,,,,,,,,1,0,
686,1790092422791490816,68.6,0,0,0,0,,,,,0,,,,,0,,0,,,,,,,,,1,0,
687,1790092422891490816,68.7,0,0,0,0,,,,,0,,,,,0,,0,,,,,,,,,1,0,
688,1790092422991490816,68.8,0,0,0,0,,,,,0,,,,,0,,0,,,,,,,,,1,0,
689,1790092423091490816,68.9,0,0,0,0,,,,,0,,,,,0,,0,,,,,,,,,1,0,
690,1790092423191490816,69.0,0,0,0,0,,,,,0,,,,,0,,0,,,,,,,,,1,0,
691,1790092423291490816,69.1,0,0,0,0,,,,,0,,,,,0,,0,,,,,,,,,1,0,
692,1790092423391490816,69.2,0,0,0,0,,,,,0,,,,,0,,0,,,,,,,,,1,0,
693,1790092423491490816,69.3,0,0,0,0,,,,,0,,,,,0,,0,,,,,,,,,1,0,
694,1790092423591490816,69.4,0,0,0,0,,,,,0,,,,,0,,0,,,,,,,,,1,0,
695,1790092423691490816,69.5,0,0,0,0,,,,,0,,,,,0,,0,,,,,,,,,1,0,
696,1790092423791490816,69.6,0,0,0,0,,,,,0,,,,,0,,0,,,,,,,,,1,0,
697,1790092423891490816,69.7,0,0,0,0,,,,,0,,,,,0,,0,,,,,,,,,1,0,
698,1790092423991490816,69.8,0,0,0,0,,,,,0,,,,,0,,0,,,,,,,,,1,0,
699,1790092424091490816,69.9,0,0,0,0,,,,,0,,,,,0,,0,,,,,,,,,1,0,
700,1790092424191490816,70.0,0,0,0,0,,,,,0,,,,,0,,0,,,,,,,,,1,0,
701,1790092424291490816,70.1,0,0,0,0,,,,,0,,,,,0,,0,,,,,,,,,1,0,
702,1790092424391490816,70.2,0,0,0,0,,,,,0,,,,,0,,0,,,,,,,,,1,0,
703,1790092424491490816,70.3,0,0,0,0,,,,,0,,,,,0,,0,,,,,,,,,1,0,
704,1790092424591490816,70.4,0,0,0,0,,,,,0,,,,,0,,0,,,,,,,,,1,0,
705,1790092424691490816,70.5,0,0,0,0,,,,,0,,,,,0,,0,,,,,,,,,1,0,
706,1790092424791490816,70.6,0,0,0,0,,,,,0,,,,,0,,0,,,,,,,,,1,0,
707,1790092424891490816,70.7,0,0,0,0,,,,,0,,,,,0,,0,,,,,,,,,1,0,
708,1790092424991490816,70.8,0,0,0,0,,,,,0,,,,,0,,0,,,,,,,,,1,0,
709,1790092425091490816,70.9,0,0,0,0,,,,,0,,,,,0,,0,,,,,,,,,1,0,
710,1790092425191490816,71.0,0,0,0,0,,,,,0,,,,,0,,0,,,,,,,,,1,0,
711,1790092425291490816,71.1,0,0,0,0,,,,,0,,,,,0,,0,,,,,,,,,1,0,
712,1790092425391490816,71.2,0,0,0,0,,,,,0,,,,,0,,0,,,,,,,,,1,0,
713,1790092425491490816,71.3,0,0,0,0,,,,,0,,,,,0,,0,,,,,,,,,1,0,
714,1790092425591490816,71.4,0,0,0,0,,,,,0,,,,,0,,0,,,,,,,,,1,0,
715,1790092425691490816,71.5,0,0,0,0,,,,,0,,,,,0,,0,,,,,,,,,1,0,
716,1790092425791490816,71.6,0,0,0,0,,,,,0,,,,,0,,0,,,,,,,,,1,0,
717,1790092425891490816,71.7,0,0,0,0,,,,,0,,,,,0,,0,,,,,,,,,1,0,
718,1790092425991490816,71.8,0,0,0,0,,,,,0,,,,,0,,0,,,,,,,,,1,0,
719,1790092426091490816,71.9,0,0,0,0,,,,,0,,,,,0,,0,,,,,,,,,1,0,
720,1790092426191490816,72.0,0,0,0,0,,,,,0,,,,,0,,0,,,,,,,,,1,0,
721,1790092426291490816,72.1,0,0,0,0,,,,,0,,,,,0,,0,,,,,,,,,1,0,
722,1790092426391490816,72.2,0,0,0,0,,,,,0,,,,,0,,0,,,,,,,,,1,0,
723,1790092426491490816,72.3,0,0,0,0,,,,,0,,,,,0,,0,,,,,,,,,1,0,
724,1790092426591490816,72.4,0,0,0,0,,,,,0,,,,,0,,0,,,,,,,,,1,0,
725,1790092426691490816,72.5,0,0,0,0,,,,,0,,,,,0,,0,,,,,,,,,1,0,
726,1790092426791490816,72.6,0,0,0,0,,,,,0,,,,,0,,0,,,,,,,,,1,0,
727,1790092426891490816,72.7,0,0,0,0,,,,,0,,,,,0,,0,,,,,,,,,1,0,
728,1790092426991490816,72.8,0,0,0,0,,,,,0,,,,,0,,0,,,,,,,,,1,0,
729,1790092427091490816,72.9,0,0,0,0,,,,,0,,,,,0,,0,,,,,,,,,1,0,
730,1790092427191490816,73.0,0,0,0,0,,,,,0,,,,,0,,0,,,,,,,,,1,0,
731,1790092427291490816,73.1,0,0,0,0,,,,,0,,,,,0,,0,,,,,,,,,1,0,
732,1790092427391490816,73.2,0,0,0,0,,,,,0,,,,,0,,0,,,,,,,,,1,0,
733,1790092427491490816,73.3,0,0,0,0,,,,,0,,,,,0,,0,,,,,,,,,1,0,
734,1790092427591490816,73.4,0,0,0,0,,,,,0,,,,,0,,0,,,,,,,,,1,0,
735,1790092427691490816,73.5,0,0,0,0,,,,,0,,,,,0,,0,,,,,,,,,1,0,
736,1790092427791490816,73.6,0,0,0,0,,,,,0,,,,,0,,0,,,,,,,,,1,0,
737,1790092427891490816,73.7,0,0,0,0,,,,,0,,,,,0,,0,,,,,,,,,1,0,
738,1790092427991490816,73.8,0,0,0,0,,,,,0,,,,,0,,0,,,,,,,,,1,0,
739,1790092428091490816,73.9,0,0,0,0,,,,,0,,,,,0,,0,,,,,,,,,1,0,
740,1790092428191490816,74.0,0,0,0,0,,,,,0,,,,,0,,0,,,,,,,,,1,0,
741,1790092428291490816,74.1,0,0,0,0,,,,,0,,,,,0,,0,,,,,,,,,1,0,
742,1790092428391490816,74.2,0,0,0,0,,,,,0,,,,,0,,0,,,,,,,,,1,0,
743,1790092428491490816,74.3,0,0,0,0,,,,,0,,,,,0,,0,,,,,,,,,1,0,
744,1790092428591490816,74.4,0,0,0,0,,,,,0,,,,,0,,0,,,,,,,,,1,0,
745,1790092428691490816,74.5,0,0,0,0,,,,,0,,,,,0,,0,,,,,,,,,1,0,
746,1790092428791490816,74.6,0,0,0,0,,,,,0,,,,,0,,0,,,,,,,,,1,0,
747,1790092428891490816,74.7,0,0,0,0,,,,,0,,,,,0,,0,,,,,,,,,1,0,
748,1790092428991490816,74.8,0,0,0,0,,,,,0,,,,,0,,0,,,,,,,,,1,0,
749,1790092429091490816,74.9,0,0,0,0,,,,,0,,,,,0,,0,,,,,,,,,1,0,
750,1790092429191490816,75.0,0,0,0,0,,,,,0,,,,,0,,0,,,,,,,,,1,0,
751,1790092429291490816,75.1,0,0,0,0,,,,,0,,,,,0,,0,,,,,,,,,1,0,
752,1790092429391490816,75.2,1,0,32,0,,,,,0,,,,,0,,0,,,,,,,,,1,0,
753,1790092429491490816,75.3,1,0,32,0,,,,,0,,,,,0,,0,,,,,,,,,1,0,
754,1790092429591490816,75.4,1,0,32,0,,,,,0,,,,,0,,0,,,,,,,,,1,0,
755,1790092429691490816,75.5,1,0,32,0,,,,,0,,,,,0,,0,,,,,,,,,1,0,
756,1790092429791490816,75.6,1,0,32,0,,,,,0,,,,,0,,0,,,,,,,,,1,0,
757,1790092429891490816,75.7,1,0,32,0,,,,,0,,,,,0,,0,,,,,,,,,1,0,
758,1790092429991490816,75.8,1,0,32,0,,,,,0,,,,,0,,0,,,,,,,,,1,0,
759,1790092430091490816,75.9,1,0,32,0,,,,,0,,,,,0,,0,,,,,,,,,1,0,
760,1790092430191490816,76.0,1,0,32,0,,,,,0,,,,,0,,0,,,,,,,,,1,0,
761,1790092430291490816,76.1,1,0,32,0,,,,,0,,,,,0,,0,,,,,,,,,1,0,
762,1790092430391490816,76.2,0,0,0,0,,,,,0,,,,,0,,0,,,,,,,,,1,0,
763,1790092430491490816,76.3,0,0,0,0,,,,,0,,,,,0,,0,,,,,,,,,1,0,
764,1790092430591490816,76.4,0,0,0,0,,,,,0,,,,,0,,0,,,,,,,,,1,0,
765,1790092430691490816,76.5,0,0,0,0,,,,,0,,,,,0,,0,,,,,,,,,1,0,
766,1790092430791490816,76.6,0,0,0,0,,,,,0,,,,,0,,0,,,,,,,,,1,0,
767,1790092430891490816,76.7,0,0,0,0,,,,,0,,,,,0,,0,,,,,,,,,1,0,
768,1790092430991490816,76.8,0,0,0,0,,,,,0,,,,,0,,0,,,,,,,,,1,0,
769,1790092431091490816,76.9,0,0,0,0,,,,,0,,,,,0,,0,,,,,,,,,1,0,
770,1790092431191490816,77.0,0,0,0,0,,,,,0,,,,,0,,0,,,,,,,,,1,0,
771,1790092431291490816,77.1,0,0,0,0,,,,,0,,,,,0,,0,,,,,,,,,1,0,
772,1790092431391490816,77.2,0,0,0,0,,,,,0,,,,,0,,0,,,,,,,,,1,0,
773,1790092431491490816,77.3,0,0,0,0,,,,,0,,,,,0,,0,,,,,,,,,1,0,
774,1790092431591490816,77.4,0,0,0,0,,,,,0,,,,,0,,0,,,,,,,,,1,0,
775,1790092431691490816,77.5,0,0,0,0,,,,,0,,,,,0,,0,,,,,,,,,1,0,
776,1790092431791490816,77.6,0,0,0,0,,,,,0,,,,,0,,0,,,,,,,,,1,0,
777,1790092431891490816,77.7,0,0,0,0,,,,,0,,,,,0,,0,,,,,,,,,1,0,
778,1790092431991490816,77.8,0,0,0,0,,,,,0,,,,,0,,0,,,,,,,,,1,0,
779,1790092432091490816,77.9,0,0,0,0,,,,,0,,,,,0,,0,,,,,,,,,1,0,
780,1790092432191490816,78.0,0,0,0,0,,,,,0,,,,,0,,0,,,,,,,,,1,0,
781,1790092432291490816,78.1,0,0,0,0,,,,,0,,,,,0,,0,,,,,,,,,1,0,
782,1790092432391490816,78.2,0,0,0,0,,,,,0,,,,,0,,0,,,,,,,,,1,0,
783,1790092432491490816,78.3,0,0,0,0,,,,,0,,,,,0,,0,,,,,,,,,1,0,
784,1790092432591490816,78.4,0,0,0,0,,,,,0,,,,,0,,0,,,,,,,,,1,0,
785,1790092432691490816,78.5,0,0,0,0,,,,,0,,,,,0,,0,,,,,,,,,1,0,
786,1790092432791490816,78.6,0,0,0,0,,,,,0,,,,,0,,0,,,,,,,,,1,0,
787,1790092432891490816,78.7,0,0,0,0,,,,,0,,,,,0,,0,,,,,,,,,1,0,
788,1790092432991490816,78.8,0,0,0,0,,,,,0,,,,,0,,0,,,,,,,,,1,0,
789,1790092433091490816,78.9,0,0,0,0,,,,,0,,,,,0,,0,,,,,,,,,1,0,
790,1790092433191490816,79.0,0,0,0,0,,,,,0,,,,,0,,0,,,,,,,,,1,0,
791,1790092433291490816,79.1,0,0,0,0,,,,,0,,,,,0,,0,,,,,,,,,1,0,
792,1790092433391490816,79.2,0,0,0,0,,,,,0,,,,,0,,0,,,,,,,,,1,0,
793,1790092433491490816,79.3,0,0,0,0,,,,,0,,,,,0,,0,,,,,,,,,1,0,
794,1790092433591490816,79.4,0,0,0,0,,,,,0,,,,,0,,0,,,,,,,,,1,0,
795,1790092433691490816,79.5,0,0,0,0,,,,,0,,,,,0,,0,,,,,,,,,1,0,
796,1790092433791490816,79.6,0,0,0,0,,,,,0,,,,,0,,0,,,,,,,,,1,0,
797,1790092433891490816,79.7,0,0,0,0,,,,,0,,,,,0,,0,,,,,,,,,1,0,
798,1790092433991490816,79.8,0,0,0,0,,,,,0,,,,,0,,0,,,,,,,,,1,0,
799,1790092434091490816,79.9,0,0,0,0,,,,,0,,,,,0,,0,,,,,,,,,1,0,
800,1790092434191490816,80.0,0,0,0,0,,,,,0,,,,,0,,0,,,,,,,,,1,0,
801,1790092434291490816,80.1,0,0,0,0,,,,,0,,,,,0,,0,,,,,,,,,1,0,
802,1790092434391490816,80.2,0,0,0,0,,,,,0,,,,,0,,0,,,,,,,,,1,0,
803,1790092434491490816,80.3,0,0,0,0,,,,,0,,,,,0,,0,,,,,,,,,1,0,
804,1790092434591490816,80.4,0,0,0,0,,,,,0,,,,,0,,0,,,,,,,,,1,0,
805,1790092434691490816,80.5,0,0,0,0,,,,,0,,,,,0,,0,,,,,,,,,1,0,
806,1790092434791490816,80.6,0,0,0,0,,,,,0,,,,,0,,0,,,,,,,,,1,0,
807,1790092434891490816,80.7,0,0,0,0,,,,,0,,,,,0,,0,,,,,,,,,1,0,
808,1790092434991490816,80.8,0,0,0,0,,,,,0,,,,,0,,0,,,,,,,,,1,0,
809,1790092435091490816,80.9,0,0,0,0,,,,,0,,,,,0,,0,,,,,,,,,1,0,
810,1790092435191490816,81.0,0,0,0,0,,,,,0,,,,,0,,0,,,,,,,,,1,0,
811,1790092435291490816,81.1,0,0,0,0,,,,,0,,,,,0,,0,,,,,,,,,1,0,
812,1790092435391490816,81.2,0,0,0,0,,,,,0,,,,,0,,0,,,,,,,,,1,0,
813,1790092435491490816,81.3,0,0,0,0,,,,,0,,,,,0,,0,,,,,,,,,1,0,
814,1790092435591490816,81.4,0,0,0,0,,,,,0,,,,,0,,0,,,,,,,,,1,0,
815,1790092435691490816,81.5,0,0,0,0,,,,,0,,,,,0,,0,,,,,,,,,1,0,
816,1790092435791490816,81.6,0,0,0,0,,,,,0,,,,,0,,0,,,,,,,,,1,0,
817,1790092435891490816,81.7,0,0,0,0,,,,,0,,,,,0,,0,,,,,,,,,1,0,
818,1790092435991490816,81.8,0,0,0,0,,,,,0,,,,,0,,0,,,,,,,,,1,0,
819,1790092436091490816,81.9,0,0,0,0,,,,,0,,,,,0,,0,,,,,,,,,1,0,
820,1790092436191490816,82.0,0,0,0,0,,,,,0,,,,,0,,0,,,,,,,,,1,0,
821,1790092436291490816,82.1,0,0,0,0,,,,,0,,,,,0,,0,,,,,,,,,1,0,
822,1790092436391490816,82.2,0,0,0,0,,,,,0,,,,,0,,0,,,,,,,,,1,0,
823,1790092436491490816,82.3,0,0,0,0,,,,,0,,,,,0,,0,,,,,,,,,1,0,
824,1790092436591490816,82.4,0,0,0,0,,,,,0,,,,,0,,0,,,,,,,,,1,0,
825,1790092436691490816,82.5,0,0,0,0,,,,,0,,,,,0,,0,,,,,,,,,1,0,
826,1790092436791490816,82.6,0,0,0,0,,,,,0,,,,,0,,0,,,,,,,,,1,0,
827,1790092436891490816,82.7,0,0,0,0,,,,,0,,,,,0,,0,,,,,,,,,1,0,
828,1790092436991490816,82.8,0,0,0,0,,,,,0,,,,,0,,0,,,,,,,,,1,0,
829,1790092437091490816,82.9,0,0,0,0,,,,,0,,,,,0,,0,,,,,,,,,1,0,
830,1790092437191490816,83.0,0,0,0,0,,,,,0,,,,,0,,0,,,,,,,,,1,0,
831,1790092437291490816,83.1,0,0,0,0,,,,,0,,,,,0,,0,,,,,,,,,1,0,
832,1790092437391490816,83.2,0,0,0,0,,,,,0,,,,,0,,0,,,,,,,,,1,0,
833,1790092437491490816,83.3,0,0,0,0,,,,,0,,,,,0,,0,,,,,,,,,1,0,
834,1790092437591490816,83.4,0,0,0,0,,,,,0,,,,,0,,0,,,,,,,,,1,0,
835,1790092437691490816,83.5,0,0,0,0,,,,,0,,,,,0,,0,,,,,,,,,1,0,
836,1790092437791490816,83.6,0,0,0,0,,,,,0,,,,,0,,0,,,,,,,,,1,0,
837,1790092437891490816,83.7,0,0,0,0,,,,,0,,,,,0,,0,,,,,,,,,1,0,
838,1790092437991490816,83.8,0,0,0,0,,,,,0,,,,,0,,0,,,,,,,,,1,0,
839,1790092438091490816,83.9,0,0,0,0,,,,,0,,,,,0,,0,,,,,,,,,1,0,
840,1790092438191490816,84.0,0,0,0,0,,,,,0,,,,,0,,0,,,,,,,,,1,0,
841,1790092438291490816,84.1,0,0,0,0,,,,,0,,,,,0,,0,,,,,,,,,1,0,
842,1790092438391490816,84.2,0,0,0,0,,,,,0,,,,,0,,0,,,,,,,,,1,0,
843,1790092438491490816,84.3,0,0,0,0,,,,,0,,,,,0,,0,,,,,,,,,1,0,
844,1790092438591490816,84.4,0,0,0,0,,,,,0,,,,,0,,0,,,,,,,,,1,0,
845,1790092438691490816,84.5,0,0,0,0,,,,,0,,,,,0,,0,,,,,,,,,1,0,
846,1790092438791490816,84.6,0,0,0,0,,,,,0,,,,,0,,0,,,,,,,,,1,0,
847,1790092438891490816,84.7,0,0,0,0,,,,,0,,,,,0,,0,,,,,,,,,1,0,
848,1790092438991490816,84.8,0,0,0,0,,,,,0,,,,,0,,0,,,,,,,,,1,0,
849,1790092439091490816,84.9,0,0,0,0,,,,,0,,,,,0,,0,,,,,,,,,1,0,
850,1790092439191490816,85.0,0,0,0,0,,,,,0,,,,,0,,0,,,,,,,,,1,0,
851,1790092439291490816,85.1,0,0,0,0,,,,,0,,,,,0,,0,,,,,,,,,1,0,
852,1790092439391490816,85.2,0,0,0,0,,,,,0,,,,,0,,0,,,,,,,,,1,0,
853,1790092439491490816,85.3,0,0,0,0,,,,,0,,,,,0,,0,,,,,,,,,1,0,
854,1790092439591490816,85.4,0,0,0,0,,,,,0,,,,,0,,0,,,,,,,,,1,0,
855,1790092439691490816,85.5,0,0,0,0,,,,,0,,,,,0,,0,,,,,,,,,1,0,
856,1790092439791490816,85.6,0,0,0,0,,,,,0,,,,,0,,0,,,,,,,,,1,0,
857,1790092439891490816,85.7,0,0,0,0,,,,,0,,,,,0,,0,,,,,,,,,1,0,
858,1790092439991490816,85.8,0,0,0,0,,,,,0,,,,,0,,0,,,,,,,,,1,0,
859,1790092440091490816,85.9,0,0,0,0,,,,,0,,,,,0,,0,,,,,,,,,1,0,
860,1790092440191490816,86.0,0,0,0,0,,,,,0,,,,,0,,0,,,,,,,,,1,0,
861,1790092440291490816,86.1,0,0,0,0,,,,,0,,,,,0,,0,,,,,,,,,1,0,
862,1790092440391490816,86.2,0,0,0,0,,,,,0,,,,,0,,0,,,,,,,,,1,0,
863,1790092440491490816,86.3,0,0,0,0,,,,,0,,,,,0,,0,,,,,,,,,1,0,
864,1790092440591490816,86.4,0,0,0,0,,,,,0,,,,,0,,0,,,,,,,,,1,0,
865,1790092440691490816,86.5,0,0,0,0,,,,,0,,,,,0,,0,,,,,,,,,1,0,
866,1790092440791490816,86.6,0,0,0,0,,,,,0,,,,,0,,0,,,,,,,,,1,0,
867,1790092440891490816,86.7,0,0,0,0,,,,,0,,,,,0,,0,,,,,,,,,1,0,
868,1790092440991490816,86.8,0,0,0,0,,,,,0,,,,,0,,0,,,,,,,,,1,0,
869,1790092441091490816,86.9,0,0,0,0,,,,,0,,,,,0,,0,,,,,,,,,1,0,
870,1790092441191490816,87.0,0,0,0,0,,,,,0,,,,,0,,0,,,,,,,,,1,0,
871,1790092441291490816,87.1,0,0,0,0,,,,,0,,,,,0,,0,,,,,,,,,1,0,
872,1790092441391490816,87.2,0,0,0,0,,,,,0,,,,,0,,0,,,,,,,,,1,0,
873,1790092441491490816,87.3,0,0,0,0,,,,,0,,,,,0,,0,,,,,,,,,1,0,
874,1790092441591490816,87.4,0,0,0,0,,,,,0,,,,,0,,0,,,,,,,,,1,0,
875,1790092441691490816,87.5,0,0,0,0,,,,,0,,,,,0,,0,,,,,,,,,1,0,
876,1790092441791490816,87.6,0,0,0,0,,,,,0,,,,,0,,0,,,,,,,,,1,0,
877,1790092441891490816,87.7,0,0,0,0,,,,,0,,,,,0,,0,,,,,,,,,1,0,
878,1790092441991490816,87.8,0,0,0,0,,,,,0,,,,,0,,0,,,,,,,,,1,0,
879,1790092442091490816,87.9,0,0,0,0,,,,,0,,,,,0,,0,,,,,,,,,1,0,
880,1790092442191490816,88.0,0,0,0,0,,,,,0,,,,,0,,0,,,,,,,,,1,0,
881,1790092442291490816,88.1,0,0,0,0,,,,,0,,,,,0,,0,,,,,,,,,1,0,
882,1790092442391490816,88.2,0,0,0,0,,,,,0,,,,,0,,0,,,,,,,,,1,0,
883,1790092442491490816,88.3,0,0,0,0,,,,,0,,,,,0,,0,,,,,,,,,1,0,
884,1790092442591490816,88.4,0,0,0,0,,,,,0,,,,,0,,0,,,,,,,,,1,0,
885,1790092442691490816,88.5,0,0,0,0,,,,,0,,,,,0,,0,,,,,,,,,1,0,
886,1790092442791490816,88.6,0,0,0,0,,,,,0,,,,,0,,0,,,,,,,,,1,0,
887,1790092442891490816,88.7,0,0,0,0,,,,,0,,,,,0,,0,,,,,,,,,1,0,
