step,t_ns,elapsed_s,n_up,n_down,bytes_up,bytes_down,iat_med_up_ms,iat_p90_up_ms,iat_max_up_ms,iat_mad_up_ms,burst_up,iat_med_down_ms,iat_p90_down_ms,iat_max_down_ms,iat_mad_down_ms,burst_down,updown_ratio,pair_n,pair_med_ms,pair_min_ms,pair_max_ms,q_up_ms,q_down_ms,q_pair_ms,q_hat_ms,q_min_ms,baseline_done,degraded,t_det_meta_ns
1,1790098562695654912,0.1,2,0,260,0,0.022,0.022,0.022,0.0,2,,,,,0,,0,,,,,,,,,0,0,
2,1790098562795654912,0.2,2,0,260,0,0.022,0.022,0.022,0.0,2,,,,,0,,0,,,,,,,,,0,0,
3,1790098562895654912,0.3,3,1,292,92,104.627,209.232,209.232,104.605,2,,,,,0,3.1739,0,,,,,,,,,0,0,
4,1790098562995654912,0.4,3,1,292,92,104.627,209.232,209.232,104.605,2,,,,,0,3.1739,0,,,,,,,,,0,0,
5,1790098563095654912,0.5,3,1,292,92,104.627,209.232,209.232,104.605,2,,,,,0,3.1739,0,,,,,,,,,0,0,
6,1790098563195654912,0.6,3,1,292,92,104.627,209.232,209.232,104.605,2,,,,,0,3.1739,0,,,,,,,,,0,0,
7,1790098563295654912,0.7,3,1,292,92,104.627,209.232,209.232,104.605,2,,,,,0,3.1739,0,,,,,,,,,0,0,
8,1790098563395654912,0.8,4,1,404,92,209.232,539.888,539.888,179.955,2,,,,,0,4.3913,0,,,,,,,,,0,0,
9,1790098563495654912,0.9,4,1,404,92,209.232,539.888,539.888,179.955,2,,,,,0,4.3913,0,,,,,,,,,0,0,
10,1790098563595654912,1.0,4,1,404,92,209.232,539.888,539.888,179.955,2,,,,,0,4.3913,0,,,,,,,,,0,0,
11,1790098563695654912,1.1,2,1,144,92,539.888,539.888,539.888,0.0,1,,,,,0,1.5652,0,,,,,,,,,0,0,
12,1790098563795654912,1.2,2,1,144,92,539.888,539.888,539.888,0.0,1,,,,,0,1.5652,0,,,,,,,,,0,0,
13,1790098563895654912,1.3,1,0,112,0,,,,,0,,,,,0,,0,,,,,,,,,0,0,
14,1790098563995654912,1.4,1,0,112,0,,,,,0,,,,,0,,0,,,,,,,,,0,0,
15,1790098564095654912,1.5,1,0,112,0,,,,,0,,,,,0,,0,,,,,,,,,0,0,
16,1790098564195654912,1.6,2,0,224,0,766.727,766.727,766.727,0.0,1,,,,,0,,0,,,,,,,,,0,0,
17,1790098564295654912,1.7,2,0,224,0,766.727,766.727,766.727,0.0,1,,,,,0,,0,,,,,,,,,0,0,
18,1790098564395654912,1.8,1,0,112,0,,,,,0,,,,,0,,0,,,,,,,,,0,0,
19,1790098564495654912,1.9,1,0,112,0,,,,,0,,,,,0,,0,,,,,,,,,0,0,
20,1790098564595654912,2.0,1,0,112,0,,,,,0,,,,,0,,0,,,,,,,,,0,0,
21,1790098564695654912,2.1,1,0,112,0,,,,,0,,,,,0,,0,,,,,,,,,0,0,
22,1790098564795654912,2.2,1,0,112,0,,,,,0,,,,,0,,0,,,,,,,,,0,0,
23,1790098564895654912,2.3,1,0,112,0,,,,,0,,,,,0,,0,,,,,,,,,0,0,
24,1790098564995654912,2.4,1,0,112,0,,,,,0,,,,,0,,0,,,,,,,,,0,0,
25,1790098565095654912,2.5,1,0,112,0,,,,,0,,,,,0,,0,,,,,,,,,0,0,
26,1790098565195654912,2.6,0,0,0,0,,,,,0,,,,,0,,0,,,,,,,,,0,0,
27,1790098565295654912,2.7,0,0,0,0,,,,,0,,,,,0,,0,,,,,,,,,0,0,
28,1790098565395654912,2.8,0,0,0,0,,,,,0,,,,,0,,0,,,,,,,,,0,0,
29,1790098565495654912,2.9,0,0,0,0,,,,,0,,,,,0,,0,,,,,,,,,0,0,
30,1790098565595654912,3.0,0,0,0,0,,,,,0,,,,,0,,0,,,,,,,,,0,0,
31,1790098565695654912,3.1,0,0,0,0,,,,,0,,,,,0,,0,,,,,,,,,0,0,
32,1790098565795654912,3.2,0,0,0,0,,,,,0,,,,,0,,0,,,,,,,,,0,0,
33,1790098565895654912,3.3,0,0,0,0,,,,,0,,,,,0,,0,,,,,,,,,0,0,
34,1790098565995654912,3.4,0,0,0,0,,,,,0,,,,,0,,0,,,,,,,,,0,0,
35,1790098566095654912,3.5,0,0,0,0,,,,,0,,,,,0,,0,,,,,,,,,0,0,
36,1790098566195654912,3.6,0,0,0,0,,,,,0,,,,,0,,0,,,,,,,,,0,0,
37,1790098566295654912,3.7,0,0,0,0,,,,,0,,,,,0,,0,,,,,,,,,0,0,
38,1790098566395654912,3.8,0,0,0,0,,,,,0,,,,,0,,0,,,,,,,,,0,0,
39,1790098566495654912,3.9,0,0,0,0,,,,,0,,,,,0,,0,,,,,,,,,0,0,
40,1790098566595654912,4.0,0,0,0,0,,,,,0,,,,,0,,0,,,,,,,,,0,0,
41,1790098566695654912,4.1,0,0,0,0,,,,,0,,,,,0,,0,,,,,,,,,0,0,
42,1790098566795654912,4.2,0,0,0,0,,,,,0,,,,,0,,0,,,,,,,,,0,0,
43,1790098566895654912,4.3,0,0,0,0,,,,,0,,,,,0,,0,,,,,,,,,0,0,
44,1790098566995654912,4.4,0,0,0,0,,,,,0,,,,,0,,0,,,,,,,,,0,0,
45,1790098567095654912,4.5,0,0,0,0,,,,,0,,,,,0,,0,,,,,,,,,0,0,
46,1790098567195654912,4.6,0,0,0,0,,,,,0,,,,,0,,0,,,,,,,,,0,0,
47,1790098567295654912,4.7,0,0,0,0,,,,,0,,,,,0,,0,,,,,,,,,0,0,
48,1790098567395654912,4.8,0,0,0,0,,,,,0,,,,,0,,0,,,,,,,,,0,0,
49,1790098567495654912,4.9,0,0,0,0,,,,,0,,,,,0,,0,,,,,,,,,0,0,
50,1790098567595654912,5.0,0,0,0,0,,,,,0,,,,,0,,0,,,,,,,,,0,0,
51,1790098567695654912,5.1,0,0,0,0,,,,,0,,,,,0,,0,,,,,,,,,0,0,
52,1790098567795654912,5.2,0,0,0,0,,,,,0,,,,,0,,0,,,,,,,,,0,0,
53,1790098567895654912,5.3,0,0,0,0,,,,,0,,,,,0,,0,,,,,,,,,0,0,
54,1790098567995654912,5.4,0,0,0,0,,,,,0,,,,,0,,0,,,,,,,,,0,0,
55,1790098568095654912,5.5,0,0,0,0,,,,,0,,,,,0,,0,,,,,,,,,0,0,
56,1790098568195654912,5.6,0,0,0,0,,,,,0,,,,,0,,0,,,,,,,,,0,0,
57,1790098568295654912,5.7,0,0,0,0,,,,,0,,,,,0,,0,,,,,,,,,0,0,
58,1790098568395654912,5.8,0,0,0,0,,,,,0,,,,,0,,0,,,,,,,,,0,0,
59,1790098568495654912,5.9,0,0,0,0,,,,,0,,,,,0,,0,,,,,,,,,0,0,
60,1790098568595654912,6.0,0,0,0,0,,,,,0,,,,,0,,0,,,,,,,,,0,0,
61,1790098568695654912,6.1,0,0,0,0,,,,,0,,,,,0,,0,,,,,,,,,0,0,
62,1790098568795654912,6.2,0,0,0,0,,,,,0,,,,,0,,0,,,,,,,,,0,0,
63,1790098568895654912,6.3,0,0,0,0,,,,,0,,,,,0,,0,,,,,,,,,0,0,
64,1790098568995654912,6.4,0,0,0,0,,,,,0,,,,,0,,0,,,,,,,,,0,0,
65,1790098569095654912,6.5,0,0,0,0,,,,,0,,,,,0,,0,,,,,,,,,0,0,
66,1790098569195654912,6.6,0,0,0,0,,,,,0,,,,,0,,0,,,,,,,,,0,0,
67,1790098569295654912,6.7,0,0,0,0,,,,,0,,,,,0,,0,,,,,,,,,0,0,
68,1790098569395654912,6.8,0,0,0,0,,,,,0,,,,,0,,0,,,,,,,,,0,0,
69,1790098569495654912,6.9,0,0,0,0,,,,,0,,,,,0,,0,,,,,,,,,0,0,
70,1790098569595654912,7.0,0,0,0,0,,,,,0,,,,,0,,0,,,,,,,,,0,0,
71,1790098569695654912,7.1,0,0,0,0,,,,,0,,,,,0,,0,,,,,,,,,0,0,
72,1790098569795654912,7.2,0,0,0,0,,,,,0,,,,,0,,0,,,,,,,,,0,0,
73,1790098569895654912,7.3,0,0,0,0,,,,,0,,,,,0,,0,,,,,,,,,0,0,
74,1790098569995654912,7.4,0,0,0,0,,,,,0,,,,,0,,0,,,,,,,,,0,0,
75,1790098570095654912,7.5,0,0,0,0,,,,,0,,,,,0,,0,,,,,,,,,0,0,
76,1790098570195654912,7.6,0,0,0,0,,,,,0,,,,,0,,0,,,,,,,,,0,0,
77,1790098570295654912,7.7,0,0,0,0,,,,,0,,,,,0,,0,,,,,,,,,0,0,
78,1790098570395654912,7.8,0,0,0,0,,,,,0,,,,,0,,0,,,,,,,,,0,0,
79,1790098570495654912,7.9,0,0,0,0,,,,,0,,,,,0,,0,,,,,,,,,0,0,
80,1790098570595654912,8.0,0,0,0,0,,,,,0,,,,,0,,0,,,,,,,,,0,0,
81,1790098570695654912,8.1,0,0,0,0,,,,,0,,,,,0,,0,,,,,,,,,0,0,
82,1790098570795654912,8.2,0,0,0,0,,,,,0,,,,,0,,0,,,,,,,,,0,0,
83,1790098570895654912,8.3,0,0,0,0,,,,,0,,,,,0,,0,,,,,,,,,0,0,
84,1790098570995654912,8.4,0,0,0,0,,,,,0,,,,,0,,0,,,,,,,,,0,0,
85,1790098571095654912,8.5,0,0,0,0,,,,,0,,,,,0,,0,,,,,,,,,0,0,
86,1790098571195654912,8.6,0,0,0,0,,,,,0,,,,,0,,0,,,,,,,,,0,0,
87,1790098571295654912,8.7,0,0,0,0,,,,,0,,,,,0,,0,,,,,,,,,0,0,
88,1790098571395654912,8.8,0,0,0,0,,,,,0,,,,,0,,0,,,,,,,,,0,0,
89,1790098571495654912,8.9,0,0,0,0,,,,,0,,,,,0,,0,,,,,,,,,0,0,
90,1790098571595654912,9.0,0,0,0,0,,,,,0,,,,,0,,0,,,,,,,,,0,0,
91,1790098571695654912,9.1,0,0,0,0,,,,,0,,,,,0,,0,,,,,,,,,0,0,
92,1790098571795654912,9.2,0,0,0,0,,,,,0,,,,,0,,0,,,,,,,,,0,0,
93,1790098571895654912,9.3,0,0,0,0,,,,,0,,,,,0,,0,,,,,,,,,0,0,
94,1790098571995654912,9.4,0,0,0,0,,,,,0,,,,,0,,0,,,,,,,,,0,0,
95,1790098572095654912,9.5,0,0,0,0,,,,,0,,,,,0,,0,,,,,,,,,0,0,
96,1790098572195654912,9.6,0,0,0,0,,,,,0,,,,,0,,0,,,,,,,,,0,0,
97,1790098572295654912,9.7,0,0,0,0,,,,,0,,,,,0,,0,,,,,,,,,0,0,
98,1790098572395654912,9.8,0,0,0,0,,,,,0,,,,,0,,0,,,,,,,,,0,0,
99,1790098572495654912,9.9,0,0,0,0,,,,,0,,,,,0,,0,,,,,,,,,0,0,
100,1790098572595654912,10.0,0,0,0,0,,,,,0,,,,,0,,0,,,,,,,,,0,0,
101,1790098572695654912,10.1,0,0,0,0,,,,,0,,,,,0,,0,,,,,,,,,0,0,
102,1790098572795654912,10.2,0,0,0,0,,,,,0,,,,,0,,0,,,,,,,,,0,0,
103,1790098572895654912,10.3,0,0,0,0,,,,,0,,,,,0,,0,,,,,,,,,0,0,
104,1790098572995654912,10.4,0,0,0,0,,,,,0,,,,,0,,0,,,,,,,,,0,0,
105,1790098573095654912,10.5,0,0,0,0,,,,,0,,,,,0,,0,,,,,,,,,0,0,
106,1790098573195654912,10.6,0,0,0,0,,,,,0,,,,,0,,0,,,,,,,,,0,0,
107,1790098573295654912,10.7,0,0,0,0,,,,,0,,,,,0,,0,,,,,,,,,0,0,
108,1790098573395654912,10.8,0,0,0,0,,,,,0,,,,,0,,0,,,,,,,,,0,0,
109,1790098573495654912,10.9,0,0,0,0,,,,,0,,,,,0,,0,,,,,,,,,0,0,
110,1790098573595654912,11.0,0,1,0,32,,,,,0,,,,,0,0.0,0,,,,,,,,,0,0,
111,1790098573695654912,11.1,0,1,0,32,,,,,0,,,,,0,0.0,0,,,,,,,,,0,0,
112,1790098573795654912,11.2,0,1,0,32,,,,,0,,,,,0,0.0,0,,,,,,,,,0,0,
113,1790098573895654912,11.3,0,1,0,32,,,,,0,,,,,0,0.0,0,,,,,,,,,0,0,
114,1790098573995654912,11.4,0,1,0,32,,,,,0,,,,,0,0.0,0,,,,,,,,,0,0,
115,1790098574095654912,11.5,0,1,0,32,,,,,0,,,,,0,0.0,0,,,,,,,,,0,0,
116,1790098574195654912,11.6,0,1,0,32,,,,,0,,,,,0,0.0,0,,,,,,,,,0,0,
117,1790098574295654912,11.7,0,1,0,32,,,,,0,,,,,0,0.0,0,,,,,,,,,0,0,
118,1790098574395654912,11.8,0,1,0,32,,,,,0,,,,,0,0.0,0,,,,,,,,,0,0,
119,1790098574495654912,11.9,0,1,0,32,,,,,0,,,,,0,0.0,0,,,,,,,,,0,0,
120,1790098574595654912,12.0,0,0,0,0,,,,,0,,,,,0,,0,,,,,,,,,0,0,
121,1790098574695654912,12.1,0,0,0,0,,,,,0,,,,,0,,0,,,,,,,,,0,0,
122,1790098574795654912,12.2,0,0,0,0,,,,,0,,,,,0,,0,,,,,,,,,0,0,
123,1790098574895654912,12.3,0,0,0,0,,,,,0,,,,,0,,0,,,,,,,,,0,0,
124,1790098574995654912,12.4,0,0,0,0,,,,,0,,,,,0,,0,,,,,,,,,0,0,
125,1790098575095654912,12.5,0,0,0,0,,,,,0,,,,,0,,0,,,,,,,,,0,0,
126,1790098575195654912,12.6,0,0,0,0,,,,,0,,,,,0,,0,,,,,,,,,0,0,
127,1790098575295654912,12.7,0,0,0,0,,,,,0,,,,,0,,0,,,,,,,,,0,0,
128,1790098575395654912,12.8,0,0,0,0,,,,,0,,,,,0,,0,,,,,,,,,0,0,
129,1790098575495654912,12.9,0,0,0,0,,,,,0,,,,,0,,0,,,,,,,,,0,0,
130,1790098575595654912,13.0,0,0,0,0,,,,,0,,,,,0,,0,,,,,,,,,0,0,
131,1790098575695654912,13.1,0,0,0,0,,,,,0,,,,,0,,0,,,,,,,,,0,0,
132,1790098575795654912,13.2,0,0,0,0,,,,,0,,,,,0,,0,,,,,,,,,0,0,
133,1790098575895654912,13.3,0,0,0,0,,,,,0,,,,,0,,0,,,,,,,,,0,0,
134,1790098575995654912,13.4,0,0,0,0,,,,,0,,,,,0,,0,,,,,,,,,0,0,
135,1790098576095654912,13.5,0,0,0,0,,,,,0,,,,,0,,0,,,,,,,,,0,0,
136,1790098576195654912,13.6,0,0,0,0,,,,,0,,,,,0,,0,,,,,,,,,0,0,
137,1790098576295654912,13.7,0,0,0,0,,,,,0,,,,,0,,0,,,,,,,,,0,0,
138,1790098576395654912,13.8,0,0,0,0,,,,,0,,,,,0,,0,,,,,,,,,0,0,
139,1790098576495654912,13.9,0,0,0,0,,,,,0,,,,,0,,0,,,,,,,,,0,0,
140,1790098576595654912,14.0,0,0,0,0,,,,,0,,,,,0,,0,,,,,,,,,0,0,
141,1790098576695654912,14.1,0,0,0,0,,,,,0,,,,,0,,0,,,,,,,,,0,0,
142,1790098576795654912,14.2,0,0,0,0,,,,,0,,,,,0,,0,,,,,,,,,0,0,
143,1790098576895654912,14.3,0,0,0,0,,,,,0,,,,,0,,0,,,,,,,,,0,0,
144,1790098576995654912,14.4,0,0,0,0,,,,,0,,,,,0,,0,,,,,,,,,0,0,
145,1790098577095654912,14.5,0,0,0,0,,,,,0,,,,,0,,0,,,,,,,,,0,0,
146,1790098577195654912,14.6,0,0,0,0,,,,,0,,,,,0,,0,,,,,,,,,0,0,
147,1790098577295654912,14.7,0,0,0,0,,,,,0,,,,,0,,0,,,,,,,,,0,0,
148,1790098577395654912,14.8,0,0,0,0,,,,,0,,,,,0,,0,,,,,,,,,0,0,
149,1790098577495654912,14.9,0,0,0,0,,,,,0,,,,,0,,0,,,,,,,,,0,0,
150,1790098577595654912,15.0,0,0,0,0,,,,,0,,,,,0,,0,,,,,,,,,0,0,
151,1790098577695654912,15.1,0,0,0,0,,,,,0,,,,,0,,0,,,,,,,,,0,0,
152,1790098577795654912,15.2,0,0,0,0,,,,,0,,,,,0,,0,,,,,,,,,0,0,
153,1790098577895654912,15.3,0,0,0,0,,,,,0,,,,,0,,0,,,,,,,,,0,0,
154,1790098577995654912,15.4,0,0,0,0,,,,,0,,,,,0,,0,,,,,,,,,0,0,
155,1790098578095654912,15.5,0,0,0,0,,,,,0,,,,,0,,0,,,,,,,,,0,0,
156,1790098578195654912,15.6,0,0,0,0,,,,,0,,,,,0,,0,,,,,,,,,0,0,
157,1790098578295654912,15.7,0,0,0,0,,,,,0,,,,,0,,0,,,,,,,,,0,0,
158,1790098578395654912,15.8,0,0,0,0,,,,,0,,,,,0,,0,,,,,,,,,0,0,
159,1790098578495654912,15.9,0,0,0,0,,,,,0,,,,,0,,0,,,,,,,,,0,0,
160,1790098578595654912,16.0,0,0,0,0,,,,,0,,,,,0,,0,,,,,,,,,0,0,
161,1790098578695654912,16.1,0,0,0,0,,,,,0,,,,,0,,0,,,,,,,,,0,0,
162,1790098578795654912,16.2,0,0,0,0,,,,,0,,,,,0,,0,,,,,,,,,0,0,
163,1790098578895654912,16.3,0,0,0,0,,,,,0,,,,,0,,0,,,,,,,,,0,0,
164,1790098578995654912,16.4,0,0,0,0,,,,,0,,,,,0,,0,,,,,,,,,0,0,
165,1790098579095654912,16.5,0,0,0,0,,,,,0,,,,,0,,0,,,,,,,,,0,0,
166,1790098579195654912,16.6,0,0,0,0,,,,,0,,,,,0,,0,,,,,,,,,0,0,
167,1790098579295654912,16.7,0,0,0,0,,,,,0,,,,,0,,0,,,,,,,,,0,0,
168,1790098579395654912,16.8,0,0,0,0,,,,,0,,,,,0,,0,,,,,,,,,0,0,
169,1790098579495654912,16.9,0,0,0,0,,,,,0,,,,,0,,0,,,,,,,,,0,0,
170,1790098579595654912,17.0,0,0,0,0,,,,,0,,,,,0,,0,,,,,,,,,0,0,
171,1790098579695654912,17.1,0,0,0,0,,,,,0,,,,,0,,0,,,,,,,,,0,0,
172,1790098579795654912,17.2,0,0,0,0,,,,,0,,,,,0,,0,,,,,,,,,0,0,
173,1790098579895654912,17.3,0,0,0,0,,,,,0,,,,,0,,0,,,,,,,,,0,0,
174,1790098579995654912,17.4,0,0,0,0,,,,,0,,,,,0,,0,,,,,,,,,0,0,
175,1790098580095654912,17.5,0,0,0,0,,,,,0,,,,,0,,0,,,,,,,,,0,0,
176,1790098580195654912,17.6,0,0,0,0,,,,,0,,,,,0,,0,,,,,,,,,0,0,
177,1790098580295654912,17.7,0,0,0,0,,,,,0,,,,,0,,0,,,,,,,,,0,0,
178,1790098580395654912,17.8,0,0,0,0,,,,,0,,,,,0,,0,,,,,,,,,0,0,
179,1790098580495654912,17.9,0,0,0,0,,,,,0,,,,,0,,0,,,,,,,,,0,0,
180,1790098580595654912,18.0,0,0,0,0,,,,,0,,,,,0,,0,,,,,,,,,0,0,
181,1790098580695654912,18.1,0,0,0,0,,,,,0,,,,,0,,0,,,,,,,,,0,0,
182,1790098580795654912,18.2,0,0,0,0,,,,,0,,,,,0,,0,,,,,,,,,0,0,
183,1790098580895654912,18.3,0,0,0,0,,,,,0,,,,,0,,0,,,,,,,,,0,0,
184,1790098580995654912,18.4,0,0,0,0,,,,,0,,,,,0,,0,,,,,,,,,0,0,
185,1790098581095654912,18.5,0,0,0,0,,,,,0,,,,,0,,0,,,,,,,,,0,0,
186,1790098581195654912,18.6,0,0,0,0,,,,,0,,,,,0,,0,,,,,,,,,0,0,
187,1790098581295654912,18.7,0,0,0,0,,,,,0,,,,,0,,0,,,,,,,,,0,0,
188,1790098581395654912,18.8,0,0,0,0,,,,,0,,,,,0,,0,,,,,,,,,0,0,
189,1790098581495654912,18.9,0,0,0,0,,,,,0,,,,,0,,0,,,,,,,,,0,0,
190,1790098581595654912,19.0,0,0,0,0,,,,,0,,,,,0,,0,,,,,,,,,0,0,
191,1790098581695654912,19.1,0,0,0,0,,,,,0,,,,,0,,0,,,,,,,,,0,0,
192,1790098581795654912,19.2,0,0,0,0,,,,,0,,,,,0,,0,,,,,,,,,0,0,
193,1790098581895654912,19.3,0,0,0,0,,,,,0,,,,,0,,0,,,,,,,,,0,0,
194,1790098581995654912,19.4,0,0,0,0,,,,,0,,,,,0,,0,,,,,,,,,0,0,
195,1790098582095654912,19.5,0,0,0,0,,,,,0,,,,,0,,0,,,,,,,,,0,0,
196,1790098582195654912,19.6,0,0,0,0,,,,,0,,,,,0,,0,,,,,,,,,0,0,
197,1790098582295654912,19.7,0,0,0,0,,,,,0,,,,,0,,0,,,,,,,,,0,0,
198,1790098582395654912,19.8,0,0,0,0,,,,,0,,,,,0,,0,,,,,,,,,0,0,
199,1790098582495654912,19.9,0,0,0,0,,,,,0,,,,,0,,0,,,,,,,,,0,0,
200,1790098582595654912,20.0,0,0,0,0,,,,,0,,,,,0,,0,,,,,,,,,0,0,
201,1790098582695654912,20.1,2,0,192,0,51.931,51.931,51.931,0.0,1,,,,,0,,0,,,,,,,,,0,0,
202,1790098582795654912,20.2,4,0,384,0,51.931,51.981,51.981,1.322,1,,,,,0,,0,,,,,,,,,0,0,
203,1790098582895654912,20.3,6,2,576,192,50.053,51.981,51.981,1.189,1,51.244,51.244,51.244,0.0,1,3.0,2,203.17,202.827,203.514,,,,,,0,0,
204,1790098582995654912,20.4,8,4,768,384,50.053,51.931,51.981,1.072,1,51.244,52.909,52.909,1.965,1,2.0,4,202.79,201.826,203.514,,,,,,0,0,
205,1790098583095654912,20.5,10,6,960,576,50.053,51.931,51.981,0.885,1,50.123,52.909,52.909,1.413,1,1.6667,6,202.877,201.826,203.514,,,,,,0,0,
206,1790098583195654912,20.6,12,8,1152,768,50.053,51.931,51.981,0.779,1,50.123,51.303,52.909,1.255,1,1.5,8,202.839,201.826,203.514,,,,,,0,0,
207,1790098583295654912,20.7,14,10,1344,960,50.053,51.931,51.981,0.769,1,50.123,51.303,52.909,1.041,1,1.4,10,202.79,201.826,203.514,,,,,,0,0,
208,1790098583395654912,20.8,16,12,1536,1152,50.053,51.931,51.981,0.752,1,50.072,51.303,52.909,0.898,1,1.3333,12,202.734,201.826,203.514,,,,,,0,0,
209,1790098583495654912,20.9,18,14,1744,1344,50.053,51.398,51.981,0.722,1,50.072,51.303,52.909,0.878,1,1.2976,14,202.734,201.826,203.514,,,,,,0,0,
210,1790098583595654912,21.0,20,16,1968,1536,50.053,51.398,51.981,0.699,1,50.072,51.303,52.909,0.866,1,1.2812,16,202.761,201.826,203.514,,,,,,0,0,
211,1790098583695654912,21.1,20,18,2000,1728,50.053,51.398,52.751,0.779,1,50.072,51.244,52.909,0.845,1,1.1574,18,202.777,201.826,203.514,,,,,,0,0,
212,1790098583795654912,21.2,20,20,2032,1920,49.976,50.752,52.751,0.837,1,50.072,51.244,52.909,0.81,1,1.0583,20,202.807,201.826,203.514,,,,,,0,0,
213,1790098583895654912,21.3,20,20,2064,1920,49.844,50.752,53.491,1.103,1,50.072,51.303,52.987,0.9,1,1.075,20,202.777,201.826,202.979,,,,,,0,0,
214,1790098583995654912,21.4,20,20,2096,1920,49.746,52.751,53.491,1.38,1,49.895,51.076,52.987,0.903,1,1.0917,20,202.862,202.166,202.979,,,,,,0,0,
215,1790098584095654912,21.5,20,20,2128,1920,49.718,52.751,53.491,1.564,1,49.787,51.076,53.473,1.165,1,1.1083,20,202.862,202.166,202.979,,,,,,0,0,
216,1790098584195654912,21.6,20,20,2160,1920,49.976,52.751,53.491,1.66,1,49.787,52.987,53.473,1.432,1,1.125,20,202.9,202.166,202.993,,,,,,0,0,
217,1790098584295654912,21.7,20,20,2192,1920,49.976,52.751,53.491,1.65,1,49.895,52.987,53.473,1.664,1,1.1417,20,202.922,202.166,202.993,,,,,,0,0,
218,1790098584395654912,21.8,20,20,2224,1920,49.976,52.751,53.491,1.686,1,50.029,52.987,53.473,1.71,1,1.1583,20,202.922,201.755,202.993,,,,,,0,0,
219,1790098584495654912,21.9,20,20,2240,1920,49.976,52.751,53.491,1.733,1,50.533,52.987,53.473,1.682,1,1.1667,20,202.922,201.755,202.993,,,,,,0,0,
220,1790098584595654912,22.0,20,20,2240,1920,50.375,52.751,53.491,1.643,1,50.533,52.987,53.473,1.683,1,1.1667,20,202.919,201.755,202.993,,,,,,0,0,
221,1790098584695654912,22.1,20,20,2240,1920,50.375,53.17,53.491,1.829,1,50.456,52.987,53.473,1.694,1,1.1667,20,202.909,201.755,202.993,,,,,,0,0,
222,1790098584795654912,22.2,20,20,2240,1920,50.155,52.222,53.195,1.53,1,50.533,52.987,53.473,1.644,1,1.1667,20,202.866,201.755,202.993,,,,,,0,0,
223,1790098584895654912,22.3,20,20,2240,1920,50.155,52.222,53.17,1.49,1,50.533,53.05,53.473,1.796,1,1.1667,20,202.911,201.755,203.057,,,,,,0,0,
224,1790098584995654912,22.4,20,20,2240,1920,50.155,52.459,53.17,1.511,1,50.456,52.217,53.261,1.523,1,1.1667,20,202.909,201.755,203.057,,,,,,0,0,
225,1790098585095654912,22.5,20,20,2240,1920,49.93,52.459,53.17,1.428,1,50.456,52.217,53.94,1.576,1,1.1667,20,202.832,201.755,203.057,,,,,,0,0,
226,1790098585195654912,22.6,20,20,2240,1920,50.045,52.922,53.17,1.546,1,50.456,52.382,53.94,1.585,1,1.1667,20,202.832,201.755,203.057,,,,,,0,0,
227,1790098585295654912,22.7,20,20,2240,1920,50.045,52.922,53.17,1.745,1,50.17,52.382,53.94,1.563,1,1.1667,20,202.832,201.755,203.057,,,,,,0,0,
228,1790098585395654912,22.8,20,20,2240,1920,50.045,52.922,53.17,1.879,1,50.098,53.05,53.94,1.677,1,1.1667,20,202.832,201.809,203.057,,,,,,0,0,
229,1790098585495654912,22.9,20,20,2240,1920,50.045,52.922,53.17,2.055,1,50.098,53.05,53.94,1.877,1,1.1667,20,202.873,201.809,203.057,,,,,,0,0,
230,1790098585595654912,23.0,20,20,2240,1920,49.93,52.922,53.17,1.997,1,50.098,53.05,53.94,2.004,1,1.1667,20,202.873,201.809,203.057,,,,,,0,0,
231,1790098585695654912,23.1,20,20,2240,1920,49.93,52.911,53.055,1.991,1,50.098,53.061,53.94,2.193,1,1.1667,20,202.873,201.809,203.057,,,,,,0,0,
232,1790098585795654912,23.2,20,20,2240,1920,50.045,52.911,53.055,2.087,1,49.843,53.061,53.94,2.107,1,1.1667,20,202.885,201.949,203.057,,,,,,0,0,
233,1790098585895654912,23.3,20,20,2240,1920,50.045,52.911,53.008,2.102,1,49.843,53.07,53.94,2.108,1,1.1667,20,202.873,201.949,202.981,,,,,,0,0,
234,1790098585995654912,23.4,20,20,2240,1920,49.995,52.911,53.008,1.984,1,50.098,53.07,53.94,2.144,1,1.1667,20,202.873,201.949,202.983,,,,,,0,0,
235,1790098586095654912,23.5,20,20,2240,1920,49.995,52.911,53.008,2.239,1,50.098,53.061,53.131,2.108,1,1.1667,20,202.885,202.535,202.983,,,,,,0,0,
236,1790098586195654912,23.6,20,20,2240,1920,50.297,52.695,53.008,2.078,1,50.023,53.061,53.131,2.018,1,1.1667,20,202.866,202.535,202.983,,,,,,0,0,
237,1790098586295654912,23.7,20,20,2240,1920,49.995,52.674,53.008,1.856,1,50.023,53.061,53.131,2.265,1,1.1667,20,202.836,202.535,202.983,,,,,,0,0,
238,1790098586395654912,23.8,20,20,2240,1920,49.995,52.674,53.008,1.64,1,50.109,52.874,53.131,2.109,1,1.1667,20,202.836,202.535,202.983,,,,,,0,0,
239,1790098586495654912,23.9,20,20,2240,1920,50.297,52.597,53.008,1.404,1,50.023,52.874,53.131,1.886,1,1.1667,20,202.822,202.535,202.983,,,,,,0,0,
240,1790098586595654912,24.0,20,20,2240,1920,49.995,52.597,53.008,1.458,1,50.023,52.874,53.131,1.68,1,1.1667,20,202.826,202.535,202.983,,,,,,0,0,
241,1790098586695654912,24.1,20,20,2240,1920,49.995,52.597,53.094,1.433,1,50.109,52.847,53.131,1.423,1,1.1667,20,202.826,202.541,202.983,,,,,,0,0,
242,1790098586795654912,24.2,20,20,2240,1920,49.995,52.597,53.094,1.175,1,50.023,52.847,53.131,1.499,1,1.1667,20,202.826,202.501,202.983,,,,,,0,0,
243,1790098586895654912,24.3,20,20,2240,1920,49.773,52.444,53.094,1.065,1,50.023,52.847,53.867,1.537,1,1.1667,20,202.822,201.931,202.983,,,,,,0,0,
244,1790098586995654912,24.4,20,20,2240,1920,49.773,50.876,53.094,0.83,1,50.023,52.847,53.867,1.296,1,1.1667,20,202.822,201.931,202.956,,,,,,0,0,
245,1790098587095654912,24.5,20,20,2240,1920,49.773,50.616,53.094,0.621,1,49.893,52.26,53.867,1.192,1,1.1667,20,202.806,201.931,202.945,,,,,,0,0,
246,1790098587195654912,24.6,20,20,2240,1920,49.773,50.616,53.094,0.626,1,49.893,50.768,53.867,0.928,1,1.1667,20,202.826,201.931,202.945,,,,,,0,0,
247,1790098587295654912,24.7,20,20,2240,1920,49.881,50.616,53.094,0.62,1,49.893,50.523,53.867,0.719,1,1.1667,20,202.832,201.931,202.945,,,,,,0,0,
248,1790098587395654912,24.8,20,20,2240,1920,50.056,50.616,53.094,0.602,1,49.769,50.523,53.867,0.741,1,1.1667,20,202.832,201.862,202.945,,,,,,0,0,
249,1790098587495654912,24.9,20,20,2240,1920,50.056,50.463,53.094,0.528,1,50.076,50.768,53.867,0.754,1,1.1667,20,202.826,201.846,202.945,,,,,,0,0,
250,1790098587595654912,25.0,20,20,2240,1920,50.056,50.463,53.094,0.416,1,50.098,50.768,53.867,0.736,1,1.1667,20,202.828,201.846,202.945,,,,,,0,0,
251,1790098587695654912,25.1,20,20,2240,1920,49.945,50.463,53.507,0.568,1,50.098,50.523,53.867,0.679,1,1.1667,20,202.839,201.846,202.945,,,,,,0,0,
252,1790098587795654912,25.2,20,20,2240,1920,49.945,50.463,53.507,0.585,1,50.098,50.523,53.867,0.521,1,1.1667,20,202.839,201.846,202.937,,,,,,0,0,
253,1790098587895654912,25.3,20,20,2240,1920,49.945,50.497,53.507,0.596,1,50.076,50.523,62.192,1.554,1,1.1667,20,202.845,201.846,217.766,,,,,,0,0,
254,1790098587995654912,25.4,20,20,2240,1920,49.945,50.497,53.507,0.604,1,50.076,50.485,62.192,1.567,1,1.1667,20,202.82,201.846,217.766,,,,,,0,0,
255,1790098588095654912,25.5,20,20,2240,1920,49.944,50.497,53.507,0.693,1,50.076,50.603,62.192,1.579,1,1.1667,20,202.807,201.846,217.766,,,,,,0,0,
256,1790098588195654912,25.6,20,20,2240,1920,49.944,50.604,53.507,0.917,1,50.076,50.603,62.192,1.593,1,1.1667,20,202.807,201.846,217.766,-1.395,-1.503,-0.038,-1.395,-1.395,1,0,
257,1790098588295654912,25.7,20,20,2240,1920,49.945,52.326,53.507,1.071,1,49.878,50.603,62.192,1.707,1,1.1667,20,202.806,201.846,217.766,0.327,-1.503,-0.039,0.327,0.327,1,0,
258,1790098588395654912,25.8,20,20,2240,1920,49.945,52.326,53.507,1.138,1,49.878,50.77,62.192,1.879,1,1.1667,20,202.806,201.846,217.766,0.327,-1.336,-0.039,0.327,0.327,1,0,
259,1790098588495654912,25.9,20,20,2240,1920,49.945,52.326,53.507,1.167,1,49.878,52.067,62.192,1.98,1,1.1667,20,202.812,202.509,217.766,0.327,-0.039,-0.032,0.327,0.327,1,0,
260,1790098588595654912,26.0,20,20,2240,1920,50.233,52.326,53.507,1.169,1,49.878,52.067,62.192,2.035,1,1.1667,20,202.806,202.509,217.766,0.327,-0.039,-0.039,0.327,0.327,1,0,
261,1790098588695654912,26.1,20,20,2240,1920,49.875,50.764,52.883,0.972,1,49.875,52.067,62.192,2.065,1,1.1667,20,202.798,202.509,217.766,-1.235,-0.039,-0.046,-0.039,-0.039,1,0,
262,1790098588795654912,26.2,20,20,2240,1920,49.875,52.326,53.434,1.109,1,49.527,50.835,52.674,1.571,1,1.1667,20,202.786,202.509,217.766,0.327,-1.271,-0.058,0.327,0.327,1,0,
263,1790098588895654912,26.3,20,20,2240,1920,49.875,52.874,53.434,1.346,1,49.725,50.835,52.674,1.003,1,1.1667,20,202.749,201.753,202.955,0.875,-1.271,-0.095,0.875,0.875,1,0,
264,1790098588995654912,26.4,20,20,2240,1920,49.875,52.874,53.434,1.434,1,50.155,52.067,54.267,1.192,1,1.1667,20,202.708,201.753,202.955,0.875,-0.039,-0.136,0.875,0.875,1,0,
265,1790098589095654912,26.5,20,20,2240,1920,49.875,52.874,53.434,1.41,1,50.155,52.674,54.267,1.447,1,1.1667,20,202.708,201.753,203.047,0.875,0.568,-0.136,0.875,0.875,1,0,
266,1790098589195654912,26.6,20,20,2240,1920,49.875,52.874,53.434,1.44,1,50.155,52.674,54.267,1.507,1,1.1667,20,202.701,201.753,203.047,0.875,0.568,-0.143,0.875,0.875,1,0,
267,1790098589295654912,26.7,20,20,2240,1920,49.829,52.695,53.434,1.296,1,50.155,52.674,54.267,1.512,1,1.1667,20,202.701,201.753,203.047,0.696,0.568,-0.143,0.696,0.696,1,0,
268,1790098589395654912,26.8,20,20,2240,1920,49.875,52.695,53.434,1.297,1,50.155,52.806,54.267,1.547,1,1.1667,20,202.763,201.753,203.047,0.696,0.7,-0.081,0.7,0.7,1,0,
269,1790098589495654912,26.9,20,20,2240,1920,49.875,52.695,53.434,1.392,1,49.725,52.806,54.267,1.422,1,1.1667,20,202.796,201.753,203.047,0.696,0.7,-0.048,0.7,0.7,1,0,
270,1790098589595654912,27.0,20,20,2240,1920,50.413,52.695,53.434,1.27,1,50.155,52.806,54.267,1.436,1,1.1667,20,202.812,201.753,203.047,0.696,0.7,-0.032,0.7,0.7,1,0,
271,1790098589695654912,27.1,20,20,2240,1920,50.413,52.105,52.874,1.298,1,50.155,52.806,54.267,1.494,1,1.1667,20,202.812,201.753,203.047,0.106,0.7,-0.032,0.7,0.7,1,0,
272,1790098589795654912,27.2,20,20,2240,1920,50.413,52.105,52.874,1.214,1,50.365,52.806,54.267,1.332,1,1.1667,20,202.82,201.753,203.047,0.106,0.7,-0.024,0.7,0.7,1,0,
273,1790098589895654912,27.3,20,20,2240,1920,50.413,51.224,52.695,1.127,1,50.365,52.099,53.103,1.276,1,1.1667,20,202.834,202.586,203.047,-0.775,-0.007,-0.011,-0.007,-0.007,1,0,
274,1790098589995654912,27.4,20,20,2240,1920,50.413,51.224,52.695,1.089,1,50.423,52.099,53.103,1.201,1,1.1667,20,202.826,202.674,203.047,-0.775,-0.007,-0.018,-0.007,-0.007,1,0,
275,1790098590095654912,27.5,20,20,2240,1920,50.413,51.131,52.105,0.973,1,50.365,51.032,52.806,1.104,1,1.1667,20,202.834,202.674,203.092,-0.868,-1.074,-0.011,-0.868,-0.868,1,0,
276,1790098590195654912,27.6,20,20,2240,1920,50.413,51.224,53.114,1.209,1,50.365,51.032,52.806,1.043,1,1.1667,20,202.834,202.674,203.092,-0.775,-1.074,-0.011,-0.775,-0.775,1,0,
277,1790098590295654912,27.7,20,20,2240,1920,50.413,52.105,53.114,1.349,1,50.365,50.954,52.099,0.922,1,1.1667,20,202.843,202.674,203.092,0.106,-1.152,-0.001,0.106,0.106,1,0,
278,1790098590395654912,27.8,20,20,2240,1920,49.565,52.105,53.114,1.374,1,50.365,51.032,52.571,1.099,1,1.1667,20,202.834,202.318,203.092,0.106,-1.074,-0.011,0.106,0.106,1,0,
279,1790098590495654912,27.9,20,20,2240,1920,49.946,52.105,53.114,1.367,1,50.365,52.099,52.571,1.259,1,1.1667,20,202.834,201.517,203.092,0.106,-0.007,-0.011,0.106,0.106,1,0,
280,1790098590595654912,28.0,20,20,2240,1920,50.105,52.105,53.114,1.242,1,49.694,52.103,52.571,1.345,1,1.1667,20,202.819,201.517,203.092,0.106,-0.003,-0.025,0.106,0.106,1,0,
281,1790098590695654912,28.1,20,20,2240,1920,49.946,52.588,53.114,1.382,1,50.06,52.103,52.571,1.353,1,1.1667,20,202.824,201.517,203.092,0.589,-0.003,-0.02,0.589,0.589,1,0,
282,1790098590795654912,28.2,20,20,2240,1920,49.946,52.588,53.114,1.355,1,50.062,52.103,52.571,1.24,1,1.1667,20,202.824,201.517,203.092,0.589,-0.003,-0.02,0.589,0.589,1,0,
283,1790098590895654912,28.3,20,20,2240,1920,49.946,52.588,53.114,1.349,1,50.06,52.261,52.571,1.357,1,1.1667,20,202.819,201.517,203.092,0.589,0.155,-0.025,0.589,0.589,1,0,
284,1790098590995654912,28.4,20,20,2240,1920,49.946,52.588,53.114,1.35,1,49.99,52.261,52.571,1.257,1,1.1667,20,202.777,201.517,203.092,0.589,0.155,-0.067,0.589,0.589,1,0,
285,1790098591095654912,28.5,20,20,2240,1920,49.946,51.094,52.948,1.095,1,49.99,52.261,52.571,1.283,1,1.1667,20,202.759,201.517,202.959,-0.905,0.155,-0.085,0.155,0.155,1,0,
286,1790098591195654912,28.6,20,20,2240,1920,49.946,51.094,52.948,0.893,1,49.99,52.261,52.571,1.298,1,1.1667,20,202.759,201.517,202.959,-0.905,0.155,-0.085,0.155,0.155,1,0,
287,1790098591295654912,28.7,20,20,2240,1920,49.946,50.712,52.948,0.816,1,49.99,52.103,52.526,1.062,1,1.1667,20,202.757,201.517,202.959,-1.287,-0.003,-0.087,-0.003,-0.003,1,0,
288,1790098591395654912,28.8,20,20,2240,1920,49.946,50.691,52.948,0.738,1,49.99,51.208,52.526,0.9,1,1.1667,20,202.738,201.517,202.959,-1.307,-0.898,-0.106,-0.898,-0.898,1,0,
289,1790098591495654912,28.9,20,20,2240,1920,49.944,50.691,52.948,0.775,1,50.028,50.943,52.526,0.719,1,1.1667,20,202.761,201.815,202.959,-1.307,-1.163,-0.083,-1.163,-1.163,1,0,
290,1790098591595654912,29.0,20,20,2240,1920,50.359,50.712,52.948,0.725,1,50.028,50.785,52.526,0.648,1,1.1667,20,202.791,201.815,202.959,-1.287,-1.321,-0.053,-1.287,-1.287,1,0,
291,1790098591695654912,29.1,20,20,2240,1920,49.69,50.691,52.943,0.841,1,49.99,50.785,52.526,0.697,1,1.1667,20,202.791,201.815,202.959,-1.307,-1.321,-0.053,-1.307,-1.307,1,0,
292,1790098591795654912,29.2,20,20,2240,1920,49.69,50.688,52.943,0.844,1,50.028,50.943,52.526,0.661,1,1.1667,20,202.797,201.815,202.959,-1.311,-1.163,-0.047,-1.163,-1.163,1,0,
293,1790098591895654912,29.3,20,20,2240,1920,49.953,50.688,52.943,0.811,1,50.028,50.943,52.743,0.824,1,1.1667,20,202.797,201.815,202.953,-1.311,-1.163,-0.047,-1.163,-1.163,1,0,
294,1790098591995654912,29.4,20,20,2240,1920,49.953,50.913,52.943,0.84,1,50.028,50.785,52.743,0.828,1,1.1667,20,202.813,202.284,202.953,-1.086,-1.321,-0.031,-1.086,-1.086,1,0,
295,1790098592095654912,29.5,20,20,2240,1920,49.953,50.913,52.943,0.815,1,50.028,50.645,52.743,0.787,1,1.1667,20,202.831,202.284,202.953,-1.086,-1.461,-0.013,-1.086,-1.086,1,0,
296,1790098592195654912,29.6,20,20,2240,1920,49.953,50.913,52.943,0.842,1,50.028,50.846,52.743,0.809,1,1.1667,20,202.825,202.284,202.953,-1.086,-1.26,-0.019,-1.086,-1.086,1,0,
297,1790098592295654912,29.7,20,20,2240,1920,49.953,51.719,52.943,1.085,1,50.028,50.846,52.743,0.821,1,1.1667,20,202.831,202.284,202.93,-0.28,-1.26,-0.013,-0.28,-0.28,1,0,
298,1790098592395654912,29.8,20,20,2240,1920,49.953,52.67,52.943,1.351,1,50.028,50.846,52.743,0.832,1,1.1667,20,202.831,202.545,202.93,0.671,-1.26,-0.013,0.671,0.671,1,0,
299,1790098592495654912,29.9,20,20,2240,1920,49.953,52.67,52.943,1.321,1,49.905,51.65,52.743,1.075,1,1.1667,20,202.831,202.626,202.93,0.671,-0.456,-0.013,0.671,0.671,1,0,
300,1790098592595654912,30.0,20,20,2240,1920,50.366,52.67,52.943,1.344,1,49.905,52.548,52.94,1.326,1,1.1667,20,202.842,202.626,202.93,0.671,0.442,-0.002,0.671,0.671,1,0,
301,1790098592695654912,30.1,20,20,2240,1920,50.243,50.927,52.941,1.163,1,49.905,52.548,52.94,1.311,1,1.1667,20,202.825,202.626,202.928,-1.072,0.442,-0.019,0.442,0.442,1,0,
302,1790098592795654912,30.2,20,20,2240,1920,50.093,52.67,53.122,1.287,1,50.446,52.548,52.94,1.317,1,1.1667,20,202.821,202.626,202.928,0.671,0.442,-0.023,0.671,0.671,1,0,
303,1790098592895654912,30.3,20,20,2240,1920,50.209,52.67,53.122,1.25,1,49.995,50.846,52.94,1.199,1,1.1667,20,202.817,201.94,202.928,0.671,-1.26,-0.027,0.671,0.671,1,0,
304,1790098592995654912,30.4,20,20,2240,1920,50.093,52.67,53.122,1.26,1,49.905,52.548,53.692,1.366,1,1.1667,20,202.809,201.866,202.928,0.671,0.442,-0.035,0.671,0.671,1,0,
305,1790098593095654912,30.5,20,20,2240,1920,50.093,52.67,53.122,1.2,1,50.172,52.548,53.692,1.327,1,1.1667,20,202.78,201.866,202.928,0.671,0.442,-0.064,0.671,0.671,1,0,
306,1790098593195654912,30.6,20,20,2240,1920,50.093,52.67,53.122,1.051,1,49.995,52.548,53.692,1.322,1,1.1667,20,202.764,201.866,202.928,0.671,0.442,-0.081,0.671,0.671,1,0,
307,1790098593295654912,30.7,20,20,2240,1920,50.093,50.927,53.122,0.798,1,50.016,52.548,53.692,1.26,1,1.1667,20,202.734,201.866,202.925,-1.072,0.442,-0.11,0.442,0.442,1,0,
308,1790098593395654912,30.8,20,20,2240,1920,50.077,50.711,53.122,0.624,1,50.016,52.548,53.692,1.099,1,1.1667,20,202.716,201.866,202.925,-1.287,0.442,-0.128,0.442,0.442,1,0,
309,1790098593495654912,30.9,20,20,2240,1920,49.942,50.488,53.122,0.574,1,50.016,50.819,53.692,0.861,1,1.1667,20,202.71,201.866,202.886,-1.511,-1.287,-0.134,-1.287,-1.287,1,0,
310,1790098593595654912,31.0,20,20,2240,1920,49.942,50.488,53.122,0.389,1,49.995,50.815,53.692,0.717,1,1.1667,20,202.635,201.821,202.876,-1.511,-1.291,-0.209,-1.291,-1.291,1,0,
311,1790098593695654912,31.1,20,20,2240,1920,49.933,50.488,52.699,0.491,1,49.966,50.819,53.692,0.715,1,1.1667,20,202.635,201.821,202.876,-1.511,-1.287,-0.209,-1.287,-1.287,1,0,
312,1790098593795654912,31.2,20,20,2240,1920,49.933,50.533,52.699,0.522,1,49.966,50.819,53.692,0.562,1,1.1667,20,202.635,201.821,202.861,-1.466,-1.287,-0.209,-1.287,-1.287,1,0,
313,1790098593895654912,31.3,20,20,2240,1920,49.932,50.533,52.699,0.562,1,49.966,50.819,52.737,0.612,1,1.1667,20,202.675,201.821,202.861,-1.466,-1.287,-0.169,-1.287,-1.287,1,0,
314,1790098593995654912,31.4,20,20,2240,1920,49.932,50.885,52.699,0.635,1,49.966,50.819,52.737,0.636,1,1.1667,20,202.749,201.821,202.903,-1.114,-1.287,-0.095,-1.114,-1.114,1,0,
315,1790098594095654912,31.5,20,20,2240,1920,49.933,50.924,52.699,0.686,1,49.9,50.725,52.737,0.662,1,1.1667,20,202.749,201.821,202.903,-1.075,-1.381,-0.095,-1.075,-1.075,1,0,
316,1790098594195654912,31.6,20,20,2240,1920,49.933,50.924,52.699,0.681,1,49.9,51.1,52.737,0.762,1,1.1667,20,202.749,201.821,202.903,-1.075,-1.006,-0.095,-1.006,-1.006,1,0,
317,1790098594295654912,31.7,20,20,2240,1920,49.933,50.924,52.699,0.684,1,49.966,51.143,52.737,0.818,1,1.1667,20,202.785,201.821,202.914,-1.075,-0.963,-0.059,-0.963,-0.963,1,0,
318,1790098594395654912,31.8,20,20,2240,1920,49.994,50.924,52.699,0.669,1,49.934,51.143,52.737,0.803,1,1.1667,20,202.788,201.821,202.914,-1.075,-0.963,-0.056,-0.963,-0.963,1,0,
319,1790098594495654912,31.9,20,20,2240,1920,50.104,50.924,52.699,0.654,1,49.977,51.143,52.737,0.749,1,1.1667,20,202.8,201.821,202.914,-1.075,-0.963,-0.044,-0.963,-0.963,1,0,
320,1790098594595654912,32.0,20,20,2240,1920,50.148,50.924,52.699,0.523,1,50.096,51.1,52.737,0.679,1,1.1667,20,202.807,202.648,202.914,-1.075,-1.006,-0.037,-1.006,-1.006,1,0,
321,1790098594695654912,32.1,20,20,2240,1920,50.104,50.924,53.066,0.687,1,50.136,51.1,52.737,0.663,1,1.1667,20,202.807,202.668,202.914,-1.075,-1.006,-0.037,-1.006,-1.006,1,0,
322,1790098594795654912,32.2,20,20,2240,1920,50.133,50.924,53.066,0.647,1,50.149,51.1,52.737,0.533,1,1.1667,20,202.798,202.668,202.914,-1.075,-1.006,-0.046,-1.006,-1.006,1,0,
323,1790098594895654912,32.3,20,20,2240,1920,50.104,50.768,53.066,0.61,1,50.136,51.1,53.126,0.69,1,1.1667,20,202.798,202.668,202.975,-1.231,-1.006,-0.046,-1.006,-1.006,1,0,
324,1790098594995654912,32.4,20,20,2240,1920,50.104,50.449,53.066,0.525,1,50.136,51.1,53.126,0.647,1,1.1667,20,202.792,202.569,202.975,-1.55,-1.006,-0.052,-1.006,-1.006,1,0,
325,1790098595095654912,32.5,20,20,2240,1920,50.072,50.327,53.066,0.515,1,50.04,50.505,53.126,0.636,1,1.1667,20,202.792,201.847,202.975,-1.672,-1.601,-0.052,-1.601,-1.601,1,0,
326,1790098595195654912,32.6,20,20,2240,1920,50.072,50.327,53.066,0.506,1,50.136,50.505,53.126,0.569,1,1.1667,20,202.798,201.847,202.975,-1.672,-1.601,-0.046,-1.601,-1.601,1,0,
327,1790098595295654912,32.7,20,20,2240,1920,50.07,50.327,53.066,0.51,1,50.04,50.505,53.126,0.575,1,1.1667,20,202.798,201.847,202.975,-1.672,-1.601,-0.046,-1.601,-1.601,1,0,
328,1790098595395654912,32.8,20,20,2240,1920,50.02,50.327,53.066,0.518,1,50.105,50.505,53.126,0.587,1,1.1667,20,202.798,201.847,202.975,-1.672,-1.601,-0.046,-1.601,-1.601,1,0,
329,1790098595495654912,32.9,20,20,2240,1920,49.974,50.327,53.066,0.652,1,50.04,50.505,53.126,0.594,1,1.1667,20,202.787,201.847,202.975,-1.672,-1.601,-0.057,-1.601,-1.601,1,0,
330,1790098595595654912,33.0,20,20,2240,1920,50.02,50.768,53.066,0.754,1,49.99,50.505,53.126,0.613,1,1.1667,20,202.787,201.847,202.975,-1.231,-1.601,-0.057,-1.231,-1.231,1,0,
331,1790098595695654912,33.1,20,20,2240,1920,50.02,50.768,52.664,0.759,1,49.933,50.505,53.126,0.745,1,1.1667,20,202.803,201.847,202.975,-1.231,-1.601,-0.041,-1.231,-1.231,1,0,
332,1790098595795654912,33.2,20,20,2240,1920,50.02,50.876,52.664,0.763,1,49.99,50.868,53.126,0.861,1,1.1667,20,202.825,201.847,202.975,-1.123,-1.238,-0.019,-1.123,-1.123,1,0,
333,1790098595895654912,33.3,20,20,2240,1920,50.07,50.876,52.664,0.842,1,50.105,50.868,52.69,0.865,1,1.1667,20,202.815,201.847,202.927,-1.123,-1.238,-0.029,-1.123,-1.123,1,0,
334,1790098595995654912,33.4,20,20,2240,1920,50.07,50.876,52.664,0.857,1,50.105,50.868,52.69,0.843,1,1.1667,20,202.807,201.847,202.927,-1.123,-1.238,-0.037,-1.123,-1.123,1,0,
335,1790098596095654912,33.5,20,20,2240,1920,50.07,50.876,52.664,0.91,1,50.105,50.634,52.69,0.852,1,1.1667,20,202.807,202.508,202.927,-1.123,-1.472,-0.037,-1.123,-1.123,1,0,
336,1790098596195654912,33.6,20,20,2240,1920,50.126,50.876,52.664,0.974,1,50.105,50.634,52.69,0.88,1,1.1667,20,202.798,202.508,202.927,-1.123,-1.472,-0.046,-1.123,-1.123,1,0,
337,1790098596295654912,33.7,20,20,2240,1920,50.184,50.876,52.664,0.99,1,50.105,50.956,52.69,0.935,1,1.1667,20,202.794,202.508,202.927,-1.123,-1.15,-0.05,-1.123,-1.123,1,0,
338,1790098596395654912,33.8,20,20,2240,1920,50.222,50.904,52.664,1.061,1,50.258,50.956,52.69,1.0,1,1.1667,20,202.794,202.508,202.927,-1.095,-1.15,-0.05,-1.095,-1.095,1,0,
339,1790098596495654912,33.9,20,20,2240,1920,50.222,50.876,52.591,0.842,1,50.258,50.956,52.69,1.012,1,1.1667,20,202.795,202.508,202.927,-1.123,-1.15,-0.049,-1.123,-1.123,1,0,
340,1790098596595654912,34.0,20,20,2240,1920,50.222,50.876,52.591,0.708,1,49.999,50.956,52.69,1.038,1,1.1667,20,202.795,201.908,202.912,-1.123,-1.15,-0.049,-1.123,-1.123,1,0,
341,1790098596695654912,34.1,20,20,2240,1920,50.222,50.874,50.904,0.566,1,50.187,50.725,52.668,0.777,1,1.1667,20,202.789,201.658,202.912,-1.125,-1.381,-0.055,-1.125,-1.125,1,0,
342,1790098596795654912,34.2,20,20,2240,1920,50.222,50.755,50.904,0.514,1,50.187,50.867,52.668,0.691,1,1.1667,20,202.783,201.658,202.937,-1.244,-1.239,-0.061,-1.239,-1.239,1,0,
343,1790098596895654912,34.3,20,20,2240,1920,50.299,50.755,50.904,0.5,1,50.187,50.725,50.956,0.559,1,1.1667,20,202.751,201.658,202.937,-1.244,-1.381,-0.093,-1.244,-1.244,1,0,
344,1790098596995654912,34.4,20,20,2240,1920,50.335,50.755,50.904,0.453,1,50.187,50.725,50.956,0.505,1,1.1667,20,202.751,201.658,202.937,-1.244,-1.381,-0.093,-1.244,-1.244,1,0,
345,1790098597095654912,34.5,20,20,2240,1920,50.299,50.609,50.904,0.418,1,50.187,50.725,50.956,0.474,1,1.1667,20,202.751,201.658,202.937,-1.39,-1.381,-0.093,-1.381,-1.381,1,0,
346,1790098597195654912,34.6,20,20,2240,1920,50.084,50.515,50.904,0.414,1,50.229,50.867,51.232,0.514,1,1.1667,20,202.71,201.658,202.937,-1.484,-1.239,-0.135,-1.239,-1.239,1,0,
347,1790098597295654912,34.7,20,20,2240,1920,50.199,50.515,50.904,0.362,1,50.187,50.725,51.232,0.467,1,1.1667,20,202.584,201.658,202.937,-1.484,-1.381,-0.26,-1.381,-1.381,1,0,
348,1790098597395654912,34.8,20,20,2240,1920,50.084,50.406,50.515,0.321,1,50.141,50.519,51.232,0.442,1,1.1667,20,202.569,201.658,202.937,-1.593,-1.587,-0.275,-1.587,-1.587,1,0,
349,1790098597495654912,34.9,20,20,2240,1920,50.084,50.406,50.515,0.298,1,50.187,50.519,51.232,0.39,1,1.1667,20,202.569,201.658,202.937,-1.593,-1.587,-0.275,-1.587,-1.587,1,0,
350,1790098597595654912,35.0,20,20,2240,1920,50.084,50.406,50.515,0.287,1,50.141,50.519,51.232,0.393,1,1.1667,20,202.584,201.658,202.937,-1.593,-1.587,-0.26,-1.587,-1.587,1,0,
351,1790098597695654912,35.1,20,20,2240,1920,50.084,50.406,50.515,0.273,1,50.109,50.427,51.232,0.366,1,1.1667,20,202.611,201.747,202.937,-1.593,-1.679,-0.233,-1.593,-1.593,1,0,
352,1790098597795654912,35.2,20,20,2240,1920,50.084,50.406,50.515,0.377,1,50.109,50.398,51.232,0.341,1,1.1667,20,202.652,201.747,202.937,-1.593,-1.708,-0.192,-1.593,-1.593,1,0,
353,1790098597895654912,35.3,20,20,2240,1920,50.084,50.406,52.497,0.597,1,50.109,50.427,51.232,0.367,1,1.1667,20,202.652,201.747,202.937,-1.593,-1.679,-0.192,-1.593,-1.593,1,0,
354,1790098597995654912,35.4,20,20,2240,1920,50.084,50.406,52.709,0.851,1,50.092,50.442,51.232,0.521,1,1.1667,20,202.645,201.747,202.937,-1.593,-1.664,-0.199,-1.593,-1.593,1,0,
355,1790098598095654912,35.5,20,20,2240,1920,49.815,50.261,52.709,0.84,1,50.092,50.72,52.664,0.718,1,1.1667,20,202.669,201.747,202.937,-1.738,-1.386,-0.175,-1.386,-1.386,1,0,
356,1790098598195654912,35.6,20,20,2240,1920,49.801,52.497,53.064,1.138,1,50.092,50.72,52.68,0.941,1,1.1667,20,202.707,201.983,202.937,0.498,-1.386,-0.137,0.498,0.498,1,0,
357,1790098598295654912,35.7,20,20,2240,1920,49.801,52.709,53.064,1.425,1,50.092,50.72,52.68,0.937,1,1.1667,20,202.759,201.983,202.937,0.71,-1.386,-0.085,0.71,0.71,1,0,
358,1790098598395654912,35.8,20,20,2240,1920,49.801,53.041,53.334,1.722,1,49.957,52.664,52.717,1.18,1,1.1667,20,202.786,202.202,202.937,1.042,0.558,-0.058,1.042,1.042,1,0,
359,1790098598495654912,35.9,20,20,2240,1920,49.801,53.064,53.334,2.026,1,49.935,52.68,53.077,1.484,1,1.1667,20,202.794,202.202,202.923,1.065,0.574,-0.05,1.065,1.065,1,0,
360,1790098598595654912,36.0,20,20,2240,1920,49.911,53.064,53.334,2.03,1,49.935,52.717,53.14,1.777,1,1.1667,20,202.746,202.202,202.923,1.065,0.611,-0.098,1.065,1.065,1,0,
361,1790098598695654912,36.1,20,20,2240,1920,49.911,53.072,53.334,2.327,1,49.935,53.077,53.346,2.085,1,1.1667,20,202.807,202.202,202.923,1.073,0.971,-0.037,1.073,1.073,1,0,
362,1790098598795654912,36.2,20,20,2240,1920,49.911,53.072,53.334,2.387,1,49.935,53.077,53.346,2.063,1,1.1667,20,202.791,202.202,202.923,1.073,0.971,-0.054,1.073,1.073,1,0,
363,1790098598895654912,36.3,20,20,2240,1920,49.911,53.072,53.334,2.272,1,49.935,53.136,53.346,2.3,1,1.1667,20,202.821,202.555,202.923,1.073,1.03,-0.023,1.073,1.073,1,0,
364,1790098598995654912,36.4,20,20,2240,1920,49.911,53.072,53.334,2.133,1,49.935,53.136,53.346,2.349,1,1.1667,20,202.852,202.555,202.923,1.073,1.03,0.008,1.073,1.073,1,0,
365,1790098599095654912,36.5,20,20,2240,1920,50.129,53.072,53.334,1.981,1,49.935,53.136,53.346,2.242,1,1.1667,20,202.848,202.555,202.923,1.073,1.03,0.004,1.073,1.073,1,0,
366,1790098599195654912,36.6,20,20,2240,1920,50.129,53.072,53.334,1.702,1,49.935,53.136,53.346,2.121,1,1.1667,20,202.848,202.446,202.923,1.073,1.03,0.004,1.073,1.073,1,0,
367,1790098599295654912,36.7,20,20,2240,1920,50.129,53.047,53.193,1.689,1,49.908,53.136,53.346,2.024,1,1.1667,20,202.829,201.723,202.923,1.048,1.03,-0.015,1.048,1.048,1,0,
368,1790098599395654912,36.8,20,20,2240,1920,50.129,53.047,53.309,1.701,1,49.908,53.136,53.346,1.785,1,1.1667,20,202.799,201.723,202.923,1.048,1.03,-0.045,1.048,1.048,1,0,
369,1790098599495654912,36.9,20,20,2240,1920,50.129,53.047,53.309,1.617,1,49.908,53.136,53.346,1.787,1,1.1667,20,202.783,201.723,202.908,1.048,1.03,-0.061,1.048,1.048,1,0,
370,1790098599595654912,37.0,20,20,2240,1920,50.129,53.036,53.309,1.479,1,49.908,53.136,53.407,1.803,1,1.1667,20,202.8,201.723,202.908,1.037,1.03,-0.044,1.037,1.037,1,0,
371,1790098599695654912,37.1,20,20,2240,1920,49.871,53.025,53.309,1.183,1,49.908,53.136,53.407,1.709,1,1.1667,20,202.783,201.723,202.899,1.026,1.03,-0.061,1.03,1.03,1,0,
372,1790098599795654912,37.2,20,20,2240,1920,49.871,53.036,53.452,1.202,1,50.22,53.051,53.407,1.571,1,1.1667,20,202.703,201.723,202.899,1.037,0.945,-0.141,1.037,1.037,1,0,
373,1790098599895654912,37.3,20,20,2240,1920,49.871,53.309,53.452,1.535,1,50.22,52.955,53.407,1.28,1,1.1667,20,202.703,201.723,202.899,1.31,0.849,-0.141,1.31,1.31,1,0,
374,1790098599995654912,37.4,20,20,2240,1920,49.844,53.309,53.452,1.791,1,50.22,53.222,54.461,1.413,1,1.1667,20,202.651,201.723,202.899,1.31,1.116,-0.193,1.31,1.31,1,0,
375,1790098600095654912,37.5,20,20,2240,1920,49.952,53.309,53.452,1.768,1,50.22,53.33,54.461,1.722,1,1.1667,20,202.651,201.723,202.899,1.31,1.224,-0.193,1.31,1.31,1,0,
376,1790098600195654912,37.6,20,20,2240,1920,50.034,53.398,63.009,2.305,1,50.225,53.33,54.461,1.926,1,1.1667,20,202.681,201.723,202.903,1.399,1.224,-0.163,1.399,1.399,1,0,
377,1790098600295654912,37.7,20,20,2240,1920,50.034,53.452,63.009,3.34,1,50.225,53.33,54.461,1.941,1,1.1667,20,202.709,201.739,202.903,1.453,1.224,-0.135,1.453,1.453,1,0,
378,1790098600395654912,37.8,20,20,2240,1920,49.952,53.452,63.009,3.66,1,50.314,53.407,63.029,2.422,1,1.1667,20,202.721,201.739,202.903,1.453,1.301,-0.123,1.453,1.453,1,0,
379,1790098600495654912,37.9,19,20,2128,1920,49.898,60.163,63.447,4.53,1,50.314,54.461,63.029,3.458,1,1.1083,20,202.721,201.739,202.903,8.164,2.355,-0.123,8.164,8.164,1,0,
380,1790098600595654912,38.0,20,20,2240,1920,49.952,63.009,107.195,10.952,2,50.225,54.461,63.029,3.778,1,1.1667,20,202.721,201.739,202.903,11.01,2.355,-0.123,11.01,11.01,1,0,
381,1790098600695654912,38.1,20,19,2240,1824,50.034,63.009,107.195,11.433,2,50.269,60.27,63.608,4.722,1,1.2281,19,202.739,201.739,202.903,11.01,8.164,-0.105,11.01,11.01,1,0,
382,1790098600795654912,38.2,20,20,2240,1920,50.034,63.009,107.195,11.522,2,49.663,63.029,107.176,11.137,2,1.1667,20,202.761,201.739,203.395,11.01,10.923,-0.083,11.01,11.01,1,0,
383,1790098600895654912,38.3,19,20,2128,1920,49.993,63.009,107.195,12.076,2,50.314,63.029,107.176,11.587,2,1.1083,20,202.761,201.739,203.395,11.01,10.923,-0.083,11.01,11.01,1,0,
384,1790098600995654912,38.4,19,20,2128,1920,48.327,63.447,107.195,13.641,2,50.314,63.029,107.176,11.62,2,1.1083,20,202.776,202.437,203.395,11.448,10.923,-0.068,11.448,11.448,1,0,
385,1790098601095654912,38.5,20,19,2240,1824,46.551,67.521,110.664,18.424,2,49.9,63.029,107.176,12.2,2,1.2281,19,202.776,202.437,203.395,15.522,10.923,-0.068,15.522,15.522,1,0,
386,1790098601195654912,38.6,20,19,2240,1824,46.551,67.521,110.664,17.486,2,48.488,63.608,107.176,13.713,2,1.2281,19,202.776,202.437,203.395,15.522,11.502,-0.068,15.522,15.522,1,0,
387,1790098601295654912,38.7,20,20,2240,1920,46.551,67.521,110.664,16.878,2,46.583,67.461,110.324,18.51,2,1.1667,20,202.776,201.705,203.395,15.522,15.355,-0.068,15.522,15.522,1,0,
388,1790098601395654912,38.8,20,19,2240,1824,46.551,67.521,110.664,16.749,2,46.402,67.461,110.324,18.552,2,1.2281,19,202.777,201.705,203.395,15.522,15.355,-0.067,15.522,15.522,1,0,
389,1790098601495654912,38.9,21,20,2352,1920,46.419,58.677,110.664,13.066,2,46.583,67.461,110.324,17.009,2,1.225,20,202.776,201.705,203.395,6.678,15.355,-0.068,15.355,15.355,1,0,
390,1790098601595654912,39.0,20,20,2240,1920,46.555,58.124,110.664,10.211,2,46.663,67.461,110.324,16.875,2,1.1667,20,202.796,201.705,203.395,6.125,15.355,-0.048,15.355,15.355,1,0,
391,1790098601695654912,39.1,20,21,2240,2016,47.234,58.124,110.664,10.561,2,46.374,59.106,110.324,13.184,2,1.1111,21,202.815,201.705,203.395,6.125,7.0,-0.029,7.0,7.0,1,0,
392,1790098601795654912,39.2,20,20,2240,1920,47.87,67.521,110.664,12.241,2,46.663,58.965,110.324,10.29,2,1.1667,20,202.83,201.705,202.962,15.522,6.859,-0.014,15.522,15.522,1,0,
393,1790098601895654912,39.3,20,20,2240,1920,48.186,58.124,110.664,10.681,2,47.397,58.965,110.324,10.623,2,1.1667,20,202.822,201.705,202.962,6.125,6.859,-0.022,6.859,6.859,1,0,
394,1790098601995654912,39.4,21,20,2352,1920,48.028,58.124,96.315,11.837,2,47.927,67.461,110.324,12.283,2,1.225,20,202.823,201.705,202.962,6.125,15.355,-0.021,15.355,15.355,1,0,
395,1790098602095654912,39.5,20,20,2240,1920,48.186,59.928,96.315,10.532,2,48.172,58.965,110.324,10.733,2,1.1667,20,202.86,201.705,202.962,7.929,6.859,0.016,7.929,7.929,1,0,
396,1790098602195654912,39.6,20,21,2240,2016,49.027,67.949,96.315,12.975,2,48.049,58.965,96.353,11.883,2,1.1111,21,202.868,201.705,203.379,15.95,6.859,0.024,15.95,15.95,1,0,
397,1790098602295654912,39.7,19,19,2128,1824,50.348,68.725,96.315,14.228,2,48.622,59.251,96.353,10.342,2,1.1667,19,202.868,202.546,203.379,16.727,7.145,0.024,16.727,16.727,1,0,
398,1790098602395654912,39.8,18,18,2016,1728,52.8,68.725,96.315,14.693,2,51.508,63.998,96.353,11.272,2,1.1667,18,202.88,202.674,231.074,16.727,11.892,0.036,16.727,16.727,1,0,
399,1790098602495654912,39.9,18,19,2016,1824,54.423,76.343,111.119,20.765,2,52.143,85.016,96.353,16.746,2,1.1053,19,202.897,202.702,241.853,24.344,32.91,0.053,32.91,32.91,1,1,1790098602530242337
400,1790098602595654912,40.0,20,18,2240,1728,49.027,92.412,111.119,24.785,2,54.511,85.016,96.353,18.857,2,1.2963,18,202.9,202.702,264.321,40.413,32.91,0.056,40.413,40.413,1,1,
401,1790098602695654912,40.1,20,18,2240,1728,48.186,92.412,111.119,23.976,2,54.572,87.122,125.386,25.656,2,1.2963,18,202.916,202.702,278.588,40.413,35.016,0.072,40.413,40.413,1,1,
402,1790098602795654912,40.2,20,18,2240,1728,48.186,92.412,111.119,23.936,2,59.251,87.122,125.386,29.825,2,1.2963,18,210.99,202.702,278.588,40.413,35.016,8.146,40.413,40.413,1,1,
403,1790098602895654912,40.3,20,18,2240,1728,47.048,76.343,111.119,21.895,2,49.071,87.122,125.386,30.259,2,1.2963,18,232.983,202.702,288.655,24.344,35.016,30.139,35.016,35.016,1,1,
404,1790098602995654912,40.4,20,18,2240,1728,47.048,76.343,111.119,19.217,2,48.172,87.122,125.386,30.153,2,1.2963,18,253.087,202.702,288.655,24.344,35.016,50.243,35.016,35.016,1,1,
405,1790098603095654912,40.5,20,18,2240,1728,47.048,78.701,111.119,20.065,2,45.213,87.122,125.386,30.179,2,1.2963,18,267.453,202.702,297.04,26.702,35.016,64.609,35.016,35.016,1,1,
406,1790098603195654912,40.6,20,18,2240,1728,47.048,78.701,111.119,18.962,2,45.213,87.122,125.386,26.867,2,1.2963,18,270.626,202.702,297.04,26.702,35.016,67.782,35.016,35.016,1,1,
407,1790098603295654912,40.7,21,19,2352,1824,51.291,78.701,111.119,18.579,2,44.411,87.122,125.386,26.651,2,1.2895,19,272.896,218.601,299.651,26.702,35.016,70.052,35.016,35.016,1,1,
408,1790098603395654912,40.8,20,18,2240,1728,47.048,58.522,92.412,16.185,2,43.608,84.75,125.386,25.369,2,1.2963,18,277.636,234.892,300.997,6.523,32.644,74.792,32.644,32.644,1,1,
409,1790098603495654912,40.9,22,18,2464,1728,47.048,58.522,118.988,17.085,2,43.252,84.226,125.386,22.991,2,1.4259,18,277.636,263.994,300.997,6.523,32.12,74.792,32.12,32.12,1,1,
410,1790098603595654912,41.0,20,19,2240,1824,49.172,69.7,118.988,16.474,2,42.895,84.226,127.34,21.868,2,1.2281,19,278.588,263.994,357.716,17.701,32.12,75.744,32.12,32.12,1,1,
411,1790098603695654912,41.1,20,17,2240,1632,49.172,69.7,118.988,17.6,2,42.895,88.887,127.34,19.465,2,1.3725,17,279.331,263.994,357.716,17.701,36.781,76.487,36.781,36.781,1,1,
412,1790098603795654912,41.2,19,18,2128,1728,50.906,69.7,118.988,17.984,2,42.538,88.887,131.124,25.864,3,1.2315,18,289.824,263.994,417.582,17.701,36.781,86.98,36.781,36.781,1,1,
413,1790098603895654912,41.3,19,19,2128,1824,54.182,73.648,118.988,19.4,2,42.498,88.887,131.124,26.943,3,1.1667,19,298.604,263.994,417.582,21.649,36.781,95.76,36.781,36.781,1,1,
414,1790098603995654912,41.4,20,19,2240,1824,52.318,69.7,118.988,18.069,2,42.498,86.173,131.124,28.423,3,1.2281,19,299.651,263.994,417.582,17.701,34.067,96.807,34.067,34.067,1,1,
415,1790098604095654912,41.5,20,18,2240,1728,52.318,69.7,118.988,16.849,2,42.538,119.551,131.124,34.276,3,1.2963,18,301.732,263.994,417.582,17.701,67.445,98.888,67.445,67.445,1,1,
416,1790098604195654912,41.6,20,17,2240,1632,52.318,73.648,118.988,20.519,2,42.564,127.34,131.124,36.217,3,1.3725,17,323.806,263.994,417.582,21.649,75.234,120.962,75.234,75.234,1,1,
417,1790098604295654912,41.7,20,18,2240,1728,49.172,72.03,92.063,18.789,2,42.538,119.551,131.124,36.608,3,1.2963,18,354.394,263.994,417.582,20.031,67.445,151.55,67.445,67.445,1,1,
418,1790098604395654912,41.8,21,18,2352,1728,47.124,72.03,92.063,18.054,2,42.589,119.551,131.124,34.418,3,1.3611,18,359.098,263.994,417.582,20.031,67.445,156.254,67.445,67.445,1,1,
419,1790098604495654912,41.9,19,19,2128,1824,48.698,73.648,92.063,18.205,2,42.505,91.176,131.124,32.862,3,1.1667,19,365.22,298.604,426.208,21.649,39.07,162.376,39.07,39.07,1,1,
420,1790098604595654912,42.0,19,19,2128,1824,48.698,73.648,92.063,17.878,2,42.132,86.173,119.551,30.14,3,1.1667,19,369.964,298.604,426.208,21.649,34.067,167.12,34.067,34.067,1,1,
421,1790098604695654912,42.1,20,20,2240,1920,51.828,73.648,92.063,18.73,2,41.674,86.173,119.551,28.609,3,1.1667,20,369.172,298.604,426.208,21.649,34.067,166.328,34.067,34.067,1,1,
422,1790098604795654912,42.2,21,18,2352,1728,49.133,72.03,92.063,17.2,2,42.589,90.942,119.551,29.748,2,1.3611,18,380.794,302.468,429.666,20.031,38.836,177.95,38.836,38.836,1,1,
423,1790098604895654912,42.3,20,19,2240,1824,51.828,72.03,92.063,18.147,2,43.842,90.942,119.551,28.819,2,1.2281,19,385.773,302.468,429.666,20.031,38.836,182.929,38.836,38.836,1,1,
424,1790098604995654912,42.4,19,19,2128,1824,51.555,72.03,92.063,18.388,2,43.708,88.138,91.176,22.439,2,1.1667,19,389.164,355.806,429.666,20.031,36.032,186.32,36.032,36.032,1,1,
425,1790098605095654912,42.5,20,19,2240,1824,51.283,72.03,98.071,20.661,2,43.624,88.138,91.176,22.503,2,1.2281,19,387.994,355.806,429.666,20.031,36.032,185.15,36.032,36.032,1,1,
426,1790098605195654912,42.6,20,20,2240,1920,46.438,70.54,98.071,17.464,2,42.422,90.942,126.01,23.63,2,1.1667,20,389.274,355.806,462.176,18.541,38.836,186.43,38.836,38.836,1,1,
427,1790098605295654912,42.7,20,18,2240,1728,51.283,70.54,98.071,16.734,2,41.873,90.942,126.01,21.635,2,1.2963,18,389.678,358.703,462.176,18.541,38.836,186.834,38.836,38.836,1,1,
428,1790098605395654912,42.8,21,17,2352,1632,47.9,67.026,98.071,14.494,2,42.147,126.01,165.803,27.532,2,1.4412,17,389.972,358.703,538.408,15.027,73.904,187.128,73.904,73.904,1,1,
429,1790098605495654912,42.9,20,17,2240,1632,48.665,67.026,98.071,13.159,2,41.927,126.01,165.803,22.671,2,1.3725,17,399.787,358.703,544.111,15.027,73.904,196.943,73.904,73.904,1,1,
430,1790098605595654912,43.0,21,17,2352,1632,48.785,66.005,98.071,12.916,2,43.364,126.01,165.803,22.78,2,1.4412,17,429.666,359.253,544.111,14.006,73.904,226.822,73.904,73.904,1,1,
431,1790098605695654912,43.1,20,18,2240,1728,48.689,66.005,98.071,11.534,2,44.307,88.138,165.803,20.68,2,1.2963,18,443.646,359.253,544.111,14.006,36.032,240.802,36.032,36.032,1,1,
432,1790098605795654912,43.2,20,17,2240,1632,48.689,66.005,98.071,13.451,2,44.409,126.01,165.803,16.687,1,1.3725,17,462.176,359.253,548.496,14.006,73.904,259.332,73.904,73.904,1,1,
433,1790098605895654912,43.3,20,15,2240,1440,48.689,66.005,98.071,12.948,2,44.409,126.447,165.803,24.669,1,1.5556,15,510.628,359.253,626.278,14.006,74.341,307.784,74.341,74.341,1,1,
434,1790098605995654912,43.4,21,16,2352,1536,48.633,60.557,77.806,10.098,2,44.307,126.447,165.803,23.356,1,1.5312,16,536.609,387.994,626.278,8.558,74.341,333.765,74.341,74.341,1,1,
435,1790098606095654912,43.5,20,17,2240,1632,48.665,66.005,77.806,9.558,1,43.144,126.447,165.803,22.211,2,1.3725,17,541.627,439.631,629.267,14.006,74.341,338.783,74.341,74.341,1,1,
436,1790098606195654912,43.6,20,17,2240,1632,48.689,67.729,77.806,11.624,1,44.409,126.447,165.803,23.723,2,1.3725,17,548.496,439.631,629.267,15.73,74.341,345.652,74.341,74.341,1,1,
437,1790098606295654912,43.7,19,18,2128,1728,48.796,71.025,77.806,12.92,1,44.307,76.687,126.447,15.627,2,1.2315,18,560.571,481.249,629.267,19.026,24.581,357.727,24.581,24.581,1,1,
438,1790098606395654912,43.8,20,18,2240,1728,48.601,71.025,77.806,12.32,1,44.511,85.276,126.447,17.71,2,1.2963,18,574.326,481.249,629.267,19.026,33.17,371.482,33.17,33.17,1,1,
439,1790098606495654912,43.9,18,19,2016,1824,46.927,71.025,77.806,12.63,1,43.71,85.276,126.447,17.147,2,1.1053,19,592.654,481.249,629.267,19.026,33.17,389.81,33.17,33.17,1,1,
440,1790098606595654912,44.0,20,19,2240,1824,46.927,77.647,121.985,19.02,2,43.037,85.276,126.447,17.089,2,1.2281,19,592.654,510.628,629.267,25.648,33.17,389.81,33.17,33.17,1,1,
441,1790098606695654912,44.1,20,19,2240,1824,46.6,71.025,121.985,17.728,2,43.037,85.276,126.447,17.04,2,1.2281,19,593.216,548.496,629.267,19.026,33.17,390.372,33.17,33.17,1,1,
442,1790098606795654912,44.2,19,18,2128,1728,46.764,77.647,121.985,18.997,2,42.962,80.26,86.944,13.131,2,1.2315,18,593.377,557.675,629.267,25.648,28.154,390.533,28.154,28.154,1,1,
443,1790098606895654912,44.3,20,19,2240,1824,46.6,79.531,121.985,22.581,2,43.142,85.276,125.644,19.059,2,1.2281,19,593.538,557.675,651.453,27.532,33.17,390.694,33.17,33.17,1,1,
444,1790098606995654912,44.4,19,19,2128,1824,46.252,79.531,121.985,22.09,2,43.493,80.26,125.644,18.66,2,1.1667,19,593.538,557.675,651.453,27.532,28.154,390.694,28.154,28.154,1,1,
445,1790098607095654912,44.5,17,18,1904,1728,46.252,89.446,121.985,22.774,2,43.877,82.94,125.644,19.449,2,1.1019,18,597.422,557.675,673.836,37.447,30.834,394.578,37.447,37.447,1,1,
446,1790098607195654912,44.6,15,19,1680,1824,46.252,89.446,121.985,22.421,2,43.493,85.276,125.644,21.237,2,0.9211,19,603.712,582.248,679.274,37.447,33.17,400.868,37.447,37.447,1,1,
447,1790098607295654912,44.7,20,18,2240,1728,45.775,89.446,306.061,42.281,6,43.815,82.94,125.644,19.929,2,1.2963,18,608.717,582.248,679.274,37.447,30.834,405.873,37.447,37.447,1,1,
448,1790098607395654912,44.8,19,16,2128,1536,41.352,79.531,306.061,40.499,6,43.877,85.727,125.644,22.249,2,1.3854,16,612.451,582.248,679.274,27.532,33.621,409.607,33.621,33.621,1,1,
449,1790098607495654912,44.9,21,14,2352,1344,41.352,82.782,306.061,39.816,6,44.958,85.727,125.644,25.319,2,1.75,14,624.964,582.248,679.274,30.783,33.621,422.12,33.621,33.621,1,1,
450,1790098607595654912,45.0,20,19,2240,1824,45.775,82.782,306.061,37.371,6,43.191,85.727,293.456,42.184,6,1.2281,19,640.359,584.861,892.018,30.783,33.621,437.515,33.621,33.621,1,1,
451,1790098607695654912,45.1,19,18,2128,1728,44.569,82.782,306.061,38.675,6,43.211,82.94,293.456,39.83,6,1.2315,18,640.361,374.444,892.018,30.783,30.834,437.517,30.834,30.834,1,1,
452,1790098607795654912,45.2,20,21,2240,2016,46.543,82.782,306.061,36.423,6,43.345,83.662,293.456,40.006,6,1.1111,21,637.027,374.444,892.018,30.783,31.556,434.183,31.556,31.556,1,1,
453,1790098607895654912,45.3,17,20,1904,1920,44.906,82.782,306.061,37.662,6,43.211,83.662,293.456,38.28,6,0.9917,20,636.942,374.444,892.018,30.783,31.556,434.098,31.556,31.556,1,1,
454,1790098607995654912,45.4,16,20,1792,1920,42.595,65.628,82.782,22.609,6,41.729,83.662,293.456,38.296,6,0.9333,20,640.361,374.444,892.018,13.629,31.556,437.517,31.556,31.556,1,1,
455,1790098608095654912,45.5,22,20,2464,1920,15.438,65.628,332.607,38.8,6,43.211,83.662,293.456,38.357,6,1.2833,20,638.693,374.444,892.018,13.629,31.556,435.849,31.556,31.556,1,1,
456,1790098608195654912,45.6,25,17,2800,1632,30.114,65.628,332.607,36.242,6,41.529,83.662,293.456,40.082,6,1.7157,17,640.359,374.444,892.018,13.629,31.556,437.515,31.556,31.556,1,1,
457,1790098608295654912,45.7,20,16,2240,1536,42.595,65.628,332.607,35.395,6,39.847,82.712,83.662,25.847,6,1.4583,16,638.693,374.444,892.018,13.629,30.606,435.849,30.606,30.606,1,1,
458,1790098608395654912,45.8,21,22,2352,2112,42.574,58.09,332.607,32.279,6,0.137,82.712,337.862,39.934,6,1.1136,22,654.412,374.444,932.785,6.091,30.606,451.568,30.606,30.606,1,1,
459,1790098608495654912,45.9,20,23,2240,2208,42.553,65.628,332.607,33.663,6,18.343,82.712,337.862,40.054,6,1.0145,23,660.04,374.444,932.785,13.629,30.606,457.196,30.606,30.606,1,1,
460,1790098608595654912,46.0,19,19,2128,1824,41.275,56.461,332.607,34.713,6,41.791,83.662,337.862,40.514,6,1.1667,19,627.624,374.444,932.785,4.462,31.556,424.78,31.556,31.556,1,1,
461,1790098608695654912,46.1,20,18,2240,1728,39.996,62.375,332.607,34.366,6,40.862,80.066,337.862,35.908,6,1.2963,18,638.204,423.917,932.785,10.376,27.96,435.36,27.96,27.96,1,1,
462,1790098608795654912,46.2,20,19,2240,1824,39.996,56.461,70.237,19.264,6,41.791,83.248,337.862,38.467,6,1.2281,19,652.535,423.917,932.785,4.462,31.142,449.691,31.142,31.142,1,1,
463,1790098608895654912,46.3,20,19,2240,1824,39.996,56.461,70.237,19.264,6,41.791,83.79,337.862,38.592,6,1.2281,19,671.229,423.917,932.785,4.462,31.684,468.385,31.684,31.684,1,1,
464,1790098608995654912,46.4,25,18,2800,1728,39.24,62.375,185.663,25.82,6,40.862,83.79,337.862,40.483,6,1.6204,18,672.972,423.917,932.785,10.376,31.684,470.127,31.684,31.684,1,1,
465,1790098609095654912,46.5,20,18,2240,1728,49.192,62.375,185.663,19.6,3,40.862,83.79,120.76,27.712,6,1.2963,18,678.952,423.917,932.785,10.376,31.684,476.108,31.684,31.684,1,1,
466,1790098609195654912,46.6,19,18,2128,1728,49.497,70.237,185.663,22.039,3,40.862,83.79,120.76,27.712,6,1.2315,18,678.952,423.917,932.785,18.238,31.684,476.108,31.684,31.684,1,1,
467,1790098609295654912,46.7,19,23,2128,2208,46.296,70.237,185.663,22.361,3,40.586,85.128,168.306,30.962,6,0.9638,23,698.376,423.917,932.785,18.238,33.022,495.532,33.022,33.022,1,1,
468,1790098609395654912,46.8,19,19,2128,1824,46.296,78.743,185.663,24.422,3,41.928,85.128,168.306,26.517,3,1.1667,19,689.063,423.917,862.713,26.744,33.022,486.219,33.022,33.022,1,1,
469,1790098609495654912,46.9,20,18,2240,1728,46.266,78.743,185.663,22.91,3,42.646,83.79,168.306,27.871,3,1.2963,18,716.438,464.759,862.713,26.744,31.684,513.594,31.684,31.684,1,1,
470,1790098609595654912,47.0,20,18,2240,1728,46.266,78.743,185.663,22.371,3,42.646,83.79,168.306,27.756,3,1.2963,18,735.095,546.385,862.713,26.744,31.684,532.251,31.684,31.684,1,1,
471,1790098609695654912,47.1,19,19,2128,1824,46.498,78.743,185.663,23.737,3,40.761,83.793,168.306,28.674,3,1.1667,19,734.501,615.46,862.713,26.744,31.687,531.657,31.687,31.687,1,1,
472,1790098609795654912,47.2,21,19,2352,1824,46.498,59.841,83.054,16.311,3,40.869,83.793,168.306,26.312,3,1.2895,19,740.227,615.46,862.713,7.842,31.687,537.383,31.687,31.687,1,1,
473,1790098609895654912,47.3,22,19,2464,1824,46.266,59.841,83.054,15.652,3,41.3,83.793,168.306,26.016,3,1.3509,19,740.227,615.46,862.713,7.842,31.687,537.383,31.687,31.687,1,1,
474,1790098609995654912,47.4,19,20,2128,1920,47.961,64.721,83.054,13.162,1,41.211,83.793,168.306,22.999,3,1.1083,20,744.075,615.46,862.713,12.722,31.687,541.231,31.687,31.687,1,1,
475,1790098610095654912,47.5,19,21,2128,2016,46.498,64.721,78.743,13.056,1,40.869,83.416,88.068,15.875,3,1.0556,21,740.227,615.46,862.713,12.722,31.31,537.383,31.31,31.31,1,1,
476,1790098610195654912,47.6,19,23,2128,2208,51.49,64.721,78.743,12.592,1,41.3,83.416,88.068,16.092,3,0.9638,23,740.227,615.46,862.713,12.722,31.31,537.383,31.31,31.31,1,1,
477,1790098610295654912,47.7,20,19,2240,1824,47.1,64.721,70.338,12.663,1,41.783,83.416,88.068,14.986,2,1.2281,19,734.501,615.46,764.247,12.722,31.31,531.657,31.31,31.31,1,1,
478,1790098610395654912,47.8,19,19,2128,1824,51.49,69.264,71.376,12.63,1,42.313,82.943,88.068,16.807,2,1.1667,19,740.227,615.46,805.762,17.265,30.837,537.383,30.837,30.837,1,1,
479,1790098610495654912,47.9,17,19,1904,1824,51.49,70.338,71.376,13.532,1,41.901,82.943,88.068,16.821,2,1.0439,19,740.227,615.46,805.762,18.339,30.837,537.383,30.837,30.837,1,1,
480,1790098610595654912,48.0,15,19,1680,1824,51.49,70.338,71.376,14.449,1,41.901,81.54,88.068,14.585,2,0.9211,19,742.59,691.027,805.762,18.339,29.434,539.746,29.434,29.434,1,1,
481,1790098610695654912,48.1,21,18,2352,1728,39.209,70.338,283.934,31.788,5,41.909,82.943,88.068,13.014,1,1.3611,18,747.618,691.027,805.762,18.339,30.837,544.774,30.837,30.837,1,1,
482,1790098610795654912,48.2,20,16,2240,1536,34.64,71.376,283.934,35.677,5,42.934,84.386,88.068,14.554,1,1.4583,16,749.388,691.027,805.762,19.377,32.28,546.544,32.28,32.28,1,1,
483,1790098610895654912,48.3,20,14,2240,1344,34.64,72.006,283.934,36.06,5,42.934,82.943,84.386,13.223,1,1.6667,14,752.003,699.977,805.762,20.007,30.837,549.159,30.837,30.837,1,1,
484,1790098610995654912,48.4,20,19,2240,1824,34.223,72.006,283.934,34.708,5,42.076,82.943,287.843,34.481,6,1.2281,19,782.47,699.977,1023.667,20.007,30.837,579.626,30.837,30.837,1,1,
485,1790098611095654912,48.5,19,19,2128,1824,39.433,72.006,283.934,37.658,5,42.068,84.271,287.843,36.883,6,1.1667,19,789.988,714.389,1023.667,20.007,32.165,587.144,32.165,32.165,1,1,
486,1790098611195654912,48.6,20,17,2240,1632,44.643,72.006,283.934,34.494,5,40.548,84.386,287.843,39.232,6,1.3725,17,800.545,745.952,1023.667,20.007,32.28,597.701,32.28,32.28,1,1,
487,1790098611295654912,48.7,20,17,2240,1632,44.643,72.006,283.934,32.406,5,40.548,127.542,287.843,42.019,6,1.3725,17,805.724,754.515,1023.667,20.007,75.436,602.88,75.436,75.436,1,1,
488,1790098611395654912,48.8,20,17,2240,1632,44.643,72.006,88.8,21.663,5,38.992,127.542,287.843,42.433,6,1.3725,17,800.545,681.262,1023.667,20.007,75.436,597.701,75.436,75.436,1,1,
489,1790098611495654912,48.9,21,16,2352,1536,45.12,73.517,88.8,22.193,5,39.203,129.972,287.843,50.996,6,1.5312,16,810.883,681.262,1023.667,21.518,77.866,608.039,77.866,77.866,1,1,
490,1790098611595654912,49.0,24,15,2688,1440,45.598,76.898,95.304,24.277,5,40.723,129.972,287.843,51.592,6,1.8667,15,829.374,681.262,1023.667,24.899,77.866,626.53,77.866,77.866,1,1,
491,1790098611695654912,49.1,19,17,2128,1632,45.727,73.517,95.304,19.007,2,42.289,127.542,129.972,32.5,6,1.3039,17,880.167,681.262,1023.667,21.518,75.436,677.323,75.436,75.436,1,1,
492,1790098611795654912,49.2,20,17,2240,1632,45.856,73.517,95.304,16.303,2,42.289,127.542,129.972,32.5,6,1.3725,17,880.167,681.262,1023.667,21.518,75.436,677.323,75.436,75.436,1,1,
493,1790098611895654912,49.3,20,20,2240,1920,47.806,73.517,95.304,16.847,2,42.333,122.715,129.972,35.718,6,1.1667,20,888.156,681.262,1026.618,21.518,70.609,685.312,70.609,70.609,1,1,
494,1790098611995654912,49.4,19,14,2128,1344,46.831,73.517,95.304,18.152,2,47.338,127.542,129.972,32.199,2,1.5833,14,932.103,681.262,1026.618,21.518,75.436,729.258,75.436,75.436,1,1,
495,1790098612095654912,49.5,20,13,2240,1248,47.806,73.517,95.304,18.447,2,62.805,122.715,129.972,30.527,2,1.7949,13,992.703,681.262,1073.844,21.518,70.609,789.859,70.609,70.609,1,1,
496,1790098612195654912,49.6,20,15,2240,1440,53.499,73.517,95.304,19.418,2,62.86,122.715,129.972,28.662,2,1.5556,15,997.181,681.262,1098.568,21.518,70.609,794.337,70.609,70.609,1,1,
497,1790098612295654912,49.7,20,16,2240,1536,53.499,67.708,95.304,18.431,2,47.449,122.715,129.972,29.572,2,1.4583,16,1018.824,681.262,1116.033,15.709,70.609,815.98,70.609,70.609,1,1,
498,1790098612395654912,49.8,20,15,2240,1440,53.499,67.708,102.004,21.063,2,62.86,86.732,122.715,27.887,2,1.5556,15,1024.652,848.734,1117.313,15.709,34.626,821.808,34.626,34.626,1,1,
499,1790098612495654912,49.9,22,17,2464,1632,51.783,67.385,102.004,19.209,2,62.86,86.732,122.715,27.204,2,1.5098,17,1070.366,891.063,1152.212,15.387,34.626,867.522,34.626,34.626,1,1,
500,1790098612595654912,50.0,20,16,2240,1536,53.499,67.385,102.004,17.603,2,47.449,86.732,122.715,26.852,2,1.4583,16,1077.695,992.703,1152.212,15.387,34.626,874.851,34.626,34.626,1,1,
501,1790098612695654912,50.1,20,17,2240,1632,53.499,66.937,102.004,16.254,2,47.393,86.732,127.0,28.53,2,1.3725,17,1100.252,1015.691,1152.212,14.938,34.626,897.408,34.626,34.626,1,1,
502,1790098612795654912,50.2,19,19,2128,1824,54.137,66.937,102.004,16.74,2,47.393,85.923,127.0,30.121,2,1.1667,19,1107.75,1015.691,1152.212,14.938,33.817,904.906,33.817,33.817,1,1,
503,1790098612895654912,50.3,20,17,2240,1632,54.774,67.385,102.004,16.116,2,45.622,86.732,127.0,29.471,2,1.3725,17,1116.033,1024.652,1152.212,15.387,34.626,913.189,34.626,34.626,1,1,
504,1790098612995654912,50.4,19,19,2128,1824,54.848,67.385,102.004,14.827,2,44.088,86.732,127.0,26.569,2,1.1667,19,1122.49,1070.366,1157.827,15.387,34.626,919.646,34.626,34.626,1,1,
505,1790098613095654912,50.5,20,19,2240,1824,54.774,71.669,102.004,18.195,2,43.494,86.732,127.0,24.395,2,1.2281,19,1131.931,1070.366,1157.827,19.671,34.626,929.087,34.626,34.626,1,1,
506,1790098613195654912,50.6,20,19,2240,1824,54.922,80.449,102.004,20.865,2,43.494,86.732,127.0,24.444,2,1.2281,19,1131.948,1070.366,1157.827,28.45,34.626,929.104,34.626,34.626,1,1,
507,1790098613295654912,50.7,20,20,2240,1920,51.783,71.669,82.24,18.49,2,43.347,85.923,127.0,23.196,2,1.1667,20,1134.646,1100.252,1173.767,19.671,33.817,931.801,33.817,33.817,1,1,
508,1790098613395654912,50.8,20,19,2240,1824,54.922,79.469,82.24,18.036,2,42.0,85.923,127.0,22.418,2,1.2281,19,1133.951,1100.252,1173.767,27.47,33.817,931.107,33.817,33.817,1,1,
509,1790098613495654912,50.9,19,20,2128,1920,52.377,79.469,82.24,17.607,2,43.347,85.923,127.0,27.066,2,1.1083,20,1133.644,1053.698,1173.767,27.47,33.817,930.8,33.817,33.817,1,1,
510,1790098613595654912,51.0,20,20,2240,1920,49.833,79.469,82.24,17.814,2,43.347,83.666,89.371,22.674,2,1.1667,20,1133.644,1053.698,1173.767,27.47,31.56,930.8,31.56,31.56,1,1,
511,1790098613695654912,51.1,21,20,2352,1920,52.377,79.469,82.24,19.515,2,43.347,83.641,89.371,20.238,2,1.225,20,1138.051,1053.698,1173.767,27.47,31.535,935.207,31.535,31.535,1,1,
512,1790098613795654912,51.2,20,19,2240,1824,49.833,79.469,82.24,18.94,2,43.59,83.641,89.371,18.924,2,1.2281,19,1137.191,1053.698,1173.767,27.47,31.535,934.347,31.535,31.535,1,1,
513,1790098613895654912,51.3,20,20,2240,1920,49.833,79.469,82.24,19.635,2,43.537,83.641,84.35,17.853,2,1.1667,20,1139.218,1053.698,1173.767,27.47,31.535,936.374,31.535,31.535,1,1,
514,1790098613995654912,51.4,21,20,2352,1920,49.828,72.885,80.449,18.109,2,43.347,83.666,86.283,22.288,2,1.225,20,1136.265,1053.698,1173.767,20.887,31.56,933.421,31.56,31.56,1,1,
515,1790098614095654912,51.5,20,20,2240,1920,49.833,72.885,90.845,18.748,2,42.355,83.666,86.283,20.363,2,1.1667,20,1134.067,1053.698,1173.767,20.887,31.56,931.223,31.56,31.56,1,1,
516,1790098614195654912,51.6,19,19,2128,1824,52.12,72.885,90.845,17.751,2,42.946,83.641,86.283,21.285,2,1.1667,19,1130.943,1053.698,1173.767,20.887,31.535,928.099,31.535,31.535,1,1,
517,1790098614295654912,51.7,21,19,2352,1824,52.12,70.931,90.845,17.045,2,43.213,83.641,86.283,18.968,2,1.2895,19,1130.943,1053.698,1173.059,18.932,31.535,928.099,31.535,31.535,1,1,
518,1790098614395654912,51.8,19,21,2128,2016,52.988,70.931,90.845,17.352,2,42.743,83.644,86.283,19.23,2,1.0556,21,1131.16,1053.698,1180.983,18.932,31.538,928.316,31.538,31.538,1,1,
519,1790098614495654912,51.9,19,20,2128,1920,52.12,69.741,90.845,17.008,2,42.888,83.644,86.283,18.193,2,1.1083,20,1133.575,1058.985,1180.983,17.742,31.538,930.731,31.538,31.538,1,1,
520,1790098614595654912,52.0,17,21,1904,2016,52.12,72.885,90.845,16.989,2,42.743,83.644,86.283,19.439,2,0.9444,21,1135.99,1058.985,1180.983,20.887,31.538,933.146,31.538,31.538,1,1,
521,1790098614695654912,52.1,19,20,2128,1920,47.85,72.885,216.768,31.03,4,42.888,83.644,86.283,22.305,2,1.1083,20,1124.336,1058.985,1180.983,20.887,31.538,921.492,31.538,31.538,1,1,
522,1790098614795654912,52.2,19,19,2128,1824,47.822,68.048,216.768,30.035,4,42.743,82.525,86.283,21.241,2,1.1667,19,1124.738,1058.985,1180.983,16.049,30.419,921.894,30.419,30.419,1,1,
523,1790098614895654912,52.3,21,17,2352,1632,47.822,80.666,216.768,29.384,4,43.252,83.644,86.283,23.635,2,1.4412,17,1123.933,1058.985,1180.983,28.667,31.538,921.089,31.538,31.538,1,1,
524,1790098614995654912,52.4,20,20,2240,1920,46.37,68.048,216.768,29.042,4,42.888,82.525,207.564,30.791,4,1.1667,20,1133.575,1058.985,1259.926,16.049,30.419,930.731,30.419,30.419,1,1,
525,1790098615095654912,52.5,19,19,2128,1824,46.323,68.048,216.768,28.009,4,42.743,82.311,207.564,30.333,4,1.1667,19,1135.99,1107.288,1259.926,16.049,30.205,933.146,30.205,30.205,1,1,
526,1790098615195654912,52.6,19,20,2128,1920,45.992,68.048,216.768,27.665,4,42.597,83.644,207.564,33.194,4,1.1083,20,1129.692,1067.19,1259.926,16.049,31.538,926.848,31.538,31.538,1,1,
527,1790098615295654912,52.7,19,21,2128,2016,43.61,80.666,216.768,35.796,4,42.913,82.311,207.564,31.448,4,1.0556,21,1131.16,1067.19,1259.926,28.667,30.205,928.316,30.205,30.205,1,1,
528,1790098615395654912,52.8,18,19,2016,1824,44.99,65.775,168.789,27.571,4,43.722,82.311,207.564,30.52,4,1.1053,19,1130.357,1067.19,1259.926,13.776,30.205,927.513,30.205,30.205,1,1,
529,1790098615495654912,52.9,18,17,2016,1632,44.99,65.775,168.789,27.571,4,42.667,86.796,207.564,31.815,4,1.2353,17,1130.357,1067.19,1259.926,13.776,34.69,927.513,34.69,34.69,1,1,
530,1790098615595654912,53.0,23,16,2576,1536,33.159,80.666,273.137,39.533,5,43.229,207.564,250.249,42.325,4,1.6771,16,1134.506,1067.19,1304.039,28.667,155.458,931.662,155.458,155.458,1,1,
531,1790098615695654912,53.1,19,14,2128,1344,39.007,80.666,273.137,40.717,5,43.229,86.796,250.249,35.93,4,1.5833,14,1143.994,1067.19,1304.039,28.667,34.69,941.15,34.69,34.69,1,1,
532,1790098615795654912,53.2,20,14,2240,1344,41.512,65.775,273.137,37.7,5,43.229,86.796,250.249,35.93,4,1.6667,14,1143.994,1067.19,1304.039,13.776,34.69,941.15,34.69,34.69,1,1,
533,1790098615895654912,53.3,19,15,2128,1440,39.007,94.588,273.137,42.408,5,43.722,250.249,303.446,54.958,5,1.4778,15,1149.332,1067.19,1480.171,42.589,198.143,946.488,198.143,198.143,1,1,
534,1790098615995654912,53.4,19,14,2128,1344,40.747,94.588,273.137,44.607,5,40.884,250.249,303.446,59.142,5,1.5833,14,1210.582,1067.19,1480.171,42.589,198.143,1007.737,198.143,198.143,1,1,
535,1790098616095654912,53.5,19,15,2128,1440,30.221,70.8,273.137,38.941,5,41.034,250.249,303.446,55.03,5,1.4778,15,1263.361,1067.19,1480.171,18.801,198.143,1060.517,198.143,198.143,1,1,
536,1790098616195654912,53.6,21,14,2352,1344,36.664,78.567,273.137,37.166,5,41.184,250.249,303.446,59.435,5,1.75,14,1271.193,1121.838,1480.171,26.568,198.143,1068.349,198.143,198.143,1,1,
537,1790098616295654912,53.7,20,13,2240,1248,36.503,78.567,273.137,35.017,5,40.82,250.249,303.446,70.797,5,1.7949,13,1285.505,1121.838,1480.171,26.568,198.143,1082.661,198.143,198.143,1,1,
538,1790098616395654912,53.8,22,15,2464,1440,36.503,78.567,94.588,22.871,5,40.651,124.881,303.446,46.183,5,1.7111,15,1306.947,1263.321,1480.171,26.568,72.775,1104.103,72.775,72.775,1,1,
539,1790098616495654912,53.9,24,16,2688,1536,36.824,78.567,94.588,21.987,5,40.845,124.881,303.446,46.114,5,1.75,16,1307.723,1263.321,1480.171,26.568,72.775,1104.879,72.775,72.775,1,1,
540,1790098616595654912,54.0,20,17,2240,1632,47.289,79.939,94.588,20.564,2,40.651,88.073,124.881,29.365,5,1.3725,17,1306.947,1246.472,1480.171,27.94,35.967,1104.103,35.967,35.967,1,1,
541,1790098616695654912,54.1,20,19,2240,1824,40.869,79.939,94.588,20.07,2,40.915,88.073,124.881,30.763,5,1.2281,19,1308.499,1246.472,1480.171,27.94,35.967,1105.655,35.967,35.967,1,1,
542,1790098616795654912,54.2,20,21,2240,2016,40.869,78.567,91.504,18.021,2,41.085,88.073,124.881,27.935,5,1.1111,21,1306.947,1135.764,1480.171,26.568,35.967,1104.103,35.967,35.967,1,1,
543,1790098616895654912,54.3,20,17,2240,1632,40.869,78.567,91.504,17.54,1,44.674,124.881,128.178,29.597,2,1.3725,17,1309.159,1135.764,1374.275,26.568,72.775,1106.315,72.775,72.775,1,1,
544,1790098616995654912,54.4,19,18,2128,1728,45.877,78.567,91.504,16.4,1,41.66,121.517,128.178,28.01,2,1.2315,18,1323.061,1135.764,1374.275,26.568,69.411,1120.217,69.411,69.411,1,1,
545,1790098617095654912,54.5,19,17,2128,1632,51.475,72.437,91.504,15.152,1,42.86,124.881,128.178,29.744,2,1.3039,17,1339.181,1135.764,1394.114,20.438,72.775,1136.337,72.775,72.775,1,1,
546,1790098617195654912,54.6,20,18,2240,1728,52.065,76.773,91.504,16.583,1,43.075,85.993,128.178,23.312,2,1.2963,18,1348.106,1135.764,1454.471,24.774,33.887,1145.262,33.887,33.887,1,1,
547,1790098617295654912,54.7,20,17,2240,1632,52.065,76.773,91.504,17.065,1,43.25,121.517,128.178,24.455,2,1.3725,17,1348.193,1135.764,1454.471,24.774,69.411,1145.349,69.411,69.411,1,1,
548,1790098617395654912,54.8,19,18,2128,1728,54.141,76.773,91.504,16.982,1,43.425,84.296,128.178,22.989,2,1.2315,18,1371.223,1135.764,1463.352,24.774,32.19,1168.379,32.19,32.19,1,1,
549,1790098617495654912,54.9,19,18,2128,1728,51.475,72.437,80.708,15.051,1,43.641,84.931,128.178,25.275,2,1.2315,18,1374.006,1135.764,1475.553,20.438,32.825,1171.162,32.825,32.825,1,1,
550,1790098617595654912,55.0,18,17,2016,1632,52.065,72.437,80.708,15.177,1,43.85,84.931,128.178,21.667,2,1.2353,17,1394.114,1135.764,1494.38,20.438,32.825,1191.27,32.825,32.825,1,1,
551,1790098617695654912,55.1,19,18,2128,1728,51.117,76.773,203.205,29.776,4,43.641,84.296,128.178,20.617,2,1.2315,18,1424.044,1135.764,1494.38,24.774,32.19,1221.2,32.19,32.19,1,1,
552,1790098617795654912,55.2,19,17,2128,1632,44.127,76.773,203.205,28.906,4,43.259,84.296,84.931,16.527,2,1.3039,17,1426.155,1309.159,1494.38,24.774,32.19,1223.311,32.19,32.19,1,1,
553,1790098617895654912,55.3,20,16,2240,1536,42.237,80.708,203.205,32.004,4,43.425,84.296,84.931,17.324,2,1.4583,16,1428.579,1348.019,1494.38,28.709,32.19,1225.735,32.19,32.19,1,1,
554,1790098617995654912,55.4,20,19,2240,1824,35.254,80.708,203.205,31.538,4,43.084,84.296,253.155,31.125,5,1.2281,19,1426.155,1279.574,1494.38,28.709,32.19,1223.311,32.19,32.19,1,1,
555,1790098618095654912,55.5,19,17,2128,1632,35.249,80.708,203.205,30.459,4,43.084,84.931,253.155,32.186,5,1.3039,17,1426.155,1279.574,1494.38,28.709,32.825,1223.311,32.825,32.825,1,1,
556,1790098618195654912,55.6,19,18,2128,1728,38.745,84.021,203.205,30.681,4,42.944,84.931,253.155,38.075,5,1.2315,18,1407.517,1279.574,1494.38,32.022,32.825,1204.673,32.825,32.825,1,1,
557,1790098618295654912,55.7,20,18,2240,1728,42.237,84.021,203.205,32.589,4,42.944,84.931,253.155,38.057,5,1.2963,18,1407.517,1279.574,1494.38,32.022,32.825,1204.673,32.825,32.825,1,1,
558,1790098618395654912,55.8,20,18,2240,1728,35.92,84.021,203.205,33.22,4,40.866,83.206,253.155,40.346,5,1.2963,18,1359.311,1275.773,1494.38,32.022,31.1,1156.467,32.022,32.022,1,1,
559,1790098618495654912,55.9,21,18,2352,1728,35.587,73.995,116.094,24.222,4,40.866,129.434,253.155,43.142,5,1.3611,18,1359.311,1275.773,1494.38,21.997,77.328,1156.467,77.328,77.328,1,1,
560,1790098618595654912,56.0,22,18,2464,1728,35.92,73.995,116.094,24.114,4,40.866,129.434,253.155,45.551,5,1.4259,18,1354.965,1275.773,1486.167,21.997,77.328,1152.121,77.328,77.328,1,1,
561,1790098618695654912,56.1,19,19,2128,1824,50.153,69.528,84.021,18.031,2,38.834,129.434,253.155,45.046,5,1.1667,19,1332.433,1275.773,1486.167,17.529,77.328,1129.589,77.328,77.328,1,1,
562,1790098618795654912,56.2,21,20,2352,1920,50.153,69.528,84.021,17.744,2,38.922,83.96,130.587,31.806,5,1.225,20,1331.806,1275.773,1486.167,17.529,31.854,1128.962,31.854,31.854,1,1,
563,1790098618895654912,56.3,20,21,2240,2016,54.663,69.528,84.021,15.292,2,39.103,83.96,130.587,32.447,5,1.1111,21,1331.517,1194.65,1486.167,17.529,31.854,1128.673,31.854,31.854,1,1,
564,1790098618995654912,56.4,21,18,2352,1728,48.265,69.528,84.021,14.46,2,40.866,83.546,129.434,26.089,2,1.3611,18,1316.033,1194.65,1387.156,17.529,31.44,1113.189,31.44,31.44,1,1,
565,1790098619095654912,56.5,19,19,2128,1824,52.774,67.986,73.995,13.446,2,42.426,83.96,129.434,27.172,2,1.1667,19,1316.995,1194.65,1401.513,15.987,31.854,1114.151,31.854,31.854,1,1,
566,1790098619195654912,56.6,20,19,2240,1824,50.886,62.157,69.528,11.56,2,42.337,83.96,129.434,22.66,2,1.2281,19,1332.095,1194.65,1409.565,10.158,31.854,1129.251,31.854,31.854,1,1,
567,1790098619295654912,56.7,18,20,2016,1920,50.886,59.226,67.986,8.834,1,41.369,83.96,129.434,19.483,2,1.05,20,1333.19,1194.65,1409.565,7.227,31.854,1130.346,31.854,31.854,1,1,
568,1790098619395654912,56.8,20,18,2240,1728,50.276,62.157,170.873,19.951,3,41.961,83.546,86.445,13.932,2,1.2963,18,1335.029,1194.65,1409.565,10.158,31.44,1132.185,31.44,31.44,1,1,
569,1790098619495654912,56.9,18,19,2016,1824,50.886,62.157,170.873,21.019,3,41.665,83.546,86.445,15.606,2,1.1053,19,1335.774,1194.65,1409.565,10.158,31.44,1132.93,31.44,31.44,1,1,
570,1790098619595654912,57.0,20,17,2240,1632,50.886,67.986,170.873,23.764,3,41.665,83.546,86.445,12.31,1,1.3725,17,1335.774,1194.65,1409.565,15.987,31.44,1132.93,31.44,31.44,1,1,
571,1790098619695654912,57.1,20,19,2240,1824,50.886,84.681,170.873,24.83,3,42.385,83.546,170.658,22.508,3,1.2281,19,1351.801,1194.65,1425.787,32.683,31.44,1148.957,32.683,32.683,1,1,
572,1790098619795654912,57.2,19,19,2128,1824,50.581,84.681,170.873,25.998,3,41.665,86.302,170.658,24.752,3,1.1667,19,1357.07,1194.65,1425.787,32.683,34.196,1154.226,34.196,34.196,1,1,
573,1790098619895654912,57.3,16,18,1792,1728,50.276,90.941,170.873,29.495,3,41.961,86.445,170.658,26.264,3,1.037,18,1363.431,1315.071,1425.787,38.942,34.339,1160.586,38.942,38.942,1,1,
574,1790098619995654912,57.4,19,20,2128,1920,45.102,90.941,196.083,40.231,4,41.369,86.302,170.658,21.575,3,1.1083,20,1359.575,1321.972,1425.787,38.942,34.196,1156.731,38.942,38.942,1,1,
575,1790098620095654912,57.5,20,19,2240,1824,46.254,90.941,196.083,39.763,4,41.091,86.302,170.658,22.666,3,1.2281,19,1357.07,1321.972,1425.787,38.942,34.196,1154.226,38.942,38.942,1,1,
576,1790098620195654912,57.6,20,20,2240,1920,43.631,84.681,196.083,32.903,4,40.231,87.311,200.161,36.103,4,1.1667,20,1359.575,1321.972,1484.461,32.683,35.205,1156.731,35.205,35.205,1,1,
577,1790098620295654912,57.7,22,20,2464,1920,45.296,84.681,196.083,31.521,4,40.481,87.311,200.161,36.108,4,1.2833,20,1352.028,1321.972,1484.461,32.683,35.205,1149.184,35.205,35.205,1,1,
578,1790098620395654912,57.8,20,19,2240,1824,46.065,84.681,196.083,31.081,4,41.187,87.311,200.161,37.926,4,1.2281,19,1351.801,1321.972,1484.461,32.683,35.205,1148.957,35.205,35.205,1,1,
579,1790098620495654912,57.9,19,19,2128,1824,45.681,81.614,196.083,29.087,4,40.613,86.302,200.161,30.709,4,1.1667,19,1351.742,1321.972,1484.461,29.615,34.196,1148.898,34.196,34.196,1,1,
580,1790098620595654912,58.0,20,19,2240,1824,46.065,79.646,196.083,27.26,4,40.613,86.302,200.161,30.709,4,1.2281,19,1351.742,1321.972,1484.461,27.647,34.196,1148.898,34.196,34.196,1,1,
581,1790098620695654912,58.1,20,16,2240,1536,46.254,79.646,196.083,27.526,4,40.745,200.161,255.218,45.096,4,1.4583,16,1345.35,1321.972,1484.461,27.647,148.055,1142.505,148.055,148.055,1,1,
582,1790098620795654912,58.2,21,16,2352,1536,46.706,77.954,81.614,19.208,4,41.894,200.161,255.218,42.287,4,1.5312,16,1349.289,1321.972,1484.461,25.955,148.055,1146.445,148.055,148.055,1,1,
583,1790098620895654912,58.3,19,16,2128,1536,46.706,77.954,81.614,13.504,2,42.13,200.161,255.218,44.87,4,1.3854,16,1349.289,1321.972,1484.461,25.955,148.055,1146.445,148.055,148.055,1,1,
584,1790098620995654912,58.4,19,16,2128,1536,47.673,71.387,79.646,12.879,2,41.894,83.509,255.218,34.265,4,1.3854,16,1392.578,1323.106,1484.461,19.388,31.403,1189.733,31.403,31.403,1,1,
585,1790098621095654912,58.5,20,17,2240,1632,48.189,77.954,79.646,13.919,2,42.012,83.509,255.218,34.605,4,1.3725,17,1405.353,1323.106,1484.461,25.955,31.403,1202.509,31.403,31.403,1,1,
586,1790098621195654912,58.6,20,15,2240,1440,53.953,77.954,79.646,16.062,2,43.998,83.509,255.218,32.804,2,1.5556,15,1412.885,1324.47,1487.479,25.955,31.403,1210.041,31.403,31.403,1,1,
587,1790098621295654912,58.7,20,14,2240,1344,48.189,71.387,78.582,16.056,2,44.308,83.509,255.218,35.128,2,1.6667,14,1421.286,1329.38,1487.479,19.388,31.403,1218.442,31.403,31.403,1,1,
588,1790098621395654912,58.8,20,14,2240,1344,48.189,66.319,78.582,12.935,1,44.033,83.011,83.509,18.824,2,1.6667,14,1431.225,1329.38,1487.479,14.32,30.905,1228.381,30.905,30.905,1,1,
589,1790098621495654912,58.9,20,16,2240,1536,54.763,66.319,78.582,12.708,1,44.033,83.011,83.509,19.134,2,1.4583,16,1433.197,1329.38,1499.853,14.32,30.905,1230.353,30.905,30.905,1,1,
590,1790098621595654912,59.0,20,17,2240,1632,54.763,66.319,78.582,12.596,1,43.861,83.011,83.509,18.15,2,1.3725,17,1433.631,1329.38,1499.853,14.32,30.905,1230.787,30.905,30.905,1,1,
591,1790098621695654912,59.1,19,18,2128,1728,51.476,66.319,78.582,13.739,1,44.033,82.287,83.011,14.736,1,1.2315,18,1453.689,1374.407,1499.853,14.32,30.181,1250.845,30.181,30.181,1,1,
592,1790098621795654912,59.2,17,16,1904,1536,56.836,72.77,78.582,14.327,1,43.689,82.704,83.011,14.109,1,1.2396,16,1459.242,1374.407,1499.853,20.771,30.598,1256.398,30.598,30.598,1,1,
593,1790098621895654912,59.3,20,17,2240,1632,46.996,72.77,202.268,27.831,4,43.861,83.011,128.248,20.873,2,1.3725,17,1467.853,1374.407,1499.853,20.771,30.905,1265.009,30.905,30.905,1,1,
594,1790098621995654912,59.4,20,15,2240,1440,49.6,72.77,202.268,27.784,4,45.058,85.931,128.248,23.969,2,1.5556,15,1472.584,1374.407,1499.853,20.771,33.825,1269.74,33.825,33.825,1,1,
595,1790098622095654912,59.5,20,14,2240,1344,49.6,66.319,202.268,26.134,4,44.033,85.931,128.248,23.193,2,1.6667,14,1475.169,1374.407,1499.853,14.32,33.825,1272.325,33.825,33.825,1,1,
596,1790098622195654912,59.6,20,17,2240,1632,46.996,64.159,202.268,26.256,4,41.462,128.248,208.814,34.847,4,1.3725,17,1460.133,1305.596,1499.853,12.16,76.142,1257.289,76.142,76.142,1,1,
597,1790098622295654912,59.7,19,19,2128,1824,48.298,64.159,202.268,26.105,4,41.462,85.931,208.814,31.359,4,1.1667,19,1458.081,1275.395,1499.853,12.16,33.825,1255.237,33.825,33.825,1,1,
598,1790098622395654912,59.8,19,17,2128,1632,47.908,72.77,202.268,31.079,4,41.809,128.248,208.814,32.678,4,1.3039,17,1442.841,1241.221,1487.128,20.771,76.142,1239.997,76.142,76.142,1,1,
599,1790098622495654912,59.9,20,18,2240,1728,49.459,64.159,202.268,28.571,4,42.482,85.931,208.814,32.813,4,1.2963,18,1378.672,1241.221,1487.128,12.16,33.825,1175.828,33.825,33.825,1,1,
600,1790098622595654912,60.0,20,19,2240,1824,48.398,62.588,202.268,26.513,4,42.417,85.931,208.814,30.938,4,1.2281,19,1329.013,1241.221,1487.128,10.589,33.825,1126.169,33.825,33.825,1,1,
601,1790098622695654912,60.1,21,17,2352,1632,48.929,60.478,104.416,18.15,4,42.417,85.931,208.814,29.401,4,1.4412,17,1311.329,1241.221,1487.128,8.479,33.825,1108.485,33.825,33.825,1,1,
602,1790098622795654912,60.2,23,19,2576,1824,47.497,60.478,104.416,16.804,4,42.417,84.679,208.814,28.507,4,1.4123,19,1316.661,1241.221,1487.128,8.479,32.573,1113.817,32.573,32.573,1,1,
603,1790098622895654912,60.3,20,19,2240,1824,49.459,62.588,104.416,14.119,2,42.417,81.646,208.814,24.036,4,1.2281,19,1311.329,1241.221,1487.128,10.589,29.54,1108.485,29.54,29.54,1,1,
604,1790098622995654912,60.4,19,19,2128,1824,48.929,62.22,104.416,13.296,2,42.417,81.646,123.452,19.294,4,1.1667,19,1311.329,1241.221,1458.081,10.221,29.54,1108.485,29.54,29.54,1,1,
605,1790098623095654912,60.5,20,21,2240,2016,48.398,66.042,104.416,14.768,2,42.417,81.646,123.452,17.689,4,1.1111,21,1311.329,1226.834,1458.081,14.043,29.54,1108.485,29.54,29.54,1,1,
606,1790098623195654912,60.6,20,19,2240,1824,49.459,69.839,104.416,14.972,2,44.945,82.622,123.452,16.657,2,1.2281,19,1309.364,1226.834,1409.91,17.84,30.516,1106.52,30.516,30.516,1,1,
607,1790098623295654912,60.7,21,17,2352,1632,48.929,66.042,81.208,12.495,2,45.524,84.679,123.452,20.289,2,1.4412,17,1316.661,1226.834,1409.91,14.043,32.573,1113.817,32.573,32.573,1,1,
608,1790098623395654912,60.8,20,18,2240,1728,49.459,68.296,81.208,11.737,1,45.273,84.679,123.452,22.262,2,1.2963,18,1333.128,1226.834,1423.537,16.297,32.573,1130.284,32.573,32.573,1,1,
609,1790098623495654912,60.9,20,17,2240,1632,51.911,69.839,81.208,13.395,1,45.524,87.825,123.452,23.405,2,1.3725,17,1354.344,1226.834,1423.537,17.84,35.719,1151.5,35.719,35.719,1,1,
610,1790098623595654912,61.0,20,19,2240,1824,51.911,69.839,81.208,13.933,1,45.095,84.679,123.452,21.39,2,1.2281,19,1361.084,1226.834,1423.537,17.84,32.573,1158.24,32.573,32.573,1,1,
611,1790098623695654912,61.1,20,19,2240,1824,46.595,69.839,81.208,14.012,1,45.095,82.622,123.452,21.009,2,1.2281,19,1361.084,1226.834,1423.537,17.84,30.516,1158.24,30.516,30.516,1,1,
612,1790098623795654912,61.2,20,18,2240,1728,43.958,68.296,75.781,13.269,1,45.273,82.622,123.452,21.881,2,1.2963,18,1383.527,1226.834,1423.537,16.297,30.516,1180.683,30.516,30.516,1,1,
613,1790098623895654912,61.3,20,19,2240,1824,51.911,68.296,75.781,13.259,1,45.095,81.999,87.825,18.725,2,1.2281,19,1390.668,1226.834,1423.537,16.297,29.893,1187.824,29.893,29.893,1,1,
614,1790098623995654912,61.4,20,21,2240,2016,43.762,69.839,77.088,13.718,1,44.068,81.999,87.825,17.299,2,1.1111,21,1391.891,1226.834,1423.537,17.84,29.893,1189.047,29.893,29.893,1,1,
615,1790098624095654912,61.5,20,19,2240,1824,43.762,75.781,79.03,13.006,1,44.068,79.517,87.825,16.766,2,1.2281,19,1393.538,1309.364,1423.537,23.782,27.411,1190.694,27.411,27.411,1,1,
616,1790098624195654912,61.6,20,18,2240,1728,43.762,75.781,79.03,14.44,1,43.905,81.999,128.403,20.712,2,1.2963,18,1398.862,1351.824,1462.734,23.782,29.893,1196.018,29.893,29.893,1,1,
617,1790098624295654912,61.7,19,19,2128,1824,42.842,75.781,79.03,13.511,1,43.478,81.999,128.403,21.536,2,1.1667,19,1402.039,1351.824,1495.505,23.782,29.893,1199.195,29.893,29.893,1,1,
618,1790098624395654912,61.8,20,19,2240,1824,43.762,75.781,79.03,13.372,1,43.478,85.527,128.403,21.866,2,1.2281,19,1403.687,1351.824,1495.505,23.782,33.421,1200.843,33.421,33.421,1,1,
619,1790098624495654912,61.9,20,17,2240,1632,47.633,65.61,79.03,12.464,1,44.068,122.522,128.403,26.64,2,1.3725,17,1411.123,1351.824,1495.505,13.611,70.416,1208.279,70.416,70.416,1,1,
620,1790098624595654912,62.0,19,17,2128,1632,47.467,65.61,79.03,12.284,1,44.065,122.522,128.403,24.382,2,1.3039,17,1419.578,1351.824,1495.505,13.611,70.416,1216.734,70.416,70.416,1,1,
621,1790098624695654912,62.1,20,17,2240,1632,47.633,77.088,139.039,19.145,2,44.228,125.372,128.403,29.434,2,1.3725,17,1421.83,1391.891,1498.388,25.089,73.266,1218.986,73.266,73.266,1,1,
622,1790098624795654912,62.2,20,17,2240,1632,47.301,77.088,139.039,18.942,2,43.638,125.372,128.403,29.364,2,1.3725,17,1424.927,1391.891,1498.388,25.089,73.266,1222.083,73.266,73.266,1,1,
623,1790098624895654912,62.3,20,15,2240,1440,47.633,79.03,139.039,18.879,2,43.638,125.372,128.403,33.168,2,1.5556,15,1453.676,1391.891,1498.388,27.031,73.266,1250.832,73.266,73.266,1,1,
624,1790098624995654912,62.4,20,14,2240,1344,47.633,79.03,139.039,19.158,2,46.025,125.372,131.297,35.309,2,1.6667,14,1455.512,1403.687,1498.388,27.031,73.266,1252.668,73.266,73.266,1,1,
625,1790098625095654912,62.5,20,17,2240,1632,47.633,65.61,139.039,17.478,2,43.638,125.372,131.297,29.434,2,1.3725,17,1442.528,1403.687,1498.388,13.611,73.266,1239.684,73.266,73.266,1,1,
626,1790098625195654912,62.6,20,16,2240,1536,47.301,84.679,139.039,20.412,2,44.224,125.372,131.297,26.113,2,1.4583,16,1448.102,1403.687,1498.388,32.68,73.266,1245.258,73.266,73.266,1,1,
627,1790098625295654912,62.7,20,17,2240,1632,47.301,84.679,139.039,21.179,2,41.377,125.372,131.297,22.43,2,1.3725,17,1440.265,1403.687,1498.388,32.68,73.266,1237.421,73.266,73.266,1,1,
628,1790098625395654912,62.8,21,16,2352,1536,44.569,84.679,139.039,25.693,2,41.493,125.372,131.297,18.444,1,1.5312,16,1439.331,1404.865,1498.388,32.68,73.266,1236.487,73.266,73.266,1,1,
629,1790098625495654912,62.9,21,17,2352,1632,45.46,84.679,139.039,26.379,2,41.377,125.372,131.297,22.581,2,1.4412,17,1440.265,1404.865,1498.388,32.68,73.266,1237.421,73.266,73.266,1,1,
630,1790098625595654912,63.0,22,17,2464,1632,44.621,84.118,86.289,20.648,2,42.524,87.501,131.297,20.267,2,1.5098,17,1440.265,1404.865,1498.388,32.119,35.395,1237.421,35.395,35.395,1,1,
631,1790098625695654912,63.1,21,19,2352,1824,47.105,84.118,86.289,18.62,2,42.524,87.14,131.297,20.316,2,1.2895,19,1438.398,1404.865,1488.34,32.119,35.034,1235.554,35.034,35.034,1,1,
632,1790098625795654912,63.2,20,18,2240,1728,45.128,84.118,86.289,19.781,2,43.555,81.161,87.501,18.362,2,1.2963,18,1435.449,1404.865,1472.256,32.119,29.055,1232.605,32.119,32.119,1,1,
633,1790098625895654912,63.3,21,21,2352,2016,45.1,84.118,162.083,26.118,3,43.571,81.161,87.501,15.905,2,1.1667,21,1438.12,1404.865,1472.256,32.119,29.055,1235.276,32.119,32.119,1,1,
634,1790098625995654912,63.4,21,20,2352,1920,45.1,84.118,162.083,27.071,3,43.587,81.161,87.501,18.207,2,1.225,20,1435.31,1404.865,1472.256,32.119,29.055,1232.466,32.119,32.119,1,1,
635,1790098626095654912,63.5,22,18,2464,1728,45.071,73.755,162.083,24.797,3,43.587,80.626,87.501,17.616,2,1.4259,18,1438.259,1357.033,1472.256,21.756,28.52,1235.415,28.52,28.52,1,1,
636,1790098626195654912,63.6,22,21,2464,2016,44.621,67.729,162.083,22.774,3,43.571,81.161,172.106,27.77,4,1.2222,21,1432.5,1284.083,1468.465,15.73,29.055,1229.656,29.055,29.055,1,1,
637,1790098626295654912,63.7,22,19,2464,1824,44.621,64.056,162.083,21.639,3,45.419,81.209,172.106,32.222,4,1.3509,19,1423.983,1284.083,1468.465,12.057,29.103,1221.139,29.103,29.103,1,1,
638,1790098626395654912,63.8,21,21,2352,2016,44.846,67.729,162.083,20.807,3,43.196,81.161,172.106,27.139,4,1.1667,21,1422.894,1284.083,1468.465,15.73,29.055,1220.05,29.055,29.055,1,1,
639,1790098626495654912,63.9,21,20,2352,1920,44.823,64.056,162.083,20.051,3,43.587,81.161,172.106,24.373,4,1.225,20,1421.142,1284.083,1468.465,12.057,29.055,1218.298,29.055,29.055,1,1,
640,1790098626595654912,64.0,21,20,2352,1920,44.817,64.304,162.083,21.009,3,42.804,81.161,172.106,24.555,4,1.225,20,1389.824,1284.083,1468.465,12.305,29.055,1186.98,29.055,29.055,1,1,
641,1790098626695654912,64.1,21,19,2352,1824,44.122,64.304,162.083,20.887,3,42.737,81.209,172.106,23.546,4,1.2895,19,1357.033,1284.083,1468.465,12.305,29.103,1154.189,29.103,29.103,1,1,
642,1790098626795654912,64.2,22,20,2464,1920,44.576,64.056,79.094,14.713,3,42.67,81.209,172.106,22.444,4,1.2833,20,1362.768,1284.083,1468.465,12.057,29.103,1159.924,29.103,29.103,1,1,
643,1790098626895654912,64.3,22,19,2464,1824,45.059,64.304,79.094,12.443,1,42.379,81.209,172.106,21.771,4,1.3509,19,1357.033,1284.083,1468.465,12.305,29.103,1154.189,29.103,29.103,1,1,
644,1790098626995654912,64.4,22,20,2464,1920,45.839,64.304,79.094,12.399,1,42.67,83.362,172.106,25.035,4,1.2833,20,1361.853,1284.083,1468.465,12.305,31.256,1159.009,31.256,31.256,1,1,
645,1790098627095654912,64.5,21,22,2352,2112,45.987,64.304,79.094,11.358,1,42.67,81.209,85.529,18.67,4,1.1136,22,1368.566,1284.083,1468.465,12.305,29.103,1165.722,29.103,29.103,1,1,
646,1790098627195654912,64.6,21,19,2352,1824,46.225,64.304,79.094,10.767,1,43.455,79.712,85.529,14.491,2,1.2895,19,1366.673,1284.973,1411.434,12.305,27.606,1163.829,27.606,27.606,1,1,
647,1790098627295654912,64.7,21,19,2352,1824,46.405,62.764,67.678,9.572,1,43.388,79.712,85.529,14.534,2,1.2895,19,1368.502,1284.973,1411.434,10.765,27.606,1165.658,27.606,27.606,1,1,
648,1790098627395654912,64.8,21,20,2352,1920,47.467,64.304,69.6,10.071,1,42.16,79.712,85.529,13.871,2,1.225,20,1369.67,1284.973,1411.434,12.305,27.606,1166.826,27.606,27.606,1,1,
649,1790098627495654912,64.9,21,20,2352,1920,47.467,62.764,69.6,10.297,1,42.087,78.398,85.529,11.902,2,1.225,20,1369.67,1284.973,1411.434,10.765,26.292,1166.826,26.292,26.292,1,1,
650,1790098627595654912,65.0,21,20,2352,1920,46.886,62.764,69.6,10.29,1,42.087,78.398,85.529,11.724,2,1.225,20,1371.7,1284.973,1430.075,10.765,26.292,1168.856,26.292,26.292,1,1,
651,1790098627695654912,65.1,21,19,2352,1824,46.886,67.678,71.838,11.175,1,42.93,81.909,122.56,16.767,2,1.2895,19,1376.759,1284.973,1444.911,15.679,29.803,1173.915,29.803,29.803,1,1,
652,1790098627795654912,65.2,21,19,2352,1824,46.886,69.6,71.838,11.389,1,42.053,81.909,122.56,18.774,2,1.2895,19,1379.471,1284.973,1449.71,17.601,29.803,1176.627,29.803,29.803,1,1,
653,1790098627895654912,65.3,19,17,2128,1632,46.886,69.6,71.838,10.79,1,42.053,81.909,122.56,18.281,2,1.3039,17,1379.471,1284.973,1449.71,17.601,29.803,1176.627,29.803,29.803,1,1,
654,1790098627995654912,65.4,20,17,2240,1632,47.275,71.321,112.119,15.456,2,42.053,122.56,134.698,19.415,1,1.3725,17,1392.865,1284.973,1465.444,19.322,70.454,1190.021,70.454,70.454,1,1,
655,1790098628095654912,65.5,20,17,2240,1632,46.496,71.321,112.119,15.617,2,42.053,122.56,134.698,21.815,2,1.3725,17,1425.265,1284.973,1465.444,19.322,70.454,1222.421,70.454,70.454,1,1,
656,1790098628195654912,65.6,20,16,2240,1536,45.41,71.321,112.119,17.727,2,42.16,122.56,134.698,23.221,2,1.4583,16,1427.67,1326.357,1465.444,19.322,70.454,1224.826,70.454,70.454,1,1,
657,1790098628295654912,65.7,20,16,2240,1536,45.41,71.321,112.119,18.044,2,42.663,123.824,134.698,31.468,2,1.4583,16,1438.413,1360.767,1497.03,19.322,71.718,1235.569,71.718,71.718,1,1,
658,1790098628395654912,65.8,20,15,2240,1440,45.41,71.321,112.119,17.728,2,43.702,123.824,134.698,33.603,2,1.5556,15,1444.911,1360.767,1497.03,19.322,71.718,1242.067,71.718,71.718,1,1,
659,1790098628495654912,65.9,20,16,2240,1536,45.41,71.321,112.119,17.499,2,42.663,131.854,134.698,37.523,2,1.4583,16,1449.01,1416.764,1499.673,19.322,79.748,1246.166,79.748,79.748,1,1,
660,1790098628595654912,66.0,20,17,2240,1632,45.428,68.424,112.119,17.124,2,43.528,131.854,134.698,32.396,2,1.3725,17,1453.75,1425.265,1499.673,16.425,79.748,1250.906,79.748,79.748,1,1,
661,1790098628695654912,66.1,20,18,2240,1728,46.84,68.424,112.119,16.68,2,44.394,123.824,134.698,35.074,2,1.2963,18,1456.155,1406.124,1499.673,16.425,71.718,1253.311,71.718,71.718,1,1,
662,1790098628795654912,66.2,20,17,2240,1632,46.84,68.424,112.119,16.549,2,43.528,123.824,131.854,31.839,2,1.3725,17,1458.561,1406.124,1499.673,16.425,71.718,1255.717,71.718,71.718,1,1,
663,1790098628895654912,66.3,20,19,2240,1824,46.84,67.821,73.251,13.155,2,43.528,87.544,131.854,30.953,2,1.2281,19,1458.561,1406.124,1499.673,15.822,35.438,1255.717,35.438,35.438,1,1,
664,1790098628995654912,66.4,20,18,2240,1728,50.902,68.424,91.312,15.256,2,43.169,87.544,131.854,30.212,2,1.2963,18,1457.331,1406.124,1499.673,16.425,35.438,1254.487,35.438,35.438,1,1,
665,1790098629095654912,66.5,19,18,2128,1728,49.273,67.821,91.312,15.337,2,41.545,83.959,131.854,23.236,2,1.2315,18,1454.926,1406.124,1499.673,15.822,31.853,1252.082,31.853,31.853,1,1,
666,1790098629195654912,66.6,20,19,2240,1824,50.902,73.251,91.312,17.829,2,42.357,83.959,131.854,22.299,2,1.2281,19,1453.75,1406.124,1499.673,21.252,31.853,1250.906,31.853,31.853,1,1,
667,1790098629295654912,66.7,20,18,2240,1728,49.636,73.251,91.312,16.835,2,43.169,83.959,117.837,22.883,2,1.2963,18,1451.136,1346.997,1499.673,21.252,31.853,1248.292,31.853,31.853,1,1,
668,1790098629395654912,66.8,20,21,2240,2016,49.636,76.461,91.312,16.65,2,43.595,83.959,117.837,23.491,2,1.1111,21,1442.808,1346.997,1499.673,24.462,31.853,1239.964,31.853,31.853,1,1,
669,1790098629495654912,66.9,20,20,2240,1920,49.636,76.461,91.312,18.091,2,43.481,83.959,117.837,20.67,2,1.1667,20,1432.271,1346.997,1497.177,24.462,31.853,1229.427,31.853,31.853,1,1,
670,1790098629595654912,67.0,18,20,2016,1920,49.636,76.461,91.312,18.985,2,43.481,83.959,117.837,20.477,2,1.05,20,1417.334,1346.997,1470.238,24.462,31.853,1214.49,31.853,31.853,1,1,
671,1790098629695654912,67.1,20,20,2240,1920,48.436,86.649,169.23,28.212,3,43.481,81.792,117.837,20.368,2,1.1667,20,1412.061,1346.997,1470.238,34.65,29.686,1209.217,34.65,34.65,1,1,
672,1790098629795654912,67.2,20,19,2240,1824,49.636,86.649,169.23,27.107,3,43.751,81.792,117.837,21.201,2,1.2281,19,1403.413,1346.997,1470.238,34.65,29.686,1200.569,34.65,34.65,1,1,
673,1790098629895654912,67.3,21,18,2352,1728,49.036,76.461,169.23,23.861,3,44.022,81.792,117.837,22.242,2,1.3611,18,1400.629,1346.997,1456.102,24.462,29.686,1197.785,29.686,29.686,1,1,
674,1790098629995654912,67.4,19,20,2128,1920,49.036,76.461,169.23,24.285,3,44.022,85.84,166.312,32.942,4,1.1083,20,1394.425,1303.601,1463.455,24.462,33.734,1191.581,33.734,33.734,1,1,
675,1790098630095654912,67.5,21,20,2352,1920,49.036,73.565,169.23,24.161,3,43.756,81.792,166.312,30.65,4,1.225,20,1381.138,1303.601,1463.455,21.566,29.686,1178.294,29.686,29.686,1,1,
676,1790098630195654912,67.6,19,21,2128,2016,47.883,73.565,169.23,24.731,3,43.618,81.792,166.312,29.207,4,1.0556,21,1380.27,1303.601,1463.455,21.566,29.686,1177.426,29.686,29.686,1,1,
677,1790098630295654912,67.7,20,19,2240,1824,50.268,76.461,169.23,29.281,3,43.618,82.943,166.312,31.948,4,1.2281,19,1373.75,1303.601,1463.455,24.462,30.837,1170.906,30.837,30.837,1,1,
678,1790098630395654912,67.8,20,20,2240,1920,50.268,73.565,169.23,28.475,3,43.756,84.162,166.312,34.781,4,1.1667,20,1366.406,1279.286,1463.455,21.566,32.056,1163.561,32.056,32.056,1,1,
679,1790098630495654912,67.9,20,19,2240,1824,46.535,71.244,95.222,21.823,3,43.319,84.162,166.312,34.975,4,1.2281,19,1365.669,1279.286,1463.455,19.245,32.056,1162.825,32.056,32.056,1,1,
680,1790098630595654912,68.0,22,20,2464,1920,46.535,71.244,95.222,20.016,3,42.631,85.84,166.312,37.51,4,1.2833,20,1344.215,1279.286,1463.455,19.245,33.734,1141.371,33.734,33.734,1,1,
681,1790098630695654912,68.1,20,20,2240,1920,47.33,71.244,95.222,16.595,2,42.631,84.162,166.312,33.251,4,1.1667,20,1336.333,1279.286,1463.455,19.245,32.056,1133.489,32.056,32.056,1,1,
682,1790098630795654912,68.2,20,20,2240,1920,50.268,73.565,95.222,18.828,2,42.631,84.145,125.873,28.927,4,1.1667,20,1336.333,1279.286,1463.455,21.566,32.039,1133.489,32.039,32.039,1,1,
683,1790098630895654912,68.3,20,23,2240,2208,46.535,73.565,95.222,18.313,2,42.293,84.145,125.873,25.29,4,1.0145,23,1335.341,1207.301,1463.455,21.566,32.039,1132.497,32.039,32.039,1,1,
684,1790098630995654912,68.4,20,20,2240,1920,46.535,73.565,95.222,16.239,2,42.631,84.145,125.873,20.736,2,1.1667,20,1332.151,1207.301,1405.146,21.566,32.039,1129.307,32.039,32.039,1,1,
685,1790098631095654912,68.5,18,19,2016,1824,46.535,71.243,95.222,15.394,2,42.798,84.162,127.992,26.534,2,1.1053,19,1335.341,1207.301,1405.146,19.244,32.056,1132.497,32.056,32.056,1,1,
686,1790098631195654912,68.6,17,20,1904,1920,46.398,71.243,81.247,13.313,2,42.631,84.162,127.992,27.272,2,0.9917,20,1338.961,1207.301,1413.699,19.244,32.056,1136.117,32.056,32.056,1,1,
687,1790098631295654912,68.7,14,20,1568,1920,46.535,65.271,81.247,9.441,1,42.631,87.593,127.992,27.554,2,0.8167,20,1344.215,1207.301,1413.699,13.272,35.487,1141.371,35.487,35.487,1,1,
688,1790098631395654912,68.8,12,16,1344,1536,46.535,59.506,81.247,8.999,1,42.631,87.593,127.992,20.925,2,0.875,16,1341.319,1207.301,1413.699,7.507,35.487,1138.475,35.487,35.487,1,1,
689,1790098631495654912,68.9,10,16,1120,1536,46.262,59.506,81.247,10.366,1,42.631,87.593,127.992,20.925,2,0.7292,16,1341.319,1207.301,1413.699,7.507,35.487,1138.475,35.487,35.487,1,1,
690,1790098631595654912,69.0,9,12,1024,1152,47.268,81.247,576.103,76.591,1,42.965,87.593,127.992,24.153,2,0.8889,12,1344.536,1207.301,1413.699,29.248,35.487,1141.692,35.487,35.487,1,1,
691,1790098631695654912,69.1,7,10,800,960,47.268,59.506,576.103,95.957,1,42.965,87.593,127.992,24.499,2,0.8333,10,1360.276,1207.301,1413.699,7.507,35.487,1157.432,35.487,35.487,1,1,
692,1790098631795654912,69.2,5,9,576,864,54.687,576.103,576.103,138.91,1,41.715,87.593,127.992,27.478,2,0.6667,9,1367.544,1207.301,1413.699,524.104,35.487,1164.7,524.104,524.104,1,1,
693,1790098631895654912,69.3,3,6,352,576,312.986,576.103,576.103,263.117,1,81.13,127.992,127.992,34.472,2,0.6111,6,1383.682,1286.403,1413.699,524.104,75.887,1180.838,524.104,524.104,1,1,
694,1790098631995654912,69.4,1,5,128,480,,,,,0,62.047,87.593,87.593,31.374,2,0.2667,5,1387.465,1367.544,1413.699,,35.487,1184.621,35.487,35.487,1,1,
695,1790098632095654912,69.5,1,3,128,288,,,,,0,43.928,87.593,87.593,43.665,2,0.4444,3,1404.869,1367.544,1413.699,,35.487,1202.025,35.487,35.487,1,1,
696,1790098632195654912,69.6,1,1,128,96,,,,,0,,,,,0,1.3333,1,1404.869,1404.869,1404.869,,,1202.025,,,1,1,
697,1790098632295654912,69.7,1,0,128,0,,,,,0,,,,,0,,0,,,,,,,,,1,1,
698,1790098632395654912,69.8,1,0,128,0,,,,,0,,,,,0,,0,,,,,,,,,1,1,
699,1790098632495654912,69.9,1,0,128,0,,,,,0,,,,,0,,0,,,,,,,,,1,1,
700,1790098632595654912,70.0,0,0,0,0,,,,,0,,,,,0,,0,,,,,,,,,1,1,
701,1790098632695654912,70.1,0,0,0,0,,,,,0,,,,,0,,0,,,,,,,,,1,1,
702,1790098632795654912,70.2,0,0,0,0,,,,,0,,,,,0,,0,,,,,,,,,1,1,
703,1790098632895654912,70.3,0,0,0,0,,,,,0,,,,,0,,0,,,,,,,,,1,1,
704,1790098632995654912,70.4,0,0,0,0,,,,,0,,,,,0,,0,,,,,,,,,1,1,
705,1790098633095654912,70.5,0,0,0,0,,,,,0,,,,,0,,0,,,,,,,,,1,1,
706,1790098633195654912,70.6,0,0,0,0,,,,,0,,,,,0,,0,,,,,,,,,1,1,
707,1790098633295654912,70.7,0,0,0,0,,,,,0,,,,,0,,0,,,,,,,,,1,1,
708,1790098633395654912,70.8,0,0,0,0,,,,,0,,,,,0,,0,,,,,,,,,1,1,
709,1790098633495654912,70.9,0,0,0,0,,,,,0,,,,,0,,0,,,,,,,,,1,1,
710,1790098633595654912,71.0,0,0,0,0,,,,,0,,,,,0,,0,,,,,,,,,1,1,
711,1790098633695654912,71.1,0,0,0,0,,,,,0,,,,,0,,0,,,,,,,,,1,1,
712,1790098633795654912,71.2,0,0,0,0,,,,,0,,,,,0,,0,,,,,,,,,1,1,
713,1790098633895654912,71.3,0,0,0,0,,,,,0,,,,,0,,0,,,,,,,,,1,1,
714,1790098633995654912,71.4,0,0,0,0,,,,,0,,,,,0,,0,,,,,,,,,1,1,
715,1790098634095654912,71.5,0,0,0,0,,,,,0,,,,,0,,0,,,,,,,,,1,1,
716,1790098634195654912,71.6,0,0,0,0,,,,,0,,,,,0,,0,,,,,,,,,1,1,
717,1790098634295654912,71.7,0,0,0,0,,,,,0,,,,,0,,0,,,,,,,,,1,1,
718,1790098634395654912,71.8,0,0,0,0,,,,,0,,,,,0,,0,,,,,,,,,1,1,
719,1790098634495654912,71.9,0,0,0,0,,,,,0,,,,,0,,0,,,,,,,,,1,1,
720,1790098634595654912,72.0,0,0,0,0,,,,,0,,,,,0,,0,,,,,,,,,1,1,
721,1790098634695654912,72.1,0,0,0,0,,,,,0,,,,,0,,0,,,,,,,,,1,1,
722,1790098634795654912,72.2,0,0,0,0,,,,,0,,,,,0,,0,,,,,,,,,1,1,
723,1790098634895654912,72.3,0,0,0,0,,,,,0,,,,,0,,0,,,,,,,,,1,1,
724,1790098634995654912,72.4,0,0,0,0,,,,,0,,,,,0,,0,,,,,,,,,1,1,
725,1790098635095654912,72.5,0,0,0,0,,,,,0,,,,,0,,0,,,,,,,,,1,1,
726,1790098635195654912,72.6,0,0,0,0,,,,,0,,,,,0,,0,,,,,,,,,1,1,
727,1790098635295654912,72.7,0,0,0,0,,,,,0,,,,,0,,0,,,,,,,,,1,1,
728,1790098635395654912,72.8,0,0,0,0,,,,,0,,,,,0,,0,,,,,,,,,1,1,
729,1790098635495654912,72.9,0,0,0,0,,,,,0,,,,,0,,0,,,,,,,,,1,1,
730,1790098635595654912,73.0,0,0,0,0,,,,,0,,,,,0,,0,,,,,,,,,1,1,
731,1790098635695654912,73.1,0,0,0,0,,,,,0,,,,,0,,0,,,,,,,,,1,1,
732,1790098635795654912,73.2,0,0,0,0,,,,,0,,,,,0,,0,,,,,,,,,1,1,
733,1790098635895654912,73.3,0,0,0,0,,,,,0,,,,,0,,0,,,,,,,,,1,1,
734,1790098635995654912,73.4,0,0,0,0,,,,,0,,,,,0,,0,,,,,,,,,1,1,
735,1790098636095654912,73.5,0,0,0,0,,,,,0,,,,,0,,0,,,,,,,,,1,1,
736,1790098636195654912,73.6,0,0,0,0,,,,,0,,,,,0,,0,,,,,,,,,1,1,
737,1790098636295654912,73.7,0,0,0,0,,,,,0,,,,,0,,0,,,,,,,,,1,1,
738,1790098636395654912,73.8,0,0,0,0,,,,,0,,,,,0,,0,,,,,,,,,1,1,
739,1790098636495654912,73.9,0,0,0,0,,,,,0,,,,,0,,0,,,,,,,,,1,1,
740,1790098636595654912,74.0,0,0,0,0,,,,,0,,,,,0,,0,,,,,,,,,1,1,
741,1790098636695654912,74.1,0,0,0,0,,,,,0,,,,,0,,0,,,,,,,,,1,1,
742,1790098636795654912,74.2,0,0,0,0,,,,,0,,,,,0,,0,,,,,,,,,1,1,
743,1790098636895654912,74.3,0,0,0,0,,,,,0,,,,,0,,0,,,,,,,,,1,1,
744,1790098636995654912,74.4,0,0,0,0,,,,,0,,,,,0,,0,,,,,,,,,1,1,
745,1790098637095654912,74.5,0,0,0,0,,,,,0,,,,,0,,0,,,,,,,,,1,1,
746,1790098637195654912,74.6,0,0,0,0,,,,,0,,,,,0,,0,,,,,,,,,1,1,
747,1790098637295654912,74.7,0,0,0,0,,,,,0,,,,,0,,0,,,,,,,,,1,1,
748,1790098637395654912,74.8,0,0,0,0,,,,,0,,,,,0,,0,,,,,,,,,1,1,
749,1790098637495654912,74.9,0,0,0,0,,,,,0,,,,,0,,0,,,,,,,,,1,1,
750,1790098637595654912,75.0,0,0,0,0,,,,,0,,,,,0,,0,,,,,,,,,1,1,
751,1790098637695654912,75.1,0,0,0,0,,,,,0,,,,,0,,0,,,,,,,,,1,1,
752,1790098637795654912,75.2,0,0,0,0,,,,,0,,,,,0,,0,,,,,,,,,1,1,
753,1790098637895654912,75.3,0,0,0,0,,,,,0,,,,,0,,0,,,,,,,,,1,1,
754,1790098637995654912,75.4,0,0,0,0,,,,,0,,,,,0,,0,,,,,,,,,1,1,
755,1790098638095654912,75.5,0,0,0,0,,,,,0,,,,,0,,0,,,,,,,,,1,1,
756,1790098638195654912,75.6,0,0,0,0,,,,,0,,,,,0,,0,,,,,,,,,1,1,
757,1790098638295654912,75.7,0,0,0,0,,,,,0,,,,,0,,0,,,,,,,,,1,1,
758,1790098638395654912,75.8,0,0,0,0,,,,,0,,,,,0,,0,,,,,,,,,1,1,
759,1790098638495654912,75.9,0,0,0,0,,,,,0,,,,,0,,0,,,,,,,,,1,1,
760,1790098638595654912,76.0,0,0,0,0,,,,,0,,,,,0,,0,,,,,,,,,1,1,
761,1790098638695654912,76.1,0,0,0,0,,,,,0,,,,,0,,0,,,,,,,,,1,1,
762,1790098638795654912,76.2,0,0,0,0,,,,,0,,,,,0,,0,,,,,,,,,1,1,
763,1790098638895654912,76.3,0,0,0,0,,,,,0,,,,,0,,0,,,,,,,,,1,1,
764,1790098638995654912,76.4,0,0,0,0,,,,,0,,,,,0,,0,,,,,,,,,1,1,
765,1790098639095654912,76.5,0,0,0,0,,,,,0,,,,,0,,0,,,,,,,,,1,1,
766,1790098639195654912,76.6,0,0,0,0,,,,,0,,,,,0,,0,,,,,,,,,1,1,
767,1790098639295654912,76.7,0,0,0,0,,,,,0,,,,,0,,0,,,,,,,,,1,1,
768,1790098639395654912,76.8,0,0,0,0,,,,,0,,,,,0,,0,,,,,,,,,1,1,
769,1790098639495654912,76.9,0,0,0,0,,,,,0,,,,,0,,0,,,,,,,,,1,1,
770,1790098639595654912,77.0,0,0,0,0,,,,,0,,,,,0,,0,,,,,,,,,1,1,
771,1790098639695654912,77.1,0,0,0,0,,,,,0,,,,,0,,0,,,,,,,,,1,1,
772,1790098639795654912,77.2,0,0,0,0,,,,,0,,,,,0,,0,,,,,,,,,1,1,
773,1790098639895654912,77.3,0,0,0,0,,,,,0,,,,,0,,0,,,,,,,,,1,1,
774,1790098639995654912,77.4,0,0,0,0,,,,,0,,,,,0,,0,,,,,,,,,1,1,
775,1790098640095654912,77.5,0,0,0,0,,,,,0,,,,,0,,0,,,,,,,,,1,1,
776,1790098640195654912,77.6,0,0,0,0,,,,,0,,,,,0,,0,,,,,,,,,1,1,
777,1790098640295654912,77.7,0,0,0,0,,,,,0,,,,,0,,0,,,,,,,,,1,1,
778,1790098640395654912,77.8,0,0,0,0,,,,,0,,,,,0,,0,,,,,,,,,1,1,
779,1790098640495654912,77.9,0,0,0,0,,,,,0,,,,,0,,0,,,,,,,,,1,1,
780,1790098640595654912,78.0,0,0,0,0,,,,,0,,,,,0,,0,,,,,,,,,1,1,
781,1790098640695654912,78.1,0,0,0,0,,,,,0,,,,,0,,0,,,,,,,,,1,1,
782,1790098640795654912,78.2,0,0,0,0,,,,,0,,,,,0,,0,,,,,,,,,1,1,
783,1790098640895654912,78.3,0,0,0,0,,,,,0,,,,,0,,0,,,,,,,,,1,1,
784,1790098640995654912,78.4,0,0,0,0,,,,,0,,,,,0,,0,,,,,,,,,1,1,
785,1790098641095654912,78.5,0,0,0,0,,,,,0,,,,,0,,0,,,,,,,,,1,1,
786,1790098641195654912,78.6,0,0,0,0,,,,,0,,,,,0,,0,,,,,,,,,1,1,
787,1790098641295654912,78.7,0,0,0,0,,,,,0,,,,,0,,0,,,,,,,,,1,1,
788,1790098641395654912,78.8,0,0,0,0,,,,,0,,,,,0,,0,,,,,,,,,1,1,
789,1790098641495654912,78.9,0,0,0,0,,,,,0,,,,,0,,0,,,,,,,,,1,1,
790,1790098641595654912,79.0,0,0,0,0,,,,,0,,,,,0,,0,,,,,,,,,1,1,
791,1790098641695654912,79.1,0,0,0,0,,,,,0,,,,,0,,0,,,,,,,,,1,1,
792,1790098641795654912,79.2,0,0,0,0,,,,,0,,,,,0,,0,,,,,,,,,1,1,
793,1790098641895654912,79.3,0,1,0,32,,,,,0,,,,,0,0.0,0,,,,,,,,,1,1,
794,1790098641995654912,79.4,0,1,0,32,,,,,0,,,,,0,0.0,0,,,,,,,,,1,1,
795,1790098642095654912,79.5,0,1,0,32,,,,,0,,,,,0,0.0,0,,,,,,,,,1,1,
796,1790098642195654912,79.6,0,1,0,32,,,,,0,,,,,0,0.0,0,,,,,,,,,1,1,
797,1790098642295654912,79.7,0,1,0,32,,,,,0,,,,,0,0.0,0,,,,,,,,,1,1,
798,1790098642395654912,79.8,0,1,0,32,,,,,0,,,,,0,0.0,0,,,,,,,,,1,1,
799,1790098642495654912,79.9,0,1,0,32,,,,,0,,,,,0,0.0,0,,,,,,,,,1,1,
800,1790098642595654912,80.0,0,1,0,32,,,,,0,,,,,0,0.0,0,,,,,,,,,1,1,
801,1790098642695654912,80.1,0,1,0,32,,,,,0,,,,,0,0.0,0,,,,,,,,,1,1,
802,1790098642795654912,80.2,0,1,0,32,,,,,0,,,,,0,0.0,0,,,,,,,,,1,1,
803,1790098642895654912,80.3,0,0,0,0,,,,,0,,,,,0,,0,,,,,,,,,1,1,
804,1790098642995654912,80.4,0,0,0,0,,,,,0,,,,,0,,0,,,,,,,,,1,1,
805,1790098643095654912,80.5,0,0,0,0,,,,,0,,,,,0,,0,,,,,,,,,1,1,
806,1790098643195654912,80.6,0,0,0,0,,,,,0,,,,,0,,0,,,,,,,,,1,1,
807,1790098643295654912,80.7,0,0,0,0,,,,,0,,,,,0,,0,,,,,,,,,1,1,
808,1790098643395654912,80.8,0,0,0,0,,,,,0,,,,,0,,0,,,,,,,,,1,1,
809,1790098643495654912,80.9,0,0,0,0,,,,,0,,,,,0,,0,,,,,,,,,1,1,
810,1790098643595654912,81.0,0,0,0,0,,,,,0,,,,,0,,0,,,,,,,,,1,1,
811,1790098643695654912,81.1,0,0,0,0,,,,,0,,,,,0,,0,,,,,,,,,1,1,
812,1790098643795654912,81.2,0,0,0,0,,,,,0,,,,,0,,0,,,,,,,,,1,1,
813,1790098643895654912,81.3,0,0,0,0,,,,,0,,,,,0,,0,,,,,,,,,1,1,
814,1790098643995654912,81.4,0,0,0,0,,,,,0,,,,,0,,0,,,,,,,,,1,1,
815,1790098644095654912,81.5,0,0,0,0,,,,,0,,,,,0,,0,,,,,,,,,1,1,
816,1790098644195654912,81.6,0,0,0,0,,,,,0,,,,,0,,0,,,,,,,,,1,1,
817,1790098644295654912,81.7,0,0,0,0,,,,,0,,,,,0,,0,,,,,,,,,1,1,
818,1790098644395654912,81.8,0,0,0,0,,,,,0,,,,,0,,0,,,,,,,,,1,1,
819,1790098644495654912,81.9,0,0,0,0,,,,,0,,,,,0,,0,,,,,,,,,1,1,
820,1790098644595654912,82.0,0,0,0,0,,,,,0,,,,,0,,0,,,,,,,,,1,1,
821,1790098644695654912,82.1,0,0,0,0,,,,,0,,,,,0,,0,,,,,,,,,1,1,
822,1790098644795654912,82.2,0,0,0,0,,,,,0,,,,,0,,0,,,,,,,,,1,1,
823,1790098644895654912,82.3,0,0,0,0,,,,,0,,,,,0,,0,,,,,,,,,1,1,
824,1790098644995654912,82.4,0,0,0,0,,,,,0,,,,,0,,0,,,,,,,,,1,1,
825,1790098645095654912,82.5,0,0,0,0,,,,,0,,,,,0,,0,,,,,,,,,1,1,
826,1790098645195654912,82.6,0,0,0,0,,,,,0,,,,,0,,0,,,,,,,,,1,1,
827,1790098645295654912,82.7,0,0,0,0,,,,,0,,,,,0,,0,,,,,,,,,1,1,
828,1790098645395654912,82.8,0,0,0,0,,,,,0,,,,,0,,0,,,,,,,,,1,1,
829,1790098645495654912,82.9,0,0,0,0,,,,,0,,,,,0,,0,,,,,,,,,1,1,
830,1790098645595654912,83.0,0,0,0,0,,,,,0,,,,,0,,0,,,,,,,,,1,1,
831,1790098645695654912,83.1,0,0,0,0,,,,,0,,,,,0,,0,,,,,,,,,1,1,
832,1790098645795654912,83.2,0,0,0,0,,,,,0,,,,,0,,0,,,,,,,,,1,1,
833,1790098645895654912,83.3,0,0,0,0,,,,,0,,,,,0,,0,,,,,,,,,1,1,
834,1790098645995654912,83.4,0,0,0,0,,,,,0,,,,,0,,0,,,,,,,,,1,1,
835,1790098646095654912,83.5,0,0,0,0,,,,,0,,,,,0,,0,,,,,,,,,1,1,
836,1790098646195654912,83.6,0,0,0,0,,,,,0,,,,,0,,0,,,,,,,,,1,1,
837,1790098646295654912,83.7,0,0,0,0,,,,,0,,,,,0,,0,,,,,,,,,1,1,
838,1790098646395654912,83.8,0,0,0,0,,,,,0,,,,,0,,0,,,,,,,,,1,1,
839,1790098646495654912,83.9,0,0,0,0,,,,,0,,,,,0,,0,,,,,,,,,1,1,
840,1790098646595654912,84.0,0,0,0,0,,,,,0,,,,,0,,0,,,,,,,,,1,1,
841,1790098646695654912,84.1,0,0,0,0,,,,,0,,,,,0,,0,,,,,,,,,1,1,
842,1790098646795654912,84.2,0,0,0,0,,,,,0,,,,,0,,0,,,,,,,,,1,1,
843,1790098646895654912,84.3,0,0,0,0,,,,,0,,,,,0,,0,,,,,,,,,1,1,
844,1790098646995654912,84.4,0,0,0,0,,,,,0,,,,,0,,0,,,,,,,,,1,1,
845,1790098647095654912,84.5,0,0,0,0,,,,,0,,,,,0,,0,,,,,,,,,1,1,
846,1790098647195654912,84.6,0,0,0,0,,,,,0,,,,,0,,0,,,,,,,,,1,1,
847,1790098647295654912,84.7,0,0,0,0,,,,,0,,,,,0,,0,,,,,,,,,1,1,
848,1790098647395654912,84.8,0,0,0,0,,,,,0,,,,,0,,0,,,,,,,,,1,1,
849,1790098647495654912,84.9,0,0,0,0,,,,,0,,,,,0,,0,,,,,,,,,1,1,
850,1790098647595654912,85.0,0,0,0,0,,,,,0,,,,,0,,0,,,,,,,,,1,1,
851,1790098647695654912,85.1,0,0,0,0,,,,,0,,,,,0,,0,,,,,,,,,1,1,
852,1790098647795654912,85.2,0,0,0,0,,,,,0,,,,,0,,0,,,,,,,,,1,1,
853,1790098647895654912,85.3,0,0,0,0,,,,,0,,,,,0,,0,,,,,,,,,1,1,
854,1790098647995654912,85.4,0,0,0,0,,,,,0,,,,,0,,0,,,,,,,,,1,1,
855,1790098648095654912,85.5,0,0,0,0,,,,,0,,,,,0,,0,,,,,,,,,1,1,
856,1790098648195654912,85.6,0,0,0,0,,,,,0,,,,,0,,0,,,,,,,,,1,1,
857,1790098648295654912,85.7,0,0,0,0,,,,,0,,,,,0,,0,,,,,,,,,1,1,
