step,t_ns,elapsed_s,n_up,n_down,bytes_up,bytes_down,iat_med_up_ms,iat_p90_up_ms,iat_max_up_ms,iat_mad_up_ms,burst_up,iat_med_down_ms,iat_p90_down_ms,iat_max_down_ms,iat_mad_down_ms,burst_down,updown_ratio,pair_n,pair_med_ms,pair_min_ms,pair_max_ms,q_up_ms,q_down_ms,q_pair_ms,q_hat_ms,q_min_ms,baseline_done,degraded,t_det_meta_ns
1,1790097193121425920,0.1,0,1,0,32,,,,,0,,,,,0,0.0,0,,,,,,,,,0,0,
2,1790097193221425920,0.2,0,1,0,32,,,,,0,,,,,0,0.0,0,,,,,,,,,0,0,
3,1790097193321425920,0.3,0,1,0,32,,,,,0,,,,,0,0.0,0,,,,,,,,,0,0,
4,1790097193421425920,0.4,0,1,0,32,,,,,0,,,,,0,0.0,0,,,,,,,,,0,0,
5,1790097193521425920,0.5,0,1,0,32,,,,,0,,,,,0,0.0,0,,,,,,,,,0,0,
6,1790097193621425920,0.6,0,1,0,32,,,,,0,,,,,0,0.0,0,,,,,,,,,0,0,
7,1790097193721425920,0.7,0,1,0,32,,,,,0,,,,,0,0.0,0,,,,,,,,,0,0,
8,1790097193821425920,0.8,0,1,0,32,,,,,0,,,,,0,0.0,0,,,,,,,,,0,0,
9,1790097193921425920,0.9,0,1,0,32,,,,,0,,,,,0,0.0,0,,,,,,,,,0,0,
10,1790097194021425920,1.0,0,1,0,32,,,,,0,,,,,0,0.0,0,,,,,,,,,0,0,
11,1790097194121425920,1.1,0,0,0,0,,,,,0,,,,,0,,0,,,,,,,,,0,0,
12,1790097194221425920,1.2,0,0,0,0,,,,,0,,,,,0,,0,,,,,,,,,0,0,
13,1790097194321425920,1.3,0,0,0,0,,,,,0,,,,,0,,0,,,,,,,,,0,0,
14,1790097194421425920,1.4,0,0,0,0,,,,,0,,,,,0,,0,,,,,,,,,0,0,
15,1790097194521425920,1.5,0,0,0,0,,,,,0,,,,,0,,0,,,,,,,,,0,0,
16,1790097194621425920,1.6,0,0,0,0,,,,,0,,,,,0,,0,,,,,,,,,0,0,
17,1790097194721425920,1.7,0,0,0,0,,,,,0,,,,,0,,0,,,,,,,,,0,0,
18,1790097194821425920,1.8,0,0,0,0,,,,,0,,,,,0,,0,,,,,,,,,0,0,
19,1790097194921425920,1.9,0,0,0,0,,,,,0,,,,,0,,0,,,,,,,,,0,0,
20,1790097195021425920,2.0,0,0,0,0,,,,,0,,,,,0,,0,,,,,,,,,0,0,
21,1790097195121425920,2.1,0,0,0,0,,,,,0,,,,,0,,0,,,,,,,,,0,0,
22,1790097195221425920,2.2,0,0,0,0,,,,,0,,,,,0,,0,,,,,,,,,0,0,
23,1790097195321425920,2.3,0,0,0,0,,,,,0,,,,,0,,0,,,,,,,,,0,0,
24,1790097195421425920,2.4,0,0,0,0,,,,,0,,,,,0,,0,,,,,,,,,0,0,
25,1790097195521425920,2.5,0,0,0,0,,,,,0,,,,,0,,0,,,,,,,,,0,0,
26,1790097195621425920,2.6,0,0,0,0,,,,,0,,,,,0,,0,,,,,,,,,0,0,
27,1790097195721425920,2.7,0,0,0,0,,,,,0,,,,,0,,0,,,,,,,,,0,0,
28,1790097195821425920,2.8,0,0,0,0,,,,,0,,,,,0,,0,,,,,,,,,0,0,
29,1790097195921425920,2.9,0,0,0,0,,,,,0,,,,,0,,0,,,,,,,,,0,0,
30,1790097196021425920,3.0,0,0,0,0,,,,,0,,,,,0,,0,,,,,,,,,0,0,
31,1790097196121425920,3.1,0,0,0,0,,,,,0,,,,,0,,0,,,,,,,,,0,0,
32,1790097196221425920,3.2,0,0,0,0,,,,,0,,,,,0,,0,,,,,,,,,0,0,
33,1790097196321425920,3.3,0,0,0,0,,,,,0,,,,,0,,0,,,,,,,,,0,0,
34,1790097196421425920,3.4,0,0,0,0,,,,,0,,,,,0,,0,,,,,,,,,0,0,
35,1790097196521425920,3.5,0,0,0,0,,,,,0,,,,,0,,0,,,,,,,,,0,0,
36,1790097196621425920,3.6,0,0,0,0,,,,,0,,,,,0,,0,,,,,,,,,0,0,
37,1790097196721425920,3.7,0,0,0,0,,,,,0,,,,,0,,0,,,,,,,,,0,0,
38,1790097196821425920,3.8,0,0,0,0,,,,,0,,,,,0,,0,,,,,,,,,0,0,
39,1790097196921425920,3.9,0,0,0,0,,,,,0,,,,,0,,0,,,,,,,,,0,0,
40,1790097197021425920,4.0,0,0,0,0,,,,,0,,,,,0,,0,,,,,,,,,0,0,
41,1790097197121425920,4.1,0,0,0,0,,,,,0,,,,,0,,0,,,,,,,,,0,0,
42,1790097197221425920,4.2,0,0,0,0,,,,,0,,,,,0,,0,,,,,,,,,0,0,
43,1790097197321425920,4.3,0,0,0,0,,,,,0,,,,,0,,0,,,,,,,,,0,0,
44,1790097197421425920,4.4,0,0,0,0,,,,,0,,,,,0,,0,,,,,,,,,0,0,
45,1790097197521425920,4.5,0,0,0,0,,,,,0,,,,,0,,0,,,,,,,,,0,0,
46,1790097197621425920,4.6,0,0,0,0,,,,,0,,,,,0,,0,,,,,,,,,0,0,
47,1790097197721425920,4.7,0,0,0,0,,,,,0,,,,,0,,0,,,,,,,,,0,0,
48,1790097197821425920,4.8,0,0,0,0,,,,,0,,,,,0,,0,,,,,,,,,0,0,
49,1790097197921425920,4.9,0,0,0,0,,,,,0,,,,,0,,0,,,,,,,,,0,0,
50,1790097198021425920,5.0,0,0,0,0,,,,,0,,,,,0,,0,,,,,,,,,0,0,
51,1790097198121425920,5.1,0,0,0,0,,,,,0,,,,,0,,0,,,,,,,,,0,0,
52,1790097198221425920,5.2,0,0,0,0,,,,,0,,,,,0,,0,,,,,,,,,0,0,
53,1790097198321425920,5.3,0,0,0,0,,,,,0,,,,,0,,0,,,,,,,,,0,0,
54,1790097198421425920,5.4,0,0,0,0,,,,,0,,,,,0,,0,,,,,,,,,0,0,
55,1790097198521425920,5.5,0,0,0,0,,,,,0,,,,,0,,0,,,,,,,,,0,0,
56,1790097198621425920,5.6,0,0,0,0,,,,,0,,,,,0,,0,,,,,,,,,0,0,
57,1790097198721425920,5.7,0,0,0,0,,,,,0,,,,,0,,0,,,,,,,,,0,0,
58,1790097198821425920,5.8,0,0,0,0,,,,,0,,,,,0,,0,,,,,,,,,0,0,
59,1790097198921425920,5.9,0,0,0,0,,,,,0,,,,,0,,0,,,,,,,,,0,0,
60,1790097199021425920,6.0,0,0,0,0,,,,,0,,,,,0,,0,,,,,,,,,0,0,
61,1790097199121425920,6.1,0,0,0,0,,,,,0,,,,,0,,0,,,,,,,,,0,0,
62,1790097199221425920,6.2,0,0,0,0,,,,,0,,,,,0,,0,,,,,,,,,0,0,
63,1790097199321425920,6.3,0,0,0,0,,,,,0,,,,,0,,0,,,,,,,,,0,0,
64,1790097199421425920,6.4,0,0,0,0,,,,,0,,,,,0,,0,,,,,,,,,0,0,
65,1790097199521425920,6.5,0,0,0,0,,,,,0,,,,,0,,0,,,,,,,,,0,0,
66,1790097199621425920,6.6,0,0,0,0,,,,,0,,,,,0,,0,,,,,,,,,0,0,
67,1790097199721425920,6.7,0,0,0,0,,,,,0,,,,,0,,0,,,,,,,,,0,0,
68,1790097199821425920,6.8,0,0,0,0,,,,,0,,,,,0,,0,,,,,,,,,0,0,
69,1790097199921425920,6.9,0,0,0,0,,,,,0,,,,,0,,0,,,,,,,,,0,0,
70,1790097200021425920,7.0,0,0,0,0,,,,,0,,,,,0,,0,,,,,,,,,0,0,
71,1790097200121425920,7.1,0,0,0,0,,,,,0,,,,,0,,0,,,,,,,,,0,0,
72,1790097200221425920,7.2,0,0,0,0,,,,,0,,,,,0,,0,,,,,,,,,0,0,
73,1790097200321425920,7.3,0,0,0,0,,,,,0,,,,,0,,0,,,,,,,,,0,0,
74,1790097200421425920,7.4,0,0,0,0,,,,,0,,,,,0,,0,,,,,,,,,0,0,
75,1790097200521425920,7.5,0,0,0,0,,,,,0,,,,,0,,0,,,,,,,,,0,0,
76,1790097200621425920,7.6,0,0,0,0,,,,,0,,,,,0,,0,,,,,,,,,0,0,
77,1790097200721425920,7.7,0,0,0,0,,,,,0,,,,,0,,0,,,,,,,,,0,0,
78,1790097200821425920,7.8,0,0,0,0,,,,,0,,,,,0,,0,,,,,,,,,0,0,
79,1790097200921425920,7.9,0,0,0,0,,,,,0,,,,,0,,0,,,,,,,,,0,0,
80,1790097201021425920,8.0,0,0,0,0,,,,,0,,,,,0,,0,,,,,,,,,0,0,
81,1790097201121425920,8.1,0,0,0,0,,,,,0,,,,,0,,0,,,,,,,,,0,0,
82,1790097201221425920,8.2,0,0,0,0,,,,,0,,,,,0,,0,,,,,,,,,0,0,
83,1790097201321425920,8.3,0,0,0,0,,,,,0,,,,,0,,0,,,,,,,,,0,0,
84,1790097201421425920,8.4,0,0,0,0,,,,,0,,,,,0,,0,,,,,,,,,0,0,
85,1790097201521425920,8.5,0,0,0,0,,,,,0,,,,,0,,0,,,,,,,,,0,0,
86,1790097201621425920,8.6,0,0,0,0,,,,,0,,,,,0,,0,,,,,,,,,0,0,
87,1790097201721425920,8.7,0,0,0,0,,,,,0,,,,,0,,0,,,,,,,,,0,0,
88,1790097201821425920,8.8,0,0,0,0,,,,,0,,,,,0,,0,,,,,,,,,0,0,
89,1790097201921425920,8.9,0,0,0,0,,,,,0,,,,,0,,0,,,,,,,,,0,0,
90,1790097202021425920,9.0,0,0,0,0,,,,,0,,,,,0,,0,,,,,,,,,0,0,
91,1790097202121425920,9.1,0,0,0,0,,,,,0,,,,,0,,0,,,,,,,,,0,0,
92,1790097202221425920,9.2,0,0,0,0,,,,,0,,,,,0,,0,,,,,,,,,0,0,
93,1790097202321425920,9.3,0,0,0,0,,,,,0,,,,,0,,0,,,,,,,,,0,0,
94,1790097202421425920,9.4,0,0,0,0,,,,,0,,,,,0,,0,,,,,,,,,0,0,
95,1790097202521425920,9.5,0,0,0,0,,,,,0,,,,,0,,0,,,,,,,,,0,0,
96,1790097202621425920,9.6,0,0,0,0,,,,,0,,,,,0,,0,,,,,,,,,0,0,
97,1790097202721425920,9.7,0,0,0,0,,,,,0,,,,,0,,0,,,,,,,,,0,0,
98,1790097202821425920,9.8,0,0,0,0,,,,,0,,,,,0,,0,,,,,,,,,0,0,
99,1790097202921425920,9.9,0,0,0,0,,,,,0,,,,,0,,0,,,,,,,,,0,0,
100,1790097203021425920,10.0,0,0,0,0,,,,,0,,,,,0,,0,,,,,,,,,0,0,
101,1790097203121425920,10.1,0,0,0,0,,,,,0,,,,,0,,0,,,,,,,,,0,0,
102,1790097203221425920,10.2,0,0,0,0,,,,,0,,,,,0,,0,,,,,,,,,0,0,
103,1790097203321425920,10.3,0,0,0,0,,,,,0,,,,,0,,0,,,,,,,,,0,0,
104,1790097203421425920,10.4,0,0,0,0,,,,,0,,,,,0,,0,,,,,,,,,0,0,
105,1790097203521425920,10.5,0,0,0,0,,,,,0,,,,,0,,0,,,,,,,,,0,0,
106,1790097203621425920,10.6,0,0,0,0,,,,,0,,,,,0,,0,,,,,,,,,0,0,
107,1790097203721425920,10.7,0,0,0,0,,,,,0,,,,,0,,0,,,,,,,,,0,0,
108,1790097203821425920,10.8,0,0,0,0,,,,,0,,,,,0,,0,,,,,,,,,0,0,
109,1790097203921425920,10.9,0,0,0,0,,,,,0,,,,,0,,0,,,,,,,,,0,0,
110,1790097204021425920,11.0,0,0,0,0,,,,,0,,,,,0,,0,,,,,,,,,0,0,
111,1790097204121425920,11.1,0,0,0,0,,,,,0,,,,,0,,0,,,,,,,,,0,0,
112,1790097204221425920,11.2,0,0,0,0,,,,,0,,,,,0,,0,,,,,,,,,0,0,
113,1790097204321425920,11.3,0,0,0,0,,,,,0,,,,,0,,0,,,,,,,,,0,0,
114,1790097204421425920,11.4,0,0,0,0,,,,,0,,,,,0,,0,,,,,,,,,0,0,
115,1790097204521425920,11.5,0,0,0,0,,,,,0,,,,,0,,0,,,,,,,,,0,0,
116,1790097204621425920,11.6,0,0,0,0,,,,,0,,,,,0,,0,,,,,,,,,0,0,
117,1790097204721425920,11.7,0,0,0,0,,,,,0,,,,,0,,0,,,,,,,,,0,0,
118,1790097204821425920,11.8,0,0,0,0,,,,,0,,,,,0,,0,,,,,,,,,0,0,
119,1790097204921425920,11.9,0,0,0,0,,,,,0,,,,,0,,0,,,,,,,,,0,0,
120,1790097205021425920,12.0,0,0,0,0,,,,,0,,,,,0,,0,,,,,,,,,0,0,
121,1790097205121425920,12.1,0,0,0,0,,,,,0,,,,,0,,0,,,,,,,,,0,0,
122,1790097205221425920,12.2,0,0,0,0,,,,,0,,,,,0,,0,,,,,,,,,0,0,
123,1790097205321425920,12.3,0,0,0,0,,,,,0,,,,,0,,0,,,,,,,,,0,0,
124,1790097205421425920,12.4,0,0,0,0,,,,,0,,,,,0,,0,,,,,,,,,0,0,
125,1790097205521425920,12.5,0,0,0,0,,,,,0,,,,,0,,0,,,,,,,,,0,0,
126,1790097205621425920,12.6,0,0,0,0,,,,,0,,,,,0,,0,,,,,,,,,0,0,
127,1790097205721425920,12.7,0,0,0,0,,,,,0,,,,,0,,0,,,,,,,,,0,0,
128,1790097205821425920,12.8,0,0,0,0,,,,,0,,,,,0,,0,,,,,,,,,0,0,
129,1790097205921425920,12.9,0,0,0,0,,,,,0,,,,,0,,0,,,,,,,,,0,0,
130,1790097206021425920,13.0,0,0,0,0,,,,,0,,,,,0,,0,,,,,,,,,0,0,
131,1790097206121425920,13.1,0,0,0,0,,,,,0,,,,,0,,0,,,,,,,,,0,0,
132,1790097206221425920,13.2,0,0,0,0,,,,,0,,,,,0,,0,,,,,,,,,0,0,
133,1790097206321425920,13.3,0,0,0,0,,,,,0,,,,,0,,0,,,,,,,,,0,0,
134,1790097206421425920,13.4,0,0,0,0,,,,,0,,,,,0,,0,,,,,,,,,0,0,
135,1790097206521425920,13.5,0,0,0,0,,,,,0,,,,,0,,0,,,,,,,,,0,0,
136,1790097206621425920,13.6,0,0,0,0,,,,,0,,,,,0,,0,,,,,,,,,0,0,
137,1790097206721425920,13.7,0,0,0,0,,,,,0,,,,,0,,0,,,,,,,,,0,0,
138,1790097206821425920,13.8,0,0,0,0,,,,,0,,,,,0,,0,,,,,,,,,0,0,
139,1790097206921425920,13.9,0,0,0,0,,,,,0,,,,,0,,0,,,,,,,,,0,0,
140,1790097207021425920,14.0,0,0,0,0,,,,,0,,,,,0,,0,,,,,,,,,0,0,
141,1790097207121425920,14.1,0,0,0,0,,,,,0,,,,,0,,0,,,,,,,,,0,0,
142,1790097207221425920,14.2,0,0,0,0,,,,,0,,,,,0,,0,,,,,,,,,0,0,
143,1790097207321425920,14.3,0,0,0,0,,,,,0,,,,,0,,0,,,,,,,,,0,0,
144,1790097207421425920,14.4,0,0,0,0,,,,,0,,,,,0,,0,,,,,,,,,0,0,
145,1790097207521425920,14.5,0,0,0,0,,,,,0,,,,,0,,0,,,,,,,,,0,0,
146,1790097207621425920,14.6,0,0,0,0,,,,,0,,,,,0,,0,,,,,,,,,0,0,
147,1790097207721425920,14.7,0,0,0,0,,,,,0,,,,,0,,0,,,,,,,,,0,0,
148,1790097207821425920,14.8,0,0,0,0,,,,,0,,,,,0,,0,,,,,,,,,0,0,
149,1790097207921425920,14.9,0,0,0,0,,,,,0,,,,,0,,0,,,,,,,,,0,0,
150,1790097208021425920,15.0,0,0,0,0,,,,,0,,,,,0,,0,,,,,,,,,0,0,
151,1790097208121425920,15.1,0,0,0,0,,,,,0,,,,,0,,0,,,,,,,,,0,0,
152,1790097208221425920,15.2,0,0,0,0,,,,,0,,,,,0,,0,,,,,,,,,0,0,
153,1790097208321425920,15.3,0,0,0,0,,,,,0,,,,,0,,0,,,,,,,,,0,0,
154,1790097208421425920,15.4,0,0,0,0,,,,,0,,,,,0,,0,,,,,,,,,0,0,
155,1790097208521425920,15.5,0,0,0,0,,,,,0,,,,,0,,0,,,,,,,,,0,0,
156,1790097208621425920,15.6,0,0,0,0,,,,,0,,,,,0,,0,,,,,,,,,0,0,
157,1790097208721425920,15.7,0,0,0,0,,,,,0,,,,,0,,0,,,,,,,,,0,0,
158,1790097208821425920,15.8,0,0,0,0,,,,,0,,,,,0,,0,,,,,,,,,0,0,
159,1790097208921425920,15.9,0,0,0,0,,,,,0,,,,,0,,0,,,,,,,,,0,0,
160,1790097209021425920,16.0,0,0,0,0,,,,,0,,,,,0,,0,,,,,,,,,0,0,
161,1790097209121425920,16.1,0,0,0,0,,,,,0,,,,,0,,0,,,,,,,,,0,0,
162,1790097209221425920,16.2,0,0,0,0,,,,,0,,,,,0,,0,,,,,,,,,0,0,
163,1790097209321425920,16.3,0,0,0,0,,,,,0,,,,,0,,0,,,,,,,,,0,0,
164,1790097209421425920,16.4,0,0,0,0,,,,,0,,,,,0,,0,,,,,,,,,0,0,
165,1790097209521425920,16.5,0,0,0,0,,,,,0,,,,,0,,0,,,,,,,,,0,0,
166,1790097209621425920,16.6,0,0,0,0,,,,,0,,,,,0,,0,,,,,,,,,0,0,
167,1790097209721425920,16.7,0,0,0,0,,,,,0,,,,,0,,0,,,,,,,,,0,0,
168,1790097209821425920,16.8,0,0,0,0,,,,,0,,,,,0,,0,,,,,,,,,0,0,
169,1790097209921425920,16.9,0,0,0,0,,,,,0,,,,,0,,0,,,,,,,,,0,0,
170,1790097210021425920,17.0,0,0,0,0,,,,,0,,,,,0,,0,,,,,,,,,0,0,
171,1790097210121425920,17.1,0,0,0,0,,,,,0,,,,,0,,0,,,,,,,,,0,0,
172,1790097210221425920,17.2,0,0,0,0,,,,,0,,,,,0,,0,,,,,,,,,0,0,
173,1790097210321425920,17.3,0,0,0,0,,,,,0,,,,,0,,0,,,,,,,,,0,0,
174,1790097210421425920,17.4,0,0,0,0,,,,,0,,,,,0,,0,,,,,,,,,0,0,
175,1790097210521425920,17.5,0,0,0,0,,,,,0,,,,,0,,0,,,,,,,,,0,0,
176,1790097210621425920,17.6,0,0,0,0,,,,,0,,,,,0,,0,,,,,,,,,0,0,
177,1790097210721425920,17.7,0,0,0,0,,,,,0,,,,,0,,0,,,,,,,,,0,0,
178,1790097210821425920,17.8,0,0,0,0,,,,,0,,,,,0,,0,,,,,,,,,0,0,
179,1790097210921425920,17.9,0,0,0,0,,,,,0,,,,,0,,0,,,,,,,,,0,0,
180,1790097211021425920,18.0,0,0,0,0,,,,,0,,,,,0,,0,,,,,,,,,0,0,
181,1790097211121425920,18.1,0,0,0,0,,,,,0,,,,,0,,0,,,,,,,,,0,0,
182,1790097211221425920,18.2,0,0,0,0,,,,,0,,,,,0,,0,,,,,,,,,0,0,
183,1790097211321425920,18.3,0,0,0,0,,,,,0,,,,,0,,0,,,,,,,,,0,0,
184,1790097211421425920,18.4,0,0,0,0,,,,,0,,,,,0,,0,,,,,,,,,0,0,
185,1790097211521425920,18.5,0,0,0,0,,,,,0,,,,,0,,0,,,,,,,,,0,0,
186,1790097211621425920,18.6,0,0,0,0,,,,,0,,,,,0,,0,,,,,,,,,0,0,
187,1790097211721425920,18.7,0,0,0,0,,,,,0,,,,,0,,0,,,,,,,,,0,0,
188,1790097211821425920,18.8,0,0,0,0,,,,,0,,,,,0,,0,,,,,,,,,0,0,
189,1790097211921425920,18.9,0,0,0,0,,,,,0,,,,,0,,0,,,,,,,,,0,0,
190,1790097212021425920,19.0,0,0,0,0,,,,,0,,,,,0,,0,,,,,,,,,0,0,
191,1790097212121425920,19.1,0,0,0,0,,,,,0,,,,,0,,0,,,,,,,,,0,0,
192,1790097212221425920,19.2,0,0,0,0,,,,,0,,,,,0,,0,,,,,,,,,0,0,
193,1790097212321425920,19.3,0,0,0,0,,,,,0,,,,,0,,0,,,,,,,,,0,0,
194,1790097212421425920,19.4,3,1,288,96,50.874,51.697,51.697,0.823,1,,,,,0,3.0,1,103.687,103.687,103.687,,,,,,0,0,
195,1790097212521425920,19.5,5,3,480,288,50.142,51.697,51.697,0.512,1,50.476,50.929,50.929,0.453,1,1.6667,3,102.919,102.891,103.687,,,,,,0,0,
196,1790097212621425920,19.6,7,4,672,384,50.051,50.233,51.697,0.438,1,50.231,50.929,50.929,0.302,1,1.75,4,102.905,102.889,103.687,,,,,,0,0,
197,1790097212721425920,19.7,9,6,864,576,50.049,50.233,51.697,0.344,1,50.023,50.929,50.929,0.351,1,1.5,6,102.914,102.889,103.687,,,,,,0,0,
198,1790097212821425920,19.8,11,9,1056,864,50.048,50.233,51.697,0.486,1,50.001,50.231,50.929,0.257,1,1.2222,9,102.91,102.69,103.687,,,,,,0,0,
199,1790097212921425920,19.9,12,11,1152,1056,50.048,50.233,51.697,0.45,1,50.001,50.271,50.929,0.444,1,1.0909,11,102.91,102.69,103.687,,,,,,0,0,
200,1790097213021425920,20.0,15,12,1488,1152,50.049,51.697,52.773,0.548,1,50.001,50.271,50.929,0.408,1,1.2917,12,102.904,102.69,103.687,,,,,,0,0,
201,1790097213121425920,20.1,17,14,1712,1344,50.049,51.697,52.773,0.485,1,50.023,50.929,52.94,0.572,1,1.2738,14,102.911,102.69,103.687,,,,,,0,0,
202,1790097213221425920,20.2,19,16,1936,1536,50.049,50.233,52.773,0.438,1,50.023,50.929,52.94,0.515,1,1.2604,16,102.911,102.669,103.687,,,,,,0,0,
203,1790097213321425920,20.3,21,19,2160,1824,50.049,50.233,52.773,0.541,1,50.012,50.275,52.94,0.504,1,1.1842,19,102.897,101.969,103.687,,,,,,0,0,
204,1790097213421425920,20.4,21,21,2192,2016,50.048,50.233,52.773,0.731,1,50.001,50.275,52.94,0.558,1,1.0873,21,102.891,101.634,103.687,,,,,,0,0,
205,1790097213521425920,20.5,21,21,2224,2016,50.049,52.633,52.799,0.864,1,49.925,50.275,52.94,0.8,1,1.1032,21,102.863,101.634,102.993,,,,,,0,0,
206,1790097213621425920,20.6,21,20,2256,1920,50.049,52.633,52.799,0.836,1,50.001,50.556,52.94,0.851,1,1.175,20,102.803,101.634,102.993,,,,,,0,0,
207,1790097213721425920,20.7,21,20,2288,1920,50.049,52.633,52.799,0.83,1,50.001,52.747,52.94,0.981,1,1.1917,20,102.781,101.634,102.947,,,,,,0,0,
208,1790097213821425920,20.8,21,20,2320,1920,50.049,52.633,52.799,0.725,1,50.035,52.747,52.94,0.99,1,1.2083,20,102.74,101.634,102.947,,,,,,0,0,
209,1790097213921425920,20.9,21,21,2352,2016,50.049,50.377,52.799,0.584,1,50.058,52.747,52.94,0.849,1,1.1667,21,102.779,101.634,102.978,,,,,,0,0,
210,1790097214021425920,21.0,21,20,2352,1920,50.049,50.377,52.799,0.585,1,50.035,50.556,52.857,0.745,1,1.225,20,102.766,101.634,102.978,,,,,,0,0,
211,1790097214121425920,21.1,21,20,2352,1920,50.049,50.377,52.799,0.721,1,49.963,50.556,52.857,0.747,1,1.225,20,102.766,101.634,102.978,,,,,,0,0,
212,1790097214221425920,21.2,20,21,2240,2016,50.05,52.633,53.34,0.926,1,49.978,50.556,52.857,0.86,1,1.1111,21,102.772,101.634,102.978,,,,,,0,0,
213,1790097214321425920,21.3,21,20,2352,1920,50.05,52.633,53.34,0.733,1,49.993,52.747,53.551,1.033,1,1.225,20,102.777,101.634,102.978,,,,,,0,0,
214,1790097214421425920,21.4,21,20,2352,1920,50.049,50.377,53.34,0.469,1,50.089,52.747,53.551,0.947,1,1.225,20,102.802,102.105,102.978,,,,,,0,0,
215,1790097214521425920,21.5,21,20,2352,1920,50.049,50.054,53.34,0.324,1,50.089,50.556,53.551,0.659,1,1.225,20,102.825,102.105,102.978,,,,,,0,0,
216,1790097214621425920,21.6,21,20,2352,1920,50.049,50.055,53.34,0.344,1,50.056,50.44,53.551,0.491,1,1.225,20,102.841,102.105,102.978,,,,,,0,0,
217,1790097214721425920,21.7,21,20,2352,1920,50.049,50.055,53.34,0.363,1,50.089,50.44,53.551,0.495,1,1.225,20,102.835,102.105,102.978,,,,,,0,0,
218,1790097214821425920,21.8,21,20,2352,1920,50.049,50.235,53.34,0.372,1,50.056,50.453,53.551,0.502,1,1.225,20,102.844,102.105,102.978,,,,,,0,0,
219,1790097214921425920,21.9,21,20,2352,1920,50.049,50.235,53.34,0.379,1,50.039,50.453,53.551,0.51,1,1.225,20,102.868,102.105,102.978,,,,,,0,0,
220,1790097215021425920,22.0,21,20,2352,1920,50.048,50.235,53.34,0.384,1,50.056,50.453,53.551,0.514,1,1.225,20,102.841,102.105,102.97,,,,,,0,0,
221,1790097215121425920,22.1,21,20,2352,1920,50.048,50.449,53.34,0.54,1,50.06,50.453,53.551,0.52,1,1.225,20,102.854,102.105,102.97,,,,,,0,0,
222,1790097215221425920,22.2,21,21,2352,2016,50.048,50.323,53.002,0.538,1,50.064,50.591,53.551,0.601,1,1.1667,21,102.86,102.105,102.97,,,,,,0,0,
223,1790097215321425920,22.3,21,20,2352,1920,50.048,50.449,53.564,0.764,1,50.056,50.271,52.661,0.573,1,1.225,20,102.866,102.536,102.97,,,,,,0,0,
224,1790097215421425920,22.4,21,20,2352,1920,50.048,50.449,53.564,0.756,1,50.06,50.591,53.558,0.764,1,1.225,20,102.876,102.536,102.97,,,,,,0,0,
225,1790097215521425920,22.5,21,20,2352,1920,50.049,50.449,53.564,0.747,1,50.06,50.591,53.558,0.813,1,1.225,20,102.866,102.536,102.996,,,,,,0,0,
226,1790097215621425920,22.6,21,20,2352,1920,50.049,50.323,53.564,0.727,1,50.06,50.591,53.558,0.795,1,1.225,20,102.854,102.536,102.996,,,,,,0,0,
227,1790097215721425920,22.7,21,21,2352,2016,50.049,50.323,53.564,0.727,1,50.034,50.389,53.558,0.73,1,1.1667,21,102.847,102.536,102.996,,,,,,0,0,
228,1790097215821425920,22.8,21,21,2352,2016,50.049,50.494,53.564,0.768,1,50.015,50.389,53.558,0.778,1,1.1667,21,102.835,101.903,102.996,,,,,,0,0,
229,1790097215921425920,22.9,21,20,2352,1920,50.049,50.724,53.564,0.832,1,49.979,50.637,53.558,0.841,1,1.225,20,102.821,101.903,102.996,,,,,,0,0,
230,1790097216021425920,23.0,20,19,2240,1824,50.049,50.724,53.564,0.871,1,50.015,50.637,53.558,0.879,1,1.2281,19,102.808,101.903,102.996,,,,,,0,0,
231,1790097216121425920,23.1,21,20,2352,1920,50.049,50.724,53.564,0.602,1,49.979,50.825,53.558,0.933,1,1.225,20,102.799,101.903,102.996,,,,,,0,0,
232,1790097216221425920,23.2,21,21,2352,2016,50.049,51.107,53.564,0.614,1,49.976,50.825,53.558,0.746,1,1.1667,21,102.788,101.903,102.996,,,,,,0,0,
233,1790097216321425920,23.3,19,19,2128,1824,50.049,50.724,52.201,0.43,1,49.976,50.825,53.558,0.657,1,1.1667,19,102.788,101.903,102.996,,,,,,0,0,
234,1790097216421425920,23.4,21,21,2352,2016,50.049,50.724,52.201,0.433,1,49.976,50.825,52.394,0.634,1,1.1667,21,102.767,101.843,102.996,,,,,,0,0,
235,1790097216521425920,23.5,21,21,2352,2016,50.049,50.724,52.201,0.433,1,49.999,50.825,52.394,0.652,1,1.1667,21,102.738,101.812,102.918,,,,,,0,0,
236,1790097216621425920,23.6,21,21,2352,2016,50.049,50.724,52.201,0.44,1,50.066,50.825,52.394,0.681,1,1.1667,21,102.712,101.812,103.182,,,,,,0,0,
237,1790097216721425920,23.7,21,21,2352,2016,50.049,50.724,52.201,0.421,1,49.941,50.825,52.394,0.711,1,1.1667,21,102.704,101.812,103.182,,,,,,0,0,
238,1790097216821425920,23.8,21,21,2352,2016,50.049,50.724,52.201,0.372,1,50.105,50.825,52.394,0.664,1,1.1667,21,102.712,101.812,103.182,,,,,,0,0,
239,1790097216921425920,23.9,21,21,2352,2016,50.049,51.107,52.201,0.461,1,50.007,50.825,52.394,0.633,1,1.1667,21,102.737,101.812,103.182,,,,,,0,0,
240,1790097217021425920,24.0,21,21,2352,2016,50.049,50.05,52.201,0.408,1,50.007,51.858,52.394,0.726,1,1.1667,21,102.737,101.812,103.182,,,,,,0,0,
241,1790097217121425920,24.1,21,21,2352,2016,50.049,51.746,52.824,0.674,1,50.007,50.71,52.394,0.607,1,1.1667,21,102.737,101.812,103.182,,,,,,0,0,
242,1790097217221425920,24.2,21,21,2352,2016,50.049,50.05,52.824,0.5,1,50.05,51.858,52.394,0.817,1,1.1667,21,102.737,101.812,103.182,,,,,,0,0,
243,1790097217321425920,24.3,19,19,2128,1824,50.049,50.05,52.824,0.515,1,50.05,50.71,52.064,0.707,1,1.1667,19,102.776,101.812,103.182,,,,,,0,0,
244,1790097217421425920,24.4,21,21,2352,2016,50.049,50.187,52.824,0.617,1,50.115,50.726,52.064,0.62,1,1.1667,21,102.707,101.812,103.182,,,,,,0,0,
245,1790097217521425920,24.5,21,21,2352,2016,50.049,51.746,53.283,0.79,1,50.115,50.726,52.064,0.768,1,1.1667,21,102.729,102.012,103.182,,,,,,0,0,
246,1790097217621425920,24.6,21,20,2352,1920,50.049,51.746,53.283,0.81,1,49.996,50.726,52.064,0.797,1,1.225,20,102.733,101.902,103.182,,,,,,0,0,
247,1790097217721425920,24.7,21,20,2352,1920,50.049,51.746,53.283,0.81,1,50.147,51.858,53.925,0.978,1,1.225,20,102.718,101.902,102.925,,,,,,0,0,
248,1790097217821425920,24.8,20,20,2240,1920,50.049,51.746,53.283,0.853,1,50.147,51.858,53.925,0.972,1,1.1667,20,102.759,101.902,102.962,0.917,0.978,-0.05,0.978,0.978,1,0,
249,1790097217921425920,24.9,21,21,2352,2016,50.049,50.277,53.283,0.649,1,50.122,51.858,53.925,0.972,1,1.1667,21,102.689,101.902,102.962,-0.552,0.978,-0.12,0.978,0.978,1,0,
250,1790097218021425920,25.0,21,20,2352,1920,50.05,50.277,53.283,0.649,1,50.147,50.726,53.925,0.87,1,1.225,20,102.601,101.902,102.962,-0.552,-0.154,-0.208,-0.154,-0.154,1,0,
251,1790097218121425920,25.1,21,20,2352,1920,50.05,50.187,53.283,0.364,1,50.147,50.726,53.925,0.863,1,1.225,20,102.601,101.902,102.962,-0.642,-0.154,-0.208,-0.154,-0.154,1,0,
252,1790097218221425920,25.2,21,20,2352,1920,50.049,50.187,53.283,0.364,1,50.147,50.685,53.925,0.631,1,1.225,20,102.595,101.902,102.962,-0.642,-0.195,-0.213,-0.195,-0.195,1,0,
253,1790097218321425920,25.3,19,18,2128,1728,50.05,50.187,53.283,0.404,1,50.097,50.685,53.925,0.691,1,1.2315,18,102.601,101.902,102.962,-0.642,-0.195,-0.208,-0.195,-0.195,1,0,
254,1790097218421425920,25.4,21,20,2352,1920,50.049,50.056,53.283,0.202,1,50.097,50.366,53.925,0.595,1,1.225,20,102.646,101.902,102.962,-0.773,-0.514,-0.163,-0.514,-0.514,1,0,
255,1790097218521425920,25.5,21,20,2352,1920,50.049,50.053,50.056,0.029,1,50.064,50.366,53.925,0.424,1,1.225,20,102.679,101.902,102.962,-0.776,-0.514,-0.13,-0.514,-0.514,1,0,
256,1790097218621425920,25.6,21,20,2352,1920,50.049,50.053,50.056,0.001,1,50.064,50.223,50.685,0.208,1,1.225,20,102.762,101.92,102.962,-0.776,-0.657,-0.046,-0.657,-0.657,1,0,
257,1790097218721425920,25.7,20,20,2240,1920,50.049,50.053,50.056,0.146,1,50.055,50.223,50.685,0.186,1,1.1667,20,102.771,101.92,102.962,-0.776,-0.657,-0.038,-0.657,-0.657,1,0,
258,1790097218821425920,25.8,20,21,2240,2016,50.049,50.056,53.284,0.327,1,50.06,50.223,50.685,0.294,1,1.1111,21,102.774,101.92,102.933,-0.773,-0.657,-0.035,-0.657,-0.657,1,0,
259,1790097218921425920,25.9,21,20,2352,1920,50.049,50.148,53.284,0.322,1,50.064,50.366,53.461,0.452,1,1.225,20,102.794,101.968,102.981,-0.681,-0.514,-0.015,-0.514,-0.514,1,0,
260,1790097219021425920,26.0,21,20,2352,1920,50.049,50.148,53.284,0.337,1,50.064,50.223,53.461,0.434,1,1.225,20,102.802,102.508,102.981,-0.681,-0.657,-0.007,-0.657,-0.657,1,0,
261,1790097219121425920,26.1,21,20,2352,1920,50.049,50.148,53.284,0.47,1,50.064,50.223,53.461,0.418,1,1.225,20,102.818,102.508,102.981,-0.681,-0.657,0.009,-0.657,-0.657,1,0,
262,1790097219221425920,26.2,20,21,2240,2016,50.049,50.251,53.284,0.655,1,50.055,50.195,53.461,0.542,1,1.1111,21,102.811,102.5,102.981,-0.578,-0.685,0.002,-0.578,-0.578,1,0,
263,1790097219321425920,26.3,19,19,2128,1824,50.049,50.251,53.284,0.691,1,50.055,50.188,53.461,0.583,1,1.1667,19,102.811,102.5,102.981,-0.578,-0.692,0.002,-0.578,-0.578,1,0,
264,1790097219421425920,26.4,21,20,2352,1920,50.049,50.251,53.284,0.645,1,50.056,50.195,53.609,0.738,1,1.225,20,102.818,102.5,103.014,-0.578,-0.685,0.009,-0.578,-0.578,1,0,
265,1790097219521425920,26.5,21,20,2352,1920,50.049,50.251,53.284,0.645,1,50.032,50.149,53.609,0.773,1,1.225,20,102.828,102.46,103.014,-0.578,-0.731,0.019,-0.578,-0.578,1,0,
266,1790097219621425920,26.6,21,20,2352,1920,50.049,50.251,53.284,0.649,1,50.055,50.268,53.609,0.821,1,1.225,20,102.815,101.655,103.014,-0.578,-0.612,0.006,-0.578,-0.578,1,0,
267,1790097219721425920,26.7,21,20,2352,1920,50.049,50.148,53.284,0.501,1,50.056,50.814,53.609,0.871,1,1.225,20,102.828,101.655,103.014,-0.681,-0.066,0.019,-0.066,-0.066,1,0,
268,1790097219821425920,26.8,21,20,2352,1920,50.049,50.05,53.095,0.333,1,50.056,50.814,53.609,0.741,1,1.225,20,102.815,101.655,103.016,-0.779,-0.066,0.006,-0.066,-0.066,1,0,
269,1790097219921425920,26.9,20,20,2240,1920,50.049,50.05,53.095,0.398,1,50.079,50.29,53.609,0.555,1,1.1667,20,102.828,101.655,103.016,-0.779,-0.59,0.019,-0.59,-0.59,1,0,
270,1790097220021425920,27.0,20,20,2240,1920,50.048,50.05,53.095,0.406,1,50.056,50.49,53.609,0.597,1,1.1667,20,102.801,101.655,103.016,-0.779,-0.39,-0.008,-0.39,-0.39,1,0,
271,1790097220121425920,27.1,20,20,2240,1920,50.048,50.05,53.095,0.431,1,50.085,50.49,53.609,0.591,1,1.1667,20,102.775,101.655,103.016,-0.779,-0.39,-0.034,-0.39,-0.39,1,0,
272,1790097220221425920,27.2,20,20,2240,1920,50.048,50.05,53.854,0.482,1,50.087,50.49,53.609,0.602,1,1.1667,20,102.761,101.655,103.016,-0.779,-0.39,-0.048,-0.39,-0.39,1,0,
273,1790097220321425920,27.3,18,18,2016,1728,50.048,50.05,53.854,0.511,1,50.087,50.35,50.814,0.449,1,1.1667,18,102.761,101.655,103.016,-0.779,-0.53,-0.048,-0.53,-0.53,1,0,
274,1790097220421425920,27.4,21,20,2352,1920,50.048,51.049,53.854,0.871,1,50.085,50.49,53.827,0.774,1,1.225,20,102.756,101.655,103.016,0.22,-0.39,-0.052,0.22,0.22,1,0,
275,1790097220521425920,27.5,20,20,2240,1920,50.048,51.267,53.854,0.981,1,50.087,50.814,53.827,0.894,1,1.1667,20,102.775,101.655,103.016,0.438,-0.066,-0.034,0.438,0.438,1,0,
276,1790097220621425920,27.6,20,19,2240,1824,50.048,51.267,53.854,0.978,1,50.083,50.49,53.827,1.001,1,1.2281,19,102.788,101.973,103.016,0.438,-0.39,-0.021,0.438,0.438,1,0,
277,1790097220721425920,27.7,20,20,2240,1920,50.048,51.267,53.854,0.978,1,50.044,51.621,53.827,1.02,1,1.1667,20,102.848,101.973,103.016,0.438,0.741,0.039,0.741,0.741,1,0,
278,1790097220821425920,27.8,20,20,2240,1920,50.048,52.432,53.854,1.236,1,50.044,51.621,53.827,1.003,1,1.1667,20,102.855,101.973,102.948,1.603,0.741,0.046,1.603,1.603,1,0,
279,1790097220921425920,27.9,20,20,2240,1920,50.049,52.432,53.854,1.159,1,50.044,52.537,53.827,1.248,1,1.1667,20,102.855,101.973,102.977,1.603,1.657,0.046,1.657,1.657,1,0,
280,1790097221021425920,28.0,21,20,2352,1920,50.049,52.432,53.854,1.251,1,50.042,52.537,53.827,1.213,1,1.225,20,102.866,102.543,102.977,1.603,1.657,0.057,1.657,1.657,1,0,
281,1790097221121425920,28.1,21,20,2352,1920,50.049,52.432,53.854,1.105,1,50.028,52.537,53.827,1.261,1,1.225,20,102.871,102.398,102.977,1.603,1.657,0.062,1.657,1.657,1,0,
282,1790097221221425920,28.2,20,20,2240,1920,50.049,52.432,53.417,1.086,1,50.042,53.426,54.597,1.441,1,1.1667,20,102.871,102.398,107.369,1.603,2.546,0.062,2.546,2.546,1,0,
283,1790097221321425920,28.3,21,20,2352,1920,50.05,52.432,53.417,1.015,1,50.042,52.537,54.597,1.504,1,1.225,20,102.882,102.398,107.369,1.603,1.657,0.073,1.657,1.657,1,0,
284,1790097221421425920,28.4,21,20,2352,1920,50.05,51.267,52.937,0.809,1,50.091,52.537,54.597,1.343,1,1.225,20,102.882,102.398,107.369,0.438,1.657,0.073,1.657,1.657,1,0,
285,1790097221521425920,28.5,20,19,2240,1824,50.05,52.432,52.937,0.93,1,50.067,51.709,54.597,1.295,1,1.2281,19,102.891,102.398,107.369,1.603,0.829,0.082,1.603,1.603,1,0,
286,1790097221621425920,28.6,20,20,2240,1920,50.051,52.432,52.937,0.93,1,50.091,52.537,54.597,1.334,1,1.1667,20,102.882,102.398,107.369,1.603,1.657,0.073,1.657,1.657,1,0,
287,1790097221721425920,28.7,20,20,2240,1920,50.051,52.432,52.937,0.798,1,50.135,52.537,54.597,1.33,1,1.1667,20,102.874,102.398,107.369,1.603,1.657,0.065,1.657,1.657,1,0,
288,1790097221821425920,28.8,20,20,2240,1920,50.051,51.612,52.937,0.754,1,50.135,52.537,54.597,1.197,1,1.1667,20,102.874,102.398,107.369,0.783,1.657,0.065,1.657,1.657,1,0,
289,1790097221921425920,28.9,20,20,2240,1920,50.05,51.612,52.937,0.788,1,50.135,51.709,54.597,1.147,1,1.1667,20,102.826,102.398,107.369,0.783,0.829,0.017,0.829,0.829,1,0,
290,1790097222021425920,29.0,20,20,2240,1920,50.051,51.612,52.937,0.646,1,50.135,51.709,54.597,1.186,1,1.1667,20,102.826,102.398,107.369,0.783,0.829,0.017,0.829,0.829,1,0,
291,1790097222121425920,29.1,20,20,2240,1920,50.051,51.612,52.937,0.632,1,50.135,51.709,54.597,1.081,1,1.1667,20,102.821,101.95,107.369,0.783,0.829,0.012,0.829,0.829,1,0,
292,1790097222221425920,29.2,20,20,2240,1920,50.05,50.383,52.761,0.479,1,50.135,51.544,52.605,0.693,1,1.1667,20,102.817,101.95,103.983,-0.446,0.664,0.008,0.664,0.664,1,0,
293,1790097222321425920,29.3,20,20,2240,1920,50.05,50.383,52.761,0.339,1,50.115,50.722,52.605,0.63,1,1.1667,20,102.816,101.95,102.963,-0.446,-0.158,0.007,-0.158,-0.158,1,0,
294,1790097222421425920,29.4,20,19,2240,1824,50.05,50.055,52.761,0.296,1,50.053,50.722,52.605,0.517,1,1.2281,19,102.8,101.95,102.953,-0.774,-0.158,-0.009,-0.158,-0.158,1,0,
295,1790097222521425920,29.5,20,20,2240,1920,50.05,50.055,51.612,0.196,1,50.115,50.722,52.605,0.449,1,1.1667,20,102.806,101.95,102.953,-0.774,-0.158,-0.003,-0.158,-0.158,1,0,
296,1790097222621425920,29.6,20,20,2240,1920,50.05,50.055,51.612,0.213,1,49.991,50.722,51.544,0.378,1,1.1667,20,102.806,101.95,102.953,-0.774,-0.158,-0.003,-0.158,-0.158,1,0,
297,1790097222721425920,29.7,20,20,2240,1920,50.05,50.181,51.612,0.22,1,49.988,50.722,51.544,0.447,1,1.1667,20,102.78,101.586,102.953,-0.648,-0.158,-0.029,-0.158,-0.158,1,0,
298,1790097222821425920,29.8,20,20,2240,1920,50.049,50.055,50.864,0.094,1,50.147,50.722,51.544,0.471,1,1.1667,20,102.78,101.586,102.953,-0.774,-0.158,-0.029,-0.158,-0.158,1,0,
299,1790097222921425920,29.9,20,20,2240,1920,50.049,50.055,50.864,0.096,1,49.988,50.645,50.894,0.367,1,1.1667,20,102.76,101.586,102.953,-0.774,-0.235,-0.049,-0.235,-0.235,1,0,
300,1790097223021425920,30.0,20,20,2240,1920,50.049,50.052,50.864,0.091,1,49.988,50.645,50.894,0.334,1,1.1667,20,102.714,101.586,102.937,-0.777,-0.235,-0.095,-0.235,-0.235,1,0,
301,1790097223121425920,30.1,20,20,2240,1920,50.049,50.052,50.864,0.091,1,49.988,50.608,50.894,0.319,1,1.1667,20,102.76,101.586,102.937,-0.777,-0.272,-0.049,-0.272,-0.272,1,0,
302,1790097223221425920,30.2,20,20,2240,1920,50.049,50.052,50.864,0.095,1,50.022,50.608,50.894,0.317,1,1.1667,20,102.776,101.586,102.937,-0.777,-0.272,-0.032,-0.272,-0.272,1,0,
303,1790097223321425920,30.3,20,19,2240,1824,50.049,50.052,50.864,0.095,1,50.005,50.608,50.894,0.316,1,1.2281,19,102.755,101.586,102.937,-0.777,-0.272,-0.054,-0.272,-0.272,1,0,
304,1790097223421425920,30.4,20,20,2240,1920,50.049,50.05,50.181,0.053,1,49.988,50.608,50.894,0.31,1,1.1667,20,102.773,101.586,102.937,-0.779,-0.272,-0.036,-0.272,-0.272,1,0,
305,1790097223521425920,30.5,20,20,2240,1920,50.049,50.05,50.181,0.047,1,49.995,50.332,50.645,0.263,1,1.1667,20,102.773,101.586,102.937,-0.779,-0.548,-0.036,-0.548,-0.548,1,0,
306,1790097223621425920,30.6,20,20,2240,1920,50.049,50.05,50.051,0.028,1,49.995,50.332,50.645,0.201,1,1.1667,20,102.773,101.586,102.937,-0.779,-0.548,-0.036,-0.548,-0.548,1,0,
307,1790097223721425920,30.7,20,20,2240,1920,50.049,50.05,50.051,0.019,1,49.995,50.277,50.332,0.147,1,1.1667,20,102.803,102.563,102.937,-0.779,-0.603,-0.006,-0.603,-0.603,1,0,
308,1790097223821425920,30.8,20,20,2240,1920,50.049,50.051,51.198,0.077,1,49.995,50.277,50.332,0.141,1,1.1667,20,102.803,102.563,102.978,-0.778,-0.603,-0.006,-0.603,-0.603,1,0,
309,1790097223921425920,30.9,20,20,2240,1920,50.049,50.051,51.198,0.105,1,50.022,50.296,51.154,0.192,1,1.1667,20,102.803,102.563,102.978,-0.778,-0.584,-0.006,-0.584,-0.584,1,0,
310,1790097224021425920,31.0,20,20,2240,1920,50.049,50.053,51.221,0.239,1,49.995,50.296,51.154,0.19,1,1.1667,20,102.785,102.563,102.978,-0.776,-0.584,-0.024,-0.584,-0.584,1,0,
311,1790097224121425920,31.1,20,20,2240,1920,50.049,51.198,53.329,0.551,1,49.995,50.296,51.154,0.289,1,1.1667,20,102.778,102.451,102.978,0.369,-0.584,-0.03,0.369,0.369,1,0,
312,1790097224221425920,31.2,20,20,2240,1920,50.05,51.198,53.329,0.727,1,49.995,50.925,54.239,0.679,1,1.1667,20,102.778,101.749,102.978,0.369,0.045,-0.03,0.369,0.369,1,0,
313,1790097224321425920,31.3,20,20,2240,1920,50.05,51.221,53.329,0.909,1,49.995,50.947,54.239,0.906,1,1.1667,20,102.777,101.749,102.978,0.392,0.067,-0.032,0.392,0.392,1,0,
314,1790097224421425920,31.4,20,20,2240,1920,50.049,51.221,53.329,0.909,1,49.995,51.154,54.239,1.067,1,1.1667,20,102.777,101.749,102.978,0.392,0.274,-0.032,0.392,0.392,1,0,
315,1790097224521425920,31.5,20,20,2240,1920,50.049,51.221,53.329,0.924,1,50.002,51.154,54.239,1.069,1,1.1667,20,102.777,101.749,102.978,0.392,0.274,-0.032,0.392,0.392,1,0,
316,1790097224621425920,31.6,20,20,2240,1920,50.049,51.221,53.329,0.929,1,50.08,51.154,54.239,1.081,1,1.1667,20,102.778,101.749,102.978,0.392,0.274,-0.03,0.392,0.392,1,0,
317,1790097224721425920,31.7,20,20,2240,1920,50.049,51.221,53.329,0.929,1,50.002,51.154,54.239,1.099,1,1.1667,20,102.762,101.749,102.978,0.392,0.274,-0.047,0.392,0.392,1,0,
318,1790097224821425920,31.8,20,20,2240,1920,50.049,51.221,53.329,1.042,1,50.08,51.154,54.239,1.096,1,1.1667,20,102.748,101.749,102.898,0.392,0.274,-0.061,0.392,0.392,1,0,
319,1790097224921425920,31.9,20,21,2240,2016,50.049,51.221,53.329,1.017,1,50.073,50.947,54.239,1.162,1,1.1111,21,102.749,101.749,102.898,0.392,0.067,-0.06,0.392,0.392,1,0,
320,1790097225021425920,32.0,20,21,2240,2016,50.049,50.763,53.329,0.834,1,50.095,50.947,54.239,1.188,1,1.1111,21,102.777,101.749,102.898,-0.066,0.067,-0.032,0.067,0.067,1,0,
321,1790097225121425920,32.1,20,20,2240,1920,50.049,50.763,53.073,0.648,1,50.095,50.947,54.239,0.969,1,1.1667,20,102.791,101.749,102.903,-0.066,0.067,-0.018,0.067,0.067,1,0,
322,1790097225221425920,32.2,20,21,2240,2016,50.049,50.374,52.826,0.482,1,50.088,50.947,53.091,0.847,1,1.1111,21,102.794,102.033,102.905,-0.455,0.067,-0.015,0.067,0.067,1,0,
323,1790097225321425920,32.3,18,18,2016,1728,50.049,50.374,52.826,0.513,1,50.08,50.364,52.625,0.545,1,1.1667,18,102.802,102.597,102.905,-0.455,-0.516,-0.007,-0.455,-0.455,1,0,
324,1790097225421425920,32.4,20,21,2240,2016,50.052,50.763,52.826,0.727,1,50.088,50.364,52.625,0.472,1,1.1111,21,102.797,102.499,102.905,-0.066,-0.516,-0.012,-0.066,-0.066,1,0,
325,1790097225521425920,32.5,20,21,2240,2016,50.05,50.763,52.826,0.707,1,50.103,50.679,52.625,0.711,1,1.1111,21,102.807,102.499,102.928,-0.066,-0.201,-0.002,-0.066,-0.066,1,0,
326,1790097225621425920,32.6,20,21,2240,2016,50.05,50.763,52.826,0.707,1,50.08,50.679,52.625,0.706,1,1.1111,21,102.797,102.499,102.928,-0.066,-0.201,-0.012,-0.066,-0.066,1,0,
327,1790097225721425920,32.7,20,21,2240,2016,50.052,51.038,52.826,0.61,1,50.033,50.679,52.625,0.733,1,1.1111,21,102.787,101.779,102.928,0.209,-0.201,-0.022,0.209,0.209,1,0,
328,1790097225821425920,32.8,20,21,2240,2016,50.05,51.038,52.826,0.562,1,50.048,50.954,52.625,0.8,1,1.1111,21,102.787,101.695,102.928,0.209,0.074,-0.022,0.209,0.209,1,0,
329,1790097225921425920,32.9,20,20,2240,1920,50.049,51.038,52.826,0.558,1,50.105,50.954,52.625,0.638,1,1.1667,20,102.777,101.695,102.928,0.209,0.074,-0.032,0.209,0.209,1,0,
330,1790097226021425920,33.0,20,20,2240,1920,50.052,51.175,52.826,0.609,1,50.095,50.954,52.625,0.663,1,1.1667,20,102.761,101.695,102.928,0.346,0.074,-0.048,0.346,0.346,1,0,
331,1790097226121425920,33.1,20,19,2240,1824,50.05,51.038,52.454,0.473,1,50.116,51.491,52.625,0.767,1,1.2281,19,102.751,101.695,102.928,0.209,0.611,-0.058,0.611,0.611,1,0,
332,1790097226221425920,33.2,20,21,2240,2016,50.05,51.038,52.454,0.472,1,50.066,50.954,52.419,0.633,1,1.1111,21,102.737,101.695,102.928,0.209,0.074,-0.072,0.209,0.209,1,0,
333,1790097226321425920,33.3,18,19,2016,1824,50.05,51.038,52.454,0.37,1,50.066,50.954,52.419,0.682,1,1.1053,19,102.74,101.695,102.928,0.209,0.074,-0.069,0.209,0.209,1,0,
334,1790097226421425920,33.4,20,21,2240,2016,50.049,50.055,51.175,0.204,1,50.066,50.954,52.419,0.673,1,1.1111,21,102.69,101.695,102.928,-0.774,0.074,-0.119,0.074,0.074,1,0,
335,1790097226521425920,33.5,20,21,2240,2016,50.049,50.639,51.175,0.237,1,50.071,50.877,51.491,0.437,1,1.1111,21,102.69,101.695,102.893,-0.19,-0.003,-0.119,-0.003,-0.003,1,0,
336,1790097226621425920,33.6,20,21,2240,2016,50.049,50.055,51.175,0.189,1,50.109,50.877,51.491,0.454,1,1.1111,21,102.69,101.695,102.858,-0.774,-0.003,-0.119,-0.003,-0.003,1,0,
337,1790097226721425920,33.7,20,21,2240,2016,50.049,50.055,51.175,0.186,1,50.123,50.877,51.491,0.409,1,1.1111,21,102.69,101.695,102.881,-0.774,-0.003,-0.119,-0.003,-0.003,1,0,
338,1790097226821425920,33.8,20,20,2240,1920,50.049,50.055,51.175,0.189,1,50.097,50.604,51.491,0.378,1,1.1667,20,102.747,101.744,102.881,-0.774,-0.276,-0.062,-0.276,-0.276,1,0,
339,1790097226921425920,33.9,20,21,2240,2016,50.049,50.052,50.639,0.066,1,50.067,50.604,51.491,0.387,1,1.1111,21,102.755,101.744,102.973,-0.777,-0.276,-0.054,-0.276,-0.276,1,0,
340,1790097227021425920,34.0,19,20,2128,1920,50.05,50.052,50.639,0.055,1,50.12,50.604,51.491,0.325,1,1.1083,20,102.748,101.744,102.973,-0.777,-0.276,-0.061,-0.276,-0.276,1,0,
341,1790097227121425920,34.1,20,21,2240,2016,50.049,50.05,50.639,0.065,1,50.109,50.291,50.877,0.225,1,1.1111,21,102.813,101.744,102.973,-0.779,-0.589,0.004,-0.589,-0.589,1,0,
342,1790097227221425920,34.2,20,21,2240,2016,50.049,50.052,51.408,0.143,1,50.111,50.291,50.877,0.204,1,1.1111,21,102.813,101.744,102.973,-0.777,-0.589,0.004,-0.589,-0.589,1,0,
343,1790097227321425920,34.3,18,19,2016,1824,50.049,50.052,51.408,0.16,1,50.111,50.22,50.604,0.176,1,1.1053,19,102.815,102.569,102.973,-0.777,-0.66,0.006,-0.66,-0.66,1,0,
344,1790097227421425920,34.4,20,21,2240,2016,50.049,50.05,51.408,0.185,1,50.111,50.22,51.756,0.329,1,1.1111,21,102.813,102.412,102.973,-0.779,-0.66,0.004,-0.66,-0.66,1,0,
345,1790097227521425920,34.5,21,21,2352,2016,50.049,50.05,51.408,0.174,1,50.111,50.22,51.756,0.325,1,1.1667,21,102.813,102.412,102.973,-0.779,-0.66,0.004,-0.66,-0.66,1,0,
346,1790097227621425920,34.6,21,21,2352,2016,50.049,50.05,51.408,0.171,1,50.058,50.2,51.756,0.304,1,1.1667,21,102.822,102.412,102.973,-0.779,-0.68,0.013,-0.68,-0.68,1,0,
347,1790097227721425920,34.7,20,21,2240,2016,50.049,50.05,51.408,0.165,1,50.02,50.2,51.756,0.293,1,1.1111,21,102.815,102.412,102.973,-0.779,-0.68,0.006,-0.68,-0.68,1,0,
348,1790097227821425920,34.8,21,21,2352,2016,50.049,50.05,51.408,0.157,1,50.02,50.22,51.756,0.298,1,1.1667,21,102.794,102.412,102.973,-0.779,-0.66,-0.015,-0.66,-0.66,1,0,
349,1790097227921425920,34.9,21,20,2352,1920,50.049,50.053,51.408,0.273,1,50.038,50.22,51.756,0.285,1,1.225,20,102.805,102.412,102.901,-0.776,-0.66,-0.004,-0.66,-0.66,1,0,
350,1790097228021425920,35.0,21,21,2352,2016,50.049,50.312,52.918,0.429,1,50.039,50.14,51.756,0.364,1,1.1667,21,102.815,102.412,102.901,-0.517,-0.74,0.006,-0.517,-0.517,1,0,
351,1790097228121425920,35.1,21,21,2352,2016,50.049,50.312,52.918,0.485,1,50.039,50.379,53.087,0.519,1,1.1667,21,102.829,102.412,102.933,-0.517,-0.501,0.02,-0.501,-0.501,1,0,
352,1790097228221425920,35.2,21,21,2352,2016,50.049,50.312,52.918,0.478,1,50.039,50.379,53.087,0.588,1,1.1667,21,102.829,102.412,103.012,-0.517,-0.501,0.02,-0.501,-0.501,1,0,
353,1790097228321425920,35.3,19,19,2128,1824,50.049,50.312,52.918,0.454,1,50.039,50.14,53.087,0.527,1,1.1667,19,102.829,102.522,103.012,-0.517,-0.74,0.02,-0.517,-0.517,1,0,
354,1790097228421425920,35.4,21,21,2352,2016,50.049,51.389,53.472,0.766,1,50.057,50.424,53.087,0.519,1,1.1667,21,102.794,101.927,103.012,0.56,-0.456,-0.015,0.56,0.56,1,0,
355,1790097228521425920,35.5,21,21,2352,2016,50.049,51.389,53.472,0.794,1,50.057,51.354,53.577,0.855,1,1.1667,21,102.829,101.927,103.012,0.56,0.474,0.02,0.56,0.56,1,0,
356,1790097228621425920,35.6,21,21,2352,2016,50.049,51.492,53.472,0.926,1,50.021,51.354,53.577,0.885,1,1.1667,21,102.781,101.927,103.012,0.663,0.474,-0.028,0.663,0.663,1,0,
357,1790097228721425920,35.7,21,21,2352,2016,50.048,51.492,53.472,0.928,1,50.057,51.602,53.577,1.019,1,1.1667,21,102.762,101.927,103.012,0.663,0.722,-0.047,0.722,0.722,1,0,
358,1790097228821425920,35.8,21,20,2352,1920,50.048,51.492,53.472,0.946,1,50.041,51.602,53.577,1.059,1,1.225,20,102.796,101.927,103.012,0.663,0.722,-0.013,0.722,0.722,1,0,
359,1790097228921425920,35.9,20,21,2240,2016,50.049,51.389,53.472,0.723,1,49.902,51.602,53.577,1.1,1,1.1111,21,102.738,101.783,103.012,0.56,0.722,-0.071,0.722,0.722,1,0,
360,1790097229021425920,36.0,21,21,2352,2016,50.049,51.389,53.472,0.669,1,50.03,51.602,53.577,0.999,1,1.1667,21,102.721,101.783,103.012,0.56,0.722,-0.088,0.722,0.722,1,0,
361,1790097229121425920,36.1,21,21,2352,2016,50.049,51.389,53.472,0.755,1,50.055,51.354,53.577,0.853,1,1.1667,21,102.734,101.783,103.012,0.56,0.474,-0.075,0.56,0.56,1,0,
362,1790097229221425920,36.2,21,21,2352,2016,50.049,51.492,53.472,0.829,1,50.03,51.354,53.577,0.923,1,1.1667,21,102.734,101.783,102.943,0.663,0.474,-0.075,0.663,0.663,1,0,
363,1790097229321425920,36.3,19,19,2128,1824,50.049,51.492,53.472,0.897,1,50.03,51.165,53.577,0.914,1,1.1667,19,102.738,101.783,102.943,0.663,0.285,-0.071,0.663,0.663,1,0,
364,1790097229421425920,36.4,21,21,2352,2016,50.049,50.408,52.753,0.595,1,50.03,51.602,53.577,0.95,1,1.1667,21,102.762,101.783,103.532,-0.421,0.722,-0.047,0.722,0.722,1,0,
365,1790097229521425920,36.5,21,21,2352,2016,50.05,51.492,53.11,0.72,1,49.922,51.165,52.046,0.724,1,1.1667,21,102.807,101.783,103.532,0.663,0.285,-0.002,0.663,0.663,1,0,
366,1790097229621425920,36.6,21,21,2352,2016,50.05,52.753,72.986,1.735,1,50.03,51.602,53.303,0.858,1,1.1667,21,102.798,101.783,103.532,1.924,0.722,-0.011,1.924,1.924,1,0,
367,1790097229721425920,36.7,21,20,2352,1920,50.05,52.753,72.986,2.594,1,50.038,51.165,53.303,0.761,1,1.225,20,102.808,101.783,103.532,1.924,0.285,-0.001,1.924,1.924,1,0,
368,1790097229821425920,36.8,19,21,2128,2016,50.05,52.753,72.986,2.862,1,50.1,52.543,72.986,2.696,1,1.0556,21,102.809,101.783,103.532,1.924,1.663,0.0,1.924,1.924,1,0,
369,1790097229921425920,36.9,20,19,2240,1824,50.05,53.11,150.262,13.246,3,50.1,52.543,72.986,2.933,1,1.2281,19,102.812,102.513,103.532,2.281,1.663,0.003,2.281,2.281,1,0,
370,1790097230021425920,37.0,20,20,2240,1920,50.049,72.986,150.262,17.932,3,50.088,53.303,150.331,13.269,3,1.1667,20,102.853,102.541,103.832,22.157,2.423,0.044,22.157,22.157,1,1,1790097230064252562
371,1790097230121425920,37.1,20,21,2240,2016,50.053,72.986,150.262,18.938,3,49.9,72.986,150.331,16.99,3,1.1111,21,102.864,102.541,103.832,22.157,22.106,0.055,22.157,22.157,1,1,
372,1790097230221425920,37.2,21,21,2352,2016,50.053,72.986,150.262,18.118,3,50.033,72.986,150.331,17.961,3,1.1667,21,102.864,102.541,103.832,22.157,22.106,0.055,22.157,22.157,1,1,
373,1790097230321425920,37.3,21,21,2352,2016,50.067,72.986,150.262,19.585,3,49.994,72.986,150.331,18.089,3,1.1667,21,102.825,102.527,103.832,22.157,22.106,0.016,22.157,22.157,1,1,
374,1790097230421425920,37.4,20,21,2240,2016,50.08,72.986,150.262,21.948,3,49.994,72.986,150.331,19.598,3,1.1111,21,102.807,102.005,103.832,22.157,22.106,-0.002,22.157,22.157,1,1,
375,1790097230521425920,37.5,21,21,2352,2016,50.152,72.986,150.262,21.906,3,50.063,72.986,150.331,21.023,3,1.1667,21,102.822,102.005,103.832,22.157,22.106,0.013,22.157,22.157,1,1,
376,1790097230621425920,37.6,21,21,2352,2016,48.327,67.057,150.262,21.148,3,50.063,72.986,150.331,21.905,3,1.1667,21,102.822,102.005,103.832,16.228,22.106,0.013,22.106,22.106,1,1,
377,1790097230721425920,37.7,21,21,2352,2016,48.327,67.057,150.262,20.907,3,48.08,67.096,150.331,21.076,3,1.1667,21,102.811,102.005,103.832,16.228,16.216,0.002,16.228,16.228,1,1,
378,1790097230821425920,37.8,22,21,2464,2016,46.573,67.057,89.08,17.045,3,48.08,67.096,150.331,20.81,3,1.2222,21,102.811,102.005,103.832,16.228,16.216,0.002,16.228,16.228,1,1,
379,1790097230921425920,37.9,21,22,2352,2112,48.327,65.684,80.727,12.464,2,46.654,67.096,88.136,16.933,3,1.1136,22,102.808,102.005,103.832,14.855,16.216,-0.0,16.216,16.216,1,1,
380,1790097231021425920,38.0,20,21,2240,2016,46.573,65.684,80.727,10.752,1,48.08,65.709,80.558,12.421,2,1.1111,21,102.786,102.005,103.359,14.855,14.829,-0.023,14.855,14.855,1,1,
381,1790097231121425920,38.1,21,20,2352,1920,46.191,67.057,149.507,18.902,3,46.654,65.709,80.558,10.745,1,1.225,20,102.781,102.005,102.896,16.228,14.829,-0.028,16.228,16.228,1,1,
382,1790097231221425920,38.2,20,21,2240,2016,45.81,67.057,149.507,19.695,3,46.256,67.096,149.485,18.844,3,1.1111,21,102.799,102.005,103.734,16.228,16.216,-0.01,16.228,16.228,1,1,
383,1790097231321425920,38.3,21,21,2352,2016,46.191,80.727,149.507,21.154,3,46.256,67.096,149.485,18.744,3,1.1667,21,102.806,102.005,103.734,29.898,16.216,-0.003,29.898,29.898,1,1,
384,1790097231421425920,38.4,19,19,2128,1824,46.191,80.727,149.507,21.789,3,46.256,67.096,149.485,19.131,3,1.1667,19,102.82,102.488,103.734,29.898,16.216,0.011,29.898,29.898,1,1,
385,1790097231521425920,38.5,21,21,2352,2016,47.491,80.727,149.507,20.116,3,47.592,80.558,149.485,20.523,3,1.1667,21,102.806,102.488,103.734,29.898,29.678,-0.003,29.898,29.898,1,1,
386,1790097231621425920,38.6,21,21,2352,2016,49.05,80.727,149.507,20.989,3,47.592,80.558,149.485,19.971,3,1.1667,21,102.806,102.488,103.734,29.898,29.678,-0.003,29.898,29.898,1,1,
387,1790097231721425920,38.7,21,21,2352,2016,49.05,80.727,149.507,21.931,3,49.132,80.558,149.485,20.838,3,1.1667,21,102.806,102.488,103.734,29.898,29.678,-0.003,29.898,29.898,1,1,
388,1790097231821425920,38.8,21,21,2352,2016,50.25,67.697,149.507,20.575,3,49.132,88.393,149.485,24.85,3,1.1667,21,102.82,102.488,141.984,16.868,37.513,0.011,37.513,37.513,1,1,
389,1790097231921425920,38.9,21,20,2352,1920,52.191,67.697,149.507,19.865,3,49.734,88.393,149.485,25.625,3,1.225,20,102.878,102.488,143.426,16.868,37.513,0.07,37.513,37.513,1,1,
390,1790097232021425920,39.0,21,20,2352,1920,52.191,67.697,88.33,17.215,3,49.734,88.393,149.485,26.141,3,1.225,20,102.889,102.488,161.616,16.868,37.513,0.081,37.513,37.513,1,1,
391,1790097232121425920,39.1,23,20,2576,1920,50.25,67.697,88.33,16.99,3,49.734,84.948,92.813,24.939,3,1.3417,20,102.932,102.744,186.017,16.868,34.068,0.123,34.068,34.068,1,1,
392,1790097232221425920,39.2,21,21,2352,2016,50.433,67.697,88.33,13.336,1,50.22,84.948,92.813,25.015,3,1.1667,21,102.946,102.744,186.017,16.868,34.068,0.137,34.068,34.068,1,1,
393,1790097232321425920,39.3,21,19,2352,1824,51.648,67.697,78.032,10.842,1,57.629,86.723,92.813,24.418,2,1.2895,19,119.877,102.744,216.79,16.868,35.843,17.068,35.843,35.843,1,1,
394,1790097232421425920,39.4,19,18,2128,1728,51.648,67.697,78.032,11.222,1,50.706,84.948,92.813,23.637,2,1.2315,18,126.37,102.744,216.79,16.868,34.068,23.561,34.068,34.068,1,1,
395,1790097232521425920,39.5,21,18,2352,1728,53.03,67.697,78.032,11.662,1,67.649,86.723,92.813,23.98,2,1.3611,18,152.385,102.744,276.929,16.868,35.843,49.576,35.843,35.843,1,1,
396,1790097232621425920,39.6,21,17,2352,1632,52.746,60.547,78.032,10.965,1,71.916,88.302,92.813,24.522,2,1.4412,17,161.616,102.744,276.929,9.718,37.422,58.807,37.422,37.422,1,1,
397,1790097232721425920,39.7,21,17,2352,1632,51.389,60.547,78.032,10.063,1,77.322,88.302,92.813,24.143,2,1.4412,17,186.017,102.744,301.597,9.718,37.422,83.208,37.422,37.422,1,1,
398,1790097232821425920,39.8,21,18,2352,1728,51.389,60.547,78.032,10.004,1,76.183,84.948,88.302,23.831,2,1.3611,18,216.683,119.877,314.67,9.718,34.068,113.874,34.068,34.068,1,1,
399,1790097232921425920,39.9,21,17,2352,1632,50.174,59.382,78.032,10.634,1,61.118,86.723,88.302,22.488,2,1.4412,17,241.114,132.863,314.67,8.553,35.843,138.305,35.843,35.843,1,1,
400,1790097233021425920,40.0,21,18,2352,1728,51.389,58.818,74.877,8.442,1,47.833,84.948,88.302,21.278,2,1.3611,18,262.433,161.344,332.737,7.989,34.068,159.624,34.068,34.068,1,1,
401,1790097233121425920,40.1,20,18,2240,1728,52.487,58.818,74.877,7.448,1,45.585,81.205,88.302,19.344,2,1.2963,18,282.646,161.344,332.737,7.989,30.325,179.837,30.325,30.325,1,1,
402,1790097233221425920,40.2,21,17,2352,1632,52.746,59.382,100.695,12.204,2,45.365,81.205,88.302,15.487,1,1.4412,17,303.494,216.576,348.204,8.553,30.325,200.685,30.325,30.325,1,1,
403,1790097233321425920,40.3,21,17,2352,1632,51.141,58.818,100.695,11.125,2,45.365,81.205,88.302,15.253,1,1.4412,17,309.524,216.79,348.204,7.989,30.325,206.715,30.325,30.325,1,1,
404,1790097233421425920,40.4,21,19,2352,1824,51.141,59.382,100.695,10.647,2,44.887,80.652,122.444,18.478,2,1.2895,19,314.67,241.114,397.979,8.553,29.772,211.861,29.772,29.772,1,1,
405,1790097233521425920,40.5,21,19,2352,1824,51.141,59.382,100.695,11.584,2,44.887,80.615,122.444,16.183,2,1.2895,19,325.774,241.208,397.979,8.553,29.735,222.965,29.735,29.735,1,1,
406,1790097233621425920,40.6,21,20,2352,1920,51.141,66.202,100.695,12.134,2,44.629,80.652,122.444,17.967,2,1.225,20,327.668,280.636,397.979,15.373,29.772,224.859,29.772,29.772,1,1,
407,1790097233721425920,40.7,21,20,2352,1920,52.686,66.202,100.695,13.104,2,44.629,81.747,122.444,19.87,2,1.225,20,327.668,280.636,397.979,15.373,30.867,224.859,30.867,30.867,1,1,
408,1790097233821425920,40.8,20,21,2240,2016,50.733,66.202,100.695,13.46,2,43.99,81.747,122.444,21.049,2,1.1111,21,330.25,280.636,397.979,15.373,30.867,227.441,30.867,30.867,1,1,
409,1790097233921425920,40.9,21,20,2352,1920,51.141,67.142,100.695,14.475,2,44.466,82.042,122.444,21.943,2,1.225,20,331.938,280.636,397.979,16.313,31.162,229.13,31.162,31.162,1,1,
410,1790097234021425920,41.0,21,20,2352,1920,48.996,67.142,100.695,15.567,2,44.466,88.631,126.727,28.314,2,1.225,20,335.162,280.636,409.091,16.313,37.751,232.353,37.751,37.751,1,1,
411,1790097234121425920,41.1,21,20,2352,1920,47.792,66.564,68.465,12.941,2,44.466,88.631,126.727,30.564,2,1.225,20,342.145,280.636,409.091,15.735,37.751,239.336,37.751,37.751,1,1,
412,1790097234221425920,41.2,21,20,2352,1920,49.529,66.564,68.465,10.827,1,44.629,88.631,126.727,32.553,2,1.225,20,345.39,280.636,409.091,15.735,37.751,242.581,37.751,37.751,1,1,
413,1790097234321425920,41.3,19,20,2128,1920,47.792,66.564,68.465,11.717,1,43.513,82.417,126.727,30.292,2,1.1083,20,347.593,280.636,417.598,15.735,31.537,244.784,31.537,31.537,1,1,
414,1790097234421425920,41.4,17,18,1904,1728,47.792,66.564,68.465,11.234,1,45.179,82.417,126.727,31.166,2,1.1019,18,347.593,280.636,417.598,15.735,31.537,244.784,31.537,31.537,1,1,
415,1790097234521425920,41.5,20,16,2240,1536,47.259,68.465,166.672,21.634,3,43.606,82.417,126.727,32.16,2,1.4583,16,365.692,310.505,417.598,17.636,31.537,262.883,31.537,31.537,1,1,
416,1790097234621425920,41.6,21,18,2352,1728,46.381,68.465,166.672,22.318,3,43.606,82.417,176.173,39.067,3,1.3611,18,383.504,310.505,531.434,17.636,31.537,280.695,31.537,31.537,1,1,
417,1790097234721425920,41.7,21,19,2352,1824,46.381,79.223,166.672,27.09,3,43.523,82.417,176.173,37.033,3,1.2895,19,392.031,313.783,531.434,28.394,31.537,289.222,31.537,31.537,1,1,
418,1790097234821425920,41.8,20,19,2240,1824,45.651,79.223,166.672,27.412,3,43.523,82.417,176.173,35.231,3,1.2281,19,392.572,313.783,531.434,28.394,31.537,289.763,31.537,31.537,1,1,
419,1790097234921425920,41.9,21,19,2352,1824,46.409,79.223,166.672,28.921,3,43.523,121.906,176.173,37.46,3,1.2895,19,411.777,331.301,531.434,28.394,71.026,308.968,71.026,71.026,1,1,
420,1790097235021425920,42.0,21,18,2352,1728,46.409,82.882,166.672,31.458,3,43.439,82.417,176.173,34.764,3,1.3611,18,413.418,331.301,531.434,32.053,31.537,310.609,32.053,32.053,1,1,
421,1790097235121425920,42.1,21,17,2352,1632,46.537,82.882,166.672,32.168,3,43.523,176.173,209.466,42.194,3,1.4412,17,417.598,331.301,610.304,32.053,125.293,314.789,125.293,125.293,1,1,
422,1790097235221425920,42.2,21,17,2352,1632,46.537,82.882,166.672,35.092,3,43.523,176.173,209.466,42.153,3,1.4412,17,420.128,331.301,632.908,32.053,125.293,317.319,125.293,125.293,1,1,
423,1790097235321425920,42.3,22,16,2464,1536,45.651,80.695,126.201,29.182,3,43.606,176.173,209.466,45.587,3,1.6042,16,446.332,331.301,632.908,29.866,125.293,343.523,125.293,125.293,1,1,
424,1790097235421425920,42.4,19,14,2128,1344,53.199,80.695,126.201,28.411,2,41.266,121.906,209.466,42.223,3,1.5833,14,470.491,331.301,632.908,29.866,71.026,367.682,71.026,71.026,1,1,
425,1790097235521425920,42.5,21,16,2352,1536,46.537,81.602,126.201,25.447,2,43.704,123.121,209.466,44.809,3,1.5312,16,491.168,331.301,724.405,30.773,72.241,388.359,72.241,72.241,1,1,
426,1790097235621425920,42.6,21,14,2352,1344,46.537,82.882,126.201,26.55,2,77.968,123.121,209.466,41.344,2,1.75,14,580.498,331.301,771.018,32.053,72.241,477.69,72.241,72.241,1,1,
427,1790097235721425920,42.7,22,15,2464,1440,45.651,81.602,83.1,22.73,2,62.691,123.121,209.466,41.053,2,1.7111,15,610.304,331.301,771.018,30.773,72.241,507.495,72.241,72.241,1,1,
428,1790097235821425920,42.8,21,15,2352,1440,45.337,82.882,83.675,22.4,2,62.691,123.121,209.466,41.008,2,1.6333,15,693.077,418.845,785.056,32.053,72.241,590.268,72.241,72.241,1,1,
429,1790097235921425920,42.9,21,16,2352,1536,45.337,82.882,83.675,20.374,2,47.413,123.121,209.466,38.745,2,1.5312,16,687.226,418.845,785.056,32.053,72.241,584.417,72.241,72.241,1,1,
430,1790097236021425920,43.0,22,16,2464,1536,43.25,81.602,83.675,19.064,2,47.413,88.936,123.121,27.716,2,1.6042,16,711.555,561.866,785.056,30.773,38.056,608.746,38.056,38.056,1,1,
431,1790097236121425920,43.1,21,19,2352,1824,45.279,81.602,83.675,17.924,1,46.728,85.083,123.121,27.847,2,1.2895,19,721.726,561.866,785.056,30.773,34.203,618.917,34.203,34.203,1,1,
432,1790097236221425920,43.2,21,19,2352,1824,45.279,81.602,83.675,16.845,1,46.728,87.301,123.121,28.165,2,1.2895,19,722.143,561.866,785.056,30.773,36.421,619.334,36.421,36.421,1,1,
433,1790097236321425920,43.3,21,17,2352,1632,45.279,81.602,83.675,16.553,1,46.728,121.736,123.121,28.418,2,1.4412,17,724.405,646.935,819.713,30.773,70.856,621.596,70.856,70.856,1,1,
434,1790097236421425920,43.4,21,19,2352,1824,47.037,69.677,83.675,14.873,1,42.794,83.688,121.736,23.658,2,1.2895,19,731.493,681.375,819.713,18.848,32.808,628.684,32.808,32.808,1,1,
435,1790097236521425920,43.5,21,20,2352,1920,49.362,76.789,83.675,16.638,1,43.091,86.812,121.736,24.713,2,1.225,20,738.151,681.375,819.713,25.96,35.932,635.342,35.932,35.932,1,1,
436,1790097236621425920,43.6,21,19,2352,1824,49.362,69.677,83.675,15.12,1,42.794,87.06,121.736,26.351,2,1.2895,19,750.963,681.375,819.713,18.848,36.18,648.154,36.18,36.18,1,1,
437,1790097236721425920,43.7,21,19,2352,1824,50.577,76.789,88.014,18.176,2,44.566,87.06,121.736,28.66,2,1.2895,19,760.22,681.375,849.984,25.96,36.18,657.411,36.18,36.18,1,1,
438,1790097236821425920,43.8,21,17,2352,1632,50.577,76.789,113.961,21.403,2,43.377,87.301,121.736,26.883,2,1.4412,17,768.781,681.375,849.984,25.96,36.421,665.972,36.421,36.421,1,1,
439,1790097236921425920,43.9,21,17,2352,1632,50.577,76.789,113.961,21.743,2,43.377,121.736,125.097,32.038,2,1.4412,17,784.475,687.442,923.024,25.96,70.856,681.666,70.856,70.856,1,1,
440,1790097237021425920,44.0,21,18,2352,1728,47.037,76.789,113.961,20.928,2,43.663,121.736,127.238,37.359,2,1.3611,18,797.308,687.442,945.575,25.96,70.856,694.499,70.856,70.856,1,1,
441,1790097237121425920,44.1,21,19,2352,1824,50.194,76.789,113.961,21.063,2,42.915,121.736,127.238,33.353,2,1.2895,19,822.825,687.442,945.575,25.96,70.856,720.016,70.856,70.856,1,1,
442,1790097237221425920,44.2,22,18,2464,1728,46.768,76.789,113.961,19.121,2,42.878,121.736,127.238,30.195,2,1.4259,18,849.186,731.493,945.575,25.96,70.856,746.377,70.856,70.856,1,1,
443,1790097237321425920,44.3,21,19,2352,1824,47.674,76.789,113.961,18.807,2,42.984,87.06,127.238,26.355,2,1.2895,19,854.882,760.22,945.575,25.96,36.18,752.073,36.18,36.18,1,1,
444,1790097237421425920,44.4,21,19,2352,1824,47.349,76.789,113.961,18.936,2,43.104,87.06,127.238,26.229,2,1.2895,19,864.573,760.22,945.575,25.96,36.18,761.764,36.18,36.18,1,1,
445,1790097237521425920,44.5,21,19,2352,1824,47.349,68.923,113.961,17.947,2,43.104,87.06,127.238,26.029,2,1.2895,19,865.644,795.615,945.575,18.094,36.18,762.835,36.18,36.18,1,1,
446,1790097237621425920,44.6,21,18,2352,1728,46.72,68.923,113.961,17.175,2,43.006,83.265,127.238,24.702,2,1.3611,18,869.414,822.825,945.575,18.094,32.385,766.605,32.385,32.385,1,1,
447,1790097237721425920,44.7,22,20,2464,1920,47.323,67.645,113.961,15.922,2,43.203,87.753,127.238,24.423,2,1.2833,20,874.298,822.825,945.575,16.816,36.873,771.489,36.873,36.873,1,1,
448,1790097237821425920,44.8,22,19,2464,1824,47.323,66.83,68.923,12.916,2,42.942,83.265,127.238,21.284,2,1.3509,19,881.153,845.914,945.575,16.001,32.385,778.344,32.385,32.385,1,1,
449,1790097237921425920,44.9,21,18,2352,1728,47.951,62.471,67.645,10.737,1,43.006,83.265,128.161,20.061,2,1.3611,18,881.486,845.914,971.469,11.642,32.385,778.677,32.385,32.385,1,1,
450,1790097238021425920,45.0,21,20,2352,1920,51.1,66.83,81.545,12.646,1,43.006,83.265,128.161,22.143,2,1.225,20,885.729,845.914,1013.937,16.001,32.385,782.92,32.385,32.385,1,1,
451,1790097238121425920,45.1,21,18,2352,1728,47.951,66.83,81.545,12.981,1,44.11,84.174,128.161,24.402,2,1.3611,18,902.38,845.914,1013.937,16.001,33.294,799.571,33.294,33.294,1,1,
452,1790097238221425920,45.2,21,18,2352,1728,51.55,66.83,81.545,13.321,1,43.531,84.174,128.161,22.278,2,1.3611,18,913.222,845.914,1013.937,16.001,33.294,810.413,33.294,33.294,1,1,
453,1790097238321425920,45.3,21,20,2352,1920,50.504,66.83,81.545,12.698,1,43.968,84.174,128.161,24.12,2,1.225,20,945.706,845.914,1013.937,16.001,33.294,842.898,33.294,33.294,1,1,
454,1790097238421425920,45.4,19,17,2128,1632,50.504,66.83,81.545,13.572,1,44.039,87.753,128.161,26.079,2,1.3039,17,959.914,845.914,1013.937,16.001,36.873,857.105,36.873,36.873,1,1,
455,1790097238521425920,45.5,21,17,2352,1632,50.504,66.83,81.545,14.851,1,44.195,87.753,128.161,25.817,2,1.4412,17,972.932,845.914,1013.937,16.001,36.873,870.123,36.873,36.873,1,1,
456,1790097238621425920,45.6,20,17,2240,1632,57.025,78.793,83.861,16.3,1,44.195,85.762,128.161,25.665,2,1.3725,17,978.125,863.797,1049.806,27.964,34.882,875.316,34.882,34.882,1,1,
457,1790097238721425920,45.7,20,18,2240,1728,53.686,78.793,83.861,19.012,2,44.281,85.32,128.161,28.99,2,1.2963,18,987.687,904.805,1087.501,27.964,34.44,884.878,34.44,34.44,1,1,
458,1790097238821425920,45.8,22,17,2464,1632,53.686,78.793,83.861,17.861,2,61.469,85.32,85.762,27.748,2,1.5098,17,997.0,957.765,1087.501,27.964,34.44,894.191,34.44,34.44,1,1,
459,1790097238921425920,45.9,21,20,2352,1920,52.722,78.793,83.861,16.692,2,44.281,85.32,87.669,28.278,2,1.225,20,1001.123,957.765,1087.501,27.964,34.44,898.314,34.44,34.44,1,1,
460,1790097239021425920,46.0,21,19,2352,1824,52.722,68.665,83.861,15.179,2,44.125,85.762,87.669,25.691,2,1.2895,19,1015.614,957.765,1087.501,17.836,34.882,912.805,34.882,34.882,1,1,
461,1790097239121425920,46.1,21,19,2352,1824,52.722,68.665,83.861,15.418,2,61.312,85.762,87.669,27.726,2,1.2895,19,1028.498,957.765,1095.072,17.836,34.882,925.689,34.882,34.882,1,1,
462,1790097239221425920,46.2,20,18,2240,1728,53.686,78.793,83.861,17.047,2,43.968,85.762,87.669,27.333,2,1.2963,18,1038.611,957.765,1095.072,27.964,34.882,935.802,34.882,34.882,1,1,
463,1790097239321425920,46.3,21,18,2352,1728,55.581,79.23,105.835,22.693,2,78.656,85.762,87.669,27.343,2,1.3611,18,1045.041,957.765,1113.635,28.401,34.882,942.232,34.882,34.882,1,1,
464,1790097239421425920,46.4,21,18,2352,1728,49.498,79.23,105.835,21.785,2,78.656,85.32,87.669,27.041,2,1.3611,18,1050.895,987.749,1113.635,28.401,34.44,948.086,34.44,34.44,1,1,
465,1790097239521425920,46.5,21,19,2352,1824,49.498,79.23,105.835,20.411,2,43.058,86.46,124.963,32.614,3,1.2895,19,1056.941,1015.614,1166.292,28.401,35.58,954.132,35.58,35.58,1,1,
466,1790097239621425920,46.6,21,20,2352,1920,46.987,68.665,105.835,18.115,2,42.168,86.46,124.963,30.869,3,1.225,20,1068.985,1015.614,1166.292,17.836,35.58,966.176,35.58,35.58,1,1,
467,1790097239721425920,46.7,21,20,2352,1920,51.71,68.665,105.835,16.892,2,43.494,86.46,124.963,26.877,3,1.225,20,1067.768,1025.403,1166.292,17.836,35.58,964.959,35.58,35.58,1,1,
468,1790097239821425920,46.8,21,20,2352,1920,46.987,66.627,105.835,15.42,2,43.494,86.46,124.963,26.893,3,1.225,20,1073.117,1025.403,1166.292,15.798,35.58,970.308,35.58,35.58,1,1,
469,1790097239921425920,46.9,21,19,2352,1824,47.587,66.627,105.835,15.881,2,44.543,86.46,124.963,27.94,3,1.2895,19,1081.834,1025.403,1166.292,15.798,35.58,979.025,35.58,35.58,1,1,
470,1790097240021425920,47.0,20,19,2240,1824,47.238,66.627,105.835,15.736,2,43.721,84.701,124.963,25.569,3,1.2281,19,1095.015,1025.403,1166.292,15.798,33.821,992.206,33.821,33.821,1,1,
471,1790097240121425920,47.1,21,20,2352,1920,46.918,79.23,105.835,17.42,2,43.494,84.701,124.963,24.345,3,1.225,20,1095.179,1025.403,1166.292,28.401,33.821,992.37,33.821,33.821,1,1,
472,1790097240221425920,47.2,21,19,2352,1824,46.918,66.627,91.216,14.083,2,43.407,84.701,124.963,25.505,3,1.2895,19,1103.832,1025.403,1166.292,15.798,33.821,1001.023,33.821,33.821,1,1,
473,1790097240321425920,47.3,20,19,2240,1824,47.238,66.627,91.216,11.713,1,43.407,84.701,124.963,23.475,3,1.2281,19,1103.832,1025.403,1166.292,15.798,33.821,1001.023,33.821,33.821,1,1,
474,1790097240421425920,47.4,19,18,2128,1728,46.925,65.581,91.216,11.99,1,43.32,82.863,87.964,20.053,3,1.2315,18,1105.54,1025.403,1166.292,14.752,31.983,1002.731,31.983,31.983,1,1,
475,1790097240521425920,47.5,21,19,2352,1824,46.925,71.064,157.8,20.636,3,43.407,84.701,124.024,20.864,2,1.2895,19,1107.248,1026.771,1208.311,20.235,33.821,1004.439,33.821,33.821,1,1,
476,1790097240621425920,47.6,21,18,2352,1728,45.519,71.064,157.8,20.485,3,43.494,84.701,124.024,22.003,2,1.3611,18,1107.677,1026.771,1208.311,20.235,33.821,1004.868,33.821,33.821,1,1,
477,1790097240721425920,47.7,21,19,2352,1824,43.547,91.216,157.8,22.901,3,43.164,87.964,175.971,32.74,3,1.2895,19,1135.836,1059.705,1270.715,40.387,37.084,1033.027,40.387,40.387,1,1,
478,1790097240821425920,47.8,21,19,2352,1824,43.075,91.216,157.8,25.143,3,42.905,84.701,175.971,30.254,3,1.2895,19,1151.401,1059.705,1270.715,40.387,33.821,1048.592,40.387,40.387,1,1,
479,1790097240921425920,47.9,21,20,2352,1920,43.075,91.216,157.8,26.018,3,42.802,123.708,175.971,32.961,3,1.225,20,1157.18,1059.705,1270.715,40.387,72.828,1054.371,72.828,72.828,1,1,
480,1790097241021425920,48.0,21,19,2352,1824,43.075,75.322,157.8,24.112,3,42.35,123.708,175.971,37.267,3,1.2895,19,1164.608,1059.705,1270.715,24.493,72.828,1061.799,72.828,72.828,1,1,
481,1790097241121425920,48.1,21,19,2352,1824,47.786,75.322,157.8,23.812,3,42.905,123.708,175.971,39.492,3,1.2895,19,1168.467,1059.705,1270.715,24.493,72.828,1065.658,72.828,72.828,1,1,
482,1790097241221425920,48.2,21,19,2352,1824,45.987,75.322,157.8,23.541,3,43.487,123.708,175.971,39.669,3,1.2895,19,1172.264,1059.705,1270.715,24.493,72.828,1069.455,72.828,72.828,1,1,
483,1790097241321425920,48.3,21,17,2352,1632,45.987,75.322,157.8,22.974,3,43.856,124.024,175.971,44.352,3,1.4412,17,1188.774,1059.705,1270.715,24.493,73.144,1085.965,73.144,73.144,1,1,
484,1790097241421425920,48.4,19,16,2128,1536,45.987,74.567,94.483,19.166,3,44.704,124.024,175.971,47.195,3,1.3854,16,1197.88,1102.698,1270.715,23.738,73.144,1095.071,73.144,73.144,1,1,
485,1790097241521425920,48.5,23,19,2576,1824,47.941,74.567,94.483,16.847,3,44.1,119.28,175.971,37.393,3,1.4123,19,1234.316,1161.371,1302.995,23.738,68.4,1131.507,68.4,68.4,1,1,
486,1790097241621425920,48.6,21,18,2352,1728,49.652,74.567,94.483,14.323,1,44.704,85.779,123.708,31.675,3,1.3611,18,1235.274,1163.414,1354.719,23.738,34.899,1132.465,34.899,34.899,1,1,
487,1790097241721425920,48.7,22,20,2464,1920,48.322,65.657,75.322,11.891,1,44.704,85.779,123.708,30.278,3,1.2833,20,1238.015,1163.414,1376.063,14.828,34.899,1135.207,34.899,34.899,1,1,
488,1790097241821425920,48.8,21,16,2352,1536,49.027,65.657,75.322,9.184,1,80.683,85.779,119.28,26.982,2,1.5312,16,1271.872,1163.414,1376.063,14.828,34.899,1169.063,34.899,34.899,1,1,
489,1790097241921425920,48.9,21,18,2352,1728,49.027,62.897,67.714,8.006,1,44.965,84.574,119.28,26.355,2,1.3611,18,1283.618,1163.414,1385.143,12.068,33.694,1180.809,33.694,33.694,1,1,
490,1790097242021425920,49.0,21,16,2352,1536,50.183,65.657,76.113,8.912,1,44.965,85.779,119.28,21.43,1,1.5312,16,1302.916,1188.774,1411.947,14.828,34.899,1200.107,34.899,34.899,1,1,
491,1790097242121425920,49.1,21,17,2352,1632,48.558,62.897,76.113,9.298,1,44.286,85.779,119.28,18.236,1,1.4412,17,1341.453,1234.557,1411.947,12.068,34.899,1238.644,34.899,34.899,1,1,
492,1790097242221425920,49.2,21,19,2352,1824,50.183,62.897,76.113,9.185,1,43.781,85.779,119.28,21.09,2,1.2895,19,1354.719,1240.039,1417.802,12.068,34.899,1251.91,34.899,34.899,1,1,
493,1790097242321425920,49.3,20,19,2240,1824,49.557,62.897,76.113,9.434,1,43.595,84.574,86.927,17.265,2,1.2281,19,1354.719,1268.103,1417.802,12.068,33.694,1251.91,33.694,33.694,1,1,
494,1790097242421425920,49.4,18,17,2016,1632,49.557,62.897,76.113,10.064,1,43.595,85.779,86.927,19.08,2,1.2353,17,1358.086,1291.595,1417.802,12.068,34.899,1255.277,34.899,34.899,1,1,
495,1790097242521425920,49.5,21,18,2352,1728,48.221,67.714,89.687,11.906,1,43.694,85.779,120.42,22.456,2,1.3611,18,1375.783,1299.241,1459.958,16.885,34.899,1272.974,34.899,34.899,1,1,
496,1790097242621425920,49.6,21,19,2352,1824,46.18,67.714,89.687,11.01,1,43.662,84.574,120.42,19.216,2,1.2895,19,1385.143,1302.837,1459.958,16.885,33.694,1282.334,33.694,33.694,1,1,
497,1790097242721425920,49.7,21,20,2352,1920,49.127,75.39,89.687,12.109,1,42.135,84.574,120.42,16.608,2,1.225,20,1390.485,1302.837,1459.958,24.561,33.694,1287.676,33.694,33.694,1,1,
498,1790097242821425920,49.8,21,20,2352,1920,46.426,75.39,89.687,11.795,1,42.135,82.345,120.42,16.48,2,1.225,20,1396.666,1302.837,1459.958,24.561,31.465,1293.857,31.465,31.465,1,1,
499,1790097242921425920,49.9,21,21,2352,2016,46.562,75.39,89.687,11.539,1,41.967,85.101,120.42,19.715,2,1.1667,21,1411.947,1342.804,1459.958,24.561,34.221,1309.138,34.221,34.221,1,1,
500,1790097243021425920,50.0,20,20,2240,1920,45.747,60.607,89.687,10.464,1,42.135,85.101,120.42,20.833,2,1.1667,20,1413.761,1342.804,1459.958,9.778,34.221,1310.952,34.221,34.221,1,1,
501,1790097243121425920,50.1,21,19,2352,1824,46.562,75.39,89.687,11.91,1,43.684,85.101,120.42,23.773,2,1.2895,19,1417.802,1342.804,1469.768,24.561,34.221,1314.993,34.221,34.221,1,1,
502,1790097243221425920,50.2,20,19,2240,1824,45.477,75.39,89.687,11.518,1,43.684,85.101,120.42,23.693,2,1.2281,19,1422.993,1342.804,1470.779,24.561,34.221,1320.184,34.221,34.221,1,1,
503,1790097243321425920,50.3,21,17,2352,1632,45.612,70.16,83.285,11.579,1,43.964,85.395,120.42,23.556,2,1.4412,17,1431.812,1388.034,1474.995,19.331,34.515,1329.003,34.515,34.515,1,1,
504,1790097243421425920,50.4,19,16,2128,1536,46.562,70.16,83.285,11.436,1,44.19,85.395,120.42,25.089,2,1.3854,16,1436.694,1388.034,1474.995,19.331,34.515,1333.885,34.515,34.515,1,1,
505,1790097243521425920,50.5,21,18,2352,1728,47.55,70.16,83.285,11.082,1,43.739,84.923,85.395,22.899,2,1.3611,18,1436.694,1388.852,1476.244,19.331,34.043,1333.885,34.043,34.043,1,1,
506,1790097243621425920,50.6,21,18,2352,1728,47.55,70.16,83.285,11.481,1,78.74,85.101,126.684,27.498,2,1.3611,18,1443.096,1388.852,1481.53,19.331,34.221,1340.287,34.221,34.221,1,1,
507,1790097243721425920,50.7,21,16,2352,1536,46.562,70.07,83.285,10.866,1,81.11,85.395,126.684,23.509,2,1.5312,16,1452.477,1388.852,1485.691,19.241,34.515,1349.668,34.515,34.515,1,1,
508,1790097243821425920,50.8,21,17,2352,1632,46.736,70.07,83.285,10.947,1,78.644,85.395,126.684,26.54,2,1.4412,17,1459.935,1388.852,1489.525,19.241,34.515,1357.126,34.515,34.515,1,1,
509,1790097243921425920,50.9,21,18,2352,1728,46.896,70.07,83.285,10.451,1,78.548,84.923,126.684,29.562,2,1.3611,18,1460.865,1388.852,1489.525,19.241,34.043,1358.056,34.043,34.043,1,1,
510,1790097244021425920,51.0,21,17,2352,1632,47.798,65.541,70.16,9.55,1,78.644,85.395,126.684,26.493,2,1.4412,17,1461.795,1388.852,1489.525,14.712,34.515,1358.986,34.515,34.515,1,1,
511,1790097244121425920,51.1,21,19,2352,1824,48.318,65.541,70.16,8.505,1,43.795,84.486,126.684,26.056,2,1.2895,19,1445.97,1388.852,1489.525,14.712,33.606,1343.161,33.606,33.606,1,1,
512,1790097244221425920,51.2,21,18,2352,1728,48.318,65.541,104.029,12.254,2,44.862,83.846,126.684,27.127,2,1.3611,18,1443.253,1388.852,1489.525,14.712,32.966,1340.444,32.966,32.966,1,1,
513,1790097244321425920,51.3,20,19,2240,1824,47.871,59.906,104.029,11.036,2,43.374,83.846,126.684,23.646,2,1.2281,19,1441.807,1388.852,1489.525,9.077,32.966,1338.998,32.966,32.966,1,1,
514,1790097244421425920,51.4,20,19,2240,1824,50.524,65.541,104.029,12.001,2,43.374,84.486,126.684,28.02,2,1.2281,19,1441.807,1388.852,1496.706,14.712,33.606,1338.998,33.606,33.606,1,1,
515,1790097244521425920,51.5,21,19,2352,1824,48.318,65.541,104.029,13.207,2,42.887,83.846,124.412,21.024,2,1.2895,19,1441.807,1390.515,1496.706,14.712,32.966,1338.998,32.966,32.966,1,1,
516,1790097244621425920,51.6,21,20,2352,1920,48.318,67.229,104.029,17.59,2,42.729,83.846,124.412,22.144,2,1.225,20,1439.617,1390.515,1496.706,16.4,32.966,1336.808,32.966,32.966,1,1,
517,1790097244721425920,51.7,21,21,2352,2016,48.318,76.177,104.029,19.349,2,42.887,83.846,124.412,21.205,2,1.1667,21,1437.427,1390.515,1496.706,25.348,32.966,1334.618,32.966,32.966,1,1,
518,1790097244821425920,51.8,21,21,2352,2016,48.318,82.129,104.029,20.982,2,42.887,84.486,124.412,25.211,2,1.1667,21,1435.838,1390.515,1496.706,31.3,33.606,1333.029,33.606,33.606,1,1,
519,1790097244921425920,51.9,21,21,2352,2016,47.635,82.129,104.029,21.597,2,42.887,85.405,124.412,27.323,2,1.1667,21,1434.808,1390.515,1496.706,31.3,34.525,1331.999,34.525,34.525,1,1,
520,1790097245021425920,52.0,21,21,2352,2016,46.419,82.129,104.029,20.956,2,43.082,85.405,124.412,25.259,2,1.1667,21,1435.838,1390.515,1496.706,31.3,34.525,1333.029,34.525,34.525,1,1,
521,1790097245121425920,52.1,21,19,2352,1824,46.086,82.129,104.029,22.904,2,44.797,86.547,124.412,30.045,2,1.2895,19,1437.427,1390.515,1496.706,31.3,35.667,1334.618,35.667,35.667,1,1,
522,1790097245221425920,52.2,21,20,2352,1920,46.086,77.307,100.862,21.04,2,43.419,86.547,124.412,26.75,2,1.225,20,1440.914,1412.727,1496.706,26.478,35.667,1338.106,35.667,35.667,1,1,
523,1790097245321425920,52.3,21,19,2352,1824,46.086,77.307,100.862,20.615,2,43.27,86.547,92.268,26.477,2,1.2895,19,1449.832,1412.727,1496.706,26.478,35.667,1347.023,35.667,35.667,1,1,
524,1790097245421425920,52.4,22,21,2464,2016,45.665,79.274,100.862,21.957,2,43.27,86.547,92.268,27.965,2,1.2222,21,1449.832,1412.727,1496.706,28.445,35.667,1347.023,35.667,35.667,1,1,
525,1790097245521425920,52.5,21,20,2352,1920,47.487,79.274,100.862,21.702,2,45.574,86.547,92.268,31.408,2,1.225,20,1446.747,1402.694,1481.61,28.445,35.667,1343.938,35.667,35.667,1,1,
526,1790097245621425920,52.6,23,19,2576,1824,46.086,77.307,82.129,19.478,2,44.497,86.547,92.268,28.737,2,1.4123,19,1444.604,1373.602,1481.61,26.478,35.667,1341.795,35.667,35.667,1,1,
527,1790097245721425920,52.7,20,20,2240,1920,46.506,77.307,82.129,17.282,2,46.385,86.547,92.268,27.294,2,1.1667,20,1442.959,1373.602,1481.61,26.478,35.667,1340.151,35.667,35.667,1,1,
528,1790097245821425920,52.8,22,19,2464,1824,45.665,77.307,205.949,25.918,3,45.98,84.406,92.268,23.904,2,1.3509,19,1440.514,1373.602,1481.61,26.478,33.526,1337.705,33.526,33.526,1,1,
529,1790097245921425920,52.9,22,17,2464,1632,47.665,77.307,205.949,27.251,4,45.98,86.939,92.268,21.692,2,1.5098,17,1440.514,1373.602,1481.61,26.478,36.059,1337.705,36.059,36.059,1,1,
530,1790097246021425920,53.0,21,20,2352,1920,46.328,77.307,205.949,28.334,4,43.419,86.939,201.696,33.566,4,1.225,20,1429.06,1303.556,1481.61,26.478,36.059,1326.251,36.059,36.059,1,1,
531,1790097246121425920,53.1,20,19,2240,1824,47.665,77.951,205.949,29.24,4,43.35,84.406,201.696,33.013,4,1.2281,19,1428.094,1303.556,1481.61,27.122,33.526,1325.285,33.526,33.526,1,1,
532,1790097246221425920,53.2,23,21,2576,2016,46.328,77.951,205.949,26.504,4,43.337,83.184,201.696,31.624,4,1.2778,21,1402.251,1262.726,1481.61,27.122,32.304,1299.442,32.304,32.304,1,1,
533,1790097246321425920,53.3,23,21,2576,2016,46.328,79.274,205.949,28.532,4,44.89,83.184,201.696,33.331,4,1.2778,21,1402.224,1262.726,1481.61,28.445,32.304,1299.415,32.304,32.304,1,1,
534,1790097246421425920,53.4,21,20,2352,1920,46.328,77.951,205.949,28.06,4,43.395,83.184,201.696,32.997,4,1.225,20,1401.373,1262.726,1481.61,27.122,32.304,1298.564,32.304,32.304,1,1,
535,1790097246521425920,53.5,22,20,2464,1920,47.665,77.951,205.949,27.485,4,43.395,80.572,201.696,28.715,4,1.2833,20,1312.947,1245.691,1434.351,27.122,29.692,1210.139,29.692,29.692,1,1,
536,1790097246621425920,53.6,22,21,2464,2016,48.339,77.951,205.949,28.251,4,44.279,80.572,201.696,29.101,4,1.2222,21,1300.112,1245.691,1428.094,27.122,29.692,1197.303,29.692,29.692,1,1,
537,1790097246721425920,53.7,21,20,2352,1920,46.903,64.905,90.121,20.063,4,43.395,80.572,201.696,30.202,4,1.225,20,1286.202,1244.718,1428.094,14.076,29.692,1183.393,29.692,29.692,1,1,
538,1790097246821425920,53.8,24,19,2688,1824,45.467,77.951,117.124,23.467,4,43.772,83.184,201.696,34.267,4,1.4737,19,1285.661,1244.718,1414.67,27.122,32.304,1182.852,32.304,32.304,1,1,
539,1790097246921425920,53.9,21,22,2352,2112,47.783,77.951,117.124,19.936,2,41.72,83.184,123.629,29.696,4,1.1136,22,1293.428,1244.718,1406.927,27.122,32.304,1190.619,32.304,32.304,1,1,
540,1790097247021425920,54.0,21,22,2352,2112,47.783,84.955,117.124,20.34,2,41.72,83.184,123.629,29.696,4,1.1136,22,1293.428,1244.718,1406.927,34.126,32.304,1190.619,34.126,34.126,1,1,
541,1790097247121425920,54.1,21,19,2352,1824,46.86,84.955,117.124,19.465,2,44.144,86.173,123.629,29.417,3,1.2895,19,1285.661,1238.521,1406.927,34.126,35.293,1182.852,35.293,35.293,1,1,
542,1790097247221425920,54.2,22,18,2464,1728,46.555,90.121,117.124,24.54,3,44.15,86.173,123.629,31.081,3,1.4259,18,1293.428,1238.521,1406.927,39.292,35.293,1190.619,39.292,39.292,1,1,
543,1790097247321425920,54.3,24,19,2688,1824,46.555,84.955,117.124,21.852,3,44.144,86.173,123.629,25.515,3,1.4737,19,1314.51,1238.521,1408.894,34.126,35.293,1211.701,35.293,35.293,1,1,
544,1790097247421425920,54.4,21,20,2352,1920,46.86,84.955,117.124,20.592,3,44.138,86.173,123.629,28.669,3,1.225,20,1350.148,1238.521,1432.905,34.126,35.293,1247.34,35.293,35.293,1,1,
545,1790097247521425920,54.5,22,19,2464,1824,46.555,84.955,117.124,21.258,3,42.654,86.173,123.629,28.467,3,1.3509,19,1354.965,1238.521,1432.905,34.126,35.293,1252.156,35.293,35.293,1,1,
546,1790097247621425920,54.6,22,20,2464,1920,47.65,84.955,117.124,21.14,3,44.138,86.173,123.629,28.805,3,1.2833,20,1362.181,1238.521,1432.905,34.126,35.293,1259.372,35.293,35.293,1,1,
547,1790097247721425920,54.7,23,20,2576,1920,47.407,84.955,96.188,20.399,3,42.034,84.286,121.156,28.649,3,1.3417,20,1365.889,1238.521,1432.905,34.126,33.406,1263.08,34.126,34.126,1,1,
548,1790097247821425920,54.8,21,20,2352,1920,48.219,84.955,96.188,19.792,3,44.138,84.286,121.156,30.54,3,1.225,20,1374.973,1238.521,1432.905,34.126,33.406,1272.164,34.126,34.126,1,1,
549,1790097247921425920,54.9,21,20,2352,1920,47.773,77.529,96.188,19.241,3,44.138,84.286,123.837,30.681,3,1.225,20,1380.811,1238.521,1447.347,26.7,33.406,1278.002,33.406,33.406,1,1,
550,1790097248021425920,55.0,22,20,2464,1920,50.64,77.529,96.188,18.602,3,43.951,82.809,123.837,24.026,2,1.2833,20,1391.144,1238.521,1447.347,26.7,31.929,1288.335,31.929,31.929,1,1,
551,1790097248121425920,55.1,22,19,2464,1824,48.542,66.87,88.581,16.306,3,43.505,84.286,123.837,25.718,2,1.3509,19,1391.286,1321.288,1471.878,16.041,33.406,1288.477,33.406,33.406,1,1,
552,1790097248221425920,55.2,21,19,2352,1824,49.591,67.708,88.581,12.974,1,44.099,84.286,123.837,27.266,2,1.2895,19,1399.0,1346.62,1475.81,16.879,33.406,1296.191,33.406,33.406,1,1,
553,1790097248321425920,55.3,21,19,2352,1824,51.59,67.708,88.581,12.776,1,43.505,81.166,123.837,24.985,2,1.2895,19,1404.985,1346.62,1492.023,16.879,30.286,1302.176,30.286,30.286,1,1,
554,1790097248421425920,55.4,19,16,2128,1536,51.744,67.708,88.581,13.924,1,43.951,89.437,123.837,24.3,2,1.3854,16,1411.087,1346.62,1492.023,16.879,38.557,1308.278,38.557,38.557,1,1,
555,1790097248521425920,55.5,20,18,2240,1728,50.64,67.708,91.801,14.02,1,43.058,87.054,123.837,19.761,2,1.2963,18,1436.352,1354.358,1492.023,16.879,36.174,1333.543,36.174,36.174,1,1,
556,1790097248621425920,55.6,20,19,2240,1824,52.849,67.708,91.801,14.182,1,43.505,87.054,123.837,23.338,2,1.2281,19,1433.168,1354.358,1492.023,16.879,36.174,1330.359,36.174,36.174,1,1,
557,1790097248721425920,55.7,21,17,2352,1632,49.827,66.87,91.801,12.547,1,43.505,89.437,123.837,21.123,2,1.4412,17,1439.826,1381.037,1492.023,16.041,38.557,1337.017,38.557,38.557,1,1,
558,1790097248821425920,55.8,21,17,2352,1632,48.105,67.708,91.801,11.874,1,43.505,87.054,89.437,18.413,2,1.4412,17,1441.43,1399.0,1492.023,16.879,36.174,1338.621,36.174,36.174,1,1,
559,1790097248921425920,55.9,21,18,2352,1728,48.105,67.708,91.801,12.411,1,43.058,86.029,89.437,22.319,2,1.3611,18,1440.628,1399.0,1492.023,16.879,35.149,1337.819,35.149,35.149,1,1,
560,1790097249021425920,56.0,21,19,2352,1824,46.833,68.546,91.801,13.906,1,44.202,86.029,89.437,23.187,2,1.2895,19,1441.43,1399.0,1492.023,17.717,35.149,1338.621,35.149,35.149,1,1,
561,1790097249121425920,56.1,21,19,2352,1824,46.908,68.546,91.801,13.582,1,43.96,85.41,87.054,20.914,2,1.2895,19,1441.43,1399.0,1492.023,17.717,34.53,1338.621,34.53,34.53,1,1,
562,1790097249221425920,56.2,21,19,2352,1824,48.105,68.546,91.801,12.928,1,43.161,86.029,118.231,23.265,2,1.2895,19,1441.898,1429.036,1492.023,17.717,35.149,1339.089,35.149,35.149,1,1,
563,1790097249321425920,56.3,20,19,2240,1824,48.321,68.546,91.801,12.809,1,43.111,86.029,118.231,23.233,2,1.2281,19,1441.898,1429.036,1491.516,17.717,35.149,1339.089,35.149,35.149,1,1,
564,1790097249421425920,56.4,19,17,2128,1632,47.758,65.464,76.598,11.105,1,43.047,86.029,118.231,23.35,2,1.3039,17,1441.898,1429.036,1491.516,14.635,35.149,1339.089,35.149,35.149,1,1,
565,1790097249521425920,56.5,21,18,2352,1728,46.513,68.546,76.598,10.649,1,43.761,85.41,118.231,24.089,2,1.3611,18,1455.051,1429.036,1497.881,17.717,34.53,1352.242,34.53,34.53,1,1,
566,1790097249621425920,56.6,20,20,2240,1920,46.407,68.546,76.598,10.443,1,43.653,84.266,118.231,21.512,2,1.1667,20,1459.572,1429.036,1497.881,17.717,33.386,1356.763,33.386,33.386,1,1,
567,1790097249721425920,56.7,20,19,2240,1824,46.407,74.044,126.407,16.568,2,42.993,84.266,118.231,16.627,2,1.2281,19,1463.455,1429.036,1497.881,23.215,33.386,1360.646,33.386,33.386,1,1,
568,1790097249821425920,56.8,20,20,2240,1920,46.619,74.044,126.407,16.828,2,42.332,84.266,119.138,19.722,2,1.1667,20,1455.051,1400.292,1497.881,23.215,33.386,1352.242,33.386,33.386,1,1,
569,1790097249921425920,56.9,21,20,2352,1920,47.176,74.044,126.407,15.102,2,42.332,83.467,119.138,15.6,2,1.225,20,1450.811,1376.07,1497.881,23.215,32.587,1348.002,32.587,32.587,1,1,
570,1790097250021425920,57.0,20,20,2240,1920,47.733,74.044,126.407,15.778,2,42.332,83.467,119.138,15.614,2,1.1667,20,1444.554,1356.084,1497.881,23.215,32.587,1341.745,32.587,32.587,1,1,
571,1790097250121425920,57.1,20,20,2240,1920,48.321,74.044,126.407,17.396,2,41.992,79.548,119.138,11.766,2,1.1667,20,1444.519,1329.66,1497.881,23.215,28.668,1341.71,28.668,28.668,1,1,
572,1790097250221425920,57.2,21,20,2352,1920,48.027,74.044,126.407,19.375,2,41.992,83.467,123.307,16.028,2,1.225,20,1438.212,1329.66,1497.881,23.215,32.587,1335.403,32.587,32.587,1,1,
573,1790097250321425920,57.3,20,22,2240,2112,46.155,69.766,126.407,19.317,2,41.613,83.467,123.307,16.918,2,1.0606,22,1417.379,1329.66,1497.881,18.937,32.587,1314.57,32.587,32.587,1,1,
574,1790097250421425920,57.4,19,20,2128,1920,46.944,69.766,126.407,20.259,2,41.613,79.548,123.307,16.433,2,1.1083,20,1414.604,1329.66,1497.881,18.937,28.668,1311.795,28.668,28.668,1,1,
575,1790097250521425920,57.5,21,21,2352,2016,48.259,88.342,126.407,23.36,2,41.171,85.561,123.307,16.021,2,1.1667,21,1400.292,1329.66,1473.665,37.513,34.681,1297.483,37.513,37.513,1,1,
576,1790097250621425920,57.6,22,21,2464,2016,48.784,71.19,91.912,19.521,2,41.6,119.138,125.339,22.244,2,1.2222,21,1395.824,1329.66,1456.067,20.361,68.258,1293.015,68.258,68.258,1,1,
577,1790097250721425920,57.7,22,21,2464,2016,48.784,71.19,91.912,17.022,2,40.622,119.138,125.339,22.013,2,1.2222,21,1391.131,1329.66,1456.067,20.361,68.258,1288.322,68.258,68.258,1,1,
578,1790097250821425920,57.8,21,23,2352,2208,50.133,71.19,91.912,16.991,2,40.622,85.561,125.339,20.391,2,1.0652,23,1388.241,1329.66,1456.067,20.361,34.681,1285.432,34.681,34.681,1,1,
579,1790097250921425920,57.9,20,21,2240,2016,56.578,84.474,91.912,18.221,2,41.851,85.561,125.339,22.028,2,1.1111,21,1383.253,1329.66,1456.067,33.645,34.681,1280.444,34.681,34.681,1,1,
580,1790097251021425920,58.0,21,21,2352,2016,48.824,71.19,91.912,17.743,2,41.822,85.561,125.339,21.935,2,1.1667,21,1383.253,1310.449,1456.067,20.361,34.681,1280.444,34.681,34.681,1,1,
581,1790097251121425920,58.1,20,20,2240,1920,46.168,71.19,91.912,17.259,2,42.965,83.746,125.339,20.549,2,1.1667,20,1387.277,1310.449,1456.067,20.361,32.866,1284.468,32.866,32.866,1,1,
582,1790097251221425920,58.2,18,22,2016,2112,46.168,71.19,91.912,16.453,2,42.965,83.746,125.339,18.937,2,0.9545,22,1384.783,1310.449,1456.067,20.361,32.866,1281.974,32.866,32.866,1,1,
583,1790097251321425920,58.3,16,20,1792,1920,46.168,84.474,91.912,16.549,2,43.17,83.746,125.339,20.364,2,0.9333,20,1377.771,1310.449,1456.067,33.645,32.866,1274.962,33.645,33.645,1,1,
584,1790097251421425920,58.4,21,18,2352,1728,40.562,67.346,292.887,33.671,6,43.17,80.675,125.339,17.734,2,1.3611,18,1377.771,1310.449,1456.067,16.517,29.795,1274.962,29.795,29.795,1,1,
585,1790097251521425920,58.5,20,18,2240,1728,46.168,69.668,292.887,34.492,6,43.377,83.746,290.172,34.518,2,1.2963,18,1377.771,1310.449,1472.199,18.839,32.866,1274.962,32.866,32.866,1,1,
586,1790097251621425920,58.6,20,21,2240,2016,36.924,69.668,292.887,34.769,6,41.822,80.675,290.172,31.855,4,1.1111,21,1375.731,1310.252,1472.199,18.839,29.795,1272.922,29.795,29.795,1,1,
587,1790097251721425920,58.7,20,20,2240,1920,45.584,84.474,292.887,36.916,6,43.17,80.675,290.172,31.247,4,1.1667,20,1365.462,1234.008,1472.199,33.645,29.795,1262.653,33.645,33.645,1,1,
588,1790097251821425920,58.8,19,21,2128,2016,35.552,84.474,292.887,37.992,6,42.087,80.675,290.172,32.003,4,1.0556,21,1365.226,1234.008,1472.199,33.645,29.795,1262.417,33.645,33.645,1,1,
589,1790097251921425920,58.9,18,21,2016,2016,34.18,69.668,292.887,37.269,6,42.087,84.711,290.172,34.337,4,1.0,21,1353.864,1234.008,1472.199,18.839,33.831,1251.055,33.831,33.831,1,1,
590,1790097252021425920,59.0,20,19,2240,1824,23.309,94.072,292.887,49.845,6,40.573,84.711,290.172,37.941,4,1.2281,19,1353.864,1234.008,1472.199,43.243,33.831,1251.055,43.243,43.243,1,1,
591,1790097252121425920,59.1,20,17,2240,1632,11.641,76.864,265.459,37.759,6,39.631,125.696,290.172,39.868,4,1.3725,17,1349.97,1234.008,1472.199,26.035,74.816,1247.161,74.816,74.816,1,1,
592,1790097252221425920,59.2,22,18,2464,1728,11.641,76.864,265.459,37.81,6,39.383,125.696,298.892,56.994,4,1.4259,18,1357.598,1234.008,1489.377,26.035,74.816,1254.789,74.816,74.816,1,1,
593,1790097252321425920,59.3,25,19,2800,1824,27.599,76.864,265.459,36.978,6,0.222,84.711,298.892,42.196,5,1.5351,19,1321.292,1234.008,1489.377,26.035,33.831,1218.483,33.831,33.831,1,1,
594,1790097252421425920,59.4,19,19,2128,1824,45.887,76.864,265.459,38.071,5,0.222,84.711,298.892,42.196,5,1.1667,19,1321.292,1234.008,1489.377,26.035,33.831,1218.483,33.831,33.831,1,1,
595,1790097252521425920,59.5,19,24,2128,2304,38.736,76.864,265.459,38.567,5,37.044,84.711,298.892,40.153,5,0.9236,24,1305.046,1045.985,1489.377,26.035,33.831,1202.237,33.831,33.831,1,1,
596,1790097252621425920,59.6,19,19,2128,1824,39.039,94.072,265.459,45.266,5,40.18,85.177,298.892,44.858,5,1.1667,19,1277.092,1045.985,1489.377,43.243,34.297,1174.283,43.243,43.243,1,1,
597,1790097252721425920,59.7,22,18,2464,1728,33.239,76.864,265.459,39.157,5,39.383,85.177,298.892,44.777,5,1.4259,18,1275.465,1045.985,1489.377,26.035,34.297,1172.656,34.297,34.297,1,1,
598,1790097252821425920,59.8,20,17,2240,1632,33.239,76.596,142.883,30.986,5,40.676,125.465,298.892,45.126,5,1.3725,17,1294.924,1045.985,1489.377,25.767,74.585,1192.115,74.585,74.585,1,1,
599,1790097252921425920,59.9,23,18,2576,1728,27.426,76.864,146.348,34.923,5,40.978,125.465,298.892,47.639,5,1.4907,18,1297.382,1045.985,1489.377,26.035,74.585,1194.573,74.585,74.585,1,1,
600,1790097253021425920,60.0,26,16,2912,1536,43.961,76.864,146.348,32.675,5,40.978,125.465,128.824,34.085,5,1.8958,16,1297.382,1045.985,1489.377,26.035,74.585,1194.573,74.585,74.585,1,1,
601,1790097253121425920,60.1,20,19,2240,1824,46.281,76.596,146.348,29.952,3,40.676,125.465,131.412,37.98,5,1.2281,19,1321.292,1045.985,1497.774,25.767,74.585,1218.483,74.585,74.585,1,1,
602,1790097253221425920,60.2,20,21,2240,2016,46.281,128.26,146.348,33.401,3,41.308,125.465,131.412,36.091,5,1.1111,21,1370.598,1045.985,1497.774,77.431,74.585,1267.789,77.431,77.431,1,1,
603,1790097253321425920,60.3,20,19,2240,1824,46.281,128.26,146.348,33.334,3,42.192,125.465,131.412,35.45,3,1.2281,19,1322.283,1045.985,1497.774,77.431,74.585,1219.474,77.431,77.431,1,1,
604,1790097253421425920,60.4,19,18,2128,1728,45.121,128.26,146.348,33.733,3,42.746,125.465,131.412,33.056,3,1.2315,18,1368.55,1045.985,1497.774,77.431,74.585,1265.741,77.431,77.431,1,1,
605,1790097253521425920,60.5,17,16,1904,1536,45.121,128.26,146.348,30.371,3,42.746,128.824,131.412,37.083,3,1.2396,16,1373.553,1125.682,1497.774,77.431,77.944,1270.744,77.944,77.944,1,1,
606,1790097253621425920,60.6,22,15,2464,1440,45.043,128.26,159.051,32.476,3,43.484,128.824,131.412,36.654,3,1.7111,15,1377.568,1198.201,1497.774,77.431,77.944,1274.759,77.944,77.944,1,1,
607,1790097253721425920,60.7,20,18,2240,1728,46.281,128.26,159.051,33.402,3,41.646,128.824,166.635,37.636,3,1.2963,18,1404.137,1198.201,1497.774,77.431,77.944,1301.328,77.944,77.944,1,1,
608,1790097253821425920,60.8,20,18,2240,1728,46.281,68.347,159.051,29.128,3,42.746,124.125,166.635,34.956,3,1.2963,18,1413.414,1198.201,1497.774,17.518,73.245,1310.605,73.245,73.245,1,1,
609,1790097253921425920,60.9,20,20,2240,1920,52.899,68.347,159.051,25.905,3,42.746,124.125,166.635,33.636,3,1.1667,20,1413.414,1198.201,1497.774,17.518,73.245,1310.605,73.245,73.245,1,1,
610,1790097254021425920,61.0,21,20,2352,1920,52.138,68.347,159.051,26.037,3,42.746,83.007,166.635,31.037,3,1.225,20,1413.414,1198.201,1497.774,17.518,32.127,1310.605,32.127,32.127,1,1,
611,1790097254121425920,61.1,22,18,2464,1728,51.377,65.144,159.051,21.627,3,43.549,83.007,166.635,30.119,3,1.4259,18,1413.414,1198.201,1498.598,14.315,32.127,1310.605,32.127,32.127,1,1,
612,1790097254221425920,61.2,21,19,2352,1824,51.449,65.144,159.051,19.853,3,42.598,83.007,166.635,28.712,3,1.2895,19,1422.588,1198.201,1498.598,14.315,32.127,1319.779,32.127,32.127,1,1,
613,1790097254321425920,61.3,21,20,2352,1920,48.898,65.144,159.051,20.108,3,43.549,82.881,166.635,25.113,3,1.225,20,1425.334,1322.283,1498.598,14.315,32.001,1322.525,32.001,32.001,1,1,
614,1790097254421425920,61.4,22,18,2464,1728,46.275,61.392,68.347,14.686,3,44.467,82.881,166.635,27.299,3,1.4259,18,1434.734,1350.389,1498.598,10.563,32.001,1331.925,32.001,32.001,1,1,
615,1790097254521425920,61.5,20,18,2240,1728,53.686,65.144,73.513,12.24,1,43.549,82.881,83.927,22.687,3,1.2963,18,1441.312,1350.389,1498.598,14.315,32.001,1338.503,32.001,32.001,1,1,
616,1790097254621425920,61.6,20,19,2240,1824,53.686,65.144,73.513,11.771,1,42.834,82.881,83.927,21.506,3,1.2281,19,1432.402,1350.389,1498.598,14.315,32.001,1329.593,32.001,32.001,1,1,
617,1790097254721425920,61.7,21,18,2352,1728,52.336,61.392,73.513,12.125,1,44.731,82.881,83.927,19.876,2,1.3611,18,1430.241,1350.389,1498.598,10.563,32.001,1327.432,32.001,32.001,1,1,
618,1790097254821425920,61.8,22,19,2464,1824,51.52,67.345,73.513,12.565,1,45.053,82.881,83.927,20.598,2,1.3509,19,1428.08,1285.442,1498.598,16.516,32.001,1325.271,32.001,32.001,1,1,
619,1790097254921425920,61.9,22,19,2464,1824,51.52,67.345,73.513,12.445,1,44.165,82.635,83.927,18.247,2,1.3509,19,1416.453,1285.442,1498.598,16.516,31.755,1313.644,31.755,31.755,1,1,
620,1790097255021425920,62.0,20,20,2240,1920,46.275,67.345,73.513,11.863,1,43.6,82.635,83.927,17.382,2,1.1667,20,1430.241,1285.442,1498.598,16.516,31.755,1327.432,31.755,31.755,1,1,
621,1790097255121425920,62.1,21,20,2352,1920,49.713,70.11,73.513,13.618,1,43.6,81.428,83.927,15.323,2,1.225,20,1426.422,1285.442,1498.598,19.281,30.548,1323.613,30.548,30.548,1,1,
622,1790097255221425920,62.2,21,21,2352,2016,49.713,70.11,73.513,13.677,1,44.059,81.428,83.927,18.278,2,1.1667,21,1415.729,1285.442,1491.523,19.281,30.548,1312.92,30.548,30.548,1,1,
623,1790097255321425920,62.3,20,20,2240,1920,45.361,70.11,73.513,13.638,1,43.6,81.428,85.45,19.294,2,1.1667,20,1416.091,1285.442,1491.523,19.281,30.548,1313.282,30.548,30.548,1,1,
624,1790097255421425920,62.4,20,21,2240,2016,48.25,69.044,72.343,13.245,1,42.728,81.246,85.45,16.723,2,1.1111,21,1416.453,1285.442,1491.523,18.215,30.366,1313.644,30.366,30.366,1,1,
625,1790097255521425920,62.5,20,20,2240,1920,45.806,69.044,72.343,11.735,1,42.119,80.229,85.45,15.335,2,1.1667,20,1414.68,1285.442,1462.307,18.215,29.349,1311.871,29.349,29.349,1,1,
626,1790097255621425920,62.6,20,20,2240,1920,45.806,67.345,70.11,12.181,1,41.591,81.246,124.378,17.857,2,1.1667,20,1417.094,1285.442,1487.409,16.516,30.366,1314.285,30.366,30.366,1,1,
627,1790097255721425920,62.7,20,19,2240,1824,45.806,67.345,70.11,12.541,1,41.52,81.246,124.378,16.389,2,1.2281,19,1417.735,1285.442,1487.409,16.516,30.366,1314.926,30.366,30.366,1,1,
628,1790097255821425920,62.8,22,19,2464,1824,45.806,69.044,83.913,13.315,1,41.478,85.45,125.721,19.167,2,1.3509,19,1422.046,1361.063,1488.797,18.215,34.57,1319.237,34.57,34.57,1,1,
629,1790097255921425920,62.9,21,17,2352,1632,47.028,69.044,83.913,12.85,1,41.364,124.378,125.721,21.31,2,1.4412,17,1435.108,1390.249,1488.797,18.215,73.498,1332.299,73.498,73.498,1,1,
630,1790097256021425920,63.0,20,17,2240,1632,48.25,65.89,83.913,13.125,1,41.478,125.721,128.003,26.903,2,1.3725,17,1435.835,1390.249,1488.797,15.061,74.841,1333.026,74.841,74.841,1,1,
631,1790097256121425920,63.1,20,16,2240,1536,48.395,65.89,83.913,11.577,1,41.506,125.721,128.003,31.392,2,1.4583,16,1445.651,1390.249,1488.797,15.061,74.841,1342.842,74.841,74.841,1,1,
632,1790097256221425920,63.2,20,15,2240,1440,48.395,69.044,95.595,15.758,2,41.393,125.721,128.003,31.153,2,1.5556,15,1462.233,1390.249,1488.797,18.215,74.841,1359.424,74.841,74.841,1,1,
633,1790097256321425920,63.3,20,15,2240,1440,48.395,75.724,95.595,17.239,2,42.297,125.721,128.003,28.254,1,1.5556,15,1468.911,1404.226,1488.797,24.895,74.841,1366.102,74.841,74.841,1,1,
634,1790097256421425920,63.4,20,15,2240,1440,50.234,81.35,95.595,18.869,2,62.472,125.721,128.003,33.729,2,1.5556,15,1468.911,1404.226,1488.797,30.521,74.841,1366.102,74.841,74.841,1,1,
635,1790097256521425920,63.5,19,15,2128,1440,50.351,83.913,124.462,25.455,2,62.472,125.721,128.003,33.588,2,1.4778,15,1468.911,1390.9,1488.797,33.084,74.841,1366.102,74.841,74.841,1,1,
636,1790097256621425920,63.6,21,15,2352,1440,49.314,83.913,124.462,26.473,3,81.014,125.721,128.003,30.662,2,1.6333,15,1462.786,1390.9,1488.797,33.084,74.841,1359.977,74.841,74.841,1,1,
637,1790097256721425920,63.7,20,17,2240,1632,50.234,95.23,124.462,27.541,3,62.656,120.381,128.003,33.591,2,1.3725,17,1462.233,1383.017,1488.797,44.401,69.501,1359.424,69.501,69.501,1,1,
638,1790097256821425920,63.8,20,18,2240,1728,50.469,95.23,124.462,29.262,3,45.14,86.059,128.003,31.732,2,1.2963,18,1459.895,1373.629,1487.755,44.401,35.179,1357.086,44.401,44.401,1,1,
639,1790097256921425920,63.9,20,19,2240,1824,50.234,95.23,124.462,28.578,3,44.114,84.664,120.381,29.796,2,1.2281,19,1453.773,1343.161,1487.755,44.401,33.784,1350.964,44.401,44.401,1,1,
640,1790097257021425920,64.0,21,20,2352,1920,49.027,95.23,124.462,27.712,3,43.981,84.664,120.381,27.784,2,1.225,20,1435.912,1343.161,1487.755,44.401,33.784,1333.104,44.401,44.401,1,1,
641,1790097257121425920,64.1,19,21,2128,2016,45.909,82.453,124.462,27.964,3,43.534,82.052,120.381,24.647,2,1.0556,21,1409.116,1342.093,1480.105,31.624,31.172,1306.307,31.624,31.624,1,1,
642,1790097257221425920,64.2,20,19,2240,1824,44.234,95.23,124.462,29.229,3,43.463,81.857,120.381,24.85,2,1.2281,19,1395.643,1342.093,1480.105,44.401,30.977,1292.834,44.401,44.401,1,1,
643,1790097257321425920,64.3,21,19,2352,1824,45.23,95.23,124.462,25.931,3,43.463,82.052,120.381,24.945,2,1.2895,19,1395.159,1342.093,1467.932,44.401,31.172,1292.35,44.401,44.401,1,1,
644,1790097257421425920,64.4,20,17,2240,1632,44.234,82.453,122.228,23.073,3,43.463,83.569,120.381,22.936,2,1.3725,17,1390.9,1342.093,1467.932,31.624,32.689,1288.091,32.689,32.689,1,1,
645,1790097257521425920,64.5,20,21,2240,2016,47.585,82.453,122.228,19.276,2,42.702,83.569,126.897,21.284,2,1.1111,21,1395.159,1335.808,1469.621,31.624,32.689,1292.35,32.689,32.689,1,1,
646,1790097257621425920,64.6,20,22,2240,2112,47.585,63.872,122.228,18.298,2,42.459,79.756,126.897,16.813,2,1.0606,22,1387.169,1335.808,1469.621,13.043,28.876,1284.36,28.876,28.876,1,1,
647,1790097257721425920,64.7,22,21,2464,2016,47.585,63.872,122.228,18.369,2,42.334,82.807,126.897,17.551,2,1.2222,21,1383.017,1335.808,1469.621,13.043,31.927,1280.208,31.927,31.927,1,1,
648,1790097257821425920,64.8,21,21,2352,2016,48.107,64.926,122.228,17.637,2,42.181,83.569,126.897,23.374,2,1.1667,21,1378.457,1335.808,1469.621,14.097,32.689,1275.648,32.689,32.689,1,1,
649,1790097257921425920,64.9,21,20,2352,1920,48.107,64.974,122.228,18.665,2,41.523,83.569,126.897,18.668,2,1.225,20,1387.169,1335.808,1469.621,14.145,32.689,1284.36,32.689,32.689,1,1,
650,1790097258021425920,65.0,20,21,2240,2016,49.988,64.974,122.228,18.889,2,42.129,83.569,126.897,18.2,2,1.1111,21,1378.457,1335.808,1469.621,14.145,32.689,1275.648,32.689,32.689,1,1,
651,1790097258121425920,65.1,21,21,2352,2016,48.107,64.974,92.584,16.066,2,42.129,83.569,126.897,21.877,2,1.1667,21,1376.694,1335.808,1469.621,14.145,32.689,1273.885,32.689,32.689,1,1,
652,1790097258221425920,65.2,21,21,2352,2016,50.516,64.974,92.584,15.303,2,42.681,83.604,126.897,21.823,2,1.1667,21,1379.887,1335.808,1469.621,14.145,32.724,1277.078,32.724,32.724,1,1,
653,1790097258321425920,65.3,20,21,2240,2016,54.381,75.855,107.46,20.313,2,42.512,82.807,116.723,17.621,2,1.1111,21,1378.457,1335.808,1469.621,25.026,31.927,1275.648,31.927,31.927,1,1,
654,1790097258421425920,65.4,20,19,2240,1824,54.746,85.864,107.46,21.899,2,42.787,82.807,116.723,19.008,2,1.2281,19,1376.694,1335.808,1408.547,35.035,31.927,1273.885,35.035,35.035,1,1,
655,1790097258521425920,65.5,20,19,2240,1824,49.988,85.864,107.46,23.528,2,42.787,83.604,123.807,25.554,2,1.2281,19,1376.694,1335.808,1490.161,35.035,32.724,1273.885,35.035,35.035,1,1,
656,1790097258621425920,65.6,20,17,2240,1632,46.665,75.855,107.46,21.754,2,43.692,116.723,123.807,28.033,2,1.3725,17,1379.887,1349.988,1490.161,25.026,65.843,1277.078,65.843,65.843,1,1,
657,1790097258721425920,65.7,20,20,2240,1920,54.746,75.855,107.46,20.027,2,44.649,87.974,123.807,28.227,2,1.1667,20,1384.042,1349.988,1490.161,25.026,37.094,1281.233,37.094,37.094,1,1,
658,1790097258821425920,65.8,20,20,2240,1920,54.746,75.855,107.46,20.429,2,42.734,83.604,123.807,24.509,2,1.1667,20,1387.206,1349.988,1490.161,25.026,32.724,1284.397,32.724,32.724,1,1,
659,1790097258921425920,65.9,20,20,2240,1920,54.746,75.855,107.46,20.949,2,44.649,84.681,123.807,24.612,2,1.1667,20,1418.678,1357.263,1490.161,25.026,33.801,1315.869,33.801,33.801,1,1,
660,1790097259021425920,66.0,20,19,2240,1824,46.665,85.864,107.46,24.603,2,42.788,84.681,123.807,25.801,2,1.2281,19,1428.808,1362.401,1490.161,35.035,33.801,1325.999,35.035,35.035,1,1,
661,1790097259121425920,66.1,19,18,2128,1728,52.088,85.864,107.46,25.665,2,42.628,85.195,123.807,25.163,2,1.2315,18,1428.924,1370.78,1490.161,35.035,34.315,1326.115,35.035,35.035,1,1,
662,1790097259221425920,66.2,16,19,1792,1824,46.665,85.864,98.697,23.692,2,42.673,87.974,123.807,30.509,2,0.9825,19,1430.489,1370.78,1490.583,35.035,37.094,1327.68,37.094,37.094,1,1,
663,1790097259321425920,66.3,19,17,2128,1632,39.439,70.827,348.52,41.491,5,42.125,121.388,123.807,31.949,2,1.3039,17,1431.109,1383.24,1490.583,19.998,70.508,1328.3,70.508,70.508,1,1,
664,1790097259421425920,66.4,21,16,2352,1536,28.979,70.827,348.52,39.346,6,41.301,87.974,121.388,28.578,2,1.5312,16,1433.439,1383.24,1490.583,19.998,37.094,1330.63,37.094,37.094,1,1,
665,1790097259521425920,66.5,21,17,2352,1632,36.052,66.266,348.52,39.117,6,40.82,121.388,343.989,46.082,3,1.4412,17,1431.109,1349.984,1490.583,15.437,70.508,1328.3,70.508,70.508,1,1,
666,1790097259621425920,66.6,21,20,2352,1920,34.375,66.266,348.52,39.025,6,36.236,87.974,343.989,46.815,6,1.225,20,1420.671,1138.966,1490.583,15.437,37.094,1317.862,37.094,37.094,1,1,
667,1790097259721425920,66.7,21,21,2352,2016,34.375,70.929,348.52,39.258,6,37.596,85.195,343.989,44.528,6,1.1667,21,1410.83,1138.966,1490.583,20.1,34.315,1308.021,34.315,34.315,1,1,
668,1790097259821425920,66.8,20,20,2240,1920,34.411,70.929,348.52,39.182,6,38.956,85.195,343.989,44.593,6,1.1667,20,1376.724,1138.966,1490.583,20.1,34.315,1273.915,34.315,34.315,1,1,
669,1790097259921425920,66.9,20,19,2240,1824,34.411,56.982,348.52,36.007,6,40.197,85.195,343.989,48.986,6,1.2281,19,1334.93,1138.966,1490.583,6.153,34.315,1232.121,34.315,34.315,1,1,
670,1790097260021425920,67.0,21,19,2352,1824,39.581,62.952,70.929,19.97,6,41.486,93.309,343.989,49.535,6,1.2895,19,1262.566,1138.966,1490.583,12.123,42.429,1159.757,42.429,42.429,1,1,
671,1790097260121425920,67.1,23,19,2576,1824,45.959,62.952,70.929,18.392,6,41.486,83.736,343.989,42.88,6,1.4123,19,1249.65,1138.966,1490.583,12.123,32.856,1146.841,32.856,32.856,1,1,
672,1790097260221425920,67.2,24,19,2688,1824,47.168,64.256,70.929,18.379,6,41.954,80.615,93.309,26.081,6,1.4737,19,1249.65,1138.966,1452.009,13.427,29.735,1146.841,29.735,29.735,1,1,
673,1790097260321425920,67.3,25,21,2800,2016,47.191,64.256,70.929,18.091,6,41.486,80.615,93.309,23.613,6,1.3889,21,1249.65,983.664,1452.009,13.427,29.735,1146.841,29.735,29.735,1,1,
674,1790097260421425920,67.4,20,23,2240,2208,47.806,65.259,111.645,15.008,2,41.486,82.251,93.309,23.406,6,1.0145,23,1235.523,983.664,1452.009,14.43,31.371,1132.714,31.371,31.371,1,1,
675,1790097260521425920,67.5,19,23,2128,2208,47.662,65.259,111.645,15.332,2,41.486,82.251,93.309,23.406,6,0.9638,23,1235.523,983.664,1452.009,14.43,31.371,1132.714,31.371,31.371,1,1,
676,1790097260621425920,67.6,21,18,2352,1728,47.662,71.532,118.172,22.032,2,42.373,82.251,127.628,22.918,3,1.3611,18,1233.138,983.664,1306.646,20.703,31.371,1130.33,31.371,31.371,1,1,
677,1790097260721425920,67.7,21,19,2352,1824,47.662,71.532,118.172,21.598,2,41.906,93.309,127.628,26.339,3,1.2895,19,1249.65,983.664,1331.212,20.703,42.429,1146.841,42.429,42.429,1,1,
678,1790097260821425920,67.8,21,20,2352,1920,52.352,71.532,118.172,22.598,2,42.373,93.309,127.628,29.322,3,1.225,20,1256.593,983.664,1331.212,20.703,42.429,1153.784,42.429,42.429,1,1,
679,1790097260921425920,67.9,20,20,2240,1920,56.898,71.532,118.172,23.56,2,42.373,84.118,127.628,26.854,3,1.1667,20,1266.399,983.664,1331.212,20.703,33.238,1163.59,33.238,33.238,1,1,
680,1790097261021425920,68.0,21,21,2352,2016,52.067,71.532,118.172,23.047,2,41.676,84.118,127.628,25.646,3,1.1667,21,1269.579,983.664,1331.212,20.703,33.238,1166.77,33.238,33.238,1,1,
681,1790097261121425920,68.1,20,21,2240,2016,56.614,71.532,118.172,22.353,2,43.718,84.118,127.628,25.626,3,1.1111,21,1268.157,983.664,1331.212,20.703,33.238,1165.348,33.238,33.238,1,1,
682,1790097261221425920,68.2,21,21,2352,2016,50.201,71.532,118.172,21.599,2,43.718,84.118,127.628,25.944,3,1.1667,21,1269.579,983.664,1331.212,20.703,33.238,1166.77,33.238,33.238,1,1,
683,1790097261321425920,68.3,21,20,2352,1920,50.201,62.249,118.172,18.902,2,44.556,84.118,127.628,28.775,3,1.225,20,1273.15,983.664,1331.212,11.42,33.238,1170.341,33.238,33.238,1,1,
684,1790097261421425920,68.4,19,19,2128,1824,53.146,61.891,71.532,13.399,2,45.364,84.118,127.628,29.956,3,1.1667,19,1281.05,1105.406,1363.214,11.062,33.238,1178.241,33.238,33.238,1,1,
685,1790097261521425920,68.5,19,18,2128,1728,53.146,61.891,71.532,13.399,2,44.556,83.441,121.071,26.831,3,1.2315,18,1288.967,1233.031,1363.214,11.062,32.561,1186.158,32.561,32.561,1,1,
686,1790097261621425920,68.6,16,17,1792,1632,54.68,61.891,62.249,9.276,1,45.364,84.118,85.247,20.862,2,1.098,17,1298.924,1261.183,1401.247,11.062,33.238,1196.115,33.238,33.238,1,1,
687,1790097261721425920,68.7,13,15,1456,1440,53.146,61.003,61.891,8.56,1,46.884,84.118,85.247,20.14,2,1.0111,15,1298.924,1261.183,1401.247,10.174,33.238,1196.115,33.238,33.238,1,1,
688,1790097261821425920,68.8,12,14,1344,1344,51.612,59.92,61.003,8.404,1,46.173,83.441,85.247,18.771,2,1.0,14,1303.555,1261.183,1401.247,9.091,32.561,1200.746,32.561,32.561,1,1,
689,1790097261921425920,68.9,10,11,1120,1056,51.612,57.698,59.92,6.418,1,46.884,83.441,85.247,15.92,1,1.0606,11,1298.924,1266.202,1401.247,6.869,32.561,1196.115,32.561,32.561,1,1,
690,1790097262021425920,69.0,7,9,784,864,50.201,57.698,59.92,5.67,1,63.647,83.441,85.247,18.793,1,0.9074,9,1312.356,1266.202,1401.247,6.869,32.561,1209.547,32.561,32.561,1,1,
691,1790097262121425920,69.1,5,7,560,672,54.655,59.92,59.92,5.67,1,79.788,83.441,85.247,13.178,1,0.8333,7,1312.619,1276.721,1401.247,9.091,32.561,1209.81,32.561,32.561,1,1,
692,1790097262221425920,69.2,3,5,336,480,58.809,59.92,59.92,1.111,1,79.788,85.247,85.247,10.805,1,0.7,5,1363.214,1296.999,1401.247,9.091,34.367,1260.405,34.367,34.367,1,1,
693,1790097262321425920,69.3,1,4,112,384,,,,,0,79.7,85.247,85.247,14.348,1,0.2917,4,1379.572,1312.619,1401.247,,34.367,1276.763,34.367,34.367,1,1,
694,1790097262421425920,69.4,0,3,0,288,,,,,0,63.724,85.247,85.247,21.522,1,0.0,3,1395.93,1363.214,1401.247,,34.367,1293.121,34.367,34.367,1,1,
695,1790097262521425920,69.5,0,1,0,96,,,,,0,,,,,0,0.0,1,1395.93,1395.93,1395.93,,,1293.121,,,1,1,
696,1790097262621425920,69.6,0,0,0,0,,,,,0,,,,,0,,0,,,,,,,,,1,1,
697,1790097262721425920,69.7,0,0,0,0,,,,,0,,,,,0,,0,,,,,,,,,1,1,
698,1790097262821425920,69.8,0,0,0,0,,,,,0,,,,,0,,0,,,,,,,,,1,1,
699,1790097262921425920,69.9,0,0,0,0,,,,,0,,,,,0,,0,,,,,,,,,1,1,
700,1790097263021425920,70.0,0,0,0,0,,,,,0,,,,,0,,0,,,,,,,,,1,1,
701,1790097263121425920,70.1,0,0,0,0,,,,,0,,,,,0,,0,,,,,,,,,1,1,
702,1790097263221425920,70.2,0,0,0,0,,,,,0,,,,,0,,0,,,,,,,,,1,1,
703,1790097263321425920,70.3,0,0,0,0,,,,,0,,,,,0,,0,,,,,,,,,1,1,
704,1790097263421425920,70.4,0,0,0,0,,,,,0,,,,,0,,0,,,,,,,,,1,1,
705,1790097263521425920,70.5,0,0,0,0,,,,,0,,,,,0,,0,,,,,,,,,1,1,
706,1790097263621425920,70.6,0,0,0,0,,,,,0,,,,,0,,0,,,,,,,,,1,1,
707,1790097263721425920,70.7,0,0,0,0,,,,,0,,,,,0,,0,,,,,,,,,1,1,
708,1790097263821425920,70.8,0,0,0,0,,,,,0,,,,,0,,0,,,,,,,,,1,1,
709,1790097263921425920,70.9,0,0,0,0,,,,,0,,,,,0,,0,,,,,,,,,1,1,
710,1790097264021425920,71.0,0,0,0,0,,,,,0,,,,,0,,0,,,,,,,,,1,1,
711,1790097264121425920,71.1,0,0,0,0,,,,,0,,,,,0,,0,,,,,,,,,1,1,
712,1790097264221425920,71.2,0,0,0,0,,,,,0,,,,,0,,0,,,,,,,,,1,1,
713,1790097264321425920,71.3,0,0,0,0,,,,,0,,,,,0,,0,,,,,,,,,1,1,
714,1790097264421425920,71.4,0,0,0,0,,,,,0,,,,,0,,0,,,,,,,,,1,1,
715,1790097264521425920,71.5,0,0,0,0,,,,,0,,,,,0,,0,,,,,,,,,1,1,
716,1790097264621425920,71.6,0,0,0,0,,,,,0,,,,,0,,0,,,,,,,,,1,1,
717,1790097264721425920,71.7,0,0,0,0,,,,,0,,,,,0,,0,,,,,,,,,1,1,
718,1790097264821425920,71.8,0,0,0,0,,,,,0,,,,,0,,0,,,,,,,,,1,1,
719,1790097264921425920,71.9,0,0,0,0,,,,,0,,,,,0,,0,,,,,,,,,1,1,
720,1790097265021425920,72.0,0,0,0,0,,,,,0,,,,,0,,0,,,,,,,,,1,1,
721,1790097265121425920,72.1,0,0,0,0,,,,,0,,,,,0,,0,,,,,,,,,1,1,
722,1790097265221425920,72.2,0,0,0,0,,,,,0,,,,,0,,0,,,,,,,,,1,1,
723,1790097265321425920,72.3,0,0,0,0,,,,,0,,,,,0,,0,,,,,,,,,1,1,
724,1790097265421425920,72.4,0,0,0,0,,,,,0,,,,,0,,0,,,,,,,,,1,1,
725,1790097265521425920,72.5,0,0,0,0,,,,,0,,,,,0,,0,,,,,,,,,1,1,
726,1790097265621425920,72.6,0,0,0,0,,,,,0,,,,,0,,0,,,,,,,,,1,1,
727,1790097265721425920,72.7,0,0,0,0,,,,,0,,,,,0,,0,,,,,,,,,1,1,
728,1790097265821425920,72.8,0,0,0,0,,,,,0,,,,,0,,0,,,,,,,,,1,1,
729,1790097265921425920,72.9,0,0,0,0,,,,,0,,,,,0,,0,,,,,,,,,1,1,
730,1790097266021425920,73.0,0,0,0,0,,,,,0,,,,,0,,0,,,,,,,,,1,1,
731,1790097266121425920,73.1,0,0,0,0,,,,,0,,,,,0,,0,,,,,,,,,1,1,
732,1790097266221425920,73.2,0,0,0,0,,,,,0,,,,,0,,0,,,,,,,,,1,1,
733,1790097266321425920,73.3,0,0,0,0,,,,,0,,,,,0,,0,,,,,,,,,1,1,
734,1790097266421425920,73.4,0,0,0,0,,,,,0,,,,,0,,0,,,,,,,,,1,1,
735,1790097266521425920,73.5,0,0,0,0,,,,,0,,,,,0,,0,,,,,,,,,1,1,
736,1790097266621425920,73.6,0,0,0,0,,,,,0,,,,,0,,0,,,,,,,,,1,1,
737,1790097266721425920,73.7,0,0,0,0,,,,,0,,,,,0,,0,,,,,,,,,1,1,
738,1790097266821425920,73.8,0,0,0,0,,,,,0,,,,,0,,0,,,,,,,,,1,1,
739,1790097266921425920,73.9,0,0,0,0,,,,,0,,,,,0,,0,,,,,,,,,1,1,
740,1790097267021425920,74.0,0,0,0,0,,,,,0,,,,,0,,0,,,,,,,,,1,1,
741,1790097267121425920,74.1,0,0,0,0,,,,,0,,,,,0,,0,,,,,,,,,1,1,
742,1790097267221425920,74.2,0,0,0,0,,,,,0,,,,,0,,0,,,,,,,,,1,1,
743,1790097267321425920,74.3,0,0,0,0,,,,,0,,,,,0,,0,,,,,,,,,1,1,
744,1790097267421425920,74.4,0,0,0,0,,,,,0,,,,,0,,0,,,,,,,,,1,1,
745,1790097267521425920,74.5,0,0,0,0,,,,,0,,,,,0,,0,,,,,,,,,1,1,
746,1790097267621425920,74.6,0,0,0,0,,,,,0,,,,,0,,0,,,,,,,,,1,1,
747,1790097267721425920,74.7,0,0,0,0,,,,,0,,,,,0,,0,,,,,,,,,1,1,
748,1790097267821425920,74.8,0,0,0,0,,,,,0,,,,,0,,0,,,,,,,,,1,1,
749,1790097267921425920,74.9,0,0,0,0,,,,,0,,,,,0,,0,,,,,,,,,1,1,
750,1790097268021425920,75.0,0,0,0,0,,,,,0,,,,,0,,0,,,,,,,,,1,1,
751,1790097268121425920,75.1,0,0,0,0,,,,,0,,,,,0,,0,,,,,,,,,1,1,
752,1790097268221425920,75.2,0,0,0,0,,,,,0,,,,,0,,0,,,,,,,,,1,1,
753,1790097268321425920,75.3,0,0,0,0,,,,,0,,,,,0,,0,,,,,,,,,1,1,
754,1790097268421425920,75.4,0,0,0,0,,,,,0,,,,,0,,0,,,,,,,,,1,1,
755,1790097268521425920,75.5,0,0,0,0,,,,,0,,,,,0,,0,,,,,,,,,1,1,
756,1790097268621425920,75.6,0,0,0,0,,,,,0,,,,,0,,0,,,,,,,,,1,1,
757,1790097268721425920,75.7,0,0,0,0,,,,,0,,,,,0,,0,,,,,,,,,1,1,
758,1790097268821425920,75.8,0,0,0,0,,,,,0,,,,,0,,0,,,,,,,,,1,1,
759,1790097268921425920,75.9,0,0,0,0,,,,,0,,,,,0,,0,,,,,,,,,1,1,
760,1790097269021425920,76.0,0,0,0,0,,,,,0,,,,,0,,0,,,,,,,,,1,1,
761,1790097269121425920,76.1,0,0,0,0,,,,,0,,,,,0,,0,,,,,,,,,1,1,
762,1790097269221425920,76.2,0,0,0,0,,,,,0,,,,,0,,0,,,,,,,,,1,1,
763,1790097269321425920,76.3,0,0,0,0,,,,,0,,,,,0,,0,,,,,,,,,1,1,
764,1790097269421425920,76.4,0,0,0,0,,,,,0,,,,,0,,0,,,,,,,,,1,1,
765,1790097269521425920,76.5,0,0,0,0,,,,,0,,,,,0,,0,,,,,,,,,1,1,
766,1790097269621425920,76.6,0,0,0,0,,,,,0,,,,,0,,0,,,,,,,,,1,1,
767,1790097269721425920,76.7,0,0,0,0,,,,,0,,,,,0,,0,,,,,,,,,1,1,
768,1790097269821425920,76.8,0,0,0,0,,,,,0,,,,,0,,0,,,,,,,,,1,1,
769,1790097269921425920,76.9,0,0,0,0,,,,,0,,,,,0,,0,,,,,,,,,1,1,
770,1790097270021425920,77.0,0,0,0,0,,,,,0,,,,,0,,0,,,,,,,,,1,1,
771,1790097270121425920,77.1,0,0,0,0,,,,,0,,,,,0,,0,,,,,,,,,1,1,
772,1790097270221425920,77.2,0,0,0,0,,,,,0,,,,,0,,0,,,,,,,,,1,1,
773,1790097270321425920,77.3,0,0,0,0,,,,,0,,,,,0,,0,,,,,,,,,1,1,
774,1790097270421425920,77.4,0,0,0,0,,,,,0,,,,,0,,0,,,,,,,,,1,1,
775,1790097270521425920,77.5,0,0,0,0,,,,,0,,,,,0,,0,,,,,,,,,1,1,
776,1790097270621425920,77.6,0,0,0,0,,,,,0,,,,,0,,0,,,,,,,,,1,1,
777,1790097270721425920,77.7,0,0,0,0,,,,,0,,,,,0,,0,,,,,,,,,1,1,
778,1790097270821425920,77.8,0,0,0,0,,,,,0,,,,,0,,0,,,,,,,,,1,1,
779,1790097270921425920,77.9,0,0,0,0,,,,,0,,,,,0,,0,,,,,,,,,1,1,
780,1790097271021425920,78.0,0,0,0,0,,,,,0,,,,,0,,0,,,,,,,,,1,1,
781,1790097271121425920,78.1,0,0,0,0,,,,,0,,,,,0,,0,,,,,,,,,1,1,
782,1790097271221425920,78.2,0,0,0,0,,,,,0,,,,,0,,0,,,,,,,,,1,1,
783,1790097271321425920,78.3,0,0,0,0,,,,,0,,,,,0,,0,,,,,,,,,1,1,
784,1790097271421425920,78.4,0,0,0,0,,,,,0,,,,,0,,0,,,,,,,,,1,1,
785,1790097271521425920,78.5,0,0,0,0,,,,,0,,,,,0,,0,,,,,,,,,1,1,
786,1790097271621425920,78.6,1,0,32,0,,,,,0,,,,,0,,0,,,,,,,,,1,1,
787,1790097271721425920,78.7,1,0,32,0,,,,,0,,,,,0,,0,,,,,,,,,1,1,
788,1790097271821425920,78.8,1,0,32,0,,,,,0,,,,,0,,0,,,,,,,,,1,1,
789,1790097271921425920,78.9,1,0,32,0,,,,,0,,,,,0,,0,,,,,,,,,1,1,
790,1790097272021425920,79.0,1,0,32,0,,,,,0,,,,,0,,0,,,,,,,,,1,1,
791,1790097272121425920,79.1,1,0,32,0,,,,,0,,,,,0,,0,,,,,,,,,1,1,
792,1790097272221425920,79.2,1,0,32,0,,,,,0,,,,,0,,0,,,,,,,,,1,1,
793,1790097272321425920,79.3,1,0,32,0,,,,,0,,,,,0,,0,,,,,,,,,1,1,
794,1790097272421425920,79.4,1,0,32,0,,,,,0,,,,,0,,0,,,,,,,,,1,1,
795,1790097272521425920,79.5,0,0,0,0,,,,,0,,,,,0,,0,,,,,,,,,1,1,
796,1790097272621425920,79.6,0,0,0,0,,,,,0,,,,,0,,0,,,,,,,,,1,1,
797,1790097272721425920,79.7,0,0,0,0,,,,,0,,,,,0,,0,,,,,,,,,1,1,
798,1790097272821425920,79.8,0,0,0,0,,,,,0,,,,,0,,0,,,,,,,,,1,1,
799,1790097272921425920,79.9,0,0,0,0,,,,,0,,,,,0,,0,,,,,,,,,1,1,
800,1790097273021425920,80.0,0,0,0,0,,,,,0,,,,,0,,0,,,,,,,,,1,1,
801,1790097273121425920,80.1,0,0,0,0,,,,,0,,,,,0,,0,,,,,,,,,1,1,
802,1790097273221425920,80.2,0,0,0,0,,,,,0,,,,,0,,0,,,,,,,,,1,1,
803,1790097273321425920,80.3,0,0,0,0,,,,,0,,,,,0,,0,,,,,,,,,1,1,
804,1790097273421425920,80.4,0,0,0,0,,,,,0,,,,,0,,0,,,,,,,,,1,1,
805,1790097273521425920,80.5,0,0,0,0,,,,,0,,,,,0,,0,,,,,,,,,1,1,
806,1790097273621425920,80.6,0,0,0,0,,,,,0,,,,,0,,0,,,,,,,,,1,1,
807,1790097273721425920,80.7,0,0,0,0,,,,,0,,,,,0,,0,,,,,,,,,1,1,
808,1790097273821425920,80.8,0,0,0,0,,,,,0,,,,,0,,0,,,,,,,,,1,1,
809,1790097273921425920,80.9,0,0,0,0,,,,,0,,,,,0,,0,,,,,,,,,1,1,
810,1790097274021425920,81.0,0,0,0,0,,,,,0,,,,,0,,0,,,,,,,,,1,1,
811,1790097274121425920,81.1,0,0,0,0,,,,,0,,,,,0,,0,,,,,,,,,1,1,
812,1790097274221425920,81.2,0,0,0,0,,,,,0,,,,,0,,0,,,,,,,,,1,1,
813,1790097274321425920,81.3,0,0,0,0,,,,,0,,,,,0,,0,,,,,,,,,1,1,
814,1790097274421425920,81.4,0,0,0,0,,,,,0,,,,,0,,0,,,,,,,,,1,1,
815,1790097274521425920,81.5,0,0,0,0,,,,,0,,,,,0,,0,,,,,,,,,1,1,
816,1790097274621425920,81.6,0,0,0,0,,,,,0,,,,,0,,0,,,,,,,,,1,1,
817,1790097274721425920,81.7,0,0,0,0,,,,,0,,,,,0,,0,,,,,,,,,1,1,
818,1790097274821425920,81.8,0,0,0,0,,,,,0,,,,,0,,0,,,,,,,,,1,1,
819,1790097274921425920,81.9,0,0,0,0,,,,,0,,,,,0,,0,,,,,,,,,1,1,
820,1790097275021425920,82.0,0,0,0,0,,,,,0,,,,,0,,0,,,,,,,,,1,1,
821,1790097275121425920,82.1,0,0,0,0,,,,,0,,,,,0,,0,,,,,,,,,1,1,
822,1790097275221425920,82.2,0,0,0,0,,,,,0,,,,,0,,0,,,,,,,,,1,1,
823,1790097275321425920,82.3,0,0,0,0,,,,,0,,,,,0,,0,,,,,,,,,1,1,
824,1790097275421425920,82.4,0,0,0,0,,,,,0,,,,,0,,0,,,,,,,,,1,1,
825,1790097275521425920,82.5,0,0,0,0,,,,,0,,,,,0,,0,,,,,,,,,1,1,
826,1790097275621425920,82.6,0,0,0,0,,,,,0,,,,,0,,0,,,,,,,,,1,1,
827,1790097275721425920,82.7,0,0,0,0,,,,,0,,,,,0,,0,,,,,,,,,1,1,
828,1790097275821425920,82.8,0,0,0,0,,,,,0,,,,,0,,0,,,,,,,,,1,1,
829,1790097275921425920,82.9,0,0,0,0,,,,,0,,,,,0,,0,,,,,,,,,1,1,
830,1790097276021425920,83.0,0,0,0,0,,,,,0,,,,,0,,0,,,,,,,,,1,1,
831,1790097276121425920,83.1,0,0,0,0,,,,,0,,,,,0,,0,,,,,,,,,1,1,
832,1790097276221425920,83.2,0,0,0,0,,,,,0,,,,,0,,0,,,,,,,,,1,1,
833,1790097276321425920,83.3,0,0,0,0,,,,,0,,,,,0,,0,,,,,,,,,1,1,
834,1790097276421425920,83.4,0,0,0,0,,,,,0,,,,,0,,0,,,,,,,,,1,1,
835,1790097276521425920,83.5,0,0,0,0,,,,,0,,,,,0,,0,,,,,,,,,1,1,
836,1790097276621425920,83.6,0,0,0,0,,,,,0,,,,,0,,0,,,,,,,,,1,1,
837,1790097276721425920,83.7,0,0,0,0,,,,,0,,,,,0,,0,,,,,,,,,1,1,
838,1790097276821425920,83.8,0,0,0,0,,,,,0,,,,,0,,0,,,,,,,,,1,1,
839,1790097276921425920,83.9,0,0,0,0,,,,,0,,,,,0,,0,,,,,,,,,1,1,
840,1790097277021425920,84.0,0,0,0,0,,,,,0,,,,,0,,0,,,,,,,,,1,1,
841,1790097277121425920,84.1,0,0,0,0,,,,,0,,,,,0,,0,,,,,,,,,1,1,
842,1790097277221425920,84.2,0,0,0,0,,,,,0,,,,,0,,0,,,,,,,,,1,1,
843,1790097277321425920,84.3,0,0,0,0,,,,,0,,,,,0,,0,,,,,,,,,1,1,
844,1790097277421425920,84.4,0,0,0,0,,,,,0,,,,,0,,0,,,,,,,,,1,1,
845,1790097277521425920,84.5,0,0,0,0,,,,,0,,,,,0,,0,,,,,,,,,1,1,
846,1790097277621425920,84.6,0,0,0,0,,,,,0,,,,,0,,0,,,,,,,,,1,1,
847,1790097277721425920,84.7,0,0,0,0,,,,,0,,,,,0,,0,,,,,,,,,1,1,
848,1790097277821425920,84.8,0,0,0,0,,,,,0,,,,,0,,0,,,,,,,,,1,1,
849,1790097277921425920,84.9,0,0,0,0,,,,,0,,,,,0,,0,,,,,,,,,1,1,
850,1790097278021425920,85.0,0,0,0,0,,,,,0,,,,,0,,0,,,,,,,,,1,1,
851,1790097278121425920,85.1,0,0,0,0,,,,,0,,,,,0,,0,,,,,,,,,1,1,
852,1790097278221425920,85.2,0,0,0,0,,,,,0,,,,,0,,0,,,,,,,,,1,1,
853,1790097278321425920,85.3,0,0,0,0,,,,,0,,,,,0,,0,,,,,,,,,1,1,
854,1790097278421425920,85.4,0,0,0,0,,,,,0,,,,,0,,0,,,,,,,,,1,1,
855,1790097278521425920,85.5,0,0,0,0,,,,,0,,,,,0,,0,,,,,,,,,1,1,
856,1790097278621425920,85.6,0,0,0,0,,,,,0,,,,,0,,0,,,,,,,,,1,1,
857,1790097278721425920,85.7,0,0,0,0,,,,,0,,,,,0,,0,,,,,,,,,1,1,
858,1790097278821425920,85.8,0,0,0,0,,,,,0,,,,,0,,0,,,,,,,,,1,1,
859,1790097278921425920,85.9,0,0,0,0,,,,,0,,,,,0,,0,,,,,,,,,1,1,
860,1790097279021425920,86.0,0,0,0,0,,,,,0,,,,,0,,0,,,,,,,,,1,1,
861,1790097279121425920,86.1,0,0,0,0,,,,,0,,,,,0,,0,,,,,,,,,1,1,
862,1790097279221425920,86.2,0,0,0,0,,,,,0,,,,,0,,0,,,,,,,,,1,1,
863,1790097279321425920,86.3,0,0,0,0,,,,,0,,,,,0,,0,,,,,,,,,1,1,
864,1790097279421425920,86.4,0,0,0,0,,,,,0,,,,,0,,0,,,,,,,,,1,1,
865,1790097279521425920,86.5,0,0,0,0,,,,,0,,,,,0,,0,,,,,,,,,1,1,
866,1790097279621425920,86.6,0,0,0,0,,,,,0,,,,,0,,0,,,,,,,,,1,1,
867,1790097279721425920,86.7,0,0,0,0,,,,,0,,,,,0,,0,,,,,,,,,1,1,
868,1790097279821425920,86.8,0,0,0,0,,,,,0,,,,,0,,0,,,,,,,,,1,1,
869,1790097279921425920,86.9,0,0,0,0,,,,,0,,,,,0,,0,,,,,,,,,1,1,
870,1790097280021425920,87.0,0,0,0,0,,,,,0,,,,,0,,0,,,,,,,,,1,1,
871,1790097280121425920,87.1,0,0,0,0,,,,,0,,,,,0,,0,,,,,,,,,1,1,
872,1790097280221425920,87.2,0,0,0,0,,,,,0,,,,,0,,0,,,,,,,,,1,1,
873,1790097280321425920,87.3,0,0,0,0,,,,,0,,,,,0,,0,,,,,,,,,1,1,
874,1790097280421425920,87.4,0,0,0,0,,,,,0,,,,,0,,0,,,,,,,,,1,1,
875,1790097280521425920,87.5,0,0,0,0,,,,,0,,,,,0,,0,,,,,,,,,1,1,
876,1790097280621425920,87.6,0,0,0,0,,,,,0,,,,,0,,0,,,,,,,,,1,1,
877,1790097280721425920,87.7,0,0,0,0,,,,,0,,,,,0,,0,,,,,,,,,1,1,
878,1790097280821425920,87.8,0,0,0,0,,,,,0,,,,,0,,0,,,,,,,,,1,1,
879,1790097280921425920,87.9,0,0,0,0,,,,,0,,,,,0,,0,,,,,,,,,1,1,
880,1790097281021425920,88.0,0,0,0,0,,,,,0,,,,,0,,0,,,,,,,,,1,1,
881,1790097281121425920,88.1,0,0,0,0,,,,,0,,,,,0,,0,,,,,,,,,1,1,
882,1790097281221425920,88.2,0,0,0,0,,,,,0,,,,,0,,0,,,,,,,,,1,1,
883,1790097281321425920,88.3,0,0,0,0,,,,,0,,,,,0,,0,,,,,,,,,1,1,
884,1790097281421425920,88.4,0,0,0,0,,,,,0,,,,,0,,0,,,,,,,,,1,1,
885,1790097281521425920,88.5,0,0,0,0,,,,,0,,,,,0,,0,,,,,,,,,1,1,
886,1790097281621425920,88.6,0,0,0,0,,,,,0,,,,,0,,0,,,,,,,,,1,1,
887,1790097281721425920,88.7,0,0,0,0,,,,,0,,,,,0,,0,,,,,,,,,1,1,
888,1790097281821425920,88.8,0,0,0,0,,,,,0,,,,,0,,0,,,,,,,,,1,1,
889,1790097281921425920,88.9,0,0,0,0,,,,,0,,,,,0,,0,,,,,,,,,1,1,
890,1790097282021425920,89.0,0,0,0,0,,,,,0,,,,,0,,0,,,,,,,,,1,1,
