step,t_ns,elapsed_s,n_up,n_down,bytes_up,bytes_down,iat_med_up_ms,iat_p90_up_ms,iat_max_up_ms,iat_mad_up_ms,burst_up,iat_med_down_ms,iat_p90_down_ms,iat_max_down_ms,iat_mad_down_ms,burst_down,updown_ratio,pair_n,pair_med_ms,pair_min_ms,pair_max_ms,q_up_ms,q_down_ms,q_pair_ms,q_hat_ms,q_min_ms,baseline_done,degraded,t_det_meta_ns
1,1790095301622941184,0.1,1,0,112,0,,,,,0,,,,,0,,0,,,,,,,,,0,0,
2,1790095301722941184,0.2,1,0,112,0,,,,,0,,,,,0,,0,,,,,,,,,0,0,
3,1790095301822941184,0.3,1,0,112,0,,,,,0,,,,,0,,0,,,,,,,,,0,0,
4,1790095301922941184,0.4,1,0,112,0,,,,,0,,,,,0,,0,,,,,,,,,0,0,
5,1790095302022941184,0.5,1,0,112,0,,,,,0,,,,,0,,0,,,,,,,,,0,0,
6,1790095302122941184,0.6,1,0,112,0,,,,,0,,,,,0,,0,,,,,,,,,0,0,
7,1790095302222941184,0.7,1,0,112,0,,,,,0,,,,,0,,0,,,,,,,,,0,0,
8,1790095302322941184,0.8,2,0,224,0,764.608,764.608,764.608,0.0,1,,,,,0,,0,,,,,,,,,0,0,
9,1790095302422941184,0.9,2,0,224,0,764.608,764.608,764.608,0.0,1,,,,,0,,0,,,,,,,,,0,0,
10,1790095302522941184,1.0,2,0,224,0,764.608,764.608,764.608,0.0,1,,,,,0,,0,,,,,,,,,0,0,
11,1790095302622941184,1.1,1,0,112,0,,,,,0,,,,,0,,0,,,,,,,,,0,0,
12,1790095302722941184,1.2,1,0,112,0,,,,,0,,,,,0,,0,,,,,,,,,0,0,
13,1790095302822941184,1.3,1,0,112,0,,,,,0,,,,,0,,0,,,,,,,,,0,0,
14,1790095302922941184,1.4,1,0,112,0,,,,,0,,,,,0,,0,,,,,,,,,0,0,
15,1790095303022941184,1.5,1,0,112,0,,,,,0,,,,,0,,0,,,,,,,,,0,0,
16,1790095303122941184,1.6,2,0,224,0,766.273,766.273,766.273,0.0,1,,,,,0,,0,,,,,,,,,0,0,
17,1790095303222941184,1.7,2,0,224,0,766.273,766.273,766.273,0.0,1,,,,,0,,0,,,,,,,,,0,0,
18,1790095303322941184,1.8,1,0,112,0,,,,,0,,,,,0,,0,,,,,,,,,0,0,
19,1790095303422941184,1.9,1,0,112,0,,,,,0,,,,,0,,0,,,,,,,,,0,0,
20,1790095303522941184,2.0,1,0,112,0,,,,,0,,,,,0,,0,,,,,,,,,0,0,
21,1790095303622941184,2.1,1,0,112,0,,,,,0,,,,,0,,0,,,,,,,,,0,0,
22,1790095303722941184,2.2,1,0,112,0,,,,,0,,,,,0,,0,,,,,,,,,0,0,
23,1790095303822941184,2.3,1,0,112,0,,,,,0,,,,,0,,0,,,,,,,,,0,0,
24,1790095303922941184,2.4,1,0,112,0,,,,,0,,,,,0,,0,,,,,,,,,0,0,
25,1790095304022941184,2.5,1,0,112,0,,,,,0,,,,,0,,0,,,,,,,,,0,0,
26,1790095304122941184,2.6,0,0,0,0,,,,,0,,,,,0,,0,,,,,,,,,0,0,
27,1790095304222941184,2.7,0,0,0,0,,,,,0,,,,,0,,0,,,,,,,,,0,0,
28,1790095304322941184,2.8,0,0,0,0,,,,,0,,,,,0,,0,,,,,,,,,0,0,
29,1790095304422941184,2.9,0,0,0,0,,,,,0,,,,,0,,0,,,,,,,,,0,0,
30,1790095304522941184,3.0,0,0,0,0,,,,,0,,,,,0,,0,,,,,,,,,0,0,
31,1790095304622941184,3.1,0,0,0,0,,,,,0,,,,,0,,0,,,,,,,,,0,0,
32,1790095304722941184,3.2,0,0,0,0,,,,,0,,,,,0,,0,,,,,,,,,0,0,
33,1790095304822941184,3.3,0,0,0,0,,,,,0,,,,,0,,0,,,,,,,,,0,0,
34,1790095304922941184,3.4,0,0,0,0,,,,,0,,,,,0,,0,,,,,,,,,0,0,
35,1790095305022941184,3.5,0,0,0,0,,,,,0,,,,,0,,0,,,,,,,,,0,0,
36,1790095305122941184,3.6,0,0,0,0,,,,,0,,,,,0,,0,,,,,,,,,0,0,
37,1790095305222941184,3.7,0,0,0,0,,,,,0,,,,,0,,0,,,,,,,,,0,0,
38,1790095305322941184,3.8,0,0,0,0,,,,,0,,,,,0,,0,,,,,,,,,0,0,
39,1790095305422941184,3.9,0,0,0,0,,,,,0,,,,,0,,0,,,,,,,,,0,0,
40,1790095305522941184,4.0,0,0,0,0,,,,,0,,,,,0,,0,,,,,,,,,0,0,
41,1790095305622941184,4.1,0,0,0,0,,,,,0,,,,,0,,0,,,,,,,,,0,0,
42,1790095305722941184,4.2,0,0,0,0,,,,,0,,,,,0,,0,,,,,,,,,0,0,
43,1790095305822941184,4.3,0,0,0,0,,,,,0,,,,,0,,0,,,,,,,,,0,0,
44,1790095305922941184,4.4,0,0,0,0,,,,,0,,,,,0,,0,,,,,,,,,0,0,
45,1790095306022941184,4.5,0,0,0,0,,,,,0,,,,,0,,0,,,,,,,,,0,0,
46,1790095306122941184,4.6,0,0,0,0,,,,,0,,,,,0,,0,,,,,,,,,0,0,
47,1790095306222941184,4.7,0,0,0,0,,,,,0,,,,,0,,0,,,,,,,,,0,0,
48,1790095306322941184,4.8,0,0,0,0,,,,,0,,,,,0,,0,,,,,,,,,0,0,
49,1790095306422941184,4.9,0,0,0,0,,,,,0,,,,,0,,0,,,,,,,,,0,0,
50,1790095306522941184,5.0,0,0,0,0,,,,,0,,,,,0,,0,,,,,,,,,0,0,
51,1790095306622941184,5.1,0,0,0,0,,,,,0,,,,,0,,0,,,,,,,,,0,0,
52,1790095306722941184,5.2,0,0,0,0,,,,,0,,,,,0,,0,,,,,,,,,0,0,
53,1790095306822941184,5.3,0,0,0,0,,,,,0,,,,,0,,0,,,,,,,,,0,0,
54,1790095306922941184,5.4,0,0,0,0,,,,,0,,,,,0,,0,,,,,,,,,0,0,
55,1790095307022941184,5.5,0,0,0,0,,,,,0,,,,,0,,0,,,,,,,,,0,0,
56,1790095307122941184,5.6,0,0,0,0,,,,,0,,,,,0,,0,,,,,,,,,0,0,
57,1790095307222941184,5.7,0,0,0,0,,,,,0,,,,,0,,0,,,,,,,,,0,0,
58,1790095307322941184,5.8,0,0,0,0,,,,,0,,,,,0,,0,,,,,,,,,0,0,
59,1790095307422941184,5.9,0,0,0,0,,,,,0,,,,,0,,0,,,,,,,,,0,0,
60,1790095307522941184,6.0,0,0,0,0,,,,,0,,,,,0,,0,,,,,,,,,0,0,
61,1790095307622941184,6.1,0,0,0,0,,,,,0,,,,,0,,0,,,,,,,,,0,0,
62,1790095307722941184,6.2,0,0,0,0,,,,,0,,,,,0,,0,,,,,,,,,0,0,
63,1790095307822941184,6.3,0,0,0,0,,,,,0,,,,,0,,0,,,,,,,,,0,0,
64,1790095307922941184,6.4,0,0,0,0,,,,,0,,,,,0,,0,,,,,,,,,0,0,
65,1790095308022941184,6.5,0,0,0,0,,,,,0,,,,,0,,0,,,,,,,,,0,0,
66,1790095308122941184,6.6,0,0,0,0,,,,,0,,,,,0,,0,,,,,,,,,0,0,
67,1790095308222941184,6.7,0,0,0,0,,,,,0,,,,,0,,0,,,,,,,,,0,0,
68,1790095308322941184,6.8,0,0,0,0,,,,,0,,,,,0,,0,,,,,,,,,0,0,
69,1790095308422941184,6.9,0,0,0,0,,,,,0,,,,,0,,0,,,,,,,,,0,0,
70,1790095308522941184,7.0,0,0,0,0,,,,,0,,,,,0,,0,,,,,,,,,0,0,
71,1790095308622941184,7.1,0,0,0,0,,,,,0,,,,,0,,0,,,,,,,,,0,0,
72,1790095308722941184,7.2,0,0,0,0,,,,,0,,,,,0,,0,,,,,,,,,0,0,
73,1790095308822941184,7.3,0,0,0,0,,,,,0,,,,,0,,0,,,,,,,,,0,0,
74,1790095308922941184,7.4,0,0,0,0,,,,,0,,,,,0,,0,,,,,,,,,0,0,
75,1790095309022941184,7.5,0,0,0,0,,,,,0,,,,,0,,0,,,,,,,,,0,0,
76,1790095309122941184,7.6,0,0,0,0,,,,,0,,,,,0,,0,,,,,,,,,0,0,
77,1790095309222941184,7.7,0,0,0,0,,,,,0,,,,,0,,0,,,,,,,,,0,0,
78,1790095309322941184,7.8,0,0,0,0,,,,,0,,,,,0,,0,,,,,,,,,0,0,
79,1790095309422941184,7.9,0,0,0,0,,,,,0,,,,,0,,0,,,,,,,,,0,0,
80,1790095309522941184,8.0,0,0,0,0,,,,,0,,,,,0,,0,,,,,,,,,0,0,
81,1790095309622941184,8.1,0,0,0,0,,,,,0,,,,,0,,0,,,,,,,,,0,0,
82,1790095309722941184,8.2,0,0,0,0,,,,,0,,,,,0,,0,,,,,,,,,0,0,
83,1790095309822941184,8.3,0,0,0,0,,,,,0,,,,,0,,0,,,,,,,,,0,0,
84,1790095309922941184,8.4,0,0,0,0,,,,,0,,,,,0,,0,,,,,,,,,0,0,
85,1790095310022941184,8.5,0,0,0,0,,,,,0,,,,,0,,0,,,,,,,,,0,0,
86,1790095310122941184,8.6,0,0,0,0,,,,,0,,,,,0,,0,,,,,,,,,0,0,
87,1790095310222941184,8.7,0,0,0,0,,,,,0,,,,,0,,0,,,,,,,,,0,0,
88,1790095310322941184,8.8,0,0,0,0,,,,,0,,,,,0,,0,,,,,,,,,0,0,
89,1790095310422941184,8.9,0,0,0,0,,,,,0,,,,,0,,0,,,,,,,,,0,0,
90,1790095310522941184,9.0,0,0,0,0,,,,,0,,,,,0,,0,,,,,,,,,0,0,
91,1790095310622941184,9.1,0,0,0,0,,,,,0,,,,,0,,0,,,,,,,,,0,0,
92,1790095310722941184,9.2,0,0,0,0,,,,,0,,,,,0,,0,,,,,,,,,0,0,
93,1790095310822941184,9.3,0,0,0,0,,,,,0,,,,,0,,0,,,,,,,,,0,0,
94,1790095310922941184,9.4,0,0,0,0,,,,,0,,,,,0,,0,,,,,,,,,0,0,
95,1790095311022941184,9.5,0,0,0,0,,,,,0,,,,,0,,0,,,,,,,,,0,0,
96,1790095311122941184,9.6,0,0,0,0,,,,,0,,,,,0,,0,,,,,,,,,0,0,
97,1790095311222941184,9.7,0,0,0,0,,,,,0,,,,,0,,0,,,,,,,,,0,0,
98,1790095311322941184,9.8,0,0,0,0,,,,,0,,,,,0,,0,,,,,,,,,0,0,
99,1790095311422941184,9.9,0,0,0,0,,,,,0,,,,,0,,0,,,,,,,,,0,0,
100,1790095311522941184,10.0,0,0,0,0,,,,,0,,,,,0,,0,,,,,,,,,0,0,
101,1790095311622941184,10.1,0,1,0,32,,,,,0,,,,,0,0.0,0,,,,,,,,,0,0,
102,1790095311722941184,10.2,0,1,0,32,,,,,0,,,,,0,0.0,0,,,,,,,,,0,0,
103,1790095311822941184,10.3,0,1,0,32,,,,,0,,,,,0,0.0,0,,,,,,,,,0,0,
104,1790095311922941184,10.4,0,1,0,32,,,,,0,,,,,0,0.0,0,,,,,,,,,0,0,
105,1790095312022941184,10.5,0,1,0,32,,,,,0,,,,,0,0.0,0,,,,,,,,,0,0,
106,1790095312122941184,10.6,0,1,0,32,,,,,0,,,,,0,0.0,0,,,,,,,,,0,0,
107,1790095312222941184,10.7,0,1,0,32,,,,,0,,,,,0,0.0,0,,,,,,,,,0,0,
108,1790095312322941184,10.8,0,1,0,32,,,,,0,,,,,0,0.0,0,,,,,,,,,0,0,
109,1790095312422941184,10.9,0,1,0,32,,,,,0,,,,,0,0.0,0,,,,,,,,,0,0,
110,1790095312522941184,11.0,0,1,0,32,,,,,0,,,,,0,0.0,0,,,,,,,,,0,0,
111,1790095312622941184,11.1,0,0,0,0,,,,,0,,,,,0,,0,,,,,,,,,0,0,
112,1790095312722941184,11.2,0,0,0,0,,,,,0,,,,,0,,0,,,,,,,,,0,0,
113,1790095312822941184,11.3,0,0,0,0,,,,,0,,,,,0,,0,,,,,,,,,0,0,
114,1790095312922941184,11.4,0,0,0,0,,,,,0,,,,,0,,0,,,,,,,,,0,0,
115,1790095313022941184,11.5,0,0,0,0,,,,,0,,,,,0,,0,,,,,,,,,0,0,
116,1790095313122941184,11.6,0,0,0,0,,,,,0,,,,,0,,0,,,,,,,,,0,0,
117,1790095313222941184,11.7,0,0,0,0,,,,,0,,,,,0,,0,,,,,,,,,0,0,
118,1790095313322941184,11.8,0,0,0,0,,,,,0,,,,,0,,0,,,,,,,,,0,0,
119,1790095313422941184,11.9,0,0,0,0,,,,,0,,,,,0,,0,,,,,,,,,0,0,
120,1790095313522941184,12.0,0,0,0,0,,,,,0,,,,,0,,0,,,,,,,,,0,0,
121,1790095313622941184,12.1,0,0,0,0,,,,,0,,,,,0,,0,,,,,,,,,0,0,
122,1790095313722941184,12.2,0,0,0,0,,,,,0,,,,,0,,0,,,,,,,,,0,0,
123,1790095313822941184,12.3,0,0,0,0,,,,,0,,,,,0,,0,,,,,,,,,0,0,
124,1790095313922941184,12.4,0,0,0,0,,,,,0,,,,,0,,0,,,,,,,,,0,0,
125,1790095314022941184,12.5,0,0,0,0,,,,,0,,,,,0,,0,,,,,,,,,0,0,
126,1790095314122941184,12.6,0,0,0,0,,,,,0,,,,,0,,0,,,,,,,,,0,0,
127,1790095314222941184,12.7,0,0,0,0,,,,,0,,,,,0,,0,,,,,,,,,0,0,
128,1790095314322941184,12.8,0,0,0,0,,,,,0,,,,,0,,0,,,,,,,,,0,0,
129,1790095314422941184,12.9,0,0,0,0,,,,,0,,,,,0,,0,,,,,,,,,0,0,
130,1790095314522941184,13.0,0,0,0,0,,,,,0,,,,,0,,0,,,,,,,,,0,0,
131,1790095314622941184,13.1,0,0,0,0,,,,,0,,,,,0,,0,,,,,,,,,0,0,
132,1790095314722941184,13.2,0,0,0,0,,,,,0,,,,,0,,0,,,,,,,,,0,0,
133,1790095314822941184,13.3,0,0,0,0,,,,,0,,,,,0,,0,,,,,,,,,0,0,
134,1790095314922941184,13.4,0,0,0,0,,,,,0,,,,,0,,0,,,,,,,,,0,0,
135,1790095315022941184,13.5,0,0,0,0,,,,,0,,,,,0,,0,,,,,,,,,0,0,
136,1790095315122941184,13.6,0,0,0,0,,,,,0,,,,,0,,0,,,,,,,,,0,0,
137,1790095315222941184,13.7,0,0,0,0,,,,,0,,,,,0,,0,,,,,,,,,0,0,
138,1790095315322941184,13.8,0,0,0,0,,,,,0,,,,,0,,0,,,,,,,,,0,0,
139,1790095315422941184,13.9,0,0,0,0,,,,,0,,,,,0,,0,,,,,,,,,0,0,
140,1790095315522941184,14.0,0,0,0,0,,,,,0,,,,,0,,0,,,,,,,,,0,0,
141,1790095315622941184,14.1,0,0,0,0,,,,,0,,,,,0,,0,,,,,,,,,0,0,
142,1790095315722941184,14.2,0,0,0,0,,,,,0,,,,,0,,0,,,,,,,,,0,0,
143,1790095315822941184,14.3,0,0,0,0,,,,,0,,,,,0,,0,,,,,,,,,0,0,
144,1790095315922941184,14.4,0,0,0,0,,,,,0,,,,,0,,0,,,,,,,,,0,0,
145,1790095316022941184,14.5,0,0,0,0,,,,,0,,,,,0,,0,,,,,,,,,0,0,
146,1790095316122941184,14.6,0,0,0,0,,,,,0,,,,,0,,0,,,,,,,,,0,0,
147,1790095316222941184,14.7,0,0,0,0,,,,,0,,,,,0,,0,,,,,,,,,0,0,
148,1790095316322941184,14.8,0,0,0,0,,,,,0,,,,,0,,0,,,,,,,,,0,0,
149,1790095316422941184,14.9,0,0,0,0,,,,,0,,,,,0,,0,,,,,,,,,0,0,
150,1790095316522941184,15.0,0,0,0,0,,,,,0,,,,,0,,0,,,,,,,,,0,0,
151,1790095316622941184,15.1,0,0,0,0,,,,,0,,,,,0,,0,,,,,,,,,0,0,
152,1790095316722941184,15.2,0,0,0,0,,,,,0,,,,,0,,0,,,,,,,,,0,0,
153,1790095316822941184,15.3,2,1,192,96,52.566,52.566,52.566,0.0,1,,,,,0,2.0,1,63.687,63.687,63.687,,,,,,0,0,
154,1790095316922941184,15.4,4,3,384,288,50.044,52.566,52.566,0.87,1,50.913,51.831,51.831,0.918,1,1.3333,3,62.952,62.903,63.687,,,,,,0,0,
155,1790095317022941184,15.5,6,5,576,480,50.543,52.566,52.566,0.656,1,49.892,51.831,51.831,0.578,1,1.2,5,62.903,61.918,63.687,,,,,,0,0,
156,1790095317122941184,15.6,8,7,768,672,50.044,50.713,52.566,0.732,1,49.925,50.947,51.831,0.567,1,1.1429,7,62.88,61.918,63.687,,,,,,0,0,
157,1790095317222941184,15.7,10,9,960,864,50.044,50.713,52.566,0.674,1,49.925,50.947,51.831,0.516,1,1.1111,9,62.815,61.918,63.687,,,,,,0,0,
158,1790095317322941184,15.8,12,11,1152,1056,50.354,50.713,52.566,0.608,1,49.925,50.947,51.831,0.61,1,1.0909,11,62.672,61.723,63.687,,,,,,0,0,
159,1790095317422941184,15.9,14,13,1376,1248,50.354,50.713,52.566,0.583,1,49.925,51.396,51.831,0.645,1,1.1026,13,62.765,61.723,63.687,,,,,,0,0,
160,1790095317522941184,16.0,16,15,1600,1440,50.094,50.713,52.566,0.524,1,50.073,51.396,51.831,0.599,1,1.1111,15,62.815,61.723,63.687,,,,,,0,0,
161,1790095317622941184,16.1,18,17,1824,1632,50.073,50.673,52.566,0.632,1,50.073,51.831,69.588,2.978,1,1.1176,17,62.832,61.723,82.481,,,,,,0,0,
162,1790095317722941184,16.2,20,19,2048,1824,50.073,50.713,53.436,0.95,1,50.073,51.831,69.588,2.975,1,1.1228,19,62.844,61.723,82.481,,,,,,0,0,
163,1790095317822941184,16.3,20,20,2080,1920,50.094,50.713,53.436,0.986,1,49.995,52.894,69.588,3.072,1,1.0833,20,62.838,61.723,82.481,,,,,,0,0,
164,1790095317922941184,16.4,20,20,2112,1920,50.073,50.713,53.436,0.973,1,50.152,52.894,69.588,3.094,1,1.1,20,62.838,61.723,82.481,,,,,,0,0,
165,1790095318022941184,16.5,20,20,2144,1920,50.073,50.773,53.436,0.938,1,49.997,52.894,69.588,3.049,1,1.1167,20,62.846,61.723,82.481,,,,,,0,0,
166,1790095318122941184,16.6,20,20,2176,1920,50.073,50.773,53.436,0.905,1,50.152,52.894,69.588,3.05,1,1.1333,20,62.851,61.723,82.481,,,,,,0,0,
167,1790095318222941184,16.7,20,20,2208,1920,50.073,50.773,53.436,0.881,1,50.152,52.894,69.588,3.001,1,1.15,20,62.882,61.723,82.481,,,,,,0,0,
168,1790095318322941184,16.8,20,20,2240,1920,50.073,50.773,53.436,0.894,1,50.086,52.894,69.588,2.932,1,1.1667,20,62.882,62.574,82.481,,,,,,0,0,
169,1790095318422941184,16.9,20,20,2240,1920,50.053,50.773,53.436,0.896,1,50.086,52.894,69.588,2.946,1,1.1667,20,62.851,62.542,82.481,,,,,,0,0,
170,1790095318522941184,17.0,20,20,2240,1920,50.053,50.773,53.436,0.925,1,49.997,50.848,53.331,1.967,1,1.1667,20,62.845,61.794,82.481,,,,,,0,0,
171,1790095318622941184,17.1,20,20,2240,1920,50.053,50.428,53.199,0.634,1,50.086,50.848,53.331,0.83,1,1.1667,20,62.843,61.794,62.999,,,,,,0,0,
172,1790095318722941184,17.2,20,20,2240,1920,50.053,50.422,50.773,0.303,1,50.086,50.591,52.894,0.512,1,1.1667,20,62.843,61.794,62.999,,,,,,0,0,
173,1790095318822941184,17.3,20,20,2240,1920,50.053,50.422,50.773,0.317,1,49.997,50.513,50.848,0.379,1,1.1667,20,62.845,61.794,62.999,,,,,,0,0,
174,1790095318922941184,17.4,20,20,2240,1920,50.107,50.422,50.773,0.318,1,50.086,50.513,50.848,0.387,1,1.1667,20,62.843,61.794,62.985,,,,,,0,0,
175,1790095319022941184,17.5,20,20,2240,1920,49.892,50.404,50.428,0.386,1,50.086,50.471,50.591,0.343,1,1.1667,20,62.842,61.794,62.985,,,,,,0,0,
176,1790095319122941184,17.6,20,20,2240,1920,49.892,50.422,53.061,0.557,1,49.734,50.471,50.591,0.448,1,1.1667,20,62.842,61.794,62.985,,,,,,0,0,
177,1790095319222941184,17.7,20,20,2240,1920,49.892,50.428,53.061,0.571,1,49.734,50.513,52.578,0.614,1,1.1667,20,62.841,61.767,62.985,,,,,,0,0,
178,1790095319322941184,17.8,20,20,2240,1920,49.892,50.777,53.061,0.619,1,49.734,50.591,52.578,0.706,1,1.1667,20,62.824,61.767,62.985,,,,,,0,0,
179,1790095319422941184,17.9,20,20,2240,1920,49.78,50.777,53.061,0.712,1,49.976,50.591,52.578,0.71,1,1.1667,20,62.824,61.767,62.985,,,,,,0,0,
180,1790095319522941184,18.0,20,20,2240,1920,49.778,50.777,53.061,0.708,1,49.734,50.591,52.578,0.743,1,1.1667,20,62.841,61.767,62.985,,,,,,0,0,
181,1790095319622941184,18.1,20,20,2240,1920,49.803,50.777,53.061,0.698,1,49.93,50.507,52.578,0.713,1,1.1667,20,62.848,61.767,62.985,,,,,,0,0,
182,1790095319722941184,18.2,20,20,2240,1920,49.803,50.837,53.061,0.963,1,49.946,51.745,52.734,0.836,1,1.1667,20,62.846,61.767,62.985,,,,,,0,0,
183,1790095319822941184,18.3,20,20,2240,1920,49.803,52.806,54.603,1.263,1,49.946,52.578,54.759,1.224,1,1.1667,20,62.838,61.767,62.971,,,,,,0,0,
184,1790095319922941184,18.4,20,20,2240,1920,49.803,52.806,54.603,1.265,1,49.946,52.578,54.759,1.291,1,1.1667,20,62.838,61.767,63.038,,,,,,0,0,
185,1790095320022941184,18.5,20,20,2240,1920,49.89,52.806,54.603,1.242,1,49.946,52.578,54.759,1.262,1,1.1667,20,62.81,61.767,63.038,,,,,,0,0,
186,1790095320122941184,18.6,20,20,2240,1920,49.89,51.02,54.603,1.211,1,49.946,51.745,54.759,1.144,1,1.1667,20,62.802,61.767,63.038,,,,,,0,0,
187,1790095320222941184,18.7,20,20,2240,1920,50.025,52.806,54.603,1.31,1,49.946,52.734,54.759,1.297,1,1.1667,20,62.835,62.499,63.038,,,,,,0,0,
188,1790095320322941184,18.8,20,20,2240,1920,50.025,52.806,54.603,1.269,1,49.946,52.734,54.759,1.278,1,1.1667,20,62.835,62.499,63.038,,,,,,0,0,
189,1790095320422941184,18.9,20,20,2240,1920,50.151,52.806,54.603,1.17,1,50.022,52.734,54.759,1.184,1,1.1667,20,62.835,62.723,63.038,,,,,,0,0,
190,1790095320522941184,19.0,20,20,2240,1920,50.151,52.806,54.603,1.166,1,50.104,52.734,54.759,1.214,1,1.1667,20,62.828,62.499,63.038,,,,,,0,0,
191,1790095320622941184,19.1,20,20,2240,1920,49.89,51.02,54.603,1.14,1,50.104,52.734,54.759,1.197,1,1.1667,20,62.821,62.296,63.038,,,,,,0,0,
192,1790095320722941184,19.2,20,20,2240,1920,50.025,51.02,52.891,0.879,1,50.104,52.494,54.759,1.138,1,1.1667,20,62.819,62.296,63.038,,,,,,0,0,
193,1790095320822941184,19.3,20,20,2240,1920,50.151,51.02,52.891,0.809,1,50.104,51.158,52.887,0.809,1,1.1667,20,62.806,62.296,63.038,,,,,,0,0,
194,1790095320922941184,19.4,20,20,2240,1920,50.025,50.584,52.891,0.772,1,50.104,51.158,52.887,0.816,1,1.1667,20,62.813,62.296,62.924,,,,,,0,0,
195,1790095321022941184,19.5,20,20,2240,1920,50.147,50.584,52.891,0.736,1,50.104,50.472,52.887,0.739,1,1.1667,20,62.813,62.296,62.924,,,,,,0,0,
196,1790095321122941184,19.6,20,20,2240,1920,50.147,50.287,52.358,0.463,1,50.177,50.472,52.887,0.612,1,1.1667,20,62.802,62.296,62.924,,,,,,0,0,
197,1790095321222941184,19.7,20,20,2240,1920,50.147,50.287,52.358,0.46,1,50.087,50.397,52.494,0.502,1,1.1667,20,62.791,62.296,62.924,,,,,,0,0,
198,1790095321322941184,19.8,20,20,2240,1920,50.147,50.311,52.358,0.472,1,50.087,50.648,52.494,0.55,1,1.1667,20,62.791,62.296,62.924,,,,,,0,0,
199,1790095321422941184,19.9,20,20,2240,1920,50.147,50.518,52.358,0.508,1,50.087,50.648,52.494,0.566,1,1.1667,20,62.802,62.296,62.947,,,,,,0,0,
200,1790095321522941184,20.0,20,20,2240,1920,50.147,50.518,52.358,0.535,1,50.177,50.648,52.494,0.596,1,1.1667,20,62.806,62.296,62.947,,,,,,0,0,
201,1790095321622941184,20.1,20,20,2240,1920,50.147,50.45,50.533,0.314,1,50.181,50.648,52.494,0.526,1,1.1667,20,62.806,62.468,62.947,,,,,,0,0,
202,1790095321722941184,20.2,20,20,2240,1920,49.856,50.518,50.784,0.372,1,50.181,50.648,51.116,0.482,1,1.1667,20,62.806,62.468,62.947,,,,,,0,0,
203,1790095321822941184,20.3,20,20,2240,1920,49.856,50.533,50.784,0.523,1,50.181,50.668,51.116,0.557,1,1.1667,20,62.817,62.468,62.947,,,,,,0,0,
204,1790095321922941184,20.4,20,20,2240,1920,49.837,50.533,50.784,0.532,1,49.964,50.668,51.116,0.676,1,1.1667,20,62.814,62.468,62.95,,,,,,0,0,
205,1790095322022941184,20.5,20,20,2240,1920,50.093,50.533,50.784,0.538,1,49.964,50.668,51.116,0.654,1,1.1667,20,62.836,62.468,62.961,,,,,,0,0,
206,1790095322122941184,20.6,20,20,2240,1920,49.886,50.533,50.784,0.507,1,50.139,50.668,51.116,0.629,1,1.1667,20,62.847,62.468,63.065,-0.444,-0.797,0.02,-0.444,-0.444,1,0,
207,1790095322222941184,20.7,20,20,2240,1920,50.093,50.665,53.303,0.645,1,50.139,50.894,53.136,0.733,1,1.1667,20,62.814,62.468,63.065,-0.313,-0.571,-0.014,-0.313,-0.313,1,0,
208,1790095322322941184,20.8,20,20,2240,1920,50.093,50.665,53.303,0.645,1,49.964,50.894,53.136,0.751,1,1.1667,20,62.784,61.856,63.065,-0.313,-0.571,-0.044,-0.313,-0.313,1,0,
209,1790095322422941184,20.9,20,20,2240,1920,50.052,50.665,53.303,0.602,1,49.964,51.116,53.136,0.755,1,1.1667,20,62.763,61.856,63.065,-0.313,-0.349,-0.064,-0.313,-0.313,1,0,
210,1790095322522941184,21.0,20,20,2240,1920,50.093,50.665,53.303,0.585,1,50.047,51.116,53.136,0.695,1,1.1667,20,62.761,61.856,63.065,-0.313,-0.349,-0.066,-0.313,-0.313,1,0,
211,1790095322622941184,21.1,20,20,2240,1920,50.052,50.403,53.303,0.553,1,50.047,51.116,53.136,0.703,1,1.1667,20,62.761,61.856,63.065,-0.575,-0.349,-0.066,-0.349,-0.349,1,0,
212,1790095322722941184,21.2,20,20,2240,1920,50.093,50.403,53.303,0.509,1,50.047,51.252,53.136,0.689,1,1.1667,20,62.761,61.811,63.065,-0.575,-0.213,-0.066,-0.213,-0.213,1,0,
213,1790095322822941184,21.3,20,20,2240,1920,50.093,50.403,53.303,0.4,1,50.047,51.252,53.136,0.558,1,1.1667,20,62.763,61.811,63.065,-0.575,-0.213,-0.064,-0.213,-0.213,1,0,
214,1790095322922941184,21.4,20,20,2240,1920,50.114,50.441,53.303,0.421,1,50.139,51.252,53.136,0.576,1,1.1667,20,62.771,61.811,63.065,-0.537,-0.213,-0.057,-0.213,-0.213,1,0,
215,1790095323022941184,21.5,20,20,2240,1920,50.114,50.483,53.303,0.455,1,50.047,51.252,53.136,0.631,1,1.1667,20,62.771,61.811,63.065,-0.494,-0.213,-0.057,-0.213,-0.213,1,0,
216,1790095323122941184,21.6,20,20,2240,1920,50.114,50.441,50.69,0.323,1,50.047,51.252,53.136,0.677,1,1.1667,20,62.779,61.811,62.937,-0.537,-0.213,-0.048,-0.213,-0.213,1,0,
217,1790095323222941184,21.7,20,20,2240,1920,50.167,50.483,50.69,0.336,1,50.047,50.765,51.365,0.505,1,1.1667,20,62.8,61.811,62.937,-0.494,-0.7,-0.028,-0.494,-0.494,1,0,
218,1790095323322941184,21.8,20,20,2240,1920,50.167,50.483,50.69,0.364,1,50.047,50.589,51.365,0.437,1,1.1667,20,62.813,61.811,63.02,-0.494,-0.876,-0.015,-0.494,-0.494,1,0,
219,1790095323422941184,21.9,20,20,2240,1920,50.234,50.62,50.69,0.402,1,49.99,50.589,51.365,0.44,1,1.1667,20,62.819,61.811,63.02,-0.358,-0.876,-0.009,-0.358,-0.358,1,0,
220,1790095323522941184,22.0,20,20,2240,1920,50.234,50.62,50.69,0.433,1,49.89,50.654,51.365,0.484,1,1.1667,20,62.821,61.811,63.02,-0.358,-0.811,-0.007,-0.358,-0.358,1,0,
221,1790095323622941184,22.1,20,20,2240,1920,50.234,50.678,50.69,0.452,1,49.99,50.654,51.365,0.456,1,1.1667,20,62.838,61.811,63.02,-0.299,-0.811,0.01,-0.299,-0.299,1,0,
222,1790095323722941184,22.2,20,20,2240,1920,50.234,50.681,50.69,0.459,1,49.99,50.654,50.765,0.425,1,1.1667,20,62.873,62.452,63.02,-0.296,-0.811,0.045,-0.296,-0.296,1,0,
223,1790095323822941184,22.3,20,20,2240,1920,50.234,50.682,51.173,0.542,1,49.89,50.654,50.765,0.46,1,1.1667,20,62.842,62.452,63.02,-0.295,-0.811,0.015,-0.295,-0.295,1,0,
224,1790095323922941184,22.4,20,20,2240,1920,50.165,50.682,51.173,0.512,1,49.913,50.669,51.312,0.483,1,1.1667,20,62.863,62.452,63.02,-0.295,-0.796,0.035,-0.295,-0.295,1,0,
225,1790095324022941184,22.5,20,20,2240,1920,50.165,50.682,51.874,0.625,1,49.99,50.669,51.867,0.524,1,1.1667,20,62.873,62.452,63.02,-0.295,-0.796,0.045,-0.295,-0.295,1,0,
226,1790095324122941184,22.6,20,20,2240,1920,50.165,50.682,51.874,0.63,1,49.913,50.669,51.867,0.562,1,1.1667,20,62.895,62.452,63.02,-0.295,-0.796,0.067,-0.295,-0.295,1,0,
227,1790095324222941184,22.7,20,20,2240,1920,50.165,50.682,51.874,0.598,1,49.913,50.669,51.867,0.553,1,1.1667,20,62.909,62.452,63.02,-0.295,-0.796,0.081,-0.295,-0.295,1,0,
228,1790095324322941184,22.8,20,20,2240,1920,50.165,50.682,51.874,0.599,1,50.072,51.312,62.409,1.205,1,1.1667,20,62.909,62.559,75.201,-0.295,-0.153,0.081,-0.153,-0.153,1,0,
229,1790095324422941184,22.9,20,20,2240,1920,50.165,51.173,53.31,0.898,1,49.913,51.312,62.409,1.979,1,1.1667,20,62.914,62.559,75.201,0.195,-0.153,0.086,0.195,0.195,1,0,
230,1790095324522941184,23.0,20,20,2240,1920,50.165,51.173,53.31,0.874,1,50.072,51.867,62.409,2.099,1,1.1667,20,62.909,62.559,75.201,0.195,0.402,0.081,0.402,0.402,1,0,
231,1790095324622941184,23.1,20,20,2240,1920,49.951,51.173,53.31,0.83,1,49.936,51.867,62.409,2.062,1,1.1667,20,62.909,62.559,75.201,0.195,0.402,0.081,0.402,0.402,1,0,
232,1790095324722941184,23.2,20,20,2240,1920,50.02,51.173,53.31,0.781,1,49.913,51.867,62.409,2.047,1,1.1667,20,62.885,61.918,75.201,0.195,0.402,0.057,0.402,0.402,1,0,
233,1790095324822941184,23.3,20,20,2240,1920,50.11,50.477,53.31,0.735,1,49.936,51.867,62.409,1.955,1,1.1667,20,62.848,61.918,75.201,-0.5,0.402,0.021,0.402,0.402,1,0,
234,1790095324922941184,23.4,20,20,2240,1920,50.02,50.448,53.31,0.645,1,49.936,51.867,62.409,1.974,1,1.1667,20,62.832,61.918,75.201,-0.529,0.402,0.004,0.402,0.402,1,0,
235,1790095325022941184,23.5,20,20,2240,1920,50.11,50.477,53.31,0.597,1,50.072,50.612,62.409,1.833,1,1.1667,20,62.832,61.918,75.201,-0.5,-0.853,0.004,-0.5,-0.5,1,0,
236,1790095325122941184,23.6,20,20,2240,1920,50.166,50.531,53.31,0.632,1,50.072,50.612,62.409,1.852,1,1.1667,20,62.83,61.918,75.201,-0.446,-0.853,0.003,-0.446,-0.446,1,0,
237,1790095325222941184,23.7,20,20,2240,1920,50.11,50.531,53.31,0.695,1,50.162,51.275,62.409,1.939,1,1.1667,20,62.82,61.918,75.201,-0.446,-0.19,-0.008,-0.19,-0.19,1,0,
238,1790095325322941184,23.8,20,21,2240,2016,50.11,50.531,53.31,0.517,1,50.044,50.612,53.167,1.289,1,1.1111,21,62.809,61.918,75.201,-0.446,-0.853,-0.018,-0.446,-0.446,1,0,
239,1790095325422941184,23.9,20,20,2240,1920,50.02,50.477,51.315,0.389,1,50.152,50.547,51.275,0.433,1,1.1667,20,62.799,61.852,62.954,-0.5,-0.918,-0.029,-0.5,-0.5,1,0,
240,1790095325522941184,24.0,20,20,2240,1920,50.177,50.604,51.315,0.424,1,50.152,50.547,51.275,0.425,1,1.1667,20,62.779,61.852,62.954,-0.373,-0.918,-0.049,-0.373,-0.373,1,0,
241,1790095325622941184,24.1,20,20,2240,1920,50.11,50.604,51.315,0.604,1,50.174,50.612,51.48,0.634,1,1.1667,20,62.764,61.852,63.044,-0.373,-0.853,-0.064,-0.373,-0.373,1,0,
242,1790095325722941184,24.2,20,20,2240,1920,50.177,50.73,52.926,0.84,1,50.174,51.275,52.957,0.747,1,1.1667,20,62.799,61.852,63.044,-0.248,-0.19,-0.029,-0.19,-0.19,1,0,
243,1790095325822941184,24.3,20,20,2240,1920,50.177,51.315,53.241,1.001,1,50.11,51.275,52.957,0.869,1,1.1667,20,62.808,61.852,63.044,0.338,-0.19,-0.019,0.338,0.338,1,0,
244,1790095325922941184,24.4,20,20,2240,1920,49.808,51.315,53.241,0.991,1,50.11,51.48,53.288,1.043,1,1.1667,20,62.813,61.852,63.044,0.338,0.015,-0.015,0.338,0.338,1,0,
245,1790095326022941184,24.5,20,20,2240,1920,49.996,51.315,53.241,0.998,1,50.11,51.48,53.288,1.02,1,1.1667,20,62.803,61.852,63.044,0.338,0.015,-0.025,0.338,0.338,1,0,
246,1790095326122941184,24.6,20,20,2240,1920,49.808,50.73,53.241,0.903,1,49.792,51.48,53.288,0.972,1,1.1667,20,62.796,61.852,63.044,-0.248,0.015,-0.031,0.015,0.015,1,0,
247,1790095326222941184,24.7,20,20,2240,1920,49.996,50.73,53.241,0.885,1,50.017,51.48,53.288,0.895,1,1.1667,20,62.808,61.852,63.044,-0.248,0.015,-0.019,0.015,0.015,1,0,
248,1790095326322941184,24.8,20,20,2240,1920,49.808,50.73,53.241,0.866,1,50.017,51.48,53.288,0.861,1,1.1667,20,62.819,61.852,63.044,-0.248,0.015,-0.009,0.015,0.015,1,0,
249,1790095326422941184,24.9,20,20,2240,1920,49.996,50.73,53.241,0.842,1,49.882,51.48,53.288,0.841,1,1.1667,20,62.819,62.011,63.044,-0.248,0.015,-0.009,0.015,0.015,1,0,
250,1790095326522941184,25.0,20,20,2240,1920,49.996,50.596,53.241,0.664,1,49.858,50.547,53.288,0.789,1,1.1667,20,62.842,62.621,63.044,-0.381,-0.918,0.015,-0.381,-0.381,1,0,
251,1790095326622941184,25.1,20,20,2240,1920,50.015,50.503,53.241,0.513,1,49.972,50.547,53.288,0.644,1,1.1667,20,62.842,62.621,62.918,-0.474,-0.918,0.015,-0.474,-0.474,1,0,
252,1790095326722941184,25.2,20,20,2240,1920,50.039,50.524,53.241,0.417,1,49.972,50.381,53.288,0.405,1,1.1667,20,62.829,62.416,62.918,-0.454,-1.084,0.002,-0.454,-0.454,1,0,
253,1790095326822941184,25.3,20,20,2240,1920,50.039,50.503,50.596,0.254,1,50.007,50.381,50.667,0.25,1,1.1667,20,62.833,61.916,62.918,-0.474,-1.084,0.006,-0.474,-0.474,1,0,
254,1790095326922941184,25.4,20,20,2240,1920,50.039,50.503,50.586,0.258,1,50.017,50.381,50.667,0.257,1,1.1667,20,62.83,61.916,62.918,-0.474,-1.084,0.002,-0.474,-0.474,1,0,
255,1790095327022941184,25.5,20,20,2240,1920,50.039,50.503,50.586,0.286,1,50.007,50.381,50.667,0.276,1,1.1667,20,62.839,61.916,62.918,-0.474,-1.084,0.012,-0.474,-0.474,1,0,
256,1790095327122941184,25.6,20,20,2240,1920,50.094,50.524,50.938,0.34,1,50.017,50.381,50.667,0.286,1,1.1667,20,62.83,61.916,62.918,-0.454,-1.084,0.002,-0.454,-0.454,1,0,
257,1790095327222941184,25.7,20,20,2240,1920,50.044,50.524,50.938,0.348,1,50.007,50.596,50.979,0.369,1,1.1667,20,62.818,61.916,62.913,-0.454,-0.869,-0.009,-0.454,-0.454,1,0,
258,1790095327322941184,25.8,20,20,2240,1920,50.044,50.586,53.037,0.628,1,50.007,50.596,50.979,0.494,1,1.1667,20,62.804,61.916,62.913,-0.392,-0.869,-0.023,-0.392,-0.392,1,0,
259,1790095327422941184,25.9,20,20,2240,1920,50.044,50.586,53.037,0.639,1,49.972,50.667,53.198,0.668,1,1.1667,20,62.812,61.916,62.913,-0.392,-0.798,-0.015,-0.392,-0.392,1,0,
260,1790095327522941184,26.0,20,20,2240,1920,50.044,50.586,53.037,0.673,1,49.972,50.785,53.198,0.715,1,1.1667,20,62.804,61.916,63.0,-0.392,-0.68,-0.023,-0.392,-0.392,1,0,
261,1790095327622941184,26.1,20,20,2240,1920,50.044,50.938,53.661,1.012,1,50.007,50.785,53.198,0.843,1,1.1667,20,62.77,61.916,63.0,-0.04,-0.68,-0.057,-0.04,-0.04,1,0,
262,1790095327722941184,26.2,20,20,2240,1920,50.044,51.113,53.661,1.08,1,49.658,50.979,53.766,1.062,1,1.1667,20,62.818,61.916,63.0,0.135,-0.486,-0.009,0.135,0.135,1,0,
263,1790095327822941184,26.3,20,20,2240,1920,50.174,51.113,53.661,1.086,1,49.658,51.102,53.766,1.076,1,1.1667,20,62.836,62.511,63.0,0.135,-0.363,0.008,0.135,0.135,1,0,
264,1790095327922941184,26.4,20,20,2240,1920,50.174,51.137,53.661,1.188,1,49.647,51.102,53.766,1.152,1,1.1667,20,62.824,62.511,63.0,0.16,-0.363,-0.003,0.16,0.16,1,0,
265,1790095328022941184,26.5,20,20,2240,1920,50.174,51.137,53.661,1.194,1,50.017,51.232,53.766,1.205,1,1.1667,20,62.792,62.511,63.0,0.16,-0.233,-0.035,0.16,0.16,1,0,
266,1790095328122941184,26.6,20,20,2240,1920,50.174,51.137,53.661,1.116,1,50.017,51.232,53.766,1.154,1,1.1667,20,62.824,62.511,63.0,0.16,-0.233,-0.003,0.16,0.16,1,0,
267,1790095328222941184,26.7,20,20,2240,1920,50.232,51.137,53.661,1.073,1,50.227,51.232,53.766,1.142,1,1.1667,20,62.792,62.511,63.0,0.16,-0.233,-0.035,0.16,0.16,1,0,
268,1790095328322941184,26.8,20,20,2240,1920,50.174,51.113,53.661,0.909,1,50.16,51.14,53.766,0.943,1,1.1667,20,62.792,62.282,63.0,0.135,-0.325,-0.035,0.135,0.135,1,0,
269,1790095328422941184,26.9,20,20,2240,1920,50.151,51.113,53.661,0.874,1,50.16,51.14,53.766,0.896,1,1.1667,20,62.773,62.282,63.0,0.135,-0.325,-0.055,0.135,0.135,1,0,
270,1790095328522941184,27.0,20,20,2240,1920,50.151,51.113,53.661,0.721,1,50.16,51.14,53.766,0.911,1,1.1667,20,62.738,61.588,62.958,0.135,-0.325,-0.09,0.135,0.135,1,0,
271,1790095328622941184,27.1,20,20,2240,1920,50.151,51.073,51.137,0.658,1,50.16,51.14,51.232,0.806,1,1.1667,20,62.749,61.588,62.958,0.096,-0.325,-0.079,0.096,0.096,1,0,
272,1790095328722941184,27.2,20,20,2240,1920,50.11,51.073,53.68,0.83,1,50.227,51.212,53.66,0.884,1,1.1667,20,62.749,61.588,62.958,0.096,-0.253,-0.079,0.096,0.096,1,0,
273,1790095328822941184,27.3,20,20,2240,1920,50.11,51.073,53.68,0.844,1,50.104,51.212,53.66,0.921,1,1.1667,20,62.738,61.588,62.958,0.096,-0.253,-0.09,0.096,0.096,1,0,
274,1790095328922941184,27.4,20,20,2240,1920,49.963,50.49,53.68,0.786,1,50.104,51.14,53.66,0.988,1,1.1667,20,62.725,61.588,62.958,-0.488,-0.325,-0.103,-0.325,-0.325,1,0,
275,1790095329022941184,27.5,20,20,2240,1920,50.061,50.49,53.68,0.787,1,50.104,51.14,53.66,0.992,1,1.1667,20,62.749,61.588,62.873,-0.488,-0.325,-0.079,-0.325,-0.325,1,0,
276,1790095329122941184,27.6,20,20,2240,1920,49.963,50.304,53.68,0.73,1,49.887,51.14,53.66,0.995,1,1.1667,20,62.749,61.588,62.873,-0.674,-0.325,-0.079,-0.325,-0.325,1,0,
277,1790095329222941184,27.7,20,20,2240,1920,49.963,50.445,53.68,0.86,1,50.104,51.212,53.66,1.05,1,1.1667,20,62.768,61.588,62.898,-0.532,-0.253,-0.06,-0.253,-0.253,1,0,
278,1790095329322941184,27.8,20,20,2240,1920,50.061,50.721,53.68,0.914,1,50.104,51.212,53.66,1.13,1,1.1667,20,62.768,61.588,62.898,-0.256,-0.253,-0.06,-0.253,-0.253,1,0,
279,1790095329422941184,27.9,20,20,2240,1920,50.061,50.721,53.68,0.967,1,50.112,51.212,53.66,1.085,1,1.1667,20,62.768,61.588,62.898,-0.256,-0.253,-0.06,-0.253,-0.253,1,0,
280,1790095329522941184,28.0,20,20,2240,1920,50.143,50.99,53.68,0.846,1,50.112,51.129,53.66,1.13,1,1.1667,20,62.786,61.884,62.898,0.013,-0.336,-0.042,0.013,0.013,1,0,
281,1790095329622941184,28.1,20,20,2240,1920,50.061,50.721,53.002,0.742,1,50.153,51.129,53.66,0.956,1,1.1667,20,62.786,61.884,62.912,-0.256,-0.336,-0.042,-0.256,-0.256,1,0,
282,1790095329722941184,28.2,20,20,2240,1920,50.173,50.99,53.002,0.768,1,50.153,51.129,53.124,0.901,1,1.1667,20,62.759,61.884,62.912,0.013,-0.336,-0.068,0.013,0.013,1,0,
283,1790095329822941184,28.3,20,20,2240,1920,50.191,50.99,53.002,0.63,1,50.153,51.129,53.124,0.719,1,1.1667,20,62.742,61.884,62.912,0.013,-0.336,-0.086,0.013,0.013,1,0,
284,1790095329922941184,28.4,20,20,2240,1920,50.304,51.292,56.781,0.972,1,50.153,51.129,53.124,0.698,1,1.1667,20,62.735,62.49,62.912,0.314,-0.336,-0.092,0.314,0.314,1,0,
285,1790095330022941184,28.5,20,20,2240,1920,50.304,53.002,60.224,1.843,1,50.153,51.46,56.929,1.409,1,1.1667,20,62.735,62.49,62.912,2.024,-0.005,-0.092,2.024,2.024,1,0,
286,1790095330122941184,28.6,20,20,2240,1920,50.191,56.781,62.086,2.844,1,50.153,53.124,60.227,2.431,1,1.1667,20,62.742,62.49,62.912,5.804,1.659,-0.086,5.804,5.804,1,0,
287,1790095330222941184,28.7,20,20,2240,1920,50.191,60.224,64.585,4.183,1,50.153,56.929,62.17,3.497,1,1.1667,20,62.742,62.49,62.912,9.246,5.464,-0.086,9.246,9.246,1,0,
288,1790095330322941184,28.8,20,20,2240,1920,50.173,60.224,64.585,5.066,1,50.076,60.227,64.62,4.972,1,1.1667,20,62.802,62.49,62.912,9.246,8.762,-0.026,9.246,9.246,1,0,
289,1790095330422941184,28.9,20,20,2240,1920,50.191,60.224,64.585,5.162,1,50.153,60.227,64.62,5.266,1,1.1667,20,62.817,62.59,62.955,9.246,8.762,-0.011,9.246,9.246,1,0,
290,1790095330522941184,29.0,20,20,2240,1920,50.191,60.224,64.585,5.54,1,50.39,60.227,64.62,5.408,1,1.1667,20,62.825,62.59,62.955,9.246,8.762,-0.003,9.246,9.246,1,0,
291,1790095330622941184,29.1,20,20,2240,1920,50.191,60.224,64.585,5.737,1,50.076,60.227,64.62,5.685,1,1.1667,20,62.846,62.59,62.955,9.246,8.762,0.019,9.246,9.246,1,0,
292,1790095330722941184,29.2,20,20,2240,1920,50.351,60.224,64.585,5.764,1,49.857,60.227,64.62,5.821,1,1.1667,20,62.85,62.59,62.955,9.246,8.762,0.022,9.246,9.246,1,0,
293,1790095330822941184,29.3,20,20,2240,1920,49.346,60.224,64.585,5.843,1,49.451,60.227,64.62,5.88,1,1.1667,20,62.85,62.566,62.955,9.246,8.762,0.022,9.246,9.246,1,0,
294,1790095330922941184,29.4,19,20,2128,1920,49.848,62.086,65.553,6.307,1,49.191,62.17,64.806,6.301,1,1.1083,20,62.85,61.754,62.955,11.108,10.705,0.022,11.108,11.108,1,0,
295,1790095331022941184,29.5,20,20,2240,1920,50.351,64.585,68.54,7.855,1,49.191,64.62,69.643,8.234,1,1.1667,20,62.862,61.754,62.955,13.607,13.155,0.034,13.607,13.607,1,0,
296,1790095331122941184,29.6,20,20,2240,1920,49.891,64.585,68.54,6.74,1,49.864,64.62,69.643,7.287,1,1.1667,20,62.846,61.754,62.955,13.607,13.155,0.018,13.607,13.607,1,0,
297,1790095331222941184,29.7,21,20,2352,1920,49.711,53.472,68.54,5.838,1,49.6,53.561,69.643,6.008,1,1.225,20,62.836,61.754,62.955,2.494,2.096,0.008,2.494,2.494,1,0,
298,1790095331322941184,29.8,20,19,2240,1824,49.891,65.553,72.39,7.552,1,50.051,53.561,69.643,5.538,1,1.2281,19,62.834,61.754,62.955,14.576,2.096,0.006,14.576,14.576,1,0,
299,1790095331422941184,29.9,20,20,2240,1920,49.891,65.553,72.39,8.123,1,49.864,64.806,72.238,7.477,1,1.1667,20,62.811,61.754,62.907,14.576,13.341,-0.017,14.576,14.576,1,0,
300,1790095331522941184,30.0,20,21,2240,2016,49.891,65.553,72.39,8.527,1,49.732,64.979,72.238,8.289,1,1.1111,21,62.789,61.754,62.907,14.576,13.514,-0.039,14.576,14.576,1,0,
301,1790095331622941184,30.1,20,20,2240,1920,49.892,67.974,72.39,9.263,1,49.864,64.979,72.238,8.406,1,1.1667,20,62.736,61.645,62.907,16.996,13.514,-0.092,16.996,16.996,1,0,
302,1790095331722941184,30.2,20,19,2240,1824,49.892,68.54,72.39,12.189,1,49.909,68.032,72.238,9.824,1,1.2281,19,62.757,61.645,62.907,17.562,16.567,-0.07,17.562,17.562,1,0,
303,1790095331822941184,30.3,20,20,2240,1920,49.892,68.54,72.39,11.71,1,50.962,69.643,72.238,12.378,1,1.1667,20,62.781,61.645,62.907,17.562,18.178,-0.047,18.178,18.178,1,0,
304,1790095331922941184,30.4,21,20,2352,1920,49.892,70.009,88.285,14.029,1,49.954,69.643,72.238,11.82,1,1.225,20,62.794,61.645,62.907,19.031,18.178,-0.033,19.031,19.031,1,0,
305,1790095332022941184,30.5,20,20,2240,1920,49.915,70.009,88.285,14.166,1,49.954,70.061,88.265,13.247,1,1.1667,20,62.785,61.645,62.924,19.031,18.596,-0.043,19.031,19.031,1,0,
306,1790095332122941184,30.6,20,20,2240,1920,50.091,70.009,88.285,15.366,1,50.962,70.061,88.265,15.41,1,1.1667,20,62.79,61.645,62.949,19.031,18.596,-0.038,19.031,19.031,1,0,
307,1790095332222941184,30.7,20,20,2240,1920,50.091,68.813,88.285,15.638,1,50.962,70.061,88.265,16.01,1,1.1667,20,62.79,61.645,62.949,17.836,18.596,-0.038,18.596,18.596,1,0,
308,1790095332322941184,30.8,20,21,2240,2016,50.39,68.813,88.285,15.916,1,50.527,68.838,88.265,16.458,1,1.1111,21,62.78,61.645,62.949,17.836,17.373,-0.047,17.836,17.836,1,0,
309,1790095332422941184,30.9,20,20,2240,1920,50.39,68.813,88.285,14.625,1,50.66,68.838,88.265,15.232,1,1.1667,20,62.797,61.645,62.959,17.836,17.373,-0.03,17.836,17.836,1,0,
310,1790095332522941184,31.0,20,20,2240,1920,52.579,68.813,88.285,14.452,1,50.962,68.838,88.265,14.482,1,1.1667,20,62.825,61.645,62.959,17.836,17.373,-0.002,17.836,17.836,1,0,
311,1790095332622941184,31.1,20,19,2240,1824,52.579,68.813,88.285,14.33,1,51.615,68.838,88.265,14.427,1,1.2281,19,62.85,62.689,62.959,17.836,17.373,0.023,17.836,17.836,1,0,
312,1790095332722941184,31.2,20,21,2240,2016,52.579,68.813,88.285,14.445,1,51.615,68.838,88.265,15.8,1,1.1111,21,62.851,62.657,62.959,17.836,17.373,0.024,17.836,17.836,1,0,
313,1790095332822941184,31.3,20,20,2240,1920,52.579,68.813,74.212,14.941,1,52.57,68.838,88.265,14.44,1,1.1667,20,62.882,62.657,62.959,17.836,17.373,0.055,17.836,17.836,1,0,
314,1790095332922941184,31.4,20,21,2240,2016,52.579,68.813,74.212,13.287,1,51.615,68.838,73.857,14.289,1,1.1111,21,62.851,62.534,62.959,17.836,17.373,0.024,17.836,17.836,1,0,
315,1790095333022941184,31.5,21,21,2352,2016,50.327,65.981,74.212,12.557,1,51.615,68.838,73.857,13.197,1,1.1667,21,62.851,61.986,62.959,15.004,17.373,0.024,17.373,17.373,1,0,
316,1790095333122941184,31.6,20,20,2240,1920,52.579,65.981,74.212,11.689,1,52.57,65.83,73.857,11.697,1,1.1667,20,62.782,61.986,62.959,15.004,14.365,-0.046,15.004,15.004,1,0,
317,1790095333222941184,31.7,21,21,2352,2016,50.327,65.655,74.212,11.191,1,51.615,65.83,73.857,11.396,1,1.1667,21,62.795,61.986,62.959,14.678,14.365,-0.033,14.678,14.678,1,0,
318,1790095333322941184,31.8,20,20,2240,1920,52.579,70.128,74.212,11.111,1,50.918,65.656,73.857,10.081,1,1.1667,20,62.782,61.986,62.959,19.15,14.191,-0.046,19.15,19.15,1,0,
319,1790095333422941184,31.9,20,19,2240,1824,52.579,70.128,74.212,14.098,1,51.744,69.895,73.857,11.599,1,1.2281,19,62.768,61.986,62.909,19.15,18.43,-0.059,19.15,19.15,1,0,
320,1790095333522941184,32.0,20,21,2240,2016,50.274,70.128,74.212,13.82,1,52.718,69.895,73.857,13.461,1,1.1111,21,62.768,61.986,62.909,19.15,18.43,-0.059,19.15,19.15,1,0,
321,1790095333622941184,32.1,21,21,2352,2016,50.108,69.601,74.212,12.206,1,51.164,69.895,73.857,13.086,1,1.1667,21,62.768,61.986,62.918,18.624,18.43,-0.059,18.624,18.624,1,0,
322,1790095333722941184,32.2,20,20,2240,1920,49.942,69.601,77.145,10.689,1,50.031,69.642,73.857,10.541,1,1.1667,20,62.765,61.986,62.918,18.624,18.177,-0.063,18.624,18.624,1,0,
323,1790095333822941184,32.3,20,21,2240,2016,49.994,69.601,77.145,10.827,1,50.013,69.642,77.12,11.639,1,1.1111,21,62.768,61.986,62.918,18.624,18.177,-0.059,18.624,18.624,1,0,
324,1790095333922941184,32.4,21,20,2352,1920,49.965,69.601,77.145,10.924,1,50.031,69.642,77.12,11.022,1,1.225,20,62.792,61.986,62.918,18.624,18.177,-0.036,18.624,18.624,1,0,
325,1790095334022941184,32.5,20,21,2240,2016,49.994,69.601,77.145,11.012,1,49.98,69.642,77.12,10.551,1,1.1111,21,62.807,62.004,62.918,18.624,18.177,-0.02,18.624,18.624,1,0,
326,1790095334122941184,32.6,20,20,2240,1920,49.994,69.601,77.145,11.22,1,50.031,69.642,77.12,11.106,1,1.1667,20,62.821,62.041,62.918,18.624,18.177,-0.007,18.624,18.624,1,0,
327,1790095334222941184,32.7,20,19,2240,1824,49.994,70.653,99.595,16.324,2,50.474,69.642,77.12,11.61,1,1.2281,19,62.834,62.041,62.918,19.675,18.177,0.006,19.675,19.675,1,0,
328,1790095334322941184,32.8,20,20,2240,1920,49.937,69.601,99.595,15.392,2,49.93,69.642,99.331,15.387,2,1.1667,20,62.832,62.629,63.125,18.624,18.177,0.004,18.624,18.624,1,0,
329,1790095334422941184,32.9,20,21,2240,2016,49.937,74.589,99.595,14.99,2,49.814,75.0,99.331,16.182,2,1.1111,21,62.83,62.629,63.125,23.611,23.535,0.002,23.611,23.611,1,1,1790095334460713770
330,1790095334522941184,33.0,20,20,2240,1920,49.937,74.589,99.595,17.493,2,49.93,75.0,99.331,15.02,2,1.1667,20,62.832,62.629,63.125,23.611,23.535,0.005,23.611,23.611,1,1,
331,1790095334622941184,33.1,20,20,2240,1920,49.994,77.145,113.58,23.466,2,49.93,75.0,99.331,17.511,2,1.1667,20,62.817,62.345,63.125,26.167,23.535,-0.011,26.167,26.167,1,1,
332,1790095334722941184,33.2,19,20,2128,1920,48.886,74.589,113.58,23.261,2,49.93,77.12,113.881,23.463,2,1.1083,20,62.817,62.345,63.125,23.611,25.655,-0.011,25.655,25.655,1,1,
333,1790095334822941184,33.3,20,18,2240,1728,46.98,99.595,147.136,29.845,3,49.93,75.0,113.881,22.91,2,1.2963,18,62.836,62.345,63.125,48.618,23.535,0.008,48.618,48.618,1,1,
334,1790095334922941184,33.4,19,20,2128,1920,51.307,99.595,147.136,31.608,3,46.915,99.331,147.268,29.881,3,1.1083,20,62.842,62.345,63.707,48.618,47.866,0.015,48.618,48.618,1,1,
335,1790095335022941184,33.5,19,19,2128,1824,46.17,99.595,147.136,34.871,3,51.309,113.881,147.268,35.017,3,1.1667,19,62.881,62.345,123.225,48.618,62.416,0.053,62.416,62.416,1,1,
336,1790095335122941184,33.6,21,19,2352,1824,46.17,86.092,147.136,33.911,3,45.698,113.881,147.268,38.287,3,1.2895,19,62.893,62.345,123.497,35.115,62.416,0.066,62.416,62.416,1,1,
337,1790095335222941184,33.7,20,19,2240,1824,48.685,86.092,147.136,32.752,3,45.698,113.881,147.268,37.689,3,1.2281,19,63.075,62.345,129.391,35.115,62.416,0.248,62.416,62.416,1,1,
338,1790095335322941184,33.8,21,19,2352,1824,52.781,91.658,147.136,35.87,3,51.476,113.881,147.268,39.934,3,1.2895,19,63.224,62.345,156.267,40.68,62.416,0.396,62.416,62.416,1,1,
339,1790095335422941184,33.9,20,18,2240,1728,48.685,91.658,147.136,36.207,3,57.764,113.881,147.268,42.185,3,1.2963,18,63.475,62.345,168.211,40.68,62.416,0.647,62.416,62.416,1,1,
340,1790095335522941184,34.0,20,18,2240,1728,45.359,91.658,147.136,35.074,3,45.187,113.881,147.268,45.299,3,1.2963,18,123.341,62.345,168.211,40.68,62.416,60.513,62.416,62.416,1,1,
341,1790095335622941184,34.1,21,16,2352,1536,47.022,91.658,147.136,33.992,3,45.187,117.273,147.268,44.987,3,1.5312,16,123.476,62.646,168.211,40.68,65.808,60.649,65.808,65.808,1,1,
342,1790095335722941184,34.2,22,17,2464,1632,48.685,86.092,94.407,29.672,3,44.834,117.273,161.739,43.428,3,1.5098,17,152.758,62.829,284.553,35.115,65.808,89.93,65.808,65.808,1,1,
343,1790095335822941184,34.3,20,19,2240,1824,58.798,86.092,94.407,27.852,2,44.834,107.111,161.739,38.767,3,1.2281,19,156.256,62.829,284.553,35.115,55.646,93.428,55.646,55.646,1,1,
344,1790095335922941184,34.4,21,15,2352,1440,53.742,82.638,94.407,29.582,2,45.364,107.111,161.739,38.224,2,1.6333,15,167.689,123.225,284.553,31.661,55.646,104.861,55.646,55.646,1,1,
345,1790095336022941184,34.5,20,16,2240,1536,57.562,81.918,94.407,26.792,2,45.187,161.739,217.25,47.413,2,1.4583,16,167.963,123.456,356.157,30.94,110.274,105.135,110.274,110.274,1,1,
346,1790095336122941184,34.6,19,14,2128,1344,58.18,81.918,94.407,24.193,2,45.187,161.739,217.25,47.895,2,1.5833,14,179.185,129.391,356.157,30.94,110.274,116.357,110.274,110.274,1,1,
347,1790095336222941184,34.7,20,15,2240,1440,57.562,79.789,94.407,24.915,2,45.364,161.739,217.25,47.178,2,1.5556,15,216.179,152.758,425.068,28.812,110.274,153.351,110.274,110.274,1,1,
348,1790095336322941184,34.8,21,14,2352,1344,57.422,81.918,103.335,27.723,2,45.54,161.739,217.25,52.931,2,1.75,14,258.468,167.689,445.715,30.94,110.274,195.641,110.274,110.274,1,1,
349,1790095336422941184,34.9,18,16,2016,1536,57.562,79.146,103.335,26.317,2,45.54,161.739,217.25,51.953,2,1.3125,16,289.43,167.689,490.645,28.169,110.274,226.602,110.274,110.274,1,1,
350,1790095336522941184,35.0,20,13,2240,1248,57.283,81.918,187.526,35.852,4,44.067,135.079,217.25,48.651,2,1.7949,13,356.157,190.158,490.645,30.94,83.614,293.33,83.614,83.614,1,1,
351,1790095336622941184,35.1,21,13,2352,1248,55.149,89.397,187.526,36.593,4,44.067,135.079,217.25,48.651,2,1.8846,13,356.157,190.158,490.645,38.419,83.614,293.33,83.614,83.614,1,1,
352,1790095336722941184,35.2,20,11,2240,1056,53.015,89.397,187.526,34.825,4,68.919,217.25,287.135,77.223,2,2.1212,11,425.068,216.179,660.122,38.419,165.785,362.24,165.785,165.785,1,1,
353,1790095336822941184,35.3,21,11,2352,1056,49.641,89.397,187.526,33.46,4,68.307,135.079,287.135,64.781,2,2.2273,11,445.708,294.307,660.52,38.419,83.614,382.88,83.614,83.614,1,1,
354,1790095336922941184,35.4,19,13,2128,1248,54.989,89.397,187.526,33.859,4,44.027,135.079,287.135,54.932,2,1.7051,13,445.715,294.307,701.899,38.419,83.614,382.887,83.614,83.614,1,1,
355,1790095337022941184,35.5,19,12,2128,1152,44.719,103.335,187.526,40.27,4,46.632,135.079,287.135,48.06,2,1.8472,12,564.835,389.782,701.899,52.357,83.614,502.008,83.614,83.614,1,1,
356,1790095337122941184,35.6,20,14,2240,1344,35.047,127.101,187.526,44.874,4,46.632,136.553,287.135,51.17,2,1.6667,14,634.85,389.782,701.899,76.123,85.088,572.022,85.088,85.088,1,1,
357,1790095337222941184,35.7,21,12,2352,1152,26.895,127.101,187.526,45.484,4,41.422,136.553,287.135,51.959,2,2.0417,12,636.971,433.092,701.899,76.123,85.088,574.143,85.088,85.088,1,1,
358,1790095337322941184,35.8,21,15,2352,1440,29.279,125.335,149.267,39.181,4,40.942,148.504,287.135,54.39,3,1.6333,15,642.582,433.092,783.284,74.357,97.039,579.754,97.039,97.039,1,1,
359,1790095337422941184,35.9,23,14,2576,1344,29.279,125.335,149.267,39.988,4,40.462,136.553,148.504,42.565,3,1.9167,14,690.41,634.783,783.284,74.357,85.088,627.582,85.088,85.088,1,1,
360,1790095337522941184,36.0,19,16,2128,1536,35.735,125.335,149.267,40.683,3,40.462,136.553,148.504,42.355,3,1.3854,16,690.41,634.783,783.284,74.357,85.088,627.582,85.088,85.088,1,1,
361,1790095337622941184,36.1,21,18,2352,1728,46.693,125.335,149.267,40.769,3,40.462,136.553,149.307,46.155,3,1.3611,18,690.41,634.783,786.542,74.357,85.088,627.582,85.088,85.088,1,1,
362,1790095337722941184,36.2,18,18,2016,1728,35.047,125.335,149.267,44.775,3,40.462,136.553,149.307,46.179,3,1.1667,18,696.819,634.783,786.542,74.357,85.088,633.992,85.088,85.088,1,1,
363,1790095337822941184,36.3,19,18,2128,1728,11.813,125.335,153.624,46.366,3,40.462,142.181,149.307,49.25,3,1.2315,18,696.819,634.783,786.542,74.357,90.716,633.992,90.716,90.716,1,1,
364,1790095337922941184,36.4,21,18,2352,1728,25.037,125.335,153.624,44.05,3,0.251,142.181,149.307,56.816,3,1.3611,18,717.284,634.783,829.635,74.357,90.716,654.457,90.716,90.716,1,1,
365,1790095338022941184,36.5,22,19,2464,1824,26.563,105.764,153.624,40.586,3,0.27,142.181,149.307,50.598,3,1.3509,19,740.734,634.783,829.635,54.786,90.716,677.907,90.716,90.716,1,1,
366,1790095338122941184,36.6,20,19,2240,1824,41.349,96.152,153.624,37.014,3,0.27,138.078,149.307,49.569,3,1.2281,19,770.628,659.446,831.013,45.174,86.613,707.8,86.613,86.613,1,1,
367,1790095338222941184,36.7,22,21,2464,2016,41.349,105.764,153.624,38.797,3,19.806,138.078,149.307,49.534,3,1.2222,21,770.628,659.446,831.013,54.786,86.613,707.8,86.613,86.613,1,1,
368,1790095338322941184,36.8,20,18,2240,1728,55.009,105.764,153.624,37.01,3,39.321,138.078,149.307,48.33,3,1.2963,18,764.482,659.446,831.013,54.786,86.613,701.655,86.613,86.613,1,1,
369,1790095338422941184,36.9,20,17,2240,1632,44.131,105.764,153.624,35.758,3,43.151,142.181,149.307,50.21,3,1.3725,17,785.672,659.446,848.713,54.786,90.716,722.844,90.716,90.716,1,1,
370,1790095338522941184,37.0,21,17,2352,1632,40.765,110.459,153.624,35.045,3,43.151,142.181,142.392,49.777,3,1.4412,17,786.542,659.446,913.509,59.481,90.716,723.714,90.716,90.716,1,1,
371,1790095338622941184,37.1,20,18,2240,1728,41.349,110.459,153.624,33.952,3,46.981,138.078,142.392,48.977,3,1.2963,18,808.916,691.622,913.509,59.481,86.613,746.089,86.613,86.613,1,1,
372,1790095338722941184,37.2,20,19,2240,1824,41.349,105.764,111.505,30.222,3,44.682,129.991,142.392,42.106,3,1.2281,19,825.383,691.622,913.509,54.786,78.526,762.555,78.526,78.526,1,1,
373,1790095338822941184,37.3,19,19,2128,1824,42.74,105.764,111.505,31.311,2,44.682,103.303,142.392,39.642,3,1.1667,19,829.082,704.295,913.509,54.786,51.838,766.255,54.786,54.786,1,1,
374,1790095338922941184,37.4,20,21,2240,2016,44.131,103.164,111.505,31.214,2,44.682,103.303,142.392,40.517,3,1.1111,21,829.173,704.295,925.902,52.186,51.838,766.345,52.186,52.186,1,1,
375,1790095339022941184,37.5,21,19,2352,1824,44.652,103.164,111.505,29.779,2,45.005,96.772,142.392,35.784,2,1.2895,19,829.367,758.337,928.328,52.186,45.307,766.54,52.186,52.186,1,1,
376,1790095339122941184,37.6,20,21,2240,2016,42.454,97.488,110.459,28.17,2,44.947,96.772,142.392,32.633,2,1.1111,21,829.173,758.337,928.328,46.51,45.307,766.345,46.51,46.51,1,1,
377,1790095339222941184,37.7,20,20,2240,1920,42.454,97.488,110.459,27.08,2,43.029,96.772,142.392,31.536,2,1.1667,20,829.128,756.94,928.328,46.51,45.307,766.3,46.51,46.51,1,1,
378,1790095339322941184,37.8,20,20,2240,1920,42.454,97.488,110.459,30.168,2,43.029,96.772,142.392,31.24,2,1.1667,20,829.27,756.94,928.328,46.51,45.307,766.443,46.51,46.51,1,1,
379,1790095339422941184,37.9,22,19,2464,1824,42.454,86.946,103.164,27.483,2,43.049,93.733,97.686,25.377,2,1.3509,19,829.367,756.94,928.328,35.969,42.268,766.54,42.268,42.268,1,1,
380,1790095339522941184,38.0,21,20,2352,1920,47.409,86.946,103.164,26.987,2,43.066,96.772,103.148,23.068,2,1.225,20,835.286,756.94,933.057,35.969,45.307,772.458,45.307,45.307,1,1,
381,1790095339622941184,38.1,20,18,2240,1728,49.646,86.946,103.164,26.643,2,43.07,96.772,103.148,24.198,2,1.2963,18,857.202,756.94,933.057,35.969,45.307,794.375,45.307,45.307,1,1,
382,1790095339722941184,38.2,22,18,2464,1728,42.454,86.946,125.701,28.7,2,43.07,96.772,103.148,21.344,2,1.4259,18,862.771,756.94,933.057,35.969,45.307,799.943,45.307,45.307,1,1,
383,1790095339822941184,38.3,21,19,2352,1824,46.05,83.883,125.701,25.768,2,43.068,97.686,121.991,23.952,2,1.2895,19,870.09,756.94,970.228,32.906,46.221,807.262,46.221,46.221,1,1,
384,1790095339922941184,38.4,20,19,2240,1824,53.707,83.883,125.701,25.247,2,43.068,97.686,121.991,19.288,2,1.2281,19,870.09,756.94,970.228,32.906,46.221,807.262,46.221,46.221,1,1,
385,1790095340022941184,38.5,21,18,2352,1728,49.033,83.883,125.701,24.421,2,44.268,97.686,121.991,20.904,2,1.3611,18,876.893,756.94,970.228,32.906,46.221,814.065,46.221,46.221,1,1,
386,1790095340122941184,38.6,20,19,2240,1824,53.707,86.634,125.701,24.889,2,43.669,97.686,121.991,19.588,2,1.2281,19,920.296,756.94,977.228,35.657,46.221,857.468,46.221,46.221,1,1,
387,1790095340222941184,38.7,21,17,2352,1632,52.781,72.68,125.701,23.564,2,44.419,103.148,121.991,19.103,2,1.4412,17,920.59,848.248,977.228,21.703,51.683,857.762,51.683,51.683,1,1,
388,1790095340322941184,38.8,21,18,2352,1728,52.781,86.634,125.701,24.778,2,44.268,95.541,121.991,20.834,2,1.3611,18,928.221,848.248,1012.604,35.657,44.076,865.393,44.076,44.076,1,1,
389,1790095340422941184,38.9,19,19,2128,1824,52.781,86.634,125.701,25.184,2,43.583,92.706,121.991,18.855,2,1.1667,19,933.997,848.248,1012.604,35.657,41.241,871.17,41.241,41.241,1,1,
390,1790095340522941184,39.0,19,19,2128,1824,48.107,96.422,190.006,37.29,3,44.184,92.706,121.991,22.896,2,1.1667,19,943.326,848.248,1012.604,45.444,41.241,880.498,45.444,45.444,1,1,
391,1790095340622941184,39.1,19,17,2128,1632,48.107,86.634,190.006,33.441,3,43.259,95.541,121.991,23.534,2,1.3039,17,943.896,848.248,1012.604,35.657,44.076,881.069,44.076,44.076,1,1,
392,1790095340722941184,39.2,16,16,1792,1536,51.856,96.422,190.006,34.378,3,44.101,95.541,283.773,35.711,2,1.1667,16,957.115,919.939,1163.499,45.444,44.076,894.288,45.444,45.444,1,1,
393,1790095340822941184,39.3,20,16,2240,1536,39.342,96.422,206.067,44.024,5,44.101,95.541,283.773,35.711,2,1.4583,16,957.115,919.939,1163.499,45.444,44.076,894.288,45.444,45.444,1,1,
394,1790095340922941184,39.4,18,17,2016,1632,25.62,96.422,206.067,46.435,5,41.535,194.5,283.773,47.476,5,1.2353,17,977.228,919.939,1232.298,45.444,143.035,914.401,143.035,143.035,1,1,
395,1790095341022941184,39.5,21,16,2352,1536,10.741,183.152,206.067,49.871,5,40.652,194.5,283.773,50.379,5,1.5312,16,978.733,919.939,1232.298,132.175,143.035,915.905,143.035,143.035,1,1,
396,1790095341122941184,39.6,21,17,2352,1632,0.307,183.152,206.067,48.632,5,19.903,194.5,283.773,60.59,5,1.4412,17,1085.649,919.939,1232.298,132.175,143.035,1022.821,143.035,143.035,1,1,
397,1790095341222941184,39.7,19,16,2128,1536,0.246,183.152,206.067,48.3,5,0.009,194.5,283.773,57.697,5,1.3854,16,1124.601,933.433,1232.298,132.175,143.035,1061.773,143.035,143.035,1,1,
398,1790095341322941184,39.8,17,18,1904,1728,0.246,183.152,206.067,42.463,5,0.012,176.589,283.773,58.685,5,1.1019,18,1124.601,933.433,1232.298,132.175,125.124,1061.773,132.175,132.175,1,1,
399,1790095341422941184,39.9,21,15,2352,1440,0.173,183.152,206.067,43.462,5,0.01,194.5,283.773,62.228,5,1.6333,15,1150.224,933.433,1232.298,132.175,143.035,1087.396,143.035,143.035,1,1,
400,1790095341522941184,40.0,21,17,2352,1632,0.246,183.152,206.067,48.141,5,0.01,194.5,195.715,48.947,5,1.4412,17,1163.499,1008.428,1294.855,132.175,143.035,1100.672,143.035,143.035,1,1,
401,1790095341622941184,40.1,20,19,2240,1824,0.207,113.082,189.55,39.84,5,0.01,176.589,195.715,48.269,5,1.2281,19,1150.227,1008.428,1294.855,62.105,125.124,1087.399,125.124,125.124,1,1,
402,1790095341722941184,40.2,24,20,2688,1920,0.139,183.152,204.324,41.807,5,0.012,176.589,195.715,50.066,5,1.4,20,1150.225,1008.428,1294.855,132.175,125.124,1087.398,132.175,132.175,1,1,
403,1790095341822941184,40.3,20,19,2240,1824,0.139,113.082,204.324,44.826,4,0.01,128.654,195.715,42.043,5,1.2281,19,1150.224,1008.428,1294.855,62.105,77.189,1087.396,77.189,77.189,1,1,
404,1790095341922941184,40.4,22,19,2464,1824,11.087,113.082,204.324,43.2,4,0.01,128.654,195.715,42.043,5,1.3509,19,1150.224,1008.428,1294.855,62.105,77.189,1087.396,77.189,77.189,1,1,
405,1790095342022941184,40.5,20,17,2240,1632,46.638,113.082,204.324,47.309,4,41.88,195.715,256.657,52.952,4,1.3725,17,1150.224,1008.428,1294.855,62.105,144.25,1087.396,144.25,144.25,1,1,
406,1790095342122941184,40.6,21,16,2352,1536,28.863,92.23,204.324,44.445,4,43.581,195.715,256.657,50.726,4,1.5312,16,1168.634,1008.428,1349.577,41.252,144.25,1105.806,144.25,144.25,1,1,
407,1790095342222941184,40.7,21,17,2352,1632,41.838,73.657,204.324,37.061,4,43.468,195.715,256.657,47.587,4,1.4412,17,1198.426,1008.428,1349.577,22.68,144.25,1135.599,144.25,144.25,1,1,
408,1790095342322941184,40.8,23,16,2576,1536,41.838,73.657,204.324,34.458,4,43.581,85.704,256.657,40.161,4,1.6771,16,1236.712,1008.428,1349.577,22.68,34.239,1173.885,34.239,34.239,1,1,
409,1790095342422941184,40.9,20,18,2240,1728,51.311,73.657,204.324,32.293,4,43.151,85.7,256.657,35.68,4,1.2963,18,1252.173,1008.428,1349.577,22.68,34.235,1189.346,34.235,34.235,1,1,
410,1790095342522941184,41.0,21,15,2352,1440,49.736,73.657,204.324,29.749,4,43.366,85.7,256.657,31.09,2,1.6333,15,1261.657,1094.07,1349.577,22.68,34.235,1198.83,34.235,34.235,1,1,
411,1790095342622941184,41.1,22,14,2464,1344,49.261,73.657,92.157,25.334,4,43.581,173.186,256.657,37.112,2,1.8333,14,1289.47,1120.066,1436.901,22.68,121.721,1226.643,121.721,121.721,1,1,
412,1790095342722941184,41.2,24,14,2688,1344,49.261,73.657,92.157,23.439,4,43.151,85.7,173.186,20.941,2,2.0,14,1296.854,1170.656,1436.901,22.68,34.235,1234.026,34.235,34.235,1,1,
413,1790095342822941184,41.3,21,16,2352,1536,49.736,71.984,92.157,19.315,2,43.151,85.7,173.186,23.653,2,1.5312,16,1310.684,1170.656,1436.901,21.006,34.235,1247.856,34.235,34.235,1,1,
414,1790095342922941184,41.4,20,18,2240,1728,50.211,70.344,92.157,17.351,2,43.151,85.7,173.186,26.266,2,1.2963,18,1319.909,1170.656,1498.997,19.367,34.235,1257.082,34.235,34.235,1,1,
415,1790095343022941184,41.5,21,17,2352,1632,49.736,82.329,92.157,19.184,2,42.806,128.927,173.186,27.326,2,1.4412,17,1330.902,1252.125,1498.997,31.352,77.462,1268.075,77.462,77.462,1,1,
416,1790095343122941184,41.6,21,15,2352,1440,49.736,82.329,92.157,16.848,2,42.233,165.175,173.186,36.667,2,1.6333,15,1346.517,1252.125,1498.997,31.352,113.71,1283.69,113.71,113.71,1,1,
417,1790095343222941184,41.7,21,15,2352,1440,49.736,82.329,92.157,16.866,2,42.215,165.175,173.186,31.077,2,1.6333,15,1370.073,1272.876,1498.997,31.352,113.71,1307.246,113.71,113.71,1,1,
418,1790095343322941184,41.8,21,16,2352,1536,51.698,82.329,92.157,16.643,2,42.362,165.175,173.186,32.072,2,1.5312,16,1409.807,1272.876,1498.997,31.352,113.71,1346.979,113.71,113.71,1,1,
419,1790095343422941184,41.9,20,15,2240,1440,49.261,63.967,92.157,16.11,2,42.036,165.175,173.186,34.458,2,1.5556,15,1430.956,1287.642,1498.997,12.99,113.71,1368.128,113.71,113.71,1,1,
420,1790095343522941184,42.0,20,16,2240,1536,53.186,82.329,103.131,19.404,2,42.005,128.927,165.175,23.892,2,1.4583,16,1430.59,1287.642,1498.997,31.352,77.462,1367.763,77.462,77.462,1,1,
421,1790095343622941184,42.1,17,18,1904,1728,50.616,82.329,103.131,17.165,2,42.005,125.347,165.175,28.455,2,1.1019,18,1433.928,1287.642,1498.997,31.352,73.882,1371.101,73.882,73.882,1,1,
422,1790095343722941184,42.2,16,16,1792,1536,53.186,82.329,103.131,17.967,2,42.005,128.927,165.175,29.43,2,1.1667,16,1435.82,1370.07,1498.997,31.352,77.462,1372.992,77.462,77.462,1,1,
423,1790095343822941184,42.3,21,14,2352,1344,45.109,82.329,315.82,37.565,6,42.005,125.347,165.175,24.041,2,1.75,14,1442.329,1388.658,1498.997,31.352,73.882,1379.502,73.882,73.882,1,1,
424,1790095343922941184,42.4,20,18,2240,1728,38.726,62.152,315.82,37.08,6,40.316,125.347,296.206,45.229,6,1.2963,18,1430.59,1243.21,1485.96,11.175,73.882,1367.763,73.882,73.882,1,1,
425,1790095344022941184,42.5,19,19,2128,1824,38.13,78.7,315.82,39.206,6,40.373,87.955,296.206,35.994,6,1.1667,19,1426.569,1215.683,1481.572,27.723,36.49,1363.742,36.49,36.49,1,1,
426,1790095344122941184,42.6,20,20,2240,1920,37.534,78.7,315.82,37.647,6,40.43,87.955,296.206,36.483,6,1.1667,20,1424.414,1215.683,1481.572,27.723,36.49,1361.586,36.49,36.49,1,1,
427,1790095344222941184,42.7,20,20,2240,1920,37.534,78.7,315.82,39.209,6,40.316,87.955,296.206,36.383,6,1.1667,20,1395.149,1209.547,1481.572,27.723,36.49,1332.321,36.49,36.49,1,1,
428,1790095344322941184,42.8,21,20,2352,1920,35.87,79.66,315.82,39.034,6,40.075,84.017,296.206,33.918,6,1.225,20,1344.467,1209.547,1481.572,28.682,32.552,1281.64,32.552,32.552,1,1,
429,1790095344422941184,42.9,20,20,2240,1920,37.534,78.7,315.82,38.612,6,40.075,94.546,296.206,40.599,6,1.1667,20,1283.523,1209.547,1481.572,27.723,43.081,1220.696,43.081,43.081,1,1,
430,1790095344522941184,43.0,20,20,2240,1920,37.534,78.7,87.148,26.579,6,40.43,84.017,296.206,36.415,6,1.1667,20,1256.254,1209.547,1481.572,27.723,32.552,1193.427,32.552,32.552,1,1,
431,1790095344622941184,43.1,23,22,2576,2112,37.02,79.66,87.148,25.093,6,40.43,84.017,296.206,36.818,6,1.2197,22,1255.357,1209.547,1481.572,28.682,32.552,1192.529,32.552,32.552,1,1,
432,1790095344722941184,43.2,23,22,2576,2112,37.02,79.66,87.148,25.093,6,40.43,81.299,94.546,24.677,6,1.2197,22,1244.985,1201.644,1452.507,28.682,29.834,1182.157,29.834,29.834,1,1,
433,1790095344822941184,43.3,20,23,2240,2208,43.254,80.306,176.343,29.737,3,40.627,81.299,94.546,23.757,6,1.0145,23,1243.21,968.556,1452.507,29.328,29.834,1180.382,29.834,29.834,1,1,
434,1790095344922941184,43.4,21,20,2352,1920,45.212,80.306,176.343,26.937,3,44.058,84.017,170.059,27.524,3,1.225,20,1238.361,968.556,1303.436,29.328,32.552,1175.534,32.552,32.552,1,1,
435,1790095345022941184,43.5,21,19,2352,1824,45.212,80.306,176.343,25.722,3,44.07,81.299,170.059,28.666,3,1.2895,19,1238.013,968.556,1303.436,29.328,29.834,1175.185,29.834,29.834,1,1,
436,1790095345122941184,43.6,18,20,2016,1920,43.254,80.306,176.343,28.019,3,41.6,81.299,170.059,27.319,3,1.05,20,1238.361,968.556,1303.436,29.328,29.834,1175.534,29.834,29.834,1,1,
437,1790095345222941184,43.7,20,18,2240,1728,43.254,87.148,176.343,29.596,3,44.44,83.532,170.059,32.268,3,1.2963,18,1238.76,968.556,1303.436,36.171,32.067,1175.932,36.171,36.171,1,1,
438,1790095345322941184,43.8,21,19,2352,1824,42.402,87.148,176.343,27.994,3,44.261,83.532,170.059,34.527,3,1.2895,19,1241.402,968.556,1345.564,36.171,32.067,1178.574,36.171,36.171,1,1,
439,1790095345422941184,43.9,21,21,2352,2016,42.402,80.306,176.343,26.307,3,42.841,83.532,170.059,29.83,3,1.1667,21,1246.759,968.556,1345.564,29.328,32.067,1183.932,32.067,32.067,1,1,
440,1790095345522941184,44.0,19,19,2128,1824,42.402,66.447,176.343,24.77,3,42.428,83.532,170.059,28.567,3,1.1667,19,1255.236,968.556,1345.564,15.469,32.067,1192.409,32.067,32.067,1,1,
441,1790095345622941184,44.1,20,18,2240,1728,46.425,108.478,176.343,28.291,3,43.256,83.532,170.059,27.652,3,1.2963,18,1257.34,968.556,1345.564,57.501,32.067,1194.512,57.501,57.501,1,1,
442,1790095345722941184,44.2,21,18,2352,1728,46.453,66.447,121.896,20.643,3,43.256,83.532,170.059,32.052,3,1.3611,18,1280.205,968.556,1345.564,15.469,32.067,1217.378,32.067,32.067,1,1,
443,1790095345822941184,44.3,21,19,2352,1824,46.453,108.478,143.235,25.283,3,42.428,83.532,126.434,28.12,3,1.2895,19,1300.071,1137.945,1362.298,57.501,32.067,1237.244,57.501,57.501,1,1,
444,1790095345922941184,44.4,20,19,2240,1824,46.481,108.478,143.235,27.074,3,42.428,83.532,126.434,28.12,3,1.2281,19,1300.071,1137.945,1362.298,57.501,32.067,1237.244,57.501,57.501,1,1,
445,1790095346022941184,44.5,21,19,2352,1824,46.532,108.478,143.235,27.929,3,42.428,123.03,126.434,28.266,2,1.2895,19,1305.726,1238.959,1405.197,57.501,71.565,1242.899,71.565,71.565,1,1,
446,1790095346122941184,44.6,21,18,2352,1728,46.532,66.447,143.235,24.178,3,43.256,123.03,126.434,30.142,2,1.3611,18,1315.662,1238.959,1405.197,15.469,71.565,1252.834,71.565,71.565,1,1,
447,1790095346222941184,44.7,21,19,2352,1824,46.728,75.128,143.235,23.766,3,43.657,88.807,126.434,24.135,2,1.2895,19,1323.969,1238.959,1405.197,24.15,37.342,1261.141,37.342,37.342,1,1,
448,1790095346322941184,44.8,21,18,2352,1728,49.827,75.128,143.235,22.865,3,44.059,88.807,126.434,25.144,2,1.3611,18,1325.836,1238.959,1405.197,24.15,37.342,1263.008,37.342,37.342,1,1,
449,1790095346422941184,44.9,20,17,2240,1632,50.162,90.384,143.235,25.134,3,44.152,123.205,126.434,28.996,2,1.3725,17,1362.298,1238.959,1450.96,39.406,71.74,1299.47,71.74,71.74,1,1,
450,1790095346522941184,45.0,21,16,2352,1536,48.182,75.128,143.235,22.955,3,44.061,123.205,126.434,28.647,2,1.5312,16,1368.305,1238.959,1450.96,24.15,71.74,1305.477,71.74,71.74,1,1,
451,1790095346622941184,45.1,21,17,2352,1632,49.827,90.106,143.235,23.823,3,43.647,123.205,126.434,26.865,2,1.4412,17,1371.722,1238.959,1450.96,39.129,71.74,1308.894,71.74,71.74,1,1,
452,1790095346722941184,45.2,20,16,2240,1536,49.491,79.127,90.384,21.597,3,44.061,120.562,123.205,25.327,2,1.4583,16,1386.78,1238.959,1455.592,28.15,69.097,1323.953,69.097,69.097,1,1,
453,1790095346822941184,45.3,22,17,2464,1632,46.872,79.127,90.384,20.826,3,43.647,120.562,123.205,23.881,2,1.5098,17,1399.483,1238.959,1460.956,28.15,69.097,1336.655,69.097,69.097,1,1,
454,1790095346922941184,45.4,20,18,2240,1728,46.872,87.079,90.384,19.65,1,43.232,87.835,120.562,20.712,2,1.2963,18,1402.34,1238.959,1460.956,36.102,36.37,1339.513,36.37,36.37,1,1,
455,1790095347022941184,45.5,20,17,2240,1632,46.872,90.106,100.46,22.584,2,44.152,88.807,120.562,21.518,1,1.3725,17,1438.993,1238.959,1460.956,39.129,37.342,1376.165,39.129,39.129,1,1,
456,1790095347122941184,45.6,21,18,2352,1728,42.839,90.384,100.46,24.777,2,44.061,86.329,120.562,22.698,2,1.3611,18,1439.159,1327.702,1478.738,39.406,34.864,1376.332,39.406,39.406,1,1,
457,1790095347222941184,45.7,21,15,2352,1440,42.839,90.384,100.46,24.612,2,42.81,87.835,120.562,24.681,2,1.6333,15,1442.404,1365.227,1478.738,39.406,36.37,1379.577,39.406,39.406,1,1,
458,1790095347322941184,45.8,21,17,2352,1632,40.985,90.384,100.46,24.774,2,41.453,120.562,172.313,29.804,2,1.4412,17,1446.621,1365.227,1496.156,39.406,69.097,1383.794,69.097,69.097,1,1,
459,1790095347422941184,45.9,21,18,2352,1728,46.201,90.106,100.46,22.466,2,40.607,87.835,172.313,28.049,2,1.3611,18,1450.566,1365.227,1496.156,39.129,36.37,1387.738,39.129,39.129,1,1,
460,1790095347522941184,46.0,21,17,2352,1632,46.446,87.079,100.46,19.67,2,40.562,120.562,172.313,27.358,2,1.4412,17,1452.413,1365.227,1496.156,36.102,69.097,1389.586,69.097,69.097,1,1,
461,1790095347622941184,46.1,21,17,2352,1632,48.26,87.079,100.46,18.777,2,41.219,120.809,172.313,27.614,2,1.4412,17,1456.089,1365.227,1496.904,36.102,69.344,1393.262,69.344,69.344,1,1,
462,1790095347722941184,46.2,21,18,2352,1728,48.26,87.079,100.46,17.486,2,41.385,87.835,172.313,25.787,2,1.3611,18,1458.634,1365.227,1496.904,36.102,36.37,1395.807,36.37,36.37,1,1,
463,1790095347822941184,46.3,21,17,2352,1632,48.26,65.202,100.46,16.389,2,41.346,126.587,172.313,29.758,2,1.4412,17,1456.312,1365.227,1496.904,14.225,75.122,1393.485,75.122,75.122,1,1,
464,1790095347922941184,46.4,20,16,2240,1536,46.618,60.43,91.668,13.27,2,41.385,126.587,172.313,28.978,2,1.4583,16,1461.319,1411.592,1496.904,9.453,75.122,1398.492,75.122,75.122,1,1,
465,1790095348022941184,46.5,21,17,2352,1632,48.466,65.202,93.465,14.718,2,41.608,126.587,172.313,29.262,2,1.4412,17,1466.326,1411.592,1496.904,14.225,75.122,1403.498,75.122,75.122,1,1,
466,1790095348122941184,46.6,21,16,2352,1536,46.446,60.43,93.465,12.574,2,41.385,126.587,127.078,25.195,2,1.5312,16,1469.783,1405.479,1496.904,9.453,75.122,1406.955,75.122,75.122,1,1,
467,1790095348222941184,46.7,20,18,2240,1728,46.618,65.202,103.865,15.025,2,41.385,120.809,127.078,22.474,2,1.2963,18,1461.319,1405.479,1496.904,14.225,69.344,1398.492,69.344,69.344,1,1,
468,1790095348322941184,46.8,21,18,2352,1728,46.446,93.465,134.935,22.225,2,41.831,126.587,133.091,27.766,2,1.3611,18,1466.88,1405.479,1496.904,42.487,75.122,1404.052,75.122,75.122,1,1,
469,1790095348422941184,46.9,21,15,2352,1440,48.294,93.465,134.935,22.458,2,44.04,127.078,133.091,33.289,2,1.6333,15,1466.326,1405.479,1496.904,42.487,75.613,1403.498,75.613,75.613,1,1,
470,1790095348522941184,47.0,20,18,2240,1728,49.64,93.465,134.935,23.047,2,43.53,126.587,133.091,32.742,3,1.2963,18,1454.562,1369.246,1496.904,42.487,75.122,1391.734,75.122,75.122,1,1,
471,1790095348622941184,47.1,20,18,2240,1728,49.64,93.465,134.935,25.425,2,43.53,126.587,133.091,34.905,3,1.2963,18,1440.531,1369.246,1484.512,42.487,75.122,1377.703,75.122,75.122,1,1,
472,1790095348722941184,47.2,21,18,2352,1728,48.031,93.465,134.935,25.052,2,43.396,123.177,133.091,30.127,3,1.3611,18,1438.954,1369.246,1484.512,42.487,71.712,1376.127,71.712,71.712,1,1,
473,1790095348822941184,47.3,20,20,2240,1920,49.64,93.465,134.935,26.097,2,43.396,123.177,133.091,29.226,3,1.1667,20,1441.632,1369.246,1484.512,42.487,71.712,1378.804,71.712,71.712,1,1,
474,1790095348922941184,47.4,21,20,2352,1920,50.028,75.523,134.935,25.084,2,43.003,123.177,133.091,27.655,3,1.225,20,1444.452,1369.246,1484.512,24.545,71.712,1381.625,71.712,71.712,1,1,
475,1790095349022941184,47.5,19,20,2128,1920,50.028,75.523,134.935,25.356,2,43.003,84.363,133.091,27.421,3,1.1083,20,1444.452,1369.246,1484.512,24.545,32.898,1381.625,32.898,32.898,1,1,
476,1790095349122941184,47.6,21,19,2352,1824,49.194,75.523,134.935,26.308,2,43.2,84.363,133.091,26.507,3,1.2895,19,1443.208,1369.246,1477.07,24.545,32.898,1380.38,32.898,32.898,1,1,
477,1790095349222941184,47.7,19,20,2128,1920,49.194,75.169,113.082,21.735,2,43.003,84.363,129.265,27.245,3,1.1083,20,1448.72,1369.246,1495.457,24.192,32.898,1385.893,32.898,32.898,1,1,
478,1790095349322941184,47.8,20,21,2240,2016,49.64,75.523,160.564,27.006,3,42.864,84.363,129.265,26.216,3,1.1111,21,1445.696,1369.246,1495.457,24.545,32.898,1382.869,32.898,32.898,1,1,
479,1790095349422941184,47.9,20,22,2240,2112,48.749,75.523,160.564,28.999,3,42.725,84.363,172.339,29.339,3,1.0606,22,1448.72,1369.246,1495.457,24.545,32.898,1385.893,32.898,32.898,1,1,
480,1790095349522941184,48.0,18,20,2016,1920,46.422,75.169,160.564,30.647,3,41.55,84.363,172.339,25.776,3,1.05,20,1443.714,1338.453,1495.457,24.192,32.898,1380.887,32.898,32.898,1,1,
481,1790095349622941184,48.1,21,19,2352,1824,43.366,113.082,165.367,34.658,3,41.541,84.363,172.339,27.105,3,1.2895,19,1441.732,1338.453,1495.457,62.105,32.898,1378.904,62.105,62.105,1,1,
482,1790095349722941184,48.2,21,20,2352,1920,44.516,113.082,165.367,35.503,3,41.532,129.265,172.339,34.782,3,1.225,20,1435.765,1338.453,1495.457,62.105,77.8,1372.938,77.8,77.8,1,1,
483,1790095349822941184,48.3,21,20,2352,1920,39.856,113.082,165.367,35.561,3,41.532,129.265,172.339,34.908,3,1.225,20,1434.839,1338.453,1495.457,62.105,77.8,1372.012,77.8,77.8,1,1,
484,1790095349922941184,48.4,21,19,2352,1824,43.415,113.082,165.367,34.577,3,41.316,129.265,172.339,39.005,3,1.2895,19,1426.622,1338.453,1495.457,62.105,77.8,1363.795,77.8,77.8,1,1,
485,1790095350022941184,48.5,22,18,2464,1728,46.201,72.303,165.367,30.192,3,41.55,129.265,172.339,41.052,3,1.4259,18,1402.673,1338.453,1495.457,21.326,77.8,1339.846,77.8,77.8,1,1,
486,1790095350122941184,48.6,21,18,2352,1728,46.9,72.303,165.367,28.786,3,41.55,87.826,172.339,36.15,3,1.3611,18,1402.673,1338.453,1495.457,21.326,36.361,1339.846,36.361,36.361,1,1,
487,1790095350222941184,48.7,20,17,2240,1632,46.519,67.818,165.367,24.298,3,43.737,170.976,172.339,43.121,3,1.3725,17,1401.219,1338.453,1468.938,16.84,119.511,1338.391,119.511,119.511,1,1,
488,1790095350322941184,48.8,21,16,2352,1536,46.9,72.303,165.367,27.511,3,41.55,163.003,170.976,36.976,3,1.5312,16,1395.554,1338.453,1468.938,21.326,111.538,1332.726,111.538,111.538,1,1,
489,1790095350422941184,48.9,20,16,2240,1536,47.281,72.303,155.543,23.195,3,41.55,163.003,170.976,36.976,3,1.4583,16,1395.554,1338.453,1468.938,21.326,111.538,1332.726,111.538,111.538,1,1,
490,1790095350522941184,49.0,23,12,2576,1152,46.9,72.303,155.543,21.87,3,47.409,163.003,209.026,44.967,3,2.2361,12,1386.761,1345.448,1446.708,21.326,111.538,1323.934,111.538,111.538,1,1,
491,1790095350622941184,49.1,20,14,2240,1344,47.306,72.303,155.543,21.139,3,47.409,163.003,209.026,41.719,3,1.6667,14,1400.096,1345.448,1485.131,21.326,111.538,1337.268,111.538,111.538,1,1,
492,1790095350722941184,49.2,20,12,2240,1152,47.281,72.303,155.543,20.88,3,81.778,163.003,209.026,39.16,1,1.9444,12,1425.198,1345.448,1485.131,21.326,111.538,1362.37,111.538,111.538,1,1,
493,1790095350822941184,49.3,20,12,2240,1152,47.281,79.056,155.543,23.382,3,78.611,163.003,209.026,41.52,1,1.9444,12,1444.048,1383.634,1494.681,28.079,111.538,1381.22,111.538,111.538,1,1,
494,1790095350922941184,49.4,21,13,2352,1248,46.741,101.368,156.4,31.758,3,62.268,163.003,209.026,44.596,2,1.8846,13,1441.388,1361.655,1494.681,50.39,111.538,1378.56,111.538,111.538,1,1,
495,1790095351022941184,49.5,20,12,2240,1152,47.281,101.368,156.4,33.236,3,45.925,163.003,209.026,45.678,2,1.9444,12,1444.048,1361.655,1494.681,50.39,111.538,1381.22,111.538,111.538,1,1,
496,1790095351122941184,49.6,19,14,2128,1344,42.291,101.368,156.4,36.173,3,42.789,169.854,209.026,45.807,3,1.5833,14,1441.935,1361.655,1494.681,50.39,118.389,1379.107,118.389,118.389,1,1,
497,1790095351222941184,49.7,21,15,2352,1440,36.425,101.368,156.4,34.537,3,43.1,169.854,209.026,45.614,3,1.6333,15,1441.388,1361.655,1494.681,50.39,118.389,1378.56,118.389,118.389,1,1,
498,1790095351322941184,49.8,20,14,2240,1344,37.276,101.368,156.4,32.569,3,43.41,129.643,169.854,42.818,3,1.6667,14,1444.218,1361.655,1494.681,50.39,78.178,1381.39,78.178,78.178,1,1,
499,1790095351422941184,49.9,20,15,2240,1440,46.517,101.368,156.4,31.483,3,60.75,129.643,169.854,42.237,3,1.5556,15,1445.953,1361.655,1494.681,50.39,78.178,1383.126,78.178,78.178,1,1,
500,1790095351522941184,50.0,21,16,2352,1536,46.382,101.368,156.4,28.695,3,43.41,129.643,169.854,38.987,3,1.5312,16,1450.493,1361.655,1494.681,50.39,78.178,1387.665,78.178,78.178,1,1,
501,1790095351622941184,50.1,20,16,2240,1536,46.517,101.368,156.4,28.462,3,43.496,129.643,169.854,33.172,3,1.4583,16,1445.501,1333.002,1494.681,50.39,78.178,1382.674,78.178,78.178,1,1,
502,1790095351722941184,50.2,20,16,2240,1536,46.517,67.565,156.4,26.069,3,43.496,129.643,169.854,33.172,3,1.4583,16,1445.501,1333.002,1494.681,16.588,78.178,1382.674,78.178,78.178,1,1,
503,1790095351822941184,50.3,20,16,2240,1536,46.517,65.048,136.552,18.467,3,44.061,160.509,169.854,40.807,3,1.4583,16,1445.501,1333.002,1493.488,14.07,109.044,1382.674,109.044,109.044,1,1,
504,1790095351922941184,50.4,23,14,2576,1344,47.038,65.048,136.552,17.593,3,44.061,129.643,160.509,33.991,3,1.9167,14,1447.489,1333.002,1493.488,14.07,78.178,1384.661,78.178,78.178,1,1,
505,1790095352022941184,50.5,21,16,2352,1536,47.068,60.54,136.552,13.39,2,44.061,129.643,160.509,32.236,3,1.5312,16,1447.489,1333.002,1493.488,9.562,78.178,1384.661,78.178,78.178,1,1,
506,1790095352122941184,50.6,22,14,2464,1344,46.577,60.393,65.048,9.311,2,44.061,129.643,160.509,27.425,1,1.8333,14,1447.489,1333.002,1493.488,9.415,78.178,1384.661,78.178,78.178,1,1,
507,1790095352222941184,50.7,20,15,2240,1440,47.789,60.54,65.048,6.818,1,44.01,83.595,160.509,22.099,1,1.5556,15,1449.024,1333.002,1493.488,9.562,32.13,1386.196,32.13,32.13,1,1,
508,1790095352322941184,50.8,21,17,2352,1632,47.674,61.037,65.048,6.721,1,44.046,83.595,160.509,19.444,1,1.4412,17,1445.953,1333.002,1493.488,10.059,32.13,1383.126,32.13,32.13,1,1,
509,1790095352422941184,50.9,21,17,2352,1632,47.674,61.037,65.048,7.095,1,43.995,83.595,160.509,20.183,2,1.4412,17,1445.049,1333.002,1493.488,10.059,32.13,1382.221,32.13,32.13,1,1,
510,1790095352522941184,51.0,20,17,2240,1632,47.789,61.037,65.048,7.352,1,44.046,126.219,160.509,25.165,2,1.3725,17,1445.049,1333.002,1493.488,10.059,74.754,1382.221,74.754,74.754,1,1,
511,1790095352622941184,51.1,20,16,2240,1536,47.336,61.037,78.025,8.043,1,44.061,83.595,126.219,19.124,2,1.4583,16,1434.259,1345.469,1493.488,10.059,32.13,1371.431,32.13,32.13,1,1,
512,1790095352722941184,51.2,20,17,2240,1632,47.336,61.037,78.025,7.88,1,44.405,85.253,126.219,20.503,2,1.3725,17,1436.465,1345.469,1499.24,10.059,33.788,1373.637,33.788,33.788,1,1,
513,1790095352822941184,51.3,19,19,2128,1824,47.326,61.037,78.025,7.555,1,43.723,83.595,126.219,18.73,2,1.1667,19,1436.465,1345.469,1499.24,10.059,32.13,1373.637,32.13,32.13,1,1,
514,1790095352922941184,51.4,21,18,2352,1728,47.079,63.193,105.652,11.677,2,43.139,81.15,126.219,15.342,2,1.3611,18,1432.661,1345.469,1499.24,12.216,29.685,1369.834,29.685,29.685,1,1,
515,1790095353022941184,51.5,20,19,2240,1824,47.317,78.025,105.652,13.864,2,43.277,85.253,126.219,21.223,2,1.2281,19,1432.052,1345.469,1499.24,27.048,33.788,1369.225,33.788,33.788,1,1,
516,1790095353122941184,51.6,21,17,2352,1632,47.079,78.025,105.652,13.437,2,44.39,122.399,126.219,26.228,2,1.4412,17,1430.177,1345.469,1499.24,27.048,70.934,1367.349,70.934,70.934,1,1,
517,1790095353222941184,51.7,21,17,2352,1632,46.62,78.4,105.652,14.651,2,44.39,122.399,126.219,26.745,2,1.4412,17,1433.27,1345.469,1499.24,27.423,70.934,1370.442,70.934,70.934,1,1,
518,1790095353322941184,51.8,20,17,2240,1632,46.84,78.4,105.652,14.813,2,62.881,122.399,126.219,31.359,2,1.3725,17,1440.646,1385.178,1499.24,27.423,70.934,1377.818,70.934,70.934,1,1,
519,1790095353422941184,51.9,21,16,2352,1536,46.858,78.4,105.652,14.882,2,43.415,88.88,122.399,23.245,2,1.5312,16,1461.803,1385.178,1499.24,27.423,37.415,1398.975,37.415,37.415,1,1,
520,1790095353522941184,52.0,20,16,2240,1536,46.399,78.737,105.652,16.555,2,43.415,88.88,122.399,23.245,2,1.4583,16,1461.803,1385.178,1499.24,27.759,37.415,1398.975,37.415,37.415,1,1,
521,1790095353622941184,52.1,20,16,2240,1536,44.314,78.737,105.652,17.387,2,43.139,122.399,127.636,29.04,2,1.4583,16,1455.441,1409.428,1499.24,27.759,70.934,1392.613,70.934,70.934,1,1,
522,1790095353722941184,52.2,21,16,2352,1536,44.331,78.737,105.652,16.373,2,41.469,122.399,127.636,29.227,2,1.5312,16,1455.576,1409.428,1495.862,27.759,70.934,1392.748,70.934,70.934,1,1,
523,1790095353822941184,52.3,21,17,2352,1632,44.331,78.4,95.862,14.251,2,43.261,122.399,127.636,27.609,2,1.4412,17,1457.989,1409.428,1493.592,27.423,70.934,1395.161,70.934,70.934,1,1,
524,1790095353922941184,52.4,21,17,2352,1632,45.605,78.4,95.862,12.198,1,42.93,88.88,127.636,22.628,2,1.4412,17,1457.989,1409.428,1493.592,27.423,37.415,1395.161,37.415,37.415,1,1,
525,1790095354022941184,52.5,20,15,2240,1440,45.671,63.195,95.862,11.064,1,42.93,88.88,127.636,19.732,1,1.5556,15,1459.342,1430.177,1493.592,12.217,37.415,1396.515,37.415,37.415,1,1,
526,1790095354122941184,52.6,20,16,2240,1536,45.671,68.966,95.862,11.858,1,42.314,127.636,164.876,23.568,1,1.4583,16,1465.272,1434.155,1493.592,17.988,76.171,1402.444,76.171,76.171,1,1,
527,1790095354222941184,52.7,20,16,2240,1536,46.051,63.195,95.862,10.087,1,42.314,127.636,164.876,21.238,1,1.4583,16,1465.272,1434.155,1493.592,12.217,76.171,1402.444,76.171,76.171,1,1,
528,1790095354322941184,52.8,21,17,2352,1632,45.861,63.195,95.862,9.978,1,42.93,127.636,164.876,22.39,1,1.4412,17,1464.927,1407.272,1493.592,12.217,76.171,1402.099,76.171,76.171,1,1,
529,1790095354422941184,52.9,21,16,2352,1536,45.861,68.966,95.862,14.037,2,42.777,86.396,164.876,17.9,1,1.5312,16,1462.135,1407.272,1494.917,17.988,34.931,1399.307,34.931,34.931,1,1,
530,1790095354522941184,53.0,21,17,2352,1632,45.861,68.966,97.773,14.133,2,43.161,86.396,164.876,16.89,1,1.4412,17,1459.342,1407.272,1494.917,17.988,34.931,1396.515,34.931,34.931,1,1,
531,1790095354622941184,53.1,21,15,2352,1440,46.883,68.966,97.773,15.855,2,43.161,84.867,164.876,15.924,1,1.6333,15,1464.927,1407.272,1494.917,17.988,33.402,1402.099,33.402,33.402,1,1,
532,1790095354722941184,53.2,21,15,2352,1440,50.157,68.966,97.773,16.005,2,43.161,164.876,205.067,30.188,2,1.6333,15,1459.342,1407.272,1494.917,17.988,113.411,1396.515,113.411,113.411,1,1,
533,1790095354822941184,53.3,21,15,2352,1440,50.157,68.966,97.773,17.216,2,45.29,164.876,205.067,35.148,2,1.6333,15,1466.625,1407.272,1495.312,17.988,113.411,1403.797,113.411,113.411,1,1,
534,1790095354922941184,53.4,20,13,2240,1248,52.599,68.966,97.773,17.954,2,45.29,84.867,205.067,30.829,2,1.7949,13,1472.33,1407.272,1495.312,17.988,33.402,1409.502,33.402,33.402,1,1,
535,1790095355022941184,53.5,20,15,2240,1440,52.599,67.974,97.773,18.008,2,45.29,84.867,205.067,32.314,2,1.5556,15,1467.879,1399.849,1495.312,16.997,33.402,1405.051,33.402,33.402,1,1,
536,1790095355122941184,53.6,19,17,2128,1632,56.646,67.974,97.773,17.971,2,45.29,84.867,205.067,30.949,2,1.3039,17,1457.755,1399.849,1495.312,16.997,33.402,1394.927,33.402,33.402,1,1,
537,1790095355222941184,53.7,17,16,1904,1536,56.646,94.035,97.773,19.027,2,43.113,82.765,205.067,30.223,2,1.2396,16,1451.942,1399.849,1495.312,43.057,31.3,1389.114,43.057,43.057,1,1,
538,1790095355322941184,53.8,20,15,2240,1440,46.642,94.035,265.264,37.369,5,43.085,82.765,205.067,29.665,2,1.5556,15,1457.681,1399.849,1495.312,43.057,31.3,1394.854,43.057,43.057,1,1,
539,1790095355422941184,53.9,21,12,2352,1152,40.592,67.974,265.264,34.032,5,43.113,82.765,205.067,37.408,2,2.0417,12,1444.451,1399.849,1495.312,16.997,31.3,1381.623,31.3,31.3,1,1,
540,1790095355522941184,54.0,21,18,2352,1728,48.395,61.993,265.264,29.638,5,40.221,82.725,282.151,38.998,5,1.3611,18,1434.053,1245.696,1495.312,11.016,31.26,1371.225,31.26,31.26,1,1,
541,1790095355622941184,54.1,20,20,2240,1920,50.148,67.974,265.264,31.985,5,42.168,82.725,282.151,35.527,5,1.1667,20,1433.944,1190.739,1495.312,16.997,31.26,1371.116,31.26,31.26,1,1,
542,1790095355722941184,54.2,20,18,2240,1728,51.43,67.974,265.264,31.923,5,42.168,82.65,282.151,34.846,5,1.2963,18,1416.911,1190.739,1495.312,16.997,31.185,1354.084,31.185,31.185,1,1,
543,1790095355822941184,54.3,20,19,2240,1824,51.43,83.822,265.264,32.117,5,41.723,82.725,282.151,37.501,5,1.2281,19,1395.171,1190.739,1495.312,32.845,31.26,1332.344,32.845,32.845,1,1,
544,1790095355922941184,54.4,20,18,2240,1728,50.148,83.822,265.264,34.853,5,40.221,81.391,282.151,37.279,5,1.2963,18,1357.364,1190.739,1464.134,32.845,29.926,1294.536,32.845,32.845,1,1,
545,1790095356022941184,54.5,21,19,2352,1824,48.716,83.822,265.264,33.412,5,40.75,85.687,282.151,37.823,5,1.2895,19,1349.371,1190.739,1464.134,32.845,34.222,1286.544,34.222,34.222,1,1,
546,1790095356122941184,54.6,22,18,2464,1728,50.148,69.258,87.915,21.693,5,41.279,85.687,282.151,42.178,5,1.4259,18,1346.567,1190.739,1464.134,18.28,34.222,1283.739,34.222,34.222,1,1,
547,1790095356222941184,54.7,23,17,2576,1632,50.72,69.258,87.915,20.829,5,40.75,85.687,164.381,29.656,5,1.5784,17,1343.762,1190.739,1464.134,18.28,34.222,1280.935,34.222,34.222,1,1,
548,1790095356322941184,54.8,20,19,2240,1824,51.735,69.258,87.915,13.355,2,41.34,85.687,164.381,31.298,5,1.2281,19,1349.371,1190.739,1464.134,18.28,34.222,1286.544,34.222,34.222,1,1,
549,1790095356422941184,54.9,20,19,2240,1824,52.43,69.258,87.915,14.731,2,41.34,85.687,164.381,31.298,5,1.2281,19,1349.371,1190.739,1464.134,18.28,34.222,1286.544,34.222,34.222,1,1,
550,1790095356522941184,55.0,21,15,2352,1440,51.362,67.636,87.915,14.215,2,47.222,128.602,164.381,33.322,2,1.6333,15,1352.736,1190.739,1468.291,16.658,77.137,1289.908,77.137,77.137,1,1,
551,1790095356622941184,55.1,21,15,2352,1440,51.362,67.896,87.915,13.511,2,63.565,128.602,164.381,35.452,2,1.6333,15,1352.736,1190.739,1468.291,16.919,77.137,1289.908,77.137,77.137,1,1,
552,1790095356722941184,55.2,20,14,2240,1344,51.431,69.258,89.931,15.719,2,46.731,123.587,128.602,29.129,2,1.6667,14,1353.917,1265.499,1468.291,18.28,72.122,1291.089,72.122,72.122,1,1,
553,1790095356822941184,55.3,21,15,2352,1440,49.763,67.896,89.931,15.155,2,63.565,128.602,129.612,32.947,2,1.6333,15,1379.31,1265.499,1482.617,16.919,77.137,1316.482,77.137,77.137,1,1,
554,1790095356922941184,55.4,20,16,2240,1536,48.233,67.636,89.931,12.206,1,46.731,128.602,129.612,33.814,2,1.4583,16,1427.332,1265.499,1484.384,16.658,77.137,1364.504,77.137,77.137,1,1,
555,1790095357022941184,55.5,20,16,2240,1536,51.292,67.636,89.931,11.437,1,46.731,128.602,129.612,33.596,2,1.4583,16,1427.332,1265.499,1484.384,16.658,77.137,1364.504,77.137,77.137,1,1,
556,1790095357122941184,55.6,21,15,2352,1440,49.132,67.896,89.931,14.804,1,63.565,128.602,129.612,32.895,2,1.6333,15,1441.613,1265.499,1496.115,16.919,77.137,1378.786,77.137,77.137,1,1,
557,1790095357222941184,55.7,20,15,2240,1440,48.233,67.896,89.931,15.721,1,63.565,123.587,129.612,29.86,2,1.5556,15,1450.365,1265.499,1496.115,16.919,72.122,1387.537,72.122,72.122,1,1,
558,1790095357322941184,55.8,21,17,2352,1632,48.011,67.896,89.931,14.424,1,46.458,123.587,129.612,26.698,2,1.4412,17,1437.73,1265.499,1496.115,16.919,72.122,1374.902,72.122,72.122,1,1,
559,1790095357422941184,55.9,21,18,2352,1728,48.011,85.537,101.049,17.365,2,45.033,84.07,129.612,20.803,2,1.3611,18,1437.357,1265.499,1496.115,34.56,32.605,1374.53,34.56,34.56,1,1,
560,1790095357522941184,56.0,21,17,2352,1632,48.617,85.537,101.049,18.8,2,43.776,86.113,129.612,19.785,2,1.4412,17,1433.113,1265.499,1496.115,34.56,34.648,1370.286,34.648,34.648,1,1,
561,1790095357622941184,56.1,20,18,2240,1728,49.445,85.537,101.049,18.234,2,42.307,84.07,128.062,20.966,2,1.2963,18,1435.049,1384.164,1496.115,34.56,32.605,1372.222,34.56,34.56,1,1,
562,1790095357722941184,56.2,21,20,2352,1920,48.617,75.499,101.049,17.819,2,42.307,84.07,128.062,19.181,2,1.225,20,1432.667,1361.225,1496.115,24.522,32.605,1369.839,32.605,32.605,1,1,
563,1790095357822941184,56.3,19,20,2128,1920,49.739,75.499,101.049,17.748,2,42.307,83.244,128.062,19.236,2,1.1083,20,1423.302,1361.225,1496.115,24.522,31.779,1360.474,31.779,31.779,1,1,
564,1790095357922941184,56.4,20,18,2240,1728,50.032,85.537,103.413,21.943,2,42.519,83.244,128.062,16.706,2,1.2963,18,1420.648,1361.225,1496.115,34.56,31.779,1357.82,34.56,34.56,1,1,
565,1790095358022941184,56.5,20,17,2240,1632,49.445,82.458,103.413,24.374,2,42.413,86.113,128.062,15.205,2,1.3725,17,1421.148,1361.225,1496.115,31.48,34.648,1358.32,34.648,34.648,1,1,
566,1790095358122941184,56.6,20,18,2240,1728,55.228,82.458,103.413,22.73,2,42.519,82.62,166.415,23.696,2,1.2963,18,1415.25,1361.225,1499.273,31.48,31.155,1352.422,31.48,31.48,1,1,
567,1790095358222941184,56.7,21,18,2352,1728,54.709,82.458,103.413,23.051,2,42.519,82.62,166.415,23.833,2,1.3611,18,1415.25,1361.225,1499.273,31.48,31.155,1352.422,31.48,31.48,1,1,
568,1790095358322941184,56.8,20,18,2240,1728,56.623,82.458,103.413,23.163,2,42.519,86.69,166.415,26.199,2,1.2963,18,1428.637,1361.225,1499.273,31.48,35.225,1365.809,35.225,35.225,1,1,
569,1790095358422941184,56.9,21,19,2352,1824,54.709,75.499,103.413,20.122,2,41.703,86.69,166.415,25.262,2,1.2895,19,1432.284,1361.225,1499.273,24.522,35.225,1369.456,35.225,35.225,1,1,
570,1790095358522941184,57.0,21,18,2352,1728,54.709,75.499,103.413,17.853,2,40.887,82.62,166.415,21.669,2,1.3611,18,1420.818,1361.225,1499.273,24.522,31.155,1357.991,31.155,31.155,1,1,
571,1790095358622941184,57.1,20,18,2240,1728,54.189,69.794,103.413,18.266,2,43.351,86.399,166.415,21.786,2,1.2963,18,1433.629,1361.225,1499.273,18.817,34.934,1370.801,34.934,34.934,1,1,
572,1790095358722941184,57.2,20,16,2240,1536,55.228,69.794,103.413,17.887,2,43.351,86.69,166.415,24.038,2,1.4583,16,1445.605,1384.011,1499.273,18.817,35.225,1382.777,35.225,35.225,1,1,
573,1790095358822941184,57.3,21,16,2352,1536,52.509,68.639,82.458,15.167,2,45.451,86.69,166.415,25.844,2,1.5312,16,1451.434,1392.788,1499.273,17.661,35.225,1388.607,35.225,35.225,1,1,
574,1790095358922941184,57.4,21,17,2352,1632,50.434,61.037,69.794,11.671,2,42.119,86.69,93.262,20.346,2,1.4412,17,1448.152,1392.788,1499.273,10.059,35.225,1385.325,35.225,35.225,1,1,
575,1790095359022941184,57.5,20,18,2240,1728,51.726,68.639,77.227,10.657,1,41.459,86.399,93.262,19.15,2,1.2963,18,1447.622,1392.788,1499.273,17.661,34.934,1384.794,34.934,34.934,1,1,
576,1790095359122941184,57.6,20,18,2240,1728,49.143,63.42,77.227,11.043,1,41.459,86.69,128.851,21.869,2,1.2963,18,1446.136,1392.788,1499.273,12.442,35.225,1383.308,35.225,35.225,1,1,
577,1790095359222941184,57.7,21,16,2352,1536,50.434,68.639,89.203,13.746,2,43.351,93.262,128.851,21.164,1,1.5312,16,1451.965,1392.788,1479.117,17.661,41.797,1389.137,41.797,41.797,1,1,
578,1790095359322941184,57.8,20,16,2240,1536,49.143,68.639,89.203,13.852,2,43.351,93.262,128.851,23.401,1,1.4583,16,1445.915,1392.788,1479.117,17.661,41.797,1383.087,41.797,41.797,1,1,
579,1790095359422941184,57.9,20,17,2240,1632,48.192,76.95,89.203,14.979,2,60.669,93.262,128.851,27.047,2,1.3725,17,1437.28,1392.788,1479.117,25.972,41.797,1374.452,41.797,41.797,1,1,
580,1790095359522941184,58.0,20,16,2240,1536,48.192,76.95,89.203,15.19,2,77.987,93.262,128.851,26.003,2,1.4583,16,1447.932,1396.381,1479.117,25.972,41.797,1385.104,41.797,41.797,1,1,
581,1790095359622941184,58.1,20,17,2240,1632,48.192,77.227,116.217,19.698,2,60.083,93.262,128.851,29.269,2,1.3725,17,1437.28,1396.381,1479.117,26.25,41.797,1374.452,41.797,41.797,1,1,
582,1790095359722941184,58.2,20,16,2240,1536,48.192,77.227,116.217,19.277,2,42.178,93.262,128.851,28.833,2,1.4583,16,1434.321,1396.381,1479.117,26.25,41.797,1371.493,41.797,41.797,1,1,
583,1790095359822941184,58.3,20,18,2240,1728,47.855,77.227,116.217,19.987,2,41.954,86.355,128.851,29.915,2,1.2963,18,1430.676,1396.381,1479.117,26.25,34.89,1367.848,34.89,34.89,1,1,
584,1790095359922941184,58.4,20,19,2240,1824,47.855,77.227,116.217,21.7,2,42.049,86.355,128.851,28.06,2,1.2281,19,1425.991,1364.504,1479.117,26.25,34.89,1363.163,34.89,34.89,1,1,
585,1790095360022941184,58.5,20,18,2240,1728,51.381,76.95,116.217,20.085,2,42.144,86.355,127.158,27.205,2,1.2963,18,1424.772,1364.504,1479.117,25.972,34.89,1361.945,34.89,34.89,1,1,
586,1790095360122941184,58.6,20,19,2240,1824,47.855,76.95,116.217,19.798,2,41.917,86.355,127.158,23.902,2,1.2281,19,1408.67,1364.504,1479.117,25.972,34.89,1345.842,34.89,34.89,1,1,
587,1790095360222941184,58.7,21,20,2352,1920,47.532,76.95,125.836,23.032,2,41.954,86.355,127.158,22.603,2,1.225,20,1412.511,1364.504,1478.838,25.972,34.89,1349.684,34.89,34.89,1,1,
588,1790095360322941184,58.8,20,18,2240,1728,47.208,72.972,125.836,21.37,2,41.954,83.45,127.158,22.638,2,1.2963,18,1412.511,1364.504,1478.838,21.995,31.985,1349.684,31.985,31.985,1,1,
589,1790095360422941184,58.9,18,20,2016,1920,44.638,72.972,125.836,22.912,2,41.954,86.929,165.222,29.035,3,1.05,20,1412.511,1364.504,1488.45,21.995,35.464,1349.684,35.464,35.464,1,1,
590,1790095360522941184,59.0,20,18,2240,1728,44.385,72.972,200.187,30.498,4,41.881,86.929,165.222,30.295,3,1.2963,18,1406.539,1364.504,1488.45,21.995,35.464,1343.712,35.464,35.464,1,1,
591,1790095360622941184,59.1,20,21,2240,2016,44.385,72.972,200.187,28.746,4,40.374,127.158,212.278,38.465,4,1.1111,21,1403.958,1343.261,1488.45,21.995,75.693,1341.131,75.693,75.693,1,1,
592,1790095360722941184,59.2,20,21,2240,2016,44.385,72.972,200.187,28.983,4,40.175,86.929,212.278,32.229,4,1.1111,21,1394.652,1298.415,1488.45,21.995,35.464,1331.824,35.464,35.464,1,1,
593,1790095360822941184,59.3,20,19,2240,1824,44.638,63.427,200.187,29.015,4,40.175,89.267,212.278,36.112,4,1.2281,19,1387.488,1298.415,1488.45,12.45,37.802,1324.66,37.802,37.802,1,1,
594,1790095360922941184,59.4,20,18,2240,1728,44.638,63.427,200.187,28.416,4,40.479,89.267,212.278,35.256,4,1.2963,18,1389.764,1275.306,1488.45,12.45,37.802,1326.937,37.802,37.802,1,1,
595,1790095361022941184,59.5,21,19,2352,1824,45.319,63.427,200.187,27.501,4,40.719,89.267,212.278,35.788,4,1.2895,19,1373.684,1275.306,1488.45,12.45,37.802,1310.856,37.802,37.802,1,1,
596,1790095361122941184,59.6,20,20,2240,1920,46.75,62.553,200.187,24.649,4,40.479,89.267,212.278,31.907,4,1.1667,20,1355.307,1275.306,1488.45,11.575,37.802,1292.48,37.802,37.802,1,1,
597,1790095361222941184,59.7,20,19,2240,1824,46.989,62.553,200.187,21.555,4,40.155,84.3,212.278,26.669,4,1.2281,19,1349.907,1275.306,1488.45,11.575,32.835,1287.08,32.835,32.835,1,1,
598,1790095361322941184,59.8,20,21,2240,2016,46.75,62.553,72.078,14.779,4,40.712,89.267,212.278,28.152,4,1.1111,21,1351.044,1275.306,1488.45,11.575,37.802,1288.217,37.802,37.802,1,1,
599,1790095361422941184,59.9,22,18,2464,1728,46.591,62.553,72.078,14.288,4,40.945,84.3,120.702,18.167,4,1.4259,18,1346.584,1275.306,1483.851,11.575,32.835,1283.757,32.835,32.835,1,1,
600,1790095361522941184,60.0,21,20,2352,1920,46.671,63.427,72.078,9.285,1,40.945,85.467,120.702,18.63,4,1.225,20,1350.476,1275.306,1483.851,12.45,34.001,1287.648,34.001,34.001,1,1,
601,1790095361622941184,60.1,20,23,2240,2208,46.75,63.427,72.078,9.271,1,40.952,85.467,120.702,16.45,4,1.0145,23,1351.044,1275.306,1483.851,12.45,34.001,1288.217,34.001,34.001,1,1,
602,1790095361722941184,60.2,21,18,2352,1728,46.74,59.269,72.078,7.706,1,40.959,84.3,120.702,11.091,1,1.3611,18,1355.307,1275.306,1406.479,8.291,32.835,1292.48,32.835,32.835,1,1,
603,1790095361822941184,60.3,20,19,2240,1824,46.73,59.269,72.078,7.794,1,42.182,85.467,124.775,15.161,1,1.2281,19,1351.044,1275.306,1406.479,8.291,34.001,1288.217,34.001,34.001,1,1,
604,1790095361922941184,60.4,20,19,2240,1824,46.73,68.789,94.29,11.075,1,42.182,85.467,124.775,13.131,1,1.2281,19,1360.646,1303.041,1431.93,17.811,34.001,1297.819,34.001,34.001,1,1,
605,1790095362022941184,60.5,20,17,2240,1632,46.73,72.078,145.229,18.339,2,42.828,120.702,124.775,14.373,1,1.3725,17,1369.064,1303.041,1431.93,21.101,69.237,1306.236,69.237,69.237,1,1,
606,1790095362122941184,60.6,20,16,2240,1536,46.53,72.078,145.229,19.355,2,42.888,120.702,124.775,20.177,1,1.4583,16,1376.689,1303.041,1494.697,21.101,69.237,1313.862,69.237,69.237,1,1,
607,1790095362222941184,60.7,20,17,2240,1632,46.53,72.078,145.229,20.228,2,42.828,124.775,125.715,21.892,2,1.3725,17,1386.352,1303.041,1494.697,21.101,73.31,1323.525,73.31,73.31,1,1,
608,1790095362322941184,60.8,20,18,2240,1728,46.73,68.789,145.229,19.313,2,42.767,120.531,125.715,23.191,2,1.2963,18,1393.153,1303.041,1494.697,17.811,69.066,1330.325,69.066,69.066,1,1,
609,1790095362422941184,60.9,20,18,2240,1728,47.483,72.027,145.229,18.801,2,42.767,120.531,125.715,20.775,2,1.2963,18,1403.977,1303.041,1494.697,21.05,69.066,1341.149,69.066,69.066,1,1,
610,1790095362522941184,61.0,20,16,2240,1536,47.483,72.027,145.229,18.662,2,42.767,124.775,125.715,23.197,2,1.4583,16,1406.741,1303.041,1494.697,21.05,73.31,1343.914,73.31,73.31,1,1,
611,1790095362622941184,61.1,20,17,2240,1632,47.483,94.29,145.229,23.672,2,42.732,124.775,125.715,26.713,2,1.3725,17,1430.368,1303.041,1494.697,43.312,73.31,1367.54,73.31,73.31,1,1,
612,1790095362722941184,61.2,20,15,2240,1440,47.483,94.29,145.229,23.971,2,42.732,124.01,125.715,24.535,2,1.5556,15,1431.095,1303.041,1494.697,43.312,72.545,1368.268,72.545,72.545,1,1,
613,1790095362822941184,61.3,18,18,2016,1728,46.284,72.027,145.229,23.876,2,42.152,124.01,125.887,27.733,2,1.1667,18,1430.732,1345.728,1494.697,21.05,72.545,1367.904,72.545,72.545,1,1,
614,1790095362922941184,61.4,20,16,2240,1536,44.047,72.027,153.856,24.909,3,42.152,125.715,125.887,30.945,2,1.4583,16,1431.512,1379.119,1494.697,21.05,74.25,1368.685,74.25,74.25,1,1,
615,1790095363022941184,61.5,23,18,2576,1728,44.539,72.027,153.856,21.978,3,41.373,125.715,160.401,34.562,3,1.4907,18,1433.745,1379.119,1494.697,21.05,74.25,1370.917,74.25,74.25,1,1,
616,1790095363122941184,61.6,20,20,2240,1920,46.284,72.027,153.856,21.29,3,42.03,124.01,160.401,26.742,3,1.1667,20,1427.225,1379.119,1494.271,21.05,72.545,1364.398,72.545,72.545,1,1,
617,1790095363222941184,61.7,19,18,2128,1728,46.228,72.027,153.856,21.779,3,42.152,124.01,160.401,24.82,3,1.2315,18,1427.225,1379.119,1494.271,21.05,72.545,1364.398,72.545,72.545,1,1,
618,1790095363322941184,61.8,20,19,2240,1824,46.172,98.559,153.856,26.259,3,42.232,124.01,160.401,25.436,3,1.2281,19,1405.756,1368.364,1494.271,47.581,72.545,1342.928,72.545,72.545,1,1,
619,1790095363422941184,61.9,20,19,2240,1824,45.784,98.559,153.856,24.815,3,42.232,124.01,160.401,30.168,3,1.2281,19,1403.383,1343.484,1494.271,47.581,72.545,1340.556,72.545,72.545,1,1,
620,1790095363522941184,62.0,20,19,2240,1824,44.965,64.463,153.856,22.302,3,42.232,89.128,160.401,28.019,3,1.2281,19,1403.383,1343.484,1494.271,13.486,37.663,1340.556,37.663,37.663,1,1,
621,1790095363622941184,62.1,20,20,2240,1920,45.784,66.972,153.856,21.362,3,42.152,89.956,160.401,29.248,3,1.1667,20,1404.086,1343.484,1494.271,15.994,38.491,1341.258,38.491,38.491,1,1,
622,1790095363722941184,62.2,19,20,2128,1920,45.374,64.463,98.559,16.587,3,42.152,89.128,160.401,27.028,3,1.1083,20,1404.086,1343.484,1494.271,13.486,37.663,1341.258,37.663,37.663,1,1,
623,1790095363822941184,62.3,22,18,2464,1728,44.965,66.972,135.081,21.061,3,42.623,89.128,160.401,30.28,3,1.4259,18,1404.086,1343.484,1494.271,15.994,37.663,1341.258,37.663,37.663,1,1,
624,1790095363922941184,62.4,20,18,2240,1728,46.172,66.972,135.081,19.823,2,42.623,89.128,126.308,28.275,3,1.2963,18,1409.016,1343.484,1494.271,15.994,37.663,1346.189,37.663,37.663,1,1,
625,1790095364022941184,62.5,20,17,2240,1632,54.575,69.921,135.081,20.713,2,42.467,89.956,126.308,27.306,2,1.3725,17,1403.383,1343.484,1483.326,18.944,38.491,1340.556,38.491,38.491,1,1,
626,1790095364122941184,62.6,20,17,2240,1632,54.575,78.65,135.081,23.477,2,63.187,89.956,126.308,29.56,2,1.3725,17,1445.831,1343.484,1483.326,27.672,38.491,1383.003,38.491,38.491,1,1,
627,1790095364222941184,62.7,21,17,2352,1632,50.179,78.65,135.081,23.521,2,64.119,89.956,126.308,32.336,2,1.4412,17,1447.756,1334.631,1488.415,27.672,38.491,1384.928,38.491,38.491,1,1,
628,1790095364322941184,62.8,21,17,2352,1632,45.779,78.65,135.081,22.327,2,64.119,91.816,126.308,35.123,2,1.4412,17,1447.756,1334.631,1488.415,27.672,40.351,1384.928,40.351,40.351,1,1,
629,1790095364422941184,62.9,21,17,2352,1632,45.369,90.727,135.081,27.333,2,64.119,91.816,126.308,32.579,2,1.4412,17,1459.756,1334.631,1488.415,39.75,40.351,1396.929,40.351,40.351,1,1,
630,1790095364522941184,63.0,21,17,2352,1632,43.889,90.727,135.081,27.921,2,44.873,91.816,126.308,30.299,2,1.4412,17,1459.756,1334.631,1488.415,39.75,40.351,1396.929,40.351,40.351,1,1,
631,1790095364622941184,63.1,20,17,2240,1632,45.774,90.727,135.081,28.698,2,64.119,126.308,129.267,37.386,2,1.3725,17,1459.756,1334.631,1488.415,39.75,74.843,1396.929,74.843,74.843,1,1,
632,1790095364722941184,63.2,22,16,2464,1536,45.774,90.727,125.677,27.717,2,47.604,126.308,129.267,39.927,2,1.6042,16,1459.035,1334.631,1488.415,39.75,74.843,1396.207,74.843,74.843,1,1,
633,1790095364822941184,63.3,23,17,2576,1632,45.999,90.727,125.677,28.367,2,44.667,129.267,129.392,40.6,2,1.5784,17,1458.313,1334.631,1488.415,39.75,77.802,1395.485,77.802,77.802,1,1,
634,1790095364922941184,63.4,21,18,2352,1728,45.999,90.727,125.677,28.674,2,41.731,124.762,129.392,38.463,2,1.3611,18,1454.44,1334.631,1488.415,39.75,73.297,1391.613,73.297,73.297,1,1,
635,1790095365022941184,63.5,23,18,2576,1728,43.889,92.958,125.677,30.205,2,45.469,124.762,129.392,35.993,2,1.4907,18,1449.307,1334.631,1488.415,41.98,73.297,1386.479,73.297,73.297,1,1,
636,1790095365122941184,63.6,21,16,2352,1536,43.889,92.958,125.677,28.87,2,41.731,129.267,129.392,38.056,2,1.5312,16,1441.022,1334.631,1488.415,41.98,77.802,1378.194,77.802,77.802,1,1,
637,1790095365222941184,63.7,23,15,2576,1440,41.24,111.519,125.677,30.916,2,43.6,129.392,168.95,43.309,2,1.7889,15,1433.997,1413.009,1478.667,60.541,77.927,1371.17,77.927,77.927,1,1,
638,1790095365322941184,63.8,22,16,2464,1536,46.224,111.519,125.677,31.172,2,41.731,129.606,168.95,46.343,3,1.6042,16,1441.022,1369.874,1481.393,60.541,78.141,1378.194,78.141,78.141,1,1,
639,1790095365422941184,63.9,23,14,2576,1344,43.35,103.372,125.677,31.486,2,45.469,129.606,168.95,52.894,3,1.9167,14,1433.443,1369.874,1481.393,52.395,78.141,1370.616,78.141,78.141,1,1,
640,1790095365522941184,64.0,19,14,2128,1344,43.35,103.372,125.677,33.872,2,45.469,129.606,168.95,52.599,3,1.5833,14,1429.89,1369.874,1481.393,52.395,78.141,1367.063,78.141,78.141,1,1,
641,1790095365622941184,64.1,18,14,2016,1344,40.476,92.958,121.443,30.852,2,45.469,129.606,168.95,49.642,3,1.5,14,1426.802,1369.874,1481.393,41.98,78.141,1363.974,78.141,78.141,1,1,
642,1790095365722941184,64.2,15,13,1680,1248,46.458,103.372,121.443,33.378,2,43.279,129.606,168.95,46.785,3,1.3462,13,1426.712,1369.874,1481.393,52.395,78.141,1363.885,78.141,78.141,1,1,
643,1790095365822941184,64.3,15,13,1680,1248,46.458,121.443,393.464,55.699,2,43.279,129.606,168.95,46.785,3,1.3462,13,1426.712,1369.874,1481.393,70.466,78.141,1363.885,78.141,78.141,1,1,
644,1790095365922941184,64.4,12,10,1344,960,40.476,121.443,393.464,62.834,2,45.469,129.606,168.95,52.12,3,1.4,10,1426.05,1369.874,1481.393,70.466,78.141,1363.222,78.141,78.141,1,1,
645,1790095366022941184,64.5,10,8,1120,768,52.441,121.443,393.464,69.09,2,86.314,129.606,168.95,60.55,3,1.4583,8,1424.395,1369.874,1481.393,70.466,78.141,1361.567,78.141,78.141,1,1,
646,1790095366122941184,64.6,8,7,896,672,52.441,103.372,393.464,77.263,2,43.193,125.434,129.606,56.869,3,1.3333,7,1423.403,1369.874,1481.393,52.395,73.969,1360.575,73.969,73.969,1,1,
647,1790095366222941184,64.7,5,6,560,576,77.907,393.464,393.464,111.096,2,0.073,125.434,125.434,42.337,3,0.9722,6,1424.395,1369.874,1481.393,342.487,73.969,1361.567,342.487,342.487,1,1,
648,1790095366322941184,64.8,3,6,336,576,196.738,393.464,393.464,196.726,2,0.073,125.434,125.434,42.337,3,0.5833,6,1424.395,1369.874,1481.393,342.487,73.969,1361.567,342.487,342.487,1,1,
649,1790095366422941184,64.9,1,3,112,288,,,,,0,43.159,86.314,86.314,43.155,2,0.3889,3,1423.403,1401.023,1425.387,,34.849,1360.575,34.849,34.849,1,1,
650,1790095366522941184,65.0,1,2,112,192,,,,,0,0.003,0.003,0.003,0.0,2,0.5833,2,1412.213,1401.023,1423.403,,-51.462,1349.386,-51.462,-51.462,1,0,
651,1790095366622941184,65.1,1,0,112,0,,,,,0,,,,,0,,0,,,,,,,,,1,0,
652,1790095366722941184,65.2,1,0,112,0,,,,,0,,,,,0,,0,,,,,,,,,1,0,
653,1790095366822941184,65.3,0,0,0,0,,,,,0,,,,,0,,0,,,,,,,,,1,0,
654,1790095366922941184,65.4,0,0,0,0,,,,,0,,,,,0,,0,,,,,,,,,1,0,
655,1790095367022941184,65.5,0,0,0,0,,,,,0,,,,,0,,0,,,,,,,,,1,0,
656,1790095367122941184,65.6,0,0,0,0,,,,,0,,,,,0,,0,,,,,,,,,1,0,
657,1790095367222941184,65.7,0,0,0,0,,,,,0,,,,,0,,0,,,,,,,,,1,0,
658,1790095367322941184,65.8,0,0,0,0,,,,,0,,,,,0,,0,,,,,,,,,1,0,
659,1790095367422941184,65.9,0,0,0,0,,,,,0,,,,,0,,0,,,,,,,,,1,0,
660,1790095367522941184,66.0,0,0,0,0,,,,,0,,,,,0,,0,,,,,,,,,1,0,
661,1790095367622941184,66.1,0,0,0,0,,,,,0,,,,,0,,0,,,,,,,,,1,0,
662,1790095367722941184,66.2,0,0,0,0,,,,,0,,,,,0,,0,,,,,,,,,1,0,
663,1790095367822941184,66.3,0,0,0,0,,,,,0,,,,,0,,0,,,,,,,,,1,0,
664,1790095367922941184,66.4,0,0,0,0,,,,,0,,,,,0,,0,,,,,,,,,1,0,
665,1790095368022941184,66.5,0,0,0,0,,,,,0,,,,,0,,0,,,,,,,,,1,0,
666,1790095368122941184,66.6,0,0,0,0,,,,,0,,,,,0,,0,,,,,,,,,1,0,
667,1790095368222941184,66.7,0,0,0,0,,,,,0,,,,,0,,0,,,,,,,,,1,0,
668,1790095368322941184,66.8,0,0,0,0,,,,,0,,,,,0,,0,,,,,,,,,1,0,
669,1790095368422941184,66.9,0,0,0,0,,,,,0,,,,,0,,0,,,,,,,,,1,0,
670,1790095368522941184,67.0,0,0,0,0,,,,,0,,,,,0,,0,,,,,,,,,1,0,
671,1790095368622941184,67.1,0,0,0,0,,,,,0,,,,,0,,0,,,,,,,,,1,0,
672,1790095368722941184,67.2,0,0,0,0,,,,,0,,,,,0,,0,,,,,,,,,1,0,
673,1790095368822941184,67.3,0,0,0,0,,,,,0,,,,,0,,0,,,,,,,,,1,0,
674,1790095368922941184,67.4,0,0,0,0,,,,,0,,,,,0,,0,,,,,,,,,1,0,
675,1790095369022941184,67.5,0,0,0,0,,,,,0,,,,,0,,0,,,,,,,,,1,0,
676,1790095369122941184,67.6,0,0,0,0,,,,,0,,,,,0,,0,,,,,,,,,1,0,
677,1790095369222941184,67.7,0,0,0,0,,,,,0,,,,,0,,0,,,,,,,,,1,0,
678,1790095369322941184,67.8,0,0,0,0,,,,,0,,,,,0,,0,,,,,,,,,1,0,
679,1790095369422941184,67.9,0,0,0,0,,,,,0,,,,,0,,0,,,,,,,,,1,0,
680,1790095369522941184,68.0,0,0,0,0,,,,,0,,,,,0,,0,,,,,,,,,1,0,
681,1790095369622941184,68.1,0,0,0,0,,,,,0,,,,,0,,0,,,,,,,,,1,0,
682,1790095369722941184,68.2,0,0,0,0,,,,,0,,,,,0,,0,,,,,,,,,1,0,
683,1790095369822941184,68.3,0,0,0,0,,,,,0,,,,,0,,0,,,,,,,,,1,0,
684,1790095369922941184,68.4,0,0,0,0,,,,,0,,,,,0,,0,,,,,,,,,1,0,
685,1790095370022941184,68.5,0,0,0,0,,,,,0,,,,,0,,0,,,,,,,,,1,0,
686,1790095370122941184,68.6,0,0,0,0,,,,,0,,,,,0,,0,,,,,,,,,1,0,
687,1790095370222941184,68.7,0,0,0,0,,,,,0,,,,,0,,0,,,,,,,,,1,0,
688,1790095370322941184,68.8,0,0,0,0,,,,,0,,,,,0,,0,,,,,,,,,1,0,
689,1790095370422941184,68.9,0,0,0,0,,,,,0,,,,,0,,0,,,,,,,,,1,0,
690,1790095370522941184,69.0,0,0,0,0,,,,,0,,,,,0,,0,,,,,,,,,1,0,
691,1790095370622941184,69.1,0,0,0,0,,,,,0,,,,,0,,0,,,,,,,,,1,0,
692,1790095370722941184,69.2,0,0,0,0,,,,,0,,,,,0,,0,,,,,,,,,1,0,
693,1790095370822941184,69.3,0,0,0,0,,,,,0,,,,,0,,0,,,,,,,,,1,0,
694,1790095370922941184,69.4,0,0,0,0,,,,,0,,,,,0,,0,,,,,,,,,1,0,
695,1790095371022941184,69.5,0,0,0,0,,,,,0,,,,,0,,0,,,,,,,,,1,0,
696,1790095371122941184,69.6,0,0,0,0,,,,,0,,,,,0,,0,,,,,,,,,1,0,
697,1790095371222941184,69.7,0,0,0,0,,,,,0,,,,,0,,0,,,,,,,,,1,0,
698,1790095371322941184,69.8,0,0,0,0,,,,,0,,,,,0,,0,,,,,,,,,1,0,
699,1790095371422941184,69.9,0,0,0,0,,,,,0,,,,,0,,0,,,,,,,,,1,0,
700,1790095371522941184,70.0,0,0,0,0,,,,,0,,,,,0,,0,,,,,,,,,1,0,
701,1790095371622941184,70.1,0,0,0,0,,,,,0,,,,,0,,0,,,,,,,,,1,0,
702,1790095371722941184,70.2,0,0,0,0,,,,,0,,,,,0,,0,,,,,,,,,1,0,
703,1790095371822941184,70.3,0,0,0,0,,,,,0,,,,,0,,0,,,,,,,,,1,0,
704,1790095371922941184,70.4,0,0,0,0,,,,,0,,,,,0,,0,,,,,,,,,1,0,
705,1790095372022941184,70.5,0,0,0,0,,,,,0,,,,,0,,0,,,,,,,,,1,0,
706,1790095372122941184,70.6,0,0,0,0,,,,,0,,,,,0,,0,,,,,,,,,1,0,
707,1790095372222941184,70.7,0,0,0,0,,,,,0,,,,,0,,0,,,,,,,,,1,0,
708,1790095372322941184,70.8,0,0,0,0,,,,,0,,,,,0,,0,,,,,,,,,1,0,
709,1790095372422941184,70.9,0,0,0,0,,,,,0,,,,,0,,0,,,,,,,,,1,0,
710,1790095372522941184,71.0,0,0,0,0,,,,,0,,,,,0,,0,,,,,,,,,1,0,
711,1790095372622941184,71.1,0,0,0,0,,,,,0,,,,,0,,0,,,,,,,,,1,0,
712,1790095372722941184,71.2,0,0,0,0,,,,,0,,,,,0,,0,,,,,,,,,1,0,
713,1790095372822941184,71.3,0,0,0,0,,,,,0,,,,,0,,0,,,,,,,,,1,0,
714,1790095372922941184,71.4,0,0,0,0,,,,,0,,,,,0,,0,,,,,,,,,1,0,
715,1790095373022941184,71.5,0,0,0,0,,,,,0,,,,,0,,0,,,,,,,,,1,0,
716,1790095373122941184,71.6,0,0,0,0,,,,,0,,,,,0,,0,,,,,,,,,1,0,
717,1790095373222941184,71.7,0,0,0,0,,,,,0,,,,,0,,0,,,,,,,,,1,0,
718,1790095373322941184,71.8,0,0,0,0,,,,,0,,,,,0,,0,,,,,,,,,1,0,
719,1790095373422941184,71.9,0,0,0,0,,,,,0,,,,,0,,0,,,,,,,,,1,0,
720,1790095373522941184,72.0,0,0,0,0,,,,,0,,,,,0,,0,,,,,,,,,1,0,
721,1790095373622941184,72.1,0,0,0,0,,,,,0,,,,,0,,0,,,,,,,,,1,0,
722,1790095373722941184,72.2,0,0,0,0,,,,,0,,,,,0,,0,,,,,,,,,1,0,
723,1790095373822941184,72.3,0,0,0,0,,,,,0,,,,,0,,0,,,,,,,,,1,0,
724,1790095373922941184,72.4,0,0,0,0,,,,,0,,,,,0,,0,,,,,,,,,1,0,
725,1790095374022941184,72.5,0,0,0,0,,,,,0,,,,,0,,0,,,,,,,,,1,0,
726,1790095374122941184,72.6,0,0,0,0,,,,,0,,,,,0,,0,,,,,,,,,1,0,
727,1790095374222941184,72.7,0,0,0,0,,,,,0,,,,,0,,0,,,,,,,,,1,0,
728,1790095374322941184,72.8,0,0,0,0,,,,,0,,,,,0,,0,,,,,,,,,1,0,
729,1790095374422941184,72.9,0,0,0,0,,,,,0,,,,,0,,0,,,,,,,,,1,0,
730,1790095374522941184,73.0,0,0,0,0,,,,,0,,,,,0,,0,,,,,,,,,1,0,
731,1790095374622941184,73.1,0,0,0,0,,,,,0,,,,,0,,0,,,,,,,,,1,0,
732,1790095374722941184,73.2,0,0,0,0,,,,,0,,,,,0,,0,,,,,,,,,1,0,
733,1790095374822941184,73.3,0,0,0,0,,,,,0,,,,,0,,0,,,,,,,,,1,0,
734,1790095374922941184,73.4,0,0,0,0,,,,,0,,,,,0,,0,,,,,,,,,1,0,
735,1790095375022941184,73.5,0,0,0,0,,,,,0,,,,,0,,0,,,,,,,,,1,0,
736,1790095375122941184,73.6,0,0,0,0,,,,,0,,,,,0,,0,,,,,,,,,1,0,
737,1790095375222941184,73.7,0,0,0,0,,,,,0,,,,,0,,0,,,,,,,,,1,0,
738,1790095375322941184,73.8,0,0,0,0,,,,,0,,,,,0,,0,,,,,,,,,1,0,
739,1790095375422941184,73.9,0,0,0,0,,,,,0,,,,,0,,0,,,,,,,,,1,0,
740,1790095375522941184,74.0,0,0,0,0,,,,,0,,,,,0,,0,,,,,,,,,1,0,
741,1790095375622941184,74.1,0,0,0,0,,,,,0,,,,,0,,0,,,,,,,,,1,0,
742,1790095375722941184,74.2,0,0,0,0,,,,,0,,,,,0,,0,,,,,,,,,1,0,
743,1790095375822941184,74.3,1,0,32,0,,,,,0,,,,,0,,0,,,,,,,,,1,0,
744,1790095375922941184,74.4,1,0,32,0,,,,,0,,,,,0,,0,,,,,,,,,1,0,
745,1790095376022941184,74.5,1,1,32,32,,,,,0,,,,,0,1.0,0,,,,,,,,,1,0,
746,1790095376122941184,74.6,1,1,32,32,,,,,0,,,,,0,1.0,0,,,,,,,,,1,0,
747,1790095376222941184,74.7,1,1,32,32,,,,,0,,,,,0,1.0,0,,,,,,,,,1,0,
748,1790095376322941184,74.8,1,1,32,32,,,,,0,,,,,0,1.0,0,,,,,,,,,1,0,
749,1790095376422941184,74.9,1,1,32,32,,,,,0,,,,,0,1.0,0,,,,,,,,,1,0,
750,1790095376522941184,75.0,1,1,32,32,,,,,0,,,,,0,1.0,0,,,,,,,,,1,0,
751,1790095376622941184,75.1,1,1,32,32,,,,,0,,,,,0,1.0,0,,,,,,,,,1,0,
752,1790095376722941184,75.2,1,1,32,32,,,,,0,,,,,0,1.0,0,,,,,,,,,1,0,
753,1790095376822941184,75.3,0,1,0,32,,,,,0,,,,,0,0.0,0,,,,,,,,,1,0,
754,1790095376922941184,75.4,0,1,0,32,,,,,0,,,,,0,0.0,0,,,,,,,,,1,0,
755,1790095377022941184,75.5,0,0,0,0,,,,,0,,,,,0,,0,,,,,,,,,1,0,
756,1790095377122941184,75.6,0,0,0,0,,,,,0,,,,,0,,0,,,,,,,,,1,0,
757,1790095377222941184,75.7,0,0,0,0,,,,,0,,,,,0,,0,,,,,,,,,1,0,
758,1790095377322941184,75.8,0,0,0,0,,,,,0,,,,,0,,0,,,,,,,,,1,0,
759,1790095377422941184,75.9,0,0,0,0,,,,,0,,,,,0,,0,,,,,,,,,1,0,
760,1790095377522941184,76.0,0,0,0,0,,,,,0,,,,,0,,0,,,,,,,,,1,0,
761,1790095377622941184,76.1,0,0,0,0,,,,,0,,,,,0,,0,,,,,,,,,1,0,
762,1790095377722941184,76.2,0,0,0,0,,,,,0,,,,,0,,0,,,,,,,,,1,0,
763,1790095377822941184,76.3,0,0,0,0,,,,,0,,,,,0,,0,,,,,,,,,1,0,
764,1790095377922941184,76.4,0,0,0,0,,,,,0,,,,,0,,0,,,,,,,,,1,0,
765,1790095378022941184,76.5,0,0,0,0,,,,,0,,,,,0,,0,,,,,,,,,1,0,
766,1790095378122941184,76.6,0,0,0,0,,,,,0,,,,,0,,0,,,,,,,,,1,0,
767,1790095378222941184,76.7,0,0,0,0,,,,,0,,,,,0,,0,,,,,,,,,1,0,
768,1790095378322941184,76.8,0,0,0,0,,,,,0,,,,,0,,0,,,,,,,,,1,0,
769,1790095378422941184,76.9,0,0,0,0,,,,,0,,,,,0,,0,,,,,,,,,1,0,
770,1790095378522941184,77.0,0,0,0,0,,,,,0,,,,,0,,0,,,,,,,,,1,0,
771,1790095378622941184,77.1,0,0,0,0,,,,,0,,,,,0,,0,,,,,,,,,1,0,
772,1790095378722941184,77.2,0,0,0,0,,,,,0,,,,,0,,0,,,,,,,,,1,0,
773,1790095378822941184,77.3,0,0,0,0,,,,,0,,,,,0,,0,,,,,,,,,1,0,
774,1790095378922941184,77.4,0,0,0,0,,,,,0,,,,,0,,0,,,,,,,,,1,0,
775,1790095379022941184,77.5,0,0,0,0,,,,,0,,,,,0,,0,,,,,,,,,1,0,
776,1790095379122941184,77.6,0,0,0,0,,,,,0,,,,,0,,0,,,,,,,,,1,0,
777,1790095379222941184,77.7,0,0,0,0,,,,,0,,,,,0,,0,,,,,,,,,1,0,
778,1790095379322941184,77.8,0,0,0,0,,,,,0,,,,,0,,0,,,,,,,,,1,0,
779,1790095379422941184,77.9,0,0,0,0,,,,,0,,,,,0,,0,,,,,,,,,1,0,
780,1790095379522941184,78.0,0,0,0,0,,,,,0,,,,,0,,0,,,,,,,,,1,0,
781,1790095379622941184,78.1,0,0,0,0,,,,,0,,,,,0,,0,,,,,,,,,1,0,
782,1790095379722941184,78.2,0,0,0,0,,,,,0,,,,,0,,0,,,,,,,,,1,0,
783,1790095379822941184,78.3,0,0,0,0,,,,,0,,,,,0,,0,,,,,,,,,1,0,
784,1790095379922941184,78.4,0,0,0,0,,,,,0,,,,,0,,0,,,,,,,,,1,0,
785,1790095380022941184,78.5,0,0,0,0,,,,,0,,,,,0,,0,,,,,,,,,1,0,
786,1790095380122941184,78.6,0,0,0,0,,,,,0,,,,,0,,0,,,,,,,,,1,0,
787,1790095380222941184,78.7,0,0,0,0,,,,,0,,,,,0,,0,,,,,,,,,1,0,
788,1790095380322941184,78.8,0,0,0,0,,,,,0,,,,,0,,0,,,,,,,,,1,0,
789,1790095380422941184,78.9,0,0,0,0,,,,,0,,,,,0,,0,,,,,,,,,1,0,
790,1790095380522941184,79.0,0,0,0,0,,,,,0,,,,,0,,0,,,,,,,,,1,0,
791,1790095380622941184,79.1,0,0,0,0,,,,,0,,,,,0,,0,,,,,,,,,1,0,
792,1790095380722941184,79.2,0,0,0,0,,,,,0,,,,,0,,0,,,,,,,,,1,0,
793,1790095380822941184,79.3,0,0,0,0,,,,,0,,,,,0,,0,,,,,,,,,1,0,
794,1790095380922941184,79.4,0,0,0,0,,,,,0,,,,,0,,0,,,,,,,,,1,0,
795,1790095381022941184,79.5,0,0,0,0,,,,,0,,,,,0,,0,,,,,,,,,1,0,
796,1790095381122941184,79.6,0,0,0,0,,,,,0,,,,,0,,0,,,,,,,,,1,0,
797,1790095381222941184,79.7,0,0,0,0,,,,,0,,,,,0,,0,,,,,,,,,1,0,
798,1790095381322941184,79.8,0,0,0,0,,,,,0,,,,,0,,0,,,,,,,,,1,0,
799,1790095381422941184,79.9,0,0,0,0,,,,,0,,,,,0,,0,,,,,,,,,1,0,
800,1790095381522941184,80.0,0,0,0,0,,,,,0,,,,,0,,0,,,,,,,,,1,0,
801,1790095381622941184,80.1,0,0,0,0,,,,,0,,,,,0,,0,,,,,,,,,1,0,
802,1790095381722941184,80.2,0,0,0,0,,,,,0,,,,,0,,0,,,,,,,,,1,0,
803,1790095381822941184,80.3,0,0,0,0,,,,,0,,,,,0,,0,,,,,,,,,1,0,
804,1790095381922941184,80.4,0,0,0,0,,,,,0,,,,,0,,0,,,,,,,,,1,0,
805,1790095382022941184,80.5,0,0,0,0,,,,,0,,,,,0,,0,,,,,,,,,1,0,
806,1790095382122941184,80.6,0,0,0,0,,,,,0,,,,,0,,0,,,,,,,,,1,0,
807,1790095382222941184,80.7,0,0,0,0,,,,,0,,,,,0,,0,,,,,,,,,1,0,
808,1790095382322941184,80.8,0,0,0,0,,,,,0,,,,,0,,0,,,,,,,,,1,0,
809,1790095382422941184,80.9,0,0,0,0,,,,,0,,,,,0,,0,,,,,,,,,1,0,
810,1790095382522941184,81.0,0,0,0,0,,,,,0,,,,,0,,0,,,,,,,,,1,0,
811,1790095382622941184,81.1,0,0,0,0,,,,,0,,,,,0,,0,,,,,,,,,1,0,
812,1790095382722941184,81.2,0,0,0,0,,,,,0,,,,,0,,0,,,,,,,,,1,0,
813,1790095382822941184,81.3,0,0,0,0,,,,,0,,,,,0,,0,,,,,,,,,1,0,
814,1790095382922941184,81.4,0,0,0,0,,,,,0,,,,,0,,0,,,,,,,,,1,0,
815,1790095383022941184,81.5,0,0,0,0,,,,,0,,,,,0,,0,,,,,,,,,1,0,
816,1790095383122941184,81.6,0,0,0,0,,,,,0,,,,,0,,0,,,,,,,,,1,0,
817,1790095383222941184,81.7,0,0,0,0,,,,,0,,,,,0,,0,,,,,,,,,1,0,
818,1790095383322941184,81.8,0,0,0,0,,,,,0,,,,,0,,0,,,,,,,,,1,0,
819,1790095383422941184,81.9,0,0,0,0,,,,,0,,,,,0,,0,,,,,,,,,1,0,
820,1790095383522941184,82.0,0,0,0,0,,,,,0,,,,,0,,0,,,,,,,,,1,0,
821,1790095383622941184,82.1,0,0,0,0,,,,,0,,,,,0,,0,,,,,,,,,1,0,
822,1790095383722941184,82.2,0,0,0,0,,,,,0,,,,,0,,0,,,,,,,,,1,0,
823,1790095383822941184,82.3,0,0,0,0,,,,,0,,,,,0,,0,,,,,,,,,1,0,
824,1790095383922941184,82.4,0,0,0,0,,,,,0,,,,,0,,0,,,,,,,,,1,0,
825,1790095384022941184,82.5,0,0,0,0,,,,,0,,,,,0,,0,,,,,,,,,1,0,
826,1790095384122941184,82.6,0,0,0,0,,,,,0,,,,,0,,0,,,,,,,,,1,0,
827,1790095384222941184,82.7,0,0,0,0,,,,,0,,,,,0,,0,,,,,,,,,1,0,
828,1790095384322941184,82.8,0,0,0,0,,,,,0,,,,,0,,0,,,,,,,,,1,0,
829,1790095384422941184,82.9,0,0,0,0,,,,,0,,,,,0,,0,,,,,,,,,1,0,
830,1790095384522941184,83.0,0,0,0,0,,,,,0,,,,,0,,0,,,,,,,,,1,0,
831,1790095384622941184,83.1,0,0,0,0,,,,,0,,,,,0,,0,,,,,,,,,1,0,
832,1790095384722941184,83.2,0,0,0,0,,,,,0,,,,,0,,0,,,,,,,,,1,0,
833,1790095384822941184,83.3,0,0,0,0,,,,,0,,,,,0,,0,,,,,,,,,1,0,
834,1790095384922941184,83.4,0,0,0,0,,,,,0,,,,,0,,0,,,,,,,,,1,0,
835,1790095385022941184,83.5,0,0,0,0,,,,,0,,,,,0,,0,,,,,,,,,1,0,
836,1790095385122941184,83.6,0,0,0,0,,,,,0,,,,,0,,0,,,,,,,,,1,0,
837,1790095385222941184,83.7,0,0,0,0,,,,,0,,,,,0,,0,,,,,,,,,1,0,
838,1790095385322941184,83.8,0,0,0,0,,,,,0,,,,,0,,0,,,,,,,,,1,0,
839,1790095385422941184,83.9,0,0,0,0,,,,,0,,,,,0,,0,,,,,,,,,1,0,
840,1790095385522941184,84.0,0,0,0,0,,,,,0,,,,,0,,0,,,,,,,,,1,0,
841,1790095385622941184,84.1,0,0,0,0,,,,,0,,,,,0,,0,,,,,,,,,1,0,
842,1790095385722941184,84.2,0,0,0,0,,,,,0,,,,,0,,0,,,,,,,,,1,0,
843,1790095385822941184,84.3,0,0,0,0,,,,,0,,,,,0,,0,,,,,,,,,1,0,
844,1790095385922941184,84.4,0,0,0,0,,,,,0,,,,,0,,0,,,,,,,,,1,0,
845,1790095386022941184,84.5,0,0,0,0,,,,,0,,,,,0,,0,,,,,,,,,1,0,
846,1790095386122941184,84.6,0,0,0,0,,,,,0,,,,,0,,0,,,,,,,,,1,0,
847,1790095386222941184,84.7,0,0,0,0,,,,,0,,,,,0,,0,,,,,,,,,1,0,
848,1790095386322941184,84.8,0,0,0,0,,,,,0,,,,,0,,0,,,,,,,,,1,0,
849,1790095386422941184,84.9,0,0,0,0,,,,,0,,,,,0,,0,,,,,,,,,1,0,
850,1790095386522941184,85.0,0,0,0,0,,,,,0,,,,,0,,0,,,,,,,,,1,0,
851,1790095386622941184,85.1,0,0,0,0,,,,,0,,,,,0,,0,,,,,,,,,1,0,
852,1790095386722941184,85.2,0,0,0,0,,,,,0,,,,,0,,0,,,,,,,,,1,0,
853,1790095386822941184,85.3,0,0,0,0,,,,,0,,,,,0,,0,,,,,,,,,1,0,
854,1790095386922941184,85.4,0,0,0,0,,,,,0,,,,,0,,0,,,,,,,,,1,0,
855,1790095387022941184,85.5,0,0,0,0,,,,,0,,,,,0,,0,,,,,,,,,1,0,
856,1790095387122941184,85.6,0,0,0,0,,,,,0,,,,,0,,0,,,,,,,,,1,0,
857,1790095387222941184,85.7,0,0,0,0,,,,,0,,,,,0,,0,,,,,,,,,1,0,
858,1790095387322941184,85.8,0,0,0,0,,,,,0,,,,,0,,0,,,,,,,,,1,0,
859,1790095387422941184,85.9,0,0,0,0,,,,,0,,,,,0,,0,,,,,,,,,1,0,
860,1790095387522941184,86.0,0,0,0,0,,,,,0,,,,,0,,0,,,,,,,,,1,0,
861,1790095387622941184,86.1,0,0,0,0,,,,,0,,,,,0,,0,,,,,,,,,1,0,
862,1790095387722941184,86.2,0,0,0,0,,,,,0,,,,,0,,0,,,,,,,,,1,0,
863,1790095387822941184,86.3,0,0,0,0,,,,,0,,,,,0,,0,,,,,,,,,1,0,
864,1790095387922941184,86.4,0,0,0,0,,,,,0,,,,,0,,0,,,,,,,,,1,0,
865,1790095388022941184,86.5,0,0,0,0,,,,,0,,,,,0,,0,,,,,,,,,1,0,
866,1790095388122941184,86.6,0,0,0,0,,,,,0,,,,,0,,0,,,,,,,,,1,0,
867,1790095388222941184,86.7,0,0,0,0,,,,,0,,,,,0,,0,,,,,,,,,1,0,
868,1790095388322941184,86.8,0,0,0,0,,,,,0,,,,,0,,0,,,,,,,,,1,0,
869,1790095388422941184,86.9,0,0,0,0,,,,,0,,,,,0,,0,,,,,,,,,1,0,
870,1790095388522941184,87.0,0,0,0,0,,,,,0,,,,,0,,0,,,,,,,,,1,0,
871,1790095388622941184,87.1,0,0,0,0,,,,,0,,,,,0,,0,,,,,,,,,1,0,
872,1790095388722941184,87.2,0,0,0,0,,,,,0,,,,,0,,0,,,,,,,,,1,0,
873,1790095388822941184,87.3,0,0,0,0,,,,,0,,,,,0,,0,,,,,,,,,1,0,
874,1790095388922941184,87.4,0,0,0,0,,,,,0,,,,,0,,0,,,,,,,,,1,0,
875,1790095389022941184,87.5,0,0,0,0,,,,,0,,,,,0,,0,,,,,,,,,1,0,
876,1790095389122941184,87.6,0,0,0,0,,,,,0,,,,,0,,0,,,,,,,,,1,0,
877,1790095389222941184,87.7,0,0,0,0,,,,,0,,,,,0,,0,,,,,,,,,1,0,
878,1790095389322941184,87.8,0,0,0,0,,,,,0,,,,,0,,0,,,,,,,,,1,0,
879,1790095389422941184,87.9,0,0,0,0,,,,,0,,,,,0,,0,,,,,,,,,1,0,
880,1790095389522941184,88.0,0,0,0,0,,,,,0,,,,,0,,0,,,,,,,,,1,0,
881,1790095389622941184,88.1,0,0,0,0,,,,,0,,,,,0,,0,,,,,,,,,1,0,
882,1790095389722941184,88.2,0,0,0,0,,,,,0,,,,,0,,0,,,,,,,,,1,0,
883,1790095389822941184,88.3,0,0,0,0,,,,,0,,,,,0,,0,,,,,,,,,1,0,
884,1790095389922941184,88.4,0,0,0,0,,,,,0,,,,,0,,0,,,,,,,,,1,0,
