step,t_ns,elapsed_s,n_up,n_down,bytes_up,bytes_down,iat_med_up_ms,iat_p90_up_ms,iat_max_up_ms,iat_mad_up_ms,burst_up,iat_med_down_ms,iat_p90_down_ms,iat_max_down_ms,iat_mad_down_ms,burst_down,updown_ratio,pair_n,pair_med_ms,pair_min_ms,pair_max_ms,q_up_ms,q_down_ms,q_pair_ms,q_hat_ms,q_min_ms,baseline_done,degraded,t_det_meta_ns
1,1790096903127496192,0.1,3,1,288,96,49.951,50.053,50.053,0.102,1,,,,,0,3.0,1,103.595,103.595,103.595,,,,,,0,0,
2,1790096903227496192,0.2,5,3,480,288,50.052,50.054,50.054,0.052,1,49.557,49.925,49.925,0.368,1,1.6667,3,102.935,102.807,103.595,,,,,,0,0,
3,1790096903327496192,0.3,7,4,672,384,50.051,50.053,50.054,0.035,1,49.925,50.021,50.021,0.277,1,1.75,4,102.871,102.777,103.595,,,,,,0,0,
4,1790096903427496192,0.4,9,6,864,576,50.051,50.053,50.054,0.026,1,49.959,50.253,50.253,0.232,1,1.5,6,102.91,102.777,103.595,,,,,,0,0,
5,1790096903527496192,0.5,11,8,1056,768,50.051,50.054,51.079,0.257,1,50.021,50.109,50.253,0.196,1,1.375,8,102.94,102.777,103.595,,,,,,0,0,
6,1790096903627496192,0.6,13,10,1248,960,50.051,50.054,51.079,0.215,1,50.021,50.253,51.244,0.305,1,1.3,10,102.94,102.777,103.595,,,,,,0,0,
7,1790096903727496192,0.7,15,12,1440,1152,50.05,50.054,51.079,0.184,1,49.959,50.253,51.244,0.37,1,1.25,12,102.94,102.777,103.595,,,,,,0,0,
8,1790096903827496192,0.8,17,14,1648,1344,50.05,50.054,51.079,0.161,1,50.021,50.253,51.244,0.331,1,1.2262,14,102.94,102.777,103.595,,,,,,0,0,
9,1790096903927496192,0.9,19,16,1872,1536,50.05,50.059,51.079,0.146,1,50.021,50.253,51.244,0.296,1,1.2188,16,102.94,102.777,103.595,,,,,,0,0,
10,1790096904027496192,1.0,19,17,1872,1632,50.05,50.059,51.079,0.146,1,50.036,50.253,51.244,0.279,1,1.1471,17,102.945,102.777,103.595,,,,,,0,0,
11,1790096904127496192,1.1,20,20,2032,1920,50.05,50.059,51.079,0.128,1,50.021,50.124,51.244,0.247,1,1.0583,20,102.913,102.777,103.595,,,,,,0,0,
12,1790096904227496192,1.2,21,20,2160,1920,50.05,50.083,51.108,0.192,1,50.051,50.253,51.244,0.244,1,1.125,20,102.889,102.645,103.163,,,,,,0,0,
13,1790096904327496192,1.3,21,20,2192,1920,50.05,50.083,51.108,0.198,1,50.081,50.426,51.244,0.279,1,1.1417,20,102.918,102.519,103.163,,,,,,0,0,
14,1790096904427496192,1.4,21,20,2224,1920,50.05,50.083,51.108,0.198,1,50.051,50.426,51.244,0.282,1,1.1583,20,102.889,102.519,103.163,,,,,,0,0,
15,1790096904527496192,1.5,21,20,2256,1920,50.05,50.059,51.108,0.085,1,50.051,50.426,51.244,0.291,1,1.175,20,102.881,102.519,103.163,,,,,,0,0,
16,1790096904627496192,1.6,21,20,2288,1920,50.05,50.083,51.108,0.116,1,50.051,50.426,50.649,0.214,1,1.1917,20,102.881,102.519,103.163,,,,,,0,0,
17,1790096904727496192,1.7,21,20,2320,1920,50.048,50.083,51.108,0.133,1,50.113,50.426,50.649,0.225,1,1.2083,20,102.858,102.519,103.163,,,,,,0,0,
18,1790096904827496192,1.8,21,20,2352,1920,50.05,50.379,51.108,0.15,1,50.059,50.426,50.649,0.271,1,1.225,20,102.779,101.767,103.163,,,,,,0,0,
19,1790096904927496192,1.9,21,20,2352,1920,50.048,50.379,51.108,0.157,1,50.113,50.483,50.77,0.319,1,1.225,20,102.779,101.767,103.163,,,,,,0,0,
20,1790096905027496192,2.0,21,20,2352,1920,50.047,50.379,51.108,0.16,1,50.128,50.483,50.77,0.343,1,1.225,20,102.77,101.767,103.163,,,,,,0,0,
21,1790096905127496192,2.1,21,20,2352,1920,50.047,50.379,51.108,0.175,1,50.128,50.483,50.77,0.331,1,1.225,20,102.702,101.767,103.163,,,,,,0,0,
22,1790096905227496192,2.2,21,20,2352,1920,50.048,50.19,50.49,0.111,1,50.059,50.483,50.77,0.298,1,1.225,20,102.702,101.767,103.022,,,,,,0,0,
23,1790096905327496192,2.3,21,20,2352,1920,50.049,50.19,50.49,0.106,1,50.024,50.377,50.77,0.312,1,1.225,20,102.659,101.767,103.022,,,,,,0,0,
24,1790096905427496192,2.4,21,21,2352,2016,50.049,50.19,50.49,0.105,1,50.041,50.483,51.037,0.354,1,1.1667,21,102.696,101.767,103.022,,,,,,0,0,
25,1790096905527496192,2.5,21,20,2352,1920,50.049,50.379,51.533,0.174,1,50.025,50.377,51.037,0.334,1,1.225,20,102.72,101.767,103.022,,,,,,0,0,
26,1790096905627496192,2.6,21,20,2352,1920,50.049,50.19,51.533,0.238,1,50.041,50.377,51.037,0.301,1,1.225,20,102.758,101.767,102.971,,,,,,0,0,
27,1790096905727496192,2.7,21,20,2352,1920,50.049,50.19,51.533,0.221,1,50.041,50.77,51.453,0.416,1,1.225,20,102.784,101.767,102.971,,,,,,0,0,
28,1790096905827496192,2.8,21,20,2352,1920,50.049,50.052,51.533,0.203,1,50.025,50.377,51.453,0.387,1,1.225,20,102.801,101.789,102.971,,,,,,0,0,
29,1790096905927496192,2.9,21,21,2352,2016,50.049,50.19,51.533,0.263,1,50.017,50.242,51.453,0.394,1,1.1667,21,102.791,101.789,102.971,,,,,,0,0,
30,1790096906027496192,3.0,21,20,2352,1920,50.049,50.19,51.533,0.295,1,50.025,50.932,51.453,0.435,1,1.225,20,102.795,101.789,102.971,,,,,,0,0,
31,1790096906127496192,3.1,21,20,2352,1920,50.049,50.19,51.533,0.28,1,50.025,51.037,51.453,0.539,1,1.225,20,102.801,101.789,102.971,,,,,,0,0,
32,1790096906227496192,3.2,21,20,2352,1920,50.049,50.051,51.533,0.273,1,50.041,51.037,51.453,0.556,1,1.225,20,102.813,101.789,102.971,,,,,,0,0,
33,1790096906327496192,3.3,21,20,2352,1920,50.049,50.051,51.533,0.273,1,50.041,50.932,51.453,0.513,1,1.225,20,102.825,102.013,102.971,,,,,,0,0,
34,1790096906427496192,3.4,21,20,2352,1920,50.049,50.051,51.533,0.278,1,50.069,50.932,51.453,0.502,1,1.225,20,102.82,102.013,102.971,,,,,,0,0,
35,1790096906527496192,3.5,21,20,2352,1920,50.049,50.051,51.422,0.203,1,50.069,50.932,51.453,0.543,1,1.225,20,102.808,102.013,102.971,,,,,,0,0,
36,1790096906627496192,3.6,21,20,2352,1920,50.049,50.051,51.422,0.11,1,50.07,50.854,51.349,0.493,1,1.225,20,102.808,102.013,102.925,,,,,,0,0,
37,1790096906727496192,3.7,20,20,2240,1920,50.049,50.051,51.422,0.115,1,50.069,50.854,51.349,0.39,1,1.1667,20,102.818,102.013,102.925,,,,,,0,0,
38,1790096906827496192,3.8,21,20,2352,1920,50.049,50.051,51.422,0.126,1,50.028,50.854,51.349,0.418,1,1.225,20,102.805,102.013,102.925,,,,,,0,0,
39,1790096906927496192,3.9,21,20,2352,1920,50.049,50.051,50.353,0.071,1,50.07,50.854,51.349,0.419,1,1.225,20,102.767,102.013,102.905,,,,,,0,0,
40,1790096907027496192,4.0,21,20,2352,1920,50.049,50.051,50.353,0.038,1,50.07,50.53,50.854,0.315,1,1.225,20,102.805,102.061,102.952,,,,,,0,0,
41,1790096907127496192,4.1,21,20,2352,1920,50.049,50.051,50.353,0.053,1,50.075,50.53,50.854,0.26,1,1.225,20,102.806,102.067,102.952,,,,,,0,0,
42,1790096907227496192,4.2,21,20,2352,1920,50.049,50.051,50.353,0.061,1,50.075,50.364,50.693,0.23,1,1.225,20,102.806,102.067,102.952,,,,,,0,0,
43,1790096907327496192,4.3,21,20,2352,1920,50.049,50.051,50.353,0.061,1,50.075,50.364,50.693,0.247,1,1.225,20,102.793,102.067,102.952,,,,,,0,0,
44,1790096907427496192,4.4,21,20,2352,1920,50.049,50.21,51.232,0.184,1,50.083,50.364,50.693,0.219,1,1.225,20,102.806,102.067,102.952,,,,,,0,0,
45,1790096907527496192,4.5,21,20,2352,1920,50.049,50.21,51.232,0.186,1,50.083,50.364,51.349,0.253,1,1.225,20,102.836,102.067,103.032,,,,,,0,0,
46,1790096907627496192,4.6,21,20,2352,1920,50.049,50.21,51.232,0.186,1,50.083,50.364,51.349,0.332,1,1.225,20,102.836,102.067,103.032,,,,,,0,0,
47,1790096907727496192,4.7,21,20,2352,1920,50.049,50.21,51.232,0.225,1,50.088,50.364,51.349,0.333,1,1.225,20,102.833,102.067,103.032,,,,,,0,0,
48,1790096907827496192,4.8,21,21,2352,2016,50.049,50.21,51.232,0.355,1,50.09,50.693,51.349,0.323,1,1.1667,21,102.837,102.078,103.032,,,,,,0,0,
49,1790096907927496192,4.9,21,21,2352,2016,50.049,50.217,51.232,0.357,1,50.073,50.285,51.349,0.424,1,1.1667,21,102.839,102.619,103.032,,,,,,0,0,
50,1790096908027496192,5.0,21,21,2352,2016,50.049,51.12,52.161,0.473,1,50.09,50.285,51.349,0.405,1,1.1667,21,102.839,102.619,103.032,,,,,,0,0,
51,1790096908127496192,5.1,21,21,2352,2016,50.05,51.12,52.161,0.556,1,50.086,51.01,51.961,0.51,1,1.1667,21,102.84,102.619,103.032,,,,,,0,0,
52,1790096908227496192,5.2,21,21,2352,2016,50.05,51.12,52.161,0.599,1,50.109,51.01,51.961,0.575,1,1.1667,21,102.84,102.619,103.032,,,,,,0,0,
53,1790096908327496192,5.3,21,21,2352,2016,50.052,51.232,52.161,0.704,1,50.059,51.01,51.961,0.64,1,1.1667,21,102.84,101.541,103.032,,,,,,0,0,
54,1790096908427496192,5.4,21,20,2352,1920,50.052,51.12,52.161,0.591,1,50.055,51.349,52.433,0.795,1,1.225,20,102.838,101.541,103.032,,,,,,0,0,
55,1790096908527496192,5.5,21,20,2352,1920,50.051,51.12,52.161,0.59,1,50.109,51.038,52.433,0.706,1,1.225,20,102.834,101.541,102.98,0.885,0.497,0.007,0.885,0.885,1,0,
56,1790096908627496192,5.6,21,20,2352,1920,50.051,51.12,52.161,0.59,1,50.147,51.038,52.433,0.687,1,1.225,20,102.817,101.541,102.98,0.885,0.497,-0.011,0.885,0.885,1,0,
57,1790096908727496192,5.7,21,20,2352,1920,50.05,51.114,52.161,0.615,1,50.128,51.038,52.433,0.685,1,1.225,20,102.828,101.541,102.98,0.879,0.497,0.001,0.879,0.879,1,0,
58,1790096908827496192,5.8,21,20,2352,1920,50.05,51.114,52.161,0.485,1,50.109,51.176,52.433,0.699,1,1.225,20,102.817,101.541,102.98,0.879,0.635,-0.011,0.879,0.879,1,0,
59,1790096908927496192,5.9,21,20,2352,1920,50.05,51.114,52.161,0.477,1,50.109,51.176,52.433,0.648,1,1.225,20,102.808,101.541,102.98,0.879,0.635,-0.019,0.879,0.879,1,0,
60,1790096909027496192,6.0,19,19,2128,1824,50.05,50.49,52.149,0.398,1,50.114,51.176,52.433,0.734,1,1.1667,19,102.806,101.541,102.98,0.255,0.635,-0.021,0.635,0.635,1,0,
61,1790096909127496192,6.1,21,20,2352,1920,50.049,50.49,52.149,0.276,1,50.1,51.06,52.433,0.598,1,1.225,20,102.784,101.541,102.93,0.255,0.519,-0.043,0.519,0.519,1,0,
62,1790096909227496192,6.2,21,20,2352,1920,50.049,50.36,52.149,0.228,1,50.1,51.06,52.433,0.507,1,1.225,20,102.796,101.541,102.932,0.125,0.519,-0.031,0.519,0.519,1,0,
63,1790096909327496192,6.3,21,20,2352,1920,50.049,50.05,51.114,0.123,1,50.111,51.06,52.433,0.444,1,1.225,20,102.806,101.541,103.118,-0.185,0.519,-0.021,0.519,0.519,1,0,
64,1790096909427496192,6.4,21,20,2352,1920,50.049,50.05,51.114,0.117,1,50.1,50.361,51.176,0.318,1,1.225,20,102.806,101.681,103.118,-0.185,-0.18,-0.021,-0.18,-0.18,1,0,
65,1790096909527496192,6.5,21,20,2352,1920,50.048,50.049,51.114,0.252,1,50.087,50.361,51.176,0.321,1,1.225,20,102.806,101.681,103.118,-0.186,-0.18,-0.021,-0.18,-0.18,1,0,
66,1790096909627496192,6.6,21,20,2352,1920,50.048,50.05,51.114,0.281,1,50.057,50.361,51.176,0.336,1,1.225,20,102.817,101.681,103.118,-0.185,-0.18,-0.01,-0.18,-0.18,1,0,
67,1790096909727496192,6.7,21,21,2352,2016,50.048,50.05,52.538,0.336,1,50.049,50.361,51.176,0.47,1,1.1667,21,102.806,101.681,103.118,-0.185,-0.18,-0.021,-0.18,-0.18,1,0,
68,1790096909827496192,6.8,21,21,2352,2016,50.048,50.337,52.538,0.484,1,50.049,50.361,52.358,0.492,1,1.1667,21,102.806,101.681,103.118,0.102,-0.18,-0.021,0.102,0.102,1,0,
69,1790096909927496192,6.9,21,21,2352,2016,50.048,50.37,52.538,0.505,1,50.049,50.322,52.358,0.537,1,1.1667,21,102.838,102.524,103.118,0.135,-0.219,0.011,0.135,0.135,1,0,
70,1790096910027496192,7.0,19,19,2128,1824,50.048,50.37,52.538,0.543,1,50.001,50.322,52.358,0.593,1,1.1667,19,102.87,102.524,103.118,0.135,-0.219,0.043,0.135,0.135,1,0,
71,1790096910127496192,7.1,21,21,2352,2016,50.048,50.37,52.538,0.497,1,50.084,50.361,52.358,0.607,1,1.1667,21,102.829,102.31,103.118,0.135,-0.18,0.002,0.135,0.135,1,0,
72,1790096910227496192,7.2,21,21,2352,2016,50.048,50.37,52.538,0.517,1,50.06,50.361,52.358,0.61,1,1.1667,21,102.807,102.31,103.118,0.135,-0.18,-0.02,0.135,0.135,1,0,
73,1790096910327496192,7.3,21,21,2352,2016,50.048,50.512,52.6,0.65,1,50.06,50.471,52.358,0.589,1,1.1667,21,102.829,102.31,102.946,0.277,-0.07,0.002,0.277,0.277,1,0,
74,1790096910427496192,7.4,21,20,2352,1920,50.054,50.512,52.6,0.642,1,49.98,50.471,52.358,0.618,1,1.225,20,102.833,102.31,102.946,0.277,-0.07,0.006,0.277,0.277,1,0,
75,1790096910527496192,7.5,21,20,2352,1920,50.055,50.512,52.6,0.506,1,50.063,51.001,52.814,0.744,1,1.225,20,102.833,102.31,102.946,0.277,0.46,0.006,0.46,0.46,1,0,
76,1790096910627496192,7.6,21,20,2352,1920,50.054,50.512,52.6,0.477,1,50.063,51.001,52.814,0.593,1,1.225,20,102.828,102.31,102.946,0.277,0.46,0.001,0.46,0.46,1,0,
77,1790096910727496192,7.7,21,20,2352,1920,50.054,50.337,52.6,0.342,1,50.063,51.001,52.814,0.583,1,1.225,20,102.842,102.31,102.946,0.102,0.46,0.015,0.46,0.46,1,0,
78,1790096910827496192,7.8,21,20,2352,1920,50.053,50.318,52.6,0.195,1,50.061,50.471,52.814,0.462,1,1.225,20,102.832,102.31,102.946,0.083,-0.07,0.005,0.083,0.083,1,0,
79,1790096910927496192,7.9,21,21,2352,2016,50.052,50.171,52.6,0.235,1,50.062,50.471,52.814,0.361,1,1.1667,21,102.817,101.991,102.946,-0.064,-0.07,-0.01,-0.064,-0.064,1,0,
80,1790096911027496192,8.0,19,19,2128,1824,50.052,50.171,52.6,0.258,1,50.062,50.221,52.814,0.309,1,1.1667,19,102.817,101.991,102.946,-0.064,-0.32,-0.01,-0.064,-0.064,1,0,
81,1790096911127496192,8.1,21,20,2352,1920,50.052,50.318,53.274,0.521,1,50.027,50.221,52.814,0.389,1,1.225,20,102.812,101.818,102.946,0.083,-0.32,-0.015,0.083,0.083,1,0,
82,1790096911227496192,8.2,21,21,2352,2016,50.052,51.436,53.274,0.567,1,50.044,50.471,52.996,0.561,1,1.1667,21,102.787,101.818,102.937,1.201,-0.07,-0.04,1.201,1.201,1,0,
83,1790096911327496192,8.3,21,21,2352,2016,50.052,50.133,53.274,0.586,1,50.071,51.525,52.996,0.609,1,1.1667,21,102.787,101.818,102.937,-0.102,0.984,-0.04,0.984,0.984,1,0,
84,1790096911427496192,8.4,21,21,2352,2016,50.052,51.436,53.274,0.753,1,50.044,50.221,52.996,0.659,1,1.1667,21,102.77,101.728,102.937,1.201,-0.32,-0.057,1.201,1.201,1,0,
85,1790096911527496192,8.5,21,21,2352,2016,50.052,51.436,53.274,0.785,1,50.071,51.525,54.187,0.873,1,1.1667,21,102.77,101.728,102.937,1.201,0.984,-0.057,1.201,1.201,1,0,
86,1790096911627496192,8.6,21,21,2352,2016,50.051,51.436,53.274,0.802,1,50.031,51.525,54.187,0.963,1,1.1667,21,102.719,101.728,102.937,1.201,0.984,-0.108,1.201,1.201,1,0,
87,1790096911727496192,8.7,21,21,2352,2016,50.051,51.436,53.274,0.948,1,50.064,51.525,54.187,0.984,1,1.1667,21,102.719,101.728,102.937,1.201,0.984,-0.108,1.201,1.201,1,0,
88,1790096911827496192,8.8,21,21,2352,2016,50.051,51.436,53.274,1.001,1,50.064,51.525,54.187,1.128,1,1.1667,21,102.766,101.728,102.961,1.201,0.984,-0.061,1.201,1.201,1,0,
89,1790096911927496192,8.9,21,21,2352,2016,50.057,51.436,53.274,0.955,1,50.064,51.525,54.187,1.132,1,1.1667,21,102.77,101.728,102.961,1.201,0.984,-0.057,1.201,1.201,1,0,
90,1790096912027496192,9.0,19,19,2128,1824,50.097,51.436,53.274,0.981,1,50.089,51.525,54.187,1.218,1,1.1667,19,102.773,101.728,102.961,1.201,0.984,-0.054,1.201,1.201,1,0,
91,1790096912127496192,9.1,20,21,2240,2016,50.06,51.436,53.838,0.922,1,50.093,51.525,54.187,1.104,1,1.1111,21,102.806,101.728,103.001,1.201,0.984,-0.021,1.201,1.201,1,0,
92,1790096912227496192,9.2,20,20,2240,1920,50.06,53.109,56.295,1.204,1,50.096,51.525,54.193,1.165,1,1.1667,20,102.79,101.728,103.001,2.874,0.984,-0.037,2.874,2.874,1,0,
93,1790096912327496192,9.3,21,20,2352,1920,50.057,53.838,58.923,2.204,1,50.09,54.187,56.128,1.436,1,1.225,20,102.79,101.728,103.001,3.603,3.646,-0.037,3.646,3.646,1,0,
94,1790096912427496192,9.4,21,20,2352,1920,50.039,56.295,61.377,3.154,1,50.124,54.193,59.083,2.018,1,1.225,20,102.79,101.728,103.001,6.06,3.652,-0.037,6.06,6.06,1,0,
95,1790096912527496192,9.5,21,20,2352,1920,50.042,56.97,61.377,3.829,1,50.09,56.128,61.54,2.885,1,1.225,20,102.809,102.109,103.001,6.735,5.587,-0.018,6.735,6.735,1,0,
96,1790096912627496192,9.6,21,20,2352,1920,49.959,58.923,61.377,4.898,1,50.09,57.004,61.54,3.742,1,1.225,20,102.805,102.41,103.001,8.688,6.463,-0.022,8.688,8.688,1,0,
97,1790096912727496192,9.7,21,20,2352,1920,50.057,60.845,70.878,6.967,1,50.09,59.083,61.54,4.656,1,1.225,20,102.793,102.41,103.001,10.61,8.542,-0.034,10.61,10.61,1,0,
98,1790096912827496192,9.8,21,20,2352,1920,50.057,61.377,70.878,8.676,1,50.09,60.786,70.943,6.168,1,1.225,20,102.768,102.41,103.001,11.142,10.245,-0.059,11.142,11.142,1,0,
99,1790096912927496192,9.9,20,21,2240,2016,49.857,61.377,70.878,9.245,1,49.93,61.54,70.943,8.728,1,1.1111,21,102.765,102.41,103.001,11.142,10.999,-0.062,11.142,11.142,1,0,
100,1790096913027496192,10.0,20,20,2240,1920,52.859,67.757,82.358,12.576,1,49.77,61.54,70.943,9.269,1,1.1667,20,102.764,102.41,103.001,17.522,10.999,-0.063,17.522,17.522,1,0,
101,1790096913127496192,10.1,21,20,2352,1920,52.84,67.757,82.358,12.153,1,52.404,67.705,82.501,12.599,1,1.225,20,102.764,102.41,102.943,17.522,17.164,-0.064,17.522,17.522,1,0,
102,1790096913227496192,10.2,20,21,2240,2016,52.82,67.757,82.358,12.225,1,52.566,67.705,82.501,12.158,1,1.1111,21,102.764,102.488,102.943,17.522,17.164,-0.063,17.522,17.522,1,0,
103,1790096913327496192,10.3,21,20,2352,1920,51.963,67.757,82.358,11.368,1,52.404,67.705,82.501,12.246,1,1.225,20,102.767,102.447,102.943,17.522,17.164,-0.06,17.522,17.522,1,0,
104,1790096913427496192,10.4,20,21,2240,2016,51.106,67.757,82.358,10.846,1,51.555,67.705,82.501,11.364,1,1.1111,21,102.771,102.447,102.943,17.522,17.164,-0.056,17.522,17.522,1,0,
105,1790096913527496192,10.5,21,20,2352,1920,51.963,68.607,82.358,12.644,1,50.706,67.705,82.501,10.804,1,1.225,20,102.772,102.447,102.943,18.372,17.164,-0.055,18.372,18.372,1,0,
106,1790096913627496192,10.6,20,21,2240,2016,52.82,68.607,82.358,12.248,1,51.555,68.771,82.501,12.624,1,1.1111,21,102.771,102.447,102.943,18.372,18.23,-0.056,18.372,18.372,1,0,
107,1790096913727496192,10.7,21,20,2352,1920,52.84,68.599,82.358,12.921,1,52.404,68.771,82.501,12.254,1,1.225,20,102.763,102.447,102.943,18.364,18.23,-0.064,18.364,18.364,1,0,
108,1790096913827496192,10.8,21,20,2352,1920,52.84,68.599,82.358,12.174,1,52.727,68.701,82.501,11.449,1,1.225,20,102.751,102.447,102.943,18.364,18.16,-0.076,18.364,18.364,1,0,
109,1790096913927496192,10.9,21,21,2352,2016,50.809,65.563,68.607,10.83,1,52.566,68.701,82.501,12.218,1,1.1667,21,102.755,102.447,102.943,15.328,18.16,-0.072,18.16,18.16,1,0,
110,1790096914027496192,11.0,21,21,2352,2016,51.963,68.599,68.74,10.192,1,50.664,65.568,68.771,10.8,1,1.1667,21,102.773,102.447,102.94,18.364,15.027,-0.054,18.364,18.364,1,0,
111,1790096914127496192,11.1,21,21,2352,2016,50.809,68.599,68.74,11.289,1,51.717,68.562,68.771,10.207,1,1.1667,21,102.773,102.447,102.94,18.364,18.021,-0.054,18.364,18.364,1,0,
112,1790096914227496192,11.2,20,21,2240,2016,50.227,68.599,68.74,11.624,1,50.664,68.562,68.771,11.284,1,1.1111,21,102.755,102.447,102.926,18.364,18.021,-0.072,18.364,18.364,1,0,
113,1790096914327496192,11.3,21,20,2352,1920,50.982,68.607,82.792,14.064,1,50.39,68.562,68.771,11.636,1,1.225,20,102.764,102.571,102.926,18.372,18.021,-0.063,18.372,18.372,1,0,
114,1790096914427496192,11.4,21,21,2352,2016,50.982,68.74,82.792,15.482,1,50.922,68.701,82.691,14.039,1,1.1667,21,102.746,102.496,102.926,18.505,18.16,-0.081,18.505,18.505,1,0,
115,1790096914527496192,11.5,21,20,2352,1920,50.37,68.74,82.792,12.955,1,51.223,68.701,82.691,15.107,1,1.225,20,102.737,101.589,102.926,18.505,18.16,-0.09,18.505,18.505,1,0,
116,1790096914627496192,11.6,20,21,2240,2016,50.227,68.891,82.792,13.752,1,50.796,68.562,82.691,12.869,1,1.1111,21,102.738,101.589,102.926,18.656,18.021,-0.089,18.656,18.656,1,0,
117,1790096914727496192,11.7,20,20,2240,1920,50.227,71.569,82.792,14.142,1,50.622,68.701,82.691,13.681,1,1.1667,20,102.747,101.589,102.926,21.334,18.16,-0.08,21.334,21.334,1,1,1790096914767757817
118,1790096914827496192,11.8,20,21,2240,2016,50.227,71.569,82.792,14.305,1,50.506,71.61,82.691,15.345,1,1.1111,21,102.748,101.589,102.926,21.334,21.069,-0.079,21.334,21.334,1,1,
119,1790096914927496192,11.9,20,21,2240,2016,50.227,71.569,82.792,14.39,1,50.506,71.61,82.691,13.583,1,1.1111,21,102.748,101.589,102.926,21.334,21.069,-0.079,21.334,21.334,1,1,
120,1790096915027496192,12.0,19,19,2128,1824,50.194,71.569,82.792,14.338,1,50.68,71.61,82.691,15.005,1,1.1667,19,102.748,101.589,102.926,21.334,21.069,-0.079,21.334,21.334,1,1,
121,1790096915127496192,12.1,21,21,2352,2016,50.839,71.569,82.792,14.462,1,50.68,71.61,82.691,15.441,1,1.1667,21,102.679,101.589,102.874,21.334,21.069,-0.148,21.334,21.334,1,1,
122,1790096915227496192,12.2,21,21,2352,2016,50.806,71.569,85.283,16.318,1,51.097,71.61,82.691,14.357,1,1.1667,21,102.699,101.589,102.874,21.334,21.069,-0.128,21.334,21.334,1,1,
123,1790096915327496192,12.3,21,21,2352,2016,53.015,71.569,85.283,15.384,1,51.097,71.61,85.31,16.224,1,1.1667,21,102.7,101.589,102.874,21.334,21.069,-0.127,21.334,21.334,1,1,
124,1790096915427496192,12.4,21,20,2352,1920,52.693,71.569,85.283,14.705,1,52.684,71.61,85.31,15.298,1,1.225,20,102.699,101.589,102.874,21.334,21.069,-0.128,21.334,21.334,1,1,
125,1790096915527496192,12.5,20,21,2240,2016,53.015,71.569,85.283,15.388,1,52.627,71.61,85.31,14.674,1,1.1111,21,102.784,101.775,102.983,21.334,21.069,-0.043,21.334,21.334,1,1,
126,1790096915627496192,12.6,21,20,2352,1920,53.015,68.619,85.283,15.115,1,52.88,71.61,85.31,15.445,1,1.225,20,102.802,101.775,102.983,18.384,21.069,-0.026,21.069,21.069,1,1,
127,1790096915727496192,12.7,20,20,2240,1920,53.014,68.619,85.283,13.32,1,52.684,68.495,85.31,15.938,1,1.1667,20,102.786,101.775,102.983,18.384,17.954,-0.041,18.384,18.384,1,1,
128,1790096915827496192,12.8,21,20,2352,1920,52.868,68.619,85.283,12.077,1,52.684,68.495,85.31,13.329,1,1.225,20,102.792,101.775,102.983,18.384,17.954,-0.035,18.384,18.384,1,1,
129,1790096915927496192,12.9,20,21,2240,2016,52.721,68.619,85.283,12.856,1,52.638,68.495,85.31,12.074,1,1.1111,21,102.784,101.775,102.983,18.384,17.954,-0.043,18.384,18.384,1,1,
130,1790096916027496192,13.0,18,19,2016,1824,52.721,68.59,85.283,11.292,1,52.582,68.495,85.31,12.894,1,1.1053,19,102.784,101.775,102.983,18.355,17.954,-0.043,18.355,18.355,1,1,
131,1790096916127496192,13.1,20,20,2240,1920,52.721,68.663,85.283,13.951,1,52.593,68.549,85.31,13.037,1,1.1667,20,102.792,101.846,102.983,18.428,18.008,-0.035,18.428,18.428,1,1,
132,1790096916227496192,13.2,20,21,2240,2016,52.372,68.619,74.164,11.694,1,52.582,68.767,85.31,14.586,1,1.1111,21,102.794,102.571,102.983,18.384,18.226,-0.033,18.384,18.384,1,1,
133,1790096916327496192,13.3,21,21,2352,2016,51.101,68.59,74.164,11.367,1,52.582,68.549,74.387,11.455,1,1.1667,21,102.795,102.571,102.983,18.355,18.008,-0.032,18.355,18.355,1,1,
134,1790096916427496192,13.4,20,21,2240,2016,50.078,68.59,74.164,10.692,1,51.101,68.495,74.387,11.389,1,1.1111,21,102.808,102.571,102.983,18.355,17.954,-0.019,18.355,18.355,1,1,
135,1790096916527496192,13.5,21,20,2352,1920,50.064,68.56,74.164,12.05,1,50.19,68.495,74.387,10.704,1,1.225,20,102.82,102.571,102.983,18.325,17.954,-0.007,18.325,18.325,1,1,
136,1790096916627496192,13.6,21,20,2352,1920,50.064,68.56,74.164,10.779,1,50.19,68.353,74.387,11.03,1,1.225,20,102.802,102.571,102.913,18.325,17.812,-0.025,18.325,18.325,1,1,
137,1790096916727496192,13.7,20,21,2240,2016,50.078,68.56,74.164,11.241,1,50.186,68.353,74.387,10.797,1,1.1111,21,102.83,102.569,102.913,18.325,17.812,0.003,18.325,18.325,1,1,
138,1790096916827496192,13.8,21,21,2352,2016,50.274,68.56,74.164,10.723,1,50.186,68.353,74.387,10.731,1,1.1667,21,102.83,102.569,102.913,18.325,17.812,0.003,18.325,18.325,1,1,
139,1790096916927496192,13.9,21,21,2352,2016,49.921,63.296,74.164,9.222,1,50.305,68.353,74.387,10.738,1,1.1667,21,102.83,102.569,102.913,13.061,17.812,0.003,17.812,17.812,1,1,
140,1790096917027496192,14.0,19,19,2128,1824,50.063,63.296,74.164,8.213,1,50.105,63.291,74.387,10.085,1,1.1667,19,102.83,102.569,102.913,13.061,12.75,0.003,13.061,13.061,1,1,
141,1790096917127496192,14.1,21,20,2352,1920,50.063,63.296,76.826,7.654,1,50.028,63.291,74.387,7.798,1,1.225,20,102.822,102.569,102.913,13.061,12.75,-0.005,13.061,13.061,1,1,
142,1790096917227496192,14.2,21,21,2352,2016,49.958,63.85,76.826,8.355,1,49.988,63.291,76.564,7.662,1,1.1667,21,102.815,102.064,102.913,13.615,12.75,-0.012,13.615,13.615,1,1,
143,1790096917327496192,14.3,21,20,2352,1920,50.071,63.85,76.826,7.875,1,49.948,64.496,76.564,8.243,1,1.225,20,102.812,102.064,102.898,13.615,13.955,-0.015,13.955,13.955,1,1,
144,1790096917427496192,14.4,20,21,2240,2016,50.064,65.406,76.826,8.4,1,50.079,64.496,76.564,7.917,1,1.1111,21,102.786,102.064,102.898,15.171,13.955,-0.041,15.171,15.171,1,1,
145,1790096917527496192,14.5,21,20,2352,1920,50.056,65.406,76.826,8.32,1,50.028,65.134,76.564,8.423,1,1.225,20,102.78,102.064,102.898,15.171,14.593,-0.048,15.171,15.171,1,1,
146,1790096917627496192,14.6,20,20,2240,1920,50.064,65.406,76.826,8.435,1,50.028,65.134,76.564,8.724,1,1.1667,20,102.765,101.552,102.898,15.171,14.593,-0.063,15.171,15.171,1,1,
147,1790096917727496192,14.7,19,19,2128,1824,50.12,68.645,93.217,11.084,1,50.079,65.134,76.564,8.889,1,1.1667,19,102.755,101.552,102.898,18.41,14.593,-0.072,18.41,18.41,1,1,
148,1790096917827496192,14.8,20,20,2240,1920,50.175,68.645,93.217,14.186,1,50.131,67.714,93.321,12.788,1,1.1667,20,102.765,101.552,102.898,18.41,17.173,-0.063,18.41,18.41,1,1,
149,1790096917927496192,14.9,21,21,2352,2016,50.989,68.645,93.217,15.432,1,50.268,68.602,93.321,14.893,1,1.1667,21,102.755,101.552,102.898,18.41,18.061,-0.072,18.41,18.41,1,1,
150,1790096918027496192,15.0,19,19,2128,1824,50.989,68.624,93.217,15.666,1,50.667,68.602,93.321,16.322,1,1.1667,19,102.718,101.552,102.898,18.389,18.061,-0.109,18.389,18.389,1,1,
151,1790096918127496192,15.1,20,21,2240,2016,51.824,68.624,93.217,16.004,1,51.261,68.602,93.321,16.633,1,1.1111,21,102.774,101.552,102.89,18.389,18.061,-0.053,18.389,18.389,1,1,
152,1790096918227496192,15.2,21,20,2352,1920,51.751,68.645,93.217,15.924,1,51.865,68.602,93.321,15.939,1,1.225,20,102.778,101.552,102.901,18.41,18.061,-0.049,18.41,18.41,1,1,
153,1790096918327496192,15.3,20,21,2240,2016,53.458,68.645,93.217,16.721,1,51.728,68.612,93.321,15.8,1,1.1111,21,102.776,101.552,102.901,18.41,18.071,-0.051,18.41,18.41,1,1,
154,1790096918427496192,15.4,21,20,2352,1920,51.063,68.624,93.217,16.474,1,53.593,68.612,93.321,16.584,1,1.225,20,102.778,101.552,102.901,18.389,18.071,-0.049,18.389,18.389,1,1,
155,1790096918527496192,15.5,20,21,2240,2016,53.458,68.624,93.217,15.433,1,51.398,68.612,93.321,16.409,1,1.1111,21,102.78,101.552,102.901,18.389,18.071,-0.047,18.389,18.389,1,1,
156,1790096918627496192,15.6,20,19,2240,1824,53.458,68.619,69.266,15.583,1,52.729,68.612,93.321,15.964,1,1.2281,19,102.804,102.45,102.901,18.384,18.071,-0.023,18.384,18.384,1,1,
157,1790096918727496192,15.7,20,20,2240,1920,52.603,68.619,69.266,13.182,1,53.593,68.612,68.815,15.569,1,1.1667,20,102.816,102.45,102.901,18.384,18.071,-0.011,18.384,18.384,1,1,
158,1790096918827496192,15.8,21,20,2352,1920,52.214,68.593,69.266,10.47,1,52.662,68.612,68.815,13.168,1,1.225,20,102.807,102.45,102.901,18.358,18.071,-0.02,18.358,18.358,1,1,
159,1790096918927496192,15.9,20,21,2240,2016,51.824,68.593,69.266,11.136,1,52.263,68.612,68.815,10.454,1,1.1111,21,102.81,102.45,102.901,18.358,18.071,-0.017,18.358,18.358,1,1,
160,1790096919027496192,16.0,21,20,2352,1920,51.058,68.331,69.266,10.844,1,51.865,68.612,68.815,11.112,1,1.225,20,102.812,102.45,102.901,18.096,18.071,-0.015,18.096,18.096,1,1,
161,1790096919127496192,16.1,21,21,2352,2016,50.172,68.331,73.276,12.143,1,51.041,68.279,68.815,12.461,1,1.1667,21,102.815,102.45,102.901,18.096,17.738,-0.012,18.096,18.096,1,1,
162,1790096919227496192,16.2,21,21,2352,2016,51.448,68.331,73.276,11.709,1,50.188,68.279,73.319,12.137,1,1.1667,21,102.796,102.45,102.9,18.096,17.738,-0.031,18.096,18.096,1,1,
163,1790096919327496192,16.3,21,21,2352,2016,50.051,68.331,73.276,11.079,1,51.439,68.279,73.319,11.756,1,1.1667,21,102.796,101.978,102.9,18.096,17.738,-0.031,18.096,18.096,1,1,
164,1790096919427496192,16.4,21,21,2352,2016,50.051,68.331,73.276,9.916,1,50.122,68.279,73.319,11.083,1,1.1667,21,102.796,101.978,102.9,18.096,17.738,-0.031,18.096,18.096,1,1,
165,1790096919527496192,16.5,20,20,2240,1920,50.05,65.775,73.276,9.74,1,50.109,68.279,73.319,10.441,1,1.1667,20,102.793,101.978,102.9,15.54,17.738,-0.034,17.738,17.738,1,1,
166,1790096919627496192,16.6,21,20,2352,1920,50.051,65.775,73.276,8.636,1,50.109,65.756,73.319,9.763,1,1.225,20,102.812,101.978,102.9,15.54,15.215,-0.015,15.54,15.54,1,1,
167,1790096919727496192,16.7,21,20,2352,1920,50.051,67.547,73.276,10.33,1,50.109,65.756,73.319,9.04,1,1.225,20,102.812,101.978,102.9,17.312,15.215,-0.015,17.312,17.312,1,1,
168,1790096919827496192,16.8,21,21,2352,2016,50.206,67.547,73.276,10.773,1,50.122,67.731,73.319,10.394,1,1.1667,21,102.817,101.978,103.024,17.312,17.19,-0.01,17.312,17.312,1,1,
169,1790096919927496192,16.9,21,21,2352,2016,50.015,64.375,73.276,9.373,1,50.269,67.731,73.319,10.813,1,1.1667,21,102.817,101.978,103.024,14.14,17.19,-0.01,17.19,17.19,1,1,
170,1790096920027496192,17.0,19,19,2128,1824,50.054,64.375,73.276,8.362,1,50.034,64.421,73.319,10.136,1,1.1667,19,102.796,101.978,103.024,14.14,13.88,-0.031,14.14,14.14,1,1,
171,1790096920127496192,17.1,21,20,2352,1920,50.058,60.266,67.547,5.514,1,50.117,64.421,73.319,8.011,1,1.225,20,102.794,101.978,103.024,10.031,13.88,-0.033,13.88,13.88,1,1,
172,1790096920227496192,17.2,21,21,2352,2016,50.058,64.375,67.547,5.749,1,50.113,60.209,67.731,5.567,1,1.1667,21,102.793,101.978,103.024,14.14,9.668,-0.034,14.14,14.14,1,1,
173,1790096920327496192,17.3,21,21,2352,2016,50.212,64.375,67.547,6.372,1,50.269,64.421,67.731,5.781,1,1.1667,21,102.817,101.978,103.024,14.14,13.88,-0.01,14.14,14.14,1,1,
174,1790096920427496192,17.4,19,21,2128,2016,50.212,64.375,67.547,7.057,1,50.425,64.421,67.731,6.417,1,1.0556,21,102.84,102.456,103.024,14.14,13.88,0.013,14.14,14.14,1,1,
175,1790096920527496192,17.5,17,19,1904,1824,50.212,65.036,67.547,6.096,1,50.543,64.421,67.731,7.1,1,1.0439,19,102.84,102.456,103.024,14.801,13.88,0.013,14.801,14.801,1,1,
176,1790096920627496192,17.6,19,17,2128,1632,50.055,65.036,222.619,23.22,4,50.543,65.054,67.731,6.118,1,1.3039,17,102.823,102.456,103.024,14.801,14.513,-0.004,14.801,14.801,1,1,
177,1790096920727496192,17.7,19,18,2128,1728,50.055,65.036,222.619,25.0,4,50.117,65.054,221.728,21.624,3,1.2315,18,102.817,101.949,103.024,14.801,14.513,-0.01,14.801,14.801,1,1,
178,1790096920827496192,17.8,21,21,2352,2016,50.055,71.713,222.619,24.589,4,50.038,72.288,221.728,24.748,4,1.1667,21,102.793,101.949,103.369,21.478,21.747,-0.034,21.747,21.747,1,1,
179,1790096920927496192,17.9,21,21,2352,2016,50.055,71.713,222.619,24.868,4,49.886,72.288,221.728,24.579,4,1.1667,21,102.793,101.949,103.369,21.478,21.747,-0.034,21.747,21.747,1,1,
180,1790096921027496192,18.0,21,21,2352,2016,50.055,74.735,222.619,27.155,4,50.038,72.288,221.728,24.876,4,1.1667,21,102.807,101.949,103.369,24.5,21.747,-0.02,24.5,24.5,1,1,
181,1790096921127496192,18.1,21,21,2352,2016,50.216,74.735,222.619,27.525,4,50.038,74.748,221.728,27.161,4,1.1667,21,102.802,101.949,103.369,24.5,24.207,-0.025,24.5,24.5,1,1,
182,1790096921227496192,18.2,21,21,2352,2016,49.255,74.735,222.619,27.385,4,50.573,74.748,221.728,27.458,4,1.1667,21,102.789,101.949,103.369,24.5,24.207,-0.038,24.5,24.5,1,1,
183,1790096921327496192,18.3,21,20,2352,1920,49.255,77.27,222.619,31.164,4,48.238,74.748,221.728,28.133,4,1.225,20,102.774,101.949,103.369,27.035,24.207,-0.054,27.035,27.035,1,1,
184,1790096921427496192,18.4,21,21,2352,2016,49.255,74.735,95.122,22.915,4,49.482,76.651,221.728,31.085,4,1.1667,21,102.758,101.797,103.369,24.5,26.11,-0.069,26.11,26.11,1,1,
185,1790096921527496192,18.5,23,21,2576,2016,49.255,74.735,95.122,22.1,4,49.482,74.748,96.103,22.858,4,1.2778,21,102.758,101.797,103.369,24.5,24.207,-0.069,24.5,24.5,1,1,
186,1790096921627496192,18.6,21,23,2352,2208,50.643,74.735,95.122,17.021,2,49.482,74.748,96.103,22.042,4,1.0652,23,102.753,101.797,103.369,24.5,24.207,-0.074,24.5,24.5,1,1,
187,1790096921727496192,18.7,21,21,2352,2016,50.643,66.516,95.122,13.174,2,50.737,74.748,96.103,16.924,2,1.1667,21,102.778,101.797,103.369,16.281,24.207,-0.049,24.207,24.207,1,1,
188,1790096921827496192,18.8,21,20,2352,1920,51.463,66.516,95.122,13.703,2,50.725,66.547,96.103,13.726,2,1.225,20,102.781,101.797,103.228,16.281,16.006,-0.046,16.281,16.281,1,1,
189,1790096921927496192,18.9,20,21,2240,2016,52.018,66.516,95.122,14.269,2,51.195,66.547,96.103,13.66,2,1.1111,21,102.784,101.797,103.228,16.281,16.006,-0.043,16.281,16.281,1,1,
190,1790096922027496192,19.0,18,19,2016,1824,52.018,60.681,95.122,13.002,2,51.195,66.547,96.103,14.52,2,1.1053,19,102.784,101.797,103.228,10.446,16.006,-0.043,16.006,16.006,1,1,
191,1790096922127496192,19.1,21,19,2352,1824,52.707,66.516,95.122,14.703,2,54.414,96.103,111.772,17.797,2,1.2895,19,102.784,101.797,183.085,16.281,45.562,-0.043,45.562,45.562,1,1,
192,1790096922227496192,19.2,22,18,2500,1728,52.018,71.427,103.544,20.828,3,51.642,96.103,111.772,18.879,2,1.4468,18,102.787,101.797,203.457,21.192,45.562,-0.04,45.562,45.562,1,1,
193,1790096922327496192,19.3,23,17,2612,1632,49.117,71.427,103.544,20.369,3,52.746,100.528,111.772,19.498,2,1.6005,17,102.83,101.797,203.913,21.192,49.987,0.003,49.987,49.987,1,1,
194,1790096922427496192,19.4,21,18,2388,1728,49.117,71.427,103.544,19.783,3,51.642,100.528,111.772,21.983,2,1.3819,18,102.866,102.454,244.796,21.192,49.987,0.039,49.987,49.987,1,1,
195,1790096922527496192,19.5,21,16,2388,1536,49.117,71.444,103.544,22.393,3,51.642,111.772,174.886,28.844,2,1.5547,16,102.883,102.454,281.664,21.209,61.231,0.056,61.231,61.231,1,1,
196,1790096922627496192,19.6,21,15,2388,1440,52.707,87.326,106.867,26.839,3,50.531,111.772,174.886,28.557,2,1.6583,15,153.984,102.454,331.042,37.091,61.231,51.157,61.231,61.231,1,1,
197,1790096922727496192,19.7,20,15,2276,1440,58.336,87.326,106.867,27.422,3,52.746,111.772,174.886,34.935,2,1.5806,15,203.457,102.454,365.977,37.091,61.231,100.63,61.231,61.231,1,1,
198,1790096922827496192,19.8,20,15,2276,1440,60.613,87.326,106.867,28.617,3,56.295,111.772,174.886,39.395,2,1.5806,15,210.322,102.454,365.977,37.091,61.231,107.495,61.231,61.231,1,1,
199,1790096922927496192,19.9,22,15,2500,1440,53.395,87.326,106.867,30.182,3,67.843,111.772,174.886,41.363,2,1.7361,15,278.43,102.893,365.977,37.091,61.231,175.603,61.231,61.231,1,1,
200,1790096923027496192,20.0,21,16,2388,1536,58.633,87.326,106.867,30.63,3,57.178,106.468,174.886,35.099,2,1.5547,16,288.781,153.984,365.977,37.091,55.927,185.954,55.927,55.927,1,1,
201,1790096923127496192,20.1,22,15,2500,1440,56.652,87.326,106.867,31.322,3,55.514,106.468,174.886,34.51,2,1.7361,15,295.899,183.085,365.977,37.091,55.927,193.072,55.927,55.927,1,1,
202,1790096923227496192,20.2,22,13,2500,1248,53.27,85.868,106.867,29.089,3,58.173,106.468,174.886,38.836,2,2.0032,13,331.042,203.913,365.977,35.633,55.927,228.215,55.927,55.927,1,1,
203,1790096923327496192,20.3,22,13,2464,1248,56.652,87.326,106.867,27.793,2,58.173,174.886,264.166,51.978,2,1.9744,13,348.384,210.322,545.297,37.091,124.345,245.557,124.345,124.345,1,1,
204,1790096923427496192,20.4,20,12,2240,1152,56.652,85.868,106.867,27.565,2,59.168,106.384,264.166,43.075,2,1.9444,12,353.33,278.43,599.946,35.633,55.843,250.503,55.843,55.843,1,1,
205,1790096923527496192,20.5,21,14,2352,1344,55.757,77.443,96.427,24.803,2,59.168,133.337,264.166,46.705,2,1.75,14,358.856,278.43,699.274,27.208,82.796,256.029,82.796,82.796,1,1,
206,1790096923627496192,20.6,21,13,2352,1248,55.757,77.443,96.427,24.106,2,70.502,150.03,264.166,53.421,2,1.8846,13,365.748,278.43,706.79,27.208,99.489,262.921,99.489,99.489,1,1,
207,1790096923727496192,20.7,22,12,2464,1152,54.862,77.443,96.427,24.709,2,83.894,150.03,264.166,51.314,2,2.1389,12,455.523,278.43,795.591,27.208,99.489,352.696,99.489,99.489,1,1,
208,1790096923827496192,20.8,20,12,2240,1152,56.652,76.874,96.427,23.847,2,83.894,150.03,264.166,51.823,2,1.9444,12,606.679,295.899,816.616,26.639,99.489,503.852,99.489,99.489,1,1,
209,1790096923927496192,20.9,22,10,2464,960,54.862,77.443,96.427,26.449,2,89.121,150.03,264.166,55.145,2,2.5667,10,656.343,351.613,816.616,27.208,99.489,553.516,99.489,99.489,1,1,
210,1790096924027496192,21.0,21,10,2352,960,52.403,77.443,96.427,24.016,2,89.121,150.03,150.277,44.181,2,2.45,10,723.377,545.297,877.777,27.208,99.489,620.55,99.489,99.489,1,1,
211,1790096924127496192,21.1,20,11,2240,1056,54.862,77.443,96.427,23.134,2,89.596,150.03,150.277,43.176,2,2.1212,11,739.964,545.297,944.682,27.208,99.489,637.137,99.489,99.489,1,1,
212,1790096924227496192,21.2,20,12,2240,1152,54.862,77.443,115.11,26.921,2,89.121,150.03,150.277,39.92,2,1.9444,12,767.778,545.297,944.682,27.208,99.489,664.95,99.489,99.489,1,1,
213,1790096924327496192,21.3,20,12,2240,1152,54.862,77.443,115.11,25.652,2,89.121,150.03,150.277,39.885,2,1.9444,12,806.104,599.946,1014.272,27.208,99.489,703.276,99.489,99.489,1,1,
214,1790096924427496192,21.4,22,13,2464,1248,51.536,77.443,115.11,25.492,2,86.135,150.03,150.277,40.209,2,1.9744,13,874.695,613.412,1044.559,27.208,99.489,771.868,99.489,99.489,1,1,
215,1790096924527496192,21.5,21,13,2352,1248,49.544,89.677,115.11,27.555,2,86.135,123.257,150.277,31.755,2,1.8846,13,930.017,706.79,1044.559,39.442,72.716,827.19,72.716,72.716,1,1,
216,1790096924627496192,21.6,22,16,2464,1536,47.551,96.53,115.11,30.282,2,81.762,123.257,150.277,35.96,2,1.6042,16,954.693,706.79,1044.559,46.295,72.716,851.866,72.716,72.716,1,1,
217,1790096924727496192,21.7,21,15,2352,1440,49.544,96.53,115.11,29.747,2,66.033,123.257,150.277,38.002,2,1.6333,15,964.704,739.964,1044.559,46.295,72.716,861.877,72.716,72.716,1,1,
218,1790096924827496192,21.8,21,16,2352,1536,51.542,96.53,115.11,28.064,2,50.303,149.312,150.277,42.771,2,1.5312,16,976.188,739.964,1044.559,46.295,98.771,873.361,98.771,98.771,1,1,
219,1790096924927496192,21.9,20,16,2240,1536,51.547,96.53,115.11,25.222,2,50.303,127.373,149.312,38.625,2,1.4583,16,999.149,874.695,1071.958,46.295,76.832,896.322,76.832,76.832,1,1,
220,1790096925027496192,22.0,18,14,2016,1344,53.838,96.53,115.11,27.338,2,50.303,127.373,149.312,38.315,2,1.5,14,1011.178,930.017,1071.958,46.295,76.832,908.351,76.832,76.832,1,1,
221,1790096925127496192,22.1,20,16,2240,1536,53.838,77.198,108.22,26.246,2,81.762,127.373,149.312,37.61,2,1.4583,16,1013.598,930.017,1177.708,26.963,76.832,910.771,76.832,76.832,1,1,
222,1790096925227496192,22.2,22,17,2464,1632,53.838,77.198,108.22,27.067,2,52.455,127.373,149.312,35.886,2,1.5098,17,1021.791,930.017,1185.992,26.963,76.832,918.964,76.832,76.832,1,1,
223,1790096925327496192,22.3,20,16,2240,1536,53.838,77.198,108.22,25.4,2,44.59,127.373,149.312,36.473,2,1.4583,16,1029.975,964.704,1185.992,26.963,76.832,927.148,76.832,76.832,1,1,
224,1790096925427496192,22.4,21,15,2352,1440,53.041,96.53,151.775,33.318,3,47.446,149.312,181.192,42.462,2,1.6333,15,1037.27,964.704,1188.963,46.295,98.771,934.443,98.771,98.771,1,1,
225,1790096925527496192,22.5,22,16,2464,1536,52.245,92.078,151.775,31.333,3,44.59,149.312,181.192,42.372,2,1.6042,16,1088.761,964.704,1188.963,41.843,98.771,985.934,98.771,98.771,1,1,
226,1790096925627496192,22.6,21,13,2352,1248,53.041,77.198,151.775,28.137,3,49.598,164.717,181.192,49.814,2,1.8846,13,1165.66,1012.925,1296.534,26.963,114.176,1062.833,114.176,114.176,1,1,
227,1790096925727496192,22.7,20,14,2240,1344,53.838,77.198,151.775,26.44,3,54.606,164.717,181.192,50.168,2,1.6667,14,1171.684,1012.925,1358.005,26.963,114.176,1068.857,114.176,114.176,1,1,
228,1790096925827496192,22.8,19,13,2128,1248,53.633,77.198,151.775,27.464,3,49.733,164.717,181.192,44.547,2,1.7051,13,1180.778,1021.791,1358.005,26.963,114.176,1077.951,114.176,114.176,1,1,
229,1790096925927496192,22.9,19,13,2128,1248,52.837,92.078,151.775,37.202,3,69.198,164.717,181.192,49.453,2,1.7051,13,1185.992,1021.791,1456.093,41.843,114.176,1083.165,114.176,114.176,1,1,
230,1790096926027496192,23.0,21,11,2352,1056,48.439,92.078,151.775,33.469,3,49.733,164.717,181.192,50.452,2,2.2273,11,1188.955,1122.881,1456.093,41.843,114.176,1086.128,114.176,114.176,1,1,
231,1790096926127496192,23.1,21,14,2352,1344,48.439,92.078,151.775,33.284,3,44.859,167.819,181.192,55.168,3,1.75,14,1242.748,1122.881,1456.093,41.843,117.278,1139.921,117.278,117.278,1,1,
232,1790096926227496192,23.2,20,15,2240,1440,47.393,92.078,151.775,32.584,3,44.254,167.819,181.192,50.695,3,1.5556,15,1333.501,1122.881,1456.093,41.843,117.278,1230.674,117.278,117.278,1,1,
233,1790096926327496192,23.3,22,15,2464,1440,47.393,85.735,144.172,27.18,3,44.254,164.717,167.819,43.963,3,1.7111,15,1334.929,1165.66,1456.093,35.5,114.176,1232.102,114.176,114.176,1,1,
234,1790096926427496192,23.4,20,15,2240,1440,50.613,85.735,144.172,24.944,3,45.706,164.717,167.819,44.639,3,1.5556,15,1352.403,1165.66,1456.093,35.5,114.176,1249.576,114.176,114.176,1,1,
235,1790096926527496192,23.5,21,16,2352,1536,49.003,70.648,144.172,23.27,3,44.372,128.579,167.819,33.912,3,1.5312,16,1350.847,1296.534,1456.093,20.413,78.038,1248.02,78.038,78.038,1,1,
236,1790096926627496192,23.6,21,17,2352,1632,49.003,73.53,144.172,22.071,3,44.615,128.579,167.819,33.996,3,1.4412,17,1352.403,1296.534,1456.093,23.295,78.038,1249.576,78.038,78.038,1,1,
237,1790096926727496192,23.7,22,17,2464,1632,45.025,73.53,144.172,22.747,3,44.615,128.579,167.819,32.316,3,1.5098,17,1358.005,1315.312,1456.093,23.295,78.038,1255.178,78.038,78.038,1,1,
238,1790096926827496192,23.8,22,18,2464,1728,45.025,70.648,85.735,18.369,3,44.011,87.059,167.819,28.001,3,1.4259,18,1368.879,1315.312,1456.093,20.413,36.518,1266.052,36.518,36.518,1,1,
239,1790096926927496192,23.9,21,18,2352,1728,47.819,73.53,90.91,17.702,1,44.011,84.578,97.231,23.025,3,1.3611,18,1368.879,1315.312,1482.472,23.295,34.037,1266.052,34.037,34.037,1,1,
240,1790096927027496192,24.0,20,19,2240,1824,46.148,70.648,90.91,16.475,1,44.192,84.578,97.231,22.137,3,1.2281,19,1373.934,1315.312,1482.472,20.413,34.037,1271.107,34.037,34.037,1,1,
241,1790096927127496192,24.1,20,18,2240,1728,50.613,68.517,90.91,14.348,1,46.553,84.578,97.231,20.684,2,1.2963,18,1391.977,1315.312,1482.472,18.282,34.037,1289.15,34.037,34.037,1,1,
242,1790096927227496192,24.2,22,17,2500,1632,46.148,73.328,90.91,17.413,2,45.182,84.578,97.231,19.837,2,1.5319,17,1401.124,1312.702,1482.472,23.093,34.037,1298.297,34.037,34.037,1,1,
243,1790096927327496192,24.3,22,18,2500,1728,46.148,73.328,90.91,17.302,2,44.507,83.226,84.578,15.512,1,1.4468,18,1412.701,1312.702,1482.472,23.093,32.685,1309.874,32.685,32.685,1,1,
244,1790096927427496192,24.4,21,20,2388,1916,45.586,73.328,90.91,16.823,2,44.507,83.226,84.578,16.181,2,1.2463,19,1431.02,1312.702,1482.472,23.093,32.685,1328.193,32.685,32.685,1,1,
245,1790096927527496192,24.5,21,18,2388,1724,45.586,73.328,107.457,20.298,2,44.507,83.226,84.578,15.836,2,1.3852,17,1431.156,1312.702,1482.472,23.093,32.685,1328.329,32.685,32.685,1,1,
246,1790096927627496192,24.6,21,19,2388,1820,48.532,73.328,107.457,21.345,2,44.379,83.226,84.578,17.164,2,1.3121,18,1433.172,1312.702,1482.472,23.093,32.685,1330.345,32.685,32.685,1,1,
247,1790096927727496192,24.7,23,18,2532,1724,44.2,90.91,128.102,26.818,3,44.25,82.34,84.427,15.802,2,1.4687,17,1435.188,1312.702,1482.472,40.675,31.799,1332.361,40.675,40.675,1,1,
248,1790096927827496192,24.8,23,18,2532,1724,41.721,73.328,128.102,26.289,3,44.507,83.226,203.575,27.541,2,1.4687,17,1441.455,1312.702,1499.316,23.093,32.685,1338.628,32.685,32.685,1,1,
249,1790096927927496192,24.9,21,20,2308,1916,44.2,73.328,128.102,27.973,3,44.25,84.427,203.575,28.957,2,1.2046,19,1438.074,1312.702,1499.316,23.093,33.886,1335.247,33.886,33.886,1,1,
250,1790096928027496192,25.0,19,18,2084,1724,38.697,73.328,128.102,29.667,3,43.039,84.427,203.575,29.652,2,1.2088,17,1435.188,1312.702,1499.316,23.093,33.886,1332.361,33.886,33.886,1,1,
251,1790096928127496192,25.1,22,18,2420,1724,35.144,107.457,161.477,33.271,3,44.25,84.427,203.575,34.223,2,1.4037,17,1435.188,1312.702,1499.316,57.222,33.886,1332.361,57.222,57.222,1,1,
252,1790096928227496192,25.2,22,19,2420,1820,35.144,107.457,161.477,36.592,3,43.645,119.511,203.575,41.293,3,1.3297,18,1436.631,1382.569,1499.316,57.222,68.97,1333.804,68.97,68.97,1,1,
253,1790096928327496192,25.3,22,19,2384,1820,38.25,107.457,161.477,34.845,3,43.645,119.511,203.575,43.624,3,1.3099,18,1434.997,1329.011,1499.316,57.222,68.97,1332.17,68.97,68.97,1,1,
254,1790096928427496192,25.4,21,18,2272,1724,38.828,98.434,161.477,33.03,3,43.039,122.578,203.575,50.619,3,1.3179,17,1434.806,1329.011,1499.316,48.199,72.037,1331.979,72.037,72.037,1,1,
255,1790096928527496192,25.5,21,16,2272,1536,38.828,98.434,161.477,31.246,3,43.039,165.293,203.575,55.19,3,1.4792,16,1438.155,1329.011,1499.316,48.199,114.752,1335.328,114.752,114.752,1,1,
256,1790096928627496192,25.6,21,17,2272,1632,42.659,70.865,161.477,28.479,3,41.604,122.578,165.293,39.234,3,1.3922,17,1434.806,1329.011,1499.316,20.63,72.037,1331.979,72.037,72.037,1,1,
257,1790096928727496192,25.7,24,18,2608,1728,41.37,70.865,161.477,25.363,3,42.122,119.511,165.293,39.569,3,1.5093,18,1436.426,1329.011,1499.316,20.63,68.97,1333.599,68.97,68.97,1,1,
258,1790096928827496192,25.8,21,17,2352,1632,46.192,70.205,161.477,23.734,3,42.581,123.866,165.293,39.694,3,1.4412,17,1434.806,1329.011,1495.182,19.97,73.325,1331.979,73.325,73.325,1,1,
259,1790096928927496192,25.9,22,17,2464,1632,46.472,70.205,98.434,19.167,3,42.465,123.866,165.293,37.202,3,1.5098,17,1434.806,1329.011,1485.823,19.97,73.325,1331.979,73.325,73.325,1,1,
260,1790096929027496192,26.0,20,16,2240,1536,49.724,73.614,98.434,17.522,2,42.807,122.578,123.866,28.629,3,1.4583,16,1443.048,1329.011,1499.27,23.379,72.037,1340.221,72.037,72.037,1,1,
261,1790096929127496192,26.1,18,16,2016,1536,49.724,70.205,74.87,16.531,2,42.807,122.578,123.866,28.629,3,1.3125,16,1443.048,1329.011,1499.27,19.97,72.037,1340.221,72.037,72.037,1,1,
262,1790096929227496192,26.2,21,16,2352,1536,47.114,70.205,74.87,12.751,1,43.727,122.578,123.866,28.0,2,1.5312,16,1443.048,1387.401,1499.27,19.97,72.037,1340.221,72.037,72.037,1,1,
263,1790096929327496192,26.3,20,17,2240,1632,47.641,70.205,74.87,12.43,1,42.796,89.23,123.866,21.518,2,1.3725,17,1448.05,1330.496,1499.27,19.97,38.689,1345.223,38.689,38.689,1,1,
264,1790096929427496192,26.4,20,19,2240,1824,47.641,70.205,74.87,12.308,1,42.796,87.056,123.866,19.763,2,1.2281,19,1438.046,1330.496,1499.27,19.97,36.515,1335.219,36.515,36.515,1,1,
265,1790096929527496192,26.5,20,19,2240,1824,47.641,73.614,88.377,13.663,1,42.796,82.463,123.866,19.299,2,1.2281,19,1434.324,1330.496,1499.27,23.379,31.922,1331.497,31.922,31.922,1,1,
266,1790096929627496192,26.6,22,18,2464,1728,46.472,73.614,88.377,12.783,1,42.807,82.463,123.866,20.5,2,1.4259,18,1433.842,1330.496,1499.27,23.379,31.922,1331.015,31.922,31.922,1,1,
267,1790096929727496192,26.7,21,18,2352,1728,47.114,73.614,88.377,13.716,1,42.807,82.463,129.045,22.969,2,1.3611,18,1441.051,1330.496,1499.27,23.379,31.922,1338.224,31.922,31.922,1,1,
268,1790096929827496192,26.8,21,20,2352,1920,45.977,74.87,104.783,17.612,2,42.786,81.405,129.045,16.482,2,1.225,20,1445.367,1330.496,1499.27,24.635,30.864,1342.54,30.864,30.864,1,1,
269,1790096929927496192,26.9,22,19,2464,1824,45.369,73.614,104.783,16.937,2,42.636,81.405,129.045,17.302,2,1.3509,19,1433.361,1330.496,1499.27,23.379,30.864,1330.534,30.864,30.864,1,1,
270,1790096930027496192,27.0,20,17,2240,1632,45.369,68.522,104.783,15.512,2,42.068,82.463,129.045,16.962,2,1.3725,17,1433.361,1330.496,1478.744,18.287,31.922,1330.534,31.922,31.922,1,1,
271,1790096930127496192,27.1,21,20,2352,1920,48.084,69.283,104.783,16.068,2,42.487,82.463,164.064,21.081,2,1.225,20,1426.531,1330.496,1489.891,19.048,31.922,1323.704,31.922,31.922,1,1,
272,1790096930227496192,27.2,19,19,2128,1824,46.948,69.283,104.783,17.422,2,42.636,87.302,164.064,22.431,2,1.1667,19,1427.98,1330.496,1489.891,19.048,36.761,1325.153,36.761,36.761,1,1,
273,1790096930327496192,27.3,17,19,1904,1824,45.132,88.377,104.783,17.767,2,42.646,87.302,164.064,24.531,2,1.0439,19,1424.55,1330.496,1489.891,38.142,36.761,1321.723,38.142,38.142,1,1,
274,1790096930427496192,27.4,20,17,2240,1632,45.369,88.377,205.948,30.144,4,42.646,129.045,164.064,26.883,2,1.3725,17,1425.082,1389.604,1489.891,38.142,78.504,1322.255,78.504,78.504,1,1,
275,1790096930527496192,27.5,20,17,2240,1632,45.369,69.283,205.948,28.5,4,42.227,164.064,194.862,36.563,2,1.3725,17,1427.98,1389.604,1489.891,19.048,113.523,1325.153,113.523,113.523,1,1,
276,1790096930627496192,27.6,21,18,2352,1728,47.074,80.519,205.948,30.959,4,41.649,87.302,194.862,34.075,4,1.3611,18,1426.284,1329.673,1489.891,30.284,36.761,1323.457,36.761,36.761,1,1,
277,1790096930727496192,27.7,19,21,2128,2016,47.074,80.519,205.948,33.012,4,42.022,87.302,194.862,31.513,4,1.0556,21,1424.55,1329.42,1489.891,30.284,36.761,1321.723,36.761,36.761,1,1,
278,1790096930827496192,27.8,21,19,2352,1824,46.991,80.519,205.948,32.559,4,42.984,87.302,194.862,34.903,4,1.2895,19,1409.739,1329.42,1489.891,30.284,36.761,1306.912,36.761,36.761,1,1,
279,1790096930927496192,27.9,22,20,2464,1920,46.07,80.519,205.948,28.818,4,42.394,87.302,194.862,33.334,4,1.2833,20,1394.778,1285.144,1489.891,30.284,36.761,1291.951,36.761,36.761,1,1,
280,1790096931027496192,28.0,21,21,2352,2016,46.776,80.519,205.948,28.469,4,42.984,87.302,194.862,33.646,4,1.1667,21,1390.322,1285.144,1489.891,30.284,36.761,1287.495,36.761,36.761,1,1,
281,1790096931127496192,28.1,21,19,2352,1824,46.509,80.519,205.948,28.659,4,43.064,120.367,194.862,39.14,4,1.2895,19,1385.377,1285.144,1479.677,30.284,69.826,1282.55,69.826,69.826,1,1,
282,1790096931227496192,28.2,22,20,2464,1920,46.07,62.39,113.404,20.434,4,41.675,120.367,194.862,34.852,4,1.2833,20,1383.346,1285.144,1479.677,12.155,69.826,1280.518,69.826,69.826,1,1,
283,1790096931327496192,28.3,23,19,2576,1824,46.509,79.7,113.404,21.034,4,41.73,120.367,194.862,32.279,4,1.4123,19,1381.314,1285.144,1466.492,29.465,69.826,1278.487,69.826,69.826,1,1,
284,1790096931427496192,28.4,20,20,2240,1920,46.949,79.7,113.404,17.385,2,41.786,84.731,123.341,25.128,4,1.1667,20,1383.346,1285.144,1466.492,29.465,34.19,1280.518,34.19,34.19,1,1,
285,1790096931527496192,28.5,21,21,2352,2016,46.509,63.97,113.404,16.253,2,42.09,84.965,123.341,26.03,4,1.1667,21,1385.377,1285.144,1481.687,13.735,34.424,1282.55,34.424,34.424,1,1,
286,1790096931627496192,28.6,22,18,2464,1728,46.07,79.7,113.404,16.951,2,43.734,84.965,123.341,23.2,2,1.4259,18,1392.001,1285.144,1481.687,29.465,34.424,1289.174,34.424,34.424,1,1,
287,1790096931727496192,28.7,20,18,2240,1728,46.07,63.97,90.671,14.272,2,43.734,85.643,123.341,27.746,2,1.2963,18,1392.001,1285.144,1481.687,13.735,35.102,1289.174,35.102,35.102,1,1,
288,1790096931827496192,28.8,19,19,2128,1824,46.509,79.7,139.689,19.846,2,44.466,120.367,123.341,32.622,2,1.1667,19,1424.545,1285.144,1481.687,29.465,69.826,1321.718,69.826,69.826,1,1,
289,1790096931927496192,28.9,21,19,2352,1824,46.281,79.7,139.689,19.348,2,44.466,118.44,121.976,32.35,2,1.2895,19,1425.119,1304.24,1486.418,29.465,67.899,1322.292,67.899,67.899,1,1,
290,1790096932027496192,29.0,19,20,2128,1920,43.801,79.7,139.689,20.533,2,44.255,118.44,121.976,33.16,2,1.1083,20,1425.744,1304.24,1486.418,29.465,67.899,1322.917,67.899,67.899,1,1,
291,1790096932127496192,29.1,20,20,2240,1920,41.988,90.671,139.689,25.312,2,41.786,85.74,121.976,29.381,2,1.1667,20,1426.046,1304.24,1486.418,40.436,35.199,1323.219,40.436,40.436,1,1,
292,1790096932227496192,29.2,22,20,2464,1920,45.614,90.671,139.689,24.878,2,44.255,118.44,127.424,33.594,2,1.2833,20,1425.421,1304.24,1486.418,40.436,67.899,1322.594,67.899,67.899,1,1,
293,1790096932327496192,29.3,23,20,2576,1920,45.74,90.671,139.689,22.293,2,44.255,118.44,127.424,33.613,2,1.3417,20,1428.343,1304.24,1486.418,40.436,67.899,1325.516,67.899,67.899,1,1,
294,1790096932427496192,29.4,21,20,2352,1920,46.494,90.671,139.689,22.989,2,44.255,118.44,127.424,32.929,2,1.225,20,1436.258,1304.24,1486.418,40.436,67.899,1333.431,67.899,67.899,1,1,
295,1790096932527496192,29.5,21,21,2352,2016,47.124,63.657,139.689,21.037,2,43.277,118.44,127.424,29.359,2,1.1667,21,1430.091,1304.24,1486.418,13.422,67.899,1327.264,67.899,67.899,1,1,
296,1790096932627496192,29.6,22,20,2464,1920,47.446,63.657,139.689,20.501,2,43.545,118.44,127.424,27.874,2,1.2833,20,1428.554,1304.24,1486.418,13.422,67.899,1325.727,67.899,67.899,1,1,
297,1790096932727496192,29.7,23,20,2576,1920,47.287,63.657,107.864,15.607,2,43.501,85.74,127.424,21.601,2,1.3417,20,1435.313,1355.145,1486.418,13.422,35.199,1332.486,35.199,35.199,1,1,
298,1790096932827496192,29.8,24,21,2688,2016,47.128,63.657,107.864,15.046,2,43.255,85.74,127.424,24.454,2,1.3333,21,1440.535,1355.145,1486.418,13.422,35.199,1337.708,35.199,35.199,1,1,
299,1790096932927496192,29.9,23,21,2576,2016,47.287,64.02,107.864,16.625,2,43.255,80.04,127.424,20.476,2,1.2778,21,1431.926,1355.145,1486.418,13.785,29.499,1329.099,29.499,29.499,1,1,
300,1790096933027496192,30.0,23,21,2576,2016,47.191,63.657,77.595,13.87,2,43.255,79.724,127.424,16.482,2,1.2778,21,1430.091,1355.145,1482.551,13.422,29.183,1327.264,29.183,29.183,1,1,
301,1790096933127496192,30.1,19,18,2128,1728,47.351,57.996,77.595,10.41,1,43.545,79.724,127.424,16.451,2,1.2315,18,1431.009,1355.145,1482.551,7.761,29.183,1328.181,29.183,29.183,1,1,
302,1790096933227496192,30.2,21,19,2352,1824,47.73,64.02,91.853,13.924,1,43.523,79.724,82.404,13.357,2,1.2895,19,1431.926,1349.383,1482.551,13.785,29.183,1329.099,29.183,29.183,1,1,
303,1790096933327496192,30.3,21,19,2352,1824,51.571,66.174,91.853,14.619,1,43.71,80.04,124.689,17.864,2,1.2895,19,1431.926,1349.383,1475.413,15.939,29.499,1329.099,29.499,29.499,1,1,
304,1790096933427496192,30.4,21,20,2352,1920,50.122,66.174,91.853,16.001,1,43.501,80.04,124.689,15.64,2,1.225,20,1436.231,1349.383,1484.763,15.939,29.499,1333.403,29.499,29.499,1,1,
305,1790096933527496192,30.5,21,19,2352,1824,49.764,66.174,91.853,16.442,1,43.688,82.404,124.689,18.598,2,1.2895,19,1440.535,1349.383,1484.763,15.939,31.863,1337.708,31.863,31.863,1,1,
306,1790096933627496192,30.6,23,19,2576,1824,49.764,66.174,91.853,17.463,2,43.342,82.902,124.689,19.218,2,1.4123,19,1443.253,1349.383,1484.763,15.939,32.361,1340.426,32.361,32.361,1,1,
307,1790096933727496192,30.7,23,19,2576,1824,49.764,66.174,91.853,17.365,2,42.946,82.902,124.689,19.205,2,1.4123,19,1457.578,1349.383,1484.763,15.939,32.361,1354.751,32.361,32.361,1,1,
308,1790096933827496192,30.8,21,18,2352,1728,49.764,66.174,91.853,17.987,2,42.708,83.117,124.689,15.874,1,1.3611,18,1460.86,1349.383,1484.763,15.939,32.576,1358.033,32.576,32.576,1,1,
309,1790096933927496192,30.9,23,18,2576,1728,47.005,66.174,173.393,24.394,3,42.708,83.117,124.689,15.972,1,1.4907,18,1460.86,1349.383,1484.763,15.939,32.576,1358.033,32.576,32.576,1,1,
310,1790096934027496192,31.0,21,16,2352,1536,49.514,63.819,173.393,24.143,3,42.708,83.35,124.689,17.712,1,1.5312,16,1466.569,1349.383,1484.763,13.584,32.809,1363.742,32.809,32.809,1,1,
311,1790096934127496192,31.1,22,15,2464,1440,52.273,66.174,173.393,23.191,3,42.946,124.689,252.856,30.8,1,1.7111,15,1474.046,1349.383,1495.593,15.939,74.148,1371.219,74.148,74.148,1,1,
312,1790096934227496192,31.2,21,15,2352,1440,49.138,68.91,173.393,26.018,3,42.946,83.35,252.856,25.327,1,1.6333,15,1475.48,1434.365,1495.593,18.675,32.809,1372.653,32.809,32.809,1,1,
313,1790096934327496192,31.3,22,16,2464,1536,37.072,68.91,173.393,24.836,3,42.708,83.35,252.856,29.01,2,1.6042,16,1474.375,1434.365,1495.593,18.675,32.809,1371.548,32.809,32.809,1,1,
314,1790096934427496192,31.4,21,16,2352,1536,36.498,79.797,173.393,26.18,3,42.708,86.038,252.856,31.504,2,1.5312,16,1472.468,1434.365,1495.593,29.562,35.497,1369.641,35.497,35.497,1,1,
315,1790096934527496192,31.5,22,16,2464,1536,35.924,79.797,173.393,26.75,3,42.708,86.038,252.856,29.032,2,1.6042,16,1472.468,1434.365,1495.593,29.562,35.497,1369.641,35.497,35.497,1,1,
316,1790096934627496192,31.6,21,16,2352,1536,36.498,79.797,173.393,25.313,3,42.708,86.038,252.856,31.799,2,1.5312,16,1472.468,1434.365,1495.593,29.562,35.497,1369.641,35.497,35.497,1,1,
317,1790096934727496192,31.7,21,16,2352,1536,37.609,79.797,173.393,26.476,3,46.258,128.644,252.856,37.157,2,1.5312,16,1472.468,1434.365,1495.593,29.562,78.103,1369.641,78.103,78.103,1,1,
318,1790096934827496192,31.8,21,16,2352,1536,41.025,74.451,90.657,20.437,3,43.491,128.644,252.856,34.819,2,1.5312,16,1471.712,1434.365,1495.593,24.216,78.103,1368.885,78.103,78.103,1,1,
319,1790096934927496192,31.9,23,15,2576,1440,41.025,74.451,90.657,20.336,3,44.874,88.682,128.644,25.302,2,1.7889,15,1473.27,1446.525,1495.593,24.216,38.141,1370.443,38.141,38.141,1,1,
320,1790096935027496192,32.0,20,18,2240,1728,42.756,74.451,90.657,16.9,1,43.491,86.038,128.644,21.239,2,1.2963,18,1469.441,1428.821,1495.593,24.216,35.497,1366.614,35.497,35.497,1,1,
321,1790096935127496192,32.1,21,19,2352,1824,48.085,74.451,90.657,16.738,1,43.197,86.038,128.644,20.454,2,1.2895,19,1468.727,1428.821,1495.593,24.216,35.497,1365.9,35.497,35.497,1,1,
322,1790096935227496192,32.2,20,19,2240,1824,53.414,70.063,79.797,14.862,1,42.64,86.038,128.644,22.591,2,1.2281,19,1466.813,1428.821,1491.396,19.828,35.497,1363.986,35.497,35.497,1,1,
323,1790096935327496192,32.3,21,21,2352,2016,51.415,60.334,74.451,11.168,1,42.689,86.038,128.644,22.271,2,1.1667,21,1465.197,1365.306,1496.224,10.099,35.497,1362.37,35.497,35.497,1,1,
324,1790096935427496192,32.4,20,20,2240,1920,51.569,59.97,70.063,9.356,1,42.904,83.801,128.644,21.135,2,1.1667,20,1458.03,1365.306,1496.224,9.735,33.26,1355.203,33.26,33.26,1,1,
325,1790096935527496192,32.5,21,19,2352,1824,50.364,59.97,70.063,9.091,1,42.425,83.801,128.644,20.064,2,1.2895,19,1456.54,1365.306,1496.224,9.735,33.26,1353.713,33.26,33.26,1,1,
326,1790096935627496192,32.6,20,18,2240,1728,51.261,60.334,77.052,9.96,1,42.475,83.748,88.682,15.904,2,1.2963,18,1452.405,1365.306,1496.224,10.099,33.207,1349.578,33.207,33.207,1,1,
327,1790096935727496192,32.7,20,19,2240,1824,49.466,58.195,77.052,9.901,1,42.425,83.801,88.741,17.694,2,1.2281,19,1446.525,1365.306,1496.224,7.96,33.26,1343.698,33.26,33.26,1,1,
328,1790096935827496192,32.8,20,19,2240,1824,49.466,58.195,77.052,9.789,1,43.345,88.682,90.469,20.351,2,1.2281,19,1446.066,1365.306,1496.224,7.96,38.141,1343.239,38.141,38.141,1,1,
329,1790096935927496192,32.9,20,20,2240,1920,49.466,58.195,77.052,9.067,1,43.023,83.801,90.469,16.879,2,1.1667,20,1445.924,1365.306,1496.224,7.96,33.26,1343.097,33.26,33.26,1,1,
330,1790096936027496192,33.0,20,19,2240,1824,49.466,57.819,77.052,8.108,1,43.05,83.801,90.469,19.787,2,1.2281,19,1446.066,1365.306,1496.224,7.584,33.26,1343.239,33.26,33.26,1,1,
331,1790096936127496192,33.1,20,18,2240,1728,49.634,61.921,77.052,8.198,1,43.023,83.748,90.469,18.189,2,1.2963,18,1447.168,1365.306,1496.224,11.686,33.207,1344.341,33.207,33.207,1,1,
332,1790096936227496192,33.2,20,19,2240,1824,49.634,67.694,77.052,9.437,1,43.05,83.748,90.469,15.148,1,1.2281,19,1456.738,1365.306,1496.224,17.459,33.207,1353.911,33.207,33.207,1,1,
333,1790096936327496192,33.3,20,19,2240,1824,49.466,67.694,77.052,10.452,1,43.646,83.748,90.469,15.333,1,1.2281,19,1456.785,1406.429,1491.113,17.459,33.207,1353.958,33.207,33.207,1,1,
334,1790096936427496192,33.4,20,18,2240,1728,49.634,67.694,77.052,11.135,1,44.214,85.612,90.469,16.055,1,1.2963,18,1458.717,1412.556,1491.113,17.459,35.071,1355.89,35.071,35.071,1,1,
335,1790096936527496192,33.5,18,19,2016,1824,49.634,63.083,69.323,10.685,1,43.646,85.612,90.469,17.715,2,1.1053,19,1460.65,1405.317,1491.113,12.848,35.071,1357.823,35.071,35.071,1,1,
336,1790096936627496192,33.6,20,19,2240,1824,49.634,67.694,145.847,18.34,3,43.05,83.723,90.469,15.497,2,1.2281,19,1460.65,1405.317,1491.113,17.459,33.182,1357.823,33.182,33.182,1,1,
337,1790096936727496192,33.7,21,18,2352,1728,48.087,67.694,145.847,18.147,3,43.078,85.612,165.263,23.325,2,1.3611,18,1462.326,1405.317,1499.635,17.459,35.071,1359.499,35.071,35.071,1,1,
338,1790096936827496192,33.8,21,19,2352,1824,48.087,67.694,145.847,18.242,3,42.793,83.723,165.263,19.547,2,1.2895,19,1473.702,1405.317,1499.635,17.459,33.182,1370.875,33.182,33.182,1,1,
339,1790096936927496192,33.9,21,19,2352,1824,45.62,71.229,145.847,23.703,3,42.562,83.723,165.263,19.734,2,1.2895,19,1471.965,1405.317,1499.635,20.994,33.182,1369.138,33.182,33.182,1,1,
340,1790096937027496192,34.0,21,17,2352,1632,45.042,89.784,145.847,26.89,3,42.562,85.612,165.263,19.586,2,1.4412,17,1471.965,1405.317,1499.635,39.549,35.071,1369.138,39.549,39.549,1,1,
341,1790096937127496192,34.1,20,15,2240,1440,43.543,89.784,145.847,27.338,3,43.612,85.612,165.263,22.176,2,1.5556,15,1463.224,1405.317,1499.635,39.549,35.071,1360.397,39.549,39.549,1,1,
342,1790096937227496192,34.2,21,17,2352,1632,46.652,89.784,145.847,27.192,3,42.081,165.102,165.263,32.118,2,1.4412,17,1462.813,1405.317,1499.635,39.549,114.561,1359.986,114.561,114.561,1,1,
343,1790096937327496192,34.3,20,16,2240,1536,46.764,89.784,145.847,28.646,3,42.395,165.102,165.263,33.87,2,1.4583,16,1459.635,1405.317,1499.635,39.549,114.561,1356.808,114.561,114.561,1,1,
344,1790096937427496192,34.4,19,18,2128,1728,46.652,89.784,145.847,29.65,3,41.597,122.421,165.263,32.497,2,1.2315,18,1459.5,1405.317,1499.635,39.549,71.88,1356.673,71.88,71.88,1,1,
345,1790096937527496192,34.5,21,16,2352,1536,45.042,89.784,156.214,31.856,3,42.395,165.102,165.263,34.249,2,1.5312,16,1459.5,1415.809,1499.635,39.549,114.561,1356.673,114.561,114.561,1,1,
346,1790096937627496192,34.6,21,17,2352,1632,46.652,89.784,156.214,30.602,3,41.688,124.748,165.102,34.559,3,1.4412,17,1460.381,1362.688,1499.635,39.549,74.207,1357.554,74.207,74.207,1,1,
347,1790096937727496192,34.7,21,19,2352,1824,46.869,93.865,156.214,34.258,3,41.688,122.421,165.102,35.43,3,1.2895,19,1458.62,1348.367,1499.635,43.63,71.88,1355.793,71.88,71.88,1,1,
348,1790096937827496192,34.8,21,18,2352,1728,46.869,93.865,156.214,33.647,3,42.395,122.421,165.102,39.912,3,1.3611,18,1439.284,1348.367,1485.125,43.63,71.88,1336.457,71.88,71.88,1,1,
349,1790096937927496192,34.9,22,18,2464,1728,46.423,89.784,156.214,29.43,3,42.876,122.421,165.102,42.137,3,1.4259,18,1427.831,1314.703,1483.014,39.549,71.88,1325.004,71.88,71.88,1,1,
350,1790096938027496192,35.0,21,19,2352,1824,46.869,81.437,156.214,26.806,3,42.635,87.11,124.748,35.246,3,1.2895,19,1423.29,1314.703,1483.014,31.202,36.569,1320.463,36.569,36.569,1,1,
351,1790096938127496192,35.1,19,17,2128,1632,46.869,81.437,156.214,26.775,3,42.635,87.11,124.748,32.0,3,1.3039,17,1415.809,1314.703,1469.783,31.202,36.569,1312.982,36.569,36.569,1,1,
352,1790096938227496192,35.2,21,20,2352,1920,46.698,81.437,156.214,25.983,3,42.772,86.386,124.748,29.532,3,1.225,20,1422.611,1314.703,1469.783,31.202,35.845,1319.784,35.845,35.845,1,1,
353,1790096938327496192,35.3,20,18,2240,1728,46.423,77.734,93.865,23.042,3,42.772,84.948,124.748,30.419,3,1.2963,18,1418.87,1314.703,1469.783,27.499,34.407,1316.043,34.407,34.407,1,1,
354,1790096938427496192,35.4,22,19,2464,1824,48.021,77.734,93.865,21.684,3,42.824,87.11,133.176,35.975,3,1.3509,19,1421.932,1314.703,1469.219,27.499,36.569,1319.105,36.569,36.569,1,1,
355,1790096938527496192,35.5,22,19,2464,1824,48.021,69.641,93.865,16.562,1,42.215,84.918,133.176,29.242,3,1.3509,19,1423.23,1314.703,1469.219,19.406,34.377,1320.403,34.377,34.377,1,1,
356,1790096938627496192,35.6,21,21,2352,2016,47.222,67.573,77.734,13.615,1,42.215,84.918,133.176,26.681,3,1.1667,21,1421.932,1314.703,1469.219,17.338,34.377,1319.105,34.377,34.377,1,1,
357,1790096938727496192,35.7,20,20,2240,1920,54.004,69.641,77.734,12.886,1,42.772,84.948,133.176,25.925,2,1.1667,20,1422.581,1314.703,1461.405,19.406,34.407,1319.754,34.407,34.407,1,1,
358,1790096938827496192,35.8,20,18,2240,1728,48.021,69.641,77.734,13.297,1,42.772,83.016,133.176,23.833,2,1.2963,18,1423.26,1314.703,1461.405,19.406,32.475,1320.433,32.475,32.475,1,1,
359,1790096938927496192,35.9,21,18,2352,1728,51.012,67.579,77.734,15.115,1,42.772,86.908,133.176,29.063,2,1.3611,18,1424.356,1336.829,1468.613,17.344,36.367,1321.529,36.367,36.367,1,1,
360,1790096939027496192,36.0,21,19,2352,1824,52.04,71.027,77.734,16.14,1,41.876,86.908,133.176,25.739,2,1.2895,19,1428.403,1336.829,1468.613,20.792,36.367,1325.576,36.367,36.367,1,1,
361,1790096939127496192,36.1,19,17,2128,1632,52.04,71.027,77.734,16.612,1,43.142,131.8,133.176,28.574,2,1.3039,17,1428.403,1336.829,1468.613,20.792,81.259,1325.576,81.259,81.259,1,1,
362,1790096939227496192,36.2,20,17,2240,1632,47.245,69.293,74.518,14.365,1,45.615,131.8,133.176,30.505,2,1.3725,17,1436.123,1336.829,1468.613,19.058,81.259,1333.296,81.259,81.259,1,1,
363,1790096939327496192,36.3,20,19,2240,1824,47.245,69.293,74.518,12.301,1,43.142,85.597,131.8,26.893,2,1.2281,19,1444.391,1336.829,1480.411,19.058,35.056,1341.564,35.056,35.056,1,1,
364,1790096939427496192,36.4,21,19,2352,1824,46.548,69.293,74.518,11.982,1,42.665,85.597,131.8,22.549,2,1.2895,19,1434.202,1336.829,1480.411,19.058,35.056,1331.375,35.056,35.056,1,1,
365,1790096939527496192,36.5,21,19,2352,1824,46.548,69.293,74.518,12.25,1,44.542,86.908,131.8,24.476,2,1.2895,19,1434.202,1336.829,1480.411,19.058,36.367,1331.375,36.367,36.367,1,1,
366,1790096939627496192,36.6,20,19,2240,1824,47.245,69.293,74.518,12.363,1,42.931,86.908,131.8,24.529,2,1.2281,19,1434.202,1336.829,1480.411,19.058,36.367,1331.375,36.367,36.367,1,1,
367,1790096939727496192,36.7,21,18,2352,1728,46.618,67.579,74.518,11.044,1,42.08,85.597,131.8,20.749,2,1.3611,18,1435.162,1336.829,1480.411,17.344,35.056,1332.335,35.056,35.056,1,1,
368,1790096939827496192,36.8,20,18,2240,1728,47.945,67.579,74.518,10.605,1,41.549,80.699,88.688,15.475,2,1.2963,18,1435.162,1383.879,1480.411,17.344,30.158,1332.335,30.158,30.158,1,1,
369,1790096939927496192,36.9,21,19,2352,1824,46.968,61.389,74.518,10.068,1,41.815,84.891,88.688,17.023,2,1.2895,19,1436.123,1383.879,1480.411,11.154,34.35,1333.296,34.35,34.35,1,1,
370,1790096940027496192,37.0,21,18,2352,1728,46.968,61.389,73.583,9.656,1,43.781,84.891,88.688,22.347,2,1.3611,18,1440.257,1383.879,1490.53,11.154,34.35,1337.43,34.35,34.35,1,1,
371,1790096940127496192,37.1,19,17,2128,1632,46.968,59.262,73.583,9.426,1,42.931,84.891,88.688,21.13,2,1.3039,17,1436.123,1383.879,1490.53,9.027,34.35,1333.296,34.35,34.35,1,1,
372,1790096940227496192,37.2,20,20,2240,1920,51.176,61.389,77.261,10.864,1,42.08,84.891,88.688,22.451,2,1.1667,20,1444.745,1383.879,1490.53,11.154,34.35,1341.918,34.35,34.35,1,1,
373,1790096940327496192,37.3,19,20,2128,1920,49.56,61.389,77.261,11.566,1,41.549,84.891,88.688,20.57,2,1.1083,20,1433.398,1383.879,1490.53,11.154,34.35,1330.571,34.35,34.35,1,1,
374,1790096940427496192,37.4,20,19,2240,1824,50.541,73.583,115.665,16.146,2,41.784,84.891,88.688,19.477,2,1.2281,19,1423.739,1383.879,1490.53,23.348,34.35,1320.912,34.35,34.35,1,1,
375,1790096940527496192,37.5,20,19,2240,1824,50.541,73.583,115.665,16.289,2,41.451,84.891,129.014,23.989,2,1.2281,19,1423.739,1383.879,1490.53,23.348,34.35,1320.912,34.35,34.35,1,1,
376,1790096940627496192,37.6,20,19,2240,1824,50.541,73.583,115.665,16.212,2,43.117,84.891,129.014,24.107,2,1.2281,19,1422.314,1383.879,1490.53,23.348,34.35,1319.487,34.35,34.35,1,1,
377,1790096940727496192,37.7,20,19,2240,1824,50.541,73.583,115.665,15.736,2,43.117,84.891,129.014,24.324,2,1.2281,19,1439.535,1390.409,1490.53,23.348,34.35,1336.708,34.35,34.35,1,1,
378,1790096940827496192,37.8,21,19,2352,1824,50.858,76.401,115.665,16.912,2,43.612,84.519,129.014,22.01,2,1.2895,19,1435.565,1390.409,1490.53,26.166,33.978,1332.738,33.978,33.978,1,1,
379,1790096940927496192,37.9,19,20,2128,1920,49.254,76.401,115.665,17.137,2,42.739,83.667,129.014,22.953,2,1.1083,20,1434.449,1390.409,1490.53,26.166,33.126,1331.621,33.126,33.126,1,1,
380,1790096941027496192,38.0,17,20,1904,1920,49.254,77.261,115.665,17.387,2,42.739,83.581,129.014,22.948,2,0.9917,20,1434.449,1390.409,1490.53,27.026,33.04,1331.621,33.04,33.04,1,1,
381,1790096941127496192,38.1,16,19,1792,1824,47.967,76.401,115.665,16.594,2,42.808,82.007,129.014,21.699,2,0.9825,19,1433.332,1390.409,1473.571,26.166,31.466,1330.505,31.466,31.466,1,1,
382,1790096941227496192,38.2,19,17,2128,1632,43.592,76.401,235.908,32.385,5,42.808,83.581,129.014,19.315,2,1.3039,17,1433.332,1390.409,1473.571,26.166,33.04,1330.505,33.04,33.04,1,1,
383,1790096941327496192,38.3,21,17,2352,1632,38.799,76.401,235.908,41.027,5,43.68,129.014,248.929,34.551,2,1.4412,17,1433.332,1390.409,1476.32,26.166,78.473,1330.505,78.473,78.473,1,1,
384,1790096941427496192,38.4,21,15,2352,1440,36.821,76.401,235.908,38.834,5,43.68,129.014,248.929,39.249,2,1.6333,15,1435.565,1390.409,1476.32,26.166,78.473,1332.738,78.473,78.473,1,1,
385,1790096941527496192,38.5,21,17,2352,1632,36.821,76.401,235.908,39.008,5,42.808,218.078,248.929,45.268,3,1.4412,17,1435.565,1361.639,1476.32,26.166,167.537,1332.738,167.537,167.537,1,1,
386,1790096941627496192,38.6,21,17,2352,1632,36.821,76.401,235.908,39.318,5,42.808,218.078,248.929,47.718,4,1.4412,17,1433.332,1272.043,1476.32,26.166,167.537,1330.505,167.537,167.537,1,1,
387,1790096941727496192,38.7,21,17,2352,1632,36.821,76.401,235.908,39.793,5,42.808,218.078,248.929,45.227,4,1.4412,17,1422.709,1272.043,1476.32,26.166,167.537,1319.882,167.537,167.537,1,1,
388,1790096941827496192,38.8,21,16,2352,1536,38.344,71.388,235.908,38.894,5,42.168,218.078,248.929,48.431,4,1.5312,16,1399.936,1272.043,1476.32,21.153,167.537,1297.109,167.537,167.537,1,1,
389,1790096941927496192,38.9,20,17,2240,1632,35.866,59.613,230.861,30.576,5,42.412,218.078,248.929,45.736,4,1.3725,17,1361.639,1272.043,1476.32,9.378,167.537,1258.812,167.537,167.537,1,1,
390,1790096942027496192,39.0,22,15,2464,1440,35.866,71.388,230.861,32.175,5,42.412,218.078,248.929,49.161,4,1.7111,15,1345.54,1272.043,1476.32,21.153,167.537,1242.713,167.537,167.537,1,1,
391,1790096942127496192,39.1,20,18,2240,1728,44.322,70.341,94.825,19.493,4,41.679,87.132,218.078,38.202,4,1.2963,18,1338.718,1272.043,1476.32,20.106,36.591,1235.891,36.591,36.591,1,1,
392,1790096942227496192,39.2,22,19,2464,1824,44.322,70.341,94.825,18.8,4,40.713,87.132,218.078,36.258,4,1.3509,19,1331.895,1272.043,1476.32,20.106,36.591,1229.068,36.591,36.591,1,1,
393,1790096942327496192,39.3,24,20,2688,1920,44.322,71.388,94.825,19.145,4,41.679,86.832,124.15,25.266,4,1.4,20,1312.187,1159.683,1461.0,21.153,36.291,1209.36,36.291,36.291,1,1,
394,1790096942427496192,39.4,20,22,2240,2112,49.371,71.388,94.825,15.602,2,41.679,86.832,124.15,23.063,4,1.0606,22,1312.187,1159.683,1461.0,21.153,36.291,1209.36,36.291,36.291,1,1,
395,1790096942527496192,39.5,19,24,2128,2304,48.679,71.388,94.825,15.696,2,41.679,86.832,124.15,22.712,4,0.9236,24,1310.376,1159.683,1461.0,21.153,36.291,1207.548,36.291,36.291,1,1,
396,1790096942627496192,39.6,20,21,2240,2016,49.371,82.934,122.617,21.954,2,42.513,84.869,124.15,17.596,2,1.1111,21,1304.35,1159.683,1386.424,32.699,34.328,1201.523,34.328,34.328,1,1,
397,1790096942727496192,39.7,21,19,2352,1824,49.525,82.934,122.617,20.641,2,42.513,84.869,124.15,19.451,2,1.2895,19,1304.35,1159.683,1386.424,32.699,34.328,1201.523,34.328,34.328,1,1,
398,1790096942827496192,39.8,21,21,2352,2016,48.834,94.825,122.617,25.681,2,42.513,84.869,126.741,21.54,2,1.1667,21,1310.722,1159.683,1393.884,44.59,34.328,1207.895,44.59,44.59,1,1,
399,1790096942927496192,39.9,21,20,2352,1920,48.834,82.934,122.617,23.685,2,42.42,84.869,126.741,20.59,2,1.225,20,1310.376,1159.683,1393.884,32.699,34.328,1207.548,34.328,34.328,1,1,
400,1790096943027496192,40.0,20,22,2240,2112,47.988,82.934,122.617,21.453,2,42.42,124.15,128.273,26.616,3,1.0606,22,1310.376,1159.683,1415.719,32.699,73.609,1207.548,73.609,73.609,1,1,
401,1790096943127496192,40.1,21,21,2352,2016,48.218,82.934,122.617,20.703,2,42.513,84.869,128.273,23.741,3,1.1667,21,1310.722,1159.683,1415.719,32.699,34.328,1207.895,34.328,34.328,1,1,
402,1790096943227496192,40.2,21,20,2352,1920,49.064,82.934,122.617,20.711,2,42.606,83.063,128.273,22.471,3,1.225,20,1326.539,1159.683,1415.719,32.699,32.522,1223.712,32.699,32.699,1,1,
403,1790096943327496192,40.3,21,19,2352,1824,48.218,66.781,122.617,19.132,2,42.673,83.063,128.273,23.942,3,1.2895,19,1326.72,1174.415,1415.719,16.546,32.522,1223.893,32.522,32.522,1,1,
404,1790096943427496192,40.4,21,19,2352,1824,48.218,66.781,122.617,18.086,2,42.673,126.741,128.572,28.588,3,1.2895,19,1341.792,1174.415,1441.003,16.546,76.2,1238.965,76.2,76.2,1,1,
405,1790096943527496192,40.5,20,18,2240,1728,48.448,64.871,101.515,15.744,2,42.74,126.741,128.572,28.046,3,1.2963,18,1350.353,1214.875,1441.003,14.636,76.2,1247.526,76.2,76.2,1,1,
406,1790096943627496192,40.6,20,19,2240,1824,49.062,66.781,101.515,17.034,2,42.799,126.741,128.572,28.613,3,1.2281,19,1369.511,1298.418,1446.61,16.546,76.2,1266.684,76.2,76.2,1,1,
407,1790096943727496192,40.7,21,20,2352,1920,48.755,83.588,101.515,18.729,2,42.611,83.728,128.572,27.085,3,1.225,20,1380.614,1298.418,1472.736,33.353,33.187,1277.786,33.353,33.353,1,1,
408,1790096943827496192,40.8,22,18,2464,1728,48.448,73.378,98.87,17.44,2,42.987,83.728,128.572,29.905,3,1.4259,18,1395.625,1298.418,1472.736,23.143,33.187,1292.798,33.187,33.187,1,1,
409,1790096943927496192,40.9,21,17,2352,1632,48.755,73.378,98.87,15.716,2,42.799,83.728,128.572,28.885,3,1.4412,17,1415.719,1298.418,1476.253,23.143,33.187,1312.892,33.187,33.187,1,1,
410,1790096944027496192,41.0,19,19,2128,1824,48.755,73.378,98.87,16.958,2,42.799,83.728,128.572,30.411,3,1.1667,19,1401.443,1298.418,1476.253,23.143,33.187,1298.616,33.187,33.187,1,1,
411,1790096944127496192,41.1,16,15,1792,1440,49.062,83.588,98.87,18.245,2,42.799,85.545,128.572,27.322,2,1.2444,15,1426.398,1312.523,1476.253,33.353,35.004,1323.571,35.004,35.004,1,1,
412,1790096944227496192,41.2,21,17,2352,1632,48.132,83.588,134.651,23.237,3,42.799,128.572,251.144,42.223,3,1.4412,17,1401.443,1312.523,1476.253,33.353,78.031,1298.616,78.031,78.031,1,1,
413,1790096944327496192,41.3,19,16,2128,1536,51.299,83.588,134.651,26.57,3,42.987,96.038,251.144,42.399,3,1.3854,16,1416.397,1365.729,1476.253,33.353,45.497,1313.57,45.497,45.497,1,1,
414,1790096944427496192,41.4,20,17,2240,1632,49.062,98.87,134.651,32.727,3,44.362,96.038,251.144,39.692,3,1.3725,17,1402.322,1365.729,1476.253,48.635,45.497,1299.495,48.635,48.635,1,1,
415,1790096944527496192,41.5,21,16,2352,1536,47.666,83.588,134.651,30.197,3,45.063,96.038,251.144,42.752,3,1.5312,16,1404.359,1365.729,1476.253,33.353,45.497,1301.532,45.497,45.497,1,1,
416,1790096944627496192,41.6,21,17,2352,1632,49.903,83.588,134.651,29.646,3,63.713,104.476,251.144,49.074,3,1.4412,17,1400.901,1343.944,1476.253,33.353,53.935,1298.074,53.935,53.935,1,1,
417,1790096944727496192,41.7,19,18,2128,1728,49.903,81.879,134.651,29.125,3,45.063,96.038,251.144,49.371,3,1.2315,18,1396.173,1336.684,1476.253,31.644,45.497,1293.346,45.497,45.497,1,1,
418,1790096944827496192,41.8,21,17,2352,1632,49.903,112.401,150.783,34.341,3,44.362,104.476,251.144,50.013,3,1.4412,17,1391.193,1314.808,1476.253,62.166,53.935,1288.366,62.166,62.166,1,1,
419,1790096944927496192,41.9,20,16,2240,1536,53.536,112.401,150.783,35.393,3,43.66,104.476,251.144,50.555,3,1.4583,16,1390.89,1314.808,1445.099,62.166,53.935,1288.063,62.166,62.166,1,1,
420,1790096945027496192,42.0,22,15,2464,1440,45.448,112.401,150.783,34.223,3,44.362,104.476,212.032,48.276,3,1.7111,15,1390.587,1314.808,1445.099,62.166,53.935,1287.76,62.166,62.166,1,1,
421,1790096945127496192,42.1,20,17,2240,1632,45.448,112.401,150.783,33.38,3,44.362,104.476,212.032,47.662,3,1.3725,17,1390.587,1314.808,1465.868,62.166,53.935,1287.76,62.166,62.166,1,1,
422,1790096945227496192,42.2,18,18,2016,1728,35.985,112.401,150.783,36.274,3,45.063,104.476,212.032,50.039,3,1.1667,18,1395.738,1314.808,1465.868,62.166,53.935,1292.911,62.166,62.166,1,1,
423,1790096945327496192,42.3,20,17,2240,1632,35.828,117.88,197.091,40.398,3,44.362,133.145,212.032,47.38,3,1.3725,17,1390.587,1314.808,1465.868,67.645,82.604,1287.76,82.604,82.604,1,1,
424,1790096945427496192,42.4,20,18,2240,1728,31.36,117.88,197.091,36.33,3,41.53,133.145,212.032,57.183,3,1.2963,18,1381.096,1314.808,1465.868,67.645,82.604,1278.269,82.604,82.604,1,1,
425,1790096945527496192,42.5,20,17,2240,1632,31.36,117.88,197.091,36.583,3,20.89,173.916,212.032,57.285,3,1.3725,17,1379.662,1314.808,1465.868,67.645,123.375,1276.835,123.375,123.375,1,1,
426,1790096945627496192,42.6,19,17,2128,1632,32.831,76.344,197.091,34.335,3,41.313,173.916,212.032,51.626,3,1.3039,17,1377.349,1314.14,1465.868,26.109,123.375,1274.522,123.375,123.375,1,1,
427,1790096945727496192,42.7,22,16,2464,1536,35.985,76.344,197.091,33.182,3,41.53,173.916,212.032,52.683,3,1.6042,16,1376.199,1288.309,1465.868,26.109,123.375,1273.372,123.375,123.375,1,1,
428,1790096945827496192,42.8,21,16,2352,1536,43.23,76.344,197.091,31.731,3,41.53,133.145,173.916,41.514,3,1.5312,16,1379.94,1288.309,1465.868,26.109,82.604,1277.113,82.604,82.604,1,1,
429,1790096945927496192,42.9,20,18,2240,1728,29.678,76.344,197.091,33.866,3,41.147,95.814,173.916,36.779,3,1.2963,18,1381.326,1288.309,1465.868,26.109,45.273,1278.499,45.273,45.273,1,1,
430,1790096946027496192,43.0,20,19,2240,1824,29.678,76.344,197.091,33.866,3,41.122,95.814,173.916,37.13,3,1.2281,19,1380.121,1288.309,1465.868,26.109,45.273,1277.294,45.273,45.273,1,1,
431,1790096946127496192,43.1,20,17,2240,1632,29.678,76.344,136.312,32.168,3,41.122,95.814,173.916,33.465,3,1.3725,17,1377.349,1288.309,1440.246,26.109,45.273,1274.522,45.273,45.273,1,1,
432,1790096946227496192,43.2,23,17,2576,1632,40.076,93.868,136.312,33.524,3,41.122,95.814,173.916,33.465,3,1.5784,17,1377.349,1288.309,1440.246,43.633,45.273,1274.522,45.273,45.273,1,1,
433,1790096946327496192,43.3,21,17,2352,1632,52.669,93.868,136.312,31.253,3,40.05,95.814,295.635,43.618,3,1.4412,17,1374.094,1288.309,1462.326,43.633,45.273,1271.267,45.273,45.273,1,1,
434,1790096946427496192,43.4,20,19,2240,1824,57.446,93.868,136.312,31.626,3,40.05,89.217,295.635,43.728,3,1.2281,19,1370.707,1288.309,1462.326,43.633,38.676,1267.88,43.633,43.633,1,1,
435,1790096946527496192,43.5,20,17,2240,1632,62.158,93.868,136.312,32.035,3,41.122,97.868,295.635,44.186,3,1.3725,17,1380.121,1288.309,1462.326,43.633,47.327,1277.294,47.327,47.327,1,1,
436,1790096946627496192,43.6,19,13,2128,1248,59.802,116.991,151.79,38.095,3,40.076,97.868,295.635,51.502,3,1.7051,13,1380.121,1288.309,1462.326,66.756,47.327,1277.294,66.756,66.756,1,1,
437,1790096946727496192,43.7,21,13,2352,1248,52.34,116.991,151.79,38.38,3,40.076,221.098,295.635,63.058,3,1.8846,13,1385.44,1341.784,1462.326,66.756,170.557,1282.613,170.557,170.557,1,1,
438,1790096946827496192,43.8,20,13,2240,1248,49.817,97.652,151.79,40.409,3,65.155,221.098,295.635,69.659,3,1.7949,13,1405.216,1341.784,1481.99,47.417,170.557,1302.389,170.557,170.557,1,1,
439,1790096946927496192,43.9,21,14,2352,1344,53.632,97.652,151.79,38.835,3,43.706,221.098,295.635,67.089,3,1.75,14,1405.826,1341.784,1481.99,47.417,170.557,1302.999,170.557,170.557,1,1,
440,1790096947027496192,44.0,22,14,2464,1344,49.817,93.868,151.79,32.868,3,43.706,134.839,221.098,54.738,3,1.8333,14,1408.747,1341.784,1481.99,43.633,84.298,1305.92,84.298,84.298,1,1,
441,1790096947127496192,44.1,19,15,2128,1440,53.632,76.9,151.79,30.37,3,44.492,134.839,221.098,53.828,3,1.4778,15,1411.058,1341.784,1481.99,26.665,84.298,1308.231,84.298,84.298,1,1,
442,1790096947227496192,44.2,17,15,1904,1440,53.632,97.652,151.79,30.282,3,44.492,134.839,221.098,53.828,3,1.3222,15,1411.058,1341.784,1481.99,47.417,84.298,1308.231,84.298,84.298,1,1,
443,1790096947327496192,44.3,21,13,2352,1248,45.529,97.652,151.79,35.459,3,65.491,134.839,221.098,57.366,3,1.8846,13,1435.065,1341.784,1481.99,47.417,84.298,1332.238,84.298,84.298,1,1,
444,1790096947427496192,44.4,19,14,2128,1344,43.822,97.652,151.79,34.514,3,45.278,134.839,221.098,58.522,3,1.5833,14,1434.573,1297.735,1481.99,47.417,84.298,1331.746,84.298,84.298,1,1,
445,1790096947527496192,44.5,21,16,2352,1536,43.822,84.507,150.909,31.446,3,43.706,124.996,134.839,45.366,3,1.5312,16,1434.573,1297.735,1481.99,34.272,74.455,1331.746,74.455,74.455,1,1,
446,1790096947627496192,44.6,23,17,2576,1632,43.822,84.507,150.909,29.362,3,43.951,124.996,134.839,42.562,3,1.5784,17,1434.081,1297.735,1481.99,34.272,74.455,1331.254,74.455,74.455,1,1,
447,1790096947727496192,44.7,21,18,2352,1728,50.869,84.507,150.909,28.101,3,43.706,124.996,173.524,45.581,3,1.3611,18,1434.061,1297.735,1498.206,34.272,74.455,1331.234,74.455,74.455,1,1,
448,1790096947827496192,44.8,21,20,2352,1920,47.902,74.956,150.909,26.387,3,44.196,124.996,173.524,41.409,3,1.225,20,1433.745,1297.735,1498.206,24.721,74.455,1330.918,74.455,74.455,1,1,
449,1790096947927496192,44.9,21,16,2352,1536,47.902,84.507,150.909,25.433,3,49.08,124.996,173.524,42.578,3,1.5312,16,1433.745,1297.735,1498.206,34.272,74.455,1330.918,74.455,74.455,1,1,
450,1790096948027496192,45.0,20,18,2240,1728,49.402,84.507,150.909,25.794,3,49.08,114.559,173.524,39.899,3,1.2963,18,1433.745,1297.735,1498.206,34.272,64.018,1330.918,64.018,64.018,1,1,
451,1790096948127496192,45.1,21,17,2352,1632,47.902,84.507,126.452,25.751,3,49.894,124.996,173.524,37.518,3,1.4412,17,1433.45,1297.735,1498.206,34.272,74.455,1330.623,74.455,74.455,1,1,
452,1790096948227496192,45.2,21,18,2352,1728,47.902,84.507,126.452,23.002,3,50.708,95.359,173.524,34.044,3,1.3611,18,1433.745,1297.735,1498.206,34.272,44.818,1330.918,44.818,44.818,1,1,
453,1790096948327496192,45.3,21,20,2352,1920,50.147,84.507,126.452,21.265,3,49.08,85.906,173.524,33.33,3,1.225,20,1433.745,1297.735,1498.206,34.272,35.365,1330.918,35.365,35.365,1,1,
454,1790096948427496192,45.4,20,17,2240,1632,50.891,84.507,126.452,22.402,3,53.745,99.717,173.524,33.152,3,1.3725,17,1436.289,1342.657,1498.206,34.272,49.176,1333.462,49.176,49.176,1,1,
455,1790096948527496192,45.5,22,16,2464,1536,50.891,79.779,126.452,22.155,3,57.816,107.469,173.524,34.064,3,1.6042,16,1449.714,1381.714,1498.206,29.544,56.928,1346.887,56.928,56.928,1,1,
456,1790096948627496192,45.6,20,18,2240,1728,52.514,79.779,126.452,22.05,3,56.783,85.906,107.469,28.522,3,1.2963,18,1463.084,1381.714,1498.206,29.544,35.365,1360.257,35.365,35.365,1,1,
457,1790096948727496192,45.7,21,19,2352,1824,53.113,79.779,126.452,23.752,3,57.299,93.56,107.469,28.98,3,1.2895,19,1452.985,1381.714,1498.206,29.544,43.019,1350.158,43.019,43.019,1,1,
458,1790096948827496192,45.8,21,17,2352,1632,53.113,74.152,126.452,23.055,3,80.129,99.717,107.469,27.531,3,1.4412,17,1463.318,1381.714,1495.516,23.918,49.176,1360.491,49.176,49.176,1,1,
459,1790096948927496192,45.9,21,15,2352,1440,53.113,74.152,126.452,22.173,3,80.129,99.717,107.469,28.559,3,1.6333,15,1463.318,1381.714,1495.516,23.918,49.176,1360.491,49.176,49.176,1,1,
460,1790096949027496192,46.0,20,15,2240,1440,52.514,74.152,111.38,22.332,3,81.775,107.469,172.087,35.1,3,1.5556,15,1473.183,1381.714,1495.516,23.918,56.928,1370.356,56.928,56.928,1,1,
461,1790096949127496192,46.1,23,15,2576,1440,51.702,74.152,111.38,23.871,3,81.775,107.469,172.087,36.4,3,1.7889,15,1473.191,1395.573,1495.516,23.918,56.928,1370.364,56.928,56.928,1,1,
462,1790096949227496192,46.2,20,16,2240,1536,53.712,74.152,111.38,22.292,2,79.739,128.666,172.087,42.139,3,1.4583,16,1474.566,1395.573,1497.206,23.918,78.125,1371.739,78.125,78.125,1,1,
463,1790096949327496192,46.3,20,13,2240,1248,53.712,79.779,120.258,28.273,2,69.996,128.666,172.087,39.684,2,1.7949,13,1475.942,1395.573,1497.206,29.544,78.125,1373.115,78.125,78.125,1,1,
464,1790096949427496192,46.4,21,13,2352,1248,51.675,85.113,120.258,29.838,2,69.996,128.666,172.087,38.102,2,1.8846,13,1475.942,1395.573,1497.206,34.878,78.125,1373.115,78.125,78.125,1,1,
465,1790096949527496192,46.5,21,14,2352,1344,51.675,85.113,120.258,27.345,2,83.811,128.666,172.087,39.231,2,1.75,14,1465.85,1339.991,1497.206,34.878,78.125,1363.023,78.125,78.125,1,1,
466,1790096949627496192,46.6,19,16,2128,1536,47.611,85.113,120.258,27.808,2,79.26,128.666,172.087,39.559,2,1.3854,16,1464.291,1339.991,1497.206,34.878,78.125,1361.464,78.125,78.125,1,1,
467,1790096949727496192,46.7,19,16,2128,1536,47.611,111.38,190.961,35.329,2,56.18,128.666,172.087,36.782,2,1.3854,16,1459.134,1339.991,1497.206,61.145,78.125,1356.307,78.125,78.125,1,1,
468,1790096949827496192,46.8,21,15,2352,1440,43.01,111.38,190.961,35.559,3,55.455,128.666,172.087,36.696,2,1.6333,15,1461.776,1339.991,1497.206,61.145,78.125,1358.949,78.125,78.125,1,1,
469,1790096949927496192,46.9,20,14,2240,1344,39.908,111.38,190.961,37.269,3,54.729,88.484,128.666,30.491,2,1.6667,14,1459.134,1339.991,1497.206,61.145,37.943,1356.307,61.145,61.145,1,1,
470,1790096950027496192,47.0,21,15,2352,1440,39.684,85.113,190.961,33.798,3,55.455,128.666,255.765,45.642,2,1.6333,15,1461.776,1339.991,1499.876,34.878,78.125,1358.949,78.125,78.125,1,1,
471,1790096950127496192,47.1,19,13,2128,1248,43.024,85.113,190.961,32.997,3,49.737,88.484,255.765,47.088,2,1.7051,13,1456.493,1339.991,1499.876,34.878,37.943,1353.666,37.943,37.943,1,1,
472,1790096950227496192,47.2,20,16,2240,1536,46.141,79.418,190.961,28.535,3,43.294,179.576,255.765,46.875,2,1.4583,16,1454.013,1339.991,1499.876,29.183,129.035,1351.186,129.035,129.035,1,1,
473,1790096950327496192,47.3,21,16,2352,1536,42.8,79.418,190.961,32.642,3,42.661,179.576,255.765,40.312,2,1.5312,16,1448.104,1339.991,1499.876,29.183,129.035,1345.277,129.035,129.035,1,1,
474,1790096950427496192,47.4,21,15,2352,1440,46.333,79.418,190.961,30.525,3,42.452,179.576,255.765,40.122,2,1.6333,15,1447.313,1339.991,1499.876,29.183,129.035,1344.486,129.035,129.035,1,1,
475,1790096950527496192,47.5,19,16,2128,1536,46.333,79.418,190.961,32.776,3,42.244,179.576,255.765,43.467,3,1.3854,16,1448.104,1379.416,1499.876,29.183,129.035,1345.277,129.035,129.035,1,1,
476,1790096950627496192,47.6,21,16,2352,1536,42.8,79.418,149.7,30.151,3,42.244,179.576,255.765,40.716,3,1.5312,16,1448.104,1379.416,1499.876,29.183,129.035,1345.277,129.035,129.035,1,1,
477,1790096950727496192,47.7,21,15,2352,1440,46.641,79.418,149.7,26.695,3,42.19,127.305,179.576,37.131,3,1.6333,15,1441.541,1379.416,1499.876,29.183,76.764,1338.714,76.764,76.764,1,1,
478,1790096950827496192,47.8,21,17,2352,1632,46.641,77.492,149.7,25.708,3,42.19,127.305,179.576,32.892,3,1.4412,17,1441.505,1379.416,1499.876,27.257,76.764,1338.678,76.764,76.764,1,1,
479,1790096950927496192,47.9,21,18,2352,1728,46.333,81.919,149.7,28.659,3,42.244,125.679,179.576,31.853,3,1.3611,18,1440.899,1379.416,1499.876,31.684,75.138,1338.072,75.138,75.138,1,1,
480,1790096951027496192,48.0,20,18,2240,1728,46.526,81.919,149.7,28.998,3,42.244,101.403,127.305,27.243,3,1.2963,18,1439.716,1254.832,1464.461,31.684,50.862,1336.889,50.862,50.862,1,1,
481,1790096951127496192,48.1,18,18,2016,1728,46.198,81.919,149.7,31.742,3,42.244,101.403,127.305,27.243,3,1.1667,18,1439.716,1254.832,1464.461,31.684,50.862,1336.889,50.862,50.862,1,1,
482,1790096951227496192,48.2,21,20,2352,1920,46.819,81.463,136.333,26.384,3,43.44,101.403,127.305,32.485,3,1.225,20,1438.099,1254.832,1452.393,31.228,50.862,1335.272,50.862,50.862,1,1,
483,1790096951327496192,48.3,23,20,2576,1920,46.819,81.463,136.333,26.405,3,43.256,101.403,127.305,32.53,3,1.3417,20,1436.479,1254.832,1452.393,31.228,50.862,1333.652,50.862,50.862,1,1,
484,1790096951427496192,48.4,20,21,2240,2016,46.756,81.463,136.333,25.868,2,42.649,100.631,125.679,26.924,3,1.1111,21,1436.12,1254.832,1452.393,31.228,50.09,1333.293,50.09,50.09,1,1,
485,1790096951527496192,48.5,20,19,2240,1824,46.756,81.463,102.623,24.094,2,43.405,100.631,125.679,23.425,2,1.2281,19,1406.444,1254.832,1445.897,31.228,50.09,1303.617,50.09,50.09,1,1,
486,1790096951627496192,48.6,17,19,1904,1824,54.126,81.919,102.623,23.277,2,43.405,90.458,101.403,23.384,2,1.0439,19,1403.434,1254.832,1445.897,31.684,39.917,1300.607,39.917,39.917,1,1,
487,1790096951727496192,48.7,15,20,1680,1920,54.126,81.919,102.623,24.936,2,43.554,100.631,137.919,27.12,2,0.875,20,1398.936,1254.832,1445.897,31.684,50.09,1296.109,50.09,50.09,1,1,
488,1790096951827496192,48.8,13,16,1456,1536,54.126,81.919,102.623,25.357,2,44.409,101.403,137.919,30.034,2,0.9479,16,1392.762,1254.832,1445.897,31.684,50.862,1289.935,50.862,50.862,1,1,
489,1790096951927496192,48.9,12,15,1344,1440,51.652,81.463,102.623,24.91,2,43.833,100.631,137.919,28.109,2,0.9333,15,1391.088,1254.832,1445.897,31.228,50.09,1288.261,50.09,50.09,1,1,
490,1790096952027496192,49.0,10,13,1136,1248,56.599,102.623,495.081,69.51,1,43.833,100.631,137.919,25.28,2,0.9103,13,1391.088,1345.27,1445.897,52.388,50.09,1288.261,52.388,52.388,1,1,
491,1790096952127496192,49.1,8,12,912,1152,70.928,102.623,495.081,81.028,1,43.256,85.685,137.919,22.363,2,0.7917,12,1392.762,1371.04,1445.897,52.388,35.144,1289.935,52.388,52.388,1,1,
492,1790096952227496192,49.2,6,9,688,864,71.562,495.081,495.081,109.458,1,43.833,85.685,137.919,24.447,2,0.7963,9,1388.759,1371.04,1417.832,444.846,35.144,1285.932,444.846,444.846,1,1,
493,1790096952327496192,49.3,4,7,464,672,102.623,495.081,495.081,154.327,1,47.868,85.685,137.919,31.714,2,0.6905,7,1384.896,1371.04,1417.832,444.846,35.144,1282.069,444.846,444.846,1,1,
494,1790096952427496192,49.4,2,5,240,480,495.081,495.081,495.081,0.0,1,68.506,137.919,137.919,42.998,2,0.5,5,1384.896,1376.978,1417.832,444.846,87.378,1282.069,444.846,444.846,1,1,
495,1790096952527496192,49.5,1,3,128,288,,,,,0,69.103,137.919,137.919,68.816,2,0.4444,3,1388.759,1376.978,1417.832,,87.378,1285.932,87.378,87.378,1,1,
496,1790096952627496192,49.6,1,1,128,96,,,,,0,,,,,0,1.3333,1,1376.978,1376.978,1376.978,,,1274.151,,,1,1,
497,1790096952727496192,49.7,1,0,128,0,,,,,0,,,,,0,,0,,,,,,,,,1,1,
498,1790096952827496192,49.8,1,0,128,0,,,,,0,,,,,0,,0,,,,,,,,,1,1,
499,1790096952927496192,49.9,1,0,128,0,,,,,0,,,,,0,,0,,,,,,,,,1,1,
500,1790096953027496192,50.0,0,0,0,0,,,,,0,,,,,0,,0,,,,,,,,,1,1,
501,1790096953127496192,50.1,0,0,0,0,,,,,0,,,,,0,,0,,,,,,,,,1,1,
502,1790096953227496192,50.2,0,0,0,0,,,,,0,,,,,0,,0,,,,,,,,,1,1,
503,1790096953327496192,50.3,0,0,0,0,,,,,0,,,,,0,,0,,,,,,,,,1,1,
504,1790096953427496192,50.4,0,0,0,0,,,,,0,,,,,0,,0,,,,,,,,,1,1,
505,1790096953527496192,50.5,0,0,0,0,,,,,0,,,,,0,,0,,,,,,,,,1,1,
506,1790096953627496192,50.6,0,0,0,0,,,,,0,,,,,0,,0,,,,,,,,,1,1,
507,1790096953727496192,50.7,0,0,0,0,,,,,0,,,,,0,,0,,,,,,,,,1,1,
508,1790096953827496192,50.8,0,0,0,0,,,,,0,,,,,0,,0,,,,,,,,,1,1,
509,1790096953927496192,50.9,0,0,0,0,,,,,0,,,,,0,,0,,,,,,,,,1,1,
510,1790096954027496192,51.0,0,0,0,0,,,,,0,,,,,0,,0,,,,,,,,,1,1,
511,1790096954127496192,51.1,0,0,0,0,,,,,0,,,,,0,,0,,,,,,,,,1,1,
512,1790096954227496192,51.2,0,0,0,0,,,,,0,,,,,0,,0,,,,,,,,,1,1,
513,1790096954327496192,51.3,0,0,0,0,,,,,0,,,,,0,,0,,,,,,,,,1,1,
514,1790096954427496192,51.4,0,0,0,0,,,,,0,,,,,0,,0,,,,,,,,,1,1,
515,1790096954527496192,51.5,0,0,0,0,,,,,0,,,,,0,,0,,,,,,,,,1,1,
516,1790096954627496192,51.6,0,0,0,0,,,,,0,,,,,0,,0,,,,,,,,,1,1,
517,1790096954727496192,51.7,0,0,0,0,,,,,0,,,,,0,,0,,,,,,,,,1,1,
518,1790096954827496192,51.8,0,0,0,0,,,,,0,,,,,0,,0,,,,,,,,,1,1,
519,1790096954927496192,51.9,0,0,0,0,,,,,0,,,,,0,,0,,,,,,,,,1,1,
520,1790096955027496192,52.0,0,0,0,0,,,,,0,,,,,0,,0,,,,,,,,,1,1,
521,1790096955127496192,52.1,0,0,0,0,,,,,0,,,,,0,,0,,,,,,,,,1,1,
522,1790096955227496192,52.2,0,0,0,0,,,,,0,,,,,0,,0,,,,,,,,,1,1,
523,1790096955327496192,52.3,0,0,0,0,,,,,0,,,,,0,,0,,,,,,,,,1,1,
524,1790096955427496192,52.4,0,0,0,0,,,,,0,,,,,0,,0,,,,,,,,,1,1,
525,1790096955527496192,52.5,0,0,0,0,,,,,0,,,,,0,,0,,,,,,,,,1,1,
526,1790096955627496192,52.6,0,0,0,0,,,,,0,,,,,0,,0,,,,,,,,,1,1,
527,1790096955727496192,52.7,0,0,0,0,,,,,0,,,,,0,,0,,,,,,,,,1,1,
528,1790096955827496192,52.8,0,0,0,0,,,,,0,,,,,0,,0,,,,,,,,,1,1,
529,1790096955927496192,52.9,0,0,0,0,,,,,0,,,,,0,,0,,,,,,,,,1,1,
530,1790096956027496192,53.0,0,0,0,0,,,,,0,,,,,0,,0,,,,,,,,,1,1,
531,1790096956127496192,53.1,0,0,0,0,,,,,0,,,,,0,,0,,,,,,,,,1,1,
532,1790096956227496192,53.2,0,0,0,0,,,,,0,,,,,0,,0,,,,,,,,,1,1,
533,1790096956327496192,53.3,0,0,0,0,,,,,0,,,,,0,,0,,,,,,,,,1,1,
534,1790096956427496192,53.4,0,0,0,0,,,,,0,,,,,0,,0,,,,,,,,,1,1,
535,1790096956527496192,53.5,0,0,0,0,,,,,0,,,,,0,,0,,,,,,,,,1,1,
536,1790096956627496192,53.6,0,0,0,0,,,,,0,,,,,0,,0,,,,,,,,,1,1,
537,1790096956727496192,53.7,0,0,0,0,,,,,0,,,,,0,,0,,,,,,,,,1,1,
538,1790096956827496192,53.8,0,0,0,0,,,,,0,,,,,0,,0,,,,,,,,,1,1,
539,1790096956927496192,53.9,0,0,0,0,,,,,0,,,,,0,,0,,,,,,,,,1,1,
540,1790096957027496192,54.0,0,0,0,0,,,,,0,,,,,0,,0,,,,,,,,,1,1,
541,1790096957127496192,54.1,0,0,0,0,,,,,0,,,,,0,,0,,,,,,,,,1,1,
542,1790096957227496192,54.2,0,0,0,0,,,,,0,,,,,0,,0,,,,,,,,,1,1,
543,1790096957327496192,54.3,0,0,0,0,,,,,0,,,,,0,,0,,,,,,,,,1,1,
544,1790096957427496192,54.4,0,0,0,0,,,,,0,,,,,0,,0,,,,,,,,,1,1,
545,1790096957527496192,54.5,0,0,0,0,,,,,0,,,,,0,,0,,,,,,,,,1,1,
546,1790096957627496192,54.6,0,0,0,0,,,,,0,,,,,0,,0,,,,,,,,,1,1,
547,1790096957727496192,54.7,0,0,0,0,,,,,0,,,,,0,,0,,,,,,,,,1,1,
548,1790096957827496192,54.8,0,0,0,0,,,,,0,,,,,0,,0,,,,,,,,,1,1,
549,1790096957927496192,54.9,0,0,0,0,,,,,0,,,,,0,,0,,,,,,,,,1,1,
550,1790096958027496192,55.0,0,0,0,0,,,,,0,,,,,0,,0,,,,,,,,,1,1,
551,1790096958127496192,55.1,0,0,0,0,,,,,0,,,,,0,,0,,,,,,,,,1,1,
552,1790096958227496192,55.2,0,0,0,0,,,,,0,,,,,0,,0,,,,,,,,,1,1,
553,1790096958327496192,55.3,0,0,0,0,,,,,0,,,,,0,,0,,,,,,,,,1,1,
554,1790096958427496192,55.4,0,0,0,0,,,,,0,,,,,0,,0,,,,,,,,,1,1,
555,1790096958527496192,55.5,0,0,0,0,,,,,0,,,,,0,,0,,,,,,,,,1,1,
556,1790096958627496192,55.6,0,0,0,0,,,,,0,,,,,0,,0,,,,,,,,,1,1,
557,1790096958727496192,55.7,0,0,0,0,,,,,0,,,,,0,,0,,,,,,,,,1,1,
558,1790096958827496192,55.8,0,0,0,0,,,,,0,,,,,0,,0,,,,,,,,,1,1,
559,1790096958927496192,55.9,0,0,0,0,,,,,0,,,,,0,,0,,,,,,,,,1,1,
560,1790096959027496192,56.0,0,0,0,0,,,,,0,,,,,0,,0,,,,,,,,,1,1,
561,1790096959127496192,56.1,0,0,0,0,,,,,0,,,,,0,,0,,,,,,,,,1,1,
562,1790096959227496192,56.2,0,0,0,0,,,,,0,,,,,0,,0,,,,,,,,,1,1,
563,1790096959327496192,56.3,0,0,0,0,,,,,0,,,,,0,,0,,,,,,,,,1,1,
564,1790096959427496192,56.4,0,0,0,0,,,,,0,,,,,0,,0,,,,,,,,,1,1,
565,1790096959527496192,56.5,0,0,0,0,,,,,0,,,,,0,,0,,,,,,,,,1,1,
566,1790096959627496192,56.6,0,0,0,0,,,,,0,,,,,0,,0,,,,,,,,,1,1,
567,1790096959727496192,56.7,0,0,0,0,,,,,0,,,,,0,,0,,,,,,,,,1,1,
568,1790096959827496192,56.8,0,0,0,0,,,,,0,,,,,0,,0,,,,,,,,,1,1,
569,1790096959927496192,56.9,0,0,0,0,,,,,0,,,,,0,,0,,,,,,,,,1,1,
570,1790096960027496192,57.0,0,0,0,0,,,,,0,,,,,0,,0,,,,,,,,,1,1,
571,1790096960127496192,57.1,0,0,0,0,,,,,0,,,,,0,,0,,,,,,,,,1,1,
572,1790096960227496192,57.2,0,0,0,0,,,,,0,,,,,0,,0,,,,,,,,,1,1,
573,1790096960327496192,57.3,0,0,0,0,,,,,0,,,,,0,,0,,,,,,,,,1,1,
574,1790096960427496192,57.4,0,0,0,0,,,,,0,,,,,0,,0,,,,,,,,,1,1,
575,1790096960527496192,57.5,0,0,0,0,,,,,0,,,,,0,,0,,,,,,,,,1,1,
576,1790096960627496192,57.6,0,0,0,0,,,,,0,,,,,0,,0,,,,,,,,,1,1,
577,1790096960727496192,57.7,0,0,0,0,,,,,0,,,,,0,,0,,,,,,,,,1,1,
578,1790096960827496192,57.8,0,0,0,0,,,,,0,,,,,0,,0,,,,,,,,,1,1,
579,1790096960927496192,57.9,0,0,0,0,,,,,0,,,,,0,,0,,,,,,,,,1,1,
580,1790096961027496192,58.0,0,0,0,0,,,,,0,,,,,0,,0,,,,,,,,,1,1,
581,1790096961127496192,58.1,0,0,0,0,,,,,0,,,,,0,,0,,,,,,,,,1,1,
582,1790096961227496192,58.2,0,0,0,0,,,,,0,,,,,0,,0,,,,,,,,,1,1,
583,1790096961327496192,58.3,0,0,0,0,,,,,0,,,,,0,,0,,,,,,,,,1,1,
584,1790096961427496192,58.4,0,0,0,0,,,,,0,,,,,0,,0,,,,,,,,,1,1,
585,1790096961527496192,58.5,0,0,0,0,,,,,0,,,,,0,,0,,,,,,,,,1,1,
586,1790096961627496192,58.6,0,0,0,0,,,,,0,,,,,0,,0,,,,,,,,,1,1,
587,1790096961727496192,58.7,0,0,0,0,,,,,0,,,,,0,,0,,,,,,,,,1,1,
588,1790096961827496192,58.8,0,0,0,0,,,,,0,,,,,0,,0,,,,,,,,,1,1,
589,1790096961927496192,58.9,0,0,0,0,,,,,0,,,,,0,,0,,,,,,,,,1,1,
590,1790096962027496192,59.0,0,0,0,0,,,,,0,,,,,0,,0,,,,,,,,,1,1,
591,1790096962127496192,59.1,0,0,0,0,,,,,0,,,,,0,,0,,,,,,,,,1,1,
592,1790096962227496192,59.2,0,1,0,32,,,,,0,,,,,0,0.0,0,,,,,,,,,1,1,
593,1790096962327496192,59.3,0,1,0,32,,,,,0,,,,,0,0.0,0,,,,,,,,,1,1,
594,1790096962427496192,59.4,0,1,0,32,,,,,0,,,,,0,0.0,0,,,,,,,,,1,1,
595,1790096962527496192,59.5,0,1,0,32,,,,,0,,,,,0,0.0,0,,,,,,,,,1,1,
596,1790096962627496192,59.6,0,1,0,32,,,,,0,,,,,0,0.0,0,,,,,,,,,1,1,
597,1790096962727496192,59.7,0,1,0,32,,,,,0,,,,,0,0.0,0,,,,,,,,,1,1,
598,1790096962827496192,59.8,0,1,0,32,,,,,0,,,,,0,0.0,0,,,,,,,,,1,1,
599,1790096962927496192,59.9,0,1,0,32,,,,,0,,,,,0,0.0,0,,,,,,,,,1,1,
600,1790096963027496192,60.0,0,1,0,32,,,,,0,,,,,0,0.0,0,,,,,,,,,1,1,
601,1790096963127496192,60.1,0,1,0,32,,,,,0,,,,,0,0.0,0,,,,,,,,,1,1,
602,1790096963227496192,60.2,0,0,0,0,,,,,0,,,,,0,,0,,,,,,,,,1,1,
603,1790096963327496192,60.3,0,0,0,0,,,,,0,,,,,0,,0,,,,,,,,,1,1,
604,1790096963427496192,60.4,0,0,0,0,,,,,0,,,,,0,,0,,,,,,,,,1,1,
605,1790096963527496192,60.5,0,0,0,0,,,,,0,,,,,0,,0,,,,,,,,,1,1,
606,1790096963627496192,60.6,0,0,0,0,,,,,0,,,,,0,,0,,,,,,,,,1,1,
607,1790096963727496192,60.7,0,0,0,0,,,,,0,,,,,0,,0,,,,,,,,,1,1,
608,1790096963827496192,60.8,0,0,0,0,,,,,0,,,,,0,,0,,,,,,,,,1,1,
609,1790096963927496192,60.9,0,0,0,0,,,,,0,,,,,0,,0,,,,,,,,,1,1,
610,1790096964027496192,61.0,0,0,0,0,,,,,0,,,,,0,,0,,,,,,,,,1,1,
611,1790096964127496192,61.1,0,0,0,0,,,,,0,,,,,0,,0,,,,,,,,,1,1,
612,1790096964227496192,61.2,0,0,0,0,,,,,0,,,,,0,,0,,,,,,,,,1,1,
613,1790096964327496192,61.3,0,0,0,0,,,,,0,,,,,0,,0,,,,,,,,,1,1,
614,1790096964427496192,61.4,0,0,0,0,,,,,0,,,,,0,,0,,,,,,,,,1,1,
615,1790096964527496192,61.5,0,0,0,0,,,,,0,,,,,0,,0,,,,,,,,,1,1,
616,1790096964627496192,61.6,0,0,0,0,,,,,0,,,,,0,,0,,,,,,,,,1,1,
617,1790096964727496192,61.7,0,0,0,0,,,,,0,,,,,0,,0,,,,,,,,,1,1,
618,1790096964827496192,61.8,0,0,0,0,,,,,0,,,,,0,,0,,,,,,,,,1,1,
619,1790096964927496192,61.9,0,0,0,0,,,,,0,,,,,0,,0,,,,,,,,,1,1,
620,1790096965027496192,62.0,0,0,0,0,,,,,0,,,,,0,,0,,,,,,,,,1,1,
621,1790096965127496192,62.1,0,0,0,0,,,,,0,,,,,0,,0,,,,,,,,,1,1,
622,1790096965227496192,62.2,0,0,0,0,,,,,0,,,,,0,,0,,,,,,,,,1,1,
623,1790096965327496192,62.3,0,0,0,0,,,,,0,,,,,0,,0,,,,,,,,,1,1,
624,1790096965427496192,62.4,0,0,0,0,,,,,0,,,,,0,,0,,,,,,,,,1,1,
625,1790096965527496192,62.5,0,0,0,0,,,,,0,,,,,0,,0,,,,,,,,,1,1,
626,1790096965627496192,62.6,0,0,0,0,,,,,0,,,,,0,,0,,,,,,,,,1,1,
627,1790096965727496192,62.7,0,0,0,0,,,,,0,,,,,0,,0,,,,,,,,,1,1,
628,1790096965827496192,62.8,0,0,0,0,,,,,0,,,,,0,,0,,,,,,,,,1,1,
629,1790096965927496192,62.9,0,0,0,0,,,,,0,,,,,0,,0,,,,,,,,,1,1,
630,1790096966027496192,63.0,0,0,0,0,,,,,0,,,,,0,,0,,,,,,,,,1,1,
631,1790096966127496192,63.1,0,0,0,0,,,,,0,,,,,0,,0,,,,,,,,,1,1,
632,1790096966227496192,63.2,0,0,0,0,,,,,0,,,,,0,,0,,,,,,,,,1,1,
633,1790096966327496192,63.3,0,0,0,0,,,,,0,,,,,0,,0,,,,,,,,,1,1,
634,1790096966427496192,63.4,0,0,0,0,,,,,0,,,,,0,,0,,,,,,,,,1,1,
635,1790096966527496192,63.5,0,0,0,0,,,,,0,,,,,0,,0,,,,,,,,,1,1,
636,1790096966627496192,63.6,0,0,0,0,,,,,0,,,,,0,,0,,,,,,,,,1,1,
637,1790096966727496192,63.7,0,0,0,0,,,,,0,,,,,0,,0,,,,,,,,,1,1,
638,1790096966827496192,63.8,0,0,0,0,,,,,0,,,,,0,,0,,,,,,,,,1,1,
639,1790096966927496192,63.9,0,0,0,0,,,,,0,,,,,0,,0,,,,,,,,,1,1,
640,1790096967027496192,64.0,0,0,0,0,,,,,0,,,,,0,,0,,,,,,,,,1,1,
641,1790096967127496192,64.1,0,0,0,0,,,,,0,,,,,0,,0,,,,,,,,,1,1,
642,1790096967227496192,64.2,0,0,0,0,,,,,0,,,,,0,,0,,,,,,,,,1,1,
643,1790096967327496192,64.3,0,0,0,0,,,,,0,,,,,0,,0,,,,,,,,,1,1,
644,1790096967427496192,64.4,0,0,0,0,,,,,0,,,,,0,,0,,,,,,,,,1,1,
645,1790096967527496192,64.5,0,0,0,0,,,,,0,,,,,0,,0,,,,,,,,,1,1,
646,1790096967627496192,64.6,0,0,0,0,,,,,0,,,,,0,,0,,,,,,,,,1,1,
647,1790096967727496192,64.7,0,0,0,0,,,,,0,,,,,0,,0,,,,,,,,,1,1,
648,1790096967827496192,64.8,0,0,0,0,,,,,0,,,,,0,,0,,,,,,,,,1,1,
649,1790096967927496192,64.9,0,0,0,0,,,,,0,,,,,0,,0,,,,,,,,,1,1,
650,1790096968027496192,65.0,0,0,0,0,,,,,0,,,,,0,,0,,,,,,,,,1,1,
651,1790096968127496192,65.1,0,0,0,0,,,,,0,,,,,0,,0,,,,,,,,,1,1,
652,1790096968227496192,65.2,0,0,0,0,,,,,0,,,,,0,,0,,,,,,,,,1,1,
653,1790096968327496192,65.3,0,0,0,0,,,,,0,,,,,0,,0,,,,,,,,,1,1,
654,1790096968427496192,65.4,0,0,0,0,,,,,0,,,,,0,,0,,,,,,,,,1,1,
655,1790096968527496192,65.5,0,0,0,0,,,,,0,,,,,0,,0,,,,,,,,,1,1,
656,1790096968627496192,65.6,0,0,0,0,,,,,0,,,,,0,,0,,,,,,,,,1,1,
657,1790096968727496192,65.7,0,0,0,0,,,,,0,,,,,0,,0,,,,,,,,,1,1,
658,1790096968827496192,65.8,0,0,0,0,,,,,0,,,,,0,,0,,,,,,,,,1,1,
659,1790096968927496192,65.9,0,0,0,0,,,,,0,,,,,0,,0,,,,,,,,,1,1,
660,1790096969027496192,66.0,0,0,0,0,,,,,0,,,,,0,,0,,,,,,,,,1,1,
661,1790096969127496192,66.1,0,0,0,0,,,,,0,,,,,0,,0,,,,,,,,,1,1,
662,1790096969227496192,66.2,0,0,0,0,,,,,0,,,,,0,,0,,,,,,,,,1,1,
663,1790096969327496192,66.3,0,0,0,0,,,,,0,,,,,0,,0,,,,,,,,,1,1,
664,1790096969427496192,66.4,0,0,0,0,,,,,0,,,,,0,,0,,,,,,,,,1,1,
665,1790096969527496192,66.5,0,0,0,0,,,,,0,,,,,0,,0,,,,,,,,,1,1,
666,1790096969627496192,66.6,0,0,0,0,,,,,0,,,,,0,,0,,,,,,,,,1,1,
667,1790096969727496192,66.7,0,0,0,0,,,,,0,,,,,0,,0,,,,,,,,,1,1,
668,1790096969827496192,66.8,0,0,0,0,,,,,0,,,,,0,,0,,,,,,,,,1,1,
669,1790096969927496192,66.9,0,0,0,0,,,,,0,,,,,0,,0,,,,,,,,,1,1,
670,1790096970027496192,67.0,0,0,0,0,,,,,0,,,,,0,,0,,,,,,,,,1,1,
671,1790096970127496192,67.1,0,0,0,0,,,,,0,,,,,0,,0,,,,,,,,,1,1,
672,1790096970227496192,67.2,0,0,0,0,,,,,0,,,,,0,,0,,,,,,,,,1,1,
673,1790096970327496192,67.3,0,0,0,0,,,,,0,,,,,0,,0,,,,,,,,,1,1,
674,1790096970427496192,67.4,0,0,0,0,,,,,0,,,,,0,,0,,,,,,,,,1,1,
675,1790096970527496192,67.5,0,0,0,0,,,,,0,,,,,0,,0,,,,,,,,,1,1,
676,1790096970627496192,67.6,0,0,0,0,,,,,0,,,,,0,,0,,,,,,,,,1,1,
677,1790096970727496192,67.7,0,0,0,0,,,,,0,,,,,0,,0,,,,,,,,,1,1,
678,1790096970827496192,67.8,0,0,0,0,,,,,0,,,,,0,,0,,,,,,,,,1,1,
679,1790096970927496192,67.9,0,0,0,0,,,,,0,,,,,0,,0,,,,,,,,,1,1,
680,1790096971027496192,68.0,0,0,0,0,,,,,0,,,,,0,,0,,,,,,,,,1,1,
681,1790096971127496192,68.1,0,0,0,0,,,,,0,,,,,0,,0,,,,,,,,,1,1,
682,1790096971227496192,68.2,0,0,0,0,,,,,0,,,,,0,,0,,,,,,,,,1,1,
683,1790096971327496192,68.3,0,0,0,0,,,,,0,,,,,0,,0,,,,,,,,,1,1,
684,1790096971427496192,68.4,0,0,0,0,,,,,0,,,,,0,,0,,,,,,,,,1,1,
685,1790096971527496192,68.5,0,0,0,0,,,,,0,,,,,0,,0,,,,,,,,,1,1,
686,1790096971627496192,68.6,0,0,0,0,,,,,0,,,,,0,,0,,,,,,,,,1,1,
687,1790096971727496192,68.7,0,0,0,0,,,,,0,,,,,0,,0,,,,,,,,,1,1,
688,1790096971827496192,68.8,0,0,0,0,,,,,0,,,,,0,,0,,,,,,,,,1,1,
689,1790096971927496192,68.9,0,0,0,0,,,,,0,,,,,0,,0,,,,,,,,,1,1,
690,1790096972027496192,69.0,0,0,0,0,,,,,0,,,,,0,,0,,,,,,,,,1,1,
691,1790096972127496192,69.1,0,0,0,0,,,,,0,,,,,0,,0,,,,,,,,,1,1,
692,1790096972227496192,69.2,0,0,0,0,,,,,0,,,,,0,,0,,,,,,,,,1,1,
693,1790096972327496192,69.3,0,0,0,0,,,,,0,,,,,0,,0,,,,,,,,,1,1,
694,1790096972427496192,69.4,0,0,0,0,,,,,0,,,,,0,,0,,,,,,,,,1,1,
695,1790096972527496192,69.5,0,0,0,0,,,,,0,,,,,0,,0,,,,,,,,,1,1,
696,1790096972627496192,69.6,0,0,0,0,,,,,0,,,,,0,,0,,,,,,,,,1,1,
697,1790096972727496192,69.7,0,0,0,0,,,,,0,,,,,0,,0,,,,,,,,,1,1,
