step,t_ns,elapsed_s,n_up,n_down,bytes_up,bytes_down,iat_med_up_ms,iat_p90_up_ms,iat_max_up_ms,iat_mad_up_ms,burst_up,iat_med_down_ms,iat_p90_down_ms,iat_max_down_ms,iat_mad_down_ms,burst_down,updown_ratio,pair_n,pair_med_ms,pair_min_ms,pair_max_ms,q_up_ms,q_down_ms,q_pair_ms,q_hat_ms,q_min_ms,baseline_done,degraded,t_det_meta_ns
1,1790100002474653184,0.1,1,0,32,0,,,,,0,,,,,0,,0,,,,,,,,,0,0,
2,1790100002574653184,0.2,1,0,32,0,,,,,0,,,,,0,,0,,,,,,,,,0,0,
3,1790100002674653184,0.3,1,0,32,0,,,,,0,,,,,0,,0,,,,,,,,,0,0,
4,1790100002774653184,0.4,1,0,32,0,,,,,0,,,,,0,,0,,,,,,,,,0,0,
5,1790100002874653184,0.5,1,0,32,0,,,,,0,,,,,0,,0,,,,,,,,,0,0,
6,1790100002974653184,0.6,1,0,32,0,,,,,0,,,,,0,,0,,,,,,,,,0,0,
7,1790100003074653184,0.7,1,0,32,0,,,,,0,,,,,0,,0,,,,,,,,,0,0,
8,1790100003174653184,0.8,1,0,32,0,,,,,0,,,,,0,,0,,,,,,,,,0,0,
9,1790100003274653184,0.9,1,0,32,0,,,,,0,,,,,0,,0,,,,,,,,,0,0,
10,1790100003374653184,1.0,1,0,32,0,,,,,0,,,,,0,,0,,,,,,,,,0,0,
11,1790100003474653184,1.1,0,0,0,0,,,,,0,,,,,0,,0,,,,,,,,,0,0,
12,1790100003574653184,1.2,0,0,0,0,,,,,0,,,,,0,,0,,,,,,,,,0,0,
13,1790100003674653184,1.3,0,0,0,0,,,,,0,,,,,0,,0,,,,,,,,,0,0,
14,1790100003774653184,1.4,0,0,0,0,,,,,0,,,,,0,,0,,,,,,,,,0,0,
15,1790100003874653184,1.5,0,0,0,0,,,,,0,,,,,0,,0,,,,,,,,,0,0,
16,1790100003974653184,1.6,0,0,0,0,,,,,0,,,,,0,,0,,,,,,,,,0,0,
17,1790100004074653184,1.7,0,0,0,0,,,,,0,,,,,0,,0,,,,,,,,,0,0,
18,1790100004174653184,1.8,0,0,0,0,,,,,0,,,,,0,,0,,,,,,,,,0,0,
19,1790100004274653184,1.9,0,0,0,0,,,,,0,,,,,0,,0,,,,,,,,,0,0,
20,1790100004374653184,2.0,0,0,0,0,,,,,0,,,,,0,,0,,,,,,,,,0,0,
21,1790100004474653184,2.1,0,0,0,0,,,,,0,,,,,0,,0,,,,,,,,,0,0,
22,1790100004574653184,2.2,0,0,0,0,,,,,0,,,,,0,,0,,,,,,,,,0,0,
23,1790100004674653184,2.3,0,0,0,0,,,,,0,,,,,0,,0,,,,,,,,,0,0,
24,1790100004774653184,2.4,0,0,0,0,,,,,0,,,,,0,,0,,,,,,,,,0,0,
25,1790100004874653184,2.5,0,0,0,0,,,,,0,,,,,0,,0,,,,,,,,,0,0,
26,1790100004974653184,2.6,1,0,112,0,,,,,0,,,,,0,,0,,,,,,,,,0,0,
27,1790100005074653184,2.7,1,0,112,0,,,,,0,,,,,0,,0,,,,,,,,,0,0,
28,1790100005174653184,2.8,1,0,112,0,,,,,0,,,,,0,,0,,,,,,,,,0,0,
29,1790100005274653184,2.9,1,0,112,0,,,,,0,,,,,0,,0,,,,,,,,,0,0,
30,1790100005374653184,3.0,1,0,112,0,,,,,0,,,,,0,,0,,,,,,,,,0,0,
31,1790100005474653184,3.1,1,0,112,0,,,,,0,,,,,0,,0,,,,,,,,,0,0,
32,1790100005574653184,3.2,1,0,112,0,,,,,0,,,,,0,,0,,,,,,,,,0,0,
33,1790100005674653184,3.3,1,0,112,0,,,,,0,,,,,0,,0,,,,,,,,,0,0,
34,1790100005774653184,3.4,2,0,224,0,751.924,751.924,751.924,0.0,1,,,,,0,,0,,,,,,,,,0,0,
35,1790100005874653184,3.5,2,0,224,0,751.924,751.924,751.924,0.0,1,,,,,0,,0,,,,,,,,,0,0,
36,1790100005974653184,3.6,1,0,112,0,,,,,0,,,,,0,,0,,,,,,,,,0,0,
37,1790100006074653184,3.7,1,0,112,0,,,,,0,,,,,0,,0,,,,,,,,,0,0,
38,1790100006174653184,3.8,1,0,112,0,,,,,0,,,,,0,,0,,,,,,,,,0,0,
39,1790100006274653184,3.9,1,0,112,0,,,,,0,,,,,0,,0,,,,,,,,,0,0,
40,1790100006374653184,4.0,1,0,112,0,,,,,0,,,,,0,,0,,,,,,,,,0,0,
41,1790100006474653184,4.1,2,0,224,0,752.398,752.398,752.398,0.0,1,,,,,0,,0,,,,,,,,,0,0,
42,1790100006574653184,4.2,2,0,224,0,752.398,752.398,752.398,0.0,1,,,,,0,,0,,,,,,,,,0,0,
43,1790100006674653184,4.3,1,0,112,0,,,,,0,,,,,0,,0,,,,,,,,,0,0,
44,1790100006774653184,4.4,1,0,112,0,,,,,0,,,,,0,,0,,,,,,,,,0,0,
45,1790100006874653184,4.5,1,0,112,0,,,,,0,,,,,0,,0,,,,,,,,,0,0,
46,1790100006974653184,4.6,1,0,112,0,,,,,0,,,,,0,,0,,,,,,,,,0,0,
47,1790100007074653184,4.7,1,0,112,0,,,,,0,,,,,0,,0,,,,,,,,,0,0,
48,1790100007174653184,4.8,1,0,112,0,,,,,0,,,,,0,,0,,,,,,,,,0,0,
49,1790100007274653184,4.9,1,0,112,0,,,,,0,,,,,0,,0,,,,,,,,,0,0,
50,1790100007374653184,5.0,1,0,112,0,,,,,0,,,,,0,,0,,,,,,,,,0,0,
51,1790100007474653184,5.1,0,0,0,0,,,,,0,,,,,0,,0,,,,,,,,,0,0,
52,1790100007574653184,5.2,0,0,0,0,,,,,0,,,,,0,,0,,,,,,,,,0,0,
53,1790100007674653184,5.3,0,0,0,0,,,,,0,,,,,0,,0,,,,,,,,,0,0,
54,1790100007774653184,5.4,0,0,0,0,,,,,0,,,,,0,,0,,,,,,,,,0,0,
55,1790100007874653184,5.5,0,0,0,0,,,,,0,,,,,0,,0,,,,,,,,,0,0,
56,1790100007974653184,5.6,0,0,0,0,,,,,0,,,,,0,,0,,,,,,,,,0,0,
57,1790100008074653184,5.7,0,0,0,0,,,,,0,,,,,0,,0,,,,,,,,,0,0,
58,1790100008174653184,5.8,0,0,0,0,,,,,0,,,,,0,,0,,,,,,,,,0,0,
59,1790100008274653184,5.9,0,0,0,0,,,,,0,,,,,0,,0,,,,,,,,,0,0,
60,1790100008374653184,6.0,0,0,0,0,,,,,0,,,,,0,,0,,,,,,,,,0,0,
61,1790100008474653184,6.1,0,0,0,0,,,,,0,,,,,0,,0,,,,,,,,,0,0,
62,1790100008574653184,6.2,0,0,0,0,,,,,0,,,,,0,,0,,,,,,,,,0,0,
63,1790100008674653184,6.3,0,0,0,0,,,,,0,,,,,0,,0,,,,,,,,,0,0,
64,1790100008774653184,6.4,0,0,0,0,,,,,0,,,,,0,,0,,,,,,,,,0,0,
65,1790100008874653184,6.5,0,0,0,0,,,,,0,,,,,0,,0,,,,,,,,,0,0,
66,1790100008974653184,6.6,0,0,0,0,,,,,0,,,,,0,,0,,,,,,,,,0,0,
67,1790100009074653184,6.7,0,0,0,0,,,,,0,,,,,0,,0,,,,,,,,,0,0,
68,1790100009174653184,6.8,0,0,0,0,,,,,0,,,,,0,,0,,,,,,,,,0,0,
69,1790100009274653184,6.9,0,0,0,0,,,,,0,,,,,0,,0,,,,,,,,,0,0,
70,1790100009374653184,7.0,0,0,0,0,,,,,0,,,,,0,,0,,,,,,,,,0,0,
71,1790100009474653184,7.1,0,0,0,0,,,,,0,,,,,0,,0,,,,,,,,,0,0,
72,1790100009574653184,7.2,0,0,0,0,,,,,0,,,,,0,,0,,,,,,,,,0,0,
73,1790100009674653184,7.3,0,0,0,0,,,,,0,,,,,0,,0,,,,,,,,,0,0,
74,1790100009774653184,7.4,0,0,0,0,,,,,0,,,,,0,,0,,,,,,,,,0,0,
75,1790100009874653184,7.5,0,0,0,0,,,,,0,,,,,0,,0,,,,,,,,,0,0,
76,1790100009974653184,7.6,0,0,0,0,,,,,0,,,,,0,,0,,,,,,,,,0,0,
77,1790100010074653184,7.7,0,0,0,0,,,,,0,,,,,0,,0,,,,,,,,,0,0,
78,1790100010174653184,7.8,0,0,0,0,,,,,0,,,,,0,,0,,,,,,,,,0,0,
79,1790100010274653184,7.9,0,0,0,0,,,,,0,,,,,0,,0,,,,,,,,,0,0,
80,1790100010374653184,8.0,0,0,0,0,,,,,0,,,,,0,,0,,,,,,,,,0,0,
81,1790100010474653184,8.1,0,0,0,0,,,,,0,,,,,0,,0,,,,,,,,,0,0,
82,1790100010574653184,8.2,0,0,0,0,,,,,0,,,,,0,,0,,,,,,,,,0,0,
83,1790100010674653184,8.3,0,0,0,0,,,,,0,,,,,0,,0,,,,,,,,,0,0,
84,1790100010774653184,8.4,0,0,0,0,,,,,0,,,,,0,,0,,,,,,,,,0,0,
85,1790100010874653184,8.5,0,0,0,0,,,,,0,,,,,0,,0,,,,,,,,,0,0,
86,1790100010974653184,8.6,0,0,0,0,,,,,0,,,,,0,,0,,,,,,,,,0,0,
87,1790100011074653184,8.7,0,0,0,0,,,,,0,,,,,0,,0,,,,,,,,,0,0,
88,1790100011174653184,8.8,0,0,0,0,,,,,0,,,,,0,,0,,,,,,,,,0,0,
89,1790100011274653184,8.9,0,0,0,0,,,,,0,,,,,0,,0,,,,,,,,,0,0,
90,1790100011374653184,9.0,0,0,0,0,,,,,0,,,,,0,,0,,,,,,,,,0,0,
91,1790100011474653184,9.1,0,0,0,0,,,,,0,,,,,0,,0,,,,,,,,,0,0,
92,1790100011574653184,9.2,0,0,0,0,,,,,0,,,,,0,,0,,,,,,,,,0,0,
93,1790100011674653184,9.3,0,0,0,0,,,,,0,,,,,0,,0,,,,,,,,,0,0,
94,1790100011774653184,9.4,0,0,0,0,,,,,0,,,,,0,,0,,,,,,,,,0,0,
95,1790100011874653184,9.5,0,0,0,0,,,,,0,,,,,0,,0,,,,,,,,,0,0,
96,1790100011974653184,9.6,0,0,0,0,,,,,0,,,,,0,,0,,,,,,,,,0,0,
97,1790100012074653184,9.7,0,0,0,0,,,,,0,,,,,0,,0,,,,,,,,,0,0,
98,1790100012174653184,9.8,0,0,0,0,,,,,0,,,,,0,,0,,,,,,,,,0,0,
99,1790100012274653184,9.9,0,0,0,0,,,,,0,,,,,0,,0,,,,,,,,,0,0,
100,1790100012374653184,10.0,0,0,0,0,,,,,0,,,,,0,,0,,,,,,,,,0,0,
101,1790100012474653184,10.1,0,0,0,0,,,,,0,,,,,0,,0,,,,,,,,,0,0,
102,1790100012574653184,10.2,0,0,0,0,,,,,0,,,,,0,,0,,,,,,,,,0,0,
103,1790100012674653184,10.3,0,0,0,0,,,,,0,,,,,0,,0,,,,,,,,,0,0,
104,1790100012774653184,10.4,0,0,0,0,,,,,0,,,,,0,,0,,,,,,,,,0,0,
105,1790100012874653184,10.5,0,0,0,0,,,,,0,,,,,0,,0,,,,,,,,,0,0,
106,1790100012974653184,10.6,0,0,0,0,,,,,0,,,,,0,,0,,,,,,,,,0,0,
107,1790100013074653184,10.7,0,0,0,0,,,,,0,,,,,0,,0,,,,,,,,,0,0,
108,1790100013174653184,10.8,0,0,0,0,,,,,0,,,,,0,,0,,,,,,,,,0,0,
109,1790100013274653184,10.9,0,0,0,0,,,,,0,,,,,0,,0,,,,,,,,,0,0,
110,1790100013374653184,11.0,0,0,0,0,,,,,0,,,,,0,,0,,,,,,,,,0,0,
111,1790100013474653184,11.1,0,0,0,0,,,,,0,,,,,0,,0,,,,,,,,,0,0,
112,1790100013574653184,11.2,0,0,0,0,,,,,0,,,,,0,,0,,,,,,,,,0,0,
113,1790100013674653184,11.3,0,0,0,0,,,,,0,,,,,0,,0,,,,,,,,,0,0,
114,1790100013774653184,11.4,0,0,0,0,,,,,0,,,,,0,,0,,,,,,,,,0,0,
115,1790100013874653184,11.5,0,0,0,0,,,,,0,,,,,0,,0,,,,,,,,,0,0,
116,1790100013974653184,11.6,0,0,0,0,,,,,0,,,,,0,,0,,,,,,,,,0,0,
117,1790100014074653184,11.7,0,0,0,0,,,,,0,,,,,0,,0,,,,,,,,,0,0,
118,1790100014174653184,11.8,0,0,0,0,,,,,0,,,,,0,,0,,,,,,,,,0,0,
119,1790100014274653184,11.9,0,0,0,0,,,,,0,,,,,0,,0,,,,,,,,,0,0,
120,1790100014374653184,12.0,0,0,0,0,,,,,0,,,,,0,,0,,,,,,,,,0,0,
121,1790100014474653184,12.1,0,0,0,0,,,,,0,,,,,0,,0,,,,,,,,,0,0,
122,1790100014574653184,12.2,0,0,0,0,,,,,0,,,,,0,,0,,,,,,,,,0,0,
123,1790100014674653184,12.3,0,0,0,0,,,,,0,,,,,0,,0,,,,,,,,,0,0,
124,1790100014774653184,12.4,0,0,0,0,,,,,0,,,,,0,,0,,,,,,,,,0,0,
125,1790100014874653184,12.5,0,0,0,0,,,,,0,,,,,0,,0,,,,,,,,,0,0,
126,1790100014974653184,12.6,0,0,0,0,,,,,0,,,,,0,,0,,,,,,,,,0,0,
127,1790100015074653184,12.7,0,1,0,32,,,,,0,,,,,0,0.0,0,,,,,,,,,0,0,
128,1790100015174653184,12.8,0,1,0,32,,,,,0,,,,,0,0.0,0,,,,,,,,,0,0,
129,1790100015274653184,12.9,0,1,0,32,,,,,0,,,,,0,0.0,0,,,,,,,,,0,0,
130,1790100015374653184,13.0,0,1,0,32,,,,,0,,,,,0,0.0,0,,,,,,,,,0,0,
131,1790100015474653184,13.1,0,1,0,32,,,,,0,,,,,0,0.0,0,,,,,,,,,0,0,
132,1790100015574653184,13.2,0,1,0,32,,,,,0,,,,,0,0.0,0,,,,,,,,,0,0,
133,1790100015674653184,13.3,0,1,0,32,,,,,0,,,,,0,0.0,0,,,,,,,,,0,0,
134,1790100015774653184,13.4,0,1,0,32,,,,,0,,,,,0,0.0,0,,,,,,,,,0,0,
135,1790100015874653184,13.5,0,1,0,32,,,,,0,,,,,0,0.0,0,,,,,,,,,0,0,
136,1790100015974653184,13.6,0,0,0,0,,,,,0,,,,,0,,0,,,,,,,,,0,0,
137,1790100016074653184,13.7,0,0,0,0,,,,,0,,,,,0,,0,,,,,,,,,0,0,
138,1790100016174653184,13.8,0,0,0,0,,,,,0,,,,,0,,0,,,,,,,,,0,0,
139,1790100016274653184,13.9,0,0,0,0,,,,,0,,,,,0,,0,,,,,,,,,0,0,
140,1790100016374653184,14.0,0,0,0,0,,,,,0,,,,,0,,0,,,,,,,,,0,0,
141,1790100016474653184,14.1,0,0,0,0,,,,,0,,,,,0,,0,,,,,,,,,0,0,
142,1790100016574653184,14.2,0,0,0,0,,,,,0,,,,,0,,0,,,,,,,,,0,0,
143,1790100016674653184,14.3,0,0,0,0,,,,,0,,,,,0,,0,,,,,,,,,0,0,
144,1790100016774653184,14.4,0,0,0,0,,,,,0,,,,,0,,0,,,,,,,,,0,0,
145,1790100016874653184,14.5,0,0,0,0,,,,,0,,,,,0,,0,,,,,,,,,0,0,
146,1790100016974653184,14.6,0,0,0,0,,,,,0,,,,,0,,0,,,,,,,,,0,0,
147,1790100017074653184,14.7,0,0,0,0,,,,,0,,,,,0,,0,,,,,,,,,0,0,
148,1790100017174653184,14.8,0,0,0,0,,,,,0,,,,,0,,0,,,,,,,,,0,0,
149,1790100017274653184,14.9,0,0,0,0,,,,,0,,,,,0,,0,,,,,,,,,0,0,
150,1790100017374653184,15.0,0,0,0,0,,,,,0,,,,,0,,0,,,,,,,,,0,0,
151,1790100017474653184,15.1,0,0,0,0,,,,,0,,,,,0,,0,,,,,,,,,0,0,
152,1790100017574653184,15.2,0,0,0,0,,,,,0,,,,,0,,0,,,,,,,,,0,0,
153,1790100017674653184,15.3,0,0,0,0,,,,,0,,,,,0,,0,,,,,,,,,0,0,
154,1790100017774653184,15.4,0,0,0,0,,,,,0,,,,,0,,0,,,,,,,,,0,0,
155,1790100017874653184,15.5,0,0,0,0,,,,,0,,,,,0,,0,,,,,,,,,0,0,
156,1790100017974653184,15.6,0,0,0,0,,,,,0,,,,,0,,0,,,,,,,,,0,0,
157,1790100018074653184,15.7,0,0,0,0,,,,,0,,,,,0,,0,,,,,,,,,0,0,
158,1790100018174653184,15.8,0,0,0,0,,,,,0,,,,,0,,0,,,,,,,,,0,0,
159,1790100018274653184,15.9,0,0,0,0,,,,,0,,,,,0,,0,,,,,,,,,0,0,
160,1790100018374653184,16.0,0,0,0,0,,,,,0,,,,,0,,0,,,,,,,,,0,0,
161,1790100018474653184,16.1,0,0,0,0,,,,,0,,,,,0,,0,,,,,,,,,0,0,
162,1790100018574653184,16.2,0,0,0,0,,,,,0,,,,,0,,0,,,,,,,,,0,0,
163,1790100018674653184,16.3,0,0,0,0,,,,,0,,,,,0,,0,,,,,,,,,0,0,
164,1790100018774653184,16.4,0,0,0,0,,,,,0,,,,,0,,0,,,,,,,,,0,0,
165,1790100018874653184,16.5,0,0,0,0,,,,,0,,,,,0,,0,,,,,,,,,0,0,
166,1790100018974653184,16.6,0,0,0,0,,,,,0,,,,,0,,0,,,,,,,,,0,0,
167,1790100019074653184,16.7,0,0,0,0,,,,,0,,,,,0,,0,,,,,,,,,0,0,
168,1790100019174653184,16.8,0,0,0,0,,,,,0,,,,,0,,0,,,,,,,,,0,0,
169,1790100019274653184,16.9,0,0,0,0,,,,,0,,,,,0,,0,,,,,,,,,0,0,
170,1790100019374653184,17.0,0,0,0,0,,,,,0,,,,,0,,0,,,,,,,,,0,0,
171,1790100019474653184,17.1,0,0,0,0,,,,,0,,,,,0,,0,,,,,,,,,0,0,
172,1790100019574653184,17.2,0,0,0,0,,,,,0,,,,,0,,0,,,,,,,,,0,0,
173,1790100019674653184,17.3,0,0,0,0,,,,,0,,,,,0,,0,,,,,,,,,0,0,
174,1790100019774653184,17.4,2,1,192,96,51.504,51.504,51.504,0.0,1,,,,,0,2.0,1,63.433,63.433,63.433,,,,,,0,0,
175,1790100019874653184,17.5,4,3,384,288,51.504,52.365,52.365,1.164,1,51.648,52.329,52.329,0.682,1,1.3333,3,62.895,62.859,63.433,,,,,,0,0,
176,1790100019974653184,17.6,6,5,576,480,51.504,52.365,52.365,1.583,1,49.95,52.329,52.329,1.686,1,1.2,5,62.895,62.749,63.433,,,,,,0,0,
177,1790100020074653184,17.7,8,7,768,672,50.455,52.211,52.365,1.41,1,50.748,52.321,52.329,1.422,1,1.1429,7,62.895,62.749,63.433,,,,,,0,0,
178,1790100020174653184,17.8,10,9,960,864,50.455,52.211,52.365,1.2,1,50.413,52.321,52.329,1.218,1,1.1111,9,62.895,62.749,63.433,,,,,,0,0,
179,1790100020274653184,17.9,12,11,1152,1056,50.455,52.211,52.365,1.084,1,50.284,52.321,52.329,1.048,1,1.0909,11,62.859,62.537,63.433,,,,,,0,0,
180,1790100020374653184,18.0,14,13,1344,1248,50.455,52.211,52.365,0.965,1,50.284,52.321,52.329,0.976,1,1.0769,13,62.859,62.537,63.433,,,,,,0,0,
181,1790100020474653184,18.1,16,15,1552,1440,50.275,52.211,52.365,0.892,1,50.284,52.321,52.329,0.938,1,1.0778,15,62.859,61.888,63.433,,,,,,0,0,
182,1790100020574653184,18.2,18,17,1776,1632,50.275,51.504,52.365,0.819,1,50.284,52.321,52.329,0.894,1,1.0882,17,62.859,61.771,63.433,,,,,,0,0,
183,1790100020674653184,18.3,19,19,1904,1824,50.132,50.898,52.365,0.761,1,50.325,50.966,52.329,0.813,1,1.0439,19,62.859,61.771,63.433,,,,,,0,0,
184,1790100020774653184,18.4,19,19,1936,1824,50.292,50.558,52.211,0.577,1,50.284,50.951,52.321,0.71,1,1.0614,19,62.859,61.771,62.945,,,,,,0,0,
185,1790100020874653184,18.5,19,19,1968,1824,50.292,50.558,50.898,0.425,1,50.323,50.951,52.321,0.549,1,1.0789,19,62.861,61.771,62.947,,,,,,0,0,
186,1790100020974653184,18.6,19,19,2000,1824,50.292,50.879,52.839,0.686,1,50.284,50.925,50.964,0.628,1,1.0965,19,62.89,61.771,62.993,,,,,,0,0,
187,1790100021074653184,18.7,19,19,2032,1824,50.206,50.879,52.839,0.669,1,50.312,50.951,52.735,0.747,1,1.114,19,62.882,61.771,62.993,,,,,,0,0,
188,1790100021174653184,18.8,19,19,2064,1824,50.206,50.879,52.839,0.642,1,50.24,50.951,52.735,0.766,1,1.1316,19,62.89,61.771,62.993,,,,,,0,0,
189,1790100021274653184,18.9,19,19,2096,1824,50.063,50.573,52.839,0.652,1,50.24,50.964,52.735,0.802,1,1.1491,19,62.921,61.771,62.993,,,,,,0,0,
190,1790100021374653184,19.0,19,19,2128,1824,50.162,50.573,52.839,0.694,1,50.24,50.964,52.735,0.836,1,1.1667,19,62.921,61.771,62.993,,,,,,0,0,
191,1790100021474653184,19.1,19,19,2128,1824,50.158,50.573,52.839,0.688,1,50.221,50.933,52.735,0.778,1,1.1667,19,62.921,62.445,62.993,,,,,,0,0,
192,1790100021574653184,19.2,19,19,2128,1824,50.158,50.573,52.839,0.651,1,50.101,50.933,52.735,0.775,1,1.1667,19,62.89,62.445,62.993,,,,,,0,0,
193,1790100021674653184,19.3,19,19,2128,1824,50.068,50.573,52.839,0.65,1,50.101,50.933,52.735,0.799,1,1.1667,19,62.882,62.006,62.993,,,,,,0,0,
194,1790100021774653184,19.4,19,19,2128,1824,50.068,50.573,53.181,0.896,1,50.101,50.933,52.735,0.869,1,1.1667,19,62.845,61.953,62.993,,,,,,0,0,
195,1790100021874653184,19.5,19,19,2128,1824,50.068,50.524,53.181,0.649,1,50.101,50.994,53.089,0.862,1,1.1667,19,62.843,61.953,62.986,,,,,,0,0,
196,1790100021974653184,19.6,19,19,2128,1824,50.089,50.573,53.181,0.711,1,50.101,50.933,53.089,0.756,1,1.1667,19,62.834,61.953,62.947,,,,,,0,0,
197,1790100022074653184,19.7,19,19,2128,1824,50.089,50.953,53.181,0.795,1,50.113,50.945,53.089,0.817,1,1.1667,19,62.834,61.953,62.938,,,,,,0,0,
198,1790100022174653184,19.8,19,19,2128,1824,50.089,50.953,53.181,0.798,1,50.212,50.945,53.089,0.778,1,1.1667,19,62.834,61.953,62.948,,,,,,0,0,
199,1790100022274653184,19.9,19,19,2128,1824,50.089,50.953,53.181,0.757,1,50.17,50.945,53.089,0.725,1,1.1667,19,62.826,61.953,62.948,,,,,,0,0,
200,1790100022374653184,20.0,19,19,2128,1824,50.031,50.953,53.181,0.743,1,50.074,50.945,53.089,0.718,1,1.1667,19,62.818,61.953,62.948,,,,,,0,0,
201,1790100022474653184,20.1,19,19,2128,1824,49.994,50.953,53.181,0.762,1,50.131,50.945,53.089,0.728,1,1.1667,19,62.826,61.953,62.948,,,,,,0,0,
202,1790100022574653184,20.2,19,19,2128,1824,49.971,50.953,53.181,0.741,1,50.071,50.945,53.089,0.68,1,1.1667,19,62.826,61.953,62.948,,,,,,0,0,
203,1790100022674653184,20.3,19,19,2128,1824,50.036,50.524,51.18,0.424,1,50.065,50.945,53.089,0.556,1,1.1667,19,62.826,62.585,62.948,,,,,,0,0,
204,1790100022774653184,20.4,19,19,2128,1824,50.036,50.953,53.056,0.721,1,50.065,50.575,51.203,0.565,1,1.1667,19,62.837,62.585,63.051,,,,,,0,0,
205,1790100022874653184,20.5,19,19,2128,1824,50.036,50.612,53.056,0.86,1,50.071,50.945,52.848,0.703,1,1.1667,19,62.841,62.585,63.051,,,,,,0,0,
206,1790100022974653184,20.6,19,19,2128,1824,50.036,50.612,53.056,0.814,1,50.071,50.768,52.848,0.83,1,1.1667,19,62.841,62.585,63.051,,,,,,0,0,
207,1790100023074653184,20.7,19,19,2128,1824,49.971,50.612,53.056,0.788,1,50.057,50.736,52.848,0.869,1,1.1667,19,62.826,62.088,63.051,,,,,,0,0,
208,1790100023174653184,20.8,19,19,2128,1824,50.036,50.612,53.056,0.817,1,50.065,50.768,52.848,0.864,1,1.1667,19,62.817,62.088,63.051,,,,,,0,0,
209,1790100023274653184,20.9,19,19,2128,1824,50.102,50.755,53.056,0.968,1,50.137,50.77,52.848,0.993,1,1.1667,19,62.817,61.924,63.051,,,,,,0,0,
210,1790100023374653184,21.0,19,19,2128,1824,50.08,50.755,53.056,0.937,1,50.137,50.956,52.848,1.013,1,1.1667,19,62.817,61.924,63.051,,,,,,0,0,
211,1790100023474653184,21.1,19,19,2128,1824,50.111,52.812,53.056,1.239,1,50.141,50.956,52.848,1.145,1,1.1667,19,62.817,61.924,63.051,,,,,,0,0,
212,1790100023574653184,21.2,19,19,2128,1824,50.182,52.812,53.056,1.273,1,50.274,52.256,52.848,1.287,1,1.1667,19,62.807,61.593,63.051,,,,,,0,0,
213,1790100023674653184,21.3,19,19,2128,1824,50.08,50.755,52.966,0.978,1,50.274,52.256,52.848,1.186,1,1.1667,19,62.746,61.593,63.051,,,,,,0,0,
214,1790100023774653184,21.4,19,19,2128,1824,50.08,52.34,52.966,1.017,1,50.022,51.687,52.361,1.225,1,1.1667,19,62.634,61.593,62.974,,,,,,0,0,
215,1790100023874653184,21.5,19,19,2128,1824,50.013,52.34,52.966,1.108,1,50.022,52.256,53.139,1.294,1,1.1667,19,62.634,61.593,62.974,,,,,,0,0,
216,1790100023974653184,21.6,19,19,2128,1824,50.08,52.34,52.966,1.078,1,50.069,52.256,53.139,1.207,1,1.1667,19,62.722,61.593,62.943,,,,,,0,0,
217,1790100024074653184,21.7,19,19,2128,1824,50.001,52.34,52.966,1.05,1,50.02,52.256,53.139,1.185,1,1.1667,19,62.746,61.593,62.943,,,,,,0,0,
218,1790100024174653184,21.8,19,19,2128,1824,50.001,52.34,53.223,1.114,1,49.997,51.687,53.139,1.106,1,1.1667,19,62.807,61.593,62.943,,,,,,0,0,
219,1790100024274653184,21.9,19,19,2128,1824,49.919,52.34,53.223,1.121,1,49.895,52.361,53.212,1.269,1,1.1667,19,62.807,61.593,62.943,,,,,,0,0,
220,1790100024374653184,22.0,19,19,2128,1824,49.926,50.952,53.223,0.825,1,50.045,52.361,53.212,1.125,1,1.1667,19,62.751,61.593,62.943,,,,,,0,0,
221,1790100024474653184,22.1,19,19,2128,1824,49.894,50.952,53.223,0.819,1,50.045,51.687,53.212,0.978,1,1.1667,19,62.797,61.593,62.935,,,,,,0,0,
222,1790100024574653184,22.2,19,19,2128,1824,49.926,51.214,53.223,0.876,1,50.045,51.138,53.212,0.988,1,1.1667,19,62.866,61.927,62.935,,,,,,0,0,
223,1790100024674653184,22.3,19,19,2128,1824,49.91,50.952,53.223,0.725,1,50.077,51.138,53.212,0.838,1,1.1667,19,62.866,61.927,62.935,,,,,,0,0,
224,1790100024774653184,22.4,19,19,2128,1824,49.926,51.214,53.257,0.823,1,50.045,51.018,53.212,0.697,1,1.1667,19,62.866,62.534,62.935,,,,,,0,0,
225,1790100024874653184,22.5,19,19,2128,1824,49.91,51.214,53.257,0.805,1,50.053,51.138,53.391,0.871,1,1.1667,19,62.865,62.534,62.935,,,,,,0,0,
226,1790100024974653184,22.6,19,19,2128,1824,49.979,51.214,53.257,0.835,1,50.069,51.138,53.391,0.841,1,1.1667,19,62.865,62.534,62.935,,,,,,0,0,
227,1790100025074653184,22.7,19,19,2128,1824,49.926,50.475,53.257,0.634,1,50.069,51.138,53.391,0.841,1,1.1667,19,62.875,62.534,62.941,-0.768,-0.22,0.04,-0.22,-0.22,1,0,
228,1790100025174653184,22.8,19,19,2128,1824,49.97,50.485,53.257,0.679,1,50.069,50.579,53.391,0.654,1,1.1667,19,62.865,62.534,62.944,-0.758,-0.779,0.03,-0.758,-0.758,1,0,
229,1790100025274653184,22.9,19,19,2128,1824,49.927,50.529,53.257,0.855,1,50.035,50.579,53.391,0.699,1,1.1667,19,62.865,62.509,62.944,-0.714,-0.779,0.03,-0.714,-0.714,1,0,
230,1790100025374653184,23.0,19,19,2128,1824,50.054,51.214,53.257,0.954,1,49.929,50.579,53.391,0.84,1,1.1667,19,62.85,62.509,62.944,-0.029,-0.779,0.015,-0.029,-0.029,1,0,
231,1790100025474653184,23.1,19,19,2128,1824,50.054,50.529,53.257,0.897,1,50.035,50.579,53.391,0.895,1,1.1667,19,62.841,62.509,62.944,-0.714,-0.779,0.006,-0.714,-0.714,1,0,
232,1790100025574653184,23.2,19,19,2128,1824,50.097,50.529,53.257,0.805,1,50.035,50.579,53.391,0.879,1,1.1667,19,62.841,62.509,62.944,-0.714,-0.779,0.006,-0.714,-0.714,1,0,
233,1790100025674653184,23.3,19,19,2128,1824,50.054,50.485,52.886,0.597,1,50.074,50.579,53.391,0.737,1,1.1667,19,62.85,62.509,62.944,-0.758,-0.779,0.015,-0.758,-0.758,1,0,
234,1790100025774653184,23.4,19,19,2128,1824,50.097,50.485,52.886,0.752,1,50.035,50.477,52.924,0.715,1,1.1667,19,62.85,62.509,62.984,-0.758,-0.881,0.015,-0.758,-0.758,1,0,
235,1790100025874653184,23.5,19,19,2128,1824,50.159,50.529,52.886,0.895,1,49.982,50.579,52.924,0.902,1,1.1667,19,62.848,62.003,62.984,-0.714,-0.779,0.013,-0.714,-0.714,1,0,
236,1790100025974653184,23.6,19,19,2128,1824,50.029,50.529,52.886,0.985,1,49.982,50.956,52.924,0.906,1,1.1667,19,62.841,62.003,62.984,-0.714,-0.402,0.006,-0.402,-0.402,1,0,
237,1790100026074653184,23.7,19,19,2128,1824,50.225,51.845,52.886,1.03,1,49.925,51.748,52.924,1.07,1,1.1667,19,62.823,62.003,62.984,0.602,0.39,-0.012,0.602,0.602,1,0,
238,1790100026174653184,23.8,19,19,2128,1824,50.225,51.845,52.886,0.898,1,49.925,51.748,52.924,1.093,1,1.1667,19,62.791,62.003,62.984,0.602,0.39,-0.044,0.602,0.602,1,0,
239,1790100026274653184,23.9,19,19,2128,1824,50.225,50.81,52.829,0.808,1,49.925,51.748,52.924,0.948,1,1.1667,19,62.791,61.955,62.984,-0.433,0.39,-0.044,0.39,0.39,1,0,
240,1790100026374653184,24.0,19,19,2128,1824,50.052,50.81,52.829,0.818,1,49.925,50.971,52.851,0.849,1,1.1667,19,62.776,61.955,62.984,-0.433,-0.387,-0.059,-0.387,-0.387,1,0,
241,1790100026474653184,24.1,19,19,2128,1824,50.052,51.326,52.829,0.912,1,49.925,50.971,52.851,0.854,1,1.1667,19,62.776,61.955,62.984,0.083,-0.387,-0.059,0.083,0.083,1,0,
242,1790100026574653184,24.2,19,19,2128,1824,50.157,51.326,52.829,0.878,1,49.961,51.343,52.851,0.927,1,1.1667,19,62.791,61.955,63.035,0.083,-0.015,-0.044,0.083,0.083,1,0,
243,1790100026674653184,24.3,19,19,2128,1824,50.168,51.326,52.829,0.742,1,49.954,51.343,52.851,0.838,1,1.1667,19,62.742,61.805,63.035,0.083,-0.015,-0.093,0.083,0.083,1,0,
244,1790100026774653184,24.4,19,19,2128,1824,50.061,51.326,52.129,0.829,1,49.954,51.096,51.748,0.823,1,1.1667,19,62.742,61.805,63.035,0.083,-0.262,-0.093,0.083,0.083,1,0,
245,1790100026874653184,24.5,19,19,2128,1824,50.168,51.326,52.129,0.888,1,50.07,51.343,52.089,0.901,1,1.1667,19,62.791,61.805,63.035,0.083,-0.015,-0.044,0.083,0.083,1,0,
246,1790100026974653184,24.6,19,19,2128,1824,50.061,50.81,52.129,0.807,1,49.952,51.096,52.089,0.881,1,1.1667,19,62.83,61.805,63.035,-0.433,-0.262,-0.005,-0.262,-0.262,1,0,
247,1790100027074653184,24.7,19,19,2128,1824,50.077,51.326,53.135,0.915,1,50.067,51.096,52.089,0.82,1,1.1667,19,62.836,61.805,63.035,0.083,-0.262,0.001,0.083,0.083,1,0,
248,1790100027174653184,24.8,19,19,2128,1824,50.142,51.326,53.135,0.847,1,50.138,51.343,52.967,0.955,1,1.1667,19,62.836,61.805,63.035,0.083,-0.015,0.001,0.083,0.083,1,0,
249,1790100027274653184,24.9,19,19,2128,1824,50.077,51.326,53.135,0.841,1,50.118,51.343,52.967,0.906,1,1.1667,19,62.836,61.805,63.035,0.083,-0.015,0.001,0.083,0.083,1,0,
250,1790100027374653184,25.0,19,19,2128,1824,50.052,50.443,53.135,0.724,1,50.118,51.343,52.967,0.866,1,1.1667,19,62.83,61.805,63.035,-0.8,-0.015,-0.005,-0.015,-0.015,1,0,
251,1790100027474653184,25.1,19,19,2128,1824,50.052,50.443,53.135,0.732,1,50.027,51.096,52.967,0.811,1,1.1667,19,62.823,61.805,63.035,-0.8,-0.262,-0.012,-0.262,-0.262,1,0,
252,1790100027574653184,25.2,19,19,2128,1824,50.038,50.443,53.135,0.7,1,50.086,51.096,52.967,0.749,1,1.1667,19,62.823,61.826,62.969,-0.8,-0.262,-0.012,-0.262,-0.262,1,0,
253,1790100027674653184,25.3,19,19,2128,1824,50.038,50.268,53.135,0.465,1,50.039,50.461,52.967,0.575,1,1.1667,19,62.827,62.649,62.969,-0.975,-0.897,-0.009,-0.897,-0.897,1,0,
254,1790100027774653184,25.4,19,19,2128,1824,50.038,50.268,53.135,0.539,1,50.021,50.209,52.967,0.575,1,1.1667,19,62.825,62.649,62.969,-0.975,-1.149,-0.01,-0.975,-0.975,1,0,
255,1790100027874653184,25.5,19,19,2128,1824,50.038,50.584,53.135,0.568,1,50.058,50.461,52.967,0.535,1,1.1667,19,62.82,62.585,62.969,-0.659,-0.897,-0.015,-0.659,-0.659,1,0,
256,1790100027974653184,25.6,19,19,2128,1824,50.04,50.584,52.34,0.455,1,50.039,51.874,52.967,0.698,1,1.1667,19,62.805,61.947,62.969,-0.659,0.516,-0.03,0.516,0.516,1,0,
257,1790100028074653184,25.7,19,19,2128,1824,50.04,50.584,52.34,0.471,1,50.021,50.678,52.249,0.601,1,1.1667,19,62.798,61.947,62.94,-0.659,-0.68,-0.037,-0.659,-0.659,1,0,
258,1790100028174653184,25.8,19,19,2128,1824,50.04,50.584,52.34,0.685,1,50.021,50.796,52.249,0.673,1,1.1667,19,62.805,61.947,62.973,-0.659,-0.562,-0.03,-0.562,-0.562,1,0,
259,1790100028274653184,25.9,19,19,2128,1824,50.103,51.032,52.494,0.834,1,50.039,51.874,52.563,0.976,1,1.1667,19,62.805,61.947,62.973,-0.211,0.516,-0.03,0.516,0.516,1,0,
260,1790100028374653184,26.0,19,19,2128,1824,50.103,51.032,52.494,0.865,1,50.04,51.874,52.563,0.999,1,1.1667,19,62.789,61.947,62.973,-0.211,0.516,-0.046,0.516,0.516,1,0,
261,1790100028474653184,26.1,19,19,2128,1824,50.103,51.032,52.494,0.861,1,50.094,51.874,52.563,0.996,1,1.1667,19,62.805,61.947,62.973,-0.211,0.516,-0.031,0.516,0.516,1,0,
262,1790100028574653184,26.2,19,19,2128,1824,50.164,51.032,52.494,0.878,1,50.096,51.874,52.563,1.007,1,1.1667,19,62.804,61.947,62.973,-0.211,0.516,-0.031,0.516,0.516,1,0,
263,1790100028674653184,26.3,19,19,2128,1824,50.164,50.612,52.494,0.757,1,50.298,51.874,52.563,0.891,1,1.1667,19,62.789,61.947,62.973,-0.631,0.516,-0.046,0.516,0.516,1,0,
264,1790100028774653184,26.4,19,19,2128,1824,50.164,51.032,53.463,0.992,1,50.096,50.796,52.563,0.998,1,1.1667,19,62.804,61.947,62.973,-0.211,-0.562,-0.031,-0.211,-0.211,1,0,
265,1790100028874653184,26.5,19,19,2128,1824,50.15,52.494,53.463,1.238,1,50.096,50.796,53.207,1.137,1,1.1667,19,62.805,61.984,62.973,1.251,-0.562,-0.031,1.251,1.251,1,0,
266,1790100028974653184,26.6,19,19,2128,1824,50.054,52.702,53.463,1.577,1,50.096,52.563,53.207,1.389,1,1.1667,19,62.816,62.447,62.973,1.459,1.205,-0.019,1.459,1.459,1,0,
267,1790100029074653184,26.7,19,20,2128,1920,50.054,52.702,53.463,1.382,1,50.063,52.699,53.261,1.458,1,1.1083,20,62.823,62.587,62.973,1.459,1.341,-0.012,1.459,1.459,1,0,
268,1790100029174653184,26.8,19,19,2128,1824,49.966,52.702,53.463,1.245,1,50.096,52.699,53.261,1.203,1,1.1667,19,62.83,62.587,62.955,1.459,1.341,-0.005,1.459,1.459,1,0,
269,1790100029274653184,26.9,19,20,2128,1920,50.054,52.702,53.463,1.218,1,50.005,52.699,53.261,1.157,1,1.1083,20,62.823,62.202,62.955,1.459,1.341,-0.012,1.459,1.459,1,0,
270,1790100029374653184,27.0,19,20,2128,1920,50.084,52.702,53.463,1.226,1,50.063,52.699,53.261,1.166,1,1.1083,20,62.831,62.202,62.955,1.459,1.341,-0.004,1.459,1.459,1,0,
271,1790100029474653184,27.1,19,20,2128,1920,50.084,52.702,53.463,1.226,1,50.005,52.699,53.261,1.187,1,1.1083,20,62.838,62.202,62.955,1.459,1.341,0.003,1.459,1.459,1,0,
272,1790100029574653184,27.2,19,20,2128,1920,49.981,52.702,53.463,1.112,1,50.005,52.699,53.261,1.193,1,1.1083,20,62.848,62.202,62.955,1.459,1.341,0.013,1.459,1.459,1,0,
273,1790100029674653184,27.3,19,19,2128,1824,50.061,50.452,53.406,0.818,1,49.938,52.699,53.261,1.023,1,1.1667,19,62.843,62.202,62.955,-0.791,1.341,0.008,1.341,1.341,1,0,
274,1790100029774653184,27.4,19,20,2128,1920,50.061,50.452,53.406,0.902,1,49.827,50.794,53.261,0.984,1,1.1083,20,62.831,61.655,62.955,-0.791,-0.564,-0.004,-0.564,-0.564,1,0,
275,1790100029874653184,27.5,19,20,2128,1920,50.09,50.424,53.322,0.552,1,49.87,50.794,54.135,0.965,1,1.1083,20,62.844,61.655,62.955,-0.819,-0.564,0.009,-0.564,-0.564,1,0,
276,1790100029974653184,27.6,19,20,2128,1920,50.114,50.424,53.322,0.55,1,49.87,50.515,54.135,0.705,1,1.1083,20,62.822,61.655,63.012,-0.819,-0.843,-0.013,-0.819,-0.819,1,0,
277,1790100030074653184,27.7,19,20,2128,1920,50.09,50.265,53.322,0.538,1,50.005,50.515,54.135,0.72,1,1.1083,20,62.757,61.655,63.012,-0.978,-0.843,-0.079,-0.843,-0.843,1,0,
278,1790100030174653184,27.8,19,19,2128,1824,50.07,50.424,53.322,0.593,1,49.988,50.515,54.135,0.771,1,1.1667,19,62.756,61.655,63.012,-0.819,-0.843,-0.079,-0.819,-0.819,1,0,
279,1790100030274653184,27.9,19,20,2128,1920,50.07,50.579,53.322,0.692,1,50.116,50.515,54.135,0.787,1,1.1083,20,62.751,61.655,63.012,-0.664,-0.843,-0.084,-0.664,-0.664,1,0,
280,1790100030374653184,28.0,19,20,2128,1920,50.07,50.908,53.322,0.745,1,49.808,50.521,54.135,0.811,1,1.1083,20,62.742,61.655,63.012,-0.335,-0.837,-0.093,-0.335,-0.335,1,0,
281,1790100030474653184,28.1,19,20,2128,1920,50.092,50.908,53.322,0.801,1,49.808,50.866,54.135,0.878,1,1.1083,20,62.742,61.655,63.012,-0.335,-0.492,-0.093,-0.335,-0.335,1,0,
282,1790100030574653184,28.2,19,19,2128,1824,50.092,50.908,53.322,0.831,1,50.182,50.866,54.135,0.939,1,1.1667,19,62.739,61.655,63.012,-0.335,-0.492,-0.096,-0.335,-0.335,1,0,
283,1790100030674653184,28.3,19,20,2128,1920,50.092,50.908,51.285,0.555,1,50.249,50.866,54.135,0.934,1,1.1083,20,62.756,61.655,63.045,-0.335,-0.492,-0.079,-0.335,-0.335,1,0,
284,1790100030774653184,28.4,19,20,2128,1920,50.059,51.065,52.757,0.846,1,50.249,50.866,51.168,0.756,1,1.1083,20,62.768,62.038,63.045,-0.178,-0.492,-0.067,-0.178,-0.178,1,0,
285,1790100030874653184,28.5,19,19,2128,1824,50.179,51.065,52.757,0.837,1,50.182,51.064,52.807,0.922,1,1.1667,19,62.77,62.038,63.045,-0.178,-0.294,-0.065,-0.178,-0.178,1,0,
286,1790100030974653184,28.6,19,19,2128,1824,50.267,51.065,52.757,0.812,1,50.351,51.064,52.807,0.828,1,1.1667,19,62.771,62.038,63.045,-0.178,-0.294,-0.064,-0.178,-0.178,1,0,
287,1790100031074653184,28.7,19,19,2128,1824,50.267,50.908,52.757,0.818,1,50.275,51.064,52.807,0.84,1,1.1667,19,62.797,62.624,63.045,-0.335,-0.294,-0.039,-0.294,-0.294,1,0,
288,1790100031174653184,28.8,19,19,2128,1824,50.154,50.908,52.757,0.921,1,50.275,50.866,52.807,0.843,1,1.1667,19,62.797,62.624,63.045,-0.335,-0.492,-0.039,-0.335,-0.335,1,0,
289,1790100031274653184,28.9,19,20,2128,1920,50.235,51.065,52.967,0.991,1,50.176,50.866,52.807,0.901,1,1.1083,20,62.808,62.519,63.045,-0.178,-0.492,-0.027,-0.178,-0.178,1,0,
290,1790100031374653184,29.0,19,19,2128,1824,50.142,51.065,52.967,0.952,1,50.193,51.168,53.182,1.045,1,1.1667,19,62.797,62.519,63.045,-0.178,-0.19,-0.039,-0.178,-0.178,1,0,
291,1790100031474653184,29.1,19,19,2128,1824,50.148,51.065,52.967,0.927,1,50.097,51.168,53.182,0.991,1,1.1667,19,62.82,62.519,63.045,-0.178,-0.19,-0.015,-0.178,-0.178,1,0,
292,1790100031574653184,29.2,19,19,2128,1824,50.148,50.722,52.967,0.862,1,50.178,51.168,53.182,0.945,1,1.1667,19,62.802,62.519,62.918,-0.521,-0.19,-0.034,-0.19,-0.19,1,0,
293,1790100031674653184,29.3,19,19,2128,1824,50.148,50.48,52.967,0.579,1,50.178,50.465,53.182,0.855,1,1.1667,19,62.82,62.519,62.918,-0.763,-0.893,-0.015,-0.763,-0.763,1,0,
294,1790100031774653184,29.4,19,20,2128,1920,50.067,50.722,53.031,0.89,1,50.176,50.366,53.182,0.714,1,1.1083,20,62.811,62.519,62.918,-0.521,-0.992,-0.025,-0.521,-0.521,1,0,
295,1790100031874653184,29.5,19,19,2128,1824,49.973,50.755,53.031,0.964,1,50.097,50.465,53.182,0.89,1,1.1667,19,62.793,62.519,62.918,-0.488,-0.893,-0.042,-0.488,-0.488,1,0,
296,1790100031974653184,29.6,19,19,2128,1824,49.973,50.755,53.031,0.945,1,50.081,50.789,53.182,0.963,1,1.1667,19,62.786,62.519,62.896,-0.488,-0.569,-0.05,-0.488,-0.488,1,0,
297,1790100032074653184,29.7,19,19,2128,1824,50.148,51.021,53.031,0.864,1,50.081,50.789,53.182,0.958,1,1.1667,19,62.786,62.519,62.932,-0.222,-0.569,-0.05,-0.222,-0.222,1,0,
298,1790100032174653184,29.8,19,19,2128,1824,49.973,50.755,53.031,0.732,1,50.081,50.789,53.182,0.824,1,1.1667,19,62.784,61.897,62.932,-0.488,-0.569,-0.052,-0.488,-0.488,1,0,
299,1790100032274653184,29.9,19,19,2128,1824,50.148,51.021,53.031,0.784,1,49.986,50.789,52.969,0.714,1,1.1667,19,62.786,61.897,62.932,-0.222,-0.569,-0.05,-0.222,-0.222,1,0,
300,1790100032374653184,30.0,19,19,2128,1824,49.859,51.021,53.031,0.849,1,50.083,51.157,52.969,0.773,1,1.1667,19,62.786,61.897,62.932,-0.222,-0.201,-0.05,-0.201,-0.201,1,0,
301,1790100032474653184,30.1,19,19,2128,1824,50.115,51.226,53.031,0.917,1,49.853,51.157,52.969,0.807,1,1.1667,19,62.793,61.897,62.948,-0.017,-0.201,-0.042,-0.017,-0.017,1,0,
302,1790100032574653184,30.2,19,19,2128,1824,50.029,51.226,53.031,0.932,1,49.967,51.157,52.969,0.883,1,1.1667,19,62.786,61.897,62.948,-0.017,-0.201,-0.05,-0.017,-0.017,1,0,
303,1790100032674653184,30.3,19,19,2128,1824,49.975,51.021,51.428,0.602,1,49.967,51.157,52.969,0.9,1,1.1667,19,62.793,61.897,62.948,-0.222,-0.201,-0.042,-0.201,-0.201,1,0,
304,1790100032774653184,30.4,19,20,2128,1920,49.975,51.226,53.227,0.873,1,49.949,51.01,51.393,0.768,1,1.1083,20,62.799,61.859,62.948,-0.017,-0.348,-0.036,-0.017,-0.017,1,0,
305,1790100032874653184,30.5,19,20,2128,1920,49.914,51.226,53.227,0.974,1,49.949,51.157,53.207,0.962,1,1.1083,20,62.799,61.839,62.948,-0.017,-0.201,-0.036,-0.017,-0.017,1,0,
306,1790100032974653184,30.6,19,20,2128,1920,49.914,51.226,53.227,0.901,1,49.949,51.157,53.207,0.942,1,1.1083,20,62.792,61.839,62.948,-0.017,-0.201,-0.043,-0.017,-0.017,1,0,
307,1790100033074653184,30.7,19,20,2128,1920,49.914,51.226,53.227,0.933,1,49.949,51.157,53.207,0.927,1,1.1083,20,62.792,61.839,62.948,-0.017,-0.201,-0.043,-0.017,-0.017,1,0,
308,1790100033174653184,30.8,19,19,2128,1824,49.817,51.226,53.227,1.031,1,50.03,51.01,53.207,0.955,1,1.1667,19,62.812,61.839,62.948,-0.017,-0.348,-0.023,-0.017,-0.017,1,0,
309,1790100033274653184,30.9,19,19,2128,1824,49.927,51.226,53.227,0.99,1,50.005,51.01,53.207,1.062,1,1.1667,19,62.785,61.839,62.948,-0.017,-0.348,-0.05,-0.017,-0.017,1,0,
310,1790100033374653184,31.0,19,19,2128,1824,49.904,50.958,53.227,0.885,1,50.12,51.01,53.207,1.018,1,1.1667,19,62.733,61.839,62.948,-0.285,-0.348,-0.102,-0.285,-0.285,1,0,
311,1790100033474653184,31.1,19,19,2128,1824,49.904,50.958,53.227,0.889,1,50.009,50.955,53.207,0.934,1,1.1667,19,62.774,61.839,62.91,-0.285,-0.403,-0.061,-0.285,-0.285,1,0,
312,1790100033574653184,31.2,19,19,2128,1824,49.92,50.958,53.227,0.916,1,50.009,50.955,53.207,0.93,1,1.1667,19,62.75,61.839,62.91,-0.285,-0.403,-0.085,-0.285,-0.285,1,0,
313,1790100033674653184,31.3,19,19,2128,1824,49.92,50.516,53.198,0.615,1,50.028,50.955,53.207,0.934,1,1.1667,19,62.75,61.839,62.91,-0.727,-0.403,-0.085,-0.403,-0.403,1,0,
314,1790100033774653184,31.4,19,19,2128,1824,49.993,50.958,53.198,0.783,1,50.028,50.865,53.044,0.614,1,1.1667,19,62.75,61.839,62.88,-0.285,-0.493,-0.085,-0.285,-0.285,1,0,
315,1790100033874653184,31.5,19,19,2128,1824,49.993,50.958,53.198,0.801,1,50.028,50.955,53.044,0.833,1,1.1667,19,62.774,62.44,62.88,-0.285,-0.403,-0.061,-0.285,-0.285,1,0,
316,1790100033974653184,31.6,19,19,2128,1824,49.993,50.746,53.198,0.918,1,50.028,50.955,53.044,0.842,1,1.1667,19,62.785,62.44,62.913,-0.497,-0.403,-0.051,-0.403,-0.403,1,0,
317,1790100034074653184,31.7,19,19,2128,1824,49.993,50.746,53.489,0.935,1,50.028,50.865,53.044,0.982,1,1.1667,19,62.785,62.44,62.913,-0.497,-0.493,-0.051,-0.493,-0.493,1,0,
318,1790100034174653184,31.8,19,19,2128,1824,49.993,50.746,53.489,1.0,1,50.028,50.865,53.502,1.022,1,1.1667,19,62.785,62.44,62.913,-0.497,-0.493,-0.051,-0.493,-0.493,1,0,
319,1790100034274653184,31.9,19,19,2128,1824,50.201,50.746,53.489,1.023,1,50.028,51.761,53.502,1.182,1,1.1667,19,62.785,61.622,62.913,-0.497,0.403,-0.051,0.403,0.403,1,0,
320,1790100034374653184,32.0,19,19,2128,1824,50.201,50.746,53.489,1.01,1,50.288,51.761,53.502,1.202,1,1.1667,19,62.785,61.622,62.913,-0.497,0.403,-0.051,0.403,0.403,1,0,
321,1790100034474653184,32.1,19,19,2128,1824,50.124,50.746,53.489,1.014,1,50.288,51.761,53.502,1.188,1,1.1667,19,62.842,61.622,62.913,-0.497,0.403,0.007,0.403,0.403,1,0,
322,1790100034574653184,32.2,19,19,2128,1824,50.124,50.746,53.489,1.006,1,50.171,51.761,53.502,1.22,1,1.1667,19,62.842,61.622,62.913,-0.497,0.403,0.007,0.403,0.403,1,0,
323,1790100034674653184,32.3,19,19,2128,1824,50.124,50.746,53.489,0.857,1,50.171,51.761,53.502,1.173,1,1.1667,19,62.842,61.622,62.913,-0.497,0.403,0.007,0.403,0.403,1,0,
324,1790100034774653184,32.4,19,19,2128,1824,50.124,51.269,53.489,1.155,1,50.171,51.3,53.502,1.008,1,1.1667,19,62.803,61.622,62.913,0.026,-0.058,-0.032,0.026,0.026,1,0,
325,1790100034874653184,32.5,19,19,2128,1824,50.241,51.269,53.489,1.007,1,50.171,51.761,53.502,1.302,1,1.1667,19,62.745,61.622,62.913,0.026,0.403,-0.09,0.403,0.403,1,0,
326,1790100034974653184,32.6,19,19,2128,1824,50.241,50.704,53.314,0.857,1,50.241,51.761,53.502,1.165,1,1.1667,19,62.754,61.622,62.908,-0.539,0.403,-0.081,0.403,0.403,1,0,
327,1790100035074653184,32.7,19,19,2128,1824,50.241,50.576,53.314,0.803,1,50.241,51.3,53.205,1.011,1,1.1667,19,62.745,61.622,62.908,-0.667,-0.058,-0.09,-0.058,-0.058,1,0,
328,1790100035174653184,32.8,19,19,2128,1824,49.905,50.576,53.314,0.957,1,50.241,50.806,53.205,0.892,1,1.1667,19,62.754,62.412,62.909,-0.667,-0.552,-0.081,-0.552,-0.552,1,0,
329,1790100035274653184,32.9,19,19,2128,1824,49.974,51.269,53.314,1.102,1,49.974,50.806,53.205,1.024,1,1.1667,19,62.803,62.412,62.909,0.026,-0.552,-0.032,0.026,0.026,1,0,
330,1790100035374653184,33.0,19,19,2128,1824,49.974,51.269,53.314,1.229,1,50.066,51.3,53.205,1.156,1,1.1667,19,62.745,62.412,62.909,0.026,-0.058,-0.09,0.026,0.026,1,0,
331,1790100035474653184,33.1,19,19,2128,1824,50.0,52.906,53.314,1.349,1,49.933,51.3,53.205,1.276,1,1.1667,19,62.742,62.412,62.909,1.663,-0.058,-0.093,1.663,1.663,1,0,
332,1790100035574653184,33.2,19,19,2128,1824,50.0,52.906,53.314,1.246,1,50.008,52.698,53.205,1.383,1,1.1667,19,62.738,62.412,62.909,1.663,1.34,-0.097,1.663,1.663,1,0,
333,1790100035674653184,33.3,19,19,2128,1824,49.913,50.795,53.008,1.054,1,50.008,52.698,53.205,1.302,1,1.1667,19,62.742,62.412,62.909,-0.448,1.34,-0.093,1.34,1.34,1,0,
334,1790100035774653184,33.4,19,19,2128,1824,49.999,52.906,53.008,1.185,1,49.913,50.996,52.824,1.106,1,1.1667,19,62.824,62.412,62.915,1.663,-0.362,-0.011,1.663,1.663,1,0,
335,1790100035874653184,33.5,19,19,2128,1824,49.999,52.906,53.008,1.294,1,49.975,52.622,52.824,1.188,1,1.1667,19,62.818,62.412,62.915,1.663,1.264,-0.017,1.663,1.663,1,0,
336,1790100035974653184,33.6,19,19,2128,1824,50.002,52.906,53.008,1.278,1,49.975,52.622,52.824,1.315,1,1.1667,19,62.738,61.85,62.915,1.663,1.264,-0.097,1.663,1.663,1,0,
337,1790100036074653184,33.7,19,19,2128,1824,50.06,52.906,53.008,1.258,1,50.008,52.622,52.824,1.295,1,1.1667,19,62.738,61.85,62.915,1.663,1.264,-0.097,1.663,1.663,1,0,
338,1790100036174653184,33.8,19,19,2128,1824,50.002,52.848,53.006,1.113,1,50.047,52.698,52.885,1.291,1,1.1667,19,62.742,61.85,62.915,1.605,1.34,-0.093,1.605,1.605,1,0,
339,1790100036274653184,33.9,19,19,2128,1824,50.002,52.848,53.006,1.005,1,49.94,52.622,52.885,1.169,1,1.1667,19,62.738,61.85,62.915,1.605,1.264,-0.097,1.605,1.605,1,0,
340,1790100036374653184,34.0,19,19,2128,1824,50.002,50.795,53.006,0.914,1,50.047,52.622,52.885,1.069,1,1.1667,19,62.748,61.85,62.915,-0.448,1.264,-0.087,1.264,1.264,1,0,
341,1790100036474653184,34.1,19,19,2128,1824,50.002,51.718,53.006,1.034,1,50.035,50.996,52.885,0.986,1,1.1667,19,62.73,61.85,62.915,0.475,-0.362,-0.105,0.475,0.475,1,0,
342,1790100036574653184,34.2,19,19,2128,1824,50.082,51.718,53.006,0.947,1,50.035,51.656,52.885,1.087,1,1.1667,19,62.73,61.85,62.915,0.475,0.298,-0.105,0.475,0.475,1,0,
343,1790100036674653184,34.3,19,19,2128,1824,50.14,50.9,52.848,0.844,1,50.115,51.656,52.885,1.021,1,1.1667,19,62.73,61.85,62.915,-0.343,0.298,-0.105,0.298,0.298,1,0,
344,1790100036774653184,34.4,19,19,2128,1824,50.197,50.9,52.848,0.86,1,50.182,51.088,52.885,0.948,1,1.1667,19,62.73,61.85,62.899,-0.343,-0.27,-0.105,-0.27,-0.27,1,0,
345,1790100036874653184,34.5,18,19,2016,1824,50.285,51.718,53.108,1.06,1,50.285,51.088,52.885,0.937,1,1.1053,19,62.748,61.853,62.899,0.475,-0.27,-0.087,0.475,0.475,1,0,
346,1790100036974653184,34.6,19,19,2128,1824,50.23,51.718,83.422,4.653,1,50.417,52.885,83.504,2.895,1,1.1667,19,62.755,61.933,62.903,0.475,1.527,-0.08,1.527,1.527,1,0,
347,1790100037074653184,34.7,18,19,2016,1824,50.397,53.108,83.422,5.348,1,50.285,51.656,83.504,4.722,1,1.1053,19,62.771,61.933,62.976,1.865,0.298,-0.065,1.865,1.865,1,0,
348,1790100037174653184,34.8,16,18,1792,1728,50.397,58.139,83.422,5.993,1,50.505,53.174,83.504,5.336,1,1.037,18,62.763,61.933,62.976,6.896,1.816,-0.073,6.896,6.896,1,0,
349,1790100037274653184,34.9,18,19,2016,1824,50.285,58.139,168.15,19.141,3,50.417,57.85,168.176,17.117,3,1.1053,19,62.772,62.503,63.371,6.896,6.492,-0.063,6.896,6.896,1,0,
350,1790100037374653184,35.0,18,18,2016,1728,50.285,83.422,168.15,22.9,3,50.328,57.85,168.176,19.188,3,1.1667,18,62.781,62.498,63.371,32.179,6.492,-0.054,32.179,32.179,1,1,1790100037407539191
351,1790100037474653184,35.1,19,19,2128,1824,48.573,83.422,168.15,25.028,3,49.674,83.504,168.176,22.534,3,1.1667,19,62.772,62.498,63.371,32.179,32.146,-0.063,32.179,32.179,1,1,
352,1790100037574653184,35.2,18,19,2016,1824,46.862,83.422,168.15,26.209,3,48.502,83.504,168.176,25.061,3,1.1053,19,62.792,62.498,63.371,32.179,32.146,-0.043,32.179,32.179,1,1,
353,1790100037674653184,35.3,18,19,2016,1824,41.186,83.422,168.15,28.085,3,48.114,83.504,168.176,26.616,3,1.1053,19,62.851,62.498,63.371,32.179,32.146,0.016,32.179,32.179,1,1,
354,1790100037774653184,35.4,18,18,2016,1728,39.106,91.747,168.15,30.449,3,41.259,83.504,168.176,28.094,3,1.1667,18,62.846,62.498,63.371,40.504,32.146,0.011,40.504,40.504,1,1,
355,1790100037874653184,35.5,19,19,2128,1824,37.553,91.747,168.15,29.631,3,40.178,91.914,168.176,29.522,3,1.1667,19,62.853,62.498,63.371,40.504,40.556,0.018,40.556,40.556,1,1,
356,1790100037974653184,35.6,19,18,2128,1728,37.553,96.434,168.15,33.826,3,39.096,91.914,168.176,30.41,3,1.2315,18,62.847,62.498,63.371,45.191,40.556,0.012,45.191,45.191,1,1,
357,1790100038074653184,35.7,20,19,2240,1824,37.992,91.747,109.932,25.756,3,35.33,91.914,110.199,25.776,3,1.2281,19,62.853,62.155,90.32,40.504,40.556,0.018,40.556,40.556,1,1,
358,1790100038174653184,35.8,19,21,2128,2016,49.067,91.747,109.932,24.71,2,36.976,91.914,110.199,25.091,3,1.0556,21,62.853,62.155,90.32,40.504,40.556,0.018,40.556,40.556,1,1,
359,1790100038274653184,35.9,19,19,2128,1824,43.873,80.099,109.932,23.203,2,38.623,80.038,110.199,22.085,2,1.1667,19,62.853,62.155,90.32,28.856,28.68,0.018,28.856,28.856,1,1,
360,1790100038374653184,36.0,19,19,2128,1824,47.153,80.099,109.932,21.929,2,44.324,80.038,110.199,23.119,2,1.1667,19,62.853,61.841,90.32,28.856,28.68,0.018,28.856,28.856,1,1,
361,1790100038474653184,36.1,19,19,2128,1824,45.797,89.019,109.932,22.87,2,47.984,89.121,110.199,22.86,2,1.1667,19,62.843,61.841,90.32,37.776,37.763,0.008,37.776,37.776,1,1,
362,1790100038574653184,36.2,20,19,2240,1824,45.928,89.019,109.932,22.865,2,42.518,89.121,110.199,22.686,2,1.2281,19,62.815,61.841,90.32,37.776,37.763,-0.02,37.776,37.776,1,1,
363,1790100038674653184,36.3,20,19,2240,1824,45.928,70.756,109.932,20.768,2,42.044,71.311,110.199,21.136,2,1.2281,19,62.779,61.841,90.32,19.513,19.953,-0.056,19.953,19.953,1,1,
364,1790100038774653184,36.4,19,19,2128,1824,47.284,70.756,109.932,19.097,2,46.178,71.311,110.199,19.436,1,1.1667,19,62.767,61.841,90.32,19.513,19.953,-0.068,19.953,19.953,1,1,
365,1790100038874653184,36.5,20,19,2240,1824,45.928,70.176,89.019,16.516,2,46.178,70.434,89.121,16.751,1,1.2281,19,62.767,61.841,90.32,18.933,19.076,-0.068,19.076,19.076,1,1,
366,1790100038974653184,36.6,19,20,2128,1920,51.26,70.176,89.019,15.288,1,45.939,70.434,89.121,15.606,1,1.1083,20,62.727,61.841,90.32,18.933,19.076,-0.108,19.076,19.076,1,1,
367,1790100039074653184,36.7,19,19,2128,1824,45.089,65.109,89.019,13.089,1,46.178,66.168,89.121,14.127,1,1.1667,19,62.744,61.837,62.92,13.866,14.81,-0.091,14.81,14.81,1,1,
368,1790100039174653184,36.8,18,20,2016,1920,45.666,70.176,89.019,13.994,1,45.939,70.434,89.121,13.894,1,1.05,20,62.724,61.837,62.92,18.933,19.076,-0.111,19.076,19.076,1,1,
369,1790100039274653184,36.9,19,19,2128,1824,45.219,65.109,73.404,11.789,1,46.178,70.434,89.121,13.728,1,1.1667,19,62.746,61.837,62.92,13.866,19.076,-0.089,19.076,19.076,1,1,
370,1790100039374653184,37.0,20,19,2240,1824,49.679,65.109,73.404,11.542,1,45.146,64.999,73.124,11.705,1,1.2281,19,62.749,61.837,62.92,13.866,13.641,-0.086,13.866,13.866,1,1,
371,1790100039474653184,37.1,20,19,2240,1824,49.679,60.617,73.404,8.799,1,49.9,64.999,73.124,10.018,1,1.2281,19,62.746,61.837,62.92,9.374,13.641,-0.089,13.641,13.641,1,1,
372,1790100039574653184,37.2,20,19,2240,1824,49.695,60.617,73.404,7.723,1,49.931,59.974,73.124,8.4,1,1.2281,19,62.746,61.837,62.92,9.374,8.616,-0.089,9.374,9.374,1,0,
373,1790100039674653184,37.3,20,19,2240,1824,49.798,60.617,73.404,7.072,1,49.85,59.974,73.124,7.612,1,1.2281,19,62.744,61.837,62.92,9.374,8.616,-0.091,9.374,9.374,1,0,
374,1790100039774653184,37.4,20,19,2240,1824,49.849,56.16,73.404,5.298,1,49.928,56.042,73.124,6.181,1,1.2281,19,62.746,61.837,62.92,4.917,4.684,-0.089,4.917,4.917,1,0,
375,1790100039874653184,37.5,20,19,2240,1824,49.844,53.013,73.404,4.493,1,49.97,56.042,73.124,4.99,1,1.2281,19,62.755,61.837,62.899,1.77,4.684,-0.08,4.684,4.684,1,0,
376,1790100039974653184,37.6,20,19,2240,1824,49.994,53.013,73.404,3.812,1,49.95,52.711,73.124,4.24,1,1.2281,19,62.778,62.466,62.899,1.77,1.353,-0.057,1.77,1.77,1,0,
377,1790100040074653184,37.7,19,19,2128,1824,49.922,50.354,53.013,0.923,1,49.97,50.509,56.042,2.619,1,1.1667,19,62.78,62.466,62.899,-0.889,-0.849,-0.055,-0.849,-0.849,1,0,
378,1790100040174653184,37.8,19,19,2128,1824,49.999,50.557,53.013,0.635,1,49.95,50.185,52.711,0.848,1,1.1667,19,62.78,62.503,62.899,-0.686,-1.173,-0.055,-0.686,-0.686,1,0,
379,1790100040274653184,37.9,19,19,2128,1824,49.999,50.557,52.492,0.514,1,50.005,50.509,52.808,0.582,1,1.1667,19,62.781,62.503,62.923,-0.686,-0.849,-0.054,-0.686,-0.686,1,0,
380,1790100040374653184,38.0,19,19,2128,1824,49.999,50.557,52.492,0.535,1,49.97,50.439,52.808,0.501,1,1.1667,19,62.781,62.44,62.923,-0.686,-0.919,-0.054,-0.686,-0.686,1,0,
381,1790100040474653184,38.1,19,19,2128,1824,50.056,50.64,52.492,0.609,1,49.97,50.439,52.808,0.506,1,1.1667,19,62.78,62.025,62.923,-0.603,-0.919,-0.055,-0.603,-0.603,1,0,
382,1790100040574653184,38.2,19,19,2128,1824,50.051,50.64,52.492,0.706,1,50.064,50.956,52.808,0.611,1,1.1667,19,62.755,62.025,62.923,-0.603,-0.402,-0.08,-0.402,-0.402,1,0,
383,1790100040674653184,38.3,19,19,2128,1824,50.051,51.055,52.492,0.896,1,49.986,50.956,52.808,0.701,1,1.1667,19,62.755,62.025,62.923,-0.188,-0.402,-0.08,-0.188,-0.188,1,0,
384,1790100040774653184,38.4,19,19,2128,1824,50.201,51.098,52.817,0.867,1,49.952,51.095,52.808,0.913,1,1.1667,19,62.778,62.025,62.923,-0.145,-0.263,-0.057,-0.145,-0.145,1,0,
385,1790100040874653184,38.5,19,19,2128,1824,50.105,51.098,52.817,0.867,1,50.161,51.281,52.808,0.895,1,1.1667,19,62.781,62.025,62.923,-0.145,-0.077,-0.054,-0.077,-0.077,1,0,
386,1790100040974653184,38.6,19,19,2128,1824,50.163,51.098,52.817,0.874,1,49.954,51.281,52.808,0.901,1,1.1667,19,62.739,62.025,62.923,-0.145,-0.077,-0.096,-0.077,-0.077,1,0,
387,1790100041074653184,38.7,19,19,2128,1824,50.159,51.098,52.972,1.088,1,50.088,51.281,52.808,0.915,1,1.1667,19,62.739,62.025,62.923,-0.145,-0.077,-0.096,-0.077,-0.077,1,0,
388,1790100041174653184,38.8,19,19,2128,1824,50.18,51.098,52.972,1.039,1,50.066,51.281,52.994,1.112,1,1.1667,19,62.791,62.025,62.923,-0.145,-0.077,-0.044,-0.077,-0.077,1,0,
389,1790100041274653184,38.9,19,19,2128,1824,50.18,51.098,52.972,1.043,1,50.128,51.281,52.994,1.052,1,1.1667,19,62.788,62.025,62.893,-0.145,-0.077,-0.047,-0.077,-0.077,1,0,
390,1790100041374653184,39.0,19,19,2128,1824,50.122,51.055,52.972,0.989,1,50.184,51.281,52.994,1.089,1,1.1667,19,62.788,62.284,62.893,-0.188,-0.077,-0.047,-0.077,-0.077,1,0,
391,1790100041474653184,39.1,19,19,2128,1824,50.18,51.055,52.972,0.908,1,50.056,51.281,52.994,1.016,1,1.1667,19,62.788,62.537,62.893,-0.188,-0.077,-0.047,-0.077,-0.077,1,0,
392,1790100041574653184,39.2,19,19,2128,1824,50.18,50.702,52.972,0.728,1,50.084,51.281,52.994,0.928,1,1.1667,19,62.788,62.537,62.884,-0.541,-0.077,-0.047,-0.077,-0.077,1,0,
393,1790100041674653184,39.3,20,19,2240,1824,50.142,50.564,52.972,0.592,1,50.084,50.755,52.994,0.721,1,1.2281,19,62.787,62.537,62.874,-0.679,-0.603,-0.048,-0.603,-0.603,1,0,
394,1790100041774653184,39.4,20,19,2240,1824,50.102,50.564,52.972,0.735,1,50.022,50.629,52.994,0.59,1,1.2281,19,62.771,62.537,62.874,-0.679,-0.729,-0.064,-0.679,-0.679,1,0,
395,1790100041874653184,39.5,19,19,2128,1824,50.056,50.444,52.972,0.762,1,50.022,50.629,52.994,0.711,1,1.1667,19,62.763,62.537,63.036,-0.799,-0.729,-0.072,-0.729,-0.729,1,0,
396,1790100041974653184,39.6,19,19,2128,1824,50.027,50.405,50.702,0.427,1,50.077,50.382,52.994,0.675,1,1.1667,19,62.785,62.578,63.036,-0.838,-0.976,-0.051,-0.838,-0.838,1,0,
397,1790100042074653184,39.7,20,19,2240,1824,50.085,50.405,50.702,0.412,1,50.019,50.29,50.629,0.383,1,1.2281,19,62.763,61.89,63.036,-0.838,-1.068,-0.072,-0.838,-0.838,1,0,
398,1790100042174653184,39.8,20,19,2240,1824,50.085,50.444,52.621,0.507,1,50.019,50.29,50.851,0.413,1,1.2281,19,62.704,61.821,63.036,-0.799,-1.068,-0.131,-0.799,-0.799,1,0,
399,1790100042274653184,39.9,20,19,2240,1824,50.085,50.444,52.621,0.545,1,50.077,50.29,52.319,0.491,1,1.2281,19,62.7,61.821,63.036,-0.799,-1.068,-0.135,-0.799,-0.799,1,0,
400,1790100042374653184,40.0,20,19,2240,1824,50.085,50.444,52.621,0.532,1,50.077,50.851,52.319,0.551,1,1.2281,19,62.7,61.821,63.036,-0.799,-0.507,-0.135,-0.507,-0.507,1,0,
401,1790100042474653184,40.1,20,19,2240,1824,50.085,50.444,52.621,0.525,1,50.108,50.851,52.319,0.578,1,1.2281,19,62.7,61.821,63.036,-0.799,-0.507,-0.135,-0.507,-0.507,1,0,
402,1790100042574653184,40.2,19,19,2128,1824,50.103,50.444,52.621,0.515,1,50.147,50.851,52.319,0.586,1,1.1667,19,62.704,61.821,63.036,-0.799,-0.507,-0.131,-0.507,-0.507,1,0,
403,1790100042674653184,40.3,20,19,2240,1824,50.085,50.444,52.621,0.495,1,50.114,50.851,52.319,0.571,1,1.2281,19,62.7,61.821,63.036,-0.799,-0.507,-0.135,-0.507,-0.507,1,0,
404,1790100042774653184,40.4,19,19,2128,1824,50.092,50.324,52.621,0.522,1,50.149,50.851,52.319,0.462,1,1.1667,19,62.744,61.821,63.036,-0.919,-0.507,-0.091,-0.507,-0.507,1,0,
405,1790100042874653184,40.5,19,19,2128,1824,50.11,51.114,53.143,0.684,1,50.204,50.851,52.319,0.645,1,1.1667,19,62.777,61.821,62.943,-0.129,-0.507,-0.058,-0.129,-0.129,1,0,
406,1790100042974653184,40.6,18,19,2016,1824,50.059,51.114,53.143,0.718,1,50.245,51.231,53.131,0.738,1,1.1053,19,62.777,61.821,62.915,-0.129,-0.127,-0.058,-0.127,-0.127,1,0,
407,1790100043074653184,40.7,18,19,2016,1824,50.059,50.365,53.143,0.777,1,50.245,51.231,53.131,0.721,1,1.1053,19,62.807,62.342,62.927,-0.878,-0.127,-0.028,-0.127,-0.127,1,0,
408,1790100043174653184,40.8,20,19,2240,1824,50.059,51.114,53.143,0.843,1,50.172,51.231,53.989,1.066,1,1.2281,19,62.785,61.865,62.927,-0.129,-0.127,-0.051,-0.127,-0.127,1,0,
409,1790100043274653184,40.9,19,19,2128,1824,50.002,50.365,53.143,0.82,1,50.082,50.367,53.989,0.995,1,1.1667,19,62.807,61.865,62.927,-0.878,-0.991,-0.028,-0.878,-0.878,1,0,
410,1790100043374653184,41.0,19,19,2128,1824,50.046,50.635,53.143,0.843,1,50.082,50.939,53.989,1.035,1,1.1667,19,62.785,61.865,62.927,-0.608,-0.419,-0.051,-0.419,-0.419,1,0,
411,1790100043474653184,41.1,19,19,2128,1824,50.017,50.635,53.143,0.876,1,50.031,50.939,53.989,1.034,1,1.1667,19,62.815,61.865,62.927,-0.608,-0.419,-0.02,-0.419,-0.419,1,0,
412,1790100043574653184,41.2,19,19,2128,1824,49.999,50.635,53.143,0.87,1,50.031,50.939,53.989,1.037,1,1.1667,19,62.787,61.865,62.927,-0.608,-0.419,-0.048,-0.419,-0.419,1,0,
413,1790100043674653184,41.3,18,19,2016,1824,50.003,50.635,53.143,0.72,1,50.047,50.939,53.989,0.998,1,1.1053,19,62.815,61.865,62.927,-0.608,-0.419,-0.02,-0.419,-0.419,1,0,
414,1790100043774653184,41.4,20,19,2240,1824,50.001,50.593,53.134,0.697,1,50.047,50.939,53.989,0.855,1,1.2281,19,62.825,61.865,62.927,-0.65,-0.419,-0.01,-0.419,-0.419,1,0,
415,1790100043874653184,41.5,20,19,2240,1824,50.001,50.635,53.19,1.016,1,50.047,50.613,53.989,0.894,1,1.2281,19,62.81,61.865,62.927,-0.608,-0.745,-0.025,-0.608,-0.608,1,0,
416,1790100043974653184,41.6,19,19,2128,1824,49.999,50.593,53.19,0.739,1,50.047,50.939,53.989,1.22,1,1.1667,19,62.81,61.865,62.925,-0.65,-0.419,-0.025,-0.419,-0.419,1,0,
417,1790100044074653184,41.7,19,19,2128,1824,50.0,50.635,53.226,0.918,1,50.047,50.688,53.31,0.816,1,1.1667,19,62.81,62.348,62.963,-0.608,-0.67,-0.025,-0.608,-0.608,1,0,
418,1790100044174653184,41.8,19,19,2128,1824,50.0,50.635,53.226,0.912,1,50.107,50.939,53.31,0.972,1,1.1667,19,62.81,62.348,62.963,-0.608,-0.419,-0.025,-0.419,-0.419,1,0,
419,1790100044274653184,41.9,19,19,2128,1824,49.98,50.593,53.226,0.902,1,50.084,50.688,53.31,0.888,1,1.1667,19,62.81,62.622,62.963,-0.65,-0.67,-0.025,-0.65,-0.65,1,0,
420,1790100044374653184,42.0,19,19,2128,1824,49.98,50.988,53.226,0.972,1,50.058,50.688,53.31,0.93,1,1.1667,19,62.83,62.622,62.963,-0.255,-0.67,-0.005,-0.255,-0.255,1,0,
421,1790100044474653184,42.1,19,19,2128,1824,49.961,50.988,53.226,1.009,1,50.084,50.848,53.31,0.964,1,1.1667,19,62.81,62.541,62.963,-0.255,-0.51,-0.025,-0.255,-0.255,1,0,
422,1790100044574653184,42.2,19,19,2128,1824,49.914,50.988,53.226,0.988,1,50.024,50.848,53.31,1.02,1,1.1667,19,62.785,61.828,62.963,-0.255,-0.51,-0.05,-0.255,-0.255,1,0,
423,1790100044674653184,42.3,19,19,2128,1824,49.914,50.988,53.226,1.021,1,50.084,51.513,53.31,1.055,1,1.1667,19,62.783,61.828,62.963,-0.255,0.155,-0.052,0.155,0.155,1,0,
424,1790100044774653184,42.4,20,19,2240,1824,49.92,50.606,53.226,0.804,1,50.084,51.513,53.31,0.923,1,1.2281,19,62.776,61.828,62.963,-0.637,0.155,-0.059,0.155,0.155,1,0,
425,1790100044874653184,42.5,19,19,2128,1824,50.074,50.988,53.467,0.863,1,50.032,50.848,52.952,0.743,1,1.1667,19,62.776,61.828,62.963,-0.255,-0.51,-0.059,-0.255,-0.255,1,0,
426,1790100044974653184,42.6,19,19,2128,1824,49.987,50.606,53.467,0.71,1,50.084,51.513,53.417,0.876,1,1.1667,19,62.755,61.828,62.963,-0.637,0.155,-0.08,0.155,0.155,1,0,
427,1790100045074653184,42.7,19,19,2128,1824,50.074,50.606,53.467,0.711,1,50.032,50.848,53.417,0.784,1,1.1667,19,62.753,61.828,62.918,-0.637,-0.51,-0.082,-0.51,-0.51,1,0,
428,1790100045174653184,42.8,19,19,2128,1824,50.074,50.606,53.467,0.728,1,49.975,50.848,53.417,0.825,1,1.1667,19,62.696,61.466,62.916,-0.637,-0.51,-0.139,-0.51,-0.51,1,0,
429,1790100045274653184,42.9,19,19,2128,1824,50.068,50.519,53.467,0.621,1,50.09,50.956,53.417,0.815,1,1.1667,19,62.613,61.466,62.916,-0.724,-0.402,-0.222,-0.402,-0.402,1,0,
430,1790100045374653184,43.0,19,19,2128,1824,50.068,50.519,53.467,0.767,1,50.038,50.956,53.417,0.763,1,1.1667,19,62.613,61.466,62.915,-0.724,-0.402,-0.222,-0.402,-0.402,1,0,
431,1790100045474653184,43.1,19,19,2128,1824,50.068,50.606,53.467,0.937,1,50.067,51.513,53.417,1.054,1,1.1667,19,62.665,61.466,62.915,-0.637,0.155,-0.17,0.155,0.155,1,0,
432,1790100045574653184,43.2,19,19,2128,1824,50.043,50.519,53.467,0.855,1,50.038,50.956,53.417,0.975,1,1.1667,19,62.755,61.466,62.915,-0.724,-0.402,-0.08,-0.402,-0.402,1,0,
433,1790100045674653184,43.3,20,19,2240,1824,49.966,50.519,53.467,0.976,1,50.038,50.956,53.417,0.923,1,1.2281,19,62.766,61.466,62.915,-0.724,-0.402,-0.069,-0.402,-0.402,1,0,
434,1790100045774653184,43.4,19,19,2128,1824,50.0,50.519,53.161,0.833,1,50.038,50.956,53.417,0.924,1,1.1667,19,62.766,61.466,63.053,-0.724,-0.402,-0.069,-0.402,-0.402,1,0,
435,1790100045874653184,43.5,19,19,2128,1824,50.0,52.706,53.342,1.093,1,50.005,50.956,53.122,0.965,1,1.1667,19,62.704,61.466,63.053,1.463,-0.402,-0.131,1.463,1.463,1,0,
436,1790100045974653184,43.6,19,19,2128,1824,49.959,52.706,53.342,1.134,1,50.038,52.263,53.288,1.078,1,1.1667,19,62.775,61.466,63.053,1.463,0.905,-0.06,1.463,1.463,1,0,
437,1790100046074653184,43.7,19,19,2128,1824,49.959,52.706,53.342,1.286,1,50.038,52.263,53.288,1.138,1,1.1667,19,62.797,61.466,63.053,1.463,0.905,-0.039,1.463,1.463,1,0,
438,1790100046174653184,43.8,19,19,2128,1824,49.959,52.939,53.342,1.443,1,50.02,52.853,53.288,1.397,1,1.1667,19,62.814,62.61,63.053,1.696,1.495,-0.021,1.696,1.696,1,0,
439,1790100046274653184,43.9,19,19,2128,1824,49.959,52.939,53.342,1.321,1,49.955,52.853,53.288,1.407,1,1.1667,19,62.797,62.416,63.053,1.696,1.495,-0.039,1.696,1.696,1,0,
440,1790100046374653184,44.0,19,19,2128,1824,49.959,52.706,53.342,1.21,1,49.955,52.263,53.288,1.177,1,1.1667,19,62.814,62.416,63.053,1.463,0.905,-0.021,1.463,1.463,1,0,
441,1790100046474653184,44.1,19,19,2128,1824,49.951,52.706,53.342,1.215,1,49.893,52.263,53.288,1.173,1,1.1667,19,62.814,62.416,63.053,1.463,0.905,-0.021,1.463,1.463,1,0,
442,1790100046574653184,44.2,19,19,2128,1824,49.951,52.706,53.342,1.296,1,49.913,52.263,53.288,1.19,1,1.1667,19,62.814,62.416,63.053,1.463,0.905,-0.021,1.463,1.463,1,0,
443,1790100046674653184,44.3,19,19,2128,1824,50.009,51.3,53.342,1.106,1,49.989,52.263,53.288,1.215,1,1.1667,19,62.775,61.89,63.053,0.057,0.905,-0.06,0.905,0.905,1,0,
444,1790100046774653184,44.4,19,19,2128,1824,49.951,51.199,52.939,0.821,1,49.989,51.475,53.288,1.072,1,1.1667,19,62.775,61.89,62.895,-0.044,0.117,-0.06,0.117,0.117,1,0,
445,1790100046874653184,44.5,19,19,2128,1824,50.009,51.3,52.939,1.059,1,49.849,51.384,52.853,1.014,1,1.1667,19,62.798,61.89,62.895,0.057,0.026,-0.037,0.057,0.057,1,0,
446,1790100046974653184,44.6,19,19,2128,1824,49.981,51.3,52.939,0.868,1,49.913,51.475,52.853,1.08,1,1.1667,19,62.768,61.89,62.895,0.057,0.117,-0.067,0.117,0.117,1,0,
447,1790100047074653184,44.7,19,19,2128,1824,50.038,51.199,52.93,0.713,1,49.913,51.384,52.742,0.807,1,1.1667,19,62.744,61.89,62.97,-0.044,0.026,-0.091,0.026,0.026,1,0,
448,1790100047174653184,44.8,19,19,2128,1824,50.016,51.199,52.93,0.661,1,49.912,51.384,52.742,0.814,1,1.1667,19,62.744,61.89,62.97,-0.044,0.026,-0.091,0.026,0.026,1,0,
449,1790100047274653184,44.9,19,19,2128,1824,50.016,50.597,52.93,0.607,1,49.912,50.955,52.742,0.72,1,1.1667,19,62.768,61.89,62.97,-0.646,-0.403,-0.067,-0.403,-0.403,1,0,
450,1790100047374653184,45.0,19,19,2128,1824,50.016,50.597,52.93,0.747,1,49.932,50.955,52.742,0.732,1,1.1667,19,62.768,61.89,62.97,-0.646,-0.403,-0.067,-0.403,-0.403,1,0,
451,1790100047474653184,45.1,19,19,2128,1824,50.016,51.3,53.025,0.824,1,49.816,50.955,52.742,0.845,1,1.1667,19,62.768,61.89,62.97,0.057,-0.403,-0.067,0.057,0.057,1,0,
452,1790100047574653184,45.2,19,19,2128,1824,49.996,50.229,53.025,0.727,1,49.816,51.475,53.241,0.862,1,1.1667,19,62.768,61.89,62.97,-1.014,0.117,-0.067,0.117,0.117,1,0,
453,1790100047674653184,45.3,19,19,2128,1824,50.016,50.773,53.025,0.744,1,49.833,50.459,53.241,0.798,1,1.1667,19,62.758,62.474,62.97,-0.47,-0.899,-0.077,-0.47,-0.47,1,0,
454,1790100047774653184,45.4,19,19,2128,1824,50.034,50.341,53.025,0.471,1,50.02,50.892,53.241,0.749,1,1.1667,19,62.73,62.474,62.97,-0.902,-0.466,-0.106,-0.466,-0.466,1,0,
455,1790100047874653184,45.5,19,19,2128,1824,50.072,50.773,53.339,0.828,1,49.863,50.459,53.241,0.779,1,1.1667,19,62.758,62.474,62.97,-0.47,-0.899,-0.077,-0.47,-0.47,1,0,
456,1790100047974653184,45.6,19,19,2128,1824,50.001,50.773,53.339,0.833,1,49.863,50.892,53.604,0.96,1,1.1667,19,62.765,62.474,63.03,-0.47,-0.466,-0.071,-0.466,-0.466,1,0,
457,1790100048074653184,45.7,19,19,2128,1824,50.013,50.773,53.339,0.997,1,50.067,50.892,53.604,0.975,1,1.1667,19,62.758,62.474,63.03,-0.47,-0.466,-0.077,-0.466,-0.466,1,0,
458,1790100048174653184,45.8,19,19,2128,1824,50.062,52.566,53.339,1.122,1,50.067,50.924,53.604,1.208,1,1.1667,19,62.742,61.844,63.03,1.323,-0.434,-0.093,1.323,1.323,1,0,
459,1790100048274653184,45.9,19,19,2128,1824,50.062,52.566,53.339,1.024,1,50.042,52.281,53.604,1.33,1,1.1667,19,62.73,61.519,63.03,1.323,0.923,-0.106,1.323,1.323,1,0,
460,1790100048374653184,46.0,19,19,2128,1824,50.003,50.773,53.339,0.849,1,50.277,52.281,53.604,1.139,1,1.1667,19,62.693,61.519,63.03,-0.47,0.923,-0.142,0.923,0.923,1,0,
461,1790100048474653184,46.1,19,19,2128,1824,50.0,50.773,53.339,0.884,1,50.277,50.924,53.604,0.982,1,1.1667,19,62.728,61.519,63.03,-0.47,-0.434,-0.107,-0.434,-0.434,1,0,
462,1790100048574653184,46.2,19,19,2128,1824,50.0,50.627,53.339,0.868,1,50.277,50.924,53.604,0.998,1,1.1667,19,62.742,61.519,63.03,-0.616,-0.434,-0.093,-0.434,-0.434,1,0,
463,1790100048674653184,46.3,19,19,2128,1824,50.0,52.566,53.339,1.047,1,50.158,50.924,53.604,0.996,1,1.1667,19,62.742,61.519,63.03,1.323,-0.434,-0.093,1.323,1.323,1,0,
464,1790100048774653184,46.4,19,19,2128,1824,49.988,50.627,53.161,0.852,1,50.158,52.281,53.604,1.079,1,1.1667,19,62.693,61.519,63.03,-0.616,0.923,-0.142,0.923,0.923,1,0,
465,1790100048874653184,46.5,19,19,2128,1824,50.014,52.458,53.161,1.098,1,50.125,50.924,52.681,0.992,1,1.1667,19,62.693,61.519,62.899,1.215,-0.434,-0.142,1.215,1.215,1,0,
466,1790100048974653184,46.6,19,19,2128,1824,50.014,52.458,53.161,0.948,1,50.266,52.281,52.681,1.102,1,1.1667,19,62.694,61.519,62.908,1.215,0.923,-0.141,1.215,1.215,1,0,
467,1790100049074653184,46.7,19,19,2128,1824,49.988,50.627,53.161,0.827,1,50.125,52.281,52.681,0.914,1,1.1667,19,62.721,61.519,62.915,-0.616,0.923,-0.114,0.923,0.923,1,0,
468,1790100049174653184,46.8,19,19,2128,1824,49.988,51.384,53.161,0.93,1,50.126,51.948,52.681,0.874,1,1.1667,19,62.721,61.519,62.915,0.141,0.59,-0.114,0.59,0.59,1,0,
469,1790100049274653184,46.9,19,19,2128,1824,50.104,51.384,53.161,0.984,1,50.07,51.948,52.681,0.957,1,1.1667,19,62.721,61.941,62.915,0.141,0.59,-0.114,0.59,0.59,1,0,
470,1790100049374653184,47.0,19,19,2128,1824,50.215,51.384,53.161,0.978,1,50.07,51.948,52.681,1.073,1,1.1667,19,62.694,61.892,62.915,0.141,0.59,-0.141,0.59,0.59,1,0,
471,1790100049474653184,47.1,19,19,2128,1824,50.108,51.384,53.161,0.971,1,50.07,51.948,52.681,1.065,1,1.1667,19,62.694,61.892,62.915,0.141,0.59,-0.141,0.59,0.59,1,0,
472,1790100049574653184,47.2,19,19,2128,1824,49.994,50.68,52.458,0.825,1,50.102,51.948,52.681,1.068,1,1.1667,19,62.694,61.892,62.915,-0.563,0.59,-0.141,0.59,0.59,1,0,
473,1790100049674653184,47.3,19,19,2128,1824,49.997,51.384,52.458,0.808,1,50.102,51.467,52.505,0.856,1,1.1667,19,62.712,61.892,62.932,0.141,0.109,-0.123,0.141,0.141,1,0,
474,1790100049774653184,47.4,19,19,2128,1824,49.997,50.882,51.384,0.648,1,50.102,51.467,52.505,0.826,1,1.1667,19,62.721,61.892,62.932,-0.361,0.109,-0.114,0.109,0.109,1,0,
475,1790100049874653184,47.5,19,19,2128,1824,49.997,50.882,51.384,0.743,1,49.867,51.028,51.948,0.811,1,1.1667,19,62.755,61.892,62.932,-0.361,-0.33,-0.08,-0.33,-0.33,1,0,
476,1790100049974653184,47.6,19,19,2128,1824,49.997,51.384,52.747,0.883,1,50.102,51.467,52.712,0.943,1,1.1667,19,62.755,61.892,62.932,0.141,0.109,-0.08,0.141,0.141,1,0,
477,1790100050074653184,47.7,19,19,2128,1824,49.997,50.882,52.747,0.791,1,49.999,51.028,52.712,0.852,1,1.1667,19,62.763,61.892,62.932,-0.361,-0.33,-0.072,-0.33,-0.33,1,0,
478,1790100050174653184,47.8,19,19,2128,1824,49.998,50.882,52.747,0.729,1,49.914,51.028,52.712,0.748,1,1.1667,19,62.763,61.892,62.932,-0.361,-0.33,-0.072,-0.33,-0.33,1,0,
479,1790100050274653184,47.9,19,19,2128,1824,49.985,50.882,52.747,0.683,1,50.037,51.028,55.612,0.926,1,1.1667,19,62.786,62.066,68.691,-0.361,-0.33,-0.049,-0.33,-0.33,1,0,
480,1790100050374653184,48.0,19,19,2128,1824,49.985,51.384,52.953,0.999,1,49.911,51.028,55.612,1.367,1,1.1667,19,62.786,62.066,68.691,0.141,-0.33,-0.049,0.141,0.141,1,0,
481,1790100050474653184,48.1,19,19,2128,1824,50.006,51.384,52.953,0.955,1,49.937,52.712,55.612,1.52,1,1.1667,19,62.789,62.066,68.691,0.141,1.354,-0.046,1.354,1.354,1,0,
482,1790100050574653184,48.2,20,19,2240,1824,49.986,50.882,52.953,3.579,1,50.037,52.712,55.612,1.467,1,1.2281,19,62.789,62.066,68.691,-0.361,1.354,-0.046,1.354,1.354,1,0,
483,1790100050674653184,48.3,20,19,2240,1824,50.025,52.747,53.447,3.671,1,50.037,52.965,55.612,1.738,1,1.2281,19,62.809,62.542,116.204,1.504,1.607,-0.026,1.607,1.607,1,0,
484,1790100050774653184,48.4,20,19,2240,1824,50.025,52.747,53.447,3.596,1,50.037,52.965,55.612,1.646,1,1.2281,19,62.842,62.542,116.204,1.504,1.607,0.007,1.607,1.607,1,0,
485,1790100050874653184,48.5,20,19,2240,1824,50.025,50.487,53.447,3.619,1,49.937,52.965,55.612,1.602,1,1.2281,19,62.857,62.542,116.204,-0.756,1.607,0.022,1.607,1.607,1,0,
486,1790100050974653184,48.6,20,19,2240,1824,50.025,50.412,53.447,3.581,1,49.937,52.965,55.612,1.615,1,1.2281,19,62.873,62.542,116.204,-0.831,1.607,0.038,1.607,1.607,1,0,
487,1790100051074653184,48.7,20,19,2240,1824,50.056,50.412,53.447,3.579,1,50.029,52.965,55.612,1.606,1,1.2281,19,78.291,62.697,116.204,-0.831,1.607,15.456,1.607,1.607,1,0,
488,1790100051174653184,48.8,20,19,2240,1824,50.069,52.953,53.635,3.775,1,49.933,50.43,53.481,1.294,1,1.2281,19,111.647,62.697,116.204,1.71,-0.928,48.812,1.71,1.71,1,0,
489,1790100051274653184,48.9,21,19,2352,1824,50.063,50.412,53.635,4.34,1,50.029,52.965,53.613,1.064,1,1.2895,19,112.407,62.697,116.512,-0.831,1.607,49.571,1.607,1.607,1,0,
490,1790100051374653184,49.0,21,19,2352,1824,50.063,52.746,53.635,6.124,1,49.999,50.43,53.613,1.103,1,1.2895,19,112.456,62.697,116.512,1.503,-0.928,49.621,1.503,1.503,1,0,
491,1790100051474653184,49.1,20,19,2240,1824,50.069,52.746,53.635,3.638,1,49.999,53.481,53.68,1.304,1,1.2281,19,112.64,62.697,165.64,1.503,2.123,49.805,2.123,2.123,1,0,
492,1790100051574653184,49.2,20,19,2240,1824,50.056,50.599,53.635,3.51,1,49.999,50.43,53.68,0.981,1,1.2281,19,112.877,108.675,165.64,-0.644,-0.928,50.041,-0.644,-0.644,1,0,
493,1790100051674653184,49.3,20,19,2240,1824,50.056,50.719,53.635,3.533,1,50.127,50.809,53.68,0.982,1,1.2281,19,112.881,108.675,165.64,-0.524,-0.549,50.046,-0.524,-0.524,1,0,
494,1790100051774653184,49.4,20,19,2240,1824,50.109,50.719,53.635,3.369,1,50.093,50.809,53.68,0.87,1,1.2281,19,113.184,108.675,165.64,-0.524,-0.549,50.349,-0.524,-0.524,1,0,
495,1790100051874653184,49.5,20,19,2240,1824,50.153,52.746,53.635,3.664,1,50.093,50.809,53.68,1.0,1,1.2281,19,132.316,108.675,165.64,1.503,-0.549,69.481,1.503,1.503,1,0,
496,1790100051974653184,49.6,20,19,2240,1824,50.048,52.746,53.635,3.716,1,50.106,53.55,53.68,1.231,1,1.2281,19,162.501,108.675,165.64,1.503,2.192,99.666,2.192,2.192,1,0,
497,1790100052074653184,49.7,21,19,2352,1824,49.894,50.719,53.408,5.979,1,50.087,53.55,53.68,1.232,1,1.2895,19,162.592,108.675,165.64,-0.524,2.192,99.757,2.192,2.192,1,0,
498,1790100052174653184,49.8,21,19,2352,1824,49.904,52.746,53.441,6.122,1,50.087,53.312,53.68,1.324,1,1.2895,19,162.732,108.675,165.64,1.503,1.954,99.896,1.954,1.954,1,0,
499,1790100052274653184,49.9,20,19,2240,1824,50.048,50.719,53.441,3.519,1,50.087,53.312,53.68,1.151,1,1.2281,19,163.147,108.675,215.661,-0.524,1.954,100.312,1.954,1.954,1,0,
500,1790100052374653184,50.0,20,19,2240,1824,49.973,50.719,53.441,3.512,1,50.028,50.809,53.55,0.98,1,1.2281,19,163.272,160.046,215.661,-0.524,-0.549,100.437,-0.524,-0.524,1,0,
501,1790100052474653184,50.1,20,19,2240,1824,49.973,50.719,53.441,3.58,1,49.929,50.809,53.55,1.051,1,1.2281,19,163.272,160.046,215.661,-0.524,-0.549,100.437,-0.524,-0.524,1,0,
502,1790100052574653184,50.2,20,19,2240,1824,49.973,53.322,53.441,3.739,1,49.908,53.283,53.55,1.153,1,1.2281,19,164.121,160.046,215.661,2.079,1.925,101.286,2.079,2.079,1,0,
503,1790100052674653184,50.3,20,19,2240,1824,49.973,53.322,53.441,3.718,1,49.908,53.283,53.55,1.205,1,1.2281,19,181.452,160.046,215.755,2.079,1.925,118.617,2.079,2.079,1,0,
504,1790100052774653184,50.4,20,19,2240,1824,49.973,50.488,53.441,3.592,1,49.834,53.283,53.55,1.237,1,1.2281,19,210.568,160.046,215.755,-0.755,1.925,147.733,1.925,1.925,1,0,
505,1790100052874653184,50.5,20,19,2240,1824,50.014,50.488,53.441,3.575,1,49.834,50.677,53.312,1.025,1,1.2281,19,210.568,160.046,215.755,-0.755,-0.681,147.733,-0.681,-0.681,1,0,
506,1790100052974653184,50.6,19,19,2128,1824,50.076,51.966,53.441,0.941,1,49.908,52.013,53.312,1.187,1,1.1667,19,211.948,160.046,215.755,0.723,0.655,149.112,0.723,0.723,1,0,
507,1790100053074653184,50.7,19,19,2128,1824,50.076,50.704,53.322,0.815,1,49.962,51.09,53.283,0.909,1,1.1667,19,212.897,163.272,215.755,-0.539,-0.268,150.062,-0.268,-0.268,1,0,
508,1790100053174653184,50.8,19,19,2128,1824,50.069,50.704,53.322,0.864,1,50.081,51.09,53.283,0.979,1,1.1667,19,213.121,209.346,215.755,-0.539,-0.268,150.285,-0.268,-0.268,1,0,
509,1790100053274653184,50.9,19,19,2128,1824,50.129,50.704,53.322,0.893,1,50.059,51.09,53.283,0.986,1,1.1667,19,212.967,209.346,215.755,-0.539,-0.268,150.132,-0.268,-0.268,1,0,
510,1790100053374653184,51.0,19,19,2128,1824,50.158,51.158,53.322,0.987,1,50.183,51.233,53.283,0.929,1,1.1667,19,212.967,209.346,215.755,-0.085,-0.125,150.132,-0.085,-0.085,1,0,
511,1790100053474653184,51.1,19,19,2128,1824,50.266,51.158,52.464,0.89,1,50.183,51.233,52.363,1.026,1,1.1667,19,213.303,209.346,215.755,-0.085,-0.125,150.467,-0.085,-0.085,1,0,
512,1790100053574653184,51.2,19,19,2128,1824,50.372,51.158,52.464,0.881,1,50.183,51.233,52.363,0.967,1,1.1667,19,212.967,209.346,215.758,-0.085,-0.125,150.132,-0.085,-0.085,1,0,
513,1790100053674653184,51.3,19,19,2128,1824,50.269,51.158,52.464,0.735,1,50.197,51.233,52.363,0.789,1,1.1667,19,212.967,209.346,215.758,-0.085,-0.125,150.132,-0.085,-0.085,1,0,
514,1790100053774653184,51.4,19,19,2128,1824,50.204,51.158,52.464,0.746,1,50.227,51.233,52.363,0.763,1,1.1667,19,212.967,209.51,215.758,-0.085,-0.125,150.132,-0.085,-0.085,1,0,
515,1790100053874653184,51.5,19,19,2128,1824,50.204,51.158,53.236,0.974,1,50.197,50.798,52.363,0.798,1,1.1667,19,212.967,210.208,215.758,-0.085,-0.56,150.132,-0.085,-0.085,1,0,
516,1790100053974653184,51.6,19,19,2128,1824,50.023,51.158,53.236,1.117,1,50.148,51.233,53.141,1.131,1,1.1667,19,212.838,209.854,215.758,-0.085,-0.125,150.003,-0.085,-0.085,1,0,
517,1790100054074653184,51.7,19,19,2128,1824,50.165,52.464,53.298,1.228,1,50.148,52.363,53.35,1.229,1,1.1667,19,212.786,209.854,215.758,1.221,1.005,149.951,1.221,1.221,1,0,
518,1790100054174653184,51.8,19,19,2128,1824,50.204,52.464,53.298,1.188,1,50.148,52.363,53.35,1.198,1,1.1667,19,212.838,209.854,216.465,1.221,1.005,150.003,1.221,1.221,1,0,
519,1790100054274653184,51.9,19,19,2128,1824,50.165,52.464,53.298,0.995,1,50.148,52.363,53.35,1.165,1,1.1667,19,212.978,209.854,216.465,1.221,1.005,150.143,1.221,1.221,1,0,
520,1790100054374653184,52.0,19,19,2128,1824,50.06,50.396,53.298,0.878,1,50.148,50.438,53.35,0.922,1,1.1667,19,212.961,209.854,216.465,-0.847,-0.92,150.125,-0.847,-0.847,1,0,
521,1790100054474653184,52.1,19,19,2128,1824,49.981,50.327,53.298,0.857,1,49.942,50.438,53.35,0.94,1,1.1667,19,212.786,209.854,216.465,-0.916,-0.92,149.951,-0.916,-0.916,1,0,
522,1790100054574653184,52.2,19,19,2128,1824,49.981,50.474,53.298,0.848,1,50.003,50.892,53.35,0.947,1,1.1667,19,212.533,209.854,216.465,-0.769,-0.466,149.698,-0.466,-0.466,1,0,
523,1790100054674653184,52.3,19,19,2128,1824,49.981,50.474,53.298,0.849,1,49.914,50.892,53.35,0.938,1,1.1667,19,212.823,209.854,216.465,-0.769,-0.466,149.988,-0.466,-0.466,1,0,
524,1790100054774653184,52.4,19,19,2128,1824,49.981,50.474,53.298,0.851,1,49.936,50.892,53.35,0.927,1,1.1667,19,212.823,209.734,216.465,-0.769,-0.466,149.988,-0.466,-0.466,1,0,
525,1790100054874653184,52.5,19,19,2128,1824,50.002,53.267,53.85,1.058,1,49.936,50.892,53.35,0.959,1,1.1667,19,212.823,209.491,216.465,2.024,-0.466,149.988,2.024,2.024,1,0,
526,1790100054974653184,52.6,19,19,2128,1824,49.981,53.194,53.85,1.21,1,49.936,50.892,53.444,1.084,1,1.1667,19,212.831,209.491,216.465,1.951,-0.466,149.996,1.951,1.951,1,0,
527,1790100055074653184,52.7,19,19,2128,1824,49.955,53.194,53.85,1.311,1,49.896,53.277,53.444,1.3,1,1.1667,19,212.831,209.491,216.776,1.951,1.919,149.996,1.951,1.951,1,0,
528,1790100055174653184,52.8,19,19,2128,1824,49.959,53.194,53.85,1.407,1,49.896,53.277,53.444,1.413,1,1.1667,19,212.823,209.491,216.776,1.951,1.919,149.988,1.951,1.951,1,0,
529,1790100055274653184,52.9,19,19,2128,1824,49.959,53.194,53.85,1.473,1,49.896,53.277,53.444,1.449,1,1.1667,19,212.462,209.491,216.776,1.951,1.919,149.627,1.951,1.951,1,0,
530,1790100055374653184,53.0,19,19,2128,1824,49.903,53.194,53.85,1.48,1,49.949,53.277,53.444,1.509,1,1.1667,19,212.831,209.491,216.776,1.951,1.919,149.996,1.951,1.951,1,0,
531,1790100055474653184,53.1,19,19,2128,1824,49.79,53.194,53.85,1.548,1,49.896,53.277,53.444,1.505,1,1.1667,19,212.845,209.491,216.776,1.951,1.919,150.01,1.951,1.951,1,0,
532,1790100055574653184,53.2,19,19,2128,1824,49.79,53.194,53.85,1.647,1,49.817,53.277,53.444,1.625,1,1.1667,19,212.845,209.491,216.776,1.951,1.919,150.01,1.951,1.951,1,0,
533,1790100055674653184,53.3,19,19,2128,1824,49.79,51.732,53.85,1.467,1,49.83,53.277,53.444,1.604,1,1.1667,19,212.993,209.491,216.776,0.489,1.919,150.158,1.919,1.919,1,0,
534,1790100055774653184,53.4,19,19,2128,1824,49.79,51.33,53.194,1.122,1,49.83,51.846,53.444,1.345,1,1.1667,19,212.993,209.491,216.776,0.087,0.488,150.158,0.488,0.488,1,0,
535,1790100055874653184,53.5,19,19,2128,1824,49.79,51.33,52.833,1.124,1,49.83,51.437,53.277,1.245,1,1.1667,19,212.993,209.062,216.776,0.087,0.079,150.158,0.087,0.087,1,0,
536,1790100055974653184,53.6,19,19,2128,1824,49.79,51.252,52.833,1.102,1,49.83,51.437,52.737,1.193,1,1.1667,19,212.862,209.062,216.226,0.009,0.079,150.027,0.079,0.079,1,0,
537,1790100056074653184,53.7,19,19,2128,1824,50.029,51.252,52.833,1.037,1,49.927,51.435,52.737,1.112,1,1.1667,19,212.993,209.062,216.185,0.009,0.077,150.158,0.077,0.077,1,0,
538,1790100056174653184,53.8,19,19,2128,1824,50.095,51.252,52.833,0.962,1,50.056,51.435,52.737,1.073,1,1.1667,19,213.263,209.062,216.185,0.009,0.077,150.428,0.077,0.077,1,0,
539,1790100056274653184,53.9,19,19,2128,1824,50.189,51.252,52.833,0.96,1,50.04,51.404,52.737,1.048,1,1.1667,19,213.263,209.062,216.185,0.009,0.046,150.428,0.046,0.046,1,0,
540,1790100056374653184,54.0,19,19,2128,1824,50.095,51.252,52.833,0.886,1,50.195,51.404,52.737,1.024,1,1.1667,19,212.862,209.062,216.185,0.009,0.046,150.027,0.046,0.046,1,0,
541,1790100056474653184,54.1,19,19,2128,1824,50.095,51.252,52.833,0.783,1,50.132,51.404,52.737,0.893,1,1.1667,19,212.862,209.062,216.185,0.009,0.046,150.027,0.046,0.046,1,0,
542,1790100056574653184,54.2,19,19,2128,1824,50.095,50.413,52.833,0.665,1,50.132,51.404,52.737,0.828,1,1.1667,19,212.862,209.062,216.185,-0.83,0.046,150.027,0.046,0.046,1,0,
543,1790100056674653184,54.3,19,19,2128,1824,50.022,50.413,52.833,0.606,1,50.132,50.762,52.737,0.73,1,1.1667,19,212.862,209.062,216.185,-0.83,-0.596,150.027,-0.596,-0.596,1,0,
544,1790100056774653184,54.4,19,19,2128,1824,50.022,50.351,51.252,0.275,1,50.132,50.762,52.737,0.517,1,1.1667,19,212.84,209.062,216.185,-0.892,-0.596,150.005,-0.596,-0.596,1,0,
545,1790100056874653184,54.5,19,19,2128,1824,50.018,50.285,50.413,0.313,1,50.081,50.681,51.404,0.497,1,1.1667,19,212.84,210.08,216.185,-0.958,-0.677,150.005,-0.677,-0.677,1,0,
546,1790100056974653184,54.6,19,19,2128,1824,50.008,50.351,53.038,0.479,1,50.081,50.681,52.271,0.553,1,1.1667,19,212.834,209.701,214.502,-0.892,-0.677,149.998,-0.677,-0.677,1,0,
547,1790100057074653184,54.7,19,19,2128,1824,50.004,50.413,53.038,0.511,1,50.033,50.762,52.271,0.6,1,1.1667,19,212.834,209.701,216.043,-0.83,-0.596,149.998,-0.596,-0.596,1,0,
548,1790100057174653184,54.8,19,19,2128,1824,50.004,50.351,53.038,0.491,1,50.033,50.762,52.271,0.569,1,1.1667,19,212.634,209.701,216.043,-0.892,-0.596,149.799,-0.596,-0.596,1,0,
549,1790100057274653184,54.9,19,19,2128,1824,50.018,50.422,53.038,0.559,1,50.033,50.762,52.271,0.534,1,1.1667,19,212.634,209.701,216.043,-0.821,-0.596,149.799,-0.596,-0.596,1,0,
550,1790100057374653184,55.0,19,19,2128,1824,50.018,50.713,53.038,0.779,1,49.949,50.762,52.271,0.667,1,1.1667,19,212.604,209.701,216.043,-0.53,-0.596,149.769,-0.53,-0.53,1,0,
551,1790100057474653184,55.1,19,19,2128,1824,50.018,50.713,53.038,0.81,1,49.949,51.234,52.295,0.761,1,1.1667,19,212.604,209.701,216.043,-0.53,-0.124,149.769,-0.124,-0.124,1,0,
552,1790100057574653184,55.2,19,19,2128,1824,49.939,50.727,53.038,0.889,1,49.949,51.733,52.295,0.859,1,1.1667,19,212.604,209.701,216.043,-0.516,0.375,149.769,0.375,0.375,1,0,
553,1790100057674653184,55.3,19,19,2128,1824,50.113,50.866,53.038,0.934,1,49.853,51.733,52.295,0.92,1,1.1667,19,212.604,209.701,216.043,-0.377,0.375,149.769,0.375,0.375,1,0,
554,1790100057774653184,55.4,19,19,2128,1824,50.243,50.972,53.038,0.819,1,49.949,51.733,52.295,0.798,1,1.1667,19,212.604,209.701,216.043,-0.271,0.375,149.769,0.375,0.375,1,0,
555,1790100057874653184,55.5,19,19,2128,1824,50.243,50.972,53.364,1.06,1,49.949,51.234,52.295,0.962,1,1.1667,19,212.992,209.42,216.043,-0.271,-0.124,150.157,-0.124,-0.124,1,0,
556,1790100057974653184,55.6,19,19,2128,1824,50.243,50.972,53.364,1.037,1,49.943,51.733,53.352,1.079,1,1.1667,19,212.86,209.42,216.043,-0.271,0.375,150.025,0.375,0.375,1,0,
557,1790100058074653184,55.7,19,19,2128,1824,50.1,50.972,53.364,1.196,1,49.943,51.733,53.352,1.175,1,1.1667,19,212.86,209.42,217.015,-0.271,0.375,150.025,0.375,0.375,1,0,
558,1790100058174653184,55.8,19,19,2128,1824,50.23,52.146,54.146,1.338,1,49.908,51.733,53.352,1.348,1,1.1667,19,212.574,209.42,217.015,0.903,0.375,149.739,0.903,0.903,1,0,
559,1790100058274653184,55.9,19,19,2128,1824,50.128,50.972,54.146,1.157,1,50.21,52.295,54.477,1.503,1,1.1667,19,212.86,209.42,217.015,-0.271,0.937,150.025,0.937,0.937,1,0,
560,1790100058374653184,56.0,19,19,2128,1824,50.128,50.972,54.146,1.118,1,50.067,51.733,54.477,1.386,1,1.1667,19,213.284,209.42,217.015,-0.271,0.375,150.449,0.375,0.375,1,0,
561,1790100058474653184,56.1,19,19,2128,1824,50.128,50.991,54.146,1.09,1,50.067,51.076,54.477,1.249,1,1.1667,19,212.86,209.42,217.015,-0.252,-0.282,150.025,-0.252,-0.252,1,0,
562,1790100058574653184,56.2,19,19,2128,1824,50.057,50.991,54.146,1.113,1,50.067,51.076,54.477,1.266,1,1.1667,19,212.86,209.42,217.015,-0.252,-0.282,150.025,-0.252,-0.252,1,0,
563,1790100058674653184,56.3,19,19,2128,1824,50.043,50.991,54.146,1.08,1,50.067,51.076,54.477,1.3,1,1.1667,19,212.776,209.42,217.015,-0.252,-0.282,149.941,-0.252,-0.252,1,0,
564,1790100058774653184,56.4,19,19,2128,1824,50.043,50.466,54.146,0.682,1,50.067,50.866,54.477,1.014,1,1.1667,19,212.763,209.42,217.015,-0.777,-0.492,149.928,-0.492,-0.492,1,0,
565,1790100058874653184,56.5,19,19,2128,1824,50.043,50.991,54.146,0.987,1,50.067,50.859,54.477,1.032,1,1.1667,19,212.763,209.589,217.015,-0.252,-0.499,149.928,-0.252,-0.252,1,0,
566,1790100058974653184,56.6,19,19,2128,1824,50.043,50.991,54.146,0.975,1,50.118,50.866,54.477,1.06,1,1.1667,19,212.763,209.589,216.446,-0.252,-0.492,149.928,-0.252,-0.252,1,0,
567,1790100059074653184,56.7,19,19,2128,1824,50.043,50.991,52.726,0.936,1,50.118,52.086,54.477,1.162,1,1.1667,19,212.763,209.877,216.446,-0.252,0.728,149.928,0.728,0.728,1,0,
568,1790100059174653184,56.8,19,19,2128,1824,50.043,51.011,52.726,0.998,1,50.118,51.925,52.719,1.028,1,1.1667,19,212.776,210.046,216.446,-0.232,0.567,149.941,0.567,0.567,1,0,
569,1790100059274653184,56.9,19,19,2128,1824,50.043,51.011,52.726,1.069,1,50.118,51.925,52.719,1.124,1,1.1667,19,212.763,210.046,215.557,-0.232,0.567,149.928,0.567,0.567,1,0,
570,1790100059374653184,57.0,19,19,2128,1824,49.967,51.011,52.726,1.178,1,50.258,51.925,52.719,1.209,1,1.1667,19,212.776,210.046,215.557,-0.232,0.567,149.941,0.567,0.567,1,0,
571,1790100059474653184,57.1,19,19,2128,1824,50.019,52.662,53.326,1.294,1,50.258,52.086,53.374,1.427,1,1.1667,19,212.776,210.046,215.557,1.419,0.728,149.941,1.419,1.419,1,0,
572,1790100059574653184,57.2,19,19,2128,1824,50.062,52.726,53.326,1.609,1,50.125,52.086,53.374,1.558,1,1.1667,19,212.817,210.046,215.557,1.483,0.728,149.982,1.483,1.483,1,0,
573,1790100059674653184,57.3,19,19,2128,1824,50.062,52.726,53.326,1.871,1,50.125,52.719,53.374,1.857,1,1.1667,19,212.512,209.509,215.557,1.483,1.361,149.677,1.483,1.483,1,0,
574,1790100059774653184,57.4,19,19,2128,1824,50.062,52.834,53.326,1.856,1,50.125,52.719,53.374,1.907,1,1.1667,19,212.512,209.509,215.557,1.591,1.361,149.677,1.591,1.591,1,0,
575,1790100059874653184,57.5,19,19,2128,1824,50.222,52.834,53.326,1.883,1,49.775,52.848,53.374,2.101,1,1.1667,19,212.512,209.509,216.146,1.591,1.49,149.677,1.591,1.591,1,0,
576,1790100059974653184,57.6,19,19,2128,1824,50.025,52.834,53.326,1.724,1,49.973,52.848,53.374,1.818,1,1.1667,19,212.981,209.509,216.146,1.591,1.49,150.146,1.591,1.591,1,0,
577,1790100060074653184,57.7,20,19,2276,1824,49.914,52.834,53.326,4.135,2,50.041,52.848,53.374,1.688,1,1.2478,19,213.138,209.509,216.146,1.591,1.49,150.302,1.591,1.591,1,0,
578,1790100060174653184,57.8,21,20,2308,1916,49.734,52.834,53.326,6.33,2,49.897,52.848,53.374,4.101,2,1.2046,19,212.981,209.509,216.146,1.591,1.49,150.146,1.591,1.591,1,0,
579,1790100060274653184,57.9,21,20,2308,1916,49.956,52.834,53.326,6.348,2,50.027,52.848,53.374,4.157,2,1.2046,19,213.039,209.509,216.146,1.591,1.49,150.204,1.591,1.591,1,0,
580,1790100060374653184,58.0,21,20,2308,1916,49.905,52.792,53.298,6.177,2,50.055,52.523,53.232,3.873,2,1.2046,19,213.138,209.509,216.146,1.549,1.165,150.302,1.549,1.549,1,0,
581,1790100060474653184,58.1,21,20,2308,1916,49.905,52.442,53.298,5.881,2,50.027,52.523,53.232,3.71,2,1.2046,19,213.039,209.509,216.146,1.199,1.165,150.204,1.199,1.199,1,0,
582,1790100060574653184,58.2,21,20,2308,1916,49.905,50.393,53.298,5.658,2,49.941,52.4,53.232,3.451,2,1.2046,19,213.039,209.509,216.146,-0.85,1.042,150.204,1.042,1.042,1,0,
583,1790100060674653184,58.3,21,20,2308,1916,49.905,50.393,52.792,5.42,2,50.027,50.581,53.232,3.267,2,1.2046,19,212.952,209.757,216.146,-0.85,-0.777,150.117,-0.777,-0.777,1,0,
584,1790100060774653184,58.4,21,20,2308,1916,49.922,50.393,52.792,5.253,2,50.027,50.528,52.523,2.962,2,1.2046,19,212.952,209.757,215.734,-0.85,-0.83,150.117,-0.83,-0.83,1,0,
585,1790100060874653184,58.5,21,20,2308,1916,49.913,50.561,52.792,5.489,2,49.941,50.528,52.523,3.092,2,1.2046,19,212.924,209.757,215.734,-0.682,-0.83,150.089,-0.682,-0.682,1,0,
586,1790100060974653184,58.6,21,20,2308,1916,49.913,50.855,52.792,5.693,2,49.941,50.969,52.595,3.251,2,1.2046,19,212.924,210.188,215.734,-0.388,-0.389,150.089,-0.388,-0.388,1,0,
587,1790100061074653184,58.7,19,19,2128,1824,50.002,52.634,52.955,0.988,1,50.156,52.478,52.595,0.975,1,1.1667,19,212.87,210.188,215.734,1.391,1.12,150.035,1.391,1.391,1,0,
588,1790100061174653184,58.8,19,19,2128,1824,49.967,50.855,52.955,0.898,1,50.039,51.239,52.595,0.957,1,1.1667,19,212.852,210.188,215.78,-0.388,-0.119,150.017,-0.119,-0.119,1,0,
589,1790100061274653184,58.9,19,19,2128,1824,49.967,50.855,52.955,0.961,1,49.937,51.239,52.595,1.002,1,1.1667,19,212.803,210.188,215.78,-0.388,-0.119,149.968,-0.119,-0.119,1,0,
590,1790100061374653184,59.0,19,19,2128,1824,49.967,50.855,52.955,0.996,1,50.035,51.239,52.595,1.022,1,1.1667,19,212.668,210.188,215.78,-0.388,-0.119,149.833,-0.119,-0.119,1,0,
591,1790100061474653184,59.1,19,19,2128,1824,49.967,51.779,52.955,1.088,1,50.205,51.736,52.595,1.074,1,1.1667,19,212.803,210.188,215.78,0.536,0.378,149.968,0.536,0.536,1,0,
592,1790100061574653184,59.2,19,19,2128,1824,49.967,51.779,52.955,1.045,1,49.97,51.736,52.595,1.067,1,1.1667,19,212.952,210.188,215.78,0.536,0.378,150.117,0.536,0.536,1,0,
593,1790100061674653184,59.3,19,19,2128,1824,49.973,52.457,52.955,1.316,1,49.853,51.736,52.595,1.2,1,1.1667,19,212.852,209.89,215.78,1.214,0.378,150.017,1.214,1.214,1,0,
594,1790100061774653184,59.4,19,19,2128,1824,49.973,51.779,52.955,1.074,1,50.14,52.478,52.854,1.244,1,1.1667,19,212.852,209.89,215.78,0.536,1.12,150.017,1.12,1.12,1,0,
595,1790100061874653184,59.5,19,19,2128,1824,49.973,52.457,53.169,1.164,1,49.848,51.736,52.854,1.198,1,1.1667,19,212.959,209.89,215.78,1.214,0.378,150.124,1.214,1.214,1,0,
596,1790100061974653184,59.6,19,19,2128,1824,49.955,51.779,53.169,0.993,1,49.939,51.736,53.221,1.055,1,1.1667,19,213.088,209.89,215.78,0.536,0.378,150.253,0.536,0.536,1,0,
597,1790100062074653184,59.7,19,19,2128,1824,49.98,51.779,53.169,0.958,1,49.939,51.736,53.221,0.957,1,1.1667,19,213.157,209.89,215.808,0.536,0.378,150.322,0.536,0.536,1,0,
598,1790100062174653184,59.8,19,19,2128,1824,49.951,51.779,53.169,0.897,1,49.939,51.736,53.221,0.928,1,1.1667,19,213.11,209.89,215.808,0.536,0.378,150.275,0.536,0.536,1,0,
599,1790100062274653184,59.9,19,19,2128,1824,49.98,51.779,53.169,0.872,1,49.939,51.736,53.221,0.926,1,1.1667,19,213.088,209.89,215.808,0.536,0.378,150.253,0.536,0.536,1,0,
600,1790100062374653184,60.0,19,19,2128,1824,49.98,50.577,53.169,0.756,1,49.958,50.693,53.221,0.855,1,1.1667,19,213.088,209.89,215.808,-0.666,-0.665,150.253,-0.665,-0.665,1,0,
601,1790100062474653184,60.1,19,19,2128,1824,49.98,51.228,53.169,0.835,1,49.958,50.693,53.221,0.848,1,1.1667,19,212.998,209.89,215.808,-0.015,-0.665,150.163,-0.015,-0.015,1,0,
602,1790100062574653184,60.2,19,19,2128,1824,49.98,50.577,53.169,0.587,1,50.102,51.084,53.221,0.755,1,1.1667,19,213.088,209.89,215.808,-0.666,-0.274,150.253,-0.274,-0.274,1,0,
603,1790100062674653184,60.3,19,19,2128,1824,49.98,50.537,53.169,0.607,1,49.958,50.693,53.221,0.66,1,1.1667,19,213.11,210.444,215.808,-0.706,-0.665,150.275,-0.665,-0.665,1,0,
604,1790100062774653184,60.4,19,19,2128,1824,49.98,50.537,51.436,0.375,1,50.02,50.693,53.221,0.551,1,1.1667,19,212.998,210.444,215.808,-0.706,-0.665,150.163,-0.665,-0.665,1,0,
605,1790100062874653184,60.5,19,19,2128,1824,50.008,51.228,51.436,0.536,1,50.02,50.693,51.443,0.568,1,1.1667,19,212.998,211.466,215.808,-0.015,-0.665,150.163,-0.015,-0.015,1,0,
606,1790100062974653184,60.6,19,19,2128,1824,50.056,51.228,51.436,0.544,1,50.181,50.995,51.443,0.624,1,1.1667,19,212.92,211.466,214.328,-0.015,-0.363,150.085,-0.015,-0.015,1,0,
607,1790100063074653184,60.7,19,19,2128,1824,50.165,51.228,51.436,0.662,1,50.286,51.084,63.432,1.331,1,1.1667,19,212.998,211.466,227.101,-0.015,-0.274,150.163,-0.015,-0.015,1,0,
608,1790100063174653184,60.8,19,19,2128,1824,50.165,51.236,52.678,0.949,1,50.286,51.084,63.432,2.301,1,1.1667,19,212.998,208.626,227.101,-0.007,-0.274,150.163,-0.007,-0.007,1,0,
609,1790100063274653184,60.9,19,19,2128,1824,50.086,51.236,52.678,0.948,1,50.426,51.443,63.432,2.407,1,1.1667,19,212.857,208.626,227.101,-0.007,0.085,150.022,0.085,0.085,1,0,
610,1790100063374653184,61.0,19,19,2128,1824,50.086,51.236,52.678,0.956,1,50.378,51.443,63.432,2.456,1,1.1667,19,212.853,208.626,227.101,-0.007,0.085,150.018,0.085,0.085,1,0,
611,1790100063474653184,61.1,19,19,2128,1824,50.18,51.236,52.678,0.941,1,50.526,51.443,63.432,2.423,1,1.1667,19,212.505,208.626,227.101,-0.007,0.085,149.67,0.085,0.085,1,0,
612,1790100063574653184,61.2,19,19,2128,1824,50.18,51.236,52.678,0.988,1,50.526,51.443,63.432,2.405,1,1.1667,19,212.459,208.626,227.101,-0.007,0.085,149.624,0.085,0.085,1,0,
613,1790100063674653184,61.3,19,19,2128,1824,50.211,50.987,52.678,0.91,1,50.509,51.443,63.432,2.404,1,1.1667,19,212.459,208.626,227.101,-0.256,0.085,149.624,0.085,0.085,1,0,
614,1790100063774653184,61.4,19,19,2128,1824,50.211,50.941,52.678,0.762,1,50.557,51.201,63.432,2.246,1,1.1667,19,212.505,208.626,227.101,-0.302,-0.157,149.67,-0.157,-0.157,1,0,
615,1790100063874653184,61.5,19,19,2128,1824,50.054,50.941,52.678,0.747,1,50.26,51.201,63.432,2.28,1,1.1667,19,212.857,208.626,227.101,-0.302,-0.157,150.022,-0.157,-0.157,1,0,
616,1790100063974653184,61.6,19,19,2128,1824,50.054,50.868,52.678,0.627,1,50.098,50.757,52.679,1.519,1,1.1667,19,212.857,208.626,227.101,-0.375,-0.601,150.022,-0.375,-0.375,1,0,
617,1790100064074653184,61.7,19,19,2128,1824,50.054,50.51,50.941,0.36,1,50.177,50.757,52.679,0.544,1,1.1667,19,212.857,208.626,215.014,-0.733,-0.601,150.022,-0.601,-0.601,1,0,
618,1790100064174653184,61.8,19,19,2128,1824,50.176,50.868,51.18,0.405,1,50.098,50.581,51.201,0.412,1,1.1667,19,212.792,211.803,215.014,-0.375,-0.777,149.957,-0.375,-0.375,1,0,
619,1790100064274653184,61.9,19,19,2128,1824,50.085,50.51,51.18,0.402,1,50.177,50.757,51.335,0.501,1,1.1667,19,212.944,211.803,214.194,-0.733,-0.601,150.109,-0.601,-0.601,1,0,
620,1790100064374653184,62.0,19,19,2128,1824,50.085,50.51,51.18,0.428,1,50.098,50.581,51.335,0.47,1,1.1667,19,212.944,211.88,214.194,-0.733,-0.777,150.109,-0.733,-0.733,1,0,
621,1790100064474653184,62.1,19,19,2128,1824,50.064,50.44,51.18,0.323,1,50.098,50.581,51.335,0.422,1,1.1667,19,212.792,211.88,214.194,-0.803,-0.777,149.957,-0.777,-0.777,1,0,
622,1790100064574653184,62.2,19,19,2128,1824,50.0,50.44,51.18,0.37,1,50.129,50.581,51.335,0.391,1,1.1667,19,212.8,211.88,214.194,-0.803,-0.777,149.965,-0.777,-0.777,1,0,
623,1790100064674653184,62.3,19,19,2128,1824,50.0,50.334,51.18,0.375,1,50.035,50.305,51.335,0.327,1,1.1667,19,212.8,211.88,213.906,-0.909,-1.053,149.965,-0.909,-0.909,1,0,
624,1790100064774653184,62.4,19,19,2128,1824,50.044,50.757,51.18,0.481,1,50.065,50.4,51.335,0.386,1,1.1667,19,212.792,211.88,213.906,-0.486,-0.958,149.957,-0.486,-0.486,1,0,
625,1790100064874653184,62.5,19,19,2128,1824,50.044,50.93,51.18,0.68,1,50.013,50.93,51.335,0.48,1,1.1667,19,212.792,211.88,213.906,-0.313,-0.428,149.957,-0.313,-0.313,1,0,
626,1790100064974653184,62.6,19,19,2128,1824,50.121,50.966,53.538,0.835,1,50.013,51.14,53.689,0.826,1,1.1667,19,212.792,209.742,214.398,-0.277,-0.218,149.957,-0.218,-0.218,1,0,
627,1790100065074653184,62.7,19,19,2128,1824,49.865,50.93,53.538,0.794,1,49.989,51.14,53.689,0.803,1,1.1667,19,212.8,209.742,216.268,-0.313,-0.218,149.965,-0.218,-0.218,1,0,
628,1790100065174653184,62.8,19,19,2128,1824,50.043,50.93,53.538,0.801,1,49.989,50.93,53.689,0.678,1,1.1667,19,212.762,209.742,216.268,-0.313,-0.428,149.927,-0.313,-0.313,1,0,
629,1790100065274653184,62.9,19,19,2128,1824,50.043,50.966,53.538,0.916,1,49.971,51.14,53.689,0.8,1,1.1667,19,212.762,209.742,216.268,-0.277,-0.218,149.927,-0.218,-0.218,1,0,
630,1790100065374653184,63.0,19,19,2128,1824,49.939,51.933,53.538,1.148,1,49.901,51.14,53.689,0.88,1,1.1667,19,212.762,209.742,216.268,0.69,-0.218,149.927,0.69,0.69,1,0,
631,1790100065474653184,63.1,19,19,2128,1824,49.884,51.933,53.538,1.068,1,49.837,51.278,53.689,1.017,1,1.1667,19,212.762,209.742,216.268,0.69,-0.08,149.927,0.69,0.69,1,0,
632,1790100065574653184,63.2,19,19,2128,1824,49.932,51.933,53.538,1.047,1,49.846,51.278,53.689,1.012,1,1.1667,19,212.677,209.742,216.268,0.69,-0.08,149.842,0.69,0.69,1,0,
633,1790100065674653184,63.3,19,19,2128,1824,49.932,51.933,53.538,1.114,1,49.899,51.278,53.689,0.979,1,1.1667,19,212.677,209.742,216.268,0.69,-0.08,149.842,0.69,0.69,1,0,
634,1790100065774653184,63.4,18,19,2016,1824,49.946,52.561,53.538,1.141,1,49.899,52.564,53.689,1.204,1,1.1053,19,212.677,209.742,216.268,1.318,1.206,149.842,1.318,1.318,1,0,
635,1790100065874653184,63.5,16,17,1792,1632,49.917,52.561,53.235,1.04,1,49.899,52.564,53.169,0.937,1,1.098,17,212.677,209.882,216.268,1.318,1.206,149.842,1.318,1.318,1,0,
636,1790100065974653184,63.6,14,15,1568,1440,49.946,52.561,53.235,1.168,1,49.979,52.564,53.169,1.061,1,1.0889,15,212.477,209.882,216.268,1.318,1.206,149.642,1.318,1.318,1,0,
637,1790100066074653184,63.7,12,13,1344,1248,49.946,52.561,53.235,1.26,1,49.992,52.564,53.169,1.2,1,1.0769,13,212.477,209.882,214.907,1.318,1.206,149.642,1.318,1.318,1,0,
638,1790100066174653184,63.8,10,11,1120,1056,49.946,52.561,53.235,1.227,1,49.992,52.564,53.169,1.18,1,1.0606,11,212.677,209.882,214.907,1.318,1.206,149.842,1.318,1.318,1,0,
639,1790100066274653184,63.9,8,9,896,864,49.946,50.131,53.235,0.957,1,50.16,52.564,53.169,1.208,1,1.037,9,212.677,209.882,214.907,-1.112,1.206,149.842,1.206,1.206,1,0,
640,1790100066374653184,64.0,6,7,672,672,50.097,53.235,53.235,1.285,1,50.16,50.266,53.169,1.08,1,1.0,7,212.826,209.882,214.907,1.992,-1.092,149.991,1.992,1.992,1,0,
641,1790100066474653184,64.1,4,5,448,480,50.131,53.235,53.235,2.081,1,50.202,53.169,53.169,1.536,1,0.9333,5,212.477,209.882,213.105,1.992,1.811,149.642,1.992,1.992,1,0,
642,1790100066574653184,64.2,2,3,224,288,53.235,53.235,53.235,0.0,1,50.161,53.169,53.169,3.008,1,0.7778,3,212.826,209.882,213.105,1.992,1.811,149.991,1.992,1.992,1,0,
643,1790100066674653184,64.3,0,1,0,96,,,,,0,,,,,0,0.0,1,213.105,213.105,213.105,,,150.27,,,1,0,
644,1790100066774653184,64.4,0,0,0,0,,,,,0,,,,,0,,0,,,,,,,,,1,0,
645,1790100066874653184,64.5,0,0,0,0,,,,,0,,,,,0,,0,,,,,,,,,1,0,
646,1790100066974653184,64.6,0,0,0,0,,,,,0,,,,,0,,0,,,,,,,,,1,0,
647,1790100067074653184,64.7,0,0,0,0,,,,,0,,,,,0,,0,,,,,,,,,1,0,
648,1790100067174653184,64.8,0,0,0,0,,,,,0,,,,,0,,0,,,,,,,,,1,0,
649,1790100067274653184,64.9,0,0,0,0,,,,,0,,,,,0,,0,,,,,,,,,1,0,
650,1790100067374653184,65.0,0,0,0,0,,,,,0,,,,,0,,0,,,,,,,,,1,0,
651,1790100067474653184,65.1,0,0,0,0,,,,,0,,,,,0,,0,,,,,,,,,1,0,
652,1790100067574653184,65.2,0,0,0,0,,,,,0,,,,,0,,0,,,,,,,,,1,0,
653,1790100067674653184,65.3,1,0,112,0,,,,,0,,,,,0,,0,,,,,,,,,1,0,
654,1790100067774653184,65.4,1,0,112,0,,,,,0,,,,,0,,0,,,,,,,,,1,0,
655,1790100067874653184,65.5,1,0,112,0,,,,,0,,,,,0,,0,,,,,,,,,1,0,
656,1790100067974653184,65.6,1,0,112,0,,,,,0,,,,,0,,0,,,,,,,,,1,0,
657,1790100068074653184,65.7,1,0,112,0,,,,,0,,,,,0,,0,,,,,,,,,1,0,
658,1790100068174653184,65.8,1,0,112,0,,,,,0,,,,,0,,0,,,,,,,,,1,0,
659,1790100068274653184,65.9,1,0,112,0,,,,,0,,,,,0,,0,,,,,,,,,1,0,
660,1790100068374653184,66.0,1,0,112,0,,,,,0,,,,,0,,0,,,,,,,,,1,0,
661,1790100068474653184,66.1,2,0,224,0,761.766,761.766,761.766,0.0,1,,,,,0,,0,,,,710.523,,,710.523,710.523,1,1,1790100068507423955
662,1790100068574653184,66.2,2,0,224,0,761.766,761.766,761.766,0.0,1,,,,,0,,0,,,,710.523,,,710.523,710.523,1,1,
663,1790100068674653184,66.3,1,0,112,0,,,,,0,,,,,0,,0,,,,,,,,,1,1,
664,1790100068774653184,66.4,1,0,112,0,,,,,0,,,,,0,,0,,,,,,,,,1,1,
665,1790100068874653184,66.5,1,0,112,0,,,,,0,,,,,0,,0,,,,,,,,,1,1,
666,1790100068974653184,66.6,1,0,112,0,,,,,0,,,,,0,,0,,,,,,,,,1,1,
667,1790100069074653184,66.7,1,0,112,0,,,,,0,,,,,0,,0,,,,,,,,,1,1,
668,1790100069174653184,66.8,1,0,112,0,,,,,0,,,,,0,,0,,,,,,,,,1,1,
669,1790100069274653184,66.9,2,0,224,0,753.085,753.085,753.085,0.0,1,,,,,0,,0,,,,701.842,,,701.842,701.842,1,1,
670,1790100069374653184,67.0,2,0,224,0,753.085,753.085,753.085,0.0,1,,,,,0,,0,,,,701.842,,,701.842,701.842,1,1,
671,1790100069474653184,67.1,1,0,112,0,,,,,0,,,,,0,,0,,,,,,,,,1,1,
672,1790100069574653184,67.2,1,0,112,0,,,,,0,,,,,0,,0,,,,,,,,,1,1,
673,1790100069674653184,67.3,1,0,112,0,,,,,0,,,,,0,,0,,,,,,,,,1,1,
674,1790100069774653184,67.4,1,0,112,0,,,,,0,,,,,0,,0,,,,,,,,,1,1,
675,1790100069874653184,67.5,1,0,112,0,,,,,0,,,,,0,,0,,,,,,,,,1,1,
676,1790100069974653184,67.6,1,0,112,0,,,,,0,,,,,0,,0,,,,,,,,,1,1,
677,1790100070074653184,67.7,1,0,112,0,,,,,0,,,,,0,,0,,,,,,,,,1,1,
678,1790100070174653184,67.8,0,0,0,0,,,,,0,,,,,0,,0,,,,,,,,,1,1,
679,1790100070274653184,67.9,0,0,0,0,,,,,0,,,,,0,,0,,,,,,,,,1,1,
680,1790100070374653184,68.0,0,0,0,0,,,,,0,,,,,0,,0,,,,,,,,,1,1,
681,1790100070474653184,68.1,0,0,0,0,,,,,0,,,,,0,,0,,,,,,,,,1,1,
682,1790100070574653184,68.2,0,0,0,0,,,,,0,,,,,0,,0,,,,,,,,,1,1,
683,1790100070674653184,68.3,0,0,0,0,,,,,0,,,,,0,,0,,,,,,,,,1,1,
684,1790100070774653184,68.4,0,0,0,0,,,,,0,,,,,0,,0,,,,,,,,,1,1,
685,1790100070874653184,68.5,0,0,0,0,,,,,0,,,,,0,,0,,,,,,,,,1,1,
686,1790100070974653184,68.6,0,0,0,0,,,,,0,,,,,0,,0,,,,,,,,,1,1,
687,1790100071074653184,68.7,0,0,0,0,,,,,0,,,,,0,,0,,,,,,,,,1,1,
688,1790100071174653184,68.8,0,0,0,0,,,,,0,,,,,0,,0,,,,,,,,,1,1,
689,1790100071274653184,68.9,0,0,0,0,,,,,0,,,,,0,,0,,,,,,,,,1,1,
690,1790100071374653184,69.0,0,0,0,0,,,,,0,,,,,0,,0,,,,,,,,,1,1,
691,1790100071474653184,69.1,0,0,0,0,,,,,0,,,,,0,,0,,,,,,,,,1,1,
692,1790100071574653184,69.2,0,0,0,0,,,,,0,,,,,0,,0,,,,,,,,,1,1,
693,1790100071674653184,69.3,0,0,0,0,,,,,0,,,,,0,,0,,,,,,,,,1,1,
694,1790100071774653184,69.4,0,0,0,0,,,,,0,,,,,0,,0,,,,,,,,,1,1,
695,1790100071874653184,69.5,0,0,0,0,,,,,0,,,,,0,,0,,,,,,,,,1,1,
696,1790100071974653184,69.6,0,0,0,0,,,,,0,,,,,0,,0,,,,,,,,,1,1,
697,1790100072074653184,69.7,0,0,0,0,,,,,0,,,,,0,,0,,,,,,,,,1,1,
698,1790100072174653184,69.8,0,0,0,0,,,,,0,,,,,0,,0,,,,,,,,,1,1,
699,1790100072274653184,69.9,0,0,0,0,,,,,0,,,,,0,,0,,,,,,,,,1,1,
700,1790100072374653184,70.0,0,0,0,0,,,,,0,,,,,0,,0,,,,,,,,,1,1,
701,1790100072474653184,70.1,0,0,0,0,,,,,0,,,,,0,,0,,,,,,,,,1,1,
702,1790100072574653184,70.2,0,0,0,0,,,,,0,,,,,0,,0,,,,,,,,,1,1,
703,1790100072674653184,70.3,0,0,0,0,,,,,0,,,,,0,,0,,,,,,,,,1,1,
704,1790100072774653184,70.4,0,0,0,0,,,,,0,,,,,0,,0,,,,,,,,,1,1,
705,1790100072874653184,70.5,0,0,0,0,,,,,0,,,,,0,,0,,,,,,,,,1,1,
706,1790100072974653184,70.6,0,0,0,0,,,,,0,,,,,0,,0,,,,,,,,,1,1,
707,1790100073074653184,70.7,0,0,0,0,,,,,0,,,,,0,,0,,,,,,,,,1,1,
708,1790100073174653184,70.8,0,0,0,0,,,,,0,,,,,0,,0,,,,,,,,,1,1,
709,1790100073274653184,70.9,0,0,0,0,,,,,0,,,,,0,,0,,,,,,,,,1,1,
710,1790100073374653184,71.0,0,0,0,0,,,,,0,,,,,0,,0,,,,,,,,,1,1,
711,1790100073474653184,71.1,0,0,0,0,,,,,0,,,,,0,,0,,,,,,,,,1,1,
712,1790100073574653184,71.2,0,0,0,0,,,,,0,,,,,0,,0,,,,,,,,,1,1,
713,1790100073674653184,71.3,0,0,0,0,,,,,0,,,,,0,,0,,,,,,,,,1,1,
714,1790100073774653184,71.4,0,0,0,0,,,,,0,,,,,0,,0,,,,,,,,,1,1,
715,1790100073874653184,71.5,0,0,0,0,,,,,0,,,,,0,,0,,,,,,,,,1,1,
716,1790100073974653184,71.6,0,0,0,0,,,,,0,,,,,0,,0,,,,,,,,,1,1,
717,1790100074074653184,71.7,0,0,0,0,,,,,0,,,,,0,,0,,,,,,,,,1,1,
718,1790100074174653184,71.8,0,0,0,0,,,,,0,,,,,0,,0,,,,,,,,,1,1,
719,1790100074274653184,71.9,0,0,0,0,,,,,0,,,,,0,,0,,,,,,,,,1,1,
720,1790100074374653184,72.0,0,0,0,0,,,,,0,,,,,0,,0,,,,,,,,,1,1,
721,1790100074474653184,72.1,0,0,0,0,,,,,0,,,,,0,,0,,,,,,,,,1,1,
722,1790100074574653184,72.2,0,0,0,0,,,,,0,,,,,0,,0,,,,,,,,,1,1,
723,1790100074674653184,72.3,0,0,0,0,,,,,0,,,,,0,,0,,,,,,,,,1,1,
724,1790100074774653184,72.4,0,0,0,0,,,,,0,,,,,0,,0,,,,,,,,,1,1,
725,1790100074874653184,72.5,0,0,0,0,,,,,0,,,,,0,,0,,,,,,,,,1,1,
726,1790100074974653184,72.6,0,0,0,0,,,,,0,,,,,0,,0,,,,,,,,,1,1,
727,1790100075074653184,72.7,0,0,0,0,,,,,0,,,,,0,,0,,,,,,,,,1,1,
728,1790100075174653184,72.8,0,0,0,0,,,,,0,,,,,0,,0,,,,,,,,,1,1,
729,1790100075274653184,72.9,0,0,0,0,,,,,0,,,,,0,,0,,,,,,,,,1,1,
730,1790100075374653184,73.0,0,0,0,0,,,,,0,,,,,0,,0,,,,,,,,,1,1,
731,1790100075474653184,73.1,0,0,0,0,,,,,0,,,,,0,,0,,,,,,,,,1,1,
732,1790100075574653184,73.2,0,0,0,0,,,,,0,,,,,0,,0,,,,,,,,,1,1,
733,1790100075674653184,73.3,0,0,0,0,,,,,0,,,,,0,,0,,,,,,,,,1,1,
734,1790100075774653184,73.4,0,0,0,0,,,,,0,,,,,0,,0,,,,,,,,,1,1,
735,1790100075874653184,73.5,0,0,0,0,,,,,0,,,,,0,,0,,,,,,,,,1,1,
736,1790100075974653184,73.6,0,0,0,0,,,,,0,,,,,0,,0,,,,,,,,,1,1,
737,1790100076074653184,73.7,0,0,0,0,,,,,0,,,,,0,,0,,,,,,,,,1,1,
738,1790100076174653184,73.8,0,0,0,0,,,,,0,,,,,0,,0,,,,,,,,,1,1,
739,1790100076274653184,73.9,0,0,0,0,,,,,0,,,,,0,,0,,,,,,,,,1,1,
740,1790100076374653184,74.0,0,0,0,0,,,,,0,,,,,0,,0,,,,,,,,,1,1,
741,1790100076474653184,74.1,0,0,0,0,,,,,0,,,,,0,,0,,,,,,,,,1,1,
742,1790100076574653184,74.2,0,0,0,0,,,,,0,,,,,0,,0,,,,,,,,,1,1,
743,1790100076674653184,74.3,0,0,0,0,,,,,0,,,,,0,,0,,,,,,,,,1,1,
744,1790100076774653184,74.4,0,0,0,0,,,,,0,,,,,0,,0,,,,,,,,,1,1,
745,1790100076874653184,74.5,0,0,0,0,,,,,0,,,,,0,,0,,,,,,,,,1,1,
746,1790100076974653184,74.6,0,0,0,0,,,,,0,,,,,0,,0,,,,,,,,,1,1,
747,1790100077074653184,74.7,0,0,0,0,,,,,0,,,,,0,,0,,,,,,,,,1,1,
748,1790100077174653184,74.8,0,0,0,0,,,,,0,,,,,0,,0,,,,,,,,,1,1,
749,1790100077274653184,74.9,0,0,0,0,,,,,0,,,,,0,,0,,,,,,,,,1,1,
750,1790100077374653184,75.0,0,0,0,0,,,,,0,,,,,0,,0,,,,,,,,,1,1,
751,1790100077474653184,75.1,0,0,0,0,,,,,0,,,,,0,,0,,,,,,,,,1,1,
752,1790100077574653184,75.2,0,0,0,0,,,,,0,,,,,0,,0,,,,,,,,,1,1,
753,1790100077674653184,75.3,0,0,0,0,,,,,0,,,,,0,,0,,,,,,,,,1,1,
754,1790100077774653184,75.4,0,1,0,32,,,,,0,,,,,0,0.0,0,,,,,,,,,1,1,
755,1790100077874653184,75.5,0,1,0,32,,,,,0,,,,,0,0.0,0,,,,,,,,,1,1,
756,1790100077974653184,75.6,0,1,0,32,,,,,0,,,,,0,0.0,0,,,,,,,,,1,1,
757,1790100078074653184,75.7,0,1,0,32,,,,,0,,,,,0,0.0,0,,,,,,,,,1,1,
758,1790100078174653184,75.8,0,1,0,32,,,,,0,,,,,0,0.0,0,,,,,,,,,1,1,
759,1790100078274653184,75.9,0,1,0,32,,,,,0,,,,,0,0.0,0,,,,,,,,,1,1,
760,1790100078374653184,76.0,0,1,0,32,,,,,0,,,,,0,0.0,0,,,,,,,,,1,1,
761,1790100078474653184,76.1,0,1,0,32,,,,,0,,,,,0,0.0,0,,,,,,,,,1,1,
762,1790100078574653184,76.2,0,1,0,32,,,,,0,,,,,0,0.0,0,,,,,,,,,1,1,
763,1790100078674653184,76.3,0,1,0,32,,,,,0,,,,,0,0.0,0,,,,,,,,,1,1,
764,1790100078774653184,76.4,0,0,0,0,,,,,0,,,,,0,,0,,,,,,,,,1,1,
765,1790100078874653184,76.5,0,0,0,0,,,,,0,,,,,0,,0,,,,,,,,,1,1,
766,1790100078974653184,76.6,0,0,0,0,,,,,0,,,,,0,,0,,,,,,,,,1,1,
767,1790100079074653184,76.7,0,0,0,0,,,,,0,,,,,0,,0,,,,,,,,,1,1,
768,1790100079174653184,76.8,0,0,0,0,,,,,0,,,,,0,,0,,,,,,,,,1,1,
769,1790100079274653184,76.9,0,0,0,0,,,,,0,,,,,0,,0,,,,,,,,,1,1,
770,1790100079374653184,77.0,0,0,0,0,,,,,0,,,,,0,,0,,,,,,,,,1,1,
771,1790100079474653184,77.1,0,0,0,0,,,,,0,,,,,0,,0,,,,,,,,,1,1,
772,1790100079574653184,77.2,0,0,0,0,,,,,0,,,,,0,,0,,,,,,,,,1,1,
773,1790100079674653184,77.3,0,0,0,0,,,,,0,,,,,0,,0,,,,,,,,,1,1,
774,1790100079774653184,77.4,0,0,0,0,,,,,0,,,,,0,,0,,,,,,,,,1,1,
775,1790100079874653184,77.5,0,0,0,0,,,,,0,,,,,0,,0,,,,,,,,,1,1,
776,1790100079974653184,77.6,0,0,0,0,,,,,0,,,,,0,,0,,,,,,,,,1,1,
777,1790100080074653184,77.7,0,0,0,0,,,,,0,,,,,0,,0,,,,,,,,,1,1,
778,1790100080174653184,77.8,0,0,0,0,,,,,0,,,,,0,,0,,,,,,,,,1,1,
779,1790100080274653184,77.9,0,0,0,0,,,,,0,,,,,0,,0,,,,,,,,,1,1,
780,1790100080374653184,78.0,0,0,0,0,,,,,0,,,,,0,,0,,,,,,,,,1,1,
781,1790100080474653184,78.1,0,0,0,0,,,,,0,,,,,0,,0,,,,,,,,,1,1,
782,1790100080574653184,78.2,0,0,0,0,,,,,0,,,,,0,,0,,,,,,,,,1,1,
783,1790100080674653184,78.3,0,0,0,0,,,,,0,,,,,0,,0,,,,,,,,,1,1,
784,1790100080774653184,78.4,0,0,0,0,,,,,0,,,,,0,,0,,,,,,,,,1,1,
785,1790100080874653184,78.5,0,0,0,0,,,,,0,,,,,0,,0,,,,,,,,,1,1,
786,1790100080974653184,78.6,0,0,0,0,,,,,0,,,,,0,,0,,,,,,,,,1,1,
787,1790100081074653184,78.7,0,0,0,0,,,,,0,,,,,0,,0,,,,,,,,,1,1,
788,1790100081174653184,78.8,0,0,0,0,,,,,0,,,,,0,,0,,,,,,,,,1,1,
789,1790100081274653184,78.9,0,0,0,0,,,,,0,,,,,0,,0,,,,,,,,,1,1,
790,1790100081374653184,79.0,0,0,0,0,,,,,0,,,,,0,,0,,,,,,,,,1,1,
791,1790100081474653184,79.1,0,0,0,0,,,,,0,,,,,0,,0,,,,,,,,,1,1,
792,1790100081574653184,79.2,0,0,0,0,,,,,0,,,,,0,,0,,,,,,,,,1,1,
793,1790100081674653184,79.3,0,0,0,0,,,,,0,,,,,0,,0,,,,,,,,,1,1,
794,1790100081774653184,79.4,0,0,0,0,,,,,0,,,,,0,,0,,,,,,,,,1,1,
795,1790100081874653184,79.5,0,0,0,0,,,,,0,,,,,0,,0,,,,,,,,,1,1,
796,1790100081974653184,79.6,0,0,0,0,,,,,0,,,,,0,,0,,,,,,,,,1,1,
797,1790100082074653184,79.7,0,0,0,0,,,,,0,,,,,0,,0,,,,,,,,,1,1,
798,1790100082174653184,79.8,0,0,0,0,,,,,0,,,,,0,,0,,,,,,,,,1,1,
799,1790100082274653184,79.9,0,0,0,0,,,,,0,,,,,0,,0,,,,,,,,,1,1,
800,1790100082374653184,80.0,0,0,0,0,,,,,0,,,,,0,,0,,,,,,,,,1,1,
801,1790100082474653184,80.1,0,0,0,0,,,,,0,,,,,0,,0,,,,,,,,,1,1,
802,1790100082574653184,80.2,0,0,0,0,,,,,0,,,,,0,,0,,,,,,,,,1,1,
803,1790100082674653184,80.3,0,0,0,0,,,,,0,,,,,0,,0,,,,,,,,,1,1,
804,1790100082774653184,80.4,0,0,0,0,,,,,0,,,,,0,,0,,,,,,,,,1,1,
805,1790100082874653184,80.5,0,0,0,0,,,,,0,,,,,0,,0,,,,,,,,,1,1,
806,1790100082974653184,80.6,0,0,0,0,,,,,0,,,,,0,,0,,,,,,,,,1,1,
807,1790100083074653184,80.7,0,0,0,0,,,,,0,,,,,0,,0,,,,,,,,,1,1,
808,1790100083174653184,80.8,0,0,0,0,,,,,0,,,,,0,,0,,,,,,,,,1,1,
809,1790100083274653184,80.9,0,0,0,0,,,,,0,,,,,0,,0,,,,,,,,,1,1,
810,1790100083374653184,81.0,0,0,0,0,,,,,0,,,,,0,,0,,,,,,,,,1,1,
811,1790100083474653184,81.1,0,0,0,0,,,,,0,,,,,0,,0,,,,,,,,,1,1,
812,1790100083574653184,81.2,0,0,0,0,,,,,0,,,,,0,,0,,,,,,,,,1,1,
813,1790100083674653184,81.3,0,0,0,0,,,,,0,,,,,0,,0,,,,,,,,,1,1,
814,1790100083774653184,81.4,0,0,0,0,,,,,0,,,,,0,,0,,,,,,,,,1,1,
815,1790100083874653184,81.5,0,0,0,0,,,,,0,,,,,0,,0,,,,,,,,,1,1,
816,1790100083974653184,81.6,0,0,0,0,,,,,0,,,,,0,,0,,,,,,,,,1,1,
817,1790100084074653184,81.7,0,0,0,0,,,,,0,,,,,0,,0,,,,,,,,,1,1,
818,1790100084174653184,81.8,0,0,0,0,,,,,0,,,,,0,,0,,,,,,,,,1,1,
819,1790100084274653184,81.9,0,0,0,0,,,,,0,,,,,0,,0,,,,,,,,,1,1,
820,1790100084374653184,82.0,0,0,0,0,,,,,0,,,,,0,,0,,,,,,,,,1,1,
821,1790100084474653184,82.1,0,0,0,0,,,,,0,,,,,0,,0,,,,,,,,,1,1,
822,1790100084574653184,82.2,0,0,0,0,,,,,0,,,,,0,,0,,,,,,,,,1,1,
823,1790100084674653184,82.3,0,0,0,0,,,,,0,,,,,0,,0,,,,,,,,,1,1,
824,1790100084774653184,82.4,0,0,0,0,,,,,0,,,,,0,,0,,,,,,,,,1,1,
825,1790100084874653184,82.5,0,0,0,0,,,,,0,,,,,0,,0,,,,,,,,,1,1,
826,1790100084974653184,82.6,0,0,0,0,,,,,0,,,,,0,,0,,,,,,,,,1,1,
827,1790100085074653184,82.7,0,0,0,0,,,,,0,,,,,0,,0,,,,,,,,,1,1,
828,1790100085174653184,82.8,0,0,0,0,,,,,0,,,,,0,,0,,,,,,,,,1,1,
829,1790100085274653184,82.9,0,0,0,0,,,,,0,,,,,0,,0,,,,,,,,,1,1,
830,1790100085374653184,83.0,0,0,0,0,,,,,0,,,,,0,,0,,,,,,,,,1,1,
831,1790100085474653184,83.1,0,0,0,0,,,,,0,,,,,0,,0,,,,,,,,,1,1,
832,1790100085574653184,83.2,0,0,0,0,,,,,0,,,,,0,,0,,,,,,,,,1,1,
833,1790100085674653184,83.3,0,0,0,0,,,,,0,,,,,0,,0,,,,,,,,,1,1,
834,1790100085774653184,83.4,0,0,0,0,,,,,0,,,,,0,,0,,,,,,,,,1,1,
835,1790100085874653184,83.5,0,0,0,0,,,,,0,,,,,0,,0,,,,,,,,,1,1,
836,1790100085974653184,83.6,0,0,0,0,,,,,0,,,,,0,,0,,,,,,,,,1,1,
837,1790100086074653184,83.7,0,0,0,0,,,,,0,,,,,0,,0,,,,,,,,,1,1,
838,1790100086174653184,83.8,0,0,0,0,,,,,0,,,,,0,,0,,,,,,,,,1,1,
839,1790100086274653184,83.9,0,0,0,0,,,,,0,,,,,0,,0,,,,,,,,,1,1,
840,1790100086374653184,84.0,0,0,0,0,,,,,0,,,,,0,,0,,,,,,,,,1,1,
841,1790100086474653184,84.1,0,0,0,0,,,,,0,,,,,0,,0,,,,,,,,,1,1,
842,1790100086574653184,84.2,0,0,0,0,,,,,0,,,,,0,,0,,,,,,,,,1,1,
843,1790100086674653184,84.3,0,0,0,0,,,,,0,,,,,0,,0,,,,,,,,,1,1,
844,1790100086774653184,84.4,0,0,0,0,,,,,0,,,,,0,,0,,,,,,,,,1,1,
845,1790100086874653184,84.5,0,0,0,0,,,,,0,,,,,0,,0,,,,,,,,,1,1,
