line,kind,seq,flag,t_scan_rx_ns,t_flag_rx_ns,t_uart_tx_ns,t_c_rx_ns,sim_time,x,y,yaw,wp_i,min_range,min_mm,local_v,local_w,edge_v,edge_w,edge_ok,edge_seq_used,t_send_ns,t_recv_ns,rtt_us,held,deadline_miss,rtt_min_us,rtt_win_us,rtt_degraded,t_det_rtt_ns,flag_seq,t_det_meta_ns,c_seq,v_out,w_out,mode,state,switch_us,n_sw,bad_lines,lost
1,settle,0,0,17120417673457,,17120417724738,17120420821935,18.158,0.0000,0.0000,0.0000,0,0.5929,592,0,0,0,0,0,,,,,,,,,,,,,0,0,0,0,0,0,28,0,0
2,scan,1,0,17120459064102,,17120459205780,17120461364506,18.658,0.0001,-0.0000,0.0000,0,0.5982,598,220,0,0,0,0,,,,,1,1,,,0,,,,1,0,0,0,0,0,28,0,0
3,scan,2,0,17120508953538,,17120509096425,17120511327873,18.708,0.0001,-0.0000,0.0000,0,0.6062,606,220,0,220,1,1,1,17120459127819,17120497057534,37929,0,0,37929,37929,0,,,,2,220,1,0,0,0,28,0,0
4,scan,3,0,17120558764407,,17120558912395,17120560345600,18.758,0.0012,-0.0000,0.0000,0,0.5860,585,220,0,220,1,1,2,17120509007186,17120543736611,34729,0,0,34729,36329,0,,,,3,220,1,0,0,0,28,0,0
5,scan,4,0,17120609019918,,17120609173599,17120611335533,18.808,0.0035,-0.0000,-0.0000,0,0.5910,591,220,0,220,1,1,3,17120558810993,17120596568946,37757,0,0,34729,36805,0,,,,4,220,1,0,0,0,28,0,0
6,scan,5,0,17120658936875,,17120659057015,17120661120718,18.858,0.0116,-0.0000,-0.0000,0,0.5921,592,220,0,220,1,1,4,17120609084589,17120646725194,37640,0,0,34729,37014,0,,,,5,220,1,0,0,0,28,0,0
7,scan,6,0,17120708883469,,17120709014450,17120711291187,18.908,0.0174,-0.0000,-0.0000,0,0.5775,577,220,0,220,1,1,5,17120658980569,17120696555818,37575,0,0,34729,37126,0,,,,6,220,1,0,0,0,28,0,0
8,scan,7,0,17120758711059,,17120758834643,17120760283532,18.958,0.0318,-0.0000,0.0000,0,0.5739,573,220,0,220,1,1,6,17120708929747,17120746159941,37230,0,0,34729,37143,0,,,,7,220,1,0,0,0,28,0,0
9,scan,8,0,17120808907956,,17120809047959,17120811122017,19.008,0.0393,-0.0000,0.0000,0,0.5638,563,220,0,220,1,1,7,17120758755223,17120796474514,37719,0,0,34729,37226,0,,,,8,220,1,0,0,0,28,0,0
10,scan,9,0,17120859231858,,17120859358994,17120861238739,19.058,0.0542,-0.0000,0.0001,0,0.5391,539,220,0,220,1,1,8,17120808957418,17120846672804,37715,0,0,34729,37287,0,,,,9,220,1,0,0,0,28,0,0
11,scan,10,0,17120909474700,,17120909618599,17120911298119,19.108,0.0617,-0.0000,0.0002,0,0.5270,526,220,0,220,1,1,9,17120859274487,17120894417468,35142,0,0,34729,37048,0,,,,10,220,1,0,0,0,28,0,0
12,scan,11,0,17120959198652,,17120959335027,17120961375192,19.158,0.0692,-0.0000,0.0002,0,0.5326,532,220,0,220,1,1,10,17120909527389,17120943770641,34243,0,0,34243,36768,0,,,,11,220,1,0,0,0,28,0,0
13,scan,12,0,17121008937624,,17121009064676,17121011115276,19.208,0.0841,0.0000,0.0003,0,0.5269,526,220,-1,220,1,1,11,17120959247875,17120997199043,37951,0,0,34243,36875,0,,,,12,220,1,0,0,0,28,0,0
14,scan,13,0,17121058870531,,17121059007215,17121061198955,19.258,0.0916,0.0000,0.0003,0,0.5143,514,220,-1,220,1,1,12,17121008983790,17121045347098,36363,0,0,34243,36833,0,,,,13,220,1,0,0,0,28,0,0
15,scan,14,0,17121108904019,,17121109084612,17121111194288,19.308,0.1066,0.0000,0.0004,0,0.5052,505,220,-1,220,1,1,13,17121058921069,17121095608793,36687,0,0,34243,36822,0,,,,14,220,1,0,0,0,28,0,0
16,scan,15,0,17121158994244,,17121159136092,17121161308595,19.358,0.1140,0.0000,0.0004,0,0.5022,502,220,-1,220,1,1,14,17121108968026,17121146790068,37822,0,0,34243,36893,0,,,,15,220,1,0,0,0,28,0,0
17,scan,16,0,17121208820213,,17121208947361,17121211106277,19.408,0.1290,0.0000,0.0005,0,0.4880,487,220,-1,220,1,1,15,17121159059121,17121196664985,37605,0,0,34243,36940,0,,,,16,220,1,0,0,0,28,0,0
18,scan,17,0,17121259212385,,17121259366279,17121261389994,19.458,0.1365,0.0000,0.0005,0,0.4746,474,220,-1,220,1,1,16,17121208865962,17121246736750,37870,0,0,34243,36999,0,,,,17,220,1,0,0,0,28,0,0
19,scan,18,0,17121309423185,,17121309583660,17121311507384,19.508,0.1514,0.0000,0.0006,0,0.4808,480,220,-1,220,1,1,17,17121259260103,17121296802073,37541,0,0,34243,37030,0,,,,18,220,1,0,0,0,28,0,0
20,scan,19,0,17121359352547,,17121359488167,17121361219373,19.558,0.1589,0.0000,0.0006,0,0.4705,470,220,-1,220,-1,1,18,17121309474085,17121346896302,37422,0,0,34243,37052,0,,,,19,220,-1,0,0,0,28,0,0
21,scan,20,0,17121409321536,,17121409464247,17121411268472,19.608,0.1739,0.0000,0.0006,0,0.4593,459,220,-1,220,-1,1,19,17121359401631,17121396886981,37485,0,0,34243,37075,0,,,,20,220,-1,0,0,0,28,0,0
22,scan,21,0,17121459629202,,17121459795673,17121462180104,19.658,0.1814,0.0000,0.0006,0,0.4458,445,220,-1,220,-1,1,20,17121409378569,17121444977789,35599,0,0,34243,37001,0,,,,21,220,-1,0,0,0,28,0,0
23,scan,22,0,17121509243812,,17121509377543,17121511334000,19.708,0.1963,0.0001,0.0005,0,0.4415,441,220,-1,220,-1,1,21,17121459696830,17121497171136,37474,0,0,34243,37024,0,,,,22,220,-1,0,0,0,28,0,0
24,scan,23,0,17121559463730,,17121559604270,17121561264722,19.758,0.2038,0.0001,0.0004,0,0.4393,439,220,-1,220,1,1,22,17121509288551,17121547178759,37890,0,0,34243,37063,0,,,,23,220,1,0,0,0,28,0,0
25,scan,24,0,17121609392802,,17121609604071,17121611357589,19.808,0.2188,0.0001,0.0004,0,0.4278,427,220,-1,220,1,1,23,17121559511920,17121597114497,37602,0,0,34243,37087,0,,,,24,220,1,0,0,0,28,0,0
26,scan,25,0,17121659778007,,17121659905788,17121662128387,19.858,0.2263,0.0001,0.0005,0,0.4175,417,220,-1,220,1,1,24,17121609436728,17121647098497,37661,0,0,34243,37110,0,,,,25,220,1,0,0,0,28,0,0
27,scan,26,0,17121709839813,,17121709960285,17121712274863,19.908,0.2412,0.0001,0.0006,0,0.4164,416,220,-1,220,1,1,25,17121659824525,17121697249968,37425,0,0,34243,37123,0,,,,26,220,1,0,0,0,28,0,0
28,scan,27,0,17121760055450,,17121760190181,17121762222715,19.958,0.2487,0.0001,0.0006,0,0.4040,404,220,-1,220,-1,1,26,17121709878588,17121747664454,37785,0,0,34243,37148,0,,,,27,220,-1,0,0,0,28,0,0
29,scan,28,0,17121810086451,,17121810204288,17121812360706,20.008,0.2562,0.0001,0.0006,0,0.3916,391,220,-1,220,-1,1,27,17121760103946,17121796952335,36848,0,0,34243,37137,0,,,,28,220,-1,0,1,0,28,0,0
30,scan,29,0,17121860102792,,17121860224784,17121862345211,20.058,0.2711,0.0001,0.0006,0,0.3941,394,220,-1,220,-1,1,28,17121810128505,17121847933114,37804,0,0,34243,37161,0,,,,29,220,-1,0,1,0,28,0,0
31,scan,30,0,17121910164182,,17121910291892,17121912538929,20.108,0.2786,0.0001,0.0005,0,0.3972,397,220,-1,220,-1,1,29,17121860146532,17121897353966,37207,0,0,34243,37163,0,,,,30,220,-1,0,1,0,28,0,0
32,scan,31,0,17121959901731,,17121960076573,17121962139504,20.158,0.2936,0.0001,0.0004,0,0.3802,380,220,-1,220,-1,1,30,17121910210797,17121947963525,37752,0,0,34243,37182,0,,,,31,220,-1,0,1,0,28,0,0
33,scan,32,0,17122009923113,,17122010044160,17122012174014,20.208,0.3010,0.0001,0.0004,0,0.3683,368,220,-1,220,1,1,31,17121959946227,17121996923455,36977,0,0,34243,37176,0,,,,32,220,1,0,1,0,28,0,0
34,scan,33,0,17122060150474,,17122060268824,17122062239563,20.258,0.3160,0.0001,0.0004,0,0.3723,372,220,-1,220,1,1,32,17122009966072,17122047470880,37504,0,0,34243,37186,0,,,,33,220,1,0,1,0,28,0,0
35,scan,34,0,17122110108386,,17122110226567,17122112320985,20.308,0.3235,0.0001,0.0004,0,0.3589,358,220,-1,220,1,1,33,17122060191138,17122096924930,36733,0,0,34243,37172,0,,,,34,220,1,0,1,0,28,0,0
36,scan,35,0,17122160215944,,17122160339690,17122162259133,20.358,0.3384,0.0001,0.0005,0,0.3707,370,220,-1,220,1,1,34,17122110149796,17122147616611,37466,0,0,34243,37181,0,,,,35,220,1,0,1,0,28,0,0
37,scan,36,0,17122210012117,,17122210143455,17122213174964,20.408,0.3459,0.0001,0.0006,0,0.3614,361,220,-1,220,-1,1,35,17122160259539,17122197143958,36884,0,0,34243,37172,0,,,,36,220,-1,0,1,0,28,0,0
38,scan,37,0,17122259995628,,17122260165937,17122262348512,20.458,0.3609,0.0001,0.0006,0,0.3647,364,220,-2,220,-1,1,36,17122210058918,17122244832953,34774,0,0,34243,37106,0,,,,37,220,-1,0,1,0,28,0,0
39,scan,38,0,17122310046658,,17122310189131,17122312503542,20.508,0.3684,0.0001,0.0006,0,0.3566,356,220,-1,220,-1,1,37,17122260075325,17122297178770,37103,0,0,34243,37106,0,,,,38,220,-1,0,1,0,28,0,0
40,scan,39,0,17122360360469,,17122360514274,17122362279956,20.558,0.3833,0.0002,0.0004,0,0.3646,364,220,-1,220,-1,1,38,17122310097058,17122347769208,37672,0,0,34243,37121,0,,,,39,220,-1,0,1,0,28,0,0
41,scan,40,0,17122410364659,,17122410487228,17122412249743,20.608,0.3908,0.0002,0.0004,0,0.3755,375,220,-1,220,1,1,39,17122360413633,17122397290021,36876,0,0,34243,37114,0,,,,40,220,1,0,1,0,28,0,0
42,scan,41,0,17122460382850,,17122460527431,17122462238399,20.658,0.4058,0.0002,0.0004,0,0.3694,369,220,-1,220,1,1,40,17122410407457,17122444984504,34577,0,0,34243,37051,0,,,,41,220,1,0,1,0,28,0,0
43,scan,42,0,17122510184820,,17122510313212,17122512304489,20.708,0.4132,0.0002,0.0004,0,0.3663,366,220,-1,220,1,1,41,17122460429737,17122497172377,36742,0,0,34243,37021,0,,,,42,220,1,0,1,0,28,0,0
44,scan,43,0,17122560225292,,17122560343005,17122562509838,20.758,0.4282,0.0002,0.0005,0,0.3729,372,220,-2,220,1,1,42,17122510230693,17122547889946,37659,0,0,34243,37095,0,,,,43,220,1,0,1,0,28,0,0
45,scan,44,0,17122611222283,,17122611363473,17122613306967,20.808,0.4357,0.0002,0.0006,0,0.4050,405,220,-2,220,0,1,43,17122560265284,17122597150905,36885,0,0,34243,37073,0,,,,44,220,0,0,0,0,28,0,0
46,scan,45,0,17122661788994,,17122661925743,17122664345899,20.858,0.4432,0.0002,0.0006,0,0.6532,653,220,-2,220,0,1,44,17122611270619,17122649004546,37733,0,0,34243,37075,0,,,,45,220,0,0,0,0,28,0,0
47,scan,46,0,17122711217944,,17122711348782,17122713270884,20.908,0.4581,0.0002,0.0006,0,1.5038,1503,220,-2,220,0,1,45,17122661838356,17122696207477,34369,0,0,34243,36995,0,,,,46,220,0,0,0,0,28,0,0
48,scan,47,0,17122762015158,,17122762166327,17122764312209,20.958,0.4656,0.0002,0.0006,0,1.4894,1489,220,-2,220,0,1,46,17122711264336,17122749216995,37952,0,0,34243,37013,0,,,,47,220,0,0,0,0,28,0,0
49,scan,48,0,17122811462201,,17122811586720,17122813237583,21.008,0.4806,0.0002,0.0006,0,1.4882,1488,220,-2,220,0,1,47,17122762067192,17122799658187,37590,0,0,34243,37010,0,,,,48,220,0,0,0,0,28,0,0
50,scan,49,0,17122861336252,,17122861462157,17122863287183,21.058,0.4881,0.0002,0.0006,0,1.4726,1472,220,-2,220,0,1,48,17122811505805,17122849031034,37525,0,0,34243,37005,0,,,,49,220,0,0,0,0,28,0,0
51,scan,50,0,17122911292204,,17122911419379,17122913294447,21.108,0.5030,0.0002,0.0006,0,1.4623,1462,220,-2,220,0,1,49,17122861381138,17122899009039,37627,0,0,34243,37067,0,,,,50,220,0,0,0,0,28,0,0
52,scan,51,0,17122960825239,,17122960954112,17122963177200,21.158,0.5105,0.0002,0.0006,0,1.4450,1444,220,-2,220,0,1,50,17122911336648,17122948521593,37184,0,0,34243,37141,0,,,,51,220,0,0,0,0,28,0,0
53,scan,52,0,17123010625212,,17123010748838,17123012254717,21.208,0.5254,0.0002,0.0006,0,1.4394,1439,220,-2,220,0,1,51,17122960871619,17122997208150,36336,0,0,34243,37100,0,,,,52,220,0,0,0,0,28,0,0
54,scan,53,0,17123060835791,,17123060968419,17123063135104,21.258,0.5329,0.0002,0.0006,0,1.4291,1429,220,-2,220,0,1,52,17123010667711,17123047052797,36385,0,0,34243,37101,0,,,,53,220,0,0,0,0,28,0,0
55,scan,54,0,17123110594789,,17123110727029,17123112280809,21.308,0.5479,0.0002,0.0006,0,1.4194,1419,220,-2,220,0,1,53,17123060884051,17123097188998,36304,0,0,34243,37091,0,,,,54,220,0,0,0,0,28,0,0
56,scan,55,0,17123160839489,,17123160978373,17123163140993,21.358,0.5554,0.0002,0.0006,0,1.3963,1396,220,-2,220,0,1,54,17123110635654,17123144262027,33626,0,0,33626,36986,0,,,,55,220,0,0,0,0,28,0,0
57,scan,56,0,17123210851093,,17123210972323,17123213149876,21.408,0.5703,0.0003,0.0006,0,1.3877,1387,220,-2,220,0,1,55,17123160888075,17123198553770,37665,0,0,33626,36988,0,,,,56,220,0,0,0,0,28,0,0
58,scan,57,0,17123261297021,,17123261429647,17123263306189,21.458,0.5778,0.0003,0.0006,0,1.3918,1391,220,-2,220,0,1,56,17123210893297,17123248438887,37545,0,0,33626,36980,0,,,,57,220,0,0,0,0,28,0,0
59,scan,58,0,17123311332661,,17123311458335,17123313298087,21.508,0.5928,0.0003,0.0006,0,1.3687,1368,220,-2,220,0,1,57,17123261344863,17123298932263,37587,0,0,33626,36981,0,,,,58,220,0,0,0,0,28,0,0
60,scan,59,0,17123361300193,,17123361423362,17123363251016,21.558,0.6003,0.0003,0.0006,0,1.3644,1364,220,-2,220,0,1,58,17123311371664,17123348599896,37228,0,0,33626,36976,0,,,,59,220,0,0,0,0,28,0,0
61,scan,60,0,17123411587466,,17123411774234,17123413233144,21.608,0.6152,0.0003,0.0006,0,1.3341,1334,220,-2,220,0,1,59,17123361342801,17123399364471,38021,0,0,33626,36989,0,,,,60,220,0,0,0,0,28,0,0
62,scan,61,0,17123461568844,,17123461790921,17123464214239,21.658,0.6227,0.0003,0.0006,0,1.3363,1336,220,-2,220,0,1,60,17123411638820,17123445935662,34296,0,0,33626,36957,0,,,,61,220,0,0,0,0,28,0,0
63,scan,62,0,17123511920630,,17123512116237,17123514233747,21.708,0.6302,0.0003,0.0006,0,1.3256,1325,220,-2,220,0,1,61,17123461642590,17123499073131,37430,0,0,33626,36956,0,,,,62,220,0,0,0,0,28,0,0
64,scan,63,0,17123561794111,,17123561979009,17123564206766,21.758,0.6451,0.0003,0.0006,0,1.3063,1306,220,-2,220,0,1,62,17123511972270,17123546328698,34356,0,0,33626,36867,0,,,,63,220,0,0,0,0,28,0,0
65,scan,64,0,17123611825769,,17123611985687,17123614142886,21.808,0.6526,0.0003,0.0006,0,1.3101,1310,220,-2,220,0,1,63,17123561845502,17123596265539,34420,0,0,33626,36788,0,,,,64,220,0,0,0,0,28,0,0
66,scan,65,0,17123661346432,,17123661466993,17123663224457,21.858,0.6676,0.0003,0.0006,0,1.2973,1297,220,-2,220,0,1,64,17123611889542,17123650058633,38169,0,0,33626,36801,0,,,,65,220,0,0,0,0,28,0,0
67,scan,66,0,17123711616350,,17123711796765,17123714117867,21.908,0.6750,0.0003,0.0006,0,1.2767,1276,220,-2,220,0,1,65,17123661388756,17123695756741,34367,0,0,33626,36724,0,,,,66,220,0,0,0,0,28,0,0
68,scan,67,0,17123761963634,,17123762098336,17123764373817,21.958,0.6900,0.0003,0.0006,0,1.2747,1274,220,-2,220,0,1,66,17123711660646,17123745911620,34250,0,0,33626,36636,0,,,,67,220,0,0,0,0,28,0,0
69,scan,68,0,17123811789577,,17123811944509,17123814279292,22.008,0.6975,0.0003,0.0006,0,1.2678,1267,220,-2,220,0,1,67,17123762009441,17123799894027,37884,0,0,33626,36662,0,,,,68,220,0,0,0,0,28,0,0
70,scan,69,0,17123861500875,,17123861676205,17123863311032,22.058,0.7124,0.0003,0.0006,0,1.2561,1256,220,-3,220,0,1,68,17123811845097,17123849233783,37388,0,0,33626,36651,0,,,,69,220,0,0,0,0,28,0,0
71,scan,70,0,17123911886310,,17123912045764,17123914163882,22.108,0.7199,0.0003,0.0006,0,1.2494,1249,220,-3,220,0,1,69,17123861559012,17123899425275,37866,0,0,33626,36668,0,,,,70,220,0,0,0,0,28,0,0
72,scan,71,0,17123962224418,,17123962355590,17123964349240,22.158,0.7349,0.0003,0.0006,0,1.2370,1236,220,-3,220,0,1,70,17123911934758,17123946343999,34409,0,0,33626,36584,0,,,,71,220,0,0,0,0,28,0,0
73,scan,72,0,17124012467080,,17124012594333,17124014209768,22.208,0.7424,0.0004,0.0006,0,1.2254,1225,220,-3,220,0,1,71,17123962269074,17124000163327,37894,0,0,33626,36607,0,,,,72,220,0,0,0,0,28,0,0
74,scan,73,0,17124062098665,,17124062223428,17124064421695,22.258,0.7573,0.0004,0.0006,0,1.2045,1204,220,-3,220,0,1,72,17124012512619,17124049041984,36529,0,0,33626,36583,0,,,,73,220,0,0,0,0,28,0,0
75,scan,74,0,17124112298056,,17124112418710,17124114253041,22.308,0.7648,0.0004,0.0006,0,1.1943,1194,220,-3,220,0,1,73,17124062142207,17124099539882,37397,0,0,33626,36599,0,,,,74,220,0,0,0,0,28,0,0
76,scan,75,0,17124162131785,,17124162256140,17124164303633,22.358,0.7798,0.0004,0.0006,0,1.1871,1187,220,-3,220,0,1,74,17124112340822,17124149013236,36672,0,0,33626,36579,0,,,,75,220,0,0,0,0,28,0,0
77,scan,76,0,17124211916567,,17124212098082,17124214333467,22.408,0.7873,0.0004,0.0006,0,1.1829,1182,220,-3,220,0,1,75,17124162173299,17124199426672,37253,0,0,33626,36589,0,,,,76,220,0,0,0,0,28,0,0
78,scan,77,0,17124262332559,,17124262459064,17124265214757,22.458,0.8022,0.0004,0.0006,0,1.1636,1163,220,-3,220,0,1,76,17124211960487,17124249012694,37052,0,0,33626,36646,0,,,,77,220,0,0,0,0,28,0,0
79,scan,78,0,17124312320533,,17124312486882,17124314229243,22.508,0.8097,0.0004,0.0006,0,1.1556,1155,220,-3,220,0,1,77,17124262371887,17124300119180,37747,0,0,33626,36662,0,,,,78,220,0,0,0,0,28,0,0
80,scan,79,0,17124362042098,,17124362159707,17124364344438,22.558,0.8172,0.0004,0.0006,0,1.1398,1139,220,-3,220,0,1,78,17124312377417,17124349307491,36930,0,0,33626,36643,0,,,,79,220,0,0,0,0,28,0,0
81,scan,80,0,17124411973354,,17124412126990,17124414304623,22.608,0.8321,0.0004,0.0006,0,1.1336,1133,220,-3,220,0,1,79,17124362082275,17124399323908,37241,0,0,33626,36652,0,,,,80,220,0,0,0,0,28,0,0
82,scan,81,0,17124462037218,,17124462175722,17124464297440,22.658,0.8396,0.0004,0.0006,0,1.1161,1116,220,-3,220,0,1,80,17124412043276,17124446667588,34624,0,0,33626,36653,0,,,,81,220,0,0,0,0,28,0,0
83,scan,82,0,17124512145408,,17124512266343,17124514325859,22.708,0.8546,0.0004,0.0006,0,1.1022,1102,220,-4,220,0,1,81,17124462084482,17124500102640,38018,0,0,33626,36685,0,,,,82,220,0,0,0,0,28,0,0
84,scan,83,0,17124561991947,,17124562129210,17124564337789,22.758,0.8621,0.0004,0.0006,0,1.0952,1095,220,-4,220,0,1,82,17124512187245,17124549234290,37047,0,0,33626,36670,0,,,,83,220,0,0,0,0,28,0,0
85,scan,84,0,17124612124087,,17124612249423,17124614220770,22.808,0.8770,0.0004,0.0006,0,1.0947,1094,220,-4,220,0,1,83,17124562040799,17124599742772,37701,0,0,33626,36690,0,,,,84,220,0,0,0,0,28,0,0
86,scan,85,0,17124662249448,,17124662392199,17124664394036,22.858,0.8845,0.0004,0.0006,0,1.0726,1072,220,-4,220,0,1,84,17124612167815,17124649116980,36949,0,0,33626,36671,0,,,,85,220,0,0,0,0,28,0,0
87,scan,86,0,17124712626252,,17124712768461,17124714232269,22.908,0.8995,0.0004,0.0006,0,1.0614,1061,220,-4,220,0,1,85,17124662299052,17124700128618,37829,0,0,33626,36757,0,,,,86,220,0,0,0,0,28,0,0
88,scan,87,0,17124762696182,,17124762836389,17124764561391,22.958,0.9069,0.0004,0.0006,0,1.0489,1048,220,-4,220,0,1,86,17124712670448,17124749266097,36595,0,0,33626,36723,0,,,,87,220,0,0,0,0,28,0,0
89,scan,88,0,17124812932253,,17124813054364,17124815169323,23.008,0.9219,0.0005,0.0006,0,1.0464,1046,220,-4,220,0,1,87,17124762755337,17124800129178,37373,0,0,33626,36718,0,,,,88,220,0,0,0,0,28,0,0
90,scan,89,0,17124862999763,,17124863121855,17124865198904,23.058,0.9294,0.0005,0.0006,0,1.0331,1033,220,-5,220,0,1,88,17124812973560,17124850449572,37476,0,0,33626,36717,0,,,,89,220,0,0,0,0,28,0,0
91,scan,90,0,17124912700322,,17124912823277,17124914216572,23.108,0.9443,0.0005,0.0006,0,1.0273,1027,220,-5,220,0,1,89,17124863044044,17124900361348,37317,0,0,33626,36709,0,,,,90,220,0,0,0,0,28,0,0
92,scan,91,0,17124962822838,,17124962967449,17124965122497,23.158,0.9518,0.0005,0.0006,0,1.0111,1011,220,-5,220,0,1,90,17124912741132,17124948960876,36219,0,0,33626,36685,0,,,,91,220,0,0,0,0,28,0,0
93,scan,92,0,17125012865747,,17125013150388,17125015187972,23.208,0.9668,0.0005,0.0006,0,0.9945,994,220,-5,220,0,1,91,17124962882452,17125000487184,37604,0,0,33626,36717,0,,,,92,220,0,0,0,0,28,0,0
94,scan,93,0,17125062926320,,17125063048589,17125065120303,23.258,0.9742,0.0005,0.0006,0,0.9841,984,220,-6,220,0,1,92,17125012982858,17125050800489,37817,0,0,33626,36752,0,,,,93,220,0,0,0,0,28,0,0
95,scan,94,0,17125112837839,,17125112953773,17125115126227,23.308,0.9892,0.0005,0.0006,0,0.9777,977,220,-6,220,0,1,93,17125062969382,17125100440393,37471,0,0,33626,36782,0,,,,94,220,0,0,0,0,28,0,0
96,scan,95,0,17125163019391,,17125163242384,17125165284212,23.358,0.9967,0.0005,0.0006,0,0.9645,964,220,-6,220,0,1,94,17125112876089,17125149180780,36304,0,0,33626,36848,0,,,,95,220,0,0,0,0,28,0,0
97,scan,96,0,17125212985631,,17125213109949,17125215180631,23.408,1.0042,0.0005,0.0006,0,0.9590,958,220,-6,220,-10,1,95,17125163091738,17125199565673,36473,0,0,33626,36819,0,,,,96,220,-10,0,0,0,28,0,0
98,scan,97,0,17125263102523,,17125263227753,17125265344224,23.458,1.0191,0.0005,0.0006,0,0.9255,925,220,-7,220,-10,1,96,17125213028193,17125250867711,37839,0,0,33626,36826,0,,,,97,220,-10,0,0,0,28,0,0
99,scan,98,0,17125313080034,,17125313213028,17125315256621,23.508,1.0266,0.0005,0.0005,0,0.9280,927,220,-7,220,-11,1,97,17125263145574,17125300815624,37670,0,0,33626,36828,0,,,,98,220,-11,0,0,0,28,0,0
100,scan,99,0,17125363039281,,17125363167334,17125365401577,23.558,1.0416,0.0005,-0.0003,0,0.9195,919,220,-6,220,-11,1,98,17125313127176,17125347594970,34467,0,0,33626,36759,0,,,,99,220,-11,0,0,0,28,0,0
101,scan,100,0,17125413016784,,17125413140179,17125415221957,23.608,1.0491,0.0005,-0.0009,0,0.9135,913,220,-5,220,-10,1,99,17125363083717,17125400852278,37768,0,0,33626,36753,0,,,,100,220,-10,0,0,0,28,0,0
102,scan,101,0,17125463213429,,17125463349927,17125465391280,23.658,1.0640,0.0005,-0.0016,1,0.9028,902,0,1000,220,-9,1,100,17125413060137,17125447472477,34412,0,0,33626,36756,0,,,,101,220,-9,0,0,0,28,0,0
103,scan,102,0,17125513167760,,17125513295383,17125515303952,23.708,1.0715,0.0005,-0.0018,1,0.8800,879,0,1000,0,999,1,101,17125463262479,17125500498851,37236,0,0,33626,36751,0,,,,102,0,999,0,0,0,28,0,0
104,scan,103,0,17125563237401,,17125563359438,17125565299686,23.758,1.0853,0.0005,-0.0023,1,0.8817,881,0,1000,0,999,1,102,17125513212971,17125550709750,37496,0,0,33626,36829,0,,,,103,0,999,0,0,0,28,0,0
105,scan,104,0,17125613717798,,17125613860395,17125616242592,23.808,1.0905,0.0004,-0.0024,1,0.8792,879,0,1000,0,999,1,103,17125563279691,17125601561253,38281,0,0,33626,36926,0,,,,104,0,999,0,0,0,28,0,0
106,scan,105,0,17125663329381,,17125663461561,17125665282494,23.858,1.0974,0.0004,-0.0020,1,0.8715,871,0,1000,0,999,1,104,17125613767294,17125650995553,37228,0,0,33626,36902,0,,,,105,0,999,0,0,0,28,0,0
107,scan,106,0,17125713483056,,17125713618352,17125715408769,23.908,1.0996,0.0004,-0.0006,1,0.8601,860,0,1000,0,999,1,105,17125663376148,17125700910446,37534,0,0,33626,36982,0,,,,106,0,999,0,0,0,28,0,0
108,scan,107,0,17125763427650,,17125763553158,17125765302574,23.958,1.1023,0.0004,0.0244,1,0.8698,869,0,1000,0,999,1,106,17125713531031,17125751405703,37874,0,0,33626,37072,0,,,,107,0,999,0,0,0,28,0,0
109,scan,108,0,17125813305943,,17125813466212,17125815305090,24.008,1.1027,0.0005,0.0541,1,0.8718,871,0,1000,0,999,1,107,17125763472961,17125800967965,37495,0,0,33626,37062,0,,,,108,0,999,0,0,0,28,0,0
110,scan,109,0,17125863217099,,17125863344674,17125865245165,24.058,1.1026,0.0004,0.1353,1,0.8653,865,0,1000,0,999,1,108,17125813368685,17125850720937,37352,0,0,33626,37061,0,,,,109,0,999,0,0,0,28,0,0
111,scan,110,0,17125913376176,,17125913501283,17125915261931,24.108,1.1025,0.0004,0.1739,1,0.8775,877,0,1000,0,999,1,109,17125863259972,17125900922032,37662,0,0,33626,37056,0,,,,110,0,999,0,0,0,28,0,0
112,scan,111,0,17125963580275,,17125963697329,17125965310504,24.158,1.1024,0.0004,0.2344,1,0.8545,854,0,1000,0,999,1,110,17125913420968,17125953089671,39668,0,0,33626,37188,0,,,,111,0,999,0,0,0,28,0,0
113,scan,112,0,17126014003673,,17126014136346,17126016283007,24.208,1.1024,0.0004,0.2642,1,0.8628,862,0,1000,0,999,1,111,17125963618937,17125998196988,34578,0,0,33626,37105,0,,,,112,0,999,0,0,0,28,0,0
114,scan,113,0,17126063967331,,17126064124799,17126066224016,24.258,1.1023,0.0004,0.2982,1,0.8590,858,0,1000,0,999,1,112,17126014050288,17126051660453,37610,0,0,33626,37132,0,,,,113,0,999,0,0,0,28,0,0
115,scan,114,0,17126113685822,,17126113850988,17126115325544,24.308,1.1022,0.0003,0.3726,1,0.8585,858,0,1000,0,999,1,113,17126064044530,17126101240763,37196,0,0,33626,37127,0,,,,114,0,999,0,0,0,28,0,0
116,scan,115,0,17126163664677,,17126163788721,17126165219469,24.358,1.1022,0.0003,0.4072,1,0.8574,857,0,1000,0,999,1,114,17126113749217,17126149720671,35971,0,0,33626,37109,0,,,,115,0,999,0,0,0,28,0,0
117,scan,116,0,17126213731357,,17126213871567,17126216240521,24.408,1.1021,0.0002,0.4710,1,0.8667,866,0,1000,0,999,1,115,17126163707809,17126200281097,36573,0,0,33626,37092,0,,,,116,0,999,0,0,0,28,0,0
118,scan,117,0,17126264242922,,17126264375918,17126266293590,24.458,1.1020,0.0002,0.5040,1,0.8521,852,0,1000,0,999,1,116,17126213781978,17126251100747,37318,0,0,33626,37099,0,,,,117,0,999,0,0,0,28,0,0
119,scan,118,0,17126313913004,,17126314051840,17126316349566,24.508,1.1019,0.0001,0.5743,1,0.8648,864,0,1000,0,999,1,117,17126264290131,17126300920187,36630,0,0,33626,37071,0,,,,118,0,999,0,0,0,28,0,0
120,scan,119,0,17126364762466,,17126364890918,17126367158373,24.558,1.1019,0.0001,0.6091,1,0.8602,860,0,1000,0,999,1,118,17126313961134,17126350900435,36939,0,0,33626,37071,0,,,,119,0,999,0,0,0,28,0,0
121,scan,120,0,17126414282283,,17126414412426,17126416352474,24.608,1.1018,0.0000,0.6757,1,0.8588,858,0,1000,0,999,1,119,17126364808579,17126402349987,37541,0,0,33626,37079,0,,,,120,0,999,0,0,0,28,0,0
122,scan,121,0,17126464528671,,17126464657359,17126466208419,24.658,1.1018,-0.0000,0.7089,1,0.8621,862,0,1000,0,999,1,120,17126414326637,17126448948864,34622,0,0,33626,37079,0,,,,121,0,999,0,0,0,28,0,0
123,scan,122,0,17126514235555,,17126514373034,17126516399504,24.708,1.1017,-0.0001,0.7773,1,0.8583,858,0,1000,0,999,1,121,17126464574262,17126501180777,36606,0,0,33626,37044,0,,,,122,0,999,0,0,0,28,0,0
124,scan,123,0,17126564204625,,17126564325470,17126566251799,24.758,1.1016,-0.0002,0.8118,1,0.8587,858,0,1000,0,999,1,122,17126514284217,17126551897563,37613,0,0,33626,37058,0,,,,123,0,999,0,0,0,28,0,0
125,scan,124,0,17126614262705,,17126614402928,17126616514357,24.808,1.1016,-0.0003,0.8796,1,0.8548,854,0,1000,0,999,1,123,17126564246288,17126601204379,36958,0,0,33626,37039,0,,,,124,0,999,0,0,0,28,0,0
126,scan,125,0,17126664392188,,17126664524470,17126666259120,24.858,1.1015,-0.0003,0.9132,1,0.8693,869,0,1000,0,999,1,124,17126614311293,17126652081789,37770,0,0,33626,37060,0,,,,125,0,999,0,0,0,28,0,0
127,scan,126,0,17126714518818,,17126714674910,17126716362905,24.908,1.1015,-0.0004,0.9810,1,0.6558,655,0,1000,0,999,1,125,17126664437928,17126701239849,36801,0,0,33626,37034,0,,,,126,0,999,0,0,0,28,0,0
128,scan,127,0,17126764709686,,17126764866550,17126766348687,24.958,1.1014,-0.0005,1.0153,1,0.5944,594,0,947,0,996,1,126,17126714571850,17126752169168,37597,0,0,33626,37059,0,,,,127,0,996,0,0,0,28,0,0
129,scan,128,0,17126814798503,,17126814956193,17126817122899,25.008,1.1014,-0.0006,1.0833,1,0.5717,571,0,811,0,956,1,127,17126764766142,17126802455799,37689,0,0,33626,37067,0,,,,128,0,956,0,0,0,28,0,0
130,scan,129,0,17126864506212,,17126864628537,17126866252850,25.058,1.1014,-0.0006,1.1169,1,0.5549,554,220,744,3,811,1,128,17126814837612,17126852258638,37421,0,0,33626,37066,0,,,,129,3,811,0,0,0,28,0,0
131,scan,130,0,17126914734665,,17126914881204,17126916688036,25.108,1.1014,-0.0007,1.1503,1,0.5333,533,220,677,220,738,1,129,17126864548865,17126902586538,38037,0,0,33626,37084,0,,,,130,220,738,0,0,0,28,0,0
132,scan,131,0,17126964658757,,17126964814933,17126967125848,25.158,1.1014,-0.0006,1.2113,1,0.5350,535,220,555,220,665,1,130,17126914778566,17126951817781,37039,0,0,33626,37104,0,,,,131,220,665,0,0,0,28,0,0
133,scan,132,0,17127014765493,,17127014894779,17127017207547,25.208,1.1018,0.0006,1.2376,1,0.5384,538,220,503,220,539,1,131,17126964711433,17127002148225,37436,0,0,33626,37100,0,,,,132,220,539,0,0,0,28,0,0
134,scan,133,0,17127064683000,,17127064812902,17127066288398,25.258,1.1036,0.0062,1.2941,1,0.5332,533,220,392,220,487,1,132,17127014808374,17127052076566,37268,0,0,33626,37086,0,,,,133,220,487,0,0,0,28,0,0
135,scan,134,0,17127114990970,,17127115134835,17127117226542,25.308,1.1048,0.0107,1.3261,1,0.5299,529,220,330,220,379,1,133,17127064727678,17127102244891,37517,0,0,33626,37087,0,,,,134,220,379,0,0,0,28,0,0
136,scan,135,0,17127164801523,,17127164923920,17127167245151,25.358,1.1074,0.0227,1.3879,1,0.5164,516,220,209,220,316,1,134,17127115050901,17127152456979,37406,0,0,33626,37115,0,,,,135,220,316,0,0,0,28,0,0
137,scan,136,0,17127214830986,,17127214962276,17127217160271,25.408,1.1086,0.0297,1.4100,1,0.5146,514,220,166,220,198,1,135,17127164842544,17127201174169,36331,0,0,33626,37111,0,,,,136,220,198,0,0,0,28,0,0
138,scan,137,0,17127264640401,,17127264764518,17127266305544,25.458,1.1109,0.0445,1.4229,1,0.4926,492,220,142,220,158,1,136,17127214876439,17127251815683,36939,0,0,33626,37089,0,,,,137,220,158,0,0,0,28,0,0
139,scan,138,0,17127314983886,,17127315129619,17127317377722,25.508,1.1120,0.0519,1.4211,1,0.4907,490,220,146,220,135,1,137,17127264681034,17127298492757,33811,0,0,33626,36992,0,,,,138,220,135,0,0,0,28,0,0
140,scan,139,0,17127364880390,,17127365023283,17127367223481,25.558,1.1142,0.0666,1.4304,1,0.4954,495,220,130,220,139,1,138,17127315034832,17127352475188,37440,0,0,33626,37067,0,,,,139,220,139,0,0,0,28,0,0
141,scan,140,0,17127414791342,,17127414923292,17127417157864,25.608,1.1152,0.0740,1.4399,1,0.4745,474,220,111,220,124,1,139,17127364928261,17127403179183,38250,0,0,33626,37079,0,,,,140,220,124,0,0,0,28,0,0
142,scan,141,0,17127464834356,,17127464965510,17127467185682,25.658,1.1170,0.0889,1.4509,1,0.4718,471,220,91,220,105,1,140,17127414837072,17127449298172,34461,0,0,33626,37080,0,,,,141,220,105,0,0,0,28,0,0
143,scan,142,0,17127514788814,,17127514936042,17127517149298,25.708,1.1179,0.0963,1.4522,1,0.4437,443,220,89,220,86,1,141,17127464877719,17127499606632,34728,0,0,33626,37017,0,,,,142,220,86,0,0,0,28,0,0
144,scan,143,0,17127564798337,,17127564934696,17127567228952,25.758,1.1197,0.1111,1.4570,1,0.4416,441,220,80,220,85,1,142,17127514835611,17127549244499,34408,0,0,33626,36940,0,,,,143,220,85,0,0,0,28,0,0
145,scan,144,0,17127614838269,,17127614968495,17127617233904,25.808,1.1205,0.1185,1.4614,1,0.4518,451,220,72,220,77,1,143,17127564844890,17127599137799,34292,0,0,33626,36840,0,,,,144,220,77,0,0,0,28,0,0
146,scan,145,0,17127665181561,,17127665327400,17127667317778,25.858,1.1221,0.1334,1.4684,1,0.4355,435,220,59,220,69,1,144,17127614884472,17127652580820,37696,0,0,33626,36852,0,,,,145,220,69,0,0,0,28,0,0
147,scan,146,0,17127715068467,,17127715209836,17127717357516,25.908,1.1228,0.1409,1.4702,1,0.4332,433,220,56,220,57,1,145,17127665221055,17127699390054,34168,0,0,33626,36768,0,,,,146,220,57,0,0,0,28,0,0
148,scan,147,0,17127765029675,,17127765155570,17127767381042,25.958,1.1236,0.1483,1.4717,1,0.4194,419,220,53,220,54,1,146,17127715116862,17127749255137,34138,0,0,33626,36674,0,,,,147,220,54,0,0,0,28,0,0
149,scan,148,0,17127815266619,,17127815401804,17127817263206,26.008,1.1250,0.1632,1.4758,1,0.4149,414,220,46,220,51,1,147,17127765073973,17127802780617,37706,0,0,33626,36680,0,,,,148,220,51,0,0,0,28,0,0
150,scan,149,0,17127865664073,,17127865804037,17127867285134,26.058,1.1257,0.1706,1.4781,1,0.4022,402,220,41,220,44,1,148,17127815313295,17127853010660,37697,0,0,33626,36688,0,,,,149,220,44,0,0,0,28,0,0
151,scan,150,0,17127915690814,,17127915809645,17127918166662,26.108,1.1271,0.1855,1.4816,1,0.3931,393,220,35,220,41,1,149,17127865718940,17127903102291,37383,0,0,33626,36681,0,,,,150,220,41,0,1,0,28,0,0
152,scan,151,0,17127965800583,,17127965921795,17127968438035,26.158,1.1278,0.1930,1.4827,1,0.3912,391,220,33,220,33,1,150,17127915729423,17127952767160,37037,0,0,33626,36616,0,,,,151,220,33,0,1,0,28,0,0
153,scan,152,0,17128015882347,,17128016056950,17128018300632,26.208,1.1291,0.2079,1.4852,1,0.3669,366,220,29,220,32,1,151,17127965844084,17128004140563,38296,0,0,33626,36708,0,,,,152,220,32,0,1,0,28,0,0
154,scan,153,0,17128066272113,,17128066396164,17128068383611,26.258,1.1297,0.2153,1.4864,1,0.3760,375,220,26,220,28,1,152,17128015928723,17128053190689,37261,0,0,33626,36700,0,,,,153,220,28,0,1,0,28,0,0
155,scan,154,0,17128116117586,,17128116254933,17128119218805,26.308,1.1309,0.2303,1.4885,1,0.3673,367,220,22,220,27,1,153,17128066316195,17128103760526,37444,0,0,33626,36706,0,,,,154,220,27,0,1,0,28,0,0
156,scan,155,0,17128166002209,,17128166123752,17128168208649,26.358,1.1315,0.2377,1.4893,1,0.3693,369,220,21,220,23,1,154,17128116165516,17128153141555,36976,0,0,33626,36731,0,,,,155,220,23,0,1,0,28,0,0
157,scan,156,0,17128215748043,,17128215881581,17128218152702,26.408,1.1328,0.2526,1.4910,1,0.3561,356,220,18,220,22,1,155,17128166045206,17128203880945,37835,0,0,33626,36763,0,,,,156,220,22,0,1,0,28,0,0
158,scan,157,0,17128266107326,,17128266229784,17128268533739,26.458,1.1333,0.2601,1.4918,1,0.3352,335,220,16,220,18,1,156,17128215786503,17128253098273,37311,0,0,33626,36762,0,,,,157,220,18,0,1,0,28,0,0
159,scan,158,0,17128316219734,,17128316337661,17128318282989,26.508,1.1345,0.2750,1.4933,1,0.3508,350,220,14,220,16,1,157,17128266150166,17128303527836,37377,0,0,33626,36781,0,,,,158,220,16,0,1,0,28,0,0
160,scan,159,0,17128366526494,,17128366693687,17128368447883,26.558,1.1351,0.2824,1.4939,1,0.3309,330,220,12,220,16,1,158,17128316260378,17128352969249,36708,0,0,33626,36775,0,,,,159,220,16,0,1,0,28,0,0
161,scan,160,0,17128416339150,,17128416471317,17128418238352,26.608,1.1362,0.2973,1.4950,1,0.3249,324,220,10,220,13,1,159,17128366587786,17128404085524,37497,0,0,33626,36774,0,,,,160,220,13,0,1,0,28,0,0
162,scan,161,0,17128466493438,,17128466635630,17128468328692,26.658,1.1368,0.3048,1.4956,1,0.3321,332,220,9,220,11,1,160,17128416380670,17128450314924,33934,0,0,33626,36757,0,,,,161,220,11,0,1,0,28,0,0
163,scan,162,0,17128516809833,,17128516957353,17128519168153,26.708,1.1379,0.3197,1.4965,1,0.3239,323,220,8,220,10,1,161,17128466537594,17128503991326,37453,0,0,33626,36778,0,,,,162,220,10,0,1,0,28,0,0
164,scan,163,0,17128566558133,,17128566693157,17128568262257,26.758,1.1385,0.3271,1.4969,1,0.3205,320,220,7,220,8,1,162,17128516868733,17128553207219,36338,0,0,33626,36746,0,,,,163,220,8,0,1,0,28,0,0
165,scan,164,0,17128616933925,,17128617097243,17128619160452,26.808,1.1390,0.3346,1.4972,1,0.3145,314,220,7,220,7,1,163,17128566605301,17128601093070,34487,0,0,33626,36685,0,,,,164,220,7,0,1,0,28,0,0
166,scan,165,0,17128666547547,,17128666669958,17128668300061,26.858,1.1401,0.3495,1.4977,1,0.3075,307,220,6,220,8,1,164,17128616997261,17128654196478,37199,0,0,33626,36670,0,,,,165,220,8,0,1,0,28,0,0
167,scan,166,0,17128716601605,,17128716731517,17128718337498,26.908,1.1407,0.3570,1.4980,1,0.2999,299,220,5,220,6,1,165,17128666588115,17128704391708,37803,0,0,33626,36695,0,,,,166,220,6,0,1,0,28,0,0
168,scan,167,0,17128766747142,,17128766929021,17128769136214,26.958,1.1417,0.3719,1.4985,1,0.3051,305,220,4,220,7,1,166,17128716648155,17128754927675,38279,0,0,33626,36712,0,,,,167,220,7,0,1,0,28,0,0
169,scan,168,0,17128816706909,,17128816852927,17128818242017,27.008,1.1423,0.3794,1.4987,1,0.2978,297,220,4,220,7,1,167,17128766846774,17128804433073,37586,0,0,33626,36710,0,,,,168,220,7,0,1,0,28,0,0
170,scan,169,0,17128866694008,,17128866886428,17128868463690,27.058,1.1434,0.3943,1.4991,1,0.2968,296,220,3,220,4,1,168,17128816750674,17128854393402,37642,0,0,33626,36715,0,,,,169,220,4,0,1,0,28,0,0
171,scan,170,0,17128916883758,,17128917027944,17128919150414,27.108,1.1439,0.4017,1.4993,1,0.3239,323,220,3,220,4,1,169,17128866736613,17128904554323,37817,0,0,33626,36710,0,,,,170,220,4,0,1,0,28,0,0
172,scan,171,0,17128966757314,,17128966910088,17128969227653,27.158,1.1450,0.4167,1.4998,1,0.3162,316,220,2,220,5,1,170,17128916927683,17128953147608,36219,0,0,33626,36689,0,,,,171,220,5,0,1,0,28,0,0
173,scan,172,0,17129017115818,,17129017265498,17129019331320,27.208,1.1455,0.4241,1.4998,1,0.3286,328,220,2,220,3,1,171,17128966801536,17129001130045,34328,0,0,33626,36612,0,,,,172,220,3,0,1,0,28,0,0
174,scan,173,0,17129066888555,,17129067010528,17129069146067,27.258,1.1465,0.4391,1.5000,1,0.3236,323,220,1,220,1,1,172,17129017168586,17129054531275,37362,0,0,33626,36614,0,,,,173,220,1,0,1,0,28,0,0
175,scan,174,0,17129117538167,,17129117665367,17129119271912,27.308,1.1471,0.4465,1.5001,1,0.3415,341,220,1,220,4,1,173,17129066929728,17129104222304,37292,0,0,33626,36608,0,,,,174,220,4,0,1,0,28,0,0
176,scan,175,0,17129167471983,,17129167591615,17129169325294,27.358,1.1481,0.4614,1.5003,1,1.0152,1015,220,1,220,2,1,174,17129117581875,17129155493137,37911,0,0,33626,36621,0,,,,175,220,2,0,0,0,28,0,0
177,scan,176,0,17129217619933,,17129217741375,17129219249060,27.408,1.1487,0.4689,1.5004,1,1.0330,1032,220,1,220,2,1,175,17129167510955,17129200995063,33484,0,0,33484,36550,0,,,,176,220,2,0,0,0,28,0,0
178,scan,177,0,17129267180461,,17129267310061,17129269403335,27.458,1.1497,0.4838,1.5006,1,1.0213,1021,220,0,220,4,1,176,17129217660885,17129254304613,36643,0,0,33484,36542,0,,,,177,220,4,0,0,0,28,0,0
179,scan,178,0,17129316746547,,17129316933764,17129319299825,27.508,1.1502,0.4913,1.5007,1,1.0317,1031,220,0,220,2,1,177,17129267229612,17129304193700,36964,0,0,33484,36621,0,,,,178,220,2,0,0,0,28,0,0
180,scan,179,0,17129366993755,,17129367140718,17129369171908,27.558,1.1513,0.5062,1.5009,1,1.0194,1019,220,0,220,0,1,178,17129316852013,17129353202276,36350,0,0,33484,36594,0,,,,179,220,0,0,0,0,28,0,0
181,scan,180,0,17129416991195,,17129417115264,17129419210270,27.608,1.1518,0.5137,1.5010,1,1.0174,1017,220,-1,220,0,1,179,17129367040258,17129404768518,37728,0,0,33484,36581,0,,,,180,220,0,0,0,0,28,0,0
182,scan,181,0,17129467273749,,17129467417741,17129469286536,27.658,1.1523,0.5211,1.5010,1,1.0164,1016,220,-1,220,1,1,180,17129417033427,17129451960726,34927,0,0,33484,36593,0,,,,181,220,1,0,0,0,28,0,0
183,scan,182,0,17129517158165,,17129517278909,17129519227908,27.708,1.1534,0.5360,1.5010,1,1.0161,1016,220,-1,220,0,1,181,17129467323692,17129504865509,37541,0,0,33484,36663,0,,,,182,220,0,0,0,0,28,0,0
184,scan,183,0,17129567495018,,17129567620041,17129569310400,27.758,1.1539,0.5435,1.5009,1,1.0230,1023,220,-1,220,0,1,182,17129517199331,17129554783696,37584,0,0,33484,36742,0,,,,183,220,0,0,0,0,28,0,0
185,scan,184,0,17129617350300,,17129617495981,17129619254082,27.808,1.1549,0.5584,1.5010,1,1.0205,1020,220,-1,220,1,1,183,17129567538983,17129605311612,37772,0,0,33484,36829,0,,,,184,220,1,0,0,0,28,0,0
186,scan,185,0,17129667397894,,17129667527557,17129669269792,27.858,1.1554,0.5659,1.5010,1,1.0032,1003,220,-1,220,1,1,184,17129617398872,17129651960016,34561,0,0,33484,36751,0,,,,185,220,1,0,0,0,28,0,0
187,scan,186,0,17129717905374,,17129718050239,17129720204745,27.908,1.1565,0.5808,1.5010,1,1.0268,1026,220,-1,220,0,1,185,17129667442335,17129704695231,37252,0,0,33484,36828,0,,,,186,220,0,0,0,0,28,0,0
188,scan,187,0,17129767641279,,17129767773549,17129770143874,27.958,1.1570,0.5883,1.5011,1,0.9864,986,220,-1,220,-1,1,186,17129717950325,17129755456377,37506,0,0,33484,36912,0,,,,187,220,-1,0,0,0,28,0,0
189,scan,188,0,17129817816357,,17129817952664,17129820197942,28.008,1.1581,0.6032,1.5011,1,1.0243,1024,220,-1,220,1,1,187,17129767685161,17129804955322,37270,0,0,33484,36901,0,,,,188,220,1,0,0,0,28,0,0
190,scan,189,0,17129867888281,,17129868062260,17129870176861,28.058,1.1586,0.6107,1.5011,1,1.0220,1021,220,-1,220,1,1,188,17129817858480,17129851854313,33995,0,0,33484,36809,0,,,,189,220,1,0,0,0,28,0,0
191,scan,190,0,17129918043542,,17129918183155,17129920271009,28.108,1.1596,0.6256,1.5010,1,1.0079,1007,220,-1,220,2,1,189,17129867932859,17129905194146,37261,0,0,33484,36806,0,,,,190,220,2,0,0,0,28,0,0
192,scan,191,0,17129968220540,,17129968379848,17129970331241,28.158,1.1601,0.6331,1.5011,1,1.0155,1015,220,-1,220,2,1,190,17129918088769,17129955377606,37288,0,0,33484,36812,0,,,,191,220,2,0,0,0,28,0,0
193,scan,192,0,17130018054808,,17130018190508,17130020503942,28.208,1.1612,0.6480,1.5013,1,1.0036,1003,220,-1,220,0,1,191,17129968270003,17130005227687,36957,0,0,33484,36779,0,,,,192,220,0,0,0,0,28,0,0
194,scan,193,0,17130068080127,,17130068246065,17130071169227,28.258,1.1617,0.6554,1.5014,1,1.0073,1007,220,-2,220,0,1,192,17130018100997,17130055533102,37432,0,0,33484,36783,0,,,,193,220,0,0,0,0,28,0,0
195,scan,194,0,17130118093142,,17130118224103,17130120514686,28.308,1.1627,0.6704,1.5014,1,0.9989,998,220,-2,220,2,1,193,17130068125116,17130105278440,37153,0,0,33484,36776,0,,,,194,220,2,0,0,0,28,0,0
196,scan,195,0,17130168071716,,17130168227760,17130170362851,28.358,1.1633,0.6778,1.5013,1,1.0010,1000,220,-2,220,2,1,194,17130118138871,17130155936930,37798,0,0,33484,36796,0,,,,195,220,2,0,0,0,28,0,0
197,scan,196,0,17130218603720,,17130218806667,17130220407048,28.408,1.1643,0.6927,1.5014,1,1.0018,1001,220,-2,220,0,1,195,17130168131725,17130205180357,37048,0,0,33484,36776,0,,,,196,220,0,0,0,0,28,0,0
198,scan,197,0,17130267931659,,17130268118004,17130270200276,28.458,1.1648,0.7002,1.5015,1,1.0015,1001,220,-2,220,0,1,196,17130218669562,17130256331707,37662,0,0,33484,36785,0,,,,197,220,0,0,0,0,28,0,0
199,scan,198,0,17130317845874,,17130317995214,17130320299803,28.508,1.1653,0.7077,1.5016,1,0.9981,998,220,-2,220,0,1,197,17130267985705,17130305123387,37137,0,0,33484,36779,0,,,,198,220,0,0,0,0,28,0,0
200,scan,199,0,17130368274911,,17130368422305,17130370235807,28.558,1.1664,0.7226,1.5016,1,0.9924,992,220,-2,220,-3,1,198,17130317910144,17130355477701,37567,0,0,33484,36801,0,,,,199,220,-3,0,0,0,28,0,0
201,scan,200,0,17130418263066,,17130418409899,17130420328977,28.608,1.1669,0.7301,1.5015,1,1.0040,1003,220,-2,220,-3,1,199,17130368323958,17130404978095,36654,0,0,33484,36780,0,,,,200,220,-3,0,0,0,28,0,0
202,scan,201,0,17130468435566,,17130468563322,17130470335460,28.658,1.1679,0.7450,1.5014,1,1.0032,1003,220,-2,220,-1,1,200,17130418313357,17130452668462,34355,0,0,33484,36790,0,,,,201,220,-1,0,0,0,28,0,0
203,scan,202,0,17130518436004,,17130518566299,17130520567989,28.708,1.1684,0.7524,1.5013,1,1.0113,1011,220,-2,220,1,1,201,17130468479192,17130504918659,36439,0,0,33484,36765,0,,,,202,220,1,0,0,0,28,0,0
204,scan,203,0,17130568418271,,17130568546357,17130570327176,28.758,1.1695,0.7674,1.5011,1,0.9896,989,220,-2,220,-1,1,202,17130518480994,17130555497031,37016,0,0,33484,36782,0,,,,203,220,-1,0,0,0,28,0,0
205,scan,204,0,17130618201698,,17130618331045,17130620520959,28.808,1.1700,0.7748,1.5012,1,0.9980,997,220,-2,220,-1,1,203,17130568460946,17130605206361,36745,0,0,33484,36838,0,,,,204,220,-1,0,0,0,28,0,0
206,scan,205,0,17130668862868,,17130668986267,17130671136518,28.858,1.1710,0.7897,1.5013,1,1.0060,1006,220,-2,220,0,1,204,17130618244823,17130656158659,37913,0,0,33484,36856,0,,,,205,220,0,0,0,0,28,0,0
207,scan,206,0,17130718747875,,17130718877261,17130721155315,28.908,1.1716,0.7972,1.5013,1,0.9979,997,220,-2,220,0,1,205,17130668904063,17130706334726,37430,0,0,33484,36847,0,,,,206,220,0,0,0,0,28,0,0
208,scan,207,0,17130768946213,,17130769064455,17130771117578,28.958,1.1726,0.8121,1.5011,1,0.9961,996,220,-2,220,2,1,206,17130718792173,17130756179988,37387,0,0,33484,36824,0,,,,207,220,2,0,0,0,28,0,0
209,scan,208,0,17130818857315,,17130819003927,17130821157123,29.008,1.1731,0.8196,1.5011,1,0.9867,986,220,-2,220,2,1,207,17130768984706,17130806634271,37649,0,0,33484,36826,0,,,,208,220,2,0,0,0,28,0,0
210,scan,209,0,17130868760350,,17130868882041,17130871090345,29.058,1.1742,0.8345,1.5013,1,0.9969,996,220,-2,220,0,1,208,17130818909841,17130856619119,37709,0,0,33484,36828,0,,,,209,220,0,0,0,0,28,0,0
211,scan,210,0,17130918929170,,17130919143461,17130921217125,29.108,1.1747,0.8420,1.5014,1,0.9944,994,220,-2,220,-1,1,209,17130868798794,17130906394832,37596,0,0,33484,36822,0,,,,210,220,-1,0,0,0,28,0,0
212,scan,211,0,17130968872458,,17130969001105,17130971180663,29.158,1.1757,0.8569,1.5014,1,0.9762,976,220,-3,220,2,1,210,17130919001568,17130956254345,37252,0,0,33484,36848,0,,,,211,220,2,0,0,0,28,0,0
213,scan,212,0,17131019043996,,17131019174865,17131021317323,29.208,1.1762,0.8644,1.5013,1,1.0043,1004,220,-3,220,2,1,211,17130968914052,17131006601759,37687,0,0,33484,36932,0,,,,212,220,2,0,0,0,28,0,0
214,scan,213,0,17131069366317,,17131069565680,17131071335279,29.258,1.1773,0.8793,1.5013,1,0.9826,982,220,-3,220,-1,1,212,17131019089083,17131056505713,37416,0,0,33484,36933,0,,,,213,220,-1,0,0,0,28,0,0
215,scan,214,0,17131119515793,,17131119673541,17131121218595,29.308,1.1778,0.8868,1.5015,1,0.9994,999,220,-3,220,-2,1,213,17131069429091,17131106928898,37499,0,0,33484,36938,0,,,,214,220,-2,0,0,0,28,0,0
216,scan,215,0,17131169415833,,17131169553071,17131171351859,29.358,1.1783,0.8942,1.5016,1,0.9927,992,220,-3,220,1,1,214,17131119582497,17131157003604,37421,0,0,33484,36926,0,,,,215,220,1,0,0,0,28,0,0
217,scan,216,0,17131219704221,,17131219863841,17131222181227,29.408,1.1793,0.9091,1.5015,1,0.9891,989,220,-3,220,-4,1,215,17131169459669,17131206897529,37437,0,0,33484,37025,0,,,,216,220,-4,0,0,0,28,0,0
218,scan,217,0,17131269782951,,17131269937496,17131272423834,29.458,1.1799,0.9166,1.5013,1,0.9823,982,220,-3,220,-3,1,216,17131219758621,17131256955181,37196,0,0,33484,37039,0,,,,217,220,-3,0,0,0,28,0,0
219,scan,218,0,17131319475275,,17131319604814,17131321324048,29.508,1.1809,0.9315,1.5011,1,0.9893,989,220,-3,220,0,1,217,17131269855370,17131307424513,37569,0,0,33484,37054,0,,,,218,220,0,0,0,0,28,0,0
220,scan,219,0,17131369530312,,17131369662774,17131371423129,29.558,1.1814,0.9390,1.5011,1,0.9806,980,220,-3,220,0,1,218,17131319520940,17131357398049,37877,0,0,33484,37092,0,,,,219,220,0,0,0,0,28,0,0
221,scan,220,0,17131420285366,,17131420410507,17131422599546,29.608,1.1825,0.9539,1.5010,1,0.9754,975,220,-3,220,-4,1,219,17131369577047,17131406285555,36708,0,0,33484,37067,0,,,,220,220,-4,0,0,0,28,0,0
222,scan,221,0,17131469944152,,17131470077596,17131472380753,29.658,1.1830,0.9614,1.5010,1,0.9742,974,220,-3,220,-4,1,220,17131420326322,17131453755713,33429,0,0,33429,37029,0,,,,221,220,-4,0,0,0,28,0,0
223,scan,222,0,17131519631300,,17131519780113,17131522278224,29.708,1.1840,0.9763,1.5009,1,0.9931,993,220,-3,220,-1,1,221,17131469990425,17131507696001,37705,0,0,33429,37033,0,,,,222,220,-1,0,0,0,28,0,0
224,scan,223,0,17131569525988,,17131569669226,17131571376735,29.758,1.1845,0.9838,1.5007,1,0.9749,974,220,-3,220,-1,1,222,17131519684751,17131557250255,37565,0,0,33429,37033,0,,,,223,220,-1,0,0,0,28,0,0
225,scan,224,0,17131619403192,,17131619530838,17131621232857,29.808,1.1856,0.9987,1.5004,1,0.9640,963,220,-2,220,3,1,223,17131569574719,17131607182871,37608,0,0,33429,37029,0,,,,224,220,3,0,0,0,28,0,0
226,scan,225,0,17131669920413,,17131670045848,17131672336861,29.858,1.1861,1.0061,1.5004,1,0.9529,952,220,-2,220,4,1,224,17131619445276,17131657114292,37669,0,0,33429,37106,0,,,,225,220,4,0,0,0,28,0,0
227,scan,226,0,17131719677339,,17131719802234,17131721243094,29.908,1.1872,1.0211,1.5007,1,0.9482,948,220,-3,220,-1,1,225,17131669964845,17131707477685,37512,0,0,33429,37113,0,,,,226,220,-1,0,0,0,28,0,0
228,scan,227,0,17131770135809,,17131770287513,17131772284008,29.958,1.1877,1.0285,1.5009,1,0.9347,934,220,-3,220,-3,1,226,17131719720544,17131757031144,37310,0,0,33429,37108,0,,,,227,220,-3,0,0,0,28,0,0
229,scan,228,0,17131819845355,,17131819982069,17131822182091,30.008,1.1887,1.0435,1.5010,1,0.9275,927,220,-4,220,1,1,227,17131770191484,17131807602452,37410,0,0,33429,37112,0,,,,228,220,1,0,0,0,28,0,0
230,scan,229,0,17131870023259,,17131870150216,17131872470754,30.058,1.1893,1.0509,1.5008,2,0.9101,910,0,1000,220,1,1,228,17131819887627,17131856995358,37107,0,0,33429,37189,0,,,,229,220,1,0,0,0,28,0,0
231,scan,230,0,17131919832798,,17131919972639,17131922174770,30.108,1.1903,1.0658,1.5005,2,0.8964,896,0,1000,0,999,1,229,17131870069036,17131907630922,37561,0,0,33429,37197,0,,,,230,0,999,0,0,0,28,0,0
232,scan,231,0,17131970249602,,17131970395480,17131972598770,30.158,1.1908,1.0733,1.5006,2,0.8884,888,0,1000,0,999,1,230,17131919869699,17131956959722,37090,0,0,33429,37192,0,,,,231,0,999,0,0,0,28,0,0
233,scan,232,0,17132020072835,,17132020203161,17132023184452,30.208,1.1913,1.0796,1.5028,2,0.8800,880,0,1000,0,999,1,231,17131970292916,17132007434944,37142,0,0,33429,37196,0,,,,232,0,999,0,0,0,28,0,0
234,scan,233,0,17132069974716,,17132070097771,17132072431735,30.258,1.1918,1.0887,1.5257,2,0.8832,883,0,1000,0,999,1,232,17132020118947,17132057438162,37319,0,0,33429,37194,0,,,,233,0,999,0,0,0,28,0,0
235,scan,234,0,17132120093908,,17132120216839,17132122459868,30.308,1.1919,1.0916,1.5408,2,0.8687,868,0,1000,0,999,1,233,17132070020288,17132107305442,37285,0,0,33429,37197,0,,,,234,0,999,0,0,0,28,0,0
236,scan,235,0,17132170434418,,17132170571457,17132172503821,30.358,1.1920,1.0946,1.5621,2,0.8685,868,0,1000,0,999,1,234,17132120137130,17132157327741,37190,0,0,33429,37182,0,,,,235,0,999,0,0,0,28,0,0
237,scan,236,0,17132220523429,,17132220685180,17132222293636,30.408,1.1920,1.0952,1.5779,2,0.8698,869,0,1000,0,999,1,235,17132170482427,17132208153070,37670,0,0,33429,37197,0,,,,236,0,999,0,0,0,28,0,0
238,scan,237,0,17132270246578,,17132270371057,17132272479656,30.458,1.1920,1.0953,1.6495,2,0.8754,875,0,1000,0,999,1,236,17132220583081,17132257846094,37263,0,0,33429,37187,0,,,,237,0,999,0,0,0,28,0,0
239,scan,238,0,17132320606217,,17132320734728,17132322501619,30.508,1.1920,1.0952,1.6956,2,0.8588,858,0,1000,0,999,1,237,17132270289712,17132306571078,36281,0,0,33429,37166,0,,,,238,0,999,0,0,0,28,0,0
240,scan,239,0,17132370557780,,17132370682487,17132372300280,30.558,1.1920,1.0951,1.7652,2,0.8666,866,0,1000,0,999,1,238,17132320651176,17132357159722,36508,0,0,33429,37139,0,,,,239,0,999,0,0,0,28,0,0
241,scan,240,0,17132421074273,,17132421199286,17132423311185,30.608,1.1921,1.0950,1.7909,2,0.8724,872,0,1000,0,999,1,239,17132370601067,17132408213223,37612,0,0,33429,37163,0,,,,240,0,999,0,0,0,28,0,0
242,scan,241,0,17132470504547,,17132470638790,17132472486143,30.658,1.1921,1.0949,1.8545,2,0.8770,877,0,1000,0,999,1,240,17132421118527,17132455418202,34299,0,0,33429,37162,0,,,,241,0,999,0,0,0,28,0,0
243,scan,242,0,17132520868565,,17132521004759,17132523182234,30.708,1.1921,1.0949,1.8935,2,0.8617,861,0,1000,0,999,1,241,17132470550794,17132507958034,37407,0,0,33429,37186,0,,,,242,0,999,0,0,0,28,0,0
244,scan,243,0,17132570670102,,17132570790760,17132572311457,30.758,1.1922,1.0948,1.9661,2,0.8610,860,0,1000,0,999,1,242,17132520916077,17132558488436,37572,0,0,33429,37200,0,,,,243,0,999,0,0,0,28,0,0
245,scan,244,0,17132620772727,,17132620923014,17132623267028,30.808,1.1922,1.0947,1.9972,2,0.8622,862,0,1000,0,999,1,243,17132570710507,17132607986983,37276,0,0,33429,37213,0,,,,244,0,999,0,0,0,28,0,0
246,scan,245,0,17132670587402,,17132670758841,17132672441655,30.858,1.1922,1.0946,2.0608,2,0.8637,863,0,1000,0,999,1,244,17132620815473,17132657022237,36206,0,0,33429,37171,0,,,,245,0,999,0,0,0,28,0,0
247,scan,246,0,17132721615871,,17132721821535,17132723404694,30.908,1.1923,1.0946,2.0962,2,0.8520,852,0,1000,0,999,1,245,17132670630523,17132708294435,37663,0,0,33429,37177,0,,,,246,0,999,0,0,0,28,0,0
248,scan,247,0,17132771413656,,17132771542385,17132773357123,30.958,1.1923,1.0945,2.1674,2,0.8664,866,0,1000,0,999,1,246,17132721666955,17132759461072,37794,0,0,33429,37187,0,,,,247,0,999,0,0,0,28,0,0
249,scan,248,0,17132821957069,,17132822109777,17132824293918,31.008,1.1924,1.0944,2.2008,2,0.8567,856,0,1000,0,999,1,247,17132771454548,17132808949332,37494,0,0,33429,37183,0,,,,248,0,999,0,0,0,28,0,0
250,scan,249,0,17132871782806,,17132871936836,17132874202432,31.058,1.1924,1.0944,2.2332,2,0.8622,862,0,1000,0,999,1,248,17132822009204,17132859436106,37426,0,0,33429,37176,0,,,,249,0,999,0,0,0,28,0,0
251,scan,250,0,17132921281236,,17132921423092,17132923372478,31.108,1.1925,1.0943,2.3001,2,0.8585,858,0,1000,0,999,1,249,17132871831958,17132909424012,37592,0,0,33429,37176,0,,,,250,0,999,0,0,0,28,0,0
252,scan,251,0,17132971295606,,17132971453575,17132973350956,31.158,1.1925,1.0943,2.3350,2,0.8636,863,0,1000,0,999,1,250,17132921331536,17132958830106,37498,0,0,33429,37182,0,,,,251,0,999,0,0,0,28,0,0
253,scan,252,0,17133021417853,,17133021545649,17133023325634,31.208,1.1926,1.0942,2.4038,2,0.8544,854,0,1000,0,999,1,251,17132971355059,17133008326532,36971,0,0,33429,37164,0,,,,252,0,999,0,0,0,28,0,0
254,scan,253,0,17133071450187,,17133071574078,17133073243366,31.258,1.1927,1.0942,2.4373,2,0.8796,879,0,1000,0,999,1,252,17133021460586,17133058591506,37130,0,0,33429,37157,0,,,,253,0,999,0,0,0,28,0,0
255,scan,254,0,17133121174639,,17133121310342,17133123313664,31.308,1.1928,1.0941,2.5044,2,0.8652,865,0,1000,0,999,1,253,17133071491075,17133108793756,37302,0,0,33429,37152,0,,,,254,0,999,0,0,0,28,0,0
256,scan,255,0,17133171525634,,17133171669257,17133173258558,31.358,1.1928,1.0941,2.5386,2,0.8735,873,0,1000,0,999,1,254,17133121219661,17133155606716,34387,0,0,33429,37076,0,,,,255,0,999,0,0,0,28,0,0
257,scan,256,0,17133221599872,,17133221846741,17133223248356,31.408,1.1929,1.0940,2.6071,2,0.8856,885,0,980,0,999,1,255,17133171577189,17133208943030,37365,0,0,33429,37074,0,,,,256,0,999,0,0,0,28,0,0
258,scan,257,0,17133271956205,,17133272192897,17133274228634,31.458,1.1930,1.0940,2.6410,2,0.9092,909,0,913,0,987,1,256,17133221651765,17133256276553,34624,0,0,33429,37010,0,,,,257,0,987,0,0,0,28,0,0
259,scan,258,0,17133321648749,,17133321771976,17133323437489,31.508,1.1931,1.0939,2.7083,2,0.9014,901,220,778,0,918,1,257,17133272071534,17133309153773,37082,0,0,33429,36998,0,,,,258,0,918,0,0,0,28,0,0
260,scan,259,0,17133371954942,,17133372157028,17133374274493,31.558,1.1931,1.0939,2.7418,2,0.9116,911,220,711,217,776,1,258,17133321688607,17133358224019,36535,0,0,33429,36964,0,,,,259,217,776,0,0,0,28,0,0
261,scan,260,0,17133421761843,,17133421897933,17133424313119,31.608,1.1920,1.0943,2.8065,2,0.9352,935,220,582,220,702,1,259,17133372064202,17133409137924,37073,0,0,33429,36973,0,,,,260,220,702,0,0,0,28,0,0
262,scan,261,0,17133472080316,,17133472220344,17133474203524,31.658,1.1897,1.0951,2.8386,2,0.9566,956,220,518,220,563,1,260,17133421806561,17133456676434,34869,0,0,33429,37009,0,,,,261,220,563,0,0,0,28,0,0
263,scan,262,0,17133522198659,,17133522346143,17133524382970,31.708,1.1818,1.0973,2.9065,2,0.9962,996,220,384,220,500,1,261,17133472128016,17133508643121,36515,0,0,33429,36980,0,,,,262,220,500,0,0,0,28,0,0
264,scan,263,0,17133572036715,,17133572161942,17133574356429,31.758,1.1760,1.0986,2.9411,2,0.5845,584,220,316,220,370,1,262,17133522248121,17133559591791,37343,0,0,33429,36974,0,,,,263,220,370,0,0,0,28,0,0
265,scan,264,0,17133622054174,,17133622181229,17133624446822,31.808,1.1627,1.1009,2.9995,2,0.5430,543,220,200,220,304,1,263,17133572079448,17133609319201,37239,0,0,33429,36965,0,,,,264,220,304,0,0,0,28,0,0
266,scan,265,0,17133671954803,,17133672141738,17133674328246,31.858,1.1553,1.1019,3.0133,2,0.5331,533,220,173,220,193,1,264,17133622095105,17133659366320,37271,0,0,33429,36955,0,,,,265,220,193,0,0,0,28,0,0
267,scan,266,0,17133721835127,,17133721971785,17133724221577,31.908,1.1479,1.1028,3.0162,2,0.5645,564,220,168,220,167,1,265,17133671998754,17133708219478,36220,0,0,33429,36923,0,,,,266,220,167,0,0,0,28,0,0
268,scan,267,0,17133771905672,,17133772088999,17133774179433,31.958,1.1331,1.1047,3.0183,2,0.5659,565,220,165,220,162,1,266,17133721880389,17133758374317,36493,0,0,33429,36902,0,,,,267,220,162,0,0,0,28,0,0
269,scan,268,0,17133822064529,,17133822209368,17133824492318,32.008,1.1257,1.1056,3.0261,2,0.5540,553,220,150,220,159,1,267,17133771950963,17133809240064,37289,0,0,33429,36899,0,,,,268,220,159,0,0,0,28,0,0
270,scan,269,0,17133872324976,,17133872449321,17133874489192,32.058,1.1108,1.1071,3.0449,2,0.5416,541,220,113,220,144,1,268,17133822109626,17133859418007,37308,0,0,33429,36904,0,,,,269,220,144,0,0,0,28,0,0
271,scan,270,0,17133922103932,,17133922241803,17133924491755,32.108,1.1034,1.1078,3.0496,2,0.5648,564,220,104,220,108,1,269,17133872367439,17133906889077,34521,0,0,33429,36828,0,,,,270,220,108,0,0,0,28,0,0
272,scan,271,0,17133972097834,,17133972260162,17133975247351,32.158,1.0885,1.1092,3.0541,2,0.5740,573,220,96,220,99,1,270,17133922152322,17133956646393,34494,0,0,33429,36763,0,,,,271,220,99,0,0,0,28,0,0
273,scan,272,0,17134022057055,,17134022193338,17134024469300,32.208,1.0811,1.1098,3.0575,2,0.9948,994,220,89,220,92,1,271,17133972156986,17134008947592,36790,0,0,33429,36754,0,,,,272,220,92,0,0,0,28,0,0
274,scan,273,0,17134071931716,,17134072106901,17134074206222,32.258,1.0662,1.1110,3.0663,2,0.9727,972,220,72,220,87,1,272,17134022102596,17134059142430,37039,0,0,33429,36747,0,,,,273,220,87,0,0,0,28,0,0
275,scan,274,0,17134122191788,,17134122324935,17134124251412,32.308,1.0587,1.1116,3.0698,2,0.9718,971,220,65,220,70,1,273,17134071970455,17134109202234,37231,0,0,33429,36746,0,,,,274,220,70,0,0,0,28,0,0
276,scan,275,0,17134172414966,,17134172554683,17134174267015,32.358,1.0438,1.1126,3.0741,2,0.9670,966,220,57,220,63,1,274,17134122236881,17134160076932,37840,0,0,33429,36762,0,,,,275,220,63,0,0,0,28,0,0
277,scan,276,0,17134222565640,,17134222687020,17134224367129,32.408,1.0363,1.1131,3.0761,2,0.9468,946,220,53,220,56,1,275,17134172471276,17134212698340,40227,0,0,33429,36826,0,,,,276,220,56,0,0,0,28,0,0
278,scan,277,0,17134272572203,,17134272715391,17134274299426,32.458,1.0214,1.1141,3.0807,2,0.9429,942,220,44,220,52,1,276,17134222607681,17134260250991,37643,0,0,33429,36836,0,,,,277,220,52,0,0,0,28,0,0
279,scan,278,0,17134322579704,,17134322722969,17134324241391,32.508,1.0139,1.1145,3.0828,2,0.9318,931,220,40,220,43,1,277,17134272619052,17134309195740,36576,0,0,33429,36843,0,,,,278,220,43,0,0,0,28,0,0
280,scan,279,0,17134372736224,,17134372861319,17134374211580,32.558,0.9990,1.1154,3.0860,2,0.9204,920,220,34,220,39,1,278,17134322623575,17134360124528,37500,0,0,33429,36868,0,,,,279,220,39,0,0,0,28,0,0
281,scan,280,0,17134422799671,,17134422926369,17134425282488,32.608,0.9915,1.1158,3.0872,2,0.9115,911,220,32,220,33,1,279,17134372779780,17134409267662,36487,0,0,33429,36840,0,,,,280,220,33,0,0,0,28,0,0
282,scan,281,0,17134472905242,,17134473063020,17134475269438,32.658,0.9766,1.1166,3.0897,2,0.9050,904,220,27,220,32,1,280,17134422842200,17134457378079,34535,0,0,33429,36846,0,,,,281,220,32,0,0,0,28,0,0
283,scan,282,0,17134522882421,,17134523015120,17134525476214,32.708,0.9691,1.1170,3.0908,2,0.8952,895,220,25,220,26,1,281,17134472944468,17134510735814,37791,0,0,33429,36855,0,,,,282,220,26,0,0,0,28,0,0
284,scan,283,0,17134573165026,,17134573344275,17134575255435,32.758,0.9616,1.1173,3.0919,2,0.8681,868,220,23,220,24,1,282,17134522935552,17134560460208,37524,0,0,33429,36854,0,,,,283,220,24,0,0,0,28,0,0
285,scan,284,0,17134622962233,,17134623087152,17134625189566,32.808,0.9467,1.1181,3.0937,2,0.8779,877,220,19,220,22,1,283,17134573228771,17134610569834,37341,0,0,33429,36856,0,,,,284,220,22,0,0,0,28,0,0
286,scan,285,0,17134672803199,,17134672917809,17134674238872,32.858,0.9392,1.1184,3.0945,2,0.8617,861,220,18,220,19,1,284,17134623005558,17134660403079,37397,0,0,33429,36885,0,,,,285,220,19,0,0,0,28,0,0
287,scan,286,0,17134722927046,,17134723056537,17134725192922,32.908,0.9243,1.1191,3.0960,2,0.8475,847,220,15,220,18,1,285,17134672847693,17134710277915,37430,0,0,33429,36880,0,,,,286,220,18,0,0,0,28,0,0
288,scan,287,0,17134772856238,,17134772979987,17134775560409,32.958,0.9168,1.1195,3.0967,2,0.8473,847,220,14,220,15,1,286,17134722970435,17134760212847,37242,0,0,33429,36866,0,,,,287,220,15,0,0,0,28,0,0
289,scan,288,0,17134823012761,,17134823183798,17134825194127,33.008,0.9019,1.1201,3.0980,2,0.8351,835,220,11,220,13,1,287,17134772899504,17134810341972,37442,0,0,33429,36865,0,,,,288,220,13,0,0,0,28,0,0
290,scan,289,0,17134873168992,,17134873301202,17134875244184,33.058,0.8944,1.1204,3.0985,2,0.8280,828,220,10,220,11,1,288,17134823065173,17134860677811,37612,0,0,33429,36869,0,,,,289,220,11,0,0,0,28,0,0
291,scan,290,0,17134923067240,,17134923205641,17134925245121,33.108,0.8795,1.1211,3.0993,2,0.8022,802,220,9,220,11,1,289,17134873214699,17134910361341,37146,0,0,33429,36858,0,,,,290,220,11,0,0,0,28,0,0
292,scan,291,0,17134972866628,,17134972993782,17134975176205,33.158,0.8720,1.1214,3.0996,2,0.7889,788,220,8,220,9,1,290,17134923115654,17134959734592,36618,0,0,33429,36836,0,,,,291,220,9,0,0,0,28,0,0
293,scan,292,0,17135022654020,,17135022772973,17135024373354,33.208,0.8571,1.1220,3.1003,2,0.7966,796,220,7,220,7,1,291,17134972911210,17135010462115,37550,0,0,33429,36851,0,,,,292,220,7,0,0,0,28,0,0
294,scan,293,0,17135073412201,,17135073540778,17135075214618,33.258,0.8496,1.1223,3.1007,2,0.7888,788,220,6,220,8,1,292,17135022692131,17135057197474,34505,0,0,33429,36785,0,,,,293,220,8,0,0,0,28,0,0
295,scan,294,0,17135122840081,,17135123007368,17135125165064,33.308,0.8347,1.1229,3.1012,2,0.7648,764,220,5,220,6,1,293,17135073456729,17135111607346,38150,0,0,33429,36806,0,,,,294,220,6,0,0,0,28,0,0
296,scan,295,0,17135173086130,,17135173220179,17135175280618,33.358,0.8272,1.1232,3.1014,2,0.7624,762,220,5,220,6,1,294,17135122889196,17135161256083,38366,0,0,33429,36906,0,,,,295,220,6,0,0,0,28,0,0
297,scan,296,0,17135223309020,,17135223431977,17135225227967,33.408,0.8122,1.1238,3.1019,2,0.7477,747,220,4,220,6,1,295,17135173132932,17135210715579,37582,0,0,33429,36911,0,,,,296,220,6,0,0,0,28,0,0
298,scan,297,0,17135273354148,,17135273476822,17135275239831,33.458,0.8048,1.1241,3.1021,2,0.7315,731,220,3,220,4,1,296,17135223350228,17135260647099,37296,0,0,33429,36978,0,,,,297,220,4,0,0,0,28,0,0
299,scan,298,0,17135323514591,,17135323634315,17135325250928,33.508,0.7898,1.1247,3.1024,2,0.7324,732,220,3,220,4,1,297,17135273395645,17135310522119,37126,0,0,33429,36979,0,,,,298,220,4,0,0,0,28,0,0
300,scan,299,0,17135373507990,,17135373642388,17135375396963,33.558,0.7823,1.1250,3.1026,2,0.7264,726,220,2,220,4,1,298,17135323551969,17135356675289,33123,0,0,33123,36894,0,,,,299,220,4,0,0,0,28,0,0
301,scan,300,0,17135423902630,,17135424108641,17135426234954,33.608,0.7749,1.1253,3.1027,2,0.7161,716,220,2,220,2,1,299,17135373553730,17135409059510,35505,0,0,33123,36854,0,,,,300,220,2,0,0,0,28,0,0
302,scan,301,0,17135473757541,,17135473896135,17135475181163,33.658,0.7599,1.1259,3.1029,2,0.6958,695,220,2,220,2,1,300,17135423961001,17135457845068,33884,0,0,33123,36830,0,,,,301,220,2,0,0,0,28,0,0
303,scan,302,0,17135524132720,,17135524271017,17135526274535,33.708,0.7524,1.1262,3.1030,2,0.6891,689,220,2,220,2,1,301,17135473805654,17135510995943,37190,0,0,33123,36847,0,,,,302,220,2,0,0,0,28,0,0
304,scan,303,0,17135573906327,,17135574055248,17135576226640,33.758,0.7375,1.1267,3.1032,2,0.6823,682,220,1,220,2,1,302,17135524184875,17135560146703,35961,0,0,33123,36812,0,,,,303,220,2,0,0,0,28,0,0
305,scan,304,0,17135624284645,,17135624434324,17135626431924,33.808,0.7300,1.1270,3.1032,2,0.6650,664,220,1,220,2,1,303,17135573967308,17135611047626,37080,0,0,33123,36808,0,,,,304,220,2,0,0,0,28,0,0
306,scan,305,0,17135674156266,,17135674281526,17135676389113,33.858,0.7151,1.1276,3.1033,2,0.6611,661,220,1,220,2,1,304,17135624334512,17135661273377,36938,0,0,33123,36800,0,,,,305,220,2,0,0,0,28,0,0
307,scan,306,0,17135723844839,,17135723984614,17135726160268,33.908,0.7076,1.1279,3.1034,2,0.6533,653,220,1,220,2,1,305,17135674198005,17135712133884,37935,0,0,33123,36843,0,,,,306,220,2,0,0,0,28,0,0
308,scan,307,0,17135774151386,,17135774289333,17135776306520,33.958,0.6927,1.1284,3.1036,2,0.6245,624,220,0,220,2,1,306,17135723891186,17135761223915,37332,0,0,33123,36864,0,,,,307,220,2,0,0,0,28,0,0
309,scan,308,0,17135824088522,,17135824220055,17135826321579,34.008,0.6852,1.1287,3.1036,2,0.6309,630,220,0,220,0,1,307,17135774191914,17135811918379,37726,0,0,33123,36875,0,,,,308,220,0,0,0,0,28,0,0
310,scan,309,0,17135873873131,,17135873998963,17135877187819,34.058,0.6702,1.1293,3.1037,2,0.6271,627,220,0,220,0,1,308,17135824134284,17135861194709,37060,0,0,33123,36868,0,,,,309,220,0,0,0,0,28,0,0
311,scan,310,0,17135924111724,,17135924275382,17135926275089,34.108,0.6628,1.1296,3.1038,2,0.5997,599,220,0,220,0,1,309,17135873914694,17135911691192,37776,0,0,33123,36950,0,,,,310,220,0,0,0,0,28,0,0
312,scan,311,0,17135974033697,,17135974164151,17135976426787,34.158,0.6478,1.1301,3.1037,2,0.6004,600,220,0,220,1,1,310,17135924172276,17135961153231,36980,0,0,33123,37012,0,,,,311,220,1,0,0,0,28,0,0
313,scan,312,0,17136024222487,,17136024384857,17136026247051,34.208,0.6403,1.1304,3.1037,2,0.5897,589,220,0,220,0,1,311,17135974076685,17136011352075,37275,0,0,33123,37024,0,,,,312,220,0,0,0,0,28,0,0
314,scan,313,0,17136074059109,,17136074239964,17136076387517,34.258,0.6254,1.1310,3.1037,2,0.5744,574,220,0,220,0,1,312,17136024277362,17136061077404,36800,0,0,33123,37018,0,,,,313,220,0,0,0,0,28,0,0
315,scan,314,0,17136124199866,,17136124337753,17136126319136,34.308,0.6179,1.1313,3.1038,2,0.5739,573,220,0,220,0,1,313,17136074111084,17136111483104,37372,0,0,33123,37022,0,,,,314,220,0,0,0,0,28,0,0
316,scan,315,0,17136174636109,,17136174774148,17136176345535,34.358,0.6029,1.1318,3.1037,2,0.5625,562,220,0,220,0,1,314,17136124247701,17136161116060,36868,0,0,33123,36997,0,,,,315,220,0,0,0,0,28,0,0
317,scan,316,0,17136224695979,,17136224828375,17136226239472,34.408,0.5955,1.1321,3.1037,2,0.5529,552,220,0,220,0,1,315,17136174691638,17136212356338,37664,0,0,33123,36933,0,,,,316,220,0,0,0,0,28,0,0
318,scan,317,0,17136274473817,,17136274598743,17136276670237,34.458,0.5880,1.1324,3.1037,2,0.5420,541,220,0,220,0,1,316,17136224740814,17136262349723,37608,0,0,33123,36932,0,,,,317,220,0,0,0,0,28,0,0
319,scan,318,0,17136324696942,,17136324834462,17136326304057,34.508,0.5731,1.1330,3.1037,2,0.5298,529,220,0,220,0,1,317,17136274519344,17136312145057,37625,0,0,33123,36959,0,,,,318,220,0,0,0,0,28,0,0
320,scan,319,0,17136374533171,,17136374666596,17136376407352,34.558,0.5656,1.1333,3.1038,2,0.5243,524,220,0,220,0,1,318,17136324745033,17136361364718,36619,0,0,33123,36937,0,,,,319,220,0,0,0,0,28,0,0
321,scan,320,0,17136424387779,,17136424510876,17136426231888,34.608,0.5506,1.1338,3.1037,2,0.5150,515,220,0,220,0,1,319,17136374579635,17136412475577,37895,0,0,33123,36972,0,,,,320,220,0,0,0,0,28,0,0
322,scan,321,0,17136474523746,,17136474655978,17136476418759,34.658,0.5432,1.1341,3.1037,2,0.5003,500,220,0,220,0,1,320,17136424429617,17136459509134,35079,0,0,33123,36985,0,,,,321,220,0,0,0,0,28,0,0
323,scan,322,0,17136524849880,,17136524987545,17136527241914,34.708,0.5282,1.1347,3.1037,2,0.5018,501,220,0,220,0,1,321,17136474570289,17136508951042,34380,0,0,33123,36900,0,,,,322,220,0,0,0,0,28,0,0
324,scan,323,0,17136575548966,,17136575698789,17136577281342,34.758,0.5207,1.1350,3.1037,2,0.4860,486,220,0,220,0,1,322,17136524896136,17136559272043,34375,0,0,33123,36821,0,,,,323,220,0,0,0,0,28,0,0
325,scan,324,0,17136624841282,,17136624976143,17136627189038,34.808,0.5058,1.1355,3.1037,2,0.4729,472,220,0,220,0,1,323,17136575602138,17136609859958,34257,0,0,33123,36744,0,,,,324,220,0,0,0,0,28,0,0
326,scan,325,0,17136675099050,,17136675226830,17136677270655,34.858,0.4983,1.1358,3.1037,2,0.4693,469,220,0,220,1,1,324,17136624885804,17136662230160,37344,0,0,33123,36743,0,,,,325,220,1,0,0,0,28,0,0
327,scan,326,0,17136725204164,,17136725329319,17136727258125,34.908,0.4834,1.1364,3.1037,2,0.4569,456,220,0,220,0,1,325,17136675143341,17136714216226,39072,0,0,33123,36784,0,,,,326,220,0,0,0,0,28,0,0
328,scan,327,0,17136774836609,,17136774958613,17136777157052,34.958,0.4759,1.1367,3.1038,2,0.4439,443,220,0,220,0,1,326,17136725245751,17136763511472,38265,0,0,33123,36810,0,,,,327,220,0,0,0,0,28,0,0
329,scan,328,0,17136824950162,,17136825081088,17136827172019,35.008,0.4609,1.1372,3.1039,2,0.4431,443,220,0,220,0,1,327,17136774879068,17136812164901,37285,0,0,33123,36806,0,,,,328,220,0,0,0,0,28,0,0
330,scan,329,0,17136874788149,,17136874918981,17136876421114,35.058,0.4535,1.1375,3.1038,2,0.4323,432,220,0,220,0,1,328,17136824996406,17136861053133,36056,0,0,33123,36767,0,,,,329,220,0,0,0,0,28,0,0
331,scan,330,0,17136924859384,,17136924979196,17136927111671,35.108,0.4385,1.1381,3.1038,2,0.4206,420,220,0,220,-1,1,329,17136874834581,17136912207564,37372,0,0,33123,36772,0,,,,330,220,-1,0,0,0,28,0,0
332,scan,331,0,17136974840755,,17136974996067,17136977195663,35.158,0.4310,1.1383,3.1038,2,0.4090,408,220,0,220,0,1,330,17136924899358,17136959076582,34177,0,0,33123,36711,0,,,,331,220,0,0,0,0,28,0,0
333,scan,332,0,17137024785160,,17137024913314,17137027147891,35.208,0.4161,1.1389,3.1038,2,0.4052,405,220,0,220,0,1,331,17136974887692,17137012198399,37310,0,0,33123,36705,0,,,,332,220,0,0,0,0,28,0,0
334,scan,333,0,17137075123930,,17137075262524,17137077415723,35.258,0.4086,1.1392,3.1038,2,0.4051,405,220,0,220,0,1,332,17137024825571,17137062451009,37625,0,0,33123,36783,0,,,,333,220,0,0,0,0,28,0,0
335,scan,334,0,17137125222285,,17137125350447,17137127299104,35.308,0.4011,1.1395,3.1038,2,0.3851,385,220,0,220,0,1,333,17137075173615,17137112850446,37676,0,0,33123,36771,0,,,,334,220,0,0,1,0,28,0,0
336,scan,335,0,17137175246590,,17137175375545,17137177284231,35.358,0.3862,1.1400,3.1038,2,0.3814,381,220,0,220,0,1,334,17137125266804,17137163268841,38002,0,0,33123,36762,0,,,,335,220,0,0,1,0,28,0,0
337,scan,336,0,17137225168560,,17137225305565,17137227269848,35.408,0.3787,1.1403,3.1038,2,0.3797,379,220,0,220,0,1,335,17137175289698,17137212799691,37509,0,0,33123,36761,0,,,,336,220,0,0,1,0,28,0,0
338,scan,337,0,17137275948206,,17137276110501,17137278219686,35.458,0.3638,1.1409,3.1038,2,0.3683,368,220,0,220,0,1,336,17137225212471,17137262333341,37120,0,0,33123,36756,0,,,,337,220,0,0,1,0,28,0,0
339,scan,338,0,17137325645875,,17137325768567,17137327400548,35.508,0.3563,1.1412,3.1038,2,0.3635,363,220,0,220,0,1,337,17137275992699,17137313176126,37183,0,0,33123,36758,0,,,,338,220,0,0,1,0,28,0,0
340,scan,339,0,17137375495464,,17137375620278,17137377258063,35.558,0.3413,1.1417,3.1038,2,0.3536,353,220,0,220,0,1,338,17137325689060,17137362926179,37237,0,0,33123,36860,0,,,,339,220,0,0,1,0,28,0,0
341,scan,340,0,17137425738522,,17137425880778,17137428242886,35.608,0.3339,1.1420,3.1038,2,0.3423,342,220,0,220,0,1,339,17137375538400,17137412905665,37367,0,0,33123,36907,0,,,,340,220,0,0,1,0,28,0,0
342,scan,341,0,17137475927183,,17137476102737,17137478180004,35.658,0.3189,1.1426,3.1038,2,0.3388,338,220,0,220,0,1,340,17137425788276,17137460433896,34645,0,0,33123,36926,0,,,,341,220,0,0,1,0,28,0,0
343,scan,342,0,17137525736041,,17137525900094,17137528267223,35.708,0.3114,1.1429,3.1038,2,0.3388,338,220,0,220,1,1,341,17137475977333,17137510605605,34628,0,0,33123,36862,0,,,,342,220,1,0,1,0,28,0,0
344,scan,343,0,17137575726278,,17137575867987,17137578137462,35.758,0.2965,1.1434,3.1038,2,0.3334,333,220,0,220,0,1,342,17137525782943,17137564238033,38455,0,0,33123,36924,0,,,,343,220,0,0,1,0,28,0,0
345,scan,344,0,17137625887818,,17137626037042,17137628428692,35.808,0.2890,1.1437,3.1038,2,0.3183,318,220,0,220,0,1,342,,,,1,1,33123,36920,0,,,,344,220,0,0,1,0,28,0,0
346,scan,345,0,17137676108882,,17137676226780,17137678284590,35.858,0.2741,1.1443,3.1039,2,0.3047,304,220,0,220,0,1,343,17137575771590,17137633323836,57552,0,1,33123,37449,0,,,,345,220,0,0,1,0,28,0,0
347,scan,346,0,17137726082438,,17137726219889,17137728294908,35.908,0.2666,1.1446,3.1039,2,0.3178,317,220,0,220,0,1,343,,,,1,1,33123,37436,0,,,,346,220,0,0,1,0,28,0,0
348,scan,347,0,17137775621712,,17137775751327,17137777381211,35.958,0.2516,1.1451,3.1038,2,0.3128,312,220,0,220,0,1,343,,,,1,1,33123,37439,0,,,,347,220,0,0,1,0,28,0,0
349,scan,348,0,17137825749306,,17137825881417,17137827237113,36.008,0.2442,1.1454,3.1038,2,0.3152,315,220,0,220,1,1,346,17137726129525,17137800408592,74279,0,1,33123,38427,0,,,,348,220,1,0,1,0,28,0,0
350,scan,349,0,17137875891767,,17137876105147,17137879178398,36.058,0.2292,1.1460,3.1039,2,0.3110,310,220,0,220,0,1,347,17137775664455,17137858169413,82504,0,1,33123,39655,0,,,,349,220,0,0,1,0,28,0,0
351,scan,350,0,17137925651127,,17137925780917,17137927292507,36.108,0.2217,1.1463,3.1039,2,0.2978,297,220,0,220,0,1,348,17137825794313,17137922511219,96716,0,1,33123,41248,0,,,,350,220,0,0,1,0,28,0,0
352,scan,351,0,17137975845582,,17137975991611,17137978164771,36.158,0.2143,1.1465,3.1039,2,0.2965,296,220,0,220,0,1,348,,,,1,1,33123,41367,0,,,,351,220,0,0,1,0,28,0,0
353,scan,352,0,17138025825584,,17138025950762,17138028200620,36.208,0.1993,1.1471,3.1039,2,0.3062,306,220,0,220,0,1,350,17137925701981,17138022175648,96473,0,1,33123,43011,0,,,,352,220,0,0,1,0,28,0,0
354,scan,353,0,17138076587766,,17138076714973,17138078557403,36.258,0.1918,1.1474,3.1039,2,0.3060,306,220,0,220,1,1,351,17137975907417,17138070106815,94199,0,1,33123,44605,0,,,,353,220,1,0,1,0,28,0,0
355,scan,354,0,17138126539982,,17138126672413,17138128626696,36.308,0.1769,1.1479,3.1039,2,0.3082,308,220,0,220,1,1,351,,,,1,1,33123,44812,0,,,,354,220,1,0,1,0,28,0,0
356,scan,355,0,17138176420035,,17138176569883,17138178302391,36.358,0.1694,1.1482,3.1040,2,0.3107,310,220,0,220,0,1,352,17138025869416,17138131801927,105932,0,1,33123,46785,0,,,,355,220,0,0,1,0,28,0,0
357,scan,356,0,17138226017084,,17138226166266,17138228362587,36.408,0.1545,1.1488,3.1041,2,0.3299,329,220,-1,220,0,1,353,17138076634398,17138184602222,107967,0,1,33123,48794,0,,,,356,220,0,0,1,0,28,0,0
358,scan,357,0,17138276184200,,17138276309306,17138278217149,36.458,0.1470,1.1491,3.1041,2,0.3314,331,220,-1,220,0,1,354,17138126586661,17138242048614,115461,0,1,33123,51018,0,,,,357,220,0,0,1,0,28,0,0
359,scan,358,1,17138326411074,,17138326545085,17138328465373,36.508,0.1321,1.1496,3.1040,2,0.3623,362,220,0,220,0,1,355,17138176472764,17138297412965,120940,0,1,33123,53399,1,17138326516078,,,358,178,0,1,1,33,29,0,0
360,scan,359,1,17138376589432,,17138376712069,17138378295535,36.558,0.1246,1.1499,3.1040,2,1.0450,1045,220,0,220,1,1,356,17138226075821,17138357647729,131571,0,1,33123,56112,1,,,,359,220,0,1,0,0,29,0,0
361,scan,360,1,17138426829279,,17138427088835,17138429172035,36.608,0.1112,1.1504,3.1153,2,1.0286,1028,220,-23,220,0,1,357,17138276227725,17138412249505,136021,0,1,33123,58915,1,,,,360,220,-23,1,0,0,29,0,0
362,scan,361,1,17138477063484,,17138477204852,17138479373703,36.658,0.1037,1.1505,3.1265,2,1.0181,1018,220,-46,220,0,1,357,,,,1,1,33123,59616,1,,,,361,220,-46,1,0,0,29,0,0
363,scan,362,1,17138526834453,,17138527004484,17138529202849,36.708,0.0888,1.1507,3.1268,2,1.0122,1012,220,-47,220,1,1,358,17138326454246,17138503270363,176816,0,1,33123,63806,1,,,,362,220,-47,1,0,0,29,0,0
364,scan,363,1,17138576696474,,17138576848255,17138579099885,36.758,0.0813,1.1508,3.1174,2,1.0049,1004,220,-28,220,1,1,358,,,,1,1,33123,64697,1,,,,363,220,-28,1,0,0,29,0,0
365,scan,364,1,17138627122864,,17138627255427,17138629245976,36.808,0.0663,1.1513,3.1093,2,0.9961,996,220,-12,220,1,1,358,,,,1,1,33123,65649,1,,,,364,220,-12,1,0,0,29,0,0
366,scan,365,1,17138676883489,,17138677061528,17138679177108,36.858,0.0589,1.1515,3.1130,2,0.9974,997,220,-20,220,1,1,358,,,,1,1,33123,66562,1,,,,365,220,-20,1,0,0,29,0,0
367,scan,366,1,17138726981907,,17138727105320,17138729164927,36.908,0.0439,1.1519,3.1174,2,0.9792,979,220,-29,220,-43,1,362,17138526889992,17138699397647,172507,0,1,33123,70866,1,,,,366,220,-29,1,0,0,29,0,0
368,scan,367,1,17138776621361,,17138776761828,17138779114967,36.958,0.0364,1.1521,3.1146,2,0.9681,968,220,-23,220,-43,1,362,,,,1,1,33123,71953,1,,,,367,220,-23,1,0,0,29,0,0
369,scan,368,1,17138826720314,,17138826848490,17138829227023,37.008,0.0289,1.1523,3.1107,2,0.9600,960,220,-16,220,-11,1,364,17138627164520,17138815139730,187975,0,1,33123,76976,1,,,,368,220,-16,1,0,0,29,0,0
370,scan,369,1,17138876553607,,17138876677317,17138879102256,37.058,0.0140,1.1528,3.1083,2,0.9560,956,220,-11,220,-11,1,364,,,,1,1,33123,78387,1,,,,369,220,-11,1,0,0,29,0,0
371,scan,370,1,17138926912400,,17138927050982,17138929206194,37.108,0.0065,1.1530,3.1095,2,0.9505,950,220,-14,220,-26,1,366,17138727019944,17138926248615,199228,0,1,33123,83968,1,,,,370,220,-14,1,0,0,29,0,0
372,scan,371,1,17138977546233,,17138977672034,17138979299216,37.158,-0.0084,1.1535,3.1100,2,0.9415,941,220,-15,220,-22,1,367,17138776668029,17138976300347,199632,0,1,33123,89673,1,,,,371,220,-15,1,0,0,29,0,0
373,scan,372,1,17139026815176,,17139026938593,17139029137874,37.208,-0.0159,1.1538,3.1086,2,0.9295,929,220,-12,220,-22,1,367,,,,1,1,33123,91544,1,,,,372,220,-12,1,0,0,29,0,0
374,scan,373,1,17139077245841,,17139077377225,17139079204048,37.258,-0.0309,1.1543,3.1063,2,0.9330,932,220,-8,220,-15,1,368,17138826765533,17139032418497,205652,0,1,33123,97545,1,,,,373,220,-8,1,0,0,29,0,0
375,scan,374,1,17139126844136,,17139126975799,17139129182885,37.308,-0.0383,1.1545,3.1064,2,0.9187,918,220,-8,220,-9,1,369,17138876595858,17139115699319,239103,0,1,33123,104738,1,,,,374,220,-8,1,0,0,29,0,0
376,scan,375,1,17139176884564,,17139177002416,17139179182964,37.358,-0.0533,1.1551,3.1069,2,0.9113,911,220,-9,220,-13,1,370,17138926956348,17139144138759,217182,0,1,33123,111138,1,,,,375,220,-9,1,0,0,29,0,0
377,scan,376,1,17139227139226,,17139227274146,17139229227190,37.408,-0.0608,1.1553,3.1065,2,0.8862,886,220,-8,220,-12,1,371,17138977591598,17139206086135,228494,0,1,33123,117959,1,,,,376,220,-8,1,0,0,29,0,0
378,scan,377,1,17139277442546,,17139277590387,17139279246489,37.458,-0.0757,1.1559,3.1052,2,0.9054,905,220,-6,220,-12,1,371,,,,1,1,33123,120953,1,,,,377,220,-6,1,0,0,29,0,0
379,scan,378,1,17139327087105,,17139327224505,17139329314609,37.508,-0.0832,1.1561,3.1049,2,0.8828,882,220,-5,220,-6,1,373,17139077291083,17139315291859,238000,0,1,33123,128390,1,,,,378,220,-5,1,0,0,29,0,0
380,scan,379,1,17139376861942,,17139376980388,17139379108362,37.558,-0.0982,1.1567,3.1049,2,0.8839,883,220,-5,220,-5,1,374,17139126889835,17139370088099,243198,0,1,33123,136018,1,,,,379,220,-5,1,0,0,29,0,0
381,scan,380,1,17139427305269,,17139427424143,17139429278713,37.608,-0.1056,1.1570,3.1048,2,0.8813,881,220,-5,220,-8,1,375,17139176924137,17139421691557,244767,0,1,33123,143700,1,,,,380,220,-5,1,0,0,29,0,0
382,scan,381,1,17139477336511,,17139477453161,17139479286476,37.658,-0.1206,1.1575,3.1043,2,0.8803,880,220,-4,220,-8,1,375,,,,1,1,33123,147894,1,,,,381,220,-4,1,0,0,29,0,0
383,scan,382,1,17139527593261,,17139527720862,17139529237240,37.708,-0.1281,1.1578,3.1040,2,0.8767,876,220,-4,220,-6,1,376,17139227186590,17139490409054,263222,0,1,33123,156686,1,,,,382,220,-4,1,0,0,29,0,0
384,scan,383,1,17139577756543,,17139577915257,17139580236516,37.758,-0.1430,1.1583,3.1038,2,0.8664,866,220,-3,220,-4,1,377,17139277488273,17139537904936,260416,0,1,33123,165223,1,,,,383,220,-3,1,0,0,29,0,0
385,scan,384,1,17139627666430,,17139627801123,17139630179230,37.808,-0.1505,1.1586,3.1038,2,0.8727,872,220,-3,220,-4,1,378,17139327136693,17139612586664,285449,0,1,33123,169676,1,,,,384,220,-3,1,0,0,29,0,0
386,scan,385,1,17139677829998,,17139677956190,17139680290960,37.858,-0.1580,1.1589,3.1037,2,0.8590,858,220,-3,220,-4,1,378,,,,1,1,33123,173989,1,,,,385,220,-3,1,0,0,29,0,0
387,scan,386,1,17139727841038,,17139727979499,17139731171171,37.908,-0.1729,1.1595,3.1034,2,0.8617,861,220,-2,220,-4,1,380,17139427348950,17139707519086,280170,0,1,33123,177921,1,,,,386,220,-2,1,0,0,29,0,0
388,scan,387,1,17139777749628,,17139777878774,17139780191761,37.958,-0.1804,1.1598,3.1033,2,0.8622,862,220,-2,220,-1,1,381,17139477379962,17139765128775,287748,0,1,33123,181844,1,,,,387,220,-2,1,0,0,29,0,0
389,scan,388,1,17139827748180,,17139827873539,17139830216975,38.008,-0.1953,1.1603,3.1031,2,0.8599,859,220,-2,220,-2,1,382,17139527637747,17139816612814,288975,0,1,33123,189511,1,,,,388,220,-2,1,0,0,29,0,0
390,scan,389,1,17139877906407,,17139878047802,17139880465838,38.058,-0.2028,1.1606,3.1031,2,0.8815,881,220,-2,220,-2,1,382,,,,1,1,33123,193475,1,,,,389,220,-2,1,0,0,29,0,0
391,scan,390,1,17139927514039,,17139927640254,17139929299746,38.108,-0.2178,1.1612,3.1030,2,0.8509,850,220,-2,220,-3,1,383,17139577813773,17139882644131,304830,0,1,33123,201183,1,,,,390,220,-2,1,0,0,29,0,0
392,scan,391,1,17139977982389,,17139978193980,17139980323576,38.158,-0.2252,1.1615,3.1029,2,0.8661,866,220,-2,220,-3,1,383,,,,1,1,33123,201183,1,,,,391,220,-2,1,0,0,29,0,0
393,scan,392,1,17140027695953,,17140027820686,17140030281765,38.208,-0.2402,1.1621,3.1027,2,0.8948,894,220,-1,220,-3,1,383,,,,1,1,33123,205210,1,,,,392,220,-1,1,0,0,29,0,0
394,scan,393,1,17140078079930,,17140078216028,17140080234954,38.258,-0.2476,1.1624,3.1027,2,0.8993,899,220,-1,220,-3,1,383,,,,1,1,33123,209650,1,,,,393,220,-1,1,0,0,29,0,0
395,scan,394,1,17140127749913,,17140127880609,17140130298688,38.308,-0.2626,1.1630,3.1026,2,1.0482,1048,220,-1,220,-1,1,386,17139727890465,17140087789263,359898,0,1,33123,215429,1,,,,394,220,-1,1,0,0,29,0,0
396,scan,395,1,17140178155278,,17140178320109,17140180564332,38.358,-0.2701,1.1632,3.1026,2,1.0334,1033,220,-1,220,0,1,387,17139777795301,17140138260502,360465,0,1,33123,225219,1,,,,395,220,-1,1,0,0,29,0,0
397,scan,396,1,17140227742188,,17140227872577,17140230162107,38.408,-0.2850,1.1638,3.1025,2,1.0457,1045,220,-1,220,0,1,389,17139877958946,17140203068166,325109,0,1,33123,233570,1,,,,396,220,-1,1,0,0,29,0,0
398,scan,397,1,17140277861239,,17140277990286,17140280347113,38.458,-0.2925,1.1641,3.1025,2,1.0412,1041,220,-1,220,-1,1,390,17139927557238,17140274612718,347055,0,1,33123,242478,1,,,,397,220,-1,1,0,0,29,0,0
399,scan,398,1,17140327774503,,17140327935557,17140330213342,38.508,-0.3074,1.1647,3.1024,2,1.0209,1020,220,-1,220,-1,1,391,17139978056555,17140315328099,337271,0,1,33123,250798,1,,,,398,220,-1,1,0,0,29,0,0
400,scan,399,1,17140378116717,,17140378244266,17140380374708,38.558,-0.3149,1.1650,3.1024,2,1.0308,1030,220,-1,220,-1,1,391,,,,1,1,33123,255567,1,,,,399,220,-1,1,0,0,29,0,0
401,scan,400,1,17140428124982,,17140428239791,17140430320937,38.608,-0.3299,1.1656,3.1023,2,1.0302,1030,220,0,220,-1,1,393,17140078127166,17140425197219,347070,0,1,33123,264009,1,,,,400,220,0,1,0,0,29,0,0
402,scan,401,1,17140478484741,,17140478622850,17140480211368,38.658,-0.3373,1.1659,3.1023,2,1.0203,1020,220,0,220,-1,1,393,,,,1,1,33123,264009,1,,,,401,220,0,1,0,0,29,0,0
403,scan,402,1,17140528235264,,17140528379916,17140530428495,38.708,-0.3448,1.1662,3.1022,2,1.0236,1023,220,0,220,-1,1,393,,,,1,1,33123,267642,1,,,,402,220,0,1,0,0,29,0,0
404,scan,403,1,17140578234118,,17140578384108,17140580376923,38.758,-0.3598,1.1668,3.1023,2,1.0364,1036,220,0,220,-1,1,395,17140178211164,17140542080823,363869,0,1,33123,271491,1,,,,403,220,0,1,0,0,29,0,0
405,scan,404,1,17140628253263,,17140628392518,17140630230205,38.808,-0.3672,1.1671,3.1023,2,1.0390,1038,220,0,220,-1,1,395,,,,1,1,33123,271491,1,,,,404,220,0,1,0,0,29,0,0
406,scan,405,1,17140677901713,,17140678020270,17140680421311,38.858,-0.3822,1.1676,3.1023,2,1.0273,1027,220,0,220,1,1,397,17140277908121,17140664214958,386306,0,1,33123,275907,1,,,,405,220,0,1,0,0,29,0,0
407,scan,406,1,17140728050110,,17140728197950,17140730232577,38.908,-0.3897,1.1679,3.1023,2,1.0386,1038,220,0,220,2,1,398,17140327819889,17140687490170,359670,0,1,33123,283106,1,,,,406,220,0,1,0,0,29,0,0
408,scan,407,1,17140778145822,,17140778276994,17140780334314,38.958,-0.4046,1.1685,3.1023,2,1.0190,1018,220,0,220,1,1,399,17140378160582,17140745972907,367812,0,1,33123,286243,1,,,,407,220,0,1,0,0,29,0,0
409,scan,408,1,17140828374672,,17140828529216,17140830220996,39.008,-0.4121,1.1688,3.1023,2,1.0093,1009,220,0,220,2,1,400,17140428162317,17140791335210,363172,0,1,33123,292732,1,,,,408,220,0,1,0,0,29,0,0
410,scan,409,1,17140878464641,,17140878607631,17140880467446,39.058,-0.4270,1.1694,3.1023,2,1.0287,1028,220,0,220,2,1,401,17140478548420,17140862447413,383898,0,1,33123,295988,1,,,,409,220,0,1,0,0,29,0,0
411,scan,410,1,17140929140977,,17140929299323,17140931296681,39.108,-0.4345,1.1697,3.1023,2,1.0229,1022,220,0,220,1,1,402,17140528287144,17140893961807,365674,0,1,33123,301932,1,,,,410,220,0,1,0,0,29,0,0
412,scan,411,1,17140978789446,,17140978912577,17140981247568,39.158,-0.4495,1.1703,3.1023,2,1.0371,1037,220,0,220,1,1,402,,,,1,1,33123,305721,1,,,,411,220,0,1,0,0,29,0,0
413,scan,412,1,17141028859634,,17141029002555,17141031129264,39.208,-0.4569,1.1706,3.1023,2,1.0234,1023,220,0,220,1,1,404,17140628303338,17141013867830,385564,0,1,33123,308573,1,,,,412,220,0,1,0,0,29,0,0
414,scan,413,1,17141079729344,,17141079860254,17141081263332,39.258,-0.4719,1.1712,3.1023,2,1.0386,1038,220,0,220,2,1,405,17140677947909,17141057616725,379668,0,1,33123,314788,1,,,,413,220,0,1,0,0,29,0,0
415,scan,414,1,17141129294406,,17141129436847,17141131247513,39.308,-0.4794,1.1715,3.1023,2,1.0152,1015,220,0,220,2,1,406,17140728102783,17141098805027,370702,0,1,33123,319488,1,,,,414,220,0,1,0,0,29,0,0
416,scan,415,1,17141179106338,,17141179240667,17141181290752,39.358,-0.4943,1.1721,3.1023,2,1.0325,1032,220,0,220,3,1,407,17140778189304,17141138368271,360178,0,1,33123,324595,1,,,,415,220,0,1,0,0,29,0,0
417,scan,416,1,17141229024386,,17141229170403,17141231228795,39.408,-0.5018,1.1723,3.1023,2,1.0054,1005,220,0,220,3,1,407,,,,1,1,33123,328154,1,,,,416,220,0,1,0,0,29,0,0
418,scan,417,1,17141278969747,,17141279084088,17141281470214,39.458,-0.5167,1.1729,3.1023,2,1.0184,1018,220,-1,220,0,1,409,17140878514353,17141260891709,382377,0,1,33123,330090,1,,,,417,220,-1,1,0,0,29,0,0
419,scan,418,1,17141328959732,,17141329081748,17141331128184,39.508,-0.5242,1.1732,3.1023,2,1.0279,1027,220,-1,220,2,1,410,17140929196710,17141318150026,388953,0,1,33123,335482,1,,,,418,220,-1,1,0,0,29,0,0
420,scan,419,1,17141379272790,,17141379407939,17141381397243,39.558,-0.5317,1.1735,3.1023,2,1.0160,1016,220,-1,220,1,1,411,17140978832107,17141361779136,382947,0,1,33123,340473,1,,,,419,220,-1,1,0,0,29,0,0
421,scan,420,1,17141429007986,,17141429143736,17141431253593,39.608,-0.5466,1.1741,3.1022,2,1.0334,1033,220,0,220,3,1,412,17141028917414,17141408172669,379255,0,1,33123,345276,1,,,,420,220,0,1,0,0,29,0,0
422,scan,421,1,17141479282000,,17141479413101,17141481357858,39.658,-0.5541,1.1744,3.1021,2,1.0303,1030,220,0,220,1,1,413,17141079773483,17141469390686,389617,0,1,33123,346805,1,,,,421,220,0,1,0,0,29,0,0
423,scan,422,1,17141529065543,,17141529191021,17141531279884,39.708,-0.5690,1.1750,3.1021,2,1.0095,1009,220,0,220,0,1,414,17141129343572,17141522936857,393593,0,1,33123,351300,1,,,,422,220,0,1,0,0,29,0,0
424,scan,423,1,17141579768874,,17141579906753,17141582277921,39.758,-0.5765,1.1753,3.1021,2,1.0436,1043,220,0,220,1,1,415,17141179150267,17141549317258,370166,0,1,33123,355085,1,,,,423,220,0,1,0,0,29,0,0
425,scan,424,1,17141629970307,,17141630111857,17141632393139,39.808,-0.5915,1.1759,3.1022,2,1.0298,1029,220,0,220,1,1,416,17141229076581,17141598447266,369370,0,1,33123,357979,1,,,,424,220,0,1,0,0,29,0,0
426,scan,425,1,17141679917060,,17141680103512,17141683121779,39.858,-0.5989,1.1762,3.1021,2,1.0298,1029,220,0,220,2,1,417,17141279005822,17141663600127,384594,0,1,33123,358866,1,,,,425,220,0,1,0,0,29,0,0
427,scan,426,1,17141729639682,,17141729778834,17141731246624,39.908,-0.6139,1.1768,3.1021,2,1.0245,1024,220,0,220,1,1,418,17141329003370,17141698987343,369983,0,1,33123,361860,1,,,,426,220,0,1,0,0,29,0,0
428,scan,427,1,17141779649531,,17141779794018,17141781297914,39.958,-0.6214,1.1771,3.1021,2,1.0136,1013,220,0,220,3,1,419,17141379321729,17141766438924,387117,0,1,33123,365172,1,,,,427,220,0,1,0,0,29,0,0
429,scan,428,1,17141829738113,,17141829877802,17141831220426,40.008,-0.6363,1.1777,3.1021,2,1.0254,1025,220,0,220,1,1,420,17141429054079,17141809155617,380101,0,1,33123,368209,1,,,,428,220,0,1,0,0,29,0,0
430,scan,429,1,17141879448670,,17141879573373,17141881226759,40.058,-0.6438,1.1780,3.1021,2,1.0092,1009,220,0,220,0,1,421,17141479333672,17141851542097,372208,0,1,33123,368338,1,,,,429,220,0,1,0,0,29,0,0
431,scan,430,1,17141929418139,,17141929538793,17141931254986,40.108,-0.6587,1.1785,3.1021,2,1.0097,1009,220,0,220,2,1,422,17141529110577,17141917669247,388558,0,1,33123,371039,1,,,,430,220,0,1,0,0,29,0,0
432,scan,431,1,17141979746039,,17141979892432,17141982375737,40.158,-0.6662,1.1788,3.1021,2,1.0010,1001,220,0,220,1,1,423,17141579819884,17141954842900,375023,0,1,33123,371164,1,,,,431,220,0,1,0,0,29,0,0
433,scan,432,1,17142029735425,,17142029869508,17142032352774,40.208,-0.6812,1.1794,3.1021,2,1.0370,1036,220,0,220,1,1,423,,,,1,1,33123,371164,1,,,,432,220,0,1,0,0,29,0,0
434,scan,433,1,17142079865862,,17142079995580,17142082230431,40.258,-0.6886,1.1797,3.1021,2,1.0122,1012,220,0,220,1,1,425,17141679965558,17142067835235,387869,0,1,33123,371670,1,,,,433,220,0,1,0,0,29,0,0
435,scan,434,1,17142129786626,,17142129910630,17142132198076,40.308,-0.7036,1.1803,3.1021,2,1.0050,1004,220,0,220,2,1,426,17141729685249,17142092388875,362703,0,1,33123,371755,1,,,,434,220,0,1,0,0,29,0,0
436,scan,435,1,17142179841401,,17142179963511,17142182274782,40.358,-0.7111,1.1806,3.1021,2,1.0203,1020,220,0,220,1,1,427,17141779703098,17142171567048,391863,0,1,33123,372707,1,,,,435,220,0,1,0,0,29,0,0
437,scan,436,1,17142229707663,,17142229840127,17142231296390,40.408,-0.7185,1.1809,3.1021,2,1.0094,1009,220,0,220,3,1,428,17141829788064,17142220590046,390801,0,1,33123,374697,1,,,,436,220,0,1,0,0,29,0,0
438,scan,437,1,17142279926817,,17142280083872,17142282288485,40.458,-0.7335,1.1815,3.1021,2,1.0309,1030,220,0,220,2,1,429,17141879492321,17142257747707,378255,0,1,33123,375643,1,,,,437,220,0,1,0,0,29,0,0
439,scan,438,1,17142329857140,,17142329988042,17142332403466,40.508,-0.7409,1.1818,3.1021,2,1.0169,1016,220,0,220,2,1,429,,,,1,1,33123,376842,1,,,,438,220,0,1,0,0,29,0,0
440,scan,439,1,17142380152342,,17142380283632,17142382371463,40.558,-0.7559,1.1824,3.1021,2,0.9971,997,220,0,220,2,1,429,,,,1,1,33123,376842,1,,,,439,220,0,1,0,0,29,0,0
441,scan,440,1,17142429873967,,17142430018458,17142432315501,40.608,-0.7634,1.1827,3.1021,2,1.0211,1021,220,0,220,0,1,432,17142029781994,17142391965046,362183,0,1,33123,377314,1,,,,440,220,0,1,0,0,29,0,0
442,scan,441,1,17142480092111,,17142480210909,17142482233068,40.658,-0.7783,1.1833,3.1021,2,0.9895,989,220,0,220,3,1,433,17142079912492,17142442286297,362373,0,1,33123,376861,1,,,,441,220,0,1,0,0,29,0,0
443,scan,442,1,17142530469650,,17142530628507,17142532482850,40.708,-0.7858,1.1836,3.1021,2,1.0082,1008,220,0,220,0,1,434,17142129825430,17142489340709,359515,0,1,33123,376351,1,,,,442,220,0,1,0,0,29,0,0
444,scan,443,1,17142580542117,,17142580711584,17142582197935,40.758,-0.8007,1.1842,3.1021,2,1.0151,1015,220,0,220,3,1,435,17142179883783,17142553697186,373813,0,1,33123,376644,1,,,,443,220,0,1,0,0,29,0,0
445,scan,444,1,17142630339633,,17142630467235,17142632514794,40.808,-0.8082,1.1844,3.1021,2,0.9977,997,220,0,220,2,1,436,17142229754198,17142609377535,379623,0,1,33123,376729,1,,,,444,220,0,1,0,0,29,0,0
446,scan,445,1,17142680575968,,17142680802804,17142682225323,40.858,-0.8232,1.1850,3.1021,2,1.0047,1004,220,0,220,0,1,437,17142279970608,17142651770217,371799,0,1,33123,376314,1,,,,445,220,0,1,0,0,29,0,0
447,scan,446,1,17142730352286,,17142730493711,17142732478316,40.908,-0.8306,1.1853,3.1021,2,1.0204,1020,220,0,220,2,1,438,17142329901389,17142703054772,373153,0,1,33123,376699,1,,,,446,220,0,1,0,0,29,0,0
448,scan,447,1,17142780329550,,17142780468617,17142782331118,40.958,-0.8456,1.1859,3.1021,2,1.0178,1017,220,0,220,0,1,439,17142380198280,17142754680740,374482,0,1,33123,376890,1,,,,447,220,0,1,0,0,29,0,0
449,scan,448,1,17142831478906,,17142831650481,17142833317872,41.008,-0.8531,1.1862,3.1021,2,1.0076,1007,220,0,220,3,1,440,17142429922313,17142802514922,372592,0,1,33123,377159,1,,,,448,220,0,1,0,0,29,0,0
450,scan,449,1,17142880854613,,17142881003465,17142883137835,41.058,-0.8680,1.1868,3.1021,2,1.0106,1010,220,0,220,3,1,440,,,,1,1,33123,376961,1,,,,449,220,0,1,0,0,29,0,0
451,scan,450,1,17142931813964,,17142931962895,17142934186660,41.108,-0.8755,1.1871,3.1021,2,0.9948,994,220,-1,220,3,1,442,17142530529498,17142910972070,380442,0,1,33123,377395,1,,,,450,220,-1,1,0,0,29,0,0
452,scan,451,1,17142981333804,,17142981458222,17142983390078,41.158,-0.8904,1.1877,3.1021,2,0.9964,996,220,-1,220,1,1,443,17142580600506,17142965973340,385372,0,1,33123,377623,1,,,,451,220,-1,1,0,0,29,0,0
453,scan,452,1,17143030840832,,17143030968988,17143033155040,41.208,-0.8979,1.1880,3.1021,2,1.0134,1013,220,0,220,1,1,443,,,,1,1,33123,377390,1,,,,452,220,0,1,0,0,29,0,0
454,scan,453,1,17143081890803,,17143082028810,17143084616383,41.258,-0.9054,1.1883,3.1020,2,1.0101,1010,220,0,220,1,1,445,17142680655979,17143058467047,377811,0,1,33123,377335,1,,,,453,220,0,1,0,0,29,0,0
455,scan,454,1,17143131419479,,17143131586124,17143133550509,41.308,-0.9203,1.1889,3.1020,2,1.0062,1006,220,0,220,0,1,446,17142730399767,17143105516015,375116,0,1,33123,377465,1,,,,454,220,0,1,0,0,29,0,0
456,scan,455,1,17143180766212,,17143180931859,17143183124681,41.358,-0.9278,1.1892,3.1020,2,1.0031,1003,220,0,220,2,1,447,17142780376883,17143152327313,371950,0,1,33123,377811,1,,,,455,220,0,1,0,0,29,0,0
457,scan,456,1,17143230883689,,17143231030508,17143233199452,41.408,-0.9428,1.1898,3.1021,2,1.0134,1013,220,0,220,0,1,448,17142831530156,17143204409681,372879,0,1,33123,377670,1,,,,456,220,0,1,0,0,29,0,0
458,scan,457,1,17143280901143,,17143281057799,17143283207254,41.458,-0.9502,1.1901,3.1020,2,0.9920,992,220,0,220,3,1,449,17142880915265,17143270642119,389726,0,1,33123,377880,1,,,,457,220,0,1,0,0,29,0,0
459,scan,458,1,17143330812277,,17143330961565,17143333174708,41.508,-0.9652,1.1907,3.1020,2,1.0000,1000,220,0,220,1,1,450,17142931863660,17143307279080,375415,0,1,33123,377493,1,,,,458,220,0,1,0,0,29,0,0
460,scan,459,1,17143380728324,,17143380866629,17143382292767,41.558,-0.9726,1.1909,3.1020,2,0.9774,977,220,0,220,3,1,451,17142981373160,17143350472447,369099,0,1,33123,377098,1,,,,459,220,0,1,0,0,29,0,0
461,scan,460,1,17143431034966,,17143431181044,17143433456581,41.608,-0.9876,1.1915,3.1020,2,0.9799,979,220,0,220,1,1,452,17143030883700,17143402227313,371343,0,1,33123,376872,1,,,,460,220,0,1,0,0,29,0,0
462,scan,461,1,17143480916458,,17143481040359,17143483175011,41.658,-0.9951,1.1918,3.1020,2,0.9634,963,220,-1,220,0,1,453,17143081938952,17143477718151,395779,0,1,33123,377048,1,,,,461,220,-1,1,0,0,29,0,0
463,scan,462,1,17143530813733,,17143530963379,17143533157549,41.708,-1.0100,1.1924,3.1020,2,0.9444,944,220,-1,220,2,1,454,17143131475162,17143518192645,386717,0,1,33123,376851,1,,,,462,220,-1,1,0,0,29,0,0
464,scan,463,1,17143581422659,,17143581627203,17143583570745,41.758,-1.0175,1.1927,3.1020,2,0.9502,950,220,0,220,0,1,455,17143180815728,17143544675268,363859,0,1,33123,376671,1,,,,463,220,0,1,0,0,29,0,0
465,scan,464,1,17143631234015,,17143631368593,17143634180702,41.808,-1.0324,1.1933,3.1019,2,0.9418,941,220,0,220,0,1,455,,,,1,1,33123,376886,1,,,,464,220,0,1,0,0,29,0,0
466,scan,465,1,17143681405271,,17143681553175,17143683292164,41.858,-1.0399,1.1936,3.1019,2,0.9260,925,220,0,220,1,1,457,17143280947249,17143656216103,375268,0,1,33123,376611,1,,,,465,220,0,1,0,0,29,0,0
467,scan,466,1,17143731533392,,17143731663367,17143733380145,41.908,-1.0549,1.1942,3.1019,3,0.9090,909,0,1000,220,4,1,458,17143330853975,17143716924547,386070,0,1,33123,377085,1,,,,466,0,1000,1,0,0,29,0,0
468,scan,467,1,17143781822697,,17143781971540,17143784492149,41.958,-1.0623,1.1945,3.1019,3,0.9050,905,0,1000,220,2,1,459,17143380776143,17143752646308,371870,0,1,33123,376636,1,,,,467,0,1000,1,0,0,29,0,0
469,scan,468,1,17143831820998,,17143832057338,17143834281092,42.008,-1.0738,1.1950,3.1024,3,0.8983,898,0,1000,220,5,1,460,17143431082279,17143801572894,370490,0,1,33123,376354,1,,,,468,0,1000,1,0,0,29,0,0
470,scan,469,1,17143881673497,,17143881931663,17143884275623,42.058,-1.0778,1.1951,3.1031,3,0.8880,888,0,1000,220,5,1,460,,,,1,1,33123,376479,1,,,,469,0,1000,1,0,0,29,0,0
471,scan,470,1,17143931881052,,17143932055267,17143934220186,42.108,-1.0807,1.1952,3.1038,3,0.8705,870,0,1000,220,-3,1,462,17143530863250,17143904239565,373376,0,1,33123,376019,1,,,,470,0,1000,1,0,0,29,0,0
472,scan,471,1,17143981677570,,17143981843186,17143984321746,42.158,-1.0845,1.1954,3.1130,3,0.8722,872,0,1000,220,-3,1,462,,,,1,1,33123,376050,1,,,,471,0,1000,1,0,0,29,0,0
473,scan,472,1,17144031928900,,17144032129483,17144034203386,42.208,-1.0855,1.1954,3.1308,3,0.8823,882,0,1000,220,-2,1,464,17143631278993,17144023192031,391913,0,1,33123,376531,1,,,,472,0,1000,1,0,0,29,0,0
474,scan,473,1,17144081977494,,17144082111803,17144084385932,42.258,-1.0859,1.1954,-3.0836,3,0.8711,871,0,1000,220,-2,1,464,,,,1,1,33123,376177,1,,,,473,0,1000,1,0,0,29,0,0
475,scan,474,1,17144132436207,,17144132653303,17144134475087,42.308,-1.0859,1.1954,-3.0411,3,0.8768,876,0,1000,0,999,1,466,17143731575307,17144093084201,361508,0,1,33123,376139,1,,,,474,0,1000,1,0,0,29,0,0
476,scan,475,1,17144181675503,,17144181850574,17144183211035,42.358,-1.0858,1.1954,-2.9705,3,0.8856,885,0,1000,0,999,1,467,17143781872320,17144170420459,388548,0,1,33123,376036,1,,,,475,0,1000,1,0,0,29,0,0
477,scan,476,1,17144232299439,,17144232438250,17144234268501,42.408,-1.0857,1.1954,-2.9421,3,0.8719,871,0,1000,0,999,1,468,17143831884008,17144201797575,369913,0,1,33123,375383,1,,,,476,0,1000,1,0,0,29,0,0
478,scan,477,1,17144281922642,,17144282064722,17144284328640,42.458,-1.0856,1.1955,-2.8781,3,0.8757,875,0,1000,0,999,1,468,,,,1,1,33123,375290,1,,,,477,0,1000,1,0,0,29,0,0
479,scan,478,1,17144332116139,,17144332264855,17144334251025,42.508,-1.0855,1.1955,-2.8409,3,0.8774,877,0,1000,0,999,1,470,17143931927666,17144304904672,372977,0,1,33123,375218,1,,,,478,0,1000,1,0,0,29,0,0
480,scan,479,1,17144381984512,,17144382139355,17144384323696,42.558,-1.0854,1.1955,-2.7690,3,0.8676,867,0,1000,0,999,1,471,17143981760498,17144358203809,376443,0,1,33123,375255,1,,,,479,0,1000,1,0,0,29,0,0
481,scan,480,1,17144432311175,,17144432494924,17144434302080,42.608,-1.0854,1.1956,-2.7369,3,0.8782,878,0,1000,0,999,1,472,17144031988351,17144402599870,370611,0,1,33123,375510,1,,,,480,0,1000,1,0,0,29,0,0
482,scan,481,1,17144482215231,,17144482340222,17144484255503,42.658,-1.0853,1.1956,-2.6722,3,0.8743,874,0,1000,0,999,1,473,17144082024141,17144452870131,370845,0,1,33123,375767,1,,,,481,0,1000,1,0,0,29,0,0
483,scan,482,1,17144532101016,,17144532228603,17144534301859,42.708,-1.0852,1.1957,-2.6374,3,0.8781,878,0,1000,0,999,1,473,,,,1,1,33123,376275,1,,,,482,0,1000,1,0,0,29,0,0
484,scan,483,1,17144582760817,,17144582881141,17144584475110,42.758,-1.0851,1.1957,-2.5670,3,0.8826,882,0,1000,0,999,1,475,17144181763262,17144572526477,390763,0,1,33123,376805,1,,,,483,0,1000,1,0,0,29,0,0
485,scan,484,1,17144632923586,,17144633065537,17144635183781,42.808,-1.0851,1.1958,-2.5333,3,0.8817,881,0,1000,0,999,1,476,17144232345746,17144612274216,379928,0,1,33123,376814,1,,,,484,0,1000,1,0,0,29,0,0
486,scan,485,1,17144682911425,,17144683032130,17144685930927,42.858,-1.0850,1.1958,-2.4672,3,0.8825,882,0,1000,0,999,1,477,17144281978418,17144658116201,376137,0,1,33123,376950,1,,,,485,0,1000,1,0,0,29,0,0
487,scan,486,1,17144733257317,,17144733507376,17144735409346,42.908,-1.0850,1.1959,-2.4332,3,0.8684,868,0,1000,0,999,1,478,17144332169116,17144713865888,381696,0,1,33123,377217,1,,,,486,0,1000,1,0,0,29,0,0
488,scan,487,1,17144782646118,,17144782777164,17144784598273,42.958,-1.0849,1.1959,-2.3987,3,0.8568,856,0,1000,0,999,1,478,,,,1,1,33123,377305,1,,,,487,0,1000,1,0,0,29,0,0
489,scan,488,1,17144832713330,,17144832844711,17144834314706,43.008,-1.0848,1.1960,-2.3299,3,0.8692,869,0,1000,0,999,1,480,17144432365245,17144818962950,386597,0,1,33123,377757,1,,,,488,0,1000,1,0,0,29,0,0
490,scan,489,1,17144882874360,,17144883030364,17144885181964,43.058,-1.0848,1.1961,-2.2962,3,0.8777,877,0,1000,0,999,1,480,,,,1,1,33123,377757,1,,,,489,0,1000,1,0,0,29,0,0
491,scan,490,1,17144932729592,,17144932853710,17144934237869,43.108,-1.0847,1.1962,-2.2289,3,0.7984,798,0,1000,0,999,1,482,17144532145930,17144916747851,384601,0,1,33123,377891,1,,,,490,0,1000,1,0,0,29,0,0
492,scan,491,1,17144982769601,,17144982892805,17144985167581,43.158,-1.0847,1.1962,-2.1948,3,0.7554,755,0,1000,0,999,1,483,17144582800140,17144961769088,378968,0,1,33123,377684,1,,,,491,0,1000,1,0,0,29,0,0
493,scan,492,1,17145032497810,,17145032620235,17145034318792,43.208,-1.0847,1.1963,-2.1264,3,0.7239,723,0,1000,0,999,1,484,17144632970452,17145019807776,386837,0,1,33123,377970,1,,,,492,0,1000,1,0,0,29,0,0
494,scan,493,1,17145083049200,,17145083266804,17145085439391,43.258,-1.0846,1.1964,-2.0925,3,0.7201,720,0,947,0,999,1,485,17144682950010,17145048263971,365313,0,1,33123,377580,1,,,,493,0,947,1,0,0,29,0,0
495,scan,494,1,17145133098538,,17145133223348,17145135179769,43.308,-1.0846,1.1965,-2.0253,3,0.7185,718,0,813,0,999,1,486,17144733390765,17145130613214,397222,0,1,33123,378271,1,,,,494,0,813,1,0,0,29,0,0
496,scan,495,1,17145183182808,,17145183391913,17145185250474,43.358,-1.0846,1.1965,-1.9930,3,0.7132,713,220,748,0,999,1,487,17144782691716,17145145994025,363302,0,1,33123,378000,1,,,,495,220,748,1,0,0,29,0,0
497,scan,496,1,17145232866978,,17145232997008,17145235135548,43.408,-1.0850,1.1955,-1.9324,3,0.7062,706,220,627,0,999,1,488,17144832758553,17145195012082,362253,0,1,33123,377668,1,,,,496,220,627,1,0,0,29,0,0
498,scan,497,1,17145283111315,,17145283248464,17145285233523,43.458,-1.0857,1.1934,-1.9033,3,0.7066,706,220,570,0,999,1,489,17144882928852,17145252788912,369860,0,1,33123,377048,1,,,,497,220,570,1,0,0,29,0,0
499,scan,498,1,17145333145496,,17145333374275,17145335334035,43.508,-1.0881,1.1858,-1.8429,3,0.7040,703,220,450,0,999,1,490,17144932771942,17145310538830,377766,0,1,33123,377121,1,,,,498,220,450,1,0,0,29,0,0
500,scan,499,1,17145383163051,,17145383394065,17145385365087,43.558,-1.0896,1.1803,-1.8118,3,0.7046,704,220,389,0,999,1,490,,,,1,1,33123,377380,1,,,,499,220,389,1,0,0,29,0,0
501,scan,500,1,17145433168235,,17145433382895,17145435292294,43.608,-1.0924,1.1670,-1.7568,3,0.6839,683,220,281,0,995,1,492,17145032539866,17145415138354,382598,0,1,33123,377743,1,,,,500,220,281,1,0,0,29,0,0
502,scan,501,1,17145483462890,,17145483605951,17145485233497,43.658,-1.0937,1.1597,-1.7419,3,0.6815,681,220,252,0,955,1,493,17145083123888,17145456047258,372923,0,1,33123,377006,1,,,,501,220,252,1,0,0,29,0,0
503,scan,502,1,17145533475490,,17145533616850,17145536441005,43.708,-1.0962,1.1449,-1.7362,3,0.6758,675,220,242,5,811,1,494,17145133142483,17145499375845,366233,0,1,33123,376345,1,,,,502,220,242,1,0,0,29,0,0
504,scan,503,1,17145583587250,,17145583741912,17145585256339,43.758,-1.0974,1.1376,-1.7325,3,0.6630,662,220,236,220,744,1,495,17145183229795,17145561440256,378210,0,1,33123,376808,1,,,,503,220,236,1,0,0,29,0,0
505,scan,504,1,17145633380412,,17145633506366,17145635618400,43.808,-1.0986,1.1302,-1.7230,3,0.6573,657,220,217,220,611,1,496,17145232909220,17145592724090,359814,0,1,33123,376277,1,,,,504,220,217,1,0,0,29,0,0
506,scan,505,1,17145683369752,,17145683492285,17145685275018,43.858,-1.1007,1.1154,-1.6980,3,0.6570,656,220,169,220,552,1,497,17145283157903,17145671899722,388741,0,1,33123,376698,1,,,,505,220,169,1,0,0,29,0,0
507,scan,506,1,17145733359577,,17145733487553,17145735248565,43.908,-1.1016,1.1080,-1.6901,3,0.6410,640,220,153,220,552,1,497,,,,1,1,33123,376395,1,,,,506,220,153,1,0,0,29,0,0
508,scan,507,1,17145783326762,,17145783465649,17145785364597,43.958,-1.1033,1.0932,-1.6834,3,0.6286,628,220,141,220,375,1,499,17145383224453,17145764213773,380989,0,1,33123,376690,1,,,,507,220,141,1,0,0,29,0,0
509,scan,508,1,17145833862700,,17145833989772,17145836230518,44.008,-1.1042,1.0858,-1.6801,3,0.6190,618,220,135,220,270,1,500,17145433216880,17145808124819,374907,0,1,33123,376832,1,,,,508,220,135,1,0,0,29,0,0
510,scan,509,1,17145883765281,,17145883910532,17145886230416,44.058,-1.1057,1.0709,-1.6683,3,0.6058,605,220,112,220,242,1,501,17145483511889,17145858120386,374608,0,1,33123,376762,1,,,,509,220,112,1,0,0,29,0,0
511,scan,510,1,17145933430271,,17145933597929,17145935262312,44.108,-1.1064,1.0635,-1.6624,3,0.5896,589,220,101,220,242,1,501,,,,1,1,33123,376872,1,,,,510,220,101,1,0,0,29,0,0
512,scan,511,1,17145983566405,,17145983697982,17145985311275,44.158,-1.1077,1.0486,-1.6554,3,0.5834,583,220,87,220,242,1,501,,,,1,1,33123,376872,1,,,,511,220,87,1,0,0,29,0,0
513,scan,512,1,17146033662759,,17146033793813,17146035413995,44.208,-1.1084,1.0411,-1.6533,3,0.5850,585,220,83,220,242,1,501,,,,1,1,33123,376370,1,,,,512,220,83,1,0,0,29,0,0
514,scan,513,1,17146083827493,,17146083953724,17146086131899,44.258,-1.1095,1.0262,-1.6476,3,0.5736,573,220,72,220,242,1,501,,,,1,1,33123,376370,1,,,,513,220,72,1,0,0,29,0,0
515,scan,514,1,17146133533123,,17146133664063,17146135218720,44.308,-1.1101,1.0188,-1.6441,3,0.5689,568,220,66,220,242,1,501,,,,1,1,33123,376883,1,,,,514,220,66,1,0,0,29,0,0
516,scan,515,1,17146183901201,,17146184058572,17146186186381,44.358,-1.1112,1.0038,-1.6387,3,0.5562,556,220,55,220,242,1,501,,,,1,1,33123,376466,1,,,,515,220,55,1,0,0,29,0,0
517,scan,516,1,17146233763920,,17146233919313,17146236251319,44.408,-1.1117,0.9964,-1.6371,3,0.5460,546,220,52,220,242,1,501,,,,1,1,33123,376709,1,,,,516,220,52,1,0,0,29,0,0
518,scan,517,1,17146283624608,,17146283749310,17146286196707,44.458,-1.1126,0.9814,-1.6338,3,0.5227,522,220,46,220,107,1,509,17145883824586,17146266336932,382512,0,1,33123,376916,1,,,,517,220,46,1,0,0,29,0,0
519,scan,518,1,17146334150418,,17146334300844,17146336668552,44.508,-1.1131,0.9740,-1.6319,3,0.5289,528,220,42,220,107,1,509,,,,1,1,33123,377062,1,,,,518,220,42,1,0,0,29,0,0
520,scan,519,1,17146384653810,,17146384820777,17146386281704,44.558,-1.1140,0.9590,-1.6284,3,0.5107,510,220,36,220,83,1,511,17145983613702,17146382969638,399355,0,1,33123,377911,1,,,,519,220,36,1,0,0,29,0,0
521,scan,520,1,17146434246565,,17146434371329,17146436373989,44.608,-1.1144,0.9516,-1.6271,3,0.5093,509,220,33,220,79,1,512,17146033708424,17146403014471,369306,0,1,33123,377862,1,,,,520,220,33,1,0,0,29,0,0
522,scan,521,1,17146484398051,,17146484599854,17146486322811,44.658,-1.1148,0.9441,-1.6261,3,0.5040,504,220,31,220,71,1,513,17146083869823,17146482610752,398740,0,1,33123,378896,1,,,,521,220,31,1,0,0,29,0,0
523,scan,522,1,17146533894444,,17146534019386,17146536400622,44.708,-1.1156,0.9291,-1.6240,3,0.4903,490,220,27,220,63,1,514,17146133577265,17146499311774,365734,0,1,33123,378425,1,,,,522,220,27,1,0,0,29,0,0
524,scan,523,1,17146584052275,,17146584191009,17146586174098,44.758,-1.1160,0.9217,-1.6228,3,0.4882,488,220,25,220,54,1,515,17146183943376,17146548220654,364277,0,1,33123,377480,1,,,,523,220,25,1,0,0,29,0,0
525,scan,524,1,17146634076019,,17146634232469,17146636479600,44.808,-1.1168,0.9067,-1.6208,3,0.4656,465,220,21,220,51,1,516,17146233815091,17146605284757,371469,0,1,33123,377177,1,,,,524,220,21,1,0,0,29,0,0
526,scan,525,1,17146684100526,,17146684220989,17146686407134,44.858,-1.1172,0.8993,-1.6201,3,0.4486,448,220,20,220,45,1,517,17146283665791,17146654864712,371198,0,1,33123,377001,1,,,,525,220,20,1,0,0,29,0,0
527,scan,526,1,17146734066009,,17146734192222,17146736367293,44.908,-1.1179,0.8844,-1.6188,3,0.4500,450,220,17,220,45,1,517,,,,1,1,33123,376827,1,,,,526,220,17,1,0,0,29,0,0
528,scan,527,1,17146784631373,,17146784772801,17146786302843,44.958,-1.1183,0.8769,-1.6181,3,0.4419,441,220,16,220,34,1,519,17146384702351,17146756070870,371368,0,1,33123,376632,1,,,,527,220,16,1,0,0,29,0,0
529,scan,528,1,17146834474003,,17146834615970,17146836537828,45.008,-1.1190,0.8620,-1.6166,3,0.4207,420,220,13,220,32,1,520,17146434287487,17146795880900,361593,0,1,33123,375739,1,,,,528,220,13,1,0,0,29,0,0
530,scan,529,1,17146884417146,,17146884564349,17146886281516,45.058,-1.1193,0.8545,-1.6161,3,0.4234,423,220,12,220,30,1,521,17146484470503,17146852277722,367807,0,1,33123,375466,1,,,,529,220,12,1,0,0,29,0,0
531,scan,530,1,17146934310235,,17146934461668,17146936459387,45.108,-1.1200,0.8396,-1.6154,3,0.4149,414,220,11,220,27,1,522,17146533937331,17146900478375,366541,0,1,33123,374843,1,,,,530,220,11,1,0,0,29,0,0
532,scan,531,1,17146984428711,,17146984568670,17146986313749,45.158,-1.1203,0.8321,-1.6150,3,0.4029,402,220,10,220,25,1,523,17146584101491,17146970666742,386565,0,1,33123,375105,1,,,,531,220,10,1,0,0,29,0,0
533,scan,532,1,17147034372448,,17147034505096,17147036376720,45.208,-1.1210,0.8172,-1.6142,3,0.3923,392,220,9,220,21,1,524,17146634122641,17147010954837,376832,0,1,33123,374760,1,,,,532,211,9,1,1,0,29,0,0
534,scan,533,1,17147084844723,,17147084969721,17147087151401,45.258,-1.1213,0.8097,-1.6138,3,0.3936,393,220,8,220,19,1,525,17146684143791,17147084344660,400200,0,1,33123,375963,1,,,,533,212,8,1,1,0,29,0,0
535,scan,534,1,17147134428309,,17147134559690,17147136552507,45.308,-1.1219,0.7953,-1.6133,3,0.3821,382,220,7,220,18,1,526,17146734107863,17147097157420,363049,0,1,33123,374784,1,,,,534,200,7,1,1,0,29,0,0
536,scan,535,1,17147184564117,,17147184690498,17147186243495,45.358,-1.1222,0.7881,-1.6130,3,0.3813,381,220,6,220,18,1,526,,,,1,1,33123,375195,1,,,,535,199,6,1,1,0,29,0,0
537,scan,536,1,17147234889706,,17147235012350,17147237234849,45.408,-1.1227,0.7743,-1.6018,3,0.3663,366,220,-16,220,14,1,528,17146834522008,17147207164761,372642,0,1,33123,375566,1,,,,536,182,-16,1,1,0,29,0,0
538,scan,537,1,17147284817439,,17147284944687,17147287201573,45.458,-1.1229,0.7675,-1.5935,3,0.3552,355,220,-33,220,12,1,529,17146884469976,17147278088339,393618,0,1,33123,376414,1,,,,537,170,-33,1,1,0,29,0,0
539,scan,538,1,17147334817438,,17147334958361,17147337156046,45.508,-1.1230,0.7613,-1.5918,3,0.3467,346,220,-36,220,10,1,530,17146934362162,17147302252407,367890,0,1,33123,376061,1,,,,538,160,-36,1,1,0,29,0,0
540,scan,539,1,17147384904569,,17147385037453,17147387112446,45.558,-1.1234,0.7498,-1.6045,3,0.3502,350,220,-11,220,10,1,531,17146984478178,17147348207671,363729,0,1,33123,375636,1,,,,539,165,-11,1,1,0,29,0,0
541,scan,540,1,17147435041239,,17147435183115,17147438145935,45.608,-1.1235,0.7443,-1.6093,3,0.3382,338,220,-2,220,8,1,532,17147034417396,17147411803087,377385,0,1,33123,375456,1,,,,540,151,-2,1,1,0,29,0,0
542,scan,541,1,17147485140190,,17147485267598,17147487280416,45.658,-1.1239,0.7337,-1.6060,3,0.3450,344,220,-8,220,8,1,533,17147084891496,17147465045718,380154,0,1,33123,375706,1,,,,541,158,-8,1,1,0,29,0,0
543,scan,542,1,17147534904314,,17147535026455,17147537202462,45.708,-1.1241,0.7286,-1.6033,3,0.3349,334,220,-14,220,8,1,533,,,,1,1,33123,376044,1,,,,542,147,-14,1,1,0,29,0,0
544,scan,543,1,17147585098848,,17147585239729,17147587272455,45.758,-1.1244,0.7186,-1.6057,3,0.3276,327,220,-9,220,8,1,533,,,,1,1,33123,375964,1,,,,543,139,-9,1,1,0,29,0,0
545,scan,544,1,17147635418725,,17147635566728,17147637231446,45.808,-1.1246,0.7136,-1.6091,3,0.3319,331,220,-2,220,8,1,533,,,,1,1,33123,376585,1,,,,544,144,-2,1,1,0,29,0,0
546,scan,545,1,17147685094870,,17147685221129,17147687228480,45.858,-1.1250,0.7040,-1.6107,3,0.3132,313,220,1,220,-30,1,537,17147284862248,17147665637385,380775,0,1,33123,376279,1,,,,545,124,1,1,1,0,29,0,0
547,scan,546,1,17147735281019,,17147735406375,17147737313683,45.908,-1.1252,0.6991,-1.6088,3,0.3172,317,220,-3,220,-34,1,538,17147334867279,17147714509409,379642,0,1,33123,376403,1,,,,546,128,-3,1,1,0,29,0,0
548,scan,547,1,17147785327249,,17147785460471,17147787246336,45.958,-1.1255,0.6905,-1.6077,3,0.3148,314,220,-5,220,-11,1,539,17147384951325,17147752052821,367101,0,1,33123,375889,1,,,,547,125,-5,1,1,0,29,0,0
549,scan,548,1,17147835447476,,17147835573587,17147837202858,46.008,-1.1257,0.6861,-1.6093,3,0.3129,312,220,-2,220,-1,1,540,17147435091151,17147832955700,397864,0,1,33123,376739,1,,,,548,123,-2,1,1,0,29,0,0
550,scan,549,1,17147885468260,,17147885595965,17147887216936,46.058,-1.1260,0.6777,-1.6109,3,0.3022,302,220,1,220,-1,1,540,,,,1,1,33123,376821,1,,,,549,112,1,1,1,0,29,0,0
551,scan,550,1,17147935488523,,17147935627445,17147937294969,46.108,-1.1262,0.6735,-1.6102,3,0.2917,291,220,0,220,-1,1,540,,,,1,1,33123,376821,1,,,,550,100,0,1,1,0,29,0,0
552,scan,551,1,17147985781494,,17147985920837,17147988296819,46.158,-1.1265,0.6662,-1.6094,3,0.2954,295,220,-2,220,-1,1,540,,,,1,1,33123,376821,1,,,,551,104,-2,1,1,0,29,0,0
553,scan,552,1,17148035669718,,17148035793310,17148038137682,46.208,-1.1266,0.6628,-1.6101,3,0.2980,298,220,0,220,-1,1,544,17147635467987,17148009680537,374212,0,1,33123,376724,1,,,,552,107,0,1,1,0,29,0,0
554,scan,553,1,17148085937883,,17148086060021,17148088406586,46.258,-1.1269,0.6556,-1.6110,3,0.2933,293,220,2,220,2,1,545,17147685136553,17148044900823,359764,0,1,33123,376119,1,,,,553,102,2,1,1,0,29,0,0
555,scan,554,1,17148135582476,,17148135735267,17148137305518,46.308,-1.1270,0.6520,-1.6107,3,0.2920,292,220,1,220,2,1,545,,,,1,1,33123,376119,1,,,,554,101,1,1,1,0,29,0,0
556,scan,555,1,17148185742464,,17148185904373,17148188225624,46.358,-1.1272,0.6485,-1.6102,3,0.2886,288,220,0,220,2,1,545,,,,1,1,33123,376119,1,,,,555,100,0,1,1,0,29,0,0
557,scan,556,1,17148235812631,,17148235941846,17148238224901,46.408,-1.1274,0.6416,-1.6099,3,0.2922,292,220,0,220,2,1,545,,,,1,1,33123,376119,1,,,,556,101,0,1,1,0,29,0,0
558,scan,557,1,17148285782562,,17148285917011,17148287219534,46.458,-1.1276,0.6382,-1.6102,3,0.2854,285,220,0,220,2,1,545,,,,1,1,33123,375882,1,,,,557,100,0,1,1,0,29,0,0
559,scan,558,1,17148336282739,,17148336455180,17148338258003,46.508,-1.1278,0.6314,-1.6105,3,0.2922,292,220,1,220,0,1,550,17147935537766,17148300203681,364665,0,1,33123,375481,1,,,,558,101,1,1,1,0,29,0,0
560,scan,559,1,17148386005849,,17148386143848,17148388504306,46.558,-1.1280,0.6280,-1.6103,3,0.2871,287,220,0,220,-2,1,551,17147985829120,17148342789744,356960,0,1,33123,373967,1,,,,559,100,0,1,1,0,29,0,0
561,scan,560,1,17148436174826,,17148436302315,17148438290764,46.608,-1.1282,0.6212,-1.6100,3,0.2891,289,220,0,220,1,1,552,17148035711557,17148401952495,366240,0,1,33123,373858,1,,,,560,100,0,1,1,0,29,0,0
562,scan,561,1,17148486063456,,17148486192278,17148488313578,46.658,-1.1284,0.6178,-1.6101,3,0.2793,279,220,0,220,2,1,553,17148085974860,17148468111266,382136,0,1,33123,373265,1,,,,561,100,0,1,1,0,29,0,0
563,scan,562,1,17148535923939,,17148536095442,17148538182958,46.708,-1.1286,0.6110,-1.6103,3,0.2776,277,220,0,220,2,1,553,,,,1,1,33123,373544,1,,,,562,100,0,1,1,0,29,0,0
564,scan,563,1,17148585875759,,17148586095988,17148588515085,46.758,-1.1288,0.6076,-1.6103,3,0.2936,293,220,0,220,0,1,555,17148185804755,17148547842976,362038,0,1,33123,373461,1,,,,563,102,0,1,1,0,29,0,0
565,scan,564,1,17148636264438,,17148636395781,17148638236775,46.808,-1.1290,0.6007,-1.6101,3,0.2804,280,220,0,220,0,1,556,17148235857045,17148630084782,394227,0,1,33123,374304,1,,,,564,100,0,1,1,0,29,0,0
566,scan,565,1,17148686153172,,17148686287227,17148688433774,46.858,-1.1292,0.5973,-1.6101,3,0.2827,282,220,0,220,0,1,556,,,,1,1,33123,374423,1,,,,565,100,0,1,1,0,29,0,0
567,scan,566,1,17148736102718,,17148736224672,17148738266815,46.908,-1.1294,0.5905,-1.6102,3,0.2787,278,220,0,220,0,1,558,17148336343532,17148710220877,373877,0,1,33123,374403,1,,,,566,100,0,1,1,0,29,0,0
568,scan,567,1,17148786294581,,17148786424759,17148788518137,46.958,-1.1296,0.5871,-1.6102,3,0.2822,282,220,0,220,0,1,559,17148386052391,17148778685784,392633,0,1,33123,375190,1,,,,567,100,0,1,1,0,29,0,0
569,scan,568,1,17148836245366,,17148836376974,17148838305883,47.008,-1.1298,0.5803,-1.6102,3,0.2744,274,220,0,220,0,1,560,17148436217710,17148800545668,364327,0,1,33123,375292,1,,,,568,100,0,1,1,0,29,0,0
570,scan,569,1,17148886137121,,17148886267510,17148888368023,47.058,-1.1300,0.5769,-1.6102,3,0.2759,275,220,0,220,0,1,560,,,,1,1,33123,375579,1,,,,569,100,0,1,1,0,29,0,0
571,scan,570,1,17148936178472,,17148936298851,17148938323851,47.108,-1.1303,0.5701,-1.6102,3,0.2858,285,220,0,220,0,1,562,17148535969674,17148914921667,378951,0,1,33123,376057,1,,,,570,100,0,1,1,0,29,0,0
572,scan,571,1,17148986122276,,17148986271718,17148988528783,47.158,-1.1304,0.5667,-1.6102,3,0.2807,280,220,0,220,0,1,563,17148585940541,17148965968152,380027,0,1,33123,375805,1,,,,571,100,0,1,1,0,29,0,0
573,scan,572,1,17149036472695,,17149036610905,17149038305879,47.208,-1.1305,0.5633,-1.6102,3,0.2746,274,220,0,220,0,1,564,17148636308995,17149002303413,365994,0,1,33123,375388,1,,,,572,100,0,1,1,0,29,0,0
574,scan,573,1,17149086644652,,17149086774457,17149088475769,47.258,-1.1308,0.5565,-1.6102,3,0.2747,274,220,0,220,0,1,565,17148686199302,17149072052477,385853,0,1,33123,374837,1,,,,573,100,0,1,1,0,29,0,0
575,scan,574,1,17149136726142,,17149136857261,17149138305664,47.308,-1.1309,0.5531,-1.6102,3,0.2812,281,220,0,220,0,1,566,17148736140901,17149114284419,378143,0,1,33123,375417,1,,,,574,100,0,1,1,0,29,0,0
576,scan,575,1,17149186685436,,17149186812216,17149188342357,47.358,-1.1312,0.5463,-1.6102,3,0.2939,293,220,0,220,1,1,567,17148786347635,17149163909072,377561,0,1,33123,375497,1,,,,575,102,0,1,1,0,29,0,0
577,scan,576,1,17149236823211,,17149236954638,17149239146888,47.408,-1.1313,0.5429,-1.6102,3,0.2929,292,220,0,220,0,1,568,17148836289928,17149207664270,371374,0,1,33123,375450,1,,,,576,101,0,1,1,0,29,0,0
578,scan,577,1,17149287021639,,17149287164785,17149289244903,47.458,-1.1316,0.5360,-1.6102,3,0.2918,291,220,0,220,0,1,568,,,,1,1,33123,374751,1,,,,577,100,0,1,1,0,29,0,0
579,scan,578,1,17149336694457,,17149336822910,17149338245461,47.508,-1.1317,0.5326,-1.6102,3,0.3020,301,220,0,220,0,1,570,17148936215360,17149305344818,369129,0,1,33123,374798,1,,,,578,111,0,1,1,0,29,0,0
580,scan,579,1,17149386691723,,17149386824618,17149389213364,47.558,-1.1320,0.5254,-1.6102,3,0.3185,318,220,0,220,0,1,571,17148986164076,17149345694923,359530,0,1,33123,374637,1,,,,579,129,0,1,1,0,29,0,0
581,scan,580,1,17149436820704,,17149436940616,17149439226305,47.608,-1.1322,0.5217,-1.6103,3,0.3001,300,220,0,220,1,1,572,17149036520687,17149416309281,379788,0,1,33123,374729,1,,,,580,110,0,1,1,0,29,0,0
582,scan,581,1,17149486636603,,17149486759918,17149488356471,47.658,-1.1325,0.5135,-1.6105,3,0.3223,322,220,1,220,0,1,573,17149086689205,17149450462684,363773,0,1,33123,374099,1,,,,581,134,1,1,1,0,29,0,0
583,scan,582,1,17149537213849,,17149537329396,17149539328398,47.708,-1.1326,0.5098,-1.6105,3,1.0778,1077,220,1,220,0,1,574,17149136771027,17149501030132,364259,0,1,33123,373735,1,,,,582,220,1,1,0,0,29,0,0
584,scan,583,1,17149586752777,,17149586903622,17149589146783,47.758,-1.1330,0.4995,-1.6104,3,1.0753,1075,220,0,220,0,1,575,17149186728962,17149555016316,368287,0,1,33123,373540,1,,,,583,220,0,1,0,0,29,0,0
585,scan,584,1,17149637040021,,17149637193935,17149639227907,47.808,-1.1333,0.4927,-1.6103,3,1.0591,1059,220,0,220,0,1,576,17149236867500,17149595694658,358827,0,1,33123,373033,1,,,,584,220,0,1,0,0,29,0,0
586,scan,585,1,17149686839544,,17149686966113,17149689147088,47.858,-1.1339,0.4777,-1.6103,3,1.0821,1082,220,0,220,1,1,577,17149287065181,17149652364848,365299,0,1,33123,372499,1,,,,585,220,0,1,0,0,29,0,0
587,scan,586,1,17149737091979,,17149737245567,17149739265245,47.908,-1.1342,0.4703,-1.6103,3,1.0650,1065,220,0,220,0,1,578,17149336738479,17149700298172,363559,0,1,33123,371945,1,,,,586,220,0,1,0,0,29,0,0
588,scan,587,1,17149787328981,,17149787450723,17149789216805,47.958,-1.1348,0.4553,-1.6104,3,1.0727,1072,220,0,220,0,1,579,17149386736343,17149758885955,372149,0,1,33123,372119,1,,,,587,220,0,1,0,0,29,0,0
589,scan,588,1,17149837227900,,17149837364506,17149839310079,48.008,-1.1351,0.4478,-1.6103,3,1.0565,1056,220,0,220,0,1,580,17149436866449,17149817172320,380305,0,1,33123,371513,1,,,,588,220,0,1,0,0,29,0,0
590,scan,589,1,17149887240054,,17149887382964,17149889307294,48.058,-1.1354,0.4404,-1.6103,3,1.0554,1055,220,0,220,0,1,581,17149486679644,17149853892556,367212,0,1,33123,371370,1,,,,589,220,0,1,0,0,29,0,0
591,scan,590,1,17149936935979,,17149937116580,17149939187298,48.108,-1.1360,0.4254,-1.6103,3,1.0542,1054,220,0,220,0,1,581,,,,1,1,33123,371370,1,,,,590,220,0,1,0,0,29,0,0
592,scan,591,1,17149987266676,,17149987388214,17149989268116,48.158,-1.1363,0.4180,-1.6103,3,1.0789,1078,220,0,220,0,1,583,17149586798426,17149966277798,379479,0,1,33123,371632,1,,,,591,220,0,1,0,0,29,0,0
593,scan,592,1,17150037626122,,17150037763904,17150039312995,48.208,-1.1368,0.4030,-1.6103,3,1.0697,1069,220,0,220,0,1,584,17149637086784,17150000266720,363179,0,1,33123,371276,1,,,,592,220,0,1,0,0,29,0,0
594,scan,593,1,17150087689655,,17150087822845,17150089274398,48.258,-1.1371,0.3955,-1.6103,3,1.0754,1075,220,0,220,0,1,585,17149686881804,17150072762765,385880,0,1,33123,372118,1,,,,593,220,0,1,0,0,29,0,0
595,scan,594,1,17150137933347,,17150138090438,17150140440657,48.308,-1.1377,0.3806,-1.6103,3,1.0725,1072,220,0,220,0,1,586,17149737150289,17150112798370,375648,0,1,33123,372228,1,,,,594,220,0,1,0,0,29,0,0
596,scan,595,1,17150187817465,,17150187956561,17150190178936,48.358,-1.1380,0.3731,-1.6103,3,1.0576,1057,220,0,220,0,1,586,,,,1,1,33123,372228,1,,,,595,220,0,1,0,0,29,0,0
597,scan,596,1,17150238070470,,17150238229235,17150240591052,48.408,-1.1386,0.3582,-1.6103,3,1.0822,1082,220,0,220,0,1,587,17149787367153,17150190447147,403079,0,1,33123,373163,1,,,,596,220,0,1,0,0,29,0,0
598,scan,597,1,17150287821940,,17150288054651,17150290187692,48.458,-1.1389,0.3507,-1.6103,3,1.0795,1079,220,0,220,0,1,589,17149887289030,17150265442847,378153,0,1,33123,373310,1,,,,597,220,0,1,0,0,29,0,0
599,scan,598,1,17150337877752,,17150338006958,17150340166346,48.508,-1.1395,0.3357,-1.6103,3,1.0601,1060,220,0,220,0,1,590,17149937029000,17150313221788,376192,0,1,33123,373649,1,,,,598,220,0,1,0,0,29,0,0
600,scan,599,1,17150387883243,,17150388050844,17150390161794,48.558,-1.1398,0.3283,-1.6103,3,1.0627,1062,220,0,220,0,1,591,17149987307906,17150351266732,363958,0,1,33123,373855,1,,,,599,220,0,1,0,0,29,0,0
601,scan,600,1,17150437771603,,17150437904822,17150440186646,48.608,-1.1404,0.3133,-1.6103,3,1.0662,1066,220,0,220,0,1,591,,,,1,1,33123,374086,1,,,,600,220,0,1,0,0,29,0,0
602,scan,601,1,17150487832873,,17150487985457,17150490210701,48.658,-1.1407,0.3058,-1.6103,3,1.0679,1067,220,0,220,0,1,593,17150087730883,17150451065441,363334,0,1,33123,373516,1,,,,601,220,0,1,0,0,29,0,0
603,scan,602,1,17150537765867,,17150537892660,17150539337481,48.708,-1.1413,0.2909,-1.6103,3,1.0638,1063,220,0,220,0,1,594,17150137981122,17150516723965,378742,0,1,33123,373670,1,,,,602,220,0,1,0,0,29,0,0
604,scan,603,1,17150587912060,,17150588077819,17150590155866,48.758,-1.1416,0.2834,-1.6103,3,1.0556,1055,220,0,220,0,1,595,17150187863165,17150570074209,382211,0,1,33123,374263,1,,,,603,220,0,1,0,0,29,0,0
605,scan,604,1,17150638607446,,17150638750743,17150640348258,48.808,-1.1422,0.2685,-1.6103,3,1.0583,1058,220,0,220,1,1,596,17150238133050,17150607928927,369795,0,1,33123,373544,1,,,,604,220,0,1,0,0,29,0,0
606,scan,605,1,17150688402074,,17150688538097,17150690245992,48.858,-1.1425,0.2610,-1.6103,3,1.0500,1050,220,0,220,0,1,597,17150287870739,17150657160604,369289,0,1,33123,373423,1,,,,605,220,0,1,0,0,29,0,0
607,scan,606,1,17150738613628,,17150738755151,17150740533682,48.908,-1.1428,0.2535,-1.6103,3,1.0552,1055,220,0,220,1,1,598,17150337918849,17150731282000,393363,0,1,33123,373979,1,,,,606,220,0,1,0,0,29,0,0
608,scan,607,1,17150788158595,,17150788300711,17150790364962,48.958,-1.1434,0.2386,-1.6103,3,1.0624,1062,220,0,220,0,1,599,17150387930074,17150777084706,389154,0,1,33123,373880,1,,,,607,220,0,1,0,0,29,0,0
609,scan,608,1,17150838162934,,17150838296662,17150840525584,49.008,-1.1436,0.2311,-1.6103,3,1.0643,1064,220,0,220,0,1,599,,,,1,1,33123,374161,1,,,,608,220,0,1,0,0,29,0,0
610,scan,609,1,17150888291505,,17150888414452,17150890502266,49.058,-1.1442,0.2162,-1.6103,3,1.0596,1059,220,0,220,0,1,599,,,,1,1,33123,374161,1,,,,609,220,0,1,0,0,29,0,0
611,scan,610,1,17150938395467,,17150938534618,17150940557476,49.108,-1.1445,0.2087,-1.6103,3,1.0568,1056,220,0,220,0,1,599,,,,1,1,33123,374016,1,,,,610,220,0,1,0,0,29,0,0
612,scan,611,1,17150988597028,,17150988725706,17150990350122,49.158,-1.1451,0.1937,-1.6103,3,1.0654,1065,220,0,220,1,1,603,17150587954199,17150965633524,377679,0,1,33123,373945,1,,,,611,220,0,1,0,0,29,0,0
613,scan,612,1,17151038614530,,17151038732662,17151040454594,49.208,-1.1454,0.1863,-1.6103,3,1.0492,1049,220,0,220,0,1,604,17150638661189,17151036373582,397712,0,1,33123,374906,1,,,,612,220,0,1,0,0,29,0,0
614,scan,613,1,17151088672616,,17151088791299,17151090284363,49.258,-1.1460,0.1713,-1.6103,3,1.0660,1066,220,0,220,0,1,604,,,,1,1,33123,374564,1,,,,613,220,0,1,0,0,29,0,0
615,scan,614,1,17151138798599,,17151139000538,17151141191500,49.308,-1.1463,0.1638,-1.6103,3,1.0484,1048,220,0,220,1,1,606,17150738661949,17151099380702,360718,0,1,33123,374019,1,,,,614,220,0,1,0,0,29,0,0
616,scan,615,1,17151188946820,,17151189095263,17151191224321,49.358,-1.1469,0.1489,-1.6103,3,1.0624,1062,220,0,220,1,1,606,,,,1,1,33123,373905,1,,,,615,220,0,1,0,0,29,0,0
617,scan,616,1,17151238769401,,17151238911518,17151240435194,49.408,-1.1472,0.1414,-1.6103,3,1.0516,1051,220,0,220,1,1,606,,,,1,1,33123,373989,1,,,,616,220,0,1,0,0,29,0,0
618,scan,617,1,17151290087249,,17151290216046,17151292341802,49.458,-1.1478,0.1265,-1.6103,3,1.0436,1043,220,0,220,0,1,609,17150888332679,17151268345955,380013,0,1,33123,374184,1,,,,617,220,0,1,0,0,29,0,0
619,scan,618,1,17151339732000,,17151339867557,17151343290593,49.508,-1.1481,0.1190,-1.6103,3,1.0239,1023,220,0,220,0,1,609,,,,1,1,33123,374352,1,,,,618,220,0,1,0,0,29,0,0
620,scan,619,1,17151389614468,,17151389765440,17151391275571,49.558,-1.1487,0.1040,-1.6103,3,1.0273,1027,220,0,220,0,1,611,17150988639630,17151353816453,365176,0,1,33123,374540,1,,,,619,220,0,1,0,0,29,0,0
621,scan,620,1,17151439471913,,17151439614021,17151441343681,49.608,-1.1490,0.0966,-1.6103,3,1.0012,1001,220,0,220,0,1,612,17151038655734,17151400763493,362107,0,1,33123,373951,1,,,,620,220,0,1,0,0,29,0,0
622,scan,621,1,17151489484691,,17151489615380,17151491388968,49.658,-1.1496,0.0816,-1.6103,3,1.0058,1005,220,0,220,0,1,613,17151088712001,17151451150529,362438,0,1,33123,373907,1,,,,621,220,0,1,0,0,29,0,0
623,scan,622,1,17151539311646,,17151539447688,17151541304062,49.708,-1.1499,0.0741,-1.6103,3,0.9880,988,220,0,220,0,1,613,,,,1,1,33123,374239,1,,,,622,220,0,1,0,0,29,0,0
624,scan,623,1,17151589624615,,17151589777808,17151591349658,49.758,-1.1501,0.0667,-1.6103,3,0.9876,987,220,0,220,1,1,615,17151188987302,17151575247190,386259,0,1,33123,374859,1,,,,623,220,0,1,0,0,29,0,0
625,scan,624,1,17151639421082,,17151639560942,17151641547462,49.808,-1.1507,0.0517,-1.6103,3,0.9804,980,220,0,220,0,1,616,17151238819787,17151620850891,382031,0,1,33123,375659,1,,,,624,220,0,1,0,0,29,0,0
626,scan,625,1,17151689094884,,17151689221302,17151691381715,49.858,-1.1510,0.0442,-1.6103,3,0.9571,957,220,0,220,1,1,617,17151290131507,17151670512580,380381,0,1,33123,376179,1,,,,625,220,0,1,0,0,29,0,0
627,scan,626,1,17151739961921,,17151740123615,17151742276308,49.908,-1.1516,0.0293,-1.6103,3,0.9723,972,220,0,220,0,1,618,17151339778762,17151719357465,379578,0,1,33123,376732,1,,,,626,220,0,1,0,0,29,0,0
628,scan,627,1,17151789872655,,17151790018345,17151792289924,49.958,-1.1519,0.0218,-1.6103,3,0.9543,954,220,0,220,1,1,619,17151389659938,17151783153917,393493,0,1,33123,377468,1,,,,627,220,0,1,0,0,29,0,0
629,scan,628,1,17151839764701,,17151839890434,17151842446240,50.008,-1.1525,0.0069,-1.6103,3,0.9519,951,220,0,220,1,1,620,17151439519846,17151811374986,371855,0,1,33123,377176,1,,,,628,220,0,1,0,0,29,0,0
630,scan,629,1,17151889929356,,17151890134834,17151892392146,50.058,-1.1528,-0.0006,-1.6103,3,0.9382,938,220,0,220,1,1,620,,,,1,1,33123,377532,1,,,,629,220,0,1,0,0,29,0,0
631,scan,630,1,17151939775046,,17151939900497,17151941265250,50.108,-1.1534,-0.0155,-1.6103,3,0.9221,922,220,0,220,1,1,622,17151539358914,17151917120377,377761,0,1,33123,377540,1,,,,630,220,0,1,0,0,29,0,0
632,scan,631,1,17151989666761,,17151989792907,17151991253376,50.158,-1.1537,-0.0230,-1.6103,3,0.9383,938,220,0,220,1,1,622,,,,1,1,33123,377471,1,,,,631,220,0,1,0,0,29,0,0
633,scan,632,1,17152039851897,,17152039978566,17152042341989,50.208,-1.1543,-0.0380,-1.6103,3,0.9163,916,220,0,220,1,1,624,17151639468586,17152029072032,389603,0,1,33123,378414,1,,,,632,220,0,1,0,0,29,0,0
634,scan,633,1,17152089724012,,17152089850123,17152091325531,50.258,-1.1546,-0.0454,-1.6103,3,0.9240,924,220,0,220,0,1,625,17151689139682,17152064043203,374903,0,1,33123,378022,1,,,,633,220,0,1,0,0,29,0,0
635,scan,634,1,17152139573900,,17152139704849,17152141226811,50.308,-1.1552,-0.0604,-1.6103,3,0.9186,918,220,0,220,1,1,626,17151740035078,17152112605382,372570,0,1,33123,377912,1,,,,634,220,0,1,0,0,29,0,0
636,scan,635,1,17152189664665,,17152189788883,17152191273808,50.358,-1.1555,-0.0679,-1.6103,3,0.9049,904,220,0,220,1,1,627,17151789919966,17152164789710,374869,0,1,33123,377807,1,,,,635,220,0,1,0,0,29,0,0
637,scan,636,1,17152239769652,,17152239892909,17152242287982,50.408,-1.1561,-0.0828,-1.6103,3,0.9005,900,220,0,220,1,1,627,,,,1,1,33123,376905,1,,,,636,220,0,1,0,0,29,0,0
638,scan,637,1,17152289849503,,17152289974426,17152292213270,50.458,-1.1564,-0.0903,-1.6103,3,0.8879,887,220,0,220,1,1,627,,,,1,1,33123,376859,1,,,,637,220,0,1,0,0,29,0,0
639,scan,638,1,17152339977552,,17152340142295,17152342239644,50.508,-1.1569,-0.1052,-1.6103,3,0.8821,882,220,0,220,0,1,630,17151939817056,17152323288784,383471,0,1,33123,377128,1,,,,638,220,0,1,0,0,29,0,0
640,scan,639,1,17152389989668,,17152390117526,17152392460196,50.558,-1.1572,-0.1127,-1.6103,3,0.8916,891,220,0,220,1,1,631,17151989710365,17152348415674,358705,0,1,33123,376934,1,,,,639,220,0,1,0,0,29,0,0
641,scan,640,1,17152440210279,,17152440336200,17152442647225,50.608,-1.1575,-0.1202,-1.6103,3,0.8774,877,220,0,220,0,1,632,17152039895006,17152429805568,389910,0,1,33123,377397,1,,,,640,220,0,1,0,0,29,0,0
642,scan,641,1,17152490295516,,17152490420719,17152492557556,50.658,-1.1581,-0.1351,-1.6103,3,0.8760,875,220,0,220,1,1,633,17152089767752,17152451056583,361288,0,1,33123,377324,1,,,,641,220,0,1,0,0,29,0,0
643,scan,642,1,17152540342567,,17152540459561,17152542291952,50.708,-1.1584,-0.1426,-1.6103,3,0.8587,858,220,0,220,0,1,634,17152139616531,17152508953751,369337,0,1,33123,376988,1,,,,642,220,0,1,0,0,29,0,0
644,scan,643,1,17152590499557,,17152590625480,17152592480081,50.758,-1.1590,-0.1576,-1.6103,3,0.8533,853,220,0,220,0,1,635,17152189707736,17152556506079,366798,0,1,33123,376438,1,,,,643,220,0,1,0,0,29,0,0
645,scan,644,1,17152640598643,,17152640738170,17152642325571,50.808,-1.1593,-0.1650,-1.6103,3,0.8599,859,220,0,220,1,1,636,17152239810194,17152609719763,369909,0,1,33123,376442,1,,,,644,220,0,1,0,0,29,0,0
646,scan,645,1,17152690744605,,17152690866733,17152693165885,50.858,-1.1599,-0.1800,-1.6103,3,0.8601,860,220,0,220,1,1,636,,,,1,1,33123,376707,1,,,,645,220,0,1,0,0,29,0,0
647,scan,646,1,17152740774822,,17152740912694,17152742372802,50.908,-1.1602,-0.1875,-1.6103,3,0.8675,867,220,0,220,1,1,638,17152340052441,17152711822419,371769,0,1,33123,375907,1,,,,646,220,0,1,0,0,29,0,0
648,scan,647,1,17152790546259,,17152790686241,17152792581539,50.958,-1.1608,-0.2024,-1.6103,3,0.8692,869,220,0,220,0,1,639,17152390035463,17152777979836,387944,0,1,33123,375862,1,,,,647,220,0,1,0,0,29,0,0
649,scan,648,1,17152841015130,,17152841141720,17152843224194,51.008,-1.1611,-0.2099,-1.6103,3,0.8706,870,220,0,220,2,1,640,17152440257753,17152815359423,375101,0,1,33123,375835,1,,,,648,220,0,1,0,0,29,0,0
650,scan,649,1,17152891019206,,17152891157517,17152893445154,51.058,-1.1617,-0.2248,-1.6103,3,0.8670,866,220,0,220,1,1,641,17152490339889,17152884092870,393752,0,1,33123,376453,1,,,,649,220,0,1,0,0,29,0,0
651,scan,650,1,17152941248485,,17152941386625,17152943284787,51.108,-1.1620,-0.2323,-1.6103,3,0.8622,862,220,0,220,1,1,641,,,,1,1,33123,376453,1,,,,650,220,0,1,0,0,29,0,0
652,scan,651,1,17152991438136,,17152991596410,17152993421153,51.158,-1.1626,-0.2472,-1.6103,3,0.8928,892,220,1,220,1,1,641,,,,1,1,33123,376409,1,,,,651,220,1,1,0,0,29,0,0
653,scan,652,1,17153041474532,,17153041608876,17153043318850,51.208,-1.1629,-0.2547,-1.6103,3,1.0474,1047,220,1,220,1,1,641,,,,1,1,33123,375620,1,,,,652,220,1,1,0,0,29,0,0
654,scan,653,1,17153091198296,,17153091351697,17153093335118,51.258,-1.1634,-0.2697,-1.6103,3,1.0349,1034,220,0,220,1,1,641,,,,1,1,33123,375620,1,,,,653,220,0,1,0,0,29,0,0
655,scan,654,1,17153140719916,,17153140843604,17153142396586,51.308,-1.1637,-0.2771,-1.6102,3,1.0537,1053,220,0,220,1,1,641,,,,1,1,33123,376193,1,,,,654,220,0,1,0,0,29,0,0
656,scan,655,1,17153190854761,,17153191007917,17153193157073,51.358,-1.1643,-0.2921,-1.6102,3,1.0219,1021,220,0,220,1,1,641,,,,1,1,33123,376193,1,,,,655,220,0,1,0,0,29,0,0
657,scan,656,1,17153240883330,,17153241022611,17153243181787,51.408,-1.1646,-0.2996,-1.6102,3,1.0241,1024,220,0,220,1,1,641,,,,1,1,33123,376193,1,,,,656,220,0,1,0,0,29,0,0
658,scan,657,1,17153291530208,,17153291765636,17153293352667,51.458,-1.1649,-0.3070,-1.6102,3,1.0192,1019,220,0,220,2,1,649,17152891066728,17153261928901,370862,0,1,33123,375841,1,,,,657,220,0,1,0,0,29,0,0
659,scan,658,1,17153341265629,,17153341393511,17153344278556,51.508,-1.1655,-0.3220,-1.6102,3,1.0224,1022,220,0,220,1,1,650,17152941296689,17153303715445,362418,0,1,33123,375344,1,,,,658,220,0,1,0,0,29,0,0
660,scan,659,1,17153391014106,,17153391145643,17153393206513,51.558,-1.1658,-0.3295,-1.6102,3,1.0325,1032,220,0,220,2,1,651,17152991490785,17153359351322,367860,0,1,33123,375443,1,,,,659,220,0,1,0,0,29,0,0
661,scan,660,1,17153440964995,,17153441113697,17153443341256,51.608,-1.1664,-0.3444,-1.6102,3,1.0255,1025,220,0,220,2,1,651,,,,1,1,33123,375956,1,,,,660,220,0,1,0,0,29,0,0
662,scan,661,1,17153491008074,,17153491150772,17153493187016,51.658,-1.1667,-0.3519,-1.6102,3,1.0429,1042,220,0,220,0,1,653,17153091253325,17153455045606,363792,0,1,33123,376008,1,,,,661,220,0,1,0,0,29,0,0
663,scan,662,1,17153541078945,,17153541200219,17153543279094,51.708,-1.1673,-0.3668,-1.6102,3,1.0224,1022,220,0,220,2,1,654,17153140763588,17153499716568,358952,0,1,33123,375377,1,,,,662,220,0,1,0,0,29,0,0
664,scan,663,1,17153591060098,,17153591188441,17153593275658,51.758,-1.1676,-0.3743,-1.6102,3,1.0176,1017,220,0,220,0,1,655,17153190893274,17153553321187,362427,0,1,33123,374494,1,,,,663,220,0,1,0,0,29,0,0
665,scan,664,1,17153641178280,,17153641296804,17153643341555,51.808,-1.1682,-0.3893,-1.6102,3,1.0074,1007,220,0,220,2,1,656,17153240930328,17153631452049,390521,0,1,33123,374808,1,,,,664,220,0,1,0,0,29,0,0
666,scan,665,1,17153691235758,,17153691369133,17153693348261,51.858,-1.1685,-0.3967,-1.6102,3,1.0333,1033,220,0,220,1,1,657,17153291603704,17153667792225,376188,0,1,33123,374653,1,,,,665,220,0,1,0,0,29,0,0
667,scan,666,1,17153741322903,,17153741477007,17153743324744,51.908,-1.1691,-0.4117,-1.6102,3,1.0322,1032,220,0,220,2,1,658,17153341310271,17153716963716,375653,0,1,33123,374508,1,,,,666,220,0,1,0,0,29,0,0
668,scan,667,1,17153791249415,,17153791377845,17153793436568,51.958,-1.1693,-0.4192,-1.6102,3,1.0222,1022,220,0,220,2,1,659,17153391058714,17153756928427,365869,0,1,33123,373485,1,,,,667,220,0,1,0,0,29,0,0
669,scan,668,1,17153841637842,,17153841821886,17153843244864,52.008,-1.1699,-0.4341,-1.6102,3,1.0191,1019,220,0,220,0,1,660,17153441014575,17153824133580,383119,0,1,33123,373902,1,,,,668,220,0,1,0,0,29,0,0
670,scan,669,1,17153891596718,,17153891722688,17153893233579,52.058,-1.1702,-0.4416,-1.6102,3,1.0280,1028,220,0,220,2,1,661,17153491055341,17153874764892,383709,0,1,33123,374252,1,,,,669,220,0,1,0,0,29,0,0
671,scan,670,1,17153941749773,,17153941887039,17153944202672,52.108,-1.1708,-0.4565,-1.6102,3,1.0228,1022,220,0,220,2,1,661,,,,1,1,33123,374122,1,,,,670,220,0,1,0,0,29,0,0
672,scan,671,1,17153991789063,,17153991930581,17153994170117,52.158,-1.1711,-0.4640,-1.6102,3,1.0382,1038,220,0,220,2,1,663,17153591104173,17153965721942,374617,0,1,33123,374140,1,,,,671,220,0,1,0,0,29,0,0
673,scan,672,1,17154041710087,,17154041829694,17154043304490,52.208,-1.1717,-0.4789,-1.6102,3,1.0255,1025,220,0,220,1,1,664,17153641218995,17154003804670,362585,0,1,33123,373175,1,,,,672,220,0,1,0,0,29,0,0
674,scan,673,1,17154091840021,,17154091965654,17154094321005,52.258,-1.1720,-0.4864,-1.6102,3,1.0366,1036,220,0,220,0,1,665,17153691284332,17154055685921,364401,0,1,33123,372800,1,,,,673,220,0,1,0,0,29,0,0
675,scan,674,1,17154141841381,,17154141968064,17154144228770,52.308,-1.1723,-0.4939,-1.6102,3,1.0280,1027,220,0,220,1,1,666,17153741368255,17154114903970,373535,0,1,33123,372834,1,,,,674,220,0,1,0,0,29,0,0
676,scan,675,1,17154191868169,,17154191997317,17154194172131,52.358,-1.1729,-0.5088,-1.6102,3,1.0094,1009,220,0,220,0,1,667,17153791292909,17154158642189,367349,0,1,33123,372566,1,,,,675,220,0,1,0,0,29,0,0
677,scan,676,1,17154241757940,,17154241882837,17154243315003,52.408,-1.1732,-0.5163,-1.6102,3,1.0271,1027,220,0,220,2,1,668,17153841681085,17154202730942,361049,0,1,33123,372169,1,,,,676,220,0,1,0,0,29,0,0
678,scan,677,1,17154291765680,,17154291898890,17154294167651,52.458,-1.1738,-0.5313,-1.6102,3,1.0276,1027,220,0,220,1,1,669,17153891640917,17154257442499,365801,0,1,33123,371956,1,,,,677,220,0,1,0,0,29,0,0
679,scan,678,1,17154341983518,,17154342119742,17154344463358,52.508,-1.1741,-0.5387,-1.6102,3,1.0113,1011,220,0,220,2,1,670,17153941793264,17154306811478,365018,0,1,33123,371341,1,,,,678,220,0,1,0,0,29,0,0
680,scan,679,1,17154392099006,,17154392225750,17154394429010,52.558,-1.1747,-0.5537,-1.6102,3,1.0220,1021,220,0,220,1,1,671,17153991831818,17154366693473,374861,0,1,33123,371880,1,,,,679,220,0,1,0,0,29,0,0
681,scan,680,1,17154442156725,,17154442295928,17154444508713,52.608,-1.1749,-0.5612,-1.6102,3,1.0177,1017,220,0,220,2,1,672,17154041746721,17154411123607,369376,0,1,33123,371195,1,,,,680,220,0,1,0,0,29,0,0
682,scan,681,1,17154492704671,,17154492839208,17154494367449,52.658,-1.1755,-0.5761,-1.6102,3,1.0213,1021,220,0,220,1,1,673,17154091883931,17154459981019,368097,0,1,33123,371422,1,,,,681,220,0,1,0,0,29,0,0
683,scan,682,1,17154542595016,,17154542721695,17154544436136,52.708,-1.1758,-0.5836,-1.6102,3,1.0175,1017,220,0,220,1,1,673,,,,1,1,33123,371494,1,,,,682,220,0,1,0,0,29,0,0
684,scan,683,1,17154592412500,,17154592567275,17154594329190,52.758,-1.1764,-0.5985,-1.6102,3,1.0098,1009,220,0,220,2,1,675,17154191910327,17154557354325,365443,0,1,33123,371447,1,,,,683,220,0,1,0,0,29,0,0
685,scan,684,1,17154642161870,,17154642289642,17154644344808,52.808,-1.1767,-0.6060,-1.6102,3,1.0300,1030,220,0,220,1,1,676,17154241802626,17154618256226,376453,0,1,33123,371673,1,,,,684,220,0,1,0,0,29,0,0
686,scan,685,1,17154692375950,,17154692512532,17154694281916,52.858,-1.1773,-0.6210,-1.6102,3,1.0161,1016,220,1,220,2,1,677,17154291812286,17154652897581,361085,0,1,33123,371320,1,,,,685,220,1,1,0,0,29,0,0
687,scan,686,1,17154742555218,,17154742685508,17154744421044,52.908,-1.1776,-0.6284,-1.6102,3,1.0271,1027,220,1,220,1,1,678,17154342027858,17154720568307,378540,0,1,33123,371546,1,,,,686,220,1,1,0,0,29,0,0
688,scan,687,1,17154792720479,,17154792849860,17154794309505,52.958,-1.1782,-0.6434,-1.6102,3,1.0184,1018,220,0,220,3,1,679,17154392143521,17154761523390,369379,0,1,33123,370927,1,,,,687,220,0,1,0,0,29,0,0
689,scan,688,1,17154842731158,,17154842891542,17154844247919,53.008,-1.1785,-0.6509,-1.6101,3,1.0240,1023,220,0,220,2,1,680,17154442204304,17154823961969,381757,0,1,33123,371149,1,,,,688,220,0,1,0,0,29,0,0
690,scan,689,1,17154893244024,,17154893493067,17154895280703,53.058,-1.1791,-0.6658,-1.6101,3,1.0196,1019,220,0,220,3,1,681,17154492750279,17154870909127,378158,0,1,33123,370629,1,,,,689,220,0,1,0,0,29,0,0
691,scan,690,1,17154942605807,,17154942765983,17154944379743,53.108,-1.1794,-0.6733,-1.6101,3,1.0195,1019,220,0,220,2,1,682,17154542642823,17154925119571,382476,0,1,33123,371011,1,,,,690,220,0,1,0,0,29,0,0
692,scan,691,1,17154992689163,,17154992821374,17154994601879,53.158,-1.1797,-0.6807,-1.6101,3,1.0150,1014,220,0,220,0,1,683,17154592453034,17154961146141,368693,0,1,33123,370939,1,,,,691,220,0,1,0,0,29,0,0
693,scan,692,1,17155042765034,,17155042899156,17155044533252,53.208,-1.1803,-0.6957,-1.6101,3,1.0201,1020,220,0,220,3,1,684,17154642204494,17155007447092,365242,0,1,33123,370766,1,,,,692,220,0,1,0,0,29,0,0
694,scan,693,1,17155093036039,,17155093159394,17155095172039,53.258,-1.1805,-0.7032,-1.6101,3,1.0073,1007,220,0,220,1,1,685,17154692420426,17155078708185,386287,0,1,33123,371223,1,,,,693,220,0,1,0,0,29,0,0
695,scan,694,1,17155142758221,,17155142889210,17155145126311,53.308,-1.1811,-0.7181,-1.6101,3,1.0103,1010,220,0,220,1,1,685,,,,1,1,33123,371223,1,,,,694,220,0,1,0,0,29,0,0
696,scan,695,1,17155192821782,,17155192941581,17155194241051,53.358,-1.1814,-0.7256,-1.6101,3,1.0201,1020,220,0,220,1,1,687,17154792762830,17155166431568,373668,0,1,33123,371293,1,,,,695,220,0,1,0,0,29,0,0
697,scan,696,1,17155242668149,,17155242794532,17155244459988,53.408,-1.1820,-0.7405,-1.6101,3,1.0156,1015,220,0,220,0,1,688,17154842791227,17155214243717,371452,0,1,33123,371297,1,,,,696,220,0,1,0,0,29,0,0
698,scan,697,1,17155292857297,,17155292994872,17155295190162,53.458,-1.1823,-0.7480,-1.6101,3,1.0216,1021,220,0,220,1,1,689,17154893323211,17155255389014,362065,0,1,33123,371053,1,,,,697,220,0,1,0,0,29,0,0
699,scan,698,1,17155342863667,,17155342983250,17155345140834,53.508,-1.1829,-0.7630,-1.6101,3,1.0064,1006,220,0,220,0,1,690,17154942674488,17155317642445,374967,0,1,33123,371401,1,,,,698,220,0,1,0,0,29,0,0
700,scan,699,1,17155393203600,,17155393331081,17155395305275,53.558,-1.1832,-0.7704,-1.6101,3,1.0063,1006,220,0,220,3,1,691,17154992734307,17155353738961,361004,0,1,33123,371211,1,,,,699,220,0,1,0,0,29,0,0
701,scan,700,1,17155442976535,,17155443101550,17155445201702,53.608,-1.1838,-0.7854,-1.6101,3,1.0055,1005,220,0,220,1,1,692,17155042809555,17155409436258,366626,0,1,33123,371087,1,,,,700,220,0,1,0,0,29,0,0
702,scan,701,1,17155492927509,,17155493055037,17155495168137,53.658,-1.1841,-0.7929,-1.6101,3,1.0117,1011,220,0,220,4,1,693,17155093077809,17155474431790,381353,0,1,33123,371561,1,,,,701,220,0,1,0,0,29,0,0
703,scan,702,1,17155543319795,,17155543456674,17155545255845,53.708,-1.1847,-0.8078,-1.6101,3,1.0064,1006,220,0,220,1,1,694,17155142803187,17155526711360,383908,0,1,33123,372236,1,,,,702,220,0,1,0,0,29,0,0
704,scan,703,1,17155592935518,,17155593098772,17155595190912,53.758,-1.1850,-0.8153,-1.6101,3,1.0172,1017,220,0,220,0,1,695,17155192864173,17155564844499,371980,0,1,33123,372494,1,,,,703,220,0,1,0,0,29,0,0
705,scan,704,1,17155643106523,,17155643256956,17155645209647,53.808,-1.1855,-0.8302,-1.6101,3,1.0096,1009,220,0,220,2,1,696,17155242710778,17155614433252,371722,0,1,33123,371986,1,,,,704,220,0,1,0,0,29,0,0
706,scan,705,1,17155693018354,,17155693154677,17155695227781,53.858,-1.1858,-0.8377,-1.6101,3,0.9942,994,220,1,220,2,1,696,,,,1,1,33123,371869,1,,,,705,220,1,1,0,0,29,0,0
707,scan,706,1,17155743049010,,17155743170455,17155745182391,53.908,-1.1864,-0.8527,-1.6101,3,1.0068,1006,220,1,220,2,1,698,17155342902369,17155723003181,380100,0,1,33123,371993,1,,,,706,220,1,1,0,0,29,0,0
708,scan,707,1,17155793245690,,17155793369395,17155795198506,53.958,-1.1867,-0.8601,-1.6101,3,1.0148,1014,220,0,220,1,1,699,17155393245990,17155759047113,365801,0,1,33123,371991,1,,,,707,220,0,1,0,0,29,0,0
709,scan,708,1,17155843356136,,17155843505200,17155845414747,54.008,-1.1870,-0.8676,-1.6100,3,1.0053,1005,220,0,220,3,1,700,17155443021114,17155808415911,365394,0,1,33123,371499,1,,,,708,220,0,1,0,0,29,0,0
710,scan,709,1,17155893500441,,17155893621804,17155895333614,54.058,-1.1876,-0.8826,-1.6100,3,0.9907,990,220,0,220,3,1,700,,,,1,1,33123,371150,1,,,,709,220,0,1,0,0,29,0,0
711,scan,710,1,17155943520343,,17155943653207,17155945232423,54.108,-1.1879,-0.8900,-1.6100,3,1.0116,1011,220,0,220,3,1,700,,,,1,1,33123,371150,1,,,,710,220,0,1,0,0,29,0,0
712,scan,711,1,17155993656299,,17155993801704,17155995260509,54.158,-1.1885,-0.9050,-1.6100,3,0.9900,989,220,0,220,3,1,700,,,,1,1,33123,371048,1,,,,711,220,0,1,0,0,29,0,0
713,scan,712,1,17156043825269,,17156043964511,17156046167021,54.208,-1.1888,-0.9124,-1.6100,3,1.0142,1014,220,0,220,3,1,700,,,,1,1,33123,371304,1,,,,712,220,0,1,0,0,29,0,0
714,scan,713,1,17156093615512,,17156093740399,17156095287692,54.258,-1.1894,-0.9274,-1.6100,3,0.9945,994,220,0,220,3,1,700,,,,1,1,33123,371520,1,,,,713,220,0,1,0,0,29,0,0
715,scan,714,1,17156143387902,,17156143520953,17156145234653,54.308,-1.1897,-0.9349,-1.6100,3,0.9978,997,220,0,220,3,1,700,,,,1,1,33123,371455,1,,,,714,220,0,1,0,0,29,0,0
716,scan,715,1,17156193541385,,17156193666954,17156195316580,54.358,-1.1902,-0.9498,-1.6100,3,0.9958,995,220,0,220,3,1,700,,,,1,1,33123,371592,1,,,,715,220,0,1,0,0,29,0,0
717,scan,716,1,17156243691387,,17156243825008,17156245297419,54.408,-1.1905,-0.9573,-1.6100,3,0.9879,987,220,0,220,2,1,708,17155843399595,17156221166303,377766,0,1,33123,372149,1,,,,716,220,0,1,0,0,29,0,0
718,scan,717,1,17156293458687,,17156293585585,17156295395344,54.458,-1.1911,-0.9722,-1.6100,3,0.9926,992,220,0,220,4,1,709,17155893539122,17156250093097,356553,0,1,33123,371841,1,,,,717,220,0,1,0,0,29,0,0
719,scan,718,1,17156343830424,,17156343986043,17156346217793,54.508,-1.1914,-0.9797,-1.6100,3,0.9702,970,220,1,220,4,1,709,,,,1,1,33123,372076,1,,,,718,220,1,1,0,0,29,0,0
720,scan,719,1,17156394130720,,17156394255543,17156396422500,54.558,-1.1920,-0.9947,-1.6100,3,0.9778,977,220,1,220,4,1,709,,,,1,1,33123,371977,1,,,,719,220,1,1,0,0,29,0,0
721,scan,720,1,17156443974409,,17156444158814,17156446324789,54.608,-1.1923,-1.0021,-1.6100,3,0.9625,962,220,1,220,4,1,712,17156043875709,17156413902714,370027,0,1,33123,372000,1,,,,720,220,1,1,0,0,29,0,0
722,scan,721,1,17156494197207,,17156494318082,17156496542200,54.658,-1.1929,-1.0171,-1.6099,3,0.9465,946,220,0,220,4,1,712,,,,1,1,33123,372144,1,,,,721,220,0,1,0,0,29,0,0
723,scan,722,1,17156544146179,,17156544265618,17156546320270,54.708,-1.1932,-1.0246,-1.6098,3,0.9339,933,220,0,220,4,1,712,,,,1,1,33123,372144,1,,,,722,220,0,1,0,0,29,0,0
724,scan,723,1,17156594257955,,17156594395219,17156596521925,54.758,-1.1938,-1.0395,-1.6098,3,0.9306,930,220,0,220,0,1,715,17156193581538,17156568948473,375366,0,1,33123,372512,1,,,,723,220,0,1,0,0,29,0,0
725,scan,724,1,17156644293023,,17156644425868,17156646262446,54.808,-1.1940,-1.0470,-1.6099,3,0.9149,914,220,0,220,0,1,715,,,,1,1,33123,372360,1,,,,724,220,0,1,0,0,29,0,0
726,scan,725,1,17156694646070,,17156694776853,17156696554309,54.858,-1.1943,-1.0545,-1.6099,4,0.8986,898,0,1000,220,0,1,715,,,,1,1,33123,372811,1,,,,725,0,1000,1,0,0,29,0,0
727,scan,726,1,17156744407111,,17156744534509,17156746292071,54.908,-1.1949,-1.0694,-1.6098,4,0.8996,899,0,1000,220,1,1,717,17156293502094,17156703683413,410181,0,1,33123,374077,1,,,,726,0,1000,1,0,0,29,0,0
728,scan,727,1,17156794561376,,17156794685626,17156796413612,54.958,-1.1952,-1.0757,-1.6098,4,0.8940,894,0,1000,220,2,1,719,17156394170339,17156769219472,375049,0,1,33123,374304,1,,,,727,0,1000,1,0,0,29,0,0
729,scan,728,1,17156844845718,,17156844973136,17156847169178,55.008,-1.1955,-1.0849,-1.6098,4,0.8734,873,0,1000,220,-1,1,720,17156444059981,17156828432149,384372,0,1,33123,374408,1,,,,728,0,1000,1,0,0,29,0,0
730,scan,729,1,17156894752155,,17156894873521,17156897146323,55.058,-1.1956,-1.0878,-1.6099,4,0.8818,881,0,1000,220,4,1,721,17156494238099,17156869956714,375718,0,1,33123,374311,1,,,,729,0,1000,1,0,0,29,0,0
731,scan,730,1,17156944596861,,17156944776411,17156946244869,55.108,-1.1958,-1.0916,-1.6013,4,0.8729,872,0,1000,220,0,1,722,17156544189317,17156912209626,368020,0,1,33123,373733,1,,,,730,0,1000,1,0,0,29,0,0
732,scan,731,1,17156994939124,,17156995062785,17156997129721,55.158,-1.1958,-1.0927,-1.5834,4,0.8758,875,0,1000,220,0,1,722,,,,1,1,33123,373943,1,,,,731,0,1000,1,0,0,29,0,0
733,scan,732,1,17157044921325,,17157045067095,17157047259935,55.208,-1.1958,-1.0931,-1.5147,4,0.8657,865,0,1000,220,2,1,724,17156644339227,17157007509338,363170,0,1,33123,373856,1,,,,732,0,1000,1,0,0,29,0,0
734,scan,733,1,17157094754251,,17157094882448,17157096305102,55.258,-1.1958,-1.0930,-1.4725,4,0.8754,875,0,1000,0,999,1,725,17156694692722,17157073137467,378444,0,1,33123,373529,1,,,,733,0,1000,1,0,0,29,0,0
735,scan,734,1,17157144678252,,17157144802547,17157146318108,55.308,-1.1959,-1.0929,-1.4019,4,0.8628,862,0,1000,0,999,1,726,17156744451041,17157117577295,373126,0,1,33123,373513,1,,,,734,0,1000,1,0,0,29,0,0
736,scan,735,1,17157194696059,,17157194816742,17157197208266,55.358,-1.1959,-1.0929,-1.3733,4,0.8792,879,0,1000,0,999,1,727,17156794604512,17157152604789,358000,0,1,33123,372887,1,,,,735,0,1000,1,0,0,29,0,0
737,scan,736,1,17157244964695,,17157245090933,17157248319929,55.408,-1.1959,-1.0928,-1.3093,4,0.8571,857,0,1000,0,999,1,728,17156844889618,17157235094413,390204,0,1,33123,373637,1,,,,736,0,1000,1,0,0,29,0,0
738,scan,737,1,17157295136528,,17157295269720,17157297357156,55.458,-1.1959,-1.0927,-1.2721,4,0.8632,863,0,1000,0,999,1,728,,,,1,1,33123,374119,1,,,,737,0,1000,1,0,0,29,0,0
739,scan,738,1,17157345026183,,17157345171318,17157347175974,55.508,-1.1960,-1.0926,-1.2004,4,0.8780,878,0,1000,0,999,1,730,17156944639970,17157336692325,392052,0,1,33123,374831,1,,,,738,0,1000,1,0,0,29,0,0
740,scan,739,1,17157394924602,,17157395049748,17157397230713,55.558,-1.1960,-1.0925,-1.1682,4,0.8728,872,0,1000,0,999,1,730,,,,1,1,33123,375432,1,,,,739,0,1000,1,0,0,29,0,0
741,scan,740,1,17157445848038,,17157445997680,17157448426661,55.608,-1.1960,-1.0924,-1.1034,4,0.8735,873,0,1000,0,999,1,732,17157044965649,17157426565723,381600,0,1,33123,376083,1,,,,740,0,1000,1,0,0,29,0,0
742,scan,741,1,17157495705238,,17157495876227,17157498206855,55.658,-1.1961,-1.0924,-1.0686,4,0.8656,865,0,1000,0,999,1,733,17157094797474,17157457171558,362374,0,1,33123,375258,1,,,,741,0,1000,1,0,0,29,0,0
743,scan,742,1,17157545698246,,17157545820767,17157547576550,55.708,-1.1961,-1.0923,-1.0331,4,0.8657,865,0,1000,0,999,1,734,17157144720366,17157509962644,365242,0,1,33123,374446,1,,,,742,0,1000,1,0,0,29,0,0
744,scan,743,1,17157595680794,,17157595818651,17157597336712,55.758,-1.1962,-1.0923,-0.9646,4,0.8722,872,0,1000,0,999,1,735,17157194737983,17157558055679,363317,0,1,33123,374069,1,,,,743,0,1000,1,0,0,29,0,0
745,scan,744,1,17157645775555,,17157645965732,17157648249711,55.808,-1.1962,-1.0922,-0.9316,4,0.8692,869,0,1000,0,999,1,736,17157245007459,17157617985600,372978,0,1,33123,374124,1,,,,744,0,1000,1,0,0,29,0,0
746,scan,745,1,17157695474791,,17157695598182,17157697370285,55.858,-1.1963,-1.0921,-0.8645,4,0.8747,874,0,1000,0,999,1,737,17157295179068,17157654473057,359293,0,1,33123,373506,1,,,,745,0,1000,1,0,0,29,0,0
747,scan,746,1,17157745735880,,17157745871205,17157747273943,55.908,-1.1963,-1.0921,-0.8299,4,0.8680,867,0,1000,0,999,1,737,,,,1,1,33123,373219,1,,,,746,0,1000,1,0,0,29,0,0
748,scan,747,1,17157795770068,,17157795902973,17157797256696,55.958,-1.1964,-1.0920,-0.7612,4,0.8739,873,0,1000,0,999,1,739,17157394967119,17157752704023,357736,0,1,33123,372869,1,,,,747,0,1000,1,0,0,29,0,0
749,scan,748,1,17157845588681,,17157845709976,17157847307945,56.008,-1.1965,-1.0920,-0.7275,4,0.8708,870,0,1000,0,999,1,740,17157445891952,17157812399681,366507,0,1,33123,372917,1,,,,748,0,1000,1,0,0,29,0,0
750,scan,749,1,17157895550314,,17157895671584,17157897349651,56.058,-1.1966,-1.0919,-0.6602,4,0.8273,827,0,1000,0,999,1,741,17157495765560,17157868693317,372927,0,1,33123,372918,1,,,,749,0,1000,1,0,0,29,0,0
751,scan,750,1,17157945780309,,17157945909745,17157947265728,56.108,-1.1966,-1.0919,-0.6261,4,0.7595,759,0,1000,0,999,1,742,17157545749944,17157918460520,372710,0,1,33123,372909,1,,,,750,0,1000,1,0,0,29,0,0
752,scan,751,1,17157995558814,,17157995691551,17157997330231,56.158,-1.1967,-1.0918,-0.5577,4,0.7324,732,0,1000,0,999,1,742,,,,1,1,33123,372909,1,,,,751,0,1000,1,0,0,29,0,0
753,scan,752,1,17158045714431,,17158045845311,17158047366459,56.208,-1.1968,-1.0918,-0.5238,4,0.7202,720,0,939,0,999,1,744,17157645840826,17158005428576,359587,0,1,33123,372397,1,,,,752,0,939,1,0,0,29,0,0
754,scan,753,1,17158096430661,,17158096642258,17158098539442,56.258,-1.1969,-1.0917,-0.4566,4,0.7249,724,0,805,0,999,1,745,17157695514830,17158054068381,358553,0,1,33123,371884,1,,,,753,0,805,1,0,0,29,0,0
755,scan,754,1,17158146148465,,17158146296024,17158148795296,56.308,-1.1969,-1.0917,-0.4246,4,0.7226,722,220,741,0,999,1,746,17157745781524,17158105469285,359687,0,1,33123,371449,1,,,,754,220,741,1,0,0,29,0,0
756,scan,755,1,17158195635853,,17158195750982,17158198177626,56.358,-1.1960,-1.0921,-0.3646,4,0.7156,715,220,621,0,999,1,747,17157795814397,17158160146196,364331,0,1,33123,371203,1,,,,755,220,621,1,0,0,29,0,0
757,scan,756,1,17158245683790,,17158245820073,17158247190088,56.408,-1.1938,-1.0929,-0.3355,4,0.7193,719,220,564,0,999,1,748,17157845628783,17158220159728,374530,0,1,33123,371092,1,,,,756,220,564,1,0,0,29,0,0
758,scan,757,1,17158296509753,,17158296632317,17158298238397,56.458,-1.1862,-1.0953,-0.2748,4,0.7036,703,220,444,0,999,1,749,17157895591526,17158262008761,366417,0,1,33123,371432,1,,,,757,220,444,1,0,0,29,0,0
759,scan,758,1,17158346349903,,17158346476289,17158348345179,56.508,-1.1807,-1.0968,-0.2438,4,0.7011,701,220,383,0,999,1,750,17157945825303,17158327610124,381784,0,1,33123,371777,1,,,,758,220,383,1,0,0,29,0,0
760,scan,759,1,17158396416098,,17158396602017,17158398346131,56.558,-1.1743,-1.0982,-0.2139,4,0.6940,694,220,325,0,994,1,751,17157995605043,17158379490229,383885,0,1,33123,372167,1,,,,759,220,325,1,0,0,29,0,0
761,scan,760,1,17158446187264,,17158446305970,17158448626643,56.608,-1.1601,-1.1010,-0.1746,4,0.6865,686,220,248,0,994,1,751,,,,1,1,33123,372239,1,,,,760,220,248,1,0,0,29,0,0
762,scan,761,1,17158496450520,,17158496677421,17158498324109,56.658,-1.1528,-1.1023,-0.1695,4,0.6687,668,220,239,19,804,1,753,17158096499779,17158465481084,368981,0,1,33123,372134,1,,,,761,220,239,1,0,0,29,0,0
763,scan,762,1,17158546370512,,17158546480861,17158548547575,56.708,-1.1380,-1.1048,-0.1631,4,0.6689,668,220,228,220,737,1,754,17158146209148,17158504289465,358080,0,1,33123,371694,1,,,,762,220,228,1,0,0,29,0,0
764,scan,763,1,17158596380925,,17158596511543,17158598358896,56.758,-1.1307,-1.1059,-0.1538,4,0.6467,646,220,210,220,606,1,755,17158195672362,17158568448623,372776,0,1,33123,371613,1,,,,763,220,210,1,0,0,29,0,0
765,scan,764,1,17158646216614,,17158646339749,17158648459554,56.808,-1.1159,-1.1081,-0.1310,4,0.6455,645,220,166,220,546,1,756,17158245726831,17158626734859,381008,0,1,33123,371898,1,,,,764,220,166,1,0,0,29,0,0
766,scan,765,1,17158696971121,,17158697099785,17158699204393,56.858,-1.1085,-1.1090,-0.1239,4,0.6437,643,220,153,220,546,1,756,,,,1,1,33123,371898,1,,,,765,220,153,1,0,0,29,0,0
767,scan,766,1,17158746933733,,17158747057078,17158749183556,56.908,-1.0937,-1.1108,-0.1171,4,0.6231,623,220,140,220,370,1,758,17158346392859,17158717022760,370629,0,1,33123,370700,1,,,,766,220,140,1,0,0,29,0,0
768,scan,767,1,17158796819011,,17158796954516,17158799172976,56.958,-1.0862,-1.1117,-0.1132,4,0.6265,626,220,133,220,312,1,759,17158396482290,17158775846893,379364,0,1,33123,370830,1,,,,767,220,133,1,0,0,29,0,0
769,scan,768,1,17158847001422,,17158847128003,17158849253101,57.008,-1.0714,-1.1133,-0.1014,4,0.6184,618,220,110,220,239,1,760,17158446230509,17158833417356,387186,0,1,33123,370916,1,,,,768,220,110,1,0,0,29,0,0
770,scan,769,1,17158897060273,,17158897185424,17158899316631,57.058,-1.0640,-1.1140,-0.0959,4,0.6112,611,220,100,220,230,1,761,17158496520103,17158871474572,374954,0,1,33123,370892,1,,,,769,220,100,1,0,0,29,0,0
771,scan,770,1,17158946672909,,17158946799040,17158948504178,57.108,-1.0491,-1.1154,-0.0893,4,0.5953,595,220,87,220,230,1,761,,,,1,1,33123,370982,1,,,,770,220,87,1,0,0,29,0,0
772,scan,771,1,17158996842269,,17158996982981,17158999177475,57.158,-1.0416,-1.1160,-0.0870,4,0.5849,584,220,83,220,202,1,763,17158596427211,17158989120227,392693,0,1,33123,371640,1,,,,771,220,83,1,0,0,29,0,0
773,scan,772,1,17159046522777,,17159046649507,17159048416567,57.208,-1.0267,-1.1173,-0.0810,4,0.5808,580,220,72,220,159,1,764,17158646257251,17159038953224,392695,0,1,33123,372535,1,,,,772,220,72,1,0,0,29,0,0
774,scan,773,1,17159096987640,,17159097120380,17159100459440,57.258,-1.0193,-1.1179,-0.0777,4,0.5608,560,220,65,220,146,1,765,17158697018302,17159075027316,378009,0,1,33123,372522,1,,,,773,220,65,1,0,0,29,0,0
775,scan,774,1,17159147211683,,17159147417496,17159149305586,57.308,-1.0044,-1.1190,-0.0725,4,0.5545,554,220,55,220,134,1,766,17158746975337,17159137559542,390584,0,1,33123,373051,1,,,,774,220,55,1,0,0,29,0,0
776,scan,775,1,17159196773830,,17159196897257,17159199129852,57.358,-0.9969,-1.1196,-0.0708,4,0.5435,543,220,52,220,127,1,767,17158796865639,17159189164078,392298,0,1,33123,374090,1,,,,775,220,52,1,0,0,29,0,0
777,scan,776,1,17159246898547,,17159247040499,17159249236463,57.408,-0.9894,-1.1201,-0.0692,4,0.5412,541,220,49,220,127,1,767,,,,1,1,33123,373586,1,,,,776,220,49,1,0,0,29,0,0
778,scan,777,1,17159296742650,,17159296870488,17159299193161,57.458,-0.9745,-1.1211,-0.0655,4,0.5284,528,220,42,220,96,1,769,17158897102936,17159268831203,371728,0,1,33123,373530,1,,,,777,220,42,1,0,0,29,0,0
779,scan,778,1,17159346845905,,17159346994779,17159349199841,57.508,-0.9670,-1.1216,-0.0637,4,0.5135,513,220,39,220,83,1,770,17158946716333,17159322703176,375986,0,1,33123,373043,1,,,,778,220,39,1,0,0,29,0,0
780,scan,779,1,17159396755536,,17159396883189,17159399142776,57.558,-0.9521,-1.1225,-0.0607,4,0.5086,508,220,33,220,83,1,770,,,,1,1,33123,373043,1,,,,779,220,33,1,0,0,29,0,0
781,scan,780,1,17159446922317,,17159447052930,17159449176895,57.608,-0.9446,-1.1230,-0.0597,4,0.5012,501,220,31,220,68,1,772,17159046565034,17159417112929,370547,0,1,33123,372708,1,,,,780,220,31,1,0,0,29,0,0
782,scan,781,1,17159497112861,,17159497243804,17159499230197,57.658,-0.9297,-1.1238,-0.0576,4,0.4987,498,220,27,220,63,1,773,17159097031575,17159461974508,364942,0,1,33123,372786,1,,,,781,220,27,1,0,0,29,0,0
783,scan,782,1,17159547463715,,17159547587796,17159549507544,57.708,-0.9222,-1.1243,-0.0565,4,0.4878,487,220,25,220,52,1,774,17159147275478,17159528995739,381720,0,1,33123,373286,1,,,,782,220,25,1,0,0,29,0,0
784,scan,783,1,17159597873988,,17159598027972,17159600442415,57.758,-0.9073,-1.1251,-0.0545,4,0.4670,467,220,21,220,51,1,775,17159196817264,17159574409764,377592,0,1,33123,373718,1,,,,783,220,21,1,0,0,29,0,0
785,scan,784,1,17159647876571,,17159648029848,17159650253825,57.808,-0.8998,-1.1255,-0.0537,4,0.4648,464,220,20,220,51,1,775,,,,1,1,33123,373741,1,,,,784,220,20,1,0,0,29,0,0
786,scan,785,1,17159697553211,,17159697678756,17159699171825,57.858,-0.8849,-1.1263,-0.0524,4,0.4626,462,220,17,220,41,1,777,17159296786727,17159665178341,368391,0,1,33123,374026,1,,,,785,220,17,1,0,0,29,0,0
787,scan,786,1,17159747770807,,17159747886545,17159750151932,57.908,-0.8774,-1.1267,-0.0517,4,0.4448,444,220,16,220,38,1,778,17159346893745,17159745254655,398360,0,1,33123,374763,1,,,,786,220,16,1,0,0,29,0,0
788,scan,787,1,17159798100854,,17159798307555,17159800582533,57.958,-0.8625,-1.1275,-0.0503,4,0.4461,446,220,13,220,33,1,779,17159396800433,17159771195284,374394,0,1,33123,375268,1,,,,787,220,13,1,0,0,29,0,0
789,scan,788,1,17159848251016,,17159848437161,17159850274752,58.008,-0.8551,-1.1278,-0.0497,4,0.4387,438,220,12,220,33,1,779,,,,1,1,33123,375542,1,,,,788,220,12,1,0,0,29,0,0
790,scan,789,1,17159897879814,,17159898016270,17159900244916,58.058,-0.8401,-1.1286,-0.0489,4,0.4186,418,220,11,220,33,1,779,,,,1,1,33123,375626,1,,,,789,220,11,1,0,0,29,0,0
791,scan,790,1,17159948151966,,17159948287939,17159950286162,58.108,-0.8327,-1.1289,-0.0486,4,0.4066,406,220,10,220,33,1,779,,,,1,1,33123,375723,1,,,,790,220,10,1,0,0,29,0,0
792,scan,791,1,17159997645607,,17159997762970,17159999211448,58.158,-0.8177,-1.1296,-0.0478,4,0.4057,405,220,9,220,20,1,783,17159597923160,17159968535767,370612,0,1,33123,375558,1,,,,791,220,9,1,0,0,29,0,0
793,scan,792,1,17160048253315,,17160048386834,17160050285947,58.208,-0.8103,-1.1300,-0.0475,4,0.3932,393,220,8,220,20,1,784,17159647921139,17160021373023,373451,0,1,33123,376005,1,,,,792,212,8,1,1,0,29,0,0
794,scan,793,1,17160098032143,,17160098169102,17160100301748,58.258,-0.8028,-1.1304,-0.0471,4,0.3983,398,220,7,220,16,1,785,17159697595260,17160074643892,377048,0,1,33123,376602,1,,,,793,217,7,1,1,0,29,0,0
795,scan,794,1,17160147974586,,17160148146030,17160150317342,58.308,-0.7884,-1.1310,-0.0466,4,0.3810,381,220,6,220,17,1,786,17159747812616,17160115990334,368177,0,1,33123,376876,1,,,,794,199,6,1,1,0,29,0,0
796,scan,795,1,17160197756523,,17160197886256,17160200295551,58.358,-0.7810,-1.1314,-0.0464,4,0.3763,376,220,6,220,12,1,787,17159798169160,17160166029232,367860,0,1,33123,376990,1,,,,795,193,6,1,1,0,29,0,0
797,scan,796,1,17160247601966,,17160247732696,17160249239427,58.408,-0.7676,-1.1319,-0.0353,4,0.3646,364,220,-16,220,12,1,787,,,,1,1,33123,377072,1,,,,796,180,-16,1,1,0,29,0,0
798,scan,797,1,17160297894697,,17160298034060,17160300253738,58.458,-0.7611,-1.1321,-0.0273,4,0.3631,363,220,-32,220,12,1,787,,,,1,1,33123,377439,1,,,,797,179,-32,1,1,0,29,0,0
799,scan,798,1,17160348168944,,17160348395305,17160350294989,58.508,-0.7488,-1.1325,-0.0305,4,0.3535,353,220,-26,220,11,1,790,17159948198848,17160348256026,400057,0,1,33123,378069,1,,,,798,168,-26,1,1,0,29,0,0
800,scan,799,1,17160398150713,,17160398281986,17160400433107,58.558,-0.7427,-1.1327,-0.0374,4,0.3445,344,220,-12,220,9,1,791,17159997684756,17160369964233,372279,0,1,33123,377669,1,,,,799,158,-12,1,1,0,29,0,0
801,scan,800,1,17160447742016,,17160447867484,17160450223588,58.608,-0.7316,-1.1331,-0.0395,4,0.3501,350,220,-8,220,9,1,791,,,,1,1,33123,377669,1,,,,800,165,-8,1,1,0,29,0,0
802,scan,801,1,17160497868043,,17160497987504,17160500484680,58.658,-0.7262,-1.1333,-0.0349,4,0.3348,334,220,-18,220,7,1,793,17160098080378,17160477675445,379595,0,1,33123,378035,1,,,,801,147,-18,1,1,0,29,0,0
803,scan,802,1,17160547763282,,17160547879660,17160550150434,58.708,-0.7159,-1.1337,-0.0324,4,0.3383,338,220,-23,220,7,1,794,17160148060345,17160521545171,373484,0,1,33123,378566,1,,,,802,151,-23,1,1,0,29,0,0
804,scan,803,1,17160597796934,,17160597930893,17160600203891,58.758,-0.7109,-1.1338,-0.0360,4,0.3241,324,220,-16,220,7,1,794,,,,1,1,33123,378773,1,,,,803,136,-16,1,1,0,29,0,0
805,scan,804,1,17160647864507,,17160647993241,17160650184196,58.808,-0.7015,-1.1342,-0.0407,4,0.3201,320,220,-6,220,-15,1,796,17160247645845,17160623684567,376038,0,1,33123,378595,1,,,,804,132,-6,1,1,0,29,0,0
806,scan,805,1,17160698224096,,17160698360403,17160700525741,58.858,-0.6969,-1.1344,-0.0393,4,0.3147,314,220,-9,220,-31,1,797,17160297945605,17160682071557,384125,0,1,33123,378786,1,,,,805,125,-9,1,1,0,29,0,0
807,scan,806,1,17160748218700,,17160748352889,17160750301345,58.908,-0.6882,-1.1347,-0.0362,4,0.3118,311,220,-15,220,-26,1,798,17160348215803,17160710200002,361984,0,1,33123,378488,1,,,,806,122,-15,1,1,0,29,0,0
808,scan,807,1,17160798380019,,17160798529154,17160800569087,58.958,-0.6839,-1.1349,-0.0371,4,0.3187,318,220,-13,220,-26,1,798,,,,1,1,33123,378457,1,,,,807,129,-13,1,1,0,29,0,0
809,scan,808,1,17160849239637,,17160849369105,17160851312142,59.008,-0.6754,-1.1352,-0.0407,4,0.3111,311,220,-6,220,-26,1,798,,,,1,1,33123,378133,1,,,,808,122,-6,1,1,0,29,0,0
810,scan,809,1,17160898567179,,17160898689786,17160900439495,59.058,-0.6710,-1.1354,-0.0411,4,0.3175,317,220,-6,220,-26,1,798,,,,1,1,33123,378256,1,,,,809,128,-6,1,1,0,29,0,0
811,scan,810,1,17160948753582,,17160948880806,17160951216063,59.108,-0.6669,-1.1355,-0.0406,4,0.3075,307,220,-7,220,-26,1,798,,,,1,1,33123,378256,1,,,,810,117,-7,1,1,0,29,0,0
812,scan,811,1,17160999051763,,17160999182444,17161002207242,59.158,-0.6582,-1.1359,-0.0398,4,0.2846,284,220,-8,220,-14,1,803,17160597843581,17160990890602,393047,0,1,33123,378269,1,,,,811,100,-8,1,1,0,29,0,0
813,scan,812,1,17161048864131,,17161049077302,17161051164664,59.208,-0.6539,-1.1361,-0.0404,4,0.3082,308,220,-7,220,-5,1,804,17160647909213,17161018810577,370901,0,1,33123,377431,1,,,,812,118,-7,1,1,0,29,0,0
814,scan,813,1,17161098956867,,17161099103024,17161101345044,59.258,-0.6465,-1.1364,-0.0420,4,0.3110,311,220,-4,220,-9,1,805,17160698271160,17161071332101,373060,0,1,33123,377241,1,,,,813,122,-4,1,1,0,29,0,0
815,scan,814,1,17161148947530,,17161149083510,17161151251742,59.308,-0.6425,-1.1365,-0.0421,4,0.2996,299,220,-4,220,-9,1,805,,,,1,1,33123,376707,1,,,,814,108,-4,1,1,0,29,0,0
816,scan,815,1,17161198704901,,17161198828092,17161200540672,59.358,-0.6348,-1.1369,-0.0418,4,0.3065,306,220,-4,220,-12,1,807,17160798432571,17161172768302,374335,0,1,33123,375989,1,,,,815,116,-4,1,1,0,29,0,0
817,scan,816,1,17161249089299,,17161249229841,17161251248416,59.408,-0.6312,-1.1370,-0.0419,4,0.2850,285,220,-4,220,-5,1,808,17160849282186,17161208878273,359596,0,1,33123,375358,1,,,,816,100,-4,1,1,0,29,0,0
818,scan,817,1,17161298740104,,17161298871481,17161301124026,59.458,-0.6242,-1.1373,-0.0426,4,0.2969,296,220,-3,220,-5,1,809,17160898610371,17161267151207,368540,0,1,33123,375235,1,,,,817,105,-3,1,1,0,29,0,0
819,scan,818,1,17161348910301,,17161349041255,17161351185902,59.508,-0.6208,-1.1374,-0.0429,4,0.2889,288,220,-2,220,-4,1,810,17160948798635,17161336100282,387301,0,1,33123,375671,1,,,,818,100,-2,1,1,0,29,0,0
820,scan,819,1,17161398994853,,17161399127383,17161401190532,59.558,-0.6138,-1.1377,-0.0429,4,0.2913,291,220,-2,220,-7,1,811,17160999097327,17161366504209,367406,0,1,33123,375365,1,,,,819,100,-2,1,1,0,29,0,0
821,scan,820,1,17161449151159,,17161449277011,17161451400217,59.608,-0.6105,-1.1379,-0.0428,4,0.2988,298,220,-2,220,-7,1,812,17161048911489,17161409908216,360996,0,1,33123,375011,1,,,,820,107,-2,1,1,0,29,0,0
822,scan,821,1,17161499924826,,17161500133858,17161502284290,59.658,-0.6034,-1.1382,-0.0430,4,0.2916,291,220,-2,220,-7,1,812,,,,1,1,33123,375398,1,,,,821,100,-2,1,1,0,29,0,0
823,scan,822,1,17161550080301,,17161550207161,17161552561092,59.708,-0.5998,-1.1383,-0.0432,4,0.2833,283,220,-2,220,-3,1,814,17161148994554,17161516961461,367966,0,1,33123,374869,1,,,,822,100,-2,1,1,0,29,0,0
824,scan,823,1,17161599667271,,17161599805542,17161601206789,59.758,-0.5930,-1.1386,-0.0433,4,0.3059,305,220,-1,220,-3,1,815,17161198747646,17161580836410,382088,0,1,33123,375042,1,,,,823,115,-1,1,1,0,29,0,0
825,scan,824,1,17161649686476,,17161649884394,17161652197578,59.808,-0.5896,-1.1388,-0.0433,4,0.2890,289,220,-1,220,-3,1,816,17161249146919,17161626472190,377325,0,1,33123,375127,1,,,,824,100,-1,1,1,0,29,0,0
826,scan,825,1,17161699839151,,17161699973807,17161702246479,59.858,-0.5823,-1.1391,-0.0434,4,0.2877,287,220,-1,220,-3,1,816,,,,1,1,33123,375386,1,,,,825,100,-1,1,1,0,29,0,0
827,scan,826,1,17161749884931,,17161750014661,17161752437564,59.908,-0.5789,-1.1392,-0.0435,4,0.2878,287,220,-1,220,-2,1,818,17161348960673,17161741636774,392676,0,1,33123,375167,1,,,,826,100,-1,1,1,0,29,0,0
828,scan,827,1,17161799987021,,17161800182717,17161802460648,59.958,-0.5755,-1.1394,-0.0436,4,0.2885,288,220,-1,220,-1,1,819,17161399041703,17161773603048,374561,0,1,33123,375173,1,,,,827,100,-1,1,1,0,29,0,0
829,scan,828,1,17161849803364,,17161849931958,17161852444562,60.008,-0.5687,-1.1397,-0.0436,4,0.2964,296,220,-1,220,-1,1,819,,,,1,1,33123,375173,1,,,,828,105,-1,1,1,0,29,0,0
830,scan,829,1,17161899911771,,17161900091651,17161902338190,60.058,-0.5653,-1.1398,-0.0436,4,0.3026,302,220,-1,220,-2,1,821,17161499973028,17161871972322,371999,0,1,33123,375056,1,,,,829,112,-1,1,1,0,29,0,0
831,scan,830,1,17161949768859,,17161949962748,17161952338436,60.108,-0.5580,-1.1402,-0.0437,4,0.2964,296,220,-1,220,-2,1,822,17161550129277,17161944971811,394842,0,1,33123,375762,1,,,,830,105,-1,1,1,0,29,0,0
832,scan,831,1,17161999816241,,17161999945220,17162002238227,60.158,-0.5541,-1.1403,-0.0438,4,0.2960,296,220,-1,220,-2,1,822,,,,1,1,33123,375953,1,,,,831,105,-1,1,1,0,29,0,0
833,scan,832,1,17162050086411,,17162050213100,17162052498338,60.208,-0.5470,-1.1406,-0.0438,4,0.2930,292,220,0,220,-1,1,824,17161649733998,17162029524675,379790,0,1,33123,376188,1,,,,832,101,0,1,1,0,29,0,0
834,scan,833,1,17162100292920,,17162100444750,17162102345433,60.258,-0.5434,-1.1408,-0.0438,4,0.3035,303,220,0,220,-1,1,825,17161699880535,17162069658989,369778,0,1,33123,375919,1,,,,833,113,0,1,1,0,29,0,0
835,scan,834,1,17162150373884,,17162150543875,17162152483473,60.308,-0.5362,-1.1411,-0.0439,4,0.3108,310,220,0,220,0,1,826,17161749931163,17162123839110,373907,0,1,33123,376131,1,,,,834,121,0,1,1,0,29,0,0
836,scan,835,1,17162200228943,,17162200354693,17162202246660,60.358,-0.5324,-1.1413,-0.0439,4,0.3268,326,220,0,220,0,1,827,17161800084238,17162174484011,374399,0,1,33123,376373,1,,,,835,138,0,1,1,0,29,0,0
837,scan,836,1,17162250453476,,17162250601860,17162252459814,60.408,-0.5239,-1.1417,-0.0439,4,0.3599,359,220,0,220,1,1,828,17161849848036,17162212456116,362608,0,1,33123,375882,1,,,,836,174,0,1,1,0,29,0,0
838,scan,837,1,17162300464856,,17162300585457,17162302371675,60.458,-0.5192,-1.1419,-0.0439,4,1.0539,1053,220,0,220,1,1,828,,,,1,1,33123,375882,1,,,,837,220,0,1,0,0,29,0,0
839,scan,838,1,17162350135355,,17162350259108,17162352372384,60.508,-0.5070,-1.1424,-0.0440,4,1.0563,1056,220,0,220,0,1,830,17161949875492,17162320564995,370689,0,1,33123,374833,1,,,,838,220,0,1,0,0,29,0,0
840,scan,839,1,17162400637202,,17162400818299,17162402251679,60.558,-0.4995,-1.1427,-0.0440,4,1.0683,1068,220,0,220,0,1,831,17161999861781,17162353474861,353613,0,1,33123,374166,1,,,,839,220,0,1,0,0,29,0,0
841,scan,840,1,17162450664937,,17162450797905,17162452279331,60.608,-0.4846,-1.1434,-0.0440,4,1.0586,1058,220,0,220,1,1,832,17162050129162,17162420231036,370101,0,1,33123,374026,1,,,,840,220,0,1,0,0,29,0,0
842,scan,841,1,17162500864038,,17162500989045,17162503161256,60.658,-0.4771,-1.1437,-0.0440,4,1.0699,1069,220,0,220,1,1,833,17162100338573,17162464675082,364336,0,1,33123,373500,1,,,,841,220,0,1,0,0,29,0,0
843,scan,842,1,17162550583164,,17162550686527,17162552388994,60.708,-0.4622,-1.1444,-0.0440,4,1.0568,1056,220,0,220,0,1,834,17162150429543,17162534649263,384219,0,1,33123,373870,1,,,,842,220,0,1,0,0,29,0,0
844,scan,843,1,17162601017016,,17162601152655,17162603206106,60.758,-0.4547,-1.1447,-0.0440,4,1.0579,1057,220,0,220,0,1,835,17162200272854,17162574863150,374590,0,1,33123,373894,1,,,,843,220,0,1,0,0,29,0,0
845,scan,844,1,17162650713028,,17162650848254,17162652721449,60.808,-0.4472,-1.1450,-0.0440,4,1.0526,1052,220,0,220,1,1,836,17162250507042,17162625070945,374563,0,1,33123,373845,1,,,,844,220,0,1,0,0,29,0,0
846,scan,845,1,17162700663189,,17162700794414,17162702271307,60.858,-0.4323,-1.1457,-0.0440,4,1.0543,1054,220,0,220,1,1,837,17162300506638,17162670951365,370444,0,1,33123,373389,1,,,,845,220,0,1,0,0,29,0,0
847,scan,846,1,17162750724745,,17162750851846,17162753164945,60.908,-0.4248,-1.1460,-0.0440,4,1.0521,1052,220,0,220,1,1,837,,,,1,1,33123,373782,1,,,,846,220,0,1,0,0,29,0,0
848,scan,847,1,17162800748145,,17162800919935,17162803147118,60.958,-0.4099,-1.1467,-0.0440,4,1.0537,1053,220,0,220,1,1,839,17162400712349,17162792661726,391949,0,1,33123,374388,1,,,,847,220,0,1,0,0,29,0,0
849,scan,848,1,17162850794457,,17162850938089,17162853155404,61.008,-0.4024,-1.1470,-0.0440,4,1.0691,1069,220,0,220,0,1,840,17162450705711,17162833597536,382891,0,1,33123,374662,1,,,,848,220,0,1,0,0,29,0,0
850,scan,849,1,17162900808881,,17162900927906,17162903256884,61.058,-0.3874,-1.1477,-0.0440,4,1.0556,1055,220,0,220,1,1,841,17162500907636,17162877489895,376582,0,1,33123,374722,1,,,,849,220,0,1,0,0,29,0,0
851,scan,850,1,17162950502484,,17162950620711,17162953208834,61.108,-0.3800,-1.1480,-0.0440,4,1.0612,1061,220,0,220,0,1,842,17162550619295,17162938620130,388000,0,1,33123,375124,1,,,,850,220,0,1,0,0,29,0,0
852,scan,851,1,17163001306304,,17163001477908,17163003238026,61.158,-0.3650,-1.1486,-0.0440,4,1.0409,1040,220,0,220,0,1,842,,,,1,1,33123,374564,1,,,,851,220,0,1,0,0,29,0,0
853,scan,852,1,17163051054283,,17163051185880,17163053419556,61.208,-0.3575,-1.1490,-0.0440,4,1.0619,1061,220,0,220,1,1,844,17162650759630,17163022817356,372057,0,1,33123,374600,1,,,,852,220,0,1,0,0,29,0,0
854,scan,853,1,17163102026103,,17163102258769,17163104446281,61.258,-0.3426,-1.1496,-0.0440,4,1.0584,1058,220,0,220,1,1,845,17162700706750,17163097045676,396338,0,1,33123,375328,1,,,,853,220,0,1,0,0,29,0,0
855,scan,854,1,17163151548449,,17163151687652,17163153318053,61.308,-0.3351,-1.1500,-0.0440,4,1.0369,1036,220,0,220,1,1,846,17162750768124,17163120603423,369835,0,1,33123,375161,1,,,,854,220,0,1,0,0,29,0,0
856,scan,855,1,17163201989165,,17163202123380,17163204302282,61.358,-0.3202,-1.1506,-0.0440,4,1.0381,1038,220,0,220,1,1,847,17162800805810,17163169932018,369126,0,1,33123,375003,1,,,,855,220,0,1,0,0,29,0,0
857,scan,856,1,17163251776414,,17163251985722,17163254268677,61.408,-0.3127,-1.1509,-0.0440,4,1.0337,1033,220,0,220,1,1,847,,,,1,1,33123,375485,1,,,,856,220,0,1,0,0,29,0,0
858,scan,857,1,17163301880369,,17163302037406,17163304477095,61.458,-0.2977,-1.1516,-0.0440,4,1.0246,1024,220,0,220,1,1,849,17162900848347,17163262059441,361211,0,1,33123,375256,1,,,,857,220,0,1,0,0,29,0,0
859,scan,858,1,17163351693352,,17163351884191,17163354284873,61.508,-0.2903,-1.1519,-0.0440,4,1.0129,1012,220,0,220,1,1,850,17162950542279,17163314658809,364116,0,1,33123,374531,1,,,,858,220,0,1,0,0,29,0,0
860,scan,859,1,17163402407139,,17163402666301,17163404447256,61.558,-0.2753,-1.1526,-0.0440,4,1.0035,1003,220,0,220,1,1,851,17163001383013,17163383454818,382071,0,1,33123,374990,1,,,,859,220,0,1,0,0,29,0,0
861,scan,860,1,17163451610733,,17163451739653,17163453271377,61.608,-0.2679,-1.1529,-0.0440,4,0.9954,995,220,0,220,1,1,852,17163051099438,17163416236269,365136,0,1,33123,375119,1,,,,860,220,0,1,0,0,29,0,0
862,scan,861,1,17163501933107,,17163502096108,17163504343165,61.658,-0.2604,-1.1533,-0.0440,4,0.9867,986,220,0,220,1,1,852,,,,1,1,33123,375119,1,,,,861,220,0,1,0,0,29,0,0
863,scan,862,1,17163551864978,,17163551976562,17163554178065,61.708,-0.2454,-1.1539,-0.0440,4,0.9903,990,220,0,220,1,1,854,17163151596376,17163519361003,367764,0,1,33123,375113,1,,,,862,220,0,1,0,0,29,0,0
864,scan,863,1,17163601909921,,17163602071735,17163604368710,61.758,-0.2380,-1.1542,-0.0440,4,0.9749,974,220,0,220,1,1,855,17163202031210,17163576094739,374063,0,1,33123,374862,1,,,,863,220,0,1,0,0,29,0,0
865,scan,864,1,17163651942890,,17163652103006,17163654239102,61.808,-0.2230,-1.1549,-0.0440,4,0.9629,962,220,0,220,1,1,855,,,,1,1,33123,374782,1,,,,864,220,0,1,0,0,29,0,0
866,scan,865,1,17163701947005,,17163702156769,17163704537459,61.858,-0.2156,-1.1552,-0.0440,4,0.9511,951,220,0,220,2,1,857,17163301925531,17163662257382,360331,0,1,33123,374331,1,,,,865,220,0,1,0,0,29,0,0
867,scan,866,1,17163751886160,,17163752239571,17163754262046,61.908,-0.2006,-1.1559,-0.0440,4,0.9410,940,220,0,220,1,1,858,17163351787281,17163729464713,377677,0,1,33123,373862,1,,,,866,220,0,1,0,0,29,0,0
868,scan,867,1,17163802190743,,17163802418545,17163804432333,61.958,-0.1931,-1.1562,-0.0440,4,0.9473,947,220,0,220,1,1,858,,,,1,1,33123,373840,1,,,,867,220,0,1,0,0,29,0,0
869,scan,868,1,17163851735197,,17163851861562,17163854163527,62.008,-0.1782,-1.1569,-0.0440,4,0.9189,918,220,0,220,1,1,860,17163451655162,17163846017899,394362,0,1,33123,374481,1,,,,868,220,0,1,0,0,29,0,0
870,scan,869,1,17163901983806,,17163902109466,17163904299019,62.058,-0.1707,-1.1572,-0.0440,4,0.9226,922,220,0,220,0,1,861,17163501983824,17163871451661,369467,0,1,33123,374402,1,,,,869,220,0,1,0,0,29,0,0
871,scan,870,1,17163952103538,,17163952237284,17163954235334,62.108,-0.1558,-1.1579,-0.0440,4,0.9124,912,220,0,220,0,1,861,,,,1,1,33123,373742,1,,,,870,220,0,1,0,0,29,0,0
872,scan,871,1,17164002232141,,17164002364518,17164004392571,62.158,-0.1483,-1.1582,-0.0440,4,0.9135,913,220,0,220,0,1,861,,,,1,1,33123,373742,1,,,,871,220,0,1,0,0,29,0,0
873,scan,872,1,17164052188122,,17164052360131,17164054335593,62.208,-0.1333,-1.1588,-0.0440,4,0.9099,909,220,0,220,0,1,861,,,,1,1,33123,373541,1,,,,872,220,0,1,0,0,29,0,0
874,scan,873,1,17164102187347,,17164102354657,17164105003303,62.258,-0.1259,-1.1592,-0.0440,4,0.8883,888,220,0,220,1,1,865,17163702010004,17164096067482,394057,0,1,33123,374350,1,,,,873,220,0,1,0,0,29,0,0
875,scan,874,1,17164152170665,,17164152295396,17164154312098,62.308,-0.1109,-1.1598,-0.0440,4,0.8895,889,220,0,220,1,1,866,17163751955705,17164125701859,373746,0,1,33123,374345,1,,,,874,220,0,1,0,0,29,0,0
876,scan,875,1,17164202396808,,17164202583612,17164204391966,62.358,-0.1034,-1.1602,-0.0440,4,0.8802,880,220,0,220,1,1,867,17163802266531,17164184465749,382199,0,1,33123,374605,1,,,,875,220,0,1,0,0,29,0,0
877,scan,876,1,17164252926123,,17164253178105,17164255297602,62.408,-0.0885,-1.1608,-0.0440,4,0.8905,890,220,0,220,1,1,868,17163851779793,17164220322738,368542,0,1,33123,374802,1,,,,876,220,0,1,0,0,29,0,0
878,scan,877,1,17164302809120,,17164302958735,17164305158036,62.458,-0.0810,-1.1611,-0.0440,4,0.8855,885,220,0,220,1,1,869,17163902026166,17164279607634,377581,0,1,33123,374892,1,,,,877,220,0,1,0,0,29,0,0
879,scan,878,1,17164352511428,,17164352645798,17164354832535,62.508,-0.0736,-1.1615,-0.0440,4,0.8637,863,220,0,220,1,1,869,,,,1,1,33123,375032,1,,,,878,220,0,1,0,0,29,0,0
880,scan,879,1,17164402558956,,17164402679994,17164404493194,62.558,-0.0586,-1.1621,-0.0440,4,0.8543,854,220,0,220,1,1,871,17164002275648,17164367028309,364752,0,1,33123,375404,1,,,,879,220,0,1,0,0,29,0,0
881,scan,880,1,17164452770490,,17164452899394,17164454246260,62.608,-0.0512,-1.1625,-0.0440,4,0.8607,860,220,0,220,1,1,872,17164052243652,17164417774634,365530,0,1,33123,375251,1,,,,880,220,0,1,0,0,29,0,0
882,scan,881,1,17164503631748,,17164503768870,17164505454643,62.658,-0.0362,-1.1631,-0.0440,4,0.8613,861,220,0,220,1,1,873,17164102239442,17164480133130,377893,0,1,33123,375703,1,,,,881,220,0,1,0,0,29,0,0
883,scan,882,1,17164553372384,,17164553497709,17164555330547,62.708,-0.0287,-1.1635,-0.0440,4,0.8457,845,220,0,220,1,1,874,17164152211115,17164510566412,358355,0,1,33123,374841,1,,,,882,220,0,1,0,0,29,0,0
884,scan,883,1,17164603138360,,17164603274572,17164605310321,62.758,-0.0138,-1.1641,-0.0440,4,0.8625,862,220,0,220,1,1,874,,,,1,1,33123,374850,1,,,,883,220,0,1,0,0,29,0,0
885,scan,884,1,17164653060744,,17164653205125,17164655271776,62.808,-0.0063,-1.1644,-0.0440,4,0.8488,848,220,0,220,2,1,876,17164253004264,17164614609574,361605,0,1,33123,374403,1,,,,884,220,0,1,0,0,29,0,0
886,scan,885,1,17164702938381,,17164703062518,17164705178302,62.858,0.0086,-1.1651,-0.0440,4,0.8410,841,220,0,220,1,1,877,17164302859667,17164665268907,362409,0,1,33123,374126,1,,,,885,220,0,1,0,0,29,0,0
887,scan,886,1,17164752852638,,17164752983376,17164755127078,62.908,0.0161,-1.1654,-0.0440,4,0.8466,846,220,0,220,1,1,877,,,,1,1,33123,374126,1,,,,886,220,0,1,0,0,29,0,0
888,scan,887,1,17164802912432,,17164803046907,17164805154224,62.958,0.0311,-1.1661,-0.0440,4,0.8569,856,220,0,220,1,1,877,,,,1,1,33123,373489,1,,,,887,220,0,1,0,0,29,0,0
889,scan,888,1,17164853002356,,17164853139124,17164855198707,63.008,0.0385,-1.1664,-0.0440,4,0.8402,840,220,0,220,1,1,877,,,,1,1,33123,373141,1,,,,888,220,0,1,0,0,29,0,0
890,scan,889,1,17164903222216,,17164903345874,17164906232733,63.058,0.0535,-1.1671,-0.0440,4,0.8539,853,220,0,220,1,1,877,,,,1,1,33123,373009,1,,,,889,220,0,1,0,0,29,0,0
891,scan,890,1,17164953008714,,17164953133964,17164955184377,63.108,0.0609,-1.1674,-0.0440,4,0.8399,839,220,0,220,1,1,877,,,,1,1,33123,372409,1,,,,890,220,0,1,0,0,29,0,0
892,scan,891,1,17165002815052,,17165002936043,17165005157561,63.158,0.0759,-1.1681,-0.0440,4,0.8680,867,220,0,220,1,1,883,17164603185449,17164984121266,380935,0,1,33123,372737,1,,,,891,220,0,1,0,0,29,0,0
893,scan,892,1,17165052997403,,17165053122871,17165055172009,63.208,0.0834,-1.1684,-0.0440,4,1.0272,1027,220,0,220,0,1,884,17164653118079,17165019272826,366154,0,1,33123,372510,1,,,,892,220,0,1,0,0,29,0,0
894,scan,893,1,17165103601897,,17165103722915,17165105233677,63.258,0.0983,-1.1690,-0.0440,4,1.0315,1031,220,0,220,1,1,885,17164702981248,17165069156939,366175,0,1,33123,371350,1,,,,893,220,0,1,0,0,29,0,0
895,scan,894,1,17165153078373,,17165153210323,17165155245729,63.308,0.1058,-1.1694,-0.0440,4,1.0279,1027,220,0,220,1,1,885,,,,1,1,33123,371410,1,,,,894,220,0,1,0,0,29,0,0
896,scan,895,1,17165203152495,,17165203279161,17165205313343,63.358,0.1133,-1.1697,-0.0440,4,1.0221,1022,220,0,220,1,1,887,17164802958717,17165157557217,354598,0,1,33123,370829,1,,,,895,220,0,1,0,0,29,0,0
897,scan,896,1,17165253312795,,17165253457160,17165255269782,63.408,0.1282,-1.1704,-0.0440,4,1.0255,1025,220,0,220,0,1,888,17164853050358,17165219899173,366848,0,1,33123,370676,1,,,,896,220,0,1,0,0,29,0,0
898,scan,897,1,17165303503612,,17165303638002,17165305293683,63.458,0.1357,-1.1707,-0.0440,4,1.0453,1045,220,0,220,1,1,889,17164903262149,17165261620838,358358,0,1,33123,370566,1,,,,897,220,0,1,0,0,29,0,0
899,scan,898,1,17165353956091,,17165354092618,17165356351278,63.508,0.1506,-1.1714,-0.0440,4,1.0131,1013,220,0,220,0,1,890,17164953048328,17165320053881,367005,0,1,33123,370677,1,,,,898,220,0,1,0,0,29,0,0
900,scan,899,1,17165403785095,,17165403908639,17165406164846,63.558,0.1581,-1.1717,-0.0440,4,1.0025,1002,220,0,220,1,1,891,17165002854481,17165382198137,379343,0,1,33123,370572,1,,,,899,220,0,1,0,0,29,0,0
901,scan,900,1,17165453823052,,17165453955881,17165456292579,63.608,0.1730,-1.1723,-0.0440,4,1.0209,1020,220,0,220,0,1,892,17165053039688,17165418157362,365117,0,1,33123,370572,1,,,,900,220,0,1,0,0,29,0,0
902,scan,901,1,17165503768610,,17165503892500,17165506150743,63.658,0.1805,-1.1727,-0.0440,4,1.0040,1003,220,0,220,1,1,893,17165103639853,17165463560547,359920,0,1,33123,370177,1,,,,901,220,0,1,0,0,29,0,0
903,scan,902,1,17165553654320,,17165553779671,17165555180065,63.708,0.1955,-1.1733,-0.0440,4,1.0237,1023,220,0,220,0,1,894,17165153125339,17165532967279,379841,0,1,33123,370625,1,,,,902,220,0,1,0,0,29,0,0
904,scan,903,1,17165603647822,,17165603777122,17165605243107,63.758,0.2029,-1.1737,-0.0440,4,1.0197,1019,220,0,220,2,1,895,17165203195000,17165573698879,370503,0,1,33123,370493,1,,,,903,220,0,1,0,0,29,0,0
905,scan,904,1,17165653763706,,17165653893266,17165655231029,63.808,0.2179,-1.1743,-0.0440,4,0.9905,990,220,0,220,0,1,896,17165253358662,17165630196868,376838,0,1,33123,370719,1,,,,904,220,0,1,0,0,29,0,0
906,scan,905,1,17165703759453,,17165703885276,17165706189326,63.858,0.2253,-1.1746,-0.0440,4,1.0097,1009,220,0,220,0,1,896,,,,1,1,33123,371104,1,,,,905,220,0,1,0,0,29,0,0
907,scan,906,1,17165753746003,,17165753873825,17165755261011,63.908,0.2403,-1.1753,-0.0440,4,1.0100,1009,220,0,220,0,1,898,17165354004306,17165748972077,394967,0,1,33123,371744,1,,,,906,220,0,1,0,0,29,0,0
908,scan,907,1,17165803836797,,17165803962385,17165806158206,63.958,0.2478,-1.1756,-0.0440,4,1.0014,1001,220,0,220,2,1,899,17165403827656,17165785098725,381271,0,1,33123,372085,1,,,,907,220,0,1,0,0,29,0,0
909,scan,908,1,17165853601764,,17165853724661,17165855232032,64.008,0.2627,-1.1763,-0.0440,4,1.0117,1011,220,0,220,0,1,900,17165453867266,17165833972093,380104,0,1,33123,371575,1,,,,908,220,0,1,0,0,29,0,0
910,scan,909,1,17165903779450,,17165903938626,17165906191817,64.058,0.2702,-1.1766,-0.0440,4,1.0129,1012,220,0,220,0,1,900,,,,1,1,33123,371654,1,,,,909,220,0,1,0,0,29,0,0
911,scan,910,1,17165953814853,,17165953932693,17165955253737,64.108,0.2851,-1.1773,-0.0440,4,1.0052,1005,220,0,220,0,1,902,17165553696537,17165921416085,367719,0,1,33123,371513,1,,,,910,220,0,1,0,0,29,0,0
912,scan,911,1,17166003905648,,17166004063155,17166006234138,64.158,0.2926,-1.1776,-0.0440,4,1.0142,1014,220,0,220,2,1,903,17165603693492,17165975957152,372263,0,1,33123,371539,1,,,,911,220,0,1,0,0,29,0,0
913,scan,912,1,17166053760065,,17166053884086,17166055646621,64.208,0.3001,-1.1779,-0.0440,4,1.0080,1007,220,0,220,0,1,904,17165653807555,17166027005321,373197,0,1,33123,371594,1,,,,912,220,0,1,0,0,29,0,0
914,scan,913,1,17166103764340,,17166103916011,17166106143594,64.258,0.3150,-1.1786,-0.0440,4,0.9935,993,220,0,220,0,1,904,,,,1,1,33123,370820,1,,,,913,220,0,1,0,0,29,0,0
915,scan,914,1,17166153979943,,17166154109686,17166156275625,64.308,0.3225,-1.1789,-0.0440,4,1.0079,1007,220,0,220,0,1,904,,,,1,1,33123,370715,1,,,,914,220,0,1,0,0,29,0,0
916,scan,915,1,17166204294147,,17166204470510,17166206234379,64.358,0.3374,-1.1796,-0.0440,4,1.0116,1011,220,0,220,3,1,907,17165803879941,17166201844136,397964,0,1,33123,371278,1,,,,915,220,0,1,0,0,29,0,0
917,scan,916,1,17166254333567,,17166254523047,17166256525561,64.408,0.3449,-1.1799,-0.0440,4,1.0053,1005,220,0,220,3,1,907,,,,1,1,33123,371379,1,,,,916,220,0,1,0,0,29,0,0
918,scan,917,1,17166304152360,,17166304280773,17166306258867,64.458,0.3599,-1.1806,-0.0440,4,1.0082,1008,220,0,220,0,1,908,17165853641773,17166255195471,401553,0,1,33123,372267,1,,,,917,220,0,1,0,0,29,0,0
919,scan,918,1,17166354315829,,17166354452616,17166356441878,64.508,0.3673,-1.1809,-0.0440,4,1.0055,1005,220,0,220,0,1,910,17165953850277,17166321188273,367337,0,1,33123,372091,1,,,,918,220,0,1,0,0,29,0,0
920,scan,919,1,17166404718985,,17166404843779,17166406362527,64.558,0.3823,-1.1816,-0.0440,4,0.9936,993,220,0,220,3,1,911,17166003948516,17166374324926,370376,0,1,33123,372292,1,,,,919,220,0,1,0,0,29,0,0
921,scan,920,1,17166454678575,,17166454824251,17166456458356,64.608,0.3897,-1.1819,-0.0440,4,0.9900,989,220,0,220,2,1,912,17166053802728,17166413826963,360024,0,1,33123,372095,1,,,,920,220,0,1,0,0,29,0,0
922,scan,921,1,17166504879217,,17166505025032,17166507152832,64.658,0.4047,-1.1825,-0.0440,4,0.9986,998,220,0,220,3,1,913,17166103812404,17166462903908,359091,0,1,33123,371424,1,,,,921,220,0,1,0,0,29,0,0
923,scan,922,1,17166554830018,,17166554970042,17166557155509,64.708,0.4122,-1.1829,-0.0440,4,0.9899,989,220,0,220,2,1,914,17166154025644,17166509858862,355833,0,1,33123,371334,1,,,,922,220,0,1,0,0,29,0,0
924,scan,923,1,17166604727693,,17166604848622,17166606237850,64.758,0.4271,-1.1835,-0.0440,4,0.9949,994,220,0,220,3,1,915,17166204353357,17166565646648,361293,0,1,33123,370988,1,,,,923,220,0,1,0,0,29,0,0
925,scan,924,1,17166654693185,,17166654826089,17166656362463,64.808,0.4346,-1.1839,-0.0440,4,1.0016,1001,220,0,220,2,1,916,17166254376529,17166635196106,380819,0,1,33123,371650,1,,,,924,220,0,1,0,0,29,0,0
926,scan,925,1,17166704640058,,17166704771860,17166706321149,64.858,0.4495,-1.1845,-0.0440,4,1.0123,1012,220,0,220,2,1,916,,,,1,1,33123,371980,1,,,,925,220,0,1,0,0,29,0,0
927,scan,926,1,17166754711817,,17166754844725,17166756482216,64.908,0.4570,-1.1848,-0.0440,4,1.0018,1001,220,0,220,2,1,918,17166354368676,17166741222365,386853,0,1,33123,372493,1,,,,926,220,0,1,0,0,29,0,0
928,scan,927,1,17166804749635,,17166804880226,17166806221452,64.958,0.4719,-1.1855,-0.0440,4,1.0130,1013,220,0,220,3,1,919,17166404760413,17166777235076,372474,0,1,33123,372492,1,,,,927,220,0,1,0,0,29,0,0
929,scan,928,1,17166854816076,,17166854936694,17166858170074,65.008,0.4794,-1.1858,-0.0440,4,0.9969,996,220,0,220,2,1,920,17166454729224,17166852215297,397486,0,1,33123,373299,1,,,,928,220,0,1,0,0,29,0,0
930,scan,929,1,17166904796325,,17166904925065,17166907157005,65.058,0.4869,-1.1862,-0.0440,4,0.9852,985,220,0,220,4,1,921,17166504930024,17166880198332,375268,0,1,33123,373360,1,,,,929,220,0,1,0,0,29,0,0
931,scan,930,1,17166954848328,,17166954968916,17166957445411,65.108,0.5018,-1.1868,-0.0440,4,0.9996,999,220,0,220,2,1,922,17166554879028,17166946777830,391898,0,1,33123,373922,1,,,,930,220,0,1,0,0,29,0,0
932,scan,931,1,17167005199534,,17167005359720,17167007301292,65.158,0.5093,-1.1872,-0.0440,4,0.9975,997,220,0,220,4,1,923,17166604769050,17166978408942,373639,0,1,33123,373701,1,,,,931,220,0,1,0,0,29,0,0
933,scan,932,1,17167055072724,,17167055218831,17167057254529,65.208,0.5243,-1.1878,-0.0440,4,1.0068,1006,220,0,220,2,1,924,17166654740642,17167051644045,396903,0,1,33123,374633,1,,,,932,220,0,1,0,0,29,0,0
934,scan,933,1,17167105299156,,17167105459288,17167107376179,65.258,0.5317,-1.1881,-0.0440,4,1.0116,1011,220,0,220,4,1,925,17166704683258,17167096042249,391358,0,1,33123,375396,1,,,,933,220,0,1,0,0,29,0,0
935,scan,934,1,17167155487991,,17167155610975,17167157320179,65.308,0.5467,-1.1888,-0.0440,4,0.9939,993,220,0,220,4,1,925,,,,1,1,33123,375396,1,,,,934,220,0,1,0,0,29,0,0
936,scan,935,1,17167205431901,,17167205568094,17167207259335,65.358,0.5542,-1.1891,-0.0440,4,1.0015,1001,220,0,220,2,1,926,17166754758096,17167171275569,416517,0,1,33123,377272,1,,,,935,220,0,1,0,0,29,0,0
937,scan,936,1,17167255364916,,17167255488462,17167257340530,65.408,0.5691,-1.1898,-0.0440,4,0.9907,990,220,0,220,2,1,928,17166854860020,17167250387830,395527,0,1,33123,378141,1,,,,936,220,0,1,0,0,29,0,0
938,scan,937,1,17167305722217,,17167305854121,17167307289969,65.458,0.5766,-1.1901,-0.0440,4,1.0005,1000,220,0,220,0,1,929,17166904839542,17167265778039,360938,0,1,33123,378219,1,,,,937,220,0,1,0,0,29,0,0
939,scan,938,1,17167355166777,,17167355296170,17167357327737,65.508,0.5915,-1.1908,-0.0440,4,0.9921,992,220,0,220,2,1,930,17166954890733,17167323276588,368385,0,1,33123,378261,1,,,,938,220,0,1,0,0,29,0,0
940,scan,939,1,17167405463802,,17167405597670,17167407255474,65.558,0.5990,-1.1911,-0.0440,4,0.9905,990,220,0,220,0,1,931,17167005255986,17167368464496,363208,0,1,33123,377772,1,,,,939,220,0,1,0,0,29,0,0
941,scan,940,1,17167455297216,,17167455430982,17167457268485,65.608,0.6139,-1.1918,-0.0440,4,1.0019,1001,220,0,220,3,1,932,17167055123569,17167415338716,360215,0,1,33123,377624,1,,,,940,220,0,1,0,0,29,0,0
942,scan,941,1,17167505355534,,17167505503081,17167507241150,65.658,0.6214,-1.1921,-0.0440,4,0.9787,978,220,-1,220,3,1,932,,,,1,1,33123,378177,1,,,,941,220,-1,1,0,0,29,0,0
943,scan,942,1,17167555664557,,17167555795383,17167558175934,65.708,0.6363,-1.1927,-0.0440,4,0.9996,999,220,-1,220,3,1,934,17167155529770,17167516378762,360848,0,1,33123,377583,1,,,,942,220,-1,1,0,0,29,0,0
944,scan,943,1,17167606104509,,17167606237213,17167608367905,65.758,0.6438,-1.1931,-0.0441,4,0.9912,991,220,0,220,0,1,935,17167205478486,17167595340834,389862,0,1,33123,378188,1,,,,943,220,0,1,0,0,29,0,0
,wdog,,,,,,17167756736233,,,,,,,,,,,,,,,,,,,,,,,,,943,0,0,1,3,0,29,0,
