line,kind,seq,flag,t_scan_rx_ns,t_flag_rx_ns,t_uart_tx_ns,t_c_rx_ns,sim_time,x,y,yaw,wp_i,min_range,min_mm,local_v,local_w,edge_v,edge_w,edge_ok,edge_seq_used,t_send_ns,t_recv_ns,rtt_us,held,deadline_miss,rtt_min_us,rtt_win_us,rtt_degraded,t_det_rtt_ns,flag_seq,t_det_meta_ns,c_seq,v_out,w_out,mode,state,switch_us,n_sw,bad_lines,lost
1,settle,0,0,20489135898451,,20489135969080,20489138906592,25.112,0.0000,0.0000,0.0000,0,0.6067,606,0,0,0,0,0,,,,,,,,,,,,,0,0,0,0,0,25,52,0,0
2,scan,1,0,20489182967214,,20489183118888,20489184482837,25.612,0.0001,-0.0000,0.0000,0,0.5964,596,220,0,0,0,0,,,,,1,1,,,0,,,,1,0,0,0,0,0,52,0,0
3,scan,2,0,20489232887479,,20489233021391,20489234548322,25.662,0.0001,-0.0000,0.0000,0,0.5962,596,220,0,0,0,0,,,,,1,1,,,0,,,,2,0,0,0,0,0,52,0,0
4,scan,3,0,20489282836283,,20489282994726,20489284657352,25.712,0.0001,-0.0000,0.0000,0,0.6040,604,220,0,220,1,1,1,20489183029136,20489248034339,65005,0,1,65005,65005,0,,,,3,220,1,0,0,0,52,0,0
5,scan,4,0,20489332737368,,20489332868894,20489334517834,25.762,0.0012,-0.0000,0.0000,0,0.5898,589,220,0,220,1,1,2,20489232934326,20489300646611,67712,0,1,65005,66358,0,,,,4,220,1,0,0,0,52,0,0
6,scan,5,0,20489382924537,,20489383061590,20489385386664,25.812,0.0035,-0.0000,0.0000,0,0.6032,603,220,0,220,1,1,3,20489282902174,20489350512247,67610,0,1,65005,66776,0,,,,5,220,1,0,0,0,52,0,0
7,scan,6,0,20489433723466,,20489433961483,20489435496184,25.862,0.0116,-0.0000,-0.0000,0,0.5813,581,220,0,220,1,1,4,20489332777760,20489400851278,68073,0,1,65005,67100,0,,,,6,220,1,0,0,0,52,0,0
8,scan,7,0,20489483506701,,20489483639632,20489485717169,25.912,0.0174,-0.0000,-0.0000,0,0.5821,582,220,0,220,1,1,5,20489382975468,20489450469818,67494,0,1,65005,67179,0,,,,7,220,1,0,0,0,52,0,0
9,scan,8,0,20489533508979,,20489533643951,20489536309212,25.962,0.0243,-0.0000,-0.0000,0,0.5779,577,220,0,220,1,1,6,20489433850476,20489501442765,67592,0,1,65005,67248,0,,,,8,220,1,0,0,0,52,0,0
10,scan,9,0,20489583300593,,20489583445067,20489585827272,26.012,0.0393,-0.0000,0.0000,0,0.5662,566,220,0,220,1,1,7,20489483555389,20489549481025,65925,0,1,65005,67059,0,,,,9,220,1,0,0,0,52,0,0
11,scan,10,0,20489634017297,,20489634158164,20489636548086,26.062,0.0467,-0.0000,0.0001,0,0.5430,543,220,0,220,1,1,8,20489533554127,20489597808016,64253,0,1,64253,66708,0,,,,10,220,1,0,0,0,52,0,0
12,scan,11,0,20489684089820,,20489684266019,20489686577495,26.112,0.0617,-0.0000,0.0002,0,0.5382,538,220,0,220,1,1,9,20489583351958,20489648262260,64910,0,1,64253,66508,0,,,,11,220,1,0,0,0,52,0,0
13,scan,12,0,20489734066500,,20489734215849,20489736472649,26.162,0.0692,-0.0000,0.0002,0,0.5334,533,220,0,220,1,1,10,20489634067342,20489698628650,64561,0,1,64253,66314,0,,,,12,220,1,0,0,0,52,0,0
14,scan,13,0,20489783577566,,20489783709093,20489785545650,26.212,0.0841,0.0000,0.0003,0,0.5277,527,220,-1,220,1,1,11,20489684153518,20489748288904,64135,0,1,64135,66115,0,,,,13,220,1,0,0,0,52,0,0
15,scan,14,0,20489833534198,,20489833694087,20489835732460,26.262,0.0916,0.0000,0.0003,0,0.5218,521,220,-1,220,1,1,12,20489734119432,20489798438396,64318,0,1,64135,65966,0,,,,14,220,1,0,0,0,52,0,0
16,scan,15,0,20489884063957,,20489884195645,20489886459659,26.312,0.1066,0.0000,0.0004,0,0.4951,495,220,-1,220,1,1,13,20489783626742,20489848148681,64521,0,1,64135,65855,0,,,,15,220,1,0,0,0,52,0,0
17,scan,16,0,20489933810115,,20489933991535,20489935566025,26.362,0.1140,0.0000,0.0004,0,0.4977,497,220,-1,220,1,1,14,20489833602734,20489901359223,67756,0,1,64135,65990,0,,,,16,220,1,0,0,0,52,0,0
18,scan,17,0,20489983572227,,20489983702957,20489985653541,26.412,0.1290,0.0000,0.0005,0,0.4922,492,220,-1,220,1,1,15,20489884107862,20489951278455,67170,0,1,64135,66069,0,,,,17,220,1,0,0,0,52,0,0
19,scan,18,0,20490033769174,,20490033900954,20490035562108,26.462,0.1365,0.0000,0.0005,0,0.4816,481,220,-1,220,1,1,16,20489933890053,20490000236733,66346,0,1,64135,66086,0,,,,18,220,1,0,0,0,52,0,0
20,scan,19,0,20490083889882,,20490084061900,20490085565943,26.512,0.1514,0.0000,0.0006,0,0.4799,479,220,-1,220,1,1,17,20489983617053,20490050511108,66894,0,1,64135,66134,0,,,,19,220,1,0,0,0,52,0,0
21,scan,20,0,20490133813365,,20490133954985,20490135646735,26.562,0.1589,0.0000,0.0006,0,0.4595,459,220,-1,220,1,1,18,20490033818027,20490101022334,67204,0,1,64135,66193,0,,,,20,220,1,0,0,0,52,0,0
22,scan,21,0,20490183746065,,20490183883609,20490185477417,26.612,0.1739,0.0000,0.0007,0,0.4691,469,220,-1,220,-1,1,19,20490083939118,20490151293731,67354,0,1,64135,66254,0,,,,21,220,-1,0,0,0,52,0,0
23,scan,22,0,20490233769430,,20490233931320,20490235490953,26.662,0.1814,0.0000,0.0007,0,0.4452,445,220,-1,220,-1,1,20,20490133862808,20490201495325,67632,0,1,64135,66323,0,,,,22,220,-1,0,0,0,52,0,0
24,scan,23,0,20490283703471,,20490283836232,20490285645086,26.712,0.1963,0.0001,0.0007,0,0.4416,441,220,-1,220,-1,1,21,20490183800650,20490251412058,67611,0,1,64135,66385,0,,,,23,220,-1,0,0,0,52,0,0
25,scan,24,0,20490333631204,,20490333754715,20490335475709,26.762,0.2038,0.0001,0.0006,0,0.4285,428,220,-1,220,-1,1,22,20490233823084,20490301047538,67224,0,1,64135,66423,0,,,,24,220,-1,0,0,0,52,0,0
26,scan,25,0,20490384043642,,20490384173879,20490386396599,26.812,0.2113,0.0001,0.0005,0,0.4225,422,220,-1,220,-1,1,23,20490283741890,20490350544801,66802,0,1,64135,66439,0,,,,25,220,-1,0,0,0,52,0,0
27,scan,26,0,20490433960771,,20490434084026,20490435521058,26.862,0.2263,0.0001,0.0005,0,0.4128,412,220,-1,220,-1,1,24,20490333675770,20490401373819,67698,0,1,64135,66492,0,,,,26,220,-1,0,0,0,52,0,0
28,scan,27,0,20490483737726,,20490483864117,20490485566008,26.912,0.2338,0.0001,0.0005,0,0.4150,414,220,-1,220,-1,1,25,20490384091279,20490452600190,68508,0,1,64135,66572,0,,,,27,220,-1,0,0,0,52,0,0
29,scan,28,0,20490533842394,,20490533961360,20490535479426,26.962,0.2487,0.0001,0.0004,0,0.4106,410,220,-1,220,1,1,26,20490434004132,20490501457694,67453,0,1,64135,66606,0,,,,28,220,1,0,0,0,52,0,0
30,scan,29,0,20490584046284,,20490584173188,20490586400363,27.012,0.2562,0.0001,0.0004,0,0.4058,405,220,-1,220,1,1,27,20490483784352,20490550439018,66654,0,1,64135,66608,0,,,,29,220,1,0,0,0,52,0,0
31,scan,30,0,20490634098768,,20490634239545,20490636433529,27.062,0.2712,0.0001,0.0004,0,0.3924,392,220,-1,220,1,1,28,20490533884959,20490601558598,67673,0,1,64135,66646,0,,,,30,220,1,0,1,0,52,0,0
32,scan,31,0,20490684357924,,20490684528072,20490686987231,27.112,0.2786,0.0001,0.0004,0,0.3930,393,220,-1,220,1,1,29,20490584091940,20490648541475,64449,0,1,64135,66570,0,,,,31,220,1,0,1,0,52,0,0
33,scan,32,0,20490734255246,,20490734378563,20490736845427,27.162,0.2936,0.0001,0.0006,0,0.3701,370,220,-1,220,1,1,30,20490634142836,20490701976381,67833,0,1,64135,66612,0,,,,32,220,1,0,1,0,52,0,0
34,scan,33,0,20490784464070,,20490784599959,20490786474011,27.212,0.3010,0.0001,0.0006,0,0.3893,389,220,-1,220,1,1,31,20490684407827,20490751973465,67565,0,1,64135,66643,0,,,,33,220,1,0,1,0,52,0,0
35,scan,34,0,20490834876928,,20490835003023,20490836520208,27.262,0.3160,0.0001,0.0006,0,0.3717,371,220,-1,220,-1,1,32,20490734300736,20490802218253,67917,0,1,64135,66683,0,,,,34,220,-1,0,1,0,52,0,0
36,scan,35,0,20490884788877,,20490884948710,20490886585949,27.312,0.3235,0.0001,0.0006,0,0.3690,369,220,-2,220,-1,1,33,20490784512373,20490851333397,66821,0,1,64135,66687,0,,,,35,220,-1,0,1,0,52,0,0
37,scan,36,0,20490934752376,,20490934894154,20490936605712,27.362,0.3384,0.0001,0.0007,0,0.3740,374,220,-2,220,-1,1,34,20490834919474,20490902374218,67454,0,1,64135,66710,0,,,,36,220,-1,0,1,0,52,0,0
38,scan,37,0,20490984444512,,20490984577018,20490986481930,27.412,0.3459,0.0001,0.0006,0,0.3514,351,220,-2,220,-1,1,35,20490884833422,20490952238376,67404,0,1,64135,66729,0,,,,37,220,-1,0,1,0,52,0,0
39,scan,38,0,20491034451819,,20491034630041,20491036471550,27.462,0.3609,0.0001,0.0004,0,0.3651,365,220,-1,220,-1,1,36,20490934804891,20491001106364,66301,0,1,64135,66718,0,,,,38,220,-1,0,1,0,52,0,0
40,scan,39,0,20491084341732,,20491084459977,20491086481349,27.512,0.3684,0.0001,0.0004,0,0.3599,359,220,-1,220,-1,1,37,20490984492087,20491051385771,66893,0,1,64135,66722,0,,,,39,220,-1,0,1,0,52,0,0
41,scan,40,0,20491135033474,,20491135156169,20491137358226,27.562,0.3833,0.0002,0.0004,0,0.3560,355,220,-1,220,1,1,38,20491034543599,20491101909144,67365,0,1,64135,66739,0,,,,40,220,1,0,1,0,52,0,0
42,scan,41,0,20491184847841,,20491184982612,20491186492022,27.612,0.3908,0.0002,0.0004,0,0.3610,361,220,-1,220,1,1,39,20491084383576,20491152223307,67839,0,1,64135,66767,0,,,,41,220,1,0,1,0,52,0,0
43,scan,42,0,20491234573858,,20491234729304,20491236483445,27.662,0.3983,0.0002,0.0003,0,0.3672,367,220,-1,220,1,1,40,20491135074408,20491202445316,67370,0,1,64135,66782,0,,,,42,220,1,0,1,0,52,0,0
44,scan,43,0,20491284534534,,20491284672437,20491286585710,27.712,0.4132,0.0002,0.0004,0,0.3857,385,220,-1,220,1,1,41,20491184894362,20491252419666,67525,0,1,64135,66845,0,,,,43,220,1,0,1,0,52,0,0
45,scan,44,0,20491334763459,,20491334893456,20491336556013,27.762,0.4207,0.0002,0.0005,0,0.3760,376,220,-1,220,1,1,42,20491234638634,20491302102609,67463,0,1,64135,66839,0,,,,44,220,1,0,1,0,52,0,0
46,scan,45,0,20491384605261,,20491384731409,20491386580088,27.812,0.4357,0.0002,0.0006,0,0.3951,395,220,-2,220,1,1,43,20491284577783,20491351813901,67236,0,1,64135,66830,0,,,,45,220,1,0,1,0,52,0,0
47,scan,46,0,20491434832508,,20491434956861,20491437454950,27.862,0.4432,0.0002,0.0006,0,0.6378,637,220,-2,220,0,1,44,20491334808916,20491402111260,67302,0,1,64135,66811,0,,,,46,220,0,0,0,0,52,0,0
48,scan,47,0,20491484736498,,20491484862325,20491486448216,27.912,0.4581,0.0002,0.0006,0,1.5013,1501,220,-2,220,0,1,45,20491384647791,20491452195051,67547,0,1,64135,66812,0,,,,47,220,0,0,0,0,52,0,0
49,scan,48,0,20491534633104,,20491534768361,20491536546790,27.962,0.4656,0.0002,0.0007,0,1.4946,1494,220,-2,220,0,1,46,20491434877632,20491502385016,67507,0,1,64135,66810,0,,,,48,220,0,0,0,0,52,0,0
50,scan,49,0,20491584755951,,20491584880191,20491586563679,28.012,0.4806,0.0002,0.0006,0,1.4832,1483,220,-2,220,0,1,47,20491484779056,20491552261997,67482,0,1,64135,66849,0,,,,49,220,0,0,0,0,52,0,0
51,scan,50,0,20491634843194,,20491634977783,20491636498699,28.062,0.4881,0.0002,0.0006,0,1.4788,1478,220,-2,220,0,1,48,20491534680178,20491599365785,64685,0,1,64135,66860,0,,,,50,220,0,0,0,0,52,0,0
52,scan,51,0,20491685611455,,20491685756431,20491687574684,28.112,0.5030,0.0002,0.0006,0,1.4657,1465,220,-2,220,0,1,49,20491584796315,20491652405112,67608,0,1,64135,66927,0,,,,51,220,0,0,0,0,52,0,0
53,scan,52,0,20491735494234,,20491735634317,20491737584834,28.162,0.5105,0.0002,0.0006,0,1.4583,1458,220,-2,220,0,1,50,20491634890869,20491702284173,67393,0,1,64135,66998,0,,,,52,220,0,0,0,0,52,0,0
54,scan,53,0,20491785722821,,20491785858064,20491787534742,28.212,0.5254,0.0002,0.0006,0,1.4379,1437,220,-2,220,0,1,51,20491685663573,20491750333756,64670,0,1,64135,67011,0,,,,53,220,0,0,0,0,52,0,0
55,scan,54,0,20491835931638,,20491836105829,20491837502337,28.262,0.5329,0.0002,0.0006,0,1.4216,1421,220,-2,220,0,1,52,20491735545204,20491802230657,66685,0,1,64135,67070,0,,,,54,220,0,0,0,0,52,0,0
56,scan,55,0,20491885884639,,20491886026081,20491887554595,28.312,0.5479,0.0002,0.0006,0,1.4180,1418,220,-2,220,0,1,53,20491785768648,20491853130762,67362,0,1,64135,67141,0,,,,55,220,0,0,0,0,52,0,0
57,scan,56,0,20491935668378,,20491935795114,20491937526988,28.362,0.5554,0.0003,0.0006,0,1.4156,1415,220,-2,220,0,1,54,20491835982290,20491902369292,66387,0,1,64135,67107,0,,,,56,220,0,0,0,0,52,0,0
58,scan,57,0,20491985682251,,20491985825660,20491987504205,28.412,0.5703,0.0003,0.0006,0,1.4042,1404,220,-2,220,0,1,55,20491885933639,20491952802804,66869,0,1,64135,67100,0,,,,57,220,0,0,0,0,52,0,0
59,scan,58,0,20492035537968,,20492035666843,20492037540780,28.462,0.5778,0.0003,0.0006,0,1.3839,1383,220,-2,220,0,1,56,20491935714878,20492001905268,66190,0,1,64135,67096,0,,,,58,220,0,0,0,0,52,0,0
60,scan,59,0,20492085557989,,20492085707189,20492087487666,28.512,0.5853,0.0003,0.0006,0,1.3752,1375,220,-2,220,0,1,57,20491985720122,20492052670340,66950,0,1,64135,67097,0,,,,59,220,0,0,0,0,52,0,0
61,scan,60,0,20492135864287,,20492135991497,20492137480167,28.562,0.6003,0.0003,0.0006,0,1.3601,1360,220,-2,220,0,1,58,20492035583790,20492101451352,65867,0,1,64135,67064,0,,,,60,220,0,0,0,0,52,0,0
62,scan,61,0,20492185458883,,20492185593348,20492187540405,28.612,0.6077,0.0003,0.0006,0,1.3419,1341,220,-2,220,0,1,59,20492085604941,20492153068922,67463,0,1,64135,67066,0,,,,61,220,0,0,0,0,52,0,0
63,scan,62,0,20492236175036,,20492236321961,20492238507561,28.662,0.6227,0.0003,0.0006,0,1.3431,1343,220,-2,220,0,1,60,20492135909139,20492203578116,67668,0,1,64135,67067,0,,,,62,220,0,0,0,0,52,0,0
64,scan,63,0,20492286648073,,20492286803361,20492288611334,28.712,0.6302,0.0003,0.0006,0,1.3226,1322,220,-2,220,0,1,61,20492185508367,20492252780203,67271,0,1,64135,67059,0,,,,63,220,0,0,0,0,52,0,0
65,scan,64,0,20492336280498,,20492336422268,20492338598823,28.762,0.6451,0.0003,0.0006,0,1.3167,1316,220,-2,220,0,1,62,20492236228839,20492303743062,67514,0,1,64135,67066,0,,,,64,220,0,0,0,0,52,0,0
66,scan,65,0,20492386396006,,20492386550308,20492388600656,28.812,0.6526,0.0003,0.0006,0,1.3060,1305,220,-2,220,0,1,63,20492286701031,20492354432165,67731,0,1,64135,67089,0,,,,65,220,0,0,0,0,52,0,0
67,scan,66,0,20492436111218,,20492436230882,20492438499018,28.862,0.6676,0.0003,0.0006,0,1.2979,1297,220,-2,220,0,1,64,20492336325849,20492403667292,67341,0,1,64135,67080,0,,,,66,220,0,0,0,0,52,0,0
68,scan,67,0,20492485829116,,20492485964805,20492487472802,28.912,0.6750,0.0003,0.0006,0,1.2737,1273,220,-2,220,0,1,65,20492386451508,20492454110687,67659,0,1,64135,67059,0,,,,67,220,0,0,0,0,52,0,0
69,scan,68,0,20492535714707,,20492535842442,20492537479465,28.962,0.6900,0.0003,0.0006,0,1.2708,1270,220,-3,220,0,1,66,20492436153167,20492503751475,67598,0,1,64135,67063,0,,,,68,220,0,0,0,0,52,0,0
70,scan,69,0,20492585639109,,20492585762415,20492587542039,29.012,0.6975,0.0003,0.0006,0,1.2607,1260,220,-3,220,0,1,67,20492485879707,20492553454367,67574,0,1,64135,67086,0,,,,69,220,0,0,0,0,52,0,0
71,scan,70,0,20492635611051,,20492635736417,20492637525487,29.062,0.7124,0.0003,0.0006,0,1.2593,1259,220,-3,220,0,1,68,20492535760462,20492602477816,66717,0,1,64135,67062,0,,,,70,220,0,0,0,0,52,0,0
72,scan,71,0,20492686111732,,20492686238714,20492688412004,29.112,0.7199,0.0004,0.0006,0,1.2413,1241,220,-3,220,0,1,69,20492585683241,20492653128894,67445,0,1,64135,67137,0,,,,71,220,0,0,0,0,52,0,0
73,scan,72,0,20492736355277,,20492736470936,20492738413445,29.162,0.7349,0.0004,0.0006,0,1.2271,1227,220,-3,220,0,1,70,20492635655422,20492702377857,66722,0,1,64135,67109,0,,,,72,220,0,0,0,0,52,0,0
74,scan,73,0,20492786298493,,20492786427727,20492788519850,29.212,0.7424,0.0004,0.0006,0,1.2188,1218,220,-3,220,0,1,71,20492686158234,20492753580721,67422,0,1,64135,67105,0,,,,73,220,0,0,0,0,52,0,0
75,scan,74,0,20492836827467,,20492837033026,20492839426448,29.262,0.7573,0.0004,0.0006,0,1.2019,1201,220,-3,220,0,1,72,20492736396066,20492803706586,67310,0,1,64135,67090,0,,,,74,220,0,0,0,0,52,0,0
76,scan,75,0,20492886722486,,20492886881888,20492888561600,29.312,0.7648,0.0004,0.0006,0,1.2036,1203,220,-3,220,0,1,73,20492786345075,20492853861330,67516,0,1,64135,67108,0,,,,75,220,0,0,0,0,52,0,0
77,scan,76,0,20492936625686,,20492936775587,20492938768259,29.362,0.7723,0.0004,0.0006,0,1.1888,1188,220,-3,220,0,1,74,20492836891490,20492905360509,68469,0,1,64135,67133,0,,,,76,220,0,0,0,0,52,0,0
78,scan,77,0,20492986645632,,20492986777777,20492988638810,29.412,0.7873,0.0004,0.0006,0,1.1701,1170,220,-3,220,0,1,75,20492886774368,20492953900513,67126,0,1,64135,67126,0,,,,77,220,0,0,0,0,52,0,0
79,scan,78,0,20493036536291,,20493036654459,20493038528737,29.462,0.7947,0.0004,0.0006,0,1.1561,1156,220,-3,220,0,1,76,20492936674643,20493004113176,67438,0,1,64135,67154,0,,,,78,220,0,0,0,0,52,0,0
80,scan,79,0,20493086558293,,20493086696837,20493088645647,29.512,0.8097,0.0004,0.0006,0,1.1514,1151,220,-3,220,0,1,77,20492986691885,20493054125439,67433,0,1,64135,67168,0,,,,79,220,0,0,0,0,52,0,0
81,scan,80,0,20493136675552,,20493136875182,20493139370166,29.562,0.8172,0.0004,0.0006,0,1.1372,1137,220,-3,220,0,1,78,20493036578450,20493103567194,66988,0,1,64135,67159,0,,,,80,220,0,0,0,0,52,0,0
82,scan,81,0,20493186463513,,20493186599261,20493188506390,29.612,0.8321,0.0004,0.0006,0,1.1311,1131,220,-4,220,0,1,79,20493086601332,20493154231249,67629,0,1,64135,67153,0,,,,81,220,0,0,0,0,52,0,0
83,scan,82,0,20493236384600,,20493236512239,20493238647391,29.662,0.8396,0.0004,0.0006,0,1.1183,1118,220,-4,220,0,1,80,20493136759047,20493204438079,67679,0,1,64135,67161,0,,,,82,220,0,0,0,0,52,0,0
84,scan,83,0,20493286396160,,20493286527313,20493288614520,29.712,0.8546,0.0004,0.0006,0,1.1190,1118,220,-4,220,0,1,81,20493186511464,20493254175860,67664,0,1,64135,67164,0,,,,83,220,0,0,0,0,52,0,0
85,scan,84,0,20493336410360,,20493336549712,20493338515097,29.762,0.8621,0.0004,0.0006,0,1.1055,1105,220,-4,220,0,1,82,20493236432474,20493303787106,67354,0,1,64135,67162,0,,,,84,220,0,0,0,0,52,0,0
86,scan,85,0,20493386523403,,20493386682763,20493388551681,29.812,0.8770,0.0004,0.0006,0,1.0866,1086,220,-4,220,0,1,83,20493286440283,20493354112270,67671,0,1,64135,67173,0,,,,85,220,0,0,0,0,52,0,0
87,scan,86,0,20493436742558,,20493436901773,20493438568718,29.862,0.8845,0.0005,0.0006,0,1.0751,1075,220,-4,220,0,1,84,20493336459523,20493404059558,67600,0,1,64135,67180,0,,,,86,220,0,0,0,0,52,0,0
88,scan,87,0,20493486747380,,20493486885972,20493489441395,29.912,0.8995,0.0005,0.0006,0,1.0677,1067,220,-4,220,0,1,85,20493386568862,20493453891128,67322,0,1,64135,67174,0,,,,87,220,0,0,0,0,52,0,0
89,scan,88,0,20493536754265,,20493536881195,20493538549867,29.962,0.9069,0.0005,0.0006,0,1.0590,1058,220,-4,220,0,1,86,20493436798631,20493504203939,67405,0,1,64135,67172,0,,,,88,220,0,0,0,0,52,0,0
90,scan,89,0,20493586772712,,20493586898256,20493588563818,30.012,0.9219,0.0005,0.0006,0,1.0395,1039,220,-5,220,0,1,87,20493486794898,20493551334451,64539,0,1,64135,67098,0,,,,89,220,0,0,0,0,52,0,0
91,scan,90,0,20493636816706,,20493636953329,20493638570402,30.062,0.9294,0.0005,0.0006,0,1.0342,1034,220,-5,220,0,1,88,20493536798355,20493601336211,64537,0,1,64135,67095,0,,,,90,220,0,0,0,0,52,0,0
92,scan,91,0,20493686921824,,20493687123709,20493688485653,30.112,0.9443,0.0005,0.0006,0,1.0275,1027,220,-5,220,0,1,89,20493586817322,20493651226232,64408,0,1,64135,67015,0,,,,91,220,0,0,0,0,52,0,0
93,scan,92,0,20493736822344,,20493736943378,20493738556824,30.162,0.9518,0.0005,0.0006,0,1.0109,1010,220,-5,220,0,1,90,20493636864000,20493701461152,64597,0,1,64135,66945,0,,,,92,220,0,0,0,0,52,0,0
94,scan,93,0,20493786984600,,20493787123225,20493788611358,30.212,0.9593,0.0005,0.0006,0,0.9919,991,220,-5,220,0,1,91,20493686986594,20493751704943,64718,0,1,64135,66946,0,,,,93,220,0,0,0,0,52,0,0
95,scan,94,0,20493837040565,,20493837174044,20493838502581,30.262,0.9743,0.0005,0.0006,0,0.9847,984,220,-6,220,0,1,92,20493736870469,20493800825406,63954,0,1,63954,66878,0,,,,94,220,0,0,0,0,52,0,0
96,scan,95,0,20493887146057,,20493887278743,20493889394620,30.312,0.9817,0.0005,0.0006,0,0.9728,972,220,-6,220,-8,1,93,20493787033769,20493851542429,64508,0,1,63954,66806,0,,,,95,220,-8,0,0,0,52,0,0
97,scan,96,0,20493937197156,,20493937339262,20493939468523,30.362,0.9967,0.0005,0.0006,0,0.9731,973,220,-6,220,-9,1,94,20493837086655,20493901665709,64579,0,1,63954,66761,0,,,,96,220,-9,0,0,0,52,0,0
98,scan,97,0,20493987518088,,20493987648410,20493989527752,30.412,1.0042,0.0005,0.0003,0,0.9506,950,220,-6,220,-9,1,95,20493887194032,20493954042146,66848,0,1,63954,66761,0,,,,97,220,-9,0,0,0,52,0,0
99,scan,98,0,20494037293001,,20494037416312,20494039566238,30.462,1.0191,0.0005,-0.0006,0,0.9431,943,220,-5,220,-10,1,96,20493937242492,20494004994653,67752,0,1,63954,66800,0,,,,98,220,-10,0,0,0,52,0,0
100,scan,99,0,20494087488455,,20494087617452,20494089537695,30.512,1.0266,0.0005,-0.0009,0,0.9325,932,220,-4,220,-8,1,97,20493987565832,20494053996661,66430,0,1,63954,66787,0,,,,99,220,-8,0,0,0,52,0,0
101,scan,100,0,20494137469995,,20494137607631,20494139622096,30.562,1.0416,0.0005,-0.0014,0,0.9201,920,220,-4,220,-7,1,98,20494037335332,20494103564326,66228,0,1,63954,66796,0,,,,100,220,-7,0,0,0,52,0,0
102,scan,101,0,20494187481048,,20494187612675,20494189528831,30.612,1.0491,0.0005,-0.0016,0,0.9071,907,220,-3,220,-7,1,99,20494087533617,20494153321347,65787,0,1,63954,66754,0,,,,101,220,-7,0,0,0,52,0,0
103,scan,102,0,20494237601646,,20494237740085,20494239521086,30.662,1.0640,0.0005,-0.0022,1,0.8988,898,0,1000,220,-8,1,100,20494137526294,20494204680446,67154,0,1,63954,66741,0,,,,102,220,-8,0,0,0,52,0,0
104,scan,103,0,20494288241394,,20494288379187,20494290536285,30.712,1.0715,0.0004,-0.0024,1,0.8903,890,0,1000,220,5,1,101,20494187531147,20494254153325,66622,0,1,63954,66725,0,,,,103,220,5,0,0,0,52,0,0
105,scan,104,0,20494338030955,,20494338189875,20494340397741,30.762,1.0865,0.0004,-0.0028,1,0.8796,879,0,1000,0,999,1,102,20494237650874,20494305208000,67557,0,1,63954,66726,0,,,,104,0,999,0,0,0,52,0,0
106,scan,105,0,20494387837235,,20494387988464,20494389515108,30.812,1.0939,0.0004,-0.0027,1,0.8699,869,0,1000,0,999,1,103,20494288291420,20494355572237,67280,0,1,63954,66714,0,,,,105,0,999,0,0,0,52,0,0
107,scan,106,0,20494437585891,,20494437722795,20494439583046,30.862,1.1054,0.0004,-0.0021,1,0.8570,857,0,1000,0,999,1,104,20494338085882,20494405488794,67402,0,1,63954,66716,0,,,,106,0,999,0,0,0,52,0,0
108,scan,107,0,20494487757594,,20494487891213,20494489506741,30.912,1.1095,0.0003,-0.0020,1,0.8543,854,0,1000,0,999,1,105,20494387890384,20494455789607,67899,0,1,63954,66722,0,,,,107,0,999,0,0,0,52,0,0
109,scan,108,0,20494537610024,,20494537725834,20494539521648,30.962,1.1145,0.0003,-0.0010,1,0.8438,843,0,1000,0,999,1,106,20494437632758,20494505389700,67756,0,1,63954,66726,0,,,,108,0,999,0,0,0,52,0,0
110,scan,109,0,20494587882260,,20494588055478,20494589481576,31.012,1.1162,0.0003,0.0062,1,0.8472,847,0,1000,0,999,1,107,20494487804330,20494554613677,66809,0,1,63954,66707,0,,,,109,0,999,0,0,0,52,0,0
111,scan,110,0,20494638391122,,20494638585324,20494640620133,31.062,1.1172,0.0004,0.0242,1,0.8508,850,0,1000,0,999,1,108,20494537647329,20494605356039,67708,0,1,63954,66732,0,,,,110,0,999,0,0,0,52,0,0
112,scan,111,0,20494687897064,,20494688095379,20494689554316,31.112,1.1176,0.0004,0.0930,1,0.8416,841,0,1000,0,999,1,109,20494587931199,20494655883917,67952,0,1,63954,66744,0,,,,111,0,999,0,0,0,52,0,0
113,scan,112,0,20494737864506,,20494738013094,20494739503599,31.162,1.1176,0.0003,0.1352,1,0.8386,838,0,1000,0,999,1,110,20494638459681,20494705861755,67402,0,1,63954,66761,0,,,,112,0,999,0,0,0,52,0,0
114,scan,113,0,20494787628063,,20494787763958,20494789571574,31.212,1.1175,0.0003,0.2057,1,0.8483,848,0,1000,0,999,1,111,20494687954691,20494755573404,67618,0,1,63954,66766,0,,,,113,0,999,0,0,0,52,0,0
115,scan,114,0,20494837922387,,20494838060519,20494839544931,31.262,1.1174,0.0003,0.2341,1,0.8418,841,0,1000,0,999,1,112,20494737917204,20494805450754,67533,0,1,63954,66772,0,,,,114,0,999,0,0,0,52,0,0
116,scan,115,0,20494887974559,,20494888140000,20494889452325,31.312,1.1173,0.0003,0.2982,1,0.8480,848,0,1000,0,999,1,113,20494787677743,20494854508123,66830,0,1,63954,66755,0,,,,115,0,999,0,0,0,52,0,0
117,scan,116,0,20494938010942,,20494938140824,20494940392209,31.362,1.1172,0.0002,0.3354,1,0.8443,844,0,1000,0,999,1,114,20494837972167,20494905242192,67270,0,1,63954,66725,0,,,,116,0,999,0,0,0,52,0,0
118,scan,117,0,20494988049884,,20494988185058,20494990403414,31.412,1.1171,0.0002,0.4070,1,0.8366,836,0,1000,0,999,1,115,20494888049276,20494955070007,67020,0,1,63954,66722,0,,,,117,0,999,0,0,0,52,0,0
119,scan,118,0,20495038543634,,20495038736058,20495040510710,31.462,1.1171,0.0002,0.4392,1,0.8421,842,0,1000,0,999,1,116,20494938056522,20495008394469,70337,0,1,63954,66794,0,,,,118,0,999,0,0,0,52,0,0
120,scan,119,0,20495088349870,,20495088488878,20495090723010,31.512,1.1170,0.0001,0.5039,1,0.8429,842,0,1000,0,999,1,117,20494988095200,20495052386409,64291,0,1,63954,66716,0,,,,119,0,999,0,0,0,52,0,0
121,scan,120,0,20495138497693,,20495138681627,20495140597456,31.562,1.1169,0.0001,0.5387,1,0.8526,852,0,1000,0,999,1,118,20495038612432,20495105934301,67321,0,1,63954,66724,0,,,,120,0,999,0,0,0,52,0,0
122,scan,121,0,20495188387355,,20495188537918,20495190534672,31.612,1.1168,0.0000,0.6090,1,0.8388,838,0,1000,0,999,1,119,20495088396830,20495156103570,67706,0,1,63954,66726,0,,,,121,0,999,0,0,0,52,0,0
123,scan,122,0,20495238357072,,20495238479218,20495240522593,31.662,1.1168,-0.0000,0.6427,1,0.8404,840,0,1000,0,999,1,120,20495138555509,20495205729604,67174,0,1,63954,66714,0,,,,122,0,999,0,0,0,52,0,0
124,scan,123,0,20495288809594,,20495288950623,20495290532990,31.712,1.1167,-0.0001,0.7087,1,0.8436,843,0,1000,0,999,1,121,20495188438418,20495256178865,67740,0,1,63954,66715,0,,,,123,0,999,0,0,0,52,0,0
125,scan,124,0,20495338804636,,20495338933166,20495340522961,31.762,1.1167,-0.0001,0.7427,1,0.8489,848,0,1000,0,999,1,122,20495238400119,20495306584504,68184,0,1,63954,66736,0,,,,124,0,999,0,0,0,52,0,0
126,scan,125,0,20495389155094,,20495389277437,20495391505111,31.812,1.1166,-0.0002,0.8117,1,0.8419,841,0,1000,0,999,1,123,20495288859629,20495356832730,67973,0,1,63954,66744,0,,,,125,0,999,0,0,0,52,0,0
127,scan,126,0,20495438990349,,20495439160130,20495441472117,31.862,1.1166,-0.0003,0.8458,1,0.8253,825,0,1000,0,999,1,124,20495338851341,20495406137952,67286,0,1,63954,66736,0,,,,126,0,999,0,0,0,52,0,0
128,scan,127,0,20495488926072,,20495489081686,20495490687026,31.912,1.1165,-0.0003,0.8795,1,0.8552,855,0,1000,0,999,1,125,20495389192903,20495456863750,67670,0,1,63954,66745,0,,,,127,0,999,0,0,0,52,0,0
129,scan,128,0,20495538833946,,20495538978916,20495540571902,31.962,1.1165,-0.0004,0.9468,1,0.8529,852,0,1000,0,999,1,126,20495439049036,20495506556431,67507,0,1,63954,66747,0,,,,128,0,999,0,0,0,52,0,0
130,scan,129,0,20495588932897,,20495589060920,20495590486202,32.012,1.1164,-0.0005,0.9809,1,0.6560,656,0,1000,0,999,1,127,20495488980289,20495556395258,67414,0,1,63954,66819,0,,,,129,0,999,0,0,0,52,0,0
131,scan,130,0,20495638863455,,20495638991014,20495640499139,32.062,1.1164,-0.0006,1.0493,1,0.5999,599,0,904,0,999,1,128,20495538880470,20495606200383,67319,0,1,63954,66889,0,,,,130,0,999,0,0,0,52,0,0
132,scan,131,0,20495688771151,,20495688904243,20495690573928,32.112,1.1164,-0.0006,1.0832,1,0.5780,578,0,836,0,998,1,129,20495588978861,20495656470242,67491,0,1,63954,66966,0,,,,131,0,998,0,0,0,52,0,0
133,scan,132,0,20495738982085,,20495739106908,20495741440051,32.162,1.1163,-0.0008,1.1507,1,0.5455,545,220,701,0,911,1,130,20495638907535,20495706382793,67475,0,1,63954,67038,0,,,,132,0,911,0,0,0,52,0,0
134,scan,133,0,20495789304052,,20495789460100,20495791575391,32.212,1.1163,-0.0008,1.1846,1,0.5533,553,220,633,0,839,1,131,20495688817420,20495756280242,67462,0,1,63954,67106,0,,,,133,0,839,0,0,0,52,0,0
135,scan,134,0,20495839125176,,20495839266561,20495841535579,32.262,1.1163,-0.0009,1.2487,1,0.5485,548,220,505,220,690,1,132,20495739025989,20495806354000,67328,0,1,63954,67191,0,,,,134,220,690,0,0,0,52,0,0
136,scan,135,0,20495889595210,,20495889739946,20495891697990,32.312,1.1163,-0.0010,1.2760,1,0.5526,552,220,450,220,617,1,133,20495789359559,20495856528085,67168,0,1,63954,67257,0,,,,135,220,617,0,0,0,52,0,0
137,scan,136,0,20495939538492,,20495939676503,20495941761873,32.362,1.1171,0.0023,1.3350,1,0.5513,551,220,333,220,489,1,134,20495839176625,20495906178475,67001,0,1,63954,67318,0,,,,136,220,489,0,0,0,52,0,0
138,scan,137,0,20495989695420,,20495989842444,20495991537927,32.412,1.1179,0.0056,1.3736,1,0.5463,546,220,257,220,435,1,135,20495889639165,20495957250389,67611,0,1,63954,67337,0,,,,137,220,435,0,0,0,52,0,0
139,scan,138,0,20496039541261,,20496039707563,20496041504805,32.462,1.1195,0.0157,1.4521,1,0.5381,538,220,102,220,319,1,136,20495939578387,20496006646803,67068,0,1,63954,67320,0,,,,138,220,319,0,0,0,52,0,0
140,scan,139,0,20496089212725,,20496089342981,20496091574257,32.512,1.1201,0.0220,1.4843,1,0.5308,530,220,38,220,245,1,137,20495989745978,20496054263080,64517,0,1,63954,67272,0,,,,139,220,245,0,0,0,52,0,0
141,scan,140,0,20496139350825,,20496139473443,20496141488665,32.562,1.1210,0.0359,1.5191,1,0.5309,530,220,-32,220,96,1,138,20496039597883,20496106292718,66694,0,1,63954,67283,0,,,,140,220,96,0,0,0,52,0,0
142,scan,141,0,20496190173967,,20496190310417,20496192504187,32.612,1.1214,0.0434,1.5207,1,0.5212,521,220,-35,220,37,1,139,20496089257739,20496156456435,67198,0,1,63954,67319,0,,,,141,220,37,0,0,0,52,0,0
143,scan,142,0,20496240317930,,20496240450765,20496242488324,32.662,1.1222,0.0583,1.5162,1,0.5048,504,220,-27,220,-29,1,140,20496139393248,20496205341415,65948,0,1,63954,67289,0,,,,142,220,-29,0,0,0,52,0,0
144,scan,143,0,20496290094041,,20496290224753,20496292439416,32.712,1.1226,0.0658,1.5176,1,0.4968,496,220,-30,220,-34,1,141,20496190223361,20496257994514,67771,0,1,63954,67317,0,,,,143,220,-34,0,0,0,52,0,0
145,scan,144,0,20496340445824,,20496340589412,20496342516736,32.762,1.1230,0.0733,1.5209,1,0.4820,481,220,-37,220,-24,1,142,20496240359052,20496307546806,67187,0,1,63954,67308,0,,,,144,220,-24,0,0,0,52,0,0
146,scan,145,0,20496390067094,,20496390206515,20496392460773,32.812,1.1237,0.0882,1.5207,1,0.4788,478,220,-37,220,-27,1,143,20496290140622,20496357675234,67534,0,1,63954,67314,0,,,,145,220,-27,0,0,0,52,0,0
147,scan,146,0,20496440231336,,20496440351760,20496442433474,32.862,1.1241,0.0957,1.5169,1,0.4532,453,220,-29,220,-34,1,144,20496340497223,20496408077665,67580,0,1,63954,67319,0,,,,146,220,-34,0,0,0,52,0,0
148,scan,147,0,20496490015522,,20496490166316,20496492449627,32.912,1.1250,0.1106,1.5128,1,0.4642,464,220,-22,220,-34,1,145,20496390113029,20496457682694,67569,0,1,63954,67311,0,,,,147,220,-34,0,0,0,52,0,0
149,scan,148,0,20496539855868,,20496539996863,20496541591263,32.962,1.1254,0.1181,1.5135,1,0.4353,435,220,-23,220,-27,1,146,20496440276093,20496507911976,67635,0,1,63954,67308,0,,,,148,220,-27,0,0,0,52,0,0
150,scan,149,0,20496589861354,,20496589987248,20496591475130,33.012,1.1263,0.1330,1.5131,1,0.4327,432,220,-23,220,-20,1,147,20496490069499,20496557618644,67549,0,1,63954,67326,0,,,,149,220,-20,0,0,0,52,0,0
151,scan,150,0,20496640239981,,20496640364915,20496642528060,33.062,1.1267,0.1405,1.5112,1,0.4340,434,220,-19,220,-20,1,148,20496539914310,20496606268903,66354,0,1,63954,67292,0,,,,150,220,-20,0,0,0,52,0,0
152,scan,151,0,20496689881782,,20496690010173,20496691642148,33.112,1.1276,0.1554,1.5083,1,0.4212,421,220,-13,220,-21,1,149,20496589904892,20496657492844,67587,0,1,63954,67283,0,,,,151,220,-21,0,0,0,52,0,0
153,scan,152,0,20496740125833,,20496740265531,20496742660492,33.162,1.1281,0.1629,1.5082,1,0.4144,414,220,-13,220,-16,1,150,20496640283724,20496707888389,67604,0,1,63954,67288,0,,,,152,220,-16,0,0,0,52,0,0
154,scan,153,0,20496790243982,,20496790385439,20496792462315,33.212,1.1290,0.1778,1.5082,1,0.4119,411,220,-13,220,-10,1,151,20496689923387,20496757611357,67687,0,1,63954,67290,0,,,,153,220,-10,0,0,0,52,0,0
155,scan,154,0,20496840651556,,20496840782996,20496842438841,33.262,1.1295,0.1853,1.5073,1,0.4043,404,220,-12,220,-11,1,152,20496740176572,20496807838326,67661,0,1,63954,67293,0,,,,154,220,-11,0,0,0,52,0,0
156,scan,155,0,20496890575287,,20496890700408,20496892523551,33.312,1.1305,0.2002,1.5056,1,0.3922,392,220,-9,220,-11,1,153,20496790289875,20496857975255,67685,0,1,63954,67314,0,,,,155,220,-11,0,1,0,52,0,0
157,scan,156,0,20496940659396,,20496940788039,20496942563071,33.362,1.1309,0.2077,1.5055,1,0.3762,376,220,-8,220,-10,1,154,20496840698325,20496908831386,68133,0,1,63954,67336,0,,,,156,220,-10,0,1,0,52,0,0
158,scan,157,0,20496990688770,,20496990836288,20496992604610,33.412,1.1319,0.2226,1.5055,1,0.3754,375,220,-8,220,-8,1,155,20496890618664,20496957849825,67231,0,1,63954,67341,0,,,,157,220,-8,0,1,0,52,0,0
159,scan,158,0,20497040738241,,20497040862915,20497042515378,33.462,1.1324,0.2301,1.5051,1,0.3639,363,220,-8,220,-8,1,156,20496940704274,20497008156721,67452,0,1,63954,67269,0,,,,158,220,-8,0,1,0,52,0,0
160,scan,159,0,20497090635058,,20497090766563,20497092571469,33.512,1.1334,0.2451,1.5040,1,0.3712,371,220,-6,220,-6,1,157,20496990734916,20497058119142,67384,0,1,63954,67346,0,,,,159,220,-6,0,1,0,52,0,0
161,scan,160,0,20497140671585,,20497140799860,20497142482049,33.562,1.1339,0.2525,1.5037,1,0.3619,361,220,-5,220,-7,1,158,20497040783041,20497108183448,67400,0,1,63954,67348,0,,,,160,220,-7,0,1,0,52,0,0
162,scan,161,0,20497190673217,,20497190816917,20497192810977,33.612,1.1344,0.2600,1.5036,1,0.3466,346,220,-5,220,-5,1,159,20497090683716,20497157024244,66340,0,1,63954,67314,0,,,,161,220,-5,0,1,0,52,0,0
163,scan,162,0,20497240756250,,20497240882834,20497242525960,33.662,1.1354,0.2749,1.5034,1,0.3396,339,220,-5,220,-4,1,160,20497140716314,20497207150859,66434,0,1,63954,67296,0,,,,162,220,-4,0,1,0,52,0,0
164,scan,163,0,20497290791705,,20497290927706,20497292655937,33.712,1.1359,0.2824,1.5031,1,0.3425,342,220,-4,220,-5,1,161,20497190726546,20497258110262,67383,0,1,63954,67287,0,,,,163,220,-5,0,1,0,52,0,0
165,scan,164,0,20497340770517,,20497340901957,20497342478622,33.762,1.1369,0.2973,1.5026,1,0.3265,326,220,-3,220,-3,1,162,20497240803316,20497307755172,66951,0,1,63954,67256,0,,,,164,220,-3,0,1,0,52,0,0
166,scan,165,0,20497390934762,,20497391088185,20497392618181,33.812,1.1375,0.3048,1.5026,1,0.3321,332,220,-3,220,-2,1,163,20497290840174,20497358711072,67870,0,1,63954,67253,0,,,,165,220,-2,0,1,0,52,0,0
167,scan,166,0,20497440994965,,20497441121353,20497443398301,33.862,1.1385,0.3197,1.5025,1,0.3273,327,220,-3,220,-2,1,164,20497340815390,20497408530594,67715,0,1,63954,67264,0,,,,166,220,-2,0,1,0,52,0,0
168,scan,167,0,20497491161346,,20497491289902,20497493398593,33.912,1.1390,0.3271,1.5024,1,0.3164,316,220,-3,220,-3,1,165,20497390988291,20497455362400,64374,0,1,63954,67182,0,,,,167,220,-3,0,1,0,52,0,0
169,scan,168,0,20497540788436,,20497540918561,20497542561240,33.962,1.1400,0.3420,1.5022,1,0.3057,305,220,-3,220,-2,1,166,20497441038948,20497508072470,67033,0,1,63954,67170,0,,,,168,220,-2,0,1,0,52,0,0
170,scan,169,0,20497590666943,,20497590805988,20497592633446,34.012,1.1405,0.3495,1.5021,1,0.3074,307,220,-2,220,-1,1,167,20497491206541,20497558399475,67192,0,1,63954,67164,0,,,,169,220,-1,0,1,0,52,0,0
171,scan,170,0,20497640693304,,20497640847130,20497642567242,34.062,1.1415,0.3644,1.5020,1,0.3177,317,220,-2,220,-1,1,168,20497540833748,20497608426598,67592,0,1,63954,67171,0,,,,170,220,-1,0,1,0,52,0,0
172,scan,171,0,20497691050538,,20497691205456,20497693744753,34.112,1.1421,0.3719,1.5019,1,0.3009,300,220,-2,220,0,1,169,20497590717808,20497658186084,67468,0,1,63954,67171,0,,,,171,220,0,0,1,0,52,0,0
173,scan,172,0,20497741088447,,20497741219895,20497743403550,34.162,1.1431,0.3868,1.5020,1,0.3091,309,220,-2,220,0,1,170,20497640740061,20497708547815,67807,0,1,63954,67179,0,,,,172,220,0,0,1,0,52,0,0
174,scan,173,0,20497791643886,,20497791770259,20497793592950,34.212,1.1436,0.3943,1.5020,1,0.2929,292,220,-2,220,-1,1,171,20497691090784,20497758068959,66978,0,1,63954,67167,0,,,,173,220,-1,0,1,0,52,0,0
175,scan,174,0,20497841286084,,20497841440684,20497843678457,34.262,1.1446,0.4092,1.5019,1,0.3078,307,220,-2,220,-1,1,172,20497741134219,20497808641806,67507,0,1,63954,67171,0,,,,174,220,-1,0,1,0,52,0,0
176,scan,175,0,20497891530176,,20497891665244,20497893574505,34.312,1.1451,0.4166,1.5019,1,0.3064,306,220,-2,220,0,1,173,20497791687687,20497858201583,66513,0,1,63954,67155,0,,,,175,220,0,0,1,0,52,0,0
177,scan,176,0,20497941736349,,20497941880622,20497943561121,34.362,1.1462,0.4316,1.5018,1,0.3332,333,220,-2,220,0,1,174,20497841327665,20497908910457,67582,0,1,63954,67169,0,,,,176,220,0,0,1,0,52,0,0
178,scan,177,0,20497991689620,,20497991814100,20497993550021,34.412,1.1467,0.4390,1.5018,1,0.3111,311,220,-2,220,-1,1,175,20497891576637,20497958053538,66476,0,1,63954,67141,0,,,,177,220,-1,0,1,0,52,0,0
179,scan,178,0,20498041852011,,20498041992537,20498043807530,34.462,1.1472,0.4465,1.5018,1,0.3206,320,220,-2,220,-1,1,176,20497941782460,20498008844198,67061,0,1,63954,67141,0,,,,178,220,-1,0,1,0,52,0,0
180,scan,179,0,20498091687341,,20498091813736,20498093594781,34.512,1.1482,0.4614,1.5019,1,1.0320,1032,220,-2,220,0,1,177,20497991733775,20498058569023,66835,0,1,63954,67199,0,,,,179,220,0,0,0,0,52,0,0
181,scan,180,0,20498141816359,,20498142073123,20498143525663,34.562,1.1488,0.4689,1.5018,1,1.0215,1021,220,-2,220,-1,1,178,20498041895639,20498109510777,67615,0,1,63954,67222,0,,,,180,220,-1,0,0,0,52,0,0
182,scan,181,0,20498191808129,,20498191940944,20498193547291,34.612,1.1498,0.4838,1.5017,1,1.0370,1036,220,-2,220,-1,1,179,20498091729919,20498158409779,66679,0,1,63954,67209,0,,,,181,220,-1,0,0,0,52,0,0
183,scan,182,0,20498241569038,,20498241691163,20498243495600,34.662,1.1503,0.4913,1.5017,1,1.0323,1032,220,-2,220,0,1,180,20498141865598,20498206144683,64279,0,1,63954,67167,0,,,,182,220,0,0,0,0,52,0,0
184,scan,183,0,20498291927114,,20498292090903,20498293475319,34.712,1.1513,0.5062,1.5017,1,1.0352,1035,220,-2,220,0,1,181,20498191853692,20498257944753,66091,0,1,63954,67125,0,,,,183,220,0,0,0,0,52,0,0
185,scan,184,0,20498342052440,,20498342184066,20498344623691,34.762,1.1519,0.5137,1.5016,1,1.0271,1027,220,-2,220,-2,1,182,20498241612346,20498308102915,66490,0,1,63954,67108,0,,,,184,220,-2,0,0,0,52,0,0
186,scan,185,0,20498391842813,,20498391971764,20498393555052,34.812,1.1529,0.5286,1.5016,1,1.0337,1033,220,-2,220,-2,1,183,20498291967723,20498358325038,66357,0,1,63954,67078,0,,,,185,220,-2,0,0,0,52,0,0
187,scan,186,0,20498442256136,,20498442392254,20498444502617,34.862,1.1534,0.5361,1.5016,1,1.0223,1022,220,-2,220,-1,1,184,20498342098175,20498409424160,67325,0,1,63954,67072,0,,,,186,220,-1,0,0,0,52,0,0
188,scan,187,0,20498492191414,,20498492329637,20498494469026,34.912,1.1544,0.5510,1.5014,1,1.0375,1037,220,-1,220,-1,1,185,20498391885711,20498459600931,67715,0,1,63954,67076,0,,,,187,220,-1,0,0,0,52,0,0
189,scan,188,0,20498542185583,,20498542312793,20498544444471,34.962,1.1550,0.5585,1.5013,1,1.0286,1028,220,-1,220,-2,1,186,20498442303149,20498510007387,67704,0,1,63954,67077,0,,,,188,220,-2,0,0,0,52,0,0
190,scan,189,0,20498592161077,,20498592288925,20498594473920,35.012,1.1560,0.5734,1.5013,1,1.0107,1010,220,-1,220,0,1,187,20498492237900,20498556615672,64377,0,1,63954,66998,0,,,,189,220,0,0,0,0,52,0,0
191,scan,190,0,20498642503065,,20498642641619,20498644730945,35.062,1.1565,0.5808,1.5013,1,1.0284,1028,220,-1,220,1,1,188,20498542230302,20498606755945,64525,0,1,63954,66952,0,,,,190,220,1,0,0,0,52,0,0
192,scan,191,0,20498692868104,,20498693001539,20498694738658,35.112,1.1576,0.5957,1.5012,1,1.0214,1021,220,-1,220,1,1,189,20498592202008,20498656768582,64566,0,1,63954,66877,0,,,,191,220,1,0,0,0,52,0,0
193,scan,192,0,20498742472065,,20498742624355,20498744470383,35.162,1.1581,0.6032,1.5012,1,1.0235,1023,220,-1,220,2,1,190,20498642552029,20498706800619,64248,0,1,63954,66793,0,,,,192,220,2,0,0,0,52,0,0
194,scan,193,0,20498792933147,,20498793165591,20498795409518,35.212,1.1591,0.6181,1.5014,1,1.0295,1029,220,-2,220,2,1,191,20498692914236,20498757574746,64660,0,1,63954,66717,0,,,,193,220,2,0,0,0,52,0,0
195,scan,194,0,20498842746740,,20498842893212,20498844497459,35.262,1.1596,0.6256,1.5015,1,1.0239,1023,220,-2,220,1,1,192,20498742526137,20498807237465,64711,0,1,63954,66643,0,,,,194,220,1,0,0,0,52,0,0
196,scan,195,0,20498892808732,,20498892960121,20498894633431,35.312,1.1601,0.6331,1.5015,1,1.0165,1016,220,-2,220,1,1,193,20498793003491,20498857564904,64561,0,1,63954,66565,0,,,,195,220,1,0,0,0,52,0,0
197,scan,196,0,20498942833918,,20498942966830,20498944578826,35.362,1.1612,0.6480,1.5016,1,1.0082,1008,220,-2,220,2,1,194,20498842797984,20498910162469,67364,0,1,63954,66546,0,,,,196,220,2,0,0,0,52,0,0
198,scan,197,0,20498992722833,,20498992858294,20498994508831,35.412,1.1617,0.6554,1.5016,1,1.0203,1020,220,-2,220,-1,1,195,20498892866253,20498960164525,67298,0,1,63954,66548,0,,,,197,220,-1,0,0,0,52,0,0
199,scan,198,0,20499042723310,,20499042877687,20499044496502,35.462,1.1627,0.6704,1.5017,1,1.0005,1000,220,-2,220,-2,1,196,20498942880837,20499010548265,67667,0,1,63954,66553,0,,,,198,220,-2,0,0,0,52,0,0
200,scan,199,0,20499092843493,,20499092967876,20499094481226,35.512,1.1632,0.6778,1.5017,1,1.0036,1003,220,-2,220,0,1,197,20498992771195,20499059889701,67118,0,1,63954,66547,0,,,,199,220,0,0,0,0,52,0,0
201,scan,200,0,20499142867808,,20499143030392,20499144642387,35.562,1.1643,0.6928,1.5015,1,1.0032,1003,220,-2,220,0,1,198,20499042774548,20499110059678,67285,0,1,63954,66544,0,,,,200,220,0,0,0,0,52,0,0
202,scan,201,0,20499193362899,,20499193525201,20499195553395,35.612,1.1648,0.7002,1.5015,1,1.0053,1005,220,-2,220,-2,1,199,20499092885647,20499160087614,67201,0,1,63954,66565,0,,,,201,220,-2,0,0,0,52,0,0
203,scan,202,0,20499243331106,,20499243451291,20499246399079,35.662,1.1658,0.7152,1.5016,1,1.0120,1011,220,-2,220,-2,1,200,20499142914238,20499210235190,67320,0,1,63954,66587,0,,,,202,220,-2,0,0,0,52,0,0
204,scan,203,0,20499293233357,,20499293367720,20499295506778,35.712,1.1664,0.7226,1.5015,1,0.9949,994,220,-2,220,1,1,201,20499193409560,20499260888988,67479,0,1,63954,66590,0,,,,203,220,1,0,0,0,52,0,0
205,scan,204,0,20499343304427,,20499343430918,20499345601721,35.762,1.1674,0.7375,1.5013,1,1.0169,1016,220,-2,220,-1,1,202,20499243370930,20499310759470,67388,0,1,63954,66601,0,,,,204,220,-1,0,0,0,52,0,0
206,scan,205,0,20499393554195,,20499393707169,20499395577012,35.812,1.1679,0.7450,1.5013,1,0.9977,997,220,-2,220,-3,1,203,20499293278611,20499360895074,67616,0,1,63954,66594,0,,,,205,220,-3,0,0,0,52,0,0
207,scan,206,0,20499443129926,,20499443262857,20499445411652,35.862,1.1689,0.7599,1.5014,1,0.9828,982,220,-2,220,-1,1,204,20499343347373,20499407385539,64038,0,1,63954,66502,0,,,,206,220,-1,0,0,0,52,0,0
208,scan,207,0,20499493514950,,20499493662548,20499495467433,35.912,1.1695,0.7674,1.5014,1,0.9943,994,220,-2,220,1,1,205,20499393607387,20499461301146,67693,0,1,63954,66585,0,,,,207,220,1,0,0,0,52,0,0
209,scan,208,0,20499543632526,,20499543834033,20499546411073,35.962,1.1705,0.7823,1.5010,1,0.9827,982,220,-1,220,1,1,206,20499443188687,20499510718430,67529,0,1,63954,66598,0,,,,208,220,1,0,0,0,52,0,0
210,scan,209,0,20499593389838,,20499593532417,20499595565648,36.012,1.1710,0.7898,1.5010,1,0.9993,999,220,-2,220,-1,1,207,20499493569291,20499561220683,67651,0,1,63954,66609,0,,,,209,220,-1,0,0,0,52,0,0
211,scan,210,0,20499643744673,,20499643866426,20499645566398,36.062,1.1721,0.8047,1.5014,1,0.9930,992,220,-2,220,3,1,208,20499543689055,20499610399028,66709,0,1,63954,66587,0,,,,210,220,3,0,0,0,52,0,0
212,scan,211,0,20499693405367,,20499693551918,20499695489012,36.112,1.1726,0.8122,1.5014,1,0.9905,990,220,-2,220,0,1,209,20499593431525,20499662649358,69217,0,1,63954,66631,0,,,,211,220,0,0,0,0,52,0,0
213,scan,212,0,20499743630994,,20499743761782,20499745509847,36.162,1.1731,0.8196,1.5013,1,1.0135,1013,220,-2,220,0,1,210,20499643784978,20499710530992,66746,0,1,63954,66604,0,,,,212,220,0,0,0,0,52,0,0
214,scan,213,0,20499793188046,,20499793329132,20499795458409,36.212,1.1741,0.8345,1.5012,1,0.9932,993,220,-2,220,2,1,211,20499693448233,20499760689443,67241,0,1,63954,66611,0,,,,213,220,2,0,0,0,52,0,0
215,scan,214,0,20499844181988,,20499844374505,20499846542480,36.262,1.1747,0.8420,1.5013,1,0.9990,999,220,-2,220,0,1,212,20499743680335,20499812122420,68442,0,1,63954,66634,0,,,,214,220,0,0,0,0,52,0,0
216,scan,215,0,20499893530064,,20499893654675,20499895563541,36.312,1.1757,0.8569,1.5014,1,0.9798,979,220,-3,220,-1,1,213,20499793235282,20499860617002,67381,0,1,63954,66656,0,,,,215,220,-1,0,0,0,52,0,0
217,scan,216,0,20499943700311,,20499943852226,20499945803418,36.362,1.1762,0.8644,1.5014,1,0.9978,997,220,-3,220,2,1,214,20499844251303,20499911929809,67678,0,1,63954,66658,0,,,,216,220,2,0,0,0,52,0,0
218,scan,217,0,20499993406775,,20499993536232,20499995584005,36.412,1.1773,0.8793,1.5013,1,0.9862,986,220,-3,220,2,1,215,20499893571834,20499960800043,67228,0,1,63954,66677,0,,,,217,220,2,0,0,0,52,0,0
219,scan,218,0,20500044042867,,20500044233211,20500046496160,36.462,1.1778,0.8868,1.5013,1,0.9812,981,220,-3,220,-1,1,216,20499943762059,20500010511063,66749,0,1,63954,66669,0,,,,218,220,-1,0,0,0,52,0,0
220,scan,219,0,20500093934010,,20500094058258,20500095577577,36.512,1.1788,0.9017,1.5016,1,0.9951,995,220,-3,220,-2,1,217,20499993456313,20500060853822,67397,0,1,63954,66683,0,,,,219,220,-2,0,0,0,52,0,0
221,scan,220,0,20500144061885,,20500144186105,20500146390205,36.562,1.1793,0.9092,1.5016,1,0.9769,976,220,-4,220,1,1,218,20500044109728,20500111665272,67555,0,1,63954,66682,0,,,,220,220,1,0,0,0,52,0,0
222,scan,221,0,20500193668922,,20500193799955,20500195529466,36.612,1.1804,0.9241,1.5013,1,0.9868,986,220,-3,220,-1,1,219,20500093974744,20500161632134,67657,0,1,63954,66706,0,,,,221,220,-1,0,0,0,52,0,0
223,scan,222,0,20500243843358,,20500243983589,20500245530137,36.662,1.1809,0.9315,1.5013,1,1.0059,1005,220,-3,220,-4,1,220,20500144105362,20500207712928,63607,0,1,63607,66690,0,,,,222,220,-4,0,0,0,52,0,0
224,scan,223,0,20500293793127,,20500293979479,20500295588129,36.712,1.1819,0.9465,1.5015,1,0.9808,980,220,-4,220,-3,1,221,20500193710249,20500260147775,66437,0,1,63607,66698,0,,,,223,220,-3,0,0,0,52,0,0
225,scan,224,0,20500344241033,,20500344376072,20500346502551,36.762,1.1824,0.9539,1.5014,1,0.9807,980,220,-4,220,0,1,222,20500243884724,20500311090646,67205,0,1,63607,66716,0,,,,224,220,0,0,0,0,52,0,0
226,scan,225,0,20500394275756,,20500394412331,20500396438028,36.812,1.1835,0.9689,1.5009,1,0.9879,987,220,-3,220,0,1,223,20500293834905,20500360320685,66485,0,1,63607,66719,0,,,,225,220,0,0,0,0,52,0,0
227,scan,226,0,20500444578396,,20500444808041,20500446605653,36.862,1.1840,0.9763,1.5008,1,0.9870,986,220,-3,220,-4,1,224,20500344290265,20500407996675,63706,0,1,63607,66629,0,,,,226,220,-4,0,0,0,52,0,0
228,scan,227,0,20500494526119,,20500494648176,20500496503425,36.912,1.1850,0.9912,1.5011,1,0.9709,970,220,-4,220,-5,1,225,20500394317313,20500461778747,67461,0,1,63607,66622,0,,,,227,220,-5,0,0,0,52,0,0
229,scan,228,0,20500544240563,,20500544369982,20500546637761,36.962,1.1856,0.9987,1.5010,1,0.9673,967,220,-4,220,-1,1,226,20500444674012,20500512331103,67657,0,1,63607,66621,0,,,,228,220,-1,0,0,0,52,0,0
230,scan,229,0,20500594398797,,20500594648881,20500596701490,37.012,1.1861,1.0062,1.5008,1,0.9411,941,220,-3,220,-2,1,227,20500494564574,20500562512208,67947,0,1,63607,66711,0,,,,229,220,-2,0,0,0,52,0,0
231,scan,230,0,20500644598325,,20500644788914,20500646491926,37.062,1.1871,1.0211,1.5003,1,0.9455,945,220,-3,220,2,1,228,20500544285593,20500612186661,67901,0,1,63607,66795,0,,,,230,220,2,0,0,0,52,0,0
232,scan,231,0,20500694483180,,20500694627275,20500696529802,37.112,1.1877,1.0286,1.5003,1,0.9239,923,220,-3,220,-3,1,229,20500594463173,20500662004845,67541,0,1,63607,66869,0,,,,231,220,-3,0,0,0,52,0,0
233,scan,232,0,20500744470735,,20500744648396,20500746478474,37.162,1.1887,1.0435,1.5006,1,0.9207,920,220,-4,220,-2,1,230,20500644667292,20500712161431,67494,0,1,63607,66950,0,,,,232,220,-2,0,0,0,52,0,0
234,scan,233,0,20500794143265,,20500794300727,20500796491941,37.212,1.1892,1.0509,1.5006,2,0.9025,902,0,1000,220,3,1,231,20500694534998,20500762151909,67616,0,1,63607,67024,0,,,,233,220,3,0,0,0,52,0,0
235,scan,234,0,20500844417983,,20500844571618,20500846496364,37.262,1.1903,1.0659,1.5001,2,0.8903,890,0,1000,220,1,1,232,20500744521443,20500812713336,68191,0,1,63607,67111,0,,,,234,220,1,0,0,0,52,0,0
236,scan,235,0,20500894840627,,20500894989227,20500896589380,37.312,1.1908,1.0733,1.5002,2,0.8923,892,0,1000,0,999,1,233,20500794199432,20500861022013,66822,0,1,63607,67168,0,,,,235,0,999,0,0,0,52,0,0
237,scan,236,0,20500944729515,,20500944867613,20500946518153,37.362,1.1918,1.0871,1.5013,2,0.8817,881,0,1000,0,999,1,234,20500844469495,20500911723775,67254,0,1,63607,67165,0,,,,236,0,999,0,0,0,52,0,0
238,scan,237,0,20500994678693,,20500994829184,20500996465070,37.412,1.1921,1.0923,1.5038,2,0.8690,869,0,1000,0,999,1,235,20500894886570,20500962214323,67327,0,1,63607,67166,0,,,,237,0,999,0,0,0,52,0,0
239,scan,238,0,20501045046151,,20501045171454,20501047362265,37.462,1.1926,1.0991,1.5122,2,0.8645,864,0,1000,0,999,1,236,20500944785507,20501012667775,67882,0,1,63607,67171,0,,,,238,0,999,0,0,0,52,0,0
240,scan,239,0,20501094750358,,20501094878906,20501096492374,37.512,1.1927,1.1012,1.5164,2,0.8692,869,0,1000,0,999,1,237,20500994731705,20501062085740,67354,0,1,63607,67177,0,,,,239,0,999,0,0,0,52,0,0
241,scan,240,0,20501145038760,,20501145159196,20501147386768,37.562,1.1928,1.1036,1.5418,2,0.8603,860,0,1000,0,999,1,238,20501045087660,20501112652552,67564,0,1,63607,67184,0,,,,240,0,999,0,0,0,52,0,0
242,scan,241,0,20501194887307,,20501195009137,20501197415694,37.612,1.1928,1.1040,1.5715,2,0.8667,866,0,1000,0,999,1,239,20501094794681,20501162152633,67357,0,1,63607,67188,0,,,,241,0,999,0,0,0,52,0,0
243,scan,242,0,20501245229582,,20501245382075,20501247458587,37.662,1.1928,1.1039,1.6551,2,0.8620,861,0,1000,0,999,1,240,20501145079877,20501212673114,67593,0,1,63607,67195,0,,,,242,0,999,0,0,0,52,0,0
244,scan,243,0,20501295298675,,20501295436382,20501297467262,37.712,1.1929,1.1038,1.6941,2,0.8645,864,0,1000,0,999,1,241,20501194930535,20501262124816,67194,0,1,63607,67188,0,,,,243,0,999,0,0,0,52,0,0
245,scan,244,0,20501345419040,,20501345550744,20501347501287,37.762,1.1929,1.1037,1.7532,2,0.8599,859,0,1000,0,999,1,242,20501245274613,20501313021122,67746,0,1,63607,67197,0,,,,244,0,999,0,0,0,52,0,0
246,scan,245,0,20501395510994,,20501395659973,20501397559557,37.812,1.1929,1.1037,1.7825,2,0.8597,859,0,1000,0,999,1,243,20501295348258,20501359688855,64340,0,1,63607,67115,0,,,,245,0,999,0,0,0,52,0,0
247,scan,246,0,20501445472737,,20501445597186,20501447485475,37.862,1.1929,1.1036,1.8168,2,0.8551,855,0,1000,0,999,1,244,20501345461168,20501413228554,67767,0,1,63607,67208,0,,,,246,0,999,0,0,0,52,0,0
248,scan,247,0,20501495215339,,20501495344063,20501497412743,37.912,1.1929,1.1035,1.8921,2,0.8625,862,0,1000,0,999,1,245,20501395572154,20501462236094,66663,0,1,63607,67182,0,,,,247,0,999,0,0,0,52,0,0
249,scan,248,0,20501545408126,,20501545624865,20501547539638,37.962,1.1930,1.1034,1.9267,2,0.8554,855,0,1000,0,999,1,246,20501445516061,20501512406022,66889,0,1,63607,67166,0,,,,248,0,999,0,0,0,52,0,0
250,scan,249,0,20501595100637,,20501595245445,20501597383725,38.012,1.1930,1.1033,1.9898,2,0.8563,856,0,1000,0,999,1,247,20501495259225,20501562541605,67282,0,1,63607,67157,0,,,,249,0,999,0,0,0,52,0,0
251,scan,250,0,20501645684396,,20501645823699,20501647498580,38.062,1.1930,1.1033,2.0227,2,0.8559,855,0,1000,0,999,1,248,20501545483543,20501613040937,67557,0,1,63607,67178,0,,,,250,0,999,0,0,0,52,0,0
252,scan,251,0,20501695571568,,20501695711223,20501697612770,38.112,1.1931,1.1032,2.0934,2,0.8650,865,0,1000,0,999,1,249,20501595161189,20501662595820,67434,0,1,63607,67134,0,,,,251,0,999,0,0,0,52,0,0
253,scan,252,0,20501745584877,,20501745728416,20501747418300,38.162,1.1931,1.1031,2.1283,2,0.8601,860,0,1000,0,999,1,250,20501645734799,20501709927114,64192,0,1,63607,67070,0,,,,252,0,999,0,0,0,52,0,0
254,scan,253,0,20501795651488,,20501795777119,20501797465305,38.212,1.1932,1.1030,2.1947,2,0.8615,861,0,1000,0,999,1,251,20501695614898,20501762613906,66999,0,1,63607,67064,0,,,,253,0,999,0,0,0,52,0,0
255,scan,254,0,20501846050699,,20501846259404,20501848531230,38.262,1.1932,1.1030,2.2277,2,0.8607,860,0,1000,0,999,1,252,20501745631106,20501813231833,67600,0,1,63607,67043,0,,,,254,0,999,0,0,0,52,0,0
256,scan,255,0,20501895546764,,20501895689683,20501897535692,38.312,1.1933,1.1029,2.2963,2,0.8508,850,0,1000,0,999,1,253,20501795692857,20501862415404,66722,0,1,63607,67026,0,,,,255,0,999,0,0,0,52,0,0
257,scan,256,0,20501945272670,,20501945398182,20501947450308,38.362,1.1934,1.1029,2.3309,2,0.8586,858,0,1000,0,999,1,254,20501846129507,20501913494090,67364,0,1,63607,67018,0,,,,256,0,999,0,0,0,52,0,0
258,scan,257,0,20501995445405,,20501995567782,20501997477639,38.412,1.1935,1.1028,2.3986,2,0.8557,855,0,1000,0,999,1,255,20501895596481,20501962318570,66722,0,1,63607,67006,0,,,,257,0,999,0,0,0,52,0,0
259,scan,258,0,20502045463248,,20502045592593,20502047611939,38.462,1.1935,1.1028,2.4321,2,0.8521,852,0,1000,0,999,1,256,20501945318504,20502012626080,67307,0,1,63607,67020,0,,,,258,0,999,0,0,0,52,0,0
260,scan,259,0,20502095737091,,20502095873967,20502097553054,38.512,1.1936,1.1027,2.4999,2,0.8534,853,0,1000,0,999,1,257,20501995486064,20502062221376,66735,0,1,63607,67003,0,,,,259,0,999,0,0,0,52,0,0
261,scan,260,0,20502146042571,,20502146173677,20502148374476,38.562,1.1937,1.1027,2.5342,2,0.8766,876,0,1000,0,999,1,258,20502045507727,20502112890183,67382,0,1,63607,66999,0,,,,260,0,999,0,0,0,52,0,0
262,scan,261,0,20502195928129,,20502196086322,20502197494800,38.612,1.1938,1.1026,2.6022,2,0.8739,873,0,997,0,999,1,259,20502095784018,20502163315150,67531,0,1,63607,66996,0,,,,261,0,999,0,0,0,52,0,0
263,scan,262,0,20502245712065,,20502245847531,20502247501128,38.662,1.1938,1.1026,2.6360,2,0.8658,865,0,930,0,999,1,260,20502146089969,20502213226739,67136,0,1,63607,67084,0,,,,262,0,999,0,0,0,52,0,0
264,scan,263,0,20502295592528,,20502295717295,20502297559209,38.712,1.1939,1.1026,2.6697,2,0.9007,900,0,862,0,993,1,261,20502195968017,20502263866353,67898,0,1,63607,67120,0,,,,263,0,993,0,0,0,52,0,0
265,scan,264,0,20502346343667,,20502346500490,20502348591796,38.762,1.1940,1.1025,2.7376,2,0.9111,911,220,727,0,936,1,262,20502245761814,20502313365851,67604,0,1,63607,67130,0,,,,264,0,936,0,0,0,52,0,0
266,scan,265,0,20502396733002,,20502396869316,20502398474405,38.812,1.1940,1.1025,2.7716,2,0.9447,944,220,659,0,867,1,263,20502295636248,20502362595092,66958,0,1,63607,67142,0,,,,265,0,867,0,0,0,52,0,0
267,scan,266,0,20502446291717,,20502446418437,20502448571507,38.862,1.1941,1.1025,2.8363,2,0.9416,941,220,529,220,719,1,264,20502346394548,20502410201900,63807,0,1,63607,67145,0,,,,266,220,719,0,0,0,52,0,0
268,scan,267,0,20502495862198,,20502496050246,20502498361917,38.912,1.1942,1.1025,2.8648,2,0.9729,972,220,472,220,644,1,265,20502396781427,20502463538427,66757,0,1,63607,67127,0,,,,267,220,644,0,0,0,52,0,0
269,scan,268,0,20502545970031,,20502546095919,20502548351256,38.962,1.1909,1.1033,2.9259,2,0.6583,658,220,350,220,512,1,266,20502446339792,20502513868017,67528,0,1,63607,67124,0,,,,268,220,512,0,0,0,52,0,0
270,scan,269,0,20502595875503,,20502596066943,20502597519245,39.012,1.1876,1.1040,2.9642,2,0.5438,543,220,274,220,455,1,267,20502495910416,20502562328280,66417,0,1,63607,67086,0,,,,269,220,455,0,0,0,52,0,0
271,scan,270,0,20502645889879,,20502646015135,20502647561179,39.062,1.1774,1.1054,3.0418,2,0.5196,519,220,120,220,336,1,268,20502546013902,20502613352064,67338,0,1,63607,67072,0,,,,270,220,336,0,0,0,52,0,0
272,scan,271,0,20502695808839,,20502695935148,20502697482300,39.112,1.1711,1.1059,3.0743,2,0.5052,505,220,55,220,264,1,269,20502595931058,20502663334334,67403,0,1,63607,67068,0,,,,271,220,264,0,0,0,52,0,0
273,scan,272,0,20502745740863,,20502745853816,20502747421115,39.162,1.1571,1.1065,3.1112,2,0.5183,518,220,-18,220,115,1,270,20502645933001,20502713502522,67569,0,1,63607,67070,0,,,,272,220,115,0,0,0,52,0,0
274,scan,273,0,20502795885595,,20502796052792,20502797473299,39.212,1.1497,1.1067,3.1133,2,0.5173,517,220,-23,220,54,1,271,20502695852118,20502763644181,67792,0,1,63607,67074,0,,,,273,220,54,0,0,0,52,0,0
275,scan,274,0,20502846064684,,20502846196732,20502848458631,39.262,1.1347,1.1072,3.1094,2,0.5113,511,220,-15,220,-16,1,272,20502745782809,20502813349432,67566,0,1,63607,67059,0,,,,274,220,-16,0,0,0,52,0,0
276,scan,275,0,20502895847038,,20502895975661,20502897467291,39.312,1.1273,1.1074,3.1113,2,0.5003,500,220,-19,220,-20,1,273,20502795932902,20502863445183,67512,0,1,63607,67076,0,,,,275,220,-20,0,0,0,52,0,0
277,scan,276,0,20502945998574,,20502946142020,20502948406196,39.362,1.1123,1.1078,3.1176,2,0.4780,477,220,-32,220,-13,1,274,20502846105303,20502913968322,67863,0,1,63607,67091,0,,,,276,220,-13,0,0,0,52,0,0
278,scan,277,0,20502996345363,,20502996474418,20502998549046,39.412,1.1048,1.1080,3.1163,2,0.4989,498,220,-29,220,-17,1,275,20502895892886,20502962137696,66244,0,1,63607,67064,0,,,,277,220,-17,0,0,0,52,0,0
279,scan,278,0,20503046554274,,20503046681217,20503048532288,39.462,1.0899,1.1084,3.1099,2,0.5018,501,220,-17,220,-30,1,276,20502946043421,20503013684494,67641,0,1,63607,67058,0,,,,278,220,-30,0,0,0,52,0,0
280,scan,279,0,20503096464466,,20503096597056,20503099368726,39.512,1.0824,1.1087,3.1093,2,0.4981,498,220,-15,220,-27,1,277,20502996391312,20503063872418,67481,0,1,63607,67061,0,,,,279,220,-27,0,0,0,52,0,0
281,scan,280,0,20503146575901,,20503146704661,20503148781846,39.562,1.0749,1.1089,3.1104,2,0.4990,499,220,-18,220,-16,1,278,20503046597058,20503113834397,67237,0,1,63607,67053,0,,,,280,220,-16,0,0,0,52,0,0
282,scan,281,0,20503196549939,,20503196673658,20503198459225,39.612,1.0600,1.1094,3.1105,2,0.5201,520,220,-18,220,-13,1,279,20503096511373,20503163988450,67477,0,1,63607,67056,0,,,,281,220,-13,0,0,0,52,0,0
283,scan,282,0,20503246601166,,20503246726211,20503248452359,39.662,1.0525,1.1096,3.1086,2,0.5539,553,220,-14,220,-15,1,280,20503146621270,20503214190605,67569,0,1,63607,67056,0,,,,282,220,-15,0,0,0,52,0,0
284,scan,283,0,20503296560666,,20503296688735,20503298652808,39.712,1.0375,1.1101,3.1060,2,0.9585,958,220,-9,220,-18,1,281,20503196595208,20503260720392,64125,0,1,63607,66979,0,,,,283,220,-18,0,0,0,52,0,0
285,scan,284,0,20503346484053,,20503346605103,20503348536391,39.762,1.0301,1.1104,3.1063,2,0.9426,942,220,-10,220,-13,1,282,20503246650994,20503309686876,63035,0,1,63035,66861,0,,,,284,220,-13,0,0,0,52,0,0
286,scan,285,0,20503396444241,,20503396570243,20503398502766,39.812,1.0151,1.1109,3.1066,2,0.9346,934,220,-10,220,-8,1,283,20503296604500,20503365518843,68914,0,1,63035,66975,0,,,,285,220,-8,0,0,0,52,0,0
287,scan,286,0,20503446497160,,20503446632644,20503448460337,39.862,1.0076,1.1112,3.1057,2,0.9223,922,220,-9,220,-8,1,284,20503346526407,20503414558561,68032,0,1,63035,66982,0,,,,286,220,-8,0,0,0,52,0,0
288,scan,287,0,20503496923463,,20503497115209,20503499362084,39.912,0.9927,1.1118,3.1041,2,0.9117,911,220,-5,220,-10,1,285,20503396485623,20503464051902,67566,0,1,63035,67005,0,,,,287,220,-10,0,0,0,52,0,0
289,scan,288,0,20503547008070,,20503547142469,20503549486238,39.962,0.9852,1.1120,3.1041,2,0.9047,904,220,-5,220,-8,1,286,20503446543877,20503514068321,67524,0,1,63035,67020,0,,,,288,220,-8,0,0,0,52,0,0
290,scan,289,0,20503597050401,,20503597175599,20503599427894,40.012,0.9702,1.1126,3.1043,2,0.9081,908,220,-6,220,-4,1,287,20503496989793,20503564678700,67688,0,1,63035,67031,0,,,,289,220,-4,0,0,0,52,0,0
291,scan,290,0,20503647189472,,20503647314471,20503649347954,40.062,0.9628,1.1129,3.1039,2,0.8666,866,220,-5,220,-4,1,288,20503547050921,20503614222966,67172,0,1,63035,67021,0,,,,290,220,-4,0,0,0,52,0,0
292,scan,291,0,20503697524471,,20503697649905,20503699530301,40.112,0.9478,1.1135,3.1030,2,0.8768,876,220,-3,220,-4,1,289,20503597091522,20503667188488,70096,0,1,63035,67088,0,,,,291,220,-4,0,0,0,52,0,0
293,scan,292,0,20503747520411,,20503747657502,20503749519985,40.162,0.9403,1.1137,3.1029,2,0.8636,863,220,-3,220,-4,1,290,20503647232895,20503714168652,66935,0,1,63035,67156,0,,,,292,220,-4,0,0,0,52,0,0
294,scan,293,0,20503797179252,,20503797303711,20503799467811,40.212,0.9254,1.1143,3.1031,2,0.8573,857,220,-4,220,-3,1,291,20503697568146,20503765064393,67496,0,1,63035,67169,0,,,,293,220,-3,0,0,0,52,0,0
295,scan,294,0,20503847321609,,20503847456131,20503849599616,40.262,0.9179,1.1146,3.1030,2,0.8479,847,220,-3,220,-2,1,292,20503747569044,20503813835856,66266,0,1,63035,67135,0,,,,294,220,-2,0,0,0,52,0,0
296,scan,295,0,20503898073366,,20503898352583,20503900423365,40.312,0.9029,1.1152,3.1024,2,0.8415,841,220,-2,220,-3,1,293,20503797219803,20503861458519,64238,0,1,63035,67073,0,,,,295,220,-3,0,0,0,52,0,0
297,scan,296,0,20503947656140,,20503947792042,20503949514240,40.362,0.8955,1.1155,3.1023,2,0.8066,806,220,-2,220,-2,1,294,20503847366538,20503914405728,67039,0,1,63035,67065,0,,,,296,220,-2,0,0,0,52,0,0
298,scan,297,0,20503997771792,,20503997901640,20503999744814,40.412,0.8880,1.1158,3.1024,2,0.7946,794,220,-2,220,-1,1,295,20503898159352,20503965778025,67618,0,1,63035,67087,0,,,,297,220,-1,0,0,0,52,0,0
299,scan,298,0,20504047764111,,20504047904945,20504049533170,40.462,0.8730,1.1164,3.1024,2,0.8021,802,220,-2,220,-1,1,296,20503947704262,20504014405542,66701,0,1,63035,67072,0,,,,298,220,-1,0,0,0,52,0,0
300,scan,299,0,20504097414063,,20504097539250,20504099512499,40.512,0.8656,1.1167,3.1023,2,0.7802,780,220,-2,220,-1,1,297,20503997819225,20504065198481,67379,0,1,63035,67088,0,,,,299,220,-1,0,0,0,52,0,0
301,scan,300,0,20504147699026,,20504147827713,20504149491806,40.562,0.8506,1.1172,3.1021,2,0.7789,778,220,-2,220,-1,1,298,20504047813974,20504114617687,66803,0,1,63035,67074,0,,,,300,220,-1,0,0,0,52,0,0
302,scan,301,0,20504197280840,,20504197405195,20504199418824,40.612,0.8432,1.1175,3.1022,2,0.7593,759,220,-2,220,0,1,299,20504097458102,20504164856248,67398,0,1,63035,67071,0,,,,301,220,0,0,0,0,52,0,0
303,scan,302,0,20504247623604,,20504247740274,20504249533526,40.662,0.8282,1.1181,3.1022,2,0.7700,769,220,-2,220,-1,1,300,20504147744823,20504214489365,66744,0,1,63035,67061,0,,,,302,220,-1,0,0,0,52,0,0
304,scan,303,0,20504298177567,,20504298335261,20504300435487,40.712,0.8208,1.1184,3.1021,2,0.7452,745,220,-2,220,0,1,301,20504197326216,20504261794110,64467,0,1,63035,66975,0,,,,303,220,0,0,0,0,52,0,0
305,scan,304,0,20504347883060,,20504348086330,20504350368493,40.762,0.8058,1.1190,3.1021,2,0.7364,736,220,-2,220,-1,1,302,20504247668819,20504314094304,66425,0,1,63035,66946,0,,,,304,220,-1,0,0,0,52,0,0
306,scan,305,0,20504397739175,,20504397893382,20504399630115,40.812,0.7984,1.1193,3.1021,2,0.7301,730,220,-2,220,-1,1,303,20504298231476,20504366098935,67867,0,1,63035,66968,0,,,,305,220,-1,0,0,0,52,0,0
307,scan,306,0,20504448091151,,20504448246726,20504450414222,40.862,0.7834,1.1199,3.1021,2,0.7230,723,220,-2,220,-1,1,304,20504347938396,20504414226882,66288,0,1,63035,67030,0,,,,306,220,-1,0,0,0,52,0,0
308,scan,307,0,20504498040062,,20504498167907,20504500447490,40.912,0.7759,1.1202,3.1020,2,0.7117,711,220,-2,220,-1,1,305,20504397793027,20504465075572,67282,0,1,63035,67043,0,,,,307,220,-1,0,0,0,52,0,0
309,scan,308,0,20504547808793,,20504547938074,20504549502124,40.962,0.7610,1.1208,3.1019,2,0.7066,706,220,-1,220,-1,1,306,20504448139377,20504514166862,66027,0,1,63035,67006,0,,,,308,220,-1,0,0,0,52,0,0
310,scan,309,0,20504597825281,,20504597972266,20504599595448,41.012,0.7535,1.1211,3.1019,2,0.6850,685,220,-1,220,-1,1,307,20504498087186,20504564866131,66778,0,1,63035,67015,0,,,,309,220,-1,0,0,0,52,0,0
311,scan,310,0,20504648138053,,20504648266114,20504650703670,41.062,0.7386,1.1217,3.1019,2,0.6693,669,220,-1,220,-1,1,308,20504547851657,20504612506140,64654,0,1,63035,66948,0,,,,310,220,-1,0,0,0,52,0,0
312,scan,311,0,20504698524319,,20504698677066,20504700648097,41.112,0.7311,1.1220,3.1018,2,0.6661,666,220,-1,220,-1,1,309,20504597877716,20504662139201,64261,0,1,63035,66869,0,,,,311,220,-1,0,0,0,52,0,0
313,scan,312,0,20504750067234,,20504750429287,20504752597868,41.162,0.7161,1.1226,3.1017,2,0.6610,660,220,-1,220,-1,1,310,20504648181651,20504715504760,67323,0,1,63035,66863,0,,,,312,220,-1,0,0,0,52,0,0
314,scan,313,0,20504798860671,,20504798989894,20504800602251,41.212,0.7087,1.1229,3.1017,2,0.6450,644,220,-1,220,-1,1,311,20504698572891,20504766118396,67545,0,1,63035,66857,0,,,,313,220,-1,0,0,0,52,0,0
315,scan,314,0,20504848650393,,20504848779349,20504850585546,41.262,0.7012,1.1232,3.1017,2,0.6357,635,220,-1,220,-1,1,312,20504750154058,20504817780040,67625,0,1,63035,66858,0,,,,314,220,-1,0,0,0,52,0,0
316,scan,315,0,20504898483362,,20504898619347,20504900643407,41.312,0.6862,1.1238,3.1016,2,0.6180,618,220,-1,220,-1,1,313,20504798906100,20504866155637,67249,0,1,63035,66852,0,,,,315,220,-1,0,0,0,52,0,0
317,scan,316,0,20504948352054,,20504948498897,20504950569803,41.362,0.6787,1.1241,3.1016,2,0.6240,623,220,-1,220,-1,1,314,20504848698164,20504915567954,66869,0,1,63035,66827,0,,,,316,220,-1,0,0,0,52,0,0
318,scan,317,0,20504998442309,,20504998592845,20505001450168,41.412,0.6638,1.1247,3.1015,2,0.5841,584,220,-1,220,-1,1,315,20504898531049,20504966088268,67557,0,1,63035,66860,0,,,,317,220,-1,0,0,0,52,0,0
319,scan,318,0,20505048800950,,20505048934793,20505050498866,41.462,0.6563,1.1250,3.1015,2,0.5979,597,220,-1,220,-1,1,316,20504948400692,20505015435171,67034,0,1,63035,66845,0,,,,318,220,-1,0,0,0,52,0,0
320,scan,319,0,20505098411150,,20505098536346,20505100505092,41.512,0.6414,1.1256,3.1014,2,0.5927,592,220,0,220,-1,1,317,20504998488354,20505066243910,67755,0,1,63035,66851,0,,,,319,220,-1,0,0,0,52,0,0
321,scan,320,0,20505148674455,,20505148801411,20505150523771,41.562,0.6339,1.1259,3.1014,2,0.5894,589,220,0,220,1,1,318,20505048849169,20505116373715,67524,0,1,63035,66859,0,,,,320,220,1,0,0,0,52,0,0
322,scan,321,0,20505198672726,,20505198809012,20505200572920,41.612,0.6189,1.1265,3.1013,2,0.5813,581,220,0,220,1,1,319,20505098454015,20505166016149,67562,0,1,63035,66861,0,,,,321,220,1,0,0,0,52,0,0
323,scan,322,0,20505248737544,,20505248854190,20505250586189,41.662,0.6115,1.1268,3.1013,2,0.5596,559,220,0,220,1,1,320,20505148720069,20505216092272,67372,0,1,63035,66856,0,,,,322,220,1,0,0,0,52,0,0
324,scan,323,0,20505298607563,,20505298734603,20505300501980,41.712,0.5965,1.1274,3.1015,2,0.5531,553,220,-1,220,0,1,321,20505198721407,20505263158721,64437,0,1,63035,66864,0,,,,323,220,0,0,0,0,52,0,0
325,scan,324,0,20505348505839,,20505348632393,20505350581298,41.762,0.5891,1.1277,3.1015,2,0.5478,547,220,-1,220,1,1,322,20505248783346,20505316115924,67332,0,1,63035,66971,0,,,,324,220,1,0,0,0,52,0,0
326,scan,325,0,20505398760923,,20505398882242,20505400595779,41.812,0.5741,1.1283,3.1015,2,0.5286,528,220,-1,220,0,1,323,20505298651035,20505366046928,67395,0,1,63035,66933,0,,,,325,220,0,0,0,0,52,0,0
327,scan,326,0,20505449057880,,20505449248353,20505451354299,41.862,0.5666,1.1286,3.1015,2,0.5288,528,220,-1,220,-1,1,324,20505348550742,20505412885547,64334,0,1,63035,66841,0,,,,326,220,-1,0,0,0,52,0,0
328,scan,327,0,20505498892357,,20505499016960,20505500487420,41.912,0.5517,1.1292,3.1016,2,0.5138,513,220,-1,220,-1,1,325,20505398801284,20505466263865,67462,0,1,63035,66838,0,,,,327,220,-1,0,0,0,52,0,0
329,scan,328,0,20505549192732,,20505549323023,20505551443944,41.962,0.5442,1.1295,3.1016,2,0.5052,505,220,-1,220,-1,1,326,20505449120742,20505516696320,67575,0,1,63035,66839,0,,,,328,220,-1,0,0,0,52,0,0
330,scan,329,0,20505598838683,,20505598964859,20505600548129,42.012,0.5293,1.1301,3.1014,2,0.4960,495,220,-1,220,-1,1,327,20505498934959,20505566220534,67285,0,1,63035,66829,0,,,,329,220,-1,0,0,0,52,0,0
331,scan,330,0,20505649029193,,20505649158669,20505651410953,42.062,0.5218,1.1304,3.1014,2,0.4783,478,220,0,220,-2,1,328,20505549239424,20505613840222,64600,0,1,63035,66765,0,,,,330,220,-2,0,0,0,52,0,0
332,scan,331,0,20505699052612,,20505699205281,20505701670859,42.112,0.5143,1.1307,3.1013,2,0.4832,483,220,0,220,1,1,329,20505598878282,20505663472101,64593,0,1,63035,66627,0,,,,331,220,1,0,0,0,52,0,0
333,scan,332,0,20505748978346,,20505749107004,20505751574348,42.162,0.4994,1.1313,3.1013,2,0.4628,462,220,0,220,0,1,330,20505649076016,20505716255846,67179,0,1,63035,66633,0,,,,332,220,0,0,0,0,52,0,0
334,scan,333,0,20505798995166,,20505799168826,20505801356617,42.212,0.4919,1.1316,3.1012,2,0.4600,460,220,0,220,1,1,331,20505699106028,20505766626036,67520,0,1,63035,66634,0,,,,333,220,1,0,0,0,52,0,0
335,scan,334,0,20505848849371,,20505848975991,20505850528645,42.262,0.4769,1.1322,3.1012,2,0.4428,442,220,0,220,0,1,332,20505749028516,20505816691004,67662,0,1,63035,66669,0,,,,334,220,0,0,0,0,52,0,0
336,scan,335,0,20505899175970,,20505899301789,20505901400370,42.312,0.4695,1.1325,3.1013,2,0.4464,446,220,0,220,1,1,333,20505799056256,20505863060200,64003,0,1,63035,66663,0,,,,335,220,1,0,0,0,52,0,0
337,scan,336,0,20505948899070,,20505949041596,20505950549355,42.362,0.4545,1.1331,3.1014,2,0.4327,432,220,-1,220,1,1,334,20505848892484,20505916373240,67480,0,1,63035,66674,0,,,,336,220,1,0,0,0,52,0,0
338,scan,337,0,20505999138982,,20505999276935,20506001414451,42.412,0.4470,1.1334,3.1014,2,0.4231,423,220,0,220,0,1,335,20505899220158,20505966028490,66808,0,1,63035,66654,0,,,,337,220,0,0,0,0,52,0,0
339,scan,338,0,20506049113137,,20506049244351,20506051401075,42.462,0.4321,1.1340,3.1014,2,0.4166,416,220,-1,220,1,1,336,20505948945161,20506016135431,67190,0,1,63035,66666,0,,,,338,220,1,0,0,0,52,0,0
340,scan,339,0,20506099360200,,20506099499180,20506101520973,42.512,0.4246,1.1343,3.1015,2,0.4069,406,220,-1,220,0,1,337,20505999189566,20506066364070,67174,0,1,63035,66661,0,,,,339,220,0,0,0,0,52,0,0
341,scan,340,0,20506149189845,,20506149310758,20506151410712,42.562,0.4097,1.1349,3.1015,2,0.3972,397,220,-1,220,1,1,338,20506049157152,20506116587450,67430,0,1,63035,66677,0,,,,340,220,1,0,1,0,52,0,0
342,scan,341,0,20506200093256,,20506200272585,20506202385917,42.612,0.4022,1.1352,3.1015,2,0.3914,391,220,-1,220,0,1,339,20506099407882,20506166318583,66910,0,1,63035,66664,0,,,,341,220,0,0,1,0,52,0,0
343,scan,342,0,20506250143252,,20506250305071,20506252444886,42.662,0.3873,1.1358,3.1015,2,0.3760,376,220,-1,220,1,1,340,20506149233110,20506216653742,67420,0,1,63035,66681,0,,,,342,220,1,0,1,0,52,0,0
344,scan,343,0,20506300105659,,20506300298194,20506302443024,42.712,0.3798,1.1361,3.1015,2,0.3765,376,220,-1,220,1,1,341,20506200163582,20506264492863,64329,0,1,63035,66678,0,,,,343,220,1,0,1,0,52,0,0
345,scan,344,0,20506349651230,,20506349781124,20506351540381,42.762,0.3648,1.1367,3.1016,2,0.3672,367,220,-1,220,1,1,342,20506250187797,20506314735647,64547,0,1,63035,66631,0,,,,344,220,1,0,1,0,52,0,0
346,scan,345,0,20506400252418,,20506400399533,20506402470290,42.812,0.3574,1.1370,3.1016,2,0.3637,363,220,-1,220,-1,1,343,20506300176196,20506369682656,69506,0,1,63035,66672,0,,,,345,220,-1,0,1,0,52,0,0
347,scan,346,0,20506450001790,,20506450127923,20506452391048,42.862,0.3424,1.1376,3.1017,2,0.3638,363,220,-1,220,-1,1,344,20506349696511,20506442232573,92536,0,1,63035,67328,0,,,,346,220,-1,0,1,0,52,0,0
348,scan,347,0,20506500079169,,20506500227014,20506502435871,42.912,0.3349,1.1379,3.1016,2,0.3510,351,220,-1,220,-1,1,344,,,,1,1,63035,67329,0,,,,347,220,-1,0,1,0,52,0,0
349,scan,348,0,20506549943138,,20506550082011,20506552411511,42.962,0.3275,1.1382,3.1016,2,0.3288,328,220,-1,220,-1,1,345,20506400298653,20506538514022,138215,0,1,63035,69180,0,,,,348,220,-1,0,1,0,52,0,0
350,scan,349,0,20506600178050,,20506600402814,20506602939900,43.012,0.3125,1.1388,3.1014,2,0.3333,333,220,-1,220,-1,1,346,20506450041425,20506551547677,101506,0,1,63035,70071,0,,,,349,220,-1,0,1,0,52,0,0
351,scan,350,0,20506649875698,,20506650030641,20506652495018,43.062,0.3050,1.1391,3.1014,2,0.3198,319,220,-1,220,-1,1,347,20506500130033,20506620548572,120418,0,1,63035,71501,0,,,,350,220,-1,0,1,0,52,0,0
352,scan,351,0,20506699959375,,20506700145243,20506701516066,43.112,0.2901,1.1397,3.1014,2,0.3206,320,220,-1,220,-1,1,348,20506549992850,20506664421084,114428,0,1,63035,72787,0,,,,351,220,-1,0,1,0,52,0,0
353,scan,352,0,20506749981939,,20506750110279,20506751599957,43.162,0.2826,1.1400,3.1014,2,0.3283,328,220,0,220,-1,1,348,,,,1,1,63035,72787,0,,,,352,220,-1,0,1,0,52,0,0
354,scan,353,0,20506800121676,,20506800341673,20506802865115,43.212,0.2677,1.1406,3.1013,2,0.3172,317,220,0,220,1,1,350,20506649930444,20506764605376,114674,0,1,63035,74171,0,,,,353,220,1,0,1,0,52,0,0
355,scan,354,0,20506850764603,,20506850944485,20506852441681,43.262,0.2602,1.1409,3.1012,2,0.3145,314,220,0,220,1,1,351,20506700049644,20506843215251,143165,0,1,63035,76159,0,,,,354,220,1,0,1,0,52,0,0
356,scan,355,0,20506900358293,,20506900504465,20506902601647,43.312,0.2453,1.1415,3.1013,2,0.3011,301,220,0,220,1,1,352,20506750027327,20506898744691,148717,0,1,63035,78303,0,,,,355,220,1,0,1,0,52,0,0
357,scan,356,0,20506950288329,,20506950415071,20506952425171,43.362,0.2378,1.1418,3.1013,2,0.2815,281,220,0,220,1,1,353,20506800197204,20506937094990,136897,0,1,63035,80146,0,,,,356,220,1,0,1,0,52,0,0
358,scan,357,0,20507000295019,,20507000440162,20507002487673,43.412,0.2228,1.1424,3.1014,2,0.3097,309,220,-1,220,1,1,353,,,,1,1,63035,80486,0,,,,357,220,1,0,1,0,52,0,0
359,scan,358,0,20507050445058,,20507050582150,20507052538571,43.462,0.2154,1.1427,3.1014,2,0.3141,314,220,-1,220,1,1,354,20506850827330,20507003425332,152598,0,1,63035,82798,0,,,,358,220,1,0,1,0,52,0,0
360,scan,359,0,20507100420114,,20507100559886,20507102496791,43.512,0.2004,1.1433,3.1015,2,0.2940,293,220,-1,220,0,1,355,20506900421029,20507067608813,167187,0,1,63035,85486,1,20507100533645,,,359,220,0,0,1,0,52,0,0
361,scan,360,0,20507150526479,,20507150674021,20507152575272,43.562,0.1929,1.1436,3.1015,2,0.3059,305,220,-1,220,1,1,356,20506950334404,20507105511079,155176,0,1,63035,87855,1,,,,360,220,1,0,1,0,52,0,0
362,scan,361,0,20507200574279,,20507200723696,20507202656829,43.612,0.1780,1.1442,3.1016,2,0.2950,294,220,-1,220,0,1,357,20507000344755,20507167296943,166952,0,1,63035,90541,1,,,,361,220,0,0,1,0,52,0,0
363,scan,362,0,20507250621010,,20507250759744,20507252576320,43.662,0.1705,1.1445,3.1016,2,0.3062,306,220,-1,220,1,1,358,20507050493810,20507226557188,176063,0,1,63035,93478,1,,,,362,220,1,0,1,0,52,0,0
364,scan,363,0,20507301099055,,20507301375655,20507303691236,43.712,0.1556,1.1451,3.1016,2,0.3083,308,220,-1,220,1,1,358,,,,1,1,63035,94285,1,,,,363,220,1,0,1,0,52,0,0
365,scan,364,0,20507350346319,,20507350475071,20507352502570,43.762,0.1481,1.1454,3.1017,2,0.3189,318,220,-1,220,0,1,359,20507100468628,20507305815914,205347,0,1,63035,98119,1,,,,364,220,0,0,1,0,52,0,0
366,scan,365,0,20507400358695,,20507400478539,20507402554715,43.812,0.1406,1.1457,3.1017,2,0.3274,327,220,-1,220,-1,1,361,20507200631358,20507398849539,198218,0,1,63035,101753,1,,,,365,220,-1,0,1,0,52,0,0
367,flag,365,1,,20507421068244,20507421132570,20507423378092,43.812,0.1406,1.1457,3.1017,2,0.3274,327,220,-1,220,-1,1,361,,,,,,,,,,1,1790095615573341323,365,139,-1,1,1,35,53,0,0
368,scan,366,1,20507450265412,,20507450391593,20507452590097,43.862,0.1257,1.1463,3.1017,2,1.0293,1029,220,-1,220,-1,1,361,,,,1,1,63035,102822,1,,,,366,220,-1,1,0,0,53,0,0
369,scan,367,1,20507500498472,,20507500632095,20507502637992,43.912,0.1193,1.1465,3.1024,2,1.0291,1029,220,-3,220,-2,1,362,20507250682971,20507456250728,205567,0,1,63035,106768,1,,,,367,220,-3,1,0,0,53,0,0
370,scan,368,1,20507550776638,,20507550901746,20507552688329,43.962,0.1045,1.1470,3.1084,2,1.0200,1019,220,-15,220,-1,1,363,20507301191454,20507513110893,211919,0,1,63035,110892,1,,,,368,220,-15,1,0,0,53,0,0
371,scan,369,1,20507600882087,,20507601051048,20507602542471,44.012,0.0971,1.1473,3.1097,2,1.0152,1015,220,-18,220,-2,1,364,20507350391454,20507565924195,215532,0,1,63035,115128,1,,,,369,220,-18,1,0,0,53,0,0
372,scan,370,1,20507651103025,,20507651239536,20507653485209,44.062,0.0821,1.1478,3.1055,2,0.9909,990,220,-9,220,-1,1,365,20507400402284,20507615932909,215530,0,1,63035,119440,1,,,,370,220,-9,1,0,0,53,0,0
373,scan,371,1,20507701032369,,20507701174723,20507703404690,44.112,0.0746,1.1481,3.1034,2,0.9985,998,220,-5,220,-1,1,366,20507450309630,20507680305270,229995,0,1,63035,124166,1,,,,371,220,-5,1,0,0,53,0,0
374,scan,372,1,20507750729027,,20507750854634,20507752553759,44.162,0.0597,1.1486,3.1039,2,0.9840,983,220,-6,220,0,1,367,20507500546584,20507727119767,226573,0,1,63035,128720,1,,,,372,220,-6,1,0,0,53,0,0
375,scan,373,1,20507801050997,,20507801186085,20507803405208,44.212,0.0522,1.1489,3.1051,2,0.9761,976,220,-9,220,-13,1,368,20507550819764,20507782667236,231847,0,1,63035,133415,1,,,,373,220,-9,1,0,0,53,0,0
376,scan,374,1,20507851041392,,20507851182825,20507853423754,44.262,0.0372,1.1495,3.1046,2,0.9764,976,220,-8,220,-17,1,369,20507600948524,20507840306900,239358,0,1,63035,138320,1,,,,374,220,-8,1,0,0,53,0,0
377,scan,375,1,20507901298090,,20507901437250,20507903547468,44.312,0.0298,1.1497,3.1034,2,0.9539,953,220,-5,220,-17,1,369,,,,1,1,63035,140506,1,,,,375,220,-5,1,0,0,53,0,0
378,scan,376,1,20507951318185,,20507951452941,20507953485737,44.362,0.0148,1.1503,3.1024,2,0.9566,956,220,-3,220,-9,1,370,20507651150837,20507903002958,251852,0,1,63035,145929,1,,,,376,220,-3,1,0,0,53,0,0
379,flag,376,0,,20507966844613,20507966888438,20507968572280,44.362,0.0148,1.1503,3.1024,2,0.9566,956,220,-3,220,-9,1,370,,,,,,,,,,2,1790095616060830074,376,220,-9,0,0,34,54,0,0
380,scan,377,0,20508001515710,,20508001650860,20508003504858,44.412,0.0073,1.1506,3.1028,2,0.9456,945,220,-4,220,-9,1,370,,,,1,1,63035,148327,1,,,,377,220,-9,0,0,0,54,0,0
381,scan,378,0,20508051533824,,20508051749112,20508053525432,44.462,-0.0076,1.1512,3.1030,2,0.9397,939,220,-5,220,-5,1,372,20507750773378,20508027964419,277191,0,1,63035,154690,1,,,,378,220,-5,0,0,0,54,0,0
382,scan,379,0,20508101421181,,20508101550650,20508103648363,44.512,-0.0151,1.1515,3.1023,2,0.9413,941,220,-3,220,-7,1,373,20507801100323,20508060050857,258950,0,1,63035,160502,1,,,,379,220,-7,0,0,0,54,0,0
383,scan,380,0,20508151483233,,20508151603594,20508153542858,44.562,-0.0300,1.1521,3.1011,2,0.9257,925,220,-1,220,-8,1,374,20507851092754,20508132932517,281839,0,1,63035,166999,1,,,,380,220,-8,0,0,0,54,0,0
384,scan,381,0,20508201788782,,20508201923947,20508203570128,44.612,-0.0375,1.1524,3.1012,2,0.9141,914,220,-1,220,-8,1,374,,,,1,1,63035,170127,1,,,,381,220,-8,0,0,0,54,0,0
385,scan,382,0,20508252298812,,20508252508147,20508254520812,44.662,-0.0450,1.1527,3.1013,2,0.9029,902,220,-1,220,-2,1,376,20507951362293,20508249986899,298624,0,1,63035,177352,1,,,,382,220,-2,0,0,0,54,0,0
386,scan,383,0,20508301928848,,20508302056402,20508303654762,44.712,-0.0599,1.1533,3.1008,2,0.9067,906,220,0,220,-3,1,377,20508001563492,20508288056612,286493,0,1,63035,184294,1,,,,383,220,-3,0,0,0,54,0,0
387,scan,384,0,20508351966167,,20508352145117,20508353533294,44.762,-0.0674,1.1536,3.1003,2,0.8919,891,220,1,220,-4,1,378,20508051606800,20508342768111,291161,0,1,63035,191376,1,,,,384,220,-4,0,0,0,54,0,0
388,scan,385,0,20508401789415,,20508401924136,20508403575096,44.812,-0.0823,1.1542,3.1001,2,0.8955,895,220,1,220,-4,1,378,,,,1,1,63035,195307,1,,,,385,220,-4,0,0,0,54,0,0
389,scan,386,0,20508451784718,,20508451908127,20508453511531,44.862,-0.0898,1.1545,3.1002,2,0.8934,893,220,1,220,-2,1,379,20508101466902,20508421373661,319906,0,1,63035,202642,1,,,,386,220,-2,0,0,0,54,0,0
390,scan,387,0,20508501691840,,20508501835741,20508503545958,44.912,-0.1048,1.1551,3.1000,2,0.8883,888,220,1,220,0,1,380,20508151523276,20508472103832,320580,0,1,63035,206327,1,,,,387,220,0,0,0,0,54,0,0
391,scan,388,0,20508551720011,,20508551846755,20508553516012,44.962,-0.1122,1.1555,3.0998,2,0.8721,872,220,2,220,0,1,381,20508201837597,20508530459284,328621,0,1,63035,212278,1,,,,388,220,0,0,0,0,54,0,0
392,scan,389,0,20508601831372,,20508601970091,20508603497024,45.012,-0.1272,1.1561,3.0997,2,0.8726,872,220,2,220,1,1,382,20508252374632,20508581120962,328746,0,1,63035,219379,1,,,,389,220,1,0,0,0,54,0,0
393,scan,390,0,20508652161321,,20508652297202,20508654403194,45.062,-0.1347,1.1564,3.0998,2,0.8767,876,220,2,220,0,1,383,20508301974553,20508642748211,340773,0,1,63035,226265,1,,,,390,220,0,0,0,0,54,0,0
394,scan,391,0,20508702237561,,20508702446817,20508704555605,45.112,-0.1496,1.1570,3.1000,2,0.8759,875,220,1,220,3,1,384,20508352061496,20508690795868,338734,0,1,63035,233275,1,,,,391,220,3,0,0,0,54,0,0
395,scan,392,0,20508751956894,,20508752218173,20508754402697,45.162,-0.1571,1.1573,3.0999,2,0.8737,873,220,2,220,3,1,384,,,,1,1,63035,233275,1,,,,392,220,3,0,0,0,54,0,0
396,scan,393,0,20508801899760,,20508802039039,20508803516998,45.212,-0.1720,1.1580,3.0999,2,0.8687,868,220,2,220,2,1,385,20508401836421,20508771049940,369213,0,1,63035,241229,1,,,,393,220,2,0,0,0,54,0,0
397,scan,394,0,20508852185793,,20508852331341,20508854425253,45.262,-0.1795,1.1583,3.1001,2,0.8684,868,220,1,220,3,1,386,20508451830982,20508824884254,373053,0,1,63035,248413,1,,,,394,220,3,0,0,0,54,0,0
398,scan,395,0,20508902069393,,20508902195469,20508904451241,45.312,-0.1944,1.1589,3.1004,2,0.8446,844,220,1,220,2,1,387,20508501737645,20508876316979,374579,0,1,63035,255471,1,,,,395,220,2,0,0,0,54,0,0
399,scan,396,0,20508952443274,,20508952563587,20508954629777,45.362,-0.2019,1.1592,3.1005,2,0.8550,854,220,1,220,1,1,388,20508551764907,20508947605400,395840,0,1,63035,263563,1,,,,396,220,1,0,0,0,54,0,0
400,scan,397,0,20509003130281,,20509003402219,20509005438084,45.412,-0.2169,1.1598,3.1005,2,0.8566,856,220,0,220,1,1,388,,,,1,1,63035,263563,1,,,,397,220,1,0,0,0,54,0,0
401,scan,398,0,20509052418654,,20509052544166,20509054559360,45.462,-0.2243,1.1601,3.1005,2,0.8792,879,220,0,220,2,1,390,20508652210334,20509030237554,378027,0,1,63035,270608,1,,,,398,220,2,0,0,0,54,0,0
402,flag,398,1,,20509101520899,20509101576081,20509103525479,45.462,-0.2243,1.1601,3.1005,2,0.8792,879,220,0,220,2,1,390,,,,,,,,,,3,1790095617060795305,398,220,0,1,0,33,55,0,0
403,scan,399,1,20509102541207,,20509102686002,20509104549829,45.512,-0.2318,1.1604,3.1006,2,0.8732,873,220,0,220,2,1,390,,,,1,1,63035,273944,1,,,,399,220,0,1,0,0,55,0,0
404,scan,400,1,20509152573484,,20509152697548,20509154562220,45.562,-0.2468,1.1610,3.1007,2,0.9020,901,220,0,220,2,1,391,20508702308882,20509117141884,414833,0,1,63035,282320,1,,,,400,220,0,1,0,0,55,0,0
405,scan,401,1,20509202390384,,20509202547163,20509204547450,45.612,-0.2542,1.1613,3.1007,2,1.0498,1049,220,0,220,2,1,393,20508801944400,20509200686493,398742,0,1,63035,289797,1,,,,401,220,0,1,0,0,55,0,0
406,scan,402,1,20509252567072,,20509252690850,20509254558951,45.662,-0.2692,1.1620,3.1006,2,1.0423,1042,220,0,220,2,1,393,,,,1,1,63035,293588,1,,,,402,220,0,1,0,0,55,0,0
407,scan,403,1,20509303009039,,20509303308300,20509305424766,45.712,-0.2767,1.1623,3.1006,2,1.0425,1042,220,0,220,2,1,394,20508852237723,20509275136149,422898,0,1,63035,297759,1,,,,403,220,0,1,0,0,55,0,0
408,scan,404,1,20509352749302,,20509352901639,20509354586349,45.762,-0.2916,1.1629,3.1007,2,1.0350,1034,220,0,220,3,1,395,20508902109635,20509306296316,404186,0,1,63035,304174,1,,,,404,220,0,1,0,0,55,0,0
409,scan,405,1,20509402806134,,20509402933775,20509404558270,45.812,-0.2991,1.1632,3.1007,2,1.0317,1031,220,0,220,3,1,395,,,,1,1,63035,307705,1,,,,405,220,0,1,0,0,55,0,0
410,scan,406,1,20509452530402,,20509452655592,20509454637976,45.862,-0.3140,1.1638,3.1007,2,1.0263,1026,220,0,220,3,1,397,20509003217700,20509406443077,403225,0,1,63035,310787,1,,,,406,220,0,1,0,0,55,0,0
411,scan,407,1,20509502860778,,20509503070466,20509504463657,45.912,-0.3215,1.1641,3.1007,2,1.0351,1035,220,0,220,3,1,397,,,,1,1,63035,314294,1,,,,407,220,0,1,0,0,55,0,0
412,scan,408,1,20509553060751,,20509553187385,20509555408435,45.962,-0.3364,1.1647,3.1007,2,1.0341,1034,220,0,220,0,1,399,20509102619510,20509509077936,406458,0,1,63035,320779,1,,,,408,220,0,1,0,0,55,0,0
413,scan,409,1,20509603003216,,20509603136688,20509605435767,46.012,-0.3439,1.1650,3.1007,2,1.0249,1024,220,0,220,0,1,401,20509202455225,20509599367496,396912,0,1,63035,326825,1,,,,409,220,0,1,0,0,55,0,0
414,scan,410,1,20509653047078,,20509653169598,20509655443085,46.062,-0.3589,1.1656,3.1007,2,1.0270,1027,220,0,220,0,1,401,,,,1,1,63035,330662,1,,,,410,220,0,1,0,0,55,0,0
415,scan,411,1,20509703416988,,20509703566249,20509705555559,46.112,-0.3663,1.1659,3.1007,2,1.0253,1025,220,0,220,0,1,401,,,,1,1,63035,334258,1,,,,411,220,0,1,0,0,55,0,0
416,scan,412,1,20509753688413,,20509753808881,20509755505822,46.162,-0.3813,1.1665,3.1007,2,1.0268,1026,220,0,220,1,1,404,20509352806714,20509752132350,399325,0,1,63035,340427,1,,,,412,220,0,1,0,0,55,0,0
417,scan,413,1,20509803577291,,20509803730044,20509805606996,46.212,-0.3888,1.1669,3.1007,2,1.0317,1031,220,0,220,1,1,404,,,,1,1,63035,344449,1,,,,413,220,0,1,0,0,55,0,0
418,scan,414,1,20509853378362,,20509853497498,20509855521574,46.262,-0.4037,1.1675,3.1007,2,1.0162,1016,220,0,220,1,1,404,,,,1,1,63035,348491,1,,,,414,220,0,1,0,0,55,0,0
419,scan,415,1,20509903430225,,20509903555159,20509905534801,46.312,-0.4112,1.1678,3.1007,2,1.0241,1024,220,0,220,1,1,406,20509452574028,20509855197485,402623,0,1,63035,350496,1,,,,415,220,0,1,0,0,55,0,0
420,scan,416,1,20509953141393,,20509953270235,20509955503738,46.362,-0.4187,1.1681,3.1007,2,1.0310,1031,220,0,220,1,1,407,20509502934749,20509903904192,400969,0,1,63035,356019,1,,,,416,220,0,1,0,0,55,0,0
421,scan,417,1,20510003318062,,20510003453845,20510005570837,46.412,-0.4336,1.1687,3.1007,2,1.0228,1022,220,0,220,1,1,408,20509553103721,20509970950371,417846,0,1,63035,358227,1,,,,417,220,0,1,0,0,55,0,0
422,scan,418,1,20510053314051,,20510053489159,20510055551995,46.462,-0.4411,1.1690,3.1007,2,1.0205,1020,220,0,220,1,1,409,20509603051447,20510005263796,402212,0,1,63035,362692,1,,,,418,220,0,1,0,0,55,0,0
423,scan,419,1,20510103333164,,20510103454886,20510105558144,46.512,-0.4560,1.1696,3.1007,2,1.0284,1028,220,0,220,1,1,411,20509703469182,20510098552688,395083,0,1,63035,367554,1,,,,419,220,0,1,0,0,55,0,0
424,scan,420,1,20510153280440,,20510153402964,20510155543584,46.562,-0.4635,1.1699,3.1007,2,1.0364,1036,220,0,220,1,1,411,,,,1,1,63035,370728,1,,,,420,220,0,1,0,0,55,0,0
425,scan,421,1,20510203361821,,20510203526708,20510205599189,46.612,-0.4784,1.1705,3.1007,2,1.0213,1021,220,0,220,1,1,411,,,,1,1,63035,370728,1,,,,421,220,0,1,0,0,55,0,0
426,scan,422,1,20510253617929,,20510253744874,20510255600324,46.662,-0.4859,1.1708,3.1007,2,1.0080,1007,220,0,220,1,1,411,,,,1,1,63035,373501,1,,,,422,220,0,1,0,0,55,0,0
427,scan,423,1,20510303709212,,20510303845592,20510305483335,46.712,-0.5009,1.1714,3.1007,2,1.0284,1028,220,0,220,0,1,414,20509853416819,20510265044276,411627,0,1,63035,378314,1,,,,423,220,0,1,0,0,55,0,0
428,scan,424,1,20510354029773,,20510354171729,20510356419318,46.762,-0.5083,1.1718,3.1007,2,1.0378,1037,220,0,220,0,1,414,,,,1,1,63035,381800,1,,,,424,220,0,1,0,0,55,0,0
429,scan,425,1,20510403813484,,20510403973063,20510405581056,46.812,-0.5233,1.1724,3.1007,2,1.0283,1028,220,0,220,0,1,414,,,,1,1,63035,381800,1,,,,425,220,0,1,0,0,55,0,0
430,scan,426,1,20510453845847,,20510454105829,20510456506054,46.862,-0.5308,1.1727,3.1007,2,1.0221,1022,220,0,220,0,1,414,,,,1,1,63035,384379,1,,,,426,220,0,1,0,0,55,0,0
431,scan,427,1,20510504239114,,20510504399852,20510506529449,46.912,-0.5457,1.1733,3.1007,2,1.0235,1023,220,0,220,1,1,418,20510053363407,20510454141215,400777,0,1,63035,387721,1,,,,427,220,0,1,0,0,55,0,0
432,scan,428,1,20510553987287,,20510554132568,20510556413133,46.962,-0.5532,1.1736,3.1007,2,1.0390,1039,220,0,220,2,1,419,20510103379017,20510517054600,413675,0,1,63035,391265,1,,,,428,220,0,1,0,0,55,0,0
433,scan,429,1,20510603545869,,20510603700871,20510605553665,47.012,-0.5681,1.1742,3.1007,2,1.0118,1011,220,0,220,1,1,420,20510153323133,20510599647564,446324,0,1,63035,396164,1,,,,429,220,0,1,0,0,55,0,0
434,scan,430,1,20510653812209,,20510653939033,20510656383550,47.062,-0.5756,1.1745,3.1007,2,1.0137,1013,220,0,220,2,1,421,20510203412948,20510624927807,421514,0,1,63035,399528,1,,,,430,220,0,1,0,0,55,0,0
435,scan,431,1,20510703821753,,20510703930141,20510705631636,47.112,-0.5906,1.1751,3.1007,2,1.0146,1014,220,0,220,0,1,423,20510303756293,20510697124038,393367,0,1,63035,401804,1,,,,431,220,0,1,0,0,55,0,0
436,scan,432,1,20510754067367,,20510754189459,20510756421917,47.162,-0.5980,1.1754,3.1007,2,1.0182,1018,220,0,220,2,1,424,20510354078110,20510751920767,397842,0,1,63035,401646,1,,,,432,220,0,1,0,0,55,0,0
437,scan,433,1,20510804453418,,20510804608283,20510806560125,47.212,-0.6055,1.1757,3.1007,2,1.0115,1011,220,0,220,0,1,425,20510403868981,20510797551375,393682,0,1,63035,402625,1,,,,433,220,0,1,0,0,55,0,0
438,scan,434,1,20510854188105,,20510854309785,20510856409749,47.262,-0.6204,1.1763,3.1007,2,1.0198,1019,220,0,220,0,1,425,,,,1,1,63035,403857,1,,,,434,220,0,1,0,0,55,0,0
439,scan,435,1,20510904650186,,20510904789505,20510906479671,47.312,-0.6279,1.1766,3.1007,2,1.0056,1005,220,0,220,0,1,425,,,,1,1,63035,405130,1,,,,435,220,0,1,0,0,55,0,0
440,scan,436,1,20510954417540,,20510954538597,20510956471143,47.362,-0.6429,1.1773,3.1007,2,1.0069,1006,220,0,220,2,1,428,20510554032651,20510952834250,398801,0,1,63035,405259,1,,,,436,220,0,1,0,0,55,0,0
441,scan,437,1,20511004439226,,20511004567770,20511006524761,47.412,-0.6503,1.1776,3.1007,2,1.0160,1015,220,0,220,2,1,428,,,,1,1,63035,405259,1,,,,437,220,0,1,0,0,55,0,0
442,scan,438,1,20511054637199,,20511054772130,20511056485864,47.462,-0.6653,1.1782,3.1007,2,1.0169,1016,220,0,220,1,1,429,20510603614337,20511011332942,407718,0,1,63035,406550,1,,,,438,220,0,1,0,0,55,0,0
443,scan,439,1,20511104815572,,20511105008331,20511106518808,47.512,-0.6728,1.1785,3.1007,2,0.9880,987,220,0,220,3,1,430,20510653856853,20511056658991,402802,0,1,63035,406393,1,,,,439,220,0,1,0,0,55,0,0
444,scan,440,1,20511154469086,,20511154595338,20511156582896,47.562,-0.6877,1.1791,3.1007,2,1.0053,1005,220,0,220,3,1,430,,,,1,1,63035,406026,1,,,,440,220,0,1,0,0,55,0,0
445,scan,441,1,20511204392038,,20511204554335,20511206502711,47.612,-0.6952,1.1794,3.1007,2,1.0046,1004,220,0,220,0,1,432,20510754111894,20511176111900,422000,0,1,63035,407038,1,,,,441,220,0,1,0,0,55,0,0
446,scan,442,1,20511254183903,,20511254304910,20511256416871,47.662,-0.7101,1.1800,3.1007,2,1.0011,1001,220,0,220,0,1,432,,,,1,1,63035,407038,1,,,,442,220,0,1,0,0,55,0,0
447,scan,443,1,20511304655980,,20511304777177,20511306566840,47.712,-0.7176,1.1803,3.1007,2,1.0059,1005,220,0,220,0,1,434,20510854230061,20511255985930,401755,0,1,63035,406118,1,,,,443,220,0,1,0,0,55,0,0
448,scan,444,1,20511354257471,,20511354385309,20511356452749,47.762,-0.7326,1.1809,3.1007,2,1.0010,1001,220,0,220,0,1,434,,,,1,1,63035,406206,1,,,,444,220,0,1,0,0,55,0,0
449,scan,445,1,20511404639993,,20511404771418,20511406505988,47.812,-0.7400,1.1812,3.1007,2,1.0114,1011,220,0,220,2,1,435,20510904703029,20511356859369,452156,0,1,63035,408204,1,,,,445,220,0,1,0,0,55,0,0
450,scan,446,1,20511454822987,,20511454961525,20511456511792,47.862,-0.7550,1.1819,3.1007,2,0.9996,999,220,0,220,3,1,437,20511004486614,20511423971970,419485,0,1,63035,408911,1,,,,446,220,0,1,0,0,55,0,0
451,scan,447,1,20511504739423,,20511504870750,20511506497782,47.912,-0.7625,1.1822,3.1007,2,1.0195,1019,220,0,220,1,1,438,20511054684324,20511479875471,425191,0,1,63035,409589,1,,,,447,220,0,1,0,0,55,0,0
452,scan,448,1,20511554926730,,20511555059597,20511556605678,47.962,-0.7774,1.1828,3.1007,2,0.9998,999,220,0,220,-1,1,439,20511104881803,20511518228161,413346,0,1,63035,409876,1,,,,448,220,0,1,0,0,55,0,0
453,scan,449,1,20511604698742,,20511604827526,20511606536004,48.012,-0.7849,1.1831,3.1007,2,0.9998,999,220,0,220,1,1,440,20511154511303,20511578861422,424350,0,1,63035,411020,1,,,,449,220,0,1,0,0,55,0,0
454,scan,450,1,20511654688432,,20511654814846,20511656740209,48.062,-0.7923,1.1834,3.1007,2,1.0022,1002,220,0,220,1,1,440,,,,1,1,63035,411020,1,,,,450,220,0,1,0,0,55,0,0
455,scan,451,1,20511704897592,,20511705043553,20511706580963,48.112,-0.8073,1.1840,3.1007,2,1.0187,1018,220,0,220,1,1,442,20511254228175,20511673845533,419617,0,1,63035,411363,1,,,,451,220,0,1,0,0,55,0,0
456,scan,452,1,20511754851691,,20511754997699,20511756586591,48.162,-0.8148,1.1843,3.1007,2,1.0056,1005,220,0,220,0,1,443,20511304703580,20511708068521,403364,0,1,63035,411525,1,,,,452,220,0,1,0,0,55,0,0
457,scan,453,1,20511804795722,,20511804944293,20511806543585,48.212,-0.8297,1.1849,3.1007,2,0.9996,999,220,0,220,2,1,444,20511354300378,20511773428505,419128,0,1,63035,411817,1,,,,453,220,0,1,0,0,55,0,0
458,scan,454,1,20511854952817,,20511855094307,20511856502867,48.262,-0.8372,1.1852,3.1007,2,1.0123,1012,220,0,220,2,1,444,,,,1,1,63035,411817,1,,,,454,220,0,1,0,0,55,0,0
459,scan,455,1,20511904720365,,20511904851646,20511906594281,48.312,-0.8521,1.1858,3.1007,2,1.0137,1013,220,0,220,2,1,446,20511454868706,20511860340383,405471,0,1,63035,411927,1,,,,455,220,0,1,0,0,55,0,0
460,scan,456,1,20511955125397,,20511955255153,20511957416721,48.362,-0.8596,1.1861,3.1007,2,0.9881,988,220,0,220,1,1,447,20511504786458,20511905191406,400404,0,1,63035,411905,1,,,,456,220,0,1,0,0,55,0,0
461,scan,457,1,20512005628228,,20512005757536,20512007564123,48.412,-0.8746,1.1868,3.1007,2,0.9845,984,220,0,220,2,1,448,20511554965073,20511966569490,411604,0,1,63035,411665,1,,,,457,220,0,1,0,0,55,0,0
462,scan,458,1,20512055474631,,20512055616709,20512057581573,48.462,-0.8820,1.1871,3.1007,2,1.0006,1000,220,1,220,0,1,450,20511654733052,20512053950251,399217,0,1,63035,411550,1,,,,458,220,1,1,0,0,55,0,0
463,scan,459,1,20512105208089,,20512105362860,20512107438364,48.512,-0.8970,1.1877,3.1007,2,1.0004,1000,220,1,220,0,1,450,,,,1,1,63035,412209,1,,,,459,220,1,1,0,0,55,0,0
464,scan,460,1,20512155041453,,20512155166699,20512157434479,48.562,-0.9045,1.1880,3.1007,2,1.0033,1003,220,0,220,1,1,451,20511704948364,20512121318332,416369,0,1,63035,412369,1,,,,460,220,0,1,0,0,55,0,0
465,scan,461,1,20512205220788,,20512205344463,20512207469851,48.612,-0.9194,1.1886,3.1008,2,0.9880,988,220,0,220,0,1,452,20511754912471,20512169051898,414139,0,1,63035,412434,1,,,,461,220,0,1,0,0,55,0,0
466,scan,462,1,20512255766095,,20512255892886,20512257537861,48.662,-0.9269,1.1889,3.1008,2,1.0034,1003,220,0,220,0,1,452,,,,1,1,63035,412434,1,,,,462,220,0,1,0,0,55,0,0
467,scan,463,1,20512305762194,,20512305903193,20512307551866,48.712,-0.9418,1.1895,3.1007,2,0.9974,997,220,0,220,0,1,454,20511855003082,20512274142206,419139,0,1,63035,412712,1,,,,463,220,0,1,0,0,55,0,0
468,scan,464,1,20512355905776,,20512356079665,20512357768356,48.762,-0.9493,1.1898,3.1007,2,1.0012,1001,220,0,220,0,1,454,,,,1,1,63035,412712,1,,,,464,220,0,1,0,0,55,0,0
469,scan,465,1,20512405849503,,20512405968049,20512407516569,48.812,-0.9642,1.1904,3.1008,2,1.0038,1003,220,0,220,1,1,456,20511955172339,20512358006039,402833,0,1,63035,412360,1,,,,465,220,0,1,0,0,55,0,0
470,scan,466,1,20512457141817,,20512457289349,20512459651361,48.862,-0.9717,1.1907,3.1008,2,0.9841,984,220,0,220,3,1,457,20512005673957,20512408333706,402659,0,1,63035,412025,1,,,,466,220,0,1,0,0,55,0,0
471,scan,467,1,20512506603555,,20512506756776,20512508651451,48.912,-0.9792,1.1910,3.1008,2,0.9806,980,220,0,220,1,1,458,20512055529424,20512458155616,402626,0,1,63035,412089,1,,,,467,220,0,1,0,0,55,0,0
472,scan,468,1,20512556455216,,20512556698778,20512558547179,48.962,-0.9941,1.1916,3.1008,2,0.9669,966,220,1,220,1,1,458,,,,1,1,63035,412032,1,,,,468,220,1,1,0,0,55,0,0
473,scan,469,1,20512606552950,,20512606688335,20512608514102,49.012,-1.0016,1.1919,3.1008,2,0.9614,961,220,1,220,2,1,460,20512155085913,20512583193251,428107,0,1,63035,411382,1,,,,469,220,1,1,0,0,55,0,0
474,scan,470,1,20512656331999,,20512656451561,20512659553387,49.062,-1.0166,1.1926,3.1008,2,0.9562,956,220,0,220,2,1,462,20512255813161,20512648903682,393090,0,1,63035,410366,1,,,,470,220,0,1,0,0,55,0,0
475,scan,471,1,20512706419155,,20512706535471,20512708577384,49.112,-1.0240,1.1929,3.1009,2,0.9256,925,220,0,220,5,1,463,20512305817212,20512700884335,395067,0,1,63035,410427,1,,,,471,220,0,1,0,0,55,0,0
476,scan,472,1,20512757070001,,20512757205832,20512758438847,49.162,-1.0390,1.1935,3.1009,2,0.9309,930,220,0,220,3,1,464,20512355954118,20512754909942,398955,0,1,63035,410467,1,,,,472,220,0,1,0,0,55,0,0
477,scan,473,1,20512806549894,,20512806685217,20512808536852,49.212,-1.0465,1.1938,3.1009,2,0.9127,912,220,0,220,-2,1,465,20512405886032,20512802499735,396613,0,1,63035,410572,1,,,,473,220,0,1,0,0,55,0,0
478,scan,474,1,20512856240394,,20512856373108,20512858458205,49.262,-1.0614,1.1944,3.1008,3,0.9125,912,0,1000,220,-2,1,465,,,,1,1,63035,410572,1,,,,474,0,1000,1,0,0,55,0,0
479,scan,475,1,20512906162180,,20512906285271,20512908422399,49.312,-1.0689,1.1947,3.1009,3,0.8930,892,0,1000,220,4,1,466,20512457193322,20512878405964,421212,0,1,63035,410939,1,,,,475,0,1000,1,0,0,55,0,0
480,scan,476,1,20512955840380,,20512955959512,20512957610660,49.362,-1.0801,1.1951,3.1029,3,0.8875,887,0,1000,220,1,1,467,20512506658275,20512914773347,408115,0,1,63035,411260,1,,,,476,0,1000,1,0,0,55,0,0
481,scan,477,1,20513006276857,,20513006408674,20513008526103,49.412,-1.0840,1.1953,3.1057,3,0.8712,871,0,1000,220,1,1,467,,,,1,1,63035,411260,1,,,,477,0,1000,1,0,0,55,0,0
482,scan,478,1,20513056382946,,20513056508983,20513058559534,49.462,-1.0888,1.1954,3.1120,3,0.8842,884,0,1000,220,1,1,467,,,,1,1,63035,411386,1,,,,478,0,1000,1,0,0,55,0,0
483,scan,479,1,20513106408857,,20513106538192,20513108587210,49.512,-1.0903,1.1955,3.1204,3,0.8711,871,0,1000,220,1,1,467,,,,1,1,63035,411704,1,,,,479,0,1000,1,0,0,55,0,0
484,scan,480,1,20513156279529,,20513156532389,20513158599742,49.562,-1.0916,1.1955,-3.1131,3,0.8742,874,0,1000,220,-4,1,472,20512757114561,20513153159682,396045,0,1,63035,411145,1,,,,480,0,1000,1,0,0,55,0,0
485,scan,481,1,20513206186036,,20513206307631,20513208445605,49.612,-1.0915,1.1955,-3.0727,3,0.8689,868,0,1000,220,-4,1,472,,,,1,1,63035,410743,1,,,,481,0,1000,1,0,0,55,0,0
486,scan,482,1,20513256672741,,20513256868890,20513258516271,49.662,-1.0914,1.1955,-2.9915,3,0.8825,882,0,1000,220,5,1,473,20512806601308,20513228119233,421517,0,1,63035,411128,1,,,,482,0,1000,1,0,0,55,0,0
487,scan,483,1,20513306477429,,20513306614567,20513308594158,49.712,-1.0913,1.1955,-2.9604,3,0.8756,875,0,1000,0,999,1,474,20512856294239,20513301959661,445665,0,1,63035,412696,1,,,,483,0,1000,1,0,0,55,0,0
488,scan,484,1,20513356676955,,20513356810231,20513358823565,49.762,-1.0913,1.1956,-2.9326,3,0.8761,876,0,1000,0,999,1,474,,,,1,1,63035,412696,1,,,,484,0,1000,1,0,0,55,0,0
489,scan,485,1,20513406543397,,20513406659513,20513408675682,49.812,-1.0911,1.1956,-2.8679,3,0.8773,877,0,1000,0,999,1,477,20513006322190,20513400344999,394022,0,1,63035,410620,1,,,,485,0,1000,1,0,0,55,0,0
490,scan,486,1,20513456813525,,20513456939922,20513458565777,49.862,-1.0911,1.1956,-2.8301,3,0.8775,877,0,1000,0,999,1,478,20513056426910,20513448260471,391833,0,1,63035,409632,1,,,,486,0,1000,1,0,0,55,0,0
491,scan,487,1,20513506589507,,20513506720493,20513508465537,49.912,-1.0910,1.1957,-2.7586,3,0.8786,878,0,1000,0,999,1,478,,,,1,1,63035,409056,1,,,,487,0,1000,1,0,0,55,0,0
492,scan,488,1,20513556681604,,20513556810076,20513558667008,49.962,-1.0909,1.1957,-2.7268,3,0.8737,873,0,1000,0,999,1,478,,,,1,1,63035,408891,1,,,,488,0,1000,1,0,0,55,0,0
493,scan,489,1,20513606665060,,20513606788800,20513608598263,50.012,-1.0908,1.1957,-2.6621,3,0.8664,866,0,1000,0,999,1,478,,,,1,1,63035,408272,1,,,,489,0,1000,1,0,0,55,0,0
494,scan,490,1,20513657206607,,20513657359352,20513659542382,50.062,-1.0908,1.1958,-2.6270,3,0.8604,860,0,1000,0,999,1,478,,,,1,1,63035,408272,1,,,,490,0,1000,1,0,0,55,0,0
495,scan,491,1,20513707432762,,20513707687489,20513709590108,50.112,-1.0907,1.1958,-2.5565,3,0.8666,866,0,1000,0,999,1,482,20513256739240,20513678397424,421658,0,1,63035,408354,1,,,,491,0,1000,1,0,0,55,0,0
496,scan,492,1,20513757386244,,20513757524248,20513759509145,50.162,-1.0906,1.1959,-2.5231,3,0.8590,858,0,1000,0,999,1,482,,,,1,1,63035,408562,1,,,,492,0,1000,1,0,0,55,0,0
497,scan,493,1,20513807335607,,20513807462212,20513809434405,50.212,-1.0906,1.1960,-2.4570,3,0.8741,874,0,1000,0,999,1,482,,,,1,1,63035,408103,1,,,,493,0,1000,1,0,0,55,0,0
498,scan,494,1,20513857168922,,20513857294305,20513859504744,50.262,-1.0905,1.1960,-2.4230,3,0.8700,869,0,1000,0,999,1,482,,,,1,1,63035,408103,1,,,,494,0,1000,1,0,0,55,0,0
499,scan,495,1,20513906998939,,20513907121814,20513909401147,50.312,-1.0904,1.1961,-2.3537,3,0.8727,872,0,1000,0,999,1,486,20513456860341,20513896461816,439601,0,1,63035,409587,1,,,,495,0,1000,1,0,0,55,0,0
500,scan,496,1,20513957213663,,20513957335918,20513959575592,50.362,-1.0904,1.1961,-2.3196,3,0.8732,873,0,1000,0,999,1,486,,,,1,1,63035,410004,1,,,,496,0,1000,1,0,0,55,0,0
501,scan,497,1,20514007329533,,20514007454591,20514009687915,50.412,-1.0903,1.1962,-2.2525,3,0.8767,876,0,1000,0,999,1,486,,,,1,1,63035,409928,1,,,,497,0,1000,1,0,0,55,0,0
502,scan,498,1,20514057261186,,20514057386370,20514059453478,50.462,-1.0903,1.1963,-2.2187,3,0.8038,803,0,1000,0,999,1,486,,,,1,1,63035,410463,1,,,,498,0,1000,1,0,0,55,0,0
503,scan,499,1,20514107986146,,20514108226148,20514110404633,50.512,-1.0902,1.1964,-2.1502,3,0.7347,734,0,1000,0,999,1,490,20513657271367,20514108160915,450889,0,1,63035,412388,1,,,,499,0,1000,1,0,0,55,0,0
504,scan,500,1,20514157460119,,20514157587986,20514159598625,50.562,-1.0902,1.1964,-2.1161,3,0.7209,720,0,999,0,999,1,491,20513707510142,20514117533238,410023,0,1,63035,412086,1,,,,500,0,999,1,0,0,55,0,0
505,scan,501,1,20514207440086,,20514207568242,20514209566494,50.612,-1.0902,1.1965,-2.0822,3,0.7207,720,0,931,0,999,1,492,20513757435708,20514169216852,411781,0,1,63035,411974,1,,,,501,0,931,1,0,0,55,0,0
506,scan,502,1,20514257423534,,20514257543182,20514259534249,50.662,-1.0901,1.1966,-2.0147,3,0.7157,715,220,796,0,999,1,492,,,,1,1,63035,411974,1,,,,502,220,796,1,0,0,55,0,0
507,scan,503,1,20514307487575,,20514307625306,20514309588687,50.712,-1.0901,1.1966,-1.9813,3,0.7143,714,220,729,0,999,1,494,20513857212130,20514298208217,440996,0,1,63035,413015,1,,,,503,220,729,1,0,0,55,0,0
508,scan,504,1,20514357446913,,20514357569844,20514359671998,50.762,-1.0913,1.1935,-1.9150,3,0.7140,713,220,598,0,999,1,494,,,,1,1,63035,413015,1,,,,504,220,598,1,0,0,55,0,0
509,scan,505,1,20514407504074,,20514407630973,20514409490947,50.812,-1.0924,1.1903,-1.8794,3,0.7149,714,220,527,0,999,1,497,20514007373903,20514407186218,399812,0,1,63035,412871,1,,,,505,220,527,1,0,0,55,0,0
510,scan,506,1,20514458065110,,20514458191302,20514460413540,50.862,-1.0952,1.1804,-1.8065,3,0.7134,713,220,383,0,999,1,498,20514057306598,20514454632739,397326,0,1,63035,412617,1,,,,506,220,383,1,0,0,55,0,0
511,scan,507,1,20514508087664,,20514508212467,20514510423564,50.912,-1.0966,1.1741,-1.7725,3,0.6887,688,220,316,0,999,1,498,,,,1,1,63035,413116,1,,,,507,220,316,1,0,0,55,0,0
512,scan,508,1,20514558245098,,20514558368478,20514561485772,50.962,-1.0991,1.1602,-1.7294,3,0.6903,690,220,232,0,998,1,499,20514108068984,20514516569114,408500,0,1,63035,412897,1,,,,508,220,232,1,0,0,55,0,0
513,scan,509,1,20514608094003,,20514608228641,20514610511264,51.012,-1.1002,1.1528,-1.7258,3,0.6809,680,220,225,0,998,1,499,,,,1,1,63035,412136,1,,,,509,220,225,1,0,0,55,0,0
514,scan,510,1,20514657998645,,20514658144129,20514660433591,51.062,-1.1026,1.1381,-1.7237,3,0.6717,671,220,223,0,937,1,501,20514207485604,20514610796106,403310,0,1,63035,412647,1,,,,510,220,223,1,0,0,55,0,0
515,scan,511,1,20514708407851,,20514708685947,20514710671341,51.112,-1.1037,1.1307,-1.7145,3,0.6473,647,220,205,105,794,1,502,20514257467064,20514669267642,411800,0,1,63035,413484,1,,,,511,220,205,1,0,0,55,0,0
516,scan,512,1,20514758219315,,20514758402807,20514760496310,51.162,-1.1056,1.1159,-1.6900,3,0.6483,648,220,157,220,580,1,504,20514357488353,20514757773680,400285,0,1,63035,413550,1,,,,512,220,157,1,0,0,55,0,0
517,scan,513,1,20514807810416,,20514807934437,20514809538845,51.212,-1.1065,1.1085,-1.6829,3,0.6481,648,220,143,220,509,1,505,20514407547997,20514805556140,398008,0,1,63035,413620,1,,,,513,220,143,1,0,0,55,0,0
518,scan,514,1,20514857952431,,20514858073563,20514859521606,51.262,-1.1081,1.0936,-1.6778,3,0.6348,634,220,134,220,509,1,505,,,,1,1,63035,413620,1,,,,514,220,134,1,0,0,55,0,0
519,scan,515,1,20514908147748,,20514908308905,20514910461264,51.312,-1.1089,1.0862,-1.6746,3,0.6256,625,220,128,220,370,1,506,20514458110777,20514863948762,405837,0,1,63035,412851,1,,,,515,220,128,1,0,0,55,0,0
520,scan,516,1,20514958368600,,20514958563467,20514960570553,51.362,-1.1104,1.0713,-1.6628,3,0.6149,614,220,105,220,303,1,507,20514508132933,20514921615769,413482,0,1,63035,413120,1,,,,516,220,105,1,0,0,55,0,0
521,scan,517,1,20515007959682,,20515008122679,20515009546672,51.412,-1.1110,1.0639,-1.6571,3,0.6165,616,220,94,220,221,1,508,20514558289482,20514964314590,406025,0,1,63035,412782,1,,,,517,220,94,1,0,0,55,0,0
522,scan,518,1,20515058098593,,20515058224632,20515060525864,51.462,-1.1117,1.0564,-1.6532,3,0.5832,583,220,87,220,221,1,508,,,,1,1,63035,412782,1,,,,518,220,87,1,0,0,55,0,0
523,scan,519,1,20515107895378,,20515108089615,20515109573992,51.512,-1.1129,1.0415,-1.6492,3,0.5653,565,220,79,220,214,1,510,20514658044140,20515071618149,413574,0,1,63035,412818,1,,,,519,220,79,1,0,0,55,0,0
524,scan,520,1,20515158070509,,20515158199504,20515160410915,51.562,-1.1134,1.0341,-1.6467,3,0.5701,570,220,74,220,214,1,510,,,,1,1,63035,413616,1,,,,520,220,74,1,0,0,55,0,0
525,scan,521,1,20515208441064,,20515208559219,20515210538960,51.612,-1.1145,1.0192,-1.6399,3,0.5689,568,220,61,220,137,1,513,20514807857035,20515201747242,393890,0,1,63035,412720,1,,,,521,220,61,1,0,0,55,0,0
526,scan,522,1,20515258876273,,20515259005736,20515260478971,51.662,-1.1150,1.0117,-1.6370,3,0.5569,556,220,56,220,129,1,514,20514857995770,20515254798053,396802,0,1,63035,411596,1,,,,522,220,56,1,0,0,55,0,0
527,scan,523,1,20515308560741,,20515308688083,20515310605278,51.712,-1.1160,0.9968,-1.6335,3,0.5475,547,220,49,220,129,1,514,,,,1,1,63035,409974,1,,,,523,220,49,1,0,0,55,0,0
528,scan,524,1,20515358731283,,20515358861489,20515360555060,51.762,-1.1165,0.9893,-1.6322,3,0.5306,530,220,47,220,124,1,515,20514908213281,20515308991976,400778,0,1,63035,409556,1,,,,524,220,47,1,0,0,55,0,0
529,scan,525,1,20515408714636,,20515408840575,20515410583242,51.812,-1.1174,0.9744,-1.6287,3,0.5336,533,220,40,220,101,1,516,20514958433054,20515372102993,413669,0,1,63035,410449,1,,,,525,220,40,1,0,0,55,0,0
530,scan,526,1,20515458685177,,20515458809287,20515460528232,51.862,-1.1178,0.9669,-1.6268,3,0.5101,510,220,36,220,101,1,516,,,,1,1,63035,411336,1,,,,526,220,36,1,0,0,55,0,0
531,scan,527,1,20515508523130,,20515508645856,20515510496905,51.912,-1.1186,0.9520,-1.6241,3,0.5177,517,220,31,220,83,1,518,20515058143842,20515473313309,415169,0,1,63035,411510,1,,,,527,220,31,1,0,0,55,0,0
532,scan,528,1,20515558645374,,20515558764762,20515560521034,51.962,-1.1190,0.9445,-1.6232,3,0.5010,501,220,29,220,72,1,520,20515158115380,20515552658604,394543,0,1,63035,410772,1,,,,528,220,29,1,0,0,55,0,0
533,scan,529,1,20515608740664,,20515608869589,20515610567579,52.012,-1.1198,0.9296,-1.6212,3,0.5019,501,220,26,220,72,1,520,,,,1,1,63035,410772,1,,,,529,220,26,1,0,0,55,0,0
534,scan,530,1,20515658786461,,20515658911326,20515660578771,52.062,-1.1202,0.9221,-1.6201,3,0.4773,477,220,23,220,72,1,520,,,,1,1,63035,410772,1,,,,530,220,23,1,0,0,55,0,0
535,scan,531,1,20515708928325,,20515709070802,20515711421694,52.112,-1.1209,0.9072,-1.6182,3,0.4760,475,220,20,220,54,1,522,20515258922642,20515666496973,407574,0,1,63035,410160,1,,,,531,220,20,1,0,0,55,0,0
536,scan,532,1,20515758964833,,20515759089358,20515760491703,52.162,-1.1212,0.8997,-1.6176,3,0.4624,462,220,19,220,54,1,522,,,,1,1,63035,410160,1,,,,532,220,19,1,0,0,55,0,0
537,scan,533,1,20515809692786,,20515809890981,20515811533267,52.212,-1.1219,0.8848,-1.6162,3,0.4516,451,220,16,220,39,1,525,20515408758847,20515804412120,395653,0,1,63035,409555,1,,,,533,220,16,1,0,0,55,0,0
538,scan,534,1,20515859579629,,20515859706798,20515861589721,52.262,-1.1223,0.8773,-1.6155,3,0.4401,440,220,15,220,39,1,525,,,,1,1,63035,409555,1,,,,534,220,15,1,0,0,55,0,0
539,scan,535,1,20515909970245,,20515910104104,20515912368658,52.312,-1.1226,0.8698,-1.6149,3,0.4293,429,220,13,220,36,1,526,20515458729088,20515886065827,427336,0,1,63035,409044,1,,,,535,220,13,1,0,0,55,0,0
540,scan,536,1,20515959645309,,20515959776131,20515961514144,52.362,-1.1232,0.8549,-1.6139,3,0.4155,415,220,12,220,30,1,527,20515508564999,20515913362192,404797,0,1,63035,408874,1,,,,536,220,12,1,0,0,55,0,0
541,scan,537,1,20516009729109,,20516009945377,20516011548670,52.412,-1.1236,0.8474,-1.6135,3,0.4220,421,220,11,220,28,1,528,20515558687928,20515963258033,404570,0,1,63035,408709,1,,,,537,220,11,1,0,0,55,0,0
542,scan,538,1,20516059564485,,20516059690393,20516061483764,52.462,-1.1242,0.8325,-1.6127,3,0.4118,411,220,9,220,25,1,529,20515608783749,20516013768630,404984,0,1,63035,408571,1,,,,538,220,9,1,0,0,55,0,0
543,scan,539,1,20516109755640,,20516109877909,20516111514865,52.512,-1.1245,0.8250,-1.6123,3,0.4027,402,220,9,220,19,1,531,20515708973872,20516107325020,398351,0,1,63035,406625,1,,,,539,220,9,1,0,0,55,0,0
544,scan,540,1,20516159650286,,20516159769534,20516161477674,52.562,-1.1251,0.8101,-1.6117,3,0.3982,398,220,7,220,19,1,531,,,,1,1,63035,406494,1,,,,540,217,7,1,1,0,55,0,0
545,scan,541,1,20516209402099,,20516209523743,20516211472252,52.612,-1.1254,0.8026,-1.6114,3,0.3855,385,220,7,220,19,1,532,20515759008931,20516200535876,441526,0,1,63035,407638,1,,,,541,203,7,1,1,0,55,0,0
546,scan,542,1,20516259509635,,20516259630974,20516261530568,52.662,-1.1260,0.7884,-1.6087,3,0.3761,376,220,1,220,19,1,532,,,,1,1,63035,407638,1,,,,542,193,1,1,1,0,55,0,0
547,scan,543,1,20516309686820,,20516309819160,20516311597991,52.712,-1.1262,0.7815,-1.6006,3,0.3598,359,220,-15,220,14,1,535,20515910016535,20516305120984,395104,0,1,63035,405873,1,,,,543,174,-15,1,1,0,55,0,0
548,scan,544,1,20516359533757,,20516359662093,20516361488304,52.762,-1.1265,0.7690,-1.5917,3,0.3624,362,220,-33,220,14,1,535,,,,1,1,63035,405873,1,,,,544,178,-33,1,1,0,55,0,0
549,scan,545,1,20516409679242,,20516409800469,20516412385851,52.812,-1.1267,0.7631,-1.5971,3,0.3581,358,220,-22,220,12,1,537,20516009804208,20516406715456,396911,0,1,63035,405762,1,,,,545,173,-22,1,1,0,55,0,0
550,scan,546,1,20516459949241,,20516460116615,20516461493687,52.862,-1.1270,0.7511,-1.6075,3,0.3437,343,220,-1,220,12,1,537,,,,1,1,63035,406099,1,,,,546,157,-1,1,1,0,55,0,0
551,scan,547,1,20516510198089,,20516510322705,20516512476134,52.912,-1.1273,0.7452,-1.6064,3,0.3392,339,220,-4,220,9,1,539,20516109799279,20516508067446,398268,0,1,63035,405798,1,,,,547,152,-4,1,1,0,55,0,0
552,scan,548,1,20516560189046,,20516560318825,20516562485817,52.962,-1.1276,0.7347,-1.6007,3,0.3369,336,220,-15,220,8,1,540,20516159690379,20516556912350,397221,0,1,63035,405364,1,,,,548,149,-15,1,1,0,55,0,0
553,scan,549,1,20516610413693,,20516610549046,20516612468740,53.012,-1.1278,0.7295,-1.6011,3,0.3285,328,220,-14,220,8,1,540,,,,1,1,63035,405364,1,,,,549,140,-14,1,1,0,55,0,0
554,scan,550,1,20516660051880,,20516660188506,20516662618665,53.062,-1.1281,0.7197,-1.6059,3,0.3383,338,220,-5,220,8,1,540,,,,1,1,63035,405446,1,,,,550,151,-5,1,1,0,55,0,0
555,scan,551,1,20516710012174,,20516710153975,20516712393140,53.112,-1.1282,0.7150,-1.6069,3,0.3227,322,220,-3,220,3,1,542,20516259553723,20516692769974,433216,0,1,63035,406303,1,,,,551,134,-3,1,1,0,55,0,0
556,scan,552,1,20516760145706,,20516760267583,20516762416026,53.162,-1.1284,0.7092,-1.6062,3,0.3251,325,220,-4,220,-13,1,543,20516309734588,20516739859030,430124,0,1,63035,407496,1,,,,552,137,-4,1,1,0,55,0,0
557,scan,553,1,20516810323326,,20516810455787,20516812569379,53.212,-1.1288,0.7001,-1.6035,3,0.3166,316,220,-9,220,-30,1,544,20516359576529,20516767118241,407541,0,1,63035,407878,1,,,,553,127,-9,1,1,0,55,0,0
558,scan,554,1,20516860478203,,20516860609172,20516862490565,53.262,-1.1289,0.6954,-1.6037,3,0.3143,314,220,-9,220,-30,1,544,,,,1,1,63035,407878,1,,,,554,125,-9,1,1,0,55,0,0
559,scan,555,1,20516910789097,,20516910966152,20516912488560,53.312,-1.1292,0.6869,-1.6058,3,0.3164,316,220,-5,220,-2,1,546,20516459993332,20516860722549,400729,0,1,63035,407673,1,,,,555,127,-5,1,1,0,55,0,0
560,scan,556,1,20516960859682,,20516961107511,20516963430760,53.362,-1.1293,0.6827,-1.6063,3,0.3009,300,220,-4,220,-2,1,546,,,,1,1,63035,407431,1,,,,556,110,-4,1,1,0,55,0,0
561,scan,557,1,20517010451665,,20517010573597,20517012569526,53.412,-1.1296,0.6747,-1.6058,3,0.3081,308,220,-5,220,-2,1,546,,,,1,1,63035,407493,1,,,,557,118,-5,1,1,0,55,0,0
562,scan,558,1,20517060608145,,20517060748983,20517062612535,53.462,-1.1298,0.6710,-1.6055,3,0.3102,310,220,-6,220,-4,1,550,20516660092584,20517056493305,396400,0,1,63035,407030,1,,,,558,121,-6,1,1,0,55,0,0
563,scan,559,1,20517110412619,,20517110537609,20517112550268,53.512,-1.1300,0.6628,-1.6062,3,0.3119,311,220,-4,220,-4,1,550,,,,1,1,63035,406746,1,,,,559,122,-4,1,1,0,55,0,0
564,scan,560,1,20517160583229,,20517160714804,20517162542026,53.562,-1.1302,0.6587,-1.6067,3,0.3014,301,220,-3,220,-2,1,551,20516710061538,20517136579584,426518,0,1,63035,407570,1,,,,560,111,-3,1,1,0,55,0,0
565,scan,561,1,20517210537329,,20517210658035,20517212498509,53.612,-1.1305,0.6513,-1.6070,3,0.3025,302,220,-3,220,-4,1,552,20516760189544,20517197770409,437580,0,1,63035,409390,1,,,,561,112,-3,1,1,0,55,0,0
566,scan,562,1,20517260772059,,20517260902349,20517262471199,53.662,-1.1306,0.6475,-1.6067,3,0.3075,307,220,-3,220,-7,1,553,20516810369343,20517227842718,417473,0,1,63035,410251,1,,,,562,117,-3,1,1,0,55,0,0
567,scan,563,1,20517310979642,,20517311112238,20517312532431,53.712,-1.1309,0.6397,-1.6066,3,0.2947,294,220,-3,220,-8,1,554,20516860524078,20517300604466,440080,0,1,63035,411445,1,,,,563,103,-3,1,1,0,55,0,0
568,scan,564,1,20517360676804,,20517360803578,20517362532119,53.762,-1.1310,0.6357,-1.6070,3,0.2878,287,220,-3,220,-4,1,555,20516910834194,20517317113366,406279,0,1,63035,411665,1,,,,564,100,-3,1,1,0,55,0,0
569,scan,565,1,20517410508628,,20517410620367,20517412578010,53.812,-1.1313,0.6291,-1.6074,3,0.2867,286,220,-2,220,-4,1,557,20517010494925,20517407948164,397453,0,1,63035,411016,1,,,,565,100,-2,1,1,0,55,0,0
570,scan,566,1,20517461377556,,20517461508995,20517463627317,53.862,-1.1314,0.6257,-1.6074,3,0.2972,297,220,-2,220,-4,1,557,,,,1,1,63035,411016,1,,,,566,106,-2,1,1,0,55,0,0
571,scan,567,1,20517511203621,,20517511397192,20517513712386,53.912,-1.1316,0.6187,-1.6073,3,0.2751,275,220,-2,220,-4,1,558,20517060652283,20517463176691,402524,0,1,63035,410510,1,,,,567,100,-2,1,1,0,55,0,0
572,scan,568,1,20517561007581,,20517561153462,20517563468026,53.962,-1.1318,0.6151,-1.6074,3,0.2789,278,220,-2,220,-4,1,559,20517110454390,20517540165985,429711,0,1,63035,411917,1,,,,568,100,-2,1,1,0,55,0,0
573,scan,569,1,20517611135353,,20517611269577,20517613543859,54.012,-1.1319,0.6117,-1.6076,3,0.2946,294,220,-2,220,-2,1,560,20517160628396,20517593612157,432983,0,1,63035,412727,1,,,,569,103,-2,1,1,0,55,0,0
574,scan,570,1,20517661667510,,20517661875930,20517663552193,54.062,-1.1321,0.6049,-1.6078,3,0.2773,277,220,-1,220,-3,1,561,20517210577844,20517614101309,403523,0,1,63035,412386,1,,,,570,100,-1,1,1,0,55,0,0
575,scan,571,1,20517711492123,,20517711615279,20517713533601,54.112,-1.1323,0.6014,-1.6078,3,0.2816,281,220,-1,220,-2,1,562,20517260820784,20517662555209,401734,0,1,63035,412170,1,,,,571,100,-1,1,1,0,55,0,0
576,scan,572,1,20517761239076,,20517761368610,20517763417347,54.162,-1.1325,0.5946,-1.6078,3,0.2820,282,220,-1,220,-2,1,562,,,,1,1,63035,412170,1,,,,572,100,-1,1,1,0,55,0,0
577,scan,573,1,20517811351572,,20517811488292,20517813573904,54.212,-1.1326,0.5912,-1.6079,3,0.2783,278,220,-1,220,-2,1,564,20517360722169,20517779617307,418895,0,1,63035,413031,1,,,,573,100,-1,1,1,0,55,0,0
578,scan,574,1,20517861245421,,20517861393209,20517863585675,54.262,-1.1329,0.5844,-1.6080,3,0.2893,289,220,-1,220,-2,1,565,20517410547283,20517815591176,405043,0,1,63035,412746,1,,,,574,100,-1,1,1,0,55,0,0
579,scan,575,1,20517911672406,,20517911814548,20517913558885,54.312,-1.1330,0.5810,-1.6080,3,0.2887,288,220,-1,220,-2,1,567,20517511267760,20517908519117,397251,0,1,63035,411671,1,,,,575,100,-1,1,1,0,55,0,0
580,scan,576,1,20517961595170,,20517961732016,20517963502658,54.362,-1.1333,0.5742,-1.6080,3,0.2813,281,220,-1,220,-2,1,568,20517561064216,20517956138657,395074,0,1,63035,411324,1,,,,576,100,-1,1,1,0,55,0,0
581,scan,577,1,20518011733438,,20518011870200,20518013519543,54.412,-1.1334,0.5708,-1.6081,3,0.2796,279,220,-1,220,-2,1,568,,,,1,1,63035,411574,1,,,,577,100,-1,1,1,0,55,0,0
582,scan,578,1,20518061840567,,20518061957032,20518063540205,54.462,-1.1337,0.5640,-1.6082,3,0.2848,284,220,0,220,0,1,570,20517661738635,20518058710442,396971,0,1,63035,411277,1,,,,578,100,0,1,1,0,55,0,0
583,scan,579,1,20518111782095,,20518111916568,20518113621877,54.512,-1.1338,0.5606,-1.6082,3,0.2932,293,220,0,220,0,1,570,,,,1,1,63035,411774,1,,,,579,102,0,1,1,0,55,0,0
584,scan,580,1,20518161731803,,20518161860746,20518163489375,54.562,-1.1340,0.5537,-1.6082,3,0.2834,283,220,0,220,-1,1,571,20517711535567,20518113781989,402246,0,1,63035,411421,1,,,,580,100,0,1,1,0,55,0,0
585,scan,581,1,20518211545608,,20518211673623,20518213640121,54.612,-1.1342,0.5503,-1.6082,3,0.2791,279,220,0,220,0,1,572,20517761283741,20518186753641,425469,0,1,63035,410827,1,,,,581,100,0,1,1,0,55,0,0
586,scan,582,1,20518261847869,,20518261962674,20518263759062,54.662,-1.1344,0.5435,-1.6082,3,0.2939,293,220,0,220,0,1,573,20517811406503,20518215163123,403756,0,1,63035,410574,1,,,,582,102,0,1,1,0,55,0,0
587,scan,583,1,20518311807083,,20518311939213,20518314412445,54.712,-1.1346,0.5401,-1.6082,3,0.2925,292,220,0,220,0,1,574,20517861291102,20518270535337,409244,0,1,63035,411079,1,,,,583,101,0,1,1,0,55,0,0
588,scan,584,1,20518361797984,,20518361915648,20518363524940,54.762,-1.1348,0.5332,-1.6082,3,0.2750,275,220,0,220,0,1,575,20517911722463,20518319735517,408013,0,1,63035,410973,1,,,,584,100,0,1,1,0,55,0,0
589,scan,585,1,20518412144305,,20518412288171,20518414383540,54.812,-1.1349,0.5297,-1.6082,3,0.3048,304,220,0,220,-1,1,577,20518011781416,20518410641552,398860,0,1,63035,411041,1,,,,585,114,0,1,1,0,55,0,0
590,scan,586,1,20518462127375,,20518462271152,20518464423884,54.862,-1.1351,0.5263,-1.6082,3,0.3119,311,220,0,220,0,1,578,20518061880850,20518458357663,396476,0,1,63035,410555,1,,,,586,122,0,1,1,0,55,0,0
591,scan,587,1,20518512186276,,20518512312018,20518514451525,54.912,-1.1354,0.5187,-1.6082,3,0.3212,321,220,0,220,0,1,578,,,,1,1,63035,410979,1,,,,587,133,0,1,1,0,55,0,0
592,scan,588,1,20518562285091,,20518562448185,20518564618704,54.962,-1.1355,0.5146,-1.6083,3,1.0707,1070,220,0,220,0,1,579,20518111829214,20518515329584,403500,0,1,63035,411195,1,,,,588,220,0,1,0,0,55,0,0
593,scan,589,1,20518612302181,,20518612663360,20518614528818,55.012,-1.1359,0.5051,-1.6084,3,1.0840,1084,220,0,220,-1,1,581,20518211591131,20518612456988,400865,0,1,63035,410851,1,,,,589,220,0,1,0,0,55,0,0
594,scan,590,1,20518662388037,,20518662550197,20518664526422,55.062,-1.1361,0.4987,-1.6084,3,1.0837,1083,220,0,220,-1,1,581,,,,1,1,63035,410851,1,,,,590,220,0,1,0,0,55,0,0
595,scan,591,1,20518712360199,,20518712511308,20518714517730,55.112,-1.1367,0.4837,-1.6085,3,1.0643,1064,220,0,220,-1,1,582,20518261890747,20518679222556,417331,0,1,63035,410322,1,,,,591,220,0,1,0,0,55,0,0
596,scan,592,1,20518762489470,,20518762619911,20518764554689,55.162,-1.1369,0.4763,-1.6085,3,1.0846,1084,220,0,220,0,1,583,20518311854088,20518719108250,407254,0,1,63035,409559,1,,,,592,220,0,1,0,0,55,0,0
597,scan,593,1,20518812319594,,20518812451752,20518814590618,55.212,-1.1375,0.4613,-1.6084,3,1.0569,1056,220,0,220,0,1,584,20518361834470,20518779189562,417355,0,1,63035,409886,1,,,,593,220,0,1,0,0,55,0,0
598,scan,594,1,20518862372873,,20518862524692,20518864533393,55.262,-1.1378,0.4538,-1.6084,3,1.0464,1046,220,0,220,0,1,585,20518412195187,20518813113066,400917,0,1,63035,409597,1,,,,594,220,0,1,0,0,55,0,0
599,scan,595,1,20518912642498,,20518912782605,20518914489945,55.312,-1.1384,0.4389,-1.6085,3,1.0656,1065,220,0,220,0,1,586,20518462179258,20518873118658,410939,0,1,63035,409926,1,,,,595,220,0,1,0,0,55,0,0
600,scan,596,1,20518962698812,,20518962837635,20518964524196,55.362,-1.1386,0.4314,-1.6085,3,1.0566,1056,220,0,220,-1,1,587,20518512229904,20518922995668,410765,0,1,63035,409953,1,,,,596,220,0,1,0,0,55,0,0
601,scan,597,1,20519012614333,,20519012754540,20519014530575,55.412,-1.1392,0.4165,-1.6085,3,1.0627,1062,220,0,220,0,1,588,20518562349376,20519005401789,443052,0,1,63035,410956,1,,,,597,220,0,1,0,0,55,0,0
602,scan,598,1,20519063303636,,20519063492972,20519065515434,55.462,-1.1395,0.4090,-1.6085,3,1.0686,1068,220,0,220,0,1,589,20518612375597,20519013002251,400626,0,1,63035,411084,1,,,,598,220,0,1,0,0,55,0,0
603,scan,599,1,20519113000451,,20519113174233,20519115558381,55.512,-1.1400,0.3940,-1.6085,3,1.0707,1070,220,0,220,0,1,590,20518662442288,20519064095155,401652,0,1,63035,410806,1,,,,599,220,0,1,0,0,55,0,0
604,scan,600,1,20519162834710,,20519163065584,20519165503389,55.562,-1.1403,0.3866,-1.6085,3,1.0745,1074,220,0,220,2,1,591,20518712410746,20519115497856,403087,0,1,63035,410117,1,,,,600,220,0,1,0,0,55,0,0
605,scan,601,1,20519212862850,,20519212980910,20519214508685,55.612,-1.1409,0.3716,-1.6085,3,1.0801,1080,220,0,220,2,1,592,20518762534171,20519183055366,420521,0,1,63035,409615,1,,,,601,220,0,1,0,0,55,0,0
606,scan,602,1,20519262882262,,20519263003040,20519264574288,55.662,-1.1412,0.3641,-1.6085,3,1.0653,1065,220,0,220,2,1,592,,,,1,1,63035,409377,1,,,,602,220,0,1,0,0,55,0,0
607,scan,603,1,20519312849817,,20519312965993,20519315076962,55.712,-1.1415,0.3566,-1.6085,3,1.0643,1064,220,0,220,1,1,595,20518912688949,20519309300259,396611,0,1,63035,408060,1,,,,603,220,0,1,0,0,55,0,0
608,scan,604,1,20519362730050,,20519362851519,20519364605226,55.762,-1.1420,0.3417,-1.6085,3,1.0687,1068,220,0,220,1,1,595,,,,1,1,63035,408116,1,,,,604,220,0,1,0,0,55,0,0
609,scan,605,1,20519412792805,,20519412918633,20519414463001,55.812,-1.1423,0.3342,-1.6085,3,1.0524,1052,220,0,220,2,1,596,20518962747521,20519400591677,437844,0,1,63035,409378,1,,,,605,220,0,1,0,0,55,0,0
610,scan,606,1,20519463348744,,20519463500398,20519465609949,55.862,-1.1429,0.3193,-1.6085,3,1.0706,1070,220,0,220,-1,1,597,20519012672115,20519415830463,403158,0,1,63035,409189,1,,,,606,220,0,1,0,0,55,0,0
611,scan,607,1,20519513820330,,20519514003730,20519515687171,55.912,-1.1431,0.3118,-1.6085,3,1.0590,1058,220,0,220,-1,1,598,20519063353276,20519467598881,404245,0,1,63035,409242,1,,,,607,220,0,1,0,0,55,0,0
612,scan,608,1,20519563623857,,20519563752625,20519565537534,55.962,-1.1437,0.2969,-1.6085,3,1.0623,1062,220,0,220,-1,1,598,,,,1,1,63035,408602,1,,,,608,220,0,1,0,0,55,0,0
613,scan,609,1,20519613551436,,20519613693143,20519615518100,56.012,-1.1440,0.2894,-1.6085,3,1.0500,1049,220,0,220,-1,1,598,,,,1,1,63035,407815,1,,,,609,220,0,1,0,0,55,0,0
614,scan,610,1,20519663349077,,20519663476097,20519665665195,56.062,-1.1446,0.2744,-1.6085,3,1.0638,1063,220,0,220,-1,1,598,,,,1,1,63035,407958,1,,,,610,220,0,1,0,0,55,0,0
615,scan,611,1,20519714016856,,20519714150405,20519715569090,56.112,-1.1448,0.2670,-1.6085,3,1.0608,1060,220,0,220,-1,1,603,20519312892774,20519708741894,395849,0,1,63035,407762,1,,,,611,220,0,1,0,0,55,0,0
616,scan,612,1,20519763639503,,20519763782660,20519765561148,56.162,-1.1454,0.2520,-1.6085,3,1.0466,1046,220,0,220,-1,1,603,,,,1,1,63035,407762,1,,,,612,220,0,1,0,0,55,0,0
617,scan,613,1,20519813495926,,20519813665951,20519815505860,56.212,-1.1457,0.2445,-1.6085,3,1.0486,1048,220,0,220,-1,1,603,,,,1,1,63035,407378,1,,,,613,220,0,1,0,0,55,0,0
618,scan,614,1,20519863654868,,20519863843787,20519865833138,56.262,-1.1462,0.2296,-1.6085,3,1.0590,1058,220,0,220,-1,1,603,,,,1,1,63035,407462,1,,,,614,220,0,1,0,0,55,0,0
619,scan,615,1,20519914039176,,20519914167116,20519916768378,56.312,-1.1465,0.2221,-1.6085,3,1.0630,1062,220,0,220,-1,1,605,20519412836911,20519868283495,455446,0,1,63035,409540,1,,,,615,220,0,1,0,0,55,0,0
620,scan,616,1,20519963804021,,20519963942632,20519965554457,56.362,-1.1471,0.2072,-1.6085,3,1.0559,1055,220,0,220,0,1,607,20519513880520,20519914637754,400757,0,1,63035,409743,1,,,,616,220,0,1,0,0,55,0,0
621,scan,617,1,20520013671205,,20520013860392,20520015525599,56.412,-1.1474,0.1997,-1.6085,3,1.0676,1067,220,0,220,0,1,608,20519563665946,20519969353583,405687,0,1,63035,409603,1,,,,617,220,0,1,0,0,55,0,0
622,scan,618,1,20520064175733,,20520064307332,20520066434093,56.462,-1.1479,0.1847,-1.6085,3,1.0505,1050,220,0,220,0,1,609,20519613601051,20520017430280,403829,0,1,63035,409840,1,,,,618,220,0,1,0,0,55,0,0
623,scan,619,1,20520113445826,,20520113594753,20520115540230,56.512,-1.1482,0.1773,-1.6085,3,1.0684,1068,220,0,220,0,1,611,20519714065185,20520108776822,394711,0,1,63035,409336,1,,,,619,220,0,1,0,0,55,0,0
624,scan,620,1,20520163744479,,20520163927824,20520165589947,56.562,-1.1485,0.1698,-1.6085,3,1.0580,1058,220,0,220,0,1,611,,,,1,1,63035,409580,1,,,,620,220,0,1,0,0,55,0,0
625,scan,621,1,20520213365079,,20520213520424,20520215589861,56.612,-1.1491,0.1548,-1.6085,3,1.0598,1059,220,0,220,0,1,613,20519813562402,20520211831751,398269,0,1,63035,408642,1,,,,621,220,0,1,0,0,55,0,0
626,scan,622,1,20520263360717,,20520263477106,20520265576212,56.662,-1.1493,0.1474,-1.6085,3,1.0501,1050,220,0,220,0,1,613,,,,1,1,63035,408817,1,,,,622,220,0,1,0,0,55,0,0
627,scan,623,1,20520313670647,,20520313809932,20520316442616,56.712,-1.1499,0.1324,-1.6085,3,1.0458,1045,220,0,220,0,1,615,20519914084028,20520312774843,398690,0,1,63035,408440,1,,,,623,220,0,1,0,0,55,0,0
628,scan,624,1,20520363775968,,20520363898792,20520365628436,56.762,-1.1502,0.1249,-1.6085,3,1.0438,1043,220,0,220,0,1,615,,,,1,1,63035,408455,1,,,,624,220,0,1,0,0,55,0,0
629,scan,625,1,20520414503453,,20520414628683,20520416634532,56.812,-1.1508,0.1100,-1.6085,3,1.0301,1030,220,0,220,0,1,615,,,,1,1,63035,408824,1,,,,625,220,0,1,0,0,55,0,0
630,scan,626,1,20520464626680,,20520464754992,20520466561109,56.862,-1.1510,0.1025,-1.6085,3,1.0202,1020,220,0,220,0,1,618,20520064220266,20520460202700,395982,0,1,63035,408805,1,,,,626,220,0,1,0,0,55,0,0
631,scan,627,1,20520514496255,,20520514656459,20520516654107,56.912,-1.1516,0.0876,-1.6085,3,1.0126,1012,220,0,220,0,1,618,,,,1,1,63035,408805,1,,,,627,220,0,1,0,0,55,0,0
632,scan,628,1,20520564397378,,20520564561631,20520566611315,56.962,-1.1519,0.0801,-1.6085,3,0.9968,996,220,0,220,-1,1,620,20520163808511,20520559908073,396099,0,1,63035,408521,1,,,,628,220,0,1,0,0,55,0,0
633,scan,629,1,20520614652585,,20520614818293,20520616543368,57.012,-1.1524,0.0651,-1.6085,3,0.9979,997,220,0,220,0,1,621,20520213410147,20520613732092,400321,0,1,63035,408500,1,,,,629,220,0,1,0,0,55,0,0
634,scan,630,1,20520664396439,,20520664526144,20520666499890,57.062,-1.1527,0.0577,-1.6085,3,0.9885,988,220,0,220,0,1,621,,,,1,1,63035,408500,1,,,,630,220,0,1,0,0,55,0,0
635,scan,631,1,20520714604141,,20520714720319,20520716577242,57.112,-1.1533,0.0427,-1.6085,3,0.9871,987,220,0,220,0,1,623,20520313734397,20520713576222,399841,0,1,63035,407827,1,,,,631,220,0,1,0,0,55,0,0
636,scan,632,1,20520764434998,,20520764594862,20520766560412,57.162,-1.1536,0.0352,-1.6085,3,0.9687,968,220,0,220,0,1,623,,,,1,1,63035,407850,1,,,,632,220,0,1,0,0,55,0,0
637,scan,633,1,20520814338836,,20520814456106,20520816495986,57.212,-1.1541,0.0203,-1.6085,3,0.9595,959,220,0,220,0,1,625,20520414545312,20520811813405,397268,0,1,63035,407047,1,,,,633,220,0,1,0,0,55,0,0
638,scan,634,1,20520864658651,,20520864789250,20520866520165,57.262,-1.1544,0.0128,-1.6085,3,0.9595,959,220,0,220,0,1,625,,,,1,1,63035,407302,1,,,,634,220,0,1,0,0,55,0,0
639,scan,635,1,20520914708181,,20520914905738,20520916485596,57.312,-1.1550,-0.0021,-1.6085,3,0.9414,941,220,0,220,0,1,626,20520464673793,20520875295481,410621,0,1,63035,407289,1,,,,635,220,0,1,0,0,55,0,0
640,scan,636,1,20520964781707,,20520964991723,20520966570183,57.362,-1.1553,-0.0096,-1.6085,3,0.9253,925,220,0,220,1,1,627,20520514548704,20520924773653,410224,0,1,63035,407266,1,,,,636,220,0,1,0,0,55,0,0
641,scan,637,1,20521014413106,,20521014577791,20521016569523,57.412,-1.1555,-0.0171,-1.6085,3,0.9343,934,220,0,220,0,1,628,20520564440046,20521001829436,437389,0,1,63035,407030,1,,,,637,220,0,1,0,0,55,0,0
642,scan,638,1,20521064458633,,20521064621480,20521066550047,57.462,-1.1561,-0.0320,-1.6085,3,0.9299,929,220,0,220,-1,1,629,20520614726344,20521016403962,401677,0,1,63035,407074,1,,,,638,220,0,1,0,0,55,0,0
643,scan,639,1,20521114913399,,20521115044088,20521116506890,57.512,-1.1564,-0.0395,-1.6085,3,0.9217,921,220,0,220,-1,1,629,,,,1,1,63035,407310,1,,,,639,220,0,1,0,0,55,0,0
644,scan,640,1,20521164816243,,20521164993631,20521166793529,57.562,-1.1570,-0.0545,-1.6085,3,0.9133,913,220,0,220,0,1,631,20520714642796,20521135868872,421226,0,1,63035,408098,1,,,,640,220,0,1,0,0,55,0,0
645,scan,641,1,20521214746075,,20521214869096,20521216581541,57.612,-1.1572,-0.0619,-1.6085,3,0.9047,904,220,0,220,1,1,632,20520764477402,20521172258578,407781,0,1,63035,407545,1,,,,641,220,0,1,0,0,55,0,0
646,scan,642,1,20521264637633,,20521264775289,20521266514343,57.662,-1.1578,-0.0769,-1.6085,3,0.9051,905,220,0,220,1,1,632,,,,1,1,63035,407545,1,,,,642,220,0,1,0,0,55,0,0
647,scan,643,1,20521314738342,,20521314863280,20521316492475,57.712,-1.1581,-0.0844,-1.6085,3,0.8802,880,220,0,220,0,1,635,20520914769747,20521314225283,399455,0,1,63035,407668,1,,,,643,220,0,1,0,0,55,0,0
648,scan,644,1,20521365013621,,20521365132766,20521366602917,57.762,-1.1586,-0.0993,-1.6085,3,0.8999,899,220,0,220,0,1,635,,,,1,1,63035,407668,1,,,,644,220,0,1,0,0,55,0,0
649,scan,645,1,20521414868913,,20521415005489,20521416508362,57.812,-1.1589,-0.1068,-1.6085,3,0.8923,892,220,0,220,0,1,636,20520964856788,20521368612453,403755,0,1,63035,406186,1,,,,645,220,0,1,0,0,55,0,0
650,scan,646,1,20521464949278,,20521465080881,20521466485231,57.862,-1.1595,-0.1217,-1.6085,3,0.8698,869,220,0,220,1,1,637,20521014456925,20521421704668,407247,0,1,63035,406364,1,,,,646,220,0,1,0,0,55,0,0
651,scan,647,1,20521515047895,,20521515172171,20521517374248,57.912,-1.1598,-0.1292,-1.6085,3,0.8772,877,220,0,220,0,1,638,20521064537238,20521476205657,411668,0,1,63035,406687,1,,,,647,220,0,1,0,0,55,0,0
652,scan,648,1,20521565044653,,20521565174259,20521566556467,57.962,-1.1603,-0.1441,-1.6085,3,0.8884,888,220,0,220,0,1,639,20521114958654,20521524703041,409744,0,1,63035,406814,1,,,,648,220,0,1,0,0,55,0,0
653,scan,649,1,20521615138677,,20521615275545,20521617461034,58.012,-1.1606,-0.1516,-1.6085,3,0.8689,868,220,0,220,0,1,640,20521164880486,20521569082708,404202,0,1,63035,406710,1,,,,649,220,0,1,0,0,55,0,0
654,scan,650,1,20521664993601,,20521665217402,20521667346673,58.062,-1.1612,-0.1666,-1.6085,3,0.8829,882,220,0,220,0,1,640,,,,1,1,63035,406710,1,,,,650,220,0,1,0,0,55,0,0
655,scan,651,1,20521715157951,,20521715312803,20521717476568,58.112,-1.1615,-0.1740,-1.6085,3,0.8668,866,220,0,220,1,1,642,20521264686956,20521679856744,415169,0,1,63035,407482,1,,,,651,220,0,1,0,0,55,0,0
656,scan,652,1,20521765802041,,20521765950250,20521767492935,58.162,-1.1620,-0.1890,-1.6085,3,0.8781,878,220,0,220,1,1,642,,,,1,1,63035,407482,1,,,,652,220,0,1,0,0,55,0,0
657,scan,653,1,20521815709183,,20521815920418,20521817597654,58.212,-1.1623,-0.1965,-1.6085,3,0.8402,840,220,0,220,1,1,644,20521365054508,20521783358285,418303,0,1,63035,407898,1,,,,653,220,0,1,0,0,55,0,0
658,scan,654,1,20521865513141,,20521865642131,20521867607716,58.262,-1.1626,-0.2039,-1.6085,3,0.8575,857,220,0,220,0,1,645,20521414914850,20521842832238,427917,0,1,63035,408640,1,,,,654,220,0,1,0,0,55,0,0
659,scan,655,1,20521915475999,,20521915598310,20521917567597,58.312,-1.1632,-0.2189,-1.6085,3,0.8885,888,220,0,220,0,1,645,,,,1,1,63035,406840,1,,,,655,220,0,1,0,0,55,0,0
660,scan,656,1,20521965355285,,20521965495400,20521967520459,58.362,-1.1634,-0.2264,-1.6085,3,0.8822,882,220,0,220,0,1,645,,,,1,1,63035,407083,1,,,,656,220,0,1,0,0,55,0,0
661,scan,657,1,20522015526541,,20522015686590,20522017504562,58.412,-1.1640,-0.2413,-1.6085,3,0.8818,881,220,0,220,0,1,645,,,,1,1,63035,407141,1,,,,657,220,0,1,0,0,55,0,0
662,scan,658,1,20522065731599,,20522065870068,20522067641676,58.462,-1.1643,-0.2488,-1.6085,3,0.9137,913,220,0,220,0,1,645,,,,1,1,63035,407285,1,,,,658,220,0,1,0,0,55,0,0
663,scan,659,1,20522115692087,,20522115809789,20522117602817,58.512,-1.1648,-0.2637,-1.6085,3,1.0316,1031,220,0,220,0,1,650,20521665072580,20522075288119,410215,0,1,63035,407959,1,,,,659,220,0,1,0,0,55,0,0
664,scan,660,1,20522165505509,,20522165633945,20522167545236,58.562,-1.1651,-0.2712,-1.6085,3,1.0349,1034,220,0,220,0,1,651,20521715216235,20522131925501,416709,0,1,63035,408324,1,,,,660,220,0,1,0,0,55,0,0
665,scan,661,1,20522215538546,,20522215667131,20522217490003,58.612,-1.1657,-0.2862,-1.6085,3,1.0511,1051,220,0,220,0,1,653,20521815770768,20522212176396,396405,0,1,63035,408246,1,,,,661,220,0,1,0,0,55,0,0
666,scan,662,1,20522266092014,,20522266218132,20522268406817,58.662,-1.1660,-0.2936,-1.6085,3,1.0255,1025,220,0,220,0,1,653,,,,1,1,63035,408246,1,,,,662,220,0,1,0,0,55,0,0
667,scan,663,1,20522315578776,,20522315698288,20522317478335,58.712,-1.1665,-0.3086,-1.6085,3,1.0191,1019,220,0,220,0,1,655,20521915519952,20522308518630,392998,0,1,63035,408009,1,,,,663,220,0,1,0,0,55,0,0
668,scan,664,1,20522365912752,,20522366118261,20522367551473,58.762,-1.1668,-0.3161,-1.6085,3,1.0190,1018,220,0,220,0,1,655,,,,1,1,63035,408009,1,,,,664,220,0,1,0,0,55,0,0
669,scan,665,1,20522415939999,,20522416110196,20522417512639,58.812,-1.1674,-0.3310,-1.6085,3,1.0316,1031,220,0,220,0,1,656,20521965399223,20522378298671,412899,0,1,63035,408205,1,,,,665,220,0,1,0,0,55,0,0
670,scan,666,1,20522465984570,,20522466126591,20522468463237,58.862,-1.1677,-0.3385,-1.6085,3,1.0244,1024,220,0,220,1,1,657,20522015578804,20522427805637,412226,0,1,63035,408854,1,,,,666,220,0,1,0,0,55,0,0
671,scan,667,1,20522515749820,,20522515870351,20522517564088,58.912,-1.1682,-0.3534,-1.6085,3,1.0218,1021,220,0,220,1,1,657,,,,1,1,63035,408854,1,,,,667,220,0,1,0,0,55,0,0
672,scan,668,1,20522567323173,,20522567469519,20522569665648,58.962,-1.1685,-0.3609,-1.6085,3,1.0238,1023,220,0,220,1,1,659,20522115731821,20522550105431,434373,0,1,63035,410385,1,,,,668,220,0,1,0,0,55,0,0
673,scan,669,1,20522617027583,,20522617156399,20522619411679,59.012,-1.1691,-0.3759,-1.6085,3,1.0258,1025,220,0,220,0,1,660,20522165550778,20522573227948,407677,0,1,63035,410680,1,,,,669,220,0,1,0,0,55,0,0
674,scan,670,1,20522666792560,,20522666930117,20522668633058,59.062,-1.1694,-0.3833,-1.6085,3,1.0078,1007,220,0,220,1,1,661,20522215583307,20522633608081,418024,0,1,63035,410962,1,,,,670,220,0,1,0,0,55,0,0
675,scan,671,1,20522716744143,,20522716952977,20522718577749,59.112,-1.1696,-0.3908,-1.6085,3,1.0262,1026,220,0,220,1,1,662,20522266140443,20522690328582,424188,0,1,63035,411898,1,,,,671,220,0,1,0,0,55,0,0
676,scan,672,1,20522766435313,,20522766589352,20522768518549,59.162,-1.1702,-0.4058,-1.6085,3,1.0333,1033,220,0,220,2,1,663,20522315621148,20522735856471,420235,0,1,63035,412207,1,,,,672,220,0,1,0,0,55,0,0
677,scan,673,1,20522816608811,,20522816741961,20522818646274,59.212,-1.1705,-0.4132,-1.6085,3,1.0323,1032,220,0,220,0,1,665,20522415983316,20522813290963,397307,0,1,63035,412209,1,,,,673,220,0,1,0,0,55,0,0
678,scan,674,1,20522866610417,,20522866729543,20522868521950,59.262,-1.1710,-0.4282,-1.6085,3,1.0360,1035,220,0,220,0,1,665,,,,1,1,63035,412209,1,,,,674,220,0,1,0,0,55,0,0
679,scan,675,1,20522916786360,,20522916908911,20522918590516,59.312,-1.1713,-0.4357,-1.6085,3,1.0175,1017,220,0,220,0,1,667,20522515788654,20522912463401,396674,0,1,63035,411692,1,,,,675,220,0,1,0,0,55,0,0
680,scan,676,1,20522966622639,,20522966744135,20522968600675,59.362,-1.1719,-0.4506,-1.6085,3,1.0147,1014,220,0,220,0,1,667,,,,1,1,63035,411749,1,,,,676,220,0,1,0,0,55,0,0
681,scan,677,1,20523017003769,,20523017151141,20523019426699,59.412,-1.1722,-0.4581,-1.6085,3,1.0348,1034,220,0,220,1,1,669,20522617066031,20523010765777,393699,0,1,63035,410068,1,,,,677,220,0,1,0,0,55,0,0
682,scan,678,1,20523066649259,,20523066786551,20523068551385,59.462,-1.1727,-0.4730,-1.6085,3,1.0190,1019,220,0,220,0,1,670,20522666840896,20523061826801,394985,0,1,63035,409811,1,,,,678,220,0,1,0,0,55,0,0
683,scan,679,1,20523116881169,,20523117061085,20523118536813,59.512,-1.1730,-0.4805,-1.6085,3,1.0147,1014,220,0,220,2,1,671,20522716816092,20523115366327,398550,0,1,63035,409394,1,,,,679,220,0,1,0,0,55,0,0
684,scan,680,1,20523166559686,,20523166686981,20523168585892,59.562,-1.1736,-0.4955,-1.6085,3,1.0190,1019,220,0,220,2,1,671,,,,1,1,63035,408939,1,,,,680,220,0,1,0,0,55,0,0
685,scan,681,1,20523216734853,,20523216857216,20523218598060,59.612,-1.1739,-0.5029,-1.6085,3,1.0230,1022,220,0,220,0,1,673,20522816655398,20523210123906,393468,0,1,63035,408388,1,,,,681,220,0,1,0,0,55,0,0
686,scan,682,1,20523266603361,,20523266726921,20523268455299,59.662,-1.1744,-0.5179,-1.6085,3,1.0201,1020,220,0,220,0,1,673,,,,1,1,63035,408388,1,,,,682,220,0,1,0,0,55,0,0
687,scan,683,1,20523317531058,,20523317697574,20523319560163,59.712,-1.1747,-0.5254,-1.6085,3,1.0201,1020,220,0,220,1,1,674,20522866651437,20523282448232,415796,0,1,63035,409017,1,,,,683,220,0,1,0,0,55,0,0
688,scan,684,1,20523367677050,,20523367805481,20523369830064,59.762,-1.1753,-0.5403,-1.6085,3,1.0266,1026,220,0,220,1,1,674,,,,1,1,63035,409017,1,,,,684,220,0,1,0,0,55,0,0
689,scan,685,1,20523418079572,,20523418208258,20523420724390,59.812,-1.1756,-0.5478,-1.6085,3,1.0359,1035,220,0,220,0,1,677,20523017049836,20523414974460,397924,0,1,63035,408792,1,,,,685,220,0,1,0,0,55,0,0
690,scan,686,1,20523468558629,,20523468843517,20523470705636,59.862,-1.1761,-0.5627,-1.6085,3,1.0128,1012,220,0,220,0,1,677,,,,1,1,63035,408854,1,,,,686,220,0,1,0,0,55,0,0
691,scan,687,1,20523517653432,,20523517799953,20523519533339,59.912,-1.1764,-0.5702,-1.6085,3,1.0156,1015,220,0,220,2,1,678,20523066702022,20523469621198,402919,0,1,63035,408504,1,,,,687,220,0,1,0,0,55,0,0
692,scan,688,1,20523567520299,,20523567648929,20523569585998,59.962,-1.1767,-0.5777,-1.6085,3,1.0113,1011,220,0,220,1,1,679,20523116943739,20523519980245,403036,0,1,63035,408236,1,,,,688,220,0,1,0,0,55,0,0
693,scan,689,1,20523617444702,,20523617579881,20523619557291,60.012,-1.1772,-0.5926,-1.6085,3,1.0324,1032,220,0,220,1,1,679,,,,1,1,63035,408404,1,,,,689,220,0,1,0,0,55,0,0
694,scan,690,1,20523667291245,,20523667421970,20523669566499,60.062,-1.1775,-0.6001,-1.6085,3,1.0168,1016,220,0,220,1,1,681,20523216779458,20523619486814,402707,0,1,63035,408176,1,,,,690,220,0,1,0,0,55,0,0
695,scan,691,1,20523717647503,,20523717776546,20523719511287,60.112,-1.1781,-0.6151,-1.6085,3,1.0214,1021,220,0,220,1,1,681,,,,1,1,63035,407885,1,,,,691,220,0,1,0,0,55,0,0
696,scan,692,1,20523767616115,,20523767748036,20523769486938,60.162,-1.1784,-0.6225,-1.6085,3,1.0008,1000,220,0,220,2,1,683,20523317580414,20523719877414,402297,0,1,63035,407661,1,,,,692,220,0,1,0,0,55,0,0
697,scan,693,1,20523817674440,,20523817803217,20523819555532,60.212,-1.1789,-0.6375,-1.6085,3,1.0177,1017,220,1,220,0,1,684,20523367722140,20523781073182,413351,0,1,63035,407463,1,,,,693,220,1,1,0,0,55,0,0
698,scan,694,1,20523867644334,,20523867769188,20523869536854,60.262,-1.1792,-0.6450,-1.6085,3,1.0163,1016,220,1,220,2,1,685,20523418126994,20523825864791,407737,0,1,63035,406656,1,,,,694,220,1,1,0,0,55,0,0
699,scan,695,1,20523917612416,,20523917740748,20523919549767,60.312,-1.1798,-0.6599,-1.6084,3,1.0028,1002,220,0,220,2,1,685,,,,1,1,63035,406656,1,,,,695,220,0,1,0,0,55,0,0
700,scan,696,1,20523967537985,,20523967662757,20523969630449,60.362,-1.1801,-0.6674,-1.6084,3,1.0151,1015,220,0,220,0,1,687,20523517707042,20523948787354,431080,0,1,63035,407595,1,,,,696,220,0,1,0,0,55,0,0
701,scan,697,1,20524017810016,,20524017967590,20524019498095,60.412,-1.1806,-0.6823,-1.6083,3,1.0003,1000,220,0,220,2,1,688,20523567566493,20523972410626,404844,0,1,63035,407493,1,,,,697,220,0,1,0,0,55,0,0
702,scan,698,1,20524067864748,,20524068015702,20524069495392,60.462,-1.1809,-0.6898,-1.6084,3,1.0071,1007,220,0,220,0,1,689,20523617493826,20524033432375,415938,0,1,63035,407795,1,,,,698,220,0,1,0,0,55,0,0
703,scan,699,1,20524117773089,,20524117945929,20524119594149,60.512,-1.1815,-0.7047,-1.6084,3,1.0166,1016,220,0,220,1,1,691,20523717690190,20524117143420,399453,0,1,63035,407411,1,,,,699,220,0,1,0,0,55,0,0
704,scan,700,1,20524167807912,,20524167934686,20524169513085,60.562,-1.1817,-0.7122,-1.6084,3,1.0089,1008,220,0,220,1,1,691,,,,1,1,63035,407066,1,,,,700,220,0,1,0,0,55,0,0
705,scan,701,1,20524217526292,,20524217651659,20524219517871,60.612,-1.1823,-0.7272,-1.6084,3,1.0206,1020,220,0,220,0,1,692,20523767664762,20524182148178,414483,0,1,63035,407736,1,,,,701,220,0,1,0,0,55,0,0
706,scan,702,1,20524267496921,,20524267617808,20524270598644,60.662,-1.1826,-0.7346,-1.6084,3,1.0086,1008,220,0,220,1,1,693,20523817718686,20524240132457,422413,0,1,63035,408260,1,,,,702,220,0,1,0,0,55,0,0
707,scan,703,1,20524317992672,,20524318124964,20524320412671,60.712,-1.1832,-0.7496,-1.6084,3,1.0113,1011,220,0,220,0,1,694,20523867688423,20524307329740,439641,0,1,63035,409926,1,,,,703,220,0,1,0,0,55,0,0
708,scan,704,1,20524367817627,,20524367955798,20524369610429,60.762,-1.1834,-0.7571,-1.6084,3,1.0042,1004,220,0,220,2,1,695,20523917658660,20524320250236,402591,0,1,63035,409673,1,,,,704,220,0,1,0,0,55,0,0
709,scan,705,1,20524418014757,,20524418142078,20524420625034,60.812,-1.1837,-0.7645,-1.6084,3,1.0117,1011,220,0,220,1,1,696,20523967582005,20524376075945,408493,0,1,63035,409521,1,,,,705,220,0,1,0,0,55,0,0
710,scan,706,1,20524467973540,,20524468152665,20524470450157,60.862,-1.1843,-0.7795,-1.6084,3,1.0123,1012,220,0,220,2,1,698,20524067912490,20524465205263,397292,0,1,63035,409006,1,,,,706,220,0,1,0,0,55,0,0
711,scan,707,1,20524518305734,,20524518445822,20524520593306,60.912,-1.1846,-0.7870,-1.6084,3,1.0091,1009,220,0,220,-1,1,699,20524117864402,20524516068879,398204,0,1,63035,408646,1,,,,707,220,0,1,0,0,55,0,0
712,scan,708,1,20524568428769,,20524568657983,20524570506039,60.962,-1.1851,-0.8019,-1.6084,3,1.0123,1012,220,0,220,-1,1,699,,,,1,1,63035,407759,1,,,,708,220,0,1,0,0,55,0,0
713,scan,709,1,20524618456409,,20524618583831,20524620633357,61.012,-1.1854,-0.8094,-1.6084,3,1.0003,1000,220,0,220,2,1,700,20524167852444,20524597715783,429863,0,1,63035,408524,1,,,,709,220,0,1,0,0,55,0,0
714,scan,710,1,20524668438051,,20524668563362,20524670536274,61.062,-1.1860,-0.8243,-1.6084,3,1.0136,1013,220,0,220,2,1,700,,,,1,1,63035,408185,1,,,,710,220,0,1,0,0,55,0,0
715,scan,711,1,20524718520149,,20524718647605,20524720600809,61.112,-1.1862,-0.8318,-1.6084,3,1.0068,1006,220,0,220,2,1,700,,,,1,1,63035,407592,1,,,,711,220,0,1,0,0,55,0,0
716,scan,712,1,20524768531678,,20524768665021,20524770577556,61.162,-1.1868,-0.8468,-1.6084,3,1.0036,1003,220,1,220,1,1,703,20524318035458,20524723212780,405177,0,1,63035,407034,1,,,,712,220,1,1,0,0,55,0,0
717,scan,713,1,20524818569667,,20524818698802,20524820487554,61.212,-1.1871,-0.8542,-1.6084,3,1.0140,1014,220,1,220,-1,1,704,20524367862700,20524796311664,428448,0,1,63035,408188,1,,,,713,220,1,1,0,0,55,0,0
718,scan,714,1,20524868452056,,20524868641846,20524870505327,61.262,-1.1877,-0.8692,-1.6083,3,0.9942,994,220,0,220,2,1,705,20524418058022,20524830024782,411966,0,1,63035,408322,1,,,,714,220,0,1,0,0,55,0,0
719,scan,715,1,20524918729812,,20524918854414,20524920460875,61.312,-1.1879,-0.8767,-1.6083,3,0.9912,991,220,0,220,2,1,705,,,,1,1,63035,408754,1,,,,715,220,0,1,0,0,55,0,0
720,scan,716,1,20524968669132,,20524968789049,20524970560585,61.362,-1.1885,-0.8916,-1.6082,3,1.0039,1003,220,0,220,3,1,707,20524518367028,20524951118417,432751,0,1,63035,409611,1,,,,716,220,0,1,0,0,55,0,0
721,scan,717,1,20525018334033,,20525018527863,20525020527264,61.412,-1.1888,-0.8991,-1.6083,3,0.9971,997,220,0,220,1,1,708,20524568481038,20524988433992,419952,0,1,63035,410549,1,,,,717,220,0,1,0,0,55,0,0
722,scan,718,1,20525068546571,,20525068671934,20525070567062,61.462,-1.1893,-0.9140,-1.6083,3,0.9965,996,220,0,220,0,1,709,20524618501211,20525030587160,412085,0,1,63035,411159,1,,,,718,220,0,1,0,0,55,0,0
723,scan,719,1,20525118776834,,20525118916987,20525120520623,61.512,-1.1896,-0.9215,-1.6083,3,1.0071,1007,220,0,220,0,1,709,,,,1,1,63035,411626,1,,,,719,220,0,1,0,0,55,0,0
724,scan,720,1,20525168753947,,20525168862308,20525170658327,61.562,-1.1902,-0.9365,-1.6083,3,1.0168,1016,220,0,220,0,1,711,20524718566596,20525166619099,448052,0,1,63035,412927,1,,,,720,220,0,1,0,0,55,0,0
725,scan,721,1,20525218774806,,20525218907954,20525220604602,61.612,-1.1905,-0.9439,-1.6083,3,1.0053,1005,220,0,220,2,1,712,20524768573835,20525172719239,404145,0,1,63035,413308,1,,,,721,220,0,1,0,0,55,0,0
726,scan,722,1,20525268784634,,20525269027393,20525270886483,61.662,-1.1907,-0.9514,-1.6083,3,0.9857,985,220,0,220,4,1,714,20524868495784,20525268885935,400390,0,1,63035,412863,1,,,,722,220,0,1,0,0,55,0,0
727,scan,723,1,20525318824854,,20525318942060,20525320575673,61.712,-1.1913,-0.9664,-1.6083,3,1.0018,1001,220,0,220,2,1,715,20524918772884,20525316355214,397582,0,1,63035,412235,1,,,,723,220,0,1,0,0,55,0,0
728,scan,724,1,20525368771755,,20525368895269,20525370535304,61.762,-1.1916,-0.9738,-1.6083,3,0.9922,992,220,0,220,2,1,715,,,,1,1,63035,412235,1,,,,724,220,0,1,0,0,55,0,0
729,scan,725,1,20525418821994,,20525418947056,20525420487816,61.812,-1.1921,-0.9888,-1.6083,3,0.9693,969,220,1,220,2,1,715,,,,1,1,63035,412746,1,,,,725,220,1,1,0,0,55,0,0
730,scan,726,1,20525468814113,,20525468941057,20525470531126,61.862,-1.1924,-0.9963,-1.6083,3,0.9706,970,220,1,220,3,1,717,20525018378360,20525466438445,448060,0,1,63035,413964,1,,,,726,220,1,1,0,0,55,0,0
731,scan,727,1,20525518885835,,20525519025099,20525520568205,61.912,-1.1930,-1.0112,-1.6082,3,0.9551,955,220,1,220,-1,1,718,20525068586405,20525473742788,405156,0,1,63035,414041,1,,,,727,220,1,1,0,0,55,0,0
732,scan,728,1,20525568859253,,20525568992998,20525570569276,61.962,-1.1933,-1.0187,-1.6082,3,0.9494,949,220,0,220,4,1,719,20525118824398,20525519703544,400879,0,1,63035,413967,1,,,,728,220,0,1,0,0,55,0,0
733,scan,729,1,20525618803049,,20525618950802,20525620493241,62.012,-1.1938,-1.0336,-1.6081,3,0.9198,919,220,0,220,0,1,720,20525168787871,20525584192915,415405,0,1,63035,414014,1,,,,729,220,0,1,0,0,55,0,0
734,scan,730,1,20525668773384,,20525668899086,20525671481004,62.062,-1.1941,-1.0411,-1.6081,3,0.9276,927,220,0,220,-2,1,721,20525218821323,20525645887314,427065,0,1,63035,414826,1,,,,730,220,0,1,0,0,55,0,0
735,scan,731,1,20525718942467,,20525719074671,20525720531940,62.112,-1.1947,-1.0561,-1.6082,4,0.9032,903,0,1000,220,-2,1,721,,,,1,1,63035,414826,1,,,,731,0,1000,1,0,0,55,0,0
736,scan,732,1,20525768840773,,20525768971246,20525771525722,62.162,-1.1949,-1.0635,-1.6082,4,0.8971,897,0,1000,220,-2,1,721,,,,1,1,63035,415258,1,,,,732,0,1000,1,0,0,55,0,0
737,scan,733,1,20525818700117,,20525818826098,20525820535382,62.212,-1.1954,-1.0750,-1.6081,4,0.8887,888,0,1000,220,0,1,725,20525418864695,20525817598186,398733,0,1,63035,414754,1,,,,733,0,1000,1,0,0,55,0,0
738,scan,734,1,20525869009029,,20525869128627,20525870550959,62.262,-1.1955,-1.0790,-1.6081,4,0.8849,884,0,1000,220,-2,1,726,20525468860959,20525864698290,395837,0,1,63035,414344,1,,,,734,0,1000,1,0,0,55,0,0
739,scan,735,1,20525919059340,,20525919208282,20525921461343,62.312,-1.1957,-1.0841,-1.6069,4,0.8773,877,0,1000,220,-2,1,726,,,,1,1,63035,414344,1,,,,735,0,1000,1,0,0,55,0,0
740,scan,736,1,20525969146155,,20525969264022,20525971363087,62.362,-1.1958,-1.0857,-1.5996,4,0.8844,884,0,1000,220,-1,1,728,20525568903385,20525963910563,395007,0,1,63035,413100,1,,,,736,0,1000,1,0,0,55,0,0
741,scan,737,1,20526019491718,,20526019609740,20526021585229,62.412,-1.1958,-1.0873,-1.5519,4,0.8739,873,0,1000,220,-1,1,728,,,,1,1,63035,413395,1,,,,737,0,1000,1,0,0,55,0,0
742,scan,738,1,20526069855651,,20526069981336,20526071479497,62.462,-1.1958,-1.0872,-1.5130,4,0.8801,880,0,1000,220,-1,1,728,,,,1,1,63035,413301,1,,,,738,0,1000,1,0,0,55,0,0
743,scan,739,1,20526119768337,,20526119889376,20526121916806,62.512,-1.1958,-1.0872,-1.4708,4,0.8856,885,0,1000,0,999,1,731,20525718989482,20526113492861,394503,0,1,63035,413118,1,,,,739,0,1000,1,0,0,55,0,0
744,scan,740,1,20526169642915,,20526169771343,20526171482193,62.562,-1.1958,-1.0871,-1.4002,4,0.8869,886,0,1000,0,999,1,731,,,,1,1,63035,413118,1,,,,740,0,1000,1,0,0,55,0,0
745,scan,741,1,20526219901320,,20526220091636,20526222453606,62.612,-1.1958,-1.0870,-1.3717,4,0.8679,867,0,1000,0,999,1,732,20525768885896,20526175874828,406988,0,1,63035,412840,1,,,,741,0,1000,1,0,0,55,0,0
746,scan,742,1,20526269562064,,20526269703604,20526271582619,62.662,-1.1959,-1.0869,-1.3076,4,0.8758,875,0,1000,0,999,1,733,20525818745807,20526250118820,431373,0,1,63035,413172,1,,,,742,0,1000,1,0,0,55,0,0
747,scan,743,1,20526319462341,,20526319587676,20526321504980,62.712,-1.1959,-1.0868,-1.2704,4,0.8671,867,0,1000,0,999,1,735,20525919111023,20526316315667,397204,0,1,63035,411600,1,,,,743,0,1000,1,0,0,55,0,0
748,scan,744,1,20526369283352,,20526369407082,20526371432379,62.762,-1.1959,-1.0867,-1.1987,4,0.8735,873,0,1000,0,999,1,736,20525969185806,20526361914189,392728,0,1,63035,411235,1,,,,744,0,1000,1,0,0,55,0,0
749,scan,745,1,20526420072255,,20526420308990,20526422456833,62.812,-1.1960,-1.0867,-1.1665,4,0.8751,875,0,1000,0,999,1,737,20526019527174,20526415240722,395713,0,1,63035,410761,1,,,,745,0,1000,1,0,0,55,0,0
750,scan,746,1,20526469989404,,20526470128446,20526472458241,62.862,-1.1960,-1.0866,-1.1017,4,0.8812,881,0,1000,0,999,1,737,,,,1,1,63035,411279,1,,,,746,0,1000,1,0,0,55,0,0
751,scan,747,1,20526519519102,,20526519640460,20526521513880,62.912,-1.1960,-1.0865,-1.0669,4,0.8708,870,0,1000,0,999,1,738,20526069898742,20526499417496,429518,0,1,63035,412484,1,,,,747,0,1000,1,0,0,55,0,0
752,scan,748,1,20526569686276,,20526569798304,20526571542427,62.962,-1.1961,-1.0864,-0.9966,4,0.8747,874,0,1000,0,999,1,740,20526169688079,20526566788353,397100,0,1,63035,411914,1,,,,748,0,1000,1,0,0,55,0,0
753,scan,749,1,20526619884763,,20526620054295,20526621554121,63.012,-1.1962,-1.0864,-0.9629,4,0.8577,857,0,1000,0,999,1,740,,,,1,1,63035,411224,1,,,,749,0,1000,1,0,0,55,0,0
754,scan,750,1,20526669763987,,20526669884859,20526671549442,63.062,-1.1962,-1.0863,-0.8968,4,0.8770,877,0,1000,0,999,1,741,20526219948059,20526659472053,439523,0,1,63035,412272,1,,,,750,0,1000,1,0,0,55,0,0
755,scan,751,1,20526719800260,,20526719932873,20526721508323,63.112,-1.1963,-1.0863,-0.8628,4,0.8691,869,0,1000,0,999,1,742,20526269617353,20526670916256,401298,0,1,63035,411880,1,,,,751,0,1000,1,0,0,55,0,0
756,scan,752,1,20526769943701,,20526770065141,20526771510000,63.162,-1.1964,-1.0862,-0.7937,4,0.8615,861,0,1000,0,999,1,743,20526319509720,20526725673459,406163,0,1,63035,411915,1,,,,752,0,1000,1,0,0,55,0,0
757,scan,753,1,20526820169817,,20526820310286,20526822409761,63.212,-1.1964,-1.0861,-0.7595,4,0.8749,874,0,1000,0,999,1,743,,,,1,1,63035,411303,1,,,,753,0,1000,1,0,0,55,0,0
758,scan,754,1,20526870386651,,20526870510360,20526872527897,63.262,-1.1965,-1.0861,-0.6923,4,0.8630,862,0,1000,0,999,1,745,20526420162108,20526848162999,428000,0,1,63035,411897,1,,,,754,0,1000,1,0,0,55,0,0
759,scan,755,1,20526920643302,,20526920764250,20526922490741,63.312,-1.1965,-1.0860,-0.6585,4,0.7766,776,0,1000,0,999,1,746,20526470036131,20526875297913,405261,0,1,63035,411660,1,,,,755,0,1000,1,0,0,55,0,0
760,scan,756,1,20526970625569,,20526970749605,20526972668191,63.362,-1.1966,-1.0860,-0.6244,4,0.7336,733,0,1000,0,999,1,747,20526519560194,20526928932586,409372,0,1,63035,410825,1,,,,756,0,1000,1,0,0,55,0,0
761,scan,757,1,20527020436504,,20527020560439,20527022530214,63.412,-1.1967,-1.0859,-0.5560,4,0.7257,725,0,998,0,999,1,748,20526569724910,20526971623946,401899,0,1,63035,410180,1,,,,757,0,998,1,0,0,55,0,0
762,scan,758,1,20527070461110,,20527070583641,20527072782622,63.462,-1.1967,-1.0859,-0.5221,4,0.7083,708,0,930,0,999,1,749,20526619929873,20527021913251,401983,0,1,63035,409819,1,,,,758,0,930,1,0,0,55,0,0
763,scan,759,1,20527120371918,,20527120496552,20527122488850,63.512,-1.1969,-1.0859,-0.4551,4,0.7212,721,220,796,0,999,1,750,20526669807033,20527073040147,403233,0,1,63035,409592,1,,,,759,220,796,1,0,0,55,0,0
764,scan,760,1,20527170452234,,20527170583585,20527172465786,63.562,-1.1969,-1.0859,-0.4233,4,0.7248,724,220,732,0,999,1,751,20526719844254,20527121533119,401688,0,1,63035,407993,1,,,,760,220,732,1,0,0,55,0,0
765,scan,761,1,20527220430771,,20527220563704,20527222584706,63.612,-1.1938,-1.0871,-0.3588,4,0.7099,709,220,604,0,999,1,752,20526769983891,20527193178144,423194,0,1,63035,408650,1,,,,761,220,604,1,0,0,55,0,0
766,scan,762,1,20527270947815,,20527271101903,20527272564972,63.662,-1.1906,-1.0883,-0.3224,4,0.7113,711,220,533,0,999,1,753,20526820218876,20527251818413,431599,0,1,63035,409726,1,,,,762,220,533,1,0,0,55,0,0
767,scan,763,1,20527320511586,,20527320632674,20527322524626,63.712,-1.1808,-1.0911,-0.2483,4,0.7089,708,220,387,0,999,1,753,,,,1,1,63035,410160,1,,,,763,220,387,1,0,0,55,0,0
768,scan,764,1,20527370605644,,20527370754202,20527372493681,63.762,-1.1745,-1.0926,-0.2148,4,0.6880,688,220,321,0,999,1,753,,,,1,1,63035,410160,1,,,,764,220,321,1,0,0,55,0,0
769,scan,765,1,20527420509621,,20527420641921,20527422648571,63.812,-1.1606,-1.0953,-0.1728,4,0.6778,677,220,239,0,993,1,757,20527020480360,20527416795864,396315,0,1,63035,409683,1,,,,765,220,239,1,0,0,55,0,0
770,scan,766,1,20527470802129,,20527470929991,20527472557411,63.862,-1.1532,-1.0966,-0.1689,4,0.6829,682,220,232,0,936,1,758,20527070502763,20527462687885,392185,0,1,63035,407756,1,,,,766,220,232,1,0,0,55,0,0
771,scan,767,1,20527520607810,,20527520737807,20527522468911,63.912,-1.1385,-1.0991,-0.1654,4,0.6730,673,220,227,0,936,1,758,,,,1,1,63035,407849,1,,,,767,220,227,1,0,0,55,0,0
772,scan,768,1,20527570722719,,20527570867274,20527572647621,63.962,-1.1311,-1.1003,-0.1560,4,0.6632,663,220,209,116,794,1,759,20527120414960,20527550394467,429979,0,1,63035,408888,1,,,,768,220,209,1,0,0,55,0,0
773,scan,769,1,20527621188313,,20527621324867,20527623629541,64.012,-1.1163,-1.1024,-0.1317,4,0.6463,646,220,162,220,726,1,760,20527170496186,20527576229497,405733,0,1,63035,408543,1,,,,769,220,162,1,0,0,55,0,0
774,scan,770,1,20527671263120,,20527671443612,20527673777239,64.062,-1.1089,-1.1034,-0.1246,4,0.6355,635,220,148,220,588,1,761,20527220473758,20527642763532,422289,0,1,63035,408372,1,,,,770,220,148,1,0,0,55,0,0
775,scan,771,1,20527721195040,,20527721308936,20527723461440,64.112,-1.0941,-1.1052,-0.1189,4,0.6304,630,220,138,220,371,1,763,20527320552321,20527716487424,395935,0,1,63035,407943,1,,,,771,220,138,1,0,0,55,0,0
776,scan,772,1,20527770790294,,20527770912419,20527772545360,64.162,-1.0867,-1.1061,-0.1154,4,0.6251,625,220,131,220,309,1,764,20527370649394,20527770307293,399657,0,1,63035,407667,1,,,,772,220,131,1,0,0,55,0,0
777,scan,773,1,20527820759093,,20527820897019,20527822955122,64.212,-1.0793,-1.1069,-0.1098,4,0.6137,613,220,121,220,309,1,764,,,,1,1,63035,407975,1,,,,773,220,121,1,0,0,55,0,0
778,scan,774,1,20527870993851,,20527871145254,20527873384393,64.262,-1.0644,-1.1084,-0.0977,4,0.6002,600,220,97,220,223,1,766,20527470848285,20527870637951,399789,0,1,63035,408111,1,,,,774,220,97,1,0,0,55,0,0
779,scan,775,1,20527921025262,,20527921170095,20527923463955,64.312,-1.0570,-1.1092,-0.0937,4,0.5916,591,220,90,220,223,1,766,,,,1,1,63035,408111,1,,,,775,220,90,1,0,0,55,0,0
780,scan,776,1,20527971177763,,20527971333750,20527973478970,64.362,-1.0421,-1.1105,-0.0888,4,0.5824,582,220,80,220,216,1,767,20527520653810,20527931017621,410363,0,1,63035,408641,1,,,,776,220,80,1,0,0,55,0,0
781,scan,777,1,20528021517379,,20528021675896,20528023639629,64.412,-1.0346,-1.1112,-0.0863,4,0.5664,566,220,76,220,155,1,769,20527621234326,20528015651325,394416,0,1,63035,408167,1,,,,777,220,76,1,0,0,55,0,0
782,scan,778,1,20528071440342,,20528071560412,20528074421217,64.462,-1.0197,-1.1124,-0.0800,4,0.5693,569,220,64,220,142,1,770,20527671324499,20528068898301,397573,0,1,63035,407825,1,,,,778,220,64,1,0,0,55,0,0
783,scan,779,1,20528121555877,,20528121696264,20528123464558,64.512,-1.0123,-1.1130,-0.0771,4,0.5604,560,220,58,220,132,1,771,20527721232272,20528109148584,387916,0,1,63035,407612,1,,,,779,220,58,1,0,0,55,0,0
784,scan,780,1,20528171390847,,20528171533379,20528173546052,64.562,-0.9974,-1.1141,-0.0730,4,0.5509,550,220,51,220,132,1,771,,,,1,1,63035,407612,1,,,,780,220,51,1,0,0,55,0,0
785,scan,781,1,20528221687797,,20528221808355,20528223607583,64.612,-0.9899,-1.1147,-0.0715,4,0.5414,541,220,48,220,116,1,773,20527820806574,20528214122319,393315,0,1,63035,407171,1,,,,781,220,48,1,0,0,55,0,0
786,scan,782,1,20528271753992,,20528271874663,20528273556483,64.662,-0.9750,-1.1157,-0.0681,4,0.5317,531,220,41,220,116,1,773,,,,1,1,63035,406365,1,,,,782,220,41,1,0,0,55,0,0
787,scan,783,1,20528321720060,,20528321836826,20528323540541,64.712,-0.9675,-1.1162,-0.0663,4,0.5101,510,220,38,220,86,1,775,20527921074905,20528318870331,397795,0,1,63035,406384,1,,,,783,220,38,1,0,0,55,0,0
788,scan,784,1,20528371733517,,20528371865585,20528373537863,64.762,-0.9526,-1.1172,-0.0634,4,0.5039,503,220,32,220,86,1,775,,,,1,1,63035,406855,1,,,,784,220,32,1,0,0,55,0,0
789,scan,785,1,20528421770013,,20528421897390,20528423571017,64.812,-0.9451,-1.1177,-0.0624,4,0.4962,496,220,30,220,78,1,776,20527971232406,20528380934338,409701,0,1,63035,407338,1,,,,785,220,30,1,0,0,55,0,0
790,scan,786,1,20528472435701,,20528472571299,20528474488902,64.862,-0.9302,-1.1186,-0.0603,4,0.4941,494,220,27,220,72,1,777,20528021573762,20528432402797,410829,0,1,63035,407454,1,,,,786,220,27,1,0,0,55,0,0
791,scan,787,1,20528522602668,,20528522735021,20528524545620,64.912,-0.9227,-1.1190,-0.0592,4,0.4658,465,220,25,220,61,1,778,20528071485243,20528477396352,405911,0,1,63035,406667,1,,,,787,220,25,1,0,0,55,0,0
792,scan,788,1,20528572695660,,20528572861354,20528574627375,64.962,-0.9078,-1.1199,-0.0573,4,0.4712,471,220,21,220,56,1,779,20528121604820,20528526902014,405297,0,1,63035,406940,1,,,,788,220,21,1,0,0,55,0,0
793,scan,789,1,20528622937207,,20528623089605,20528624481270,65.012,-0.9003,-1.1203,-0.0565,4,0.4705,470,220,19,220,48,1,780,20528171438106,20528586265809,414827,0,1,63035,407195,1,,,,789,220,19,1,0,0,55,0,0
794,scan,790,1,20528672709209,,20528672864390,20528674533109,65.062,-0.8929,-1.1208,-0.0558,4,0.4437,443,220,18,220,48,1,780,,,,1,1,63035,406117,1,,,,790,220,18,1,0,0,55,0,0
795,scan,791,1,20528722558759,,20528722689183,20528724559193,65.112,-0.8779,-1.1216,-0.0544,4,0.4345,434,220,15,220,40,1,782,20528271797470,20528675859634,404062,0,1,63035,406209,1,,,,791,220,15,1,0,0,55,0,0
796,scan,792,1,20528772561423,,20528772702500,20528774522317,65.162,-0.8705,-1.1220,-0.0537,4,0.4350,434,220,14,220,40,1,782,,,,1,1,63035,406211,1,,,,792,220,14,1,0,0,55,0,0
797,scan,793,1,20528822332158,,20528822457426,20528824581990,65.212,-0.8556,-1.1228,-0.0526,4,0.4217,421,220,12,220,40,1,782,,,,1,1,63035,406211,1,,,,793,220,12,1,0,0,55,0,0
798,scan,794,1,20528872912612,,20528873098383,20528875791667,65.262,-0.8481,-1.1232,-0.0522,4,0.4166,416,220,11,220,26,1,786,20528472480752,20528872272016,399791,0,1,63035,405238,1,,,,794,220,11,1,0,0,55,0,0
799,scan,795,1,20528922673242,,20528922800099,20528924566389,65.312,-0.8332,-1.1239,-0.0515,4,0.4086,408,220,10,220,26,1,786,,,,1,1,63035,405237,1,,,,795,220,10,1,0,0,55,0,0
800,scan,796,1,20528972805976,,20528972932845,20528974717211,65.362,-0.8257,-1.1243,-0.0511,4,0.4023,402,220,9,220,26,1,786,,,,1,1,63035,405084,1,,,,796,220,9,1,0,0,55,0,0
801,scan,797,1,20529022686574,,20529022864251,20529024609408,65.412,-0.8107,-1.1251,-0.0504,4,0.3872,387,220,8,220,26,1,786,,,,1,1,63035,405207,1,,,,797,205,8,1,1,0,55,0,0
802,scan,798,1,20529073067942,,20529073284417,20529075533029,65.462,-0.8033,-1.1255,-0.0501,4,0.3930,393,220,7,220,26,1,786,,,,1,1,63035,405336,1,,,,798,212,7,1,1,0,55,0,0
803,scan,799,1,20529122678933,,20529122815358,20529124602445,65.512,-0.7893,-1.1261,-0.0395,4,0.3765,376,220,-14,220,26,1,786,,,,1,1,63035,405423,1,,,,799,193,-14,1,1,0,55,0,0
804,scan,800,1,20529172925956,,20529173105591,20529174587729,65.562,-0.7821,-1.1264,-0.0318,4,0.3641,364,220,-29,220,26,1,786,,,,1,1,63035,405586,1,,,,800,180,-29,1,1,0,55,0,0
805,scan,801,1,20529222607754,,20529222770365,20529224827295,65.612,-0.7694,-1.1268,-0.0348,4,0.3686,368,220,-24,220,26,1,786,,,,1,1,63035,404785,1,,,,801,184,-24,1,1,0,55,0,0
806,scan,802,1,20529272858800,,20529273018667,20529274491251,65.662,-0.7633,-1.1270,-0.0418,4,0.3614,361,220,-10,220,26,1,786,,,,1,1,63035,403508,1,,,,802,177,-10,1,1,0,55,0,0
807,scan,803,1,20529322854759,,20529322991590,20529324603710,65.712,-0.7510,-1.1275,-0.0455,4,0.3371,337,220,-2,220,10,1,794,20528872978774,20529316545822,443567,0,1,63035,405329,1,,,,803,150,-2,1,1,0,55,0,0
808,scan,804,1,20529373002032,,20529373122100,20529375417242,65.762,-0.7450,-1.1278,-0.0419,4,0.3485,348,220,-10,220,9,1,796,20528972851360,20529368604706,395753,0,1,63035,404913,1,,,,804,162,-10,1,1,0,55,0,0
809,scan,805,1,20529422993443,,20529423114754,20529425464708,65.812,-0.7343,-1.1282,-0.0404,4,0.3492,349,220,-13,220,9,1,796,,,,1,1,63035,405304,1,,,,805,163,-13,1,1,0,55,0,0
810,scan,806,1,20529473294441,,20529473424508,20529475632570,65.862,-0.7288,-1.1285,-0.0442,4,0.3315,331,220,-5,220,7,1,797,20529022743941,20529431577481,408833,0,1,63035,406060,1,,,,806,144,-5,1,1,0,55,0,0
811,scan,807,1,20529523311862,,20529523462608,20529525655085,65.912,-0.7232,-1.1287,-0.0474,4,0.3336,333,220,1,220,7,1,798,20529073145911,20529473814131,400668,0,1,63035,405826,1,,,,807,146,1,1,1,0,55,0,0
812,scan,808,1,20529573029028,,20529573146426,20529575439042,65.962,-0.7135,-1.1292,-0.0463,4,0.3307,330,220,-1,220,7,1,798,,,,1,1,63035,404728,1,,,,808,143,-1,1,1,0,55,0,0
813,scan,809,1,20529623523976,,20529623662402,20529625676161,66.012,-0.7085,-1.1294,-0.0442,4,0.3187,318,220,-5,220,-28,1,800,20529172987809,20529581752275,408764,0,1,63035,404866,1,,,,809,129,-5,1,1,0,55,0,0
814,scan,810,1,20529673414230,,20529673539911,20529675609265,66.062,-0.6993,-1.1298,-0.0444,4,0.3192,319,220,-5,220,-21,1,801,20529222668084,20529634741204,412073,0,1,63035,404402,1,,,,810,130,-5,1,1,0,55,0,0
815,scan,811,1,20529723421480,,20529723592452,20529725600169,66.112,-0.6949,-1.1300,-0.0463,4,0.3113,311,220,-1,220,-8,1,802,20529272917413,20529681776123,408858,0,1,63035,404989,1,,,,811,122,-1,1,1,0,55,0,0
816,scan,812,1,20529773440728,,20529773569699,20529775612723,66.162,-0.6863,-1.1304,-0.0475,4,0.3154,315,220,2,220,-2,1,803,20529322902741,20529729851582,406948,0,1,63035,405320,1,,,,812,126,2,1,1,0,55,0,0
817,scan,813,1,20529823802026,,20529823937361,20529825588846,66.212,-0.6822,-1.1306,-0.0466,4,0.3094,309,220,0,220,-8,1,804,20529373045788,20529775282507,402236,0,1,63035,405186,1,,,,813,119,0,1,1,0,55,0,0
818,scan,814,1,20529873707273,,20529873861126,20529875477317,66.262,-0.6739,-1.1310,-0.0453,4,0.3087,308,220,-3,220,-8,1,804,,,,1,1,63035,405432,1,,,,814,118,-3,1,1,0,55,0,0
819,scan,815,1,20529923502838,,20529923662423,20529925480609,66.312,-0.6698,-1.1312,-0.0458,4,0.3012,301,220,-2,220,-5,1,806,20529473339933,20529898220829,424880,0,1,63035,406277,1,,,,815,111,-2,1,1,0,55,0,0
820,scan,816,1,20529973395083,,20529973521234,20529976431453,66.362,-0.6621,-1.1315,-0.0469,4,0.3002,300,220,0,220,-1,1,808,20529573070404,20529970373171,397302,0,1,63035,405709,1,,,,816,110,0,1,1,0,55,0,0
821,scan,817,1,20530023360519,,20530023493768,20530025552051,66.412,-0.6583,-1.1317,-0.0468,4,0.3034,303,220,0,220,-1,1,808,,,,1,1,63035,406223,1,,,,817,113,0,1,1,0,55,0,0
822,scan,818,1,20530073378843,,20530073506103,20530075612811,66.462,-0.6507,-1.1321,-0.0462,4,0.2993,299,220,-1,220,-1,1,808,,,,1,1,63035,406635,1,,,,818,108,-1,1,1,0,55,0,0
823,scan,819,1,20530123654317,,20530123798608,20530125576941,66.512,-0.6469,-1.1322,-0.0462,4,0.2962,296,220,-1,220,-5,1,810,20529673457902,20530079495477,406037,0,1,63035,407497,1,,,,819,105,-1,1,1,0,55,0,0
824,scan,820,1,20530173718562,,20530173873073,20530175525470,66.562,-0.6396,-1.1326,-0.0467,4,0.2938,293,220,0,220,-5,1,810,,,,1,1,63035,407497,1,,,,820,102,0,1,1,0,55,0,0
825,scan,821,1,20530223848777,,20530224031857,20530225501125,66.612,-0.6361,-1.1327,-0.0468,4,0.2975,297,220,0,220,1,1,813,20529823850082,20530223419931,399569,0,1,63035,407795,1,,,,821,106,0,1,1,0,55,0,0
826,scan,822,1,20530274142381,,20530274376197,20530276490357,66.662,-0.6290,-1.1331,-0.0466,4,0.2982,298,220,-1,220,1,1,813,,,,1,1,63035,407795,1,,,,822,107,-1,1,1,0,55,0,0
827,scan,823,1,20530323926452,,20530324108888,20530325511708,66.712,-0.6254,-1.1332,-0.0465,4,0.2915,291,220,-1,220,-3,1,814,20529873759314,20530313807291,440047,0,1,63035,409807,1,,,,823,100,-1,1,1,0,55,0,0
828,scan,824,1,20530373823936,,20530373963037,20530375772513,66.762,-0.6218,-1.1334,-0.0465,4,0.2901,290,220,-1,220,-1,1,815,20529923569009,20530329011139,405442,0,1,63035,409609,1,,,,824,100,-1,1,1,0,55,0,0
829,scan,825,1,20530423637070,,20530423758584,20530425566820,66.812,-0.6150,-1.1337,-0.0467,4,0.2824,282,220,0,220,-1,1,815,,,,1,1,63035,409604,1,,,,825,100,0,1,1,0,55,0,0
830,scan,826,1,20530473818901,,20530473990758,20530475536783,66.862,-0.6116,-1.1339,-0.0468,4,0.2893,289,220,0,220,1,1,817,20530023406578,20530423915614,400509,0,1,63035,409113,1,,,,826,100,0,1,1,0,55,0,0
831,scan,827,1,20530525069932,,20530525208612,20530527484715,66.912,-0.6048,-1.1342,-0.0467,4,0.2917,291,220,0,220,-1,1,819,20530123705557,20530512493614,388788,0,1,63035,408298,1,,,,827,100,0,1,1,0,55,0,0
832,scan,828,1,20530574993454,,20530575120744,20530577587179,66.962,-0.6014,-1.1344,-0.0467,4,0.3003,300,220,0,220,-1,1,819,,,,1,1,63035,408448,1,,,,828,110,0,1,1,0,55,0,0
833,scan,829,1,20530624297452,,20530624430032,20530626642602,67.012,-0.5943,-1.1347,-0.0467,4,0.2834,283,220,0,220,-1,1,819,,,,1,1,63035,408112,1,,,,829,100,0,1,1,0,55,0,0
834,scan,830,1,20530674572696,,20530674743611,20530676533068,67.062,-0.5905,-1.1349,-0.0467,4,0.2792,279,220,0,220,-1,1,819,,,,1,1,63035,408112,1,,,,830,100,0,1,1,0,55,0,0
835,scan,831,1,20530724605491,,20530724779725,20530726525115,67.112,-0.5831,-1.1352,-0.0473,4,0.2711,271,220,1,220,-1,1,823,20530323976229,20530712968849,388992,0,1,63035,407319,1,,,,831,100,1,1,1,0,55,0,0
836,scan,832,1,20530775107867,,20530775347287,20530777547263,67.162,-0.5797,-1.1354,-0.0476,4,0.2650,265,220,2,220,-1,1,823,,,,1,1,63035,407319,1,,,,832,100,2,1,1,0,55,0,0
837,scan,833,1,20530824549747,,20530824694075,20530826498076,67.212,-0.5729,-1.1357,-0.0474,4,0.2893,289,220,1,220,-1,1,823,,,,1,1,63035,407319,1,,,,833,100,1,1,1,0,55,0,0
838,scan,834,1,20530874566150,,20530874692455,20530876580308,67.262,-0.5695,-1.1359,-0.0471,4,0.2907,290,220,1,220,-1,1,823,,,,1,1,63035,407737,1,,,,834,100,1,1,1,0,55,0,0
839,scan,835,1,20530924474455,,20530924598466,20530926473542,67.312,-0.5627,-1.1362,-0.0469,4,0.2866,286,220,0,220,-1,1,823,,,,1,1,63035,407737,1,,,,835,100,0,1,1,0,55,0,0
840,scan,836,1,20530974632025,,20530974748698,20530976515492,67.362,-0.5593,-1.1363,-0.0471,4,0.3033,303,220,1,220,1,1,825,20530423678139,20530970611476,546933,0,1,63035,415063,1,,,,836,113,1,1,1,0,55,0,0
841,scan,837,1,20531024401921,,20531024533685,20531026535276,67.412,-0.5521,-1.1367,-0.0472,4,0.2945,294,220,1,220,1,1,829,20530624341726,20531017330245,392988,0,1,63035,413959,1,,,,837,103,1,1,1,0,55,0,0
842,scan,838,1,20531074448450,,20531074594195,20531076494438,67.462,-0.5482,-1.1369,-0.0471,4,0.3029,302,220,1,220,1,1,829,,,,1,1,63035,413959,1,,,,838,112,1,1,1,0,55,0,0
843,scan,839,1,20531124694061,,20531124863000,20531126626109,67.512,-0.5409,-1.1372,-0.0469,4,0.3055,305,220,0,220,1,1,830,20530674642838,20531079428623,404785,0,1,63035,413522,1,,,,839,115,0,1,1,0,55,0,0
844,scan,840,1,20531174723749,,20531174903977,20531176491620,67.562,-0.5371,-1.1374,-0.0469,4,0.3199,319,220,0,220,1,1,831,20530724674158,20531140174863,415500,0,1,63035,413612,1,,,,840,130,0,1,1,0,55,0,0
845,scan,841,1,20531224650669,,20531224780201,20531226838649,67.612,-0.5332,-1.1376,-0.0470,4,0.3131,313,220,0,220,2,1,832,20530775202783,20531184341495,409138,0,1,63035,413418,1,,,,841,124,0,1,1,0,55,0,0
846,scan,842,1,20531274868019,,20531275010806,20531276500894,67.662,-0.5248,-1.1380,-0.0470,4,0.3295,329,220,0,220,1,1,833,20530824598722,20531243472319,418873,0,1,63035,413645,1,,,,842,141,0,1,1,0,55,0,0
847,scan,843,1,20531324817717,,20531324968102,20531326457988,67.712,-0.5206,-1.1382,-0.0470,4,1.0463,1046,220,0,220,1,1,834,20530874611297,20531292042955,417431,0,1,63035,412556,1,,,,843,220,0,1,0,0,55,0,0
848,scan,844,1,20531374793971,,20531374940245,20531376481628,67.762,-0.5095,-1.1387,-0.0469,4,1.0564,1056,220,0,220,1,1,835,20530924517142,20531327365696,402848,0,1,63035,412852,1,,,,844,220,0,1,0,0,55,0,0
849,scan,845,1,20531424881870,,20531425076351,20531426570814,67.812,-0.5022,-1.1390,-0.0470,4,1.0696,1069,220,0,220,1,1,836,20530974675422,20531379011568,404336,0,1,63035,412511,1,,,,845,220,0,1,0,0,55,0,0
850,scan,846,1,20531475112620,,20531475245638,20531477377775,67.862,-0.4872,-1.1397,-0.0470,4,1.0676,1067,220,0,220,1,1,837,20531024442969,20531440507013,416064,0,1,63035,412800,1,,,,846,220,0,1,0,0,55,0,0
851,scan,847,1,20531525054491,,20531525180819,20531527342058,67.912,-0.4797,-1.1401,-0.0470,4,1.0494,1049,220,0,220,1,1,838,20531074497802,20531482220887,407723,0,1,63035,413083,1,,,,847,220,0,1,0,0,55,0,0
852,scan,848,1,20531574924245,,20531575043670,20531576484016,67.962,-0.4648,-1.1408,-0.0469,4,1.0629,1062,220,0,220,1,1,839,20531124738663,20531554654789,429916,0,1,63035,413730,1,,,,848,220,0,1,0,0,55,0,0
853,scan,849,1,20531625202943,,20531625360226,20531627452031,68.012,-0.4573,-1.1411,-0.0470,4,1.0471,1047,220,0,220,0,1,840,20531174786814,20531594351452,419564,0,1,63035,414145,1,,,,849,220,0,1,0,0,55,0,0
854,scan,850,1,20531675281096,,20531675410769,20531677533911,68.062,-0.4424,-1.1418,-0.0470,4,1.0473,1047,220,0,220,2,1,841,20531224696774,20531642286838,417590,0,1,63035,414358,1,,,,850,220,0,1,0,0,55,0,0
855,scan,851,1,20531725407765,,20531725549097,20531727540398,68.112,-0.4349,-1.1422,-0.0470,4,1.0625,1062,220,0,220,2,1,841,,,,1,1,63035,414578,1,,,,851,220,0,1,0,0,55,0,0
856,scan,852,1,20531775423672,,20531775550102,20531777647645,68.162,-0.4200,-1.1429,-0.0470,4,1.0561,1056,220,0,220,2,1,841,,,,1,1,63035,414895,1,,,,852,220,0,1,0,0,55,0,0
857,scan,853,1,20531825322421,,20531825476893,20531827509309,68.212,-0.4125,-1.1432,-0.0470,4,1.0520,1052,220,0,220,1,1,845,20531424938472,20531824555318,399616,0,1,63035,414786,1,,,,853,220,0,1,0,0,55,0,0
858,scan,854,1,20531875364848,,20531875483744,20531877483016,68.262,-0.3976,-1.1439,-0.0470,4,1.0525,1052,220,0,220,1,1,846,20531475158488,20531869856268,394697,0,1,63035,413983,1,,,,854,220,0,1,0,0,55,0,0
859,scan,855,1,20531925288308,,20531925408453,20531928373085,68.312,-0.3901,-1.1443,-0.0470,4,1.0386,1038,220,0,220,1,1,847,20531525098712,20531919959910,394861,0,1,63035,412782,1,,,,855,220,0,1,0,0,55,0,0
860,scan,856,1,20531975667205,,20531975792419,20531977481441,68.362,-0.3751,-1.1450,-0.0470,4,1.0559,1055,220,0,220,1,1,847,,,,1,1,63035,413427,1,,,,856,220,0,1,0,0,55,0,0
861,scan,857,1,20532025996538,,20532026120621,20532027439131,68.412,-0.3677,-1.1453,-0.0470,4,1.0444,1044,220,0,220,1,1,849,20531625267569,20532014370164,389102,0,1,63035,412454,1,,,,857,220,0,1,0,0,55,0,0
862,scan,858,1,20532075602504,,20532075719598,20532077764376,68.462,-0.3602,-1.1457,-0.0470,4,1.0393,1039,220,0,220,1,1,850,20531675324521,20532071562195,396237,0,1,63035,411830,1,,,,858,220,0,1,0,0,55,0,0
863,scan,859,1,20532125820032,,20532125962709,20532127549240,68.512,-0.3453,-1.1464,-0.0470,4,1.0319,1031,220,0,220,1,1,851,20531725458259,20532116396899,390938,0,1,63035,411250,1,,,,859,220,0,1,0,0,55,0,0
864,scan,860,1,20532175702804,,20532175836861,20532177489700,68.562,-0.3378,-1.1467,-0.0470,4,1.0415,1041,220,0,220,1,1,851,,,,1,1,63035,411250,1,,,,860,220,0,1,0,0,55,0,0
865,scan,861,1,20532225649266,,20532225795310,20532227448601,68.612,-0.3228,-1.1474,-0.0470,4,1.0280,1027,220,0,220,1,1,851,,,,1,1,63035,411717,1,,,,861,220,0,1,0,0,55,0,0
866,scan,862,1,20532276056612,,20532276201864,20532278385867,68.662,-0.3154,-1.1478,-0.0470,4,1.0355,1035,220,0,220,1,1,851,,,,1,1,63035,411717,1,,,,862,220,0,1,0,0,55,0,0
867,scan,863,1,20532325648205,,20532325768563,20532327482281,68.712,-0.3004,-1.1485,-0.0470,4,1.0168,1016,220,0,220,1,1,851,,,,1,1,63035,410536,1,,,,863,220,0,1,0,0,55,0,0
868,scan,864,1,20532376361165,,20532376561046,20532378474122,68.762,-0.2930,-1.1488,-0.0470,4,1.0115,1011,220,0,220,1,1,851,,,,1,1,63035,410758,1,,,,864,220,0,1,0,0,55,0,0
869,scan,865,1,20532425749042,,20532425874019,20532427587598,68.812,-0.2780,-1.1495,-0.0470,4,1.0041,1004,220,0,220,1,1,851,,,,1,1,63035,410758,1,,,,865,220,0,1,0,0,55,0,0
870,scan,866,1,20532475930672,,20532476099193,20532478404856,68.862,-0.2705,-1.1499,-0.0470,4,1.0095,1009,220,0,220,1,1,851,,,,1,1,63035,411224,1,,,,866,220,0,1,0,0,55,0,0
871,scan,867,1,20532525659015,,20532525786384,20532527483894,68.912,-0.2556,-1.1506,-0.0470,4,0.9713,971,220,0,220,1,1,851,,,,1,1,63035,412292,1,,,,867,220,0,1,0,0,55,0,0
872,scan,868,1,20532575595301,,20532575721751,20532577582830,68.962,-0.2481,-1.1510,-0.0470,4,0.9828,982,220,0,220,1,1,851,,,,1,1,63035,412292,1,,,,868,220,0,1,0,0,55,0,0
873,scan,869,1,20532626116802,,20532626268109,20532628444324,69.012,-0.2332,-1.1517,-0.0470,4,0.9754,975,220,0,220,2,1,860,20532175751251,20532588662769,412911,0,1,63035,412320,1,,,,869,220,0,1,0,0,55,0,0
874,scan,870,1,20532676864916,,20532677024881,20532678547267,69.062,-0.2257,-1.1520,-0.0470,4,0.9651,965,220,0,220,1,1,861,20532225695095,20532636986613,411291,0,1,63035,412275,1,,,,870,220,0,1,0,0,55,0,0
875,scan,871,1,20532726570975,,20532726703842,20532728624807,69.112,-0.2108,-1.1527,-0.0470,4,0.9571,957,220,0,220,1,1,863,20532325689555,20532720350870,394661,0,1,63035,412522,1,,,,871,220,0,1,0,0,55,0,0
876,scan,872,1,20532776764408,,20532776893209,20532778473052,69.162,-0.2033,-1.1531,-0.0470,4,0.9500,950,220,0,220,1,1,863,,,,1,1,63035,412522,1,,,,872,220,0,1,0,0,55,0,0
877,scan,873,1,20532826625315,,20532826795064,20532828627321,69.212,-0.1884,-1.1538,-0.0470,4,0.9372,937,220,0,220,2,1,864,20532376434854,20532808630731,432195,0,1,63035,413342,1,,,,873,220,0,1,0,0,55,0,0
878,scan,874,1,20532876391638,,20532876521786,20532878570027,69.262,-0.1809,-1.1541,-0.0470,4,0.9344,934,220,0,220,2,1,865,20532425792606,20532846141686,420349,0,1,63035,413622,1,,,,874,220,0,1,0,0,55,0,0
879,scan,875,1,20532926509590,,20532926628930,20532928913838,69.312,-0.1734,-1.1545,-0.0470,4,0.9293,929,220,0,220,2,1,866,20532475976021,20532917630976,441654,0,1,63035,414700,1,,,,875,220,0,1,0,0,55,0,0
880,scan,876,1,20532976639054,,20532976766225,20532978442780,69.362,-0.1585,-1.1552,-0.0470,4,0.9162,916,220,0,220,2,1,867,20532525703757,20532929576665,403872,0,1,63035,409198,1,,,,876,220,0,1,0,0,55,0,0
881,scan,877,1,20533026712226,,20533026859164,20533028538500,69.412,-0.1510,-1.1555,-0.0470,4,0.9126,912,220,0,220,2,1,868,20532575640566,20532987824903,412184,0,1,63035,409936,1,,,,877,220,0,1,0,0,55,0,0
882,scan,878,1,20533076935809,,20533077070738,20533078505004,69.462,-0.1361,-1.1562,-0.0470,4,0.8990,898,220,0,220,2,1,870,20532676914728,20533072281700,395366,0,1,63035,409396,1,,,,878,220,0,1,0,0,55,0,0
883,scan,879,1,20533126727795,,20533126846297,20533128552274,69.512,-0.1286,-1.1566,-0.0470,4,0.8964,896,220,0,220,2,1,871,20532726618565,20533121954118,395335,0,1,63035,409046,1,,,,879,220,0,1,0,0,55,0,0
884,scan,880,1,20533176601778,,20533176723882,20533178564882,69.562,-0.1136,-1.1573,-0.0470,4,0.8880,888,220,0,220,2,1,871,,,,1,1,63035,408798,1,,,,880,220,0,1,0,0,55,0,0
885,scan,881,1,20533226755337,,20533226897881,20533228522209,69.612,-0.1062,-1.1576,-0.0470,4,0.8809,880,220,0,220,1,1,872,20532776810654,20533218282293,441471,0,1,63035,410042,1,,,,881,220,0,1,0,0,55,0,0
886,scan,882,1,20533276771044,,20533276910462,20533278495541,69.662,-0.0912,-1.1583,-0.0470,4,0.8716,871,220,0,220,2,1,873,20532826677228,20533270854353,444177,0,1,63035,411015,1,,,,882,220,0,1,0,0,55,0,0
887,scan,883,1,20533326907101,,20533327028659,20533328483494,69.712,-0.0838,-1.1587,-0.0470,4,0.8737,873,220,0,220,1,1,875,20532926552343,20533324760802,398208,0,1,63035,410276,1,,,,883,220,0,1,0,0,55,0,0
888,scan,884,1,20533376618956,,20533376742541,20533378500810,69.762,-0.0688,-1.1594,-0.0470,4,0.8756,875,220,0,220,1,1,875,,,,1,1,63035,410573,1,,,,884,220,0,1,0,0,55,0,0
889,scan,885,1,20533426916424,,20533427043030,20533428536479,69.812,-0.0613,-1.1597,-0.0470,4,0.8696,869,220,0,220,1,1,876,20532976681806,20533416673926,439992,0,1,63035,411999,1,,,,885,220,0,1,0,0,55,0,0
890,scan,886,1,20533477028824,,20533477156101,20533478586330,69.862,-0.0464,-1.1604,-0.0470,4,0.8565,856,220,1,220,3,1,877,20533026764454,20533430222435,403457,0,1,63035,411495,1,,,,886,220,1,1,0,0,55,0,0
891,scan,887,1,20533527248414,,20533527377018,20533529503954,69.912,-0.0389,-1.1608,-0.0470,4,0.8536,853,220,1,220,3,1,877,,,,1,1,63035,411652,1,,,,887,220,1,1,0,0,55,0,0
892,scan,888,1,20533577361390,,20533577480409,20533579535804,69.962,-0.0240,-1.1615,-0.0469,4,0.8444,844,220,0,220,3,1,877,,,,1,1,63035,410858,1,,,,888,220,0,1,0,0,55,0,0
893,scan,889,1,20533627342972,,20533627466448,20533629496521,70.012,-0.0165,-1.1618,-0.0469,4,0.8378,837,220,0,220,1,1,880,20533176646361,20533611004956,434358,0,1,63035,411501,1,,,,889,220,0,1,0,0,55,0,0
894,scan,890,1,20533677004874,,20533677134763,20533678602501,70.062,-0.0016,-1.1625,-0.0468,4,0.8454,845,220,0,220,1,1,880,,,,1,1,63035,411224,1,,,,890,220,0,1,0,0,55,0,0
895,scan,891,1,20533727394476,,20533727534163,20533729478399,70.112,0.0059,-1.1629,-0.0468,4,0.8555,855,220,0,220,1,1,880,,,,1,1,63035,411224,1,,,,891,220,0,1,0,0,55,0,0
896,scan,892,1,20533777566274,,20533777709037,20533779477152,70.162,0.0134,-1.1632,-0.0469,4,0.8462,846,220,0,220,2,1,883,20533326955300,20533771860222,444904,0,1,63035,412689,1,,,,892,220,0,1,0,0,55,0,0
897,scan,893,1,20533827577575,,20533827700754,20533829561574,70.212,0.0283,-1.1639,-0.0469,4,0.8644,864,220,0,220,2,1,883,,,,1,1,63035,413283,1,,,,893,220,0,1,0,0,55,0,0
898,scan,894,1,20533877469879,,20533877614479,20533879549701,70.262,0.0358,-1.1643,-0.0469,4,0.8338,833,220,0,220,2,1,885,20533426962077,20533840678069,413715,0,1,63035,414147,1,,,,894,220,0,1,0,0,55,0,0
899,scan,895,1,20533927686882,,20533927808106,20533930464229,70.312,0.0507,-1.1650,-0.0468,4,0.8569,856,220,0,220,1,1,886,20533477070797,20533889526655,412455,0,1,63035,414947,1,,,,895,220,0,1,0,0,55,0,0
900,scan,896,1,20533977426279,,20533977546375,20533979538118,70.362,0.0582,-1.1653,-0.0469,4,0.8570,856,220,0,220,1,1,888,20533577402632,20533972735452,395332,0,1,63035,414094,1,,,,896,220,0,1,0,0,55,0,0
901,scan,897,1,20534027588204,,20534027715110,20534029673969,70.412,0.0732,-1.1660,-0.0469,4,0.8711,871,220,0,220,1,1,888,,,,1,1,63035,415230,1,,,,897,220,0,1,0,0,55,0,0
902,scan,898,1,20534077495470,,20534077616095,20534079531238,70.462,0.0806,-1.1664,-0.0469,4,1.0132,1013,220,0,220,1,1,888,,,,1,1,63035,416135,1,,,,898,220,0,1,0,0,55,0,0
903,scan,899,1,20534127581601,,20534127697535,20534129520002,70.512,0.0956,-1.1671,-0.0469,4,1.0224,1022,220,0,220,1,1,888,,,,1,1,63035,417394,1,,,,899,220,0,1,0,0,55,0,0
904,scan,900,1,20534177761552,,20534177881862,20534179551151,70.562,0.1030,-1.1674,-0.0469,4,1.0223,1022,220,0,220,1,1,888,,,,1,1,63035,417394,1,,,,900,220,0,1,0,0,55,0,0
905,scan,901,1,20534227828537,,20534228051998,20534229564152,70.612,0.1180,-1.1681,-0.0469,4,1.0118,1011,220,0,220,1,1,888,,,,1,1,63035,417394,1,,,,901,220,0,1,0,0,55,0,0
906,scan,902,1,20534277878721,,20534278007483,20534279497778,70.662,0.1255,-1.1685,-0.0469,4,1.0335,1033,220,0,220,1,1,888,,,,1,1,63035,417394,1,,,,902,220,0,1,0,0,55,0,0
907,scan,903,1,20534328068994,,20534328202443,20534330460128,70.712,0.1404,-1.1692,-0.0469,4,1.0236,1023,220,0,220,1,1,888,,,,1,1,63035,417394,1,,,,903,220,0,1,0,0,55,0,0
908,scan,904,1,20534377994528,,20534378113664,20534379487306,70.762,0.1479,-1.1695,-0.0469,4,1.0110,1010,220,0,220,2,1,893,20533827620821,20534372011938,544391,0,1,63035,423442,1,,,,904,220,0,1,0,0,55,0,0
909,scan,905,1,20534428239663,,20534428372346,20534430553688,70.812,0.1628,-1.1702,-0.0469,4,1.0227,1022,220,0,220,1,1,896,20533977470586,20534380192056,402721,0,1,63035,422500,1,,,,905,220,0,1,0,0,55,0,0
910,scan,906,1,20534478486653,,20534478611936,20534480498167,70.862,0.1703,-1.1706,-0.0469,4,1.0281,1028,220,0,220,1,1,898,20534077538388,20534473776046,396237,0,1,63035,421358,1,,,,906,220,0,1,0,0,55,0,0
911,scan,907,1,20534528561779,,20534528737286,20534530574300,70.912,0.1852,-1.1713,-0.0469,4,1.0192,1019,220,0,220,2,1,899,20534127621371,20534516408554,388787,0,1,63035,420001,1,,,,907,220,0,1,0,0,55,0,0
912,scan,908,1,20534578354796,,20534578486279,20534580672334,70.962,0.1927,-1.1716,-0.0469,4,1.0236,1023,220,0,220,2,1,899,,,,1,1,63035,420001,1,,,,908,220,0,1,0,0,55,0,0
913,scan,909,1,20534628510607,,20534628643094,20534630655332,71.012,0.2002,-1.1720,-0.0469,4,1.0263,1026,220,0,220,1,1,900,20534177805570,20534579775404,401969,0,1,63035,419545,1,,,,909,220,0,1,0,0,55,0,0
914,scan,910,1,20534678475506,,20534678600950,20534680626676,71.062,0.2151,-1.1727,-0.0469,4,1.0258,1025,220,0,220,2,1,901,20534227930232,20534641597902,413667,0,1,63035,419644,1,,,,910,220,0,1,0,0,55,0,0
915,scan,911,1,20534728464851,,20534728625520,20534730523669,71.112,0.2226,-1.1730,-0.0469,4,1.0125,1012,220,0,220,1,1,902,20534277924694,20534683771012,405846,0,1,63035,420110,1,,,,911,220,0,1,0,0,55,0,0
916,scan,912,1,20534778380490,,20534778519154,20534780520558,71.162,0.2375,-1.1738,-0.0469,4,1.0233,1023,220,0,220,2,1,903,20534328114975,20534748483541,420368,0,1,63035,420120,1,,,,912,220,0,1,0,0,55,0,0
917,scan,913,1,20534828866362,,20534829010587,20534830473470,71.212,0.2450,-1.1741,-0.0469,4,1.0030,1002,220,0,220,2,1,903,,,,1,1,63035,419617,1,,,,913,220,0,1,0,0,55,0,0
918,scan,914,1,20534878837829,,20534878961494,20534880621806,71.262,0.2600,-1.1748,-0.0469,4,1.0108,1010,220,0,220,3,1,906,20534478534103,20534872925654,394391,0,1,63035,418536,1,,,,914,220,0,1,0,0,55,0,0
919,scan,915,1,20534928767692,,20534928896775,20534930665768,71.312,0.2674,-1.1752,-0.0469,4,1.0171,1017,220,0,220,1,1,907,20534528656055,20534927239843,398583,0,1,63035,416741,1,,,,915,220,0,1,0,0,55,0,0
920,scan,916,1,20534978594713,,20534978719054,20534980521301,71.362,0.2824,-1.1759,-0.0469,4,1.0259,1025,220,0,220,1,1,907,,,,1,1,63035,417301,1,,,,916,220,0,1,0,0,55,0,0
921,scan,917,1,20535028852541,,20535028987940,20535030663601,71.412,0.2898,-1.1762,-0.0469,4,1.0061,1006,220,1,220,3,1,908,20534578402481,20534989800803,411398,0,1,63035,417266,1,,,,917,220,1,1,0,0,55,0,0
922,scan,918,1,20535078709544,,20535078832783,20535080537002,71.462,0.3048,-1.1769,-0.0469,4,1.0051,1005,220,1,220,2,1,909,20534628555844,20535036744224,408188,0,1,63035,417824,1,,,,918,220,1,1,0,0,55,0,0
923,scan,919,1,20535128935969,,20535129087980,20535130528047,71.512,0.3123,-1.1773,-0.0468,4,1.0058,1005,220,0,220,2,1,909,,,,1,1,63035,418846,1,,,,919,220,0,1,0,0,55,0,0
924,scan,920,1,20535178641571,,20535178855387,20535180549396,71.562,0.3272,-1.1780,-0.0467,4,1.0053,1005,220,0,220,3,1,912,20534778429025,20535178752263,400323,0,1,63035,418041,1,,,,920,220,0,1,0,0,55,0,0
925,scan,921,1,20535229086759,,20535229222377,20535231378001,71.612,0.3347,-1.1783,-0.0467,4,0.9969,996,220,0,220,2,1,913,20534828910185,20535225371089,396460,0,1,63035,416084,1,,,,921,220,0,1,0,0,55,0,0
926,scan,922,1,20535278859748,,20535278982463,20535280588274,71.662,0.3496,-1.1790,-0.0468,4,1.0174,1017,220,0,220,2,1,913,,,,1,1,63035,414807,1,,,,922,220,0,1,0,0,55,0,0
927,scan,923,1,20535329067929,,20535329191203,20535331484336,71.712,0.3571,-1.1794,-0.0468,4,1.0114,1011,220,0,220,2,1,913,,,,1,1,63035,415597,1,,,,923,220,0,1,0,0,55,0,0
928,scan,924,1,20535379462527,,20535379575914,20535381612344,71.762,0.3720,-1.1801,-0.0468,4,0.9978,997,220,0,220,3,1,916,20534978637079,20535372453849,393816,0,1,63035,414607,1,,,,924,220,0,1,0,0,55,0,0
929,scan,925,1,20535429509037,,20535429635265,20535431530969,71.812,0.3795,-1.1804,-0.0467,4,1.0104,1010,220,0,220,3,1,916,,,,1,1,63035,413398,1,,,,925,220,0,1,0,0,55,0,0
930,scan,926,1,20535479764633,,20535479926093,20535481504461,71.862,0.3870,-1.1808,-0.0467,4,1.0051,1005,220,0,220,2,1,917,20535028900116,20535435973672,407073,0,1,63035,413571,1,,,,926,220,0,1,0,0,55,0,0
931,scan,927,1,20535529530194,,20535529668805,20535531526933,71.912,0.4019,-1.1815,-0.0468,4,1.0024,1002,220,0,220,3,1,918,20535078753647,20535510679884,431926,0,1,63035,414405,1,,,,927,220,0,1,0,0,55,0,0
932,scan,928,1,20535579605410,,20535579744819,20535581594200,71.962,0.4094,-1.1818,-0.0468,4,1.0141,1014,220,0,220,3,1,918,,,,1,1,63035,414405,1,,,,928,220,0,1,0,0,55,0,0
933,scan,929,1,20535629427073,,20535629544289,20535631586109,72.012,0.4243,-1.1825,-0.0468,4,0.9808,980,220,0,220,3,1,918,,,,1,1,63035,413455,1,,,,929,220,0,1,0,0,55,0,0
934,scan,930,1,20535679412967,,20535679533620,20535681494325,72.062,0.4318,-1.1828,-0.0468,4,1.0119,1011,220,0,220,3,1,918,,,,1,1,63035,413455,1,,,,930,220,0,1,0,0,55,0,0
935,scan,931,1,20535729216508,,20535729365615,20535731390869,72.112,0.4467,-1.1835,-0.0468,4,1.0029,1002,220,0,220,3,1,918,,,,1,1,63035,413455,1,,,,931,220,0,1,0,0,55,0,0
936,scan,932,1,20535780236803,,20535780370792,20535782406194,72.162,0.4542,-1.1839,-0.0468,4,1.0066,1006,220,0,220,3,1,918,,,,1,1,63035,411882,1,,,,932,220,0,1,0,0,55,0,0
937,scan,933,1,20535830353541,,20535830538046,20535832509619,72.212,0.4692,-1.1846,-0.0468,4,1.0017,1001,220,0,220,1,1,921,20535229134930,20535823839325,594704,0,1,63035,420588,1,,,,933,220,0,1,0,0,55,0,0
938,scan,934,1,20535880284035,,20535880451892,20535883557201,72.262,0.4766,-1.1849,-0.0468,4,0.9990,999,220,0,220,1,1,925,20535429553476,20535838230829,408677,0,1,63035,420348,1,,,,934,220,0,1,0,0,55,0,0
939,scan,935,1,20535929874911,,20535930033374,20535931614956,72.312,0.4916,-1.1856,-0.0468,4,0.9973,997,220,1,220,4,1,926,20535479821308,20535881137902,401316,0,1,63035,419818,1,,,,935,220,1,1,0,0,55,0,0
940,scan,936,1,20535980062973,,20535980197102,20535981534615,72.362,0.4990,-1.1860,-0.0468,4,0.9952,995,220,1,220,4,1,928,20535579649257,20535979541654,399892,0,1,63035,420035,1,,,,936,220,1,1,0,0,55,0,0
941,scan,937,1,20536029647039,,20536029769791,20536031464750,72.412,0.5140,-1.1867,-0.0467,4,0.9974,997,220,0,220,0,1,929,20535629467488,20536022981522,393514,0,1,63035,418829,1,,,,937,220,0,1,0,0,55,0,0
942,scan,938,1,20536079688021,,20536079817841,20536081570811,72.462,0.5215,-1.1870,-0.0467,4,1.0058,1005,220,0,220,0,1,929,,,,1,1,63035,418829,1,,,,938,220,0,1,0,0,55,0,0
943,scan,939,1,20536129826050,,20536129948386,20536131568849,72.512,0.5364,-1.1877,-0.0466,4,1.0128,1012,220,0,220,3,1,930,20535679454659,20536098994367,419539,0,1,63035,418860,1,,,,939,220,0,1,0,0,55,0,0
944,scan,940,1,20536179951918,,20536180115740,20536181516065,72.562,0.5439,-1.1881,-0.0466,4,1.0047,1004,220,0,220,3,1,930,,,,1,1,63035,418860,1,,,,940,220,0,1,0,0,55,0,0
945,scan,941,1,20536230304155,,20536230435249,20536232532200,72.612,0.5588,-1.1888,-0.0467,4,1.0051,1005,220,0,220,3,1,932,20535780287732,20536189839383,409551,0,1,63035,418472,1,,,,941,220,0,1,0,0,55,0,0
946,scan,942,1,20536279963282,,20536280142375,20536282441671,72.662,0.5663,-1.1891,-0.0467,4,0.9761,976,220,0,220,5,1,933,20535830410919,20536233822204,403411,0,1,63035,417870,1,,,,942,220,0,1,0,0,55,0,0
947,scan,943,1,20536329855811,,20536329988287,20536331689376,72.712,0.5738,-1.1895,-0.0467,4,0.9808,980,220,0,220,3,1,934,20535880342566,20536329462157,449119,0,1,63035,419072,1,,,,943,220,0,1,0,0,55,0,0
948,scan,944,1,20536379985035,,20536380192772,20536382361165,72.762,0.5887,-1.1902,-0.0466,4,0.9911,991,220,0,220,5,1,935,20535929927265,20536336630755,406703,0,1,63035,413776,1,,,,944,220,0,1,0,0,55,0,0
949,scan,945,1,20536429875621,,20536429999439,20536431541549,72.812,0.5962,-1.1905,-0.0467,4,0.9897,989,220,0,220,3,1,936,20535980114569,20536383915086,403800,0,1,63035,413818,1,,,,945,220,0,1,0,0,55,0,0
950,scan,946,1,20536479709010,,20536479854598,20536481470657,72.862,0.6111,-1.1912,-0.0467,4,0.9877,987,220,1,220,3,1,936,,,,1,1,63035,414521,1,,,,946,220,1,1,0,0,55,0,0
951,scan,947,1,20536530125873,,20536530247772,20536532511877,72.912,0.6186,-1.1916,-0.0467,4,0.9785,978,220,1,220,5,1,939,20536129869250,20536518936593,389067,0,1,63035,414532,1,,,,947,220,1,1,0,0,55,0,0
952,scan,948,1,20536580308374,,20536580432117,20536582530518,72.962,0.6335,-1.1923,-0.0466,4,0.9920,992,220,1,220,5,1,939,,,,1,1,63035,414532,1,,,,948,220,1,1,0,0,55,0,0
953,scan,949,1,20536630638611,,20536630792631,20536632523126,73.012,0.6410,-1.1926,-0.0466,4,0.9770,976,220,0,220,2,1,940,20536179994203,20536582718737,402724,0,1,63035,414562,1,,,,949,220,0,1,0,0,55,0,0
,wdog,,,,,,20536780700414,,,,,,,,,,,,,,,,,,,,,,,,,949,0,0,1,3,0,55,0,
