line,kind,seq,flag,t_scan_rx_ns,t_flag_rx_ns,t_uart_tx_ns,t_c_rx_ns,sim_time,x,y,yaw,wp_i,min_range,min_mm,local_v,local_w,edge_v,edge_w,edge_ok,edge_seq_used,t_send_ns,t_recv_ns,rtt_us,held,deadline_miss,rtt_min_us,rtt_win_us,rtt_degraded,t_det_rtt_ns,flag_seq,t_det_meta_ns,c_seq,v_out,w_out,mode,state,switch_us,n_sw,bad_lines,lost
1,settle,0,0,24911334097237,,24911334145440,24911336957501,28.364,0.0000,0.0000,0.0000,0,0.5755,575,0,0,0,0,0,,,,,,,,,,,,,0,0,0,0,0,0,86,0,0
2,scan,1,0,24911364698762,,24911364857155,24911366953861,28.864,0.0001,-0.0000,0.0000,0,0.5968,596,220,0,0,0,0,,,,,1,1,,,0,,,,1,0,0,0,0,0,86,0,0
3,scan,2,0,24911416277540,,24911416425826,24911417882545,28.914,0.0001,-0.0000,0.0000,0,0.5966,596,220,0,0,0,0,,,,,1,1,,,0,,,,2,0,0,0,0,0,86,0,0
4,scan,3,0,24911465676034,,24911465816579,24911468551347,28.964,0.0001,-0.0000,0.0000,0,0.6020,602,220,0,220,1,1,1,24911364772343,24911430138278,65365,0,1,65365,65365,0,,,,3,220,1,0,0,0,86,0,0
5,scan,4,0,24911515288111,,24911515421609,24911517725712,29.014,0.0001,-0.0000,0.0000,0,0.5898,589,220,0,220,1,1,2,24911416343588,24911480807216,64463,0,1,64463,64914,0,,,,4,220,1,0,0,0,86,0,0
6,scan,5,0,24911565324100,,24911565586658,24911567892431,29.064,0.0035,-0.0000,0.0000,0,0.5947,594,220,0,220,1,1,3,24911465730622,24911533342771,67612,0,1,64463,65813,0,,,,5,220,1,0,0,0,86,0,0
7,scan,6,0,24911615026764,,24911615167071,24911616858154,29.114,0.0070,-0.0000,-0.0000,0,0.5918,591,220,0,220,1,1,4,24911515335269,24911581937760,66602,0,1,64463,66010,0,,,,6,220,1,0,0,0,86,0,0
8,scan,7,0,24911664919154,,24911665055954,24911666839255,29.164,0.0116,-0.0000,-0.0000,0,0.5787,578,220,0,220,1,1,5,24911565408373,24911629953281,64544,0,1,64463,65717,0,,,,7,220,1,0,0,0,86,0,0
9,scan,8,0,24911715201119,,24911715348869,24911716904095,29.214,0.0243,-0.0000,-0.0000,0,0.5728,572,220,0,220,1,1,6,24911615075595,24911682148134,67072,0,1,64463,65943,0,,,,8,220,1,0,0,0,86,0,0
10,scan,9,0,24911765116520,,24911765249070,24911766900310,29.264,0.0318,-0.0000,0.0000,0,0.5610,560,220,0,220,1,1,7,24911664967736,24911732655861,67688,0,1,64463,66192,0,,,,9,220,1,0,0,0,86,0,0
11,scan,10,0,24911814953408,,24911815087428,24911816877807,29.314,0.0467,-0.0000,0.0001,0,0.5492,549,220,0,220,1,1,8,24911715248803,24911782196446,66947,0,1,64463,66287,0,,,,10,220,1,0,0,0,86,0,0
12,scan,11,0,24911864983592,,24911865112688,24911867058006,29.364,0.0542,-0.0000,0.0001,0,0.5366,536,220,0,220,1,1,9,24911765163131,24911832352979,67189,0,1,64463,66387,0,,,,11,220,1,0,0,0,86,0,0
13,scan,12,0,24911914851375,,24911914983426,24911916857255,29.414,0.0692,-0.0000,0.0002,0,0.5375,537,220,0,220,1,1,10,24911815002861,24911882098860,67095,0,1,64463,66458,0,,,,12,220,1,0,0,0,86,0,0
14,scan,13,0,24911965072971,,24911965236534,24911966869497,29.464,0.0766,0.0000,0.0002,0,0.5235,523,220,0,220,1,1,11,24911865028217,24911932518139,67489,0,1,64463,66551,0,,,,13,220,1,0,0,0,86,0,0
15,scan,14,0,24912015482401,,24912015617767,24912017881793,29.514,0.0916,0.0000,0.0003,0,0.5231,523,220,-1,220,1,1,12,24911914898568,24911981983752,67085,0,1,64463,66596,0,,,,14,220,1,0,0,0,86,0,0
16,scan,15,0,24912065673502,,24912065845489,24912067900677,29.564,0.0991,0.0000,0.0003,0,0.5134,513,220,-1,220,1,1,13,24911965123654,24912032967497,67843,0,1,64463,66692,0,,,,15,220,1,0,0,0,86,0,0
17,scan,16,0,24912115618384,,24912115744058,24912117885342,29.614,0.1140,0.0000,0.0004,0,0.5010,501,220,-1,220,1,1,14,24912015527482,24912083590671,68063,0,1,64463,66790,0,,,,16,220,1,0,0,0,86,0,0
18,scan,17,0,24912165498470,,24912165639889,24912167755303,29.664,0.1215,0.0000,0.0004,0,0.4894,489,220,-1,220,1,1,15,24912065735015,24912132121777,66386,0,1,64463,66763,0,,,,17,220,1,0,0,0,86,0,0
19,scan,18,0,24912215729038,,24912215901730,24912217827480,29.714,0.1365,0.0000,0.0005,0,0.4907,490,220,-1,220,1,1,16,24912115662900,24912181971609,66308,0,1,64463,66734,0,,,,18,220,1,0,0,0,86,0,0
20,scan,19,0,24912265764715,,24912265907886,24912267835891,29.764,0.1440,0.0000,0.0005,0,0.4793,479,220,-1,220,1,1,17,24912165551130,24912233275644,67724,0,1,64463,66793,0,,,,19,220,1,0,0,0,86,0,0
21,scan,20,0,24912315733421,,24912315859018,24912317833007,29.814,0.1589,0.0000,0.0006,0,0.4538,453,220,-1,220,1,1,18,24912215787156,24912283392204,67605,0,1,64463,66838,0,,,,20,220,1,0,0,0,86,0,0
22,scan,21,0,24912366175819,,24912366351495,24912367836084,29.864,0.1664,0.0000,0.0006,0,0.4589,458,220,-1,220,-1,1,19,24912265814440,24912334086110,68271,0,1,64463,66913,0,,,,21,220,-1,0,0,0,86,0,0
23,scan,22,0,24912416678122,,24912416944713,24912418901082,29.914,0.1814,0.0000,0.0007,0,0.4617,461,220,-1,220,-1,1,20,24912315774770,24912383583281,67808,0,1,64463,66958,0,,,,22,220,-1,0,0,0,86,0,0
24,scan,23,0,24912466000673,,24912466150289,24912467927722,29.964,0.1889,0.0001,0.0007,0,0.4366,436,220,-1,220,-1,1,21,24912366239184,24912434101921,67862,0,1,64463,67001,0,,,,23,220,-1,0,0,0,86,0,0
25,scan,24,0,24912516481329,,24912516620934,24912518972048,30.014,0.1963,0.0001,0.0006,0,0.4378,437,220,-1,220,-1,1,22,24912416762184,24912484353107,67590,0,1,64463,67028,0,,,,24,220,-1,0,0,0,86,0,0
26,scan,25,0,24912566813437,,24912566950583,24912568930155,30.064,0.2113,0.0001,0.0005,0,0.4373,437,220,-1,220,-1,1,23,24912466055505,24912533550706,67495,0,1,64463,67048,0,,,,25,220,-1,0,0,0,86,0,0
27,scan,26,0,24912616987072,,24912617128499,24912618882756,30.114,0.2188,0.0001,0.0005,0,0.4195,419,220,-1,220,-1,1,24,24912516528944,24912584595012,68066,0,1,64463,67090,0,,,,26,220,-1,0,0,0,86,0,0
28,scan,27,0,24912666736601,,24912666887014,24912668856990,30.164,0.2338,0.0001,0.0004,0,0.4195,419,220,-1,220,1,1,25,24912566863805,24912631711012,64847,0,1,64463,67001,0,,,,27,220,1,0,0,0,86,0,0
29,scan,28,0,24912716515164,,24912716646629,24912718758666,30.214,0.2412,0.0001,0.0004,0,0.3953,395,220,-1,220,1,1,26,24912617036320,24912684190351,67154,0,1,64463,67007,0,,,,28,220,1,0,1,0,86,0,0
30,scan,29,0,24912766764270,,24912766918968,24912768840664,30.264,0.2562,0.0001,0.0004,0,0.3977,397,220,-1,220,1,1,27,24912666785782,24912734386003,67600,0,1,64463,67029,0,,,,29,220,1,0,1,0,86,0,0
31,scan,30,0,24912817058835,,24912817229629,24912819776128,30.314,0.2637,0.0001,0.0004,0,0.4015,401,220,-1,220,1,1,28,24912716562728,24912784309377,67746,0,1,64463,67054,0,,,,30,220,1,0,0,0,86,0,0
32,scan,31,0,24912866565301,,24912866712816,24912868740228,30.364,0.2786,0.0001,0.0006,0,0.3961,396,220,-1,220,1,1,29,24912766819151,24912833550314,66731,0,1,64463,67043,0,,,,31,220,1,0,1,0,86,0,0
33,scan,32,0,24912916376471,,24912916530218,24912918687302,30.414,0.2861,0.0001,0.0006,0,0.3773,377,220,-1,220,1,1,30,24912817123900,24912884583805,67459,0,1,64463,67057,0,,,,32,220,1,0,1,0,86,0,0
34,scan,33,0,24912966326545,,24912966482600,24912968934162,30.464,0.3010,0.0001,0.0006,0,0.3904,390,220,-1,220,-1,1,31,24912866617316,24912934038207,67420,0,1,64463,67069,0,,,,33,220,-1,0,1,0,86,0,0
35,scan,34,0,24913016323992,,24913016466255,24913018709794,30.514,0.3085,0.0001,0.0006,0,0.3784,378,220,-2,220,-1,1,32,24912916429620,24912984675142,68245,0,1,64463,67105,0,,,,34,220,-1,0,1,0,86,0,0
36,scan,35,0,24913066611397,,24913066754909,24913069055223,30.564,0.3235,0.0001,0.0007,0,0.3663,366,220,-2,220,-1,1,33,24912966374431,24913033902241,67527,0,1,64463,67118,0,,,,35,220,-1,0,1,0,86,0,0
37,scan,36,0,24913116407656,,24913116549984,24913118786518,30.614,0.3310,0.0001,0.0006,0,0.3700,370,220,-1,220,-1,1,34,24913016372397,24913084095683,67723,0,1,64463,67136,0,,,,36,220,-1,0,1,0,86,0,0
38,scan,37,0,24913166483393,,24913166612603,24913168740344,30.664,0.3459,0.0001,0.0005,0,0.3728,372,220,-1,220,-1,1,35,24913066659826,24913134104027,67444,0,1,64463,67145,0,,,,37,220,-1,0,1,0,86,0,0
39,scan,38,0,24913216607341,,24913216777298,24913218892372,30.714,0.3534,0.0001,0.0004,0,0.3678,367,220,-1,220,-1,1,36,24913116466052,24913183655064,67189,0,1,64463,67146,0,,,,38,220,-1,0,1,0,86,0,0
40,scan,39,0,24913267030385,,24913267251987,24913268819009,30.764,0.3684,0.0001,0.0004,0,0.3726,372,220,-1,220,1,1,37,24913166527140,24913233776587,67249,0,1,64463,67149,0,,,,39,220,1,0,1,0,86,0,0
41,scan,40,0,24913316981386,,24913317148395,24913319212991,30.814,0.3758,0.0001,0.0004,0,0.3732,373,220,-1,220,1,1,38,24913216673722,24913284311138,67637,0,1,64463,67162,0,,,,40,220,1,0,1,0,86,0,0
42,scan,41,0,24913366970219,,24913367175227,24913369157845,30.864,0.3833,0.0001,0.0003,0,0.3590,359,220,-1,220,1,1,39,24913267101916,24913333395654,66293,0,1,64463,67139,0,,,,41,220,1,0,1,0,86,0,0
43,scan,42,0,24913417042532,,24913417180539,24913419033281,30.914,0.3983,0.0002,0.0004,0,0.3587,358,220,-1,220,1,1,40,24913317033162,24913383511167,66478,0,1,64463,67123,0,,,,42,220,1,0,1,0,86,0,0
44,scan,43,0,24913467062722,,24913467271162,24913468952278,30.964,0.4058,0.0002,0.0005,0,0.3774,377,220,-1,220,1,1,41,24913367045585,24913431689639,64644,0,1,64463,67105,0,,,,43,220,1,0,1,0,86,0,0
45,scan,44,0,24913516997180,,24913517136152,24913518842910,31.014,0.4207,0.0002,0.0006,0,0.3744,374,220,-2,220,1,1,42,24913417091094,24913484706920,67615,0,1,64463,67184,0,,,,44,220,1,0,1,0,86,0,0
46,scan,45,0,24913567099582,,24913567268993,24913568803361,31.064,0.4282,0.0002,0.0006,0,0.3883,388,220,-2,220,-1,1,43,24913467137220,24913533936872,66799,0,1,64463,67163,0,,,,45,220,-1,0,1,0,86,0,0
47,scan,46,0,24913617286198,,24913617427952,24913618827881,31.114,0.4432,0.0002,0.0006,0,0.4210,420,220,-2,220,0,1,44,24913517045408,24913584444827,67399,0,1,64463,67183,0,,,,46,220,0,0,0,0,86,0,0
48,scan,47,0,24913667440087,,24913667599602,24913669753110,31.164,0.4507,0.0002,0.0006,0,0.6433,643,220,-2,220,0,1,45,24913567168280,24913634472094,67303,0,1,64463,67252,0,,,,47,220,0,0,0,0,86,0,0
49,scan,48,0,24913717801761,,24913717946089,24913719935336,31.214,0.4656,0.0002,0.0005,0,1.4948,1494,220,-2,220,0,1,46,24913617335557,24913684998760,67663,0,1,64463,67267,0,,,,48,220,0,0,0,0,86,0,0
50,scan,49,0,24913767982411,,24913768180217,24913770011020,31.264,0.4731,0.0002,0.0005,0,1.4815,1481,220,-2,220,0,1,47,24913667489485,24913734334126,66844,0,1,64463,67246,0,,,,49,220,0,0,0,0,86,0,0
51,scan,50,0,24913817571536,,24913817707959,24913819738138,31.314,0.4881,0.0002,0.0006,0,1.4789,1478,220,-2,220,0,1,48,24913717851688,24913785527002,67675,0,1,64463,67264,0,,,,50,220,0,0,0,0,86,0,0
52,scan,51,0,24913867743043,,24913867905615,24913869835500,31.364,0.4955,0.0002,0.0006,0,1.4651,1465,220,-2,220,0,1,49,24913768079209,24913835674207,67594,0,1,64463,67274,0,,,,51,220,0,0,0,0,86,0,0
53,scan,52,0,24913917479619,,24913917649164,24913919761252,31.414,0.5105,0.0002,0.0006,0,1.4561,1456,220,-2,220,0,1,50,24913817618703,24913884877660,67258,0,1,64463,67278,0,,,,52,220,0,0,0,0,86,0,0
54,scan,53,0,24913967532176,,24913967690310,24913969783518,31.464,0.5180,0.0002,0.0005,0,1.4405,1440,220,-2,220,0,1,51,24913867792038,24913935029505,67237,0,1,64463,67272,0,,,,53,220,0,0,0,0,86,0,0
55,scan,54,0,24914017362340,,24914017514790,24914019794676,31.514,0.5329,0.0002,0.0006,0,1.4308,1430,220,-2,220,0,1,52,24913917558479,24913985139498,67581,0,1,64463,67284,0,,,,54,220,0,0,0,0,86,0,0
56,scan,55,0,24914067916541,,24914068113785,24914070022879,31.564,0.5404,0.0002,0.0006,0,1.4199,1419,220,-2,220,0,1,53,24913967581275,24914035347781,67766,0,1,64463,67282,0,,,,55,220,0,0,0,0,86,0,0
57,scan,56,0,24914117628930,,24914117777418,24914119774770,31.614,0.5554,0.0002,0.0006,0,1.4110,1411,220,-2,220,0,1,54,24914017419199,24914084960114,67540,0,1,64463,67269,0,,,,56,220,0,0,0,0,86,0,0
58,scan,57,0,24914167780403,,24914167914800,24914169849736,31.664,0.5628,0.0002,0.0006,0,1.3962,1396,220,-2,220,0,1,55,24914067965631,24914135522120,67556,0,1,64463,67299,0,,,,57,220,0,0,0,0,86,0,0
59,scan,58,0,24914217734108,,24914217870183,24914219861465,31.714,0.5703,0.0003,0.0006,0,1.3938,1393,220,-2,220,0,1,56,24914117676754,24914185625755,67949,0,1,64463,67340,0,,,,58,220,0,0,0,0,86,0,0
60,scan,59,0,24914267881066,,24914268113217,24914269889726,31.764,0.5853,0.0003,0.0006,0,1.3844,1384,220,-2,220,0,1,57,24914167827950,24914235262596,67434,0,1,64463,67332,0,,,,59,220,0,0,0,0,86,0,0
61,scan,60,0,24914317977207,,24914318146450,24914320096010,31.814,0.5928,0.0003,0.0006,0,1.3728,1372,220,-2,220,0,1,58,24914217779766,24914285207433,67427,0,1,64463,67328,0,,,,60,220,0,0,0,0,86,0,0
62,scan,61,0,24914367872073,,24914368097924,24914369798087,31.864,0.6077,0.0003,0.0006,0,1.3613,1361,220,-2,220,0,1,59,24914267943501,24914335365285,67421,0,1,64463,67307,0,,,,61,220,0,0,0,0,86,0,0
63,scan,62,0,24914417736535,,24914417869321,24914419847440,31.914,0.6152,0.0003,0.0006,0,1.3413,1341,220,-2,220,0,1,60,24914318035757,24914385811873,67776,0,1,64463,67306,0,,,,62,220,0,0,0,0,86,0,0
64,scan,63,0,24914468216738,,24914468353021,24914470798274,31.964,0.6302,0.0003,0.0006,0,1.3380,1337,220,-2,220,0,1,61,24914367927571,24914432762532,64834,0,1,64463,67230,0,,,,63,220,0,0,0,0,86,0,0
65,scan,64,0,24914518022721,,24914518201079,24914519826583,32.014,0.6377,0.0003,0.0006,0,1.3169,1316,220,-2,220,0,1,62,24914417784315,24914485357213,67572,0,1,64463,67230,0,,,,64,220,0,0,0,0,86,0,0
66,scan,65,0,24914568183866,,24914568358672,24914569803261,32.064,0.6526,0.0003,0.0006,0,1.3182,1318,220,-2,220,0,1,63,24914468263668,24914536087293,67823,0,1,64463,67238,0,,,,65,220,0,0,0,0,86,0,0
67,scan,66,0,24914618230435,,24914618385706,24914619994568,32.114,0.6601,0.0003,0.0006,0,1.3060,1306,220,-2,220,0,1,64,24914518078888,24914582745228,64666,0,1,64463,67153,0,,,,66,220,0,0,0,0,86,0,0
68,scan,67,0,24914667763798,,24914667918769,24914669885396,32.164,0.6750,0.0003,0.0006,0,1.2877,1287,220,-2,220,0,1,65,24914568241318,24914633599092,65357,0,1,64463,67166,0,,,,67,220,0,0,0,0,86,0,0
69,scan,68,0,24914717753576,,24914717886070,24914719808132,32.214,0.6825,0.0003,0.0006,0,1.2805,1280,220,-2,220,0,1,66,24914618291363,24914682123716,63832,0,1,63832,67083,0,,,,68,220,0,0,0,0,86,0,0
70,scan,69,0,24914768205668,,24914768434420,24914770020577,32.264,0.6975,0.0003,0.0006,0,1.2702,1270,220,-2,220,0,1,67,24914667815195,24914731687196,63872,0,1,63832,66989,0,,,,69,220,0,0,0,0,86,0,0
71,scan,70,0,24914818147417,,24914818289301,24914820773428,32.314,0.7050,0.0003,0.0006,0,1.2496,1249,220,-2,220,0,1,68,24914717798719,24914781612654,63813,0,1,63813,66891,0,,,,70,220,0,0,0,0,86,0,0
72,scan,71,0,24914868509709,,24914868633231,24914870762474,32.364,0.7199,0.0003,0.0006,0,1.2508,1250,220,-3,220,0,1,69,24914768338625,24914832607754,64269,0,1,63813,66830,0,,,,71,220,0,0,0,0,86,0,0
73,scan,72,0,24914918647738,,24914918828375,24914920840799,32.414,0.7274,0.0003,0.0006,0,1.2251,1225,220,-3,220,0,1,70,24914818196478,24914882905551,64709,0,1,63813,66761,0,,,,72,220,0,0,0,0,86,0,0
74,scan,73,0,24914968477698,,24914968665367,24914970851187,32.464,0.7424,0.0003,0.0006,0,1.2239,1223,220,-3,220,0,1,71,24914868550417,24914935004239,66453,0,1,63813,66737,0,,,,73,220,0,0,0,0,86,0,0
75,scan,74,0,24915019119865,,24915019265734,24915020847913,32.514,0.7499,0.0003,0.0006,0,1.2108,1210,220,-3,220,0,1,72,24914918708858,24914986145822,67436,0,1,63813,66716,0,,,,74,220,0,0,0,0,86,0,0
76,scan,75,0,24915069055288,,24915069189086,24915070835036,32.564,0.7573,0.0004,0.0006,0,1.2082,1208,220,-3,220,0,1,73,24914968528074,24915036155781,67627,0,1,63813,66719,0,,,,75,220,0,0,0,0,86,0,0
77,scan,76,0,24915118764303,,24915118892426,24915120886383,32.614,0.7723,0.0004,0.0006,0,1.1860,1185,220,-3,220,0,1,74,24915019171366,24915085985886,66814,0,1,63813,66696,0,,,,76,220,0,0,0,0,86,0,0
78,scan,77,0,24915168854923,,24915168982577,24915170836499,32.664,0.7798,0.0004,0.0006,0,1.1747,1174,220,-3,220,0,1,75,24915069103006,24915133407215,64304,0,1,63813,66618,0,,,,77,220,0,0,0,0,86,0,0
79,scan,78,0,24915219514038,,24915219657544,24915221876470,32.714,0.7947,0.0004,0.0006,0,1.1668,1166,220,-3,220,0,1,76,24915118807810,24915185849840,67042,0,1,63813,66614,0,,,,78,220,0,0,0,0,86,0,0
80,scan,79,0,24915269279295,,24915269434411,24915271776933,32.764,0.8022,0.0004,0.0006,0,1.1548,1154,220,-3,220,0,1,77,24915168898398,24915235237790,66339,0,1,63813,66591,0,,,,79,220,0,0,0,0,86,0,0
81,scan,80,0,24915318988430,,24915319131508,24915320845067,32.814,0.8172,0.0004,0.0006,0,1.1535,1153,220,-3,220,0,1,78,24915219562812,24915286816278,67253,0,1,63813,66582,0,,,,80,220,0,0,0,0,86,0,0
82,scan,81,0,24915369272940,,24915369404505,24915370815186,32.864,0.8246,0.0004,0.0006,0,1.1308,1130,220,-3,220,0,1,79,24915269332232,24915336717393,67385,0,1,63813,66609,0,,,,81,220,0,0,0,0,86,0,0
83,scan,82,0,24915418862615,,24915418996541,24915420820952,32.914,0.8396,0.0004,0.0006,0,1.1297,1129,220,-3,220,0,1,80,24915319030084,24915385845549,66815,0,1,63813,66617,0,,,,82,220,0,0,0,0,86,0,0
84,scan,83,0,24915469195459,,24915469358115,24915470818431,32.964,0.8471,0.0004,0.0006,0,1.1164,1116,220,-3,220,0,1,81,24915369322421,24915433011785,63689,0,1,63689,66594,0,,,,83,220,0,0,0,0,86,0,0
85,scan,84,0,24915518637695,,24915518760919,24915520807219,33.014,0.8621,0.0004,0.0006,0,1.0926,1092,220,-4,220,0,1,82,24915418907899,24915485886836,66978,0,1,63689,66578,0,,,,84,220,0,0,0,0,86,0,0
86,scan,85,0,24915568764725,,24915568901106,24915570897824,33.064,0.8695,0.0004,0.0006,0,1.0880,1087,220,-4,220,0,1,83,24915469244163,24915533690480,64446,0,1,63689,66519,0,,,,85,220,0,0,0,0,86,0,0
87,scan,86,0,24915619157143,,24915619331294,24915620916640,33.114,0.8845,0.0004,0.0006,0,1.0791,1079,220,-4,220,0,1,84,24915518681565,24915583420306,64738,0,1,63689,66452,0,,,,86,220,0,0,0,0,86,0,0
88,scan,87,0,24915669008804,,24915669141273,24915670819765,33.164,0.8920,0.0004,0.0006,0,1.0611,1061,220,-4,220,0,1,85,24915568812513,24915633266743,64454,0,1,63689,66381,0,,,,87,220,0,0,0,0,86,0,0
89,scan,88,0,24915718755627,,24915718882610,24915720878695,33.214,0.9069,0.0004,0.0006,0,1.0554,1055,220,-4,220,0,1,86,24915619201980,24915683516552,64314,0,1,63689,66297,0,,,,88,220,0,0,0,0,86,0,0
90,scan,89,0,24915770078590,,24915770212139,24915771912387,33.264,0.9144,0.0004,0.0006,0,1.0522,1052,220,-4,220,0,1,87,24915669054857,24915733446092,64391,0,1,63689,66236,0,,,,89,220,0,0,0,0,86,0,0
91,scan,90,0,24915819937066,,24915820207614,24915822026720,33.314,0.9294,0.0004,0.0006,0,1.0370,1037,220,-4,220,0,1,88,24915718796661,24915783203473,64406,0,1,63689,66154,0,,,,90,220,0,0,0,0,86,0,0
92,scan,91,0,24915869589789,,24915869738051,24915871840145,33.364,0.9369,0.0005,0.0006,0,1.0299,1029,220,-5,220,0,1,89,24915770125389,24915834641153,64515,0,1,63689,66077,0,,,,91,220,0,0,0,0,86,0,0
93,scan,92,0,24915919514018,,24915919665347,24915921828536,33.414,0.9443,0.0005,0.0006,0,1.0155,1015,220,-5,220,0,1,90,24915820055538,24915888055892,68000,0,1,63689,66096,0,,,,92,220,0,0,0,0,86,0,0
94,scan,93,0,24915969715433,,24915969861926,24915971826140,33.464,0.9593,0.0005,0.0006,0,1.0096,1009,220,-5,220,0,1,91,24915869634006,24915936961197,67327,0,1,63689,66098,0,,,,93,220,0,0,0,0,86,0,0
95,scan,94,0,24916019725158,,24916019863238,24916022030184,33.514,0.9668,0.0005,0.0006,0,0.9924,992,220,-5,220,0,1,92,24915919559032,24915987210943,67651,0,1,63689,66100,0,,,,94,220,0,0,0,0,86,0,0
96,scan,95,0,24916069513864,,24916069634376,24916071736603,33.564,0.9817,0.0005,0.0006,0,0.9837,983,220,-5,220,0,1,93,24915969760176,24916037320541,67560,0,1,63689,66095,0,,,,95,220,0,0,0,0,86,0,0
97,scan,96,0,24916119612674,,24916119786457,24916121988481,33.614,0.9892,0.0005,0.0006,0,0.9678,967,220,-6,220,0,1,94,24916019772908,24916087292270,67519,0,1,63689,66094,0,,,,96,220,0,0,0,0,86,0,0
98,scan,97,0,24916169760889,,24916169884211,24916171979479,33.664,1.0042,0.0005,0.0006,0,0.9653,965,220,-6,220,0,1,95,24916069555782,24916137318572,67762,0,1,63689,66099,0,,,,97,220,0,0,0,0,86,0,0
99,scan,98,0,24916219925267,,24916220081848,24916222014069,33.714,1.0117,0.0005,0.0006,0,0.9417,941,220,-6,220,0,1,96,24916119673488,24916185980287,66306,0,1,63689,66058,0,,,,98,220,0,0,0,0,86,0,0
100,scan,99,0,24916269666758,,24916269794872,24916271873316,33.764,1.0266,0.0005,0.0006,0,0.9267,926,220,-7,220,0,1,97,24916169801704,24916237339977,67538,0,1,63689,66061,0,,,,99,220,0,0,0,0,86,0,0
101,scan,100,0,24916319924942,,24916320089559,24916321882200,33.814,1.0341,0.0005,0.0006,0,0.9280,928,220,-7,220,0,1,98,24916219969888,24916287923446,67953,0,1,63689,66074,0,,,,100,220,0,0,0,0,86,0,0
102,scan,101,0,24916369943819,,24916370068759,24916371834160,33.864,1.0491,0.0005,0.0006,0,0.9198,919,220,-8,220,-11,1,99,24916269711182,24916336982386,67271,0,1,63689,66070,0,,,,101,220,-11,0,0,0,86,0,0
103,scan,102,0,24916420091005,,24916420226915,24916421868315,33.914,1.0565,0.0005,0.0006,1,0.9043,904,0,1000,220,-12,1,100,24916319970282,24916385441114,65470,0,1,63689,66013,0,,,,102,220,-12,0,0,0,86,0,0
104,scan,103,0,24916470068107,,24916470217941,24916471919745,33.964,1.0715,0.0005,0.0001,1,0.8946,894,0,1000,220,-13,1,101,24916369986248,24916434454523,64468,0,1,63689,66003,0,,,,103,220,-13,0,0,0,86,0,0
105,scan,104,0,24916520166722,,24916520311102,24916521860748,34.014,1.0790,0.0005,-0.0005,1,0.8755,875,0,1000,0,999,1,102,24916420139842,24916487754239,67614,0,1,63689,66004,0,,,,104,0,999,0,0,0,86,0,0
106,scan,105,0,24916570157784,,24916570303009,24916571908285,34.064,1.0928,0.0005,-0.0015,1,0.8539,853,0,1000,0,999,1,103,24916470126379,24916537762868,67636,0,1,63689,66000,0,,,,105,0,999,0,0,0,86,0,0
107,scan,106,0,24916620370482,,24916620523083,24916622725910,34.114,1.0980,0.0005,-0.0015,1,0.8600,859,0,1000,0,999,1,104,24916520227729,24916587729683,67501,0,1,63689,66071,0,,,,106,0,999,0,0,0,86,0,0
108,scan,107,0,24916670190188,,24916670313815,24916671960215,34.164,1.1048,0.0005,-0.0007,1,0.8658,865,0,1000,0,999,1,105,24916570208416,24916637848232,67639,0,1,63689,66128,0,,,,107,0,999,0,0,0,86,0,0
109,scan,108,0,24916720107281,,24916720245018,24916721879149,34.214,1.1070,0.0005,0.0007,1,0.8505,850,0,1000,0,999,1,106,24916620423349,24916688187416,67764,0,1,63689,66226,0,,,,108,0,999,0,0,0,86,0,0
110,scan,109,0,24916770535683,,24916770769751,24916772955002,34.264,1.1087,0.0005,0.0077,1,0.8472,847,0,1000,0,999,1,107,24916670228572,24916737591145,67362,0,1,63689,66313,0,,,,109,0,999,0,0,0,86,0,0
111,scan,110,0,24916820190391,,24916820313560,24916821913632,34.314,1.1102,0.0005,0.0550,1,0.8459,845,0,1000,0,999,1,108,24916720152474,24916787634489,67482,0,1,63689,66405,0,,,,110,0,999,0,0,0,86,0,0
112,scan,111,0,24916870628439,,24916870780269,24916874432678,34.364,1.1102,0.0005,0.0940,1,0.8407,840,0,1000,0,999,1,109,24916770602374,24916838379938,67777,0,1,63689,66493,0,,,,111,0,999,0,0,0,86,0,0
113,scan,112,0,24916920385693,,24916920542321,24916922846024,34.414,1.1100,0.0005,0.1751,1,0.8472,847,0,1000,0,999,1,110,24916820232491,24916887508619,67276,0,1,63689,66557,0,,,,112,0,999,0,0,0,86,0,0
114,scan,113,0,24916970287406,,24916970418503,24916971918148,34.464,1.1100,0.0005,0.2072,1,0.8578,857,0,1000,0,999,1,111,24916870683242,24916937753009,67069,0,1,63689,66572,0,,,,113,0,999,0,0,0,86,0,0
115,scan,114,0,24917020242429,,24917020366213,24917021881289,34.514,1.1099,0.0004,0.2652,1,0.8518,851,0,1000,0,999,1,112,24916920447993,24916985087067,64639,0,1,63689,66502,0,,,,114,0,999,0,0,0,86,0,0
116,scan,115,0,24917070316649,,24917070463499,24917071898518,34.564,1.1098,0.0004,0.2993,1,0.8588,858,0,1000,0,999,1,113,24916970332130,24917034734395,64402,0,1,63689,66422,0,,,,115,0,999,0,0,0,86,0,0
117,scan,116,0,24917120731576,,24917120863689,24917122955459,34.614,1.1097,0.0004,0.3738,1,0.8597,859,0,1000,0,999,1,114,24917020284808,24917087636888,67352,0,1,63689,66435,0,,,,116,0,999,0,0,0,86,0,0
118,scan,117,0,24917170940615,,24917171091187,24917172840607,34.664,1.1096,0.0004,0.4084,1,0.8475,847,0,1000,0,999,1,115,24917070363616,24917138028902,67665,0,1,63689,66519,0,,,,117,0,999,0,0,0,86,0,0
119,scan,118,0,24917220917428,,24917221053179,24917222864128,34.714,1.1095,0.0003,0.4721,1,0.8510,851,0,1000,0,999,1,116,24917120775568,24917188506055,67730,0,1,63689,66536,0,,,,118,0,999,0,0,0,86,0,0
120,scan,119,0,24917270833839,,24917271070007,24917272954425,34.764,1.1095,0.0003,0.5051,1,0.8559,855,0,1000,0,999,1,117,24917171005951,24917238129101,67123,0,1,63689,66556,0,,,,119,0,999,0,0,0,86,0,0
121,scan,120,0,24917320436988,,24917320555899,24917322727354,34.814,1.1094,0.0002,0.5754,1,0.8495,849,0,1000,0,999,1,118,24917220962940,24917288314374,67351,0,1,63689,66558,0,,,,120,0,999,0,0,0,86,0,0
122,scan,121,0,24917370836284,,24917370960141,24917373006452,34.864,1.1094,0.0002,0.6103,1,0.8450,845,0,1000,0,999,1,119,24917270893339,24917338374055,67480,0,1,63689,66561,0,,,,121,0,999,0,0,0,86,0,0
123,scan,122,0,24917420790390,,24917420920031,24917422951087,34.914,1.1093,0.0001,0.6769,1,0.8528,852,0,1000,0,999,1,120,24917320476343,24917388125382,67649,0,1,63689,66582,0,,,,122,0,999,0,0,0,86,0,0
124,scan,123,0,24917471021540,,24917471177846,24917472936311,34.964,1.1092,0.0001,0.7100,1,0.8515,851,0,1000,0,999,1,121,24917370880001,24917435095772,64215,0,1,63689,66595,0,,,,123,0,999,0,0,0,86,0,0
125,scan,124,0,24917520915650,,24917521080180,24917522836136,35.014,1.1092,-0.0000,0.7784,1,0.8443,844,0,1000,0,999,1,122,24917420831345,24917484522761,63691,0,1,63689,66513,0,,,,124,0,999,0,0,0,86,0,0
126,scan,125,0,24917570847876,,24917570973172,24917572911087,35.064,1.1091,-0.0001,0.8130,1,0.8338,833,0,1000,0,999,1,123,24917471083581,24917537467464,66383,0,1,63689,66561,0,,,,125,0,999,0,0,0,86,0,0
127,scan,126,0,24917621530317,,24917621692645,24917624085996,35.114,1.1091,-0.0001,0.8471,1,0.8566,856,0,1000,0,999,1,124,24917520962449,24917588074678,67112,0,1,63689,66620,0,,,,126,0,999,0,0,0,86,0,0
128,scan,127,0,24917671307799,,24917671450102,24917673920076,35.164,1.1090,-0.0002,0.9143,1,0.8647,864,0,1000,0,999,1,125,24917570890237,24917638229434,67339,0,1,63689,66693,0,,,,127,0,999,0,0,0,86,0,0
129,scan,128,0,24917721158731,,24917721300397,24917722781928,35.214,1.1090,-0.0003,0.9481,1,0.8724,872,0,1000,0,999,1,126,24917621593258,24917686241288,64648,0,1,63689,66701,0,,,,128,0,999,0,0,0,86,0,0
130,scan,129,0,24917771151338,,24917771291480,24917772905672,35.264,1.1089,-0.0004,1.0164,1,0.6094,609,0,957,0,999,1,127,24917671348960,24917737892938,66543,0,1,63689,66755,0,,,,129,0,999,0,0,0,86,0,0
131,scan,130,0,24917821134987,,24917821267588,24917822904298,35.314,1.1089,-0.0004,1.0505,1,0.5801,580,0,889,0,999,1,128,24917721207861,24917788615965,67408,0,1,63689,66830,0,,,,130,0,999,0,0,0,86,0,0
132,scan,131,0,24917871429688,,24917871644689,24917873965885,35.364,1.1089,-0.0005,1.1182,1,0.5546,554,220,754,0,969,1,129,24917771198719,24917838205444,67006,0,1,63689,66892,0,,,,131,0,969,0,0,0,86,0,0
133,scan,132,0,24917921379214,,24917921512764,24917923699150,35.414,1.1088,-0.0006,1.1520,1,0.5588,558,220,686,0,895,1,130,24917821180847,24917887800935,66620,0,1,63689,66858,0,,,,132,0,895,0,0,0,86,0,0
134,scan,133,0,24917971739906,,24917971872208,24917973883833,35.464,1.1088,-0.0007,1.2182,1,0.5590,558,220,554,220,751,1,131,24917871501955,24917937965821,66463,0,1,63689,66836,0,,,,133,220,751,0,0,0,86,0,0
135,scan,134,0,24918021591522,,24918021771364,24918023868991,35.514,1.1088,-0.0008,1.2484,1,0.5440,543,220,493,220,675,1,132,24917921425634,24917988986783,67561,0,1,63689,66834,0,,,,134,220,675,0,0,0,86,0,0
136,scan,135,0,24918071611490,,24918071790998,24918073880581,35.564,1.1097,0.0025,1.3107,1,0.5443,544,220,370,220,539,1,133,24917971784858,24918039104879,67320,0,1,63689,66828,0,,,,135,220,539,0,0,0,86,0,0
137,scan,136,0,24918121860870,,24918122016586,24918123819601,35.614,1.1106,0.0058,1.3478,1,0.5348,534,220,296,220,479,1,134,24918021686801,24918089093290,67406,0,1,63689,66825,0,,,,136,220,479,0,0,0,86,0,0
138,scan,137,0,24918171949345,,24918172097935,24918173814567,35.664,1.1124,0.0158,1.4237,1,0.5304,530,220,146,220,355,1,135,24918071708227,24918138235590,66527,0,1,63689,66794,0,,,,137,220,355,0,0,0,86,0,0
139,scan,138,0,24918222276230,,24918222433462,24918223926516,35.714,1.1133,0.0222,1.4568,1,0.5265,526,220,81,220,284,1,136,24918121908470,24918189545092,67636,0,1,63689,66827,0,,,,138,220,284,0,0,0,86,0,0
140,scan,139,0,24918271611218,,24918271733285,24918273904068,35.764,1.1146,0.0362,1.4956,1,0.5092,509,220,4,220,138,1,137,24918171988909,24918239858445,67869,0,1,63689,66836,0,,,,139,220,138,0,0,0,86,0,0
141,scan,140,0,24918321668861,,24918321802521,24918323872303,35.814,1.1151,0.0436,1.4982,1,0.5107,510,220,-1,220,76,1,138,24918222324553,24918288620011,66295,0,1,63689,66794,0,,,,140,220,76,0,0,0,86,0,0
142,scan,141,0,24918372451799,,24918372667285,24918374767759,35.864,1.1162,0.0585,1.4953,1,0.4923,492,220,4,220,4,1,139,24918271650389,24918338034234,66383,0,1,63689,66772,0,,,,141,220,4,0,0,0,86,0,0
143,scan,142,0,24918421725506,,24918421860549,24918423880411,35.914,1.1168,0.0660,1.4984,1,0.4955,495,220,-2,220,0,1,140,24918321714256,24918389214087,67499,0,1,63689,66823,0,,,,142,220,0,0,0,0,86,0,0
144,scan,143,0,24918471979827,,24918472300550,24918473839959,35.964,1.1173,0.0734,1.5036,1,0.4830,483,220,-12,220,5,1,141,24918372515292,24918436988468,64473,0,1,63689,66823,0,,,,143,220,5,0,0,0,86,0,0
145,scan,144,0,24918522058496,,24918522186990,24918523956804,36.014,1.1183,0.0884,1.5057,1,0.4769,476,220,-17,220,0,1,142,24918421769501,24918489026546,67257,0,1,63689,66814,0,,,,144,220,0,0,0,0,86,0,0
146,scan,145,0,24918572046290,,24918572188999,24918573840407,36.064,1.1188,0.0958,1.5025,1,0.4727,472,220,-10,220,-12,1,143,24918472198155,24918539619450,67421,0,1,63689,66808,0,,,,145,220,-12,0,0,0,86,0,0
147,scan,146,0,24918621981335,,24918622109547,24918623819952,36.114,1.1198,0.1108,1.5001,1,0.4661,466,220,-6,220,-16,1,144,24918522102293,24918586824171,64721,0,1,63689,66739,0,,,,146,220,-16,0,0,0,86,0,0
148,scan,147,0,24918671980312,,24918672140406,24918673816726,36.164,1.1203,0.1182,1.5017,1,0.4416,441,220,-9,220,-9,1,145,24918572095964,24918636515642,64419,0,1,63689,66658,0,,,,147,220,-9,0,0,0,86,0,0
149,scan,148,0,24918722117760,,24918722243534,24918723809634,36.214,1.1214,0.1331,1.5026,1,0.4341,434,220,-11,220,-4,1,146,24918622024848,24918686540046,64515,0,1,63689,66577,0,,,,148,220,-4,0,0,0,86,0,0
150,scan,149,0,24918772481610,,24918772615791,24918775840818,36.264,1.1219,0.1406,1.5011,1,0.4271,427,220,-8,220,-8,1,147,24918672053111,24918736631416,64578,0,1,63689,66508,0,,,,149,220,-8,0,0,0,86,0,0
151,scan,150,0,24918822744844,,24918822884463,24918824995486,36.314,1.1229,0.1555,1.4992,1,0.4214,421,220,-4,220,-10,1,148,24918722160231,24918789635841,67475,0,1,63689,66507,0,,,,150,220,-10,0,0,0,86,0,0
152,scan,151,0,24918872487984,,24918872624110,24918874818440,36.364,1.1235,0.1630,1.4996,1,0.4176,417,220,-5,220,-6,1,149,24918772527666,24918839830820,67303,0,1,63689,66496,0,,,,151,220,-6,0,0,0,86,0,0
153,scan,152,0,24918922108158,,24918922236017,24918923827037,36.414,1.1245,0.1779,1.5003,1,0.4118,411,220,-6,220,-2,1,150,24918822792064,24918890091020,67298,0,1,63689,66496,0,,,,152,220,-2,0,0,0,86,0,0
154,scan,153,0,24918972193324,,24918972326573,24918973883199,36.464,1.1251,0.1854,1.4997,1,0.4016,401,220,-5,220,-5,1,151,24918872535332,24918940198932,67663,0,1,63689,66511,0,,,,153,220,-5,0,0,0,86,0,0
155,scan,154,0,24919022160321,,24919022287271,24919023981762,36.514,1.1261,0.2003,1.4985,1,0.3900,389,220,-3,220,-4,1,152,24918922150236,24918989814674,67664,0,1,63689,66587,0,,,,154,220,-4,0,1,0,86,0,0
156,scan,155,0,24919072338293,,24919072463586,24919073921539,36.564,1.1267,0.2078,1.4986,1,0.3775,377,220,-3,220,-4,1,153,24918972238317,24919039902877,67664,0,1,63689,66668,0,,,,155,220,-4,0,1,0,86,0,0
157,scan,156,0,24919122513968,,24919122639977,24919124750405,36.614,1.1278,0.2227,1.4990,1,0.3840,384,220,-4,220,-3,1,154,24919022204792,24919089858052,67653,0,1,63689,66676,0,,,,156,220,-3,0,1,0,86,0,0
158,scan,157,0,24919172573354,,24919172697589,24919174895951,36.664,1.1283,0.2302,1.4988,1,0.3631,363,220,-4,220,-2,1,155,24919072381410,24919139571835,67190,0,1,63689,66664,0,,,,157,220,-2,0,1,0,86,0,0
159,scan,158,0,24919222667360,,24919222789151,24919224907192,36.714,1.1294,0.2451,1.4980,1,0.3525,352,220,-2,220,-2,1,156,24919122554488,24919190088665,67534,0,1,63689,66659,0,,,,158,220,-2,0,1,0,86,0,0
160,scan,159,0,24919272683412,,24919272809659,24919274847257,36.764,1.1299,0.2526,1.4980,1,0.3463,346,220,-2,220,-3,1,157,24919172614347,24919240121692,67507,0,1,63689,66668,0,,,,159,220,-3,0,1,0,86,0,0
161,scan,160,0,24919322778207,,24919322912562,24919324879671,36.814,1.1305,0.2600,1.4981,1,0.3335,333,220,-2,220,-2,1,158,24919222704875,24919289906823,67201,0,1,63689,66665,0,,,,160,220,-2,0,1,0,86,0,0
162,scan,161,0,24919373164125,,24919373305229,24919374861896,36.864,1.1316,0.2749,1.4982,1,0.3318,331,220,-2,220,-1,1,159,24919272726927,24919340187973,67461,0,1,63689,66664,0,,,,161,220,-1,0,1,0,86,0,0
163,scan,162,0,24919422861246,,24919423017957,24919424964123,36.914,1.1321,0.2824,1.4979,1,0.3332,333,220,-2,220,-2,1,160,24919322824107,24919390250023,67425,0,1,63689,66659,0,,,,162,220,-2,0,1,0,86,0,0
164,scan,163,0,24919473269978,,24919473414572,24919475809529,36.964,1.1332,0.2973,1.4977,1,0.3239,323,220,-1,220,0,1,161,24919373212740,24919437817810,64605,0,1,63689,66668,0,,,,163,220,0,0,1,0,86,0,0
165,scan,164,0,24919523530741,,24919523679882,24919525837446,37.014,1.1337,0.3048,1.4977,1,0.3248,324,220,-2,220,-1,1,162,24919422919825,24919490189168,67269,0,1,63689,66758,0,,,,164,220,-1,0,1,0,86,0,0
166,scan,165,0,24919573482975,,24919573629328,24919575820441,37.064,1.1348,0.3197,1.4978,1,0.3039,303,220,-2,220,-1,1,163,24919473318996,24919540666146,67347,0,1,63689,66782,0,,,,165,220,-1,0,1,0,86,0,0
167,scan,166,0,24919623637471,,24919623782264,24919625917348,37.114,1.1354,0.3271,1.4978,1,0.3079,307,220,-2,220,0,1,164,24919523582861,24919589502416,65919,0,1,63689,66752,0,,,,166,220,0,0,1,0,86,0,0
168,scan,167,0,24919673992270,,24919674138850,24919675935897,37.164,1.1365,0.3420,1.4976,1,0.3155,315,220,-1,220,-1,1,165,24919573534379,24919641242383,67708,0,1,63689,66761,0,,,,167,220,-1,0,1,0,86,0,0
169,scan,168,0,24919724138494,,24919724293247,24919727080955,37.214,1.1370,0.3495,1.4976,1,0.3148,314,220,-1,220,-2,1,166,24919623686476,24919690424242,66737,0,1,63689,66814,0,,,,168,220,-2,0,1,0,86,0,0
170,scan,169,0,24919773563589,,24919773692201,24919776135403,37.264,1.1381,0.3644,1.4977,1,0.2871,287,220,-2,220,-2,1,167,24919674041923,24919741005852,66963,0,1,63689,66824,0,,,,169,220,-2,0,1,0,86,0,0
171,scan,170,0,24919823582549,,24919823728672,24919825852443,37.314,1.1387,0.3719,1.4976,1,0.2886,288,220,-2,220,-1,1,168,24919724189196,24919792658825,68469,0,1,63689,66851,0,,,,170,220,-1,0,1,0,86,0,0
172,scan,171,0,24919873047433,,24919873183711,24919874797082,37.364,1.1398,0.3868,1.4973,1,0.2972,297,220,-1,220,-1,1,169,24919773606749,24919841179380,67572,0,1,63689,66865,0,,,,171,220,-1,0,1,0,86,0,0
173,scan,172,0,24919923356030,,24919923593560,24919925771071,37.414,1.1403,0.3943,1.4973,1,0.3055,305,220,-1,220,0,1,170,24919823628864,24919888079053,64450,0,1,63689,66810,0,,,,172,220,0,0,1,0,86,0,0
174,scan,173,0,24919973421138,,24919973553119,24919975797842,37.464,1.1414,0.4092,1.4974,1,0.3010,301,220,-1,220,2,1,171,24919873088116,24919940645006,67556,0,1,63689,66838,0,,,,173,220,2,0,1,0,86,0,0
175,scan,174,0,24920023638896,,24920023767309,24920025894679,37.514,1.1419,0.4166,1.4974,1,0.3188,318,220,-1,220,0,1,172,24919923474910,24919990884427,67409,0,1,63689,66834,0,,,,174,220,0,0,1,0,86,0,0
176,scan,175,0,24920073638259,,24920073754924,24920075767485,37.564,1.1430,0.4316,1.4974,1,0.3070,306,220,-1,220,0,1,173,24919973465386,24920040864061,67398,0,1,63689,66836,0,,,,175,220,0,0,1,0,86,0,0
177,scan,176,0,24920123718070,,24920123849401,24920126075579,37.614,1.1436,0.4390,1.4974,1,0.3347,334,220,-1,220,1,1,174,24920023682381,24920091256526,67574,0,1,63689,66840,0,,,,176,220,1,0,1,0,86,0,0
178,scan,177,0,24920173765132,,24920173889594,24920175912744,37.664,1.1441,0.4465,1.4974,1,0.3346,334,220,-1,220,1,1,175,24920073673851,24920141250465,67576,0,1,63689,66866,0,,,,177,220,1,0,1,0,86,0,0
179,scan,178,0,24920224049382,,24920224184043,24920225970009,37.714,1.1452,0.4614,1.4975,1,1.0309,1030,220,-1,220,2,1,176,24920123762256,24920191351370,67589,0,1,63689,66865,0,,,,178,220,2,0,0,0,86,0,0
180,scan,179,0,24920274428910,,24920274631742,24920276815601,37.764,1.1458,0.4689,1.4975,1,1.0316,1031,220,-1,220,1,1,177,24920173808560,24920241357524,67548,0,1,63689,66857,0,,,,179,220,1,0,0,0,86,0,0
181,scan,180,0,24920323751834,,24920323874713,24920325811612,37.814,1.1469,0.4838,1.4976,1,1.0340,1033,220,-2,220,0,1,178,24920224093700,24920291378168,67284,0,1,63689,66882,0,,,,180,220,0,0,0,0,86,0,0
182,scan,181,0,24920373838673,,24920373977040,24920375826047,37.864,1.1474,0.4913,1.4977,1,1.0380,1038,220,-2,220,0,1,179,24920274502651,24920342291996,67789,0,1,63689,66917,0,,,,181,220,0,0,0,0,86,0,0
183,scan,182,0,24920423953512,,24920424125383,24920425825092,37.914,1.1485,0.5062,1.4977,1,1.0372,1037,220,-2,220,-1,1,180,24920323793168,24920389969141,66175,0,1,63689,66884,0,,,,182,220,-1,0,0,0,86,0,0
184,scan,183,0,24920474543015,,24920474737577,24920476966443,37.964,1.1491,0.5136,1.4977,1,1.0094,1009,220,-2,220,-2,1,181,24920373897433,24920438211275,64313,0,1,63689,66880,0,,,,183,220,-2,0,0,0,86,0,0
185,scan,184,0,24920524150441,,24920524289139,24920525940709,38.014,1.1502,0.5286,1.4976,1,1.0162,1016,220,-2,220,0,1,182,24920423993047,24920491567726,67574,0,1,63689,66888,0,,,,184,220,0,0,0,0,86,0,0
186,scan,185,0,24920573957738,,24920574080619,24920575951244,38.064,1.1507,0.5360,1.4976,1,1.0317,1031,220,-2,220,-1,1,183,24920474592838,24920538832689,64239,0,1,63689,66808,0,,,,185,220,-1,0,0,0,86,0,0
187,scan,186,0,24920624164480,,24920624291202,24920625824432,38.114,1.1518,0.5509,1.4975,1,1.0247,1024,220,-2,220,-1,1,184,24920524196866,24920591581028,67384,0,1,63689,66875,0,,,,186,220,-1,0,0,0,86,0,0
188,scan,187,0,24920674102242,,24920674232930,24920675832988,38.164,1.1523,0.5584,1.4975,1,1.0287,1028,220,-2,220,0,1,185,24920573998205,24920638518071,64519,0,1,63689,66877,0,,,,187,220,0,0,0,0,86,0,0
189,scan,188,0,24920723948497,,24920724117230,24920725999173,38.214,1.1534,0.5733,1.4974,1,1.0124,1012,220,-2,220,1,1,186,24920624207053,24920691577731,67370,0,1,63689,66949,0,,,,188,220,1,0,0,0,86,0,0
190,scan,189,0,24920774298406,,24920774507017,24920776780410,38.264,1.1540,0.5808,1.4974,1,1.0292,1029,220,-2,220,0,1,187,24920674145771,24920741728821,67583,0,1,63689,67024,0,,,,189,220,0,0,0,0,86,0,0
191,scan,190,0,24920824189764,,24920824308504,24920825817971,38.314,1.1551,0.5957,1.4975,1,1.0176,1017,220,-2,220,0,1,188,24920723989987,24920791545513,67555,0,1,63689,67026,0,,,,190,220,0,0,0,0,86,0,0
192,scan,191,0,24920874490048,,24920874644796,24920876785400,38.364,1.1556,0.6031,1.4975,1,1.0203,1020,220,-2,220,1,1,189,24920774383596,24920841734783,67351,0,1,63689,67027,0,,,,191,220,1,0,0,0,86,0,0
193,scan,192,0,24920924536125,,24920924653074,24920926797453,38.414,1.1567,0.6181,1.4975,1,1.0232,1023,220,-2,220,0,1,190,24920824227398,24920891775233,67547,0,1,63689,67033,0,,,,192,220,0,0,0,0,86,0,0
194,scan,193,0,24920974928009,,24920975056567,24920976863157,38.464,1.1573,0.6255,1.4975,1,1.0043,1004,220,-2,220,2,1,191,24920874543479,24920941170271,66626,0,1,63689,67007,0,,,,193,220,2,0,0,0,86,0,0
195,scan,194,0,24921025037794,,24921025214487,24921026826157,38.514,1.1578,0.6330,1.4975,1,1.0014,1001,220,-2,220,2,1,192,24920924572435,24920992062934,67490,0,1,63689,67003,0,,,,194,220,2,0,0,0,86,0,0
196,scan,195,0,24921074772102,,24921074906749,24921076848300,38.564,1.1589,0.6479,1.4976,1,1.0179,1017,220,-2,220,0,1,193,24920974970523,24921042244342,67273,0,1,63689,66993,0,,,,195,220,0,0,0,0,86,0,0
197,scan,196,0,24921124647058,,24921124779628,24921126820576,38.614,1.1595,0.6554,1.4977,1,1.0210,1021,220,-2,220,-1,1,194,24921025116561,24921092223540,67106,0,1,63689,66980,0,,,,196,220,-1,0,0,0,86,0,0
198,scan,197,0,24921174797140,,24921174945552,24921176983276,38.664,1.1606,0.6703,1.4978,1,1.0032,1003,220,-3,220,-1,1,195,24921074816578,24921142149126,67332,0,1,63689,66983,0,,,,197,220,-1,0,0,0,86,0,0
199,scan,198,0,24921224470726,,24921224599861,24921226803694,38.714,1.1611,0.6778,1.4977,1,1.0106,1010,220,-3,220,-3,1,196,24921124693299,24921192392896,67699,0,1,63689,66987,0,,,,198,220,-3,0,0,0,86,0,0
200,scan,199,0,24921274571646,,24921274713501,24921277008253,38.764,1.1622,0.6927,1.4975,1,0.9888,988,220,-2,220,0,1,197,24921174840801,24921241966300,67125,0,1,63689,66978,0,,,,199,220,0,0,0,0,86,0,0
201,scan,200,0,24921324550022,,24921324688391,24921326848553,38.814,1.1627,0.7001,1.4975,1,1.0090,1009,220,-2,220,-2,1,198,24921224514398,24921291680152,67165,0,1,63689,66977,0,,,,200,220,-2,0,0,0,86,0,0
202,scan,201,0,24921374403291,,24921374531335,24921376750897,38.864,1.1638,0.7150,1.4974,1,1.0163,1016,220,-2,220,-2,1,199,24921274612353,24921341704653,67092,0,1,63689,66968,0,,,,201,220,-2,0,0,0,86,0,0
203,scan,202,0,24921424499399,,24921424630813,24921426754709,38.914,1.1644,0.7225,1.4973,1,1.0137,1013,220,-2,220,2,1,200,24921324592872,24921391033246,66440,0,1,63689,66943,0,,,,202,220,2,0,0,0,86,0,0
204,scan,203,0,24921474688397,,24921474832164,24921476953148,38.964,1.1655,0.7374,1.4972,1,1.0151,1015,220,-2,220,1,1,201,24921374448279,24921437970338,63522,0,1,63522,66916,0,,,,203,220,1,0,0,0,86,0,0
205,scan,204,0,24921524876557,,24921525118128,24921526963219,39.014,1.1660,0.7449,1.4972,1,1.0119,1011,220,-2,220,-1,1,202,24921424544384,24921491900646,67356,0,1,63522,66918,0,,,,204,220,-1,0,0,0,86,0,0
206,scan,205,0,24921574840626,,24921575005289,24921576992626,39.064,1.1671,0.7598,1.4975,1,0.9974,997,220,-2,220,-1,1,203,24921474738022,24921542261249,67523,0,1,63522,66922,0,,,,205,220,-1,0,0,0,86,0,0
207,scan,206,0,24921624776702,,24921624903104,24921626888450,39.114,1.1677,0.7673,1.4975,1,1.0128,1012,220,-2,220,0,1,204,24921524946106,24921592739907,67793,0,1,63522,66969,0,,,,206,220,0,0,0,0,86,0,0
208,scan,207,0,24921675000048,,24921675146259,24921676886426,39.164,1.1688,0.7822,1.4972,1,0.9994,999,220,-2,220,0,1,205,24921574894007,24921641680905,66786,0,1,63522,66946,0,,,,207,220,0,0,0,0,86,0,0
209,scan,208,0,24921724663036,,24921724788379,24921726897190,39.214,1.1693,0.7896,1.4972,1,1.0053,1005,220,-2,220,2,1,206,24921624818808,24921691553840,66735,0,1,63522,66946,0,,,,208,220,2,0,0,0,86,0,0
210,scan,209,0,24921775898735,,24921776171503,24921777832019,39.264,1.1704,0.8046,1.4973,1,0.9998,999,220,-2,220,1,1,207,24921675047415,24921741860402,66812,0,1,63522,66942,0,,,,209,220,1,0,0,0,86,0,0
211,scan,210,0,24921825578301,,24921825755863,24921827783649,39.314,1.1710,0.8120,1.4974,1,1.0076,1007,220,-3,220,-1,1,208,24921724703761,24921792090836,67387,0,1,63522,66915,0,,,,210,220,-1,0,0,0,86,0,0
212,scan,211,0,24921875265947,,24921875395374,24921877497551,39.364,1.1715,0.8195,1.4975,1,1.0056,1005,220,-3,220,-2,1,209,24921775963937,24921843318342,67354,0,1,63522,66910,0,,,,211,220,-2,0,0,0,86,0,0
213,scan,212,0,24921925130664,,24921925264038,24921926834621,39.414,1.1726,0.8344,1.4975,1,1.0002,1000,220,-3,220,0,1,210,24921825638127,24921893314018,67675,0,1,63522,66991,0,,,,212,220,0,0,0,0,86,0,0
214,scan,213,0,24921975332889,,24921975461737,24921977835782,39.464,1.1732,0.8419,1.4973,1,0.9942,994,220,-3,220,1,1,211,24921875310806,24921941873598,66562,0,1,63522,66966,0,,,,213,220,1,0,0,0,86,0,0
215,scan,214,0,24922025364718,,24922025515885,24922027719895,39.514,1.1743,0.8568,1.4972,1,1.0158,1015,220,-3,220,2,1,212,24921925175972,24921992416269,67240,0,1,63522,66962,0,,,,214,220,2,0,0,0,86,0,0
216,scan,215,0,24922075154796,,24922075301442,24922076914708,39.564,1.1748,0.8642,1.4973,1,0.9975,997,220,-3,220,-1,1,213,24921975377849,24922042194981,66817,0,1,63522,66947,0,,,,215,220,-1,0,0,0,86,0,0
217,scan,216,0,24922125154578,,24922125282781,24922126870818,39.614,1.1759,0.8792,1.4975,1,0.9867,986,220,-3,220,-2,1,214,24922025409805,24922092778202,67368,0,1,63522,66942,0,,,,216,220,-2,0,0,0,86,0,0
218,scan,217,0,24922175591333,,24922175721569,24922177942007,39.664,1.1765,0.8866,1.4975,1,0.9906,990,220,-3,220,1,1,215,24922075204367,24922142132188,66927,0,1,63522,66926,0,,,,217,220,1,0,0,0,86,0,0
219,scan,218,0,24922225429094,,24922225562065,24922227779433,39.714,1.1776,0.9015,1.4973,1,0.9745,974,220,-3,220,-2,1,216,24922125198155,24922192827121,67628,0,1,63522,66927,0,,,,218,220,-2,0,0,0,86,0,0
220,scan,219,0,24922275409148,,24922275545479,24922277776295,39.764,1.1781,0.9090,1.4972,1,1.0032,1003,220,-3,220,-5,1,217,24922175636018,24922243285142,67649,0,1,63522,66929,0,,,,219,220,-5,0,0,0,86,0,0
221,scan,220,0,24922325584472,,24922325720587,24922327884486,39.814,1.1792,0.9239,1.4974,1,0.9851,985,220,-4,220,2,1,218,24922225475519,24922292846980,67371,0,1,63522,66931,0,,,,220,220,2,0,0,0,86,0,0
222,scan,221,0,24922375987980,,24922376129226,24922377892703,39.864,1.1798,0.9314,1.4972,1,0.9864,986,220,-3,220,-1,1,219,24922275457895,24922341912778,66454,0,1,63522,66898,0,,,,221,220,-1,0,0,0,86,0,0
223,scan,222,0,24922425704894,,24922425834008,24922427838987,39.914,1.1809,0.9463,1.4968,1,0.9678,967,220,-3,220,-2,1,220,24922325629501,24922393063270,67433,0,1,63522,66929,0,,,,222,220,-2,0,0,0,86,0,0
224,scan,223,0,24922475941960,,24922476091250,24922477871693,39.964,1.1814,0.9538,1.4969,1,0.9859,985,220,-3,220,1,1,221,24922376053013,24922440442865,64389,0,1,63522,66931,0,,,,223,220,1,0,0,0,86,0,0
225,scan,224,0,24922525984804,,24922526107904,24922527847045,40.014,1.1825,0.9687,1.4970,1,0.9851,985,220,-3,220,0,1,222,24922425747314,24922492853269,67105,0,1,63522,66920,0,,,,224,220,0,0,0,0,86,0,0
226,scan,225,0,24922576131495,,24922576281042,24922577993603,40.064,1.1831,0.9761,1.4970,1,0.9817,981,220,-3,220,-5,1,223,24922475989184,24922543451566,67462,0,1,63522,67000,0,,,,225,220,-5,0,0,0,86,0,0
227,scan,226,0,24922626358707,,24922626567713,24922628757287,40.114,1.1842,0.9911,1.4969,1,0.9797,979,220,-4,220,2,1,224,24922526025736,24922593819567,67793,0,1,63522,67010,0,,,,226,220,2,0,0,0,86,0,0
228,scan,227,0,24922675824117,,24922675951170,24922677836734,40.164,1.1847,0.9985,1.4968,1,0.9605,960,220,-3,220,-2,1,225,24922576182042,24922643691142,67509,0,1,63522,67085,0,,,,227,220,-2,0,0,0,86,0,0
229,scan,228,0,24922726363657,,24922726498525,24922728778651,40.214,1.1853,1.0060,1.4966,1,0.9606,960,220,-3,220,-3,1,226,24922626424714,24922694017589,67592,0,1,63522,67091,0,,,,228,220,-3,0,0,0,86,0,0
230,scan,229,0,24922776402069,,24922776540861,24922778864412,40.264,1.1864,1.0209,1.4966,1,0.9479,947,220,-3,220,0,1,227,24922675864276,24922743538237,67673,0,1,63522,67093,0,,,,229,220,0,0,0,0,86,0,0
231,scan,230,0,24922826292096,,24922826443005,24922827879053,40.314,1.1869,1.0284,1.4966,1,0.9291,929,220,-3,220,-5,1,228,24922726410854,24922793858794,67447,0,1,63522,67090,0,,,,230,220,-5,0,0,0,86,0,0
232,scan,231,0,24922876476734,,24922876608144,24922878878323,40.364,1.1880,1.0433,1.4964,1,0.9212,921,220,-3,220,-6,1,229,24922776446053,24922843786270,67340,0,1,63522,67090,0,,,,231,220,-6,0,0,0,86,0,0
233,scan,232,0,24922926366037,,24922926523932,24922928761366,40.414,1.1886,1.0507,1.4962,2,0.9072,907,0,1000,220,-1,1,230,24922826343299,24922890469194,64125,0,1,63522,67004,0,,,,232,220,-1,0,0,0,86,0,0
234,scan,233,0,24922976121430,,24922976274397,24922977827038,40.464,1.1897,1.0657,1.4958,2,0.8996,899,0,1000,220,-1,1,231,24922876520864,24922940636395,64115,0,1,63522,66942,0,,,,233,220,-1,0,0,0,86,0,0
235,scan,234,0,24923025984979,,24923026122796,24923027855185,40.514,1.1903,1.0731,1.4957,2,0.8891,889,0,1000,0,999,1,232,24922926421793,24922994088659,67666,0,1,63522,66946,0,,,,234,0,999,0,0,0,86,0,0
236,scan,235,0,24923076146064,,24923076276111,24923077824965,40.564,1.1913,1.0869,1.4975,2,0.8876,887,0,1000,0,999,1,233,24922976168754,24923043869074,67700,0,1,63522,66957,0,,,,235,0,999,0,0,0,86,0,0
237,scan,236,0,24923126435257,,24923126604944,24923128793750,40.614,1.1917,1.0920,1.5050,2,0.8769,876,0,1000,0,999,1,234,24923026031519,24923093473786,67442,0,1,63522,66965,0,,,,236,0,999,0,0,0,86,0,0
238,scan,237,0,24923176245917,,24923176374762,24923178739589,40.664,1.1920,1.0989,1.5305,2,0.8519,851,0,1000,0,999,1,235,24923076190374,24923143700256,67509,0,1,63522,66970,0,,,,237,0,999,0,0,0,86,0,0
239,scan,238,0,24923226451722,,24923226613634,24923228766684,40.714,1.1921,1.1007,1.5408,2,0.8644,864,0,1000,0,999,1,236,24923126493909,24923193872048,67378,0,1,63522,66961,0,,,,238,0,999,0,0,0,86,0,0
240,scan,239,0,24923276628129,,24923276818447,24923278964701,40.764,1.1922,1.1027,1.5662,2,0.8635,863,0,1000,0,999,1,237,24923176288244,24923243789973,67501,0,1,63522,66971,0,,,,239,0,999,0,0,0,86,0,0
241,scan,240,0,24923326667254,,24923326801780,24923328840701,40.814,1.1922,1.1028,1.5954,2,0.8640,863,0,1000,0,999,1,238,24923226512985,24923293945537,67432,0,1,63522,66978,0,,,,240,0,999,0,0,0,86,0,0
242,scan,241,0,24923376694260,,24923376825150,24923378832622,40.864,1.1922,1.1027,1.6842,2,0.8564,856,0,1000,0,999,1,239,24923276691752,24923344392380,67700,0,1,63522,66993,0,,,,241,0,999,0,0,0,86,0,0
243,scan,242,0,24923427072069,,24923427215570,24923428859389,40.914,1.1922,1.1026,1.7245,2,0.8569,856,0,1000,0,999,1,240,24923326712962,24923393903738,67190,0,1,63522,67012,0,,,,242,0,999,0,0,0,86,0,0
244,scan,243,0,24923477456559,,24923477671372,24923479922064,40.964,1.1922,1.1025,1.7807,2,0.8629,862,0,1000,0,999,1,241,24923376740572,24923441042130,64301,0,1,63522,67031,0,,,,243,0,999,0,0,0,86,0,0
245,scan,244,0,24923527068716,,24923527198054,24923528895929,41.014,1.1922,1.1025,1.8088,2,0.8702,870,0,1000,0,999,1,242,24923427120684,24923493793029,66672,0,1,63522,67014,0,,,,244,0,999,0,0,0,86,0,0
246,scan,245,0,24923577065444,,24923577215599,24923578929113,41.064,1.1923,1.1024,1.8434,2,0.8631,863,0,1000,0,999,1,243,24923477525137,24923545126919,67601,0,1,63522,67016,0,,,,245,0,999,0,0,0,86,0,0
247,scan,246,0,24923627170053,,24923627318133,24923628855052,41.114,1.1923,1.1023,1.9209,2,0.8607,860,0,1000,0,999,1,244,24923527112678,24923594121318,67008,0,1,63522,66996,0,,,,246,0,999,0,0,0,86,0,0
248,scan,247,0,24923677654994,,24923677806115,24923680044264,41.164,1.1923,1.1023,1.9555,2,0.8658,865,0,1000,0,999,1,245,24923577113526,24923644702157,67588,0,1,63522,67016,0,,,,247,0,999,0,0,0,86,0,0
249,scan,248,0,24923726888833,,24923727011271,24923728875427,41.214,1.1924,1.1022,2.0172,2,0.8609,860,0,1000,0,999,1,246,24923627219413,24923694565140,67345,0,1,63522,67032,0,,,,248,0,999,0,0,0,86,0,0
250,scan,249,0,24923776944416,,24923777073353,24923778851025,41.264,1.1924,1.1021,2.0499,2,0.8657,865,0,1000,0,999,1,247,24923677705328,24923744397270,66691,0,1,63522,67028,0,,,,249,0,999,0,0,0,86,0,0
251,scan,250,0,24923827361518,,24923827493752,24923829747426,41.314,1.1925,1.1020,2.1215,2,0.8546,854,0,1000,0,999,1,248,24923726929239,24923793209556,66280,0,1,63522,67001,0,,,,250,0,999,0,0,0,86,0,0
252,scan,251,0,24923878085338,,24923878250024,24923880049532,41.364,1.1925,1.1020,2.1567,2,0.8595,859,0,1000,0,999,1,249,24923776988789,24923844465903,67477,0,1,63522,67004,0,,,,251,0,999,0,0,0,86,0,0
253,scan,252,0,24923927761478,,24923927908367,24923930014854,41.414,1.1926,1.1019,2.2225,2,0.8608,860,0,1000,0,999,1,250,24923827406216,24923894090823,66684,0,1,63522,66979,0,,,,252,0,999,0,0,0,86,0,0
254,scan,253,0,24923977473364,,24923977717665,24923980046705,41.464,1.1926,1.1018,2.2553,2,0.8574,857,0,1000,0,999,1,251,24923878153315,24923945636681,67483,0,1,63522,67002,0,,,,253,0,999,0,0,0,86,0,0
255,scan,254,0,24924027450719,,24924027580304,24924029788557,41.514,1.1927,1.1018,2.3242,2,0.8604,860,0,1000,0,999,1,252,24923927810769,24923995661256,67850,0,1,63522,67017,0,,,,254,0,999,0,0,0,86,0,0
256,scan,255,0,24924077759712,,24924077963831,24924079983966,41.564,1.1927,1.1017,2.3590,2,0.8579,857,0,1000,0,999,1,253,24923977572933,24924045002507,67429,0,1,63522,67033,0,,,,255,0,999,0,0,0,86,0,0
257,scan,256,0,24924128088424,,24924128234277,24924129889540,41.614,1.1928,1.1016,2.4266,2,0.8542,854,0,1000,0,999,1,254,24924027495538,24924094091911,66596,0,1,63522,67013,0,,,,256,0,999,0,0,0,86,0,0
258,scan,257,0,24924178007562,,24924178158585,24924179807004,41.664,1.1929,1.1016,2.4599,2,0.8602,860,0,1000,0,999,1,255,24924077833313,24924145409523,67576,0,1,63522,67030,0,,,,257,0,999,0,0,0,86,0,0
259,scan,258,0,24924227855528,,24924227980845,24924229975375,41.714,1.1930,1.1015,2.5277,2,0.8732,873,0,1000,0,999,1,256,24924128136682,24924195894379,67757,0,1,63522,67033,0,,,,258,0,999,0,0,0,86,0,0
260,scan,259,0,24924277768627,,24924277951902,24924279817781,41.764,1.1930,1.1015,2.5621,2,0.8809,880,0,1000,0,999,1,257,24924178061248,24924246223259,68162,0,1,63522,67046,0,,,,259,0,999,0,0,0,86,0,0
261,scan,260,0,24924327749952,,24924327871102,24924329853263,41.814,1.1931,1.1015,2.6301,2,0.8761,876,0,941,0,999,1,258,24924227898903,24924295532733,67633,0,1,63522,67052,0,,,,260,0,999,0,0,0,86,0,0
262,scan,261,0,24924377729668,,24924377852400,24924379812795,41.864,1.1932,1.1014,2.6637,2,0.8960,895,0,873,0,998,1,259,24924277831274,24924345495323,67664,0,1,63522,67082,0,,,,261,0,998,0,0,0,86,0,0
263,scan,262,0,24924427767765,,24924427905217,24924429873889,41.914,1.1932,1.1014,2.6974,2,0.9086,908,0,806,0,948,1,260,24924327788818,24924395886697,68097,0,1,63522,67099,0,,,,262,0,948,0,0,0,86,0,0
264,scan,263,0,24924478150866,,24924478295170,24924479865464,41.964,1.1934,1.1014,2.7654,2,0.9343,934,220,670,0,878,1,261,24924377773963,24924441173261,63399,0,1,63399,67074,0,,,,263,0,878,0,0,0,86,0,0
265,scan,264,0,24924528142094,,24924528332530,24924529974108,42.014,1.1934,1.1014,2.7991,2,0.9428,942,220,603,17,805,1,262,24924427815337,24924494336685,66521,0,1,63399,67060,0,,,,264,17,805,0,0,0,86,0,0
266,scan,265,0,24924577884366,,24924578021594,24924580798373,42.064,1.1930,1.1015,2.8607,2,0.9588,958,220,479,220,658,1,263,24924478202054,24924542498690,64296,0,1,63399,66981,0,,,,265,220,658,0,0,0,86,0,0
267,scan,266,0,24924627988705,,24924628188300,24924630045999,42.114,1.1925,1.1017,2.8898,2,0.9751,975,220,421,220,586,1,264,24924528208210,24924592343573,64135,0,1,63399,66889,0,,,,266,220,586,0,0,0,86,0,0
268,scan,267,0,24924677989414,,24924678127723,24924679800894,42.164,1.1880,1.1027,2.9438,2,0.5967,596,220,314,220,463,1,265,24924577931731,24924642058497,64126,0,1,63399,66805,0,,,,267,220,463,0,0,0,86,0,0
269,scan,268,0,24924728977485,,24924729111103,24924730844225,42.214,1.1841,1.1034,2.9700,2,0.5415,541,220,262,220,406,1,266,24924628082460,24924692505111,64422,0,1,63399,66725,0,,,,268,220,406,0,0,0,86,0,0
270,scan,269,0,24924778643985,,24924778775896,24924780950742,42.264,1.1728,1.1050,3.0248,2,0.5545,554,220,154,220,301,1,267,24924678037468,24924742190035,64152,0,1,63399,66637,0,,,,269,220,301,0,0,0,86,0,0
271,scan,270,0,24924828594065,,24924828756918,24924830931891,42.314,1.1659,1.1057,3.0516,2,0.5253,525,220,100,220,251,1,268,24924729023720,24924793129185,64105,0,1,63399,66554,0,,,,270,220,251,0,0,0,86,0,0
272,scan,271,0,24924878578875,,24924878727920,24924880897312,42.364,1.1512,1.1068,3.0788,2,0.5207,520,220,46,220,147,1,269,24924778689242,24924843091777,64402,0,1,63399,66480,0,,,,271,220,147,0,0,0,86,0,0
273,scan,272,0,24924928540535,,24924928691436,24924930914813,42.414,1.1437,1.1073,3.0771,2,0.5208,520,220,50,220,96,1,270,24924828650857,24924895931831,67280,0,1,63399,66559,0,,,,272,220,96,0,0,0,86,0,0
274,scan,273,0,24924978815126,,24924978996325,24924980969276,42.464,1.1288,1.1083,3.0787,2,0.5104,510,220,47,220,45,1,271,24924878628289,24924945927493,67299,0,1,63399,66639,0,,,,273,220,45,0,0,0,86,0,0
275,scan,274,0,24925028507526,,24925028637091,24925030830226,42.514,1.1213,1.1087,3.0860,2,0.5240,524,220,33,220,48,1,272,24924928592764,24924996087631,67494,0,1,63399,66634,0,,,,274,220,48,0,0,0,86,0,0
276,scan,275,0,24925078429513,,24925078562876,24925080794197,42.564,1.1064,1.1095,3.0956,2,0.5134,513,220,14,220,45,1,273,24924978876035,24925046165416,67289,0,1,63399,66624,0,,,,275,220,45,0,0,0,86,0,0
277,scan,276,0,24925128697094,,24925128832048,24925130973278,42.614,1.0989,1.1098,3.0941,2,0.5123,512,220,16,220,32,1,274,24925028551366,24925096065941,67514,0,1,63399,66626,0,,,,276,220,32,0,0,0,86,0,0
278,scan,277,0,24925178986045,,24925179121273,24925180892352,42.664,1.0840,1.1106,3.0919,2,0.5170,516,220,21,220,12,1,275,24925078469695,24925145696652,67226,0,1,63399,66619,0,,,,277,220,12,0,0,0,86,0,0
279,scan,278,0,24925229035810,,24925229162194,24925230885433,42.714,1.0765,1.1109,3.0944,2,0.5213,521,220,16,220,17,1,276,24925128743553,24925196191128,67447,0,1,63399,66621,0,,,,278,220,17,0,0,0,86,0,0
280,scan,279,0,24925279130295,,24925279284369,24925281293805,42.764,1.0691,1.1113,3.0977,2,0.5356,535,220,10,220,21,1,277,24925179024131,24925246375372,67351,0,1,63399,66617,0,,,,279,220,21,0,0,0,86,0,0
281,scan,280,0,24925328862357,,24925328988776,24925330920416,42.814,1.0541,1.1119,3.0991,2,0.9756,975,220,7,220,17,1,278,24925229081107,24925296400944,67319,0,1,63399,66614,0,,,,280,220,17,0,0,0,86,0,0
282,scan,281,0,24925379077510,,24925379215616,24925380865808,42.864,1.0466,1.1122,3.0979,2,0.9565,956,220,9,220,9,1,279,24925279179573,24925345737579,66558,0,1,63399,66585,0,,,,281,220,9,0,0,0,86,0,0
283,scan,282,0,24925428944161,,24925429067762,24925431060533,42.914,1.0317,1.1129,3.0984,2,0.9589,958,220,8,220,7,1,280,24925328907810,24925396466436,67558,0,1,63399,66595,0,,,,282,220,7,0,0,0,86,0,0
284,scan,283,0,24925479264281,,24925479396810,24925480839503,42.964,1.0242,1.1132,3.0998,2,0.9426,942,220,5,220,9,1,281,24925379128690,24925443349490,64220,0,1,63399,66593,0,,,,283,220,9,0,0,0,86,0,0
285,scan,284,0,24925529227400,,24925529353416,24925530839054,43.014,1.0093,1.1138,3.1010,2,0.9293,929,220,3,220,10,1,282,24925428986165,24925496447554,67461,0,1,63399,66612,0,,,,284,220,10,0,0,0,86,0,0
286,scan,285,0,24925579356237,,24925579488873,24925580824791,43.064,1.0018,1.1141,3.1005,2,0.9195,919,220,4,220,5,1,283,24925479312310,24925546302671,66990,0,1,63399,66597,0,,,,285,220,5,0,0,0,86,0,0
287,scan,286,0,24925629296310,,24925629425973,24925630884909,43.114,0.9868,1.1147,3.1005,2,0.8951,895,220,4,220,4,1,284,24925529270624,24925596884578,67613,0,1,63399,66612,0,,,,286,220,4,0,0,0,86,0,0
288,scan,287,0,24925679583856,,24925679713413,24925681848563,43.164,0.9794,1.1150,3.1012,2,0.9013,901,220,3,220,6,1,285,24925579401951,24925643746110,64344,0,1,63399,66531,0,,,,287,220,6,0,0,0,86,0,0
289,scan,288,0,24925729495638,,24925729622147,24925731825237,43.214,0.9644,1.1156,3.1019,2,0.8765,876,220,2,220,4,1,286,24925629339509,24925693842211,64502,0,1,63399,66460,0,,,,288,220,4,0,0,0,86,0,0
290,scan,289,0,24925779405312,,24925779531782,24925781012651,43.264,0.9569,1.1159,3.1017,2,0.8827,882,220,2,220,4,1,287,24925679629047,24925747303859,67674,0,1,63399,66485,0,,,,289,220,4,0,0,0,86,0,0
291,scan,290,0,24925829340639,,24925829459266,24925830994405,43.314,0.9420,1.1165,3.1017,2,0.8721,872,220,2,220,2,1,288,24925729536977,24925796776649,67239,0,1,63399,66509,0,,,,290,220,2,0,0,0,86,0,0
292,scan,291,0,24925879673985,,24925879813037,24925881872076,43.364,0.9345,1.1168,3.1020,2,0.8648,864,220,1,220,2,1,289,24925779449551,24925844933350,65483,0,1,63399,66459,0,,,,291,220,2,0,0,0,86,0,0
293,scan,292,0,24925930205349,,24925930334951,24925931823501,43.414,0.9195,1.1174,3.1025,2,0.8513,851,220,0,220,2,1,290,24925829379938,24925896748964,67369,0,1,63399,66476,0,,,,292,220,2,0,0,0,86,0,0
294,scan,293,0,24925979868875,,24925980203951,24925981970324,43.464,0.9121,1.1177,3.1024,2,0.8501,850,220,0,220,2,1,291,24925879721141,24925947377903,67656,0,1,63399,66480,0,,,,293,220,2,0,0,0,86,0,0
295,scan,294,0,24926030289067,,24926030421749,24926031846890,43.514,0.8971,1.1183,3.1023,2,0.8315,831,220,1,220,2,1,292,24925930249777,24925997542939,67293,0,1,63399,66466,0,,,,294,220,2,0,0,0,86,0,0
296,scan,295,0,24926079952228,,24926080131995,24926081950038,43.564,0.8897,1.1186,3.1025,2,0.8191,819,220,0,220,2,1,293,24925979964747,24926047475238,67510,0,1,63399,66468,0,,,,295,220,2,0,0,0,86,0,0
297,scan,296,0,24926130132682,,24926130257433,24926131893102,43.614,0.8822,1.1189,3.1027,2,0.8005,800,220,0,220,2,1,294,24926030330705,24926098052225,67721,0,1,63399,66496,0,,,,296,220,2,0,0,0,86,0,0
298,scan,297,0,24926179797180,,24926179989103,24926181922874,43.664,0.8673,1.1195,3.1029,2,0.8114,811,220,0,220,2,1,295,24926080035210,24926147434341,67399,0,1,63399,66492,0,,,,297,220,2,0,0,0,86,0,0
299,scan,298,0,24926230162038,,24926230354855,24926231924978,43.714,0.8598,1.1198,3.1028,2,0.7891,789,220,0,220,0,1,296,24926130176148,24926197501266,67325,0,1,63399,66481,0,,,,298,220,0,0,0,0,86,0,0
300,scan,299,0,24926279673175,,24926279838900,24926281954017,43.764,0.8449,1.1203,3.1029,2,0.7669,766,220,-1,220,0,1,297,24926179841710,24926247443681,67601,0,1,63399,66467,0,,,,299,220,0,0,0,0,86,0,0
301,scan,300,0,24926329854169,,24926330011060,24926331930269,43.814,0.8374,1.1206,3.1030,2,0.7633,763,220,-1,220,0,1,298,24926230231796,24926297700579,67468,0,1,63399,66463,0,,,,300,220,0,0,0,0,86,0,0
302,scan,301,0,24926379868575,,24926380093178,24926381923759,43.864,0.8224,1.1212,3.1030,2,0.7590,759,220,-1,220,0,1,299,24926279718535,24926346257949,66539,0,1,63399,66435,0,,,,301,220,0,0,0,0,86,0,0
303,scan,302,0,24926430111669,,24926430246708,24926431835911,43.914,0.8150,1.1215,3.1029,2,0.7515,751,220,-1,220,0,1,300,24926329901324,24926397331748,67430,0,1,63399,66418,0,,,,302,220,0,0,0,0,86,0,0
304,scan,303,0,24926480379153,,24926480515158,24926482794536,43.964,0.8000,1.1221,3.1029,2,0.7424,742,220,-1,220,0,1,301,24926379976494,24926444800842,64824,0,1,63399,66454,0,,,,303,220,0,0,0,0,86,0,0
305,scan,304,0,24926530231158,,24926530359857,24926532794991,44.014,0.7925,1.1224,3.1029,2,0.7139,713,220,-1,220,0,1,302,24926430158322,24926497503599,67345,0,1,63399,66474,0,,,,304,220,0,0,0,0,86,0,0
306,scan,305,0,24926580561831,,24926580844231,24926582861974,44.064,0.7776,1.1229,3.1030,2,0.7174,717,220,-1,220,0,1,303,24926480425571,24926548289235,67863,0,1,63399,66564,0,,,,305,220,0,0,0,0,86,0,0
307,scan,306,0,24926630319914,,24926630492813,24926632718619,44.114,0.7701,1.1232,3.1029,2,0.7159,715,220,-1,220,0,1,304,24926530276566,24926597958672,67682,0,1,63399,66652,0,,,,306,220,0,0,0,0,86,0,0
308,scan,307,0,24926679994495,,24926680165163,24926681954432,44.164,0.7552,1.1238,3.1029,2,0.6899,689,220,-1,220,0,1,305,24926580653371,24926648495281,67841,0,1,63399,66745,0,,,,307,220,0,0,0,0,86,0,0
309,scan,308,0,24926730267374,,24926730432376,24926732763420,44.214,0.7477,1.1241,3.1029,2,0.6864,686,220,-1,220,0,1,306,24926630375393,24926697194274,66818,0,1,63399,66805,0,,,,308,220,0,0,0,0,86,0,0
310,scan,309,0,24926780144082,,24926780286668,24926781928358,44.264,0.7327,1.1247,3.1030,2,0.6702,670,220,-1,220,0,1,307,24926680074149,24926748252306,68178,0,1,63399,66906,0,,,,309,220,0,0,0,0,86,0,0
311,scan,310,0,24926830247344,,24926830408869,24926831931522,44.314,0.7252,1.1250,3.1030,2,0.6647,664,220,-1,220,0,1,308,24926730324571,24926797574539,67249,0,1,63399,66984,0,,,,310,220,0,0,0,0,86,0,0
312,scan,311,0,24926880258274,,24926880380154,24926882738172,44.364,0.7103,1.1255,3.1029,2,0.6706,670,220,-1,220,0,1,309,24926780203239,24926847537334,67334,0,1,63399,67058,0,,,,311,220,0,0,0,0,86,0,0
313,scan,312,0,24926930099579,,24926930243385,24926931836325,44.414,0.7028,1.1258,3.1029,2,0.6472,647,220,-1,220,0,1,310,24926830309198,24926894579116,64269,0,1,63399,66982,0,,,,312,220,0,0,0,0,86,0,0
314,scan,313,0,24926980421749,,24926980606124,24926982944123,44.464,0.6953,1.1261,3.1029,2,0.6223,622,220,-1,220,0,1,311,24926880295818,24926947583785,67287,0,1,63399,66982,0,,,,313,220,0,0,0,0,86,0,0
315,scan,314,0,24927030478769,,24927030661797,24927032797365,44.514,0.6804,1.1267,3.1029,2,0.6316,631,220,-1,220,0,1,312,24926930149336,24926997722360,67573,0,1,63399,66984,0,,,,314,220,0,0,0,0,86,0,0
316,scan,315,0,24927080358546,,24927080516951,24927082801496,44.564,0.6729,1.1270,3.1029,2,0.6255,625,220,-1,220,0,1,313,24926980478557,24927047632900,67154,0,1,63399,66981,0,,,,315,220,0,0,0,0,86,0,0
317,scan,316,0,24927130243396,,24927130392175,24927131924702,44.614,0.6580,1.1276,3.1029,2,0.6054,605,220,-1,220,0,1,314,24927030543713,24927095124841,64581,0,1,63399,66907,0,,,,316,220,0,0,0,0,86,0,0
318,scan,317,0,24927181027992,,24927181290454,24927182859086,44.664,0.6505,1.1278,3.1029,2,0.5889,588,220,-1,220,0,1,315,24927080416040,24927145079419,64663,0,1,63399,66843,0,,,,317,220,0,0,0,0,86,0,0
319,scan,318,0,24927230856413,,24927230996882,24927232846130,44.714,0.6356,1.1284,3.1029,2,0.5830,582,220,-1,220,0,1,316,24927130293349,24927197673881,67380,0,1,63399,66842,0,,,,318,220,0,0,0,0,86,0,0
320,scan,319,0,24927280838657,,24927280978659,24927282944195,44.764,0.6281,1.1287,3.1029,2,0.5904,590,220,-1,220,0,1,317,24927181077603,24927248697782,67620,0,1,63399,66848,0,,,,319,220,0,0,0,0,86,0,0
321,scan,320,0,24927330677990,,24927330809712,24927332973911,44.814,0.6131,1.1293,3.1029,2,0.5565,556,220,-1,220,-1,1,318,24927230904738,24927298081093,67176,0,1,63399,66845,0,,,,320,220,-1,0,0,0,86,0,0
322,scan,321,0,24927380942583,,24927381060672,24927382866974,44.864,0.6057,1.1296,3.1029,2,0.5578,557,220,-1,220,0,1,319,24927280889755,24927345392683,64502,0,1,63399,66793,0,,,,321,220,0,0,0,0,86,0,0
323,scan,322,0,24927430874270,,24927431012647,24927432968027,44.914,0.5907,1.1302,3.1029,2,0.5511,551,220,-1,220,-1,1,320,24927330723585,24927395015073,64291,0,1,63399,66712,0,,,,322,220,-1,0,0,0,86,0,0
324,scan,323,0,24927480832004,,24927481110333,24927482819377,44.964,0.5832,1.1304,3.1029,2,0.5484,548,220,-1,220,0,1,321,24927380987064,24927445230776,64243,0,1,63399,66712,0,,,,323,220,0,0,0,0,86,0,0
325,scan,324,0,24927530894309,,24927531025650,24927532891236,45.014,0.5683,1.1310,3.1029,2,0.5431,543,220,-1,220,0,1,322,24927430921682,24927497734404,66812,0,1,63399,66696,0,,,,324,220,0,0,0,0,86,0,0
326,scan,325,0,24927580895969,,24927581040004,24927582908330,45.064,0.5608,1.1313,3.1029,2,0.5189,518,220,-1,220,-1,1,323,24927480881059,24927544117450,63236,0,1,63399,66602,0,,,,325,220,-1,0,0,0,86,0,0
327,scan,326,0,24927630937786,,24927631068169,24927632888423,45.114,0.5459,1.1319,3.1029,2,0.5102,510,220,-1,220,0,1,324,24927530938365,24927594274351,63335,0,1,63399,66495,0,,,,326,220,0,0,0,0,86,0,0
328,scan,327,0,24927680817922,,24927680974936,24927682891457,45.164,0.5384,1.1322,3.1028,2,0.5033,503,220,0,220,-1,1,325,24927580948389,24927645235816,64287,0,1,63399,66494,0,,,,327,220,-1,0,0,0,86,0,0
329,scan,328,0,24927730855197,,24927730979178,24927732898900,45.214,0.5234,1.1328,3.1028,2,0.4863,486,220,0,220,0,1,326,24927630979241,24927695305113,64325,0,1,63399,66489,0,,,,328,220,0,0,0,0,86,0,0
330,scan,329,0,24927780939426,,24927781089370,24927782883866,45.264,0.5160,1.1330,3.1027,2,0.4820,481,220,0,220,-1,1,327,24927680872030,24927748461833,67589,0,1,63399,66487,0,,,,329,220,-1,0,0,0,86,0,0
331,scan,330,0,24927830995196,,24927831151991,24927832893517,45.314,0.5085,1.1333,3.1027,2,0.4784,478,220,0,220,0,1,328,24927730894223,24927798265529,67371,0,1,63399,66491,0,,,,330,220,0,0,0,0,86,0,0
332,scan,331,0,24927881326702,,24927881522754,24927883935806,45.364,0.4935,1.1339,3.1027,2,0.4661,466,220,0,220,0,1,329,24927780983970,24927848190237,67206,0,1,63399,66534,0,,,,331,220,0,0,0,0,86,0,0
333,scan,332,0,24927931103165,,24927931232937,24927932841146,45.414,0.4861,1.1342,3.1027,2,0.4594,459,220,0,220,-1,1,330,24927831046661,24927897273133,66226,0,1,63399,66505,0,,,,332,220,-1,0,0,0,86,0,0
334,scan,333,0,24927981306362,,24927981434038,24927982926762,45.464,0.4711,1.1348,3.1026,2,0.4453,445,220,0,220,0,1,331,24927881417215,24927947982278,66565,0,1,63399,66478,0,,,,333,220,0,0,0,0,86,0,0
335,scan,334,0,24928031388277,,24928031523545,24928033736045,45.514,0.4637,1.1351,3.1026,2,0.4507,450,220,0,220,-1,1,332,24927931148870,24927998101379,66952,0,1,63399,66469,0,,,,334,220,-1,0,0,0,86,0,0
336,scan,335,0,24928081509454,,24928081662060,24928083768507,45.564,0.4487,1.1357,3.1026,2,0.4194,419,220,0,220,0,1,333,24927981353300,24928048846656,67493,0,1,63399,66469,0,,,,335,220,0,0,0,0,86,0,0
337,scan,336,0,24928131267362,,24928131413426,24928132853230,45.614,0.4412,1.1360,3.1025,2,0.4270,427,220,0,220,0,1,334,24928031436181,24928098040814,66604,0,1,63399,66441,0,,,,336,220,0,0,0,0,86,0,0
338,scan,337,0,24928181489141,,24928181606099,24928183821967,45.664,0.4263,1.1365,3.1025,2,0.4195,419,220,0,220,0,1,335,24928081554078,24928149804996,68250,0,1,63399,66462,0,,,,337,220,0,0,0,0,86,0,0
339,scan,338,0,24928231529688,,24928231660007,24928233734600,45.714,0.4188,1.1368,3.1025,2,0.4111,411,220,0,220,0,1,336,24928131314315,24928197940367,66626,0,1,63399,66445,0,,,,338,220,0,0,0,0,86,0,0
340,scan,339,0,24928281517888,,24928281659107,24928283800060,45.764,0.4039,1.1374,3.1026,2,0.4033,403,220,0,220,0,1,337,24928181534883,24928248771025,67236,0,1,63399,66436,0,,,,339,220,0,0,0,0,86,0,0
341,scan,340,0,24928331553425,,24928331695589,24928333777117,45.814,0.3964,1.1377,3.1025,2,0.3760,376,220,0,220,0,1,338,24928231575291,24928297788194,66212,0,1,63399,66404,0,,,,340,220,0,0,1,0,86,0,0
342,scan,341,0,24928381974808,,24928382138259,24928383929436,45.864,0.3814,1.1383,3.1025,2,0.3782,378,220,0,220,-1,1,339,24928281566508,24928349010166,67443,0,1,63399,66427,0,,,,341,220,-1,0,1,0,86,0,0
343,scan,342,0,24928431929022,,24928432250639,24928433891388,45.914,0.3740,1.1386,3.1025,2,0.3659,365,220,0,220,0,1,340,24928331596746,24928399437926,67841,0,1,63399,66437,0,,,,342,220,0,0,1,0,86,0,0
344,scan,343,0,24928481959310,,24928482096353,24928484926927,45.964,0.3590,1.1392,3.1025,2,0.3607,360,220,0,220,-1,1,341,24928382035119,24928446460234,64425,0,1,63399,66427,0,,,,343,220,-1,0,1,0,86,0,0
345,scan,344,0,24928532202408,,24928532341340,24928533829951,46.014,0.3515,1.1395,3.1025,2,0.3602,360,220,0,220,0,1,342,24928431977710,24928496602069,64624,0,1,63399,66359,0,,,,344,220,0,0,1,0,86,0,0
346,scan,345,0,24928581986409,,24928582113422,24928583871965,46.064,0.3366,1.1400,3.1025,2,0.3586,358,220,0,220,-1,1,343,24928482005276,24928553560117,71554,0,1,63399,66451,0,,,,345,220,-1,0,1,0,86,0,0
347,scan,346,0,24928632090266,,24928632232782,24928633967304,46.114,0.3291,1.1403,3.1025,2,0.3317,331,220,0,220,-1,1,343,,,,1,1,63399,66420,0,,,,346,220,-1,0,1,0,86,0,0
348,scan,347,0,24928682000238,,24928682125834,24928683924767,46.164,0.3216,1.1406,3.1024,2,0.3381,338,220,0,220,1,1,344,24928532251041,24928646789046,114538,0,1,63399,67617,0,,,,347,220,1,0,1,0,86,0,0
349,scan,348,0,24928731987417,,24928732137734,24928733885606,46.214,0.3067,1.1412,3.1024,2,0.3334,333,220,0,220,1,1,346,24928632140338,24928719075324,86934,0,1,63399,68133,0,,,,348,220,1,0,1,0,86,0,0
350,scan,349,0,24928781986297,,24928782132846,24928783853756,46.264,0.2992,1.1415,3.1023,2,0.3322,332,220,1,220,1,1,346,,,,1,1,63399,68132,0,,,,349,220,1,0,1,0,86,0,0
351,scan,350,0,24928831649593,,24928831789862,24928833843792,46.314,0.2843,1.1421,3.1024,2,0.3317,331,220,0,220,2,1,347,24928682042429,24928785021615,102979,0,1,63399,69072,0,,,,350,220,2,0,1,0,86,0,0
352,scan,351,0,24928882055821,,24928882199617,24928883847533,46.364,0.2768,1.1424,3.1025,2,0.3166,316,220,0,220,2,1,347,,,,1,1,63399,69119,0,,,,351,220,2,0,1,0,86,0,0
353,scan,352,0,24928931971306,,24928932149068,24928933795452,46.414,0.2618,1.1430,3.1026,2,0.3056,305,220,0,220,2,1,347,,,,1,1,63399,69254,0,,,,352,220,2,0,1,0,86,0,0
354,scan,353,0,24928982485083,,24928982639152,24928984779205,46.464,0.2544,1.1433,3.1027,2,0.3121,312,220,0,220,2,1,349,24928782035663,24928979137845,197102,0,1,63399,72860,0,,,,353,220,2,0,1,0,86,0,0
355,scan,354,0,24929032572258,,24929032727748,24929034871839,46.514,0.2394,1.1438,3.1028,2,0.3074,307,220,0,220,-1,1,351,24928882107029,24929015028682,132921,0,1,63399,74675,0,,,,354,220,-1,0,1,0,86,0,0
356,scan,355,0,24929082619370,,24929082771165,24929084930983,46.564,0.2319,1.1441,3.1029,2,0.3082,308,220,-1,220,-1,1,351,,,,1,1,63399,74890,0,,,,355,220,-1,0,1,0,86,0,0
357,scan,356,0,24929132413015,,24929132531360,24929134786990,46.614,0.2170,1.1447,3.1029,2,0.3011,301,220,-1,220,0,1,352,24928932059685,24929116544498,184484,0,1,63399,78316,0,,,,356,220,0,0,1,0,86,0,0
358,scan,357,0,24929182645877,,24929182835587,24929184782191,46.664,0.2095,1.1450,3.1028,2,0.2982,298,220,0,220,0,1,354,24929032623830,24929182736996,150113,0,1,63399,80757,0,,,,357,220,0,0,1,0,86,0,0
359,scan,358,0,24929232643374,,24929232784610,24929235094406,46.714,0.1946,1.1456,3.1027,2,0.3051,305,220,0,220,0,1,354,,,,1,1,63399,81150,0,,,,358,220,0,0,1,0,86,0,0
360,scan,359,1,24929283194695,,24929283321197,24929285830962,46.764,0.1871,1.1459,3.1028,2,0.2973,297,220,0,220,0,1,355,24929082673581,24929261962217,179288,0,1,63399,84435,1,24929283296592,,,359,106,0,1,1,33,87,0,0
361,scan,360,1,24929332639261,,24929332770861,24929334819696,46.814,0.1733,1.1464,3.1043,2,0.3066,306,220,-3,220,0,1,356,24929132452890,24929291041069,158588,0,1,63399,87123,1,,,,360,116,-3,1,1,0,87,0,0
362,scan,361,1,24929382834395,,24929382961744,24929384856772,46.864,0.1681,1.1466,3.1106,2,0.3078,307,220,-16,220,0,1,357,24929182695308,24929345259485,162564,0,1,63399,90008,1,,,,361,117,-16,1,1,0,87,0,0
363,scan,362,1,24929433057610,,24929433186475,24929434894471,46.914,0.1599,1.1468,3.1282,2,0.3033,303,220,-51,220,0,1,357,,,,1,1,63399,90787,1,,,,362,113,-51,1,1,0,87,0,0
364,scan,363,1,24929483051005,,24929483179064,24929484902783,46.964,0.1560,1.1468,3.1280,2,0.3015,301,220,-51,220,0,1,359,24929283239326,24929476918949,193679,0,1,63399,94709,1,,,,363,111,-51,1,1,0,87,0,0
365,scan,364,1,24929533319965,,24929533467217,24929535737797,47.014,0.1521,1.1469,3.1212,2,0.2978,297,220,-38,220,0,1,359,,,,1,1,63399,95581,1,,,,364,106,-38,1,1,0,87,0,0
366,scan,365,1,24929583266866,,24929583392581,24929584911261,47.064,0.1446,1.1471,3.1093,2,0.3242,324,220,-14,220,0,1,359,,,,1,1,63399,96624,1,,,,365,136,-14,1,1,0,87,0,0
367,scan,366,1,24929632838523,,24929632967626,24929634839598,47.114,0.1410,1.1472,3.1101,2,0.3324,332,220,-16,220,-15,1,361,24929382878723,24929586880284,204001,0,1,63399,101162,1,,,,366,145,-16,1,1,0,87,0,0
368,scan,367,1,24929682800863,,24929682931615,24929684858264,47.164,0.1310,1.1475,3.1159,2,0.3262,326,220,-28,220,-47,1,362,24929433096752,24929646059503,212962,0,1,63399,105958,1,,,,367,138,-28,1,1,0,87,0,0
369,scan,368,1,24929732857154,,24929732996181,24929734996131,47.214,0.1261,1.1476,3.1157,2,0.3471,347,220,-27,220,-47,1,363,24929483098233,24929684680155,201581,0,1,63399,110386,1,,,,368,161,-27,1,1,0,87,0,0
370,scan,369,1,24929782709456,,24929782835806,24929784854438,47.264,0.1157,1.1479,3.1100,2,1.0222,1022,220,-16,220,-47,1,363,,,,1,1,63399,111812,1,,,,369,220,-16,1,0,0,87,0,0
371,scan,370,1,24929832914763,,24929833053027,24929834854622,47.314,0.1102,1.1481,3.1090,2,1.0157,1015,220,-14,220,-34,1,364,24929533365040,24929810333504,276968,0,1,63399,118799,1,,,,370,220,-14,1,0,0,87,0,0
372,scan,371,1,24929883087133,,24929883216719,24929884922546,47.364,0.0961,1.1485,3.1112,2,1.0178,1017,220,-19,220,-14,1,366,24929632882113,24929862335634,229453,0,1,63399,124207,1,,,,371,220,-19,1,0,0,87,0,0
373,scan,372,1,24929933169742,,24929933295880,24929935728075,47.414,0.0886,1.1488,3.1114,2,1.0080,1007,220,-19,220,-26,1,367,24929682845908,24929909467644,226621,0,1,63399,129553,1,,,,372,220,-19,1,0,0,87,0,0
374,scan,373,1,24929983002720,,24929983130626,24929984882030,47.464,0.0737,1.1492,3.1084,2,0.9878,987,220,-13,220,-26,1,367,,,,1,1,63399,131725,1,,,,373,220,-13,1,0,0,87,0,0
375,scan,374,1,24930032979759,,24930033113350,24930034845046,47.514,0.0662,1.1495,3.1070,2,0.9847,984,220,-11,220,-25,1,368,24929732906286,24929988164894,255258,0,1,63399,138219,1,,,,374,220,-11,1,0,0,87,0,0
376,scan,375,1,24930083388580,,24930083515160,24930085859513,47.564,0.0512,1.1500,3.1068,2,0.9808,980,220,-10,220,-14,1,369,24929782753245,24930061766758,279013,0,1,63399,145512,1,,,,375,220,-10,1,0,0,87,0,0
377,scan,376,1,24930133753436,,24930133892303,24930135943581,47.614,0.0438,1.1503,3.1071,2,0.9859,985,220,-11,220,-16,1,371,24929883131134,24930129130069,245998,0,1,63399,151698,1,,,,376,220,-11,1,0,0,87,0,0
378,scan,377,1,24930183696429,,24930183829994,24930185925831,47.664,0.0288,1.1508,3.1063,2,0.9663,966,220,-9,220,-16,1,371,,,,1,1,63399,154679,1,,,,377,220,-9,1,0,0,87,0,0
379,scan,378,1,24930234164360,,24930234340166,24930235913412,47.714,0.0213,1.1510,3.1054,2,0.9565,956,220,-8,220,-16,1,372,24929933213715,24930195949774,262736,0,1,63399,161683,1,,,,378,220,-8,1,0,0,87,0,0
380,scan,379,1,24930284195530,,24930284328819,24930285893486,47.764,0.0064,1.1516,3.1047,2,0.9418,941,220,-6,220,-11,1,373,24929983047011,24930259505907,276458,0,1,63399,169155,1,,,,379,220,-6,1,0,0,87,0,0
381,scan,380,1,24930333953110,,24930334088017,24930335849363,47.814,-0.0011,1.1519,3.1047,2,0.9453,945,220,-7,220,-11,1,373,,,,1,1,63399,172968,1,,,,380,220,-7,1,0,0,87,0,0
382,scan,381,1,24930384205810,,24930384363461,24930386958303,47.864,-0.0086,1.1521,3.1047,2,0.9343,934,220,-7,220,-10,1,374,24930033026280,24930360618857,327592,0,1,63399,182603,1,,,,381,220,-7,1,0,0,87,0,0
383,scan,382,1,24930434266715,,24930434394003,24930436765279,47.914,-0.0235,1.1527,3.1041,2,0.9329,932,220,-5,220,-10,1,376,24930133796698,24930425607366,291810,0,1,63399,190898,1,,,,382,220,-5,1,0,0,87,0,0
384,scan,383,1,24930483987397,,24930484166083,24930485806811,47.964,-0.0310,1.1530,3.1037,2,0.9175,917,220,-5,220,-10,1,376,,,,1,1,63399,195762,1,,,,383,220,-5,1,0,0,87,0,0
385,scan,384,1,24930533922991,,24930534072082,24930535946889,48.014,-0.0460,1.1536,3.1033,2,0.9250,924,220,-4,220,-7,1,377,24930183740978,24930497241236,313500,0,1,63399,205334,1,,,,384,220,-4,1,0,0,87,0,0
386,scan,385,1,24930583704774,,24930583842262,24930585916785,48.064,-0.0534,1.1538,3.1033,2,0.9106,910,220,-4,220,-6,1,378,24930234234660,24930537170596,302935,0,1,63399,214234,1,,,,385,220,-4,1,0,0,87,0,0
387,scan,386,1,24930633702042,,24930633860693,24930635826819,48.114,-0.0684,1.1544,3.1031,2,0.9017,901,220,-4,220,-5,1,379,24930284237157,24930599209813,314972,0,1,63399,217965,1,,,,386,220,-4,1,0,0,87,0,0
388,scan,387,1,24930683969924,,24930684141695,24930685873938,48.164,-0.0759,1.1547,3.1029,2,0.8973,897,220,-3,220,-6,1,380,24930333999473,24930663849922,329850,0,1,63399,225939,1,,,,387,220,-3,1,0,0,87,0,0
389,scan,388,1,24930734269156,,24930734419346,24930736139256,48.214,-0.0908,1.1553,3.1026,2,0.8807,880,220,-3,220,-6,1,381,24930384282199,24930713675851,329393,0,1,63399,234919,1,,,,388,220,-3,1,0,0,87,0,0
390,scan,389,1,24930783985719,,24930784176939,24930785811957,48.264,-0.0983,1.1556,3.1025,2,0.8968,896,220,-2,220,-6,1,381,,,,1,1,63399,234919,1,,,,389,220,-2,1,0,0,87,0,0
391,scan,390,1,24930834201695,,24930834328902,24930835852477,48.314,-0.1132,1.1562,3.1024,2,0.8830,882,220,-2,220,-4,1,383,24930484079525,24930830576416,346496,0,1,63399,243938,1,,,,390,220,-2,1,0,0,87,0,0
392,scan,391,1,24930884827308,,24930884960745,24930886931704,48.364,-0.1207,1.1565,3.1023,2,0.8826,882,220,-2,220,-2,1,389,24930784094192,24930851181116,67086,0,1,63399,237622,1,,,,391,220,-2,1,0,0,87,0,0
393,scan,392,1,24930934751484,,24930934885195,24930936955094,48.414,-0.1357,1.1570,3.1021,2,0.8659,865,220,-2,220,-1,1,390,24930834248881,24930907163432,72914,0,1,63399,231943,1,,,,392,220,-2,1,0,0,87,0,0
394,scan,393,1,24930984830318,,24930985002498,24930986976955,48.464,-0.1431,1.1573,3.1021,2,0.8684,868,220,-2,220,-1,1,391,24930884874309,24930950468579,65594,0,1,63399,227408,1,,,,393,220,-2,1,0,0,87,0,0
395,scan,394,1,24931034600839,,24931034757994,24931036839107,48.514,-0.1581,1.1579,3.1020,2,0.8671,867,220,-1,220,0,1,392,24930934798839,24930999503247,64704,0,1,63399,225056,1,,,,394,220,-1,1,0,0,87,0,0
396,scan,395,1,24931084832422,,24931084958197,24931086932377,48.564,-0.1656,1.1582,3.1019,2,0.8776,877,220,-1,220,-1,1,393,24930984888672,24931052360181,67471,0,1,63399,219803,1,,,,395,220,-1,1,0,0,87,0,0
397,scan,396,1,24931135041465,,24931135244490,24931136896684,48.614,-0.1805,1.1588,3.1018,2,0.8740,874,220,-1,220,0,1,394,24931034654031,24931101976721,67322,0,1,63399,215897,1,,,,396,220,-1,1,0,0,87,0,0
398,scan,397,1,24931184557337,,24931184675596,24931186771795,48.664,-0.1880,1.1591,3.1018,2,0.8744,874,220,-1,220,-1,1,395,24931084876107,24931152409341,67533,0,1,63399,213145,1,,,,397,220,-1,1,0,0,87,0,0
399,scan,398,1,24931234851973,,24931235002500,24931236903663,48.714,-0.1954,1.1594,3.1018,2,0.8726,872,220,-1,220,0,1,396,24931135105446,24931202733709,67628,0,1,63399,208451,1,,,,398,220,-1,1,0,0,87,0,0
400,scan,399,1,24931284608229,,24931284739311,24931286817739,48.764,-0.2104,1.1600,3.1017,2,0.8524,852,220,-1,220,-1,1,397,24931184601499,24931252084483,67482,0,1,63399,204844,1,,,,399,220,-1,1,0,0,87,0,0
401,scan,400,1,24931334807652,,24931334971006,24931336844011,48.814,-0.2179,1.1603,3.1017,2,0.8671,867,220,-1,220,-1,1,398,24931234912981,24931301932677,67019,0,1,63399,201890,1,,,,400,220,-1,1,0,0,87,0,0
402,scan,401,1,24931384674749,,24931384833165,24931386937782,48.864,-0.2328,1.1609,3.1016,2,0.8549,854,220,-1,220,0,1,399,24931284653219,24931352076075,67422,0,1,63399,198821,1,,,,401,220,-1,1,0,0,87,0,0
403,scan,402,1,24931434676552,,24931434806315,24931436910617,48.914,-0.2403,1.1612,3.1016,2,0.8698,869,220,-1,220,-1,1,400,24931334886101,24931402194212,67308,0,1,63399,194711,1,,,,402,220,-1,1,0,0,87,0,0
404,scan,403,1,24931484892808,,24931485055131,24931486849265,48.964,-0.2552,1.1618,3.1015,2,0.9276,927,220,-1,220,0,1,401,24931384724402,24931451983623,67259,0,1,63399,190761,1,,,,403,220,-1,1,0,0,87,0,0
405,scan,404,1,24931534817672,,24931534966572,24931536941065,49.014,-0.2627,1.1621,3.1015,2,1.0350,1035,220,-1,220,-1,1,402,24931434722552,24931502083955,67361,0,1,63399,187021,1,,,,404,220,-1,1,0,0,87,0,0
406,scan,405,1,24931585070086,,24931585209195,24931586804551,49.064,-0.2777,1.1627,3.1014,2,1.0288,1028,220,0,220,2,1,403,24931484940162,24931549364070,64423,0,1,63399,183415,1,,,,405,220,0,1,0,0,87,0,0
407,scan,406,1,24931635244704,,24931635387368,24931636862546,49.114,-0.2851,1.1630,3.1013,2,1.0318,1031,220,0,220,1,1,404,24931534872296,24931598970094,64097,0,1,63399,179301,1,,,,406,220,0,1,0,0,87,0,0
408,scan,407,1,24931685068263,,24931685196482,24931687010149,49.164,-0.3001,1.1636,3.1013,2,1.0297,1029,220,0,220,2,1,405,24931585117313,24931649280336,64163,0,1,63399,174924,1,,,,407,220,0,1,0,0,87,0,0
409,scan,408,1,24931735123601,,24931735260825,24931736901690,49.214,-0.3076,1.1639,3.1013,2,1.0270,1026,220,0,220,2,1,406,24931635294528,24931699898527,64603,0,1,63399,170895,1,,,,408,220,0,1,0,0,87,0,0
410,scan,409,1,24931785156111,,24931785283537,24931786895531,49.264,-0.3225,1.1645,3.1014,2,1.0240,1024,220,0,220,2,1,407,24931685110720,24931749428421,64317,0,1,63399,167850,1,,,,409,220,0,1,0,0,87,0,0
411,scan,410,1,24931835184850,,24931835318826,24931836842730,49.314,-0.3300,1.1648,3.1014,2,1.0273,1027,220,0,220,2,1,408,24931735171446,24931799211148,64039,0,1,63399,161767,1,,,,410,220,0,1,0,0,87,0,0
412,scan,411,1,24931885223103,,24931885348033,24931886941524,49.364,-0.3449,1.1654,3.1013,2,1.0178,1017,220,0,220,3,1,409,24931785197072,24931849409312,64212,0,1,63399,157045,1,,,,411,220,0,1,0,0,87,0,0
413,scan,412,1,24931935374491,,24931935523303,24931937874276,49.414,-0.3524,1.1657,3.1013,2,1.0250,1025,220,0,220,2,1,410,24931835231507,24931902093970,66862,0,1,63399,152481,1,,,,412,220,0,1,0,0,87,0,0
414,scan,413,1,24931985175519,,24931985295257,24931986861860,49.464,-0.3673,1.1663,3.1013,2,1.0268,1026,220,0,220,1,1,411,24931885264610,24931952863703,67599,0,1,63399,150123,1,,,,413,220,0,1,0,0,87,0,0
415,scan,414,1,24932035250011,,24932035378221,24932036960090,49.514,-0.3748,1.1666,3.1013,2,1.0182,1018,220,0,220,2,1,412,24931935425960,24932001791842,66365,0,1,63399,144876,1,,,,414,220,0,1,0,0,87,0,0
416,scan,415,1,24932085555904,,24932085690778,24932087770182,49.564,-0.3823,1.1669,3.1013,2,1.0389,1038,220,0,220,1,1,413,24931985215415,24932051931958,66716,0,1,63399,138979,1,,,,415,220,0,1,0,0,87,0,0
417,scan,416,1,24932136225753,,24932136356042,24932137801768,49.614,-0.3972,1.1675,3.1013,2,1.0244,1024,220,0,220,2,1,414,24932035293163,24932101896398,66603,0,1,63399,133996,1,,,,416,220,0,1,0,0,87,0,0
418,scan,417,1,24932185699642,,24932185816464,24932187785114,49.664,-0.4047,1.1678,3.1013,2,1.0215,1021,220,0,220,2,1,415,24932085604445,24932152682225,67077,0,1,63399,132187,1,,,,417,220,0,1,0,0,87,0,0
419,scan,418,1,24932235590129,,24932235742845,24932237797879,49.714,-0.4197,1.1684,3.1013,2,1.0365,1036,220,0,220,3,1,416,24932136273546,24932203820363,67546,0,1,63399,126912,1,,,,418,220,0,1,0,0,87,0,0
420,scan,419,1,24932285817734,,24932285945786,24932288756960,49.764,-0.4271,1.1687,3.1013,2,1.0295,1029,220,0,220,2,1,417,24932185743635,24932253418335,67674,0,1,63399,121269,1,,,,419,220,0,1,0,0,87,0,0
421,scan,420,1,24932335885741,,24932336079106,24932337858068,49.814,-0.4421,1.1693,3.1013,2,1.0255,1025,220,0,220,1,1,418,24932235640522,24932301805061,66164,0,1,63399,119819,1,,,,420,220,0,1,0,0,87,0,0
422,scan,421,1,24932385819503,,24932385982023,24932387802456,49.864,-0.4496,1.1696,3.1013,2,1.0195,1019,220,0,220,2,1,419,24932285862892,24932353157581,67294,0,1,63399,112969,1,,,,421,220,0,1,0,0,87,0,0
423,scan,422,1,24932436055382,,24932436236495,24932437853146,49.914,-0.4645,1.1702,3.1013,2,1.0351,1035,220,0,220,1,1,420,24932335935296,24932400569750,64634,0,1,63399,106990,1,,,,422,220,0,1,0,0,87,0,0
424,scan,423,1,24932485803576,,24932485936377,24932487836955,49.964,-0.4720,1.1705,3.1013,2,1.0192,1019,220,0,220,3,1,421,24932385874185,24932453237621,67363,0,1,63399,105974,1,,,,423,220,0,1,0,0,87,0,0
425,scan,424,1,24932535704412,,24932535854637,24932537847338,50.014,-0.4869,1.1711,3.1013,2,1.0174,1017,220,0,220,1,1,422,24932436117750,24932503380430,67262,0,1,63399,99661,1,,,,424,220,0,1,0,0,87,0,0
426,scan,425,1,24932586001867,,24932586133938,24932587834477,50.064,-0.4944,1.1714,3.1013,2,1.0175,1017,220,0,220,3,1,423,24932485849813,24932553250337,67400,0,1,63399,93621,1,,,,425,220,0,1,0,0,87,0,0
427,scan,426,1,24932636247784,,24932636491641,24932638976216,50.114,-0.5094,1.1720,3.1013,2,1.0374,1037,220,0,220,1,1,424,24932535756822,24932603402048,67645,0,1,63399,87279,1,,,,426,220,0,1,0,0,87,0,0
428,scan,427,1,24932686033637,,24932686168205,24932688062600,50.164,-0.5168,1.1723,3.1013,2,1.0183,1018,220,0,220,1,1,425,24932586048726,24932653331022,67282,0,1,63399,80547,1,,,,427,220,0,1,0,0,87,0,0
429,scan,428,1,24932736084127,,24932736208040,24932738044573,50.214,-0.5318,1.1729,3.1013,2,1.0087,1008,220,0,220,2,1,426,24932636346376,24932704029111,67682,0,1,63399,73836,1,,,,428,220,0,1,0,0,87,0,0
430,scan,429,1,24932786397405,,24932786522824,24932788739248,50.264,-0.5393,1.1732,3.1013,2,1.0070,1007,220,0,220,1,1,427,24932686079236,24932750580717,64501,0,1,63399,73603,1,,,,429,220,0,1,0,0,87,0,0
431,scan,430,0,24932836521091,,24932836704157,24932838792608,50.314,-0.5542,1.1738,3.1013,2,1.0309,1030,220,0,220,2,1,428,24932736123391,24932803546405,67423,0,1,63399,66626,0,,,,430,220,2,0,0,34,88,0,0
432,scan,431,0,24932886178709,,24932886305705,24932887845290,50.364,-0.5617,1.1741,3.1013,2,1.0149,1014,220,0,220,1,1,429,24932786440869,24932853764450,67323,0,1,63399,66632,0,,,,431,220,1,0,0,0,88,0,0
433,scan,432,0,24932936989888,,24932937146540,24932938911642,50.414,-0.5691,1.1744,3.1014,2,1.0035,1003,220,0,220,2,1,430,24932836577233,24932904081047,67503,0,1,63399,66497,0,,,,432,220,2,0,0,0,88,0,0
434,scan,433,0,24932986945707,,24932987098886,24932988985499,50.464,-0.5841,1.1750,3.1015,2,1.0162,1016,220,-1,220,1,1,431,24932886222189,24932953776849,67554,0,1,63399,66546,0,,,,433,220,1,0,0,0,88,0,0
435,scan,434,0,24933036638747,,24933036776513,24933039000620,50.514,-0.5916,1.1753,3.1015,2,1.0100,1009,220,-1,220,0,1,432,24932937044849,24933004170332,67125,0,1,63399,66606,0,,,,434,220,0,0,0,0,88,0,0
436,scan,435,0,24933086597278,,24933086732228,24933088881572,50.564,-0.6065,1.1759,3.1016,2,1.0090,1009,220,-1,220,2,1,433,24932986994218,24933054078175,67083,0,1,63399,66597,0,,,,435,220,2,0,0,0,88,0,0
437,scan,436,0,24933136788850,,24933136935588,24933138929855,50.614,-0.6140,1.1762,3.1016,2,1.0194,1019,220,-1,220,-1,1,434,24933036693034,24933104302216,67609,0,1,63399,66604,0,,,,436,220,-1,0,0,0,88,0,0
438,scan,437,0,24933186767852,,24933186890034,24933188899779,50.664,-0.6289,1.1768,3.1016,2,1.0255,1025,220,-1,220,0,1,435,24933086642277,24933154094667,67452,0,1,63399,66602,0,,,,437,220,0,0,0,0,88,0,0
439,scan,438,0,24933236710511,,24933236881458,24933238824239,50.714,-0.6364,1.1771,3.1016,2,1.0161,1016,220,-1,220,-1,1,436,24933136837990,24933204087362,67249,0,1,63399,66592,0,,,,438,220,-1,0,0,0,88,0,0
440,scan,439,0,24933286574458,,24933286700905,24933288940024,50.764,-0.6514,1.1777,3.1016,2,1.0145,1014,220,-1,220,0,1,437,24933186813643,24933254271721,67458,0,1,63399,66592,0,,,,439,220,0,0,0,0,88,0,0
441,scan,440,0,24933336789209,,24933336917403,24933338862931,50.814,-0.6588,1.1780,3.1015,2,1.0124,1012,220,-1,220,-1,1,438,24933236769767,24933304063520,67293,0,1,63399,66599,0,,,,440,220,-1,0,0,0,88,0,0
442,scan,441,0,24933387117558,,24933387277687,24933388830939,50.864,-0.6738,1.1786,3.1015,2,1.0070,1007,220,-1,220,1,1,439,24933286614972,24933354167498,67552,0,1,63399,66602,0,,,,441,220,1,0,0,0,88,0,0
443,scan,442,0,24933436797484,,24933436923345,24933438839956,50.914,-0.6813,1.1789,3.1015,2,1.0116,1011,220,-1,220,0,1,440,24933336833229,24933404155955,67322,0,1,63399,66602,0,,,,442,220,0,0,0,0,88,0,0
444,scan,443,0,24933487517202,,24933487655025,24933489832767,50.964,-0.6962,1.1795,3.1015,2,1.0227,1022,220,-1,220,3,1,441,24933387169774,24933453924502,66754,0,1,63399,66590,0,,,,443,220,3,0,0,0,88,0,0
445,scan,444,0,24933537266851,,24933537410559,24933538825226,51.014,-0.7037,1.1798,3.1015,2,1.0097,1009,220,-1,220,2,1,442,24933436838616,24933501487582,64648,0,1,63399,66522,0,,,,444,220,2,0,0,0,88,0,0
446,scan,445,0,24933587081486,,24933587212604,24933588950805,51.064,-0.7186,1.1804,3.1016,2,1.0026,1002,220,-1,220,3,1,443,24933487563837,24933551606712,64042,0,1,63399,66512,0,,,,445,220,3,0,0,0,88,0,0
447,scan,446,0,24933637368161,,24933637509603,24933638880286,51.114,-0.7261,1.1807,3.1017,2,1.0144,1014,220,-1,220,2,1,444,24933537314860,24933601783416,64468,0,1,63399,66522,0,,,,446,220,2,0,0,0,88,0,0
448,scan,447,0,24933687713205,,24933687838523,24933689820008,51.164,-0.7410,1.1813,3.1019,2,1.0082,1008,220,-2,220,-2,1,445,24933587125299,24933651806992,64681,0,1,63399,66534,0,,,,447,220,-2,0,0,0,88,0,0
449,scan,448,0,24933737382981,,24933737537847,24933739738850,51.214,-0.7485,1.1816,3.1020,2,1.0191,1019,220,-2,220,1,1,446,24933637416422,24933700499895,63083,0,1,63399,66496,0,,,,448,220,1,0,0,0,88,0,0
450,scan,449,0,24933787375996,,24933787539574,24933789760177,51.264,-0.7560,1.1819,3.1020,2,1.0234,1023,220,-2,220,-2,1,447,24933687752238,24933751021054,63268,0,1,63399,66470,0,,,,449,220,-2,0,0,0,88,0,0
451,scan,450,0,24933837143324,,24933837266821,24933838819474,51.314,-0.7709,1.1825,3.1019,2,1.0221,1022,220,-2,220,1,1,448,24933737430199,24933801622444,64192,0,1,63399,66474,0,,,,450,220,1,0,0,0,88,0,0
452,scan,451,0,24933887135641,,24933887263137,24933888977741,51.364,-0.7784,1.1828,3.1019,2,1.0082,1008,220,-2,220,0,1,449,24933787439141,24933851877312,64438,0,1,63399,66480,0,,,,451,220,0,0,0,0,88,0,0
453,scan,452,0,24933937533112,,24933937713133,24933939972140,51.414,-0.7934,1.1834,3.1019,2,1.0035,1003,220,-2,220,2,1,450,24933837184040,24933904239747,67055,0,1,63399,66485,0,,,,452,220,2,0,0,0,88,0,0
454,scan,453,0,24933988323057,,24933988477101,24933989907960,51.464,-0.8008,1.1837,3.1019,2,1.0072,1007,220,-2,220,0,1,451,24933887177390,24933954166771,66989,0,1,63399,66469,0,,,,453,220,0,0,0,0,88,0,0
455,scan,454,0,24934038024428,,24934038187884,24934039885534,51.514,-0.8158,1.1843,3.1020,2,1.0118,1011,220,-2,220,-2,1,452,24933937580610,24934005232913,67652,0,1,63399,66501,0,,,,454,220,-2,0,0,0,88,0,0
456,scan,455,0,24934087935654,,24934088111952,24934089916952,51.564,-0.8233,1.1846,3.1020,2,1.0101,1010,220,-3,220,1,1,453,24933988371900,24934055663996,67292,0,1,63399,66516,0,,,,455,220,1,0,0,0,88,0,0
457,scan,456,0,24934137856458,,24934137983160,24934139820397,51.614,-0.8382,1.1852,3.1019,2,0.9953,995,220,-3,220,-2,1,454,24934038077520,24934105074113,66996,0,1,63399,66526,0,,,,456,220,-2,0,0,0,88,0,0
458,scan,457,0,24934188419113,,24934188575802,24934190778056,51.664,-0.8457,1.1855,3.1019,2,0.9848,984,220,-3,220,1,1,455,24934087985754,24934155408505,67422,0,1,63399,66534,0,,,,457,220,1,0,0,0,88,0,0
459,scan,458,0,24934238482737,,24934238617165,24934241856130,51.714,-0.8606,1.1861,3.1019,2,1.0104,1010,220,-3,220,-2,1,456,24934137899936,24934205877185,67977,0,1,63399,66545,0,,,,458,220,-2,0,0,0,88,0,0
460,scan,459,0,24934288389267,,24934288583838,24934290990505,51.764,-0.8681,1.1864,3.1020,2,1.0158,1015,220,-3,220,-4,1,457,24934188468438,24934255480107,67011,0,1,63399,66529,0,,,,459,220,-4,0,0,0,88,0,0
461,scan,460,0,24934337835192,,24934337976075,24934339913455,51.814,-0.8831,1.1870,3.1019,2,1.0090,1009,220,-3,220,-1,1,458,24934238524856,24934305646443,67121,0,1,63399,66552,0,,,,460,220,-1,0,0,0,88,0,0
462,scan,461,0,24934387955045,,24934388135526,24934390110702,51.864,-0.8905,1.1873,3.1018,2,0.9872,987,220,-3,220,-3,1,459,24934288446905,24934356057218,67610,0,1,63399,66560,0,,,,461,220,-3,0,0,0,88,0,0
463,scan,462,0,24934437713809,,24934437845666,24934439840713,51.914,-0.9055,1.1879,3.1014,2,1.0094,1009,220,-2,220,-1,1,460,24934337894166,24934405300784,67406,0,1,63399,66630,0,,,,462,220,-1,0,0,0,88,0,0
464,scan,463,0,24934488016648,,24934488149719,24934489809028,51.964,-0.9130,1.1882,3.1014,2,1.0011,1001,220,-2,220,-3,1,461,24934388032273,24934452259496,64227,0,1,63399,66551,0,,,,463,220,-3,0,0,0,88,0,0
465,scan,464,0,24934538012073,,24934538132427,24934539886290,52.014,-0.9279,1.1888,3.1014,2,0.9933,993,220,-2,220,2,1,462,24934437758989,24934502521465,64762,0,1,63399,66489,0,,,,464,220,2,0,0,0,88,0,0
466,scan,465,0,24934588037752,,24934588174789,24934589878916,52.064,-0.9354,1.1891,3.1013,2,0.9866,986,220,-2,220,-1,1,463,24934488060974,24934555478903,67417,0,1,63399,66489,0,,,,465,220,-1,0,0,0,88,0,0
467,scan,466,0,24934638238495,,24934638466175,24934639962842,52.114,-0.9428,1.1894,3.1011,2,1.0104,1010,220,-2,220,2,1,464,24934538049255,24934606524180,68474,0,1,63399,66510,0,,,,466,220,2,0,0,0,88,0,0
468,scan,467,0,24934688347184,,24934688496285,24934690794228,52.164,-0.9578,1.1900,3.1012,2,1.0155,1015,220,-2,220,0,1,465,24934588083178,24934655772110,67688,0,1,63399,66520,0,,,,467,220,0,0,0,0,88,0,0
469,scan,468,0,24934738252894,,24934738476665,24934740760408,52.214,-0.9653,1.1903,3.1012,2,0.9874,987,220,-2,220,-2,1,466,24934638316868,24934705917838,67600,0,1,63399,66518,0,,,,468,220,-2,0,0,0,88,0,0
470,scan,469,0,24934788252820,,24934788381269,24934789807381,52.264,-0.9802,1.1909,3.1013,2,0.9900,990,220,-2,220,0,1,467,24934688391692,24934751857595,63465,0,1,63399,66492,0,,,,469,220,0,0,0,0,88,0,0
471,scan,470,0,24934838135005,,24934838287381,24934839824842,52.314,-0.9877,1.1912,3.1012,2,0.9625,962,220,-2,220,-2,1,468,24934738310867,24934805694363,67383,0,1,63399,66491,0,,,,470,220,-2,0,0,0,88,0,0
472,scan,471,0,24934888096380,,24934888293535,24934889894439,52.364,-1.0026,1.1918,3.1010,2,0.9582,958,220,-2,220,1,1,469,24934788295286,24934856307722,68012,0,1,63399,66508,0,,,,471,220,1,0,0,0,88,0,0
473,scan,472,0,24934938611745,,24934938782226,24934941010848,52.414,-1.0101,1.1921,3.1010,2,0.9492,949,220,-2,220,-2,1,470,24934838186725,24934905583953,67397,0,1,63399,66506,0,,,,472,220,-2,0,0,0,88,0,0
474,scan,473,0,24934988595066,,24934988719188,24934990809461,52.464,-1.0251,1.1927,3.1010,2,0.9251,925,220,-2,220,2,1,471,24934888198689,24934955075036,66876,0,1,63399,66489,0,,,,473,220,2,0,0,0,88,0,0
475,scan,474,0,24935038370690,,24935038513606,24935040795693,52.514,-1.0325,1.1930,3.1010,2,0.9223,922,220,-2,220,-1,1,472,24934938670891,24935006008315,67337,0,1,63399,66494,0,,,,474,220,-1,0,0,0,88,0,0
476,scan,475,0,24935088869826,,24935089018106,24935090883281,52.564,-1.0475,1.1936,3.1009,2,0.9076,907,220,-2,220,3,1,473,24934988636718,24935056173745,67537,0,1,63399,66505,0,,,,475,220,3,0,0,0,88,0,0
477,scan,476,0,24935138601438,,24935138752389,24935140852684,52.614,-1.0550,1.1939,3.1009,3,0.9027,902,0,1000,220,-1,1,474,24935038414176,24935105629633,67215,0,1,63399,66496,0,,,,476,220,-1,0,0,0,88,0,0
478,scan,477,0,24935188680447,,24935188802357,24935190897417,52.664,-1.0699,1.1945,3.1010,3,0.8834,883,0,1000,220,4,1,475,24935088934217,24935156165863,67231,0,1,63399,66490,0,,,,477,220,4,0,0,0,88,0,0
479,scan,478,0,24935238752222,,24935238885373,24935240991015,52.714,-1.0774,1.1948,3.1010,3,0.8891,889,0,1000,0,999,1,476,24935138658384,24935206063161,67404,0,1,63399,66494,0,,,,478,0,999,0,0,0,88,0,0
480,scan,479,0,24935289010822,,24935289138974,24935291225615,52.764,-1.0912,1.1954,3.1009,3,0.8742,874,0,1000,0,999,1,477,24935188720766,24935256083851,67363,0,1,63399,66492,0,,,,479,0,999,0,0,0,88,0,0
481,scan,480,0,24935339086236,,24935339219231,24935341003272,52.814,-1.0963,1.1956,3.1006,3,0.8699,869,0,1000,0,999,1,478,24935238795418,24935306181357,67385,0,1,63399,66494,0,,,,480,0,999,0,0,0,88,0,0
482,scan,481,0,24935389463178,,24935389602498,24935391753603,52.864,-1.1032,1.1959,3.0992,3,0.8610,860,0,1000,0,999,1,479,24935289051019,24935356688819,67637,0,1,63399,66496,0,,,,481,0,999,0,0,0,88,0,0
483,scan,482,0,24935439035374,,24935439185360,24935440921855,52.914,-1.1054,1.1960,3.1000,3,0.8572,857,0,1000,0,999,1,480,24935339130453,24935406064631,66934,0,1,63399,66486,0,,,,482,0,999,0,0,0,88,0,0
484,scan,483,0,24935489237708,,24935489373169,24935491058984,52.964,-1.1071,1.1960,3.1071,3,0.8578,857,0,1000,0,999,1,481,24935389513317,24935457234136,67720,0,1,63399,66510,0,,,,483,0,999,0,0,0,88,0,0
485,scan,484,0,24935539434267,,24935539569971,24935541777643,53.014,-1.1087,1.1961,-3.1283,3,0.8589,858,0,1000,0,999,1,482,24935439081879,24935503612306,64530,0,1,63399,66507,0,,,,484,0,999,0,0,0,88,0,0
486,scan,485,0,24935589421752,,24935589555617,24935591766264,53.064,-1.1086,1.1961,-3.0896,3,0.8650,865,0,1000,0,999,1,483,24935489284149,24935557029778,67745,0,1,63399,66600,0,,,,485,0,999,0,0,0,88,0,0
487,scan,486,0,24935639602206,,24935639743559,24935641829271,53.114,-1.1085,1.1961,-3.0092,3,0.8586,858,0,1000,0,999,1,484,24935539478183,24935603919787,64441,0,1,63399,66599,0,,,,486,0,999,0,0,0,88,0,0
488,scan,487,0,24935689769399,,24935689927979,24935691827950,53.164,-1.1084,1.1961,-2.9771,3,0.8643,864,0,1000,0,999,1,485,24935589469396,24935653627801,64158,0,1,63399,66586,0,,,,487,0,999,0,0,0,88,0,0
489,scan,488,0,24935739977506,,24935740139332,24935741872052,53.214,-1.1083,1.1961,-2.9185,3,0.8544,854,0,1000,0,999,1,486,24935639651118,24935704370716,64719,0,1,63399,66627,0,,,,488,0,999,0,0,0,88,0,0
490,scan,489,0,24935789896586,,24935790033885,24935791897517,53.264,-1.1083,1.1962,-2.8844,3,0.8630,863,0,1000,0,999,1,487,24935689824562,24935757296244,67471,0,1,63399,66732,0,,,,489,0,999,0,0,0,88,0,0
491,scan,490,0,24935839817274,,24935839958922,24935841923309,53.314,-1.1082,1.1962,-2.8104,3,0.8599,859,0,1000,0,999,1,488,24935740038973,24935807095603,67056,0,1,63399,66804,0,,,,490,0,999,0,0,0,88,0,0
492,scan,491,0,24935889789908,,24935889918804,24935891857611,53.364,-1.1081,1.1962,-2.7758,3,0.8574,857,0,1000,0,999,1,489,24935789942266,24935857295662,67353,0,1,63399,66877,0,,,,491,0,999,0,0,0,88,0,0
493,scan,492,0,24935939606820,,24935939731945,24935941967141,53.414,-1.1080,1.1963,-2.7119,3,0.8447,844,0,1000,0,999,1,490,24935839864846,24935907411175,67546,0,1,63399,66889,0,,,,492,0,999,0,0,0,88,0,0
494,scan,493,0,24935989802540,,24935989950086,24935991928424,53.464,-1.1080,1.1963,-2.6788,3,0.8619,861,0,1000,0,999,1,491,24935889833476,24935957905151,68071,0,1,63399,66916,0,,,,493,0,999,0,0,0,88,0,0
495,scan,494,0,24936039860193,,24936040053019,24936042078552,53.514,-1.1079,1.1964,-2.6087,3,0.8373,837,0,1000,0,999,1,492,24935939646920,24936006342468,66695,0,1,63399,66892,0,,,,494,0,999,0,0,0,88,0,0
496,scan,495,0,24936090044816,,24936090174474,24936091871679,53.564,-1.1078,1.1964,-2.5739,3,0.8409,840,0,1000,0,999,1,493,24935989845699,24936057109094,67263,0,1,63399,66891,0,,,,495,0,999,0,0,0,88,0,0
497,scan,496,0,24936139716873,,24936139860976,24936142015678,53.614,-1.1077,1.1965,-2.5073,3,0.8484,848,0,1000,0,999,1,494,24936039906886,24936107245954,67339,0,1,63399,66900,0,,,,496,0,999,0,0,0,88,0,0
498,scan,497,0,24936189901027,,24936190019749,24936192834050,53.664,-1.1077,1.1965,-2.4741,3,0.8522,852,0,1000,0,999,1,495,24936090088673,24936157220274,67131,0,1,63399,66893,0,,,,497,0,999,0,0,0,88,0,0
499,scan,498,0,24936240428315,,24936240721669,24936242808201,53.714,-1.1076,1.1966,-2.4057,3,0.8471,847,0,1000,0,999,1,496,24936139773113,24936206353346,66580,0,1,63399,66858,0,,,,498,0,999,0,0,0,88,0,0
500,scan,499,0,24936289735580,,24936289876031,24936291902440,53.764,-1.1075,1.1966,-2.3711,3,0.8495,849,0,1000,0,999,1,497,24936189945405,24936256708130,66762,0,1,63399,66852,0,,,,499,0,999,0,0,0,88,0,0
501,scan,500,0,24936339893967,,24936340077457,24936342004124,53.814,-1.1075,1.1967,-2.3370,3,0.8524,852,0,1000,0,999,1,498,24936240502172,24936308096528,67594,0,1,63399,66863,0,,,,500,0,999,0,0,0,88,0,0
502,scan,501,0,24936389860525,,24936390007342,24936391951166,53.864,-1.1074,1.1968,-2.2698,3,0.8504,850,0,1000,0,999,1,499,24936289781460,24936356910800,67129,0,1,63399,66851,0,,,,501,0,999,0,0,0,88,0,0
503,scan,502,0,24936440134336,,24936440262435,24936441843037,53.914,-1.1074,1.1968,-2.2361,3,0.8641,864,0,1000,0,999,1,500,24936339938378,24936407526668,67588,0,1,63399,66856,0,,,,502,0,999,0,0,0,88,0,0
504,scan,503,0,24936490496555,,24936490646165,24936492855904,53.964,-1.1073,1.1969,-2.1678,3,0.7697,769,0,1000,0,999,1,501,24936389902413,24936457582544,67680,0,1,63399,66942,0,,,,503,0,999,0,0,0,88,0,0
505,scan,504,0,24936540644294,,24936540827192,24936542876221,54.014,-1.1073,1.1970,-2.1337,3,0.7272,727,0,1000,0,999,1,502,24936440178477,24936504415994,64237,0,1,63399,66929,0,,,,504,0,999,0,0,0,88,0,0
506,scan,505,0,24936590366778,,24936590494848,24936591847122,54.064,-1.1073,1.1971,-2.0661,3,0.7248,724,0,913,0,999,1,503,24936490556750,24936558045502,67488,0,1,63399,66931,0,,,,505,0,999,0,0,0,88,0,0
507,scan,506,0,24936640239775,,24936640370683,24936641963837,54.114,-1.1072,1.1971,-2.0324,3,0.7178,717,0,846,0,998,1,504,24936540691617,24936608220953,67529,0,1,63399,66907,0,,,,506,0,998,0,0,0,88,0,0
508,scan,507,0,24936690393139,,24936690525147,24936692797538,54.164,-1.1072,1.1973,-1.9644,3,0.7316,731,220,710,0,918,1,505,24936590410517,24936656886580,66476,0,1,63399,66877,0,,,,507,0,918,0,0,0,88,0,0
509,scan,508,0,24936740761261,,24936740897704,24936742896201,54.214,-1.1072,1.1973,-1.9304,3,0.7167,716,220,642,0,848,1,506,24936640284335,24936706856994,66572,0,1,63399,66851,0,,,,508,0,848,0,0,0,88,0,0
510,scan,509,0,24936790959375,,24936791099004,24936792914475,54.264,-1.1072,1.1974,-1.8661,3,0.7249,724,220,513,220,700,1,507,24936690435801,24936757565838,67130,0,1,63399,66943,0,,,,509,220,700,0,0,0,88,0,0
511,scan,510,0,24936840843315,,24936840980735,24936842918025,54.314,-1.1072,1.1975,-1.8385,3,0.7302,730,220,458,220,626,1,508,24936740806741,24936807052504,66245,0,1,63399,66914,0,,,,510,220,626,0,0,0,88,0,0
512,scan,511,0,24936890593253,,24936890716674,24936892866500,54.364,-1.1079,1.1942,-1.7789,3,0.7236,723,220,339,220,496,1,509,24936791006109,24936857339644,66333,0,1,63399,66872,0,,,,511,220,496,0,0,0,88,0,0
513,scan,512,0,24936940712282,,24936940887984,24936942864351,54.414,-1.1086,1.1909,-1.7406,3,0.7214,721,220,263,220,443,1,510,24936840889216,24936908208073,67318,0,1,63399,66870,0,,,,512,220,443,0,0,0,88,0,0
514,scan,513,0,24936990658679,,24936990835290,24936992917954,54.464,-1.1099,1.1807,-1.6627,3,0.7274,727,220,108,220,326,1,511,24936890633451,24936958887730,68254,0,1,63399,66905,0,,,,513,220,326,0,0,0,88,0,0
515,scan,514,0,24937040717742,,24937040851120,24937042820700,54.514,-1.1104,1.1744,-1.6305,3,0.7154,715,220,44,220,253,1,512,24936940798017,24937008187675,67389,0,1,63399,66906,0,,,,514,220,253,0,0,0,88,0,0
516,scan,515,0,24937090897756,,24937091017495,24937092882457,54.564,-1.1109,1.1604,-1.5950,3,0.7023,702,220,-27,220,105,1,513,24936990702568,24937054968867,64266,0,1,63399,66824,0,,,,515,220,105,0,0,0,88,0,0
517,scan,516,0,24937140789975,,24937140955590,24937142917453,54.614,-1.1111,1.1529,-1.5932,3,0.6876,687,220,-31,220,43,1,514,24937040761425,24937108159247,67397,0,1,63399,66829,0,,,,516,220,43,0,0,0,88,0,0
518,scan,517,0,24937191314024,,24937191453504,24937193728878,54.664,-1.1113,1.1455,-1.5956,3,0.6715,671,220,-26,220,-25,1,515,24937090934036,24937159141893,68207,0,1,63399,66853,0,,,,517,220,-25,0,0,0,88,0,0
519,scan,518,0,24937240803115,,24937240944854,24937242869249,54.714,-1.1117,1.1305,-1.5949,3,0.6765,676,220,-28,220,-29,1,516,24937140844613,24937208149145,67304,0,1,63399,66851,0,,,,518,220,-29,0,0,0,88,0,0
520,scan,519,0,24937291442507,,24937291606440,24937293814600,54.764,-1.1118,1.1231,-1.5914,3,0.6530,653,220,-35,220,-24,1,517,24937191360280,24937258176337,66816,0,1,63399,66837,0,,,,519,220,-24,0,0,0,88,0,0
521,scan,520,0,24937341050112,,24937341187580,24937342844846,54.814,-1.1121,1.1081,-1.5916,3,0.6488,648,220,-34,220,-25,1,518,24937240844211,24937308535133,67690,0,1,63399,66845,0,,,,520,220,-25,0,0,0,88,0,0
522,scan,521,0,24937391216416,,24937391345162,24937392840383,54.864,-1.1123,1.1006,-1.5953,3,0.6273,627,220,-27,220,-33,1,519,24937291497548,24937358035409,66537,0,1,63399,66817,0,,,,521,220,-33,0,0,0,88,0,0
523,scan,522,0,24937441301654,,24937441424803,24937443707946,54.914,-1.1127,1.0857,-1.5990,3,0.6330,633,220,-20,220,-32,1,520,24937341101140,24937405566722,64465,0,1,63399,66756,0,,,,522,220,-32,0,0,0,88,0,0
524,scan,523,0,24937491835254,,24937491976359,24937493879091,54.964,-1.1129,1.0782,-1.5983,3,0.6207,620,220,-21,220,-26,1,521,24937391260627,24937458817576,67556,0,1,63399,66752,0,,,,523,220,-26,0,0,0,88,0,0
525,scan,524,0,24937541700632,,24937541858032,24937543885030,55.014,-1.1133,1.0632,-1.5988,3,0.6144,614,220,-20,220,-18,1,522,24937441342068,24937505863009,64520,0,1,63399,66751,0,,,,524,220,-18,0,0,0,88,0,0
526,scan,525,0,24937591513942,,24937591644949,24937593804591,55.064,-1.1135,1.0558,-1.6007,3,0.5910,590,220,-17,220,-20,1,523,24937491882441,24937559535675,67653,0,1,63399,66749,0,,,,525,220,-20,0,0,0,88,0,0
527,scan,526,0,24937641532493,,24937641662548,24937643778551,55.114,-1.1140,1.0408,-1.6034,3,0.5811,581,220,-11,220,-19,1,524,24937541753958,24937609305866,67551,0,1,63399,66827,0,,,,526,220,-19,0,0,0,88,0,0
528,scan,527,0,24937691984989,,24937692256512,24937693875581,55.164,-1.1143,1.0333,-1.6034,3,0.5833,583,220,-12,220,-14,1,525,24937591557856,24937658137889,66580,0,1,63399,66887,0,,,,527,220,-14,0,0,0,88,0,0
529,scan,528,0,24937741799182,,24937741929599,24937743891898,55.214,-1.1147,1.0184,-1.6035,3,0.5719,571,220,-11,220,-11,1,526,24937641575285,24937709165768,67590,0,1,63399,66959,0,,,,528,220,-11,0,0,0,88,0,0
530,scan,529,0,24937791681577,,24937791811470,24937793944967,55.264,-1.1150,1.0109,-1.6043,3,0.5571,557,220,-10,220,-11,1,527,24937692106406,24937756449866,64343,0,1,63399,66881,0,,,,529,220,-11,0,0,0,88,0,0
531,scan,530,0,24937841947839,,24937842081898,24937843898022,55.314,-1.1155,0.9959,-1.6058,3,0.5427,542,220,-7,220,-9,1,528,24937741841397,24937809352157,67510,0,1,63399,66892,0,,,,530,220,-9,0,0,0,88,0,0
532,scan,531,0,24937891832591,,24937891973121,24937893917004,55.364,-1.1158,0.9884,-1.6060,3,0.5378,537,220,-7,220,-9,1,529,24937791724038,24937859103091,67379,0,1,63399,66893,0,,,,531,220,-9,0,0,0,88,0,0
533,scan,532,0,24937941756706,,24937941875537,24937943902187,55.414,-1.1163,0.9735,-1.6061,3,0.5359,535,220,-6,220,-5,1,530,24937841992762,24937908692710,66699,0,1,63399,66872,0,,,,532,220,-5,0,0,0,88,0,0
534,scan,533,0,24937991929892,,24937992108131,24937993951343,55.464,-1.1166,0.9660,-1.6064,3,0.5164,516,220,-6,220,-5,1,531,24937891879634,24937958002839,66123,0,1,63399,66823,0,,,,533,220,-5,0,0,0,88,0,0
535,scan,534,0,24938041709988,,24938041837204,24938043948500,55.514,-1.1168,0.9585,-1.6069,3,0.5167,516,220,-5,220,-6,1,532,24937941792882,24938010055896,68263,0,1,63399,66862,0,,,,534,220,-6,0,0,0,88,0,0
536,scan,535,0,24938091864279,,24938092038762,24938094818150,55.564,-1.1174,0.9436,-1.6074,3,0.5039,503,220,-4,220,-5,1,533,24937991975611,24938059209959,67234,0,1,63399,66861,0,,,,535,220,-5,0,0,0,88,0,0
537,scan,536,0,24938141918760,,24938142117116,24938143867153,55.614,-1.1177,0.9361,-1.6074,3,0.4895,489,220,-4,220,-4,1,534,24938041754575,24938109144162,67389,0,1,63399,66863,0,,,,536,220,-4,0,0,0,88,0,0
538,scan,537,0,24938191638362,,24938191754285,24938193919947,55.664,-1.1182,0.9211,-1.6076,3,0.4781,478,220,-3,220,-4,1,535,24938091912296,24938159249684,67337,0,1,63399,66868,0,,,,537,220,-4,0,0,0,88,0,0
539,scan,538,0,24938241913202,,24938242043946,24938243773791,55.714,-1.1185,0.9136,-1.6078,3,0.4790,479,220,-3,220,-3,1,536,24938141992039,24938209803240,67811,0,1,63399,66899,0,,,,538,220,-3,0,0,0,88,0,0
540,scan,539,0,24938292549863,,24938292697832,24938294784357,55.764,-1.1190,0.8987,-1.6082,3,0.4621,462,220,-2,220,-2,1,537,24938191680412,24938257870732,66190,0,1,63399,66884,0,,,,539,220,-2,0,0,0,88,0,0
541,scan,540,0,24938342120873,,24938342274085,24938343889485,55.814,-1.1193,0.8912,-1.6082,3,0.4573,457,220,-2,220,-2,1,538,24938241957448,24938308687945,66730,0,1,63399,66863,0,,,,540,220,-2,0,0,0,88,0,0
542,scan,541,0,24938392242781,,24938392368461,24938393874962,55.864,-1.1199,0.8763,-1.6083,3,0.4517,451,220,-2,220,-2,1,539,24938292599020,24938360162347,67563,0,1,63399,66874,0,,,,541,220,-2,0,0,0,88,0,0
543,scan,542,0,24938442647807,,24938442786333,24938444884098,55.914,-1.1202,0.8688,-1.6083,3,0.4416,441,220,-2,220,-2,1,540,24938342170578,24938409798877,67628,0,1,63399,66875,0,,,,542,220,-2,0,0,0,88,0,0
544,scan,543,0,24938492580467,,24938492709440,24938494837883,55.964,-1.1207,0.8539,-1.6085,3,0.4262,426,220,-2,220,-2,1,541,24938392286027,24938459709753,67423,0,1,63399,66868,0,,,,543,220,-2,0,0,0,88,0,0
545,scan,544,0,24938542674861,,24938542808255,24938544876316,56.014,-1.1210,0.8464,-1.6086,3,0.4205,420,220,-2,220,-2,1,542,24938442695090,24938507289285,64594,0,1,63399,66877,0,,,,544,220,-2,0,0,0,88,0,0
546,scan,545,0,24938592674739,,24938592800117,24938594805761,56.064,-1.1216,0.8315,-1.6087,3,0.4042,404,220,-1,220,-2,1,543,24938492622023,24938560155858,67533,0,1,63399,66878,0,,,,545,220,-2,0,0,0,88,0,0
547,scan,546,0,24938642660123,,24938642814350,24938644889623,56.114,-1.1219,0.8240,-1.6087,3,0.4029,402,220,-1,220,0,1,544,24938542718656,24938609941376,67222,0,1,63399,66870,0,,,,546,220,0,0,0,0,88,0,0
548,scan,547,0,24938692726623,,24938692875854,24938694905677,56.164,-1.1224,0.8091,-1.6089,3,0.3942,394,220,-1,220,0,1,545,24938592716475,24938659946820,67230,0,1,63399,66889,0,,,,547,220,0,0,1,0,88,0,0
549,scan,548,0,24938742593172,,24938742726326,24938744781305,56.214,-1.1227,0.8016,-1.6089,3,0.3795,379,220,-1,220,0,1,546,24938642715720,24938710380830,67665,0,1,63399,66917,0,,,,548,220,0,0,1,0,88,0,0
550,scan,549,0,24938792680329,,24938792804450,24938794914169,56.264,-1.1233,0.7866,-1.6088,3,0.3811,381,220,-1,220,0,1,547,24938692775592,24938760136704,67361,0,1,63399,66922,0,,,,549,220,0,0,1,0,88,0,0
551,scan,550,0,24938843287668,,24938843427333,24938844905107,56.314,-1.1236,0.7792,-1.6088,3,0.3743,374,220,-1,220,0,1,548,24938742637781,24938809692665,67054,0,1,63399,66943,0,,,,550,220,0,0,1,0,88,0,0
552,scan,551,0,24938892713503,,24938892846962,24938894928588,56.364,-1.1238,0.7717,-1.6088,3,0.3560,355,220,-1,220,0,1,549,24938792717868,24938860985842,68267,0,1,63399,66991,0,,,,551,220,0,0,1,0,88,0,0
553,scan,552,0,24938942759326,,24938942887445,24938944925105,56.414,-1.1244,0.7567,-1.6089,3,0.3446,344,220,-1,220,0,1,550,24938843336292,24938909796424,66460,0,1,63399,66970,0,,,,552,220,0,0,1,0,88,0,0
554,scan,553,0,24938993061122,,24938993219282,24938994854749,56.464,-1.1247,0.7493,-1.6089,3,0.3511,351,220,-1,220,0,1,551,24938892760114,24938960752152,67992,0,1,63399,66963,0,,,,553,220,0,0,1,0,88,0,0
555,scan,554,0,24939042703921,,24939042832745,24939044927738,56.514,-1.1253,0.7343,-1.6088,3,0.3414,341,220,-1,220,-1,1,552,24938942803412,24939010276368,67472,0,1,63399,66965,0,,,,554,220,-1,0,1,0,88,0,0
556,scan,555,0,24939092814301,,24939092946420,24939094869710,56.564,-1.1255,0.7268,-1.6088,3,0.3329,332,220,-1,220,0,1,553,24938993114960,24939057709388,64594,0,1,63399,66973,0,,,,555,220,0,0,1,0,88,0,0
557,scan,556,0,24939142874805,,24939143001524,24939144886950,56.614,-1.1261,0.7119,-1.6089,3,0.3203,320,220,-1,220,-1,1,554,24939042746926,24939106942394,64195,0,1,63399,66893,0,,,,556,220,-1,0,1,0,88,0,0
558,scan,557,0,24939192796721,,24939192921880,24939194897310,56.664,-1.1264,0.7044,-1.6089,3,0.3063,306,220,-1,220,0,1,555,24939092860206,24939160208700,67348,0,1,63399,66872,0,,,,557,220,0,0,1,0,88,0,0
559,scan,558,0,24939243183038,,24939243332847,24939244821938,56.714,-1.1270,0.6894,-1.6089,3,0.3197,319,220,-1,220,0,1,556,24939142917625,24939210116648,67199,0,1,63399,66869,0,,,,558,220,0,0,1,0,88,0,0
560,scan,559,0,24939293494360,,24939293626145,24939295802116,56.764,-1.1273,0.6820,-1.6089,3,0.3045,304,220,-1,220,-1,1,557,24939192840544,24939260311880,67471,0,1,63399,66886,0,,,,559,220,-1,0,1,0,88,0,0
561,scan,560,0,24939343577357,,24939343704025,24939346041301,56.814,-1.1278,0.6670,-1.6089,3,0.3080,308,220,-1,220,0,1,558,24939243229811,24939309954624,66724,0,1,63399,66861,0,,,,560,220,0,0,1,0,88,0,0
562,scan,561,0,24939393873249,,24939394003745,24939395884661,56.864,-1.1281,0.6595,-1.6089,3,0.2971,297,220,-1,220,-1,1,559,24939293538750,24939360965416,67426,0,1,63399,66884,0,,,,561,220,-1,0,1,0,88,0,0
563,scan,562,0,24939443680416,,24939443814208,24939445900267,56.914,-1.1287,0.6446,-1.6090,3,0.2904,290,220,-1,220,0,1,560,24939343617984,24939411364410,67746,0,1,63399,66966,0,,,,562,220,0,0,1,0,88,0,0
564,scan,563,0,24939493953686,,24939494079448,24939495856679,56.964,-1.1290,0.6371,-1.6090,3,0.2965,296,220,-1,220,0,1,561,24939393917596,24939461394346,67476,0,1,63399,66964,0,,,,563,220,0,0,1,0,88,0,0
565,scan,564,0,24939543693654,,24939543825465,24939545862821,57.014,-1.1295,0.6222,-1.6090,3,0.2790,278,220,-1,220,0,1,562,24939443727056,24939507975131,64248,0,1,63399,66957,0,,,,564,220,0,0,1,0,88,0,0
566,scan,565,0,24939593992534,,24939594124537,24939595869452,57.064,-1.1298,0.6147,-1.6090,3,0.2923,292,220,-1,220,0,1,563,24939493999135,24939561784071,67784,0,1,63399,66960,0,,,,565,220,0,0,1,0,88,0,0
567,scan,566,0,24939643956704,,24939644116871,24939645972796,57.114,-1.1304,0.5998,-1.6090,3,0.2882,288,220,-1,220,0,1,564,24939543733491,24939611296235,67562,0,1,63399,66960,0,,,,566,220,0,0,1,0,88,0,0
568,scan,567,0,24939694063984,,24939694198302,24939695952505,57.164,-1.1307,0.5923,-1.6090,3,0.2823,282,220,-1,220,0,1,565,24939594037472,24939661199192,67161,0,1,63399,66975,0,,,,567,220,0,0,1,0,88,0,0
569,scan,568,0,24939743910050,,24939744101205,24939745871330,57.214,-1.1310,0.5848,-1.6090,3,0.2682,268,220,-1,220,-1,1,566,24939643993195,24939711957415,67964,0,1,63399,66984,0,,,,568,220,-1,0,1,0,88,0,0
570,scan,569,0,24939793795538,,24939793922425,24939796075993,57.264,-1.1315,0.5699,-1.6090,3,0.2819,281,220,-1,220,0,1,567,24939694108885,24939757758717,63649,0,1,63399,66967,0,,,,569,220,0,0,1,0,88,0,0
571,scan,570,0,24939844244904,,24939844384706,24939845846402,57.314,-1.1318,0.5624,-1.6090,3,0.2932,293,220,-1,220,0,1,568,24939743953106,24939808469531,64516,0,1,63399,66892,0,,,,570,220,0,0,1,0,88,0,0
572,scan,571,0,24939893973256,,24939894103290,24939895906900,57.364,-1.1324,0.5474,-1.6091,3,0.2847,284,220,-1,220,0,1,569,24939793837298,24939860802336,66965,0,1,63399,66882,0,,,,571,220,0,0,1,0,88,0,0
573,scan,572,0,24939943933670,,24939944103005,24939945873479,57.414,-1.1327,0.5400,-1.6091,3,0.2825,282,220,-1,220,0,1,570,24939844291516,24939910527097,66235,0,1,63399,66870,0,,,,572,220,0,0,1,0,88,0,0
574,scan,573,0,24939993688387,,24939993812793,24939996745809,57.464,-1.1333,0.5250,-1.6091,3,0.2908,290,220,-1,220,-1,1,571,24939894016384,24939962891023,68874,0,1,63399,66939,0,,,,573,220,-1,0,1,0,88,0,0
575,scan,574,0,24940043832312,,24940043960949,24940045915472,57.514,-1.1335,0.5175,-1.6091,3,0.3235,323,220,-1,220,0,1,572,24939943973230,24940011239083,67265,0,1,63399,66914,0,,,,574,220,0,0,1,0,88,0,0
576,scan,575,0,24940093674209,,24940093801151,24940095887189,57.564,-1.1341,0.5026,-1.6091,3,1.0810,1081,220,-1,220,-1,1,573,24939993729062,24940061199559,67470,0,1,63399,66920,0,,,,575,220,-1,0,0,0,88,0,0
577,scan,576,0,24940144091052,,24940144222681,24940145886704,57.614,-1.1344,0.4951,-1.6091,3,1.0699,1069,220,-1,220,0,1,574,24940043878092,24940111383474,67505,0,1,63399,66923,0,,,,576,220,0,0,0,0,88,0,0
578,scan,577,0,24940193823729,,24940193944634,24940195815492,57.664,-1.1350,0.4801,-1.6091,3,1.0553,1055,220,-1,220,-1,1,575,24940093716548,24940161081013,67364,0,1,63399,66923,0,,,,577,220,-1,0,0,0,88,0,0
579,scan,578,0,24940244152411,,24940244288040,24940245903565,57.714,-1.1353,0.4727,-1.6091,3,1.0719,1071,220,-1,220,-1,1,576,24940144135717,24940211291328,67155,0,1,63399,66907,0,,,,578,220,-1,0,0,0,88,0,0
580,scan,579,0,24940293972521,,24940294110997,24940295795732,57.764,-1.1358,0.4577,-1.6092,3,1.0669,1066,220,-1,220,0,1,577,24940193865315,24940261322522,67457,0,1,63399,66939,0,,,,579,220,0,0,0,0,88,0,0
581,scan,580,0,24940344440868,,24940344593910,24940346738460,57.814,-1.1361,0.4502,-1.6092,3,1.0824,1082,220,-1,220,-1,1,578,24940244197348,24940311384996,67187,0,1,63399,66950,0,,,,580,220,-1,0,0,0,88,0,0
582,scan,581,0,24940394392437,,24940394561491,24940396791560,57.864,-1.1367,0.4353,-1.6093,3,1.0543,1054,220,0,220,0,1,579,24940294018285,24940364253282,70234,0,1,63399,67017,0,,,,581,220,0,0,0,0,88,0,0
583,scan,582,0,24940444825818,,24940444949554,24940446847650,57.914,-1.1370,0.4278,-1.6093,3,1.0703,1070,220,0,220,-1,1,580,24940344485717,24940411608663,67122,0,1,63399,67004,0,,,,582,220,-1,0,0,0,88,0,0
584,scan,583,0,24940494915352,,24940495049686,24940496967081,57.964,-1.1376,0.4129,-1.6093,3,1.0671,1067,220,0,220,0,1,581,24940394448839,24940461816978,67368,0,1,63399,67003,0,,,,583,220,0,0,0,0,88,0,0
585,scan,584,0,24940544928922,,24940545055262,24940546844893,58.014,-1.1378,0.4054,-1.6094,3,1.0524,1052,220,0,220,0,1,582,24940444867996,24940509713360,64845,0,1,63399,67009,0,,,,584,220,0,0,0,0,88,0,0
586,scan,585,0,24940594950350,,24940595087883,24940597070916,58.064,-1.1381,0.3979,-1.6094,3,1.0789,1078,220,0,220,0,1,583,24940494956458,24940562224651,67268,0,1,63399,67002,0,,,,585,220,0,0,0,0,88,0,0
587,scan,586,0,24940645007104,,24940645140231,24940646895446,58.114,-1.1387,0.3830,-1.6094,3,1.0543,1054,220,0,220,0,1,584,24940544970816,24940612582534,67611,0,1,63399,67012,0,,,,586,220,0,0,0,0,88,0,0
588,scan,587,0,24940695020977,,24940695169135,24940696926949,58.164,-1.1390,0.3755,-1.6094,3,1.0588,1058,220,0,220,-1,1,585,24940594997755,24940662427689,67429,0,1,63399,67017,0,,,,587,220,-1,0,0,0,88,0,0
589,scan,588,0,24940745913253,,24940746048393,24940747979206,58.214,-1.1396,0.3606,-1.6094,3,1.0713,1071,220,0,220,0,1,586,24940645050504,24940711419344,66368,0,1,63399,66985,0,,,,588,220,0,0,0,0,88,0,0
590,scan,589,0,24940795610796,,24940795755407,24940797845644,58.264,-1.1399,0.3531,-1.6094,3,1.0506,1050,220,0,220,0,1,587,24940695081933,24940761621967,66540,0,1,63399,66964,0,,,,589,220,0,0,0,0,88,0,0
591,scan,590,0,24940845371693,,24940845505138,24940847768703,58.314,-1.1404,0.3381,-1.6095,3,1.0645,1064,220,0,220,0,1,588,24940745957253,24940813620867,67663,0,1,63399,66979,0,,,,590,220,0,0,0,0,88,0,0
592,scan,591,0,24940895543569,,24940895706339,24940897820121,58.364,-1.1407,0.3307,-1.6095,3,1.0551,1055,220,0,220,0,1,589,24940795659616,24940861846465,66186,0,1,63399,66927,0,,,,591,220,0,0,0,0,88,0,0
593,scan,592,0,24940945216457,,24940945351064,24940947573813,58.414,-1.1413,0.3157,-1.6094,3,1.0768,1076,220,0,220,-1,1,590,24940845415261,24940912447250,67031,0,1,63399,66942,0,,,,592,220,-1,0,0,0,88,0,0
594,scan,593,0,24940995949270,,24940996141024,24940997943066,58.464,-1.1416,0.3082,-1.6094,3,1.0475,1047,220,0,220,0,1,591,24940895601155,24940961889436,66288,0,1,63399,66899,0,,,,593,220,0,0,0,0,88,0,0
595,scan,594,0,24941045772106,,24941045896934,24941047888294,58.514,-1.1422,0.2933,-1.6095,3,1.0698,1069,220,0,220,-1,1,592,24940945266471,24941012565763,67299,0,1,63399,66895,0,,,,594,220,-1,0,0,0,88,0,0
596,scan,595,0,24941095660313,,24941095795511,24941097843262,58.564,-1.1425,0.2858,-1.6095,3,1.0545,1054,220,0,220,0,1,593,24940995998751,24941063414233,67415,0,1,63399,66965,0,,,,595,220,0,0,0,0,88,0,0
597,scan,596,0,24941145653380,,24941145780136,24941147907287,58.614,-1.1430,0.2709,-1.6095,3,1.0530,1052,220,0,220,-1,1,594,24941045813432,24941113153514,67340,0,1,63399,67044,0,,,,596,220,-1,0,0,0,88,0,0
598,scan,597,0,24941195468457,,24941195591936,24941197910237,58.664,-1.1433,0.2634,-1.6095,3,1.0599,1059,220,0,220,1,1,595,24941095705912,24941163259594,67553,0,1,63399,67049,0,,,,597,220,1,0,0,0,88,0,0
599,scan,598,0,24941245967355,,24941246106804,24941247995823,58.714,-1.1439,0.2485,-1.6095,3,1.0624,1062,220,0,220,1,1,596,24941145692936,24941213194167,67501,0,1,63399,67057,0,,,,598,220,1,0,0,0,88,0,0
600,scan,599,0,24941295697926,,24941295822800,24941297998025,58.764,-1.1442,0.2410,-1.6095,3,1.0768,1076,220,0,220,1,1,597,24941195511979,24941262355588,66843,0,1,63399,67041,0,,,,599,220,1,0,0,0,88,0,0
601,scan,600,0,24941345682262,,24941345819226,24941347952024,58.814,-1.1448,0.2260,-1.6094,3,1.0477,1047,220,0,220,2,1,598,24941246014758,24941312856354,66841,0,1,63399,67044,0,,,,600,220,2,0,0,0,88,0,0
602,scan,601,0,24941395727741,,24941395857182,24941397824793,58.864,-1.1451,0.2185,-1.6094,3,1.0548,1054,220,0,220,1,1,599,24941295739997,24941362113464,66373,0,1,63399,67018,0,,,,601,220,1,0,0,0,88,0,0
603,scan,602,0,24941445805368,,24941445945163,24941448102469,58.914,-1.1453,0.2111,-1.6093,3,1.0583,1058,220,0,220,0,1,600,24941345718480,24941412913332,67194,0,1,63399,67004,0,,,,602,220,0,0,0,0,88,0,0
604,scan,603,0,24941495886538,,24941496054970,24941497828012,58.964,-1.1459,0.1961,-1.6092,3,1.0443,1044,220,-1,220,0,1,601,24941395770367,24941462136210,66365,0,1,63399,66976,0,,,,603,220,0,0,0,0,88,0,0
605,scan,604,0,24941545935957,,24941546105897,24941547954013,59.014,-1.1462,0.1886,-1.6092,3,1.0638,1063,220,-1,220,-1,1,602,24941445852781,24941510389105,64536,0,1,63399,66983,0,,,,604,220,-1,0,0,0,88,0,0
606,scan,605,0,24941595850526,,24941595996421,24941597926465,59.064,-1.1468,0.1737,-1.6092,3,1.0500,1049,220,-1,220,0,1,603,24941495932009,24941560787543,64855,0,1,63399,66910,0,,,,605,220,0,0,0,0,88,0,0
607,scan,606,0,24941646128398,,24941646272977,24941647858281,59.114,-1.1471,0.1662,-1.6093,3,1.0278,1027,220,0,220,-1,1,604,24941545999640,24941613436895,67437,0,1,63399,66907,0,,,,606,220,-1,0,0,0,88,0,0
608,scan,607,0,24941695966586,,24941696158797,24941697892573,59.164,-1.1476,0.1513,-1.6094,3,1.0477,1047,220,0,220,0,1,605,24941595901186,24941663630920,67729,0,1,63399,66921,0,,,,607,220,0,0,0,0,88,0,0
609,scan,608,0,24941745693185,,24941745824480,24941747842235,59.214,-1.1479,0.1438,-1.6094,3,1.0405,1040,220,0,220,0,1,606,24941646176665,24941713402993,67226,0,1,63399,66903,0,,,,608,220,0,0,0,0,88,0,0
610,scan,609,0,24941795974607,,24941796148651,24941797914566,59.264,-1.1485,0.1289,-1.6094,3,1.0371,1037,220,0,220,0,1,607,24941696066310,24941763289346,67223,0,1,63399,66992,0,,,,609,220,0,0,0,0,88,0,0
611,scan,610,0,24941845628663,,24941845787444,24941847936459,59.314,-1.1488,0.1214,-1.6094,3,1.0270,1027,220,0,220,0,1,608,24941745737510,24941813142042,67404,0,1,63399,67064,0,,,,610,220,0,0,0,0,88,0,0
612,scan,611,0,24941895851843,,24941895996516,24941897826619,59.364,-1.1494,0.1064,-1.6094,3,1.0313,1031,220,0,220,0,1,609,24941796060400,24941863624216,67563,0,1,63399,67079,0,,,,611,220,0,0,0,0,88,0,0
613,scan,612,0,24941945888795,,24941946079874,24941948764170,59.414,-1.1497,0.0990,-1.6094,3,1.0046,1004,220,0,220,0,1,610,24941845687944,24941919216720,73528,0,1,63399,67261,0,,,,612,220,0,0,0,0,88,0,0
614,scan,613,0,24941995897083,,24941996044177,24941997913953,59.464,-1.1502,0.0840,-1.6094,3,1.0058,1005,220,0,220,-1,1,611,24941895899654,24941963630657,67731,0,1,63399,67233,0,,,,613,220,-1,0,0,0,88,0,0
615,scan,614,0,24942045833858,,24942045963997,24942047835588,59.514,-1.1505,0.0765,-1.6094,3,0.9968,996,220,0,220,0,1,612,24941945957566,24942010437091,64479,0,1,63399,67163,0,,,,614,220,0,0,0,0,88,0,0
616,scan,615,0,24942095904351,,24942096076934,24942097892443,59.564,-1.1511,0.0616,-1.6094,3,0.9911,991,220,0,220,-1,1,613,24941995937303,24942063384230,67446,0,1,63399,67163,0,,,,615,220,-1,0,0,0,88,0,0
617,scan,616,0,24942145990499,,24942146144980,24942147855544,59.614,-1.1514,0.0541,-1.6094,3,0.9774,977,220,0,220,0,1,614,24942045877688,24942113102662,67224,0,1,63399,67156,0,,,,616,220,0,0,0,0,88,0,0
618,scan,617,0,24942196085969,,24942196207421,24942198111675,59.664,-1.1520,0.0392,-1.6094,3,0.9787,978,220,0,220,0,1,615,24942095948548,24942163397763,67449,0,1,63399,67158,0,,,,617,220,0,0,0,0,88,0,0
619,scan,618,0,24942246344465,,24942246577449,24942248907981,59.714,-1.1523,0.0317,-1.6095,3,0.9663,966,220,0,220,-1,1,616,24942146047822,24942213635759,67587,0,1,63399,67168,0,,,,618,220,-1,0,0,0,88,0,0
620,scan,619,0,24942296227415,,24942296370186,24942297957058,59.764,-1.1526,0.0242,-1.6095,3,0.9607,960,220,0,220,0,1,617,24942196124948,24942264276414,68151,0,1,63399,67186,0,,,,619,220,0,0,0,0,88,0,0
621,scan,620,0,24942346316125,,24942346544689,24942348764380,59.814,-1.1531,0.0093,-1.6095,3,0.9613,961,220,0,220,-1,1,618,24942246465819,24942313759272,67293,0,1,63399,67188,0,,,,620,220,-1,0,0,0,88,0,0
622,scan,621,0,24942396485492,,24942396623109,24942398887796,59.864,-1.1534,0.0018,-1.6095,3,0.9362,936,220,0,220,0,1,619,24942296273950,24942363634945,67360,0,1,63399,67117,0,,,,621,220,0,0,0,0,88,0,0
623,scan,622,0,24942446598607,,24942446754700,24942448811796,59.914,-1.1540,-0.0132,-1.6096,3,0.9358,935,220,0,220,0,1,620,24942346438427,24942412626737,66188,0,1,63399,67093,0,,,,622,220,0,0,0,0,88,0,0
624,scan,623,0,24942496975440,,24942497108961,24942498947216,59.964,-1.1543,-0.0206,-1.6096,3,0.9177,917,220,0,220,1,1,621,24942396533151,24942463286296,66753,0,1,63399,67078,0,,,,623,220,1,0,0,0,88,0,0
625,scan,624,0,24942546901392,,24942547056806,24942548822780,60.014,-1.1549,-0.0356,-1.6095,3,0.9278,927,220,0,220,2,1,622,24942446653731,24942511056635,64402,0,1,63399,67067,0,,,,624,220,2,0,0,0,88,0,0
626,scan,625,0,24942596784253,,24942596917710,24942598862423,60.064,-1.1552,-0.0431,-1.6095,3,0.9229,922,220,0,220,1,1,623,24942497023739,24942561463809,64440,0,1,63399,66996,0,,,,625,220,1,0,0,0,88,0,0
627,scan,626,0,24942646817482,,24942646978272,24942648946583,60.114,-1.1557,-0.0580,-1.6094,3,0.9018,901,220,0,220,2,1,624,24942546946674,24942611145017,64198,0,1,63399,66911,0,,,,626,220,2,0,0,0,88,0,0
628,scan,627,0,24942697248886,,24942697415091,24942698966297,60.164,-1.1560,-0.0655,-1.6093,3,0.8993,899,220,0,220,0,1,625,24942596828884,24942661281832,64452,0,1,63399,66836,0,,,,627,220,0,0,0,0,88,0,0
629,scan,628,0,24942746847244,,24942746988446,24942748891320,60.214,-1.1566,-0.0804,-1.6093,3,0.8925,892,220,-1,220,0,1,626,24942646869714,24942711424118,64554,0,1,63399,66791,0,,,,628,220,0,0,0,0,88,0,0
630,scan,629,0,24942797049234,,24942797203146,24942798839945,60.264,-1.1569,-0.0879,-1.6092,3,0.8852,885,220,-1,220,0,1,627,24942697319904,24942761598177,64278,0,1,63399,66734,0,,,,629,220,0,0,0,0,88,0,0
631,scan,630,0,24942847326464,,24942847497342,24942849743234,60.314,-1.1575,-0.1029,-1.6093,3,0.8756,875,220,-1,220,1,1,628,24942746893116,24942811091093,64197,0,1,63399,66648,0,,,,630,220,1,0,0,0,88,0,0
632,scan,631,0,24942897023633,,24942897156239,24942898979350,60.364,-1.1578,-0.1103,-1.6093,3,0.8951,895,220,-1,220,0,1,629,24942797096743,24942864838601,67741,0,1,63399,66687,0,,,,631,220,0,0,0,0,88,0,0
633,scan,632,0,24942946764873,,24942946906714,24942948934705,60.414,-1.1583,-0.1253,-1.6092,3,0.8806,880,220,-1,220,-1,1,630,24942847382395,24942914076140,66693,0,1,63399,66678,0,,,,632,220,-1,0,0,0,88,0,0
634,scan,633,0,24942996859834,,24942996988309,24942998851463,60.464,-1.1586,-0.1327,-1.6092,3,0.8740,873,220,-1,220,0,1,631,24942897067781,24942964532641,67464,0,1,63399,66708,0,,,,633,220,0,0,0,0,88,0,0
635,scan,634,0,24943047325546,,24943047469640,24943049781689,60.514,-1.1592,-0.1477,-1.6093,3,0.8730,872,220,-1,220,-1,1,632,24942946809433,24943010169554,63360,0,1,63399,66609,0,,,,634,220,-1,0,0,0,88,0,0
636,scan,635,0,24943097096110,,24943097223245,24943098889582,60.564,-1.1595,-0.1552,-1.6093,3,0.8551,855,220,-1,220,1,1,633,24942996903466,24943063999911,67096,0,1,63399,66601,0,,,,635,220,1,0,0,0,88,0,0
637,scan,636,0,24943147302988,,24943147443570,24943149257370,60.614,-1.1598,-0.1626,-1.6093,3,0.8683,868,220,0,220,0,1,634,24943047363273,24943114052081,66688,0,1,63399,66585,0,,,,636,220,0,0,0,0,88,0,0
638,scan,637,0,24943197529352,,24943197657639,24943199734590,60.664,-1.1603,-0.1776,-1.6093,3,0.8827,882,220,-1,220,-1,1,635,24943097139296,24943164718962,67579,0,1,63399,66586,0,,,,637,220,-1,0,0,0,88,0,0
639,scan,638,0,24943247984580,,24943248170970,24943249820753,60.714,-1.1606,-0.1851,-1.6092,3,0.8820,882,220,-1,220,0,1,636,24943147350592,24943214128469,66777,0,1,63399,66567,0,,,,638,220,0,0,0,0,88,0,0
640,scan,639,0,24943297590329,,24943297865471,24943299811674,60.764,-1.1612,-0.2000,-1.6092,3,0.8601,860,220,-1,220,-1,1,637,24943197576257,24943264719304,67143,0,1,63399,66575,0,,,,639,220,-1,0,0,0,88,0,0
641,scan,640,0,24943347950562,,24943348122413,24943349925366,60.814,-1.1615,-0.2075,-1.6093,3,0.8510,850,220,-1,220,1,1,638,24943248069219,24943315525854,67456,0,1,63399,66590,0,,,,640,220,1,0,0,0,88,0,0
642,scan,641,0,24943397995679,,24943398129705,24943399810819,60.864,-1.1621,-0.2224,-1.6093,3,0.8832,883,220,0,220,0,1,639,24943297633967,24943365181928,67547,0,1,63399,66620,0,,,,641,220,0,0,0,0,88,0,0
643,scan,642,0,24943448151581,,24943448287519,24943449894078,60.914,-1.1624,-0.2299,-1.6093,3,0.8902,890,220,-1,220,-1,1,640,24943348032757,24943415168828,67136,0,1,63399,66618,0,,,,642,220,-1,0,0,0,88,0,0
644,scan,643,0,24943498052495,,24943498181328,24943499987128,60.964,-1.1629,-0.2449,-1.6092,3,0.8951,895,220,-1,220,0,1,641,24943398041141,24943465543377,67502,0,1,63399,66647,0,,,,643,220,0,0,0,0,88,0,0
645,scan,644,0,24943548070546,,24943548210440,24943549820725,61.014,-1.1632,-0.2523,-1.6092,3,0.9152,915,220,-1,220,-1,1,642,24943448200870,24943512623740,64422,0,1,63399,66644,0,,,,644,220,-1,0,0,0,88,0,0
646,scan,645,0,24943597722321,,24943597857779,24943599982830,61.064,-1.1638,-0.2673,-1.6094,3,1.0462,1046,220,0,220,0,1,643,24943498095302,24943566416155,68320,0,1,63399,66730,0,,,,645,220,0,0,0,0,88,0,0
647,scan,646,0,24943647733498,,24943647884849,24943649839264,61.114,-1.1641,-0.2748,-1.6094,3,1.0330,1032,220,0,220,0,1,644,24943548114423,24943615812671,67698,0,1,63399,66737,0,,,,646,220,0,0,0,0,88,0,0
648,scan,647,0,24943697818278,,24943697954838,24943699954070,61.164,-1.1647,-0.2897,-1.6094,3,1.0383,1038,220,0,220,1,1,645,24943597767051,24943665090660,67323,0,1,63399,66727,0,,,,647,220,1,0,0,0,88,0,0
649,scan,648,0,24943748314306,,24943748496576,24943750691489,61.214,-1.1649,-0.2972,-1.6094,3,1.0393,1039,220,0,220,0,1,646,24943647785385,24943715246667,67461,0,1,63399,66733,0,,,,648,220,0,0,0,0,88,0,0
650,scan,649,0,24943798161981,,24943798287301,24943799875163,61.264,-1.1655,-0.3121,-1.6093,3,1.0219,1021,220,-1,220,1,1,647,24943697863780,24943762528972,64665,0,1,63399,66669,0,,,,649,220,1,0,0,0,88,0,0
651,scan,650,0,24943848416330,,24943848548054,24943850845130,61.314,-1.1658,-0.3196,-1.6093,3,1.0317,1031,220,-1,220,0,1,648,24943748359786,24943815718679,67358,0,1,63399,66668,0,,,,650,220,0,0,0,0,88,0,0
652,scan,651,0,24943898407272,,24943898535066,24943901766017,61.364,-1.1664,-0.3346,-1.6093,3,1.0301,1030,220,-1,220,1,1,649,24943798202133,24943865858477,67656,0,1,63399,66670,0,,,,651,220,1,0,0,0,88,0,0
653,scan,652,0,24943948425481,,24943948647064,24943950766552,61.414,-1.1667,-0.3420,-1.6093,3,1.0243,1024,220,-1,220,0,1,650,24943848460309,24943915285148,66824,0,1,63399,66502,0,,,,652,220,0,0,0,0,88,0,0
654,scan,653,0,24943998409158,,24943998536682,24944000949610,61.464,-1.1670,-0.3495,-1.6093,3,1.0163,1016,220,-1,220,-1,1,651,24943898445984,24943966478479,68032,0,1,63399,66510,0,,,,653,220,-1,0,0,0,88,0,0
655,scan,654,0,24944049239102,,24944049402637,24944050884048,61.514,-1.1675,-0.3645,-1.6093,3,1.0376,1037,220,-1,220,1,1,652,24943948499576,24944016065397,67565,0,1,63399,66587,0,,,,654,220,1,0,0,0,88,0,0
656,scan,655,0,24944099140127,,24944099309218,24944100858556,61.564,-1.1678,-0.3719,-1.6093,3,1.0155,1015,220,-1,220,0,1,653,24943998453062,24944065760478,67307,0,1,63399,66583,0,,,,655,220,0,0,0,0,88,0,0
657,scan,656,0,24944149091969,,24944149223662,24944151012367,61.614,-1.1684,-0.3869,-1.6093,3,1.0275,1027,220,-1,220,1,1,654,24944049293450,24944113912562,64619,0,1,63399,66518,0,,,,656,220,1,0,0,0,88,0,0
658,scan,657,0,24944198916977,,24944199040865,24944200829636,61.664,-1.1687,-0.3944,-1.6093,3,1.0417,1041,220,-1,220,1,1,655,24944099191550,24944163749459,64557,0,1,63399,66446,0,,,,657,220,1,0,0,0,88,0,0
659,scan,658,0,24944248799710,,24944248930637,24944250828759,61.714,-1.1693,-0.4093,-1.6092,3,1.0007,1000,220,-1,220,-1,1,656,24944149137512,24944216933701,67796,0,1,63399,66451,0,,,,658,220,-1,0,0,0,88,0,0
660,scan,659,0,24944299103731,,24944299261672,24944300946911,61.764,-1.1696,-0.4168,-1.6092,3,1.0179,1017,220,-1,220,1,1,657,24944198962945,24944266860113,67897,0,1,63399,66445,0,,,,659,220,1,0,0,0,88,0,0
661,scan,660,0,24944348805391,,24944348958944,24944350909436,61.814,-1.1701,-0.4317,-1.6092,3,1.0302,1030,220,-1,220,0,1,658,24944248843219,24944316752627,67909,0,1,63399,66460,0,,,,660,220,0,0,0,0,88,0,0
662,scan,661,0,24944399042409,,24944399174760,24944400946921,61.864,-1.1704,-0.4392,-1.6092,3,1.0286,1028,220,-1,220,1,1,659,24944299156426,24944366025725,66869,0,1,63399,66448,0,,,,661,220,1,0,0,0,88,0,0
663,scan,662,0,24944449147242,,24944449326261,24944450849068,61.914,-1.1710,-0.4542,-1.6091,3,1.0288,1028,220,-1,220,0,1,660,24944348850762,24944412858498,64007,0,1,63399,66394,0,,,,662,220,0,0,0,0,88,0,0
664,scan,663,0,24944499485104,,24944499633298,24944501828689,61.964,-1.1713,-0.4616,-1.6091,3,1.0067,1006,220,-1,220,-1,1,661,24944399087006,24944462872648,63785,0,1,63399,66319,0,,,,663,220,-1,0,0,0,88,0,0
665,scan,664,0,24944548736692,,24944548857937,24944550998990,62.014,-1.1718,-0.4766,-1.6090,3,1.0273,1027,220,-1,220,0,1,662,24944449210849,24944512756138,63545,0,1,63399,66298,0,,,,664,220,0,0,0,0,88,0,0
666,scan,665,0,24944599308213,,24944599436381,24944600865894,62.064,-1.1721,-0.4841,-1.6091,3,1.0250,1025,220,-1,220,-1,1,663,24944499536054,24944564099512,64563,0,1,63399,66301,0,,,,665,220,-1,0,0,0,88,0,0
667,scan,666,0,24944649405095,,24944649542080,24944651742777,62.114,-1.1727,-0.4990,-1.6092,3,1.0173,1017,220,-1,220,0,1,664,24944548775899,24944616122958,67347,0,1,63399,66380,0,,,,666,220,0,0,0,0,88,0,0
668,scan,667,0,24944699378382,,24944699515919,24944701785753,62.164,-1.1730,-0.5065,-1.6092,3,1.0078,1007,220,-1,220,0,1,665,24944599349883,24944666302456,66952,0,1,63399,66442,0,,,,667,220,0,0,0,0,88,0,0
669,scan,668,0,24944749455761,,24944749597892,24944751754206,62.214,-1.1736,-0.5214,-1.6092,3,1.0199,1019,220,-1,220,1,1,666,24944649450449,24944716984862,67534,0,1,63399,66517,0,,,,668,220,1,0,0,0,88,0,0
670,scan,669,0,24944799208389,,24944799342839,24944800854881,62.264,-1.1739,-0.5289,-1.6092,3,1.0297,1029,220,-1,220,0,1,667,24944699425418,24944766099420,66674,0,1,63399,66577,0,,,,669,220,0,0,0,0,88,0,0
671,scan,670,0,24944849121655,,24944849268348,24944851156919,62.314,-1.1741,-0.5364,-1.6092,3,1.0231,1023,220,-1,220,1,1,668,24944749500548,24944817456431,67955,0,1,63399,66671,0,,,,670,220,1,0,0,0,88,0,0
672,scan,671,0,24944899413612,,24944899553731,24944901769654,62.364,-1.1747,-0.5513,-1.6092,3,1.0175,1017,220,-1,220,1,1,669,24944799252779,24944866332422,67079,0,1,63399,66654,0,,,,671,220,1,0,0,0,88,0,0
673,scan,672,0,24944949969499,,24944950117319,24944951880335,62.414,-1.1750,-0.5588,-1.6092,3,1.0185,1018,220,-1,220,0,1,670,24944849165324,24944916244908,67079,0,1,63399,66664,0,,,,672,220,0,0,0,0,88,0,0
674,scan,673,0,24944999893773,,24945000067338,24945001824789,62.464,-1.1756,-0.5737,-1.6091,3,1.0298,1029,220,-1,220,1,1,671,24944899462017,24944966565907,67103,0,1,63399,66655,0,,,,673,220,1,0,0,0,88,0,0
675,scan,674,0,24945049734518,,24945049866860,24945051851824,62.514,-1.1759,-0.5812,-1.6091,3,1.0282,1028,220,-1,220,0,1,672,24944950020316,24945017304565,67284,0,1,63399,66753,0,,,,674,220,0,0,0,0,88,0,0
676,scan,675,0,24945099782760,,24945099918830,24945101860268,62.564,-1.1764,-0.5962,-1.6091,3,1.0134,1013,220,-1,220,1,1,673,24944999940388,24945064495661,64555,0,1,63399,66689,0,,,,675,220,1,0,0,0,88,0,0
677,scan,676,0,24945150092602,,24945150285563,24945151863401,62.614,-1.1767,-0.6036,-1.6091,3,1.0263,1026,220,-1,220,1,1,674,24945049779264,24945116783776,67004,0,1,63399,66697,0,,,,676,220,1,0,0,0,88,0,0
678,scan,677,0,24945200067898,,24945200252720,24945201954455,62.664,-1.1773,-0.6186,-1.6090,3,1.0183,1018,220,-2,220,-1,1,675,24945099822036,24945167460499,67638,0,1,63399,66699,0,,,,677,220,-1,0,0,0,88,0,0
679,scan,678,0,24945249790393,,24945249919922,24945251881370,62.714,-1.1776,-0.6261,-1.6090,3,1.0130,1012,220,-2,220,1,1,676,24945150157997,24945217348850,67190,0,1,63399,66709,0,,,,678,220,1,0,0,0,88,0,0
680,scan,679,0,24945299672465,,24945299816403,24945301913275,62.764,-1.1782,-0.6410,-1.6090,3,1.0244,1024,220,-2,220,-1,1,677,24945200130733,24945267887389,67756,0,1,63399,66724,0,,,,679,220,-1,0,0,0,88,0,0
681,scan,680,0,24945350025395,,24945350150089,24945351894755,62.814,-1.1784,-0.6485,-1.6090,3,1.0252,1025,220,-2,220,1,1,678,24945249835218,24945317097236,67262,0,1,63399,66719,0,,,,680,220,1,0,0,0,88,0,0
682,scan,681,0,24945399847738,,24945399975178,24945401876883,62.864,-1.1790,-0.6634,-1.6090,3,1.0136,1013,220,-2,220,-1,1,679,24945299722754,24945367476476,67753,0,1,63399,66725,0,,,,681,220,-1,0,0,0,88,0,0
683,scan,682,0,24945450277703,,24945450424547,24945451945409,62.914,-1.1793,-0.6709,-1.6089,3,1.0252,1025,220,-2,220,-1,1,680,24945350072096,24945417510200,67438,0,1,63399,66732,0,,,,682,220,-1,0,0,0,88,0,0
684,scan,683,0,24945500152506,,24945500315225,24945501833965,62.964,-1.1799,-0.6859,-1.6089,3,1.0109,1010,220,-2,220,0,1,681,24945399886745,24945467559564,67672,0,1,63399,66736,0,,,,683,220,0,0,0,0,88,0,0
685,scan,684,0,24945549916610,,24945550067368,24945551957039,63.014,-1.1802,-0.6933,-1.6090,3,1.0267,1026,220,-2,220,-1,1,682,24945450335334,24945514829247,64493,0,1,63399,66738,0,,,,684,220,-1,0,0,0,88,0,0
686,scan,685,0,24945599806811,,24945599930308,24945601936335,63.064,-1.1807,-0.7083,-1.6091,3,1.0075,1007,220,-2,220,0,1,683,24945500193177,24945568076830,67883,0,1,63399,66727,0,,,,685,220,0,0,0,0,88,0,0
687,scan,686,0,24945650010403,,24945650156689,24945651839226,63.114,-1.1810,-0.7158,-1.6091,3,1.0116,1011,220,-2,220,-1,1,684,24945549969590,24945614298597,64329,0,1,63399,66643,0,,,,686,220,-1,0,0,0,88,0,0
688,scan,687,0,24945700114068,,24945700255239,24945701959779,63.164,-1.1813,-0.7232,-1.6091,3,1.0240,1024,220,-2,220,1,1,685,24945599844037,24945664284482,64440,0,1,63399,66571,0,,,,687,220,1,0,0,0,88,0,0
689,scan,688,0,24945750685552,,24945750873848,24945752854820,63.214,-1.1819,-0.7382,-1.6091,3,1.0157,1015,220,-2,220,0,1,686,24945650061839,24945717551431,67489,0,1,63399,66572,0,,,,688,220,0,0,0,0,88,0,0
690,scan,689,0,24945800894564,,24945801025331,24945802949941,63.264,-1.1822,-0.7457,-1.6091,3,1.0142,1014,220,-2,220,-1,1,687,24945700161712,24945767443651,67281,0,1,63399,66637,0,,,,689,220,-1,0,0,0,88,0,0
691,scan,690,0,24945850668745,,24945850943132,24945853714284,63.314,-1.1827,-0.7606,-1.6091,3,1.0274,1027,220,-2,220,0,1,688,24945750767725,24945817774124,67006,0,1,63399,66628,0,,,,690,220,0,0,0,0,88,0,0
692,scan,691,0,24945900692226,,24945900822847,24945902884690,63.364,-1.1830,-0.7681,-1.6091,3,0.9977,997,220,-2,220,-1,1,689,24945800939041,24945868452251,67513,0,1,63399,66625,0,,,,691,220,-1,0,0,0,88,0,0
693,scan,692,0,24945950813998,,24945950954577,24945952928223,63.414,-1.1836,-0.7830,-1.6092,3,1.0019,1001,220,-2,220,1,1,690,24945850709980,24945917673930,66963,0,1,63399,66628,0,,,,692,220,1,0,0,0,88,0,0
694,scan,693,0,24946000993453,,24946001124393,24946002897375,63.464,-1.1839,-0.7905,-1.6092,3,1.0184,1018,220,-2,220,0,1,691,24945900737206,24945968290572,67553,0,1,63399,66616,0,,,,693,220,0,0,0,0,88,0,0
695,scan,694,0,24946050799062,,24946050942954,24946053003592,63.514,-1.1845,-0.8055,-1.6092,3,1.0035,1003,220,-2,220,1,1,692,24945950855883,24946018149863,67293,0,1,63399,66609,0,,,,694,220,1,0,0,0,88,0,0
696,scan,695,0,24946100851460,,24946100980795,24946102893497,63.564,-1.1847,-0.8129,-1.6092,3,0.9943,994,220,-2,220,0,1,693,24946001037380,24946067665349,66627,0,1,63399,66592,0,,,,695,220,0,0,0,0,88,0,0
697,scan,696,0,24946150717915,,24946150841379,24946152971499,63.614,-1.1853,-0.8279,-1.6092,3,1.0099,1009,220,-2,220,-3,1,694,24946050846103,24946117220338,66374,0,1,63399,66636,0,,,,696,220,-3,0,0,0,88,0,0
698,scan,697,0,24946200967875,,24946201110486,24946202919559,63.664,-1.1856,-0.8354,-1.6092,3,1.0156,1015,220,-2,220,1,1,695,24946100895538,24946168231692,67336,0,1,63399,66706,0,,,,697,220,1,0,0,0,88,0,0
699,scan,698,0,24946250713100,,24946250849367,24946252931325,63.714,-1.1862,-0.8503,-1.6093,3,1.0066,1006,220,-2,220,-2,1,696,24946150757180,24946218100787,67343,0,1,63399,66694,0,,,,698,220,-2,0,0,0,88,0,0
700,scan,699,0,24946300799891,,24946300957474,24946302890703,63.764,-1.1865,-0.8578,-1.6093,3,0.9973,997,220,-2,220,1,1,697,24946201025840,24946268634146,67608,0,1,63399,66687,0,,,,699,220,1,0,0,0,88,0,0
701,scan,700,0,24946351074160,,24946351199149,24946352887631,63.814,-1.1870,-0.8727,-1.6092,3,1.0049,1004,220,-2,220,-2,1,698,24946250751763,24946318070571,67318,0,1,63399,66672,0,,,,700,220,-2,0,0,0,88,0,0
702,scan,701,0,24946401166847,,24946401297246,24946403000462,63.864,-1.1873,-0.8802,-1.6092,3,1.0010,1001,220,-2,220,-3,1,699,24946300841541,24946368153087,67311,0,1,63399,66683,0,,,,701,220,-3,0,0,0,88,0,0
703,scan,702,0,24946451106714,,24946451245244,24946452893677,63.914,-1.1879,-0.8951,-1.6093,3,1.0013,1001,220,-2,220,-1,1,700,24946351114014,24946415652651,64538,0,1,63399,66697,0,,,,702,220,-1,0,0,0,88,0,0
704,scan,703,0,24946501727087,,24946501869675,24946503928438,63.964,-1.1882,-0.9026,-1.6094,3,0.9798,979,220,-2,220,-3,1,701,24946401209891,24946468803148,67593,0,1,63399,66792,0,,,,703,220,-3,0,0,0,88,0,0
705,scan,704,0,24946551611990,,24946551769163,24946554064904,64.014,-1.1885,-0.9101,-1.6096,3,0.9958,995,220,-2,220,0,1,702,24946451150090,24946514819124,63669,0,1,63399,66795,0,,,,704,220,0,0,0,0,88,0,0
706,scan,705,0,24946601799158,,24946601940860,24946603852530,64.064,-1.1891,-0.9250,-1.6097,3,0.9950,994,220,-2,220,-2,1,703,24946501778411,24946568466137,66687,0,1,63399,66848,0,,,,705,220,-2,0,0,0,88,0,0
707,scan,706,0,24946651554060,,24946651705606,24946653803088,64.114,-1.1893,-0.9325,-1.6097,3,1.0093,1009,220,-2,220,-2,1,704,24946551661378,24946615919260,64257,0,1,63399,66771,0,,,,706,220,-2,0,0,0,88,0,0
708,scan,707,0,24946701636712,,24946701769998,24946703795993,64.164,-1.1899,-0.9475,-1.6098,3,1.0043,1004,220,-2,220,0,1,705,24946601846767,24946669431179,67584,0,1,63399,66787,0,,,,707,220,0,0,0,0,88,0,0
709,scan,708,0,24946751675773,,24946751817873,24946753868138,64.214,-1.1902,-0.9549,-1.6099,3,0.9870,987,220,-2,220,-2,1,706,24946651598272,24946718394566,66796,0,1,63399,66768,0,,,,708,220,-2,0,0,0,88,0,0
710,scan,709,0,24946801423086,,24946801557724,24946803744534,64.264,-1.1908,-0.9699,-1.6100,3,0.9980,997,220,-1,220,1,1,707,24946701681055,24946769656353,67975,0,1,63399,66801,0,,,,709,220,1,0,0,0,88,0,0
711,scan,710,0,24946851448851,,24946851580646,24946853744690,64.314,-1.1911,-0.9774,-1.6100,3,0.9847,984,220,-1,220,-1,1,708,24946751723097,24946818185233,66462,0,1,63399,66763,0,,,,710,220,-1,0,0,0,88,0,0
712,scan,711,0,24946901696133,,24946901827381,24946903922975,64.364,-1.1917,-0.9923,-1.6101,3,0.9709,970,220,-1,220,2,1,709,24946801468428,24946868693650,67225,0,1,63399,66767,0,,,,711,220,2,0,0,0,88,0,0
713,scan,712,0,24946951762198,,24946951889641,24946954038647,64.414,-1.1920,-0.9998,-1.6101,3,0.9512,951,220,-1,220,0,1,710,24946851493796,24946917882109,66388,0,1,63399,66750,0,,,,712,220,0,0,0,0,88,0,0
714,scan,713,0,24947001469335,,24947001601827,24947003715838,64.464,-1.1926,-1.0147,-1.6100,3,0.9523,952,220,-2,220,3,1,711,24946901738746,24946969512755,67774,0,1,63399,66766,0,,,,713,220,3,0,0,0,88,0,0
715,scan,714,0,24947051591681,,24947051724054,24947053785227,64.514,-1.1929,-1.0222,-1.6100,3,0.9417,941,220,-2,220,0,1,712,24946951804358,24947019077437,67273,0,1,63399,66766,0,,,,714,220,0,0,0,0,88,0,0
716,scan,715,0,24947101721542,,24947101853851,24947103909454,64.564,-1.1935,-1.0372,-1.6099,3,0.9286,928,220,-2,220,4,1,713,24947001513081,24947069122288,67609,0,1,63399,66843,0,,,,715,220,4,0,0,0,88,0,0
717,scan,716,0,24947151860104,,24947151988748,24947153871102,64.614,-1.1937,-1.0446,-1.6099,3,0.9175,917,220,-2,220,1,1,714,24947051636027,24947118215301,66579,0,1,63399,66832,0,,,,716,220,1,0,0,0,88,0,0
718,scan,717,0,24947201709218,,24947201837526,24947203905954,64.664,-1.1943,-1.0596,-1.6098,4,0.8972,897,0,1000,220,-5,1,715,24947101765241,24947169314792,67549,0,1,63399,66830,0,,,,717,220,-5,0,0,0,88,0,0
719,scan,718,0,24947251645627,,24947251772282,24947253864949,64.714,-1.1946,-1.0671,-1.6097,4,0.8904,890,0,1000,220,3,1,716,24947151902705,24947217940532,66037,0,1,63399,66801,0,,,,718,220,3,0,0,0,88,0,0
720,scan,719,0,24947302298882,,24947302589063,24947304811411,64.764,-1.1952,-1.0820,-1.6098,4,0.8902,890,0,1000,0,999,1,717,24947201752666,24947269162201,67409,0,1,63399,66792,0,,,,719,0,999,0,0,0,88,0,0
721,scan,720,0,24947351941535,,24947352115895,24947353819780,64.814,-1.1955,-1.0895,-1.6099,4,0.8778,877,0,1000,0,999,1,718,24947251688067,24947317958169,66270,0,1,63399,66767,0,,,,720,0,999,0,0,0,88,0,0
722,scan,721,0,24947402087998,,24947402225735,24947403984993,64.864,-1.1957,-1.0958,-1.6083,4,0.8625,862,0,1000,0,999,1,719,24947302374132,24947370054323,67680,0,1,63399,66766,0,,,,721,0,999,0,0,0,88,0,0
723,scan,722,0,24947451782714,,24947451916252,24947453897607,64.914,-1.1960,-1.1050,-1.5904,4,0.8608,860,0,1000,0,999,1,720,24947351984209,24947419337314,67353,0,1,63399,66763,0,,,,722,0,999,0,0,0,88,0,0
724,scan,723,0,24947501715640,,24947501850732,24947503910155,64.964,-1.1961,-1.1078,-1.5788,4,0.8480,848,0,1000,0,999,1,721,24947402134120,24947469725507,67591,0,1,63399,66761,0,,,,723,0,999,0,0,0,88,0,0
725,scan,724,0,24947551815565,,24947551952553,24947553820703,65.014,-1.1961,-1.1110,-1.5606,4,0.8460,846,0,1000,0,999,1,722,24947451829127,24947516264222,64435,0,1,63399,66760,0,,,,724,0,999,0,0,0,88,0,0
726,scan,725,0,24947601834789,,24947601959980,24947603811678,65.064,-1.1961,-1.1118,-1.5443,4,0.8571,857,0,1000,0,999,1,723,24947501761999,24947568912428,67150,0,1,63399,66742,0,,,,725,0,999,0,0,0,88,0,0
727,scan,726,0,24947652153252,,24947652289230,24947653844562,65.114,-1.1961,-1.1119,-1.4732,4,0.8468,846,0,1000,0,999,1,724,24947551861312,24947618197211,66335,0,1,63399,66792,0,,,,726,0,999,0,0,0,88,0,0
728,scan,727,0,24947702282392,,24947702430933,24947703846916,65.164,-1.1961,-1.1118,-1.4270,4,0.8478,847,0,1000,0,999,1,725,24947601875515,24947669804509,67928,0,1,63399,66879,0,,,,727,0,999,0,0,0,88,0,0
729,scan,728,0,24947752638336,,24947752766426,24947754865314,65.214,-1.1961,-1.1117,-1.3563,4,0.8597,859,0,1000,0,999,1,726,24947652196901,24947719343016,67146,0,1,63399,66870,0,,,,728,0,999,0,0,0,88,0,0
730,scan,729,0,24947802499470,,24947802630885,24947805776852,65.264,-1.1961,-1.1116,-1.3304,4,0.8611,861,0,1000,0,999,1,727,24947702333009,24947769959873,67626,0,1,63399,66879,0,,,,729,0,999,0,0,0,88,0,0
731,scan,730,0,24947852525434,,24947852659807,24947854767255,65.314,-1.1962,-1.1115,-1.2676,4,0.8588,858,0,1000,0,999,1,728,24947752679688,24947820147797,67468,0,1,63399,66891,0,,,,730,0,999,0,0,0,88,0,0
732,scan,731,0,24947902636736,,24947902853342,24947904881250,65.364,-1.1962,-1.1115,-1.2288,4,0.8590,858,0,1000,0,999,1,729,24947802543883,24947870285324,67741,0,1,63399,66896,0,,,,731,0,999,0,0,0,88,0,0
733,scan,732,0,24947952549979,,24947952677604,24947954869102,65.414,-1.1962,-1.1114,-1.1558,4,0.8508,850,0,1000,0,999,1,730,24947852567874,24947919328967,66761,0,1,63399,66891,0,,,,732,0,999,0,0,0,88,0,0
734,scan,733,0,24948002581718,,24948002709103,24948004808166,65.464,-1.1963,-1.1113,-1.1245,4,0.8525,852,0,1000,0,999,1,731,24947902701863,24947970307402,67605,0,1,63399,66893,0,,,,733,0,999,0,0,0,88,0,0
735,scan,734,0,24948052583298,,24948052710698,24948054976726,65.514,-1.1963,-1.1112,-1.0612,4,0.8532,853,0,1000,0,999,1,732,24947952591894,24948019752527,67160,0,1,63399,66889,0,,,,734,0,999,0,0,0,88,0,0
736,scan,735,0,24948102727686,,24948102865570,24948104911589,65.564,-1.1963,-1.1112,-1.0259,4,0.8590,859,0,1000,0,999,1,733,24948002624366,24948070077684,67453,0,1,63399,66910,0,,,,735,0,999,0,0,0,88,0,0
737,scan,736,0,24948152971222,,24948153098387,24948154906066,65.614,-1.1964,-1.1111,-0.9546,4,0.8534,853,0,1000,0,999,1,734,24948052623176,24948120134577,67511,0,1,63399,66938,0,,,,736,0,999,0,0,0,88,0,0
738,scan,737,0,24948202854595,,24948202976552,24948204854121,65.664,-1.1965,-1.1110,-0.9212,4,0.8460,846,0,1000,0,999,1,735,24948102773655,24948169884004,67110,0,1,63399,66933,0,,,,737,0,999,0,0,0,88,0,0
739,scan,738,0,24948252887198,,24948253018661,24948255082538,65.714,-1.1965,-1.1110,-0.8887,4,0.8478,847,0,1000,0,999,1,736,24948153009111,24948221300406,68291,0,1,63399,66956,0,,,,738,0,999,0,0,0,88,0,0
740,scan,739,0,24948302696935,,24948302826290,24948304817538,65.764,-1.1966,-1.1109,-0.8219,4,0.8409,840,0,1000,0,999,1,737,24948202897048,24948269992737,67095,0,1,63399,66944,0,,,,739,0,999,0,0,0,88,0,0
741,scan,740,0,24948352871079,,24948352992745,24948354870469,65.814,-1.1966,-1.1109,-0.7871,4,0.8424,842,0,1000,0,999,1,738,24948252931960,24948320087621,67155,0,1,63399,66939,0,,,,740,0,999,0,0,0,88,0,0
742,scan,741,0,24948402751119,,24948402895768,24948404850805,65.864,-1.1967,-1.1108,-0.7182,4,0.8503,850,0,1000,0,999,1,739,24948302738867,24948370327821,67588,0,1,63399,66946,0,,,,741,0,999,0,0,0,88,0,0
743,scan,742,0,24948452948667,,24948453087925,24948454822776,65.914,-1.1968,-1.1108,-0.6847,4,0.8531,853,0,1000,0,999,1,740,24948352914712,24948420376968,67462,0,1,63399,67020,0,,,,742,0,999,0,0,0,88,0,0
744,scan,743,0,24948502952528,,24948503085426,24948504940056,65.964,-1.1969,-1.1107,-0.6177,4,0.8056,805,0,1000,0,999,1,741,24948402794082,24948470163315,67369,0,1,63399,67014,0,,,,743,0,999,0,0,0,88,0,0
745,scan,744,0,24948553204583,,24948553346055,24948554930714,66.014,-1.1969,-1.1107,-0.5835,4,0.7537,753,0,1000,0,999,1,742,24948452998459,24948518091899,65093,0,1,63399,67050,0,,,,744,0,999,0,0,0,88,0,0
746,scan,745,0,24948603108314,,24948603234219,24948604873724,66.064,-1.1970,-1.1106,-0.5150,4,0.7373,737,0,941,0,999,1,743,24948502997947,24948567100945,64102,0,1,63399,66985,0,,,,745,0,999,0,0,0,88,0,0
747,scan,746,0,24948653172473,,24948653302413,24948654828714,66.114,-1.1971,-1.1106,-0.4811,4,0.7241,724,0,873,0,998,1,744,24948553251433,24948619378526,66127,0,1,63399,67032,0,,,,746,0,998,0,0,0,88,0,0
748,scan,747,0,24948703397857,,24948703543070,24948705744248,66.164,-1.1972,-1.1106,-0.4138,4,0.7230,723,220,738,0,949,1,745,24948603148714,24948669527126,66378,0,1,63399,67001,0,,,,747,0,949,0,0,0,88,0,0
749,scan,748,0,24948753143074,,24948753279522,24948755080209,66.214,-1.1972,-1.1105,-0.3800,4,0.7208,720,220,670,0,878,1,746,24948653216537,24948720590102,67373,0,1,63399,67016,0,,,,748,0,878,0,0,0,88,0,0
750,scan,749,0,24948803265349,,24948803405290,24948805772836,66.264,-1.1973,-1.1105,-0.3143,4,0.7251,725,220,539,220,733,1,747,24948703446829,24948770573349,67126,0,1,63399,66995,0,,,,749,220,733,0,0,0,88,0,0
751,scan,750,0,24948853459026,,24948853586827,24948855798478,66.314,-1.1974,-1.1105,-0.2850,4,0.7289,728,220,481,220,658,1,748,24948753189328,24948820504604,67315,0,1,63399,67016,0,,,,750,220,658,0,0,0,88,0,0
752,scan,751,0,24948903516979,,24948903635938,24948905858726,66.364,-1.1942,-1.1113,-0.2233,4,0.7196,719,220,358,220,522,1,749,24948803311521,24948870623857,67312,0,1,63399,67018,0,,,,751,220,522,0,0,0,88,0,0
753,scan,752,0,24948953767232,,24948953895781,24948955914248,66.414,-1.1908,-1.1120,-0.1849,4,0.7294,729,220,282,220,465,1,750,24948853502729,24948920674291,67171,0,1,63399,67038,0,,,,752,220,465,0,0,0,88,0,0
754,scan,753,0,24949003459486,,24949003576172,24949005754127,66.464,-1.1807,-1.1135,-0.1067,4,0.7171,717,220,126,220,343,1,751,24948903554999,24948970322449,66767,0,1,63399,67013,0,,,,753,220,343,0,0,0,88,0,0
755,scan,754,0,24949053282905,,24949053417246,24949054955636,66.514,-1.1744,-1.1141,-0.0737,4,0.6998,699,220,60,220,270,1,752,24948953810107,24949018136856,64326,0,1,63399,66939,0,,,,754,220,270,0,0,0,88,0,0
756,scan,755,0,24949103669546,,24949103812461,24949105851200,66.564,-1.1676,-1.1145,-0.0491,4,0.6966,696,220,11,220,122,1,753,24949003495772,24949070529977,67034,0,1,63399,66925,0,,,,755,220,122,0,0,0,88,0,0
757,scan,756,0,24949153453263,,24949153587867,24949155767302,66.614,-1.1529,-1.1151,-0.0338,4,0.6978,697,220,-19,220,59,1,754,24949053327239,24949119743510,66416,0,1,63399,66920,0,,,,756,220,59,0,0,0,88,0,0
758,scan,757,0,24949203496919,,24949203628772,24949205763068,66.664,-1.1455,-1.1153,-0.0361,4,0.6801,680,220,-15,220,11,1,755,24949103727289,24949169091273,65363,0,1,63399,66866,0,,,,757,220,11,0,0,0,88,0,0
759,scan,758,0,24949253829064,,24949253956187,24949255823539,66.714,-1.1305,-1.1159,-0.0350,4,0.6672,667,220,-17,220,-18,1,756,24949153499550,24949221020199,67520,0,1,63399,66903,0,,,,758,220,-18,0,0,0,88,0,0
760,scan,759,0,24949303978036,,24949304138438,24949305991931,66.764,-1.1231,-1.1161,-0.0317,4,0.6534,653,220,-24,220,-14,1,757,24949203544118,24949270005858,66461,0,1,63399,66879,0,,,,759,220,-14,0,0,0,88,0,0
761,scan,760,0,24949353797450,,24949353922528,24949355814870,66.814,-1.1081,-1.1166,-0.0310,4,0.6353,635,220,-25,220,-16,1,758,24949253872034,24949320853664,66981,0,1,63399,66897,0,,,,760,220,-16,0,0,0,88,0,0
762,scan,761,0,24949404753345,,24949404963003,24949406903318,66.864,-1.1006,-1.1168,-0.0338,4,0.6228,622,220,-20,220,-22,1,759,24949304046241,24949371592146,67545,0,1,63399,66894,0,,,,761,220,-22,0,0,0,88,0,0
763,scan,762,0,24949453808268,,24949453926856,24949456128081,66.914,-1.0857,-1.1174,-0.0368,4,0.6163,616,220,-14,220,-23,1,760,24949353840936,24949421152855,67311,0,1,63399,66893,0,,,,762,220,-23,0,0,0,88,0,0
764,scan,763,0,24949503838113,,24949503967888,24949506072470,66.964,-1.0782,-1.1176,-0.0362,4,0.6098,609,220,-15,220,-18,1,761,24949404826855,24949472476585,67649,0,1,63399,66894,0,,,,763,220,-18,0,0,0,88,0,0
765,scan,764,0,24949553685817,,24949553840525,24949555780486,67.014,-1.0633,-1.1182,-0.0361,4,0.6074,607,220,-16,220,-13,1,762,24949453850914,24949518049947,64199,0,1,63399,66888,0,,,,764,220,-13,0,0,0,88,0,0
766,scan,765,0,24949604150794,,24949604287512,24949605907087,67.064,-1.0558,-1.1184,-0.0375,4,0.5964,596,220,-13,220,-14,1,763,24949503881683,24949571403374,67521,0,1,63399,66897,0,,,,765,220,-14,0,0,0,88,0,0
767,scan,766,0,24949653650628,,24949653788406,24949655846571,67.114,-1.0408,-1.1190,-0.0397,4,0.5821,582,220,-9,220,-15,1,764,24949553744215,24949621277265,67533,0,1,63399,66927,0,,,,766,220,-15,0,0,0,88,0,0
768,scan,767,0,24949704106877,,24949704238043,24949706763930,67.164,-1.0333,-1.1193,-0.0397,4,0.5851,585,220,-9,220,-11,1,765,24949604197780,24949672110904,67913,0,1,63399,66927,0,,,,767,220,-11,0,0,0,88,0,0
769,scan,768,0,24949754382955,,24949754511272,24949757132015,67.214,-1.0184,-1.1199,-0.0396,4,0.5719,571,220,-9,220,-7,1,766,24949653689999,24949720878059,67188,0,1,63399,66928,0,,,,768,220,-7,0,0,0,88,0,0
770,scan,769,0,24949804889987,,24949805022144,24949807132630,67.264,-1.0109,-1.1202,-0.0402,4,0.5613,561,220,-8,220,-7,1,767,24949704150871,24949768212743,64061,0,1,63399,66839,0,,,,769,220,-7,0,0,0,88,0,0
771,scan,770,0,24949855354882,,24949855631898,24949857799728,67.314,-0.9960,-1.1208,-0.0414,4,0.5583,558,220,-5,220,-7,1,768,24949754423902,24949818521514,64097,0,1,63399,66755,0,,,,770,220,-7,0,0,0,88,0,0
772,scan,771,0,24949904737327,,24949904889129,24949906900311,67.364,-0.9885,-1.1211,-0.0415,4,0.5439,543,220,-5,220,-7,1,769,24949804931779,24949873038861,68107,0,1,63399,66764,0,,,,771,220,-7,0,0,0,88,0,0
773,scan,772,0,24949954755879,,24949954883304,24949956861857,67.414,-0.9810,-1.1215,-0.0414,4,0.5369,536,220,-5,220,-5,1,770,24949855436524,24949922700298,67263,0,1,63399,66776,0,,,,772,220,-5,0,0,0,88,0,0
774,scan,773,0,24950004713856,,24950004843765,24950006875770,67.464,-0.9661,-1.1221,-0.0417,4,0.5279,527,220,-5,220,-4,1,771,24949904788962,24949971833158,67044,0,1,63399,66762,0,,,,773,220,-4,0,0,0,88,0,0
775,scan,774,0,24950054773091,,24950054901510,24950056848897,67.514,-0.9586,-1.1224,-0.0421,4,0.5195,519,220,-4,220,-6,1,772,24949954800176,24950021945045,67144,0,1,63399,66762,0,,,,774,220,-6,0,0,0,88,0,0
776,scan,775,0,24950105658722,,24950105793570,24950107807400,67.564,-0.9436,-1.1230,-0.0426,4,0.5067,506,220,-3,220,-4,1,773,24950004758079,24950072212787,67454,0,1,63399,66762,0,,,,775,220,-4,0,0,0,88,0,0
777,scan,776,0,24950155436117,,24950155589938,24950157754472,67.614,-0.9361,-1.1233,-0.0427,4,0.4988,498,220,-3,220,-4,1,774,24950054818464,24950122040106,67221,0,1,63399,66755,0,,,,776,220,-4,0,0,0,88,0,0
778,scan,777,0,24950205148835,,24950205300699,24950206835645,67.664,-0.9212,-1.1240,-0.0429,4,0.4769,476,220,-3,220,-2,1,775,24950105705387,24950173274668,67569,0,1,63399,66766,0,,,,777,220,-2,0,0,0,88,0,0
779,scan,778,0,24950255041526,,24950255200304,24950256862157,67.714,-0.9137,-1.1243,-0.0431,4,0.4656,465,220,-2,220,-2,1,776,24950155480175,24950222161148,66680,0,1,63399,66726,0,,,,778,220,-2,0,0,0,88,0,0
780,scan,779,0,24950304931778,,24950305060346,24950306815887,67.764,-0.8988,-1.1250,-0.0433,4,0.4680,467,220,-2,220,-2,1,777,24950205208776,24950272674132,67465,0,1,63399,66735,0,,,,779,220,-2,0,0,0,88,0,0
781,scan,780,0,24950354874935,,24950355028707,24950356952777,67.814,-0.8913,-1.1253,-0.0433,4,0.4587,458,220,-2,220,-2,1,778,24950255100361,24950321885982,66785,0,1,63399,66726,0,,,,780,220,-2,0,0,0,88,0,0
782,scan,781,0,24950404630934,,24950404763973,24950406847635,67.864,-0.8764,-1.1259,-0.0433,4,0.4550,454,220,-2,220,-2,1,779,24950304976067,24950372412586,67436,0,1,63399,66722,0,,,,781,220,-2,0,0,0,88,0,0
783,scan,782,0,24950455034171,,24950455184618,24950456821722,67.914,-0.8689,-1.1263,-0.0434,4,0.4494,449,220,-1,220,-2,1,780,24950354923256,24950422315130,67391,0,1,63399,66720,0,,,,782,220,-2,0,0,0,88,0,0
784,scan,783,0,24950504736305,,24950504911902,24950506804808,67.964,-0.8540,-1.1269,-0.0436,4,0.4284,428,220,-1,220,-2,1,781,24950404674797,24950472889329,68214,0,1,63399,66741,0,,,,783,220,-2,0,0,0,88,0,0
785,scan,784,0,24950555331734,,24950555473809,24950556865743,68.014,-0.8465,-1.1272,-0.0437,4,0.4224,422,220,-1,220,-2,1,782,24950455089564,24950519289878,64200,0,1,63399,66719,0,,,,784,220,-2,0,0,0,88,0,0
786,scan,785,0,24950604954973,,24950605087334,24950606818718,68.064,-0.8316,-1.1279,-0.0438,4,0.4111,411,220,-1,220,0,1,783,24950504793203,24950572235685,67442,0,1,63399,66803,0,,,,785,220,0,0,0,0,88,0,0
787,scan,786,0,24950655280824,,24950655410729,24950657059681,68.114,-0.8241,-1.1282,-0.0438,4,0.4122,412,220,-1,220,0,1,784,24950555385264,24950622379886,66994,0,1,63399,66824,0,,,,786,220,0,0,0,0,88,0,0
788,scan,787,0,24950705533070,,24950705760912,24950707778608,68.164,-0.8091,-1.1289,-0.0439,4,0.4027,402,220,0,220,0,1,785,24950604996575,24950669069095,64072,0,1,63399,66767,0,,,,787,220,0,0,0,0,88,0,0
789,scan,788,0,24950755203438,,24950755336714,24950756823166,68.214,-0.8017,-1.1292,-0.0439,4,0.3852,385,220,-1,220,0,1,786,24950655325911,24950721135936,65810,0,1,63399,66728,0,,,,788,220,0,0,1,0,88,0,0
790,scan,789,0,24950805446728,,24950805579334,24950807762582,68.264,-0.7942,-1.1295,-0.0439,4,0.3822,382,220,-1,220,0,1,787,24950705605891,24950773182168,67576,0,1,63399,66739,0,,,,789,220,0,0,1,0,88,0,0
791,scan,790,0,24950855454013,,24950855585709,24950857780018,68.314,-0.7793,-1.1302,-0.0438,4,0.3790,379,220,-1,220,0,1,788,24950755247988,24950822103999,66856,0,1,63399,66727,0,,,,790,220,0,0,1,0,88,0,0
792,scan,791,0,24950905516126,,24950905646413,24950907847932,68.364,-0.7718,-1.1305,-0.0439,4,0.3634,363,220,-1,220,1,1,789,24950805493055,24950873306393,67813,0,1,63399,66740,0,,,,791,220,1,0,1,0,88,0,0
793,scan,792,0,24950955540008,,24950955675260,24950957826758,68.414,-0.7568,-1.1312,-0.0439,4,0.3608,360,220,-1,220,0,1,790,24950855498868,24950921946209,66447,0,1,63399,66722,0,,,,792,220,0,0,1,0,88,0,0
794,scan,793,0,24951005759371,,24951005898025,24951007837756,68.464,-0.7494,-1.1315,-0.0438,4,0.3474,347,220,-1,220,1,1,791,24950905562425,24950973088297,67525,0,1,63399,66741,0,,,,793,220,1,0,1,0,88,0,0
795,scan,794,0,24951056026969,,24951056155479,24951057853894,68.514,-0.7344,-1.1321,-0.0437,4,0.3444,344,220,-1,220,0,1,792,24950955582351,24951022509844,66927,0,1,63399,66806,0,,,,794,220,0,0,1,0,88,0,0
796,scan,795,0,24951105827837,,24951105967758,24951107864230,68.564,-0.7269,-1.1325,-0.0437,4,0.3413,341,220,-1,220,-1,1,793,24951005807681,24951070124442,64316,0,1,63399,66738,0,,,,795,220,-1,0,1,0,88,0,0
797,scan,796,0,24951155746801,,24951155872323,24951157953110,68.614,-0.7120,-1.1331,-0.0437,4,0.3256,325,220,-1,220,0,1,794,24951056070342,24951123446950,67376,0,1,63399,66762,0,,,,796,220,0,0,1,0,88,0,0
798,scan,797,0,24951205541138,,24951205666456,24951207779972,68.664,-0.7045,-1.1334,-0.0438,4,0.3316,331,220,-1,220,0,1,795,24951105874710,24951173657884,67783,0,1,63399,66822,0,,,,797,220,0,0,1,0,88,0,0
799,scan,798,0,24951255694329,,24951255853724,24951257847948,68.714,-0.6896,-1.1341,-0.0438,4,0.3324,332,220,-1,220,0,1,796,24951155789452,24951220015296,64225,0,1,63399,66740,0,,,,798,220,0,0,1,0,88,0,0
800,scan,799,0,24951306472823,,24951306677330,24951308901394,68.764,-0.6821,-1.1344,-0.0438,4,0.3105,310,220,-1,220,0,1,797,24951205585491,24951273050053,67464,0,1,63399,66765,0,,,,799,220,0,0,1,0,88,0,0
801,scan,800,0,24951356102518,,24951356239237,24951357841306,68.814,-0.6671,-1.1351,-0.0438,4,0.3061,306,220,-1,220,0,1,798,24951255747493,24951320185815,64438,0,1,63399,66701,0,,,,800,220,0,0,1,0,88,0,0
802,scan,801,0,24951406138674,,24951406270558,24951407906886,68.864,-0.6597,-1.1354,-0.0438,4,0.3042,304,220,-1,220,0,1,799,24951306547572,24951372401434,65853,0,1,63399,66659,0,,,,801,220,0,0,1,0,88,0,0
803,scan,802,0,24951456107028,,24951456223155,24951457928646,68.914,-0.6447,-1.1361,-0.0438,4,0.2996,299,220,-1,220,0,1,800,24951356145224,24951420385027,64239,0,1,63399,66582,0,,,,802,220,0,0,1,0,88,0,0
804,scan,803,0,24951506324563,,24951506456598,24951508106203,68.964,-0.6372,-1.1364,-0.0438,4,0.3076,307,220,-1,220,0,1,801,24951406183044,24951473582592,67399,0,1,63399,66576,0,,,,803,220,0,0,1,0,88,0,0
805,scan,804,0,24951556454463,,24951556590518,24951558933289,69.014,-0.6223,-1.1370,-0.0438,4,0.3035,303,220,-1,220,0,1,802,24951456147840,24951520454922,64307,0,1,63399,66579,0,,,,804,220,0,0,1,0,88,0,0
806,scan,805,0,24951606481026,,24951606607750,24951608836081,69.064,-0.6148,-1.1374,-0.0438,4,0.2942,294,220,-1,220,0,1,803,24951506371093,24951570819940,64448,0,1,63399,66502,0,,,,805,220,0,0,1,0,88,0,0
807,scan,806,0,24951656784478,,24951656971759,24951659748335,69.114,-0.6074,-1.1377,-0.0438,4,0.2917,291,220,-1,220,0,1,804,24951556493256,24951620680762,64187,0,1,63399,66418,0,,,,806,220,0,0,1,0,88,0,0
808,scan,807,0,24951706697878,,24951706852777,24951708940846,69.164,-0.5924,-1.1384,-0.0438,4,0.2764,276,220,-1,220,0,1,805,24951606523138,24951670985864,64462,0,1,63399,66332,0,,,,807,220,0,0,1,0,88,0,0
809,scan,808,0,24951757021659,,24951757190429,24951758831281,69.214,-0.5850,-1.1387,-0.0438,4,0.2901,290,220,-1,220,1,1,806,24951656850928,24951721288594,64437,0,1,63399,66263,0,,,,808,220,1,0,1,0,88,0,0
810,scan,809,0,24951807015372,,24951807143703,24951808832818,69.264,-0.5700,-1.1393,-0.0438,4,0.3070,306,220,-1,220,0,1,807,24951706753406,24951771017511,64264,0,1,63399,66268,0,,,,809,220,0,0,1,0,88,0,0
811,scan,810,0,24951856779740,,24951856908034,24951858902803,69.314,-0.5625,-1.1397,-0.0437,4,0.2997,299,220,-1,220,1,1,808,24951757073603,24951821155757,64082,0,1,63399,66268,0,,,,810,220,1,0,1,0,88,0,0
812,scan,811,0,24951906754133,,24951906878410,24951908911767,69.364,-0.5476,-1.1403,-0.0437,4,0.3129,312,220,-1,220,0,1,809,24951807058108,24951871516722,64458,0,1,63399,66177,0,,,,811,220,0,0,1,0,88,0,0
813,scan,812,0,24951956679280,,24951956824354,24951958913256,69.414,-0.5401,-1.1406,-0.0437,4,0.3078,307,220,-1,220,1,1,810,24951856822503,24951923817180,66994,0,1,63399,66170,0,,,,812,220,1,0,1,0,88,0,0
814,scan,813,0,24952006977458,,24952007153994,24952008934411,69.464,-0.5252,-1.1413,-0.0436,4,0.3332,333,220,-1,220,0,1,811,24951906793709,24951974377627,67583,0,1,63399,66183,0,,,,813,220,0,0,1,0,88,0,0
815,scan,814,0,24952056738970,,24952056900804,24952058928835,69.514,-0.5177,-1.1416,-0.0436,4,1.0523,1052,220,-1,220,1,1,812,24951956729522,24952024432114,67702,0,1,63399,66197,0,,,,814,220,1,0,0,0,88,0,0
816,scan,815,0,24952106768564,,24952106897045,24952108968431,69.564,-0.5027,-1.1423,-0.0435,4,1.0562,1056,220,-1,220,0,1,813,24952007026718,24952074140448,67113,0,1,63399,66189,0,,,,815,220,0,0,0,0,88,0,0
817,scan,816,0,24952156930312,,24952157109494,24952158831269,69.614,-0.4953,-1.1426,-0.0435,4,1.0608,1060,220,-2,220,1,1,814,24952056795541,24952124088693,67293,0,1,63399,66191,0,,,,816,220,1,0,0,0,88,0,0
818,scan,817,0,24952206720196,,24952206836915,24952209001545,69.664,-0.4803,-1.1432,-0.0435,4,1.0607,1060,220,-2,220,0,1,815,24952106809689,24952173957408,67147,0,1,63399,66180,0,,,,817,220,0,0,0,0,88,0,0
819,scan,818,0,24952257105946,,24952257232862,24952258832481,69.714,-0.4728,-1.1436,-0.0435,4,1.0525,1052,220,-2,220,1,1,816,24952156989102,24952223103048,66113,0,1,63399,66166,0,,,,818,220,1,0,0,0,88,0,0
820,scan,819,0,24952306763469,,24952306891415,24952308971556,69.764,-0.4579,-1.1442,-0.0434,4,1.0680,1067,220,-2,220,-2,1,817,24952206758085,24952274009426,67251,0,1,63399,66161,0,,,,819,220,-2,0,0,0,88,0,0
821,scan,820,0,24952356839834,,24952356963640,24952358882179,69.814,-0.4504,-1.1445,-0.0434,4,1.0397,1039,220,-2,220,-1,1,818,24952257147315,24952324487746,67340,0,1,63399,66174,0,,,,820,220,-1,0,0,0,88,0,0
822,scan,821,0,24952406858294,,24952406980114,24952408919750,69.864,-0.4355,-1.1452,-0.0434,4,1.0431,1043,220,-2,220,-2,1,819,24952306803515,24952374309296,67505,0,1,63399,66176,0,,,,821,220,-2,0,0,0,88,0,0
823,scan,822,0,24952457020143,,24952457140446,24952458893162,69.914,-0.4280,-1.1455,-0.0435,4,1.0651,1065,220,-2,220,-1,1,820,24952356881776,24952424218599,67336,0,1,63399,66175,0,,,,822,220,-1,0,0,0,88,0,0
824,scan,823,0,24952507273141,,24952507473064,24952509789619,69.964,-0.4205,-1.1458,-0.0436,4,1.0551,1055,220,-2,220,-2,1,821,24952406894222,24952474296681,67402,0,1,63399,66154,0,,,,823,220,-2,0,0,0,88,0,0
825,scan,824,0,24952557600289,,24952557737860,24952559905256,70.014,-0.4056,-1.1465,-0.0437,4,1.0672,1067,220,-1,220,1,1,822,24952457063217,24952521663830,64600,0,1,63399,66164,0,,,,824,220,1,0,0,0,88,0,0
826,scan,825,0,24952607266847,,24952607406174,24952608979376,70.064,-0.3981,-1.1468,-0.0437,4,1.0579,1057,220,-1,220,0,1,823,24952507341762,24952574461437,67119,0,1,63399,66156,0,,,,825,220,0,0,0,0,88,0,0
827,scan,826,0,24952656929674,,24952657059910,24952658953432,70.114,-0.3832,-1.1475,-0.0437,4,1.0640,1064,220,-1,220,-1,1,824,24952557645577,24952625201802,67556,0,1,63399,66170,0,,,,826,220,-1,0,0,0,88,0,0
828,scan,827,0,24952706846265,,24952706969676,24952709015500,70.164,-0.3757,-1.1478,-0.0437,4,1.0752,1075,220,-1,220,0,1,825,24952607313122,24952671764325,64451,0,1,63399,66180,0,,,,827,220,0,0,0,0,88,0,0
829,scan,828,0,24952757308704,,24952757447265,24952759812876,70.214,-0.3608,-1.1485,-0.0437,4,1.0413,1041,220,-1,220,-1,1,826,24952656973729,24952724457729,67484,0,1,63399,66222,0,,,,828,220,-1,0,0,0,88,0,0
830,scan,829,0,24952807421510,,24952807551511,24952809746225,70.264,-0.3533,-1.1488,-0.0437,4,1.0611,1061,220,-1,220,0,1,827,24952706886261,24952773230680,66344,0,1,63399,66191,0,,,,829,220,0,0,0,0,88,0,0
831,scan,830,0,24952857359358,,24952857490323,24952859782082,70.314,-0.3383,-1.1494,-0.0438,4,1.0363,1036,220,-1,220,-1,1,828,24952757363967,24952824544414,67180,0,1,63399,66199,0,,,,830,220,-1,0,0,0,88,0,0
832,scan,831,0,24952907341810,,24952907485872,24952909825709,70.364,-0.3309,-1.1498,-0.0438,4,1.0492,1049,220,-1,220,0,1,829,24952807464331,24952873994882,66530,0,1,63399,66167,0,,,,831,220,0,0,0,0,88,0,0
833,scan,832,0,24952957196996,,24952957336183,24952958847019,70.414,-0.3159,-1.1504,-0.0438,4,1.0329,1032,220,-1,220,-1,1,830,24952857405428,24952924422812,67017,0,1,63399,66181,0,,,,832,220,-1,0,0,0,88,0,0
834,scan,833,0,24953007668081,,24953007794962,24953009878277,70.464,-0.3084,-1.1507,-0.0438,4,1.0206,1020,220,-1,220,1,1,831,24952907384774,24952974559897,67175,0,1,63399,66172,0,,,,833,220,1,0,0,0,88,0,0
835,scan,834,0,24953057862400,,24953057992875,24953059829985,70.514,-0.2935,-1.1514,-0.0438,4,1.0080,1008,220,-1,220,-1,1,832,24952957250202,24953024659417,67409,0,1,63399,66185,0,,,,834,220,-1,0,0,0,88,0,0
836,scan,835,0,24953107836670,,24953107976470,24953109895052,70.564,-0.2860,-1.1517,-0.0438,4,1.0028,1002,220,-1,220,1,1,833,24953007709458,24953074361220,66651,0,1,63399,66243,0,,,,835,220,1,0,0,0,88,0,0
837,scan,836,0,24953157756164,,24953157881039,24953159915983,70.614,-0.2711,-1.1524,-0.0437,4,1.0153,1015,220,-1,220,-1,1,834,24953057906268,24953126181300,68275,0,1,63399,66265,0,,,,836,220,-1,0,0,0,88,0,0
838,scan,837,0,24953207794755,,24953207922702,24953209957879,70.664,-0.2636,-1.1527,-0.0437,4,0.9897,989,220,-1,220,1,1,835,24953107882397,24953175433486,67551,0,1,63399,66260,0,,,,837,220,1,0,0,0,88,0,0
839,scan,838,0,24953258416032,,24953258541010,24953260803040,70.714,-0.2487,-1.1534,-0.0437,4,0.9820,981,220,-1,220,0,1,836,24953157797128,24953225605069,67807,0,1,63399,66349,0,,,,838,220,0,0,0,0,88,0,0
840,scan,839,0,24953307812022,,24953307939298,24953309944677,70.764,-0.2412,-1.1537,-0.0437,4,0.9788,978,220,-1,220,1,1,837,24953207837328,24953275106077,67268,0,1,63399,66344,0,,,,839,220,1,0,0,0,88,0,0
841,scan,840,0,24953358172681,,24953358304675,24953359962888,70.814,-0.2337,-1.1540,-0.0437,4,0.9708,970,220,-2,220,0,1,838,24953258456256,24953322379494,63923,0,1,63399,66331,0,,,,840,220,0,0,0,0,88,0,0
842,scan,841,0,24953408115237,,24953408288947,24953409823008,70.864,-0.2188,-1.1547,-0.0436,4,0.9575,957,220,-2,220,1,1,839,24953307854735,24953375324093,67469,0,1,63399,66372,0,,,,841,220,1,0,0,0,88,0,0
843,scan,842,0,24953458354510,,24953458545513,24953460900502,70.914,-0.2113,-1.1550,-0.0436,4,0.9447,944,220,-2,220,0,1,840,24953358218663,24953425839131,67620,0,1,63399,66456,0,,,,842,220,0,0,0,0,88,0,0
844,scan,843,0,24953508494653,,24953508623393,24953510798780,70.964,-0.1963,-1.1556,-0.0436,4,0.9420,941,220,-2,220,1,1,841,24953408200329,24953475709961,67509,0,1,63399,66459,0,,,,843,220,1,0,0,0,88,0,0
845,scan,844,0,24953558593114,,24953558741027,24953560908750,71.014,-0.1889,-1.1560,-0.0436,4,0.9497,949,220,-2,220,0,1,842,24953458420282,24953522697783,64277,0,1,63399,66458,0,,,,844,220,0,0,0,0,88,0,0
846,scan,845,0,24953608452649,,24953608587291,24953610763709,71.064,-0.1739,-1.1566,-0.0436,4,0.9283,928,220,-2,220,1,1,843,24953508537211,24953576380669,67843,0,1,63399,66543,0,,,,845,220,1,0,0,0,88,0,0
847,scan,846,0,24953659179528,,24953659390786,24953660889462,71.114,-0.1665,-1.1569,-0.0435,4,0.9238,923,220,-2,220,0,1,844,24953558641476,24953626187920,67546,0,1,63399,66627,0,,,,846,220,0,0,0,0,88,0,0
848,scan,847,0,24953708798406,,24953708927057,24953710881484,71.164,-0.1515,-1.1576,-0.0435,4,0.9145,914,220,-2,220,1,1,845,24953608497072,24953675922164,67425,0,1,63399,66701,0,,,,847,220,1,0,0,0,88,0,0
849,scan,848,0,24953758788464,,24953758944606,24953761049505,71.214,-0.1440,-1.1579,-0.0435,4,0.9088,908,220,-2,220,0,1,846,24953659267113,24953726107755,66840,0,1,63399,66761,0,,,,848,220,0,0,0,0,88,0,0
850,scan,849,0,24953808615570,,24953808742796,24953810826547,71.264,-0.1291,-1.1586,-0.0435,4,0.9053,905,220,-2,220,1,1,847,24953708842128,24953776647175,67805,0,1,63399,66850,0,,,,849,220,1,0,0,0,88,0,0
851,scan,850,0,24953858830377,,24953858964418,24953861006989,71.314,-0.1216,-1.1589,-0.0435,4,0.8930,893,220,-2,220,0,1,848,24953758846614,24953825908813,67062,0,1,63399,66924,0,,,,850,220,0,0,0,0,88,0,0
852,scan,851,0,24953908872944,,24953909003373,24953910860432,71.364,-0.1067,-1.1595,-0.0435,4,0.8932,893,220,-2,220,-1,1,849,24953808655840,24953875974132,67318,0,1,63399,66996,0,,,,851,220,-1,0,0,0,88,0,0
853,scan,852,0,24953959184330,,24953959316778,24953960854710,71.414,-0.0992,-1.1599,-0.0434,4,0.8729,872,220,-2,220,-2,1,850,24953858874218,24953925699127,66824,0,1,63399,66992,0,,,,852,220,-2,0,0,0,88,0,0
854,scan,853,0,24954009012398,,24954009136875,24954010875579,71.464,-0.0843,-1.1605,-0.0435,4,0.8696,869,220,-2,220,-1,1,851,24953908919028,24953976477779,67558,0,1,63399,66991,0,,,,853,220,-1,0,0,0,88,0,0
855,scan,854,0,24954059022817,,24954059153306,24954060882403,71.514,-0.0768,-1.1608,-0.0436,4,0.8572,857,220,-2,220,-2,1,852,24953959230470,24954026093277,66862,0,1,63399,66970,0,,,,854,220,-2,0,0,0,88,0,0
856,scan,855,0,24954109966822,,24954110245605,24954111939341,71.564,-0.0618,-1.1615,-0.0438,4,0.8756,875,220,-2,220,-1,1,853,24954009054231,24954076670863,67616,0,1,63399,66983,0,,,,855,220,-1,0,0,0,88,0,0
857,scan,856,0,24954159968361,,24954160147164,24954161930446,71.614,-0.0544,-1.1618,-0.0438,4,0.8553,855,220,-2,220,0,1,854,24954059067116,24954126455563,67388,0,1,63399,66985,0,,,,856,220,0,0,0,0,88,0,0
858,scan,857,0,24954209592707,,24954209752641,24954211917918,71.664,-0.0469,-1.1622,-0.0438,4,0.8630,862,220,-2,220,1,1,855,24954110114889,24954177745127,67630,0,1,63399,66997,0,,,,857,220,1,0,0,0,88,0,0
859,scan,858,0,24954259158958,,24954259289875,24954260884294,71.714,-0.0319,-1.1628,-0.0439,4,0.8643,864,220,-2,220,0,1,856,24954160044394,24954227583120,67538,0,1,63399,67033,0,,,,858,220,0,0,0,0,88,0,0
860,scan,859,0,24954309308893,,24954309437311,24954310862722,71.764,-0.0245,-1.1631,-0.0438,4,0.8426,842,220,-2,220,0,1,857,24954209646616,24954277142747,67496,0,1,63399,67039,0,,,,859,220,0,0,0,0,88,0,0
861,scan,860,0,24954359400782,,24954359539904,24954361786950,71.814,-0.0095,-1.1638,-0.0438,4,0.8528,852,220,-2,220,0,1,858,24954259202568,24954326010339,66807,0,1,63399,67025,0,,,,860,220,0,0,0,0,88,0,0
862,scan,861,0,24954410279363,,24954410425122,24954412043022,71.864,-0.0021,-1.1641,-0.0438,4,0.8589,858,220,-2,220,0,1,859,24954309351146,24954376874323,67523,0,1,63399,67026,0,,,,861,220,0,0,0,0,88,0,0
863,scan,862,0,24954459712797,,24954459858613,24954461886717,71.914,0.0129,-1.1648,-0.0438,4,0.8377,837,220,-2,220,1,1,860,24954359447773,24954426564903,67117,0,1,63399,67020,0,,,,862,220,1,0,0,0,88,0,0
864,scan,863,0,24954509720861,,24954509886509,24954511987989,71.964,0.0204,-1.1651,-0.0438,4,0.8285,828,220,-2,220,0,1,861,24954410328390,24954477882857,67554,0,1,63399,67024,0,,,,863,220,0,0,0,0,88,0,0
865,scan,864,0,24954559625044,,24954559745308,24954561828936,72.014,0.0353,-1.1658,-0.0438,4,0.8418,841,220,-2,220,1,1,862,24954459757101,24954525836180,66079,0,1,63399,67061,0,,,,864,220,1,0,0,0,88,0,0
866,scan,865,0,24954610353888,,24954610482366,24954612749284,72.064,0.0428,-1.1661,-0.0437,4,0.8571,857,220,-2,220,0,1,863,24954509782562,24954576695640,66913,0,1,63399,67056,0,,,,865,220,0,0,0,0,88,0,0
867,scan,866,0,24954659698990,,24954659828581,24954661943417,72.114,0.0577,-1.1667,-0.0437,4,0.8529,852,220,-2,220,1,1,864,24954559663774,24954627307780,67644,0,1,63399,67058,0,,,,866,220,1,0,0,0,88,0,0
868,scan,867,0,24954709741301,,24954709871953,24954711877191,72.164,0.0652,-1.1671,-0.0437,4,0.8516,851,220,-2,220,0,1,865,24954610397353,24954678052071,67654,0,1,63399,67138,0,,,,867,220,0,0,0,0,88,0,0
869,scan,868,0,24954759871602,,24954760044903,24954761973195,72.214,0.0801,-1.1677,-0.0437,4,0.8723,872,220,-2,220,1,1,866,24954659742711,24954741270435,81527,0,1,63399,67489,0,,,,868,220,1,0,0,0,88,0,0
870,scan,869,0,24954809783968,,24954809913575,24954811864074,72.264,0.0876,-1.1680,-0.0437,4,1.0217,1021,220,-2,220,0,1,867,24954709785800,24954776634478,66848,0,1,63399,67502,0,,,,869,220,0,0,0,0,88,0,0
871,scan,870,0,24954859780848,,24954859903339,24954861925638,72.314,0.1026,-1.1687,-0.0437,4,1.0161,1016,220,-2,220,1,1,868,24954759927681,24954824035657,64107,0,1,63399,67425,0,,,,870,220,1,0,0,0,88,0,0
872,scan,871,0,24954909659782,,24954909789976,24954911809658,72.364,0.1100,-1.1690,-0.0437,4,1.0255,1025,220,-2,220,0,1,869,24954809827581,24954876179372,66351,0,1,63399,67421,0,,,,871,220,0,0,0,0,88,0,0
873,scan,872,0,24954959769267,,24954959909620,24954961867197,72.414,0.1250,-1.1697,-0.0436,4,1.0234,1023,220,-3,220,1,1,870,24954859821202,24954926835328,67014,0,1,63399,67421,0,,,,872,220,1,0,0,0,88,0,0
874,scan,873,0,24955009765390,,24955009910303,24955011825679,72.464,0.1325,-1.1700,-0.0436,4,1.0301,1030,220,-3,220,0,1,871,24954909702220,24954976727258,67025,0,1,63399,67417,0,,,,873,220,0,0,0,0,88,0,0
875,scan,874,0,24955059973660,,24955060152641,24955061958219,72.514,0.1399,-1.1703,-0.0436,4,1.0165,1016,220,-3,220,1,1,872,24954959819198,24955026189881,66370,0,1,63399,67391,0,,,,874,220,1,0,0,0,88,0,0
876,scan,875,0,24955109831901,,24955109959559,24955111950251,72.564,0.1549,-1.1710,-0.0436,4,1.0157,1015,220,-3,220,0,1,873,24955009822938,24955077134498,67311,0,1,63399,67407,0,,,,875,220,0,0,0,0,88,0,0
877,scan,876,0,24955159974195,,24955160131366,24955161877667,72.614,0.1623,-1.1713,-0.0436,4,1.0304,1030,220,-3,220,-1,1,874,24955060060932,24955127548281,67487,0,1,63399,67388,0,,,,876,220,-1,0,0,0,88,0,0
878,scan,877,0,24955209819604,,24955209943850,24955211934543,72.664,0.1773,-1.1720,-0.0436,4,1.0182,1018,220,-3,220,0,1,875,24955109873672,24955177533356,67659,0,1,63399,67390,0,,,,877,220,0,0,0,0,88,0,0
879,scan,878,0,24955260117783,,24955260261539,24955261898631,72.714,0.1848,-1.1723,-0.0436,4,1.0178,1017,220,-3,220,-1,1,876,24955160045179,24955226389426,66344,0,1,63399,67354,0,,,,878,220,-1,0,0,0,88,0,0
880,scan,879,0,24955310328269,,24955310479430,24955312758666,72.764,0.1997,-1.1729,-0.0437,4,1.0185,1018,220,-3,220,0,1,877,24955209861194,24955276801859,66940,0,1,63399,67346,0,,,,879,220,0,0,0,0,88,0,0
881,scan,880,0,24955360784855,,24955360960528,24955362874981,72.814,0.2072,-1.1733,-0.0437,4,1.0202,1020,220,-3,220,-1,1,878,24955260166715,24955326457470,66290,0,1,63399,67405,0,,,,880,220,-1,0,0,0,88,0,0
882,scan,881,0,24955410792579,,24955411002712,24955412840718,72.864,0.2221,-1.1739,-0.0437,4,1.0100,1010,220,-3,220,0,1,879,24955310372040,24955377808268,67436,0,1,63399,67404,0,,,,881,220,0,0,0,0,88,0,0
883,scan,882,0,24955460683683,,24955460857253,24955462890161,72.914,0.2296,-1.1742,-0.0437,4,1.0272,1027,220,-3,220,-1,1,880,24955360848596,24955428222545,67373,0,1,63399,67398,0,,,,882,220,-1,0,0,0,88,0,0
884,scan,883,0,24955510657435,,24955510832505,24955512863507,72.964,0.2446,-1.1749,-0.0438,4,1.0145,1014,220,-3,220,0,1,881,24955410839246,24955478392128,67552,0,1,63399,67399,0,,,,883,220,0,0,0,0,88,0,0
885,scan,884,0,24955560885783,,24955561151347,24955563826055,73.014,0.2520,-1.1752,-0.0438,4,1.0263,1026,220,-3,220,-1,1,882,24955460764937,24955528089193,67324,0,1,63399,67475,0,,,,884,220,-1,0,0,0,88,0,0
886,scan,885,0,24955610801212,,24955610935901,24955612942381,73.064,0.2670,-1.1759,-0.0439,4,1.0133,1013,220,-3,220,0,1,883,24955510701674,24955578072280,67370,0,1,63399,67463,0,,,,885,220,0,0,0,0,88,0,0
887,scan,886,0,24955661067232,,24955661229831,24955662914138,73.114,0.2744,-1.1762,-0.0439,4,1.0200,1020,220,-3,220,-1,1,884,24955561007777,24955628723370,67715,0,1,63399,67467,0,,,,886,220,-1,0,0,0,88,0,0
888,scan,887,0,24955710604809,,24955710727972,24955712824045,73.164,0.2894,-1.1769,-0.0439,4,1.0199,1019,220,-3,220,0,1,885,24955610844960,24955678202376,67357,0,1,63399,67466,0,,,,887,220,0,0,0,0,88,0,0
889,scan,888,0,24955760845164,,24955761033309,24955762901197,73.214,0.2969,-1.1772,-0.0440,4,1.0086,1008,220,-3,220,-1,1,886,24955661120255,24955728451361,67331,0,1,63399,67478,0,,,,888,220,-1,0,0,0,88,0,0
890,scan,889,0,24955811893634,,24955812156485,24955814026443,73.264,0.3118,-1.1779,-0.0440,4,1.0082,1008,220,-3,220,0,1,887,24955710642552,24955778204261,67561,0,1,63399,67472,0,,,,889,220,0,0,0,0,88,0,0
891,scan,890,0,24955861247786,,24955861377721,24955862951083,73.314,0.3193,-1.1782,-0.0440,4,1.0165,1016,220,-3,220,-2,1,888,24955760888960,24955828280583,67391,0,1,63399,67480,0,,,,890,220,-2,0,0,0,88,0,0
892,scan,891,0,24955911341944,,24955911468812,24955913036875,73.364,0.3268,-1.1785,-0.0440,4,1.0024,1002,220,-3,220,0,1,889,24955811957664,24955879698616,67740,0,1,63399,67491,0,,,,891,220,0,0,0,0,88,0,0
893,scan,892,0,24955960943976,,24955961073357,24955962894277,73.414,0.3417,-1.1792,-0.0441,4,0.9974,997,220,-3,220,-2,1,890,24955861290913,24955928240836,66949,0,1,63399,67494,0,,,,892,220,-2,0,0,0,88,0,0
894,scan,893,0,24956010676328,,24956010870147,24956012985909,73.464,0.3492,-1.1795,-0.0442,4,1.0145,1014,220,-2,220,1,1,891,24955911385945,24955978378514,66992,0,1,63399,67480,0,,,,893,220,1,0,0,0,88,0,0
895,scan,894,0,24956060773998,,24956060904732,24956062854180,73.514,0.3641,-1.1802,-0.0443,4,1.0093,1009,220,-2,220,-2,1,892,24955960986664,24956028628842,67642,0,1,63399,67499,0,,,,894,220,-2,0,0,0,88,0,0
896,scan,895,0,24956111068810,,24956111222617,24956112843614,73.564,0.3716,-1.1805,-0.0442,4,1.0198,1019,220,-3,220,1,1,893,24956010773100,24956078509411,67736,0,1,63399,67502,0,,,,895,220,1,0,0,0,88,0,0
897,scan,896,0,24956161495710,,24956161620560,24956163750959,73.614,0.3865,-1.1812,-0.0442,4,1.0097,1009,220,-3,220,-2,1,894,24956060816515,24956128143349,67326,0,1,63399,67501,0,,,,896,220,-2,0,0,0,88,0,0
898,scan,897,0,24956211137079,,24956211265657,24956212890974,73.664,0.3940,-1.1815,-0.0442,4,0.9953,995,220,-3,220,-3,1,895,24956111115314,24956178401847,67286,0,1,63399,67492,0,,,,897,220,-3,0,0,0,88,0,0
899,scan,898,0,24956261069818,,24956261197833,24956262883420,73.714,0.4090,-1.1821,-0.0443,4,1.0096,1009,220,-3,220,-2,1,896,24956161541352,24956228682589,67141,0,1,63399,67482,0,,,,898,220,-2,0,0,0,88,0,0
900,scan,899,0,24956311323057,,24956311451757,24956312962331,73.764,0.4164,-1.1825,-0.0444,4,0.9967,996,220,-3,220,-4,1,897,24956211182992,24956278046976,66863,0,1,63399,67466,0,,,,899,220,-4,0,0,0,88,0,0
901,scan,900,0,24956361663068,,24956361976913,24956363834197,73.814,0.4314,-1.1831,-0.0446,4,1.0099,1009,220,-2,220,-2,1,898,24956261110738,24956328437306,67326,0,1,63399,67479,0,,,,900,220,-2,0,0,0,88,0,0
902,scan,901,0,24956411612475,,24956411752821,24956413882392,73.864,0.4388,-1.1835,-0.0448,4,1.0103,1010,220,-2,220,-4,1,899,24956311365778,24956378188248,66822,0,1,63399,67462,0,,,,901,220,-4,0,0,0,88,0,0
903,scan,902,0,24956461733245,,24956461865183,24956463952345,73.914,0.4538,-1.1841,-0.0450,4,0.9888,988,220,-2,220,0,1,900,24956361877768,24956429175560,67297,0,1,63399,67466,0,,,,902,220,0,0,0,0,88,0,0
904,scan,903,0,24956511675950,,24956511817160,24956513839652,73.964,0.4613,-1.1845,-0.0451,4,0.9994,999,220,-1,220,-2,1,901,24956411659991,24956478473945,66813,0,1,63399,67448,0,,,,903,220,-2,0,0,0,88,0,0
905,scan,904,0,24956562385304,,24956562513866,24956564753600,74.014,0.4762,-1.1852,-0.0452,4,1.0130,1012,220,-1,220,-1,1,902,24956461777011,24956529480973,67703,0,1,63399,67488,0,,,,904,220,-1,0,0,0,88,0,0
906,scan,905,0,24956612545565,,24956612694648,24956614771702,74.064,0.4837,-1.1855,-0.0453,4,0.9974,997,220,-1,220,-2,1,903,24956511722660,24956576358031,64635,0,1,63399,67431,0,,,,905,220,-2,0,0,0,88,0,0
907,scan,906,0,24956661963861,,24956662106806,24956663920749,74.114,0.4986,-1.1862,-0.0453,4,0.9911,991,220,-1,220,-1,1,904,24956562429683,24956629898278,67468,0,1,63399,67427,0,,,,906,220,-1,0,0,0,88,0,0
908,scan,907,0,24956711940082,,24956712106569,24956713909956,74.164,0.5061,-1.1865,-0.0454,4,0.9989,998,220,-1,220,-3,1,905,24956612598321,24956679946862,67348,0,1,63399,67419,0,,,,907,220,-3,0,0,0,88,0,0
909,scan,908,0,24956762010166,,24956762146187,24956763966562,74.214,0.5136,-1.1869,-0.0455,4,0.9815,981,220,-1,220,-1,1,906,24956662008266,24956730268209,68259,0,1,63399,67088,0,,,,908,220,-1,0,0,0,88,0,0
910,scan,909,0,24956811688118,,24956811832838,24956813938409,74.264,0.5285,-1.1875,-0.0456,4,0.9961,996,220,0,220,3,1,907,24956711984294,24956779500067,67515,0,1,63399,67104,0,,,,909,220,3,0,0,0,88,0,0
911,scan,910,0,24956862230095,,24956862465352,24956864915103,74.314,0.5360,-1.1879,-0.0457,4,0.9818,981,220,0,220,1,1,908,24956762055504,24956829281107,67225,0,1,63399,67182,0,,,,910,220,1,0,0,0,88,0,0
912,scan,911,0,24956912199385,,24956912350175,24956913892164,74.364,0.5509,-1.1886,-0.0457,4,1.0034,1003,220,0,220,5,1,909,24956811738311,24956878235772,66497,0,1,63399,67186,0,,,,911,220,5,0,0,0,88,0,0
913,scan,912,0,24956962995086,,24956963141832,24956964836467,74.414,0.5584,-1.1889,-0.0455,4,0.9821,982,220,-1,220,3,1,910,24956862304246,24956929328015,67023,0,1,63399,67186,0,,,,912,220,3,0,0,0,88,0,0
914,scan,913,0,24957012598482,,24957012736415,24957014862770,74.464,0.5733,-1.1896,-0.0453,4,1.0073,1007,220,-1,220,5,1,911,24956912250801,24956978633001,66382,0,1,63399,67170,0,,,,913,220,5,0,0,0,88,0,0
915,scan,914,0,24957062465784,,24957062600943,24957064760452,74.514,0.5808,-1.1899,-0.0451,4,0.9984,998,220,-2,220,3,1,912,24956963045474,24957027338101,64292,0,1,63399,67118,0,,,,914,220,3,0,0,0,88,0,0
916,scan,915,0,24957112579988,,24957112713754,24957114919374,74.564,0.5958,-1.1906,-0.0449,4,0.9826,982,220,-2,220,4,1,913,24957012646622,24957080218662,67572,0,1,63399,67125,0,,,,915,220,4,0,0,0,88,0,0
917,scan,916,0,24957162463208,,24957162596762,24957164745064,74.614,0.6032,-1.1909,-0.0448,4,0.9928,992,220,-3,220,0,1,914,24957062511270,24957129352462,66841,0,1,63399,67108,0,,,,916,220,0,0,0,0,88,0,0
918,scan,917,0,24957212402323,,24957212529846,24957214891115,74.664,0.6182,-1.1916,-0.0446,4,1.0059,1005,220,-3,220,3,1,915,24957112625792,24957179968568,67342,0,1,63399,67100,0,,,,917,220,3,0,0,0,88,0,0
919,scan,918,0,24957262589433,,24957262741414,24957264844524,74.714,0.6257,-1.1919,-0.0446,4,0.9940,994,220,-3,220,0,1,916,24957162509299,24957229541787,67032,0,1,63399,67118,0,,,,918,220,0,0,0,0,88,0,0
920,scan,919,0,24957312722453,,24957312868399,24957314914849,74.764,0.6406,-1.1926,-0.0446,4,0.9869,986,220,-4,220,4,1,917,24957212447195,24957279702915,67255,0,1,63399,67126,0,,,,919,220,4,0,0,0,88,0,0
921,scan,920,0,24957362778709,,24957362915364,24957364943801,74.814,0.6481,-1.1929,-0.0446,4,0.9949,994,220,-4,220,0,1,918,24957262641997,24957329871155,67229,0,1,63399,67149,0,,,,920,220,0,0,0,0,88,0,0
,wdog,,,,,,24957513167398,,,,,,,,,,,,,,,,,,,,,,,,,920,0,0,0,3,0,88,0,
