line,kind,seq,flag,t_scan_rx_ns,t_flag_rx_ns,t_uart_tx_ns,t_c_rx_ns,sim_time,x,y,yaw,wp_i,min_range,min_mm,local_v,local_w,edge_v,edge_w,edge_ok,edge_seq_used,t_send_ns,t_recv_ns,rtt_us,held,deadline_miss,rtt_min_us,rtt_win_us,rtt_degraded,t_det_rtt_ns,flag_seq,t_det_meta_ns,c_seq,v_out,w_out,mode,state,switch_us,n_sw,bad_lines,lost
1,settle,0,0,23940481199153,,23940481246103,23940482809020,28.909,0.0000,0.0000,0.0000,0,0.5904,590,0,0,0,0,0,,,,,,,,,,,,,0,0,0,0,0,25,78,0,0
2,scan,1,0,23940483010381,,23940483202976,23940484763053,29.009,0.0001,-0.0000,0.0000,0,0.6039,603,220,0,0,0,0,,,,,1,1,,,0,,,,1,0,0,0,0,0,78,0,0
3,scan,2,0,23940484260714,,23940484352780,23940485865813,29.059,0.0001,-0.0000,0.0000,0,0.5937,593,220,0,0,0,0,,,,,1,1,,,0,,,,2,0,0,0,0,0,78,0,0
4,scan,3,0,23940485334084,,23940485581666,23940487731430,29.109,0.0001,-0.0000,0.0000,0,0.5939,593,220,0,0,0,0,,,,,1,1,,,0,,,,3,0,0,0,0,0,78,0,0
5,scan,4,0,23940486419497,,23940486624619,23940488479249,29.159,0.0001,-0.0000,0.0000,0,0.6082,608,220,0,0,0,0,,,,,1,1,,,0,,,,4,0,0,0,0,0,78,0,0
6,scan,5,0,23940487480598,,23940487571295,23940489872256,29.209,0.0001,-0.0000,0.0000,0,0.5889,588,220,0,0,0,0,,,,,1,1,,,0,,,,5,0,0,0,0,0,78,0,0
7,scan,6,0,23940488373649,,23940488630186,23940491290941,29.259,0.0001,-0.0000,0.0000,0,0.5999,599,220,0,0,0,0,,,,,1,1,,,0,,,,6,0,0,0,0,0,78,0,0
8,scan,7,0,23940489600002,,23940489998650,23940492898337,29.309,0.0001,-0.0000,0.0000,0,0.5894,589,220,0,0,0,0,,,,,1,1,,,0,,,,7,0,0,0,0,0,78,0,0
9,scan,8,0,23940491105349,,23940491448872,23940492972173,29.359,0.0001,-0.0000,0.0000,0,0.5901,590,220,0,0,0,0,,,,,1,1,,,0,,,,8,0,0,0,0,0,78,0,0
10,scan,9,0,23940496286593,,23940496415224,23940497847852,29.409,0.0001,-0.0000,0.0000,0,0.5959,595,220,0,0,0,0,,,,,1,1,,,0,,,,9,0,0,0,0,0,78,0,0
11,scan,10,0,23940545977251,,23940546127643,23940547857841,29.459,0.0001,-0.0000,0.0000,0,0.5941,594,220,0,0,0,0,,,,,1,1,,,0,,,,10,0,0,0,0,0,78,0,0
12,scan,11,0,23940596411552,,23940596547355,23940598798246,29.509,0.0001,-0.0000,0.0000,0,0.5847,584,220,0,0,0,0,,,,,1,1,,,0,,,,11,0,0,0,0,0,78,0,0
13,scan,12,0,23940646032382,,23940646157835,23940647787975,29.559,0.0001,-0.0000,0.0000,0,0.5878,587,220,0,0,0,0,,,,,1,1,,,0,,,,12,0,0,0,0,0,78,0,0
14,scan,13,0,23940695906979,,23940696054215,23940697745760,29.609,0.0001,-0.0000,0.0000,0,0.5967,596,220,0,220,1,1,8,23940491393514,23940695382013,203988,0,1,203988,203988,0,,,,13,220,1,0,0,0,78,0,0
15,scan,14,0,23940745888402,,23940746016357,23940747731044,29.659,0.0001,-0.0000,0.0000,0,0.5935,593,220,0,220,1,1,9,23940496342561,23940700250487,203907,0,1,203907,203948,0,,,,14,220,1,0,0,0,78,0,0
16,scan,15,0,23940796486953,,23940796634379,23940798981164,29.709,0.0035,-0.0000,0.0000,0,0.5853,585,220,0,220,1,1,10,23940546026414,23940752872397,206845,0,1,203907,204913,0,,,,15,220,1,0,0,0,78,0,0
17,scan,16,0,23940846515007,,23940846655663,23940848870170,29.759,0.0070,-0.0000,-0.0000,0,0.5844,584,220,0,220,1,1,11,23940596462776,23940801617607,205154,0,1,203907,204974,0,,,,16,220,1,0,0,0,78,0,0
18,scan,17,0,23940896365371,,23940896500217,23940898884292,29.809,0.0174,-0.0000,-0.0000,0,0.5740,574,220,0,220,1,1,12,23940646081992,23940853191952,207109,0,1,203907,205401,0,,,,17,220,1,0,0,0,78,0,0
19,scan,18,0,23940946630163,,23940946768941,23940949016710,29.859,0.0243,-0.0000,-0.0000,0,0.5789,578,220,0,220,1,1,13,23940695952660,23940900947775,204995,0,1,203907,205333,0,,,,18,220,1,0,0,0,78,0,0
20,scan,19,0,23940996776485,,23940996909408,23940998810280,29.909,0.0393,-0.0000,0.0000,0,0.5680,567,220,0,220,1,1,14,23940745934822,23940952352554,206417,0,1,203907,205488,0,,,,19,220,1,0,0,0,78,0,0
21,scan,20,0,23941046717576,,23941046848833,23941048847792,29.959,0.0467,-0.0000,0.0001,0,0.5560,555,220,0,220,1,1,15,23940796539157,23941003785857,207246,0,1,203907,205708,0,,,,20,220,1,0,0,0,78,0,0
22,scan,21,0,23941097094074,,23941097229143,23941098988879,30.009,0.0617,-0.0000,0.0002,0,0.5518,551,220,0,220,1,1,16,23940846570374,23941053081251,206510,0,1,203907,205797,0,,,,21,220,1,0,0,0,78,0,0
23,scan,22,0,23941146777677,,23941146909238,23941149028370,30.059,0.0692,-0.0000,0.0002,0,0.5440,543,220,0,220,1,1,17,23940896412792,23941104120776,207707,0,1,203907,205988,0,,,,22,220,1,0,0,0,78,0,0
24,scan,23,0,23941196947051,,23941197071340,23941198971476,30.109,0.0841,0.0000,0.0003,0,0.5250,525,220,-1,220,1,1,18,23940946679033,23941154544047,207865,0,1,203907,206158,0,,,,23,220,1,0,0,0,78,0,0
25,scan,24,0,23941247030337,,23941247200846,23941248798279,30.159,0.0916,0.0000,0.0003,0,0.5234,523,220,-1,220,1,1,19,23940996820845,23941204165572,207344,0,1,203907,206257,0,,,,24,220,1,0,0,0,78,0,0
26,scan,25,0,23941297150308,,23941297299767,23941298994423,30.209,0.0991,0.0000,0.0003,0,0.5049,504,220,-1,220,1,1,20,23941046766094,23941254309538,207543,0,1,203907,206356,0,,,,25,220,1,0,0,0,78,0,0
27,scan,26,0,23941346701204,,23941346826538,23941348781637,30.259,0.1140,0.0000,0.0004,0,0.4998,499,220,-1,220,1,1,21,23941097139319,23941304171479,207032,0,1,203907,206404,0,,,,26,220,1,0,0,0,78,0,0
28,scan,27,0,23941396736479,,23941396860249,23941398749500,30.309,0.1215,0.0000,0.0004,0,0.5022,502,220,-1,220,1,1,22,23941146825934,23941354281955,207456,0,1,203907,206475,0,,,,27,220,1,0,0,0,78,0,0
29,scan,28,0,23941446699636,,23941446837059,23941448854452,30.359,0.1365,0.0000,0.0005,0,0.4861,486,220,-1,220,1,1,23,23941196987266,23941404162172,207174,0,1,203907,206518,0,,,,28,220,1,0,0,0,78,0,0
30,scan,29,0,23941497052668,,23941497174997,23941498764666,30.409,0.1440,0.0000,0.0005,0,0.4800,480,220,-1,220,1,1,24,23941247096145,23941453673940,206577,0,1,203907,206522,0,,,,29,220,1,0,0,0,78,0,0
31,scan,30,0,23941547082841,,23941547287953,23941548898573,30.459,0.1589,0.0000,0.0006,0,0.4659,465,220,-1,220,1,1,25,23941297205196,23941503385232,206180,0,1,203907,206503,0,,,,30,220,1,0,0,0,78,0,0
32,scan,31,0,23941597113180,,23941597247777,23941598767401,30.509,0.1664,0.0000,0.0006,0,0.4593,459,220,-1,220,1,1,26,23941346744998,23941554092006,207347,0,1,203907,206547,0,,,,31,220,1,0,0,0,78,0,0
33,scan,32,0,23941646830873,,23941646963559,23941648832228,30.559,0.1814,0.0000,0.0007,0,0.4475,447,220,-1,220,1,1,27,23941396780600,23941603679839,206899,0,1,203907,206565,0,,,,32,220,1,0,0,0,78,0,0
34,scan,33,0,23941696943985,,23941697083958,23941698832648,30.609,0.1889,0.0001,0.0007,0,0.4492,449,220,-2,220,1,1,28,23941446745811,23941654245459,207499,0,1,203907,206609,0,,,,33,220,1,0,0,0,78,0,0
35,scan,34,0,23941746672773,,23941746799502,23941748779679,30.659,0.2038,0.0001,0.0008,0,0.4368,436,220,-2,220,-1,1,29,23941497096175,23941702181425,205085,0,1,203907,206540,0,,,,34,220,-1,0,0,0,78,0,0
36,scan,35,0,23941796694395,,23941796817461,23941798824392,30.709,0.2113,0.0001,0.0008,0,0.4330,433,220,-2,220,-1,1,30,23941547200511,23941753814805,206614,0,1,203907,206543,0,,,,35,220,-1,0,0,0,78,0,0
37,scan,36,0,23941846690661,,23941846819181,23941848848359,30.759,0.2263,0.0001,0.0008,0,0.4118,411,220,-2,220,-1,1,31,23941597160373,23941804565932,207405,0,1,203907,206579,0,,,,36,220,-1,0,0,0,78,0,0
38,scan,37,0,23941896872630,,23941897003911,23941898835113,30.809,0.2338,0.0001,0.0008,0,0.4176,417,220,-2,220,-1,1,32,23941646878291,23941854208538,207330,0,1,203907,206609,0,,,,37,220,-1,0,0,0,78,0,0
39,scan,38,0,23941947067659,,23941947194460,23941948834043,30.859,0.2487,0.0001,0.0006,0,0.4023,402,220,-1,220,-1,1,33,23941696993269,23941904228202,207234,0,1,203907,206633,0,,,,38,220,-1,0,0,0,78,0,0
40,scan,39,0,23941997112030,,23941997239023,23941998960411,30.909,0.2562,0.0001,0.0006,0,0.3981,398,220,-1,220,-1,1,34,23941746716322,23941954339941,207623,0,1,203907,206670,0,,,,39,220,-1,0,1,0,78,0,0
41,scan,40,0,23942046867219,,23942046987403,23942048830951,30.959,0.2712,0.0001,0.0006,0,0.3879,387,220,-1,220,-1,1,35,23941796739724,23942003955621,207215,0,1,203907,206689,0,,,,40,220,-1,0,1,0,78,0,0
42,scan,41,0,23942096989366,,23942097123125,23942098798030,31.009,0.2786,0.0001,0.0006,0,0.3822,382,220,-1,220,-1,1,36,23941846732064,23942054210374,207478,0,1,203907,206716,0,,,,41,220,-1,0,1,0,78,0,0
43,scan,42,0,23942146949477,,23942147083867,23942149195473,31.059,0.2861,0.0001,0.0005,0,0.3911,391,220,-1,220,-1,1,37,23941896919712,23942104146362,207226,0,1,203907,206733,0,,,,42,220,-1,0,1,0,78,0,0
44,scan,43,0,23942197011848,,23942197134233,23942198793781,31.109,0.3011,0.0001,0.0004,0,0.3862,386,220,-1,220,-1,1,38,23941947111676,23942154412983,207301,0,1,203907,206752,0,,,,43,220,-1,0,1,0,78,0,0
45,scan,44,0,23942247039221,,23942247170956,23942248797461,31.159,0.3085,0.0001,0.0004,0,0.3801,380,220,-1,220,-1,1,39,23941997155984,23942204501115,207345,0,1,203907,206770,0,,,,44,220,-1,0,1,0,78,0,0
46,scan,45,0,23942297361685,,23942297502919,23942300748166,31.209,0.3235,0.0001,0.0003,0,0.3670,367,220,-1,220,-1,1,40,23942046906336,23942254250715,207344,0,1,203907,206788,0,,,,45,220,-1,0,1,0,78,0,0
47,scan,46,0,23942347429901,,23942347559061,23942349658452,31.259,0.3310,0.0001,0.0003,0,0.3787,378,220,-1,220,-1,1,41,23942097032420,23942304153092,207120,0,1,203907,206797,0,,,,46,220,-1,0,1,0,78,0,0
48,scan,47,0,23942397321424,,23942397447794,23942399618065,31.309,0.3459,0.0001,0.0002,0,0.3615,361,220,-1,220,-1,1,42,23942146998416,23942354588995,207590,0,1,203907,206820,0,,,,47,220,-1,0,1,0,78,0,0
49,scan,48,0,23942447348664,,23942447479902,23942449663295,31.359,0.3534,0.0001,0.0002,0,0.3672,367,220,-1,220,1,1,43,23942197054544,23942404312797,207258,0,1,203907,206832,0,,,,48,220,1,0,1,0,78,0,0
50,scan,49,0,23942497564875,,23942497689039,23942499869270,31.409,0.3684,0.0001,0.0001,0,0.3678,367,220,-1,220,1,1,44,23942247084322,23942454434715,207350,0,1,203907,206846,0,,,,49,220,1,0,1,0,78,0,0
51,scan,50,0,23942547750056,,23942547886206,23942549936453,31.459,0.3758,0.0001,0.0002,0,0.3560,355,220,-1,220,1,1,45,23942297406501,23942504395621,206989,0,1,203907,206850,0,,,,50,220,1,0,1,0,78,0,0
52,scan,51,0,23942597685837,,23942597816855,23942599742712,31.509,0.3908,0.0002,0.0003,0,0.3598,359,220,-1,220,1,1,46,23942347477221,23942554512718,207035,0,1,203907,206855,0,,,,51,220,1,0,1,0,78,0,0
53,scan,52,0,23942648260822,,23942648394080,23942649756022,31.559,0.3983,0.0002,0.0004,0,0.3691,369,220,-1,220,1,1,47,23942397365235,23942601832901,204467,0,1,203907,206795,0,,,,52,220,1,0,1,0,78,0,0
54,scan,53,0,23942698004978,,23942698193755,23942699823769,31.609,0.4132,0.0002,0.0004,0,0.3804,380,220,-1,220,1,1,48,23942447393435,23942654554229,207160,0,1,203907,206874,0,,,,53,220,1,0,1,0,78,0,0
55,scan,54,0,23942747920185,,23942748077370,23942749731908,31.659,0.4207,0.0002,0.0004,0,0.3881,388,220,-1,220,1,1,49,23942497609382,23942702233406,204624,0,1,203907,206892,0,,,,54,220,1,0,1,0,78,0,0
56,scan,55,0,23942798227249,,23942798360455,23942800671693,31.709,0.4357,0.0002,0.0005,0,0.3691,369,220,-1,220,1,1,50,23942547799642,23942754726969,206927,0,1,203907,206894,0,,,,55,220,1,0,1,0,78,0,0
57,scan,56,0,23942847949467,,23942848111727,23942849836569,31.759,0.4432,0.0002,0.0005,0,0.6414,641,220,-2,220,1,1,51,23942597731088,23942804655703,206924,0,1,203907,206939,0,,,,56,220,1,0,0,0,78,0,0
58,scan,57,0,23942897987991,,23942898106198,23942899765552,31.809,0.4581,0.0002,0.0006,0,0.6578,657,220,-2,220,1,1,52,23942648309297,23942855760612,207451,0,1,203907,206947,0,,,,57,220,1,0,0,0,78,0,0
59,scan,58,0,23942948044648,,23942948217815,23942949886826,31.859,0.4656,0.0002,0.0006,0,1.4911,1491,220,-2,220,1,1,53,23942698050620,23942904882412,206831,0,1,203907,206993,0,,,,58,220,1,0,0,0,78,0,0
60,scan,59,0,23942998604783,,23942998733253,23943000878437,31.909,0.4731,0.0002,0.0007,0,1.4832,1483,220,-2,220,1,1,54,23942747965417,23942955060816,207095,0,1,203907,207010,0,,,,59,220,1,0,0,0,78,0,0
61,scan,60,0,23943048389499,,23943048521220,23943050660786,31.959,0.4881,0.0002,0.0007,0,1.4757,1475,220,-2,220,1,1,55,23942798272977,23943003789223,205516,0,1,203907,206967,0,,,,60,220,1,0,0,0,78,0,0
62,scan,61,0,23943098588886,,23943098723591,23943100809414,32.009,0.4955,0.0002,0.0008,0,1.4653,1465,220,-2,220,0,1,56,23942847995422,23943055383418,207387,0,1,203907,206989,0,,,,61,220,0,0,0,0,78,0,0
63,scan,62,0,23943148604564,,23943148745008,23943150818796,32.059,0.5105,0.0002,0.0008,0,1.4503,1450,220,-2,220,0,1,57,23942898026157,23943104772098,206745,0,1,203907,206965,0,,,,62,220,0,0,0,0,78,0,0
64,scan,63,0,23943199230469,,23943199380192,23943200857707,32.109,0.5180,0.0002,0.0008,0,1.4469,1446,220,-2,220,0,1,58,23942948087074,23943155162485,207075,0,1,203907,206945,0,,,,63,220,0,0,0,0,78,0,0
65,scan,64,0,23943248905522,,23943249042515,23943250823760,32.159,0.5329,0.0002,0.0008,0,1.4300,1429,220,-2,220,0,1,59,23942998649924,23943206163948,207514,0,1,203907,206949,0,,,,64,220,0,0,0,0,78,0,0
66,scan,65,0,23943298807035,,23943298945557,23943300766514,32.209,0.5404,0.0002,0.0008,0,1.4213,1421,220,-2,220,0,1,60,23943048436272,23943255866061,207429,0,1,203907,206946,0,,,,65,220,0,0,0,0,78,0,0
67,scan,66,0,23943348927819,,23943349052720,23943350788923,32.259,0.5554,0.0003,0.0008,0,1.4036,1403,220,-2,220,0,1,61,23943098637351,23943302937786,204300,0,1,203907,206878,0,,,,66,220,0,0,0,0,78,0,0
68,scan,67,0,23943399079187,,23943399216974,23943400812125,32.309,0.5628,0.0003,0.0008,0,1.4030,1402,220,-2,220,0,1,62,23943148649739,23943355671575,207021,0,1,203907,206867,0,,,,67,220,0,0,0,0,78,0,0
69,scan,68,0,23943449041271,,23943449172686,23943450831913,32.359,0.5778,0.0003,0.0008,0,1.3819,1381,220,-2,220,0,1,63,23943199282078,23943403574638,204292,0,1,203907,206795,0,,,,68,220,0,0,0,0,78,0,0
70,scan,69,0,23943499083901,,23943499229967,23943500830781,32.409,0.5853,0.0003,0.0008,0,1.3636,1363,220,-2,220,0,1,64,23943248953065,23943453527418,204574,0,1,203907,206745,0,,,,69,220,0,0,0,0,78,0,0
71,scan,70,0,23943549084517,,23943549211158,23943550792120,32.459,0.6003,0.0003,0.0008,0,1.3549,1354,220,-3,220,0,1,65,23943298857045,23943503153872,204296,0,1,203907,206698,0,,,,70,220,0,0,0,0,78,0,0
72,scan,71,0,23943598971844,,23943599105764,23943600782867,32.509,0.6077,0.0003,0.0008,0,1.3494,1349,220,-3,220,0,1,66,23943348970586,23943556408701,207438,0,1,203907,206700,0,,,,71,220,0,0,0,0,78,0,0
73,scan,72,0,23943648965096,,23943649092181,23943650791003,32.559,0.6227,0.0003,0.0008,0,1.3469,1346,220,-3,220,0,1,67,23943399129264,23943603705673,204576,0,1,203907,206642,0,,,,72,220,0,0,0,0,78,0,0
74,scan,73,0,23943699254196,,23943699378573,23943700843138,32.609,0.6302,0.0003,0.0008,0,1.3194,1319,220,-3,220,0,1,68,23943449085536,23943656329468,207243,0,1,203907,206636,0,,,,73,220,0,0,0,0,78,0,0
75,scan,74,0,23943749490386,,23943749751241,23943751869426,32.659,0.6451,0.0003,0.0008,0,1.3221,1322,220,-3,220,0,1,69,23943499149313,23943703602413,204453,0,1,203907,206620,0,,,,74,220,0,0,0,0,78,0,0
76,scan,75,0,23943799116149,,23943799256208,23943800818992,32.709,0.6526,0.0003,0.0008,0,1.3130,1313,220,-3,220,0,1,70,23943549127729,23943756570068,207442,0,1,203907,206641,0,,,,75,220,0,0,0,0,78,0,0
77,scan,76,0,23943849363491,,23943849502569,23943851711391,32.759,0.6601,0.0003,0.0008,0,1.2970,1297,220,-3,220,0,1,71,23943599016935,23943806341273,207324,0,1,203907,206639,0,,,,76,220,0,0,0,0,78,0,0
78,scan,77,0,23943899421395,,23943899547049,23943901696118,32.809,0.6750,0.0003,0.0008,0,1.2916,1291,220,-3,220,0,1,72,23943649009049,23943856776682,207767,0,1,203907,206649,0,,,,77,220,0,0,0,0,78,0,0
79,scan,78,0,23943949382013,,23943949532477,23943951700730,32.859,0.6825,0.0004,0.0008,0,1.2827,1282,220,-3,220,0,1,73,23943699297768,23943906596867,207299,0,1,203907,206651,0,,,,78,220,0,0,0,0,78,0,0
80,scan,79,0,23943999774235,,23943999904581,23944001764310,32.909,0.6975,0.0004,0.0008,0,1.2569,1256,220,-3,220,0,1,74,23943749573362,23943957402393,207829,0,1,203907,206656,0,,,,79,220,0,0,0,0,78,0,0
81,scan,80,0,23944049608205,,23944049773771,23944051868852,32.959,0.7050,0.0004,0.0008,0,1.2525,1252,220,-3,220,0,1,75,23943799165400,23944005326049,206160,0,1,203907,206630,0,,,,80,220,0,0,0,0,78,0,0
82,scan,81,0,23944099656138,,23944099777131,23944101787164,33.009,0.7199,0.0004,0.0008,0,1.2509,1250,220,-3,220,0,1,76,23943849413797,23944056844602,207430,0,1,203907,206629,0,,,,81,220,0,0,0,0,78,0,0
83,scan,82,0,23944150147691,,23944150293269,23944151797123,33.059,0.7274,0.0004,0.0008,0,1.2407,1240,220,-3,220,0,1,77,23943899463972,23944106558332,207094,0,1,203907,206625,0,,,,82,220,0,0,0,0,78,0,0
84,scan,83,0,23944199938954,,23944200092970,23944202043793,33.109,0.7424,0.0004,0.0008,0,1.2095,1209,220,-3,220,0,1,78,23943949434705,23944156879325,207444,0,1,203907,206629,0,,,,83,220,0,0,0,0,78,0,0
85,scan,84,0,23944250062575,,23944250238814,23944251793628,33.159,0.7499,0.0004,0.0008,0,1.2070,1206,220,-3,220,0,1,79,23943999819879,23944206554241,206734,0,1,203907,206614,0,,,,84,220,0,0,0,0,78,0,0
86,scan,85,0,23944299800038,,23944299937336,23944301769804,33.209,0.7648,0.0004,0.0008,0,1.1976,1197,220,-4,220,0,1,80,23944049662400,23944257134532,207472,0,1,203907,206617,0,,,,85,220,0,0,0,0,78,0,0
87,scan,86,0,23944349722664,,23944349867887,23944352721369,33.259,0.7723,0.0004,0.0008,0,1.1874,1187,220,-4,220,0,1,81,23944099697099,23944306786447,207089,0,1,203907,206616,0,,,,86,220,0,0,0,0,78,0,0
88,scan,87,0,23944399704630,,23944399831808,23944401750095,33.309,0.7873,0.0004,0.0008,0,1.1674,1167,220,-4,220,0,1,82,23944150197770,23944356962714,206764,0,1,203907,206595,0,,,,87,220,0,0,0,0,78,0,0
89,scan,88,0,23944450370902,,23944450501054,23944452653708,33.359,0.7947,0.0004,0.0008,0,1.1770,1176,220,-4,220,0,1,83,23944199986070,23944406729203,206743,0,1,203907,206583,0,,,,88,220,0,0,0,0,78,0,0
90,scan,89,0,23944500389387,,23944500522840,23944502655747,33.409,0.8097,0.0005,0.0008,0,1.1556,1155,220,-4,220,0,1,84,23944250135158,23944457419711,207284,0,1,203907,206581,0,,,,89,220,0,0,0,0,78,0,0
91,scan,90,0,23944550292402,,23944550438348,23944551781388,33.459,0.8172,0.0005,0.0008,0,1.1502,1150,220,-4,220,0,1,85,23944299846197,23944506241038,206394,0,1,203907,206566,0,,,,90,220,0,0,0,0,78,0,0
92,scan,91,0,23944600752849,,23944600999405,23944603099003,33.509,0.8321,0.0005,0.0008,0,1.1377,1137,220,-4,220,0,1,86,23944349768071,23944556098087,206330,0,1,203907,206548,0,,,,91,220,0,0,0,0,78,0,0
93,scan,92,0,23944650063482,,23944650360873,23944651787343,33.559,0.8396,0.0005,0.0008,0,1.1326,1132,220,-4,220,0,1,87,23944399746704,23944605954584,206207,0,1,203907,206592,0,,,,92,220,0,0,0,0,78,0,0
94,scan,93,0,23944700049138,,23944700181298,23944702262117,33.609,0.8471,0.0005,0.0008,0,1.0967,1096,220,-4,220,0,1,88,23944450418109,23944657048314,206630,0,1,203907,206579,0,,,,93,220,0,0,0,0,78,0,0
95,scan,94,0,23944750030957,,23944750175557,23944751753749,33.659,0.8621,0.0005,0.0008,0,1.1000,1099,220,-5,220,0,1,89,23944500436152,23944704468278,204032,0,1,203907,206564,0,,,,94,220,0,0,0,0,78,0,0
96,scan,95,0,23944799997809,,23944800163793,23944801956963,33.709,0.8695,0.0005,0.0008,0,1.0986,1098,220,-5,220,0,1,90,23944550343474,23944757080186,206736,0,1,203907,206559,0,,,,95,220,0,0,0,0,78,0,0
97,scan,96,0,23944849806265,,23944849928039,23944851765178,33.759,0.8845,0.0005,0.0008,0,1.0775,1077,220,-5,220,0,1,91,23944600832586,23944808464694,207632,0,1,203907,206577,0,,,,96,220,0,0,0,0,78,0,0
98,scan,97,0,23944899939905,,23944900129672,23944901796385,33.809,0.8920,0.0005,0.0008,0,1.0600,1060,220,-5,220,0,1,92,23944650108801,23944857046411,206937,0,1,203907,206564,0,,,,97,220,0,0,0,0,78,0,0
99,scan,98,0,23944949754402,,23944949883197,23944951791775,33.859,0.9069,0.0005,0.0008,0,1.0504,1050,220,-5,220,0,1,93,23944700095747,23944907508276,207412,0,1,203907,206578,0,,,,98,220,0,0,0,0,78,0,0
100,scan,99,0,23945000298326,,23945000461817,23945002663900,33.909,0.9144,0.0005,0.0008,0,1.0410,1041,220,-5,220,0,1,94,23944750073826,23944956744373,206670,0,1,203907,206568,0,,,,99,220,0,0,0,0,78,0,0
101,scan,100,0,23945050175417,,23945050314136,23945051781329,33.959,0.9294,0.0005,0.0008,0,1.0403,1040,220,-6,220,-6,1,95,23944800077737,23945006907424,206829,0,1,203907,206601,0,,,,100,220,-6,0,0,0,78,0,0
102,scan,101,0,23945100745083,,23945100885115,23945102863099,34.009,0.9369,0.0006,0.0008,0,1.0219,1021,220,-6,220,-6,1,96,23944849847356,23945056021099,206173,0,1,203907,206570,0,,,,101,220,-6,0,0,0,78,0,0
103,scan,102,0,23945150820137,,23945150966284,23945152760351,34.059,0.9518,0.0006,0.0006,0,1.0197,1019,220,-6,220,-6,1,97,23944899995726,23945106849251,206853,0,1,203907,206573,0,,,,102,220,-6,0,0,0,78,0,0
104,scan,103,0,23945200812433,,23945200943711,23945202800955,34.109,0.9593,0.0006,0.0003,0,0.9904,990,220,-5,220,-7,1,98,23944949798223,23945157301662,207503,0,1,203907,206584,0,,,,103,220,-7,0,0,0,78,0,0
105,scan,104,0,23945251012158,,23945251160897,23945252826548,34.159,0.9743,0.0006,-0.0003,0,0.9933,993,220,-4,220,-7,1,99,23945000360464,23945207873096,207512,0,1,203907,206584,0,,,,104,220,-7,0,0,0,78,0,0
106,scan,105,0,23945301156347,,23945301304844,23945302830010,34.209,0.9817,0.0006,-0.0005,0,0.9763,976,220,-4,220,-7,1,100,23945050219140,23945256898270,206679,0,1,203907,206565,0,,,,105,220,-7,0,0,0,78,0,0
107,scan,106,0,23945351102725,,23945351233662,23945352846788,34.259,0.9967,0.0006,-0.0009,0,0.9765,976,220,-4,220,-7,1,101,23945100793555,23945308418929,207625,0,1,203907,206648,0,,,,106,220,-7,0,0,0,78,0,0
108,scan,107,0,23945401265171,,23945401407254,23945403708007,34.309,1.0042,0.0005,-0.0011,0,0.9614,961,220,-3,220,-8,1,102,23945150869078,23945358291694,207422,0,1,203907,206658,0,,,,107,220,-8,0,0,0,78,0,0
109,scan,108,0,23945451796412,,23945451929700,23945453880123,34.359,1.0191,0.0005,-0.0017,0,0.9461,946,220,-2,220,-6,1,103,23945200858741,23945407581688,206722,0,1,203907,206719,0,,,,108,220,-6,0,0,0,78,0,0
110,scan,109,0,23945501821586,,23945501958064,23945503862211,34.409,1.0266,0.0005,-0.0020,0,0.9291,929,220,-2,220,-7,1,104,23945251064138,23945459324539,208260,0,1,203907,206811,0,,,,109,220,-7,0,0,0,78,0,0
111,scan,110,0,23945551713700,,23945551845411,23945553867993,34.459,1.0341,0.0005,-0.0022,0,0.9314,931,220,-2,220,-7,1,105,23945301209287,23945508391187,207181,0,1,203907,206883,0,,,,110,220,-7,0,0,0,78,0,0
112,scan,111,0,23945601732124,,23945601884244,23945603887329,34.509,1.0491,0.0005,-0.0026,0,0.9125,912,220,-1,220,-6,1,106,23945351146863,23945556188676,205041,0,1,203907,206823,0,,,,111,220,-6,0,0,0,78,0,0
113,scan,112,0,23945652072750,,23945652212789,23945653893894,34.559,1.0565,0.0004,-0.0029,1,0.8975,897,0,1000,220,-6,1,107,23945401305906,23945608638586,207332,0,1,203907,206892,0,,,,112,220,-6,0,0,0,78,0,0
114,scan,113,0,23945701826437,,23945701956174,23945703785259,34.609,1.0715,0.0004,-0.0033,1,0.8925,892,0,1000,220,-5,1,108,23945451836629,23945657487542,205650,0,1,203907,206852,0,,,,113,220,-5,0,0,0,78,0,0
115,scan,114,0,23945752150571,,23945752293507,23945753820728,34.659,1.0790,0.0004,-0.0035,1,0.8867,886,0,1000,220,-5,1,109,23945501872500,23945706255723,204383,0,1,203907,206850,0,,,,114,220,-5,0,0,0,78,0,0
116,scan,115,0,23945802149016,,23945802278683,23945803817163,34.709,1.0939,0.0003,-0.0038,1,0.8610,861,0,1000,220,5,1,110,23945551759076,23945759161878,207402,0,1,203907,206850,0,,,,115,220,5,0,0,0,78,0,0
117,scan,116,0,23945852085688,,23945852228649,23945853817730,34.759,1.1014,0.0003,-0.0040,1,0.8585,858,0,1000,220,7,1,111,23945601781422,23945808600954,206819,0,1,203907,206837,0,,,,116,220,7,0,0,0,78,0,0
118,scan,117,0,23945901842968,,23945901974324,23945903781673,34.809,1.1164,0.0002,-0.0040,1,0.8435,843,0,1000,0,999,1,112,23945652126975,23945860031216,207904,0,1,203907,206840,0,,,,117,0,999,0,0,0,78,0,0
119,scan,118,0,23945952050569,,23945952222309,23945953838839,34.859,1.1239,0.0002,-0.0036,1,0.8411,841,0,1000,0,999,1,113,23945701870311,23945908441931,206571,0,1,203907,206822,0,,,,118,0,999,0,0,0,78,0,0
120,scan,119,0,23946001971609,,23946002101593,23946003718601,34.909,1.1354,0.0002,-0.0030,1,0.8292,829,0,1000,0,999,1,114,23945752201132,23945958906332,206705,0,1,203907,206794,0,,,,119,0,999,0,0,0,78,0,0
121,scan,120,0,23946052325566,,23946052494725,23946054615378,34.959,1.1394,0.0001,-0.0031,1,0.8264,826,0,1000,0,999,1,115,23945802192183,23946008634480,206442,0,1,203907,206801,0,,,,120,0,999,0,0,0,78,0,0
122,scan,121,0,23946101815389,,23946101964580,23946103774847,35.009,1.1444,0.0001,-0.0022,1,0.8239,823,0,1000,0,999,1,116,23945852135392,23946059843651,207708,0,1,203907,206808,0,,,,121,0,999,0,0,0,78,0,0
123,scan,122,0,23946151866743,,23946152024293,23946153986988,35.059,1.1461,0.0001,0.0052,1,0.8195,819,0,1000,0,999,1,117,23945901884176,23946108854768,206970,0,1,203907,206805,0,,,,122,0,999,0,0,0,78,0,0
124,scan,123,0,23946201812922,,23946201939451,23946203889746,35.109,1.1476,0.0002,0.0532,1,0.8162,816,0,1000,0,999,1,118,23945952110843,23946161568318,209457,0,1,203907,206855,0,,,,123,0,999,0,0,0,78,0,0
125,scan,124,0,23946252220437,,23946252366124,23946254667541,35.159,1.1476,0.0001,0.0921,1,0.8122,812,0,1000,0,999,1,119,23946002015336,23946208979723,206964,0,1,203907,206861,0,,,,124,0,999,0,0,0,78,0,0
126,scan,125,0,23946302381750,,23946302500817,23946304689139,35.209,1.1474,0.0001,0.1725,1,0.8197,819,0,1000,0,999,1,120,23946052388695,23946257380089,204991,0,1,203907,206799,0,,,,125,0,999,0,0,0,78,0,0
127,scan,126,0,23946352614390,,23946352781376,23946354772003,35.259,1.1474,0.0001,0.2046,1,0.8209,820,0,1000,0,999,1,121,23946101866018,23946309078255,207212,0,1,203907,206802,0,,,,126,0,999,0,0,0,78,0,0
128,scan,127,0,23946402413449,,23946402542515,23946404674261,35.309,1.1473,0.0001,0.2331,1,0.8141,814,0,1000,0,999,1,122,23946151915958,23946357129239,205213,0,1,203907,206763,0,,,,127,0,999,0,0,0,78,0,0
129,scan,128,0,23946452412171,,23946452548762,23946454761310,35.359,1.1472,0.0001,0.2972,1,0.8214,821,0,1000,0,999,1,123,23946201855849,23946408818454,206962,0,1,203907,206769,0,,,,128,0,999,0,0,0,78,0,0
130,scan,129,0,23946502577672,,23946502705004,23946504712066,35.409,1.1472,0.0000,0.3344,1,0.8117,811,0,1000,0,999,1,124,23946252272064,23946459640859,207368,0,1,203907,206771,0,,,,129,0,999,0,0,0,78,0,0
131,scan,130,0,23946552476277,,23946552649351,23946554836279,35.459,1.1471,-0.0000,0.4060,1,0.8166,816,0,1000,0,999,1,125,23946302419500,23946509939986,207520,0,1,203907,206799,0,,,,130,0,999,0,0,0,78,0,0
132,scan,131,0,23946602473228,,23946602646342,23946604734808,35.509,1.1470,-0.0000,0.4381,1,0.8198,819,0,1000,0,999,1,126,23946352680751,23946557243675,204562,0,1,203907,206755,0,,,,131,0,999,0,0,0,78,0,0
133,scan,132,0,23946652839825,,23946652974457,23946654787529,35.559,1.1469,-0.0001,0.5029,1,0.8110,811,0,1000,0,999,1,127,23946402460158,23946608783652,206323,0,1,203907,206758,0,,,,132,0,999,0,0,0,78,0,0
134,scan,133,0,23946702736743,,23946702870237,23946704843075,35.609,1.1469,-0.0001,0.5377,1,0.8192,819,0,1000,0,999,1,128,23946452459671,23946657473642,205013,0,1,203907,206717,0,,,,133,0,999,0,0,0,78,0,0
135,scan,134,0,23946752861884,,23946752985802,23946754835473,35.659,1.1468,-0.0002,0.6080,1,0.8157,815,0,1000,0,999,1,129,23946502627827,23946707934261,205306,0,1,203907,206749,0,,,,134,0,999,0,0,0,78,0,0
136,scan,135,0,23946802972318,,23946803161246,23946804851069,35.709,1.1467,-0.0002,0.6416,1,0.8064,806,0,1000,0,999,1,130,23946552538423,23946759957504,207419,0,1,203907,206766,0,,,,135,0,999,0,0,0,78,0,0
137,scan,136,0,23946852730328,,23946852854593,23946854773426,35.759,1.1466,-0.0003,0.7077,1,0.7958,795,0,1000,0,999,1,131,23946602522383,23946809936603,207414,0,1,203907,206761,0,,,,136,0,999,0,0,0,78,0,0
138,scan,137,0,23946902912487,,23946903048519,23946904794746,35.809,1.1466,-0.0004,0.7417,1,0.8120,812,0,1000,0,999,1,132,23946652883850,23946860644150,207760,0,1,203907,206781,0,,,,137,0,999,0,0,0,78,0,0
139,scan,138,0,23946953215998,,23946953357116,23946955716198,35.859,1.1465,-0.0005,0.8108,1,0.8152,815,0,1000,0,999,1,133,23946702783309,23946910414660,207631,0,1,203907,206787,0,,,,138,0,999,0,0,0,78,0,0
140,scan,139,0,23947003492995,,23947003621945,23947005912058,35.909,1.1465,-0.0005,0.8449,1,0.8082,808,0,1000,0,999,1,134,23946752906064,23946960302961,207396,0,1,203907,206805,0,,,,139,0,999,0,0,0,78,0,0
141,scan,140,0,23947053407695,,23947053532566,23947055913061,35.959,1.1464,-0.0006,0.9121,1,0.8110,810,0,1000,0,999,1,135,23946803038328,23947010312554,207274,0,1,203907,206816,0,,,,140,0,999,0,0,0,78,0,0
142,scan,141,0,23947103532829,,23947103694133,23947106031292,36.009,1.1464,-0.0006,0.9459,1,0.8184,818,0,1000,0,999,1,136,23946852773616,23947060019047,207245,0,1,203907,206843,0,,,,141,0,999,0,0,0,78,0,0
143,scan,142,0,23947153600982,,23947153736917,23947155754962,36.059,1.1463,-0.0008,1.0142,1,0.8271,827,0,1000,0,999,1,137,23946902959109,23947109994328,207035,0,1,203907,206847,0,,,,142,0,999,0,0,0,78,0,0
144,scan,143,0,23947203447488,,23947203575288,23947205733233,36.109,1.1463,-0.0008,1.0483,1,0.6578,657,0,956,0,999,1,138,23946953261674,23947160111829,206850,0,1,203907,206831,0,,,,143,0,999,0,0,0,78,0,0
145,scan,144,0,23947253150559,,23947253290331,23947255494501,36.159,1.1463,-0.0009,1.0822,1,0.5922,592,0,888,0,999,1,139,23947003537772,23947207960154,204422,0,1,203907,206754,0,,,,144,0,999,0,0,0,78,0,0
146,scan,145,0,23947303188833,,23947303316760,23947304735506,36.209,1.1462,-0.0010,1.1497,1,0.5984,598,220,753,0,999,1,140,23947053448029,23947261152358,207704,0,1,203907,206779,0,,,,145,0,999,0,0,0,78,0,0
147,scan,146,0,23947353330671,,23947353468077,23947355771333,36.259,1.1462,-0.0010,1.1836,1,0.5786,578,220,685,0,999,1,141,23947103590031,23947307646820,204056,0,1,203907,206690,0,,,,146,0,999,0,0,0,78,0,0
148,scan,147,0,23947403412235,,23947403534156,23947405694242,36.309,1.1462,-0.0011,1.2517,1,0.5641,564,220,549,0,997,1,142,23947153653783,23947360467681,206813,0,1,203907,206675,0,,,,147,0,997,0,0,0,78,0,0
149,scan,148,0,23947453677210,,23947453832286,23947455895117,36.359,1.1462,-0.0012,1.2857,1,0.5647,564,220,481,0,966,1,143,23947203492480,23947410899571,207407,0,1,203907,206692,0,,,,148,0,966,0,0,0,78,0,0
150,scan,149,0,23947503647022,,23947503772807,23947505865162,36.409,1.1462,-0.0013,1.3531,1,0.5618,561,220,346,0,895,1,144,23947253198293,23947460601008,207402,0,1,203907,206671,0,,,,149,0,895,0,0,0,78,0,0
151,scan,150,0,23947553705064,,23947553854341,23947555810144,36.459,1.1462,-0.0014,1.3860,1,0.5714,571,220,280,220,748,1,145,23947303232060,23947510152629,206920,0,1,203907,206664,0,,,,150,220,748,0,0,0,78,0,0
152,scan,151,0,23947603903364,,23947604105237,23947605819299,36.509,1.1463,-0.0003,1.4488,1,0.5588,558,220,155,220,672,1,146,23947353377666,23947560632169,207254,0,1,203907,206719,0,,,,151,220,672,0,0,0,78,0,0
153,scan,152,0,23947654312738,,23947654453028,23947656688322,36.559,1.1465,0.0019,1.4819,1,0.5523,552,220,89,220,532,1,147,23947403454033,23947610496563,207042,0,1,203907,206712,0,,,,152,220,532,0,0,0,78,0,0
154,scan,153,0,23947703988483,,23947704159412,23947705843965,36.609,1.1469,0.0098,1.5556,1,0.5625,562,220,-59,220,465,1,148,23947453732937,23947659729250,205996,0,1,203907,206721,0,,,,153,220,465,0,0,0,78,0,0
155,scan,154,0,23947754502251,,23947754663193,23947756884645,36.659,1.1469,0.0156,1.5922,1,0.5459,545,220,-132,220,332,1,149,23947503693372,23947709097278,205403,0,1,203907,206746,0,,,,154,220,332,0,0,0,78,0,0
156,scan,155,0,23947804324423,,23947804458053,23947806670974,36.709,1.1462,0.0287,1.6514,1,0.5413,541,220,-253,220,267,1,150,23947553768265,23947760864506,207096,0,1,203907,206739,0,,,,155,220,267,0,0,0,78,0,0
157,scan,156,0,23947854326061,,23947854450869,23947856718955,36.759,1.1456,0.0360,1.6652,1,0.5319,531,220,-282,220,146,1,151,23947603951879,23947811317359,207365,0,1,203907,206752,0,,,,156,220,146,0,0,0,78,0,0
158,scan,157,0,23947904308163,,23947904432998,23947906668334,36.809,1.1442,0.0509,1.6652,1,0.5186,518,220,-286,220,85,1,152,23947654362137,23947861117478,206755,0,1,203907,206724,0,,,,157,220,85,0,0,0,78,0,0
159,scan,158,0,23947954036851,,23947954174914,23947955754188,36.859,1.1435,0.0583,1.6648,1,0.5067,506,220,-287,220,-55,1,153,23947704073911,23947911531573,207457,0,1,203907,206746,0,,,,158,220,-55,0,0,0,78,0,0
160,scan,159,0,23948003960446,,23948004133234,23948005839215,36.909,1.1420,0.0732,1.6774,1,0.5108,510,220,-316,220,-124,1,154,23947754551064,23947962311556,207760,0,1,203907,206772,0,,,,159,220,-124,0,0,0,78,0,0
161,scan,160,0,23948054208455,,23948054342129,23948055879695,36.959,1.1412,0.0806,1.6828,1,0.4957,495,220,-329,220,-238,1,155,23947804369730,23948011399153,207029,0,1,203907,206787,0,,,,160,220,-238,0,0,0,78,0,0
162,scan,161,0,23948104216223,,23948104385408,23948106690175,37.009,1.1403,0.0880,1.6806,1,0.4761,476,220,-327,220,-265,1,156,23947854368204,23948060720233,206352,0,1,203907,206753,0,,,,161,220,-265,0,0,0,78,0,0
163,scan,162,0,23948154006889,,23948154127634,23948155770187,37.059,1.1388,0.1029,1.6570,1,0.4772,477,220,-284,220,-269,1,157,23947904349534,23948112107687,207758,0,1,203907,206773,0,,,,162,220,-269,0,0,0,78,0,0
164,scan,163,0,23948204422146,,23948204608892,23948208129208,37.109,1.1383,0.1104,1.6447,1,0.4678,467,220,-261,220,-272,1,158,23947954080813,23948160867400,206786,0,1,203907,206706,0,,,,163,220,-272,0,0,0,78,0,0
165,scan,164,0,23948254320729,,23948254490010,23948256934661,37.159,1.1373,0.1254,1.6298,1,0.4616,461,220,-235,220,-297,1,159,23948003999542,23948211491936,207492,0,1,203907,206719,0,,,,164,220,-297,0,0,0,78,0,0
166,scan,165,0,23948305176144,,23948305310854,23948307621885,37.209,1.1369,0.1329,1.6232,1,0.4420,442,220,-223,220,-310,1,160,23948054256167,23948260701702,206445,0,1,203907,206755,0,,,,165,220,-310,0,0,0,78,0,0
167,scan,166,0,23948354682632,,23948354877661,23948356782699,37.259,1.1362,0.1478,1.6024,1,0.4319,431,220,-184,220,-309,1,161,23948104274492,23948311932245,207657,0,1,203907,206767,0,,,,166,220,-309,0,0,0,78,0,0
168,scan,167,0,23948404812421,,23948404976483,23948406876700,37.309,1.1360,0.1553,1.5895,1,0.4318,431,220,-160,220,-267,1,162,23948154048025,23948360905800,206857,0,1,203907,206808,0,,,,167,220,-267,0,0,0,78,0,0
169,scan,168,0,23948454277788,,23948454407756,23948456727478,37.359,1.1359,0.1703,1.5678,1,0.4196,419,220,-118,220,-247,1,163,23948204484360,23948412194150,207709,0,1,203907,206826,0,,,,168,220,-247,0,0,0,78,0,0
170,scan,169,0,23948504384612,,23948504498112,23948506685878,37.409,1.1360,0.1778,1.5601,1,0.3982,398,220,-104,220,-222,1,164,23948254380069,23948461136384,206756,0,1,203907,206811,0,,,,169,220,-222,0,1,0,78,0,0
171,scan,170,0,23948555097622,,23948555248831,23948556793274,37.459,1.1362,0.1928,1.5457,1,0.4099,409,220,-76,220,-209,1,165,23948305222939,23948512509930,207286,0,1,203907,206805,0,,,,170,220,-209,0,0,0,78,0,0
172,scan,171,0,23948604887190,,23948605032457,23948606826137,37.509,1.1365,0.2003,1.5378,1,0.3964,396,220,-61,220,-172,1,166,23948354729910,23948559360709,204630,0,1,203907,206807,0,,,,171,220,-172,0,1,0,78,0,0
173,scan,172,0,23948655008625,,23948655188446,23948656785824,37.559,1.1371,0.2153,1.5228,1,0.3859,385,220,-32,220,-150,1,167,23948404863678,23948612193817,207330,0,1,203907,206832,0,,,,172,220,-150,0,1,0,78,0,0
174,scan,173,0,23948704840736,,23948704988831,23948706851733,37.609,1.1374,0.2228,1.5173,1,0.3761,376,220,-21,220,-110,1,168,23948454322121,23948661077271,206755,0,1,203907,206876,0,,,,173,220,-110,0,1,0,78,0,0
175,scan,174,0,23948754925783,,23948755084234,23948756810811,37.659,1.1383,0.2377,1.5088,1,0.3531,353,220,-4,220,-96,1,169,23948504428917,23948708597284,204168,0,1,203907,206847,0,,,,174,220,-96,0,1,0,78,0,0
176,scan,175,0,23948804793234,,23948804922823,23948806775145,37.709,1.1388,0.2452,1.5054,1,0.3583,358,220,3,220,-72,1,170,23948555147915,23948762200648,207052,0,1,203907,206838,0,,,,175,220,-72,0,1,0,78,0,0
177,scan,176,0,23948854661549,,23948854780182,23948856779224,37.759,1.1398,0.2602,1.4993,1,0.3468,346,220,15,220,-57,1,171,23948604932080,23948811892835,206960,0,1,203907,206827,0,,,,176,220,-57,0,1,0,78,0,0
178,scan,177,0,23948904878355,,23948905024395,23948906831489,37.809,1.1404,0.2676,1.4969,1,0.3468,346,220,20,220,-29,1,172,23948655064759,23948862396384,207331,0,1,203907,206816,0,,,,177,220,-29,0,1,0,78,0,0
179,scan,178,0,23948954803375,,23948954930004,23948956828949,37.859,1.1409,0.2751,1.4949,1,0.3420,341,220,24,220,-19,1,173,23948704890893,23948911534141,206643,0,1,203907,206791,0,,,,178,220,-19,0,1,0,78,0,0
180,scan,179,0,23949004906477,,23949005040753,23949006764672,37.909,1.1421,0.2900,1.4928,1,0.3378,337,220,29,220,-4,1,174,23948754975519,23948961631889,206656,0,1,203907,206773,0,,,,179,220,-4,0,1,0,78,0,0
181,scan,180,0,23949055225207,,23949055425278,23949057855624,37.959,1.1426,0.2974,1.4924,1,0.3367,336,220,30,220,5,1,175,23948804837485,23949010787869,205950,0,1,203907,206740,0,,,,180,220,5,0,1,0,78,0,0
182,scan,181,0,23949105506036,,23949105639349,23949107880717,38.009,1.1438,0.3123,1.4922,1,0.3252,325,220,31,220,16,1,176,23948854697678,23949061917562,207219,0,1,203907,206739,0,,,,181,220,16,0,1,0,78,0,0
183,scan,182,0,23949155331665,,23949155463679,23949157856364,38.059,1.1444,0.3198,1.4925,1,0.3265,326,220,31,220,19,1,177,23948904923270,23949111944224,207020,0,1,203907,206739,0,,,,182,220,19,0,1,0,78,0,0
184,scan,183,0,23949205426833,,23949205557043,23949207689963,38.109,1.1456,0.3347,1.4936,1,0.3135,313,220,29,220,24,1,178,23948954847856,23949161918469,207070,0,1,203907,206744,0,,,,183,220,24,0,1,0,78,0,0
185,scan,184,0,23949255802392,,23949255929219,23949257746172,38.159,1.1461,0.3422,1.4944,1,0.3224,322,220,27,220,28,1,179,23949004952018,23949210907488,205955,0,1,203907,206782,0,,,,184,220,28,0,1,0,78,0,0
186,scan,185,0,23949305790632,,23949305926506,23949307831116,38.209,1.1473,0.3571,1.4961,1,0.3089,308,220,24,220,31,1,180,23949055300696,23949261282481,205981,0,1,203907,206739,0,,,,185,220,31,0,1,0,78,0,0
187,scan,186,0,23949356083740,,23949356276119,23949357805428,38.259,1.1478,0.3645,1.4970,1,0.3117,311,220,23,220,31,1,181,23949105553174,23949309990858,204437,0,1,203907,206749,0,,,,186,220,31,0,1,0,78,0,0
188,scan,187,0,23949405663407,,23949405810909,23949407949505,38.309,1.1489,0.3794,1.4992,1,0.3131,313,220,19,220,30,1,182,23949155379196,23949362259862,206880,0,1,203907,206751,0,,,,187,220,30,0,1,0,78,0,0
189,scan,188,0,23949455927290,,23949456085542,23949457784567,38.359,1.1494,0.3869,1.5003,1,0.3250,324,220,17,220,28,1,183,23949205471884,23949409979166,204507,0,1,203907,206678,0,,,,188,220,28,0,1,0,78,0,0
190,scan,189,0,23949505693970,,23949505817516,23949507720711,38.409,1.1505,0.4018,1.5024,1,0.3153,315,220,13,220,27,1,184,23949255845091,23949463092543,207247,0,1,203907,206674,0,,,,189,220,27,0,1,0,78,0,0
191,scan,190,0,23949555626748,,23949555756194,23949557771448,38.459,1.1510,0.4093,1.5032,1,0.3202,320,220,11,220,24,1,185,23949305835469,23949513015638,207180,0,1,203907,206681,0,,,,190,220,24,0,1,0,78,0,0
192,scan,191,0,23949605686251,,23949605811959,23949607815889,38.509,1.1520,0.4242,1.5050,1,0.3203,320,220,8,220,23,1,186,23949356142282,23949563512550,207370,0,1,203907,206684,0,,,,191,220,23,0,1,0,78,0,0
193,scan,192,0,23949655872956,,23949656093562,23949657764798,38.559,1.1525,0.4317,1.5058,1,0.3353,335,220,6,220,20,1,187,23949405721596,23949612948367,207226,0,1,203907,206688,0,,,,192,220,20,0,1,0,78,0,0
194,scan,193,0,23949705700617,,23949705821955,23949707806637,38.609,1.1534,0.4466,1.5073,1,0.3647,364,220,3,220,17,1,188,23949455969506,23949663502061,207532,0,1,203907,206727,0,,,,193,220,17,0,1,0,78,0,0
195,scan,194,0,23949755558319,,23949755691812,23949757944215,38.659,1.1539,0.4541,1.5080,1,1.0122,1012,220,2,220,13,1,189,23949505740899,23949710087196,204346,0,1,203907,206700,0,,,,194,220,13,0,0,0,78,0,0
196,scan,195,0,23949805919073,,23949806047180,23949808113124,38.709,1.1544,0.4615,1.5086,1,1.0080,1007,220,1,220,12,1,190,23949555669898,23949763052041,207382,0,1,203907,206707,0,,,,195,220,12,0,0,0,78,0,0
197,scan,196,0,23949855731900,,23949855861457,23949857897931,38.759,1.1553,0.4765,1.5095,1,1.0266,1026,220,-1,220,9,1,191,23949605725718,23949810133996,204408,0,1,203907,206633,0,,,,196,220,9,0,0,0,78,0,0
198,scan,197,0,23949905932819,,23949906075993,23949907731911,38.809,1.1558,0.4839,1.5099,1,1.0258,1025,220,-2,220,6,1,192,23949655927405,23949863189835,207262,0,1,203907,206646,0,,,,197,220,6,0,0,0,78,0,0
199,scan,198,0,23949955699897,,23949955837337,23949957765870,38.859,1.1567,0.4989,1.5105,1,1.0286,1028,220,-3,220,4,1,193,23949705737747,23949913063736,207325,0,1,203907,206643,0,,,,198,220,4,0,0,0,78,0,0
200,scan,199,0,23950006166940,,23950006314883,23950007781276,38.909,1.1571,0.5063,1.5107,1,1.0114,1011,220,-3,220,4,1,194,23949755597539,23949962893923,207296,0,1,203907,206631,0,,,,199,220,4,0,0,0,78,0,0
201,scan,200,0,23950056317003,,23950056497533,23950059735883,38.959,1.1580,0.5213,1.5109,1,1.0383,1038,220,-4,220,1,1,195,23949805963769,23950012640658,206676,0,1,203907,206622,0,,,,200,220,1,0,0,0,78,0,0
202,scan,201,0,23950106274885,,23950106405771,23950108688339,39.009,1.1585,0.5287,1.5110,1,1.0226,1022,220,-4,220,-1,1,196,23949855776042,23950063265394,207489,0,1,203907,206651,0,,,,201,220,-1,0,0,0,78,0,0
203,scan,202,0,23950156472750,,23950156603808,23950158727088,39.059,1.1593,0.5437,1.5111,1,1.0029,1002,220,-4,220,0,1,197,23949905989125,23950112468721,206479,0,1,203907,206619,0,,,,202,220,0,0,0,0,78,0,0
204,scan,203,0,23950206460991,,23950206589239,23950208690338,39.109,1.1598,0.5511,1.5111,1,1.0198,1019,220,-4,220,1,1,198,23949955740031,23950162904883,207164,0,1,203907,206628,0,,,,203,220,1,0,0,0,78,0,0
205,scan,204,0,23950256336347,,23950256481993,23950258788301,39.159,1.1607,0.5661,1.5109,1,1.0223,1022,220,-4,220,-2,1,199,23950006217196,23950212845144,206627,0,1,203907,206607,0,,,,204,220,-2,0,0,0,78,0,0
206,scan,205,0,23950306776698,,23950306910910,23950308784621,39.209,1.1611,0.5735,1.5109,1,1.0373,1037,220,-4,220,-2,1,200,23950056389832,23950263244080,206854,0,1,203907,206617,0,,,,205,220,-2,0,0,0,78,0,0
207,scan,206,0,23950356726209,,23950356853972,23950358768268,39.259,1.1620,0.5884,1.5111,1,1.0171,1017,220,-5,220,-4,1,201,23950106320609,23950312606052,206285,0,1,203907,206582,0,,,,206,220,-4,0,0,0,78,0,0
208,scan,207,0,23950406676537,,23950406810825,23950408949184,39.309,1.1625,0.5959,1.5110,1,1.0150,1014,220,-4,220,-3,1,202,23950156517685,23950363554530,207036,0,1,203907,206587,0,,,,207,220,-3,0,0,0,78,0,0
209,scan,208,0,23950456726419,,23950456848653,23950458760681,39.359,1.1634,0.6108,1.5106,1,1.0161,1016,220,-4,220,-2,1,203,23950206505330,23950413115183,206609,0,1,203907,206559,0,,,,208,220,-2,0,0,0,78,0,0
210,scan,209,0,23950506806094,,23950506911464,23950508768492,39.409,1.1638,0.6183,1.5104,1,1.0183,1018,220,-4,220,-2,1,204,23950256383759,23950463618284,207234,0,1,203907,206571,0,,,,209,220,-2,0,0,0,78,0,0
211,scan,210,0,23950556810304,,23950556938076,23950558757461,39.459,1.1647,0.6332,1.5104,1,1.0130,1013,220,-3,220,-3,1,205,23950306822081,23950513961406,207139,0,1,203907,206568,0,,,,210,220,-3,0,0,0,78,0,0
212,scan,211,0,23950607095596,,23950607256200,23950608779357,39.509,1.1652,0.6407,1.5104,1,1.0290,1029,220,-4,220,-3,1,206,23950356769177,23950563603345,206834,0,1,203907,206623,0,,,,211,220,-3,0,0,0,78,0,0
213,scan,212,0,23950657229913,,23950657377962,23950658936746,39.559,1.1656,0.6482,1.5103,1,1.0076,1007,220,-3,220,-4,1,207,23950406724476,23950613850875,207126,0,1,203907,206618,0,,,,212,220,-4,0,0,0,78,0,0
214,scan,213,0,23950707053248,,23950707188884,23950708795432,39.609,1.1665,0.6631,1.5100,1,1.0005,1000,220,-3,220,-4,1,208,23950456766168,23950663653966,206887,0,1,203907,206621,0,,,,213,220,-4,0,0,0,78,0,0
215,scan,214,0,23950757099019,,23950757240764,23950758773028,39.659,1.1670,0.6706,1.5099,1,0.9937,993,220,-3,220,0,1,209,23950506848556,23950711502994,204654,0,1,203907,206633,0,,,,214,220,0,0,0,0,78,0,0
216,scan,215,0,23950807309724,,23950807440585,23950809711109,39.709,1.1679,0.6855,1.5096,1,1.0000,999,220,-2,220,0,1,210,23950556860700,23950762694654,205833,0,1,203907,206603,0,,,,215,220,0,0,0,0,78,0,0
217,scan,216,0,23950857396521,,23950857548704,23950859682785,39.759,1.1684,0.6930,1.5096,1,1.0063,1006,220,-2,220,-2,1,211,23950607151453,23950813465376,206313,0,1,203907,206587,0,,,,216,220,-2,0,0,0,78,0,0
218,scan,217,0,23950907361071,,23950907492880,23950909660234,39.809,1.1693,0.7079,1.5098,1,1.0101,1010,220,-3,220,0,1,212,23950657277112,23950864612838,207335,0,1,203907,206587,0,,,,217,220,0,0,0,0,78,0,0
219,scan,218,0,23950957404419,,23950957545079,23950959715102,39.859,1.1697,0.7154,1.5097,1,1.0110,1010,220,-3,220,1,1,213,23950707101683,23950914391791,207290,0,1,203907,206603,0,,,,218,220,1,0,0,0,78,0,0
220,scan,219,0,23951007679327,,23951007803693,23951009776193,39.909,1.1706,0.7303,1.5095,1,0.9943,994,220,-2,220,-1,1,214,23950757141535,23950964317888,207176,0,1,203907,206616,0,,,,219,220,-1,0,0,0,78,0,0
221,scan,220,0,23951057910113,,23951058041190,23951059849629,39.959,1.1711,0.7378,1.5095,1,1.0053,1005,220,-2,220,-1,1,215,23950807354873,23951014169610,206814,0,1,203907,206637,0,,,,220,220,-1,0,0,0,78,0,0
222,scan,221,0,23951107723389,,23951107854191,23951109808778,40.009,1.1720,0.7527,1.5097,1,1.0052,1005,220,-3,220,-3,1,216,23950857448466,23951064832894,207384,0,1,203907,206642,0,,,,221,220,-3,0,0,0,78,0,0
223,scan,222,0,23951157748591,,23951157882663,23951159858438,40.059,1.1725,0.7602,1.5097,1,0.9959,995,220,-3,220,-2,1,217,23950907405544,23951114515512,207109,0,1,203907,206644,0,,,,222,220,-2,0,0,0,78,0,0
224,scan,223,0,23951207683378,,23951207818376,23951209785644,40.109,1.1734,0.7751,1.5094,1,1.0115,1011,220,-2,220,0,1,218,23950957451844,23951164837566,207385,0,1,203907,206652,0,,,,223,220,0,0,0,0,78,0,0
225,scan,224,0,23951257997408,,23951258128936,23951259836484,40.159,1.1738,0.7826,1.5092,1,1.0112,1011,220,-2,220,0,1,219,23951007722226,23951214609816,206887,0,1,203907,206675,0,,,,224,220,0,0,0,0,78,0,0
226,scan,225,0,23951307626415,,23951307747722,23951309854339,40.209,1.1748,0.7975,1.5093,1,1.0073,1007,220,-2,220,-2,1,220,23951057958233,23951264149713,206191,0,1,203907,206680,0,,,,225,220,-2,0,0,0,78,0,0
227,scan,226,0,23951357884713,,23951358013680,23951359809702,40.259,1.1752,0.8050,1.5093,1,0.9934,993,220,-2,220,-2,1,221,23951107768539,23951314122527,206353,0,1,203907,206728,0,,,,226,220,-2,0,0,0,78,0,0
228,scan,227,0,23951407666523,,23951407848210,23951409763430,40.309,1.1761,0.8199,1.5093,1,0.9946,994,220,-2,220,-4,1,222,23951157794847,23951364944742,207149,0,1,203907,206735,0,,,,227,220,-4,0,0,0,78,0,0
229,scan,228,0,23951457776931,,23951457916530,23951459835353,40.359,1.1766,0.8274,1.5091,1,1.0007,1000,220,-2,220,-1,1,223,23951207729513,23951414546215,206816,0,1,203907,206793,0,,,,228,220,-1,0,0,0,78,0,0
230,scan,229,0,23951507752761,,23951507887355,23951509779536,40.409,1.1771,0.8348,1.5090,1,0.9928,992,220,-2,220,1,1,224,23951258045835,23951465181163,207135,0,1,203907,206790,0,,,,229,220,1,0,0,0,78,0,0
231,scan,230,0,23951557646984,,23951557771463,23951559754482,40.459,1.1780,0.8498,1.5088,1,1.0087,1008,220,-2,220,1,1,225,23951307667028,23951514836326,207169,0,1,203907,206789,0,,,,230,220,1,0,0,0,78,0,0
232,scan,231,0,23951607936606,,23951608112652,23951609805435,40.509,1.1785,0.8572,1.5089,1,1.0133,1013,220,-2,220,-1,1,226,23951357929957,23951565023708,207093,0,1,203907,206783,0,,,,231,220,-1,0,0,0,78,0,0
233,scan,232,0,23951657834235,,23951657974454,23951659752025,40.559,1.1794,0.8722,1.5090,1,0.9842,984,220,-2,220,-1,1,227,23951407704981,23951615300227,207595,0,1,203907,206792,0,,,,232,220,-1,0,0,0,78,0,0
234,scan,233,0,23951708096057,,23951708231770,23951709774419,40.609,1.1798,0.8796,1.5090,1,1.0004,1000,220,-2,220,2,1,228,23951457823642,23951664844822,207021,0,1,203907,206779,0,,,,233,220,2,0,0,0,78,0,0
235,scan,234,0,23951757884394,,23951757999456,23951759787582,40.659,1.1808,0.8946,1.5088,1,0.9970,996,220,-2,220,0,1,229,23951507798533,23951714704427,206905,0,1,203907,206843,0,,,,234,220,0,0,0,0,78,0,0
236,scan,235,0,23951807976495,,23951808144244,23951809764060,40.709,1.1812,0.9020,1.5089,1,0.9785,978,220,-2,220,0,1,230,23951557689517,23951764908048,207218,0,1,203907,206839,0,,,,235,220,0,0,0,0,78,0,0
237,scan,236,0,23951857643311,,23951857772621,23951859811625,40.759,1.1822,0.9170,1.5091,1,0.9971,997,220,-3,220,-3,1,231,23951607985940,23951815747694,207761,0,1,203907,206923,0,,,,236,220,-3,0,0,0,78,0,0
238,scan,237,0,23951908119966,,23951908249231,23951909863000,40.809,1.1826,0.9244,1.5091,1,0.9896,989,220,-3,220,-2,1,232,23951657878949,23951865006035,207127,0,1,203907,206919,0,,,,237,220,-2,0,0,0,78,0,0
239,scan,238,0,23951958356257,,23951958486654,23951960726425,40.859,1.1835,0.9394,1.5088,1,0.9994,999,220,-2,220,1,1,233,23951708142385,23951915391865,207249,0,1,203907,206917,0,,,,238,220,1,0,0,0,78,0,0
240,scan,239,0,23952008261781,,23952008395915,23952010737349,40.909,1.1840,0.9468,1.5087,1,1.0044,1004,220,-2,220,1,1,234,23951757927168,23951965072317,207145,0,1,203907,206914,0,,,,239,220,1,0,0,0,78,0,0
241,scan,240,0,23952058355376,,23952058481543,23952060665608,40.959,1.1849,0.9618,1.5087,1,0.9933,993,220,-2,220,-2,1,235,23951808054846,23952015243734,207188,0,1,203907,206926,0,,,,240,220,-2,0,0,0,78,0,0
242,scan,241,0,23952108466778,,23952108592631,23952110711053,41.009,1.1854,0.9692,1.5089,1,0.9820,982,220,-3,220,-2,1,236,23951857685990,23952064826373,207140,0,1,203907,206918,0,,,,241,220,-2,0,0,0,78,0,0
243,scan,242,0,23952158737249,,23952158866541,23952160872639,41.059,1.1863,0.9842,1.5089,1,0.9784,978,220,-3,220,2,1,237,23951908162872,23952115343047,207180,0,1,203907,206935,0,,,,242,220,2,0,0,0,78,0,0
244,scan,243,0,23952208698811,,23952208835668,23952210787280,41.109,1.1868,0.9916,1.5087,1,0.9737,973,220,-3,220,3,1,238,23951958401875,23952165102959,206701,0,1,203907,206924,0,,,,243,220,3,0,0,0,78,0,0
245,scan,244,0,23952258854301,,23952258973568,23952260967217,41.159,1.1877,1.0066,1.5086,1,0.9540,953,220,-2,220,-1,1,239,23952008308125,23952215186918,206878,0,1,203907,206930,0,,,,244,220,-1,0,0,0,78,0,0
246,scan,245,0,23952308647397,,23952308769890,23952310862250,41.209,1.1882,1.0140,1.5088,1,0.9480,948,220,-3,220,0,1,240,23952058397047,23952264876060,206479,0,1,203907,206921,0,,,,245,220,0,0,0,0,78,0,0
247,scan,246,0,23952358865661,,23952358997790,23952360850821,41.259,1.1886,1.0215,1.5091,1,0.9389,938,220,-4,220,-4,1,241,23952108508658,23952315627322,207118,0,1,203907,206941,0,,,,246,220,-4,0,0,0,78,0,0
248,scan,247,0,23952408769553,,23952408903406,23952411154008,41.309,1.1896,1.0364,1.5090,1,0.9223,922,220,-4,220,-4,1,242,23952158779795,23952363159278,204379,0,1,203907,206875,0,,,,247,220,-4,0,0,0,78,0,0
249,scan,248,0,23952458896272,,23952459038932,23952460748022,41.359,1.1900,1.0439,1.5088,1,0.9055,905,220,-4,220,1,1,243,23952208747870,23952415574456,206826,0,1,203907,206880,0,,,,248,220,1,0,0,0,78,0,0
250,scan,249,0,23952508927418,,23952509061623,23952510896584,41.409,1.1910,1.0588,1.5085,2,0.9033,903,0,1000,220,1,1,244,23952258891746,23952463278158,204386,0,1,203907,206809,0,,,,249,220,1,0,0,0,78,0,0
251,scan,250,0,23952559146515,,23952559301957,23952560741074,41.459,1.1914,1.0663,1.5085,2,0.8808,880,0,1000,220,-3,1,245,23952308688819,23952515826480,207137,0,1,203907,206809,0,,,,250,220,-3,0,0,0,78,0,0
252,scan,251,0,23952609296945,,23952609428967,23952611654533,41.509,1.1923,1.0812,1.5088,2,0.8778,877,0,1000,220,2,1,246,23952358909774,23952565845300,206935,0,1,203907,206812,0,,,,251,220,2,0,0,0,78,0,0
253,scan,252,0,23952659396237,,23952659551255,23952661666989,41.559,1.1928,1.0887,1.5088,2,0.8736,873,0,1000,220,3,1,247,23952408814650,23952615328755,206514,0,1,203907,206796,0,,,,252,220,3,0,0,0,78,0,0
254,scan,253,0,23952709087783,,23952709219258,23952710756151,41.609,1.1937,1.1036,1.5084,2,0.8653,865,0,1000,220,-3,1,248,23952458945756,23952664320744,205374,0,1,203907,206759,0,,,,253,220,-3,0,0,0,78,0,0
255,scan,254,0,23952759356829,,23952759496770,23952761667438,41.659,1.1942,1.1111,1.5086,2,0.8524,852,0,1000,0,999,1,249,23952508975037,23952715422661,206447,0,1,203907,206803,0,,,,254,0,999,0,0,0,78,0,0
256,scan,255,0,23952809228865,,23952809356393,23952811674225,41.709,1.1951,1.1249,1.5075,2,0.8431,843,0,1000,0,999,1,250,23952559191020,23952765988608,206797,0,1,203907,206827,0,,,,255,0,999,0,0,0,78,0,0
257,scan,256,0,23952859330384,,23952859467305,23952861854715,41.759,1.1954,1.1300,1.5013,2,0.8336,833,0,1000,0,999,1,251,23952609342567,23952816646738,207304,0,1,203907,206852,0,,,,256,0,999,0,0,0,78,0,0
258,scan,257,0,23952909452320,,23952909595480,23952911695661,41.809,1.1960,1.1371,1.4801,2,0.8278,827,0,1000,0,999,1,252,23952659464220,23952867027081,207562,0,1,203907,206858,0,,,,257,0,999,0,0,0,78,0,0
259,scan,258,0,23952959480985,,23952959611349,23952961638748,41.859,1.1962,1.1396,1.4756,2,0.8187,818,0,1000,0,999,1,253,23952709132976,23952913889925,204756,0,1,203907,206795,0,,,,258,0,999,0,0,0,78,0,0
260,scan,259,0,23953009508449,,23953009632728,23953011652003,41.909,1.1965,1.1429,1.5026,2,0.8218,821,0,1000,0,999,1,254,23952759403820,23952966798742,207394,0,1,203907,206800,0,,,,259,0,999,0,0,0,78,0,0
261,scan,260,0,23953059497468,,23953059622732,23953061706343,41.959,1.1965,1.1437,1.5318,2,0.8158,815,0,1000,0,999,1,255,23952809271061,23953016831620,207560,0,1,203907,206819,0,,,,260,0,999,0,0,0,78,0,0
262,scan,261,0,23953109537749,,23953109656529,23953111729498,42.009,1.1965,1.1437,1.6021,2,0.8184,818,0,1000,0,999,1,256,23952859385196,23953066577149,207191,0,1,203907,206814,0,,,,261,0,999,0,0,0,78,0,0
263,scan,262,0,23953159729588,,23953159864855,23953161776776,42.059,1.1965,1.1437,1.6381,2,0.8257,825,0,1000,0,999,1,257,23952909500353,23953116684333,207183,0,1,203907,206816,0,,,,262,0,999,0,0,0,78,0,0
264,scan,263,0,23953210016362,,23953210148633,23953211853533,42.109,1.1966,1.1436,1.6724,2,0.8174,817,0,1000,0,999,1,258,23952959525040,23953166757421,207232,0,1,203907,206812,0,,,,263,0,999,0,0,0,78,0,0
265,scan,264,0,23953259852256,,23953259984377,23953261754088,42.159,1.1966,1.1435,1.7374,2,0.8234,823,0,1000,0,999,1,259,23953009548415,23953217102552,207554,0,1,203907,206829,0,,,,264,0,999,0,0,0,78,0,0
266,scan,265,0,23953310273322,,23953310411490,23953312675602,42.209,1.1966,1.1435,1.7707,2,0.8214,821,0,1000,0,999,1,260,23953059540468,23953266938567,207398,0,1,203907,206859,0,,,,265,0,999,0,0,0,78,0,0
267,scan,266,0,23953359760817,,23953359884881,23953361780714,42.259,1.1966,1.1433,1.8402,2,0.8197,819,0,1000,0,999,1,261,23953109574673,23953316763682,207189,0,1,203907,206880,0,,,,266,0,999,0,0,0,78,0,0
268,scan,267,0,23953409942300,,23953410111470,23953411735324,42.309,1.1966,1.1433,1.8748,2,0.8273,827,0,1000,0,999,1,262,23953159771647,23953365583863,205812,0,1,203907,206846,0,,,,267,0,999,0,0,0,78,0,0
269,scan,268,0,23953460107742,,23953460262461,23953461860378,42.359,1.1967,1.1432,1.9418,2,0.8265,826,0,1000,0,999,1,263,23953210063591,23953417016836,206953,0,1,203907,206850,0,,,,268,0,999,0,0,0,78,0,0
270,scan,269,0,23953510116703,,23953510250923,23953511820504,42.409,1.1967,1.1431,1.9752,2,0.8264,826,0,1000,0,999,1,264,23953259897630,23953466622452,206724,0,1,203907,206839,0,,,,269,0,999,0,0,0,78,0,0
271,scan,270,0,23953559739237,,23953559874048,23953561787560,42.459,1.1968,1.1430,2.0434,2,0.8197,819,0,1000,0,999,1,265,23953310322664,23953517786422,207463,0,1,203907,206847,0,,,,270,0,999,0,0,0,78,0,0
272,scan,271,0,23953609760967,,23953609890390,23953611862019,42.509,1.1968,1.1430,2.0778,2,0.8187,818,0,1000,0,999,1,266,23953359802586,23953567295578,207492,0,1,203907,206857,0,,,,271,0,999,0,0,0,78,0,0
273,scan,272,0,23953659872934,,23953659997208,23953661897102,42.559,1.1969,1.1429,2.1455,2,0.8187,818,0,1000,0,999,1,267,23953409993131,23953616684488,206691,0,1,203907,206834,0,,,,272,0,999,0,0,0,78,0,0
274,scan,273,0,23953710714640,,23953710860473,23953712764862,42.609,1.1969,1.1428,2.1791,2,0.8139,813,0,1000,0,999,1,268,23953460158877,23953667541194,207382,0,1,203907,206843,0,,,,273,0,999,0,0,0,78,0,0
275,scan,274,0,23953760549791,,23953760677166,23953762754493,42.659,1.1970,1.1428,2.2470,2,0.8204,820,0,1000,0,999,1,269,23953510163808,23953716988307,206824,0,1,203907,206841,0,,,,274,0,999,0,0,0,78,0,0
276,scan,275,0,23953810306706,,23953810435186,23953812716085,42.709,1.1970,1.1427,2.2811,2,0.8224,822,0,1000,0,999,1,270,23953559791684,23953766610014,206818,0,1,203907,206831,0,,,,275,0,999,0,0,0,78,0,0
277,scan,276,0,23953860358693,,23953860480644,23953861705685,42.759,1.1971,1.1426,2.3491,2,0.8185,818,0,1000,0,999,1,271,23953609804677,23953815571856,205767,0,1,203907,206781,0,,,,276,0,999,0,0,0,78,0,0
278,scan,277,0,23953910316880,,23953910452442,23953912725297,42.809,1.1972,1.1426,2.3829,2,0.8123,812,0,1000,0,999,1,272,23953659914728,23953867204725,207289,0,1,203907,206785,0,,,,277,0,999,0,0,0,78,0,0
279,scan,278,0,23953961064296,,23953961267883,23953963632359,42.859,1.1973,1.1425,2.4507,2,0.8249,824,0,1000,0,999,1,273,23953710766697,23953918136555,207369,0,1,203907,206788,0,,,,278,0,999,0,0,0,78,0,0
280,scan,279,0,23954010553876,,23954010688922,23954012801069,42.909,1.1973,1.1425,2.4847,2,0.8285,828,0,1000,0,999,1,274,23953760595332,23953967318907,206723,0,1,203907,206778,0,,,,279,0,999,0,0,0,78,0,0
281,scan,280,0,23954060721769,,23954060851446,23954062892314,42.959,1.1974,1.1425,2.5187,2,0.8282,828,0,1000,0,999,1,275,23953810351222,23954016367497,206016,0,1,203907,206748,0,,,,280,0,999,0,0,0,78,0,0
282,scan,281,0,23954110857085,,23954110987050,23954112822221,43.009,1.1975,1.1424,2.5865,2,0.8469,846,0,1000,0,999,1,276,23953860398884,23954067811164,207412,0,1,203907,206755,0,,,,281,0,999,0,0,0,78,0,0
283,scan,282,0,23954161180538,,23954161315843,23954162763582,43.059,1.1975,1.1424,2.6204,2,0.8317,831,0,994,0,999,1,277,23953910364413,23954116791086,206426,0,1,203907,206736,0,,,,282,0,999,0,0,0,78,0,0
284,scan,283,0,23954210827998,,23954210958594,23954212760615,43.109,1.1976,1.1423,2.6883,2,0.8556,855,0,859,0,999,1,278,23953961128468,23954168438996,207310,0,1,203907,206752,0,,,,283,0,999,0,0,0,78,0,0
285,scan,284,0,23954261100279,,23954261239624,23954262798451,43.159,1.1977,1.1423,2.7222,2,0.8702,870,220,791,0,999,1,279,23954010600848,23954218067805,207466,0,1,203907,206766,0,,,,284,0,999,0,0,0,78,0,0
286,scan,285,0,23954310796919,,23954310925506,23954312789595,43.209,1.1978,1.1423,2.7901,2,0.8875,887,220,655,0,999,1,280,23954060769530,23954268176210,207406,0,1,203907,206789,0,,,,285,0,999,0,0,0,78,0,0
287,scan,286,0,23954360988024,,23954361128243,23954362811736,43.259,1.1978,1.1423,2.8240,2,0.9206,920,220,587,0,998,1,281,23954110903257,23954318174067,207270,0,1,203907,206793,0,,,,286,0,998,0,0,0,78,0,0
288,scan,287,0,23954410715642,,23954410850372,23954412756486,43.309,1.1980,1.1422,2.8919,2,0.9151,915,220,451,0,992,1,282,23954161229527,23954368776735,207547,0,1,203907,206872,0,,,,287,0,992,0,0,0,78,0,0
289,scan,288,0,23954461319979,,23954461486594,23954463656383,43.359,1.1980,1.1422,2.9258,2,0.9381,938,220,383,0,864,1,283,23954210878350,23954418655546,207777,0,1,203907,206896,0,,,,288,0,864,0,0,0,78,0,0
290,scan,289,0,23954511289339,,23954511420866,23954513732925,43.409,1.1981,1.1422,2.9925,2,0.6176,617,220,250,176,788,1,284,23954261150721,23954465738732,204588,0,1,203907,206901,0,,,,289,176,788,0,0,0,78,0,0
291,scan,290,0,23954561285725,,23954561422616,23954563674795,43.459,1.1982,1.1422,3.0225,2,0.5950,595,220,190,220,641,1,285,23954310842988,23954518268664,207425,0,1,203907,206908,0,,,,290,220,641,0,0,0,78,0,0
292,scan,291,0,23954611233410,,23954611359879,23954613842512,43.509,1.1948,1.1425,3.0771,2,0.5751,575,220,81,220,570,1,286,23954361045804,23954566569054,205523,0,1,203907,206873,0,,,,291,220,570,0,0,0,78,0,0
293,scan,292,0,23954661560800,,23954661703784,23954663770173,43.559,1.1914,1.1427,3.1061,2,0.5535,553,220,23,220,435,1,287,23954410760423,23954618287412,207526,0,1,203907,206898,0,,,,292,220,435,0,0,0,78,0,0
294,scan,293,0,23954711398772,,23954711531674,23954713724518,43.609,1.1811,1.1427,-3.1143,2,0.5476,547,220,-103,220,368,1,288,23954461388273,23954668660351,207272,0,1,203907,206946,0,,,,293,220,368,0,0,0,78,0,0
295,scan,294,0,23954761641182,,23954761769672,23954763773999,43.659,1.1746,1.1425,-3.0845,2,0.5343,534,220,-163,220,239,1,289,23954511331959,23954718295850,206963,0,1,203907,206959,0,,,,294,220,239,0,0,0,78,0,0
296,scan,295,0,23954811859222,,23954812078089,23954813882855,43.709,1.1602,1.1413,-3.0480,2,0.5330,533,220,-237,220,181,1,290,23954561332758,23954768827675,207494,0,1,203907,206976,0,,,,295,220,181,0,0,0,78,0,0
297,scan,296,0,23954861597150,,23954861740527,23954863755953,43.759,1.1528,1.1406,-3.0472,2,0.5155,515,220,-239,220,79,1,291,23954611274781,23954818792617,207517,0,1,203907,206982,0,,,,296,220,79,0,0,0,78,0,0
298,scan,297,0,23954911990818,,23954912143157,23954914004840,43.809,1.1453,1.1399,-3.0503,2,0.5119,511,220,-234,220,23,1,292,23954661611466,23954868897765,207286,0,1,203907,206975,0,,,,297,220,23,0,0,0,78,0,0
299,scan,298,0,23954961885662,,23954962014163,23954963824706,43.859,1.1304,1.1385,-3.0449,2,0.5086,508,220,-246,220,-98,1,293,23954711444045,23954918942478,207498,0,1,203907,207043,0,,,,298,220,-98,0,0,0,78,0,0
300,scan,299,0,23955011801392,,23955011929073,23955013849482,43.909,1.1230,1.1378,-3.0383,2,0.4979,497,220,-260,220,-156,1,294,23954761690120,23954969109907,207419,0,1,203907,207044,0,,,,299,220,-156,0,0,0,78,0,0
301,scan,300,0,23955061897373,,23955062028536,23955063795987,43.959,1.1081,1.1362,-3.0355,2,0.4917,491,220,-267,220,-224,1,295,23954811909785,23955018779928,206870,0,1,203907,207027,0,,,,300,220,-224,0,0,0,78,0,0
302,scan,301,0,23955111848634,,23955111974321,23955113759626,44.009,1.1007,1.1355,-3.0431,2,0.4943,494,220,-253,220,-226,1,296,23954861641986,23955068909882,207267,0,1,203907,207029,0,,,,301,220,-226,0,0,0,78,0,0
303,scan,302,0,23955161844185,,23955161977521,23955163906079,44.059,1.0858,1.1342,-3.0658,2,0.4987,498,220,-209,220,-222,1,297,23954912058893,23955119697060,207638,0,1,203907,207040,0,,,,302,220,-222,0,0,0,78,0,0
304,scan,303,0,23955211805861,,23955211941326,23955214352859,44.109,1.0783,1.1336,-3.0742,2,0.4779,477,220,-193,220,-232,1,298,23954961931055,23955169084719,207153,0,1,203907,207038,0,,,,303,220,-232,0,0,0,78,0,0
305,scan,304,0,23955261908618,,23955262038273,23955263754328,44.159,1.0633,1.1327,-3.0847,2,0.4906,490,220,-173,220,-246,1,299,23955011844670,23955219215429,207370,0,1,203907,207033,0,,,,304,220,-246,0,0,0,78,0,0
306,scan,305,0,23955312272083,,23955312412413,23955314760193,44.209,1.0558,1.1323,-3.0914,2,0.5151,515,220,-160,220,-253,1,300,23955061940869,23955266379551,204438,0,1,203907,206959,0,,,,305,220,-253,0,0,0,78,0,0
307,scan,306,0,23955362892904,,23955363037160,23955364872515,44.259,1.0409,1.1317,-3.1108,2,0.5153,515,220,-123,220,-240,1,301,23955111891747,23955319642180,207750,0,1,203907,206973,0,,,,306,220,-240,0,0,0,78,0,0
308,scan,307,0,23955412754932,,23955412921358,23955414969695,44.309,1.0334,1.1315,-3.1207,2,0.5645,564,220,-103,220,-198,1,302,23955161889429,23955367524313,205634,0,1,203907,206969,0,,,,307,220,-198,0,0,0,78,0,0
309,scan,308,0,23955462487410,,23955462622632,23955464778179,44.359,1.0184,1.1313,-3.1362,2,0.9565,956,220,-73,220,-183,1,303,23955211852425,23955418560170,206707,0,1,203907,206963,0,,,,308,220,-183,0,0,0,78,0,0
310,scan,309,0,23955512648377,,23955512793054,23955514998428,44.409,1.0109,1.1313,3.1414,2,0.9413,941,220,-62,220,-164,1,304,23955261952164,23955468168035,206215,0,1,203907,206950,0,,,,309,220,-164,0,0,0,78,0,0
311,scan,310,0,23955562992160,,23955563123890,23955564851822,44.459,0.9959,1.1314,3.1302,2,0.9191,919,220,-40,220,-153,1,305,23955312319247,23955519956901,207637,0,1,203907,206954,0,,,,310,220,-153,0,0,0,78,0,0
312,scan,311,0,23955612715155,,23955612849991,23955614920050,44.509,0.9884,1.1315,3.1243,2,0.9152,915,220,-28,220,-116,1,306,23955362940226,23955570340038,207399,0,1,203907,206952,0,,,,311,220,-116,0,0,0,78,0,0
313,scan,312,0,23955662650372,,23955662764738,23955665013713,44.559,0.9734,1.1318,3.1136,2,0.9089,908,220,-7,220,-98,1,307,23955412830405,23955620214317,207383,0,1,203907,206969,0,,,,312,220,-98,0,0,0,78,0,0
314,scan,313,0,23955712748084,,23955712902773,23955714805779,44.609,0.9660,1.1320,3.1100,2,0.9050,904,220,0,220,-70,1,308,23955462532335,23955670039991,207507,0,1,203907,206972,0,,,,313,220,-70,0,0,0,78,0,0
315,scan,314,0,23955762708265,,23955762825760,23955764891727,44.659,0.9585,1.1323,3.1072,2,0.8741,874,220,6,220,-58,1,309,23955512698337,23955720028605,207330,0,1,203907,206985,0,,,,314,220,-58,0,0,0,78,0,0
316,scan,315,0,23955812536657,,23955812665682,23955815787054,44.709,0.9435,1.1328,3.1027,2,0.8690,868,220,15,220,-37,1,310,23955563034687,23955770300965,207266,0,1,203907,206996,0,,,,315,220,-37,0,0,0,78,0,0
317,scan,316,0,23955863056980,,23955863180680,23955864857392,44.759,0.9361,1.1331,3.1007,2,0.8598,859,220,19,220,-26,1,311,23955612761632,23955820572936,207811,0,1,203907,207047,0,,,,316,220,-26,0,0,0,78,0,0
318,scan,317,0,23955912757892,,23955912888351,23955914803848,44.809,0.9211,1.1338,3.0977,2,0.8510,851,220,25,220,-6,1,312,23955662686705,23955870112631,207425,0,1,203907,207051,0,,,,317,220,-6,0,0,0,78,0,0
319,scan,318,0,23955962782922,,23955962903626,23955964763434,44.859,0.9136,1.1341,3.0972,2,0.8438,843,220,26,220,1,1,313,23955712805842,23955920296225,207490,0,1,203907,207054,0,,,,318,220,1,0,0,0,78,0,0
320,scan,319,0,23956012950214,,23956013085979,23956014921558,44.909,0.8987,1.1348,3.0972,2,0.8285,828,220,27,220,7,1,314,23955762754019,23955970277901,207523,0,1,203907,207074,0,,,,319,220,7,0,0,0,78,0,0
321,scan,320,0,23956063123378,,23956063296696,23956064884686,44.959,0.8912,1.1351,3.0974,2,0.8237,823,220,26,220,15,1,315,23955812580289,23956019841606,207261,0,1,203907,207105,0,,,,320,220,15,0,0,0,78,0,0
322,scan,321,0,23956113125258,,23956113254012,23956114839735,45.009,0.8763,1.1357,3.0978,2,0.8263,826,220,26,220,18,1,316,23955863100751,23956070349148,207248,0,1,203907,207101,0,,,,321,220,18,0,0,0,78,0,0
323,scan,322,0,23956163190692,,23956163341027,23956164846591,45.059,0.8688,1.1361,3.0983,2,0.7998,799,220,25,220,25,1,317,23955912803269,23956120287129,207483,0,1,203907,207127,0,,,,322,220,25,0,0,0,78,0,0
324,scan,323,0,23956213209532,,23956213361197,23956215687859,45.109,0.8539,1.1367,3.0998,2,0.7931,793,220,22,220,26,1,318,23955962829168,23956170360747,207531,0,1,203907,207133,0,,,,323,220,26,0,0,0,78,0,0
325,scan,324,0,23956263472225,,23956263612162,23956265772292,45.159,0.8464,1.1370,3.1008,2,0.7769,776,220,20,220,27,1,319,23956012996609,23956217878557,204881,0,1,203907,207068,0,,,,324,220,27,0,0,0,78,0,0
326,scan,325,0,23956313363303,,23956313495130,23956315736103,45.209,0.8315,1.1376,3.1026,2,0.7750,774,220,17,220,26,1,320,23956063183839,23956270529546,207345,0,1,203907,207067,0,,,,325,220,26,0,0,0,78,0,0
327,scan,326,0,23956363815927,,23956364069385,23956365832514,45.259,0.8240,1.1379,3.1035,2,0.7687,768,220,15,220,25,1,321,23956113167479,23956320506757,207339,0,1,203907,207068,0,,,,326,220,25,0,0,0,78,0,0
328,scan,327,0,23956413331129,,23956413457354,23956414776185,45.309,0.8090,1.1385,3.1053,2,0.7577,757,220,11,220,25,1,322,23956163235808,23956370377692,207141,0,1,203907,207058,0,,,,327,220,25,0,0,0,78,0,0
329,scan,328,0,23956463711380,,23956463851799,23956465884240,45.359,0.8016,1.1387,3.1061,2,0.7384,738,220,10,220,22,1,323,23956213260699,23956420712087,207451,0,1,203907,207050,0,,,,328,220,22,0,0,0,78,0,0
330,scan,329,0,23956513700752,,23956513822387,23956515765046,45.409,0.7866,1.1392,3.1078,2,0.7339,733,220,6,220,19,1,324,23956263521235,23956471156115,207634,0,1,203907,207126,0,,,,329,220,19,0,0,0,78,0,0
331,scan,330,0,23956563753869,,23956563900998,23956565792739,45.459,0.7791,1.1395,3.1085,2,0.7284,728,220,5,220,16,1,325,23956313408145,23956517640045,204231,0,1,203907,207046,0,,,,330,220,16,0,0,0,78,0,0
332,scan,331,0,23956613800575,,23956613946428,23956615879185,45.509,0.7716,1.1397,3.1092,2,0.7087,708,220,4,220,14,1,326,23956363886965,23956571834090,207947,0,1,203907,207107,0,,,,331,220,14,0,0,0,78,0,0
333,scan,332,0,23956663595352,,23956663750313,23956665865467,45.559,0.7567,1.1402,3.1103,2,0.6977,697,220,2,220,12,1,327,23956413374701,23956617472320,204097,0,1,203907,207021,0,,,,332,220,12,0,0,0,78,0,0
334,scan,333,0,23956713895210,,23956714044227,23956715769223,45.609,0.7492,1.1404,3.1107,2,0.6998,699,220,1,220,10,1,328,23956463760208,23956668152037,204391,0,1,203907,206949,0,,,,333,220,10,0,0,0,78,0,0
335,scan,334,0,23956763830378,,23956763946460,23956765881184,45.659,0.7343,1.1409,3.1115,2,0.6836,683,220,-1,220,6,1,329,23956513738502,23956717855848,204117,0,1,203907,206878,0,,,,334,220,6,0,0,0,78,0,0
336,scan,335,0,23956813804544,,23956813946365,23956815775244,45.709,0.7268,1.1411,3.1119,2,0.6782,678,220,-2,220,4,1,330,23956563818751,23956771322577,207503,0,1,203907,206878,0,,,,335,220,4,0,0,0,78,0,0
337,scan,336,0,23956863748877,,23956863902910,23956865781966,45.759,0.7119,1.1416,3.1123,2,0.6588,658,220,-3,220,5,1,331,23956613849537,23956818269792,204420,0,1,203907,206801,0,,,,336,220,5,0,0,0,78,0,0
338,scan,337,0,23956913808950,,23956913943049,23956915777495,45.809,0.7044,1.1418,3.1124,2,0.6521,652,220,-3,220,2,1,332,23956663637688,23956870437641,206799,0,1,203907,206789,0,,,,337,220,2,0,0,0,78,0,0
339,scan,338,0,23956964049833,,23956964194180,23956965841615,45.859,0.6894,1.1422,3.1125,2,0.6424,642,220,-3,220,0,1,333,23956713943319,23956918200191,204256,0,1,203907,206708,0,,,,338,220,0,0,0,0,78,0,0
340,scan,339,0,23957013793078,,23957013953599,23957015807941,45.909,0.6820,1.1424,3.1127,2,0.6378,637,220,-3,220,-1,1,334,23956763873887,23956968567550,204693,0,1,203907,206640,0,,,,339,220,-1,0,0,0,78,0,0
341,scan,340,0,23957063993293,,23957064144659,23957065863480,45.959,0.6670,1.1429,3.1127,2,0.6217,621,220,-3,220,-1,1,335,23956813863306,23957020027345,206164,0,1,203907,206622,0,,,,340,220,-1,0,0,0,78,0,0
342,scan,341,0,23957114098192,,23957114225728,23957115760068,46.009,0.6595,1.1431,3.1126,2,0.6162,616,220,-3,220,-1,1,336,23956863818233,23957071253303,207435,0,1,203907,206626,0,,,,341,220,-1,0,0,0,78,0,0
343,scan,342,0,23957163888539,,23957164072314,23957165847247,46.059,0.6446,1.1435,3.1124,2,0.6079,607,220,-3,220,-1,1,337,23956913854795,23957120840544,206985,0,1,203907,206610,0,,,,342,220,-1,0,0,0,78,0,0
344,scan,343,0,23957214218842,,23957214349979,23957215788661,46.109,0.6371,1.1437,3.1124,2,0.5980,598,220,-3,220,-4,1,338,23956964098062,23957171116771,207018,0,1,203907,206606,0,,,,343,220,-4,0,0,0,78,0,0
345,scan,344,0,23957264197884,,23957264332052,23957265898937,46.159,0.6221,1.1442,3.1124,2,0.5812,581,220,-3,220,-4,1,339,23957013842823,23957221155301,207312,0,1,203907,206605,0,,,,344,220,-4,0,0,0,78,0,0
346,scan,345,0,23957314127105,,23957314268690,23957315896124,46.209,0.6146,1.1444,3.1123,2,0.5725,572,220,-3,220,-3,1,340,23957064060402,23957271344413,207284,0,1,203907,206676,0,,,,345,220,-3,0,0,0,78,0,0
347,scan,346,0,23957364499094,,23957364697108,23957366849545,46.259,0.5997,1.1448,3.1119,2,0.5715,571,220,-2,220,-3,1,341,23957114143724,23957320866440,206722,0,1,203907,206650,0,,,,346,220,-3,0,0,0,78,0,0
348,scan,347,0,23957414473274,,23957414602476,23957416896566,46.309,0.5922,1.1450,3.1117,2,0.5520,551,220,-2,220,-1,1,342,23957163930914,23957371366735,207435,0,1,203907,206695,0,,,,347,220,-1,0,0,0,78,0,0
349,scan,348,0,23957464635296,,23957464762407,23957466820246,46.359,0.5847,1.1453,3.1117,2,0.5479,547,220,-2,220,-1,1,343,23957214263977,23957421127590,206863,0,1,203907,206699,0,,,,348,220,-1,0,0,0,78,0,0
350,scan,349,0,23957515302468,,23957515449039,23957516753908,46.409,0.5698,1.1457,3.1117,2,0.5431,543,220,-2,220,-2,1,344,23957264245214,23957470994270,206749,0,1,203907,206713,0,,,,349,220,-2,0,0,0,78,0,0
351,scan,350,0,23957564706238,,23957564881741,23957566842609,46.459,0.5623,1.1459,3.1117,2,0.5346,534,220,-1,220,-2,1,345,23957314178138,23957520255008,206076,0,1,203907,206674,0,,,,350,220,-2,0,0,0,78,0,0
352,scan,351,0,23957615132553,,23957615373962,23957616788138,46.509,0.5474,1.1464,3.1115,2,0.5262,526,220,-1,220,-1,1,346,23957364544914,23957570870197,206325,0,1,203907,206647,0,,,,351,220,-1,0,0,0,78,0,0
353,scan,352,0,23957665098335,,23957665242756,23957666747614,46.559,0.5399,1.1466,3.1114,2,0.5017,501,220,-1,220,-2,1,347,23957414515524,23957621307572,206792,0,1,203907,206632,0,,,,352,220,-2,0,0,0,78,0,0
354,scan,353,0,23957715148472,,23957715293461,23957717727834,46.609,0.5249,1.1471,3.1113,2,0.5046,504,220,-1,220,-2,1,348,23957464684733,23957671452272,206767,0,1,203907,206614,0,,,,353,220,-2,0,0,0,78,0,0
355,scan,354,0,23957765483382,,23957765628216,23957767791945,46.659,0.5175,1.1473,3.1113,2,0.4962,496,220,-1,220,-1,1,349,23957515354591,23957721381771,206027,0,1,203907,206581,0,,,,354,220,-1,0,0,0,78,0,0
356,scan,355,0,23957815148423,,23957815280520,23957816782836,46.709,0.5025,1.1477,3.1111,2,0.4811,481,220,0,220,-2,1,350,23957564795845,23957771459623,206663,0,1,203907,206566,0,,,,355,220,-2,0,0,0,78,0,0
357,scan,356,0,23957865148232,,23957865282386,23957866726446,46.759,0.4950,1.1480,3.1111,2,0.4857,485,220,0,220,-2,1,351,23957615219450,23957819144257,203924,0,1,203907,206469,0,,,,356,220,-2,0,0,0,78,0,0
358,scan,357,0,23957915152295,,23957915283053,23957916818626,46.809,0.4801,1.1484,3.1110,2,0.4662,466,220,0,220,1,1,352,23957665149807,23957872466318,207316,0,1,203907,206466,0,,,,357,220,1,0,0,0,78,0,0
359,scan,358,0,23957964865352,,23957965009690,23957966774053,46.859,0.4726,1.1487,3.1109,2,0.4507,450,220,0,220,0,1,353,23957715196384,23957919805648,204609,0,1,203907,206394,0,,,,358,220,0,0,0,0,78,0,0
360,scan,359,0,23958015259137,,23958015384753,23958016864383,46.909,0.4576,1.1491,3.1109,2,0.4420,442,220,0,220,0,1,354,23957765535344,23957973059539,207524,0,1,203907,206394,0,,,,359,220,0,0,0,0,78,0,0
361,scan,360,0,23958065415906,,23958065541980,23958067630962,46.959,0.4502,1.1493,3.1109,2,0.4356,435,220,0,220,1,1,355,23957815192472,23958020734901,205542,0,1,203907,206351,0,,,,360,220,1,0,0,0,78,0,0
362,scan,361,0,23958115030174,,23958115175362,23958116888429,47.009,0.4352,1.1498,3.1110,2,0.4349,434,220,0,220,0,1,356,23957865194162,23958078981039,213786,0,1,203907,206514,0,,,,361,220,0,0,0,0,78,0,0
363,scan,362,0,23958165363765,,23958165488399,23958167696767,47.059,0.4277,1.1500,3.1110,2,0.4164,416,220,0,220,0,1,357,23957915194045,23958134962578,219768,0,1,203907,206822,0,,,,362,220,0,0,0,0,78,0,0
364,scan,363,0,23958215450442,,23958215568114,23958217671044,47.109,0.4128,1.1505,3.1110,2,0.4053,405,220,0,220,1,1,358,23957964907587,23958188608456,223700,0,1,203907,207226,0,,,,363,220,1,0,0,0,78,0,0
365,scan,364,0,23958265419015,,23958265557878,23958267662188,47.159,0.4053,1.1507,3.1110,2,0.4067,406,220,0,220,0,1,359,23958015299645,23958244658022,229358,0,1,203907,207838,0,,,,364,220,0,0,0,0,78,0,0
366,scan,365,0,23958316123380,,23958316264312,23958317827156,47.209,0.3978,1.1509,3.1110,2,0.3923,392,220,0,220,0,1,359,,,,1,1,203907,207850,0,,,,365,220,0,0,1,0,78,0,0
367,scan,366,0,23958365757748,,23958365893671,23958367786815,47.259,0.3829,1.1514,3.1111,2,0.3915,391,220,0,220,0,1,361,23958115070783,23958364087624,249016,0,1,203907,208919,0,,,,366,220,0,0,1,0,78,0,0
368,scan,367,0,23958415661434,,23958415791580,23958417834631,47.309,0.3754,1.1516,3.1111,2,0.3849,384,220,0,220,0,1,361,,,,1,1,203907,208966,0,,,,367,220,0,0,1,0,78,0,0
369,scan,368,0,23958465651321,,23958465780005,23958467896259,47.359,0.3604,1.1521,3.1110,2,0.3798,379,220,0,220,0,1,361,,,,1,1,203907,209007,0,,,,368,220,0,0,1,0,78,0,0
370,scan,369,0,23958515938552,,23958516101269,23958517713673,47.409,0.3530,1.1523,3.1110,2,0.3717,371,220,0,220,0,1,363,23958215487457,23958499817527,284330,0,1,203907,211080,0,,,,369,220,0,0,1,0,78,0,0
371,scan,370,0,23958565798727,,23958565934091,23958567737143,47.459,0.3380,1.1528,3.1110,2,0.3467,346,220,0,220,1,1,364,23958265466058,23958551257139,285791,0,1,203907,213284,0,,,,370,220,1,0,1,0,78,0,0
372,scan,371,0,23958615701469,,23958615826893,23958617780515,47.509,0.3305,1.1530,3.1111,2,0.3655,365,220,0,220,0,1,365,23958316173366,23958599388465,283215,0,1,203907,215318,0,,,,371,220,0,0,1,0,78,0,0
373,scan,372,0,23958665699206,,23958665854529,23958667825028,47.559,0.3156,1.1535,3.1111,2,0.3519,351,220,0,220,0,1,366,23958365814518,23958640054505,274239,0,1,203907,217214,0,,,,372,220,0,0,1,0,78,0,0
374,scan,373,0,23958715945732,,23958716138161,23958717778406,47.609,0.3081,1.1537,3.1111,2,0.3502,350,220,0,220,0,1,366,,,,1,1,203907,217570,0,,,,373,220,0,0,1,0,78,0,0
375,scan,374,0,23958765651244,,23958765773806,23958767794603,47.659,0.2932,1.1541,3.1111,2,0.3324,332,220,0,220,0,1,368,23958465696121,23958749174255,283478,0,1,203907,219775,0,,,,374,220,0,0,1,0,78,0,0
376,scan,375,0,23958815767986,,23958815899008,23958817774751,47.709,0.2857,1.1544,3.1111,2,0.3240,324,220,0,220,0,1,368,,,,1,1,203907,220125,0,,,,375,220,0,0,1,0,78,0,0
377,flag,375,1,,23958818383985,23958818432847,23958819744036,47.709,0.2857,1.1544,3.1111,2,0.3240,324,220,0,220,0,1,368,,,,,,,,,,1,1790099066923637015,375,136,0,1,1,33,79,0,0
378,scan,376,1,23958865835206,,23958866020939,23958867684436,47.759,0.2719,1.1548,3.1099,2,0.3216,321,220,2,220,0,1,369,23958515985912,23958854389037,338403,0,1,203907,223953,1,23958865984571,,,376,133,2,1,1,0,79,0,0
379,scan,377,1,23958915677147,,23958915802070,23958917849504,47.809,0.2667,1.1550,3.1048,2,0.3380,338,220,12,220,1,1,370,23958565845228,23958891650393,325805,0,1,203907,227353,1,,,,377,151,12,1,1,0,79,0,0
380,scan,378,1,23958965742151,,23958965856044,23958967869470,47.859,0.2570,1.1554,3.0931,2,0.3298,329,220,36,220,1,1,370,,,,1,1,203907,228033,1,,,,378,141,36,1,1,0,79,0,0
381,scan,379,1,23959015772954,,23959015901388,23959017851975,47.909,0.2519,1.1556,3.0953,2,0.3206,320,220,31,220,1,1,370,,,,1,1,203907,228740,1,,,,379,132,31,1,1,0,79,0,0
382,scan,380,1,23959065890816,,23959066009011,23959067773634,47.959,0.2426,1.1560,3.1070,2,0.3149,314,220,8,220,0,1,371,23958615746346,23959042087427,426341,0,1,203907,235412,1,,,,380,125,8,1,1,0,79,0,0
383,scan,381,1,23959115820199,,23959115940096,23959117750899,48.009,0.2382,1.1562,3.1089,2,0.3193,319,220,4,220,0,1,374,23958765694488,23959106126785,340432,0,1,203907,239442,1,,,,381,130,4,1,1,0,79,0,0
384,scan,382,1,23959165744282,,23959165864745,23959167841223,48.059,0.2339,1.1563,3.1071,2,0.3007,300,220,8,220,0,1,375,23958815812779,23959145056722,329243,0,1,203907,243147,1,,,,382,110,8,1,1,0,79,0,0
385,scan,383,1,23959216150288,,23959216281624,23959217737619,48.109,0.2251,1.1566,3.1025,2,0.3132,313,220,17,220,0,1,375,,,,1,1,203907,244276,1,,,,383,124,17,1,1,0,79,0,0
386,scan,384,1,23959266151070,,23959266273793,23959267718024,48.159,0.2213,1.1568,3.1037,2,0.3170,317,220,15,220,2,1,376,23958865897959,23959233875669,367977,0,1,203907,249297,1,,,,384,128,15,1,1,0,79,0,0
387,scan,385,1,23959316077089,,23959316198989,23959317820001,48.209,0.2127,1.1571,3.1100,2,0.3031,303,220,2,220,34,1,378,23958965782884,23959305527129,339744,0,1,203907,253436,1,,,,385,113,2,1,1,0,79,0,0
388,scan,386,1,23959366372881,,23959366516192,23959368662943,48.259,0.2084,1.1572,3.1109,2,0.3149,314,220,1,220,34,1,378,,,,1,1,203907,254943,1,,,,386,125,1,1,1,0,79,0,0
389,scan,387,1,23959415963590,,23959416119247,23959417877958,48.309,0.2004,1.1575,3.1082,2,0.3201,320,220,6,220,31,1,379,23959015817935,23959366552942,350735,0,1,203907,259566,1,,,,387,132,6,1,1,0,79,0,0
390,scan,388,1,23959466232553,,23959466366902,23959467750193,48.359,0.1962,1.1576,3.1073,2,0.3227,322,220,8,220,8,1,380,23959065926907,23959447587251,381660,0,1,203907,265204,1,,,,388,134,8,1,1,0,79,0,0
391,scan,389,1,23959516413598,,23959516566140,23959518626604,48.409,0.1871,1.1579,3.1091,2,0.3296,329,220,4,220,4,1,381,23959115862429,23959474880683,359018,0,1,203907,270116,1,,,,389,141,4,1,1,0,79,0,0
392,scan,390,1,23959566778970,,23959566909188,23959568833895,48.459,0.1826,1.1581,3.1103,2,0.3286,328,220,2,220,8,1,382,23959165786465,23959549147979,383361,0,1,203907,275835,1,,,,390,140,2,1,1,0,79,0,0
393,scan,391,1,23959616583985,,23959616715362,23959619797038,48.509,0.1730,1.1584,3.1101,2,0.2939,293,220,2,220,16,1,383,23959216195202,23959588880783,372685,0,1,203907,281202,1,,,,391,102,2,1,1,0,79,0,0
394,scan,392,1,23959666757971,,23959666886927,23959668776439,48.559,0.1683,1.1585,3.1095,2,0.3258,325,220,4,220,14,1,384,23959266193508,23959647817302,381623,0,1,203907,286841,1,,,,392,137,4,1,1,0,79,0,0
395,scan,393,1,23959716536824,,23959716760299,23959718843183,48.609,0.1609,1.1587,3.1094,2,0.3185,318,220,4,220,3,1,385,23959316119795,23959696615752,380495,0,1,203907,292445,1,,,,393,129,4,1,1,0,79,0,0
396,scan,394,1,23959767057731,,23959767181543,23959768810702,48.659,0.1563,1.1589,3.1098,2,0.3504,350,220,3,220,1,1,386,23959366419555,23959763185330,396765,0,1,203907,298598,1,,,,394,165,3,1,1,0,79,0,0
397,scan,395,1,23959816996547,,23959817117467,23959818814918,48.709,0.1461,1.1592,3.1103,2,0.3478,347,220,2,220,6,1,387,23959416032494,23959811135010,395102,0,1,203907,304677,1,,,,395,161,2,1,1,0,79,0,0
398,scan,396,1,23959866667027,,23959866792035,23959868872808,48.759,0.1405,1.1594,3.1103,2,0.3486,348,220,2,220,6,1,387,,,,1,1,203907,308035,1,,,,396,162,2,1,1,0,79,0,0
399,scan,397,1,23959916740917,,23959916856112,23959918830370,48.809,0.1295,1.1597,3.1103,2,1.0457,1045,220,2,220,9,1,388,23959466280486,23959883245739,416965,0,1,203907,315024,1,,,,397,220,2,1,0,0,79,0,0
400,scan,398,1,23959966664269,,23959966791136,23959969010162,48.859,0.1240,1.1599,3.1104,2,1.0451,1045,220,2,220,5,1,389,23959516461348,23959940296641,423835,0,1,203907,322331,1,,,,398,220,2,1,0,0,79,0,0
401,scan,399,1,23960016842806,,23960016966104,23960018839293,48.909,0.1170,1.1601,3.1105,2,1.0395,1039,220,2,220,3,1,390,23959566825819,23960007993346,441167,0,1,203907,330119,1,,,,399,220,2,1,0,0,79,0,0
402,scan,400,1,23960066811226,,23960066939238,23960068887703,48.959,0.1021,1.1606,3.1108,2,1.0161,1016,220,1,220,3,1,391,23959616627329,23960045470763,428843,0,1,203907,337563,1,,,,400,220,1,1,0,0,79,0,0
403,scan,401,1,23960117021785,,23960117146967,23960118831642,49.009,0.0946,1.1608,3.1109,2,1.0237,1023,220,1,220,6,1,392,23959666804008,23960098514472,431710,0,1,203907,344827,1,,,,401,220,1,1,0,0,79,0,0
404,scan,402,1,23960167124126,,23960167243322,23960168808658,49.059,0.0797,1.1613,3.1108,2,1.0108,1010,220,1,220,5,1,393,23959716655880,23960158244045,441588,0,1,203907,352221,1,,,,402,220,1,1,0,0,79,0,0
405,scan,403,1,23960217059715,,23960217218151,23960218746806,49.109,0.0722,1.1615,3.1109,2,0.9977,997,220,1,220,5,1,393,,,,1,1,203907,356653,1,,,,403,220,1,1,0,0,79,0,0
406,scan,404,1,23960267067605,,23960267189704,23960268741043,49.159,0.0572,1.1620,3.1110,2,0.9884,988,220,1,220,3,1,394,23959767102911,23960231497891,464394,0,1,203907,364757,1,,,,404,220,1,1,0,0,79,0,0
407,scan,405,1,23960317520211,,23960317673585,23960319718725,49.209,0.0498,1.1622,3.1110,2,0.9921,992,220,1,220,3,1,395,23959817037529,23960288729345,471691,0,1,203907,368322,1,,,,405,220,1,1,0,0,79,0,0
408,scan,406,1,23960367489586,,23960367628541,23960369718072,49.259,0.0348,1.1626,3.1111,2,0.9770,976,220,1,220,3,1,396,23959866709744,23960338625644,471915,0,1,203907,375752,1,,,,406,220,1,1,0,0,79,0,0
409,scan,407,1,23960417774917,,23960417922842,23960419762048,49.309,0.0273,1.1629,3.1111,2,0.9723,972,220,1,220,4,1,397,23959916775968,23960376143792,459367,0,1,203907,378449,1,,,,407,220,1,1,0,0,79,0,0
410,scan,408,1,23960467764508,,23960467900764,23960469847017,49.359,0.0124,1.1633,3.1112,2,0.9608,960,220,0,220,4,1,397,,,,1,1,203907,378449,1,,,,408,220,0,1,0,0,79,0,0
411,scan,409,1,23960517865489,,23960518005059,23960519742925,49.409,0.0049,1.1636,3.1112,2,0.9603,960,220,0,220,4,1,397,,,,1,1,203907,381586,1,,,,409,220,0,1,0,0,79,0,0
412,scan,410,1,23960567956777,,23960568124367,23960569800309,49.459,-0.0101,1.1640,3.1113,2,0.9455,945,220,0,220,2,1,400,23960066856721,23960560959929,494103,0,1,203907,388530,1,,,,410,220,0,1,0,0,79,0,0
413,scan,411,1,23960617822142,,23960617958896,23960619848801,49.509,-0.0175,1.1642,3.1112,2,0.9484,948,220,0,220,2,1,401,23960117065005,23960614024915,496959,0,1,203907,395655,1,,,,411,220,0,1,0,0,79,0,0
414,scan,412,1,23960667972347,,23960668133388,23960669714639,49.559,-0.0325,1.1647,3.1112,2,0.9309,930,220,0,220,2,1,401,,,,1,1,203907,399842,1,,,,412,220,0,1,0,0,79,0,0
415,scan,413,1,23960718027731,,23960718160108,23960719770999,49.609,-0.0400,1.1649,3.1112,2,0.9286,928,220,0,220,2,1,403,23960217131953,23960712197286,495065,0,1,203907,403016,1,,,,413,220,0,1,0,0,79,0,0
416,scan,414,1,23960768206222,,23960768318815,23960769833372,49.659,-0.0549,1.1654,3.1112,2,0.9184,918,220,0,220,2,1,403,,,,1,1,203907,407138,1,,,,414,220,0,1,0,0,79,0,0
417,scan,415,1,23960818039107,,23960818165940,23960819724665,49.709,-0.0624,1.1656,3.1112,2,0.9147,914,220,0,220,1,1,404,23960267111633,23960772075834,504964,0,1,203907,410398,1,,,,415,220,0,1,0,0,79,0,0
418,scan,416,1,23960868115705,,23960868244702,23960870106188,49.759,-0.0699,1.1658,3.1112,2,0.9061,906,220,0,220,1,1,405,23960317570076,23960833565339,515995,0,1,203907,416318,1,,,,416,220,0,1,0,0,79,0,0
419,scan,417,1,23960918201027,,23960918397505,23960919725221,49.809,-0.0848,1.1663,3.1112,2,0.8979,897,220,0,220,1,1,405,,,,1,1,203907,419439,1,,,,417,220,0,1,0,0,79,0,0
420,scan,418,1,23960968082162,,23960968226936,23960969735554,49.859,-0.0923,1.1665,3.1112,2,0.8885,888,220,0,220,2,1,406,23960367532799,23960928147422,560614,0,1,203907,424145,1,,,,418,220,0,1,0,0,79,0,0
421,scan,419,1,23961018207623,,23961018345827,23961019761983,49.909,-0.1073,1.1670,3.1112,2,0.8917,891,220,0,220,1,1,408,23960467810529,23960988126669,520316,0,1,203907,427247,1,,,,419,220,0,1,0,0,79,0,0
422,scan,420,1,23961068325558,,23961068469358,23961070711032,49.959,-0.1147,1.1672,3.1112,2,0.8920,892,220,0,220,2,1,409,23960517915717,23961051686177,533770,0,1,203907,430713,1,,,,420,220,0,1,0,0,79,0,0
423,scan,421,1,23961118329493,,23961118475871,23961120738724,50.009,-0.1297,1.1676,3.1112,2,0.8724,872,220,0,220,2,1,409,,,,1,1,203907,433722,1,,,,421,220,0,1,0,0,79,0,0
424,scan,422,1,23961168546101,,23961168663434,23961170729370,50.059,-0.1372,1.1679,3.1112,2,0.8693,869,220,0,220,1,1,411,23960617871836,23961164182181,546310,0,1,203907,440958,1,,,,422,220,0,1,0,0,79,0,0
425,scan,423,1,23961218386576,,23961218513221,23961220677115,50.109,-0.1521,1.1683,3.1112,2,0.8731,873,220,0,220,2,1,412,23960668042508,23961208114059,540071,0,1,203907,444155,1,,,,423,220,0,1,0,0,79,0,0
426,scan,424,1,23961268507934,,23961268635926,23961270707384,50.159,-0.1596,1.1686,3.1112,2,0.8751,875,220,0,220,2,1,413,23960718077361,23961259617987,541540,0,1,203907,449754,1,,,,424,220,0,1,0,0,79,0,0
427,scan,425,1,23961318369654,,23961318502699,23961320744987,50.209,-0.1745,1.1690,3.1112,2,0.8611,861,220,0,220,2,1,413,,,,1,1,203907,453421,1,,,,425,220,0,1,0,0,79,0,0
428,scan,426,1,23961368713608,,23961368839174,23961370789704,50.259,-0.1820,1.1692,3.1112,2,0.8839,883,220,0,220,2,1,415,23960818081711,23961367397205,549315,0,1,203907,456514,1,,,,426,220,0,1,0,0,79,0,0
429,scan,427,1,23961418674841,,23961418800105,23961420904289,50.309,-0.1970,1.1697,3.1112,2,0.8664,866,220,0,220,2,1,415,,,,1,1,203907,460040,1,,,,427,220,0,1,0,0,79,0,0
430,scan,428,1,23961468841618,,23961468990942,23961470757554,50.359,-0.2044,1.1699,3.1112,2,0.8689,868,220,0,220,2,1,416,23960868162710,23961448696474,580533,0,1,203907,466669,1,,,,428,220,0,1,0,0,79,0,0
431,scan,429,1,23961518769183,,23961518910329,23961520854744,50.409,-0.2194,1.1704,3.1112,2,0.8694,869,220,0,220,1,1,417,23960918248755,23961471439291,553190,0,1,203907,473142,1,,,,429,220,0,1,0,0,79,0,0
432,scan,430,1,23961568764698,,23961568907950,23961571678821,50.459,-0.2269,1.1706,3.1112,2,0.8772,877,220,0,220,2,1,418,23960968133800,23961523128231,554994,0,1,203907,478863,1,,,,430,220,0,1,0,0,79,0,0
433,scan,431,1,23961619498742,,23961619658791,23961621721362,50.509,-0.2418,1.1711,3.1112,2,0.8774,877,220,0,220,2,1,419,23961018258200,23961601272570,583014,0,1,203907,485874,1,,,,431,220,0,1,0,0,79,0,0
434,scan,432,1,23961669054896,,23961669187475,23961670715813,50.559,-0.2493,1.1713,3.1112,2,0.9001,900,220,0,220,2,1,419,,,,1,1,203907,489469,1,,,,432,220,0,1,0,0,79,0,0
435,scan,433,1,23961719126648,,23961719256457,23961720998686,50.609,-0.2568,1.1715,3.1112,2,1.0268,1026,220,0,220,2,1,421,23961118380538,23961672687237,554306,0,1,203907,495462,1,,,,433,220,0,1,0,0,79,0,0
436,scan,434,1,23961768942093,,23961769081707,23961770849100,50.659,-0.2717,1.1720,3.1112,2,1.0251,1025,220,0,220,2,1,422,23961168588450,23961728048311,559459,0,1,203907,501072,1,,,,434,220,0,1,0,0,79,0,0
437,scan,435,1,23961819139075,,23961819274624,23961821733706,50.709,-0.2792,1.1722,3.1112,2,1.0128,1012,220,0,220,1,1,423,23961218429335,23961786188156,567758,0,1,203907,507026,1,,,,435,220,0,1,0,0,79,0,0
438,scan,436,1,23961868902875,,23961869037143,23961870793183,50.759,-0.2942,1.1726,3.1112,2,1.0396,1039,220,0,220,3,1,424,23961268554983,23961824664356,556109,0,1,203907,508662,1,,,,436,220,0,1,0,0,79,0,0
439,scan,437,1,23961919059485,,23961919238371,23961920915124,50.809,-0.3016,1.1729,3.1112,2,1.0100,1010,220,0,220,3,1,424,,,,1,1,203907,511824,1,,,,437,220,0,1,0,0,79,0,0
440,scan,438,1,23961969265805,,23961969389063,23961970896661,50.859,-0.3166,1.1733,3.1112,2,1.0339,1033,220,0,220,3,1,424,,,,1,1,203907,514966,1,,,,438,220,0,1,0,0,79,0,0
441,scan,439,1,23962019648405,,23962019781138,23962021768425,50.909,-0.3241,1.1736,3.1112,2,1.0354,1035,220,0,220,3,1,424,,,,1,1,203907,517700,1,,,,439,220,0,1,0,0,79,0,0
442,scan,440,1,23962069528585,,23962069663395,23962071718082,50.959,-0.3390,1.1740,3.1112,2,1.0351,1035,220,0,220,3,1,424,,,,1,1,203907,521117,1,,,,440,220,0,1,0,0,79,0,0
443,scan,441,1,23962119869881,,23962120056573,23962121761685,51.009,-0.3465,1.1742,3.1112,2,1.0144,1014,220,0,220,3,1,424,,,,1,1,203907,524694,1,,,,441,220,0,1,0,0,79,0,0
444,scan,442,1,23962169709444,,23962169843804,23962171865790,51.059,-0.3615,1.1747,3.1112,2,1.0279,1027,220,0,220,3,1,424,,,,1,1,203907,528156,1,,,,442,220,0,1,0,0,79,0,0
445,scan,443,1,23962219583265,,23962219714920,23962221740807,51.109,-0.3689,1.1749,3.1112,2,1.0148,1014,220,0,220,3,1,424,,,,1,1,203907,528156,1,,,,443,220,0,1,0,0,79,0,0
446,scan,444,1,23962269525905,,23962269658896,23962271706192,51.159,-0.3839,1.1754,3.1112,2,1.0207,1020,220,0,220,3,1,433,23961719174023,23962262557687,543383,0,1,203907,531448,1,,,,444,220,0,1,0,0,79,0,0
447,scan,445,1,23962319624118,,23962319746691,23962321794524,51.209,-0.3914,1.1756,3.1112,2,1.0420,1042,220,0,220,3,1,433,,,,1,1,203907,534046,1,,,,445,220,0,1,0,0,79,0,0
448,scan,446,1,23962369493982,,23962369612676,23962371703585,51.259,-0.4063,1.1760,3.1112,2,1.0338,1033,220,0,220,2,1,435,23961819186173,23962367935147,548748,0,1,203907,537386,1,,,,446,220,0,1,0,0,79,0,0
449,scan,447,1,23962419717803,,23962419845835,23962421796985,51.309,-0.4138,1.1763,3.1112,2,1.0279,1027,220,0,220,2,1,435,,,,1,1,203907,540933,1,,,,447,220,0,1,0,0,79,0,0
450,scan,448,1,23962469963696,,23962470102841,23962471831609,51.359,-0.4287,1.1767,3.1112,2,1.0209,1020,220,0,220,3,1,436,23961868945598,23962439732422,570786,0,1,203907,542231,1,,,,448,220,0,1,0,0,79,0,0
451,scan,449,1,23962519921276,,23962520084660,23962521785022,51.409,-0.4362,1.1770,3.1112,2,1.0240,1024,220,0,220,1,1,438,23961969310276,23962518556546,549246,0,1,203907,542523,1,,,,449,220,0,1,0,0,79,0,0
452,scan,450,1,23962569791171,,23962569930125,23962571872753,51.459,-0.4437,1.1772,3.1112,2,1.0182,1018,220,0,220,1,1,438,,,,1,1,203907,544628,1,,,,450,220,0,1,0,0,79,0,0
453,scan,451,1,23962620178454,,23962620307270,23962621754705,51.509,-0.4586,1.1776,3.1112,2,1.0333,1033,220,0,220,3,1,439,23962019694740,23962577422281,557727,0,1,203907,547270,1,,,,451,220,0,1,0,0,79,0,0
454,scan,452,1,23962670218518,,23962670339719,23962671846540,51.559,-0.4661,1.1779,3.1112,2,1.0290,1028,220,0,220,2,1,441,23962119930835,23962665945652,546014,0,1,203907,547218,1,,,,452,220,0,1,0,0,79,0,0
455,scan,453,1,23962720184697,,23962720314161,23962721780112,51.609,-0.4811,1.1783,3.1112,2,1.0358,1035,220,0,220,3,1,442,23962169755327,23962715578075,545822,0,1,203907,549333,1,,,,453,220,0,1,0,0,79,0,0
456,scan,454,1,23962769979998,,23962770094602,23962771853512,51.659,-0.4886,1.1785,3.1112,2,1.0326,1032,220,0,220,2,1,443,23962219629044,23962768049017,548419,0,1,203907,549296,1,,,,454,220,0,1,0,0,79,0,0
457,scan,455,1,23962819900706,,23962820056339,23962821751701,51.709,-0.5035,1.1790,3.1112,2,1.0194,1019,220,0,220,1,1,444,23962269577566,23962812079307,542501,0,1,203907,550798,1,,,,455,220,0,1,0,0,79,0,0
458,scan,456,1,23962869955795,,23962870080375,23962871898545,51.759,-0.5110,1.1792,3.1112,2,1.0243,1024,220,0,220,3,1,445,23962319669135,23962855838321,536169,0,1,203907,551605,1,,,,456,220,0,1,0,0,79,0,0
459,scan,457,1,23962920482158,,23962920604214,23962922726170,51.809,-0.5259,1.1797,3.1112,2,1.0187,1018,220,0,220,2,1,446,23962369538392,23962909231422,539693,0,1,203907,551146,1,,,,457,220,0,1,0,0,79,0,0
460,scan,458,1,23962970624555,,23962970747970,23962972830301,51.859,-0.5334,1.1799,3.1112,2,1.0321,1032,220,0,220,1,1,447,23962419763066,23962962874476,543111,0,1,203907,550473,1,,,,458,220,0,1,0,0,79,0,0
461,scan,459,1,23963020325489,,23963020457480,23963022780920,51.909,-0.5484,1.1804,3.1112,2,1.0315,1031,220,0,220,1,1,447,,,,1,1,203907,551680,1,,,,459,220,0,1,0,0,79,0,0
462,scan,460,1,23963070323150,,23963070440089,23963071752327,51.959,-0.5558,1.1806,3.1112,2,1.0276,1027,220,0,220,2,1,449,23962519980985,23963060141071,540160,0,1,203907,551935,1,,,,460,220,0,1,0,0,79,0,0
463,scan,461,1,23963120166921,,23963120295511,23963121984589,52.009,-0.5708,1.1810,3.1112,2,1.0254,1025,220,1,220,2,1,450,23962569838811,23963110973807,541134,0,1,203907,551520,1,,,,461,220,1,1,0,0,79,0,0
464,scan,462,1,23963170551642,,23963170680987,23963172830936,52.059,-0.5783,1.1813,3.1112,2,1.0151,1015,220,1,220,3,1,451,23962620224367,23963169671104,549446,0,1,203907,551640,1,,,,462,220,1,1,0,0,79,0,0
465,scan,463,1,23963220605565,,23963220729718,23963222774719,52.109,-0.5932,1.1817,3.1113,2,1.0216,1021,220,0,220,3,1,451,,,,1,1,203907,552103,1,,,,463,220,0,1,0,0,79,0,0
466,scan,464,1,23963270850443,,23963270984548,23963272874202,52.159,-0.6007,1.1820,3.1113,2,1.0245,1024,220,0,220,1,1,453,23962720230290,23963262345192,542114,0,1,203907,552126,1,,,,464,220,0,1,0,0,79,0,0
467,scan,465,1,23963320857953,,23963320973026,23963323195812,52.209,-0.6157,1.1824,3.1114,2,1.0100,1009,220,0,220,3,1,454,23962770022699,23963314671983,544649,0,1,203907,551838,1,,,,465,220,0,1,0,0,79,0,0
468,scan,466,1,23963370987540,,23963371113230,23963372878050,52.259,-0.6231,1.1826,3.1113,2,1.0132,1013,220,0,220,2,1,455,23962819943411,23963369020472,549077,0,1,203907,551829,1,,,,466,220,0,1,0,0,79,0,0
469,scan,467,1,23963421074237,,23963421202847,23963423138609,52.309,-0.6306,1.1829,3.1113,2,1.0277,1027,220,0,220,2,1,455,,,,1,1,203907,551829,1,,,,467,220,0,1,0,0,79,0,0
470,scan,468,1,23963471228659,,23963471360712,23963472836007,52.359,-0.6456,1.1833,3.1113,2,1.0034,1003,220,0,220,2,1,456,23962870000110,23963436110194,566110,0,1,203907,551275,1,,,,468,220,0,1,0,0,79,0,0
471,scan,469,1,23963520783176,,23963520927842,23963522865884,52.409,-0.6530,1.1835,3.1113,2,1.0193,1019,220,0,220,3,1,457,23962920523656,23963503598061,583074,0,1,203907,552424,1,,,,469,220,0,1,0,0,79,0,0
472,scan,470,1,23963570649779,,23963570783636,23963573774776,52.459,-0.6680,1.1840,3.1113,2,1.0245,1024,220,0,220,3,1,458,23962970668911,23963527892411,557223,0,1,203907,552510,1,,,,470,220,0,1,0,0,79,0,0
473,scan,471,1,23963621209582,,23963621412972,23963622787550,52.509,-0.6755,1.1842,3.1113,2,1.0127,1012,220,0,220,1,1,459,23963020368730,23963580865173,560496,0,1,203907,551644,1,,,,471,220,0,1,0,0,79,0,0
474,scan,472,1,23963670874700,,23963670991465,23963672732201,52.559,-0.6904,1.1847,3.1113,2,1.0228,1022,220,0,220,2,1,461,23963120212269,23963668268882,548056,0,1,203907,551511,1,,,,472,220,0,1,0,0,79,0,0
475,scan,473,1,23963720709826,,23963720824144,23963722796709,52.609,-0.6979,1.1849,3.1113,2,1.0055,1005,220,0,220,2,1,462,23963170605463,23963718730172,548124,0,1,203907,551282,1,,,,473,220,0,1,0,0,79,0,0
476,scan,474,1,23963770958477,,23963771074290,23963772806220,52.659,-0.7128,1.1853,3.1113,2,1.0185,1018,220,0,220,3,1,463,23963220646995,23963769092733,548445,0,1,203907,550874,1,,,,474,220,0,1,0,0,79,0,0
477,scan,475,1,23963820991804,,23963821122277,23963822788308,52.709,-0.7203,1.1856,3.1113,2,1.0125,1012,220,0,220,3,1,464,23963270897848,23963818990368,548092,0,1,203907,550145,1,,,,475,220,0,1,0,0,79,0,0
478,scan,476,1,23963870875837,,23963871010165,23963872829853,52.759,-0.7353,1.1860,3.1113,2,1.0164,1016,220,0,220,3,1,464,,,,1,1,203907,549916,1,,,,476,220,0,1,0,0,79,0,0
479,scan,477,1,23963920950819,,23963921089872,23963922821432,52.809,-0.7428,1.1863,3.1113,2,0.9922,992,220,0,220,3,1,464,,,,1,1,203907,549916,1,,,,477,220,0,1,0,0,79,0,0
480,scan,478,1,23963971199604,,23963971332288,23963973655906,52.859,-0.7577,1.1867,3.1113,2,1.0318,1031,220,0,220,4,1,466,23963371032279,23963932116285,561084,0,1,203907,550330,1,,,,478,220,0,1,0,0,79,0,0
481,scan,479,1,23964021165659,,23964021288402,23964022803595,52.909,-0.7652,1.1869,3.1113,2,1.0222,1022,220,0,220,1,1,468,23963471273242,23964020352395,549079,0,1,203907,550285,1,,,,479,220,0,1,0,0,79,0,0
482,scan,480,1,23964071081067,,23964071200433,23964072818466,52.959,-0.7801,1.1874,3.1113,2,1.0152,1015,220,0,220,1,1,468,,,,1,1,203907,550285,1,,,,480,220,0,1,0,0,79,0,0
483,scan,481,1,23964121162041,,23964121313996,23964122831284,53.009,-0.7876,1.1876,3.1113,2,1.0086,1008,220,0,220,4,1,469,23963520835468,23964099808432,578972,0,1,203907,551274,1,,,,481,220,0,1,0,0,79,0,0
484,scan,482,1,23964171207800,,23964171346738,23964172891865,53.059,-0.8026,1.1881,3.1113,2,1.0172,1017,220,0,220,3,1,470,23963570689474,23964164316473,593626,0,1,203907,552686,1,,,,482,220,0,1,0,0,79,0,0
485,scan,483,1,23964221241538,,23964221369901,23964222768450,53.109,-0.8100,1.1883,3.1113,2,1.0192,1019,220,1,220,2,1,471,23963621258563,23964178722287,557463,0,1,203907,552840,1,,,,483,220,1,1,0,0,79,0,0
486,scan,484,1,23964271988495,,23964272167421,23964274089397,53.159,-0.8175,1.1885,3.1113,2,0.9958,995,220,1,220,2,1,471,,,,1,1,203907,553155,1,,,,484,220,1,1,0,0,79,0,0
487,scan,485,1,23964321772173,,23964321912600,23964323833112,53.209,-0.8325,1.1890,3.1114,2,1.0073,1007,220,0,220,3,1,473,23963720750245,23964274302530,553552,0,1,203907,553168,1,,,,485,220,0,1,0,0,79,0,0
488,scan,486,1,23964371995258,,23964372202258,23964373744132,53.259,-0.8400,1.1892,3.1114,2,1.0046,1004,220,0,220,4,1,475,23963821039532,23964372116068,551076,0,1,203907,553243,1,,,,486,220,0,1,0,0,79,0,0
489,scan,487,1,23964422174351,,23964422325578,23964423834732,53.309,-0.8549,1.1896,3.1115,2,0.9929,992,220,0,220,4,1,475,,,,1,1,203907,553243,1,,,,487,220,0,1,0,0,79,0,0
490,scan,488,1,23964472347224,,23964472526463,23964474742022,53.359,-0.8624,1.1899,3.1114,2,1.0221,1022,220,0,220,3,1,476,23963870923167,23964423064661,552141,0,1,203907,552642,1,,,,488,220,0,1,0,0,79,0,0
491,scan,489,1,23964522064524,,23964522194777,23964523920914,53.409,-0.8773,1.1903,3.1114,2,1.0129,1012,220,0,220,2,1,477,23963920998344,23964487596721,566598,0,1,203907,553202,1,,,,489,220,0,1,0,0,79,0,0
492,scan,490,1,23964572572989,,23964572704464,23964574779852,53.459,-0.8848,1.1906,3.1114,2,1.0123,1012,220,0,220,2,1,477,,,,1,1,203907,553202,1,,,,490,220,0,1,0,0,79,0,0
493,scan,491,1,23964622498859,,23964622625769,23964624707287,53.509,-0.8998,1.1910,3.1114,2,0.9992,999,220,0,220,3,1,479,23964021209818,23964594930375,573720,0,1,203907,553717,1,,,,491,220,0,1,0,0,79,0,0
494,scan,492,1,23964672223821,,23964672365197,23964673758385,53.559,-0.9072,1.1912,3.1114,2,1.0159,1015,220,0,220,4,1,481,23964121213789,23964671016457,549802,0,1,203907,553840,1,,,,492,220,0,1,0,0,79,0,0
495,scan,493,1,23964722174850,,23964722294600,23964723738575,53.609,-0.9222,1.1917,3.1114,2,1.0202,1020,220,0,220,2,1,482,23964171246088,23964720645196,549399,0,1,203907,553955,1,,,,493,220,0,1,0,0,79,0,0
496,scan,494,1,23964772195908,,23964772316785,23964774716374,53.659,-0.9297,1.1919,3.1114,2,1.0008,1000,220,0,220,2,1,482,,,,1,1,203907,554140,1,,,,494,220,0,1,0,0,79,0,0
497,scan,495,1,23964822398770,,23964822529825,23964824675539,53.709,-0.9446,1.1924,3.1114,2,1.0231,1023,220,0,220,2,1,482,,,,1,1,203907,554541,1,,,,495,220,0,1,0,0,79,0,0
498,scan,496,1,23964872354881,,23964872482954,23964874663436,53.759,-0.9521,1.1926,3.1114,2,1.0098,1009,220,0,220,5,1,484,23964272069699,23964826007617,553937,0,1,203907,555154,1,,,,496,220,0,1,0,0,79,0,0
499,scan,497,1,23964922229752,,23964922360820,23964924785435,53.809,-0.9671,1.1930,3.1114,2,0.9957,995,220,1,220,2,1,486,23964372072550,23964918876537,546803,0,1,203907,555399,1,,,,497,220,1,1,0,0,79,0,0
500,scan,498,1,23964972657123,,23964972780854,23964974840053,53.859,-0.9745,1.1933,3.1114,2,0.9882,988,220,1,220,2,1,486,,,,1,1,203907,555838,1,,,,498,220,1,1,0,0,79,0,0
501,scan,499,1,23965022407961,,23965022539731,23965024679911,53.909,-0.9895,1.1937,3.1115,2,0.9702,970,220,1,220,5,1,487,23964422234070,23964973100795,550866,0,1,203907,555666,1,,,,499,220,1,1,0,0,79,0,0
502,scan,500,1,23965072523401,,23965072636276,23965074704124,53.959,-0.9970,1.1939,3.1115,2,0.9616,961,220,0,220,1,1,489,23964522107974,23965070129475,548021,0,1,203907,555937,1,,,,500,220,0,1,0,0,79,0,0
503,scan,501,1,23965122680625,,23965122814531,23965125050464,54.009,-1.0044,1.1942,3.1116,2,0.9491,949,220,0,220,6,1,490,23964572620049,23965115075234,542455,0,1,203907,555983,1,,,,501,220,0,1,0,0,79,0,0
504,scan,502,1,23965172963082,,23965173097633,23965174816500,54.059,-1.0194,1.1946,3.1116,2,0.9501,950,220,0,220,3,1,491,23964622542346,23965172515674,549973,0,1,203907,556001,1,,,,502,220,0,1,0,0,79,0,0
505,scan,503,1,23965222927067,,23965223063191,23965224768983,54.109,-1.0269,1.1948,3.1116,2,0.9379,937,220,0,220,1,1,492,23964672269296,23965213990749,541721,0,1,203907,555525,1,,,,503,220,0,1,0,0,79,0,0
506,scan,504,1,23965272756182,,23965272880105,23965274863853,54.159,-1.0418,1.1953,3.1115,2,0.9237,923,220,0,220,5,1,493,23964722214663,23965263119326,540904,0,1,203907,555485,1,,,,504,220,0,1,0,0,79,0,0
507,scan,505,1,23965322681624,,23965323010451,23965324814678,54.209,-1.0493,1.1955,3.1116,2,0.8856,885,220,0,220,4,1,494,23964772239646,23965322777393,550537,0,1,203907,555681,1,,,,505,220,0,1,0,0,79,0,0
508,scan,506,1,23965372769131,,23965372900681,23965374826839,54.259,-1.0642,1.1960,3.1116,3,0.8982,898,0,1000,220,0,1,495,23964822444242,23965364585126,542140,0,1,203907,555450,1,,,,506,0,1000,1,0,0,79,0,0
509,scan,507,1,23965423283004,,23965423434851,23965425984591,54.309,-1.0717,1.1962,3.1116,3,0.8940,894,0,1000,220,0,1,495,,,,1,1,203907,555450,1,,,,507,0,1000,1,0,0,79,0,0
510,scan,508,1,23965473555395,,23965473697129,23965475934485,54.359,-1.0832,1.1965,3.1116,3,0.8662,866,0,1000,220,6,1,496,23964872401471,23965431477373,559075,0,1,203907,555215,1,,,,508,0,1000,1,0,0,79,0,0
511,scan,509,1,23965523314941,,23965523433140,23965525782082,54.409,-1.0872,1.1966,3.1118,3,0.8754,875,0,1000,220,1,1,498,23964972702892,23965521296031,548593,0,1,203907,554066,1,,,,509,0,1000,1,0,0,79,0,0
512,scan,510,1,23965573349718,,23965573479353,23965575692099,54.459,-1.0923,1.1968,3.1132,3,0.8781,878,0,1000,220,6,1,499,23965022448978,23965563786317,541337,0,1,203907,553536,1,,,,510,0,1000,1,0,0,79,0,0
513,scan,511,1,23965624074667,,23965624223651,23965625852618,54.509,-1.0939,1.1968,3.1205,3,0.8669,866,0,1000,220,6,1,499,,,,1,1,203907,553296,1,,,,511,0,1000,1,0,0,79,0,0
514,scan,512,1,23965673626697,,23965673759427,23965675832952,54.559,-1.0955,1.1969,-3.1150,3,0.8682,868,0,1000,220,2,1,500,23965072562863,23965626279034,553716,0,1,203907,553491,1,,,,512,0,1000,1,0,0,79,0,0
515,scan,513,1,23965723798605,,23965723949084,23965725879888,54.609,-1.0954,1.1969,-3.0761,3,0.8628,862,0,1000,220,2,1,500,,,,1,1,203907,553683,1,,,,513,0,1000,1,0,0,79,0,0
516,scan,514,1,23965773780971,,23965773905815,23965775791480,54.659,-1.0953,1.1969,-2.9953,3,0.8695,869,0,1000,220,3,1,503,23965222976101,23965760279275,537303,0,1,203907,553285,1,,,,514,0,1000,1,0,0,79,0,0
517,scan,515,1,23965823238781,,23965823359477,23965824787854,54.709,-1.0952,1.1969,-2.9632,3,0.8676,867,0,1000,220,3,1,503,,,,1,1,203907,553478,1,,,,515,0,1000,1,0,0,79,0,0
518,scan,516,1,23965873459284,,23965873569066,23965875663239,54.759,-1.0951,1.1969,-2.9048,3,0.8699,869,0,1000,220,8,1,505,23965322726875,23965868923091,546196,0,1,203907,553217,1,,,,516,0,1000,1,0,0,79,0,0
519,scan,517,1,23965923971237,,23965924157089,23965925798696,54.809,-1.0951,1.1969,-2.8707,3,0.8686,868,0,1000,220,8,1,505,,,,1,1,203907,553217,1,,,,517,0,1000,1,0,0,79,0,0
520,scan,518,1,23965973817144,,23965973944896,23965976257709,54.859,-1.0950,1.1970,-2.8335,3,0.8589,858,0,1000,0,999,1,506,23965372816478,23965943558244,570741,0,1,203907,553562,1,,,,518,0,1000,1,0,0,79,0,0
521,scan,519,1,23966023714894,,23966023885590,23966025849408,54.909,-1.0949,1.1970,-2.7617,3,0.8609,860,0,1000,0,999,1,506,,,,1,1,203907,553728,1,,,,519,0,1000,1,0,0,79,0,0
522,scan,520,1,23966073775039,,23966073901634,23966075861416,54.959,-1.0949,1.1970,-2.7295,3,0.8685,868,0,1000,0,999,1,509,23965523357654,23966068684215,545326,0,1,203907,553428,1,,,,520,0,1000,1,0,0,79,0,0
523,scan,521,1,23966123712569,,23966123840067,23966125746271,55.009,-1.0948,1.1971,-2.6648,3,0.8659,865,0,1000,0,999,1,509,,,,1,1,203907,552482,1,,,,521,0,1000,1,0,0,79,0,0
524,scan,522,1,23966173866426,,23966173996484,23966175875728,55.059,-1.0947,1.1971,-2.6300,3,0.8716,871,0,1000,0,999,1,510,23965573394562,23966125662337,552267,0,1,203907,550950,1,,,,522,0,1000,1,0,0,79,0,0
525,scan,523,1,23966223775618,,23966223903486,23966225862768,55.109,-1.0946,1.1972,-2.5596,3,0.8590,858,0,1000,0,999,1,510,,,,1,1,203907,550700,1,,,,523,0,1000,1,0,0,79,0,0
526,scan,524,1,23966273818541,,23966273960056,23966275825994,55.159,-1.0946,1.1972,-2.5260,3,0.8677,867,0,1000,0,999,1,512,23965673671112,23966233345553,559674,0,1,203907,551032,1,,,,524,0,1000,1,0,0,79,0,0
527,scan,525,1,23966323738144,,23966323855551,23966325768914,55.209,-1.0945,1.1973,-2.4598,3,0.8627,862,0,1000,0,999,1,514,23965773823888,23966309027048,535203,0,1,203907,550353,1,,,,525,0,1000,1,0,0,79,0,0
528,scan,526,1,23966373739119,,23966373871183,23966375844368,55.259,-1.0944,1.1973,-2.4259,3,0.8639,863,0,1000,0,999,1,514,,,,1,1,203907,550325,1,,,,526,0,1000,1,0,0,79,0,0
529,scan,527,1,23966423834941,,23966423968233,23966425859715,55.309,-1.0944,1.1974,-2.3567,3,0.8646,864,0,1000,0,999,1,515,23965823281416,23966392729167,569447,0,1,203907,551033,1,,,,527,0,1000,1,0,0,79,0,0
530,scan,528,1,23966474156137,,23966474281317,23966475825471,55.359,-1.0943,1.1975,-2.3226,3,0.8758,875,0,1000,0,999,1,517,23965924052768,23966466966300,542913,0,1,203907,550691,1,,,,528,0,1000,1,0,0,79,0,0
531,scan,529,1,23966524362213,,23966524493446,23966526677214,55.409,-1.0942,1.1976,-2.2553,3,0.8688,868,0,1000,0,999,1,518,23965973862225,23966516393423,542531,0,1,203907,549800,1,,,,529,0,1000,1,0,0,79,0,0
532,scan,530,1,23966574378385,,23966574511013,23966576728296,55.459,-1.0942,1.1976,-2.2215,3,0.7884,788,0,1000,0,999,1,518,,,,1,1,203907,549800,1,,,,530,0,1000,1,0,0,79,0,0
533,scan,531,1,23966624347095,,23966624484587,23966626696235,55.509,-1.0942,1.1977,-2.1532,3,0.7275,727,0,1000,0,999,1,519,23966023758239,23966575068367,551310,0,1,203907,548970,1,,,,531,0,1000,1,0,0,79,0,0
534,scan,532,1,23966674889603,,23966675045467,23966676773719,55.559,-1.0941,1.1978,-2.1190,3,0.7331,733,0,1000,0,999,1,521,23966123757085,23966674260842,550503,0,1,203907,548996,1,,,,532,0,1000,1,0,0,79,0,0
535,scan,533,1,23966724555201,,23966724685056,23966726909307,55.609,-1.0941,1.1979,-2.0514,3,0.7129,712,0,873,0,999,1,522,23966173910401,23966723372666,549462,0,1,203907,548998,1,,,,533,0,873,1,0,0,79,0,0
536,scan,534,1,23966774503512,,23966774619617,23966776712272,55.659,-1.0941,1.1979,-2.0176,3,0.7153,715,0,805,0,999,1,523,23966223820897,23966770747484,546926,0,1,203907,548924,1,,,,534,0,805,1,0,0,79,0,0
537,scan,535,1,23966824538014,,23966824663232,23966826781410,55.709,-1.0940,1.1980,-1.9843,3,0.7165,716,220,739,0,999,1,524,23966273864020,23966812817554,538953,0,1,203907,548580,1,,,,535,220,739,1,0,0,79,0,0
538,scan,536,1,23966874476966,,23966874637654,23966876893162,55.759,-1.0940,1.1981,-1.9277,3,0.7260,726,220,626,0,999,1,524,,,,1,1,203907,548389,1,,,,536,220,626,1,0,0,79,0,0
539,scan,537,1,23966924515610,,23966924642354,23966926839308,55.809,-1.0944,1.1970,-1.9033,3,0.7217,721,220,577,0,999,1,524,,,,1,1,203907,548448,1,,,,537,220,577,1,0,0,79,0,0
540,scan,538,1,23966974830330,,23966974975279,23966976769372,55.859,-1.0961,1.1916,-1.8431,3,0.7148,714,220,458,0,999,1,526,23966373783195,23966939782902,565999,0,1,203907,549075,1,,,,538,220,458,1,0,0,79,0,0
541,scan,539,1,23967024959378,,23967025090149,23967026849412,55.909,-1.0972,1.1872,-1.8082,3,0.6904,690,220,389,0,999,1,527,23966423885600,23967003966128,580080,0,1,203907,550118,1,,,,539,220,389,1,0,0,79,0,0
542,scan,540,1,23967074922306,,23967075050543,23967076825066,55.959,-1.0997,1.1753,-1.7456,3,0.7019,701,220,265,0,999,1,528,23966474201147,23967041966855,567765,0,1,203907,550823,1,,,,540,220,265,1,0,0,79,0,0
543,scan,541,1,23967125165090,,23967125290692,23967126776412,56.009,-1.1009,1.1684,-1.7239,3,0.7038,703,220,223,0,999,1,529,23966524403881,23967096945040,572541,0,1,203907,551898,1,,,,541,220,223,1,0,0,79,0,0
544,scan,542,1,23967174911438,,23967175064144,23967176759668,56.059,-1.1030,1.1537,-1.7105,3,0.6958,695,220,197,0,999,1,529,,,,1,1,203907,551969,1,,,,542,220,197,1,0,0,79,0,0
545,scan,543,1,23967224905081,,23967225123024,23967226864006,56.109,-1.1040,1.1463,-1.7118,3,0.6770,677,220,200,0,999,1,529,,,,1,1,203907,552363,1,,,,543,220,200,1,0,0,79,0,0
546,scan,544,1,23967274736093,,23967274854530,23967276850614,56.159,-1.1061,1.1315,-1.6995,3,0.6701,670,220,177,0,999,1,529,,,,1,1,203907,552822,1,,,,544,220,177,1,0,0,79,0,0
547,scan,545,1,23967324818046,,23967324976829,23967326817399,56.209,-1.1070,1.1241,-1.6874,3,0.6624,662,220,153,0,999,1,529,,,,1,1,203907,552917,1,,,,545,220,153,1,0,0,79,0,0
548,scan,546,1,23967374984700,,23967375236158,23967377684285,56.259,-1.1086,1.1092,-1.6720,3,0.6513,651,220,123,0,999,1,529,,,,1,1,203907,553385,1,,,,546,220,123,1,0,0,79,0,0
549,scan,547,1,23967424809250,,23967424936554,23967427710246,56.309,-1.1093,1.1018,-1.6703,3,0.6321,632,220,120,0,999,1,529,,,,1,1,203907,553385,1,,,,547,220,120,1,0,0,79,0,0
550,scan,548,1,23967475299224,,23967475443401,23967477689987,56.359,-1.1108,1.0869,-1.6657,3,0.6280,627,220,112,0,994,1,532,23966674951610,23967474704841,799753,0,1,203907,563850,1,,,,548,220,112,1,0,0,79,0,0
551,scan,549,1,23967525081926,,23967525219427,23967526725063,56.409,-1.1115,1.0795,-1.6602,3,0.6241,624,220,101,220,732,1,535,23966824583760,23967480871049,656287,0,1,203907,568532,1,,,,549,220,101,1,0,0,79,0,0
552,scan,550,1,23967575304784,,23967575488826,23967577661790,56.459,-1.1127,1.0646,-1.6496,3,0.6147,614,220,80,220,374,1,539,23967025006557,23967575392155,550385,0,1,203907,568925,1,,,,550,220,80,1,0,0,79,0,0
553,scan,551,1,23967625338663,,23967625457701,23967627680254,56.509,-1.1133,1.0571,-1.6468,3,0.6035,603,220,75,220,255,1,540,23967074966255,23967622553430,547587,0,1,203907,568036,1,,,,551,220,75,1,0,0,79,0,0
554,scan,552,1,23967675588297,,23967675728134,23967677916668,56.559,-1.1139,1.0497,-1.6452,3,0.5987,598,220,72,220,255,1,540,,,,1,1,203907,568659,1,,,,552,220,72,1,0,0,79,0,0
555,scan,553,1,23967725813186,,23967725945823,23967727935521,56.609,-1.1150,1.0348,-1.6412,3,0.5847,584,220,65,220,255,1,540,,,,1,1,203907,568659,1,,,,553,220,65,1,0,0,79,0,0
556,scan,554,1,23967775690821,,23967775833623,23967777981077,56.659,-1.1155,1.0273,-1.6381,3,0.5769,576,220,59,220,190,1,542,23967174955027,23967732246561,557291,0,1,203907,569528,1,,,,554,220,59,1,0,0,79,0,0
557,scan,555,1,23967825773111,,23967825898529,23967827697663,56.709,-1.1164,1.0124,-1.6326,3,0.5654,565,220,48,220,192,1,543,23967224992075,23967813459582,588467,0,1,203907,570317,1,,,,555,220,48,1,0,0,79,0,0
558,scan,556,1,23967875741275,,23967875863176,23967877796878,56.759,-1.1169,1.0049,-1.6310,3,0.5593,559,220,45,220,170,1,544,23967274775071,23967834958525,560183,0,1,203907,570900,1,,,,556,220,45,1,0,0,79,0,0
559,scan,557,1,23967925742752,,23967925855645,23967927745008,56.809,-1.1178,0.9900,-1.6285,3,0.5234,523,220,40,220,119,1,546,23967375065113,23967912755380,537690,0,1,203907,569571,1,,,,557,220,40,1,0,0,79,0,0
560,scan,558,1,23967976256807,,23967976373495,23967977764420,56.859,-1.1182,0.9825,-1.6270,3,0.5344,534,220,38,220,115,1,547,23967424852089,23967970228794,545376,0,1,203907,568557,1,,,,558,220,38,1,0,0,79,0,0
561,scan,559,1,23968026196521,,23968026347111,23968027799829,56.909,-1.1190,0.9676,-1.6238,3,0.5239,523,220,31,220,108,1,548,23967475363395,23968022639148,547275,0,1,203907,567738,1,,,,559,220,31,1,0,0,79,0,0
562,scan,560,1,23968076104449,,23968076235992,23968077707279,56.959,-1.1194,0.9601,-1.6225,3,0.5173,517,220,29,220,97,1,549,23967525125245,23968068893676,543768,0,1,203907,567678,1,,,,560,220,29,1,0,0,79,0,0
563,scan,561,1,23968125730286,,23968125853472,23968127834875,57.009,-1.1202,0.9451,-1.6207,3,0.5109,510,220,25,220,79,1,550,23967575342094,23968118510282,543168,0,1,203907,566771,1,,,,561,220,25,1,0,0,79,0,0
564,scan,562,1,23968175799350,,23968175921765,23968177849803,57.059,-1.1206,0.9377,-1.6199,3,0.4949,494,220,24,220,73,1,551,23967625382687,23968163431412,538048,0,1,203907,566244,1,,,,562,220,24,1,0,0,79,0,0
565,scan,563,1,23968225917005,,23968226034487,23968227755841,57.109,-1.1213,0.9227,-1.6181,3,0.4772,477,220,20,220,69,1,552,23967675636458,23968221706413,546069,0,1,203907,565523,1,,,,563,220,20,1,0,0,79,0,0
566,scan,564,1,23968275747178,,23968275871524,23968277734908,57.159,-1.1216,0.9153,-1.6172,3,0.4776,477,220,19,220,69,1,552,,,,1,1,203907,565740,1,,,,564,220,19,1,0,0,79,0,0
567,scan,565,1,23968326195638,,23968326351567,23968328696142,57.209,-1.1223,0.9003,-1.6158,3,0.4645,464,220,16,220,62,1,553,23967725859525,23968277249399,551389,0,1,203907,566339,1,,,,565,220,16,1,0,0,79,0,0
568,scan,566,1,23968376087119,,23968376215542,23968377716094,57.259,-1.1227,0.8928,-1.6153,3,0.4554,455,220,15,220,56,1,554,23967775747670,23968333152574,557404,0,1,203907,566020,1,,,,566,220,15,1,0,0,79,0,0
569,scan,567,1,23968426122204,,23968426243304,23968427748967,57.309,-1.1233,0.8779,-1.6142,3,0.4429,442,220,13,220,47,1,555,23967825816337,23968390463355,564647,0,1,203907,565849,1,,,,567,220,13,1,0,0,79,0,0
570,scan,568,1,23968476210090,,23968476339289,23968477819176,57.359,-1.1236,0.8705,-1.6136,3,0.4423,442,220,12,220,47,1,555,,,,1,1,203907,566698,1,,,,568,220,12,1,0,0,79,0,0
571,scan,569,1,23968526441083,,23968526587743,23968528742919,57.409,-1.1240,0.8630,-1.6131,3,0.4390,438,220,11,220,36,1,558,23967976301094,23968520949385,544648,0,1,203907,566777,1,,,,569,220,11,1,0,0,79,0,0
572,scan,570,1,23968576284206,,23968576410685,23968577768450,57.459,-1.1246,0.8481,-1.6122,3,0.4219,421,220,9,220,36,1,558,,,,1,1,203907,566777,1,,,,570,220,9,1,0,0,79,0,0
573,scan,571,1,23968626453724,,23968626603718,23968628749043,57.509,-1.1249,0.8406,-1.6119,3,0.4133,413,220,9,220,29,1,560,23968076150813,23968613463531,537312,0,1,203907,566258,1,,,,571,220,9,1,0,0,79,0,0
574,scan,572,1,23968676610201,,23968676769520,23968678752302,57.559,-1.1255,0.8256,-1.6113,3,0.4093,409,220,8,220,29,1,560,,,,1,1,203907,566864,1,,,,572,220,8,1,0,0,79,0,0
575,scan,573,1,23968726741216,,23968726865029,23968728846411,57.609,-1.1258,0.8182,-1.6110,3,0.4033,403,220,7,220,25,1,561,23968125772507,23968677229100,551456,0,1,203907,566941,1,,,,573,220,7,1,0,0,79,0,0
576,scan,574,1,23968776552422,,23968776682549,23968778791795,57.659,-1.1264,0.8032,-1.6104,3,0.3784,378,220,6,220,20,1,563,23968225959036,23968769103421,543144,0,1,203907,566796,1,,,,574,195,6,1,1,0,79,0,0
577,scan,575,1,23968826463710,,23968826589994,23968828713042,57.709,-1.1267,0.7958,-1.6102,3,0.3915,391,220,5,220,20,1,563,,,,1,1,203907,567909,1,,,,575,210,5,1,1,0,79,0,0
578,scan,576,1,23968876655239,,23968876765215,23968878817142,57.759,-1.1272,0.7820,-1.6025,3,0.3800,380,220,-10,220,16,1,565,23968326242339,23968873641245,547398,0,1,203907,567120,1,,,,576,198,-10,1,1,0,79,0,0
579,scan,577,1,23968926770126,,23968926885815,23968928857321,57.809,-1.1274,0.7749,-1.5969,3,0.3670,367,220,-21,220,15,1,566,23968376131643,23968920928411,544796,0,1,203907,566294,1,,,,577,183,-21,1,1,0,79,0,0
580,scan,578,1,23968976765351,,23968976887500,23968978842223,57.859,-1.1277,0.7619,-1.5991,3,0.3549,354,220,-17,220,15,1,566,,,,1,1,203907,566305,1,,,,578,169,-17,1,1,0,79,0,0
581,scan,579,1,23969026687176,,23969026811203,23969028824876,57.909,-1.1279,0.7557,-1.6043,3,0.3588,358,220,-7,220,13,1,568,23968476254774,23969020039739,543784,0,1,203907,564909,1,,,,579,173,-7,1,1,0,79,0,0
582,scan,580,1,23969076777301,,23969076897877,23969078824601,57.959,-1.1283,0.7441,-1.6072,3,0.3461,346,220,-1,220,13,1,568,,,,1,1,203907,564795,1,,,,580,160,-1,1,1,0,79,0,0
583,scan,581,1,23969126677273,,23969126796842,23969128868416,58.009,-1.1285,0.7382,-1.6047,3,0.3459,345,220,-6,220,9,1,570,23968576327833,23969117913896,541586,0,1,203907,563556,1,,,,581,159,-6,1,1,0,79,0,0
584,scan,582,1,23969176804297,,23969176927596,23969178822999,58.059,-1.1289,0.7275,-1.6031,3,0.3422,342,220,-9,220,9,1,570,,,,1,1,203907,563556,1,,,,582,156,-9,1,1,0,79,0,0
585,scan,583,1,23969227206109,,23969227361493,23969229701214,58.109,-1.1291,0.7221,-1.6052,3,0.3357,335,220,-5,220,9,1,571,23968626505768,23969178134710,551628,0,1,203907,563098,1,,,,583,148,-5,1,1,0,79,0,0
586,scan,584,1,23969277270683,,23969277392721,23969278783173,58.159,-1.1294,0.7117,-1.6078,3,0.3367,336,220,0,220,8,1,572,23968676657929,23969248780169,572122,0,1,203907,563432,1,,,,584,149,0,1,1,0,79,0,0
587,scan,585,1,23969327468393,,23969327618820,23969329726371,58.209,-1.1296,0.7067,-1.6070,3,0.3178,317,220,-1,220,8,1,572,,,,1,1,203907,563432,1,,,,585,128,-1,1,1,0,79,0,0
588,scan,586,1,23969377182492,,23969377302098,23969378970185,58.259,-1.1298,0.7016,-1.6058,3,0.3186,318,220,-4,220,6,1,575,23968826506919,23969370575961,544069,0,1,203907,562740,1,,,,586,129,-4,1,1,0,79,0,0
589,scan,587,1,23969427320809,,23969427450618,23969429646462,58.309,-1.1301,0.6927,-1.6064,3,0.3133,313,220,-3,220,-10,1,576,23968876693442,23969416836561,540143,0,1,203907,561961,1,,,,587,124,-3,1,1,0,79,0,0
590,scan,588,1,23969477576156,,23969477706552,23969479857270,58.359,-1.1303,0.6883,-1.6078,3,0.3060,306,220,0,220,-10,1,576,,,,1,1,203907,553469,1,,,,588,116,0,1,1,0,79,0,0
591,scan,589,1,23969527700716,,23969527857695,23969529817690,58.409,-1.1306,0.6802,-1.6082,3,0.3035,303,220,1,220,-20,1,577,23968926810753,23969486003915,559193,0,1,203907,550001,1,,,,589,113,1,1,1,0,79,0,0
592,scan,590,1,23969577827254,,23969577956734,23969579775614,58.459,-1.1307,0.6762,-1.6074,3,0.3088,308,220,-1,220,-20,1,577,,,,1,1,203907,549987,1,,,,590,118,-1,1,1,0,79,0,0
593,scan,591,1,23969627637271,,23969627765769,23969629880238,58.509,-1.1310,0.6684,-1.6067,3,0.2970,297,220,-2,220,-1,1,580,23969076819330,23969622355458,545536,0,1,203907,549911,1,,,,591,106,-2,1,1,0,79,0,0
594,scan,592,1,23969677899461,,23969678074153,23969679757444,58.559,-1.1312,0.6644,-1.6072,3,0.3009,300,220,-1,220,-1,1,580,,,,1,1,203907,549911,1,,,,592,110,-1,1,1,0,79,0,0
595,scan,593,1,23969728199448,,23969728326944,23969729824864,58.609,-1.1314,0.6565,-1.6087,3,0.3121,312,220,2,220,-1,1,580,,,,1,1,203907,549911,1,,,,593,123,2,1,1,0,79,0,0
596,scan,594,1,23969778050297,,23969778197446,23969779703363,58.659,-1.1316,0.6527,-1.6091,3,0.2989,298,220,3,220,-5,1,583,23969227258291,23969770735263,543476,0,1,203907,549399,1,,,,594,107,3,1,1,0,79,0,0
597,scan,595,1,23969827913622,,23969828080386,23969829826758,58.709,-1.1319,0.6449,-1.6082,3,0.3020,302,220,1,220,-5,1,583,,,,1,1,203907,547896,1,,,,595,112,1,1,1,0,79,0,0
598,scan,596,1,23969877664403,,23969877801024,23969879809061,58.759,-1.1320,0.6413,-1.6077,3,0.2989,298,220,0,220,1,1,584,23969277307197,23969845763726,568456,0,1,203907,548215,1,,,,596,107,0,1,1,0,79,0,0
599,scan,597,1,23969927775115,,23969928053245,23969929897503,58.809,-1.1323,0.6338,-1.6078,3,0.2882,288,220,0,220,-3,1,586,23969377224964,23969927861811,550636,0,1,203907,548713,1,,,,597,100,0,1,1,0,79,0,0
600,scan,598,1,23969977832654,,23969977957613,23969979812382,58.859,-1.1324,0.6302,-1.6082,3,0.2963,296,220,1,220,-3,1,586,,,,1,1,203907,548846,1,,,,598,105,1,1,1,0,79,0,0
601,scan,599,1,23970027814131,,23970027942837,23970029876217,58.909,-1.1327,0.6232,-1.6082,3,0.2945,294,220,1,220,-3,1,587,23969427365788,23969988950599,561584,0,1,203907,549418,1,,,,599,103,1,1,1,0,79,0,0
602,scan,600,1,23970077997722,,23970078126117,23970079713044,58.959,-1.1328,0.6197,-1.6079,3,0.2880,288,220,0,220,-3,1,587,,,,1,1,203907,549654,1,,,,600,100,0,1,1,0,79,0,0
603,scan,601,1,23970127887574,,23970128033682,23970129720699,59.009,-1.1331,0.6128,-1.6077,3,0.2792,279,220,0,220,1,1,589,23969527753095,23970084585197,556832,0,1,203907,550223,1,,,,601,100,0,1,1,0,79,0,0
604,scan,602,1,23970178542485,,23970178678197,23970180813183,59.059,-1.1332,0.6094,-1.6079,3,0.2857,285,220,0,220,-1,1,590,23969577869135,23970133036085,555166,0,1,203907,550936,1,,,,602,100,0,1,1,0,79,0,0
605,scan,603,1,23970228540264,,23970228692195,23970231033196,59.109,-1.1333,0.6060,-1.6080,3,0.2836,283,220,1,220,-1,1,590,,,,1,1,203907,551148,1,,,,603,100,1,1,1,0,79,0,0
606,scan,604,1,23970278657201,,23970278818823,23970280848689,59.159,-1.1336,0.5992,-1.6080,3,0.2690,269,220,1,220,2,1,593,23969728244278,23970276845861,548601,0,1,203907,551042,1,,,,604,100,1,1,1,0,79,0,0
607,scan,605,1,23970328779479,,23970328905223,23970330771856,59.209,-1.1337,0.5958,-1.6079,3,0.2857,285,220,0,220,2,1,593,,,,1,1,203907,551027,1,,,,605,100,0,1,1,0,79,0,0
608,scan,606,1,23970378668428,,23970378785450,23970380907594,59.259,-1.1340,0.5890,-1.6078,3,0.2891,289,220,0,220,1,1,595,23969827956883,23970374718285,546761,0,1,203907,550564,1,,,,606,100,0,1,1,0,79,0,0
609,scan,607,1,23970428660793,,23970428812008,23970430794429,59.309,-1.1341,0.5856,-1.6078,3,0.2997,299,220,0,220,1,1,595,,,,1,1,203907,549924,1,,,,607,108,0,1,1,0,79,0,0
610,scan,608,1,23970478822638,,23970478944646,23970480839044,59.359,-1.1343,0.5785,-1.6079,3,0.2642,264,220,0,220,1,1,595,,,,1,1,203907,549924,1,,,,608,100,0,1,1,0,79,0,0
611,scan,609,1,23970528441320,,23970528575511,23970530673871,59.409,-1.1345,0.5749,-1.6079,3,0.2868,286,220,0,220,1,1,595,,,,1,1,203907,550175,1,,,,609,100,0,1,1,0,79,0,0
612,scan,610,1,23970578469039,,23970578587318,23970580897210,59.459,-1.1347,0.5681,-1.6078,3,0.2736,273,220,0,220,1,1,598,23969977875598,23970562696583,584820,0,1,203907,551750,1,,,,610,100,0,1,1,0,79,0,0
613,scan,611,1,23970628209271,,23970628330458,23970629802488,59.509,-1.1349,0.5647,-1.6078,3,0.2798,279,220,0,220,1,1,598,,,,1,1,203907,552437,1,,,,611,100,0,1,1,0,79,0,0
614,scan,612,1,23970678313560,,23970678456403,23970680736580,59.559,-1.1351,0.5579,-1.6079,3,0.2834,283,220,0,220,1,1,600,23970078039560,23970634424308,556384,0,1,203907,552617,1,,,,612,100,0,1,1,0,79,0,0
615,scan,613,1,23970729090230,,23970729233201,23970730823131,59.609,-1.1352,0.5545,-1.6079,3,0.2828,282,220,0,220,1,1,601,23970127921126,23970679790734,551869,0,1,203907,552636,1,,,,613,100,0,1,1,0,79,0,0
616,scan,614,1,23970778831764,,23970778943273,23970780791918,59.659,-1.1355,0.5477,-1.6078,3,0.2951,295,220,0,220,1,1,603,23970228592713,23970772963706,544370,0,1,203907,552691,1,,,,614,104,0,1,1,0,79,0,0
617,scan,615,1,23970828907760,,23970829016538,23970830809608,59.709,-1.1356,0.5443,-1.6078,3,0.3052,305,220,0,220,1,1,604,23970278704352,23970820728483,542024,0,1,203907,552228,1,,,,615,115,0,1,1,0,79,0,0
618,scan,616,1,23970878696734,,23970878818663,23970882345245,59.759,-1.1359,0.5367,-1.6078,3,0.2889,288,220,0,220,1,1,604,,,,1,1,203907,552447,1,,,,616,100,0,1,1,0,79,0,0
619,scan,617,1,23970929728422,,23970929864867,23970932060812,59.809,-1.1360,0.5328,-1.6077,3,0.3155,315,220,0,220,1,1,605,23970328823484,23970885479040,556655,0,1,203907,552986,1,,,,617,126,0,1,1,0,79,0,0
620,scan,618,1,23970979477698,,23970979583402,23970981808520,59.859,-1.1363,0.5250,-1.6075,3,0.3090,308,220,0,220,1,1,607,23970428717757,23970973318966,544601,0,1,203907,552622,1,,,,618,118,0,1,1,0,79,0,0
621,scan,619,1,23971029470978,,23971029594117,23971031699772,59.909,-1.1365,0.5208,-1.6075,3,0.3377,337,220,0,220,1,1,607,,,,1,1,203907,553023,1,,,,619,150,0,1,1,0,79,0,0
622,scan,620,1,23971079709189,,23971079827571,23971081877943,59.959,-1.1366,0.5167,-1.6075,3,1.0759,1075,220,0,220,0,1,609,23970528487507,23971073902941,545415,0,1,203907,552692,1,,,,620,220,0,1,0,0,79,0,0
623,scan,621,1,23971129371048,,23971129484497,23971131792120,60.009,-1.1370,0.5063,-1.6076,3,1.0739,1073,220,0,220,1,1,610,23970578509302,23971121228910,542719,0,1,203907,552742,1,,,,621,220,0,1,0,0,79,0,0
624,scan,622,1,23971179257244,,23971179375381,23971180782409,60.059,-1.1373,0.4998,-1.6076,3,1.0720,1071,220,0,220,1,1,611,23970628250798,23971173230541,544979,0,1,203907,552418,1,,,,622,220,0,1,0,0,79,0,0
625,scan,623,1,23971229069978,,23971229210327,23971230797168,60.109,-1.1378,0.4848,-1.6075,3,1.0772,1077,220,0,220,1,1,611,,,,1,1,203907,552453,1,,,,623,220,0,1,0,0,79,0,0
626,scan,624,1,23971278888450,,23971279010569,23971281728269,60.159,-1.1381,0.4774,-1.6075,3,1.0633,1063,220,0,220,1,1,613,23970729141177,23971276203862,547062,0,1,203907,551363,1,,,,624,220,0,1,0,0,79,0,0
627,scan,625,1,23971328875081,,23971329000360,23971330837965,60.209,-1.1386,0.4624,-1.6076,3,1.0652,1065,220,0,220,1,1,613,,,,1,1,203907,551363,1,,,,625,220,0,1,0,0,79,0,0
628,scan,626,1,23971379005169,,23971379124156,23971380848597,60.259,-1.1389,0.4549,-1.6076,3,1.0736,1073,220,0,220,1,1,615,23970828949852,23971375737329,546787,0,1,203907,551481,1,,,,626,220,0,1,0,0,79,0,0
629,scan,627,1,23971428992712,,23971429119979,23971430735085,60.309,-1.1394,0.4400,-1.6076,3,1.0792,1079,220,0,220,1,1,616,23970878735362,23971423868843,545133,0,1,203907,551698,1,,,,627,220,0,1,0,0,79,0,0
630,scan,628,1,23971479194573,,23971479321194,23971480800045,60.359,-1.1397,0.4325,-1.6076,3,1.0839,1083,220,0,220,1,1,616,,,,1,1,203907,551698,1,,,,628,220,0,1,0,0,79,0,0
631,scan,629,1,23971529327642,,23971529447540,23971531706137,60.409,-1.1403,0.4176,-1.6076,3,1.0640,1063,220,0,220,-1,1,618,23970979511924,23971525341521,545829,0,1,203907,551117,1,,,,629,220,0,1,0,0,79,0,0
632,scan,630,1,23971579510158,,23971579634769,23971581708503,60.459,-1.1405,0.4101,-1.6076,3,1.0723,1072,220,0,220,-1,1,618,,,,1,1,203907,551117,1,,,,630,220,0,1,0,0,79,0,0
633,scan,631,1,23971629404406,,23971629529423,23971631727787,60.509,-1.1411,0.3951,-1.6076,3,1.0686,1068,220,0,220,-1,1,619,23971029513251,23971588240770,558727,0,1,203907,551691,1,,,,631,220,0,1,0,0,79,0,0
634,scan,632,1,23971679620049,,23971679754156,23971681745779,60.559,-1.1414,0.3877,-1.6076,3,1.0667,1066,220,0,220,1,1,620,23971079751695,23971658023058,578271,0,1,203907,552798,1,,,,632,220,0,1,0,0,79,0,0
635,scan,633,1,23971729751919,,23971729879867,23971731806622,60.609,-1.1419,0.3727,-1.6076,3,1.0635,1063,220,0,220,1,1,621,23971129410192,23971682194891,552784,0,1,203907,552798,1,,,,633,220,0,1,0,0,79,0,0
636,scan,634,1,23971779806759,,23971779935717,23971781830185,60.659,-1.1422,0.3652,-1.6076,3,1.0602,1060,220,0,220,1,1,622,23971179298663,23971737822222,558523,0,1,203907,553400,1,,,,634,220,0,1,0,0,79,0,0
637,scan,635,1,23971829779115,,23971829914624,23971831776452,60.709,-1.1427,0.3503,-1.6076,3,1.0573,1057,220,0,220,1,1,623,23971229117689,23971786071511,556953,0,1,203907,553536,1,,,,635,220,0,1,0,0,79,0,0
638,scan,636,1,23971879916000,,23971880078935,23971881803627,60.759,-1.1430,0.3428,-1.6076,3,1.0586,1058,220,0,220,1,1,624,23971278932599,23971848135794,569203,0,1,203907,553565,1,,,,636,220,0,1,0,0,79,0,0
639,scan,637,1,23971929870855,,23971930009594,23971932187209,60.809,-1.1433,0.3353,-1.6076,3,1.0749,1074,220,0,220,1,1,625,23971328918073,23971893559680,564641,0,1,203907,554104,1,,,,637,220,0,1,0,0,79,0,0
640,scan,638,1,23971979876695,,23971980039950,23971981843415,60.859,-1.1438,0.3204,-1.6076,3,1.0748,1074,220,0,220,1,1,626,23971379048129,23971940122751,561074,0,1,203907,554362,1,,,,638,220,0,1,0,0,79,0,0
641,scan,639,1,23972029740486,,23972029871497,23972031838281,60.909,-1.1441,0.3129,-1.6076,3,1.0595,1059,220,0,220,1,1,626,,,,1,1,203907,554084,1,,,,639,220,0,1,0,0,79,0,0
642,scan,640,1,23972079908722,,23972080082456,23972081846722,60.959,-1.1447,0.2979,-1.6076,3,1.0584,1058,220,0,220,1,1,628,23971479239220,23972053556223,574317,0,1,203907,554833,1,,,,640,220,0,1,0,0,79,0,0
643,scan,641,1,23972129818005,,23972129946726,23972131830417,61.009,-1.1449,0.2905,-1.6076,3,1.0547,1054,220,0,220,1,1,629,23971529370834,23972092643999,563273,0,1,203907,555072,1,,,,641,220,0,1,0,0,79,0,0
644,scan,642,1,23972179962927,,23972180140743,23972181875689,61.059,-1.1455,0.2755,-1.6076,3,1.0540,1053,220,0,220,2,1,630,23971579554033,23972144363408,564809,0,1,203907,555429,1,,,,642,220,0,1,0,0,79,0,0
645,scan,643,1,23972229844394,,23972229969550,23972231894171,61.109,-1.1458,0.2681,-1.6076,3,1.0692,1069,220,0,220,1,1,631,23971629444885,23972184080312,554635,0,1,203907,555401,1,,,,643,220,0,1,0,0,79,0,0
646,scan,644,1,23972280023347,,23972280148919,23972281895751,61.159,-1.1463,0.2531,-1.6076,3,1.0608,1060,220,0,220,1,1,632,23971679663177,23972248961047,569297,0,1,203907,556140,1,,,,644,220,0,1,0,0,79,0,0
647,scan,645,1,23972330033399,,23972330155971,23972331756216,61.209,-1.1466,0.2456,-1.6076,3,1.0590,1058,220,0,220,1,1,633,23971729796603,23972329183239,599386,0,1,203907,557631,1,,,,645,220,0,1,0,0,79,0,0
648,scan,646,1,23972379864971,,23972379999361,23972381882876,61.259,-1.1471,0.2307,-1.6076,3,1.0661,1066,220,0,220,1,1,634,23971779850961,23972330371336,550520,0,1,203907,557761,1,,,,646,220,0,1,0,0,79,0,0
649,scan,647,1,23972430321586,,23972430454283,23972432731140,61.309,-1.1474,0.2232,-1.6076,3,1.0579,1057,220,0,220,1,1,634,,,,1,1,203907,557761,1,,,,647,220,0,1,0,0,79,0,0
650,scan,648,1,23972481001923,,23972481122669,23972482745915,61.359,-1.1480,0.2083,-1.6076,3,1.0692,1069,220,0,220,1,1,637,23971929917802,23972479338996,549421,0,1,203907,557483,1,,,,648,220,0,1,0,0,79,0,0
651,scan,649,1,23972530708921,,23972530832477,23972532843459,61.409,-1.1482,0.2008,-1.6076,3,1.0692,1069,220,0,220,1,1,637,,,,1,1,203907,557483,1,,,,649,220,0,1,0,0,79,0,0
652,scan,650,1,23972580882199,,23972581017065,23972582795741,61.459,-1.1488,0.1858,-1.6076,3,1.0470,1047,220,0,220,1,1,638,23971979921736,23972533901068,553979,0,1,203907,556455,1,,,,650,220,0,1,0,0,79,0,0
653,scan,651,1,23972631055351,,23972631216065,23972632820854,61.509,-1.1491,0.1784,-1.6076,3,1.0560,1055,220,0,220,1,1,639,23972029786390,23972588136691,558350,0,1,203907,556516,1,,,,651,220,0,1,0,0,79,0,0
654,scan,652,1,23972681003706,,23972681119758,23972682855745,61.559,-1.1496,0.1634,-1.6076,3,1.0635,1063,220,0,220,1,1,641,23972129863202,23972679002942,549139,0,1,203907,556282,1,,,,652,220,0,1,0,0,79,0,0
655,scan,653,1,23972730937424,,23972731063552,23972732831479,61.609,-1.1499,0.1559,-1.6076,3,1.0445,1044,220,0,220,1,1,641,,,,1,1,203907,556429,1,,,,653,220,0,1,0,0,79,0,0
656,scan,654,1,23972781224320,,23972781382073,23972783275589,61.659,-1.1502,0.1484,-1.6076,3,1.0586,1058,220,0,220,1,1,641,,,,1,1,203907,556845,1,,,,654,220,0,1,0,0,79,0,0
657,scan,655,1,23972830994731,,23972831118644,23972832844237,61.709,-1.1507,0.1335,-1.6076,3,1.0391,1039,220,0,220,1,1,644,23972280068372,23972822910860,542842,0,1,203907,556873,1,,,,655,220,0,1,0,0,79,0,0
658,scan,656,1,23972881066401,,23972881206247,23972882957077,61.759,-1.1510,0.1260,-1.6076,3,1.0283,1028,220,0,220,2,1,645,23972330077600,23972869418582,539340,0,1,203907,556289,1,,,,656,220,0,1,0,0,79,0,0
659,scan,657,1,23972931179161,,23972931328758,23972932796944,61.809,-1.1515,0.1111,-1.6076,3,1.0246,1024,220,0,220,1,1,646,23972379909946,23972927354562,547444,0,1,203907,555982,1,,,,657,220,0,1,0,0,79,0,0
660,scan,658,1,23972980978302,,23972981113720,23972982821925,61.859,-1.1518,0.1036,-1.6076,3,1.0188,1018,220,0,220,1,1,647,23972430365239,23972970712503,540347,0,1,203907,555840,1,,,,658,220,0,1,0,0,79,0,0
661,scan,659,1,23973031245493,,23973031369872,23973032838226,61.909,-1.1524,0.0887,-1.6076,3,1.0130,1012,220,0,220,1,1,647,,,,1,1,203907,555840,1,,,,659,220,0,1,0,0,79,0,0
662,scan,660,1,23973081289240,,23973081409488,23973082742001,61.959,-1.1526,0.0812,-1.6076,3,1.0091,1009,220,0,220,1,1,649,23972530752464,23973072590299,541837,0,1,203907,555721,1,,,,660,220,0,1,0,0,79,0,0
663,scan,661,1,23973131259698,,23973131394113,23973132790081,62.009,-1.1532,0.0662,-1.6076,3,0.9832,983,220,0,220,1,1,650,23972580926146,23973124581851,543655,0,1,203907,555752,1,,,,661,220,0,1,0,0,79,0,0
664,scan,662,1,23973181244691,,23973181376006,23973182771410,62.059,-1.1535,0.0588,-1.6076,3,0.9735,973,220,0,220,1,1,651,23972631104287,23973169531988,538427,0,1,203907,555534,1,,,,662,220,0,1,0,0,79,0,0
665,scan,663,1,23973230999445,,23973231127475,23973233652079,62.109,-1.1540,0.0438,-1.6076,3,0.9842,984,220,0,220,1,1,651,,,,1,1,203907,555534,1,,,,663,220,0,1,0,0,79,0,0
666,scan,664,1,23973281189638,,23973281308973,23973282822957,62.159,-1.1543,0.0363,-1.6076,3,0.9558,955,220,0,220,1,1,653,23972730982358,23973280406441,549424,0,1,203907,555612,1,,,,664,220,0,1,0,0,79,0,0
667,scan,665,1,23973331193546,,23973331320860,23973333730081,62.209,-1.1548,0.0214,-1.6076,3,0.9592,959,220,0,220,1,1,653,,,,1,1,203907,555612,1,,,,665,220,0,1,0,0,79,0,0
668,scan,666,1,23973381595929,,23973381770168,23973383749147,62.259,-1.1551,0.0139,-1.6076,3,0.9636,963,220,0,220,1,1,654,23972781271080,23973340790118,559519,0,1,203907,556037,1,,,,666,220,0,1,0,0,79,0,0
669,scan,667,1,23973431652930,,23973431788994,23973434006153,62.309,-1.1557,-0.0010,-1.6076,3,0.9396,939,220,0,220,1,1,654,,,,1,1,203907,556413,1,,,,667,220,0,1,0,0,79,0,0
670,scan,668,1,23973482093757,,23973482259489,23973483867379,62.359,-1.1559,-0.0085,-1.6076,3,0.9371,937,220,0,220,1,1,654,,,,1,1,203907,556413,1,,,,668,220,0,1,0,0,79,0,0
671,scan,669,1,23973532579049,,23973532834699,23973534938335,62.409,-1.1562,-0.0160,-1.6076,3,0.9290,928,220,0,220,2,1,657,23972931235648,23973532689316,601453,0,1,203907,558331,1,,,,669,220,0,1,0,0,79,0,0
672,scan,670,1,23973582764877,,23973582906616,23973584816919,62.459,-1.1568,-0.0309,-1.6076,3,0.9220,921,220,0,220,1,1,658,23972981025863,23973537290938,556265,0,1,203907,558262,1,,,,670,220,0,1,0,0,79,0,0
673,scan,671,1,23973632658833,,23973632806691,23973634883115,62.509,-1.1570,-0.0384,-1.6076,3,0.9292,929,220,0,220,1,1,659,23973031287337,23973585479157,554191,0,1,203907,558111,1,,,,671,220,0,1,0,0,79,0,0
674,scan,672,1,23973682299295,,23973682519494,23973684723926,62.559,-1.1576,-0.0534,-1.6076,3,0.9039,903,220,0,220,2,1,660,23973081331829,23973647614865,566283,0,1,203907,557711,1,,,,672,220,0,1,0,0,79,0,0
675,scan,673,1,23973732752320,,23973732922146,23973734797870,62.609,-1.1579,-0.0608,-1.6076,3,0.9010,901,220,0,220,1,1,661,23973131305269,23973682937020,551631,0,1,203907,557673,1,,,,673,220,0,1,0,0,79,0,0
676,scan,674,1,23973782970101,,23973783139205,23973784799273,62.659,-1.1584,-0.0758,-1.6076,3,0.8988,898,220,0,220,1,1,662,23973181286096,23973736724006,555437,0,1,203907,557570,1,,,,674,220,0,1,0,0,79,0,0
677,scan,675,1,23973832748084,,23973832886057,23973834962537,62.709,-1.1587,-0.0833,-1.6076,3,0.8838,883,220,0,220,1,1,663,23973231044582,23973784259239,553214,0,1,203907,557445,1,,,,675,220,0,1,0,0,79,0,0
678,scan,676,1,23973882723925,,23973882852369,23973884752331,62.759,-1.1592,-0.0982,-1.6076,3,0.8862,886,220,0,220,1,1,663,,,,1,1,203907,557040,1,,,,676,220,0,1,0,0,79,0,0
679,scan,677,1,23973932568979,,23973932693512,23973934787093,62.809,-1.1595,-0.1057,-1.6076,3,0.8729,872,220,0,220,1,1,665,23973331235832,23973915546410,584310,0,1,203907,557718,1,,,,677,220,0,1,0,0,79,0,0
680,scan,678,1,23973982481473,,23973982603109,23973984661867,62.859,-1.1601,-0.1206,-1.6076,3,0.8682,868,220,0,220,1,1,666,23973381657021,23973967538102,585881,0,1,203907,558573,1,,,,678,220,0,1,0,0,79,0,0
681,scan,679,1,23974032756706,,23974032886187,23974034872728,62.909,-1.1603,-0.1281,-1.6076,3,0.8766,876,220,0,220,2,1,667,23973431696839,23973998337111,566640,0,1,203907,558842,1,,,,679,220,0,1,0,0,79,0,0
682,scan,680,1,23974082619004,,23974082737807,23974084798392,62.959,-1.1609,-0.1431,-1.6076,3,0.8884,888,220,0,220,1,1,668,23973482148486,23974067091461,584942,0,1,203907,559196,1,,,,680,220,0,1,0,0,79,0,0
683,scan,681,1,23974132577381,,23974132717552,23974134845093,63.009,-1.1612,-0.1505,-1.6076,3,0.8755,875,220,0,220,1,1,669,23973532644306,23974097817936,565173,0,1,203907,559260,1,,,,681,220,0,1,0,0,79,0,0
684,scan,682,1,23974182587991,,23974182717766,23974184777915,63.059,-1.1617,-0.1655,-1.6076,3,0.8676,867,220,0,220,1,1,671,23973632710786,23974175302910,542592,0,1,203907,558519,1,,,,682,220,0,1,0,0,79,0,0
685,scan,683,1,23974232684201,,23974232841112,23974234858376,63.109,-1.1620,-0.1730,-1.6076,3,0.8553,855,220,0,220,2,1,672,23973682365453,23974225747070,543381,0,1,203907,558144,1,,,,683,220,0,1,0,0,79,0,0
686,scan,684,1,23974282528926,,23974282640439,23974284713474,63.159,-1.1625,-0.1879,-1.6076,3,0.8818,881,220,0,220,2,1,673,23973732822077,23974278363794,545541,0,1,203907,557352,1,,,,684,220,0,1,0,0,79,0,0
687,scan,685,1,23974332470663,,23974332599034,23974334706817,63.209,-1.1628,-0.1954,-1.6076,3,0.8587,858,220,0,220,2,1,673,,,,1,1,203907,555903,1,,,,685,220,0,1,0,0,79,0,0
688,scan,686,1,23974383231374,,23974383493137,23974385698787,63.259,-1.1634,-0.2103,-1.6076,3,0.8707,870,220,0,220,1,1,674,23973783022421,23974341672975,558650,0,1,203907,556183,1,,,,686,220,0,1,0,0,79,0,0
689,scan,687,1,23974432789441,,23974432928572,23974434845456,63.309,-1.1636,-0.2178,-1.6076,3,0.8681,868,220,0,220,2,1,675,23973832796568,23974400478558,567681,0,1,203907,556566,1,,,,687,220,0,1,0,0,79,0,0
690,scan,688,1,23974482861105,,23974483004074,23974484792457,63.359,-1.1639,-0.2253,-1.6076,3,0.8909,890,220,0,220,1,1,676,23973882767533,23974446506523,563738,0,1,203907,557044,1,,,,688,220,0,1,0,0,79,0,0
691,scan,689,1,23974532809253,,23974532937036,23974534785463,63.409,-1.1645,-0.2402,-1.6076,3,0.9061,906,220,0,220,2,1,677,23973932613169,23974499816668,567203,0,1,203907,557371,1,,,,689,220,0,1,0,0,79,0,0
692,scan,690,1,23974582914106,,23974583120625,23974584747065,63.459,-1.1647,-0.2477,-1.6076,3,0.9267,926,220,0,220,1,1,678,23973982524538,23974551320929,568796,0,1,203907,557849,1,,,,690,220,0,1,0,0,79,0,0
693,scan,691,1,23974632876510,,23974632993476,23974634790788,63.509,-1.1653,-0.2627,-1.6076,3,1.0427,1042,220,0,220,2,1,680,23974082659469,23974630913751,548254,0,1,203907,557524,1,,,,691,220,0,1,0,0,79,0,0
694,scan,692,1,23974683244410,,23974683375438,23974684849164,63.559,-1.1656,-0.2701,-1.6076,3,1.0371,1037,220,0,220,2,1,680,,,,1,1,203907,557803,1,,,,692,220,0,1,0,0,79,0,0
695,scan,693,1,23974732980529,,23974733108168,23974734800153,63.609,-1.1661,-0.2851,-1.6076,3,1.0405,1040,220,0,220,2,1,680,,,,1,1,203907,557803,1,,,,693,220,0,1,0,0,79,0,0
696,scan,694,1,23974782960554,,23974783090577,23974784866615,63.659,-1.1664,-0.2926,-1.6076,3,1.0221,1022,220,0,220,2,1,680,,,,1,1,203907,557803,1,,,,694,220,0,1,0,0,79,0,0
697,scan,695,1,23974833147976,,23974833273763,23974834831625,63.709,-1.1669,-0.3075,-1.6076,3,1.0128,1012,220,0,220,2,1,680,,,,1,1,203907,558319,1,,,,695,220,0,1,0,0,79,0,0
698,scan,696,1,23974883381725,,23974883505480,23974885762323,63.759,-1.1672,-0.3150,-1.6076,3,1.0373,1037,220,0,220,2,1,680,,,,1,1,203907,558997,1,,,,696,220,0,1,0,0,79,0,0
699,scan,697,1,23974933125982,,23974933248721,23974934784683,63.809,-1.1678,-0.3299,-1.6076,3,1.0311,1031,220,0,220,2,1,680,,,,1,1,203907,559425,1,,,,697,220,0,1,0,0,79,0,0
700,scan,698,1,23974983097752,,23974983230695,23974984847669,63.859,-1.1680,-0.3374,-1.6076,3,1.0155,1015,220,0,220,2,1,680,,,,1,1,203907,560158,1,,,,698,220,0,1,0,0,79,0,0
701,scan,699,1,23975032938644,,23975033066741,23975034799676,63.909,-1.1686,-0.3524,-1.6076,3,1.0453,1045,220,-1,220,2,1,688,23974482912615,23975026624863,543712,0,1,203907,559549,1,,,,699,220,-1,1,0,0,79,0,0
702,scan,700,1,23975083277041,,23975083435097,23975085686238,63.959,-1.1689,-0.3598,-1.6076,3,1.0363,1036,220,-1,220,2,1,688,,,,1,1,203907,560230,1,,,,700,220,-1,1,0,0,79,0,0
703,scan,701,1,23975133356877,,23975133474206,23975135704943,64.009,-1.1694,-0.3748,-1.6076,3,1.0234,1023,220,0,220,2,1,690,23974582975215,23975130369093,547393,0,1,203907,560374,1,,,,701,220,0,1,0,0,79,0,0
704,scan,702,1,23975183572043,,23975183747221,23975186652451,64.059,-1.1697,-0.3823,-1.6077,3,1.0280,1027,220,0,220,1,1,691,23974632918521,23975175704787,542786,0,1,203907,560542,1,,,,702,220,0,1,0,0,79,0,0
705,scan,703,1,23975233720047,,23975233844373,23975235818393,64.109,-1.1703,-0.3972,-1.6077,3,1.0277,1027,220,0,220,1,1,691,,,,1,1,203907,560542,1,,,,703,220,0,1,0,0,79,0,0
706,scan,704,1,23975283591254,,23975283710547,23975285799440,64.159,-1.1705,-0.4047,-1.6077,3,1.0312,1031,220,0,220,1,1,693,23974733024513,23975272512126,539487,0,1,203907,560160,1,,,,704,220,0,1,0,0,79,0,0
707,scan,705,1,23975333603392,,23975333771369,23975335887753,64.209,-1.1708,-0.4122,-1.6077,3,1.0434,1043,220,0,220,1,1,693,,,,1,1,203907,560160,1,,,,705,220,0,1,0,0,79,0,0
708,scan,706,1,23975383943982,,23975384129294,23975385871404,64.259,-1.1714,-0.4271,-1.6077,3,1.0301,1030,220,0,220,2,1,695,23974833187873,23975383669015,550481,0,1,203907,559812,1,,,,706,220,0,1,0,0,79,0,0
709,scan,707,1,23975433970083,,23975434112469,23975435862190,64.309,-1.1716,-0.4346,-1.6077,3,1.0291,1029,220,0,220,1,1,696,23974883424111,23975432359316,548935,0,1,203907,559409,1,,,,707,220,0,1,0,0,79,0,0
710,scan,708,1,23975484173263,,23975484294410,23975485754173,64.359,-1.1722,-0.4495,-1.6077,3,1.0258,1025,220,0,220,1,1,696,,,,1,1,203907,559409,1,,,,708,220,0,1,0,0,79,0,0
711,scan,709,1,23975534776520,,23975534918405,23975536858321,64.409,-1.1725,-0.4570,-1.6077,3,1.0219,1021,220,0,220,2,1,698,23974983143653,23975531738178,548594,0,1,203907,557452,1,,,,709,220,0,1,0,0,79,0,0
712,scan,710,1,23975584670888,,23975584824015,23975586830120,64.459,-1.1730,-0.4720,-1.6077,3,1.0189,1018,220,0,220,2,1,698,,,,1,1,203907,557497,1,,,,710,220,0,1,0,0,79,0,0
713,scan,711,1,23975635067987,,23975635206403,23975636825250,64.509,-1.1733,-0.4794,-1.6077,3,1.0170,1016,220,0,220,2,1,698,,,,1,1,203907,557629,1,,,,711,220,0,1,0,0,79,0,0
714,scan,712,1,23975684957838,,23975685098714,23975686811463,64.559,-1.1738,-0.4944,-1.6077,3,1.0205,1020,220,0,220,1,1,701,23975133398176,23975675485855,542087,0,1,203907,556662,1,,,,712,220,0,1,0,0,79,0,0
715,scan,713,1,23975735367197,,23975735517736,23975737684998,64.609,-1.1741,-0.5019,-1.6077,3,1.0084,1008,220,0,220,2,1,702,23975183629076,23975730406701,546777,0,1,203907,556467,1,,,,713,220,0,1,0,0,79,0,0
716,scan,714,1,23975784692902,,23975784810461,23975786821430,64.659,-1.1747,-0.5168,-1.6077,3,1.0215,1021,220,0,220,1,1,703,23975233758747,23975776213493,542454,0,1,203907,555948,1,,,,714,220,0,1,0,0,79,0,0
717,scan,715,1,23975834874185,,23975834996314,23975836768652,64.709,-1.1749,-0.5243,-1.6077,3,1.0157,1015,220,0,220,3,1,704,23975283632421,23975833578776,549946,0,1,203907,555817,1,,,,715,220,0,1,0,0,79,0,0
718,scan,716,1,23975884789110,,23975884912178,23975886750458,64.759,-1.1755,-0.5392,-1.6077,3,1.0259,1025,220,0,220,3,1,704,,,,1,1,203907,555817,1,,,,716,220,0,1,0,0,79,0,0
719,scan,717,1,23975934492646,,23975934621502,23975936707223,64.809,-1.1758,-0.5467,-1.6077,3,1.0194,1019,220,0,220,3,1,704,,,,1,1,203907,554630,1,,,,717,220,0,1,0,0,79,0,0
720,scan,718,1,23975984574508,,23975984702642,23975986825762,64.859,-1.1763,-0.5617,-1.6077,3,1.0164,1016,220,0,220,1,1,706,23975384037106,23975954515388,570478,0,1,203907,553988,1,,,,718,220,0,1,0,0,79,0,0
721,scan,719,1,23976034663050,,23976034794093,23976036797411,64.909,-1.1766,-0.5691,-1.6077,3,1.0159,1015,220,0,220,1,1,708,23975484216089,23976030069245,545853,0,1,203907,553122,1,,,,719,220,0,1,0,0,79,0,0
722,scan,720,1,23976084863071,,23976084981204,23976086773835,64.959,-1.1771,-0.5841,-1.6077,3,1.0174,1017,220,0,220,1,1,708,,,,1,1,203907,551739,1,,,,720,220,0,1,0,0,79,0,0
723,scan,721,1,23976134713764,,23976134886373,23976136813349,65.009,-1.1774,-0.5916,-1.6077,3,1.0323,1032,220,0,220,2,1,710,23975584719865,23976133124427,548404,0,1,203907,551010,1,,,,721,220,0,1,0,0,79,0,0
724,scan,722,1,23976184866733,,23976184987527,23976187080151,65.059,-1.1777,-0.5990,-1.6077,3,1.0105,1010,220,0,220,2,1,710,,,,1,1,203907,551392,1,,,,722,220,0,1,0,0,79,0,0
725,scan,723,1,23976235244394,,23976235443665,23976237659506,65.109,-1.1783,-0.6140,-1.6077,3,1.0232,1023,220,0,220,2,1,712,23975685004305,23976234218654,549214,0,1,203907,551657,1,,,,723,220,0,1,0,0,79,0,0
726,scan,724,1,23976284972338,,23976285102973,23976286763905,65.159,-1.1785,-0.6215,-1.6077,3,1.0167,1016,220,0,220,2,1,712,,,,1,1,203907,551949,1,,,,724,220,0,1,0,0,79,0,0
727,scan,725,1,23976334854695,,23976335058504,23976336856805,65.209,-1.1791,-0.6364,-1.6077,3,1.0233,1023,220,0,220,3,1,714,23975784732042,23976333976647,549244,0,1,203907,551826,1,,,,725,220,0,1,0,0,79,0,0
728,scan,726,1,23976384862569,,23976384991759,23976386729308,65.259,-1.1794,-0.6439,-1.6077,3,1.0100,1010,220,0,220,3,1,714,,,,1,1,203907,551501,1,,,,726,220,0,1,0,0,79,0,0
729,scan,727,1,23976434612251,,23976434737979,23976436806602,65.309,-1.1799,-0.6588,-1.6077,3,1.0166,1016,220,0,220,2,1,715,23975834917562,23976404829657,569912,0,1,203907,551607,1,,,,727,220,0,1,0,0,79,0,0
730,scan,728,1,23976485194472,,23976485328581,23976486800620,65.359,-1.1802,-0.6663,-1.6077,3,1.0277,1027,220,0,220,2,1,715,,,,1,1,203907,551000,1,,,,728,220,0,1,0,0,79,0,0
731,scan,729,1,23976535094585,,23976535224203,23976536922373,65.409,-1.1807,-0.6813,-1.6077,3,1.0041,1004,220,0,220,2,1,717,23975934534502,23976496832163,562297,0,1,203907,550755,1,,,,729,220,0,1,0,0,79,0,0
732,scan,730,1,23976585302038,,23976585456889,23976586788779,65.459,-1.1810,-0.6887,-1.6077,3,1.0213,1021,220,0,220,2,1,717,,,,1,1,203907,549806,1,,,,730,220,0,1,0,0,79,0,0
733,scan,731,1,23976635246030,,23976635415928,23976636831702,65.509,-1.1816,-0.7037,-1.6077,3,1.0051,1005,220,-1,220,3,1,719,23976034708596,23976596628444,561919,0,1,203907,550525,1,,,,731,220,-1,1,0,0,79,0,0
734,scan,732,1,23976685606345,,23976685879912,23976687858182,65.559,-1.1818,-0.7112,-1.6077,3,1.0327,1032,220,-1,220,0,1,721,23976134805027,23976682648526,547843,0,1,203907,550391,1,,,,732,220,-1,1,0,0,79,0,0
735,scan,733,1,23976734980209,,23976735094606,23976736798516,65.609,-1.1824,-0.7261,-1.6077,3,1.0072,1007,220,0,220,3,1,722,23976184908778,23976731429560,546520,0,1,203907,550206,1,,,,733,220,0,1,0,0,79,0,0
736,scan,734,1,23976785406947,,23976785527034,23976787729043,65.659,-1.1827,-0.7336,-1.6078,3,1.0047,1004,220,0,220,1,1,723,23976235312677,23976779602315,544289,0,1,203907,549938,1,,,,734,220,0,1,0,0,79,0,0
737,scan,735,1,23976835900510,,23976836059119,23976837762414,65.709,-1.1832,-0.7485,-1.6078,3,1.0053,1005,220,0,220,3,1,724,23976285014585,23976835327298,550312,0,1,203907,549954,1,,,,735,220,0,1,0,0,79,0,0
738,scan,736,1,23976885885472,,23976886004330,23976887839732,65.759,-1.1835,-0.7560,-1.6078,3,1.0085,1008,220,0,220,2,1,725,23976334902682,23976880754857,545852,0,1,203907,549783,1,,,,736,220,0,1,0,0,79,0,0
739,scan,737,1,23976935840145,,23976935951039,23976937895979,65.809,-1.1840,-0.7710,-1.6077,3,1.0172,1017,220,0,220,2,1,725,,,,1,1,203907,549783,1,,,,737,220,0,1,0,0,79,0,0
740,scan,738,1,23976986031198,,23976986251184,23976987884560,65.859,-1.1843,-0.7784,-1.6078,3,0.9970,996,220,0,220,2,1,727,23976434657468,23976972835887,538178,0,1,203907,549319,1,,,,738,220,0,1,0,0,79,0,0
741,scan,739,1,23977036150763,,23977036329277,23977037920245,65.909,-1.1846,-0.7859,-1.6078,3,1.0260,1026,220,0,220,2,1,727,,,,1,1,203907,549552,1,,,,739,220,0,1,0,0,79,0,0
742,scan,740,1,23977085718429,,23977085834057,23977087883665,65.959,-1.1852,-0.8009,-1.6078,3,1.0115,1011,220,0,220,3,1,729,23976535134369,23977082319397,547185,0,1,203907,549458,1,,,,740,220,0,1,0,0,79,0,0
743,scan,741,1,23977135697573,,23977135823107,23977137732206,66.009,-1.1854,-0.8083,-1.6078,3,0.9994,999,220,0,220,3,1,729,,,,1,1,203907,549544,1,,,,741,220,0,1,0,0,79,0,0
744,scan,742,1,23977185815131,,23977185940621,23977188742041,66.059,-1.1860,-0.8233,-1.6078,3,1.0155,1015,220,0,220,2,1,730,23976585351085,23977153262966,567911,0,1,203907,550590,1,,,,742,220,0,1,0,0,79,0,0
745,scan,743,1,23977235837469,,23977235970053,23977237830774,66.109,-1.1863,-0.8308,-1.6078,3,1.0015,1001,220,0,220,2,1,730,,,,1,1,203907,550590,1,,,,743,220,0,1,0,0,79,0,0
746,scan,744,1,23977285713125,,23977285830125,23977287740509,66.159,-1.1868,-0.8457,-1.6078,3,0.9947,994,220,0,220,2,1,732,23976685711237,23977248632517,562921,0,1,203907,551567,1,,,,744,220,0,1,0,0,79,0,0
747,scan,745,1,23977336407458,,23977336557367,23977338685428,66.209,-1.1871,-0.8532,-1.6078,3,1.0084,1008,220,0,220,0,1,733,23976735020648,23977294940835,559920,0,1,203907,551901,1,,,,745,220,0,1,0,0,79,0,0
748,scan,746,1,23977385592421,,23977385714010,23977387883807,66.259,-1.1876,-0.8681,-1.6078,3,0.9957,995,220,0,220,3,1,734,23976785449776,23977337580715,552130,0,1,203907,551967,1,,,,746,220,0,1,0,0,79,0,0
749,scan,747,1,23977435729850,,23977435846258,23977437843751,66.309,-1.1879,-0.8756,-1.6078,3,1.0058,1005,220,0,220,0,1,736,23976885927211,23977428238788,542311,0,1,203907,551702,1,,,,747,220,0,1,0,0,79,0,0
750,scan,748,1,23977485936349,,23977486059458,23977487897008,66.359,-1.1885,-0.8906,-1.6078,3,1.0049,1004,220,0,220,2,1,737,23976935874373,23977476729067,540854,0,1,203907,551285,1,,,,748,220,0,1,0,0,79,0,0
751,scan,749,1,23977536133098,,23977536268442,23977537741220,66.409,-1.1888,-0.8980,-1.6078,3,1.0041,1004,220,-1,220,0,1,738,23976986104501,23977531051977,544947,0,1,203907,551145,1,,,,749,220,-1,1,0,0,79,0,0
752,scan,750,1,23977585743172,,23977585862602,23977587797650,66.459,-1.1893,-0.9130,-1.6078,3,1.0029,1002,220,-1,220,0,1,738,,,,1,1,203907,551145,1,,,,750,220,-1,1,0,0,79,0,0
753,scan,751,1,23977635995688,,23977636144857,23977637858705,66.509,-1.1896,-0.9205,-1.6078,3,1.0051,1005,220,0,220,1,1,740,23977085759748,23977631922971,546163,0,1,203907,550960,1,,,,751,220,0,1,0,0,79,0,0
754,scan,752,1,23977686004173,,23977686117918,23977687816758,66.559,-1.1901,-0.9354,-1.6079,3,1.0086,1008,220,0,220,0,1,741,23977135741178,23977685039094,549297,0,1,203907,551227,1,,,,752,220,0,1,0,0,79,0,0
755,scan,753,1,23977736596226,,23977736782071,23977738919147,66.609,-1.1904,-0.9429,-1.6079,3,1.0004,1000,220,0,220,2,1,742,23977185858055,23977725839512,539981,0,1,203907,550975,1,,,,753,220,0,1,0,0,79,0,0
756,scan,754,1,23977787099915,,23977787232406,23977788839582,66.659,-1.1910,-0.9578,-1.6079,3,0.9961,996,220,0,220,2,1,742,,,,1,1,203907,551303,1,,,,754,220,0,1,0,0,79,0,0
757,scan,755,1,23977836931267,,23977837057710,23977838887771,66.709,-1.1912,-0.9653,-1.6078,3,0.9911,991,220,0,220,0,1,743,23977235883245,23977790661610,554778,0,1,203907,551489,1,,,,755,220,0,1,0,0,79,0,0
758,scan,756,1,23977887081491,,23977887259887,23977888906604,66.759,-1.1915,-0.9728,-1.6079,3,0.9900,990,220,0,220,3,1,744,23977285752051,23977844522701,558770,0,1,203907,551759,1,,,,756,220,0,1,0,0,79,0,0
759,scan,757,1,23977937057393,,23977937196573,23977938912966,66.809,-1.1921,-0.9877,-1.6079,3,0.9750,975,220,0,220,1,1,745,23977336458750,23977898293280,561834,0,1,203907,552118,1,,,,757,220,0,1,0,0,79,0,0
760,scan,758,1,23977987436431,,23977987569667,23977989673708,66.859,-1.1924,-0.9952,-1.6079,3,0.9676,967,220,0,220,4,1,746,23977385633090,23977952400240,566767,0,1,203907,551986,1,,,,758,220,0,1,0,0,79,0,0
761,scan,759,1,23978036656116,,23978036788233,23978038853083,66.909,-1.1929,-1.0102,-1.6079,3,0.9481,948,220,-1,220,4,1,746,,,,1,1,203907,552213,1,,,,759,220,-1,1,0,0,79,0,0
762,scan,760,1,23978086722824,,23978086859034,23978088739439,66.959,-1.1932,-1.0176,-1.6079,3,0.9463,946,220,-1,220,-1,1,748,23977485979104,23978042031583,556052,0,1,203907,552350,1,,,,760,220,-1,1,0,0,79,0,0
763,scan,761,1,23978136698918,,23978136817787,23978138839687,67.009,-1.1937,-1.0326,-1.6079,3,0.9288,928,220,0,220,0,1,750,23977585781389,23978132753136,546971,0,1,203907,552299,1,,,,761,220,0,1,0,0,79,0,0
764,scan,762,1,23978186826033,,23978186945128,23978188820447,67.059,-1.1940,-1.0401,-1.6080,3,0.9249,924,220,0,220,5,1,751,23977636068479,23978183800215,547731,0,1,203907,552141,1,,,,762,220,0,1,0,0,79,0,0
765,scan,763,1,23978236920230,,23978237069682,23978238834788,67.109,-1.1946,-1.0550,-1.6080,4,0.9078,907,0,1000,220,5,1,751,,,,1,1,203907,552246,1,,,,763,0,1000,1,0,0,79,0,0
766,scan,764,1,23978286741876,,23978286863155,23978288788391,67.159,-1.1949,-1.0625,-1.6080,4,0.9024,902,0,1000,220,1,1,752,23977686042232,23978244853658,558811,0,1,203907,552472,1,,,,764,0,1000,1,0,0,79,0,0
767,scan,765,1,23978336589097,,23978336715935,23978338814417,67.209,-1.1953,-1.0740,-1.6079,4,0.8816,881,0,1000,220,-1,1,753,23977736643174,23978305331301,568688,0,1,203907,553143,1,,,,765,0,1000,1,0,0,79,0,0
768,scan,766,1,23978386906295,,23978387038886,23978388803431,67.259,-1.1954,-1.0780,-1.6079,4,0.8846,884,0,1000,220,2,1,754,23977787136280,23978337960817,550824,0,1,203907,553066,1,,,,766,0,1000,1,0,0,79,0,0
769,scan,767,1,23978437093545,,23978437227809,23978438784198,67.309,-1.1956,-1.0831,-1.6067,4,0.8819,881,0,1000,220,0,1,755,23977836973393,23978407984598,571011,0,1,203907,553102,1,,,,767,0,1000,1,0,0,79,0,0
770,scan,768,1,23978487255551,,23978487399009,23978488734595,67.359,-1.1957,-1.0847,-1.5994,4,0.8848,884,0,1000,220,5,1,756,23977887150981,23978444207476,557056,0,1,203907,553230,1,,,,768,0,1000,1,0,0,79,0,0
771,scan,769,1,23978537305732,,23978537429716,23978539708874,67.409,-1.1957,-1.0862,-1.5517,4,0.8828,882,0,1000,220,-2,1,758,23977987483765,23978534136400,546652,0,1,203907,552725,1,,,,769,0,1000,1,0,0,79,0,0
772,scan,770,1,23978588115175,,23978588297674,23978590012812,67.459,-1.1957,-1.0862,-1.5128,4,0.8733,873,0,1000,220,-2,1,758,,,,1,1,203907,552725,1,,,,770,0,1000,1,0,0,79,0,0
773,scan,771,1,23978637975723,,23978638090819,23978639773415,67.509,-1.1957,-1.0861,-1.4321,4,0.8817,881,0,1000,220,-1,1,760,23978086765690,23978633337547,546571,0,1,203907,552230,1,,,,771,0,1000,1,0,0,79,0,0
774,scan,772,1,23978688052421,,23978688194385,23978689789771,67.559,-1.1957,-1.0860,-1.4000,4,0.8806,880,0,1000,220,4,1,761,23978136740332,23978680553894,543813,0,1,203907,552100,1,,,,772,0,1000,1,0,0,79,0,0
775,scan,773,1,23978738059199,,23978738199060,23978739861957,67.609,-1.1958,-1.0859,-1.3714,4,0.8828,882,0,1000,220,4,1,761,,,,1,1,203907,552286,1,,,,773,0,1000,1,0,0,79,0,0
776,scan,774,1,23978787775262,,23978787925077,23978789749535,67.659,-1.1958,-1.0858,-1.3074,4,0.8725,872,0,1000,220,1,1,762,23978186867591,23978759380568,572512,0,1,203907,553227,1,,,,774,0,1000,1,0,0,79,0,0
777,scan,775,1,23978838191635,,23978838372618,23978840931067,67.709,-1.1958,-1.0858,-1.2702,4,0.8801,880,0,1000,0,999,1,763,23978236966894,23978808359169,571392,0,1,203907,553929,1,,,,775,0,1000,1,0,0,79,0,0
778,scan,776,1,23978888340366,,23978888481977,23978890870408,67.759,-1.1959,-1.0857,-1.1985,4,0.8799,879,0,1000,0,999,1,763,,,,1,1,203907,554208,1,,,,776,0,1000,1,0,0,79,0,0
779,scan,777,1,23978938276336,,23978938431398,23978940694767,67.809,-1.1959,-1.0856,-1.1663,4,0.8770,877,0,1000,0,999,1,765,23978336629985,23978893851804,557221,0,1,203907,554308,1,,,,777,0,1000,1,0,0,79,0,0
780,scan,778,1,23978987918188,,23978988084182,23978989802780,67.859,-1.1959,-1.0855,-1.1015,4,0.8646,864,0,1000,0,999,1,766,23978386952281,23978938465165,551512,0,1,203907,554753,1,,,,778,0,1000,1,0,0,79,0,0
781,scan,779,1,23979037990719,,23979038131521,23979039774926,67.909,-1.1960,-1.0855,-1.0667,4,0.8806,880,0,1000,0,999,1,767,23978437139276,23979000692704,563553,0,1,203907,555037,1,,,,779,0,1000,1,0,0,79,0,0
782,scan,780,1,23979087562950,,23979087695687,23979090705335,67.959,-1.1960,-1.0854,-0.9964,4,0.8850,884,0,1000,0,999,1,767,,,,1,1,203907,555298,1,,,,780,0,1000,1,0,0,79,0,0
783,scan,781,1,23979137742141,,23979137870336,23979139797036,68.009,-1.1961,-1.0853,-0.9627,4,0.8739,873,0,1000,0,999,1,767,,,,1,1,203907,555298,1,,,,781,0,1000,1,0,0,79,0,0
784,scan,782,1,23979187663648,,23979187779899,23979189758347,68.059,-1.1961,-1.0852,-0.8966,4,0.8684,868,0,1000,0,999,1,771,23978638012596,23979183855389,545842,0,1,203907,554563,1,,,,782,0,1000,1,0,0,79,0,0
785,scan,783,1,23979237996029,,23979238147186,23979239891779,68.109,-1.1962,-1.0852,-0.8626,4,0.8854,885,0,1000,0,999,1,771,,,,1,1,203907,554563,1,,,,783,0,1000,1,0,0,79,0,0
786,scan,784,1,23979287897967,,23979288062071,23979289858415,68.159,-1.1963,-1.0851,-0.7935,4,0.8744,874,0,1000,0,999,1,772,23978688102574,23979243458935,555356,0,1,203907,554311,1,,,,784,0,1000,1,0,0,79,0,0
787,scan,785,1,23979337865141,,23979337986383,23979339806661,68.209,-1.1963,-1.0851,-0.7593,4,0.8560,856,0,1000,0,999,1,774,23978787827162,23979335811309,547984,0,1,203907,553913,1,,,,785,0,1000,1,0,0,79,0,0
788,scan,786,1,23979387767521,,23979387888941,23979389763359,68.259,-1.1964,-1.0850,-0.6921,4,0.8899,889,0,1000,0,999,1,774,,,,1,1,203907,553974,1,,,,786,0,1000,1,0,0,79,0,0
789,scan,787,1,23979437985957,,23979438230479,23979439884232,68.309,-1.1965,-1.0850,-0.6583,4,0.7847,784,0,1000,0,999,1,774,,,,1,1,203907,554391,1,,,,787,0,1000,1,0,0,79,0,0
790,scan,788,1,23979488445067,,23979488567461,23979490698832,68.359,-1.1966,-1.0849,-0.5899,4,0.7515,751,0,1000,0,999,1,776,23978888387604,23979452293829,563906,0,1,203907,555214,1,,,,788,0,1000,1,0,0,79,0,0
791,scan,789,1,23979538092350,,23979538222364,23979539825123,68.409,-1.1966,-1.0849,-0.5558,4,0.7285,728,0,996,0,999,1,777,23978938330460,23979528758273,590427,0,1,203907,556838,1,,,,789,0,996,1,0,0,79,0,0
792,scan,790,1,23979588619827,,23979588742975,23979590726904,68.459,-1.1967,-1.0849,-0.5219,4,0.7183,718,0,929,0,999,1,778,23978987962676,23979541671741,553709,0,1,203907,556730,1,,,,790,0,929,1,0,0,79,0,0
793,scan,791,1,23979638530558,,23979638693061,23979640767859,68.509,-1.1968,-1.0848,-0.4545,4,0.7125,712,220,794,0,999,1,779,23979038039150,23979595323449,557284,0,1,203907,557114,1,,,,791,220,794,1,0,0,79,0,0
794,scan,792,1,23979689237180,,23979689408928,23979691650526,68.559,-1.1968,-1.0848,-0.4212,4,0.7083,708,220,727,0,999,1,780,23979087605772,23979644185343,556579,0,1,203907,557365,1,,,,792,220,727,1,0,0,79,0,0
795,scan,793,1,23979738757037,,23979738898774,23979740866817,68.609,-1.1937,-1.0861,-0.3552,4,0.7133,713,220,596,0,999,1,781,23979137785817,23979692310969,554525,0,1,203907,557867,1,,,,793,220,596,1,0,0,79,0,0
796,scan,794,1,23979789079335,,23979789209899,23979790830225,68.659,-1.1905,-1.0872,-0.3197,4,0.7076,707,220,526,0,999,1,781,,,,1,1,203907,557867,1,,,,794,220,526,1,0,0,79,0,0
797,scan,795,1,23979838866138,,23979838995131,23979840804412,68.709,-1.1807,-1.0900,-0.2469,4,0.6951,695,220,383,0,999,1,783,23979238045009,23979793667803,555622,0,1,203907,557896,1,,,,795,220,383,1,0,0,79,0,0
798,scan,796,1,23979889336110,,23979889607287,23979891797886,68.759,-1.1744,-1.0915,-0.2130,4,0.6985,698,220,316,0,999,1,784,23979287942904,23979841115364,553172,0,1,203907,557703,1,,,,796,220,316,1,0,0,79,0,0
799,scan,797,1,23979939103272,,23979939241544,23979940827164,68.809,-1.1605,-1.0942,-0.1701,4,0.6775,677,220,232,0,999,1,786,23979387810074,23979928193735,540383,0,1,203907,556963,1,,,,797,220,232,1,0,0,79,0,0
800,scan,798,1,23979988969902,,23979989093863,23979990755823,68.859,-1.1531,-1.0954,-0.1664,4,0.6794,679,220,226,0,999,1,787,23979438029106,23979985936355,547907,0,1,203907,556313,1,,,,798,220,226,1,0,0,79,0,0
801,scan,799,1,23980038837528,,23980038969684,23980040920304,68.909,-1.1384,-1.0979,-0.1642,4,0.6672,667,220,223,0,999,1,787,,,,1,1,203907,556313,1,,,,799,220,223,1,0,0,79,0,0
802,scan,800,1,23980088854952,,23980089008765,23980090723382,68.959,-1.1310,-1.0991,-0.1550,4,0.6598,659,220,206,0,992,1,789,23979538138201,23980071735520,533597,0,1,203907,555538,1,,,,800,220,206,1,0,0,79,0,0
803,scan,801,1,23980139114326,,23980139271728,23980141725083,69.009,-1.1163,-1.1012,-0.1305,4,0.6511,651,220,158,0,935,1,790,23979588663667,23980137170910,548507,0,1,203907,555591,1,,,,801,220,158,1,0,0,79,0,0
804,scan,802,1,23980189281461,,23980189414787,23980191681008,69.059,-1.1088,-1.1022,-0.1234,4,0.6308,630,220,144,154,791,1,791,23979638583375,23980174856383,536273,0,1,203907,555196,1,,,,802,220,144,1,0,0,79,0,0
805,scan,803,1,23980239363442,,23980239493250,23980241656343,69.109,-1.0940,-1.1039,-0.1182,4,0.6353,635,220,135,154,791,1,791,,,,1,1,203907,555196,1,,,,803,220,135,1,0,0,79,0,0
806,scan,804,1,23980289353368,,23980289476885,23980291624925,69.159,-1.0866,-1.1048,-0.1150,4,0.6196,619,220,129,220,579,1,793,23979738807925,23980283452902,544644,0,1,203907,554708,1,,,,804,220,129,1,0,0,79,0,0
807,scan,805,1,23980339104239,,23980339221195,23980340828397,69.209,-1.0717,-1.1065,-0.1030,4,0.5992,599,220,106,220,579,1,793,,,,1,1,203907,554208,1,,,,805,220,106,1,0,0,79,0,0
808,scan,806,1,23980389182865,,23980389309141,23980390785533,69.259,-1.0643,-1.1072,-0.0974,4,0.6074,607,220,95,220,510,1,794,23979789126665,23980342274631,553147,0,1,203907,554291,1,,,,806,220,95,1,0,0,79,0,0
809,scan,807,1,23980439476500,,23980439604689,23980441790986,69.309,-1.0569,-1.1079,-0.0934,4,0.5908,590,220,88,220,368,1,795,23979838912470,23980421140625,582228,0,1,203907,554692,1,,,,807,220,88,1,0,0,79,0,0
810,scan,808,1,23980489476372,,23980489592220,23980491717523,69.359,-1.0420,-1.1093,-0.0893,4,0.5830,583,220,80,220,222,1,797,23979939153597,23980488456955,549303,0,1,203907,554415,1,,,,808,220,80,1,0,0,79,0,0
811,scan,809,1,23980539509170,,23980539658266,23980541752090,69.409,-1.0345,-1.1099,-0.0868,4,0.5726,572,220,76,220,222,1,797,,,,1,1,203907,554703,1,,,,809,220,76,1,0,0,79,0,0
812,scan,810,1,23980589673418,,23980589809268,23980591766140,69.459,-1.0196,-1.1112,-0.0800,4,0.5709,570,220,62,220,215,1,798,23979989014671,23980544455507,555440,0,1,203907,554729,1,,,,810,220,62,1,0,0,79,0,0
813,scan,811,1,23980639800123,,23980639924300,23980641806720,69.509,-1.0122,-1.1118,-0.0770,4,0.5451,545,220,57,220,215,1,798,,,,1,1,203907,555031,1,,,,811,220,57,1,0,0,79,0,0
814,scan,812,1,23980689768283,,23980689964024,23980691981839,69.559,-0.9973,-1.1129,-0.0734,4,0.5440,543,220,50,220,197,1,800,23980088913490,23980663604166,574690,0,1,203907,556175,1,,,,812,220,50,1,0,0,79,0,0
815,scan,813,1,23980739728180,,23980739862482,23980741822010,69.609,-0.9898,-1.1134,-0.0720,4,0.5405,540,220,47,220,197,1,800,,,,1,1,203907,556175,1,,,,813,220,47,1,0,0,79,0,0
816,scan,814,1,23980790519622,,23980790644532,23980792762814,69.659,-0.9749,-1.1145,-0.0684,4,0.5296,529,220,41,220,137,1,802,23980189328132,23980752876473,563548,0,1,203907,555843,1,,,,814,220,41,1,0,0,79,0,0
817,scan,815,1,23980840431168,,23980840687043,23980842810093,69.709,-0.9674,-1.1150,-0.0666,4,0.5221,522,220,37,220,129,1,803,23980239410749,23980840551607,601140,0,1,203907,556944,1,,,,815,220,37,1,0,0,79,0,0
818,scan,816,1,23980890370035,,23980890495434,23980892717604,69.759,-0.9525,-1.1160,-0.0638,4,0.5039,503,220,32,220,124,1,804,23980289398656,23980841223761,551825,0,1,203907,556762,1,,,,816,220,32,1,0,0,79,0,0
819,scan,817,1,23980940361358,,23980940491062,23980942678294,69.809,-0.9450,-1.1165,-0.0629,4,0.4945,494,220,30,220,90,1,806,23980389227175,23980928385249,539158,0,1,203907,556116,1,,,,817,220,30,1,0,0,79,0,0
820,scan,818,1,23980990511998,,23980990645801,23980992823032,69.859,-0.9301,-1.1174,-0.0608,4,0.4885,488,220,26,220,90,1,806,,,,1,1,203907,556287,1,,,,818,220,26,1,0,0,79,0,0
821,scan,819,1,23981040506599,,23981040642142,23981042790464,69.909,-0.9226,-1.1178,-0.0597,4,0.4818,481,220,24,220,90,1,806,,,,1,1,203907,556008,1,,,,819,220,24,1,0,0,79,0,0
822,scan,820,1,23981090305393,,23981090440605,23981092684841,69.959,-0.9077,-1.1187,-0.0578,4,0.4760,475,220,20,220,90,1,806,,,,1,1,203907,556008,1,,,,820,220,20,1,0,0,79,0,0
823,scan,821,1,23981140411331,,23981140584958,23981142768819,70.009,-0.9002,-1.1191,-0.0571,4,0.4665,466,220,19,220,90,1,806,,,,1,1,203907,556008,1,,,,821,220,19,1,0,0,79,0,0
824,scan,822,1,23981190120426,,23981190246311,23981191775517,70.059,-0.8853,-1.1200,-0.0558,4,0.4513,451,220,17,220,55,1,811,23980639844808,23981182716160,542871,0,1,203907,555893,1,,,,822,220,17,1,0,0,79,0,0
825,scan,823,1,23981240219925,,23981240360359,23981241807728,70.109,-0.8778,-1.1204,-0.0550,4,0.4487,448,220,15,220,55,1,811,,,,1,1,203907,555893,1,,,,823,220,15,1,0,0,79,0,0
826,scan,824,1,23981290047523,,23981290167908,23981292167998,70.159,-0.8704,-1.1208,-0.0543,4,0.4394,439,220,14,220,45,1,813,23980739775685,23981284968871,545193,0,1,203907,555502,1,,,,824,220,14,1,0,0,79,0,0
827,scan,825,1,23981340155406,,23981340281023,23981341765837,70.209,-0.8555,-1.1216,-0.0533,4,0.4208,420,220,12,220,45,1,813,,,,1,1,203907,555803,1,,,,825,220,12,1,0,0,79,0,0
828,scan,826,1,23981389785228,,23981389929745,23981391817500,70.259,-0.8480,-1.1220,-0.0529,4,0.4191,419,220,11,220,38,1,814,23980790563673,23981365182306,574618,0,1,203907,556527,1,,,,826,220,11,1,0,0,79,0,0
829,scan,827,1,23981440070969,,23981440203106,23981441799223,70.309,-0.8331,-1.1228,-0.0521,4,0.4022,402,220,10,220,38,1,814,,,,1,1,203907,556527,1,,,,827,220,10,1,0,0,79,0,0
830,scan,828,1,23981490355005,,23981490485877,23981492740221,70.359,-0.8256,-1.1232,-0.0517,4,0.4002,400,220,9,220,31,1,816,23980890410640,23981451049954,560639,0,1,203907,556401,1,,,,828,220,9,1,0,0,79,0,0
831,scan,829,1,23981540406883,,23981540541191,23981542625258,70.409,-0.8106,-1.1239,-0.0510,4,0.3888,388,220,8,220,25,1,818,23980990556736,23981533345568,542788,0,1,203907,554569,1,,,,829,206,8,1,1,0,79,0,0
832,scan,830,1,23981590667429,,23981590805404,23981592832485,70.459,-0.8032,-1.1243,-0.0507,4,0.3863,386,220,7,220,25,1,818,,,,1,1,203907,554603,1,,,,830,204,7,1,1,0,79,0,0
833,scan,831,1,23981640722404,,23981640846748,23981642746279,70.509,-0.7894,-1.1250,-0.0402,4,0.3836,383,220,-14,220,24,1,819,23981040552263,23981630396999,589844,0,1,203907,555906,1,,,,831,201,-14,1,1,0,79,0,0
834,scan,832,1,23981690934073,,23981691072408,23981692813635,70.559,-0.7825,-1.1252,-0.0327,4,0.3716,371,220,-29,220,21,1,820,23981090351631,23981641249706,550898,0,1,203907,555678,1,,,,832,188,-29,1,1,0,79,0,0
835,scan,833,1,23981740813148,,23981740931222,23981742748716,70.609,-0.7692,-1.1257,-0.0356,4,0.3588,358,220,-23,220,17,1,822,23981190156529,23981739111919,548955,0,1,203907,555456,1,,,,833,173,-23,1,1,0,79,0,0
836,scan,834,1,23981790763549,,23981790894511,23981792890963,70.659,-0.7628,-1.1259,-0.0416,4,0.3607,360,220,-12,220,17,1,822,,,,1,1,203907,555456,1,,,,834,176,-12,1,1,0,79,0,0
837,scan,835,1,23981840962677,,23981841181659,23981842825324,70.709,-0.7508,-1.1264,-0.0428,4,0.3502,350,220,-9,220,13,1,824,23981290090780,23981841047990,550957,0,1,203907,555269,1,,,,835,165,-9,1,1,0,79,0,0
838,scan,836,1,23981891132978,,23981891252544,23981892852244,70.759,-0.7448,-1.1267,-0.0391,4,0.3456,345,220,-17,220,12,1,825,23981340198249,23981888070128,547871,0,1,203907,555057,1,,,,836,159,-17,1,1,0,79,0,0
839,scan,837,1,23981941037481,,23981941163059,23981942847211,70.809,-0.7338,-1.1271,-0.0374,4,0.3456,345,220,-20,220,12,1,825,,,,1,1,203907,555668,1,,,,837,159,-20,1,1,0,79,0,0
840,scan,838,1,23981991482854,,23981991618141,23981993720590,70.859,-0.7284,-1.1273,-0.0401,4,0.3354,335,220,-15,220,12,1,825,,,,1,1,203907,556006,1,,,,838,148,-15,1,1,0,79,0,0
841,scan,839,1,23982041445005,,23982041682186,23982043939443,70.909,-0.7177,-1.1277,-0.0438,4,0.3437,343,220,-8,220,10,1,827,23981440114872,23982002340496,562225,0,1,203907,556265,1,,,,839,157,-8,1,1,0,79,0,0
842,scan,840,1,23982091423539,,23982091554490,23982093729100,70.959,-0.7127,-1.1280,-0.0423,4,0.3274,327,220,-11,220,9,1,828,23981490401566,23982067793668,577392,0,1,203907,558090,1,,,,840,139,-11,1,1,0,79,0,0
843,scan,841,1,23982141292662,,23982141416987,23982143706969,71.009,-0.7074,-1.1282,-0.0404,4,0.3175,317,220,-14,220,8,1,829,23981540449032,23982100941849,560492,0,1,203907,558589,1,,,,841,128,-14,1,1,0,79,0,0
844,scan,842,1,23982191169161,,23982191296376,23982192824896,71.059,-0.6980,-1.1285,-0.0404,4,0.3159,315,220,-15,220,7,1,830,23981590711676,23982160245922,569534,0,1,203907,559975,1,,,,842,126,-15,1,1,0,79,0,0
845,scan,843,1,23982241041345,,23982241201554,23982242882879,71.109,-0.6938,-1.1287,-0.0416,4,0.3020,301,220,-12,220,-13,1,831,23981640763873,23982198981486,558217,0,1,203907,559905,1,,,,843,111,-12,1,1,0,79,0,0
846,scan,844,1,23982290926789,,23982291050259,23982292765522,71.159,-0.6858,-1.1291,-0.0424,4,0.3048,304,220,-11,220,-13,1,831,,,,1,1,203907,560541,1,,,,844,114,-11,1,1,0,79,0,0
847,scan,845,1,23982341056255,,23982341201688,23982342836249,71.209,-0.6820,-1.1292,-0.0417,4,0.3165,316,220,-12,220,-10,1,834,23981790807936,23982331116033,540308,0,1,203907,559731,1,,,,845,127,-12,1,1,0,79,0,0
848,scan,846,1,23982391200760,,23982391336602,23982392735600,71.259,-0.6740,-1.1296,-0.0415,4,0.3244,324,220,-13,220,-10,1,834,,,,1,1,203907,560006,1,,,,846,136,-13,1,1,0,79,0,0
849,scan,847,1,23982441192021,,23982441310280,23982442791745,71.309,-0.6696,-1.1297,-0.0421,4,0.3094,309,220,-11,220,-15,1,836,23981891177359,23982432410896,541233,0,1,203907,558297,1,,,,847,119,-11,1,1,0,79,0,0
850,scan,848,1,23982491160285,,23982491277214,23982492751124,71.359,-0.6614,-1.1301,-0.0431,4,0.2925,292,220,-9,220,-20,1,837,23981941080790,23982488501046,547420,0,1,203907,558219,1,,,,848,101,-9,1,1,0,79,0,0
851,scan,849,1,23982541367235,,23982541499374,23982543697760,71.409,-0.6574,-1.1303,-0.0429,4,0.3046,304,220,-10,220,-14,1,838,23981991530483,23982537637864,546107,0,1,203907,557735,1,,,,849,114,-10,1,1,0,79,0,0
852,scan,850,1,23982591526053,,23982591662544,23982593927374,71.459,-0.6501,-1.1306,-0.0426,4,0.2956,295,220,-10,220,-6,1,839,23982041540906,23982588705083,547164,0,1,203907,557403,1,,,,850,104,-10,1,1,0,79,0,0
853,scan,851,1,23982641852050,,23982641982254,23982643795919,71.509,-0.6462,-1.1307,-0.0432,4,0.2924,292,220,-9,220,-6,1,839,,,,1,1,203907,557403,1,,,,851,101,-9,1,1,0,79,0,0
854,scan,852,1,23982691822479,,23982691948130,23982693884328,71.559,-0.6392,-1.1310,-0.0447,4,0.2910,290,220,-6,220,-10,1,840,23982091466265,23982653744357,562278,0,1,203907,556907,1,,,,852,100,-6,1,1,0,79,0,0
855,scan,853,1,23982741758398,,23982741897232,23982743856168,71.609,-0.6358,-1.1312,-0.0450,4,0.2935,293,220,-6,220,-14,1,841,23982141334291,23982710042731,568708,0,1,203907,557361,1,,,,853,102,-6,1,1,0,79,0,0
856,scan,854,1,23982791898623,,23982792060831,23982793796958,71.659,-0.6289,-1.1315,-0.0449,4,0.2878,287,220,-6,220,-13,1,842,23982191211798,23982745111593,553899,0,1,203907,556990,1,,,,854,100,-6,1,1,0,79,0,0
857,scan,855,1,23982842036283,,23982842162598,23982844685003,71.709,-0.6255,-1.1317,-0.0450,4,0.2884,288,220,-6,220,-13,1,842,,,,1,1,203907,555224,1,,,,855,100,-6,1,1,0,79,0,0
858,scan,856,1,23982892144026,,23982892268252,23982893721783,71.759,-0.6187,-1.1320,-0.0457,4,0.2743,274,220,-4,220,-13,1,842,,,,1,1,203907,555365,1,,,,856,100,-4,1,1,0,79,0,0
859,scan,857,1,23982941695400,,23982941826809,23982943753443,71.809,-0.6153,-1.1321,-0.0460,4,0.2834,283,220,-4,220,-11,1,845,23982341119048,23982892651834,551532,0,1,203907,555881,1,,,,857,100,-4,1,1,0,79,0,0
860,scan,858,1,23982991859266,,23982991976125,23982993807697,71.859,-0.6119,-1.1323,-0.0462,4,0.2697,269,220,-4,220,-10,1,847,23982441235214,23982991017270,549782,0,1,203907,555637,1,,,,858,100,-4,1,1,0,79,0,0
861,scan,859,1,23983041981027,,23983042115914,23983043945227,71.909,-0.6051,-1.1326,-0.0462,4,0.2712,271,220,-3,220,-10,1,847,,,,1,1,203907,555637,1,,,,859,100,-3,1,1,0,79,0,0
862,scan,860,1,23983092262358,,23983092385668,23983093823676,71.959,-0.6017,-1.1327,-0.0463,4,0.2905,290,220,-3,220,-9,1,849,23982541420384,23983085814885,544394,0,1,203907,555205,1,,,,860,100,-3,1,1,0,79,0,0
863,scan,861,1,23983141759533,,23983141885870,23983143817157,72.009,-0.5949,-1.1331,-0.0467,4,0.2772,277,220,-3,220,-9,1,849,,,,1,1,203907,555205,1,,,,861,100,-3,1,1,0,79,0,0
864,scan,862,1,23983191926261,,23983192101222,23983193809732,72.059,-0.5915,-1.1332,-0.0468,4,0.2918,291,220,-2,220,-9,1,849,,,,1,1,203907,555698,1,,,,862,100,-2,1,1,0,79,0,0
865,scan,863,1,23983241899010,,23983242036802,23983243844125,72.109,-0.5847,-1.1335,-0.0469,4,0.2762,276,220,-2,220,-8,1,851,23982641898692,23983200102659,558203,0,1,203907,555794,1,,,,863,100,-2,1,1,0,79,0,0
866,scan,864,1,23983292129338,,23983292270358,23983293794051,72.159,-0.5813,-1.1337,-0.0469,4,0.2751,275,220,-2,220,-5,1,852,23982691862382,23983243191827,551329,0,1,203907,556030,1,,,,864,100,-2,1,1,0,79,0,0
867,scan,865,1,23983342250240,,23983342375736,23983343764472,72.209,-0.5745,-1.1340,-0.0471,4,0.2922,292,220,-2,220,-4,1,854,23982791940613,23983335249815,543309,0,1,203907,555559,1,,,,865,101,-2,1,1,0,79,0,0
868,scan,866,1,23983392152938,,23983392284984,23983393756211,72.259,-0.5711,-1.1342,-0.0472,4,0.2959,295,220,-2,220,-4,1,854,,,,1,1,203907,554826,1,,,,866,104,-2,1,1,0,79,0,0
869,scan,867,1,23983442264242,,23983442422981,23983444670571,72.309,-0.5642,-1.1345,-0.0473,4,0.2803,280,220,-1,220,-5,1,855,23982842081128,23983397724428,555643,0,1,203907,554856,1,,,,867,100,-1,1,1,0,79,0,0
870,scan,868,1,23983492620730,,23983492775747,23983494752230,72.359,-0.5606,-1.1347,-0.0474,4,0.2906,290,220,-1,220,-5,1,855,,,,1,1,203907,554634,1,,,,868,100,-1,1,1,0,79,0,0
871,scan,869,1,23983542520092,,23983542673537,23983544862504,72.409,-0.5538,-1.1350,-0.0475,4,0.3004,300,220,-1,220,-3,1,857,23982941739470,23983503971031,562231,0,1,203907,555382,1,,,,869,110,-1,1,1,0,79,0,0
872,scan,870,1,23983593009894,,23983593143414,23983594894852,72.459,-0.5504,-1.1352,-0.0475,4,0.2846,284,220,-1,220,-3,1,857,,,,1,1,203907,555382,1,,,,870,100,-1,1,1,0,79,0,0
873,scan,871,1,23983642681435,,23983642799735,23983644848369,72.509,-0.5435,-1.1355,-0.0476,4,0.2897,289,220,-1,220,-3,1,859,23983042027110,23983596283568,554256,0,1,203907,554013,1,,,,871,100,-1,1,1,0,79,0,0
874,scan,872,1,23983692734401,,23983692847396,23983694906208,72.559,-0.5401,-1.1356,-0.0479,4,0.2986,298,220,0,220,-3,1,860,23983092306239,23983682979805,590673,0,1,203907,555543,1,,,,872,107,0,1,1,0,79,0,0
875,scan,873,1,23983743212083,,23983743459218,23983745714892,72.609,-0.5331,-1.1360,-0.0483,4,0.3193,319,220,1,220,-1,1,861,23983141802966,23983695688862,553885,0,1,203907,555732,1,,,,873,130,1,1,1,0,79,0,0
876,scan,874,1,23983792809148,,23983792936975,23983794926499,72.659,-0.5294,-1.1362,-0.0481,4,0.3161,316,220,0,220,-1,1,862,23983191967954,23983750747305,558779,0,1,203907,555845,1,,,,874,127,0,1,1,0,79,0,0
877,scan,875,1,23983843488287,,23983843623550,23983845803742,72.709,-0.5255,-1.1364,-0.0480,4,0.3227,322,220,0,220,-1,1,862,,,,1,1,203907,556033,1,,,,875,134,0,1,1,0,79,0,0
878,scan,876,1,23983893475596,,23983893608667,23983895923947,72.759,-0.5169,-1.1368,-0.0485,4,1.0542,1054,220,1,220,-1,1,864,23983292178436,23983881746202,589567,0,1,203907,557637,1,,,,876,220,1,1,0,0,79,0,0
879,scan,877,1,23983943435866,,23983943559709,23983945811807,72.809,-0.5123,-1.1370,-0.0487,4,1.0694,1069,220,1,220,-1,1,866,23983392197060,23983933405731,541208,0,1,203907,557028,1,,,,877,220,1,1,0,0,79,0,0
880,scan,878,1,23983993527475,,23983993694486,23983995812396,72.859,-0.5002,-1.1376,-0.0485,4,1.0604,1060,220,1,220,-1,1,866,,,,1,1,203907,557028,1,,,,878,220,1,1,0,0,79,0,0
881,scan,879,1,23984044532954,,23984044664535,23984046947294,72.909,-0.4928,-1.1379,-0.0484,4,1.0568,1056,220,1,220,-1,1,867,23983442320884,23984026927425,584606,0,1,203907,557857,1,,,,879,220,1,1,0,0,79,0,0
882,scan,880,1,23984093911839,,23984094033761,23984095726429,72.959,-0.4778,-1.1387,-0.0485,4,1.0568,1056,220,1,220,-1,1,868,23983492666407,23984080695609,588029,0,1,203907,558251,1,,,,880,220,1,1,0,0,79,0,0
883,scan,881,1,23984143786484,,23984143914325,23984145880560,73.009,-0.4703,-1.1390,-0.0485,4,1.0548,1054,220,1,220,-1,1,868,,,,1,1,203907,558165,1,,,,881,220,1,1,0,0,79,0,0
884,scan,882,1,23984193497050,,23984193613604,23984195695646,73.059,-0.4554,-1.1397,-0.0484,4,1.0421,1042,220,1,220,0,1,871,23983642719971,23984182217665,539497,0,1,203907,557010,1,,,,882,220,1,1,0,0,79,0,0
885,scan,883,1,23984243754877,,23984243905414,23984245786611,73.109,-0.4479,-1.1401,-0.0483,4,1.0632,1063,220,1,220,0,1,871,,,,1,1,203907,556962,1,,,,883,220,1,1,0,0,79,0,0
886,scan,884,1,23984293807104,,23984293945829,23984295793694,73.159,-0.4330,-1.1408,-0.0482,4,1.0488,1048,220,1,220,1,1,872,23983692773405,23984244225456,551452,0,1,203907,556750,1,,,,884,220,1,1,0,0,79,0,0
887,scan,885,1,23984344068202,,23984344193469,23984345789936,73.209,-0.4255,-1.1412,-0.0482,4,1.0605,1060,220,1,220,1,1,873,23983743287959,23984295629835,552341,0,1,203907,557212,1,,,,885,220,1,1,0,0,79,0,0
888,scan,886,1,23984393889070,,23984394044683,23984395820794,73.259,-0.4106,-1.1419,-0.0482,4,1.0533,1053,220,0,220,0,1,874,23983792853149,23984382880085,590026,0,1,203907,558428,1,,,,886,220,0,1,0,0,79,0,0
889,scan,887,1,23984444105876,,23984444230408,23984445962222,73.309,-0.4031,-1.1423,-0.0481,4,1.0468,1046,220,0,220,0,1,875,23983843534581,23984417246074,573711,0,1,203907,559631,1,,,,887,220,0,1,0,0,79,0,0
890,scan,888,1,23984494351047,,23984494465555,23984495822924,73.359,-0.3882,-1.1430,-0.0481,4,1.0602,1060,220,0,220,3,1,877,23983943478068,23984493543000,550064,0,1,203907,559729,1,,,,888,220,0,1,0,0,79,0,0
891,scan,889,1,23984543982448,,23984544164539,23984545774648,73.409,-0.3807,-1.1433,-0.0481,4,1.0469,1046,220,0,220,3,1,877,,,,1,1,203907,560253,1,,,,889,220,0,1,0,0,79,0,0
892,scan,890,1,23984594435036,,23984594684962,23984596834033,73.459,-0.3657,-1.1441,-0.0481,4,1.0722,1072,220,0,220,1,1,878,23983993572854,23984546142426,552569,0,1,203907,560460,1,,,,890,220,0,1,0,0,79,0,0
893,scan,891,1,23984644117516,,23984644253454,23984645840261,73.509,-0.3583,-1.1444,-0.0481,4,1.0532,1053,220,0,220,1,1,878,,,,1,1,203907,560460,1,,,,891,220,0,1,0,0,79,0,0
894,scan,892,1,23984694474641,,23984694649796,23984696833642,73.559,-0.3508,-1.1448,-0.0481,4,1.0516,1051,220,0,220,1,1,881,23984143829196,23984693865049,550035,0,1,203907,559990,1,,,,892,220,0,1,0,0,79,0,0
895,scan,893,1,23984744330074,,23984744463493,23984746666940,73.609,-0.3359,-1.1455,-0.0481,4,1.0486,1048,220,0,220,1,1,881,,,,1,1,203907,559641,1,,,,893,220,0,1,0,0,79,0,0
896,scan,894,1,23984794241764,,23984794361188,23984796728789,73.659,-0.3284,-1.1459,-0.0481,4,1.0325,1032,220,0,220,1,1,883,23984243811552,23984792143922,548332,0,1,203907,559418,1,,,,894,220,0,1,0,0,79,0,0
897,scan,895,1,23984844326472,,23984844457240,23984845808366,73.709,-0.3135,-1.1466,-0.0481,4,1.0245,1024,220,0,220,1,1,884,23984293862675,23984838486293,544623,0,1,203907,558849,1,,,,895,220,0,1,0,0,79,0,0
898,scan,896,1,23984894315317,,23984894450350,23984895849773,73.759,-0.3060,-1.1469,-0.0481,4,1.0123,1012,220,0,220,1,1,885,23984344109633,23984893575462,549465,0,1,203907,558502,1,,,,896,220,0,1,0,0,79,0,0
899,scan,897,1,23984944505828,,23984944634994,23984946775112,73.809,-0.2910,-1.1477,-0.0481,4,1.0192,1019,220,0,220,1,1,886,23984393933829,23984940058106,546124,0,1,203907,558301,1,,,,897,220,0,1,0,0,79,0,0
900,scan,898,1,23984994237656,,23984994386551,23984995818357,73.859,-0.2836,-1.1480,-0.0481,4,1.0052,1005,220,0,220,1,1,886,,,,1,1,203907,558629,1,,,,898,220,0,1,0,0,79,0,0
901,scan,899,1,23985044134804,,23985044277768,23985045785972,73.909,-0.2686,-1.1487,-0.0481,4,0.9956,995,220,0,220,1,1,886,,,,1,1,203907,558629,1,,,,899,220,0,1,0,0,79,0,0
902,scan,900,1,23985094108486,,23985094243305,23985095741234,73.959,-0.2612,-1.1491,-0.0481,4,0.9824,982,220,0,220,1,1,888,23984494390253,23985064716091,570325,0,1,203907,559626,1,,,,900,220,0,1,0,0,79,0,0
903,scan,901,1,23985144401981,,23985144520935,23985146678511,74.009,-0.2462,-1.1498,-0.0481,4,0.9794,979,220,0,220,0,1,889,23984544069157,23985105772164,561703,0,1,203907,559703,1,,,,901,220,0,1,0,0,79,0,0
904,scan,902,1,23985194785180,,23985194976964,23985196761122,74.059,-0.2387,-1.1502,-0.0481,4,0.9764,976,220,0,220,0,1,891,23984644164928,23985191663126,547498,0,1,203907,559267,1,,,,902,220,0,1,0,0,79,0,0
905,scan,903,1,23985244686843,,23985244827112,23985246737520,74.109,-0.2238,-1.1509,-0.0481,4,0.9574,957,220,0,220,0,1,891,,,,1,1,203907,559307,1,,,,903,220,0,1,0,0,79,0,0
906,scan,904,1,23985294753142,,23985294878128,23985296768037,74.159,-0.2163,-1.1513,-0.0481,4,0.9512,951,220,0,220,1,1,892,23984694535737,23985245913904,551378,0,1,203907,559308,1,,,,904,220,0,1,0,0,79,0,0
907,scan,905,1,23985344811129,,23985344935491,23985346784748,74.209,-0.2014,-1.1520,-0.0481,4,0.9545,954,220,0,220,2,1,893,23984744375662,23985296640180,552264,0,1,203907,559640,1,,,,905,220,0,1,0,0,79,0,0
908,scan,906,1,23985394609299,,23985394731616,23985396765154,74.259,-0.1939,-1.1523,-0.0481,4,0.9404,940,220,0,220,1,1,894,23984794284366,23985347797073,553512,0,1,203907,559421,1,,,,906,220,0,1,0,0,79,0,0
909,scan,907,1,23985445175632,,23985445387481,23985447706160,74.309,-0.1790,-1.1531,-0.0481,4,0.9374,937,220,0,220,2,1,895,23984844366907,23985434954409,590587,0,1,203907,560669,1,,,,907,220,0,1,0,0,79,0,0
910,scan,908,1,23985495015533,,23985495146477,23985496770922,74.359,-0.1715,-1.1534,-0.0481,4,0.9148,914,220,0,220,2,1,895,,,,1,1,203907,560669,1,,,,908,220,0,1,0,0,79,0,0
911,scan,909,1,23985545340528,,23985545495702,23985547689059,74.409,-0.1640,-1.1538,-0.0481,4,0.9167,916,220,0,220,2,1,895,,,,1,1,203907,560611,1,,,,909,220,0,1,0,0,79,0,0
912,scan,910,1,23985595454133,,23985595591999,23985597732747,74.459,-0.1491,-1.1545,-0.0481,4,0.9026,902,220,0,220,2,1,899,23985044183262,23985589314374,545131,0,1,203907,560059,1,,,,910,220,0,1,0,0,79,0,0
913,scan,911,1,23985645835271,,23985645975331,23985647903098,74.509,-0.1416,-1.1549,-0.0481,4,0.8996,899,220,0,220,1,1,900,23985094155541,23985641006946,546851,0,1,203907,559794,1,,,,911,220,0,1,0,0,79,0,0
914,scan,912,1,23985695468162,,23985695588631,23985697963281,74.559,-0.1267,-1.1556,-0.0481,4,0.8957,895,220,0,220,1,1,901,23985144439968,23985688046113,543606,0,1,203907,558113,1,,,,912,220,0,1,0,0,79,0,0
915,scan,913,1,23985745616278,,23985745739023,23985747898197,74.609,-0.1192,-1.1559,-0.0481,4,0.8964,896,220,0,220,1,1,902,23985194857596,23985737345235,542487,0,1,203907,557706,1,,,,913,220,0,1,0,0,79,0,0
916,scan,914,1,23985795730370,,23985795876733,23985797924821,74.659,-0.1043,-1.1567,-0.0481,4,0.8816,881,220,0,220,1,1,903,23985244732081,23985786324077,541591,0,1,203907,557092,1,,,,914,220,0,1,0,0,79,0,0
917,scan,915,1,23985845756365,,23985845897250,23985847917984,74.709,-0.0968,-1.1570,-0.0481,4,0.8843,884,220,0,220,1,1,904,23985294794684,23985827857357,533062,0,1,203907,556264,1,,,,915,220,0,1,0,0,79,0,0
918,scan,916,1,23985895666189,,23985895801315,23985897940053,74.759,-0.0818,-1.1577,-0.0481,4,0.8768,876,220,0,220,1,1,904,,,,1,1,203907,555074,1,,,,916,220,0,1,0,0,79,0,0
919,scan,917,1,23985945680104,,23985945810825,23985947803205,74.809,-0.0744,-1.1581,-0.0481,4,0.8649,864,220,0,220,1,1,905,23985344850825,23985902543571,557692,0,1,203907,555663,1,,,,917,220,0,1,0,0,79,0,0
920,scan,918,1,23985996252753,,23985996411040,23985997781038,74.859,-0.0594,-1.1588,-0.0481,4,0.8497,849,220,0,220,1,1,906,23985394650246,23985954830352,560180,0,1,203907,555819,1,,,,918,220,0,1,0,0,79,0,0
921,scan,919,1,23986045624677,,23986045757119,23986047813935,74.909,-0.0520,-1.1592,-0.0481,4,0.8491,849,220,0,220,0,1,908,23985495059715,23986037207651,542147,0,1,203907,554355,1,,,,919,220,0,1,0,0,79,0,0
922,scan,920,1,23986095757751,,23986095899141,23986097759285,74.959,-0.0370,-1.1599,-0.0481,4,0.8623,862,220,0,220,0,1,908,,,,1,1,203907,553152,1,,,,920,220,0,1,0,0,79,0,0
923,scan,921,1,23986145748562,,23986145873729,23986147784490,75.009,-0.0295,-1.1603,-0.0481,4,0.8397,839,220,0,220,2,1,909,23985545394591,23986100595770,555201,0,1,203907,553223,1,,,,921,220,0,1,0,0,79,0,0
924,scan,922,1,23986195784091,,23986195909337,23986197716470,75.059,-0.0146,-1.1610,-0.0481,4,0.8381,838,220,0,220,2,1,911,23985645883417,23986192643890,546760,0,1,203907,553473,1,,,,922,220,0,1,0,0,79,0,0
925,scan,923,1,23986245560818,,23986245680389,23986247802068,75.109,-0.0071,-1.1613,-0.0481,4,0.8404,840,220,0,220,2,1,911,,,,1,1,203907,553473,1,,,,923,220,0,1,0,0,79,0,0
926,scan,924,1,23986296073160,,23986296342723,23986297857700,75.159,0.0078,-1.1621,-0.0481,4,0.8522,852,220,0,220,1,1,913,23985745660145,23986286081342,540421,0,1,203907,553093,1,,,,924,220,0,1,0,0,79,0,0
927,scan,925,1,23986345699353,,23986345823415,23986347949810,75.209,0.0153,-1.1624,-0.0481,4,0.8387,838,220,0,220,2,1,914,23985795780339,23986334143139,538362,0,1,203907,552611,1,,,,925,220,0,1,0,0,79,0,0
928,scan,926,1,23986395959266,,23986396163461,23986397902255,75.259,0.0228,-1.1628,-0.0481,4,0.8394,839,220,1,220,2,1,914,,,,1,1,203907,551274,1,,,,926,220,1,1,0,0,79,0,0
929,scan,927,1,23986445703698,,23986445826887,23986447793319,75.309,0.0377,-1.1635,-0.0481,4,0.8351,835,220,1,220,2,1,914,,,,1,1,203907,550443,1,,,,927,220,1,1,0,0,79,0,0
930,scan,928,1,23986495956679,,23986496129434,23986497915648,75.359,0.0452,-1.1639,-0.0481,4,0.8420,841,220,1,220,1,1,917,23985945725124,23986485838543,540113,0,1,203907,550075,1,,,,928,220,1,1,0,0,79,0,0
931,scan,929,1,23986546050889,,23986546184311,23986547765945,75.409,0.0601,-1.1646,-0.0480,4,0.8742,874,220,0,220,1,1,917,,,,1,1,203907,550075,1,,,,929,220,0,1,0,0,79,0,0
932,scan,930,1,23986595841437,,23986595962891,23986597708158,75.459,0.0676,-1.1649,-0.0480,4,0.8690,868,220,0,220,1,1,919,23986045671518,23986595337807,549666,0,1,203907,549967,1,,,,930,220,0,1,0,0,79,0,0
933,scan,931,1,23986645721067,,23986645864946,23986647821720,75.509,0.0825,-1.1656,-0.0479,4,1.0068,1006,220,0,220,1,1,919,,,,1,1,203907,549967,1,,,,931,220,0,1,0,0,79,0,0
934,scan,932,1,23986696275698,,23986696405486,23986697711511,75.559,0.0900,-1.1660,-0.0480,4,1.0279,1027,220,0,220,1,1,919,,,,1,1,203907,549965,1,,,,932,220,0,1,0,0,79,0,0
935,scan,933,1,23986746278314,,23986746401320,23986748774435,75.609,0.1049,-1.1667,-0.0480,4,1.0221,1022,220,0,220,1,1,921,23986145792469,23986706737960,560945,0,1,203907,550371,1,,,,933,220,0,1,0,0,79,0,0
936,scan,934,1,23986796199777,,23986796330690,23986797835805,75.659,0.1124,-1.1671,-0.0480,4,1.0312,1031,220,0,220,1,1,921,,,,1,1,203907,550450,1,,,,934,220,0,1,0,0,79,0,0
937,scan,935,1,23986845962545,,23986846088935,23986847771011,75.709,0.1274,-1.1678,-0.0480,4,1.0258,1025,220,0,220,1,1,923,23986245602526,23986802142895,556540,0,1,203907,550908,1,,,,935,220,0,1,0,0,79,0,0
938,scan,936,1,23986896289660,,23986896424520,23986898668868,75.759,0.1348,-1.1682,-0.0480,4,1.0248,1024,220,0,220,1,1,925,23986345742130,23986894855541,549113,0,1,203907,550895,1,,,,936,220,0,1,0,0,79,0,0
939,scan,937,1,23986946232889,,23986946366052,23986947873313,75.809,0.1498,-1.1689,-0.0480,4,1.0204,1020,220,0,220,1,1,925,,,,1,1,203907,551085,1,,,,937,220,0,1,0,0,79,0,0
940,scan,938,1,23986996681433,,23986996813050,23986998828386,75.859,0.1572,-1.1692,-0.0480,4,1.0111,1011,220,0,220,0,1,927,23986445744491,23986991388952,545644,0,1,203907,550876,1,,,,938,220,0,1,0,0,79,0,0
941,scan,939,1,23987046613505,,23987046737819,23987048803664,75.909,0.1722,-1.1700,-0.0480,4,1.0127,1012,220,0,220,0,1,927,,,,1,1,203907,550876,1,,,,939,220,0,1,0,0,79,0,0
942,scan,940,1,23987096756583,,23987096895371,23987098815093,75.959,0.1797,-1.1703,-0.0480,4,1.0153,1015,220,0,220,0,1,927,,,,1,1,203907,550098,1,,,,940,220,0,1,0,0,79,0,0
943,scan,941,1,23987146902775,,23987147051316,23987148790985,76.009,0.1946,-1.1710,-0.0480,4,1.0144,1014,220,0,220,3,1,929,23986546094936,23987106477659,560382,0,1,203907,550045,1,,,,941,220,0,1,0,0,79,0,0
944,scan,942,1,23987196675355,,23987196802334,23987198840908,76.059,0.2021,-1.1714,-0.0480,4,1.0295,1029,220,0,220,2,1,930,23986595886421,23987158050287,562163,0,1,203907,550632,1,,,,942,220,0,1,0,0,79,0,0
945,scan,943,1,23987246999497,,23987247207280,23987248887741,76.109,0.2095,-1.1717,-0.0480,4,1.0210,1020,220,0,220,3,1,931,23986645771522,23987227993782,582222,0,1,203907,551847,1,,,,943,220,0,1,0,0,79,0,0
946,scan,944,1,23987296741961,,23987296899748,23987298846831,76.159,0.2245,-1.1725,-0.0480,4,1.0293,1029,220,0,220,2,1,932,23986696322713,23987262878012,566555,0,1,203907,552431,1,,,,944,220,0,1,0,0,79,0,0
947,scan,945,1,23987346730689,,23987346865538,23987348812748,76.209,0.2320,-1.1728,-0.0480,4,1.0176,1017,220,0,220,3,1,933,23986746320279,23987305561420,559241,0,1,203907,552699,1,,,,945,220,0,1,0,0,79,0,0
948,scan,946,1,23987396704976,,23987396833456,23987398819536,76.259,0.2469,-1.1735,-0.0480,4,0.9987,998,220,0,220,2,1,934,23986796247920,23987351986301,555738,0,1,203907,552785,1,,,,946,220,0,1,0,0,79,0,0
949,scan,947,1,23987446877543,,23987447008045,23987448916117,76.309,0.2544,-1.1739,-0.0480,4,1.0096,1009,220,0,220,2,1,934,,,,1,1,203907,551273,1,,,,947,220,0,1,0,0,79,0,0
950,scan,948,1,23987497129475,,23987497255719,23987498715011,76.359,0.2693,-1.1746,-0.0480,4,0.9992,999,220,0,220,1,1,936,23986896338439,23987461150761,564812,0,1,203907,551793,1,,,,948,220,0,1,0,0,79,0,0
951,scan,949,1,23987547188847,,23987547309508,23987548896699,76.409,0.2768,-1.1750,-0.0480,4,1.0314,1031,220,0,220,1,1,938,23986996729404,23987544058466,547329,0,1,203907,551628,1,,,,949,220,0,1,0,0,79,0,0
952,scan,950,1,23987597154491,,23987597291627,23987598785530,76.459,0.2917,-1.1757,-0.0480,4,1.0068,1006,220,0,220,1,1,938,,,,1,1,203907,551878,1,,,,950,220,0,1,0,0,79,0,0
953,scan,951,1,23987647353046,,23987647473650,23987649891597,76.509,0.2992,-1.1760,-0.0480,4,1.0016,1001,220,0,220,2,1,939,23987046655065,23987613003202,566348,0,1,203907,552628,1,,,,951,220,0,1,0,0,79,0,0
954,scan,952,1,23987697684656,,23987697819154,23987699881076,76.559,0.3141,-1.1768,-0.0480,4,1.0064,1006,220,0,220,2,1,939,,,,1,1,203907,552989,1,,,,952,220,0,1,0,0,79,0,0
955,scan,953,1,23987747846111,,23987747986152,23987749806538,76.609,0.3216,-1.1771,-0.0480,4,1.0078,1007,220,0,220,2,1,939,,,,1,1,203907,553426,1,,,,953,220,0,1,0,0,79,0,0
956,scan,954,1,23987797700456,,23987797830284,23987799794278,76.659,0.3366,-1.1778,-0.0480,4,1.0126,1012,220,0,220,1,1,942,23987196718375,23987773155749,576437,0,1,203907,554878,1,,,,954,220,0,1,0,0,79,0,0
957,scan,955,1,23987847801846,,23987847925269,23987849842692,76.709,0.3440,-1.1782,-0.0480,4,1.0108,1010,220,0,220,3,1,943,23987247090470,23987831337200,584246,0,1,203907,557011,1,,,,955,220,0,1,0,0,79,0,0
958,scan,956,1,23987897812451,,23987897943818,23987899868754,76.759,0.3590,-1.1789,-0.0480,4,1.0023,1002,220,0,220,1,1,944,23987296814299,23987869953705,573139,0,1,203907,557656,1,,,,956,220,0,1,0,0,79,0,0
959,scan,957,1,23987947780976,,23987947938016,23987949893438,76.809,0.3664,-1.1793,-0.0480,4,1.0029,1002,220,0,220,3,1,945,23987346779433,23987898702389,551922,0,1,203907,557425,1,,,,957,220,0,1,0,0,79,0,0
960,scan,958,1,23987997620929,,23987997759346,23987999820930,76.859,0.3814,-1.1800,-0.0480,4,0.9995,999,220,0,220,3,1,945,,,,1,1,203907,557310,1,,,,958,220,0,1,0,0,79,0,0
961,scan,959,1,23988047991649,,23988048150488,23988049799290,76.909,0.3889,-1.1804,-0.0480,4,1.0225,1022,220,0,220,3,1,945,,,,1,1,203907,557970,1,,,,959,220,0,1,0,0,79,0,0
962,scan,960,1,23988097833659,,23988097948595,23988099939998,76.959,0.3963,-1.1807,-0.0480,4,1.0125,1012,220,0,220,2,1,949,23987547233680,23988088137964,540904,0,1,203907,557258,1,,,,960,220,0,1,0,0,79,0,0
963,scan,961,1,23988148045135,,23988148198283,23988149814890,77.009,0.4113,-1.1814,-0.0480,4,1.0126,1012,220,0,220,2,1,949,,,,1,1,203907,557348,1,,,,961,220,0,1,0,0,79,0,0
964,scan,962,1,23988198429042,,23988198591487,23988200770372,77.059,0.4187,-1.1818,-0.0480,4,0.9690,969,220,0,220,2,1,951,23987647397846,23988190193483,542795,0,1,203907,557176,1,,,,962,220,0,1,0,0,79,0,0
965,scan,963,1,23988248194993,,23988248322052,23988249808150,77.109,0.4337,-1.1825,-0.0480,4,1.0035,1003,220,1,220,2,1,951,,,,1,1,203907,557176,1,,,,963,220,1,1,0,0,79,0,0
966,scan,964,1,23988297929043,,23988298056724,23988299762815,77.159,0.4412,-1.1829,-0.0480,4,1.0041,1004,220,1,220,3,1,952,23987697730902,23988255198801,557467,0,1,203907,557917,1,,,,964,220,1,1,0,0,79,0,0
967,scan,965,1,23988347624526,,23988347739412,23988349831627,77.209,0.4561,-1.1836,-0.0479,4,0.9892,989,220,0,220,3,1,954,23987797743505,23988343115738,545372,0,1,203907,558221,1,,,,965,220,0,1,0,0,79,0,0
968,scan,966,1,23988398103841,,23988398236881,23988399835740,77.259,0.4636,-1.1839,-0.0479,4,0.9971,997,220,0,220,1,1,955,23987847845880,23988397651301,549805,0,1,203907,557871,1,,,,966,220,0,1,0,0,79,0,0
969,scan,967,1,23988448095894,,23988448221702,23988449709930,77.309,0.4785,-1.1847,-0.0478,4,1.0028,1002,220,0,220,1,1,955,,,,1,1,203907,557871,1,,,,967,220,0,1,0,0,79,0,0
970,scan,968,1,23988498235660,,23988498362937,23988499744144,77.359,0.4860,-1.1850,-0.0479,4,1.0011,1001,220,0,220,2,1,956,23987897865256,23988457842113,559976,0,1,203907,558698,1,,,,968,220,0,1,0,0,79,0,0
971,scan,969,1,23988548163560,,23988548334187,23988549740109,77.409,0.5009,-1.1857,-0.0479,4,1.0083,1008,220,0,220,2,1,958,23987997671670,23988545573700,547902,0,1,203907,558267,1,,,,969,220,0,1,0,0,79,0,0
972,scan,970,1,23988598155155,,23988598290584,23988599729839,77.459,0.5084,-1.1861,-0.0479,4,0.9910,990,220,0,220,2,1,958,,,,1,1,203907,558625,1,,,,970,220,0,1,0,0,79,0,0
973,scan,971,1,23988648364585,,23988648482958,23988650707760,77.509,0.5233,-1.1868,-0.0479,4,1.0025,1002,220,0,220,1,1,959,23988048066539,23988602858894,554792,0,1,203907,558472,1,,,,971,220,0,1,0,0,79,0,0
974,scan,972,1,23988698285945,,23988698407914,23988699793963,77.559,0.5308,-1.1872,-0.0479,4,0.9918,991,220,0,220,0,1,961,23988148097746,23988696072711,547974,0,1,203907,558068,1,,,,972,220,0,1,0,0,79,0,0
975,scan,973,1,23988748129732,,23988748244704,23988750820359,77.609,0.5458,-1.1879,-0.0479,4,0.9704,970,220,0,220,3,1,962,23988198504791,23988745474883,546970,0,1,203907,557530,1,,,,973,220,0,1,0,0,79,0,0
976,scan,974,1,23988798115134,,23988798247786,23988799818004,77.659,0.5532,-1.1882,-0.0479,4,0.9874,987,220,1,220,3,1,962,,,,1,1,203907,557530,1,,,,974,220,1,1,0,0,79,0,0
977,scan,975,1,23988848170728,,23988848279801,23988849761135,77.709,0.5682,-1.1890,-0.0479,4,0.9937,993,220,0,220,3,1,964,23988297973836,23988840737135,542763,0,1,203907,557000,1,,,,975,220,0,1,0,0,79,0,0
978,scan,976,1,23988898431792,,23988898589683,23988900870859,77.759,0.5756,-1.1893,-0.0478,4,0.9727,972,220,0,220,3,1,964,,,,1,1,203907,557316,1,,,,976,220,0,1,0,0,79,0,0
979,scan,977,1,23988948588222,,23988948710673,23988950714281,77.809,0.5831,-1.1897,-0.0478,4,0.9987,998,220,0,220,5,1,965,23988347664367,23988917936615,570272,0,1,203907,557814,1,,,,977,220,0,1,0,0,79,0,0
980,scan,978,1,23988998438146,,23988998559549,23989000675930,77.859,0.5981,-1.1904,-0.0478,4,0.9882,988,220,0,220,4,1,967,23988448139020,23988997454760,549315,0,1,203907,557955,1,,,,978,220,0,1,0,0,79,0,0
981,scan,979,1,23989048397444,,23989048527860,23989050639252,77.909,0.6055,-1.1907,-0.0478,4,0.9975,997,220,0,220,2,1,968,23988498281297,23989044796484,546515,0,1,203907,557532,1,,,,979,220,0,1,0,0,79,0,0
982,scan,980,1,23989098550718,,23989098666270,23989100699993,77.959,0.6205,-1.1915,-0.0478,4,0.9980,998,220,1,220,4,1,969,23988548208179,23989087485560,539277,0,1,203907,556880,1,,,,980,220,1,1,0,0,79,0,0
983,scan,981,1,23989148965264,,23989149102954,23989150754202,78.009,0.6279,-1.1918,-0.0478,4,0.9875,987,220,1,220,2,1,970,23988598201932,23989145289002,547087,0,1,203907,556405,1,,,,981,220,1,1,0,0,79,0,0
984,scan,982,1,23989198775855,,23989198895462,23989200782879,78.059,0.6429,-1.1925,-0.0478,4,0.9753,975,220,0,220,2,1,970,,,,1,1,203907,556192,1,,,,982,220,0,1,0,0,79,0,0
,wdog,,,,,,23989348994049,,,,,,,,,,,,,,,,,,,,,,,,,982,0,0,1,3,0,79,0,
