line,kind,seq,flag,t_scan_rx_ns,t_flag_rx_ns,t_uart_tx_ns,t_c_rx_ns,sim_time,x,y,yaw,wp_i,min_range,min_mm,local_v,local_w,edge_v,edge_w,edge_ok,edge_seq_used,t_send_ns,t_recv_ns,rtt_us,held,deadline_miss,rtt_min_us,rtt_win_us,rtt_degraded,t_det_rtt_ns,flag_seq,t_det_meta_ns,c_seq,v_out,w_out,mode,state,switch_us,n_sw,bad_lines,lost
1,settle,0,1,24111769415789,,24111769463166,24111772172608,29.252,0.0000,0.0000,0.0000,0,0.5829,582,0,0,0,0,0,,,,,,,,,,,,,0,0,0,1,0,0,79,0,0
2,scan,1,1,24111800163835,,24111800313515,24111801791968,29.752,0.0001,-0.0000,0.0000,0,0.5988,598,220,0,0,0,0,,,,,1,1,,,0,,,,1,220,0,1,0,0,79,0,0
3,scan,2,1,24111850018585,,24111850133183,24111851751098,29.802,0.0012,-0.0000,0.0000,0,0.5926,592,220,0,0,0,0,,,,,1,1,,,0,,,,2,220,0,1,0,0,79,0,0
4,scan,3,1,24111900131800,,24111900253095,24111901823587,29.852,0.0035,-0.0000,0.0000,0,0.5957,595,220,0,0,0,0,,,,,1,1,,,0,,,,3,220,0,1,0,0,79,0,0
5,scan,4,1,24111950454786,,24111950574101,24111952765310,29.902,0.0116,-0.0000,-0.0000,0,0.5913,591,220,0,0,0,0,,,,,1,1,,,0,,,,4,220,0,1,0,0,79,0,0
6,scan,5,1,24112000594884,,24112000731592,24112002764078,29.952,0.0174,-0.0000,-0.0000,0,0.5701,570,220,0,0,0,0,,,,,1,1,,,0,,,,5,220,0,1,0,0,79,0,0
7,scan,6,1,24112050566440,,24112050703260,24112052876380,30.002,0.0318,-0.0000,-0.0000,0,0.5642,564,220,0,220,1,1,1,24111800231188,24112005480771,205249,0,1,205249,205249,0,,,,6,220,0,1,0,0,79,0,0
8,scan,7,1,24112100678142,,24112100804642,24112102859078,30.052,0.0393,-0.0000,-0.0000,0,0.5605,560,220,0,220,1,1,2,24111850059645,24112056598087,206538,0,1,205249,205894,0,,,,7,220,0,1,0,0,79,0,0
9,scan,8,1,24112150563167,,24112150696334,24112152744666,30.102,0.0542,-0.0000,-0.0000,0,0.5550,554,220,0,220,1,1,3,24111900177537,24112105149799,204972,0,1,204972,205586,0,,,,8,220,0,1,0,0,79,0,0
10,scan,9,1,24112200637047,,24112200779406,24112202891746,30.152,0.0617,-0.0000,-0.0000,0,0.5453,545,220,0,220,1,1,4,24111950497216,24112156603432,206106,0,1,204972,205716,0,,,,9,220,0,1,0,0,79,0,0
11,scan,10,1,24112250896784,,24112251045238,24112252825515,30.202,0.0692,-0.0000,-0.0000,0,0.5238,523,220,0,220,1,1,5,24112000636450,24112207079313,206442,0,1,204972,205861,0,,,,10,220,0,1,0,0,79,0,0
12,scan,11,1,24112300822561,,24112300964890,24112302769091,30.252,0.0841,-0.0000,-0.0000,0,0.5302,530,220,0,220,1,1,6,24112050625717,24112256742723,206117,0,1,204972,205904,0,,,,11,220,0,1,0,0,79,0,0
13,scan,12,1,24112350871369,,24112351000687,24112352851669,30.302,0.0916,-0.0000,-0.0000,0,0.5261,526,220,0,220,1,1,7,24112100723767,24112306814743,206090,0,1,204972,205931,0,,,,12,220,0,1,0,0,79,0,0
14,scan,13,1,24112400741694,,24112400866510,24112402787501,30.352,0.1066,-0.0000,-0.0000,0,0.5054,505,220,0,220,1,1,8,24112150615860,24112356535155,205919,0,1,204972,205929,0,,,,13,220,0,1,0,0,79,0,0
15,scan,14,1,24112450952762,,24112451092854,24112452812689,30.402,0.1140,-0.0000,-0.0000,0,0.4906,490,220,0,220,1,1,9,24112200687758,24112406730879,206043,0,1,204972,205942,0,,,,14,220,0,1,0,0,79,0,0
16,scan,15,1,24112501105790,,24112501244041,24112502822033,30.452,0.1290,-0.0000,-0.0000,0,0.4924,492,220,0,220,1,1,10,24112250949022,24112457008163,206059,0,1,204972,205954,0,,,,15,220,0,1,0,0,79,0,0
17,scan,16,1,24112551141916,,24112551262792,24112552788915,30.502,0.1365,-0.0000,-0.0000,0,0.4781,478,220,0,220,1,1,11,24112300873011,24112507094726,206221,0,1,204972,205978,0,,,,16,220,0,1,0,0,79,0,0
18,scan,17,1,24112601623051,,24112601756875,24112603827143,30.552,0.1514,-0.0000,-0.0000,0,0.4710,471,220,0,220,1,1,12,24112350916488,24112557215041,206298,0,1,204972,206004,0,,,,17,220,0,1,0,0,79,0,0
19,scan,18,1,24112651451648,,24112651578635,24112653744399,30.602,0.1589,-0.0000,-0.0000,0,0.4579,457,220,0,220,1,1,13,24112400785158,24112605975242,205190,0,1,204972,205942,0,,,,18,220,0,1,0,0,79,0,0
20,scan,19,1,24112701758190,,24112701900525,24112703780043,30.652,0.1739,-0.0000,-0.0000,0,0.4541,454,220,0,220,1,1,14,24112450996447,24112656726090,205729,0,1,204972,205927,0,,,,19,220,0,1,0,0,79,0,0
21,scan,20,1,24112751575902,,24112751725744,24112753817280,30.702,0.1814,-0.0000,-0.0000,0,0.4319,431,220,0,220,1,1,15,24112501151294,24112706285230,205133,0,1,204972,205874,0,,,,20,220,0,1,0,0,79,0,0
22,scan,21,1,24112801400994,,24112801537993,24112803879054,30.752,0.1963,-0.0000,-0.0000,0,0.4385,438,220,0,220,1,1,16,24112551183719,24112756975095,205791,0,1,204972,205869,0,,,,21,220,0,1,0,0,79,0,0
23,scan,22,1,24112851846494,,24112851978874,24112854102311,30.802,0.2038,-0.0000,-0.0000,0,0.4407,440,220,0,220,1,1,17,24112601670324,24112808179236,206508,0,1,204972,205906,0,,,,22,220,0,1,0,0,79,0,0
24,scan,23,1,24112901565956,,24112901686909,24112903760822,30.852,0.2188,-0.0000,-0.0000,0,0.4207,420,220,0,220,1,1,18,24112651496420,24112857289996,205793,0,1,204972,205900,0,,,,23,220,0,1,0,0,79,0,0
25,scan,24,1,24112951667885,,24112951802847,24112953720978,30.902,0.2263,-0.0000,-0.0000,0,0.4125,412,220,0,220,1,1,19,24112701802942,24112907942603,206139,0,1,204972,205912,0,,,,24,220,0,1,0,0,79,0,0
26,scan,25,1,24113001873768,,24113002011593,24113003818551,30.952,0.2412,-0.0000,-0.0000,0,0.4181,418,220,0,220,1,1,20,24112751639382,24112957081893,205442,0,1,204972,205889,0,,,,25,220,0,1,0,0,79,0,0
27,scan,26,1,24113051934228,,24113052084532,24113053814364,31.002,0.2487,-0.0000,-0.0000,0,0.4058,405,220,0,220,1,1,21,24112801444304,24113006277660,204833,0,1,204833,205839,0,,,,26,220,0,1,0,0,79,0,0
28,scan,27,1,24113102154942,,24113102389452,24113104703737,31.052,0.2562,-0.0000,-0.0000,0,0.3994,399,220,0,220,1,1,22,24112851895373,24113056610827,204715,0,1,204715,205788,0,,,,27,218,0,1,1,0,79,0,0
29,scan,28,1,24113151670808,,24113151802522,24113154696864,31.102,0.2712,-0.0000,-0.0000,0,0.3907,390,220,0,220,1,1,23,24112901606201,24113108199803,206593,0,1,204715,205823,0,,,,28,209,0,1,1,0,79,0,0
30,scan,29,1,24113201992703,,24113202138716,24113203822639,31.152,0.2786,-0.0000,-0.0000,0,0.3944,394,220,0,220,1,1,24,24112951711304,24113156610758,204899,0,1,204715,205784,0,,,,29,213,0,1,1,0,79,0,0
31,scan,30,1,24113251850810,,24113251985402,24113253797952,31.202,0.2929,-0.0000,-0.0000,0,0.3905,390,220,0,220,1,1,25,24113001927283,24113208145470,206218,0,1,204715,205801,0,,,,30,209,0,1,1,0,79,0,0
32,scan,31,1,24113301939592,,24113302075207,24113304116813,31.252,0.3001,-0.0000,-0.0000,0,0.3716,371,220,0,220,1,1,26,24113051977914,24113258597571,206619,0,1,204715,205833,0,,,,31,188,0,1,1,0,79,0,0
33,scan,32,1,24113351696652,,24113351815829,24113353966226,31.302,0.3140,-0.0000,-0.0000,0,0.3583,358,220,0,220,1,1,27,24113102234309,24113308561416,206327,0,1,204715,205851,0,,,,32,173,0,1,1,0,79,0,0
34,scan,33,1,24113401929449,,24113402048570,24113403881270,31.352,0.3204,-0.0000,-0.0000,0,0.3749,374,220,0,220,1,1,28,24113151716811,24113358792044,207075,0,1,204715,205895,0,,,,33,191,0,1,1,0,79,0,0
35,scan,34,1,24113451913595,,24113452077723,24113453767625,31.402,0.3328,-0.0000,-0.0000,0,0.3828,382,220,0,220,1,1,29,24113202044774,24113408595831,206551,0,1,204715,205918,0,,,,34,200,0,1,1,0,79,0,0
36,scan,35,1,24113501927264,,24113502068508,24113503857401,31.452,0.3393,-0.0000,-0.0000,0,0.3698,369,220,0,220,1,1,30,24113251892232,24113458421214,206528,0,1,204715,205938,0,,,,35,185,0,1,1,0,79,0,0
37,scan,36,1,24113552333138,,24113552464483,24113554653029,31.502,0.3521,-0.0000,-0.0000,0,0.3773,377,220,0,220,1,1,31,24113301989742,24113508291886,206302,0,1,204715,205950,0,,,,36,194,0,1,1,0,79,0,0
38,scan,37,1,24113602537535,,24113602674747,24113604979308,31.552,0.3583,-0.0000,-0.0000,0,0.3647,364,220,0,220,1,1,32,24113351737916,24113558218363,206480,0,1,204715,205966,0,,,,37,180,0,1,1,0,79,0,0
39,scan,38,1,24113652731676,,24113652857368,24113654907572,31.602,0.3705,-0.0000,-0.0000,0,0.3630,362,220,0,220,1,1,33,24113401970751,24113608225060,206254,0,1,204715,205975,0,,,,38,178,0,1,1,0,79,0,0
40,scan,39,1,24113702675192,,24113702822345,24113704969954,31.652,0.3766,-0.0000,-0.0000,0,0.3613,361,220,0,220,1,1,34,24113451957397,24113658101566,206144,0,1,204715,205980,0,,,,39,177,0,1,1,0,79,0,0
41,scan,40,1,24113752540479,,24113752671238,24113754698644,31.702,0.3887,-0.0000,-0.0000,0,0.3620,361,220,0,220,1,1,35,24113501976871,24113709111955,207135,0,1,204715,206013,0,,,,40,177,0,1,1,0,79,0,0
42,scan,41,1,24113802704213,,24113802835027,24113804776154,31.752,0.3947,-0.0000,-0.0000,0,0.3667,366,220,0,220,1,1,36,24113552381426,24113759088250,206706,0,1,204715,206032,0,,,,41,182,0,1,1,0,79,0,0
43,scan,42,1,24113852892843,,24113853053877,24113854898012,31.802,0.4069,-0.0000,-0.0000,0,0.3569,356,220,0,220,1,1,37,24113602585038,24113809642672,207057,0,1,204715,206060,0,,,,42,171,0,1,1,0,79,0,0
44,scan,43,1,24113902975757,,24113903096510,24113904855550,31.852,0.4131,-0.0000,-0.0000,0,0.3544,354,220,0,220,1,1,38,24113652773481,24113859104442,206330,0,1,204715,206067,0,,,,43,169,0,1,1,0,79,0,0
45,scan,44,1,24113952855950,,24113953000461,24113954844250,31.902,0.4188,-0.0000,-0.0000,0,0.3620,362,220,0,220,1,1,39,24113702733268,24113909281289,206548,0,1,204715,206079,0,,,,44,178,0,1,1,0,79,0,0
46,scan,45,1,24114002646017,,24114002808217,24114004835136,31.952,0.4303,-0.0000,-0.0000,0,0.3912,391,220,0,220,1,1,40,24113752583273,24113958845770,206262,0,1,204715,206084,0,,,,45,210,0,1,1,0,79,0,0
47,scan,46,1,24114052783516,,24114052934034,24114054864726,32.002,0.4364,-0.0000,-0.0000,0,0.3948,394,220,0,220,1,1,41,24113802751508,24114006804233,204052,0,1,204052,206054,0,,,,46,213,0,1,1,0,79,0,0
48,scan,47,1,24114102828082,,24114102958856,24114104943796,32.052,0.4504,-0.0000,-0.0000,0,0.6481,648,220,0,220,1,1,42,24113852931253,24114059888694,206957,0,1,204052,206064,0,,,,47,220,0,1,0,0,79,0,0
49,scan,48,1,24114152795173,,24114152923093,24114154842375,32.102,0.4577,-0.0000,-0.0000,0,1.5013,1501,220,0,220,1,1,43,24113903018484,24114108687054,205668,0,1,204052,206082,0,,,,48,220,0,1,0,0,79,0,0
50,scan,49,1,24114203042685,,24114203177317,24114204778089,32.152,0.4726,-0.0000,-0.0000,0,1.4904,1490,220,0,220,1,1,44,24113952899240,24114159485051,206585,0,1,204052,206094,0,,,,49,220,0,1,0,0,79,0,0
51,scan,50,1,24114253051319,,24114253198576,24114254816905,32.202,0.4801,-0.0000,-0.0000,0,1.4843,1484,220,0,220,1,1,45,24114002703189,24114210402265,207699,0,1,204052,206125,0,,,,50,220,0,1,0,0,79,0,0
52,scan,51,1,24114303279186,,24114303415262,24114305794741,32.252,0.4951,-0.0000,-0.0000,0,1.4725,1472,220,0,220,1,1,46,24114052835178,24114260857077,208021,0,1,204052,206173,0,,,,51,220,0,1,0,0,79,0,0
53,scan,52,1,24114353225821,,24114353412186,24114354840046,32.302,0.5025,-0.0000,-0.0000,0,1.4531,1453,220,0,220,1,1,47,24114102874096,24114310003927,207129,0,1,204052,206199,0,,,,52,220,0,1,0,0,79,0,0
54,scan,53,1,24114402925808,,24114403068921,24114404861781,32.352,0.5175,-0.0000,-0.0000,0,1.4541,1454,220,0,220,1,1,48,24114152841836,24114360455329,207613,0,1,204052,206241,0,,,,53,220,0,1,0,0,79,0,0
55,scan,54,1,24114453021000,,24114453149007,24114454803340,32.402,0.5250,-0.0000,-0.0000,0,1.4321,1432,220,0,220,1,1,49,24114203090828,24114407495686,204404,0,1,204052,206200,0,,,,54,220,0,1,0,0,79,0,0
56,scan,55,1,24114502827454,,24114502950742,24114504791436,32.452,0.5399,-0.0000,-0.0000,0,1.4281,1428,220,0,220,1,1,50,24114253101703,24114460411900,207310,0,1,204052,206231,0,,,,55,220,0,1,0,0,79,0,0
57,scan,56,1,24114553153095,,24114553282384,24114554848479,32.502,0.5474,-0.0000,-0.0000,0,1.4197,1419,220,0,220,1,1,51,24114303324078,24114507597960,204273,0,1,204052,206183,0,,,,56,220,0,1,0,0,79,0,0
58,scan,57,1,24114603361176,,24114603486307,24114604910200,32.552,0.5624,-0.0000,-0.0000,0,1.4064,1406,220,0,220,1,1,52,24114353285614,24114560590888,207305,0,1,204052,206208,0,,,,57,220,0,1,0,0,79,0,0
59,scan,58,1,24114653158441,,24114653292184,24114654779277,32.602,0.5699,-0.0000,-0.0000,0,1.3942,1394,220,0,220,1,1,53,24114402975985,24114609913248,206937,0,1,204052,206252,0,,,,58,220,0,1,0,0,79,0,0
60,scan,59,1,24114703074196,,24114703203820,24114704940878,32.652,0.5848,-0.0000,-0.0000,0,1.3770,1376,220,0,220,1,1,54,24114453064524,24114657634558,204570,0,1,204052,206223,0,,,,59,220,0,1,0,0,79,0,0
61,scan,60,1,24114753532312,,24114753664847,24114756071328,32.702,0.5923,-0.0000,-0.0000,0,1.3652,1365,220,0,220,2,1,55,24114502868829,24114709871407,207002,0,1,204052,206269,0,,,,60,220,0,1,0,0,79,0,0
62,scan,61,1,24114803991354,,24114804153284,24114805800174,32.752,0.5998,-0.0000,-0.0000,0,1.3647,1364,220,0,220,2,1,56,24114553197713,24114758287244,205089,0,1,204052,206252,0,,,,61,220,0,1,0,0,79,0,0
63,scan,62,1,24114853538340,,24114853665447,24114855756164,32.802,0.6148,-0.0000,-0.0000,0,1.3440,1343,220,0,220,2,1,57,24114603405908,24114811236976,207831,0,1,204052,206285,0,,,,62,220,0,1,0,0,79,0,0
64,scan,63,1,24114903532572,,24114903660726,24114905852903,32.852,0.6222,-0.0000,-0.0000,0,1.3261,1326,220,0,220,2,1,58,24114653205159,24114858377089,205171,0,1,204052,206269,0,,,,63,220,0,1,0,0,79,0,0
65,scan,64,1,24114953393928,,24114953518867,24114955737670,32.902,0.6372,-0.0000,-0.0000,0,1.3211,1321,220,0,220,2,1,59,24114703110403,24114909755148,206644,0,1,204052,206282,0,,,,64,220,0,1,0,0,79,0,0
66,scan,65,1,24115003689752,,24115003822313,24115005850630,32.952,0.6447,-0.0000,-0.0000,0,1.3124,1312,220,0,220,2,1,60,24114753576663,24114960477386,206900,0,1,204052,206318,0,,,,65,220,0,1,0,0,79,0,0
67,scan,66,1,24115053806830,,24115053936376,24115056083459,33.002,0.6596,-0.0000,-0.0000,0,1.2891,1289,220,0,220,2,1,61,24114804067600,24115008400768,204333,0,1,204052,206306,0,,,,66,220,0,1,0,0,79,0,0
68,scan,67,1,24115103923531,,24115104099968,24115105866911,33.052,0.6671,-0.0000,-0.0000,0,1.2936,1293,220,0,220,2,1,62,24114853583970,24115059943450,206359,0,1,204052,206347,0,,,,67,220,0,1,0,0,79,0,0
69,scan,68,1,24115153884730,,24115154013546,24115155865619,33.102,0.6821,-0.0000,-0.0000,0,1.2803,1280,220,0,220,2,1,63,24114903575933,24115110122510,206546,0,1,204052,206346,0,,,,68,220,0,1,0,0,79,0,0
70,scan,69,1,24115204237797,,24115204375077,24115206646771,33.152,0.6895,-0.0000,-0.0000,0,1.2661,1266,220,0,220,2,1,64,24114953434597,24115160713550,207278,0,1,204052,206405,0,,,,69,220,0,1,0,0,79,0,0
71,scan,70,1,24115254067821,,24115254194136,24115255929763,33.202,0.7045,-0.0000,-0.0000,0,1.2638,1263,220,0,220,2,1,65,24115003734758,24115210786307,207051,0,1,204052,206426,0,,,,70,220,0,1,0,0,79,0,0
72,scan,71,1,24115304148917,,24115304280269,24115305846707,33.252,0.7120,-0.0000,-0.0000,0,1.2490,1249,220,0,220,2,1,66,24115053851264,24115261019316,207168,0,1,204052,206440,0,,,,71,220,0,1,0,0,79,0,0
73,scan,72,1,24115354269828,,24115354396794,24115356692096,33.302,0.7269,-0.0000,-0.0000,0,1.2403,1240,220,0,220,2,1,67,24115103969254,24115311109875,207140,0,1,204052,206460,0,,,,72,220,0,1,0,0,79,0,0
74,scan,73,1,24115404523731,,24115404747713,24115407010530,33.352,0.7344,-0.0000,-0.0000,0,1.2285,1228,220,0,220,2,1,68,24115153929870,24115361095391,207165,0,1,204052,206462,0,,,,73,220,0,1,0,0,79,0,0
75,scan,74,1,24115454250151,,24115454377523,24115455816365,33.402,0.7494,-0.0000,-0.0000,0,1.2224,1222,220,0,220,2,1,69,24115204284945,24115410990884,206705,0,1,204052,206466,0,,,,74,220,0,1,0,0,79,0,0
76,scan,75,1,24115504507248,,24115504637802,24115506771885,33.452,0.7569,-0.0000,-0.0000,0,1.2005,1200,220,0,220,2,1,70,24115254109802,24115460741938,206632,0,1,204052,206469,0,,,,75,220,0,1,0,0,79,0,0
77,scan,76,1,24115554673824,,24115554820014,24115556767370,33.502,0.7718,-0.0000,-0.0000,0,1.1840,1184,220,0,220,2,1,71,24115304194529,24115511228011,207033,0,1,204052,206487,0,,,,76,220,0,1,0,0,79,0,0
78,scan,77,1,24115604665350,,24115604802670,24115606900357,33.552,0.7793,-0.0000,-0.0000,0,1.1782,1178,220,0,220,2,1,72,24115354311324,24115561914827,207603,0,1,204052,206515,0,,,,77,220,0,1,0,0,79,0,0
79,scan,78,1,24115654497969,,24115654619323,24115656776696,33.602,0.7868,-0.0000,-0.0000,0,1.1588,1158,220,0,220,2,1,73,24115404601424,24115612164012,207562,0,1,204052,206548,0,,,,78,220,0,1,0,0,79,0,0
80,scan,79,1,24115704591218,,24115704779949,24115706911081,33.652,0.8017,-0.0000,-0.0000,0,1.1649,1164,220,0,220,2,1,74,24115454293820,24115661714761,207420,0,1,204052,206580,0,,,,79,220,0,1,0,0,79,0,0
81,scan,80,1,24115754380456,,24115754515398,24115756686251,33.702,0.8092,-0.0000,-0.0000,0,1.1565,1156,220,0,220,2,1,75,24115504554478,24115711987722,207433,0,1,204052,206587,0,,,,80,220,0,1,0,0,79,0,0
82,scan,81,1,24115804701591,,24115804826015,24115806866012,33.752,0.8242,-0.0000,-0.0000,0,1.1437,1143,220,0,220,2,1,76,24115554716584,24115762005774,207289,0,1,204052,206602,0,,,,81,220,0,1,0,0,79,0,0
83,scan,82,1,24115854860901,,24115854988746,24115856840955,33.802,0.8317,-0.0000,-0.0000,0,1.1280,1128,220,0,220,2,1,77,24115604712226,24115811992737,207280,0,1,204052,206607,0,,,,82,220,0,1,0,0,79,0,0
84,scan,83,1,24115904852503,,24115904991370,24115906790827,33.852,0.8466,-0.0000,-0.0000,0,1.1112,1111,220,0,220,2,1,78,24115654539696,24115861796690,207256,0,1,204052,206631,0,,,,83,220,0,1,0,0,79,0,0
85,scan,84,1,24115954943926,,24115955076956,24115956856936,33.902,0.8541,-0.0000,-0.0000,0,1.0965,1096,220,0,220,2,1,79,24115704661525,24115911699049,207037,0,1,204052,206643,0,,,,84,220,0,1,0,0,79,0,0
86,scan,85,1,24116004683899,,24116004808753,24116006831330,33.952,0.8691,-0.0000,-0.0000,0,1.0968,1096,220,0,220,2,1,80,24115754429491,24115960871958,206442,0,1,204052,206647,0,,,,85,220,0,1,0,0,79,0,0
87,scan,86,1,24116055079282,,24116055245323,24116056764336,34.002,0.8766,-0.0000,-0.0000,0,1.0815,1081,220,0,220,2,1,81,24115804745710,24116007739497,202993,0,1,202993,206621,0,,,,86,220,0,1,0,0,79,0,0
88,scan,87,1,24116104702117,,24116104834999,24116106823943,34.052,0.8915,-0.0000,-0.0000,0,1.0694,1069,220,0,220,2,1,82,24115854906057,24116060482642,205576,0,1,202993,206586,0,,,,87,220,0,1,0,0,79,0,0
89,scan,88,1,24116154959528,,24116155122434,24116156806585,34.102,0.8990,-0.0000,-0.0000,0,1.0571,1057,220,0,220,2,1,83,24115904899687,24116107874448,202974,0,1,202974,206519,0,,,,88,220,0,1,0,0,79,0,0
90,scan,89,1,24116204907595,,24116205119066,24116206830877,34.152,0.9139,-0.0000,-0.0000,0,1.0445,1044,220,0,220,2,1,84,24115954990304,24116161281606,206291,0,1,202974,206512,0,,,,89,220,0,1,0,0,79,0,0
91,scan,90,1,24116254979820,,24116255113909,24116256796076,34.202,0.9214,-0.0000,-0.0000,0,1.0457,1045,220,0,220,2,1,85,24116004724013,24116209133901,204409,0,1,202974,206429,0,,,,90,220,0,1,0,0,79,0,0
92,scan,91,1,24116305033177,,24116305175965,24116306808352,34.252,0.9364,-0.0000,-0.0000,0,1.0334,1033,220,0,220,2,1,86,24116055132728,24116261891339,206758,0,1,202974,206398,0,,,,91,220,0,1,0,0,79,0,0
93,scan,92,1,24116354918481,,24116355048528,24116356857418,34.302,0.9439,-0.0000,-0.0000,0,1.0201,1020,220,0,220,2,1,87,24116104747568,24116309084298,204336,0,1,202974,206328,0,,,,92,220,0,1,0,0,79,0,0
94,scan,93,1,24116405377678,,24116405556328,24116407638624,34.352,0.9588,-0.0000,-0.0000,0,1.0043,1004,220,0,220,2,1,88,24116155014613,24116361865089,206850,0,1,202974,206309,0,,,,93,220,0,1,0,0,79,0,0
95,scan,94,1,24116455026139,,24116455187810,24116456760919,34.402,0.9663,-0.0000,-0.0000,0,0.9956,995,220,0,220,2,1,89,24116204998733,24116409442598,204443,0,1,202974,206310,0,,,,94,220,0,1,0,0,79,0,0
96,scan,95,1,24116505144583,,24116505309050,24116506888771,34.452,0.9738,-0.0000,-0.0000,0,0.9857,985,220,0,220,2,1,90,24116255026754,24116459576752,204549,0,1,202974,206241,0,,,,95,220,0,1,0,0,79,0,0
97,scan,96,1,24116555054242,,24116555198061,24116556780782,34.502,0.9887,-0.0000,-0.0000,0,0.9759,975,220,0,220,2,1,91,24116305081728,24116509314290,204232,0,1,202974,206240,0,,,,96,220,0,1,0,0,79,0,0
98,scan,97,1,24116605161032,,24116605293819,24116606862010,34.552,0.9962,-0.0000,-0.0000,0,0.9573,957,220,0,220,2,1,92,24116354963535,24116561593150,206629,0,1,202974,206223,0,,,,97,220,0,1,0,0,79,0,0
99,scan,98,1,24116655470740,,24116655662362,24116657748504,34.602,1.0112,-0.0000,-0.0000,0,0.9537,953,220,0,220,2,1,93,24116405433213,24116609755190,204321,0,1,202974,206158,0,,,,98,220,0,1,0,0,79,0,0
100,scan,99,1,24116706271923,,24116706509562,24116708701838,34.652,1.0187,-0.0000,-0.0000,0,0.9364,936,220,0,220,2,1,94,24116455089041,24116660913066,205824,0,1,202974,206189,0,,,,99,220,0,1,0,0,79,0,0
101,scan,100,1,24116756099687,,24116756240750,24116757745694,34.702,1.0336,-0.0000,-0.0000,0,0.9209,920,220,0,220,2,1,95,24116505203448,24116709430744,204227,0,1,202974,206119,0,,,,100,220,0,1,0,0,79,0,0
102,scan,101,1,24116805881002,,24116806020495,24116807846127,34.752,1.0411,-0.0000,-0.0000,0,0.9134,913,220,0,220,2,1,96,24116555112061,24116761693323,206581,0,1,202974,206157,0,,,,101,220,0,1,0,0,79,0,0
103,scan,102,1,24116855623620,,24116855760548,24116857808325,34.802,1.0561,-0.0000,-0.0000,1,0.9015,901,0,1000,220,2,1,97,24116605207168,24116812528533,207321,0,1,202974,206144,0,,,,102,0,1000,1,0,0,79,0,0
104,scan,103,1,24116906900597,,24116907205604,24116908791117,34.852,1.0635,-0.0000,-0.0000,1,0.9074,907,0,1000,220,2,1,98,24116655530240,24116863084707,207554,0,1,202974,206204,0,,,,103,0,1000,1,0,0,79,0,0
105,scan,104,1,24116956605700,,24116956748137,24116958887481,34.902,1.0746,-0.0000,-0.0000,1,0.9015,901,0,1000,220,2,1,99,24116706348005,24116910973092,204625,0,1,202974,206153,0,,,,104,0,1000,1,0,0,79,0,0
106,scan,105,1,24117006568376,,24117006720673,24117008770503,34.952,1.0783,-0.0000,-0.0000,1,0.8878,887,0,1000,220,2,1,100,24116756149235,24116963120667,206971,0,1,202974,206155,0,,,,105,0,1000,1,0,0,79,0,0
107,scan,106,1,24117056456432,,24117056583592,24117058689683,35.002,1.0831,-0.0000,0.0022,1,0.8832,883,0,1000,220,2,1,101,24116805929038,24117010954917,205025,0,1,202974,206172,0,,,,106,0,1000,1,0,0,79,0,0
108,scan,107,1,24117106493856,,24117106643304,24117109037860,35.052,1.0846,-0.0000,0.0112,1,0.8876,887,0,1000,0,999,1,102,24116855670343,24117062849961,207179,0,1,202974,206193,0,,,,107,0,1000,1,0,0,79,0,0
109,scan,108,1,24117156172144,,24117156299403,24117157770775,35.102,1.0859,0.0000,0.0635,1,0.8662,866,0,1000,0,999,1,103,24116907051927,24117112657967,205606,0,1,202974,206169,0,,,,108,0,1000,1,0,0,79,0,0
110,scan,109,1,24117206379448,,24117206515819,24117209725078,35.152,1.0859,0.0000,0.1036,1,0.8748,874,0,1000,0,999,1,104,24116956654579,24117162216354,205561,0,1,202974,206126,0,,,,109,0,1000,1,0,0,79,0,0
111,scan,110,1,24117256452761,,24117256625597,24117258755607,35.202,1.0858,-0.0000,0.1825,1,0.8770,877,0,1000,0,999,1,105,24117006616695,24117212615859,205999,0,1,202974,206100,0,,,,110,0,1000,1,0,0,79,0,0
112,scan,111,1,24117306166961,,24117306302906,24117307759865,35.252,1.0857,-0.0000,0.2136,1,0.8689,868,0,1000,0,999,1,106,24117056498652,24117261887295,205388,0,1,202974,206055,0,,,,111,0,1000,1,0,0,79,0,0
113,scan,112,1,24117356299359,,24117356438403,24117358674251,35.302,1.0856,-0.0001,0.2421,1,0.8844,884,0,1000,0,999,1,107,24117106546233,24117312516564,205970,0,1,202974,206026,0,,,,112,0,1000,1,0,0,79,0,0
114,scan,113,1,24117406232510,,24117406365568,24117407869040,35.352,1.0855,-0.0001,0.3078,1,0.8818,881,0,1000,0,999,1,108,24117156215874,24117362350970,206135,0,1,202974,206000,0,,,,113,0,1000,1,0,0,79,0,0
115,scan,114,1,24117457024431,,24117457168409,24117458893222,35.402,1.0855,-0.0001,0.3452,1,0.8667,866,0,1000,0,999,1,109,24117206426480,24117412465187,206038,0,1,202974,205984,0,,,,114,0,1000,1,0,0,79,0,0
116,scan,115,1,24117506841080,,24117507009919,24117508975054,35.452,1.0854,-0.0002,0.4159,1,0.8750,875,0,1000,0,999,1,110,24117256498539,24117462274777,205776,0,1,202974,205962,0,,,,115,0,1000,1,0,0,79,0,0
117,scan,116,1,24117556795426,,24117556931638,24117558832471,35.502,1.0853,-0.0002,0.4479,1,0.8787,878,0,1000,0,999,1,111,24117306213518,24117512470007,206256,0,1,202974,205943,0,,,,116,0,1000,1,0,0,79,0,0
118,scan,117,1,24117606858730,,24117607026176,24117608817015,35.552,1.0852,-0.0002,0.5132,1,0.8845,884,0,1000,0,999,1,112,24117356350193,24117562157323,205807,0,1,202974,205898,0,,,,117,0,1000,1,0,0,79,0,0
119,scan,118,1,24117656771317,,24117656899187,24117658830913,35.602,1.0852,-0.0003,0.5482,1,0.8736,873,0,1000,0,999,1,113,24117406279046,24117612661974,206382,0,1,202974,205869,0,,,,118,0,1000,1,0,0,79,0,0
120,scan,119,1,24117706973323,,24117707107751,24117708866293,35.652,1.0851,-0.0004,0.6183,1,0.8696,869,0,1000,0,999,1,114,24117457074697,24117662623234,205548,0,1,202974,205822,0,,,,119,0,1000,1,0,0,79,0,0
121,scan,120,1,24117756651861,,24117756780788,24117758884093,35.702,1.0850,-0.0004,0.6518,1,0.8775,877,0,1000,0,999,1,115,24117506901778,24117712789378,205887,0,1,202974,205783,0,,,,120,0,1000,1,0,0,79,0,0
122,scan,121,1,24117806688671,,24117806815785,24117808770163,35.752,1.0850,-0.0005,0.7181,1,0.8798,879,0,1000,0,999,1,116,24117556842605,24117762664893,205822,0,1,202974,205746,0,,,,121,0,1000,1,0,0,79,0,0
123,scan,122,1,24117856778902,,24117856937857,24117858813504,35.802,1.0849,-0.0005,0.7522,1,0.8756,875,0,1000,0,999,1,117,24117606908796,24117813268294,206359,0,1,202974,205723,0,,,,122,0,1000,1,0,0,79,0,0
124,scan,123,1,24117907099118,,24117907263815,24117908961725,35.852,1.0848,-0.0006,0.8213,1,0.8694,869,0,1000,0,999,1,118,24117656817141,24117863853694,207036,0,1,202974,205718,0,,,,123,0,1000,1,0,0,79,0,0
125,scan,124,1,24117956884054,,24117957024211,24117958931067,35.902,1.0848,-0.0007,0.8554,1,0.8727,872,0,1000,0,999,1,119,24117707018310,24117911100756,204082,0,1,202974,205644,0,,,,124,0,1000,1,0,0,79,0,0
126,scan,125,1,24118006894299,,24118007016739,24118008869755,35.952,1.0847,-0.0008,0.9226,1,0.8831,883,0,1000,0,999,1,120,24117756696697,24117963924534,207227,0,1,202974,205664,0,,,,125,0,1000,1,0,0,79,0,0
127,scan,126,1,24118056801981,,24118056939659,24118058798845,36.002,1.0847,-0.0008,0.9565,1,0.6347,634,0,1000,0,999,1,121,24117806734083,24118010752298,204018,0,1,202974,205689,0,,,,126,0,1000,1,0,0,79,0,0
128,scan,127,1,24118107807502,,24118107942900,24118109842806,36.052,1.0847,-0.0009,1.0249,1,0.5713,571,0,900,0,999,1,122,24117856833859,24118064121093,207287,0,1,202974,205732,0,,,,127,0,900,1,0,0,79,0,0
129,scan,128,1,24118157709902,,24118157878901,24118159797033,36.102,1.0846,-0.0010,1.0590,1,0.5485,548,0,832,0,999,1,123,24117907157020,24118113834338,206677,0,1,202974,205825,0,,,,128,0,832,1,0,0,79,0,0
130,scan,129,1,24118207587920,,24118207719861,24118209932304,36.152,1.0846,-0.0010,1.0922,1,0.5499,549,220,766,0,999,1,124,24117956932157,24118164735437,207803,0,1,202974,205862,0,,,,129,220,766,1,0,0,79,0,0
131,scan,130,1,24118257686110,,24118257815967,24118259764793,36.202,1.0846,-0.0011,1.1491,1,0.5396,539,220,652,0,999,1,125,24118006933917,24118213912480,206978,0,1,202974,205927,0,,,,130,220,652,1,0,0,79,0,0
132,scan,131,1,24118307781545,,24118307916668,24118309795018,36.252,1.0850,-0.0001,1.1755,1,0.5330,532,220,600,0,998,1,126,24118056844696,24118264278799,207434,0,1,202974,205944,0,,,,131,220,600,1,0,0,79,0,0
133,scan,132,1,24118357343366,,24118357466522,24118359804286,36.302,1.0870,0.0052,1.2467,1,0.5165,516,220,460,0,908,1,127,24118107847440,24118315458582,207611,0,1,202974,206025,0,,,,132,220,460,1,0,0,79,0,0
134,scan,133,1,24118407748134,,24118407891289,24118409858675,36.352,1.0884,0.0095,1.2875,1,0.5176,517,220,379,0,836,1,128,24118157768139,24118365479180,207711,0,1,202974,206047,0,,,,133,220,379,1,0,0,79,0,0
135,scan,134,1,24118458053798,,24118458199250,24118459726288,36.402,1.0913,0.0211,1.3569,1,0.5112,511,220,244,219,765,1,129,24118207633769,24118415133593,207499,0,1,202974,206123,0,,,,134,220,244,1,0,0,79,0,0
136,scan,135,1,24118508222563,,24118508400166,24118510666931,36.452,1.0927,0.0278,1.3793,1,0.5061,506,220,200,220,639,1,130,24118257730836,24118465334731,207603,0,1,202974,206200,0,,,,135,220,200,1,0,0,79,0,0
137,scan,136,1,24118557715376,,24118557838843,24118559843351,36.502,1.0953,0.0423,1.3932,1,0.4980,497,220,175,220,585,1,131,24118307829670,24118512808426,204978,0,1,202974,206218,0,,,,136,220,175,1,0,0,79,0,0
138,scan,137,1,24118607738567,,24118607887042,24118609919285,36.552,1.0967,0.0496,1.3910,1,0.4868,486,220,180,220,444,1,132,24118357384356,24118564894758,207510,0,1,202974,206240,0,,,,137,220,180,1,0,0,79,0,0
139,scan,138,1,24118657254835,,24118657382670,24118658853761,36.602,1.0993,0.0643,1.3998,1,0.4609,460,220,165,220,363,1,133,24118407797734,24118612362143,204564,0,1,202974,206246,0,,,,138,220,165,1,0,0,79,0,0
140,scan,139,1,24118707783500,,24118707922280,24118709834572,36.652,1.1005,0.0717,1.4112,1,0.4758,475,220,143,220,232,1,134,24118458103281,24118665464676,207361,0,1,202974,206285,0,,,,139,220,143,1,0,0,79,0,0
141,scan,140,1,24118757943776,,24118758075200,24118759792437,36.702,1.1028,0.0865,1.4269,1,0.4702,470,220,114,220,192,1,135,24118508285288,24118715714989,207429,0,1,202974,206365,0,,,,140,220,114,1,0,0,79,0,0
142,scan,141,1,24118807806033,,24118807935071,24118809961189,36.752,1.1038,0.0939,1.4285,1,0.4483,448,220,111,220,166,1,136,24118557756029,24118765134584,207378,0,1,202974,206385,0,,,,141,220,111,1,0,0,79,0,0
143,scan,142,1,24118857727435,,24118857854339,24118859778771,36.802,1.1059,0.1087,1.4320,1,0.4536,453,220,106,220,172,1,137,24118607789048,24118815305897,207516,0,1,202974,206390,0,,,,142,220,106,1,0,0,79,0,0
144,scan,143,1,24118908378360,,24118908595203,24118910878821,36.852,1.1070,0.1161,1.4369,1,0.4433,443,220,96,220,156,1,138,24118657298131,24118865051372,207753,0,1,202974,206395,0,,,,143,220,96,1,0,0,79,0,0
145,scan,144,1,24118957969732,,24118958088243,24118959729379,36.902,1.1089,0.1309,1.4473,1,0.4269,426,220,77,220,137,1,139,24118707832189,24118912814634,204982,0,1,202974,206404,0,,,,144,220,77,1,0,0,79,0,0
146,scan,145,1,24119008116315,,24119008247269,24119009820444,36.952,1.1098,0.1383,1.4502,1,0.4240,423,220,72,220,108,1,140,24118757988407,24118965325591,207337,0,1,202974,206413,0,,,,145,220,72,1,0,0,79,0,0
147,scan,146,1,24119058054874,,24119058199211,24119060493450,37.002,1.1107,0.1457,1.4518,1,0.4193,419,220,69,220,105,1,141,24118807851591,24119012711886,204860,0,1,202974,206409,0,,,,146,220,69,1,0,0,79,0,0
148,scan,147,1,24119108414218,,24119108559408,24119110713097,37.052,1.1124,0.1606,1.4554,1,0.4114,411,220,63,220,101,1,142,24118857769292,24119065320473,207551,0,1,202974,206418,0,,,,147,220,63,1,0,0,79,0,0
149,scan,148,1,24119158139752,,24119158280586,24119159801861,37.102,1.1133,0.1680,1.4582,1,0.3966,396,220,57,220,92,1,143,24118908449508,24119115519732,207070,0,1,202974,206455,0,,,,148,215,57,1,1,0,79,0,0
150,scan,149,1,24119208178337,,24119208307661,24119209838709,37.152,1.1149,0.1827,1.4637,1,0.3936,393,220,47,220,74,1,144,24118958006625,24119164481800,206475,0,1,202974,206477,0,,,,149,212,47,1,1,0,79,0,0
151,scan,150,1,24119258734475,,24119258883399,24119261183840,37.202,1.1157,0.1900,1.4653,1,0.3784,378,220,44,220,69,1,145,24119008161596,24119214710011,206548,0,1,202974,206491,0,,,,150,195,44,1,1,0,79,0,0
152,scan,151,1,24119308785692,,24119308944766,24119311219448,37.252,1.1172,0.2040,1.4684,1,0.3719,371,220,39,220,66,1,146,24119058114905,24119265756711,207641,0,1,202974,206547,0,,,,151,188,39,1,1,0,79,0,0
153,scan,152,1,24119358352075,,24119358493590,24119360731344,37.302,1.1178,0.2106,1.4726,1,0.3789,378,220,31,220,60,1,147,24119108457477,24119315771399,207313,0,1,202974,206581,0,,,,152,195,31,1,1,0,79,0,0
154,scan,153,1,24119408514519,,24119408640295,24119410746840,37.352,1.1190,0.2236,1.4792,1,0.3687,368,220,18,220,55,1,148,24119158189882,24119362814734,204624,0,1,202974,206543,0,,,,153,184,18,1,1,0,79,0,0
155,scan,154,1,24119458375391,,24119458538330,24119460744815,37.402,1.1197,0.2302,1.4787,1,0.3520,351,220,19,220,45,1,149,24119208224194,24119415466206,207242,0,1,202974,206573,0,,,,154,166,19,1,1,0,79,0,0
156,scan,155,1,24119508493115,,24119508677981,24119510909105,37.452,1.1208,0.2420,1.4775,1,0.3392,339,220,21,220,44,1,150,24119258794361,24119463353091,204558,0,1,202974,206543,0,,,,155,152,21,1,1,0,79,0,0
157,scan,156,1,24119558981610,,24119559183221,24119561112101,37.502,1.1213,0.2476,1.4792,1,0.3561,356,220,18,220,38,1,151,24119308838205,24119513367766,204529,0,1,202974,206500,0,,,,156,171,18,1,1,0,79,0,0
158,scan,157,1,24119608695749,,24119608826309,24119610981925,37.552,1.1223,0.2585,1.4830,1,0.3463,346,220,11,220,29,1,152,24119358400240,24119565881685,207481,0,1,202974,206542,0,,,,157,160,11,1,1,0,79,0,0
159,scan,158,1,24119658795009,,24119658923304,24119660862537,37.602,1.1228,0.2643,1.4835,1,0.3415,341,220,10,220,18,1,153,24119408559093,24119612689190,204130,0,1,202974,206485,0,,,,158,155,10,1,1,0,79,0,0
160,scan,159,1,24119708727087,,24119708852530,24119710764842,37.652,1.1237,0.2750,1.4826,1,0.3218,321,220,12,220,19,1,154,24119458424045,24119665635735,207211,0,1,202974,206527,0,,,,159,133,12,1,1,0,79,0,0
161,scan,160,1,24119758775984,,24119758938462,24119760804797,37.702,1.1242,0.2802,1.4827,1,0.3293,329,220,12,220,21,1,155,24119508553897,24119716094197,207540,0,1,202974,206568,0,,,,160,141,12,1,1,0,79,0,0
162,scan,161,1,24119809322691,,24119809576201,24119811712391,37.752,1.1250,0.2897,1.4843,1,0.3246,324,220,9,220,18,1,156,24119559049720,24119765813861,206764,0,1,202974,206592,0,,,,161,136,9,1,1,0,79,0,0
163,scan,162,1,24119859118136,,24119859268786,24119860870712,37.802,1.1254,0.2945,1.4850,1,0.3286,328,220,7,220,11,1,157,24119608741001,24119815711564,206970,0,1,202974,206607,0,,,,162,140,7,1,1,0,79,0,0
164,scan,163,1,24119909201818,,24119909379104,24119910992092,37.852,1.1258,0.2991,1.4853,1,0.3242,324,220,7,220,12,1,158,24119658839151,24119865843201,207004,0,1,202974,206606,0,,,,163,136,7,1,1,0,79,0,0
165,scan,164,1,24119958981824,,24119959126421,24119960805499,37.902,1.1266,0.3086,1.4852,1,0.3190,318,220,7,220,12,1,159,24119708767125,24119915832826,207065,0,1,202974,206681,0,,,,164,129,7,1,1,0,79,0,0
166,scan,165,1,24120008804412,,24120008939771,24120010797034,37.952,1.1270,0.3132,1.4854,1,0.3149,314,220,7,220,11,1,160,24119758840442,24119965848440,207007,0,1,202974,206675,0,,,,165,125,7,1,1,0,79,0,0
167,scan,166,1,24120058891057,,24120059049376,24120060904353,38.002,1.1278,0.3218,1.4862,1,0.3138,313,220,5,220,10,1,161,24119809403175,24120013539033,204135,0,1,202974,206678,0,,,,166,124,5,1,1,0,79,0,0
168,scan,167,1,24120108972891,,24120109110529,24120110746693,38.052,1.1281,0.3260,1.4865,1,0.2976,297,220,4,220,7,1,162,24119859170266,24120065595248,206424,0,1,202974,206657,0,,,,167,106,4,1,1,0,79,0,0
169,scan,168,1,24120159033186,,24120159161860,24120160883684,38.102,1.1288,0.3343,1.4867,1,0.3088,308,220,4,220,8,1,163,24119909263294,24120116163881,206900,0,1,202974,206662,0,,,,168,118,4,1,1,0,79,0,0
170,scan,169,1,24120209217116,,24120209337668,24120210771562,38.152,1.1291,0.3379,1.4868,1,0.2947,294,220,4,220,9,1,164,24119959030766,24120165959833,206929,0,1,202974,206640,0,,,,169,103,4,1,1,0,79,0,0
171,scan,170,1,24120259197918,,24120259326383,24120260843533,38.202,1.1297,0.3454,1.4872,1,0.2942,294,220,3,220,8,1,165,24120008851501,24120214945409,206093,0,1,202974,206618,0,,,,170,103,3,1,1,0,79,0,0
172,scan,171,1,24120309356379,,24120309503675,24120311755436,38.252,1.1300,0.3489,1.4874,1,0.2976,297,220,3,220,7,1,166,24120058944846,24120264714423,205769,0,1,202974,206577,0,,,,171,106,3,1,1,0,79,0,0
173,scan,172,1,24120359494125,,24120359632873,24120361729975,38.302,1.1306,0.3559,1.4876,1,0.3010,300,220,2,220,6,1,167,24120109020079,24120315611415,206591,0,1,202974,206551,0,,,,172,110,2,1,1,0,79,0,0
174,scan,173,1,24120409344557,,24120409473584,24120411734275,38.352,1.1309,0.3595,1.4876,1,0.3001,300,220,2,220,5,1,168,24120159077982,24120365720341,206642,0,1,202974,206524,0,,,,173,110,2,1,1,0,79,0,0
175,scan,174,1,24120459909487,,24120460159326,24120461834867,38.402,1.1315,0.3670,1.4878,1,0.2986,298,220,2,220,4,1,169,24120209257642,24120415933014,206675,0,1,202974,206504,0,,,,174,107,2,1,1,0,79,0,0
176,scan,175,1,24120509747588,,24120509916148,24120511828901,38.452,1.1318,0.3707,1.4879,1,0.2848,284,220,2,220,5,1,170,24120259240693,24120466054868,206814,0,1,202974,206484,0,,,,175,100,2,1,1,0,79,0,0
177,scan,176,1,24120559470560,,24120559592035,24120561814786,38.502,1.1324,0.3777,1.4880,1,0.2973,297,220,2,220,5,1,171,24120309400068,24120516138141,206738,0,1,202974,206528,0,,,,176,106,2,1,1,0,79,0,0
178,scan,177,1,24120609942962,,24120610078478,24120611903332,38.552,1.1327,0.3811,1.4881,1,0.3029,302,220,1,220,4,1,172,24120359536903,24120567265764,207728,0,1,202974,206534,0,,,,177,112,1,1,1,0,79,0,0
179,scan,178,1,24120659644194,,24120659791946,24120661839358,38.602,1.1333,0.3885,1.4882,1,0.2956,295,220,1,220,3,1,173,24120409388444,24120613998060,204609,0,1,202974,206535,0,,,,178,104,1,1,1,0,79,0,0
180,scan,179,1,24120709774246,,24120709900662,24120711849572,38.652,1.1336,0.3923,1.4883,1,0.2929,292,220,1,220,4,1,174,24120459974259,24120667463539,207489,0,1,202974,206538,0,,,,179,101,1,1,1,0,79,0,0
181,scan,180,1,24120759982673,,24120760154708,24120761910388,38.702,1.1339,0.3958,1.4883,1,0.3058,305,220,1,220,3,1,175,24120509802876,24120716340482,206537,0,1,202974,206516,0,,,,180,115,1,1,1,0,79,0,0
182,scan,181,1,24120809727908,,24120809867588,24120811797514,38.752,1.1345,0.4027,1.4883,1,0.2922,292,220,1,220,2,1,176,24120559510879,24120767058110,207547,0,1,202974,206520,0,,,,181,101,1,1,1,0,79,0,0
183,scan,182,1,24120859842950,,24120859985740,24120861887701,38.802,1.1348,0.4066,1.4884,1,0.2978,297,220,1,220,4,1,177,24120609990480,24120816520601,206530,0,1,202974,206495,0,,,,182,106,1,1,1,0,79,0,0
184,scan,183,1,24120909773135,,24120909896428,24120911829741,38.852,1.1354,0.4136,1.4886,1,0.3039,303,220,0,220,2,1,178,24120659704463,24120867256101,207551,0,1,202974,206490,0,,,,183,113,0,1,1,0,79,0,0
185,scan,184,1,24120960226892,,24120960376081,24120961752769,38.902,1.1357,0.4172,1.4887,1,0.3019,301,220,0,220,4,1,179,24120709815220,24120916865185,207049,0,1,202974,206542,0,,,,184,111,0,1,1,0,79,0,0
186,scan,185,1,24121010127381,,24121010250331,24121011789265,38.952,1.1363,0.4248,1.4886,1,0.2990,299,220,0,220,3,1,180,24120760062965,24120967188018,207125,0,1,202974,206536,0,,,,185,108,0,1,1,0,79,0,0
187,scan,186,1,24121060252892,,24121060543884,24121062717437,39.002,1.1366,0.4286,1.4886,1,0.3127,312,220,1,220,2,1,181,24120809779230,24121014246838,204467,0,1,202974,206527,0,,,,186,123,1,1,1,0,79,0,0
188,scan,187,1,24121110267685,,24121110476825,24121112806669,39.052,1.1373,0.4362,1.4886,1,0.3081,308,220,0,220,3,1,182,24120859893916,24121066793490,206899,0,1,202974,206510,0,,,,187,118,0,1,1,0,79,0,0
189,scan,188,1,24121160318336,,24121160451772,24121162741425,39.102,1.1376,0.4403,1.4887,1,0.3185,318,220,0,220,0,1,183,24120909813967,24121117095459,207281,0,1,202974,206516,0,,,,188,129,0,1,1,0,79,0,0
190,scan,189,1,24121210094217,,24121210218722,24121211764998,39.152,1.1383,0.4486,1.4888,1,0.3171,317,220,0,220,2,1,184,24120960278346,24121167347006,207068,0,1,202974,206530,0,,,,189,128,0,1,1,0,79,0,0
191,scan,190,1,24121260741231,,24121260905618,24121262858634,39.202,1.1386,0.4530,1.4888,1,0.3404,340,220,0,220,0,1,185,24121010167716,24121216112961,205945,0,1,202974,206515,0,,,,190,154,0,1,1,0,79,0,0
192,scan,191,1,24121310852297,,24121310987070,24121312829717,39.252,1.1394,0.4625,1.4888,1,1.0354,1035,220,0,220,2,1,186,24121060447298,24121266470568,206023,0,1,202974,206475,0,,,,191,220,0,1,0,0,79,0,0
193,scan,192,1,24121360836009,,24121360971756,24121362776371,39.302,1.1398,0.4677,1.4888,1,1.0214,1021,220,0,220,0,1,187,24121110333450,24121317816267,207482,0,1,202974,206479,0,,,,192,220,0,1,0,0,79,0,0
194,scan,193,1,24121410514058,,24121410631789,24121412846652,39.352,1.1410,0.4815,1.4890,1,1.0134,1013,220,0,220,2,1,188,24121160364888,24121367400519,207035,0,1,202974,206539,0,,,,193,220,0,1,0,0,79,0,0
195,scan,194,1,24121460799727,,24121460936650,24121462859425,39.402,1.1416,0.4890,1.4890,1,1.0257,1025,220,0,220,0,1,189,24121210135821,24121417427688,207291,0,1,202974,206541,0,,,,194,220,0,1,0,0,79,0,0
196,scan,195,1,24121511095823,,24121511221654,24121512787192,39.452,1.1428,0.5039,1.4889,1,1.0220,1022,220,0,220,2,1,190,24121260797345,24121467409204,206611,0,1,202974,206592,0,,,,195,220,0,1,0,0,79,0,0
197,scan,196,1,24121560928106,,24121561090887,24121562790804,39.502,1.1434,0.5113,1.4889,1,1.0253,1025,220,0,220,0,1,191,24121310898977,24121517639726,206740,0,1,202974,206647,0,,,,196,220,0,1,0,0,79,0,0
198,scan,197,1,24121611203277,,24121611360351,24121613004490,39.552,1.1440,0.5188,1.4889,1,1.0035,1003,220,0,220,1,1,192,24121360881614,24121567689998,206808,0,1,202974,206630,0,,,,197,220,0,1,0,0,79,0,0
199,scan,198,1,24121660894785,,24121661018889,24121662772738,39.602,1.1453,0.5337,1.4890,1,1.0240,1023,220,0,220,1,1,193,24121410551170,24121618145460,207594,0,1,202974,206717,0,,,,198,220,0,1,0,0,79,0,0
200,scan,199,1,24121710860420,,24121711014782,24121712785701,39.652,1.1459,0.5412,1.4889,1,1.0138,1013,220,0,220,2,1,194,24121460844985,24121665213447,204368,0,1,202974,206646,0,,,,199,220,0,1,0,0,79,0,0
201,scan,200,1,24121760946675,,24121761090858,24121762769148,39.702,1.1471,0.5561,1.4889,1,1.0120,1011,220,0,220,2,1,195,24121511134025,24121717914013,206779,0,1,202974,206627,0,,,,200,220,0,1,0,0,79,0,0
202,scan,201,1,24121811791425,,24121812134247,24121813999389,39.752,1.1477,0.5635,1.4889,1,1.0168,1016,220,0,220,0,1,196,24121560982515,24121765022101,204039,0,1,202974,206559,0,,,,201,220,0,1,0,0,79,0,0
203,scan,202,1,24121860834564,,24121860973277,24121862786824,39.802,1.1489,0.5784,1.4889,1,1.0106,1010,220,0,220,1,1,197,24121611267042,24121818172162,206905,0,1,202974,206557,0,,,,202,220,0,1,0,0,79,0,0
204,scan,203,1,24121911217232,,24121911393738,24121913718130,39.852,1.1495,0.5859,1.4889,1,1.0159,1015,220,0,220,0,1,198,24121660937808,24121867556127,206618,0,1,202974,206548,0,,,,203,220,0,1,0,0,79,0,0
205,scan,204,1,24121961197504,,24121961324523,24121962736165,39.902,1.1508,0.6008,1.4889,1,1.0187,1018,220,0,220,2,1,199,24121710913754,24121918101904,207188,0,1,202974,206551,0,,,,204,220,0,1,0,0,79,0,0
206,scan,205,1,24122011401990,,24122011540865,24122013880862,39.952,1.1514,0.6083,1.4889,1,1.0175,1017,220,0,220,1,1,200,24121760994450,24121968094599,207100,0,1,202974,206553,0,,,,205,220,0,1,0,0,79,0,0
207,scan,206,1,24122061019223,,24122061155207,24122062768944,40.002,1.1526,0.6232,1.4889,1,1.0121,1012,220,0,220,2,1,201,24121811880843,24122016528903,204648,0,1,202974,206566,0,,,,206,220,0,1,0,0,79,0,0
208,scan,207,1,24122111196937,,24122111323694,24122112929210,40.052,1.1532,0.6306,1.4889,1,1.0078,1007,220,0,220,2,1,202,24121860880975,24122068122940,207241,0,1,202974,206586,0,,,,207,220,0,1,0,0,79,0,0
209,scan,208,1,24122161450772,,24122161579354,24122163745804,40.102,1.1544,0.6455,1.4889,1,1.0022,1002,220,0,220,3,1,203,24121911279379,24122117631532,206352,0,1,202974,206572,0,,,,208,220,0,1,0,0,79,0,0
210,scan,209,1,24122211260933,,24122211409376,24122213693818,40.152,1.1550,0.6530,1.4889,1,1.0216,1021,220,0,220,2,1,204,24121961239508,24122167796367,206556,0,1,202974,206563,0,,,,209,220,0,1,0,0,79,0,0
211,scan,210,1,24122261193437,,24122261329510,24122263680926,40.202,1.1563,0.6679,1.4889,1,1.0003,1000,220,0,220,0,1,205,24122011449452,24122218735320,207285,0,1,202974,206593,0,,,,210,220,0,1,0,0,79,0,0
212,scan,211,1,24122311370844,,24122311496652,24122313774815,40.252,1.1569,0.6754,1.4889,1,0.9953,995,220,0,220,3,1,206,24122061064157,24122271100087,210035,0,1,202974,206700,0,,,,211,220,0,1,0,0,79,0,0
213,scan,212,1,24122361096372,,24122361214801,24122362770068,40.302,1.1581,0.6903,1.4889,1,1.0065,1006,220,0,220,0,1,207,24122111239961,24122317877625,206637,0,1,202974,206701,0,,,,212,220,0,1,0,0,79,0,0
214,scan,213,1,24122411505251,,24122411658638,24122413839639,40.352,1.1587,0.6977,1.4889,1,1.0067,1006,220,0,220,0,1,208,24122161494512,24122368279750,206785,0,1,202974,206704,0,,,,213,220,0,1,0,0,79,0,0
215,scan,214,1,24122461375500,,24122461509008,24122463715215,40.402,1.1593,0.7052,1.4889,1,1.0090,1009,220,0,220,1,1,209,24122211309729,24122417623561,206313,0,1,202974,206695,0,,,,214,220,0,1,0,0,79,0,0
216,scan,215,1,24122511669768,,24122511841911,24122513782622,40.452,1.1605,0.7201,1.4889,1,1.0165,1016,220,0,220,0,1,210,24122261237763,24122473966160,212728,0,1,202974,206843,0,,,,215,220,0,1,0,0,79,0,0
217,scan,216,1,24122561855428,,24122562001458,24122563806372,40.502,1.1612,0.7275,1.4889,1,0.9870,986,220,0,220,2,1,211,24122311414331,24122518123595,206709,0,1,202974,206842,0,,,,216,220,0,1,0,0,79,0,0
218,scan,217,1,24122611961585,,24122612140530,24122613874360,40.552,1.1624,0.7424,1.4889,1,1.0050,1005,220,0,220,1,1,212,24122361132524,24122570680101,209547,0,1,202974,206888,0,,,,217,220,0,1,0,0,79,0,0
219,scan,218,1,24122662222009,,24122662395438,24122664666615,40.602,1.1630,0.7499,1.4889,1,0.9884,988,220,0,220,2,1,213,24122411553327,24122616095578,204542,0,1,202974,206886,0,,,,218,220,0,1,0,0,79,0,0
220,scan,219,1,24122712181373,,24122712311504,24122713791200,40.652,1.1642,0.7648,1.4889,1,0.9823,982,220,0,220,0,1,214,24122461421452,24122673040775,211619,0,1,202974,206989,0,,,,219,220,0,1,0,0,79,0,0
221,scan,220,1,24122762265326,,24122762404784,24122764728239,40.702,1.1648,0.7723,1.4889,1,1.0066,1006,220,0,220,3,1,215,24122511734918,24122716127550,204392,0,1,202974,206936,0,,,,220,220,0,1,0,0,79,0,0
222,scan,221,1,24122812832593,,24122812963098,24122814990345,40.752,1.1661,0.7872,1.4889,1,0.9931,993,220,0,220,0,1,216,24122561898211,24122773537343,211639,0,1,202974,207038,0,,,,221,220,0,1,0,0,79,0,0
223,scan,222,1,24122862242118,,24122862373584,24122863765658,40.802,1.1667,0.7946,1.4889,1,0.9978,997,220,0,220,0,1,217,24122612044383,24122841473577,229429,0,1,202974,207611,0,,,,222,220,0,1,0,0,79,0,0
224,scan,223,1,24122911932890,,24122912110324,24122913913520,40.852,1.1679,0.8095,1.4889,1,1.0088,1008,220,0,220,1,1,218,24122662281102,24122885201520,222920,0,1,202974,207995,0,,,,223,220,0,1,0,0,79,0,0
225,scan,224,1,24122962092792,,24122962274455,24122963807381,40.902,1.1685,0.8170,1.4889,1,0.9857,985,220,0,220,0,1,219,24122712223788,24122916461015,204237,0,1,202974,207924,0,,,,224,220,0,1,0,0,79,0,0
226,scan,225,1,24123011896873,,24123012079437,24123014694988,40.952,1.1697,0.8319,1.4889,1,0.9832,983,220,0,220,2,1,220,24122762307773,24122982117709,219809,0,1,202974,208242,0,,,,225,220,0,1,0,0,79,0,0
227,scan,226,1,24123062003180,,24123062128010,24123063861385,41.002,1.1703,0.8394,1.4889,1,1.0001,1000,220,0,220,1,1,221,24122812879697,24123044244384,231364,0,1,202974,208914,0,,,,226,220,0,1,0,0,79,0,0
228,scan,227,1,24123112108254,,24123112258706,24123113880677,41.052,1.1716,0.8543,1.4889,1,1.0010,1000,220,0,220,3,1,222,24122862289065,24123084516966,222227,0,1,202974,209297,0,,,,227,220,0,1,0,0,79,0,0
229,scan,228,1,24123162268073,,24123162438375,24123163759822,41.102,1.1722,0.8617,1.4889,1,0.9756,975,220,0,220,2,1,223,24122911980102,24123119403888,207423,0,1,202974,209301,0,,,,228,220,0,1,0,0,79,0,0
230,scan,229,1,24123213024808,,24123213314649,24123214977215,41.152,1.1734,0.8766,1.4889,1,0.9839,983,220,0,220,-1,1,224,24122962145272,24123186758207,224612,0,1,202974,209739,0,,,,229,220,0,1,0,0,79,0,0
231,scan,230,1,24123262200222,,24123262329135,24123263831855,41.202,1.1740,0.8841,1.4889,1,0.9874,987,220,0,220,3,1,225,24123011945960,24123248965762,237019,0,1,202974,210516,0,,,,230,220,0,1,0,0,79,0,0
232,scan,231,1,24123312524740,,24123312650263,24123314858562,41.252,1.1746,0.8915,1.4889,1,0.9815,981,220,0,220,3,1,225,,,,1,1,202974,210631,0,,,,231,220,0,1,0,0,79,0,0
233,scan,232,1,24123362688763,,24123362811052,24123364820522,41.302,1.1758,0.9065,1.4889,1,0.9832,983,220,-1,220,4,1,227,24123112163337,24123317386480,205223,0,1,202974,210574,0,,,,232,220,-1,1,0,0,79,0,0
234,scan,233,1,24123412865310,,24123413062375,24123414851480,41.352,1.1764,0.9139,1.4889,1,0.9751,975,220,-1,220,0,1,228,24123162328906,24123388310736,225981,0,1,202974,211059,0,,,,233,220,-1,1,0,0,79,0,0
235,scan,234,1,24123462742627,,24123462873910,24123464816443,41.402,1.1777,0.9288,1.4889,1,0.9827,982,220,0,220,-1,1,229,24123213106513,24123456791192,243684,0,1,202974,211992,0,,,,234,220,0,1,0,0,79,0,0
236,scan,235,1,24123513321120,,24123513488270,24123515762979,41.452,1.1783,0.9363,1.4888,1,0.9792,979,220,0,220,1,1,230,24123262243575,24123467023802,204780,0,1,202974,211946,0,,,,235,220,0,1,0,0,79,0,0
237,scan,236,1,24123564789113,,24123564924672,24123566837506,41.502,1.1795,0.9512,1.4888,1,0.9883,988,220,0,220,3,1,231,24123312567294,24123526021749,213454,0,1,202974,212118,0,,,,236,220,0,1,0,0,79,0,0
238,scan,237,1,24123614310206,,24123614460734,24123616699555,41.552,1.1801,0.9586,1.4888,1,0.9858,985,220,0,220,2,1,232,24123362729803,24123591159402,228429,0,1,202974,212672,0,,,,237,220,0,1,0,0,79,0,0
239,scan,238,1,24123664100422,,24123664225095,24123665866072,41.602,1.1813,0.9735,1.4889,1,0.9611,961,220,0,220,-2,1,233,24123412911400,24123647945336,235033,0,1,202974,213376,0,,,,238,220,0,1,0,0,79,0,0
240,scan,239,1,24123713544686,,24123713664166,24123715873286,41.652,1.1820,0.9810,1.4888,1,0.9817,981,220,0,220,3,1,234,24123462788526,24123667049399,204260,0,1,202974,213373,0,,,,239,220,0,1,0,0,79,0,0
241,scan,240,1,24123763367739,,24123763500297,24123765677249,41.702,1.1832,0.9959,1.4888,1,0.9669,966,220,0,220,-1,1,235,24123513382633,24123728825843,215443,0,1,202974,213595,0,,,,240,220,0,1,0,0,79,0,0
242,scan,241,1,24123813533923,,24123813696544,24123815865815,41.752,1.1838,1.0034,1.4888,1,0.9591,959,220,0,220,5,1,236,24123564833040,24123772584396,207751,0,1,202974,213690,0,,,,241,220,0,1,0,0,79,0,0
243,scan,242,1,24123863584963,,24123863725420,24123865793947,41.802,1.1850,1.0183,1.4888,1,0.9513,951,220,-1,220,0,1,237,24123614365171,24123852961590,238596,0,1,202974,214503,0,,,,242,220,-1,1,0,0,79,0,0
244,scan,243,1,24123913693408,,24123913816350,24123915789023,41.852,1.1856,1.0257,1.4888,1,0.9304,930,220,-1,220,-2,1,238,24123664140376,24123868458359,204317,0,1,202974,214444,0,,,,243,220,-1,1,0,0,79,0,0
245,scan,244,1,24123963447872,,24123963591737,24123965723167,41.902,1.1869,1.0406,1.4888,1,0.9188,918,220,-1,220,1,1,239,24123713584275,24123931344593,217760,0,1,202974,214715,0,,,,244,220,-1,1,0,0,79,0,0
246,scan,245,1,24124013695442,,24124013862480,24124015797379,41.952,1.1875,1.0481,1.4887,1,0.9091,909,220,0,220,-1,1,240,24123763415077,24123968110986,204695,0,1,202974,214653,0,,,,245,220,0,1,0,0,79,0,0
247,scan,246,1,24124063207005,,24124063328660,24124064863048,42.002,1.1887,1.0630,1.4886,2,0.9010,900,0,1000,220,3,1,241,24123813595362,24124020435939,206840,0,1,202974,214709,0,,,,246,0,1000,1,0,0,79,0,0
248,scan,247,1,24124113403370,,24124113542271,24124115653690,42.052,1.1893,1.0705,1.4887,2,0.8923,892,0,1000,220,1,1,242,24123863629951,24124068068552,204438,0,1,202974,214638,0,,,,247,0,1000,1,0,0,79,0,0
249,scan,248,1,24124163417596,,24124163554782,24124165770182,42.102,1.1898,1.0768,1.4887,2,0.8881,888,0,1000,220,5,1,243,24123913738441,24124121450588,207712,0,1,202974,214672,0,,,,248,0,1000,1,0,0,79,0,0
250,scan,249,1,24124214216630,,24124214346100,24124215797328,42.152,1.1906,1.0859,1.4887,2,0.8718,871,0,1000,220,2,1,244,24123963494638,24124171195492,207700,0,1,202974,214702,0,,,,249,0,1000,1,0,0,79,0,0
251,scan,250,1,24124263714768,,24124263851775,24124265807732,42.202,1.1908,1.0888,1.4887,2,0.8836,883,0,1000,220,-5,1,245,24124013751308,24124221615448,207864,0,1,202974,214717,0,,,,250,0,1000,1,0,0,79,0,0
252,scan,251,1,24124313853054,,24124313988151,24124315893792,42.252,1.1911,1.0926,1.4972,2,0.8594,859,0,1000,0,999,1,246,24124063244754,24124269747121,206502,0,1,202974,214626,0,,,,251,0,1000,1,0,0,79,0,0
253,scan,252,1,24124363631352,,24124363776287,24124365843246,42.302,1.1912,1.0937,1.5151,2,0.8716,871,0,1000,0,999,1,247,24124113446854,24124320895658,207448,0,1,202974,214647,0,,,,252,0,1000,1,0,0,79,0,0
254,scan,253,1,24124414006030,,24124414128936,24124415796570,42.352,1.1912,1.0941,1.5839,2,0.8613,861,0,1000,0,999,1,248,24124163463751,24124369679260,206215,0,1,202974,214632,0,,,,253,0,1000,1,0,0,79,0,0
255,scan,254,1,24124463922750,,24124464117256,24124465804077,42.402,1.1912,1.0940,1.6261,2,0.8725,872,0,1000,0,999,1,249,24124214261858,24124421099402,206837,0,1,202974,214646,0,,,,254,0,1000,1,0,0,79,0,0
256,scan,255,1,24124513783789,,24124513933770,24124515825870,42.452,1.1913,1.0939,1.6966,2,0.8753,875,0,1000,0,999,1,250,24124263760356,24124471832401,208072,0,1,202974,214526,0,,,,255,0,1000,1,0,0,79,0,0
257,scan,256,1,24124563876309,,24124564065570,24124565812956,42.502,1.1913,1.0939,1.7252,2,0.8659,865,0,1000,0,999,1,251,24124313899030,24124521015211,207116,0,1,202974,214537,0,,,,256,0,1000,1,0,0,79,0,0
258,scan,257,1,24124613724432,,24124613857415,24124615861516,42.552,1.1913,1.0937,1.7893,2,0.8771,877,0,1000,0,999,1,252,24124363680937,24124581653419,217972,0,1,202974,214753,0,,,,257,0,1000,1,0,0,79,0,0
259,scan,258,1,24124663789017,,24124663917101,24124665806075,42.602,1.1913,1.0937,1.8265,2,0.8760,876,0,1000,0,999,1,253,24124414047390,24124626210549,212163,0,1,202974,214948,0,,,,258,0,1000,1,0,0,79,0,0
260,scan,259,1,24124713987764,,24124714117627,24124715889280,42.652,1.1913,1.0936,1.8981,2,0.8688,868,0,1000,0,999,1,254,24124463989103,24124671551022,207561,0,1,202974,214844,0,,,,259,0,1000,1,0,0,79,0,0
261,scan,260,1,24124764184165,,24124764320152,24124765879350,42.702,1.1914,1.0935,1.9304,2,0.8644,864,0,1000,0,999,1,255,24124513825452,24124724099862,210274,0,1,202974,214995,0,,,,260,0,1000,1,0,0,79,0,0
262,scan,261,1,24124814355753,,24124814494037,24124816750969,42.752,1.1914,1.0934,1.9952,2,0.8735,873,0,1000,0,999,1,256,24124563924536,24124786399371,222474,0,1,202974,215273,0,,,,261,0,1000,1,0,0,79,0,0
263,scan,262,1,24124863872293,,24124864035093,24124865870937,42.802,1.1915,1.0934,2.0300,2,0.8685,868,0,1000,0,999,1,257,24124613766627,24124830205069,216438,0,1,202974,214940,0,,,,262,0,1000,1,0,0,79,0,0
264,scan,263,1,24124914664193,,24124914793196,24124916818955,42.852,1.1915,1.0933,2.1003,2,0.8683,868,0,1000,0,999,1,258,24124663829905,24124870061862,206231,0,1,202974,214512,0,,,,263,0,1000,1,0,0,79,0,0
265,scan,264,1,24124964570032,,24124964847896,24124966893543,42.902,1.1915,1.0932,2.1340,2,0.8634,863,0,1000,0,999,1,259,24124714027072,24124928851749,214824,0,1,202974,214783,0,,,,264,0,1000,1,0,0,79,0,0
266,scan,265,1,24125014714193,,24125014899759,24125016976748,42.952,1.1916,1.0932,2.1670,2,0.8660,866,0,1000,0,999,1,260,24124764230753,24124971112676,206881,0,1,202974,214452,0,,,,265,0,1000,1,0,0,79,0,0
267,scan,266,1,24125064522462,,24125064654234,24125066718529,43.002,1.1917,1.0931,2.2341,2,0.8640,863,0,1000,0,999,1,261,24124814398696,24125030929330,216530,0,1,202974,214071,0,,,,266,0,1000,1,0,0,79,0,0
268,scan,267,1,24125114195574,,24125114321938,24125115875680,43.052,1.1917,1.0931,2.2687,2,0.8625,862,0,1000,0,999,1,262,24124863917340,24125092644394,228727,0,1,202974,214238,0,,,,267,0,1000,1,0,0,79,0,0
269,scan,268,1,24125164716395,,24125164883766,24125166853534,43.102,1.1918,1.0930,2.3374,2,0.8595,859,0,1000,0,999,1,263,24124914703899,24125160698447,245994,0,1,202974,215227,0,,,,268,0,1000,1,0,0,79,0,0
270,scan,269,1,24125214860988,,24125215000209,24125216755726,43.152,1.1918,1.0929,2.3711,2,0.8697,869,0,1000,0,999,1,264,24124964668901,24125172481087,207812,0,1,202974,214796,0,,,,269,0,1000,1,0,0,79,0,0
271,scan,270,1,24125264637044,,24125264805154,24125266865402,43.202,1.1919,1.0929,2.4384,2,0.8611,861,0,1000,0,999,1,265,24125014806449,24125229063416,214256,0,1,202974,214212,0,,,,270,0,1000,1,0,0,79,0,0
272,scan,271,1,24125315258927,,24125315401911,24125316783412,43.252,1.1920,1.0928,2.4725,2,0.8721,872,0,1000,0,999,1,266,24125064567870,24125300097476,235529,0,1,202974,214745,0,,,,271,0,1000,1,0,0,79,0,0
273,scan,272,1,24125364727856,,24125364905148,24125366824731,43.302,1.1921,1.0928,2.5409,2,0.8805,880,0,1000,0,999,1,267,24125114240164,24125318329572,204089,0,1,202974,214717,0,,,,272,0,1000,1,0,0,79,0,0
274,scan,273,1,24125414868486,,24125415012611,24125416833822,43.352,1.1921,1.0927,2.5748,2,0.8971,897,0,1000,0,999,1,268,24125164756362,24125370326091,205569,0,1,202974,214207,0,,,,273,0,1000,1,0,0,79,0,0
275,scan,274,1,24125464642433,,24125464773633,24125466761926,43.402,1.1922,1.0927,2.6424,2,0.9004,900,0,909,0,999,1,269,24125214909255,24125436331633,221422,0,1,202974,213650,0,,,,274,0,909,1,0,0,79,0,0
276,scan,275,1,24125514888602,,24125515030858,24125516887159,43.452,1.1923,1.0927,2.6763,2,0.9083,908,0,841,0,999,1,270,24125264679542,24125504539512,239859,0,1,202974,214527,0,,,,275,0,841,1,0,0,79,0,0
277,scan,276,1,24125564964613,,24125565189383,24125566801962,43.502,1.1924,1.0926,2.7406,2,0.9218,921,220,712,0,999,1,271,24125315313534,24125519940218,204626,0,1,202974,214306,0,,,,276,220,712,1,0,0,79,0,0
278,scan,277,1,24125614920216,,24125615128675,24125616799704,43.552,1.1924,1.0926,2.7679,2,0.9338,933,220,658,0,999,1,272,24125364777817,24125573264143,208486,0,1,202974,213808,0,,,,277,220,658,1,0,0,79,0,0
279,scan,278,1,24125665199315,,24125665426826,24125667722109,43.602,1.1893,1.0937,2.8270,2,0.9401,940,220,540,0,997,1,273,24125414911537,24125639580445,224668,0,1,202974,213549,0,,,,278,220,540,1,0,0,79,0,0
280,scan,279,1,24125715010385,,24125715127143,24125716870847,43.652,1.1860,1.0947,2.8656,2,0.9852,985,220,464,0,915,1,274,24125464686859,24125712226356,247539,0,1,202974,214631,0,,,,279,220,464,1,0,0,79,0,0
281,scan,280,1,24125764984892,,24125765120209,24125766750022,43.702,1.1760,1.0971,2.9441,2,0.6130,613,220,308,0,845,1,275,24125514934405,24125719667523,204733,0,1,202974,214363,0,,,,280,220,308,1,0,0,79,0,0
282,scan,281,1,24125814984357,,24125815113436,24125816861040,43.752,1.1698,1.0983,2.9763,2,0.5540,554,220,245,220,703,1,276,24125565028578,24125775413419,210384,0,1,202974,214429,0,,,,281,220,245,1,0,0,79,0,0
283,scan,282,1,24125864973532,,24125865100682,24125866979399,43.802,1.1631,1.0993,2.9998,2,0.5340,533,220,198,220,644,1,277,24125615024766,24125844112026,229087,0,1,202974,214191,0,,,,282,220,198,1,0,0,79,0,0
284,scan,283,1,24125915243870,,24125915367681,24125916835669,43.852,1.1486,1.1012,3.0133,2,0.5433,543,220,173,220,644,1,277,,,,1,1,202974,214444,0,,,,283,220,173,1,0,0,79,0,0
285,scan,284,1,24125966868779,,24125967008427,24125968933699,43.902,1.1412,1.1022,3.0112,2,0.5639,563,220,177,220,447,1,279,24125715055565,24125919268340,204212,0,1,202974,214097,0,,,,284,220,177,1,0,0,79,0,0
286,scan,285,1,24126016154294,,24126016279628,24126017811822,43.952,1.1264,1.1041,3.0209,2,0.5580,557,220,159,220,296,1,280,24125765027093,24125983088618,218061,0,1,202974,214440,0,,,,285,220,159,1,0,0,79,0,0
287,scan,286,1,24126065791551,,24126065931098,24126067761297,44.002,1.1190,1.1050,3.0322,2,0.5510,550,220,137,220,235,1,281,24125815028915,24126051145706,236116,0,1,202974,215190,0,,,,286,220,137,1,0,0,79,0,0
288,scan,287,1,24126115754741,,24126115881535,24126117848130,44.052,1.1041,1.1065,3.0469,2,0.5495,549,220,108,220,190,1,282,24125865017159,24126069197632,204180,0,1,202974,215184,0,,,,287,220,108,1,0,0,79,0,0
289,scan,288,1,24126165961937,,24126166088798,24126167906834,44.102,1.0967,1.1072,3.0482,2,0.5737,573,220,106,220,166,1,283,24125915288513,24126121887093,206598,0,1,202974,215155,0,,,,288,220,106,1,0,0,79,0,0
290,scan,289,1,24126215786631,,24126215917278,24126217789408,44.152,1.0818,1.1085,3.0516,2,0.9949,994,220,100,220,170,1,284,24125966918166,24126185861193,218943,0,1,202974,215443,0,,,,289,220,100,1,0,0,79,0,0
291,scan,290,1,24126265839264,,24126265991936,24126267811655,44.202,1.0743,1.1092,3.0565,2,0.9890,989,220,90,220,152,1,285,24126016197298,24126256914778,240717,0,1,202974,216286,0,,,,290,220,90,1,0,0,79,0,0
292,scan,291,1,24126316279333,,24126316444537,24126318683758,44.252,1.0594,1.1104,3.0664,2,0.9634,963,220,71,220,132,1,286,24126065841370,24126270210881,204369,0,1,202974,216231,0,,,,291,220,71,1,0,0,79,0,0
293,scan,292,1,24126365713824,,24126365847344,24126367842829,44.302,1.0520,1.1109,3.0689,2,0.9536,953,220,66,220,103,1,287,24126115797682,24126324359673,208561,0,1,202974,216260,0,,,,292,220,66,1,0,0,79,0,0
294,scan,293,1,24126415560008,,24126415693332,24126417748257,44.352,1.0371,1.1120,3.0716,2,0.9597,959,220,61,220,102,1,288,24126166003540,24126389449371,223445,0,1,202974,216701,0,,,,293,220,61,1,0,0,79,0,0
295,scan,294,1,24126465899613,,24126466039462,24126467771148,44.402,1.0296,1.1125,3.0736,2,0.9435,943,220,58,220,96,1,289,24126215830325,24126457923714,242093,0,1,202974,217605,0,,,,294,220,58,1,0,0,79,0,0
296,scan,295,1,24126515722390,,24126515878849,24126517758105,44.452,1.0147,1.1135,3.0790,2,0.9404,940,220,47,220,88,1,290,24126265896616,24126470198507,204301,0,1,202974,217509,0,,,,295,220,47,1,0,0,79,0,0
297,scan,296,1,24126565915512,,24126566041422,24126567767329,44.502,1.0072,1.1140,3.0812,2,0.9214,921,220,43,220,69,1,291,24126316322391,24126525817173,209494,0,1,202974,217570,0,,,,296,220,43,1,0,0,79,0,0
298,scan,297,1,24126616579124,,24126616846928,24126618808676,44.552,0.9923,1.1149,3.0838,2,0.9066,906,220,38,220,64,1,292,24126365758169,24126597394719,231636,0,1,202974,217920,0,,,,297,220,38,1,0,0,79,0,0
299,scan,298,1,24126665879867,,24126666030306,24126667750805,44.602,0.9848,1.1153,3.0849,2,0.9170,916,220,36,220,59,1,293,24126415598608,24126619848867,204250,0,1,202974,217717,0,,,,298,220,36,1,0,0,79,0,0
300,scan,299,1,24126715693655,,24126715842807,24126717782640,44.652,0.9773,1.1157,3.0861,2,0.8992,899,220,34,220,55,1,294,24126465947491,24126672814355,206866,0,1,202974,217699,0,,,,299,220,34,1,0,0,79,0,0
301,scan,300,1,24126766900313,,24126767032133,24126768859646,44.702,0.9624,1.1165,3.0891,2,0.8892,889,220,28,220,46,1,295,24126515772303,24126733706026,217933,0,1,202974,217896,0,,,,300,220,28,1,0,0,79,0,0
302,scan,301,1,24126817115910,,24126817281547,24126819624288,44.752,0.9549,1.1169,3.0903,2,0.8716,871,220,25,220,42,1,296,24126565957822,24126800686148,234728,0,1,202974,218210,0,,,,301,220,25,1,0,0,79,0,0
303,scan,302,1,24126866853507,,24126866988037,24126868865740,44.802,0.9400,1.1177,3.0920,2,0.8682,868,220,22,220,37,1,297,24126616661515,24126820982967,204321,0,1,202974,217899,0,,,,302,220,22,1,0,0,79,0,0
304,scan,303,1,24126916870796,,24126917004241,24126918834567,44.852,0.9325,1.1180,3.0926,2,0.8575,857,220,21,220,35,1,298,24126665930035,24126873626827,207696,0,1,202974,217937,0,,,,303,220,21,1,0,0,79,0,0
305,scan,304,1,24126966872669,,24126966998406,24126968860838,44.902,0.9175,1.1188,3.0941,2,0.8612,861,220,18,220,33,1,299,24126715750275,24126938150551,222400,0,1,202974,218131,0,,,,304,220,18,1,0,0,79,0,0
306,scan,305,1,24127017522746,,24127017669244,24127019881483,44.952,0.9101,1.1191,3.0949,2,0.8303,830,220,17,220,28,1,300,24126766943503,24127004362288,237418,0,1,202974,218914,0,,,,305,220,17,1,0,0,79,0,0
307,scan,306,1,24127067274982,,24127067408717,24127069759735,45.002,0.8951,1.1198,3.0962,2,0.8315,831,220,14,220,26,1,301,24126817165678,24127021612787,204447,0,1,202974,218604,0,,,,306,220,14,1,0,0,79,0,0
308,scan,307,1,24127117365597,,24127117520715,24127119699780,45.052,0.8877,1.1201,3.0967,2,0.7966,796,220,13,220,22,1,302,24126866898288,24127075174726,208276,0,1,202974,218080,0,,,,307,220,13,1,0,0,79,0,0
309,scan,308,1,24127167056634,,24127167198990,24127168813779,45.102,0.8727,1.1208,3.0976,2,0.8024,802,220,12,220,20,1,303,24126916918257,24127140880804,223962,0,1,202974,217515,0,,,,308,220,12,1,0,0,79,0,0
310,scan,309,1,24127216996939,,24127217123293,24127218836951,45.152,0.8653,1.1211,3.0981,2,0.7791,779,220,11,220,19,1,304,24126966917422,24127211277741,244360,0,1,202974,218452,0,,,,309,220,11,1,0,0,79,0,0
311,scan,310,1,24127266704382,,24127266830285,24127268868613,45.202,0.8503,1.1218,3.0991,2,0.7779,777,220,9,220,16,1,305,24127017572637,24127221951556,204378,0,1,202974,218199,0,,,,310,220,9,1,0,0,79,0,0
312,scan,311,1,24127316991335,,24127317123170,24127318814082,45.252,0.8429,1.1221,3.0994,2,0.7622,762,220,8,220,15,1,306,24127067319165,24127280685014,213365,0,1,202974,217630,0,,,,311,220,8,1,0,0,79,0,0
313,scan,312,1,24127366718765,,24127366870052,24127368951334,45.302,0.8279,1.1227,3.1000,2,0.7581,758,220,7,220,13,1,307,24127117416199,24127347088953,229672,0,1,202974,218286,0,,,,312,220,7,1,0,0,79,0,0
314,scan,313,1,24127416832843,,24127416961610,24127418849641,45.352,0.8205,1.1230,3.1002,2,0.7488,748,220,7,220,11,1,308,24127167103137,24127371484043,204380,0,1,202974,218256,0,,,,313,220,7,1,0,0,79,0,0
315,scan,314,1,24127467333169,,24127467603712,24127469744400,45.402,0.8055,1.1236,3.1007,2,0.7382,738,220,6,220,11,1,309,24127217042225,24127420526413,203484,0,1,202974,217796,0,,,,314,220,6,1,0,0,79,0,0
316,scan,315,1,24127516719669,,24127516848047,24127518799860,45.452,0.7981,1.1239,3.1010,2,0.7251,725,220,5,220,9,1,310,24127266745300,24127482812726,216067,0,1,202974,217186,0,,,,315,220,5,1,0,0,79,0,0
317,scan,316,1,24127566684882,,24127566812601,24127568796402,45.502,0.7906,1.1242,3.1012,2,0.7201,720,220,5,220,9,1,311,24127317035894,24127553258793,236222,0,1,202974,217996,0,,,,316,220,5,1,0,0,79,0,0
318,scan,317,1,24127616762842,,24127616899875,24127618871489,45.552,0.7756,1.1248,3.1015,2,0.7214,721,220,4,220,8,1,312,24127366770132,24127571077134,204307,0,1,202974,217889,0,,,,317,220,4,1,0,0,79,0,0
319,scan,318,1,24127666655050,,24127666782852,24127668784362,45.602,0.7682,1.1251,3.1017,2,0.7092,709,220,4,220,7,1,313,24127416876937,24127621397227,204520,0,1,202974,217372,0,,,,318,220,4,1,0,0,79,0,0
320,scan,319,1,24127716972717,,24127717095543,24127718728137,45.652,0.7532,1.1257,3.1020,2,0.6932,693,220,3,220,6,1,314,24127467415045,24127689332366,221917,0,1,202974,216715,0,,,,319,220,3,1,0,0,79,0,0
321,scan,320,1,24127766883300,,24127767025896,24127768775873,45.702,0.7457,1.1260,3.1021,2,0.6854,685,220,3,220,6,1,315,24127516763657,24127755933841,239170,0,1,202974,217598,0,,,,320,220,3,1,0,0,79,0,0
322,scan,321,1,24127816708580,,24127816846170,24127818765940,45.752,0.7308,1.1266,3.1023,2,0.6791,679,220,3,220,5,1,316,24127566728722,24127770817661,204088,0,1,202974,217437,0,,,,321,220,3,1,0,0,79,0,0
323,scan,322,1,24127867380466,,24127867517738,24127869686948,45.802,0.7233,1.1269,3.1024,2,0.6642,664,220,2,220,4,1,317,24127616810201,24127826977202,210167,0,1,202974,216952,0,,,,322,220,2,1,0,0,79,0,0
324,scan,323,1,24127917172621,,24127917339871,24127919024491,45.852,0.7084,1.1275,3.1026,2,0.6384,638,220,2,220,3,1,318,24127666698503,24127895023158,228324,0,1,202974,217236,0,,,,323,220,2,1,0,0,79,0,0
325,scan,324,1,24127967252331,,24127967402418,24127968809449,45.902,0.7009,1.1278,3.1027,2,0.6449,644,220,2,220,4,1,319,24127717017518,24127921078716,204061,0,1,202974,217232,0,,,,324,220,2,1,0,0,79,0,0
326,scan,325,1,24128017096713,,24128017224687,24128018835738,45.952,0.6859,1.1284,3.1028,2,0.6389,638,220,2,220,4,1,320,24127766932137,24127971561106,204628,0,1,202974,216896,0,,,,325,220,2,1,0,0,79,0,0
327,scan,326,1,24128067308966,,24128067441406,24128069854574,46.002,0.6784,1.1287,3.1028,2,0.6182,618,220,2,220,4,1,321,24127816752123,24128029789625,213037,0,1,202974,216320,0,,,,326,220,2,1,0,0,79,0,0
328,scan,327,1,24128117767097,,24128117896932,24128119801104,46.052,0.6635,1.1292,3.1030,2,0.6095,609,220,1,220,4,1,322,24127867425773,24128097706876,230281,0,1,202974,216972,0,,,,327,220,1,1,0,0,79,0,0
329,scan,328,1,24128167891442,,24128168158268,24128169935486,46.102,0.6560,1.1295,3.1031,2,0.6041,604,220,1,220,1,1,323,24127917227564,24128121865958,204638,0,1,202974,216923,0,,,,328,220,1,1,0,0,79,0,0
330,scan,329,1,24128217743784,,24128217877198,24128219802461,46.152,0.6411,1.1301,3.1032,2,0.5892,589,220,1,220,2,1,324,24127967299692,24128172147416,204847,0,1,202974,216571,0,,,,329,220,1,1,0,0,79,0,0
331,scan,330,1,24128267784925,,24128267947224,24128269756449,46.202,0.6336,1.1304,3.1032,2,0.5812,581,220,1,220,1,1,325,24128017139268,24128232724081,215584,0,1,202974,215942,0,,,,330,220,1,1,0,0,79,0,0
332,scan,331,1,24128317941508,,24128318068739,24128319796724,46.252,0.6187,1.1310,3.1032,2,0.5820,581,220,1,220,2,1,326,24128067352193,24128301460473,234108,0,1,202974,216686,0,,,,331,220,1,1,0,0,79,0,0
333,scan,332,1,24128367693776,,24128367827758,24128369853137,46.302,0.6112,1.1312,3.1033,2,0.5682,568,220,1,220,1,1,327,24128117807546,24128322219130,204411,0,1,202974,216582,0,,,,332,220,1,1,0,0,79,0,0
334,scan,333,1,24128418044256,,24128418178087,24128419737197,46.352,0.6037,1.1315,3.1033,2,0.5599,559,220,1,220,2,1,328,24128168038614,24128372177229,204138,0,1,202974,216099,0,,,,333,220,1,1,0,0,79,0,0
335,scan,334,1,24128467986244,,24128468173850,24128469881310,46.402,0.5888,1.1321,3.1034,2,0.5481,548,220,1,220,2,1,329,24128217789802,24128441215451,223425,0,1,202974,215633,0,,,,334,220,1,1,0,0,79,0,0
336,scan,335,1,24128518068468,,24128518240500,24128519806461,46.452,0.5813,1.1324,3.1034,2,0.5443,544,220,1,220,1,1,330,24128267832008,24128509173460,241341,0,1,202974,216559,0,,,,335,220,1,1,0,0,79,0,0
337,scan,336,1,24128567904934,,24128568093393,24128569954976,46.502,0.5664,1.1330,3.1035,2,0.5279,527,220,0,220,2,1,331,24128317980655,24128522079267,204098,0,1,202974,216424,0,,,,336,220,0,1,0,0,79,0,0
338,scan,337,1,24128617730588,,24128617870796,24128619766737,46.552,0.5589,1.1332,3.1035,2,0.5145,514,220,0,220,1,1,332,24128367739247,24128574590731,206851,0,1,202974,215804,0,,,,337,220,0,1,0,0,79,0,0
339,scan,338,1,24128667706150,,24128667835310,24128669768420,46.602,0.5439,1.1338,3.1035,2,0.5136,513,220,0,220,2,1,333,24128418090461,24128644086718,225996,0,1,202974,216348,0,,,,338,220,0,1,0,0,79,0,0
340,scan,339,1,24128718056960,,24128718174589,24128719839713,46.652,0.5365,1.1341,3.1035,2,0.4972,497,220,0,220,2,1,334,24128468080516,24128698057297,229976,0,1,202974,216926,0,,,,339,220,0,1,0,0,79,0,0
341,scan,340,1,24128767920457,,24128768142962,24128770720090,46.702,0.5215,1.1347,3.1035,2,0.4969,496,220,0,220,1,1,335,24128518113471,24128722527809,204414,0,1,202974,216588,0,,,,340,220,0,1,0,0,79,0,0
342,scan,341,1,24128818100176,,24128818270184,24128819768587,46.752,0.5140,1.1349,3.1035,2,0.4815,481,220,0,220,2,1,336,24128567950611,24128778819225,210868,0,1,202974,215991,0,,,,341,220,0,1,0,0,79,0,0
343,scan,342,1,24128867775597,,24128867921499,24128869890913,46.802,0.4991,1.1355,3.1035,2,0.4805,480,220,0,220,0,1,337,24128617774518,24128847020202,229245,0,1,202974,216614,0,,,,342,220,0,1,0,0,79,0,0
344,scan,343,1,24128918591454,,24128918801678,24128920834618,46.852,0.4916,1.1358,3.1035,2,0.4621,462,220,0,220,0,1,338,24128667751041,24128871995377,204244,0,1,202974,216528,0,,,,343,220,0,1,0,0,79,0,0
345,scan,344,1,24128968222102,,24128968351614,24128969914682,46.902,0.4766,1.1364,3.1035,2,0.4556,455,220,0,220,0,1,339,24128718102163,24128922423147,204320,0,1,202974,216076,0,,,,344,220,0,1,0,0,79,0,0
346,scan,345,1,24129018988703,,24129019144048,24129020765064,46.952,0.4692,1.1367,3.1035,2,0.4514,451,220,0,220,2,1,340,24128768039363,24128981704250,213664,0,1,202974,215482,0,,,,345,220,0,1,0,0,79,0,0
347,scan,346,1,24129068636169,,24129068759375,24129070928033,47.002,0.4542,1.1372,3.1035,2,0.4202,420,220,0,220,0,1,341,24128818164292,24129055091834,236927,0,1,202974,216294,0,,,,346,220,0,1,0,0,79,0,0
348,scan,347,1,24129118655368,,24129118782434,24129120785580,47.052,0.4467,1.1375,3.1035,2,0.4212,421,220,0,220,0,1,342,24128867818281,24129072149737,204331,0,1,202974,216195,0,,,,347,220,0,1,0,0,79,0,0
349,scan,348,1,24129169162358,,24129169304792,24129170747307,47.102,0.4318,1.1381,3.1035,2,0.4159,415,220,0,220,0,1,343,24128918665674,24129123089627,204423,0,1,202974,215707,0,,,,348,220,0,1,0,0,79,0,0
350,scan,349,1,24129219202717,,24129219332267,24129220781710,47.152,0.4243,1.1384,3.1035,2,0.4111,411,220,0,220,-1,1,344,24128968264839,24129190515538,222250,0,1,202974,215154,0,,,,349,220,0,1,0,0,79,0,0
351,scan,350,1,24129268869554,,24129268992203,24129270776960,47.202,0.4169,1.1386,3.1035,2,0.3974,397,220,0,220,0,1,345,24129019053097,24129261003192,241950,0,1,202974,216093,0,,,,350,216,0,1,1,0,79,0,0
352,scan,351,1,24129318817972,,24129318974360,24129320764219,47.252,0.4019,1.1392,3.1035,2,0.3971,397,220,0,220,0,1,346,24129068675711,24129273064097,204388,0,1,202974,215869,0,,,,351,216,0,1,1,0,79,0,0
353,scan,352,1,24129369068458,,24129369204213,24129370812708,47.302,0.3946,1.1395,3.1035,2,0.3903,390,220,0,220,0,1,347,24129118697935,24129327118427,208420,0,1,202974,215338,0,,,,352,209,0,1,1,0,79,0,0
354,scan,353,1,24129418839564,,24129418960004,24129420853613,47.352,0.3801,1.1400,3.1035,2,0.3818,381,220,0,220,0,1,348,24129169218391,24129408220424,239002,0,1,202974,216203,0,,,,353,199,0,1,1,0,79,0,0
355,scan,354,1,24129468896265,,24129469038296,24129470847525,47.402,0.3730,1.1403,3.1035,2,0.3737,373,220,0,220,0,1,348,,,,1,1,202974,216529,0,,,,354,190,0,1,1,0,79,0,0
356,scan,355,1,24129518925564,,24129519070856,24129520905114,47.452,0.3594,1.1408,3.1100,2,0.3656,365,220,-13,220,0,1,348,,,,1,1,202974,216542,0,,,,355,181,-13,1,1,0,79,0,0
357,scan,356,1,24129569007881,,24129569143672,24129570766105,47.502,0.3530,1.1410,3.1149,2,0.3632,363,220,-23,220,0,1,348,,,,1,1,202974,216010,0,,,,356,179,-23,1,1,0,79,0,0
358,scan,357,1,24129618741872,,24129618867552,24129620789695,47.552,0.3407,1.1413,3.1131,2,0.3611,361,220,-19,220,0,1,351,24129318862957,24129586129869,267266,0,1,202974,217711,0,,,,357,177,-19,1,1,0,79,0,0
359,scan,358,1,24129668939943,,24129669064694,24129670821268,47.602,0.3346,1.1415,3.1088,2,0.3490,348,220,-11,220,0,1,351,,,,1,1,202974,218078,0,,,,358,162,-11,1,1,0,79,0,0
360,scan,359,1,24129719108745,,24129719228370,24129720844057,47.652,0.3229,1.1419,3.1065,2,0.3485,348,220,-6,220,0,1,351,,,,1,1,202974,217968,0,,,,359,162,-6,1,1,0,79,0,0
361,scan,360,1,24129769260998,,24129769390031,24129771664809,47.702,0.3174,1.1421,3.1092,2,0.3321,332,220,-11,220,0,1,351,,,,1,1,202974,217344,0,,,,360,145,-11,1,1,0,79,0,0
362,scan,361,1,24129819124249,,24129819274128,24129820831578,47.752,0.3068,1.1424,3.1113,2,0.3380,337,220,-16,220,0,1,351,,,,1,1,202974,217746,0,,,,361,150,-16,1,1,0,79,0,0
363,scan,362,1,24129869200997,,24129869321701,24129870922068,47.802,0.3019,1.1426,3.1096,2,0.3315,331,220,-13,220,0,1,351,,,,1,1,202974,217983,0,,,,362,144,-13,1,1,0,79,0,0
364,scan,363,1,24129919264539,,24129919383328,24129921697693,47.852,0.2919,1.1429,3.1066,2,0.3372,337,220,-7,220,-11,1,355,24129518974637,24129883192493,364217,0,1,202974,222230,0,,,,363,150,-7,1,1,0,79,0,0
365,scan,364,1,24129969231549,,24129969376451,24129970751656,47.902,0.2870,1.1431,3.1067,2,0.3243,324,220,-7,220,-21,1,356,24129569054259,24129935144976,366090,0,1,202974,227293,1,24129969349139,,,364,136,-7,1,1,0,79,0,0
366,scan,365,1,24130019450275,,24130019572436,24130021715766,47.952,0.2773,1.1434,3.1077,2,0.3213,321,220,-9,220,-21,1,356,,,,1,1,202974,228024,1,,,,365,133,-9,1,1,0,79,0,0
367,scan,366,1,24130069856480,,24130069990406,24130071839662,48.002,0.2727,1.1436,3.1076,2,0.3172,317,220,-9,220,-9,1,358,24129668981435,24130036436876,367455,0,1,202974,233005,1,,,,366,128,-9,1,1,0,79,0,0
368,scan,367,1,24130119960922,,24130120146907,24130121873148,48.052,0.2682,1.1437,3.1071,2,0.3344,334,220,-8,220,-6,1,359,24129719153078,24130107851084,388698,0,1,202974,238116,1,,,,367,147,-8,1,1,0,79,0,0
369,scan,368,1,24130169698310,,24130169829514,24130171826131,48.102,0.2595,1.1440,3.1058,2,0.3113,311,220,-5,220,-6,1,359,,,,1,1,202974,239232,1,,,,368,122,-5,1,1,0,79,0,0
370,scan,369,1,24130219419611,,24130219541747,24130221701193,48.152,0.2542,1.1442,3.1057,2,0.3247,324,220,-5,220,-10,1,360,24129769307252,24130213487306,444180,0,1,202974,247209,1,,,,369,136,-5,1,1,0,79,0,0
371,scan,370,1,24130269963231,,24130270112467,24130271854523,48.202,0.2455,1.1445,3.1064,2,0.3141,314,220,-6,220,-10,1,360,,,,1,1,202974,248300,1,,,,370,125,-6,1,1,0,79,0,0
372,scan,371,1,24130319865246,,24130319993293,24130321901729,48.252,0.2409,1.1447,3.1063,2,0.3038,303,220,-6,220,-12,1,362,24129869241622,24130307009568,437767,0,1,202974,255323,1,,,,371,113,-6,1,1,0,79,0,0
373,scan,372,1,24130369732145,,24130369866253,24130371747654,48.302,0.2328,1.1450,3.1053,2,0.2953,295,220,-4,220,-6,1,363,24129919305046,24130341331677,422026,0,1,202974,262827,1,,,,372,104,-4,1,1,0,79,0,0
374,scan,373,1,24130419884831,,24130420058150,24130421893663,48.352,0.2289,1.1451,3.1048,2,0.2841,284,220,-3,220,-6,1,363,,,,1,1,202974,264923,1,,,,373,100,-3,1,1,0,79,0,0
375,scan,374,1,24130470057663,,24130470194072,24130471848683,48.402,0.2220,1.1454,3.1049,2,0.3012,301,220,-3,220,-9,1,365,24130019487366,24130457858314,438370,0,1,202974,272599,1,,,,374,111,-3,1,1,0,79,0,0
376,scan,375,1,24130520077908,,24130520203667,24130521752974,48.452,0.2186,1.1455,3.1050,2,0.3089,308,220,-4,220,-9,1,365,,,,1,1,202974,273757,1,,,,375,118,-4,1,1,0,79,0,0
377,scan,376,1,24130570147764,,24130570290523,24130571929525,48.502,0.2104,1.1458,3.1046,2,0.3043,304,220,-3,220,-8,1,366,24130069901002,24130524664191,454763,0,1,202974,283041,1,,,,376,114,-3,1,1,0,79,0,0
378,scan,377,1,24130620416483,,24130620667251,24130622791315,48.552,0.2064,1.1460,3.1042,2,0.2975,297,220,-2,220,-6,1,367,24130120050465,24130578263676,458213,0,1,202974,292350,1,,,,377,106,-2,1,1,0,79,0,0
379,scan,378,1,24130669878395,,24130670008841,24130672673184,48.602,0.1989,1.1462,3.1040,2,0.3072,307,220,-2,220,-6,1,367,,,,1,1,202974,294903,1,,,,378,117,-2,1,1,0,79,0,0
380,scan,379,1,24130719874664,,24130720024090,24130721885827,48.652,0.1953,1.1464,3.1041,2,0.3003,300,220,-2,220,-6,1,367,,,,1,1,202974,297500,1,,,,379,110,-2,1,1,0,79,0,0
381,scan,380,1,24130769743787,,24130769875400,24130771723416,48.702,0.1870,1.1467,3.1039,2,0.3074,307,220,-1,220,-6,1,367,,,,1,1,202974,301378,1,,,,380,117,-1,1,1,0,79,0,0
382,scan,381,1,24130819882512,,24130820069891,24130821897779,48.752,0.1832,1.1468,3.1036,2,0.2996,299,220,-1,220,-4,1,370,24130270009107,24130775494256,505485,0,1,202974,313654,1,,,,381,108,-1,1,1,0,79,0,0
383,scan,382,1,24130870089255,,24130870243578,24130871850427,48.802,0.1756,1.1471,3.1034,2,0.3192,319,220,0,220,-4,1,371,24130319908157,24130823144226,503236,0,1,202974,325070,1,,,,382,130,0,1,1,0,79,0,0
384,scan,383,1,24130920091211,,24130920223211,24130921867612,48.852,0.1719,1.1473,3.1035,2,0.3112,311,220,-1,220,-3,1,373,24130419929623,24130914850625,494921,0,1,202974,337182,1,,,,383,122,-1,1,1,0,79,0,0
385,scan,384,1,24130970334731,,24130970461513,24130972805454,48.902,0.1674,1.1474,3.1036,2,0.3068,306,220,-1,220,-3,1,373,,,,1,1,202974,342958,1,,,,384,116,-1,1,1,0,79,0,0
386,scan,385,1,24131020609201,,24131020745662,24131022858898,48.952,0.1591,1.1477,3.1034,2,0.3118,311,220,0,220,-3,1,373,,,,1,1,202974,348835,1,,,,385,122,0,1,1,0,79,0,0
387,scan,386,1,24131070616034,,24131070757575,24131072814683,49.002,0.1552,1.1479,3.1032,2,0.3112,311,220,0,220,-3,1,373,,,,1,1,202974,354164,1,,,,386,122,0,1,1,0,79,0,0
388,scan,387,1,24131120649241,,24131120779519,24131122856417,49.052,0.1469,1.1482,3.1033,2,0.3257,325,220,0,220,-2,1,375,24130520122210,24131074854979,554732,0,1,202974,370850,1,,,,387,137,0,1,1,0,79,0,0
389,scan,388,1,24131170755844,,24131170880645,24131172756890,49.102,0.1428,1.1484,3.1034,2,0.3220,322,220,0,220,-2,1,375,,,,1,1,202974,379171,1,,,,388,134,0,1,1,0,79,0,0
390,scan,389,1,24131220674644,,24131220793220,24131222915962,49.152,0.1336,1.1487,3.1033,2,0.3348,334,220,0,220,-1,1,377,24130620518891,24131174589123,554070,0,1,202974,395762,1,,,,389,147,0,1,1,0,79,0,0
391,scan,390,1,24131270703192,,24131270827328,24131272855417,49.202,0.1290,1.1489,3.1032,2,1.0196,1019,220,0,220,-1,1,378,24130669921938,24131248654442,578732,0,1,202974,412602,1,,,,390,220,0,1,0,0,79,0,0
392,scan,391,1,24131320768191,,24131320893897,24131322966221,49.252,0.1177,1.1493,3.1031,2,1.0248,1024,220,0,220,-1,1,378,,,,1,1,202974,423560,1,,,,391,220,0,1,0,0,79,0,0
393,scan,392,1,24131371206029,,24131371340060,24131372760782,49.302,0.1103,1.1496,3.1031,2,1.0214,1021,220,0,220,-1,1,378,,,,1,1,202974,435512,1,,,,392,220,0,1,0,0,79,0,0
394,scan,393,1,24131421099271,,24131421294309,24131422829914,49.352,0.0953,1.1502,3.1031,2,1.0175,1017,220,0,220,-1,1,378,,,,1,1,202974,447072,1,,,,393,220,0,1,0,0,79,0,0
395,scan,394,1,24131471215192,,24131471363391,24131472794264,49.402,0.0878,1.1505,3.1031,2,0.9918,991,220,0,220,-1,1,378,,,,1,1,202974,447072,1,,,,394,220,0,1,0,0,79,0,0
396,scan,395,1,24131520977203,,24131521111418,24131522827878,49.452,0.0729,1.1511,3.1031,2,0.9944,994,220,0,220,1,1,382,24130870143509,24131504968476,634824,0,1,202974,457502,1,,,,395,220,0,1,0,0,79,0,0
397,scan,396,1,24131571419696,,24131571547752,24131573701166,49.502,0.0654,1.1513,3.1031,2,0.9968,996,220,0,220,1,1,382,,,,1,1,202974,457502,1,,,,396,220,0,1,0,0,79,0,0
398,scan,397,1,24131621489123,,24131621609376,24131623719597,49.552,0.0505,1.1519,3.1031,2,0.9734,973,220,0,220,1,1,385,24131020653873,24131620126142,599472,0,1,202974,475958,1,,,,397,220,0,1,0,0,79,0,0
399,scan,398,1,24131671493419,,24131671637552,24131673844520,49.602,0.0430,1.1522,3.1031,2,0.9745,974,220,0,220,1,1,386,24131070663280,24131667246518,596583,0,1,202974,482307,1,,,,398,220,0,1,0,0,79,0,0
400,scan,399,1,24131722192537,,24131722311335,24131723811272,49.652,0.0280,1.1528,3.1031,2,0.9668,966,220,0,220,1,1,386,,,,1,1,202974,482307,1,,,,399,220,0,1,0,0,79,0,0
401,scan,400,1,24131771534058,,24131771660780,24131773754493,49.702,0.0206,1.1531,3.1031,2,0.9659,965,220,0,220,0,1,388,24131170800958,24131745968959,575168,0,1,202974,486950,1,,,,400,220,0,1,0,0,79,0,0
402,scan,401,1,24131821658205,,24131821787295,24131823792585,49.752,0.0131,1.1534,3.1031,2,0.9498,949,220,0,220,0,1,388,,,,1,1,202974,486950,1,,,,401,220,0,1,0,0,79,0,0
403,scan,402,1,24131871735979,,24131871897657,24131873780878,49.802,-0.0019,1.1539,3.1031,2,0.9415,941,220,0,220,1,1,390,24131270746518,24131851694742,580948,0,1,202974,491426,1,,,,402,220,0,1,0,0,79,0,0
404,scan,403,1,24131921976602,,24131922117102,24131923896672,49.852,-0.0093,1.1542,3.1031,2,0.9403,940,220,0,220,1,1,390,,,,1,1,202974,497787,1,,,,403,220,0,1,0,0,79,0,0
405,scan,404,1,24131971741575,,24131971871560,24131974012655,49.902,-0.0243,1.1548,3.1031,2,0.9354,935,220,0,220,2,1,392,24131371252376,24131937021151,565768,0,1,202974,507771,1,,,,404,220,0,1,0,0,79,0,0
406,scan,405,1,24132021995994,,24132022141549,24132023795715,49.952,-0.0317,1.1551,3.1031,2,0.9213,921,220,0,220,1,1,393,24131421143213,24132010152617,589009,0,1,202974,511639,1,,,,405,220,0,1,0,0,79,0,0
407,scan,406,1,24132072133003,,24132072277765,24132073756504,50.002,-0.0467,1.1557,3.1031,2,0.9010,900,220,0,220,0,1,394,24131471262535,24132046549447,575286,0,1,202974,521536,1,,,,406,220,0,1,0,0,79,0,0
408,scan,407,1,24132121901218,,24132122107902,24132123838157,50.052,-0.0542,1.1559,3.1031,2,0.8981,898,220,0,220,0,1,394,,,,1,1,202974,528178,1,,,,407,220,0,1,0,0,79,0,0
409,scan,408,1,24132171629367,,24132171760533,24132173882266,50.102,-0.0691,1.1565,3.1031,2,0.9030,902,220,0,220,1,1,396,24131571464446,24132123268292,551803,0,1,202974,529303,1,,,,408,220,0,1,0,0,79,0,0
410,scan,409,1,24132221743679,,24132221867719,24132223858430,50.152,-0.0766,1.1568,3.1031,2,0.8993,899,220,0,220,1,1,397,24131621530388,24132179338438,557808,0,1,202974,534714,1,,,,409,220,0,1,0,0,79,0,0
411,scan,410,1,24132271743831,,24132271868116,24132273820617,50.202,-0.0915,1.1574,3.1031,2,0.9077,907,220,0,220,1,1,398,24131671544138,24132229499249,557955,0,1,202974,535770,1,,,,410,220,0,1,0,0,79,0,0
412,scan,411,1,24132321717443,,24132321848266,24132323760232,50.252,-0.0990,1.1577,3.1031,2,0.8883,888,220,0,220,1,1,398,,,,1,1,202974,540437,1,,,,411,220,0,1,0,0,79,0,0
413,scan,412,1,24132371884450,,24132372043666,24132373757158,50.302,-0.1140,1.1583,3.1031,2,0.8738,873,220,0,220,1,1,398,,,,1,1,202974,546357,1,,,,412,220,0,1,0,0,79,0,0
414,scan,413,1,24132422242888,,24132422575407,24132424935553,50.352,-0.1214,1.1585,3.1031,2,0.8800,879,220,0,220,1,1,398,,,,1,1,202974,546357,1,,,,413,220,0,1,0,0,79,0,0
415,scan,414,1,24132471691572,,24132471810531,24132474057418,50.402,-0.1364,1.1591,3.1031,2,0.8722,872,220,0,220,1,1,403,24131922021727,24132465216713,543194,0,1,202974,551598,1,,,,414,220,0,1,0,0,79,0,0
416,scan,415,1,24132521779147,,24132521913529,24132523808630,50.452,-0.1439,1.1594,3.1031,2,0.8835,883,220,0,220,1,1,403,,,,1,1,202974,551598,1,,,,415,220,0,1,0,0,79,0,0
417,scan,416,1,24132571867678,,24132572032195,24132573849703,50.502,-0.1588,1.1600,3.1031,2,0.8653,865,220,0,220,1,1,403,,,,1,1,202974,556695,1,,,,416,220,0,1,0,0,79,0,0
418,scan,417,1,24132622362961,,24132622487293,24132625746126,50.552,-0.1663,1.1603,3.1031,2,0.8672,867,220,0,220,2,1,406,24132072181843,24132618741596,546559,0,1,202974,561345,1,,,,417,220,0,1,0,0,79,0,0
419,scan,418,1,24132672455594,,24132672575399,24132674946664,50.602,-0.1738,1.1606,3.1031,2,0.8594,859,220,0,220,1,1,407,24132121959303,24132667993185,546033,0,1,202974,560579,1,,,,418,220,0,1,0,0,79,0,0
420,scan,419,1,24132722028175,,24132722145287,24132723752180,50.652,-0.1887,1.1611,3.1031,2,0.8710,871,220,0,220,1,1,407,,,,1,1,202974,560579,1,,,,419,220,0,1,0,0,79,0,0
421,scan,420,1,24132772053111,,24132772173638,24132773861608,50.702,-0.1962,1.1614,3.1031,2,0.8621,862,220,0,220,2,1,408,24132171675093,24132724097353,552422,0,1,202974,560191,1,,,,420,220,0,1,0,0,79,0,0
422,scan,421,1,24132822189432,,24132822305564,24132823784011,50.752,-0.2111,1.1620,3.1031,2,0.8670,867,220,0,220,1,1,410,24132271786864,24132820395903,548609,0,1,202974,562244,1,,,,421,220,0,1,0,0,79,0,0
423,scan,422,1,24132872441756,,24132872571972,24132874846889,50.802,-0.2186,1.1623,3.1031,2,0.8727,872,220,0,220,1,1,410,,,,1,1,202974,565195,1,,,,422,220,0,1,0,0,79,0,0
424,scan,423,1,24132922367032,,24132922485276,24132924700007,50.852,-0.2336,1.1629,3.1031,2,0.8729,872,220,0,220,1,1,412,24132371927925,24132913867079,541939,0,1,202974,567546,1,,,,423,220,0,1,0,0,79,0,0
425,scan,424,1,24132972633766,,24132972757545,24132974830945,50.902,-0.2410,1.1631,3.1031,2,0.8896,889,220,0,220,2,1,413,24132422363388,24132961156067,538792,0,1,202974,566176,1,,,,424,220,0,1,0,0,79,0,0
426,scan,425,1,24133022811887,,24133023019930,24133024870543,50.952,-0.2560,1.1637,3.1031,2,0.9235,923,220,0,220,2,1,413,,,,1,1,202974,566176,1,,,,425,220,0,1,0,0,79,0,0
427,scan,426,1,24133072744860,,24133072889333,24133075041774,51.002,-0.2635,1.1640,3.1031,2,1.0337,1033,220,0,220,1,1,414,24132471730572,24133023088690,551358,0,1,202974,565503,1,,,,426,220,0,1,0,0,79,0,0
428,scan,427,1,24133122695437,,24133122843983,24133124997790,51.052,-0.2784,1.1646,3.1031,2,1.0374,1037,220,0,220,1,1,415,24132521827316,24133093495667,571668,0,1,202974,566273,1,,,,427,220,0,1,0,0,79,0,0
429,scan,428,1,24133172895383,,24133173068822,24133175009712,51.102,-0.2859,1.1649,3.1031,2,1.0446,1044,220,0,220,1,1,417,24132622408823,24133170305958,547897,0,1,202974,565474,1,,,,428,220,0,1,0,0,79,0,0
430,scan,429,1,24133222766335,,24133222884843,24133224887032,51.152,-0.3008,1.1654,3.1031,2,1.0508,1050,220,0,220,1,1,417,,,,1,1,202974,565992,1,,,,429,220,0,1,0,0,79,0,0
431,scan,430,1,24133272998591,,24133273158870,24133274835995,51.202,-0.3083,1.1657,3.1031,2,1.0347,1034,220,0,220,1,1,417,,,,1,1,202974,565385,1,,,,430,220,0,1,0,0,79,0,0
432,scan,431,1,24133322911499,,24133323054377,24133324833168,51.252,-0.3233,1.1663,3.1031,2,1.0387,1038,220,0,220,1,1,419,24132722071812,24133284183474,562111,0,1,202974,565237,1,,,,431,220,0,1,0,0,79,0,0
433,scan,432,1,24133372764787,,24133372912629,24133374924073,51.302,-0.3307,1.1666,3.1031,2,1.0267,1026,220,0,220,1,1,420,24132772101246,24133345005806,572904,0,1,202974,565570,1,,,,432,220,0,1,0,0,79,0,0
434,scan,433,1,24133422957385,,24133423077008,24133424844166,51.352,-0.3457,1.1672,3.1031,2,1.0506,1050,220,0,220,1,1,421,24132822230498,24133377488448,555257,0,1,202974,565140,1,,,,433,220,0,1,0,0,79,0,0
435,scan,434,1,24133472847674,,24133473002716,24133474863734,51.402,-0.3531,1.1675,3.1031,2,1.0070,1006,220,0,220,1,1,422,24132872487713,24133434498018,562010,0,1,202974,565015,1,,,,434,220,0,1,0,0,79,0,0
436,scan,435,1,24133523060308,,24133523196080,24133525330507,51.452,-0.3606,1.1678,3.1031,2,1.0285,1028,220,0,220,1,1,422,,,,1,1,202974,562106,1,,,,435,220,0,1,0,0,79,0,0
437,scan,436,1,24133573057146,,24133573183182,24133574720900,51.502,-0.3756,1.1683,3.1031,2,1.0205,1020,220,0,220,2,1,425,24133022888235,24133571168039,548279,0,1,202974,561553,1,,,,436,220,0,1,0,0,79,0,0
438,scan,437,1,24133623214149,,24133623344731,24133624798282,51.552,-0.3830,1.1686,3.1031,2,1.0260,1025,220,0,220,2,1,425,,,,1,1,202974,559973,1,,,,437,220,0,1,0,0,79,0,0
439,scan,438,1,24133673065826,,24133673188830,24133674844003,51.602,-0.3980,1.1692,3.1031,2,1.0350,1035,220,0,220,2,1,427,24133122755515,24133672801688,550046,0,1,202974,558034,1,,,,438,220,0,1,0,0,79,0,0
440,scan,439,1,24133723458744,,24133723590221,24133725698183,51.652,-0.4055,1.1695,3.1031,2,1.0221,1022,220,0,220,2,1,428,24133172960443,24133718006943,545046,0,1,202974,557515,1,,,,439,220,0,1,0,0,79,0,0
441,scan,440,1,24133775678289,,24133775812672,24133777797266,51.702,-0.4204,1.1701,3.1031,2,1.0332,1033,220,0,220,2,1,428,,,,1,1,202974,556779,1,,,,440,220,0,1,0,0,79,0,0
442,scan,441,1,24133824850719,,24133824988465,24133826814319,51.752,-0.4279,1.1703,3.1031,2,1.0317,1031,220,0,220,1,1,429,24133222806536,24133790114129,567307,0,1,202974,557200,1,,,,441,220,0,1,0,0,79,0,0
443,scan,442,1,24133874504280,,24133874618085,24133876739047,51.802,-0.4428,1.1709,3.1031,2,1.0290,1029,220,0,220,1,1,431,24133322958654,24133873765814,550807,0,1,202974,555995,1,,,,442,220,0,1,0,0,79,0,0
444,scan,443,1,24133924584126,,24133924732107,24133926857213,51.852,-0.4503,1.1712,3.1031,2,1.0153,1015,220,0,220,1,1,431,,,,1,1,202974,555995,1,,,,443,220,0,1,0,0,79,0,0
445,scan,444,1,24133973995530,,24133974104199,24133975863442,51.902,-0.4653,1.1718,3.1031,2,1.0115,1011,220,0,220,1,1,433,24133422994989,24133972851808,549856,0,1,202974,555358,1,,,,444,220,0,1,0,0,79,0,0
446,scan,445,1,24134023868631,,24134024049083,24134025893609,51.952,-0.4727,1.1721,3.1031,2,1.0215,1021,220,0,220,1,1,433,,,,1,1,202974,553956,1,,,,445,220,0,1,0,0,79,0,0
447,scan,446,1,24134073683235,,24134073804913,24134075771956,52.002,-0.4877,1.1726,3.1031,2,1.0142,1014,220,0,220,1,1,434,24133472905297,24134039760498,566855,0,1,202974,553605,1,,,,446,220,0,1,0,0,79,0,0
448,scan,447,1,24134123737588,,24134123891767,24134125772645,52.052,-0.4952,1.1729,3.1031,2,1.0154,1015,220,0,220,2,1,435,24133523107693,24134077812015,554704,0,1,202974,553649,1,,,,447,220,0,1,0,0,79,0,0
449,scan,448,1,24134173925276,,24134174051329,24134175877360,52.102,-0.5101,1.1735,3.1031,2,1.0223,1022,220,0,220,2,1,435,,,,1,1,202974,553726,1,,,,448,220,0,1,0,0,79,0,0
450,scan,449,1,24134223982385,,24134224149372,24134225793134,52.152,-0.5176,1.1738,3.1031,2,1.0268,1026,220,0,220,2,1,435,,,,1,1,202974,553548,1,,,,449,220,0,1,0,0,79,0,0
451,scan,450,1,24134274845533,,24134275094835,24134277096226,52.202,-0.5325,1.1744,3.1031,2,1.0306,1030,220,0,220,1,1,439,24133723509126,24134272738217,549229,0,1,202974,553169,1,,,,450,220,0,1,0,0,79,0,0
452,scan,451,1,24134324231505,,24134324424781,24134326758748,52.252,-0.5400,1.1747,3.1031,2,1.0158,1015,220,0,220,1,1,439,,,,1,1,202974,553169,1,,,,451,220,0,1,0,0,79,0,0
453,scan,452,1,24134374012255,,24134374136267,24134376188718,52.302,-0.5475,1.1750,3.1031,2,1.0266,1026,220,0,220,1,1,439,,,,1,1,202974,553169,1,,,,452,220,0,1,0,0,79,0,0
454,scan,453,1,24134423695224,,24134423818575,24134425821650,52.352,-0.5624,1.1755,3.1031,2,1.0252,1025,220,0,220,1,1,439,,,,1,1,202974,553169,1,,,,453,220,0,1,0,0,79,0,0
455,scan,454,1,24134474273751,,24134474408018,24134475853603,52.402,-0.5699,1.1758,3.1031,2,1.0228,1022,220,0,220,1,1,443,24133924631020,24134462019967,537388,0,1,202974,552916,1,,,,454,220,0,1,0,0,79,0,0
456,scan,455,1,24134524553754,,24134524709614,24134526850703,52.452,-0.5849,1.1764,3.1031,2,1.0205,1020,220,0,220,2,1,444,24133974034079,24134519051973,545017,0,1,202974,552587,1,,,,455,220,0,1,0,0,79,0,0
457,scan,456,1,24134574230235,,24134574372220,24134575855714,52.502,-0.5923,1.1767,3.1031,2,1.0007,1000,220,0,220,2,1,444,,,,1,1,202974,552587,1,,,,456,220,0,1,0,0,79,0,0
458,scan,457,1,24134624739619,,24134624920120,24134627702390,52.552,-0.6073,1.1773,3.1031,2,1.0268,1026,220,0,220,2,1,445,24134023915019,24134583202067,559287,0,1,202974,553118,1,,,,457,220,0,1,0,0,79,0,0
459,scan,458,1,24134675234266,,24134675372489,24134676864786,52.602,-0.6148,1.1775,3.1031,2,1.0135,1013,220,0,220,2,1,445,,,,1,1,202974,553426,1,,,,458,220,0,1,0,0,79,0,0
460,scan,459,1,24134724598417,,24134724716632,24134726806097,52.652,-0.6297,1.1781,3.1031,2,1.0201,1020,220,0,220,3,1,448,24134173966423,24134713687190,539720,0,1,202974,552854,1,,,,459,220,0,1,0,0,79,0,0
461,scan,460,1,24134774894202,,24134775038849,24134776773001,52.702,-0.6372,1.1784,3.1031,2,1.0268,1026,220,0,220,3,1,448,,,,1,1,202974,552873,1,,,,460,220,0,1,0,0,79,0,0
462,scan,461,1,24134824713481,,24134824848217,24134826890769,52.752,-0.6521,1.1790,3.1031,2,1.0016,1001,220,0,220,3,1,448,,,,1,1,202974,553067,1,,,,461,220,0,1,0,0,79,0,0
463,scan,462,1,24134874621206,,24134874752237,24134876845975,52.802,-0.6596,1.1793,3.1031,2,1.0209,1020,220,0,220,1,1,450,24134274923705,24134831202301,556278,0,1,202974,553207,1,,,,462,220,0,1,0,0,79,0,0
464,scan,463,1,24134924974870,,24134925096547,24134926772472,52.852,-0.6746,1.1798,3.1031,2,1.0185,1018,220,0,220,3,1,451,24134324304999,24134884524511,560219,0,1,202974,554002,1,,,,463,220,0,1,0,0,79,0,0
465,scan,464,1,24134974861502,,24134975013338,24134976803135,52.902,-0.6820,1.1801,3.1031,2,1.0265,1026,220,0,220,2,1,452,24134374057022,24134933979390,559922,0,1,202974,554920,1,,,,464,220,0,1,0,0,79,0,0
466,scan,465,1,24135024677396,,24135024799387,24135026767747,52.952,-0.6970,1.1807,3.1031,2,1.0203,1020,220,0,220,3,1,453,24134423737942,24134977642325,553904,0,1,202974,554878,1,,,,465,220,0,1,0,0,79,0,0
467,scan,466,1,24135075007180,,24135075153655,24135076847941,53.002,-0.7044,1.1810,3.1031,2,1.0132,1013,220,0,220,3,1,453,,,,1,1,202974,555031,1,,,,466,220,0,1,0,0,79,0,0
468,scan,467,1,24135124992929,,24135125119074,24135126800931,53.052,-0.7194,1.1816,3.1031,2,1.0157,1015,220,0,220,3,1,456,24134574289514,24135119982184,545692,0,1,202974,553902,1,,,,467,220,0,1,0,0,79,0,0
469,scan,468,1,24135174856976,,24135174989027,24135176760791,53.102,-0.7269,1.1819,3.1031,2,1.0247,1024,220,0,220,3,1,456,,,,1,1,202974,554174,1,,,,468,220,0,1,0,0,79,0,0
470,scan,469,1,24135224926372,,24135225048820,24135226776384,53.152,-0.7343,1.1821,3.1031,2,1.0099,1009,220,0,220,3,1,456,,,,1,1,202974,554174,1,,,,469,220,0,1,0,0,79,0,0
471,scan,470,1,24135275061809,,24135275251901,24135276924860,53.202,-0.7493,1.1827,3.1031,2,0.9970,997,220,0,220,2,1,459,24134724640866,24135265334595,540693,0,1,202974,553588,1,,,,470,220,0,1,0,0,79,0,0
472,scan,471,1,24135325090808,,24135325232167,24135326799052,53.252,-0.7568,1.1830,3.1031,2,1.0114,1011,220,0,220,2,1,459,,,,1,1,202974,553201,1,,,,471,220,0,1,0,0,79,0,0
473,scan,472,1,24135375147717,,24135375294695,24135376803870,53.302,-0.7717,1.1836,3.1031,2,1.0165,1016,220,0,220,2,1,461,24134824757436,24135364979015,540221,0,1,202974,551715,1,,,,472,220,0,1,0,0,79,0,0
474,scan,473,1,24135425392390,,24135425526518,24135427714749,53.352,-0.7792,1.1839,3.1031,2,1.0087,1008,220,0,220,2,1,461,,,,1,1,202974,551547,1,,,,473,220,0,1,0,0,79,0,0
475,scan,474,1,24135475907664,,24135476092232,24135477813531,53.402,-0.7941,1.1845,3.1031,2,1.0040,1004,220,0,220,1,1,462,24134874666074,24135428509041,553842,0,1,202974,551158,1,,,,474,220,0,1,0,0,79,0,0
476,scan,475,1,24135525708759,,24135525824924,24135527818409,53.452,-0.8016,1.1847,3.1031,2,0.9874,987,220,0,220,2,1,464,24134974908196,24135524530736,549622,0,1,202974,551088,1,,,,475,220,0,1,0,0,79,0,0
477,scan,476,1,24135575748199,,24135575886542,24135577728535,53.502,-0.8166,1.1853,3.1031,2,0.9959,995,220,0,220,2,1,464,,,,1,1,202974,551222,1,,,,476,220,0,1,0,0,79,0,0
478,scan,477,1,24135626540043,,24135626749418,24135628888784,53.552,-0.8240,1.1856,3.1031,2,1.0031,1003,220,0,220,2,1,466,24135075066036,24135614134957,539068,0,1,202974,550669,1,,,,477,220,0,1,0,0,79,0,0
479,scan,478,1,24135675973943,,24135676135893,24135677801603,53.602,-0.8390,1.1862,3.1031,2,1.0075,1007,220,0,220,2,1,466,,,,1,1,202974,550699,1,,,,478,220,0,1,0,0,79,0,0
480,scan,479,1,24135725891808,,24135726014129,24135727811222,53.652,-0.8465,1.1865,3.1031,2,0.9915,991,220,0,220,2,1,466,,,,1,1,202974,550982,1,,,,479,220,0,1,0,0,79,0,0
481,scan,480,1,24135775778762,,24135775905533,24135777859892,53.702,-0.8614,1.1870,3.1031,2,1.0156,1015,220,1,220,2,1,469,24135224968991,24135773944193,548975,0,1,202974,550886,1,,,,480,220,1,1,0,0,79,0,0
482,scan,481,1,24135825855303,,24135826039236,24135827833773,53.752,-0.8689,1.1873,3.1031,2,1.0122,1012,220,1,220,2,1,469,,,,1,1,202974,550065,1,,,,481,220,1,1,0,0,79,0,0
483,scan,482,1,24135875772161,,24135875905197,24135877760513,53.802,-0.8838,1.1879,3.1031,2,1.0036,1003,220,0,220,2,1,471,24135325139983,24135872148921,547008,0,1,202974,549875,1,,,,482,220,0,1,0,0,79,0,0
484,scan,483,1,24135925758323,,24135925877110,24135927863546,53.852,-0.8913,1.1882,3.1032,2,0.9932,993,220,0,220,2,1,471,,,,1,1,202974,549875,1,,,,483,220,0,1,0,0,79,0,0
485,scan,484,1,24135976255371,,24135976392548,24135977781516,53.902,-0.9063,1.1888,3.1032,2,1.0006,1000,220,0,220,3,1,473,24135425439024,24135973545977,548106,0,1,202974,549788,1,,,,484,220,0,1,0,0,79,0,0
486,scan,485,1,24136026130891,,24136026254354,24136027777545,53.952,-0.9137,1.1891,3.1032,2,0.9983,998,220,0,220,0,1,474,24135475957126,24136013488944,537531,0,1,202974,549204,1,,,,485,220,0,1,0,0,79,0,0
487,scan,486,1,24136076360631,,24136076525331,24136078688365,54.002,-0.9212,1.1893,3.1032,2,1.0088,1008,220,0,220,3,1,475,24135525751135,24136065910855,540159,0,1,202974,547933,1,,,,486,220,0,1,0,0,79,0,0
488,scan,487,1,24136126463609,,24136126599988,24136128694519,54.052,-0.9362,1.1899,3.1032,2,1.0148,1014,220,0,220,3,1,475,,,,1,1,202974,547594,1,,,,487,220,0,1,0,0,79,0,0
489,scan,488,1,24136176289688,,24136176413534,24136177771416,54.102,-0.9436,1.1902,3.1032,2,0.9840,984,220,0,220,3,1,475,,,,1,1,202974,547594,1,,,,488,220,0,1,0,0,79,0,0
490,scan,489,1,24136226348307,,24136226467687,24136228693514,54.152,-0.9586,1.1908,3.1032,2,1.0003,1000,220,0,220,1,1,478,24135676051079,24136219268690,543217,0,1,202974,547386,1,,,,489,220,0,1,0,0,79,0,0
491,scan,490,1,24136275994847,,24136276183483,24136277810479,54.202,-0.9661,1.1911,3.1032,2,0.9905,990,220,0,220,1,1,478,,,,1,1,202974,547293,1,,,,490,220,0,1,0,0,79,0,0
492,scan,491,1,24136326173489,,24136326293047,24136327785005,54.252,-0.9810,1.1916,3.1032,2,0.9766,976,220,1,220,2,1,480,24135775836497,24136316830637,540994,0,1,202974,546993,1,,,,491,220,1,1,0,0,79,0,0
493,scan,492,1,24136376277749,,24136376398632,24136378675873,54.302,-0.9885,1.1919,3.1032,2,0.9826,982,220,1,220,2,1,480,,,,1,1,202974,546993,1,,,,492,220,1,1,0,0,79,0,0
494,scan,493,1,24136426202707,,24136426336899,24136427831094,54.352,-1.0034,1.1925,3.1032,2,0.9623,962,220,0,220,0,1,481,24135825914727,24136399480778,573566,0,1,202974,548201,1,,,,493,220,0,1,0,0,79,0,0
495,scan,494,1,24136476549244,,24136476689078,24136478760829,54.402,-1.0109,1.1928,3.1033,2,0.9520,951,220,0,220,3,1,482,24135875811856,24136443106933,567295,0,1,202974,549561,1,,,,494,220,0,1,0,0,79,0,0
496,scan,495,1,24136526620511,,24136526763854,24136528788290,54.452,-1.0259,1.1934,3.1033,2,0.9363,936,220,0,220,1,1,483,24135925802416,24136476749012,550946,0,1,202974,549830,1,,,,495,220,0,1,0,0,79,0,0
497,scan,496,1,24136576934847,,24136577077735,24136579728474,54.502,-1.0333,1.1936,3.1033,2,0.9230,922,220,0,220,4,1,484,24135976292083,24136556469745,580177,0,1,202974,551150,1,,,,496,220,0,1,0,0,79,0,0
498,scan,497,1,24136626687610,,24136626814145,24136628736694,54.552,-1.0483,1.1942,3.1033,2,0.9155,915,220,1,220,2,1,485,24136026174079,24136593006829,566832,0,1,202974,551478,1,,,,497,220,1,1,0,0,79,0,0
499,scan,498,1,24136676767743,,24136676921563,24136678858865,54.602,-1.0557,1.1945,3.1033,3,0.9071,907,0,1000,220,2,1,485,,,,1,1,202974,551478,1,,,,498,0,1000,1,0,0,79,0,0
500,scan,499,1,24136726825224,,24136726979410,24136728761495,54.652,-1.0695,1.1950,3.1033,3,0.9001,900,0,1000,220,2,1,485,,,,1,1,202974,552012,1,,,,499,0,1000,1,0,0,79,0,0
501,scan,500,1,24136776827703,,24136776953993,24136778908687,54.702,-1.0746,1.1952,3.1033,3,0.8760,875,0,1000,220,1,1,488,24136176331433,24136730754067,554422,0,1,202974,552117,1,,,,500,0,1000,1,0,0,79,0,0
502,scan,501,1,24136827043267,,24136827167595,24136828800185,54.752,-1.0813,1.1955,3.1031,3,0.8821,882,0,1000,220,2,1,490,24136276098875,24136823628213,547529,0,1,202974,551926,1,,,,501,0,1000,1,0,0,79,0,0
503,scan,502,1,24136876761483,,24136876893975,24136878817419,54.802,-1.0835,1.1956,3.1044,3,0.8771,877,0,1000,220,6,1,491,24136326215711,24136872252557,546036,0,1,202974,551499,1,,,,502,0,1000,1,0,0,79,0,0
504,scan,503,1,24136927870791,,24136927994866,24136930005004,54.852,-1.0851,1.1956,3.1120,3,0.8841,884,0,1000,220,3,1,492,24136376319431,24136926080880,549761,0,1,202974,551063,1,,,,503,0,1000,1,0,0,79,0,0
505,scan,504,1,24136977609069,,24136977730486,24136979802125,54.902,-1.0866,1.1957,-3.1220,3,0.8804,880,0,1000,220,3,1,492,,,,1,1,202974,550678,1,,,,504,0,1000,1,0,0,79,0,0
506,scan,505,1,24137027496780,,24137027620501,24137029796321,54.952,-1.0865,1.1957,-3.0827,3,0.8857,885,0,1000,220,8,1,493,24136426248660,24136981110574,554861,0,1,202974,550720,1,,,,505,0,1000,1,0,0,79,0,0
507,scan,506,1,24137078297898,,24137078451062,24137080693765,55.002,-1.0864,1.1957,-3.0025,3,0.8750,875,0,1000,220,5,1,494,24136476597594,24137039761390,563163,0,1,202974,551238,1,,,,506,0,1000,1,0,0,79,0,0
508,scan,507,1,24137128614211,,24137128788216,24137130822745,55.052,-1.0863,1.1957,-2.9708,3,0.8790,878,0,1000,220,-1,1,495,24136526677177,24137087748190,561071,0,1,202974,551879,1,,,,507,0,1000,1,0,0,79,0,0
509,scan,508,1,24137177922195,,24137178052772,24137179782657,55.102,-1.0862,1.1957,-2.9121,3,0.8838,883,0,1000,220,7,1,496,24136576985132,24137128926154,551941,0,1,202974,551881,1,,,,508,0,1000,1,0,0,79,0,0
510,scan,509,1,24137227866188,,24137228053911,24137229832235,55.152,-1.0862,1.1957,-2.8777,3,0.8813,881,0,1000,0,999,1,498,24136676832573,24137215326908,538494,0,1,202974,551367,1,,,,509,0,1000,1,0,0,79,0,0
511,scan,510,1,24137277666147,,24137277805488,24137279788831,55.202,-1.0861,1.1958,-2.8035,3,0.8816,881,0,1000,0,999,1,499,24136726885207,24137269762940,542877,0,1,202974,551451,1,,,,510,0,1000,1,0,0,79,0,0
512,scan,511,1,24137327602649,,24137327724581,24137329790068,55.252,-1.0860,1.1958,-2.7691,3,0.8760,876,0,1000,0,999,1,500,24136776870880,24137314901087,538030,0,1,202974,550953,1,,,,511,0,1000,1,0,0,79,0,0
513,scan,512,1,24137377612393,,24137377735455,24137379716158,55.302,-1.0859,1.1959,-2.7052,3,0.8718,871,0,1000,0,999,1,500,,,,1,1,202974,551366,1,,,,512,0,1000,1,0,0,79,0,0
514,scan,513,1,24137427592714,,24137427714260,24137429802181,55.352,-1.0858,1.1959,-2.6720,3,0.8768,876,0,1000,0,999,1,502,24136876808808,24137423855562,547046,0,1,202974,551206,1,,,,513,0,1000,1,0,0,79,0,0
515,scan,514,1,24137477861752,,24137478016804,24137479836146,55.402,-1.0858,1.1960,-2.6017,3,0.8817,881,0,1000,0,999,1,502,,,,1,1,202974,551105,1,,,,514,0,1000,1,0,0,79,0,0
516,scan,515,1,24137527710627,,24137527835098,24137529782685,55.452,-1.0857,1.1960,-2.5669,3,0.8764,876,0,1000,0,999,1,502,,,,1,1,202974,551164,1,,,,515,0,1000,1,0,0,79,0,0
517,scan,516,1,24137578240140,,24137578409382,24137580727993,55.502,-1.0856,1.1961,-2.5003,3,0.8760,875,0,1000,0,999,1,505,24137027539756,24137576474558,548934,0,1,202974,551078,1,,,,516,0,1000,1,0,0,79,0,0
518,scan,517,1,24137627919473,,24137628074801,24137629857288,55.552,-1.0856,1.1961,-2.4671,3,0.8767,876,0,1000,0,999,1,506,24137078347570,24137620793122,542445,0,1,202974,551208,1,,,,517,0,1000,1,0,0,79,0,0
519,scan,518,1,24137677773254,,24137677890592,24137679786908,55.602,-1.0855,1.1962,-2.3985,3,0.8711,871,0,1000,0,999,1,506,,,,1,1,202974,551208,1,,,,518,0,1000,1,0,0,79,0,0
520,scan,519,1,24137727862548,,24137727981638,24137729826784,55.652,-1.0854,1.1962,-2.3639,3,0.8698,869,0,1000,0,999,1,507,24137128664830,24137682345571,553680,0,1,202974,551300,1,,,,519,0,1000,1,0,0,79,0,0
521,scan,520,1,24137777938746,,24137778079607,24137779796044,55.702,-1.0854,1.1963,-2.3298,3,0.8754,875,0,1000,0,999,1,508,24137177964284,24137749175201,571210,0,1,202974,552123,1,,,,520,0,1000,1,0,0,79,0,0
522,scan,521,1,24137827734277,,24137827868877,24137829883599,55.752,-1.0853,1.1964,-2.2626,3,0.8703,870,0,1000,0,999,1,509,24137227919285,24137786173759,558254,0,1,202974,552342,1,,,,521,0,1000,1,0,0,79,0,0
523,scan,522,1,24137877886350,,24137878014763,24137879912780,55.802,-1.0853,1.1964,-2.2288,3,0.7719,771,0,1000,0,999,1,509,,,,1,1,202974,552540,1,,,,522,0,1000,1,0,0,79,0,0
524,scan,523,1,24137927790677,,24137927914229,24137929869304,55.852,-1.0852,1.1965,-2.1604,3,0.7363,736,0,1000,0,999,1,509,,,,1,1,202974,552540,1,,,,523,0,1000,1,0,0,79,0,0
525,scan,524,1,24137977991493,,24137978114547,24137979765476,55.902,-1.0852,1.1966,-2.1263,3,0.7257,725,0,1000,0,999,1,512,24137377655541,24137934046222,556390,0,1,202974,552847,1,,,,524,0,1000,1,0,0,79,0,0
526,scan,525,1,24138028035961,,24138028163307,24138029750022,55.952,-1.0852,1.1967,-2.0586,3,0.7184,718,0,880,0,999,1,513,24137427635512,24138002525400,574889,0,1,202974,554230,1,,,,525,0,880,1,0,0,79,0,0
527,scan,526,1,24138078454073,,24138078599659,24138080736652,56.002,-1.0851,1.1967,-2.0248,3,0.7137,713,0,812,0,999,1,514,24137477912577,24138039651074,561738,0,1,202974,555030,1,,,,526,0,812,1,0,0,79,0,0
528,scan,527,1,24138128343742,,24138128483366,24138130741552,56.052,-1.0851,1.1968,-1.9618,3,0.7142,714,220,686,0,999,1,515,24137527752752,24138083073773,555321,0,1,202974,555040,1,,,,527,220,686,1,0,0,79,0,0
529,scan,528,1,24138178250094,,24138178392070,24138180734131,56.102,-1.0851,1.1969,-1.9360,3,0.7177,717,220,635,0,999,1,516,24137578298719,24138130602883,552304,0,1,202974,554946,1,,,,528,220,635,1,0,0,79,0,0
530,scan,529,1,24138228418099,,24138228628348,24138230733608,56.152,-1.0862,1.1937,-1.8784,3,0.7183,718,220,520,0,999,1,517,24137627963429,24138205879484,577916,0,1,202974,556142,1,,,,529,220,520,1,0,0,79,0,0
531,scan,530,1,24138278420365,,24138278561795,24138280864148,56.202,-1.0872,1.1905,-1.8391,3,0.7163,716,220,442,0,999,1,519,24137727905290,24138273337959,545432,0,1,202974,555785,1,,,,530,220,442,1,0,0,79,0,0
532,scan,531,1,24138328380171,,24138328503523,24138330708938,56.252,-1.0895,1.1805,-1.7594,3,0.7015,701,220,284,0,999,1,519,,,,1,1,202974,556295,1,,,,531,220,284,1,0,0,79,0,0
533,scan,532,1,24138378253521,,24138378388616,24138380680628,56.302,-1.0906,1.1742,-1.7276,3,0.6950,695,220,222,0,999,1,520,24137777986762,24138338373957,560387,0,1,202974,556432,1,,,,532,220,222,1,0,0,79,0,0
534,scan,533,1,24138428247190,,24138428377001,24138430687658,56.352,-1.0925,1.1605,-1.6943,3,0.6905,690,220,156,0,999,1,521,24137827779888,24138402045654,574265,0,1,202974,556455,1,,,,533,220,156,1,0,0,79,0,0
535,scan,534,1,24138478931749,,24138479055853,24138481675803,56.402,-1.0934,1.1531,-1.6933,3,0.6753,675,220,154,0,998,1,523,24137927832521,24138472766477,544933,0,1,202974,555709,1,,,,534,220,154,1,0,0,79,0,0
536,scan,535,1,24138528876305,,24138529023592,24138530801551,56.452,-1.0952,1.1382,-1.6951,3,0.6700,669,220,159,0,998,1,523,,,,1,1,202974,555874,1,,,,535,220,159,1,0,0,79,0,0
537,scan,536,1,24138578871601,,24138579004733,24138580830391,56.502,-1.0961,1.1308,-1.6882,3,0.6593,659,220,146,0,886,1,525,24138028080116,24138569302892,541222,0,1,202974,554530,1,,,,536,220,146,1,0,0,79,0,0
538,scan,537,1,24138629143707,,24138629276627,24138630807844,56.552,-1.0970,1.1234,-1.6779,3,0.6479,647,220,126,0,886,1,525,,,,1,1,202974,554091,1,,,,537,220,126,1,0,0,79,0,0
539,scan,538,1,24138678827743,,24138678954817,24138680804945,56.602,-1.0985,1.1085,-1.6638,3,0.6494,649,220,98,5,811,1,526,24138078498202,24138641079403,562581,0,1,202974,554384,1,,,,538,220,98,1,0,0,79,0,0
540,scan,539,1,24138728853585,,24138728979926,24138731109629,56.652,-1.0991,1.1011,-1.6620,3,0.6283,628,220,95,5,811,1,526,,,,1,1,202974,554384,1,,,,539,220,95,1,0,0,79,0,0
541,scan,540,1,24138779845973,,24138780120964,24138781754081,56.702,-1.1005,1.0862,-1.6587,3,0.6272,627,220,89,220,619,1,528,24138178299662,24138779943558,601643,0,1,202974,556012,1,,,,540,220,89,1,0,0,79,0,0
542,scan,541,1,24138829656926,,24138829796127,24138831904289,56.752,-1.1011,1.0788,-1.6547,3,0.6001,600,220,81,220,502,1,529,24138228488420,24138780416191,551927,0,1,202974,556164,1,,,,541,220,81,1,0,0,79,0,0
543,scan,542,1,24138879245858,,24138879425581,24138881674774,56.802,-1.1023,1.0639,-1.6461,3,0.6096,609,220,64,220,426,1,530,24138278468761,24138831092680,552623,0,1,202974,556391,1,,,,542,220,64,1,0,0,79,0,0
544,scan,543,1,24138929253261,,24138929375790,24138931652055,56.852,-1.1029,1.0564,-1.6437,3,0.5949,594,220,60,220,272,1,531,24138328422557,24138879841247,551418,0,1,202974,556448,1,,,,543,220,60,1,0,0,79,0,0
545,scan,544,1,24138979322536,,24138979445688,24138981721597,56.902,-1.1039,1.0415,-1.6410,3,0.5822,582,220,55,220,272,1,531,,,,1,1,202974,556448,1,,,,544,220,55,1,0,0,79,0,0
546,scan,545,1,24139029281238,,24139029408056,24139031649116,56.952,-1.1045,1.0340,-1.6392,3,0.5706,570,220,51,220,149,1,533,24138428290917,24138994559870,566268,0,1,202974,556841,1,,,,545,220,51,1,0,0,79,0,0
547,scan,546,1,24139079058778,,24139079223815,24139080772696,57.002,-1.1055,1.0191,-1.6346,3,0.5506,550,220,42,220,149,1,533,,,,1,1,202974,556616,1,,,,546,220,42,1,0,0,79,0,0
548,scan,547,1,24139129043951,,24139129188568,24139130823520,57.052,-1.1059,1.0116,-1.6326,3,0.5472,547,220,39,220,152,1,535,24138528915959,24139080442362,551526,0,1,202974,556275,1,,,,547,220,39,1,0,0,79,0,0
549,scan,548,1,24139179157183,,24139179314666,24139181692993,57.102,-1.1068,0.9967,-1.6302,3,0.5536,553,220,34,220,139,1,536,24138578917814,24139145636593,566718,0,1,202974,556803,1,,,,548,220,34,1,0,0,79,0,0
550,scan,549,1,24139229075592,,24139229200801,24139230801651,57.152,-1.1073,0.9892,-1.6292,3,0.5337,533,220,32,220,121,1,537,24138629190715,24139179470449,550279,0,1,202974,557223,1,,,,549,220,32,1,0,0,79,0,0
551,scan,550,1,24139279349188,,24139279509843,24139281698504,57.202,-1.1081,0.9743,-1.6267,3,0.5317,531,220,27,220,94,1,538,24138678872281,24139249319770,570447,0,1,202974,558208,1,,,,550,220,27,1,0,0,79,0,0
552,scan,551,1,24139329637405,,24139329758352,24139331893028,57.252,-1.1085,0.9668,-1.6255,3,0.5185,518,220,25,220,86,1,540,24138779892147,24139323962347,544070,0,1,202974,558424,1,,,,551,220,25,1,0,0,79,0,0
553,scan,552,1,24139379608204,,24139379758223,24139381864112,57.302,-1.1093,0.9519,-1.6236,3,0.5089,508,220,21,220,86,1,540,,,,1,1,202974,558424,1,,,,552,220,21,1,0,0,79,0,0
554,scan,553,1,24139429580473,,24139429708722,24139431808501,57.352,-1.1097,0.9444,-1.6230,3,0.4908,490,220,20,220,86,1,540,,,,1,1,202974,558845,1,,,,553,220,20,1,0,0,79,0,0
555,scan,554,1,24139479929333,,24139480091240,24139481822723,57.402,-1.1101,0.9369,-1.6224,3,0.4878,487,220,19,220,58,1,543,24138929297306,24139476138418,546841,0,1,202974,558416,1,,,,554,220,19,1,0,0,79,0,0
556,scan,555,1,24139529708265,,24139529847544,24139531833433,57.452,-1.1109,0.9220,-1.6209,3,0.4754,475,220,16,220,58,1,543,,,,1,1,202974,558416,1,,,,555,220,16,1,0,0,79,0,0
557,scan,556,1,24139580092962,,24139580218690,24139581771610,57.502,-1.1113,0.9145,-1.6202,3,0.4612,461,220,15,220,53,1,544,24138979363698,24139535952816,556589,0,1,202974,558690,1,,,,556,220,15,1,0,0,79,0,0
558,scan,557,1,24139629916611,,24139630042434,24139631749853,57.552,-1.1120,0.8996,-1.6191,3,0.4643,464,220,13,220,42,1,546,24139079112415,24139628460421,549348,0,1,202974,558936,1,,,,557,220,13,1,0,0,79,0,0
559,scan,558,1,24139680172780,,24139680299044,24139681748243,57.602,-1.1124,0.8921,-1.6187,3,0.4482,448,220,12,220,42,1,546,,,,1,1,202974,558936,1,,,,558,220,12,1,0,0,79,0,0
560,scan,559,1,24139730124888,,24139730268382,24139731981551,57.652,-1.1131,0.8772,-1.6179,3,0.4317,431,220,10,220,38,1,547,24139129094104,24139688776360,559682,0,1,202974,559151,1,,,,559,220,10,1,0,0,79,0,0
561,scan,560,1,24139779983270,,24139780146113,24139781833812,57.702,-1.1134,0.8697,-1.6174,3,0.4318,431,220,10,220,31,1,549,24139229118585,24139774437533,545318,0,1,202974,558226,1,,,,560,220,10,1,0,0,79,0,0
562,scan,561,1,24139829932787,,24139830048298,24139831859389,57.752,-1.1141,0.8548,-1.6166,3,0.4186,418,220,8,220,27,1,550,24139279403130,24139827253380,547850,0,1,202974,557854,1,,,,561,220,8,1,0,0,79,0,0
563,scan,562,1,24139879687165,,24139879811679,24139881842730,57.802,-1.1145,0.8473,-1.6163,3,0.4196,419,220,7,220,27,1,550,,,,1,1,202974,557854,1,,,,562,220,7,1,0,0,79,0,0
564,scan,563,1,24139929830425,,24139929958259,24139931770969,57.852,-1.1151,0.8324,-1.6158,3,0.4092,409,220,7,220,24,1,551,24139329680971,24139882979183,553298,0,1,202974,557697,1,,,,563,220,7,1,0,0,79,0,0
565,scan,564,1,24139979762501,,24139979971824,24139981838978,57.902,-1.1155,0.8249,-1.6156,3,0.4052,405,220,6,220,20,1,553,24139429622646,24139976342937,546720,0,1,202974,557364,1,,,,564,220,6,1,0,0,79,0,0
566,scan,565,1,24140030028727,,24140030150040,24140031815031,57.952,-1.1161,0.8100,-1.6151,3,0.3866,386,220,5,220,18,1,554,24139479977546,24140022614616,542637,0,1,202974,556252,1,,,,565,204,5,1,1,0,79,0,0
567,scan,566,1,24140080322904,,24140080469322,24140082661830,58.002,-1.1165,0.8025,-1.6149,3,0.3824,382,220,5,220,17,1,555,24139529752540,24140079189222,549436,0,1,202974,555828,1,,,,566,200,5,1,1,0,79,0,0
568,scan,567,1,24140130236949,,24140130368249,24140132765727,58.052,-1.1170,0.7888,-1.6090,3,0.3771,377,220,-7,220,17,1,555,,,,1,1,202974,555846,1,,,,567,194,-7,1,1,0,79,0,0
569,scan,568,1,24140179965251,,24140180154770,24140181822039,58.102,-1.1173,0.7820,-1.6047,3,0.3620,362,220,-16,220,14,1,556,24139580135856,24140134354399,554218,0,1,202974,555914,1,,,,568,178,-16,1,1,0,79,0,0
570,scan,569,1,24140230585337,,24140230881676,24140232885936,58.152,-1.1177,0.7692,-1.6063,3,0.3531,353,220,-13,220,13,1,557,24139629960733,24140202219680,572258,0,1,202974,555712,1,,,,569,168,-13,1,1,0,79,0,0
571,scan,570,1,24140280093767,,24140280209498,24140281724562,58.202,-1.1179,0.7631,-1.6096,3,0.3462,346,220,-6,220,11,1,559,24139730175768,24140275197416,545021,0,1,202974,555697,1,,,,570,160,-6,1,1,0,79,0,0
572,scan,571,1,24140330055168,,24140330185031,24140331880450,58.252,-1.1182,0.7572,-1.6113,3,0.3392,339,220,-3,220,11,1,559,,,,1,1,202974,555697,1,,,,571,152,-3,1,1,0,79,0,0
573,scan,572,1,24140380252418,,24140380376430,24140382719178,58.302,-1.1186,0.7463,-1.6079,3,0.3475,347,220,-9,220,9,1,561,24139829973871,24140374264318,544290,0,1,202974,555122,1,,,,572,161,-9,1,1,0,79,0,0
574,scan,573,1,24140430299977,,24140430431647,24140432706716,58.352,-1.1188,0.7411,-1.6065,3,0.3366,336,220,-12,220,9,1,561,,,,1,1,202974,554413,1,,,,573,149,-12,1,1,0,79,0,0
575,scan,574,1,24140480544965,,24140480689683,24140482677833,58.402,-1.1192,0.7303,-1.6088,3,0.3320,332,220,-8,220,7,1,562,24139879732200,24140438120287,558388,0,1,202974,554912,1,,,,574,145,-8,1,1,0,79,0,0
576,scan,575,1,24140530646247,,24140530773399,24140532928672,58.452,-1.1194,0.7252,-1.6107,3,0.3089,308,220,-4,220,7,1,562,,,,1,1,202974,554912,1,,,,575,118,-4,1,1,0,79,0,0
577,scan,576,1,24140580894722,,24140581045314,24140582727179,58.502,-1.1197,0.7162,-1.6110,3,0.3276,327,220,-3,220,7,1,564,24139979810091,24140551875597,572065,0,1,202974,556054,1,,,,576,139,-3,1,1,0,79,0,0
578,scan,577,1,24140630905470,,24140631051542,24140632778634,58.552,-1.1199,0.7122,-1.6101,3,0.3150,314,220,-5,220,5,1,566,24140080383135,24140623525281,543142,0,1,202974,555593,1,,,,577,125,-5,1,1,0,79,0,0
579,scan,578,1,24140680696967,,24140680821815,24140682808520,58.602,-1.1203,0.7030,-1.6103,3,0.3123,312,220,-5,220,5,1,566,,,,1,1,202974,555334,1,,,,578,123,-5,1,1,0,79,0,0
580,scan,579,1,24140730809498,,24140730936972,24140732877446,58.652,-1.1204,0.6988,-1.6113,3,0.2905,290,220,-3,220,-14,1,568,24140180063154,24140718035959,537972,0,1,202974,554714,1,,,,579,100,-3,1,1,0,79,0,0
581,scan,580,1,24140780787476,,24140780906843,24140782800473,58.702,-1.1207,0.6912,-1.6122,3,0.3089,308,220,-1,220,-12,1,569,24140230680641,24140775600756,544920,0,1,202974,552688,1,,,,580,118,-1,1,1,0,79,0,0
582,scan,581,1,24140830824830,,24140830957382,24140832839844,58.752,-1.1209,0.6878,-1.6118,3,0.3013,301,220,-2,220,-12,1,569,,,,1,1,202974,552716,1,,,,581,111,-2,1,1,0,79,0,0
583,scan,582,1,24140880973370,,24140881125790,24140882920527,58.802,-1.1212,0.6799,-1.6113,3,0.2966,296,220,-3,220,-3,1,571,24140330099463,24140871338443,541238,0,1,202974,552295,1,,,,582,105,-3,1,1,0,79,0,0
584,scan,583,1,24140930819353,,24140930942108,24140932889111,58.852,-1.1213,0.6762,-1.6116,3,0.2991,299,220,-2,220,-3,1,571,,,,1,1,202974,552328,1,,,,583,108,-2,1,1,0,79,0,0
585,scan,584,1,24140980846515,,24140980960605,24140982808082,58.902,-1.1216,0.6689,-1.6123,3,0.2949,294,220,-1,220,-12,1,573,24140430346880,24140972078772,541731,0,1,202974,551936,1,,,,584,103,-1,1,1,0,79,0,0
586,scan,585,1,24141031125005,,24141031255267,24141032780075,58.952,-1.1218,0.6653,-1.6123,3,0.2994,299,220,-1,220,-12,1,573,,,,1,1,202974,551385,1,,,,585,108,-1,1,1,0,79,0,0
587,scan,586,1,24141081463341,,24141081617126,24141083936115,59.002,-1.1221,0.6581,-1.6120,3,0.2785,278,220,-1,220,-12,1,573,,,,1,1,202974,551385,1,,,,586,100,-1,1,1,0,79,0,0
588,scan,587,1,24141131484299,,24141131619799,24141133683318,59.052,-1.1222,0.6544,-1.6120,3,0.2980,298,220,-1,220,-3,1,575,24140530692138,24141090331386,559639,0,1,202974,551697,1,,,,587,107,-1,1,1,0,79,0,0
589,scan,588,1,24141181599419,,24141181733362,24141183790721,59.102,-1.1224,0.6510,-1.6122,3,0.2967,296,220,-1,220,-3,1,575,,,,1,1,202974,551096,1,,,,588,105,-1,1,1,0,79,0,0
590,scan,589,1,24141232097482,,24141232254004,24141233745386,59.152,-1.1227,0.6438,-1.6124,3,0.2773,277,220,-1,220,-5,1,578,24140680737844,24141221511144,540773,0,1,202974,550716,1,,,,589,100,-1,1,1,0,79,0,0
591,scan,590,1,24141281480191,,24141281618278,24141283817157,59.202,-1.1228,0.6402,-1.6123,3,0.2809,280,220,-1,220,-5,1,578,,,,1,1,202974,549894,1,,,,590,100,-1,1,1,0,79,0,0
592,scan,591,1,24141331486380,,24141331629283,24141333785433,59.252,-1.1231,0.6334,-1.6123,3,0.2825,282,220,-1,220,-5,1,578,,,,1,1,202974,550147,1,,,,591,100,-1,1,1,0,79,0,0
593,scan,592,1,24141381775858,,24141381927464,24141383909179,59.302,-1.1233,0.6300,-1.6123,3,0.2835,283,220,-1,220,-1,1,580,24140780828932,24141353457909,572628,0,1,202974,551083,1,,,,592,100,-1,1,1,0,79,0,0
594,scan,593,1,24141434906844,,24141435043851,24141436760739,59.352,-1.1235,0.6232,-1.6125,3,0.2738,273,220,0,220,-1,1,581,24140830870018,24141409401345,578531,0,1,202974,552181,1,,,,593,100,0,1,1,0,79,0,0
595,scan,594,1,24141484210094,,24141484350407,24141485760952,59.402,-1.1237,0.6198,-1.6125,3,0.2761,276,220,0,220,-1,1,583,24140930859935,24141472566065,541706,0,1,202974,551976,1,,,,594,100,0,1,1,0,79,0,0
596,scan,595,1,24141533215807,,24141533366641,24141534804161,59.452,-1.1240,0.6130,-1.6125,3,0.2824,282,220,0,220,-1,1,583,,,,1,1,202974,551976,1,,,,595,100,0,1,1,0,79,0,0
597,scan,596,1,24141582546698,,24141582665310,24141584753206,59.502,-1.1241,0.6096,-1.6125,3,0.2678,267,220,0,220,-1,1,585,24141031169161,24141578372984,547203,0,1,202974,551600,1,,,,596,100,0,1,1,0,79,0,0
598,scan,597,1,24141632332159,,24141632451104,24141634665220,59.552,-1.1244,0.6028,-1.6125,3,0.2756,275,220,0,220,-1,1,585,,,,1,1,202974,551694,1,,,,597,100,0,1,1,0,79,0,0
599,scan,598,1,24141682372398,,24141682511838,24141684672987,59.602,-1.1245,0.5994,-1.6125,3,0.2754,275,220,0,220,-1,1,587,24141131532665,24141677407992,545875,0,1,202974,551462,1,,,,598,100,0,1,1,0,79,0,0
600,scan,599,1,24141732041415,,24141732167850,24141733888961,59.652,-1.1248,0.5926,-1.6125,3,0.2683,268,220,0,220,-1,1,587,,,,1,1,202974,551119,1,,,,599,100,0,1,1,0,79,0,0
601,scan,600,1,24141782431598,,24141782705850,24141785028309,59.702,-1.1249,0.5892,-1.6125,3,0.2766,276,220,0,220,-1,1,587,,,,1,1,202974,551371,1,,,,600,100,0,1,1,0,79,0,0
602,scan,601,1,24141832206240,,24141832441301,24141834706812,59.752,-1.1252,0.5824,-1.6125,3,0.2658,265,220,0,220,-1,1,587,,,,1,1,202974,551531,1,,,,601,100,0,1,1,0,79,0,0
603,scan,602,1,24141882250364,,24141882396377,24141883733678,59.802,-1.1254,0.5790,-1.6125,3,0.2828,282,220,0,220,-1,1,587,,,,1,1,202974,551531,1,,,,602,100,0,1,1,0,79,0,0
604,scan,603,1,24141932473846,,24141932606628,24141934672057,59.852,-1.1257,0.5722,-1.6125,3,0.2748,274,220,0,220,-1,1,587,,,,1,1,202974,551447,1,,,,603,100,0,1,1,0,79,0,0
605,scan,604,1,24141982437515,,24141982568462,24141984791214,59.902,-1.1258,0.5688,-1.6125,3,0.2805,280,220,0,220,-1,1,587,,,,1,1,202974,551684,1,,,,604,100,0,1,1,0,79,0,0
606,scan,605,1,24142032414866,,24142032644220,24142034713265,59.952,-1.1259,0.5654,-1.6125,3,0.2647,264,220,0,220,1,1,593,24141434952847,24142032532633,597579,0,1,202974,554431,1,,,,605,100,0,1,1,0,79,0,0
607,scan,606,1,24142082441419,,24142082584321,24142084722649,60.002,-1.1262,0.5586,-1.6125,3,0.2668,266,220,0,220,1,1,594,24141484256567,24142039046953,554790,0,1,202974,554698,1,,,,606,100,0,1,1,0,79,0,0
608,scan,607,1,24142132570454,,24142132724182,24142134841329,60.052,-1.1264,0.5552,-1.6125,3,0.2699,269,220,0,220,1,1,594,,,,1,1,202974,554698,1,,,,607,100,0,1,1,0,79,0,0
609,scan,608,1,24142182424930,,24142182558658,24142184732476,60.102,-1.1266,0.5484,-1.6125,3,0.2693,269,220,0,220,-1,1,597,24141632371755,24142177362197,544990,0,1,202974,554237,1,,,,608,100,0,1,1,0,79,0,0
610,scan,609,1,24142232677467,,24142232813308,24142234747059,60.152,-1.1268,0.5450,-1.6125,3,0.2873,287,220,0,220,-1,1,597,,,,1,1,202974,553288,1,,,,609,100,0,1,1,0,79,0,0
611,scan,610,1,24142282662924,,24142282802491,24142285713340,60.202,-1.1271,0.5383,-1.6125,3,0.2612,261,220,0,220,1,1,598,24141682421879,24142234424418,552002,0,1,202974,553656,1,,,,610,100,0,1,1,0,79,0,0
612,scan,611,1,24142332934125,,24142333080853,24142334824077,60.252,-1.1272,0.5349,-1.6125,3,0.2938,293,220,0,220,-1,1,600,24141782525134,24142329651468,547126,0,1,202974,553329,1,,,,611,102,0,1,1,0,79,0,0
613,scan,612,1,24142383238299,,24142383374772,24142385668000,60.302,-1.1275,0.5280,-1.6125,3,0.3086,308,220,0,220,-1,1,601,24141832250212,24142380683715,548433,0,1,202974,553537,1,,,,612,118,0,1,1,0,79,0,0
614,scan,613,1,24142432867791,,24142433009797,24142434805757,60.352,-1.1276,0.5245,-1.6125,3,0.2878,287,220,0,220,1,1,602,24141882300469,24142429132788,546832,0,1,202974,553217,1,,,,613,100,0,1,1,0,79,0,0
615,scan,614,1,24142483264120,,24142483398422,24142485658640,60.402,-1.1280,0.5165,-1.6126,3,0.3073,307,220,0,220,1,1,602,,,,1,1,202974,552959,1,,,,614,117,0,1,1,0,79,0,0
616,scan,615,1,24142533186389,,24142533342259,24142534716326,60.452,-1.1281,0.5131,-1.6127,3,0.3140,313,220,0,220,1,1,602,,,,1,1,202974,552959,1,,,,615,124,0,1,1,0,79,0,0
617,scan,616,1,24142583116966,,24142583240030,24142584810407,60.502,-1.1285,0.5048,-1.6128,3,1.0824,1082,220,0,220,-1,1,604,24141982482073,24142571940989,589458,0,1,202974,553828,1,,,,616,220,0,1,0,0,79,0,0
618,scan,617,1,24142633635548,,24142633774691,24142635878368,60.552,-1.1286,0.5006,-1.6127,3,1.0760,1075,220,0,220,-1,1,605,24142032459829,24142588215747,555755,0,1,202974,554459,1,,,,617,220,0,1,0,0,79,0,0
619,scan,618,1,24142683488305,,24142683619495,24142685734903,60.602,-1.1291,0.4891,-1.6127,3,1.0587,1058,220,0,220,-1,1,606,24142082489755,24142662363478,579873,0,1,202974,555669,1,,,,618,220,0,1,0,0,79,0,0
620,scan,619,1,24142733486045,,24142733616527,24142735746002,60.652,-1.1294,0.4816,-1.6128,3,1.0912,1091,220,0,220,-1,1,608,24142182469529,24142725591133,543121,0,1,202974,555914,1,,,,619,220,0,1,0,0,79,0,0
621,scan,620,1,24142783480909,,24142783606499,24142785706461,60.702,-1.1301,0.4666,-1.6129,3,1.0772,1077,220,0,220,-1,1,608,,,,1,1,202974,556464,1,,,,620,220,0,1,0,0,79,0,0
622,scan,621,1,24142833466264,,24142833609058,24142835676750,60.752,-1.1304,0.4592,-1.6129,3,1.0773,1077,220,0,220,-1,1,609,24142232723150,24142822370751,589647,0,1,202974,558044,1,,,,621,220,0,1,0,0,79,0,0
623,scan,622,1,24142883682322,,24142883826012,24142885839594,60.802,-1.1307,0.4517,-1.6128,3,1.0697,1069,220,0,220,-1,1,611,24142332978970,24142876901206,543922,0,1,202974,558172,1,,,,622,220,0,1,0,0,79,0,0
624,scan,623,1,24142933656374,,24142933785085,24142935755922,60.852,-1.1313,0.4368,-1.6128,3,1.0859,1085,220,0,220,-1,1,611,,,,1,1,202974,558172,1,,,,623,220,0,1,0,0,79,0,0
625,scan,624,1,24142983816472,,24142983954044,24142985862203,60.902,-1.1316,0.4293,-1.6129,3,1.0655,1065,220,0,220,-1,1,611,,,,1,1,202974,558994,1,,,,624,220,0,1,0,0,79,0,0
626,scan,625,1,24143034011154,,24143034184359,24143035850570,60.952,-1.1323,0.4143,-1.6129,3,1.0699,1069,220,0,220,-1,1,611,,,,1,1,202974,558994,1,,,,625,220,0,1,0,0,79,0,0
627,scan,626,1,24143083848358,,24143083992896,24143085769930,61.002,-1.1326,0.4069,-1.6128,3,1.0709,1070,220,0,220,-1,1,611,,,,1,1,202974,558994,1,,,,626,220,0,1,0,0,79,0,0
628,scan,627,1,24143133874281,,24143134020245,24143135787419,61.052,-1.1332,0.3919,-1.6128,3,1.0858,1085,220,0,220,-1,1,611,,,,1,1,202974,558960,1,,,,627,220,0,1,0,0,79,0,0
629,scan,628,1,24143184239168,,24143184368581,24143185887193,61.102,-1.1335,0.3844,-1.6128,3,1.0822,1082,220,0,220,-1,1,611,,,,1,1,202974,558960,1,,,,628,220,0,1,0,0,79,0,0
630,scan,629,1,24143233951761,,24143234082249,24143235833229,61.152,-1.1342,0.3695,-1.6129,3,1.0899,1089,220,0,220,-1,1,611,,,,1,1,202974,559971,1,,,,629,220,0,1,0,0,79,0,0
631,scan,630,1,24143283873530,,24143284032888,24143285762054,61.202,-1.1345,0.3620,-1.6129,3,1.0759,1075,220,0,220,-1,1,611,,,,1,1,202974,559971,1,,,,630,220,0,1,0,0,79,0,0
632,scan,631,1,24143333937859,,24143334080782,24143335978962,61.252,-1.1351,0.3471,-1.6128,3,1.0701,1070,220,0,220,-1,1,611,,,,1,1,202974,559971,1,,,,631,220,0,1,0,0,79,0,0
633,scan,632,1,24143383943313,,24143384111131,24143385811496,61.302,-1.1354,0.3396,-1.6128,3,1.0679,1067,220,0,220,0,1,621,24142833513930,24143383016711,549502,0,1,202974,558686,1,,,,632,220,0,1,0,0,79,0,0
634,scan,633,1,24143433737717,,24143433858221,24143435850888,61.352,-1.1360,0.3246,-1.6129,3,1.0770,1077,220,0,220,0,1,621,,,,1,1,202974,558686,1,,,,633,220,0,1,0,0,79,0,0
635,scan,634,1,24143483873683,,24143484039793,24143485877486,61.402,-1.1364,0.3172,-1.6129,3,1.0695,1069,220,0,220,1,1,622,24142883733077,24143444772081,561039,0,1,202974,557714,1,,,,634,220,0,1,0,0,79,0,0
636,scan,635,1,24143534137838,,24143534282380,24143535856693,61.452,-1.1370,0.3022,-1.6128,3,1.0694,1069,220,0,220,1,1,623,24142933698080,24143494065985,560367,0,1,202974,558751,1,,,,635,220,0,1,0,0,79,0,0
637,scan,636,1,24143583955363,,24143584143060,24143585816602,61.502,-1.1373,0.2948,-1.6128,3,1.0707,1070,220,0,220,1,1,623,,,,1,1,202974,559430,1,,,,636,220,0,1,0,0,79,0,0
638,scan,637,1,24143634544550,,24143634745943,24143636800915,61.552,-1.1379,0.2798,-1.6129,3,1.0623,1062,220,0,220,1,1,623,,,,1,1,202974,559430,1,,,,637,220,0,1,0,0,79,0,0
639,scan,638,1,24143684403943,,24143684544607,24143686658633,61.602,-1.1382,0.2723,-1.6129,3,1.0694,1069,220,0,220,1,1,627,24143133923429,24143677593812,543670,0,1,202974,559300,1,,,,638,220,0,1,0,0,79,0,0
640,scan,639,1,24143734590424,,24143734715136,24143736830939,61.652,-1.1386,0.2649,-1.6129,3,1.0722,1072,220,0,220,2,1,628,24143184282806,24143729055918,544773,0,1,202974,558493,1,,,,639,220,0,1,0,0,79,0,0
641,scan,640,1,24143785106371,,24143785232834,24143786866245,61.702,-1.1392,0.2499,-1.6129,3,1.0678,1067,220,0,220,2,1,628,,,,1,1,202974,558493,1,,,,640,220,0,1,0,0,79,0,0
642,scan,641,1,24143834839771,,24143834968871,24143836828395,61.752,-1.1395,0.2424,-1.6129,3,1.0599,1059,220,0,220,1,1,629,24143233996054,24143785874488,551878,0,1,202974,558145,1,,,,641,220,0,1,0,0,79,0,0
643,scan,642,1,24143884744366,,24143884866757,24143886845604,61.802,-1.1401,0.2275,-1.6129,3,1.0671,1067,220,0,220,0,1,630,24143283919056,24143867326328,583407,0,1,202974,559408,1,,,,642,220,0,1,0,0,79,0,0
644,scan,643,1,24143934831719,,24143934961921,24143936763835,61.852,-1.1404,0.2200,-1.6129,3,1.0712,1071,220,0,220,0,1,630,,,,1,1,202974,559408,1,,,,643,220,0,1,0,0,79,0,0
645,scan,644,1,24143985048575,,24143985169555,24143986791653,61.902,-1.1411,0.2051,-1.6129,3,1.0502,1050,220,0,220,1,1,633,24143433779596,24143976325985,542546,0,1,202974,558605,1,,,,644,220,0,1,0,0,79,0,0
646,scan,645,1,24144034572187,,24144034702092,24144036804541,61.952,-1.1414,0.1976,-1.6129,3,1.0538,1053,220,0,220,1,1,633,,,,1,1,202974,556657,1,,,,645,220,0,1,0,0,79,0,0
647,scan,646,1,24144085126796,,24144085274614,24144086781670,62.002,-1.1420,0.1827,-1.6129,3,1.0696,1069,220,0,220,1,1,633,,,,1,1,202974,556755,1,,,,646,220,0,1,0,0,79,0,0
648,scan,647,1,24144134823216,,24144134954364,24144136728891,62.052,-1.1423,0.1752,-1.6129,3,1.0646,1064,220,0,220,1,1,635,24143534187136,24144088186455,553999,0,1,202974,556617,1,,,,647,220,0,1,0,0,79,0,0
649,scan,648,1,24144184892332,,24144185024641,24144186796919,62.102,-1.1430,0.1602,-1.6129,3,1.0550,1054,220,0,220,1,1,636,24143584049125,24144164101768,580052,0,1,202974,558370,1,,,,648,220,0,1,0,0,79,0,0
650,scan,649,1,24144234876320,,24144235065773,24144236902206,62.152,-1.1433,0.1528,-1.6129,3,1.0524,1052,220,0,220,1,1,638,24143684447696,24144230715656,546267,0,1,202974,557794,1,,,,649,220,0,1,0,0,79,0,0
651,scan,650,1,24144284827212,,24144284951026,24144287739484,62.202,-1.1439,0.1378,-1.6129,3,1.0289,1028,220,0,220,2,1,639,24143734636312,24144284188473,549552,0,1,202974,557677,1,,,,650,220,0,1,0,0,79,0,0
652,scan,651,1,24144334883079,,24144335026282,24144336761015,62.252,-1.1442,0.1303,-1.6129,3,1.0345,1034,220,0,220,2,1,639,,,,1,1,202974,558205,1,,,,651,220,0,1,0,0,79,0,0
653,scan,652,1,24144384707737,,24144384828637,24144386712792,62.302,-1.1448,0.1154,-1.6129,3,1.0300,1029,220,0,220,1,1,640,24143785149583,24144338645385,553495,0,1,202974,558458,1,,,,652,220,0,1,0,0,79,0,0
654,scan,653,1,24144434953904,,24144435085496,24144436731528,62.352,-1.1452,0.1079,-1.6129,3,1.0186,1018,220,0,220,2,1,641,24143834884467,24144387485024,552600,0,1,202974,558746,1,,,,653,220,0,1,0,0,79,0,0
655,scan,654,1,24144485435293,,24144485681326,24144487849842,62.402,-1.1458,0.0930,-1.6129,3,1.0040,1003,220,0,220,1,1,642,24143884787150,24144459562481,574775,0,1,202974,559509,1,,,,654,220,0,1,0,0,79,0,0
656,scan,655,1,24144534819225,,24144534982517,24144536873121,62.452,-1.1461,0.0855,-1.6129,3,1.0000,1000,220,0,220,1,1,642,,,,1,1,202974,559509,1,,,,655,220,0,1,0,0,79,0,0
657,scan,656,1,24144585328276,,24144585466108,24144587653599,62.502,-1.1464,0.0780,-1.6129,3,0.9823,982,220,0,220,1,1,644,24143985091302,24144538085757,552994,0,1,202974,557773,1,,,,656,220,0,1,0,0,79,0,0
658,scan,657,1,24144635456436,,24144635627740,24144637712557,62.552,-1.1470,0.0631,-1.6129,3,0.9890,988,220,0,220,1,1,645,24144034615912,24144593502249,558886,0,1,202974,557922,1,,,,657,220,0,1,0,0,79,0,0
659,scan,658,1,24144685170395,,24144685297378,24144686747143,62.602,-1.1474,0.0556,-1.6129,3,0.9751,975,220,0,220,1,1,646,24144085177301,24144648530116,563352,0,1,202974,557135,1,,,,658,220,0,1,0,0,79,0,0
660,scan,659,1,24144735401544,,24144735525993,24144737673821,62.652,-1.1480,0.0407,-1.6129,3,0.9656,965,220,0,220,1,1,646,,,,1,1,202974,557836,1,,,,659,220,0,1,0,0,79,0,0
661,scan,660,1,24144785846245,,24144785989311,24144787851314,62.702,-1.1483,0.0332,-1.6129,3,0.9547,954,220,0,220,1,1,649,24144234959027,24144785378763,550419,0,1,202974,557483,1,,,,660,220,0,1,0,0,79,0,0
662,scan,661,1,24144835954949,,24144836180303,24144837776910,62.752,-1.1489,0.0182,-1.6129,3,0.9491,949,220,0,220,1,1,650,24144284868879,24144835116135,550247,0,1,202974,555607,1,,,,661,220,0,1,0,0,79,0,0
663,scan,662,1,24144885758492,,24144885911865,24144887833975,62.802,-1.1493,0.0108,-1.6129,3,0.9494,949,220,0,220,1,1,650,,,,1,1,202974,556191,1,,,,662,220,0,1,0,0,79,0,0
664,scan,663,1,24144935817340,,24144935932004,24144937932423,62.852,-1.1499,-0.0042,-1.6129,3,0.9375,937,220,0,220,1,1,652,24144384746239,24144934220913,549474,0,1,202974,555871,1,,,,663,220,0,1,0,0,79,0,0
665,scan,664,1,24144985840720,,24144985986413,24144987817729,62.902,-1.1502,-0.0117,-1.6129,3,0.9380,937,220,0,220,1,1,653,24144434999424,24144983358487,548359,0,1,202974,555530,1,,,,664,220,0,1,0,0,79,0,0
666,scan,665,1,24145035648607,,24145035770361,24145037869354,62.952,-1.1508,-0.0266,-1.6129,3,0.9165,916,220,0,220,1,1,653,,,,1,1,202974,555530,1,,,,665,220,0,1,0,0,79,0,0
667,scan,666,1,24145085549228,,24145085672725,24145087732979,63.002,-1.1511,-0.0341,-1.6129,3,0.9093,909,220,0,220,2,1,654,24144485510494,24145036419803,550909,0,1,202974,555329,1,,,,666,220,0,1,0,0,79,0,0
668,scan,667,1,24145136102322,,24145136247367,24145137835009,63.052,-1.1518,-0.0490,-1.6129,3,0.9094,909,220,0,220,1,1,655,24144534882234,24145086112924,551230,0,1,202974,555158,1,,,,667,220,0,1,0,0,79,0,0
669,scan,668,1,24145185783454,,24145185910764,24145187712288,63.102,-1.1521,-0.0565,-1.6129,3,0.9045,904,220,0,220,1,1,656,24144585375891,24145146066848,560690,0,1,202974,555379,1,,,,668,220,0,1,0,0,79,0,0
670,scan,669,1,24145236066013,,24145236228059,24145237805231,63.152,-1.1527,-0.0714,-1.6129,3,0.8940,893,220,0,220,1,1,657,24144635514258,24145194071385,558557,0,1,202974,555502,1,,,,669,220,0,1,0,0,79,0,0
671,scan,670,1,24145285865784,,24145286018270,24145287909322,63.202,-1.1530,-0.0789,-1.6129,3,0.9035,903,220,0,220,1,1,659,24144735445786,24145276584762,541138,0,1,202974,554970,1,,,,670,220,0,1,0,0,79,0,0
672,scan,671,1,24145336021588,,24145336148747,24145337841569,63.252,-1.1537,-0.0939,-1.6129,3,0.8992,899,220,0,220,1,1,659,,,,1,1,202974,554970,1,,,,671,220,0,1,0,0,79,0,0
673,scan,672,1,24145386465251,,24145386611869,24145388823900,63.302,-1.1540,-0.1013,-1.6129,3,0.8908,890,220,0,220,1,1,659,,,,1,1,202974,555180,1,,,,672,220,0,1,0,0,79,0,0
674,scan,673,1,24145436365403,,24145436509475,24145438847829,63.352,-1.1543,-0.1088,-1.6129,3,0.8620,861,220,0,220,1,1,661,24144836064050,24145388669498,552605,0,1,202974,555084,1,,,,673,220,0,1,0,0,79,0,0
675,scan,674,1,24145486291909,,24145486422205,24145487824792,63.402,-1.1549,-0.1238,-1.6129,3,0.8850,884,220,0,220,2,1,663,24144935858798,24145485294664,549435,0,1,202974,554655,1,,,,674,220,0,1,0,0,79,0,0
676,scan,675,1,24145536385830,,24145536513585,24145538701322,63.452,-1.1552,-0.1312,-1.6129,3,0.8775,877,220,0,220,2,1,663,,,,1,1,202974,554435,1,,,,675,220,0,1,0,0,79,0,0
677,scan,676,1,24145586285738,,24145586412967,24145587912968,63.502,-1.1559,-0.1462,-1.6129,3,0.8641,864,220,0,220,1,1,664,24144985892510,24145552944034,567051,0,1,202974,554902,1,,,,676,220,0,1,0,0,79,0,0
678,scan,677,1,24145636061378,,24145636196086,24145637826411,63.552,-1.1562,-0.1536,-1.6129,3,0.8752,875,220,0,220,1,1,666,24145085592191,24145635427754,549835,0,1,202974,554721,1,,,,677,220,0,1,0,0,79,0,0
679,scan,678,1,24145686012654,,24145686162649,24145687891812,63.602,-1.1568,-0.1686,-1.6129,3,0.8682,868,220,0,220,1,1,666,,,,1,1,202974,555131,1,,,,678,220,0,1,0,0,79,0,0
680,scan,679,1,24145736114896,,24145736241459,24145737798367,63.652,-1.1571,-0.1761,-1.6129,3,0.8518,851,220,0,220,2,1,667,24145136143847,24145697559250,561415,0,1,202974,555747,1,,,,679,220,0,1,0,0,79,0,0
681,scan,680,1,24145786075106,,24145786200651,24145787784894,63.702,-1.1577,-0.1910,-1.6129,3,0.8667,866,220,0,220,1,1,668,24145185827730,24145738487403,552659,0,1,202974,555637,1,,,,680,220,0,1,0,0,79,0,0
682,scan,681,1,24145836420060,,24145836545350,24145838745537,63.752,-1.1581,-0.1985,-1.6129,3,0.8531,853,220,0,220,1,1,668,,,,1,1,202974,555776,1,,,,681,220,0,1,0,0,79,0,0
683,scan,682,1,24145886411904,,24145886530354,24145888685865,63.802,-1.1587,-0.2134,-1.6129,3,0.8688,868,220,0,220,2,1,671,24145336061740,24145877277556,541215,0,1,202974,554213,1,,,,682,220,0,1,0,0,79,0,0
684,scan,683,1,24145936906901,,24145937064117,24145938780043,63.852,-1.1590,-0.2209,-1.6129,3,0.8651,865,220,0,220,2,1,672,24145386515482,24145933354214,546838,0,1,202974,553950,1,,,,683,220,0,1,0,0,79,0,0
685,scan,684,1,24145986656441,,24145986775590,24145988884475,63.902,-1.1596,-0.2359,-1.6129,3,0.8751,875,220,0,220,2,1,672,,,,1,1,202974,554372,1,,,,684,220,0,1,0,0,79,0,0
686,scan,685,1,24146036667952,,24146036790051,24146038753688,63.952,-1.1599,-0.2433,-1.6129,3,0.8837,883,220,0,220,2,1,674,24145486346923,24146025671545,539324,0,1,202974,553835,1,,,,685,220,0,1,0,0,79,0,0
687,scan,686,1,24146086702846,,24146086823085,24146088861613,64.002,-1.1606,-0.2583,-1.6129,3,1.0246,1024,220,0,220,2,1,674,,,,1,1,202974,553835,1,,,,686,220,0,1,0,0,79,0,0
688,scan,687,1,24146136797211,,24146136926947,24146138879751,64.052,-1.1609,-0.2657,-1.6129,3,1.0370,1036,220,0,220,1,1,675,24145536431865,24146099716498,563284,0,1,202974,554166,1,,,,687,220,0,1,0,0,79,0,0
689,scan,688,1,24146187050665,,24146187248960,24146188825344,64.102,-1.1615,-0.2807,-1.6129,3,1.0392,1039,220,0,220,2,1,676,24145586329805,24146149759422,563429,0,1,202974,553573,1,,,,688,220,0,1,0,0,79,0,0
690,scan,689,1,24146236757400,,24146236887412,24146239686684,64.152,-1.1618,-0.2882,-1.6129,3,1.0405,1040,220,0,220,2,1,676,,,,1,1,202974,553843,1,,,,689,220,0,1,0,0,79,0,0
691,scan,690,1,24146286851034,,24146286988379,24146288811347,64.202,-1.1621,-0.2956,-1.6129,3,1.0289,1028,220,0,220,2,1,676,,,,1,1,202974,554008,1,,,,690,220,0,1,0,0,79,0,0
692,scan,691,1,24146336782896,,24146336908321,24146338777404,64.252,-1.1628,-0.3106,-1.6129,3,1.0289,1028,220,0,220,2,1,679,24145736162175,24146288738900,552576,0,1,202974,553955,1,,,,691,220,0,1,0,0,79,0,0
693,scan,692,1,24146386963646,,24146387090422,24146388779204,64.302,-1.1631,-0.3181,-1.6129,3,1.0356,1035,220,0,220,2,1,680,24145786118046,24146340446167,554328,0,1,202974,553986,1,,,,692,220,0,1,0,0,79,0,0
694,scan,693,1,24146437339471,,24146437482341,24146439693192,64.352,-1.1637,-0.3330,-1.6129,3,1.0339,1033,220,0,220,2,1,681,24145836465116,24146389645261,553180,0,1,202974,554008,1,,,,693,220,0,1,0,0,79,0,0
695,scan,694,1,24146487010823,,24146487225890,24146488887485,64.402,-1.1640,-0.3405,-1.6129,3,1.0234,1023,220,0,220,2,1,683,24145936949620,24146487092325,550142,0,1,202974,553095,1,,,,694,220,0,1,0,0,79,0,0
696,scan,695,1,24146536977578,,24146537117043,24146538825698,64.452,-1.1647,-0.3554,-1.6129,3,1.0184,1018,220,0,220,2,1,683,,,,1,1,202974,553095,1,,,,695,220,0,1,0,0,79,0,0
697,scan,696,1,24146587296388,,24146587430642,24146588851848,64.502,-1.1650,-0.3629,-1.6129,3,1.0332,1033,220,0,220,3,1,684,24145986698467,24146552771744,566073,0,1,202974,553580,1,,,,696,220,0,1,0,0,79,0,0
698,scan,697,1,24146637514373,,24146637644538,24146639708942,64.552,-1.1656,-0.3778,-1.6129,3,1.0139,1013,220,0,220,2,1,685,24146036711394,24146603299232,566587,0,1,202974,553865,1,,,,697,220,0,1,0,0,79,0,0
699,scan,698,1,24146687491158,,24146687613914,24146689658589,64.602,-1.1659,-0.3853,-1.6129,3,1.0347,1034,220,1,220,3,1,686,24146086742241,24146663564487,576822,0,1,202974,554364,1,,,,698,220,1,1,0,0,79,0,0
700,scan,699,1,24146737476471,,24146737598075,24146739678778,64.652,-1.1665,-0.4003,-1.6128,3,1.0142,1014,220,0,220,2,1,687,24146136841619,24146722776130,585934,0,1,202974,555491,1,,,,699,220,0,1,0,0,79,0,0
701,scan,700,1,24146788039932,,24146788175654,24146789800496,64.702,-1.1669,-0.4077,-1.6128,3,1.0371,1037,220,0,220,3,1,688,24146187110706,24146747069036,559958,0,1,202974,555832,1,,,,700,220,0,1,0,0,79,0,0
702,scan,701,1,24146837647768,,24146837782795,24146839807504,64.752,-1.1675,-0.4227,-1.6128,3,1.0187,1018,220,0,220,2,1,689,24146236802942,24146801614441,564811,0,1,202974,556352,1,,,,701,220,0,1,0,0,79,0,0
703,scan,702,1,24146887761436,,24146887971380,24146889796054,64.802,-1.1678,-0.4302,-1.6128,3,1.0198,1019,220,0,220,2,1,690,24146286900645,24146842981444,556080,0,1,202974,556343,1,,,,702,220,0,1,0,0,79,0,0
704,scan,703,1,24146937596928,,24146937783704,24146939814120,64.852,-1.1684,-0.4451,-1.6128,3,1.0390,1038,220,0,220,2,1,691,24146336826457,24146929264242,592437,0,1,202974,557824,1,,,,703,220,0,1,0,0,79,0,0
705,scan,704,1,24146987994455,,24146988208930,24146989826840,64.902,-1.1687,-0.4526,-1.6128,3,1.0345,1034,220,0,220,2,1,692,24146387008639,24146940957085,553948,0,1,202974,558017,1,,,,704,220,0,1,0,0,79,0,0
706,scan,705,1,24147038001708,,24147038124890,24147039805327,64.952,-1.1694,-0.4675,-1.6128,3,1.0271,1027,220,0,220,3,1,693,24146437383414,24147014133970,576750,0,1,202974,558641,1,,,,705,220,0,1,0,0,79,0,0
707,scan,706,1,24147087884706,,24147088036975,24147089896326,65.002,-1.1697,-0.4750,-1.6128,3,1.0085,1008,220,0,220,3,1,693,,,,1,1,202974,558908,1,,,,706,220,0,1,0,0,79,0,0
708,scan,707,1,24147137935825,,24147138077655,24147139842893,65.052,-1.1700,-0.4825,-1.6128,3,1.0342,1034,220,0,220,2,1,696,24146587344298,24147135825853,548481,0,1,202974,558813,1,,,,707,220,0,1,0,0,79,0,0
709,scan,708,1,24147188126259,,24147188267561,24147189848722,65.102,-1.1706,-0.4974,-1.6128,3,1.0300,1030,220,0,220,3,1,697,24146637559333,24147183246820,545687,0,1,202974,558296,1,,,,708,220,0,1,0,0,79,0,0
710,scan,709,1,24147238629862,,24147238759447,24147240746184,65.152,-1.1709,-0.5049,-1.6128,3,1.0247,1024,220,0,220,2,1,698,24146687535192,24147237765773,550230,0,1,202974,558009,1,,,,709,220,0,1,0,0,79,0,0
711,scan,710,1,24147288666626,,24147288793044,24147290903090,65.202,-1.1716,-0.5198,-1.6128,3,1.0308,1030,220,0,220,2,1,698,,,,1,1,202974,558611,1,,,,710,220,0,1,0,0,79,0,0
712,scan,711,1,24147338632822,,24147338758631,24147340829455,65.252,-1.1719,-0.5273,-1.6128,3,1.0076,1007,220,0,220,2,1,700,24146788088559,24147337611535,549522,0,1,202974,558298,1,,,,711,220,0,1,0,0,79,0,0
713,scan,712,1,24147388426530,,24147388545778,24147390723460,65.302,-1.1725,-0.5423,-1.6128,3,1.0299,1029,220,0,220,2,1,700,,,,1,1,202974,558298,1,,,,712,220,0,1,0,0,79,0,0
714,scan,713,1,24147438778477,,24147438929422,24147440860835,65.352,-1.1728,-0.5497,-1.6128,3,1.0285,1028,220,0,220,1,1,701,24146837692340,24147397581500,559889,0,1,202974,558549,1,,,,713,220,0,1,0,0,79,0,0
715,scan,714,1,24147489014292,,24147489131475,24147490823169,65.402,-1.1735,-0.5647,-1.6128,3,1.0121,1012,220,0,220,1,1,703,24146937637273,24147485277607,547640,0,1,202974,558487,1,,,,714,220,0,1,0,0,79,0,0
716,scan,715,1,24147538879185,,24147539003651,24147540769204,65.452,-1.1738,-0.5722,-1.6128,3,1.0223,1022,220,0,220,1,1,703,,,,1,1,202974,558487,1,,,,715,220,0,1,0,0,79,0,0
717,scan,716,1,24147588775260,,24147588896873,24147590737627,65.502,-1.1744,-0.5871,-1.6128,3,1.0190,1018,220,0,220,1,1,705,24147038039576,24147588354381,550314,0,1,202974,557910,1,,,,716,220,0,1,0,0,79,0,0
718,scan,717,1,24147638813183,,24147638942481,24147640861538,65.552,-1.1747,-0.5946,-1.6128,3,1.0260,1025,220,1,220,1,1,705,,,,1,1,202974,558198,1,,,,717,220,1,1,0,0,79,0,0
719,scan,718,1,24147688737775,,24147688863056,24147690822902,65.602,-1.1753,-0.6095,-1.6128,3,1.0157,1015,220,1,220,3,1,706,24147087925718,24147654741323,566815,0,1,202974,558495,1,,,,718,220,1,1,0,0,79,0,0
720,scan,719,1,24147738775434,,24147738891468,24147740900027,65.652,-1.1757,-0.6170,-1.6127,3,1.0311,1031,220,0,220,3,1,708,24147188176769,24147736180518,548003,0,1,202974,558033,1,,,,719,220,0,1,0,0,79,0,0
721,scan,720,1,24147788640471,,24147788766574,24147790936740,65.702,-1.1763,-0.6319,-1.6127,3,1.0185,1018,220,0,220,3,1,708,,,,1,1,202974,558225,1,,,,720,220,0,1,0,0,79,0,0
722,scan,721,1,24147838984446,,24147839113602,24147840873058,65.752,-1.1766,-0.6394,-1.6126,3,1.0135,1013,220,0,220,3,1,710,24147288709028,24147834494686,545785,0,1,202974,557796,1,,,,721,220,0,1,0,0,79,0,0
723,scan,722,1,24147889229190,,24147889379659,24147890805313,65.802,-1.1772,-0.6544,-1.6127,3,1.0150,1015,220,0,220,3,1,710,,,,1,1,202974,558388,1,,,,722,220,0,1,0,0,79,0,0
724,scan,723,1,24147938921127,,24147939053524,24147940852543,65.852,-1.1775,-0.6618,-1.6127,3,1.0193,1019,220,0,220,3,1,710,,,,1,1,202974,558816,1,,,,723,220,0,1,0,0,79,0,0
725,scan,724,1,24147988988078,,24147989124063,24147990881416,65.902,-1.1778,-0.6693,-1.6127,3,1.0132,1013,220,0,220,3,1,710,,,,1,1,202974,558816,1,,,,724,220,0,1,0,0,79,0,0
726,scan,725,1,24148038963750,,24148039082023,24148040826130,65.952,-1.1785,-0.6843,-1.6127,3,1.0014,1001,220,0,220,1,1,714,24147489055649,24148038510946,549455,0,1,202974,559191,1,,,,725,220,0,1,0,0,79,0,0
727,scan,726,1,24148089202763,,24148089330083,24148090780748,66.002,-1.1788,-0.6917,-1.6127,3,1.0078,1007,220,0,220,3,1,715,24147538922425,24148083763938,544841,0,1,202974,558679,1,,,,726,220,0,1,0,0,79,0,0
728,scan,727,1,24148139207580,,24148139323190,24148140941815,66.052,-1.1794,-0.7067,-1.6127,3,1.0189,1018,220,0,220,1,1,716,24147588818237,24148131005728,542187,0,1,202974,557925,1,,,,727,220,0,1,0,0,79,0,0
729,scan,728,1,24148189025614,,24148189167845,24148190801626,66.102,-1.1797,-0.7142,-1.6127,3,1.0143,1014,220,0,220,1,1,716,,,,1,1,202974,557721,1,,,,728,220,0,1,0,0,79,0,0
730,scan,729,1,24148239106555,,24148239236403,24148241711817,66.152,-1.1804,-0.7291,-1.6127,3,1.0073,1007,220,0,220,3,1,717,24147638857999,24148193750078,554892,0,1,202974,557620,1,,,,729,220,0,1,0,0,79,0,0
731,scan,730,1,24148289028737,,24148289149621,24148290819456,66.202,-1.1807,-0.7366,-1.6127,3,1.0089,1008,220,0,220,4,1,719,24147738816311,24148281159878,542343,0,1,202974,557093,1,,,,730,220,0,1,0,0,79,0,0
732,scan,731,1,24148338807269,,24148338932707,24148340823719,66.252,-1.1813,-0.7515,-1.6127,3,1.0005,1000,220,0,220,4,1,719,,,,1,1,202974,557255,1,,,,731,220,0,1,0,0,79,0,0
733,scan,732,1,24148389253688,,24148389369523,24148390832566,66.302,-1.1816,-0.7590,-1.6127,3,1.0055,1005,220,0,220,4,1,721,24147839030280,24148388544476,549514,0,1,202974,557083,1,,,,732,220,0,1,0,0,79,0,0
734,scan,733,1,24148439249136,,24148439361509,24148440775173,66.352,-1.1822,-0.7739,-1.6127,3,1.0202,1020,220,0,220,2,1,722,24147889268714,24148439015774,549747,0,1,202974,556960,1,,,,733,220,0,1,0,0,79,0,0
735,scan,734,1,24148489099182,,24148489230080,24148490782319,66.402,-1.1825,-0.7814,-1.6127,3,1.0098,1009,220,0,220,2,1,722,,,,1,1,202974,557213,1,,,,734,220,0,1,0,0,79,0,0
736,scan,735,1,24148539231539,,24148539360119,24148540819622,66.452,-1.1832,-0.7964,-1.6127,3,0.9986,998,220,0,220,4,1,723,24147938967562,24148514235900,575268,0,1,202974,557858,1,,,,735,220,0,1,0,0,79,0,0
737,scan,736,1,24148589280500,,24148589409903,24148590747266,66.502,-1.1835,-0.8038,-1.6127,3,1.0037,1003,220,0,220,4,1,723,,,,1,1,202974,557553,1,,,,736,220,0,1,0,0,79,0,0
738,scan,737,1,24148639475626,,24148639605500,24148641807557,66.552,-1.1841,-0.8188,-1.6127,3,1.0081,1008,220,0,220,1,1,725,24148039004601,24148593955568,554950,0,1,202974,557122,1,,,,737,220,0,1,0,0,79,0,0
739,scan,738,1,24148689333192,,24148689459768,24148691693629,66.602,-1.1844,-0.8263,-1.6127,3,1.0041,1004,220,0,220,3,1,726,24148089247158,24148648953598,559706,0,1,202974,556488,1,,,,738,220,0,1,0,0,79,0,0
740,scan,739,1,24148739549456,,24148739662604,24148741692306,66.652,-1.1851,-0.8412,-1.6127,3,1.0255,1025,220,1,220,1,1,727,24148139247835,24148709426501,570178,0,1,202974,555905,1,,,,739,220,1,1,0,0,79,0,0
741,scan,740,1,24148789506228,,24148789634548,24148791764352,66.702,-1.1854,-0.8487,-1.6127,3,0.9832,983,220,1,220,4,1,728,24148189075576,24148760723824,571648,0,1,202974,556338,1,,,,740,220,1,1,0,0,79,0,0
742,scan,741,1,24148839716792,,24148839846740,24148841830665,66.752,-1.1857,-0.8561,-1.6127,3,0.9884,988,220,1,220,1,1,729,24148239149038,24148789886582,550737,0,1,202974,555817,1,,,,741,220,1,1,0,0,79,0,0
743,scan,742,1,24148889457694,,24148889591003,24148891755192,66.802,-1.1863,-0.8711,-1.6126,3,1.0099,1009,220,0,220,4,1,730,24148289071097,24148847440633,558369,0,1,202974,555901,1,,,,742,220,0,1,0,0,79,0,0
744,scan,743,1,24148940374671,,24148940538328,24148942694549,66.852,-1.1866,-0.8786,-1.6125,3,0.9974,997,220,0,220,1,1,731,24148338848021,24148894915519,556067,0,1,202974,554554,1,,,,743,220,0,1,0,0,79,0,0
745,scan,744,1,24148989974861,,24148990089289,24148991852938,66.902,-1.1872,-0.8935,-1.6125,3,1.0087,1008,220,0,220,4,1,732,24148389293784,24148948086692,558792,0,1,202974,554734,1,,,,744,220,0,1,0,0,79,0,0
746,scan,745,1,24149040104149,,24149040237401,24149041789208,66.952,-1.1876,-0.9010,-1.6125,3,0.9987,998,220,0,220,2,1,733,24148439287614,24148992050723,552763,0,1,202974,553845,1,,,,745,220,0,1,0,0,79,0,0
747,scan,746,1,24149090156559,,24149090302641,24149091796183,67.002,-1.1882,-0.9159,-1.6126,3,1.0051,1005,220,0,220,5,1,734,24148489143056,24149060466016,571322,0,1,202974,554469,1,,,,746,220,0,1,0,0,79,0,0
748,scan,747,1,24149140271499,,24149140477775,24149142675370,67.052,-1.1885,-0.9234,-1.6126,3,1.0011,1001,220,0,220,2,1,735,24148539274665,24149124345185,585070,0,1,202974,555776,1,,,,747,220,0,1,0,0,79,0,0
749,scan,748,1,24149190412177,,24149190540728,24149192673705,67.102,-1.1891,-0.9384,-1.6125,3,1.0002,1000,220,0,220,2,1,735,,,,1,1,202974,556150,1,,,,748,220,0,1,0,0,79,0,0
750,scan,749,1,24149240612462,,24149240764187,24149242948246,67.152,-1.1894,-0.9458,-1.6125,3,0.9931,993,220,0,220,2,1,737,24148639519105,24149204842461,565323,0,1,202974,556709,1,,,,749,220,0,1,0,0,79,0,0
751,scan,750,1,24149290521117,,24149290641322,24149292713603,67.202,-1.1901,-0.9608,-1.6126,3,0.9775,977,220,0,220,1,1,738,24148689376032,24149256436042,567060,0,1,202974,557079,1,,,,750,220,0,1,0,0,79,0,0
752,scan,751,1,24149340601470,,24149340732957,24149342879484,67.252,-1.1904,-0.9682,-1.6126,3,0.9785,978,220,0,220,3,1,739,24148739585620,24149296703059,557117,0,1,202974,557350,1,,,,751,220,0,1,0,0,79,0,0
753,scan,752,1,24149390157458,,24149390287338,24149391758129,67.302,-1.1910,-0.9832,-1.6125,3,0.9790,978,220,0,220,1,1,740,24148789549634,24149360505423,570955,0,1,202974,557819,1,,,,752,220,0,1,0,0,79,0,0
754,scan,753,1,24149440509216,,24149440636545,24149442748113,67.352,-1.1913,-0.9907,-1.6125,3,0.9711,971,220,0,220,5,1,741,24148839759489,24149393927554,554168,0,1,202974,557622,1,,,,753,220,0,1,0,0,79,0,0
755,scan,754,1,24149490274610,,24149490399318,24149491750134,67.402,-1.1919,-1.0056,-1.6126,3,0.9502,950,220,1,220,1,1,742,24148889498034,24149478865602,589367,0,1,202974,559061,1,,,,754,220,1,1,0,0,79,0,0
756,scan,755,1,24149540419636,,24149540535624,24149542662256,67.452,-1.1922,-1.0131,-1.6126,3,0.9467,946,220,1,220,1,1,744,24148990018101,24149537155678,547137,0,1,202974,558663,1,,,,755,220,1,1,0,0,79,0,0
757,scan,756,1,24149590689446,,24149590932631,24149592799265,67.502,-1.1929,-1.0280,-1.6125,3,0.9335,933,220,0,220,1,1,744,,,,1,1,202974,558951,1,,,,756,220,0,1,0,0,79,0,0
758,scan,757,1,24149640395414,,24149640529830,24149642662927,67.552,-1.1932,-1.0355,-1.6125,3,0.9189,918,220,0,220,6,1,745,24149040149723,24149591211677,551061,0,1,202974,558688,1,,,,757,220,0,1,0,0,79,0,0
759,scan,758,1,24149690547476,,24149690684473,24149692840666,67.602,-1.1935,-1.0430,-1.6124,3,0.9214,921,220,0,220,2,1,746,24149090196506,24149641817438,551620,0,1,202974,558182,1,,,,758,220,0,1,0,0,79,0,0
760,scan,759,1,24149740944453,,24149741103409,24149742854322,67.652,-1.1941,-1.0579,-1.6124,4,0.9031,903,0,1000,220,2,1,748,24149190454543,24149732421733,541967,0,1,202974,557980,1,,,,759,0,1000,1,0,0,79,0,0
761,scan,760,1,24149790654239,,24149790781605,24149792860419,67.702,-1.1944,-1.0654,-1.6125,4,0.8924,892,0,1000,220,2,1,748,,,,1,1,202974,557980,1,,,,760,0,1000,1,0,0,79,0,0
762,scan,761,1,24149840753357,,24149840902459,24149842758327,67.752,-1.1949,-1.0769,-1.6125,4,0.8883,888,0,1000,220,0,1,749,24149240657772,24149808756181,568098,0,1,202974,558724,1,,,,761,0,1000,1,0,0,79,0,0
763,scan,762,1,24149890710112,,24149890825709,24149892797951,67.802,-1.1951,-1.0809,-1.6125,4,0.8881,888,0,1000,220,0,1,751,24149340645615,24149887572567,546926,0,1,202974,558343,1,,,,762,0,1000,1,0,0,79,0,0
764,scan,763,1,24149940370596,,24149940489510,24149942647095,67.852,-1.1953,-1.0860,-1.6112,4,0.8803,880,0,1000,220,3,1,752,24149390199962,24149936663939,546463,0,1,202974,557972,1,,,,763,0,1000,1,0,0,79,0,0
765,scan,764,1,24149990466354,,24149990583532,24149992750062,67.902,-1.1953,-1.0876,-1.6040,4,0.8805,880,0,1000,220,3,1,752,,,,1,1,202974,557972,1,,,,764,0,1000,1,0,0,79,0,0
766,scan,765,1,24150040858403,,24150040993732,24150042921307,67.952,-1.1954,-1.0892,-1.5563,4,0.8777,877,0,1000,220,0,1,753,24149440551236,24150004053060,563501,0,1,202974,558411,1,,,,765,0,1000,1,0,0,79,0,0
767,scan,766,1,24150090901929,,24150091043472,24150092849857,68.002,-1.1954,-1.0891,-1.5174,4,0.8762,876,0,1000,220,4,1,754,24149490313601,24150080757860,590444,0,1,202974,559836,1,,,,766,0,1000,1,0,0,79,0,0
768,scan,767,1,24150140677501,,24150140801369,24150142809795,68.052,-1.1954,-1.0890,-1.4366,4,0.8753,875,0,1000,220,4,1,754,,,,1,1,202974,560406,1,,,,767,0,1000,1,0,0,79,0,0
769,scan,768,1,24150191001976,,24150191128473,24150193680667,68.102,-1.1954,-1.0889,-1.4045,4,0.8724,872,0,1000,220,4,1,754,,,,1,1,202974,560406,1,,,,768,0,1000,1,0,0,79,0,0
770,scan,769,1,24150241053818,,24150241173341,24150242889236,68.152,-1.1954,-1.0888,-1.3461,4,0.8798,879,0,1000,220,4,1,754,,,,1,1,202974,560589,1,,,,769,0,1000,1,0,0,79,0,0
771,scan,770,1,24150290790652,,24150290909836,24150292763218,68.202,-1.1955,-1.0888,-1.3120,4,0.8750,874,0,1000,0,999,1,759,24149740994600,24150284282939,543288,0,1,202974,560621,1,,,,770,0,1000,1,0,0,79,0,0
772,scan,771,1,24150340852070,,24150340980685,24150342779770,68.252,-1.1955,-1.0886,-1.2377,4,0.8747,874,0,1000,0,999,1,759,,,,1,1,202974,560621,1,,,,771,0,1000,1,0,0,79,0,0
773,scan,772,1,24150390983304,,24150391107420,24150392952832,68.302,-1.1955,-1.0886,-1.2031,4,0.8774,877,0,1000,0,999,1,760,24149790699225,24150342522443,551823,0,1,202974,560698,1,,,,772,0,1000,1,0,0,79,0,0
774,scan,773,1,24150441998867,,24150442257432,24150443799047,68.352,-1.1956,-1.0885,-1.1391,4,0.8691,869,0,1000,0,999,1,762,24149890751271,24150436617587,545866,0,1,202974,560568,1,,,,773,0,1000,1,0,0,79,0,0
775,scan,774,1,24150491526344,,24150491666047,24150493725737,68.402,-1.1956,-1.0884,-1.1061,4,0.8717,871,0,1000,0,999,1,762,,,,1,1,202974,560568,1,,,,774,0,1000,1,0,0,79,0,0
776,scan,775,1,24150541196604,,24150541324874,24150543022021,68.452,-1.1956,-1.0884,-1.0714,4,0.8748,874,0,1000,0,999,1,763,24149940410671,24150502722843,562312,0,1,202974,560137,1,,,,775,0,1000,1,0,0,79,0,0
777,scan,776,1,24150591173105,,24150591309126,24150592793205,68.502,-1.1957,-1.0883,-1.0010,4,0.8736,873,0,1000,0,999,1,764,24149990511014,24150557907530,567396,0,1,202974,560371,1,,,,776,0,1000,1,0,0,79,0,0
778,scan,777,1,24150641450711,,24150641599090,24150643816130,68.552,-1.1957,-1.0882,-0.9673,4,0.8702,870,0,1000,0,999,1,764,,,,1,1,202974,560551,1,,,,777,0,1000,1,0,0,79,0,0
779,scan,778,1,24150691361661,,24150691547414,24150693750849,68.602,-1.1958,-1.0882,-0.9011,4,0.8658,865,0,1000,0,999,1,766,24150090951238,24150654499639,563548,0,1,202974,560680,1,,,,778,0,1000,1,0,0,79,0,0
780,scan,779,1,24150742111487,,24150742338015,24150743871728,68.652,-1.1959,-1.0881,-0.8672,4,0.8762,876,0,1000,0,999,1,768,24150191046414,24150737940373,546893,0,1,202974,559903,1,,,,779,0,1000,1,0,0,79,0,0
781,scan,780,1,24150791751078,,24150791873380,24150793840877,68.702,-1.1959,-1.0880,-0.7981,4,0.8727,872,0,1000,0,999,1,768,,,,1,1,202974,559498,1,,,,780,0,1000,1,0,0,79,0,0
782,scan,781,1,24150842144481,,24150842281979,24150843809914,68.752,-1.1960,-1.0880,-0.7639,4,0.8737,873,0,1000,0,999,1,769,24150241092380,24150813303577,572211,0,1,202974,560239,1,,,,781,0,1000,1,0,0,79,0,0
783,scan,782,1,24150891677624,,24150891813148,24150893814457,68.802,-1.1961,-1.0879,-0.6967,4,0.8687,868,0,1000,0,999,1,769,,,,1,1,202974,560306,1,,,,782,0,1000,1,0,0,79,0,0
784,scan,783,1,24150941925051,,24150942094769,24150943872109,68.852,-1.1961,-1.0879,-0.6629,4,0.8020,801,0,1000,0,999,1,771,24150340895484,24150892163847,551268,0,1,202974,560134,1,,,,783,0,1000,1,0,0,79,0,0
785,scan,784,1,24150991931679,,24150992071580,24150993806565,68.902,-1.1962,-1.0878,-0.5946,4,0.7465,746,0,1000,0,999,1,772,24150391024691,24150950207245,559182,0,1,202974,560148,1,,,,784,0,1000,1,0,0,79,0,0
786,scan,785,1,24151042123856,,24151042363605,24151043737150,68.952,-1.1963,-1.0878,-0.5604,4,0.7118,711,0,1000,0,999,1,774,24150491574893,24151042212742,550637,0,1,202974,560072,1,,,,785,0,1000,1,0,0,79,0,0
787,scan,786,1,24151091907339,,24151092087329,24151093846864,69.002,-1.1964,-1.0878,-0.4928,4,0.7063,706,0,873,0,999,1,774,,,,1,1,202974,559656,1,,,,786,0,873,1,0,0,79,0,0
788,scan,787,1,24151141982928,,24151142116973,24151143804072,69.052,-1.1964,-1.0877,-0.4590,4,0.7089,708,0,806,0,999,1,775,24150541242036,24151094845571,553603,0,1,202974,558490,1,,,,787,0,806,1,0,0,79,0,0
789,scan,788,1,24151191670462,,24151191792325,24151193793358,69.102,-1.1965,-1.0877,-0.3952,4,0.7158,715,220,678,0,999,1,776,24150591219844,24151156585412,565365,0,1,202974,558736,1,,,,788,220,678,1,0,0,79,0,0
790,scan,789,1,24151242241449,,24151242370681,24151243771619,69.152,-1.1966,-1.0877,-0.3691,4,0.7035,703,220,626,0,999,1,777,24150641510487,24151237623996,596113,0,1,202974,559835,1,,,,789,220,626,1,0,0,79,0,0
791,scan,790,1,24151291734411,,24151291851717,24151293885836,69.202,-1.1934,-1.0888,-0.3169,4,0.7180,718,220,522,0,999,1,777,,,,1,1,202974,559568,1,,,,790,220,522,1,0,0,79,0,0
792,scan,791,1,24151341977720,,24151342103398,24151343963531,69.252,-1.1902,-1.0898,-0.2843,4,0.7046,704,220,458,0,999,1,779,24150742190211,24151321453917,579263,0,1,202974,560388,1,,,,791,220,458,1,0,0,79,0,0
793,scan,792,1,24151391985208,,24151392168216,24151393864313,69.302,-1.1858,-1.0910,-0.2495,4,0.7070,706,220,389,0,999,1,780,24150791794732,24151350084132,558289,0,1,202974,559919,1,,,,792,220,389,1,0,0,79,0,0
794,scan,793,1,24151442288548,,24151442442925,24151444735300,69.352,-1.1738,-1.0937,-0.1867,4,0.6924,692,220,266,0,999,1,781,24150842191347,24151398884895,556693,0,1,202974,560012,1,,,,793,220,266,1,0,0,79,0,0
795,scan,794,1,24151492959809,,24151493344610,24151495699426,69.402,-1.1669,-1.0949,-0.1642,4,0.6891,689,220,222,0,999,1,782,24150891722548,24151471091222,579368,0,1,202974,559642,1,,,,794,220,222,1,0,0,79,0,0
796,scan,795,1,24151542902950,,24151543049826,24151544899581,69.452,-1.1522,-1.0972,-0.1499,4,0.6803,680,220,195,0,999,1,782,,,,1,1,202974,560123,1,,,,795,220,195,1,0,0,79,0,0
797,scan,796,1,24151592716750,,24151592853936,24151594845649,69.502,-1.1448,-1.0983,-0.1516,4,0.6740,674,220,199,0,998,1,784,24150991974082,24151560158725,568184,0,1,202974,560422,1,,,,796,220,199,1,0,0,79,0,0
798,scan,797,1,24151642595193,,24151642726135,24151644810875,69.552,-1.1300,-1.1005,-0.1403,4,0.6566,656,220,178,0,994,1,785,24151042168539,24151602953739,560785,0,1,202974,560782,1,,,,797,220,178,1,0,0,79,0,0
799,scan,798,1,24151692483427,,24151692612997,24151694747132,69.602,-1.1226,-1.1015,-0.1280,4,0.6531,653,220,154,0,994,1,785,,,,1,1,202974,561134,1,,,,798,220,154,1,0,0,79,0,0
800,scan,799,1,24151742796970,,24151742962893,24151744840469,69.652,-1.1078,-1.1033,-0.1119,4,0.6413,641,220,123,20,804,1,787,24151142029403,24151708249982,566220,0,1,202974,562067,1,,,,799,220,123,1,0,0,79,0,0
801,scan,800,1,24151792753000,,24151792884044,24151794767091,69.702,-1.1004,-1.1041,-0.1103,4,0.6415,641,220,120,220,666,1,788,24151191708707,24151754510583,562801,0,1,202974,562094,1,,,,800,220,120,1,0,0,79,0,0
802,scan,801,1,24151842663185,,24151842836372,24151844801221,69.752,-1.0855,-1.1057,-0.1060,4,0.6260,626,220,112,220,610,1,789,24151242288224,24151793532847,551244,0,1,202974,561470,1,,,,801,220,112,1,0,0,79,0,0
803,scan,802,1,24151892757112,,24151892898369,24151894852238,69.802,-1.0781,-1.1065,-0.1006,4,0.6186,618,220,102,220,506,1,790,24151291769146,24151855192970,563423,0,1,202974,562081,1,,,,802,220,102,1,0,0,79,0,0
804,scan,803,1,24151942829569,,24151942971990,24151944916782,69.852,-1.0632,-1.1079,-0.0897,4,0.6066,606,220,81,220,506,1,790,,,,1,1,202974,562682,1,,,,803,220,81,1,0,0,79,0,0
805,scan,804,1,24151993052996,,24151993210301,24151994843703,69.902,-1.0558,-1.1086,-0.0869,4,0.5792,579,220,75,220,374,1,792,24151392075317,24151946319454,554244,0,1,202974,562369,1,,,,804,220,75,1,0,0,79,0,0
806,scan,805,1,24152043162293,,24152043293818,24152045679636,69.952,-1.0409,-1.1099,-0.0836,4,0.5818,581,220,69,220,212,1,794,24151493030792,24152038024937,544994,0,1,202974,561684,1,,,,805,220,69,1,0,0,79,0,0
807,scan,806,1,24152092835750,,24152092954069,24152094778733,70.002,-1.0334,-1.1105,-0.0813,4,0.5782,578,220,65,220,186,1,795,24151542958383,24152090677257,547718,0,1,202974,560101,1,,,,806,220,65,1,0,0,79,0,0
808,scan,807,1,24152143168194,,24152143368102,24152145703911,70.052,-1.0185,-1.1116,-0.0753,4,0.5626,562,220,53,220,186,1,795,,,,1,1,202974,560101,1,,,,807,220,53,1,0,0,79,0,0
809,scan,808,1,24152193022816,,24152193170705,24152194811684,70.102,-1.0110,-1.1122,-0.0729,4,0.5624,562,220,49,220,186,1,795,,,,1,1,202974,560101,1,,,,808,220,49,1,0,0,79,0,0
810,scan,809,1,24152243049131,,24152243205334,24152244827620,70.152,-1.0036,-1.1127,-0.0711,4,0.5525,552,220,46,220,170,1,797,24151642640332,24152203252727,560612,0,1,202974,560119,1,,,,809,220,46,1,0,0,79,0,0
811,scan,810,1,24152292792074,,24152292942661,24152294757485,70.202,-0.9887,-1.1138,-0.0686,4,0.5491,549,220,41,220,148,1,798,24151692526773,24152247865770,555338,0,1,202974,560550,1,,,,810,220,41,1,0,0,79,0,0
812,scan,811,1,24152343079122,,24152343208298,24152344926518,70.252,-0.9812,-1.1143,-0.0671,4,0.5243,524,220,38,220,117,1,799,24151742849975,24152294156837,551306,0,1,202974,560231,1,,,,811,220,38,1,0,0,79,0,0
813,scan,812,1,24152393014873,,24152393137584,24152394863972,70.302,-0.9663,-1.1153,-0.0637,4,0.5252,525,220,32,220,108,1,801,24151842722702,24152388980734,546258,0,1,202974,560039,1,,,,812,220,32,1,0,0,79,0,0
814,scan,813,1,24152443315903,,24152443449705,24152445867380,70.352,-0.9588,-1.1157,-0.0624,4,0.5099,509,220,29,220,99,1,802,24151892803350,24152438022124,545218,0,1,202974,560017,1,,,,813,220,29,1,0,0,79,0,0
815,scan,814,1,24152493124728,,24152493282932,24152494756498,70.402,-0.9439,-1.1167,-0.0606,4,0.5092,509,220,26,220,99,1,802,,,,1,1,202974,560017,1,,,,814,220,26,1,0,0,79,0,0
816,scan,815,1,24152543389302,,24152543554892,24152545708832,70.452,-0.9364,-1.1171,-0.0599,4,0.4821,482,220,24,220,73,1,804,24151993106897,24152536931814,543824,0,1,202974,559379,1,,,,815,220,24,1,0,0,79,0,0
817,scan,816,1,24152593445467,,24152593577323,24152595667750,70.502,-0.9214,-1.1180,-0.0579,4,0.4746,474,220,21,220,67,1,805,24152043214876,24152591164154,547949,0,1,202974,558709,1,,,,816,220,21,1,0,0,79,0,0
818,scan,817,1,24152644224028,,24152644369004,24152646684995,70.552,-0.9140,-1.1184,-0.0570,4,0.4743,474,220,19,220,67,1,805,,,,1,1,202974,558709,1,,,,817,220,19,1,0,0,79,0,0
819,scan,818,1,24152693581673,,24152693699317,24152695802545,70.602,-0.8991,-1.1193,-0.0557,4,0.4580,457,220,16,220,67,1,805,,,,1,1,202974,558536,1,,,,818,220,16,1,0,0,79,0,0
820,scan,819,1,24152743987568,,24152744192798,24152745775120,70.652,-0.8916,-1.1197,-0.0552,4,0.4517,451,220,15,220,51,1,807,24152143220745,24152708620251,565399,0,1,202974,559197,1,,,,819,220,15,1,0,0,79,0,0
821,scan,820,1,24152794279631,,24152794412710,24152795872229,70.702,-0.8767,-1.1205,-0.0541,4,0.4362,436,220,13,220,47,1,808,24152193073636,24152744483724,551410,0,1,202974,558928,1,,,,820,220,13,1,0,0,79,0,0
822,scan,821,1,24152843921662,,24152844093707,24152845819927,70.752,-0.8692,-1.1209,-0.0535,4,0.4211,421,220,12,220,44,1,809,24152243099263,24152803054022,559954,0,1,202974,558506,1,,,,821,220,12,1,0,0,79,0,0
823,scan,822,1,24152893947457,,24152894080321,24152895851529,70.802,-0.8543,-1.1217,-0.0524,4,0.4232,423,220,10,220,40,1,810,24152292836829,24152858293800,565456,0,1,202974,558737,1,,,,822,220,10,1,0,0,79,0,0
824,scan,823,1,24152943923015,,24152944116257,24152945886234,70.852,-0.8468,-1.1221,-0.0521,4,0.4233,423,220,10,220,36,1,811,24152343124154,24152919047050,575922,0,1,202974,559559,1,,,,823,220,10,1,0,0,79,0,0
825,scan,824,1,24152993715816,,24152993823527,24152995826020,70.902,-0.8319,-1.1229,-0.0515,4,0.4161,416,220,8,220,28,1,813,24152443363923,24152987824124,544460,0,1,202974,559068,1,,,,824,220,8,1,0,0,79,0,0
826,scan,825,1,24153043834223,,24153043973382,24153045829410,70.952,-0.8244,-1.1233,-0.0512,4,0.4130,413,220,8,220,28,1,813,,,,1,1,202974,559359,1,,,,825,220,8,1,0,0,79,0,0
827,scan,826,1,24153093874831,,24153094009879,24153095787890,71.002,-0.8170,-1.1236,-0.0508,4,0.3910,390,220,7,220,26,1,814,24152493178722,24153048127810,554949,0,1,202974,559212,1,,,,826,209,7,1,1,0,79,0,0
828,scan,827,1,24153143949176,,24153144106687,24153145885765,71.052,-0.8020,-1.1244,-0.0502,4,0.3834,383,220,6,220,20,1,816,24152593485953,24153137074349,543588,0,1,202974,558878,1,,,,827,201,6,1,1,0,79,0,0
829,scan,828,1,24153194209173,,24153194341033,24153195771111,71.102,-0.7950,-1.1247,-0.0484,4,0.3829,382,220,3,220,20,1,816,,,,1,1,202974,558655,1,,,,828,200,3,1,1,0,79,0,0
830,scan,829,1,24153244496486,,24153244707266,24153246839085,71.152,-0.7813,-1.1253,-0.0369,4,0.3711,371,220,-21,220,18,1,817,24152644275278,24153199780588,555505,0,1,202974,557254,1,,,,829,188,-21,1,1,0,79,0,0
831,scan,830,1,24153294806065,,24153294973644,24153296824337,71.202,-0.7745,-1.1256,-0.0357,4,0.3660,366,220,-23,220,18,1,817,,,,1,1,202974,557254,1,,,,830,182,-23,1,1,0,79,0,0
832,scan,831,1,24153344443505,,24153344563881,24153346654425,71.252,-0.7619,-1.1260,-0.0432,4,0.3552,355,220,-8,220,16,1,818,24152693621300,24153339866772,646245,0,1,202974,559564,1,,,,831,170,-8,1,1,0,79,0,0
833,scan,832,1,24153394655864,,24153394787682,24153396871807,71.302,-0.7557,-1.1263,-0.0458,4,0.3458,345,220,-3,220,11,1,821,24152843965102,24153385746557,541781,0,1,202974,558995,1,,,,832,159,-3,1,1,0,79,0,0
834,scan,833,1,24153444656492,,24153444781709,24153446933183,71.352,-0.7443,-1.1268,-0.0428,4,0.3396,339,220,-9,220,11,1,821,,,,1,1,202974,559077,1,,,,833,152,-9,1,1,0,79,0,0
835,scan,834,1,24153494783702,,24153494912425,24153496811995,71.402,-0.7389,-1.1271,-0.0404,4,0.3420,342,220,-14,220,10,1,822,24152893990875,24153445536906,551546,0,1,202974,558083,1,,,,834,156,-14,1,1,0,79,0,0
836,scan,835,1,24153544725944,,24153544900460,24153546979276,71.452,-0.7284,-1.1275,-0.0419,4,0.3344,334,220,-11,220,9,1,823,24152943968454,24153501653748,557685,0,1,202974,558070,1,,,,835,147,-11,1,1,0,79,0,0
837,scan,836,1,24153594761611,,24153594946651,24153596795826,71.502,-0.7231,-1.1277,-0.0443,4,0.3304,330,220,-6,220,9,1,823,,,,1,1,202974,557708,1,,,,836,143,-6,1,1,0,79,0,0
838,scan,837,1,24153644837955,,24153644967787,24153646802070,71.552,-0.7133,-1.1282,-0.0454,4,0.3281,328,220,-4,220,7,1,825,24153043882601,24153614176544,570293,0,1,202974,558048,1,,,,837,140,-4,1,1,0,79,0,0
839,scan,838,1,24153694612977,,24153694752783,24153696786883,71.602,-0.7084,-1.1284,-0.0443,4,0.3230,323,220,-6,220,7,1,825,,,,1,1,202974,558048,1,,,,838,135,-6,1,1,0,79,0,0
840,scan,839,1,24153744742061,,24153744877045,24153746947469,71.652,-0.6991,-1.1288,-0.0437,4,0.3260,326,220,-8,220,7,1,825,,,,1,1,202974,557745,1,,,,839,138,-8,1,1,0,79,0,0
841,scan,840,1,24153794705056,,24153794874171,24153796807817,71.702,-0.6945,-1.1290,-0.0447,4,0.3140,313,220,-6,220,2,1,828,24153194254095,24153761887805,567633,0,1,202974,557924,1,,,,840,124,-6,1,1,0,79,0,0
842,scan,841,1,24153845332451,,24153845608434,24153847754158,71.752,-0.6849,-1.1294,-0.0460,4,0.3172,317,220,-3,220,-19,1,829,24153244542124,24153809535459,564993,0,1,202974,558433,1,,,,841,128,-3,1,1,0,79,0,0
843,scan,842,1,24153895019428,,24153895147435,24153896855598,71.802,-0.6807,-1.1296,-0.0454,4,0.3200,319,220,-4,220,-20,1,830,24153294855276,24153849875322,555020,0,1,202974,558122,1,,,,842,130,-4,1,1,0,79,0,0
844,scan,843,1,24153945448075,,24153945713509,24153948665148,71.852,-0.6763,-1.1298,-0.0446,4,0.3043,304,220,-6,220,-8,1,831,24153344486359,24153898129936,553643,0,1,202974,557962,1,,,,843,114,-6,1,1,0,79,0,0
845,scan,844,1,24153994718791,,24153994971551,24153996777500,71.902,-0.6675,-1.1302,-0.0448,4,0.2957,295,220,-5,220,-8,1,833,24153444699068,24153994851432,550152,0,1,202974,557816,1,,,,844,104,-5,1,1,0,79,0,0
846,scan,845,1,24154044828795,,24154044959115,24154046906805,71.952,-0.6638,-1.1304,-0.0455,4,0.3112,311,220,-4,220,-8,1,833,,,,1,1,202974,558291,1,,,,845,122,-4,1,1,0,79,0,0
847,scan,846,1,24154094682077,,24154094865711,24154096886258,72.002,-0.6560,-1.1307,-0.0462,4,0.3025,302,220,-3,220,-14,1,834,24153494827645,24154055296892,560469,0,1,202974,558763,1,,,,846,112,-3,1,1,0,79,0,0
848,scan,847,1,24154144967446,,24154145090771,24154146828590,72.052,-0.6519,-1.1309,-0.0460,4,0.2965,296,220,-3,220,-6,1,836,24153594813017,24154137635723,542822,0,1,202974,558194,1,,,,847,105,-3,1,1,0,79,0,0
849,scan,848,1,24154195137473,,24154195304542,24154196787339,72.102,-0.6444,-1.1313,-0.0458,4,0.3010,300,220,-4,220,-6,1,836,,,,1,1,202974,558194,1,,,,848,110,-4,1,1,0,79,0,0
850,scan,849,1,24154245332167,,24154245463099,24154247929633,72.152,-0.6408,-1.1314,-0.0460,4,0.2955,295,220,-3,220,-7,1,838,24153694655622,24154232282141,537626,0,1,202974,557373,1,,,,849,104,-3,1,1,0,79,0,0
851,scan,850,1,24154295626345,,24154295913052,24154297836252,72.202,-0.6335,-1.1318,-0.0466,4,0.2907,290,220,-2,220,-7,1,838,,,,1,1,202974,557448,1,,,,850,100,-2,1,1,0,79,0,0
852,scan,851,1,24154345273466,,24154345402463,24154346846802,72.252,-0.6300,-1.1319,-0.0467,4,0.2861,286,220,-2,220,-7,1,838,,,,1,1,202974,557685,1,,,,851,100,-2,1,1,0,79,0,0
853,scan,852,1,24154395395132,,24154395535079,24154397688670,72.302,-0.6232,-1.1322,-0.0466,4,0.2813,281,220,-2,220,-7,1,838,,,,1,1,202974,558142,1,,,,852,100,-2,1,1,0,79,0,0
854,scan,853,1,24154445678351,,24154445856105,24154447886039,72.352,-0.6198,-1.1324,-0.0466,4,0.2913,291,220,-2,220,-7,1,838,,,,1,1,202974,558680,1,,,,853,100,-2,1,1,0,79,0,0
855,scan,854,1,24154495752692,,24154495876149,24154497914734,72.402,-0.6130,-1.1327,-0.0469,4,0.2897,289,220,-1,220,-7,1,838,,,,1,1,202974,558680,1,,,,854,100,-1,1,1,0,79,0,0
856,scan,855,1,24154545700048,,24154545842374,24154547747480,72.452,-0.6096,-1.1329,-0.0470,4,0.3008,300,220,-1,220,-7,1,838,,,,1,1,202974,559326,1,,,,855,110,-1,1,1,0,79,0,0
857,scan,856,1,24154595916494,,24154596122493,24154597813943,72.502,-0.6023,-1.1332,-0.0470,4,0.2944,294,220,-1,220,-7,1,838,,,,1,1,202974,559843,1,,,,856,103,-1,1,1,0,79,0,0
858,scan,857,1,24154645667372,,24154645794952,24154647787504,72.552,-0.5986,-1.1334,-0.0471,4,0.2844,284,220,-1,220,-7,1,838,,,,1,1,202974,559843,1,,,,857,100,-1,1,1,0,79,0,0
859,scan,858,1,24154696123740,,24154696251595,24154697761063,72.602,-0.5917,-1.1337,-0.0473,4,0.2822,282,220,-1,220,-7,1,838,,,,1,1,202974,559843,1,,,,858,100,-1,1,1,0,79,0,0
860,scan,859,1,24154746163212,,24154746366585,24154747862792,72.652,-0.5883,-1.1339,-0.0473,4,0.2857,285,220,-1,220,-7,1,838,,,,1,1,202974,559579,1,,,,859,100,-1,1,1,0,79,0,0
861,scan,860,1,24154796053569,,24154796181883,24154797820280,72.702,-0.5849,-1.1340,-0.0473,4,0.2847,284,220,-1,220,-3,1,849,24154245378306,24154795326349,549948,0,1,202974,559509,1,,,,860,100,-1,1,1,0,79,0,0
862,scan,861,1,24154846685471,,24154847030893,24154849799273,72.752,-0.5781,-1.1344,-0.0473,4,0.2861,286,220,-1,220,-3,1,849,,,,1,1,202974,559487,1,,,,861,100,-1,1,1,0,79,0,0
863,scan,862,1,24154896428589,,24154896578965,24154899076041,72.802,-0.5747,-1.1345,-0.0474,4,0.2776,277,220,0,220,-3,1,849,,,,1,1,202974,559173,1,,,,862,100,0,1,1,0,79,0,0
864,scan,863,1,24154946052685,,24154946196140,24154947941293,72.852,-0.5679,-1.1348,-0.0475,4,0.2924,292,220,0,220,-1,1,852,24154395442218,24154940437167,544994,0,1,202974,557545,1,,,,863,101,0,1,1,0,79,0,0
865,scan,864,1,24154995790702,,24154995919492,24154997850360,72.902,-0.5645,-1.1350,-0.0475,4,0.2920,292,220,0,220,-1,1,852,,,,1,1,202974,558272,1,,,,864,101,0,1,1,0,79,0,0
866,scan,865,1,24155046359728,,24155046507148,24155048699488,72.952,-0.5577,-1.1353,-0.0474,4,0.2866,286,220,0,220,0,1,854,24154495794382,24155039434039,543639,0,1,202974,557502,1,,,,865,100,0,1,1,0,79,0,0
867,scan,866,1,24155096417352,,24155096546098,24155098657901,73.002,-0.5542,-1.1355,-0.0474,4,0.3032,303,220,0,220,0,1,854,,,,1,1,202974,557643,1,,,,866,113,0,1,1,0,79,0,0
868,scan,867,1,24155146387596,,24155146511614,24155148723924,73.052,-0.5465,-1.1359,-0.0475,4,0.3016,301,220,0,220,0,1,854,,,,1,1,202974,558470,1,,,,867,111,0,1,1,0,79,0,0
869,scan,868,1,24155196421728,,24155196547603,24155198696599,73.102,-0.5426,-1.1360,-0.0476,4,0.2909,290,220,0,220,0,1,854,,,,1,1,202974,558470,1,,,,868,100,0,1,1,0,79,0,0
870,scan,869,1,24155246336712,,24155246486371,24155247865415,73.152,-0.5354,-1.1364,-0.0476,4,0.3145,314,220,0,220,0,1,854,,,,1,1,202974,558656,1,,,,869,125,0,1,1,0,79,0,0
871,scan,870,1,24155296202523,,24155296326357,24155297798143,73.202,-0.5320,-1.1366,-0.0476,4,0.3144,314,220,0,220,0,1,859,24154746231455,24155285802026,539570,0,1,202974,557533,1,,,,870,125,0,1,1,0,79,0,0
872,scan,871,1,24155346359693,,24155346474261,24155347717217,73.252,-0.5235,-1.1370,-0.0475,4,0.3479,347,220,0,220,-1,1,860,24154796099039,24155342586161,546487,0,1,202974,551665,1,,,,871,161,0,1,1,0,79,0,0
873,scan,872,1,24155396664890,,24155396825489,24155398909751,73.302,-0.5192,-1.1372,-0.0475,4,1.0559,1055,220,0,220,-1,1,860,,,,1,1,202974,552282,1,,,,872,220,0,1,0,0,79,0,0
874,scan,873,1,24155446836528,,24155446950873,24155448844231,73.352,-0.5071,-1.1377,-0.0476,4,1.0583,1058,220,0,220,0,1,862,24154896487229,24155438464756,541977,0,1,202974,551676,1,,,,873,220,0,1,0,0,79,0,0
875,scan,874,1,24155496814836,,24155496946509,24155498785399,73.402,-0.4997,-1.1381,-0.0476,4,1.0733,1073,220,0,220,0,1,863,24154946102907,24155491287269,545184,0,1,202974,551302,1,,,,874,220,0,1,0,0,79,0,0
876,scan,875,1,24155546739015,,24155546853737,24155548830727,73.452,-0.4847,-1.1388,-0.0475,4,1.0701,1070,220,0,220,0,1,864,24154995835397,24155540121536,544286,0,1,202974,550514,1,,,,875,220,0,1,0,0,79,0,0
877,scan,876,1,24155596866377,,24155596992042,24155598855266,73.502,-0.4773,-1.1392,-0.0475,4,1.0606,1060,220,0,220,0,1,864,,,,1,1,202974,550514,1,,,,876,220,0,1,0,0,79,0,0
878,scan,877,1,24155646947056,,24155647083637,24155648900985,73.552,-0.4698,-1.1395,-0.0476,4,1.0588,1058,220,0,220,-1,1,865,24155046403301,24155597096771,550693,0,1,202974,549361,1,,,,877,220,0,1,0,0,79,0,0
879,scan,878,1,24155696871790,,24155697008613,24155698779180,73.602,-0.4549,-1.1402,-0.0476,4,1.0679,1067,220,0,220,-1,1,866,24155096462067,24155663365379,566903,0,1,202974,550336,1,,,,878,220,0,1,0,0,79,0,0
880,scan,879,1,24155747021072,,24155747145072,24155748818227,73.652,-0.4474,-1.1406,-0.0476,4,1.0456,1045,220,0,220,0,1,867,24155146427106,24155716453329,570026,0,1,202974,551372,1,,,,879,220,0,1,0,0,79,0,0
881,scan,880,1,24155796832151,,24155796970043,24155798883416,73.702,-0.4324,-1.1413,-0.0476,4,1.0532,1053,220,0,220,0,1,867,,,,1,1,202974,550468,1,,,,880,220,0,1,0,0,79,0,0
882,scan,881,1,24155846782768,,24155846910763,24155848885876,73.752,-0.4250,-1.1416,-0.0476,4,1.0598,1059,220,0,220,1,1,869,24155246387064,24155799535648,553148,0,1,202974,549810,1,,,,881,220,0,1,0,0,79,0,0
883,scan,882,1,24155897856940,,24155897993707,24155900732933,73.802,-0.4100,-1.1424,-0.0476,4,1.0624,1062,220,0,220,2,1,870,24155296245061,24155870911111,574666,0,1,202974,550902,1,,,,882,220,0,1,0,0,79,0,0
884,scan,883,1,24155948050605,,24155948189969,24155949805832,73.852,-0.4026,-1.1427,-0.0476,4,1.0442,1044,220,0,220,1,1,872,24155396725083,24155942634063,545908,0,1,202974,550472,1,,,,883,220,0,1,0,0,79,0,0
885,scan,884,1,24155997512822,,24155997638041,24155999720169,73.902,-0.3876,-1.1434,-0.0476,4,1.0687,1068,220,0,220,2,1,873,24155446882289,24155995793594,548911,0,1,202974,550403,1,,,,884,220,0,1,0,0,79,0,0
886,scan,885,1,24156047224492,,24156047353138,24156048796135,73.952,-0.3801,-1.1438,-0.0476,4,1.0482,1048,220,0,220,2,1,873,,,,1,1,202974,550403,1,,,,885,220,0,1,0,0,79,0,0
887,scan,886,1,24156097110161,,24156097234678,24156098921694,74.002,-0.3652,-1.1445,-0.0476,4,1.0455,1045,220,0,220,2,1,873,,,,1,1,202974,549811,1,,,,886,220,0,1,0,0,79,0,0
888,scan,887,1,24156147302820,,24156147430452,24156148776235,74.052,-0.3577,-1.1448,-0.0476,4,1.0469,1046,220,0,220,2,1,875,24155546774333,24156108419318,561644,0,1,202974,550918,1,,,,887,220,0,1,0,0,79,0,0
889,scan,888,1,24156197287989,,24156197439051,24156199680467,74.102,-0.3428,-1.1456,-0.0476,4,1.0435,1043,220,0,220,1,1,876,24155596909363,24156154322330,557412,0,1,202974,551279,1,,,,888,220,0,1,0,0,79,0,0
890,scan,889,1,24156247147801,,24156247277214,24156248806960,74.152,-0.3353,-1.1459,-0.0476,4,1.0418,1041,220,0,220,1,1,876,,,,1,1,202974,552082,1,,,,889,220,0,1,0,0,79,0,0
891,scan,890,1,24156297429367,,24156297560928,24156299654134,74.202,-0.3203,-1.1466,-0.0476,4,1.0287,1028,220,0,220,1,1,878,24155696919475,24156290418301,593498,0,1,202974,554383,1,,,,890,220,0,1,0,0,79,0,0
892,scan,891,1,24156347424171,,24156347582484,24156349747183,74.252,-0.3129,-1.1470,-0.0476,4,1.0322,1032,220,0,220,2,1,879,24155747063761,24156300560341,553496,0,1,202974,554336,1,,,,891,220,0,1,0,0,79,0,0
893,scan,892,1,24156397468641,,24156397588107,24156399738593,74.302,-0.2979,-1.1477,-0.0476,4,1.0240,1023,220,0,220,1,1,880,24155796880448,24156347711419,550830,0,1,202974,554161,1,,,,892,220,0,1,0,0,79,0,0
894,scan,893,1,24156447651345,,24156447832146,24156449812785,74.352,-0.2905,-1.1480,-0.0476,4,1.0118,1011,220,0,220,2,1,881,24155846826936,24156404152759,557325,0,1,202974,554312,1,,,,893,220,0,1,0,0,79,0,0
895,scan,894,1,24156497888344,,24156498037857,24156499779512,74.402,-0.2830,-1.1484,-0.0476,4,0.9983,998,220,0,220,1,1,882,24155897905010,24156451470633,553565,0,1,202974,554278,1,,,,894,220,0,1,0,0,79,0,0
896,scan,895,1,24156547748464,,24156547933288,24156549795954,74.452,-0.2681,-1.1491,-0.0476,4,1.0059,1005,220,0,220,1,1,884,24155997554406,24156536132032,538577,0,1,202974,553595,1,,,,895,220,0,1,0,0,79,0,0
897,scan,896,1,24156597751519,,24156597883347,24156599865538,74.502,-0.2606,-1.1495,-0.0476,4,0.9849,984,220,0,220,2,1,885,24156047270119,24156597131002,549860,0,1,202974,553439,1,,,,896,220,0,1,0,0,79,0,0
898,scan,897,1,24156647856959,,24156647985617,24156649843312,74.552,-0.2456,-1.1502,-0.0476,4,0.9818,981,220,0,220,1,1,886,24156097152478,24156639440450,542287,0,1,202974,552993,1,,,,897,220,0,1,0,0,79,0,0
899,scan,898,1,24156697966976,,24156698157798,24156699817381,74.602,-0.2382,-1.1505,-0.0476,4,0.9723,972,220,0,220,1,1,886,,,,1,1,202974,552993,1,,,,898,220,0,1,0,0,79,0,0
900,scan,899,1,24156747750541,,24156747873902,24156749775634,74.652,-0.2232,-1.1512,-0.0476,4,0.9660,966,220,0,220,2,1,887,24156147345385,24156698926874,551581,0,1,202974,552939,1,,,,899,220,0,1,0,0,79,0,0
901,scan,900,1,24156797895033,,24156798035509,24156799816587,74.702,-0.2158,-1.1516,-0.0476,4,0.9453,945,220,0,220,2,1,889,24156247192145,24156794180654,546988,0,1,202974,552825,1,,,,900,220,0,1,0,0,79,0,0
902,scan,901,1,24156847823749,,24156847971342,24156849803544,74.752,-0.2008,-1.1523,-0.0476,4,0.9475,947,220,0,220,2,1,890,24156297471071,24156846338766,548867,0,1,202974,552679,1,,,,901,220,0,1,0,0,79,0,0
903,scan,902,1,24156897762989,,24156897888344,24156899761590,74.802,-0.1933,-1.1527,-0.0476,4,0.9343,934,220,0,220,2,1,890,,,,1,1,202974,552679,1,,,,902,220,0,1,0,0,79,0,0
904,scan,903,1,24156947768320,,24156947895941,24156949804746,74.852,-0.1784,-1.1534,-0.0476,4,0.9201,920,220,0,220,2,1,891,24156347484907,24156904744816,557259,0,1,202974,553133,1,,,,903,220,0,1,0,0,79,0,0
905,scan,904,1,24156997928959,,24156998052832,24156999808726,74.902,-0.1709,-1.1537,-0.0476,4,0.9157,915,220,0,220,2,1,891,,,,1,1,202974,553133,1,,,,904,220,0,1,0,0,79,0,0
906,scan,905,1,24157047842163,,24157047966971,24157049776927,74.952,-0.1560,-1.1544,-0.0476,4,0.9142,914,220,0,220,2,1,893,24156447711936,24157005896139,558184,0,1,202974,553672,1,,,,905,220,0,1,0,0,79,0,0
907,scan,906,1,24157098590951,,24157098718971,24157100839072,75.002,-0.1485,-1.1548,-0.0476,4,0.8953,895,220,0,220,2,1,895,24156547855665,24157095704340,547848,0,1,202974,553464,1,,,,906,220,0,1,0,0,79,0,0
908,scan,907,1,24157148714486,,24157148838920,24157150842813,75.052,-0.1336,-1.1555,-0.0476,4,0.8986,898,220,0,220,1,1,896,24156597798201,24157138920055,541121,0,1,202974,553038,1,,,,907,220,0,1,0,0,79,0,0
909,scan,908,1,24157198597814,,24157198778721,24157200946742,75.102,-0.1261,-1.1559,-0.0476,4,0.8943,894,220,0,220,1,1,897,24156647901673,24157189787995,541886,0,1,202974,552666,1,,,,908,220,0,1,0,0,79,0,0
910,scan,909,1,24157248366466,,24157248490646,24157250745382,75.152,-0.1111,-1.1566,-0.0476,4,0.8802,880,220,0,220,1,1,897,,,,1,1,202974,552666,1,,,,909,220,0,1,0,0,79,0,0
911,scan,910,1,24157299098368,,24157299241618,24157300854146,75.202,-0.1037,-1.1569,-0.0476,4,0.8810,880,220,0,220,3,1,898,24156698011978,24157253796155,555784,0,1,202974,553207,1,,,,910,220,0,1,0,0,79,0,0
912,scan,911,1,24157349286104,,24157349426717,24157350938665,75.252,-0.0962,-1.1573,-0.0476,4,0.8777,877,220,0,220,3,1,900,24156797938008,24157340838299,542900,0,1,202974,553087,1,,,,911,220,0,1,0,0,79,0,0
913,scan,912,1,24157399036522,,24157399188695,24157400836348,75.302,-0.0813,-1.1580,-0.0476,4,0.8810,881,220,0,220,3,1,900,,,,1,1,202974,553087,1,,,,912,220,0,1,0,0,79,0,0
914,scan,913,1,24157448830967,,24157448951958,24157450854600,75.352,-0.0738,-1.1584,-0.0476,4,0.8620,862,220,0,220,2,1,902,24156897805273,24157441991333,544186,0,1,202974,553161,1,,,,913,220,0,1,0,0,79,0,0
915,scan,914,1,24157498951714,,24157499078667,24157500792263,75.402,-0.0589,-1.1591,-0.0476,4,0.8668,866,220,0,220,1,1,903,24156947811295,24157490350066,542538,0,1,202974,553073,1,,,,914,220,0,1,0,0,79,0,0
916,scan,915,1,24157548781808,,24157548903310,24157550852946,75.452,-0.0514,-1.1594,-0.0476,4,0.8463,846,220,0,220,2,1,904,24156997971532,24157546555268,548583,0,1,202974,553216,1,,,,915,220,0,1,0,0,79,0,0
917,scan,916,1,24157598888499,,24157599032897,24157600895252,75.502,-0.0364,-1.1601,-0.0476,4,0.8580,857,220,0,220,2,1,904,,,,1,1,202974,553216,1,,,,916,220,0,1,0,0,79,0,0
918,scan,917,1,24157648688301,,24157648807271,24157650911042,75.552,-0.0290,-1.1605,-0.0476,4,0.8376,837,220,0,220,2,1,906,24157098638000,24157644216756,545578,0,1,202974,553045,1,,,,917,220,0,1,0,0,79,0,0
919,scan,918,1,24157698802410,,24157698937512,24157700846912,75.602,-0.0140,-1.1612,-0.0476,4,0.8540,853,220,0,220,2,1,906,,,,1,1,202974,552567,1,,,,918,220,0,1,0,0,79,0,0
920,scan,919,1,24157748865304,,24157748990551,24157750828442,75.652,-0.0065,-1.1616,-0.0476,4,0.8372,837,220,0,220,3,1,907,24157148757907,24157710520181,561762,0,1,202974,552282,1,,,,919,220,0,1,0,0,79,0,0
921,scan,920,1,24157798977524,,24157799123299,24157800822010,75.702,0.0084,-1.1623,-0.0476,4,0.8355,835,220,0,220,3,1,909,24157248401335,24157796882797,548481,0,1,202974,552156,1,,,,920,220,0,1,0,0,79,0,0
922,scan,921,1,24157850542795,,24157850684368,24157853779158,75.752,0.0159,-1.1626,-0.0476,4,0.8415,841,220,0,220,3,1,909,,,,1,1,202974,552122,1,,,,921,220,0,1,0,0,79,0,0
923,scan,922,1,24157899746798,,24157899893337,24157901820992,75.802,0.0308,-1.1633,-0.0476,4,0.8555,855,220,0,220,2,1,910,24157299146220,24157879896256,580750,0,1,202974,552331,1,,,,922,220,0,1,0,0,79,0,0
924,scan,923,1,24157949863626,,24157949997241,24157951747748,75.852,0.0383,-1.1637,-0.0476,4,0.8368,836,220,0,220,1,1,911,24157349335394,24157900550093,551214,0,1,202974,552514,1,,,,923,220,0,1,0,0,79,0,0
925,scan,924,1,24157999679575,,24157999795935,24158001814549,75.902,0.0532,-1.1644,-0.0476,4,0.8581,858,220,0,220,1,1,913,24157448873518,24157999389677,550516,0,1,202974,552570,1,,,,924,220,0,1,0,0,79,0,0
926,scan,925,1,24158049817726,,24158049934083,24158051782466,75.952,0.0607,-1.1648,-0.0476,4,0.8551,855,220,0,220,1,1,913,,,,1,1,202974,552570,1,,,,925,220,0,1,0,0,79,0,0
927,scan,926,1,24158099804088,,24158099923959,24158101858868,76.002,0.0756,-1.1655,-0.0476,4,0.8943,894,220,0,220,2,1,914,24157498996854,24158084248527,585251,0,1,202974,553659,1,,,,926,220,0,1,0,0,79,0,0
928,scan,927,1,24158149896062,,24158150055204,24158151868330,76.052,0.0831,-1.1658,-0.0476,4,1.0279,1027,220,0,220,1,1,915,24157548822602,24158123699404,574876,0,1,202974,554100,1,,,,927,220,0,1,0,0,79,0,0
929,scan,928,1,24158200590656,,24158200733104,24158202872030,76.102,0.0906,-1.1662,-0.0476,4,1.0228,1022,220,0,220,2,1,916,24157598943031,24158151689674,552746,0,1,202974,553945,1,,,,928,220,0,1,0,0,79,0,0
930,scan,929,1,24158250157598,,24158250282128,24158251878271,76.152,0.1055,-1.1669,-0.0476,4,1.0285,1028,220,0,220,2,1,918,24157698847352,24158248536575,549689,0,1,202974,553807,1,,,,929,220,0,1,0,0,79,0,0
931,scan,930,1,24158300045354,,24158300173461,24158301785557,76.202,0.1130,-1.1673,-0.0476,4,1.0270,1026,220,0,220,2,1,918,,,,1,1,202974,552484,1,,,,930,220,0,1,0,0,79,0,0
932,scan,931,1,24158349908883,,24158350038276,24158351769599,76.252,0.1279,-1.1680,-0.0476,4,1.0279,1027,220,0,220,2,1,918,,,,1,1,202974,552449,1,,,,931,220,0,1,0,0,79,0,0
933,scan,932,1,24158399851236,,24158399987279,24158401807088,76.302,0.1354,-1.1683,-0.0476,4,1.0318,1031,220,0,220,3,1,919,24157748908751,24158380356446,631447,0,1,202974,555229,1,,,,932,220,0,1,0,0,79,0,0
934,scan,933,1,24158449891646,,24158450035954,24158451787000,76.352,0.1504,-1.1690,-0.0476,4,1.0179,1017,220,0,220,1,1,922,24157899795817,24158440278442,540482,0,1,202974,554648,1,,,,933,220,0,1,0,0,79,0,0
935,scan,934,1,24158499732667,,24158499874918,24158501909684,76.402,0.1578,-1.1694,-0.0476,4,1.0221,1022,220,0,220,1,1,922,,,,1,1,202974,554687,1,,,,934,220,0,1,0,0,79,0,0
936,scan,935,1,24158550066597,,24158550217313,24158551833491,76.452,0.1728,-1.1701,-0.0476,4,1.0120,1011,220,0,220,3,1,923,24157949909882,24158546088859,596178,0,1,202974,556744,1,,,,935,220,0,1,0,0,79,0,0
937,scan,936,1,24158599820076,,24158599945511,24158601816396,76.502,0.1802,-1.1705,-0.0476,4,1.0096,1009,220,0,220,1,1,924,24157999716549,24158558828036,559111,0,1,202974,557075,1,,,,936,220,0,1,0,0,79,0,0
938,scan,937,1,24158649803681,,24158649950689,24158651786206,76.552,0.1952,-1.1712,-0.0476,4,1.0058,1005,220,0,220,1,1,924,,,,1,1,202974,557622,1,,,,937,220,0,1,0,0,79,0,0
939,scan,938,1,24158699757680,,24158699886500,24158701841312,76.602,0.2027,-1.1715,-0.0476,4,1.0238,1023,220,0,220,1,1,926,24158099840989,24158666400856,566559,0,1,202974,557942,1,,,,938,220,0,1,0,0,79,0,0
940,scan,939,1,24158749749734,,24158749878893,24158751788945,76.652,0.2176,-1.1722,-0.0476,4,1.0190,1019,220,0,220,3,1,927,24158149951046,24158720397403,570446,0,1,202974,558615,1,,,,939,220,0,1,0,0,79,0,0
941,scan,940,1,24158800264730,,24158800523260,24158802669752,76.702,0.2251,-1.1726,-0.0476,4,1.0204,1020,220,0,220,2,1,928,24158200639544,24158762238853,561599,0,1,202974,559137,1,,,,940,220,0,1,0,0,79,0,0
942,scan,941,1,24158850226797,,24158850357928,24158851759115,76.752,0.2400,-1.1733,-0.0476,4,1.0106,1010,220,0,220,2,1,929,24158250200779,24158803079878,552879,0,1,202974,559280,1,,,,941,220,0,1,0,0,79,0,0
943,scan,942,1,24158900317065,,24158900436935,24158902684434,76.802,0.2475,-1.1737,-0.0476,4,1.0293,1029,220,0,220,2,1,931,24158349953172,24158898457079,548503,0,1,202974,558909,1,,,,942,220,0,1,0,0,79,0,0
944,scan,943,1,24158950785284,,24158950936543,24158952883171,76.852,0.2624,-1.1744,-0.0476,4,1.0131,1013,220,0,220,2,1,931,,,,1,1,202974,558968,1,,,,943,220,0,1,0,0,79,0,0
945,scan,944,1,24159000836516,,24159000961116,24159002825808,76.902,0.2699,-1.1747,-0.0476,4,1.0043,1004,220,0,220,1,1,932,24158399897418,24158980040254,580142,0,1,202974,559698,1,,,,944,220,0,1,0,0,79,0,0
946,scan,945,1,24159051094707,,24159051242380,24159052818500,76.952,0.2774,-1.1751,-0.0476,4,1.0193,1019,220,0,220,1,1,934,24158499782682,24159050130204,550347,0,1,202974,559428,1,,,,945,220,0,1,0,0,79,0,0
947,scan,946,1,24159101239848,,24159101385232,24159102875573,77.002,0.2923,-1.1758,-0.0476,4,1.0132,1013,220,0,220,1,1,934,,,,1,1,202974,559841,1,,,,946,220,0,1,0,0,79,0,0
948,scan,947,1,24159150911799,,24159151058907,24159152778086,77.052,0.2998,-1.1761,-0.0476,4,1.0139,1013,220,0,220,1,1,936,24158599862842,24159149386087,549523,0,1,202974,560141,1,,,,947,220,0,1,0,0,79,0,0
949,scan,948,1,24159200769198,,24159200910104,24159202772489,77.102,0.3147,-1.1769,-0.0476,4,1.0231,1023,220,0,220,2,1,937,24158649848577,24159195571766,545723,0,1,202974,560278,1,,,,948,220,0,1,0,0,79,0,0
950,scan,949,1,24159250800651,,24159250974656,24159252963413,77.152,0.3222,-1.1772,-0.0476,4,1.0036,1003,220,0,220,2,1,937,,,,1,1,202974,560278,1,,,,949,220,0,1,0,0,79,0,0
951,scan,950,1,24159300842946,,24159300977054,24159302780308,77.202,0.3371,-1.1779,-0.0476,4,1.0074,1007,220,0,220,4,1,938,24158699802336,24159271569941,571767,0,1,202974,560849,1,,,,950,220,0,1,0,0,79,0,0
952,scan,951,1,24159350786089,,24159350926024,24159352862305,77.252,0.3446,-1.1783,-0.0476,4,0.9877,987,220,0,220,1,1,939,24158749791042,24159307734604,557943,0,1,202974,561386,1,,,,951,220,0,1,0,0,79,0,0
953,scan,952,1,24159400851423,,24159400980985,24159402794439,77.302,0.3596,-1.1790,-0.0476,4,1.0042,1004,220,0,220,4,1,940,24158800354305,24159352130050,551775,0,1,202974,561055,1,,,,952,220,0,1,0,0,79,0,0
954,scan,953,1,24159451853822,,24159451994570,24159453833051,77.352,0.3670,-1.1793,-0.0476,4,1.0028,1002,220,0,220,4,1,942,24158900361692,24159449389462,549027,0,1,202974,561222,1,,,,953,220,0,1,0,0,79,0,0
955,scan,954,1,24159501586702,,24159501717296,24159503798260,77.402,0.3820,-1.1801,-0.0476,4,1.0054,1005,220,0,220,4,1,942,,,,1,1,202974,561889,1,,,,954,220,0,1,0,0,79,0,0
956,scan,955,1,24159551508082,,24159551626560,24159553737437,77.452,0.3894,-1.1804,-0.0476,4,1.0069,1006,220,0,220,3,1,944,24159000878282,24159542464422,541586,0,1,202974,561639,1,,,,955,220,0,1,0,0,79,0,0
957,scan,956,1,24159601443393,,24159601584271,24159603728640,77.502,0.4044,-1.1811,-0.0476,4,1.0015,1001,220,0,220,3,1,944,,,,1,1,202974,561639,1,,,,956,220,0,1,0,0,79,0,0
958,scan,957,1,24159651570076,,24159651695086,24159653856900,77.552,0.4119,-1.1815,-0.0476,4,0.9932,993,220,0,220,2,1,945,24159051145755,24159624808859,573663,0,1,202974,562642,1,,,,957,220,0,1,0,0,79,0,0
959,scan,958,1,24159701381794,,24159701502498,24159703693395,77.602,0.4268,-1.1822,-0.0476,4,1.0118,1011,220,0,220,2,1,947,24159150963795,24159691923678,540959,0,1,202974,561895,1,,,,958,220,0,1,0,0,79,0,0
960,scan,959,1,24159751387559,,24159751529434,24159753708921,77.652,0.4343,-1.1825,-0.0476,4,1.0115,1011,220,0,220,2,1,947,,,,1,1,202974,561899,1,,,,959,220,0,1,0,0,79,0,0
961,scan,960,1,24159801321442,,24159801443152,24159803698077,77.702,0.4492,-1.1833,-0.0476,4,0.9980,998,220,0,220,1,1,949,24159250858293,24159796097308,545239,0,1,202974,561784,1,,,,960,220,0,1,0,0,79,0,0
962,scan,961,1,24159851393885,,24159851551012,24159853680895,77.752,0.4567,-1.1836,-0.0476,4,0.9962,996,220,0,220,1,1,949,,,,1,1,202974,561784,1,,,,961,220,0,1,0,0,79,0,0
963,scan,962,1,24159901504929,,24159901651651,24159903748890,77.802,0.4642,-1.1840,-0.0476,4,0.9812,981,220,0,220,3,1,950,24159300889503,24159856998143,556108,0,1,202974,560904,1,,,,962,220,0,1,0,0,79,0,0
964,scan,963,1,24159951755082,,24159951907008,24159953745859,77.852,0.4791,-1.1847,-0.0476,4,1.0007,1000,220,0,220,2,1,952,24159400896984,24159950272987,549376,0,1,202974,560838,1,,,,963,220,0,1,0,0,79,0,0
965,scan,964,1,24160001801494,,24160001953995,24160003849747,77.902,0.4866,-1.1850,-0.0476,4,0.9975,997,220,0,220,2,1,952,,,,1,1,202974,561220,1,,,,964,220,0,1,0,0,79,0,0
966,scan,965,1,24160051905062,,24160052078904,24160053905512,77.952,0.5015,-1.1858,-0.0476,4,1.0014,1001,220,0,220,1,1,953,24159451903827,24160009309747,557405,0,1,202974,561084,1,,,,965,220,0,1,0,0,79,0,0
967,scan,966,1,24160101748767,,24160101892586,24160103801713,78.002,0.5090,-1.1861,-0.0476,4,1.0013,1001,220,0,220,2,1,954,24159501629546,24160056965188,555335,0,1,202974,560015,1,,,,966,220,0,1,0,0,79,0,0
968,scan,967,1,24160151711355,,24160151863094,24160153755066,78.052,0.5239,-1.1868,-0.0476,4,0.9951,995,220,0,220,1,1,955,24159551549291,24160113819520,562270,0,1,202974,559565,1,,,,967,220,0,1,0,0,79,0,0
969,scan,968,1,24160201848028,,24160201989266,24160203881927,78.102,0.5314,-1.1872,-0.0476,4,0.9902,990,220,0,220,1,1,955,,,,1,1,202974,559818,1,,,,968,220,0,1,0,0,79,0,0
970,scan,969,1,24160251801514,,24160251936529,24160253785591,78.152,0.5463,-1.1879,-0.0476,4,0.9891,989,220,0,220,1,1,955,,,,1,1,202974,560207,1,,,,969,220,0,1,0,0,79,0,0
971,scan,970,1,24160301782483,,24160301922457,24160303915412,78.202,0.5538,-1.1882,-0.0476,4,0.9908,990,220,0,220,1,1,955,,,,1,1,202974,560207,1,,,,970,220,0,1,0,0,79,0,0
972,scan,971,1,24160351820520,,24160351960921,24160353780765,78.252,0.5688,-1.1890,-0.0476,4,0.9766,976,220,0,220,1,1,955,,,,1,1,202974,560207,1,,,,971,220,0,1,0,0,79,0,0
973,scan,972,1,24160401830475,,24160401978026,24160403728289,78.302,0.5762,-1.1893,-0.0476,4,1.0106,1010,220,0,220,1,1,955,,,,1,1,202974,557358,1,,,,972,220,0,1,0,0,79,0,0
974,scan,973,1,24160451730832,,24160451870636,24160453897519,78.352,0.5912,-1.1900,-0.0476,4,0.9949,994,220,0,220,4,1,961,24159851456250,24160415737918,564281,0,1,202974,558310,1,,,,973,220,0,1,0,0,79,0,0
975,scan,974,1,24160501897342,,24160502039791,24160503804270,78.402,0.5986,-1.1904,-0.0476,4,1.0016,1001,220,0,220,2,1,962,24159901554518,24160453816490,552261,0,1,202974,558077,1,,,,974,220,0,1,0,0,79,0,0
976,scan,975,1,24160551851621,,24160551971465,24160553735598,78.452,0.6136,-1.1911,-0.0476,4,0.9858,985,220,0,220,2,1,964,24160001848654,24160548581852,546733,0,1,202974,556175,1,,,,975,220,0,1,0,0,79,0,0
977,scan,976,1,24160601921348,,24160602059924,24160603805421,78.502,0.6211,-1.1914,-0.0476,4,0.9967,996,220,0,220,2,1,964,,,,1,1,202974,556058,1,,,,976,220,0,1,0,0,79,0,0
978,scan,977,1,24160652688360,,24160652813830,24160654816738,78.552,0.6360,-1.1922,-0.0476,4,0.9993,999,220,0,220,2,1,966,24160101799068,24160646860810,545061,0,1,202974,555635,1,,,,977,220,0,1,0,0,79,0,0
979,scan,978,1,24160702192620,,24160702328798,24160703786316,78.602,0.6435,-1.1925,-0.0476,4,1.0068,1006,220,0,220,2,1,966,,,,1,1,202974,555198,1,,,,978,220,0,1,0,0,79,0,0
,wdog,,,,,,24160852925470,,,,,,,,,,,,,,,,,,,,,,,,,978,0,0,1,3,0,79,0,
