line,kind,seq,flag,t_scan_rx_ns,t_flag_rx_ns,t_uart_tx_ns,t_c_rx_ns,sim_time,x,y,yaw,wp_i,min_range,min_mm,local_v,local_w,edge_v,edge_w,edge_ok,edge_seq_used,t_send_ns,t_recv_ns,rtt_us,held,deadline_miss,rtt_min_us,rtt_win_us,rtt_degraded,t_det_rtt_ns,flag_seq,t_det_meta_ns,c_seq,v_out,w_out,mode,state,switch_us,n_sw,bad_lines,lost
1,settle,0,0,16076162374411,,16076162430782,16076165798018,22.758,0.0000,0.0000,0.0000,0,0.5987,598,0,0,0,0,0,,,,,,,,,,,,,0,0,0,0,0,25,24,0,0
2,scan,1,0,16076188444230,,16076188601680,16076190323805,23.258,0.0001,-0.0000,0.0000,0,0.5974,597,220,0,0,0,0,,,,,1,1,,,0,,,,1,0,0,0,0,0,24,0,0
3,scan,2,0,16076238222507,,16076238343624,16076240261424,23.308,0.0001,-0.0000,0.0000,0,0.5849,584,220,0,220,1,1,1,16076188520781,16076203739414,15218,0,0,15218,15218,0,,,,2,220,1,0,0,0,24,0,0
4,scan,3,0,16076288288707,,16076288428951,16076290234159,23.358,0.0001,-0.0000,0.0000,0,0.5978,597,220,0,220,1,1,2,16076238262848,16076255847950,17585,0,0,15218,16402,0,,,,3,220,1,0,0,0,24,0,0
5,scan,4,0,16076338119592,,16076338258689,16076340418101,23.408,0.0012,-0.0000,0.0000,0,0.5943,594,220,0,220,1,1,3,16076288338749,16076306050657,17711,0,0,15218,16838,0,,,,4,220,1,0,0,0,24,0,0
6,scan,5,0,16076388086929,,16076388223130,16076390195688,23.458,0.0070,-0.0000,-0.0000,0,0.5881,588,220,0,220,1,1,4,16076338170341,16076355515521,17345,0,0,15218,16965,0,,,,5,220,1,0,0,0,24,0,0
7,scan,6,0,16076438424749,,16076438563616,16076440215882,23.508,0.0116,-0.0000,-0.0000,0,0.5802,580,220,0,220,1,1,5,16076388135891,16076406206409,18070,0,0,15218,17186,0,,,,6,220,1,0,0,0,24,0,0
8,scan,7,0,16076488276450,,16076488410524,16076490183003,23.558,0.0243,-0.0000,-0.0000,0,0.5742,574,220,0,220,1,1,6,16076438479018,16076455953943,17474,0,0,15218,17234,0,,,,7,220,1,0,0,0,24,0,0
9,scan,8,0,16076538845011,,16076538977914,16076541270165,23.608,0.0318,-0.0000,0.0000,0,0.5644,564,220,0,220,1,1,7,16076488325830,16076502590445,14264,0,0,14264,16810,0,,,,8,220,1,0,0,0,24,0,0
10,scan,9,0,16076588422203,,16076588553831,16076590187738,23.658,0.0467,-0.0000,0.0001,0,0.5554,555,220,0,220,1,1,8,16076538895421,16076553156008,14260,0,0,14260,16491,0,,,,9,220,1,0,0,0,24,0,0
11,scan,10,0,16076638513353,,16076638655130,16076640265175,23.708,0.0542,-0.0000,0.0001,0,0.5456,545,220,0,220,1,1,9,16076588467754,16076605630076,17162,0,0,14260,16565,0,,,,10,220,1,0,0,0,24,0,0
12,scan,11,0,16076688532166,,16076688677975,16076690137476,23.758,0.0692,-0.0000,0.0002,0,0.5352,535,220,0,220,1,1,10,16076638564604,16076655968702,17404,0,0,14260,16649,0,,,,11,220,1,0,0,0,24,0,0
13,scan,12,0,16076739378103,,16076739522135,16076741278167,23.808,0.0766,0.0000,0.0002,0,0.5368,536,220,0,220,1,1,11,16076688584604,16076706277326,17692,0,0,14260,16744,0,,,,12,220,1,0,0,0,24,0,0
14,scan,13,0,16076789280343,,16076789456348,16076791218035,23.858,0.0916,0.0000,0.0003,0,0.5202,520,220,-1,220,1,1,12,16076739429573,16076756516836,17087,0,0,14260,16773,0,,,,13,220,1,0,0,0,24,0,0
15,scan,14,0,16076838947288,,16076839084346,16076841087295,23.908,0.0991,0.0000,0.0003,0,0.5050,504,220,-1,220,1,1,13,16076789349141,16076806703890,17354,0,0,14260,16817,0,,,,14,220,1,0,0,0,24,0,0
16,scan,15,0,16076888777370,,16076888909944,16076891112791,23.958,0.1140,0.0000,0.0004,0,0.5097,509,220,-1,220,1,1,14,16076838996024,16076855734337,16738,0,0,14260,16812,0,,,,15,220,1,0,0,0,24,0,0
17,scan,16,0,16076938938279,,16076939064003,16076941179949,24.008,0.1215,0.0000,0.0004,0,0.4976,497,220,-1,220,1,1,15,16076888823396,16076906240688,17417,0,0,14260,16852,0,,,,16,220,1,0,0,0,24,0,0
18,scan,17,0,16076988846882,,16076988976020,16076991110173,24.058,0.1365,0.0000,0.0005,0,0.4889,488,220,-1,220,1,1,16,16076938982943,16076957251550,18268,0,0,14260,16941,0,,,,17,220,1,0,0,0,24,0,0
19,scan,18,0,16077039154573,,16077039296627,16077041200658,24.108,0.1440,0.0000,0.0005,0,0.4717,471,220,-1,220,1,1,17,16076988890801,16077006499179,17608,0,0,14260,16980,0,,,,18,220,1,0,0,0,24,0,0
20,scan,19,0,16077089106500,,16077089228741,16077092242633,24.158,0.1589,0.0000,0.0006,0,0.4729,472,220,-1,220,-1,1,18,16077039204780,16077056227160,17022,0,0,14260,16982,0,,,,19,220,-1,0,0,0,24,0,0
21,scan,20,0,16077139307844,,16077139456652,16077141221114,24.208,0.1664,0.0000,0.0006,0,0.4603,460,220,-1,220,-1,1,19,16077089145719,16077106539788,17394,0,0,14260,17004,0,,,,20,220,-1,0,0,0,24,0,0
22,scan,21,0,16077189104976,,16077189248224,16077191321490,24.258,0.1739,0.0000,0.0006,0,0.4535,453,220,-1,220,-1,1,20,16077139368556,16077156107525,16738,0,0,14260,16991,0,,,,21,220,-1,0,0,0,24,0,0
23,scan,22,0,16077239239411,,16077239370528,16077241160381,24.308,0.1889,0.0001,0.0006,0,0.4425,442,220,-1,220,-1,1,21,16077189155136,16077203022956,13867,0,0,13867,16842,0,,,,22,220,-1,0,0,0,24,0,0
24,scan,23,0,16077289558640,,16077289699908,16077291313128,24.358,0.1963,0.0001,0.0005,0,0.4445,444,220,-1,220,-1,1,22,16077239285649,16077256127152,16841,0,0,13867,16842,0,,,,23,220,-1,0,0,0,24,0,0
25,scan,24,0,16077339758970,,16077339949308,16077342530279,24.408,0.2113,0.0001,0.0004,0,0.4275,427,220,-1,220,1,1,23,16077289610985,16077306670450,17059,0,0,13867,16851,0,,,,24,220,1,0,0,0,24,0,0
26,scan,25,0,16077389733521,,16077389892205,16077392223878,24.458,0.2188,0.0001,0.0004,0,0.4152,415,220,-1,220,1,1,24,16077339822409,16077357501901,17679,0,0,13867,16886,0,,,,25,220,1,0,0,0,24,0,0
27,scan,26,0,16077439854977,,16077439988808,16077442224581,24.508,0.2338,0.0001,0.0004,0,0.4216,421,220,-1,220,1,1,25,16077389786134,16077407641837,17855,0,0,13867,16924,0,,,,26,220,1,0,0,0,24,0,0
28,scan,27,0,16077490098360,,16077490228027,16077492298863,24.558,0.2412,0.0001,0.0005,0,0.4110,411,220,-1,220,1,1,26,16077439903162,16077457428344,17525,0,0,13867,16948,0,,,,27,220,1,0,0,0,24,0,0
29,scan,28,0,16077539930475,,16077540109676,16077542265021,24.608,0.2562,0.0001,0.0006,0,0.3968,396,220,-1,220,1,1,27,16077490146278,16077507916625,17770,0,0,13867,16978,0,,,,28,220,1,0,1,0,24,0,0
30,scan,29,0,16077590088634,,16077590224864,16077592288197,24.658,0.2637,0.0001,0.0006,0,0.3933,393,220,-1,220,-1,1,28,16077539979999,16077557493344,17513,0,0,13867,16997,0,,,,29,220,-1,0,1,0,24,0,0
31,scan,30,0,16077639888394,,16077640064194,16077642285797,24.708,0.2786,0.0001,0.0006,0,0.3976,397,220,-1,220,-1,1,29,16077590137202,16077607997804,17860,0,0,13867,17027,0,,,,30,220,-1,0,1,0,24,0,0
32,scan,31,0,16077690030810,,16077690198711,16077692330503,24.758,0.2861,0.0001,0.0006,0,0.3948,394,220,-1,220,-1,1,30,16077639932469,16077654679883,14747,0,0,13867,16951,0,,,,31,220,-1,0,1,0,24,0,0
33,scan,32,0,16077739632715,,16077739761228,16077742062381,24.808,0.3010,0.0001,0.0005,0,0.3708,370,220,-1,220,-1,1,31,16077690098754,16077707795134,17696,0,0,13867,16975,0,,,,32,220,-1,0,1,0,24,0,0
34,scan,33,0,16077789893246,,16077790037304,16077792200634,24.858,0.3085,0.0001,0.0004,0,0.3692,369,220,-1,220,1,1,32,16077739678032,16077756322674,16644,0,0,13867,16965,0,,,,33,220,1,0,1,0,24,0,0
35,scan,34,0,16077839841797,,16077839958885,16077842164765,24.908,0.3235,0.0001,0.0004,0,0.3860,386,220,-1,220,1,1,33,16077789938662,16077807346283,17407,0,0,13867,16978,0,,,,34,220,1,0,1,0,24,0,0
36,scan,35,0,16077889687257,,16077889815657,16077891199406,24.958,0.3310,0.0001,0.0005,0,0.3744,374,220,-1,220,1,1,34,16077839879656,16077857277093,17397,0,0,13867,16990,0,,,,35,220,1,0,1,0,24,0,0
37,scan,36,0,16077940089735,,16077940216657,16077942273021,25.008,0.3459,0.0001,0.0006,0,0.3533,353,220,-1,220,1,1,35,16077889738602,16077907282026,17543,0,0,13867,17006,0,,,,36,220,1,0,1,0,24,0,0
38,scan,37,0,16077989948017,,16077990084442,16077992304973,25.058,0.3534,0.0001,0.0006,0,0.3723,372,220,-2,220,-1,1,36,16077940131616,16077957214597,17082,0,0,13867,17008,0,,,,37,220,-1,0,1,0,24,0,0
39,scan,38,0,16078040096595,,16078040249320,16078042273976,25.108,0.3609,0.0001,0.0006,0,0.3668,366,220,-2,220,-1,1,37,16077989997831,16078008206438,18208,0,0,13867,17041,0,,,,38,220,-1,0,1,0,24,0,0
40,scan,39,0,16078090047698,,16078090189369,16078092242236,25.158,0.3758,0.0001,0.0006,0,0.3679,367,220,-2,220,-1,1,38,16078040151137,16078054570506,14419,0,0,13867,16972,0,,,,39,220,-1,0,1,0,24,0,0
41,scan,40,0,16078139960726,,16078140169639,16078142248169,25.208,0.3833,0.0002,0.0005,0,0.3624,362,220,-1,220,-1,1,39,16078090098628,16078107305723,17207,0,0,13867,16978,0,,,,40,220,-1,0,1,0,24,0,0
42,scan,41,0,16078189830738,,16078189968233,16078192209259,25.258,0.3983,0.0002,0.0004,0,0.3565,356,220,-1,220,-1,1,40,16078140076259,16078156728387,16652,0,0,13867,16970,0,,,,41,220,-1,0,1,0,24,0,0
43,scan,42,0,16078239937056,,16078240099179,16078242274042,25.308,0.4058,0.0002,0.0004,0,0.3825,382,220,-1,220,1,1,41,16078189880148,16078204315061,14434,0,0,13867,16950,0,,,,42,220,1,0,1,0,24,0,0
44,scan,43,0,16078289685706,,16078289819286,16078291092396,25.358,0.4207,0.0002,0.0004,0,0.3722,372,220,-1,220,1,1,42,16078239984045,16078258452647,18468,0,0,13867,16972,0,,,,43,220,1,0,1,0,24,0,0
45,scan,44,0,16078339957096,,16078340137881,16078342413585,25.408,0.4282,0.0002,0.0004,0,0.3813,381,220,-1,220,1,1,43,16078289730877,16078306809213,17078,0,0,13867,16956,0,,,,44,220,1,0,1,0,24,0,0
46,scan,45,0,16078390208848,,16078390352333,16078392292915,25.458,0.4432,0.0002,0.0005,0,0.4173,417,220,-2,220,1,1,44,16078340051755,16078356853662,16801,0,0,13867,16943,0,,,,45,220,1,0,0,0,24,0,0
47,scan,46,0,16078440045786,,16078440188944,16078442314939,25.508,0.4507,0.0002,0.0006,0,0.6626,662,220,-2,220,0,1,45,16078390256717,16078407799941,17543,0,0,13867,16929,0,,,,46,220,0,0,0,0,24,0,0
48,scan,47,0,16078490662224,,16078490806706,16078493064826,25.558,0.4656,0.0002,0.0006,0,1.4955,1495,220,-2,220,0,1,46,16078440097719,16078457818556,17720,0,0,13867,16936,0,,,,47,220,0,0,0,0,24,0,0
49,scan,48,0,16078540596298,,16078540736663,16078542260182,25.608,0.4731,0.0002,0.0006,0,1.4826,1482,220,-2,220,0,1,47,16078490713500,16078508466175,17752,0,0,13867,17023,0,,,,48,220,0,0,0,0,24,0,0
50,scan,49,0,16078590373613,,16078590521112,16078592241663,25.658,0.4881,0.0002,0.0006,0,1.4843,1484,220,-2,220,0,1,48,16078540645575,16078558218804,17573,0,0,13867,17106,0,,,,49,220,0,0,0,0,24,0,0
51,scan,50,0,16078640646633,,16078640791904,16078643055473,25.708,0.4955,0.0002,0.0006,0,1.4742,1474,220,-2,220,0,1,49,16078590424345,16078604801036,14376,0,0,13867,17036,0,,,,50,220,0,0,0,0,24,0,0
52,scan,51,0,16078690667738,,16078690792060,16078693104869,25.758,0.5105,0.0002,0.0006,0,1.4571,1457,220,-2,220,0,1,50,16078640697970,16078658171750,17473,0,0,13867,17038,0,,,,51,220,0,0,0,0,24,0,0
53,scan,52,0,16078740571753,,16078740704568,16078742217696,25.808,0.5180,0.0002,0.0006,0,1.4528,1452,220,-2,220,0,1,51,16078690713353,16078708218184,17504,0,0,13867,17033,0,,,,52,220,0,0,0,0,24,0,0
54,scan,53,0,16078790654127,,16078790775383,16078793014156,25.858,0.5329,0.0002,0.0006,0,1.4290,1428,220,-2,220,0,1,52,16078740617370,16078758311934,17694,0,0,13867,17048,0,,,,53,220,0,0,0,0,24,0,0
55,scan,54,0,16078840788853,,16078840931753,16078843083348,25.908,0.5404,0.0002,0.0006,0,1.4225,1422,220,-2,220,0,1,53,16078790692731,16078808177839,17485,0,0,13867,17051,0,,,,54,220,0,0,0,0,24,0,0
56,scan,55,0,16078891046838,,16078891215209,16078893216474,25.958,0.5479,0.0002,0.0006,0,1.4173,1417,220,-2,220,0,1,54,16078840838449,16078858307499,17469,0,0,13867,17070,0,,,,55,220,0,0,0,0,24,0,0
57,scan,56,0,16078940779612,,16078940902388,16078943049589,26.008,0.5628,0.0002,0.0006,0,1.4020,1401,220,-2,220,0,1,55,16078891105353,16078907332574,16227,0,0,13867,17040,0,,,,56,220,0,0,0,0,24,0,0
58,scan,57,0,16078991123895,,16078991257039,16078993336475,26.058,0.5703,0.0003,0.0006,0,1.3815,1381,220,-2,220,0,1,56,16078940823128,16078957633890,16810,0,0,13867,17004,0,,,,57,220,0,0,0,0,24,0,0
59,scan,58,0,16079041241243,,16079041412284,16079043151328,26.108,0.5853,0.0003,0.0006,0,1.3798,1379,220,-2,220,0,1,57,16078991171720,16079007541751,16370,0,0,13867,16973,0,,,,58,220,0,0,0,0,24,0,0
60,scan,59,0,16079090941920,,16079091083977,16079093460147,26.158,0.5928,0.0003,0.0006,0,1.3635,1363,220,-2,220,0,1,58,16079041297513,16079059446721,18149,0,0,13867,17001,0,,,,59,220,0,0,0,0,24,0,0
61,scan,60,0,16079140765731,,16079140910616,16079143071459,26.208,0.6077,0.0003,0.0006,0,1.3565,1356,220,-2,220,0,1,59,16079090992223,16079108423846,17431,0,0,13867,17002,0,,,,60,220,0,0,0,0,24,0,0
62,scan,61,0,16079190821424,,16079190954830,16079193112673,26.258,0.6152,0.0003,0.0006,0,1.3442,1344,220,-2,220,0,1,60,16079140816640,16079158371250,17554,0,0,13867,17022,0,,,,61,220,0,0,0,0,24,0,0
63,scan,62,0,16079240755389,,16079240904690,16079243085756,26.308,0.6302,0.0003,0.0006,0,1.3375,1337,220,-2,220,0,1,61,16079190871575,16079205186927,14315,0,0,13867,17033,0,,,,62,220,0,0,0,0,24,0,0
64,scan,63,0,16079291016121,,16079291209092,16079293161368,26.358,0.6377,0.0003,0.0006,0,1.3344,1334,220,-2,220,0,1,62,16079240805915,16079258210003,17404,0,0,13867,17047,0,,,,63,220,0,0,0,0,24,0,0
65,scan,64,0,16079340803539,,16079340944664,16079343129725,26.408,0.6526,0.0003,0.0006,0,1.3178,1317,220,-2,220,0,1,63,16079291082408,16079307978674,16896,0,0,13867,17043,0,,,,64,220,0,0,0,0,24,0,0
66,scan,65,0,16079390910953,,16079391061236,16079393119231,26.458,0.6601,0.0003,0.0006,0,1.2952,1295,220,-2,220,0,1,64,16079340850713,16079358323755,17473,0,0,13867,17038,0,,,,65,220,0,0,0,0,24,0,0
67,scan,66,0,16079440741727,,16079440878484,16079443060013,26.508,0.6750,0.0003,0.0006,0,1.2885,1288,220,-2,220,0,1,65,16079390964126,16079405343982,14379,0,0,13867,16951,0,,,,66,220,0,0,0,0,24,0,0
68,scan,67,0,16079490813465,,16079490978025,16079493062097,26.558,0.6825,0.0003,0.0006,0,1.2807,1280,220,-2,220,0,1,66,16079440790288,16079458657349,17867,0,0,13867,16960,0,,,,67,220,0,0,0,0,24,0,0
69,scan,68,0,16079540968755,,16079541112261,16079543167019,26.608,0.6975,0.0003,0.0006,0,1.2631,1263,220,-2,220,0,1,67,16079490864282,16079505379774,14515,0,0,13867,16878,0,,,,68,220,0,0,0,0,24,0,0
70,scan,69,0,16079591494724,,16079591728118,16079594675867,26.658,0.7050,0.0003,0.0006,0,1.2586,1258,220,-3,220,0,1,68,16079541015649,16079555924965,14909,0,0,13867,16813,0,,,,69,220,0,0,0,0,24,0,0
71,scan,70,0,16079641633633,,16079641781448,16079644184201,26.708,0.7199,0.0003,0.0006,0,1.2545,1254,220,-3,220,0,1,69,16079591561161,16079609728045,18166,0,0,13867,16821,0,,,,70,220,0,0,0,0,24,0,0
72,scan,71,0,16079691533782,,16079691687435,16079693261213,26.758,0.7274,0.0003,0.0006,0,1.2443,1244,220,-3,220,0,1,70,16079641673247,16079655901408,14228,0,0,13867,16808,0,,,,71,220,0,0,0,0,24,0,0
73,scan,72,0,16079741693222,,16079741854835,16079744088255,26.808,0.7349,0.0003,0.0006,0,1.2281,1228,220,-3,220,0,1,71,16079691587969,16079707984685,16396,0,0,13867,16775,0,,,,72,220,0,0,0,0,24,0,0
74,scan,73,0,16079791952327,,16079792130706,16079794108276,26.858,0.7499,0.0004,0.0006,0,1.2130,1212,220,-3,220,0,1,72,16079741750583,16079759235084,17484,0,0,13867,16796,0,,,,73,220,0,0,0,0,24,0,0
75,scan,74,0,16079842177132,,16079842347013,16079844224332,26.908,0.7573,0.0004,0.0006,0,1.2027,1202,220,-3,220,0,1,73,16079792049669,16079809281591,17231,0,0,13867,16792,0,,,,74,220,0,0,0,0,24,0,0
76,scan,75,0,16079891791773,,16079891960466,16079894160046,26.958,0.7723,0.0004,0.0006,0,1.1924,1192,220,-3,220,0,1,74,16079842230424,16079859756579,17526,0,0,13867,16795,0,,,,75,220,0,0,0,0,24,0,0
77,scan,76,0,16079941976013,,16079942108317,16079944142403,27.008,0.7798,0.0004,0.0006,0,1.1796,1179,220,-3,220,0,1,75,16079891870096,16079909525696,17655,0,0,13867,16798,0,,,,76,220,0,0,0,0,24,0,0
78,scan,77,0,16079991776743,,16079991901784,16079994224140,27.058,0.7947,0.0004,0.0006,0,1.1689,1168,220,-3,220,0,1,76,16079942022603,16079959310152,17287,0,0,13867,16803,0,,,,77,220,0,0,0,0,24,0,0
79,scan,78,0,16080041632702,,16080041772564,16080044307316,27.108,0.8022,0.0004,0.0006,0,1.1562,1156,220,-3,220,0,1,77,16079991819564,16080009344548,17524,0,0,13867,16786,0,,,,78,220,0,0,0,0,24,0,0
80,scan,79,0,16080091878376,,16080092021507,16080094322411,27.158,0.8172,0.0004,0.0006,0,1.1391,1139,220,-3,220,0,1,78,16080041680981,16080059042843,17361,0,0,13867,16860,0,,,,79,220,0,0,0,0,24,0,0
81,scan,80,0,16080141755844,,16080141882777,16080144185368,27.208,0.8246,0.0004,0.0006,0,1.1396,1139,220,-3,220,0,1,79,16080091923579,16080109148129,17224,0,0,13867,16860,0,,,,80,220,0,0,0,0,24,0,0
82,scan,81,0,16080192544134,,16080192678023,16080194125338,27.258,0.8396,0.0004,0.0006,0,1.1171,1117,220,-3,220,0,1,80,16080141803315,16080159497072,17693,0,0,13867,16886,0,,,,81,220,0,0,0,0,24,0,0
83,scan,82,0,16080242293828,,16080242425014,16080244274626,27.308,0.8471,0.0004,0.0006,0,1.1148,1114,220,-4,220,0,1,81,16080192592510,16080206982969,14390,0,0,13867,16885,0,,,,82,220,0,0,0,0,24,0,0
84,scan,83,0,16080292186624,,16080292314106,16080294246766,27.358,0.8621,0.0004,0.0006,0,1.0951,1095,220,-4,220,0,1,82,16080242340106,16080259976817,17636,0,0,13867,16864,0,,,,83,220,0,0,0,0,24,0,0
85,scan,84,0,16080342100473,,16080342308764,16080344433737,27.408,0.8695,0.0004,0.0006,0,1.0826,1082,220,-4,220,0,1,83,16080292230984,16080309938933,17707,0,0,13867,16880,0,,,,84,220,0,0,0,0,24,0,0
86,scan,85,0,16080392524348,,16080392645732,16080394160115,27.458,0.8845,0.0004,0.0006,0,1.0880,1087,220,-4,220,0,1,84,16080342171648,16080359506093,17334,0,0,13867,16893,0,,,,85,220,0,0,0,0,24,0,0
87,scan,86,0,16080441918604,,16080442062502,16080444207205,27.508,0.8920,0.0004,0.0006,0,1.0734,1073,220,-4,220,0,1,85,16080392568263,16080409373168,16804,0,0,13867,16875,0,,,,86,220,0,0,0,0,24,0,0
88,scan,87,0,16080492087981,,16080492213190,16080494209208,27.558,0.9069,0.0004,0.0006,0,1.0588,1058,220,-4,220,0,1,86,16080441964558,16080459529658,17565,0,0,13867,16871,0,,,,87,220,0,0,0,0,24,0,0
89,scan,88,0,16080542088077,,16080542219340,16080544242520,27.608,0.9144,0.0005,0.0006,0,1.0364,1036,220,-4,220,0,1,87,16080492128121,16080509650620,17522,0,0,13867,16865,0,,,,88,220,0,0,0,0,24,0,0
90,scan,89,0,16080592534504,,16080592775830,16080595210502,27.658,0.9219,0.0005,0.0006,0,1.0321,1032,220,-4,220,0,1,88,16080542132252,16080560090069,17957,0,0,13867,16875,0,,,,89,220,0,0,0,0,24,0,0
91,scan,90,0,16080642408335,,16080642573803,16080644382681,27.708,0.9368,0.0005,0.0006,0,1.0212,1021,220,-5,220,0,1,89,16080592622082,16080610195505,17573,0,0,13867,16955,0,,,,90,220,0,0,0,0,24,0,0
92,scan,91,0,16080692855603,,16080692999383,16080695141897,27.758,0.9443,0.0005,0.0006,0,1.0110,1011,220,-5,220,0,1,90,16080642454016,16080659825094,17371,0,0,13867,16952,0,,,,91,220,0,0,0,0,24,0,0
93,scan,92,0,16080742581709,,16080742707947,16080745076146,27.808,0.9593,0.0005,0.0006,0,1.0076,1007,220,-5,220,0,1,91,16080692907443,16080710467310,17559,0,0,13867,16954,0,,,,92,220,0,0,0,0,24,0,0
94,scan,93,0,16080792663886,,16080792805615,16080795070411,27.858,0.9668,0.0005,0.0006,0,0.9901,990,220,-5,220,0,1,92,16080742626732,16080759916520,17289,0,0,13867,16943,0,,,,93,220,0,0,0,0,24,0,0
95,scan,94,0,16080842787738,,16080842922329,16080845092474,27.908,0.9817,0.0005,0.0006,0,0.9802,980,220,-6,220,0,1,93,16080792713060,16080810149251,17436,0,0,13867,16942,0,,,,94,220,0,0,0,0,24,0,0
96,scan,95,0,16080892855947,,16080893020768,16080895131453,27.958,0.9892,0.0005,0.0006,0,0.9717,971,220,-6,220,0,1,94,16080842835338,16080860244150,17408,0,0,13867,16941,0,,,,95,220,0,0,0,0,24,0,0
97,scan,96,0,16080942883999,,16080943004079,16080945120781,28.008,1.0042,0.0005,0.0006,0,0.9572,957,220,-6,220,0,1,95,16080892925849,16080910625231,17699,0,0,13867,16977,0,,,,96,220,0,0,0,0,24,0,0
98,scan,97,0,16080993193066,,16080993373789,16080995154027,28.058,1.0117,0.0005,0.0006,0,0.9472,947,220,-7,220,-10,1,96,16080942926832,16080959658666,16731,0,0,13867,16975,0,,,,97,220,-10,0,0,0,24,0,0
99,scan,98,0,16081042878460,,16081043011496,16081045179899,28.108,1.0266,0.0005,0.0005,0,0.9407,940,220,-7,220,-10,1,97,16080993257544,16081010858440,17600,0,0,13867,17006,0,,,,98,220,-10,0,0,0,24,0,0
100,scan,99,0,16081092808986,,16081092936731,16081095149999,28.158,1.0341,0.0005,0.0002,0,0.9208,920,220,-7,220,-11,1,98,16081042922713,16081059975299,17052,0,0,13867,16979,0,,,,99,220,-11,0,0,0,24,0,0
101,scan,100,0,16081142699686,,16081142828096,16081145128839,28.208,1.0491,0.0005,-0.0008,0,0.9145,914,220,-5,220,-10,1,99,16081092855618,16081110200589,17344,0,0,13867,16977,0,,,,100,220,-10,0,0,0,24,0,0
102,scan,101,0,16081193098650,,16081193225626,16081195213410,28.258,1.0565,0.0005,-0.0013,1,0.9156,915,0,1000,220,-9,1,100,16081142745283,16081159931853,17186,0,0,13867,16967,0,,,,101,220,-9,0,0,0,24,0,0
103,scan,102,0,16081242846447,,16081242969462,16081245170384,28.308,1.0715,0.0005,-0.0018,1,0.8771,877,0,1000,0,999,1,101,16081193147162,16081207222638,14075,0,0,13867,16961,0,,,,102,0,999,0,0,0,24,0,0
104,scan,103,0,16081293077894,,16081293217998,16081295286301,28.358,1.0790,0.0005,-0.0020,1,0.8848,884,0,1000,0,999,1,102,16081242887165,16081259107405,16220,0,0,13867,16932,0,,,,103,0,999,0,0,0,24,0,0
105,scan,104,0,16081342999568,,16081343130326,16081345208401,28.408,1.0905,0.0004,-0.0023,1,0.8685,868,0,1000,0,999,1,103,16081293121098,16081310411152,17290,0,0,13867,16942,0,,,,104,0,999,0,0,0,24,0,0
106,scan,105,0,16081392966333,,16081393092150,16081395173030,28.458,1.0945,0.0004,-0.0021,1,0.8592,859,0,1000,0,999,1,104,16081343041351,16081360138938,17097,0,0,13867,16932,0,,,,105,0,999,0,0,0,24,0,0
107,scan,106,0,16081444140704,,16081444283649,16081446200928,28.508,1.0974,0.0004,-0.0019,1,0.8734,873,0,1000,0,999,1,105,16081393011646,16081410375004,17363,0,0,13867,17007,0,,,,106,0,999,0,0,0,24,0,0
108,scan,107,0,16081493819036,,16081493973319,16081496171373,28.558,1.1012,0.0004,0.0067,1,0.8702,870,0,1000,0,999,1,106,16081444191196,16081461702068,17510,0,0,13867,16998,0,,,,107,0,999,0,0,0,24,0,0
109,scan,108,0,16081543741075,,16081543883793,16081546257948,28.608,1.1023,0.0004,0.0244,1,0.8685,868,0,1000,0,999,1,107,16081493871218,16081511271947,17400,0,0,13867,17070,0,,,,108,0,999,0,0,0,24,0,0
110,scan,109,0,16081594176509,,16081594314349,16081596343388,28.658,1.1027,0.0004,0.0930,1,0.8636,863,0,1000,0,999,1,108,16081543783673,16081561469754,17686,0,0,13867,17139,0,,,,109,0,999,0,0,0,24,0,0
111,scan,110,0,16081643585583,,16081643728033,16081645218722,28.708,1.1026,0.0004,0.1354,1,0.8593,859,0,1000,0,999,1,109,16081594226155,16081611795995,17569,0,0,13867,17125,0,,,,110,0,999,0,0,0,24,0,0
112,scan,111,0,16081693861093,,16081693998316,16081696159878,28.758,1.1025,0.0004,0.2060,1,0.8673,867,0,1000,0,999,1,110,16081643636993,16081658354589,14717,0,0,13867,17137,0,,,,111,0,999,0,0,0,24,0,0
113,scan,112,0,16081743745240,,16081743877402,16081746108542,28.808,1.1024,0.0004,0.2344,1,0.8590,859,0,1000,0,999,1,111,16081693908978,16081711520191,17611,0,0,13867,17167,0,,,,112,0,999,0,0,0,24,0,0
114,scan,113,0,16081793634189,,16081793762674,16081796101440,28.858,1.1023,0.0004,0.2983,1,0.8608,860,0,1000,0,999,1,112,16081743793853,16081760253425,16459,0,0,13867,17142,0,,,,113,0,999,0,0,0,24,0,0
115,scan,114,0,16081844168998,,16081844321022,16081846220950,28.908,1.1023,0.0003,0.3355,1,0.8491,849,0,1000,0,999,1,113,16081793675800,16081811037807,17362,0,0,13867,17145,0,,,,114,0,999,0,0,0,24,0,0
116,scan,115,0,16081893613402,,16081893734716,16081895295402,28.958,1.1022,0.0003,0.4073,1,0.8563,856,0,1000,0,999,1,114,16081844218947,16081861856818,17637,0,0,13867,17148,0,,,,115,0,999,0,0,0,24,0,0
117,scan,116,0,16081943795424,,16081943929332,16081946132772,29.008,1.1021,0.0003,0.4394,1,0.8622,862,0,1000,0,999,1,115,16081893654386,16081911537426,17883,0,0,13867,17153,0,,,,116,0,999,0,0,0,24,0,0
118,scan,117,0,16081994453907,,16081994585674,16081996260831,29.058,1.1020,0.0002,0.5041,1,0.8654,865,0,1000,0,999,1,116,16081943842029,16081961019596,17177,0,0,13867,17151,0,,,,117,0,999,0,0,0,24,0,0
119,scan,118,0,16082044500756,,16082044635832,16082046193419,29.108,1.1020,0.0002,0.5388,1,0.8588,858,0,1000,0,999,1,117,16081994499864,16082011969262,17469,0,0,13867,17149,0,,,,118,0,999,0,0,0,24,0,0
120,scan,119,0,16082094117187,,16082094241029,16082096217975,29.158,1.1019,0.0001,0.6092,1,0.8540,854,0,1000,0,999,1,118,16082044546375,16082062703054,18156,0,0,13867,17169,0,,,,119,0,999,0,0,0,24,0,0
121,scan,120,0,16082143896542,,16082144115173,16082146137767,29.208,1.1018,0.0001,0.6429,1,0.8467,846,0,1000,0,999,1,119,16082094156749,16082111520199,17363,0,0,13867,17172,0,,,,120,0,999,0,0,0,24,0,0
122,scan,121,0,16082194510925,,16082194705612,16082196247504,29.258,1.1018,-0.0000,0.7089,1,0.8437,843,0,1000,0,999,1,120,16082143941311,16082161467746,17526,0,0,13867,17168,0,,,,121,0,999,0,0,0,24,0,0
123,scan,122,0,16082244194609,,16082244322009,16082246231252,29.308,1.1017,-0.0001,0.7428,1,0.8616,861,0,1000,0,999,1,121,16082194575201,16082208930378,14355,0,0,13867,17167,0,,,,122,0,999,0,0,0,24,0,0
124,scan,123,0,16082294696458,,16082294848636,16082297070925,29.358,1.1017,-0.0001,0.7774,1,0.8538,853,0,1000,0,999,1,122,16082244236921,16082262812346,18575,0,0,13867,17191,0,,,,123,0,999,0,0,0,24,0,0
125,scan,124,0,16082344719689,,16082344864270,16082347071302,29.408,1.1016,-0.0002,0.8461,1,0.8564,856,0,1000,0,999,1,123,16082294761485,16082312182787,17421,0,0,13867,17184,0,,,,124,0,999,0,0,0,24,0,0
126,scan,125,0,16082394457599,,16082394592186,16082396317132,29.458,1.1016,-0.0002,0.8797,1,0.8605,860,0,1000,0,999,1,124,16082344764812,16082362483810,17718,0,0,13867,17193,0,,,,125,0,999,0,0,0,24,0,0
127,scan,126,0,16082444323433,,16082444447932,16082446259005,29.508,1.1015,-0.0003,0.9470,1,0.8625,862,0,1000,0,999,1,125,16082394507210,16082411996380,17489,0,0,13867,17210,0,,,,126,0,999,0,0,0,24,0,0
128,scan,127,0,16082494793402,,16082494980891,16082497193574,29.558,1.1015,-0.0004,0.9811,1,0.6251,625,0,1000,0,999,1,126,16082444365359,16082461784557,17419,0,0,13867,17207,0,,,,127,0,999,0,0,0,24,0,0
129,scan,128,0,16082544810321,,16082545010969,16082547113581,29.608,1.1014,-0.0005,1.0495,1,0.5922,592,0,879,0,996,1,127,16082494858444,16082510256972,15398,0,0,13867,17154,0,,,,128,0,996,0,0,0,24,0,0
130,scan,129,0,16082594995968,,16082595138090,16082597142543,29.658,1.1014,-0.0006,1.0834,1,0.5652,565,0,811,0,886,1,128,16082544895602,16082562401615,17506,0,0,13867,17142,0,,,,129,0,886,0,0,0,24,0,0
131,scan,130,0,16082644641423,,16082644777548,16082647035559,29.708,1.1014,-0.0007,1.1500,1,0.5481,548,220,678,3,811,1,129,16082595053832,16082612255099,17201,0,0,13867,17133,0,,,,130,3,811,0,0,0,24,0,0
132,scan,131,0,16082694781952,,16082694909172,16082697147385,29.758,1.1013,-0.0007,1.1804,1,0.5318,531,220,617,220,665,1,130,16082644690224,16082662092807,17402,0,0,13867,17134,0,,,,131,220,665,0,0,0,24,0,0
133,scan,132,0,16082744810157,,16082744935535,16082747142401,29.808,1.1017,0.0004,1.2352,1,0.5301,530,220,508,220,602,1,131,16082694826510,16082712251151,17424,0,0,13867,17131,0,,,,132,220,602,0,0,0,24,0,0
134,scan,133,0,16082795299419,,16082795438883,16082797178527,29.858,1.1025,0.0025,1.2675,1,0.5414,541,220,444,220,493,1,132,16082744853361,16082762418131,17564,0,0,13867,17137,0,,,,133,220,493,0,0,0,24,0,0
135,scan,134,0,16082844767729,,16082844894227,16082847178917,29.908,1.1045,0.0102,1.3461,1,0.5396,539,220,289,220,427,1,133,16082795349313,16082812080796,16731,0,0,13867,17120,0,,,,134,220,427,0,0,0,24,0,0
136,scan,135,0,16082894510274,,16082894636638,16082896215986,29.958,1.1057,0.0158,1.3840,1,0.5296,529,220,215,220,277,1,134,16082844810829,16082861938683,17127,0,0,13867,17113,0,,,,135,220,277,0,0,0,24,0,0
137,scan,136,0,16082944802125,,16082944941608,16082947091378,30.008,1.1077,0.0286,1.4394,1,0.5237,523,220,106,220,205,1,135,16082894554289,16082911967725,17413,0,0,13867,17106,0,,,,136,220,205,0,0,0,24,0,0
138,scan,137,0,16082995091089,,16082995215732,16082997278002,30.058,1.1086,0.0358,1.4507,1,0.5148,514,220,84,220,102,1,136,16082944844170,16082962273713,17429,0,0,13867,17123,0,,,,137,220,102,0,0,0,24,0,0
139,scan,138,0,16083044837070,,16083044978695,16083047274691,30.108,1.1104,0.0507,1.4486,1,0.5007,500,220,89,220,80,1,137,16082995135343,16083011875688,16740,0,0,13867,17102,0,,,,138,220,80,0,0,0,24,0,0
140,scan,139,0,16083095483852,,16083095662194,16083098063580,30.158,1.1113,0.0581,1.4473,1,0.5014,501,220,92,220,83,1,138,16083044874941,16083062472539,17597,0,0,13867,17115,0,,,,139,220,83,0,0,0,24,0,0
141,scan,140,0,16083145305053,,16083145450687,16083147372552,30.208,1.1122,0.0655,1.4510,1,0.4829,482,220,85,220,88,1,139,16083095545804,16083112250758,16704,0,0,13867,17099,0,,,,140,220,88,0,0,0,24,0,0
142,scan,141,0,16083195375151,,16083195504203,16083197363985,30.258,1.1139,0.0803,1.4642,1,0.4748,474,220,60,220,81,1,140,16083145352532,16083162535633,17183,0,0,13867,17099,0,,,,141,220,81,0,0,0,24,0,0
143,scan,142,0,16083245508695,,16083245635605,16083247151521,30.308,1.1147,0.0878,1.4673,1,0.4722,472,220,54,220,58,1,141,16083195421692,16083209563407,14141,0,0,13867,17101,0,,,,142,220,58,0,0,0,24,0,0
144,scan,143,0,16083295313206,,16083295438272,16083297145901,30.358,1.1163,0.1026,1.4681,1,0.4577,457,220,53,220,53,1,142,16083245554598,16083263222022,17667,0,0,13867,17137,0,,,,143,220,53,0,0,0,24,0,0
145,scan,144,0,16083345446542,,16083345585482,16083347117673,30.408,1.1170,0.1101,1.4693,1,0.4437,443,220,51,220,51,1,143,16083295356290,16083312042512,16686,0,0,13867,17122,0,,,,144,220,51,0,0,0,24,0,0
146,scan,145,0,16083395640164,,16083395762973,16083398061478,30.458,1.1185,0.1250,1.4750,1,0.4344,434,220,40,220,49,1,144,16083345495480,16083362805968,17310,0,0,13867,17127,0,,,,145,220,49,0,0,0,24,0,0
147,scan,146,0,16083445549131,,16083445684200,16083447211310,30.508,1.1192,0.1324,1.4774,1,0.4377,437,220,36,220,40,1,145,16083395682624,16083412969867,17287,0,0,13867,17125,0,,,,146,220,40,0,0,0,24,0,0
148,scan,147,0,16083495639280,,16083495766831,16083498088489,30.558,1.1206,0.1473,1.4795,1,0.4237,423,220,32,220,35,1,146,16083445597989,16083463135980,17537,0,0,13867,17126,0,,,,147,220,35,0,0,0,24,0,0
149,scan,148,0,16083545564391,,16083545708742,16083547161393,30.608,1.1213,0.1547,1.4803,1,0.4270,426,220,31,220,33,1,147,16083495683462,16083512943268,17259,0,0,13867,17122,0,,,,148,220,33,0,0,0,24,0,0
150,scan,149,0,16083595414443,,16083595538343,16083597238318,30.658,1.1226,0.1696,1.4830,1,0.4126,412,220,26,220,30,1,148,16083545616343,16083563011555,17395,0,0,13867,17115,0,,,,149,220,30,0,0,0,24,0,0
151,scan,150,0,16083645515701,,16083645638142,16083647201180,30.708,1.1233,0.1771,1.4845,1,0.4071,407,220,23,220,26,1,149,16083595456055,16083613517813,18061,0,0,13867,17127,0,,,,150,220,26,0,0,0,24,0,0
152,scan,151,0,16083695845835,,16083695995687,16083698118130,30.758,1.1245,0.1920,1.4864,1,0.3912,391,220,19,220,23,1,150,16083645558663,16083663201735,17643,0,0,13867,17201,0,,,,151,220,23,0,1,0,24,0,0
153,scan,152,0,16083745862177,,16083745990048,16083748174014,30.808,1.1252,0.1995,1.4870,1,0.3808,380,220,18,220,21,1,151,16083695890526,16083713545651,17655,0,0,13867,17202,0,,,,152,220,21,0,1,0,24,0,0
154,scan,153,0,16083795954177,,16083796094385,16083798148863,30.858,1.1264,0.2144,1.4885,1,0.3693,369,220,16,220,18,1,152,16083745907423,16083763271332,17363,0,0,13867,17224,0,,,,153,220,18,0,1,0,24,0,0
155,scan,154,0,16083846718045,,16083846881293,16083849284895,30.908,1.1270,0.2218,1.4893,1,0.3762,376,220,14,220,16,1,153,16083796001070,16083813766635,17765,0,0,13867,17234,0,,,,154,220,16,0,1,0,24,0,0
156,scan,155,0,16083896760804,,16083896889260,16083899116360,30.958,1.1282,0.2367,1.4906,1,0.3498,349,220,12,220,15,1,154,16083846769592,16083864487641,17718,0,0,13867,17236,0,,,,155,220,15,0,1,0,24,0,0
157,scan,156,0,16083946776640,,16083946935945,16083949186100,31.008,1.1288,0.2442,1.4910,1,0.3502,350,220,11,220,11,1,155,16083896801069,16083914387161,17586,0,0,13867,17229,0,,,,156,220,11,0,1,0,24,0,0
158,scan,157,0,16083996851965,,16083996996689,16083999158288,31.058,1.1294,0.2517,1.4914,1,0.3558,355,220,10,220,12,1,156,16083946826239,16083963971722,17145,0,0,13867,17228,0,,,,157,220,12,0,1,0,24,0,0
159,scan,158,0,16084046708416,,16084046849096,16084049290150,31.108,1.1306,0.2666,1.4923,1,0.3413,341,220,9,220,11,1,157,16083996906249,16084014250341,17344,0,0,13867,17225,0,,,,158,220,11,0,1,0,24,0,0
160,scan,159,0,16084096864197,,16084097047456,16084099224753,31.158,1.1312,0.2740,1.4927,1,0.3327,332,220,8,220,11,1,158,16084046758751,16084064131953,17373,0,0,13867,17206,0,,,,159,220,11,0,1,0,24,0,0
161,scan,160,0,16084146411107,,16084146535697,16084148304604,31.208,1.1324,0.2889,1.4934,1,0.3252,325,220,7,220,8,1,159,16084096927233,16084114282768,17355,0,0,13867,17205,0,,,,160,220,8,0,1,0,24,0,0
162,scan,161,0,16084196322917,,16084196450842,16084198204308,31.258,1.1329,0.2964,1.4938,1,0.3258,325,220,6,220,7,1,160,16084146456928,16084163946046,17489,0,0,13867,17204,0,,,,161,220,7,0,1,0,24,0,0
163,scan,162,0,16084246203840,,16084246328569,16084248190910,31.308,1.1341,0.3113,1.4945,1,0.3381,338,220,5,220,7,1,161,16084196370554,16084210570077,14199,0,0,13867,17200,0,,,,162,220,7,0,1,0,24,0,0
164,scan,163,0,16084296422221,,16084296554410,16084298136057,31.358,1.1346,0.3187,1.4947,1,0.3034,303,220,4,220,4,1,162,16084246246682,16084262935965,16689,0,0,13867,17153,0,,,,163,220,4,0,1,0,24,0,0
165,scan,164,0,16084346600663,,16084346734876,16084348284713,31.408,1.1358,0.3336,1.4950,1,0.3136,313,220,4,220,5,1,163,16084296468506,16084312603859,16135,0,0,13867,17121,0,,,,164,220,5,0,1,0,24,0,0
166,scan,165,0,16084397017540,,16084397148608,16084399143146,31.458,1.1363,0.3411,1.4951,1,0.3157,315,220,3,220,5,1,164,16084346640744,16084363980528,17339,0,0,13867,17112,0,,,,165,220,5,0,1,0,24,0,0
167,scan,166,0,16084446910930,,16084447050450,16084449236796,31.508,1.1375,0.3560,1.4955,1,0.3054,305,220,3,220,4,1,165,16084397063231,16084414705302,17642,0,0,13867,17116,0,,,,166,220,4,0,1,0,24,0,0
168,scan,167,0,16084496876851,,16084497053119,16084499290333,31.558,1.1380,0.3635,1.4956,1,0.2860,285,220,2,220,4,1,166,16084446958508,16084464171405,17212,0,0,13867,17110,0,,,,167,220,4,0,1,0,24,0,0
169,scan,168,0,16084546548360,,16084546672443,16084548232670,31.608,1.1392,0.3784,1.4960,1,0.3030,303,220,2,220,3,1,167,16084496931809,16084514785169,17853,0,0,13867,17172,0,,,,168,220,3,0,1,0,24,0,0
170,scan,169,0,16084596819530,,16084596945368,16084599166735,31.658,1.1397,0.3858,1.4961,1,0.3040,303,220,2,220,3,1,168,16084546589210,16084564096370,17507,0,0,13867,17172,0,,,,169,220,3,0,1,0,24,0,0
171,scan,170,0,16084646676764,,16084646816459,16084648329853,31.708,1.1408,0.4008,1.4963,1,0.3075,307,220,1,220,4,1,169,16084596862204,16084614335621,17473,0,0,13867,17179,0,,,,170,220,4,0,1,0,24,0,0
172,scan,171,0,16084696870087,,16084697006867,16084699122017,31.758,1.1414,0.4082,1.4964,1,0.2991,299,220,1,220,3,1,170,16084646724788,16084664216245,17491,0,0,13867,17181,0,,,,171,220,3,0,1,0,24,0,0
173,scan,172,0,16084746959387,,16084747081875,16084749218848,31.808,1.1425,0.4231,1.4966,1,0.2989,298,220,1,220,2,1,171,16084696914827,16084714392028,17477,0,0,13867,17182,0,,,,172,220,2,0,1,0,24,0,0
174,scan,173,0,16084796905049,,16084797029888,16084799143225,31.858,1.1430,0.4306,1.4967,1,0.3050,304,220,0,220,0,1,172,16084746996911,16084764435931,17439,0,0,13867,17179,0,,,,173,220,0,0,1,0,24,0,0
175,scan,174,0,16084846863520,,16084846987634,16084849165881,31.908,1.1436,0.4381,1.4969,1,0.3294,329,220,0,220,1,1,173,16084796947012,16084814264298,17317,0,0,13867,17194,0,,,,174,220,1,0,1,0,24,0,0
176,scan,175,0,16084896788344,,16084896913179,16084899033110,31.958,1.1447,0.4530,1.4969,1,0.3438,343,220,0,220,2,1,174,16084846907140,16084864392329,17485,0,0,13867,17203,0,,,,175,220,2,0,1,0,24,0,0
177,scan,176,0,16084946797604,,16084946946721,16084949099607,32.008,1.1453,0.4605,1.4968,1,1.0475,1047,220,0,220,2,1,175,16084896832475,16084914343481,17511,0,0,13867,17205,0,,,,176,220,2,0,0,0,24,0,0
178,scan,177,0,16084996746844,,16084996875894,16084999051312,32.058,1.1464,0.4754,1.4969,1,1.0357,1035,220,0,220,1,1,176,16084946844671,16084964707705,17863,0,0,13867,17216,0,,,,177,220,1,0,0,0,24,0,0
179,scan,178,0,16085046793443,,16085046919906,16085049109426,32.108,1.1469,0.4828,1.4970,1,1.0284,1028,220,0,220,0,1,177,16084996789678,16085015182737,18393,0,0,13867,17257,0,,,,178,220,0,0,0,0,24,0,0
180,scan,179,0,16085096689962,,16085096817458,16085098139260,32.158,1.1480,0.4978,1.4972,1,1.0373,1037,220,-1,220,1,1,178,16085046835956,16085064206498,17370,0,0,13867,17252,0,,,,179,220,1,0,0,0,24,0,0
181,scan,180,0,16085146988534,,16085147131486,16085149172948,32.208,1.1486,0.5052,1.4971,1,1.0221,1022,220,0,220,1,1,179,16085096733890,16085113809495,17075,0,0,13867,17261,0,,,,180,220,1,0,0,0,24,0,0
182,scan,181,0,16085196829271,,16085196953873,16085199173066,32.258,1.1497,0.5201,1.4970,1,1.0251,1025,220,0,220,2,1,180,16085147032514,16085163170385,16137,0,0,13867,17235,0,,,,181,220,2,0,0,0,24,0,0
183,scan,182,0,16085247018697,,16085247202939,16085249184861,32.308,1.1502,0.5276,1.4971,1,1.0203,1020,220,0,220,2,1,181,16085196873840,16085210467492,13593,0,0,13593,17221,0,,,,182,220,2,0,0,0,24,0,0
184,scan,183,0,16085297356291,,16085297504173,16085299176715,32.358,1.1513,0.5425,1.4973,1,1.0190,1018,220,-1,220,1,1,182,16085247079839,16085263971072,16891,0,0,13593,17202,0,,,,183,220,1,0,0,0,24,0,0
185,scan,184,0,16085347301337,,16085347428176,16085349243393,32.408,1.1519,0.5500,1.4974,1,1.0207,1020,220,-1,220,0,1,183,16085297404732,16085314854915,17450,0,0,13593,17221,0,,,,184,220,0,0,0,0,24,0,0
186,scan,185,0,16085397423513,,16085397544866,16085399270607,32.458,1.1530,0.5649,1.4975,1,1.0095,1009,220,-1,220,2,1,184,16085347344765,16085364209110,16864,0,0,13593,17210,0,,,,185,220,2,0,0,0,24,0,0
187,scan,186,0,16085447821594,,16085448042883,16085450101610,32.508,1.1535,0.5723,1.4974,1,1.0164,1016,220,-1,220,1,1,185,16085397465373,16085414821337,17355,0,0,13593,17211,0,,,,186,220,1,0,0,0,24,0,0
188,scan,187,0,16085497746730,,16085497878020,16085500124745,32.558,1.1546,0.5873,1.4975,1,1.0107,1010,220,-1,220,3,1,186,16085447884466,16085462758393,14873,0,0,13593,17145,0,,,,187,220,3,0,0,0,24,0,0
189,scan,188,0,16085547866363,,16085547996997,16085550119610,32.608,1.1552,0.5947,1.4976,1,1.0280,1027,220,-1,220,3,1,187,16085497790676,16085512372461,14581,0,0,13593,17078,0,,,,188,220,3,0,0,0,24,0,0
190,scan,189,0,16085597942358,,16085598095933,16085600562247,32.658,1.1562,0.6096,1.4977,1,1.0308,1030,220,-2,220,-1,1,188,16085547911162,16085565350659,17439,0,0,13593,17079,0,,,,189,220,-1,0,0,0,24,0,0
191,scan,190,0,16085647785178,,16085647962820,16085650336537,32.708,1.1568,0.6171,1.4978,1,1.0330,1032,220,-2,220,-2,1,189,16085597979062,16085615370187,17391,0,0,13593,17062,0,,,,190,220,-2,0,0,0,24,0,0
192,scan,191,0,16085698209926,,16085698375023,16085700331432,32.758,1.1573,0.6246,1.4979,1,1.0109,1010,220,-2,220,0,1,190,16085647844463,16085665466157,17621,0,0,13593,17061,0,,,,191,220,0,0,0,0,24,0,0
193,scan,192,0,16085748234355,,16085748366304,16085750215906,32.808,1.1584,0.6395,1.4978,1,1.0169,1016,220,-2,220,-2,1,191,16085698269258,16085716208084,17938,0,0,13593,17069,0,,,,192,220,-2,0,0,0,24,0,0
194,scan,193,0,16085798042497,,16085798170332,16085800268275,32.858,1.1590,0.6470,1.4976,1,1.0067,1006,220,-2,220,-2,1,192,16085748281589,16085766099542,17817,0,0,13593,17080,0,,,,193,220,-2,0,0,0,24,0,0
195,scan,194,0,16085847744790,,16085847882356,16085850128730,32.908,1.1601,0.6619,1.4975,1,1.0153,1015,220,-2,220,-1,1,193,16085798088881,16085815641397,17552,0,0,13593,17075,0,,,,194,220,-1,0,0,0,24,0,0
196,scan,195,0,16085897996328,,16085898130412,16085900273557,32.958,1.1606,0.6693,1.4976,1,1.0132,1013,220,-2,220,-1,1,194,16085847790302,16085865556583,17766,0,0,13593,17076,0,,,,195,220,-1,0,0,0,24,0,0
197,scan,196,0,16085947991277,,16085948187409,16085950222230,33.008,1.1617,0.6842,1.4974,1,1.0238,1023,220,-1,220,1,1,195,16085898047471,16085915798847,17751,0,0,13593,17080,0,,,,196,220,1,0,0,0,24,0,0
198,scan,197,0,16085997870147,,16085998013041,16086000159845,33.058,1.1623,0.6917,1.4974,1,1.0187,1018,220,-1,220,2,1,196,16085948097260,16085965363342,17266,0,0,13593,17083,0,,,,197,220,2,0,0,0,24,0,0
199,scan,198,0,16086048080425,,16086048228331,16086050186888,33.108,1.1634,0.7066,1.4974,1,0.9919,991,220,-1,220,0,1,197,16085997923476,16086015357081,17433,0,0,13593,17085,0,,,,198,220,0,0,0,0,24,0,0
200,scan,199,0,16086098269914,,16086098404251,16086100264052,33.158,1.1639,0.7141,1.4975,1,0.9974,997,220,-2,220,0,1,198,16086048135705,16086065534164,17398,0,0,13593,17086,0,,,,199,220,0,0,0,0,24,0,0
201,scan,200,0,16086148127785,,16086148254361,16086150694498,33.208,1.1650,0.7290,1.4977,1,1.0011,1001,220,-2,220,-1,1,199,16086098318570,16086115863485,17544,0,0,13593,17090,0,,,,200,220,-1,0,0,0,24,0,0
202,scan,201,0,16086198526121,,16086198653870,16086201283197,33.258,1.1655,0.7365,1.4976,1,0.9908,990,220,-2,220,-1,1,200,16086148171900,16086165681909,17510,0,0,13593,17091,0,,,,201,220,-1,0,0,0,24,0,0
203,scan,202,0,16086248636373,,16086248785536,16086250133117,33.308,1.1666,0.7514,1.4975,1,0.9882,988,220,-2,220,1,1,201,16086198571807,16086212965888,14394,0,0,13593,17096,0,,,,202,220,1,0,0,0,24,0,0
204,scan,203,0,16086299048840,,16086299227150,16086301277602,33.358,1.1672,0.7589,1.4974,1,0.9927,992,220,-2,220,2,1,202,16086248677255,16086266130852,17453,0,0,13593,17115,0,,,,203,220,2,0,0,0,24,0,0
205,scan,204,0,16086348825138,,16086348964295,16086351156212,33.408,1.1683,0.7738,1.4975,1,1.0015,1001,220,-2,220,0,1,203,16086299108830,16086315946582,16837,0,0,13593,17133,0,,,,204,220,0,0,0,0,24,0,0
206,scan,205,0,16086398888642,,16086399063345,16086401233628,33.458,1.1688,0.7812,1.4976,1,1.0003,1000,220,-2,220,-2,1,204,16086348878695,16086366351746,17473,0,0,13593,17136,0,,,,205,220,-2,0,0,0,24,0,0
207,scan,206,0,16086448770809,,16086448893943,16086451048807,33.508,1.1699,0.7961,1.4977,1,1.0105,1010,220,-2,220,0,1,205,16086398953558,16086415404195,16450,0,0,13593,17106,0,,,,206,220,0,0,0,0,24,0,0
208,scan,207,0,16086498930902,,16086499067015,16086501145884,33.558,1.1705,0.8036,1.4976,1,1.0049,1004,220,-2,220,-1,1,206,16086448808229,16086466667779,17859,0,0,13593,17122,0,,,,207,220,-1,0,0,0,24,0,0
209,scan,208,0,16086548907804,,16086549066118,16086551189281,33.608,1.1710,0.8111,1.4974,1,0.9955,995,220,-2,220,-4,1,207,16086498979313,16086516149805,17170,0,0,13593,17105,0,,,,208,220,-4,0,0,0,24,0,0
210,scan,209,0,16086599062696,,16086599187373,16086601209494,33.658,1.1721,0.8260,1.4974,1,0.9769,976,220,-2,220,1,1,208,16086548963104,16086567023755,18060,0,0,13593,17119,0,,,,209,220,1,0,0,0,24,0,0
211,scan,210,0,16086649175566,,16086649311913,16086651129741,33.708,1.1727,0.8334,1.4974,1,0.9968,996,220,-2,220,0,1,209,16086599105620,16086616081222,16975,0,0,13593,17107,0,,,,210,220,0,0,0,0,24,0,0
212,scan,211,0,16086698906286,,16086699045467,16086701159308,33.758,1.1738,0.8484,1.4973,1,0.9922,992,220,-2,220,2,1,210,16086649225447,16086666493116,17267,0,0,13593,17101,0,,,,211,220,2,0,0,0,24,0,0
213,scan,212,0,16086748908122,,16086749047385,16086751121650,33.808,1.1743,0.8558,1.4973,1,0.9874,987,220,-2,220,2,1,211,16086698957995,16086716181687,17223,0,0,13593,17095,0,,,,212,220,2,0,0,0,24,0,0
214,scan,213,0,16086798993124,,16086799123872,16086801153195,33.858,1.1754,0.8707,1.4974,1,0.9868,986,220,-2,220,-1,1,212,16086748957321,16086766662198,17704,0,0,13593,17101,0,,,,213,220,-1,0,0,0,24,0,0
215,scan,214,0,16086849052142,,16086849186316,16086851230791,33.908,1.1760,0.8782,1.4975,1,1.0012,1001,220,-3,220,-2,1,213,16086799037452,16086816039568,17002,0,0,13593,17093,0,,,,214,220,-2,0,0,0,24,0,0
216,scan,215,0,16086898805560,,16086898957403,16086901093888,33.958,1.1770,0.8931,1.4976,1,0.9789,978,220,-3,220,-1,1,214,16086849101449,16086866287474,17186,0,0,13593,17086,0,,,,215,220,-1,0,0,0,24,0,0
217,scan,216,0,16086949034858,,16086949196160,16086952279285,34.008,1.1776,0.9006,1.4974,1,0.9868,986,220,-3,220,-2,1,215,16086898851405,16086916098640,17247,0,0,13593,17079,0,,,,216,220,-2,0,0,0,24,0,0
218,scan,217,0,16086999309211,,16086999445971,16087001186199,34.058,1.1787,0.9155,1.4972,1,0.9852,985,220,-2,220,2,1,216,16086949096544,16086966406337,17309,0,0,13593,17065,0,,,,217,220,2,0,0,0,24,0,0
219,scan,218,0,16087049144246,,16087049294987,16087051308963,34.108,1.1792,0.9230,1.4972,1,0.9771,977,220,-2,220,2,1,217,16086999356502,16087016134552,16778,0,0,13593,17025,0,,,,218,220,2,0,0,0,24,0,0
220,scan,219,0,16087099198447,,16087099319823,16087101187486,34.158,1.1803,0.9379,1.4973,1,0.9811,981,220,-3,220,-2,1,218,16087049195545,16087066433804,17238,0,0,13593,17022,0,,,,219,220,-2,0,0,0,24,0,0
221,scan,220,0,16087149406495,,16087149522910,16087151266038,34.208,1.1809,0.9453,1.4974,1,0.9830,982,220,-3,220,-3,1,219,16087099238402,16087115970932,16732,0,0,13593,17013,0,,,,220,220,-3,0,0,0,24,0,0
222,scan,221,0,16087199495124,,16087199617708,16087201222668,34.258,1.1820,0.9603,1.4974,1,0.9830,983,220,-3,220,1,1,220,16087149448350,16087167323191,17874,0,0,13593,17057,0,,,,221,220,1,0,0,0,24,0,0
223,scan,222,0,16087249427855,,16087249556343,16087251115575,34.308,1.1825,0.9677,1.4972,1,0.9780,978,220,-3,220,0,1,221,16087199538171,16087213629648,14091,0,0,13593,17069,0,,,,222,220,0,0,0,0,24,0,0
224,scan,223,0,16087299432768,,16087299545816,16087301181571,34.358,1.1836,0.9826,1.4970,1,0.9710,970,220,-3,220,3,1,222,16087249471449,16087266843341,17371,0,0,13593,17081,0,,,,223,220,3,0,0,0,24,0,0
225,scan,224,0,16087349657117,,16087349811307,16087352170857,34.408,1.1842,0.9901,1.4971,1,0.9643,964,220,-3,220,2,1,223,16087299468458,16087315822711,16354,0,0,13593,17054,0,,,,224,220,2,0,0,0,24,0,0
226,scan,225,0,16087399455938,,16087399588139,16087401612615,34.458,1.1847,0.9976,1.4972,1,0.9569,956,220,-3,220,-3,1,224,16087349709563,16087365897565,16188,0,0,13593,17037,0,,,,225,220,-3,0,0,0,24,0,0
227,scan,226,0,16087449552908,,16087449677859,16087451227325,34.508,1.1858,1.0125,1.4975,1,0.9561,956,220,-4,220,1,1,225,16087399503715,16087415091811,15588,0,0,13593,16993,0,,,,226,220,1,0,0,0,24,0,0
228,scan,227,0,16087499982964,,16087500247156,16087502280979,34.558,1.1864,1.0199,1.4974,1,0.9492,949,220,-4,220,1,1,226,16087449597447,16087467381086,17783,0,0,13593,17065,0,,,,227,220,1,0,0,0,24,0,0
229,scan,228,0,16087549860590,,16087550004887,16087552258368,34.608,1.1875,1.0349,1.4972,1,0.9362,936,220,-4,220,-6,1,227,16087500125980,16087517743588,17617,0,0,13593,17141,0,,,,228,220,-6,0,0,0,24,0,0
230,scan,229,0,16087600306147,,16087600438452,16087602365739,34.658,1.1880,1.0423,1.4973,1,0.9087,908,220,-4,220,-7,1,228,16087549905548,16087568148605,18243,0,0,13593,17161,0,,,,229,220,-7,0,0,0,24,0,0
231,scan,230,0,16087650290527,,16087650421766,16087652248084,34.708,1.1891,1.0572,1.4972,2,0.9072,907,0,1000,220,-2,1,229,16087600352686,16087617580219,17227,0,0,13593,17157,0,,,,230,220,-2,0,0,0,24,0,0
232,scan,231,0,16087700266862,,16087700404256,16087702180937,34.758,1.1897,1.0647,1.4969,2,0.8972,897,0,1000,0,999,1,230,16087650337729,16087667771286,17433,0,0,13593,17153,0,,,,231,0,999,0,0,0,24,0,0
233,scan,232,0,16087750119894,,16087750273359,16087752389356,34.808,1.1907,1.0785,1.4975,2,0.8768,876,0,1000,0,999,1,231,16087700315341,16087717878033,17562,0,0,13593,17143,0,,,,232,0,999,0,0,0,24,0,0
234,scan,233,0,16087800220017,,16087800346979,16087802257528,34.858,1.1911,1.0836,1.5027,2,0.8789,878,0,1000,0,999,1,232,16087750171777,16087767585329,17413,0,0,13593,17133,0,,,,233,0,999,0,0,0,24,0,0
235,scan,234,0,16087850161165,,16087850320812,16087852336492,34.908,1.1915,1.0905,1.5210,2,0.8836,883,0,1000,0,999,1,233,16087800265999,16087817582339,17316,0,0,13593,17127,0,,,,234,0,999,0,0,0,24,0,0
236,scan,235,0,16087900319743,,16087900510098,16087902216140,34.958,1.1916,1.0924,1.5286,2,0.8812,881,0,1000,0,999,1,234,16087850216237,16087868135127,17918,0,0,13593,17131,0,,,,235,0,999,0,0,0,24,0,0
237,scan,236,0,16087950313545,,16087950473472,16087952305541,35.008,1.1917,1.0946,1.5535,2,0.8704,870,0,1000,0,999,1,235,16087900386144,16087917864706,17478,0,0,13593,17124,0,,,,236,0,999,0,0,0,24,0,0
238,scan,237,0,16088000786529,,16088000976150,16088003331555,35.058,1.1917,1.0949,1.5829,2,0.8724,872,0,1000,0,999,1,236,16087950361916,16087968711253,18349,0,0,13593,17151,0,,,,237,0,999,0,0,0,24,0,0
239,scan,238,0,16088050553500,,16088050687435,16088052378494,35.108,1.1917,1.0947,1.6696,2,0.8728,872,0,1000,0,999,1,237,16088000866835,16088018695770,17828,0,0,13593,17161,0,,,,238,0,999,0,0,0,24,0,0
240,scan,239,0,16088101220621,,16088101439845,16088103379362,35.158,1.1917,1.0947,1.7094,2,0.8670,867,0,1000,0,999,1,238,16088050594237,16088067956869,17362,0,0,13593,17160,0,,,,239,0,999,0,0,0,24,0,0
241,scan,240,0,16088151083319,,16088151214831,16088153200753,35.208,1.1917,1.0946,1.7667,2,0.8525,852,0,1000,0,999,1,239,16088101296697,16088118985689,17688,0,0,13593,17164,0,,,,240,0,999,0,0,0,24,0,0
242,scan,241,0,16088200987053,,16088201133085,16088203270202,35.258,1.1917,1.0945,1.7953,2,0.8685,868,0,1000,0,999,1,240,16088151133628,16088168136866,17003,0,0,13593,17151,0,,,,241,0,999,0,0,0,24,0,0
243,scan,242,0,16088251233455,,16088251368984,16088253162394,35.308,1.1917,1.0944,1.8298,2,0.8802,880,0,1000,0,999,1,241,16088201040782,16088215415463,14374,0,0,13593,17151,0,,,,242,0,999,0,0,0,24,0,0
244,scan,243,0,16088300914548,,16088301074190,16088303201001,35.358,1.1918,1.0943,1.9064,2,0.8782,878,0,1000,0,999,1,242,16088251281189,16088268237330,16956,0,0,13593,17138,0,,,,243,0,999,0,0,0,24,0,0
245,scan,244,0,16088350821152,,16088350954074,16088353103590,35.408,1.1918,1.0943,1.9410,2,0.8551,855,0,1000,0,999,1,243,16088300964916,16088318414397,17449,0,0,13593,17153,0,,,,244,0,999,0,0,0,24,0,0
246,scan,245,0,16088400779024,,16088400937480,16088403061160,35.458,1.1919,1.0942,2.0033,2,0.8737,873,0,1000,0,999,1,244,16088350868519,16088368220803,17352,0,0,13593,17150,0,,,,245,0,999,0,0,0,24,0,0
247,scan,246,0,16088450796710,,16088450927850,16088453182311,35.508,1.1919,1.0941,2.0361,2,0.8633,863,0,1000,0,999,1,245,16088400830103,16088418258370,17428,0,0,13593,17175,0,,,,246,0,999,0,0,0,24,0,0
248,scan,247,0,16088501131938,,16088501284680,16088503234932,35.558,1.1919,1.0940,2.1073,2,0.8690,869,0,1000,0,999,1,246,16088450842298,16088467874914,17032,0,0,13593,17154,0,,,,247,0,999,0,0,0,24,0,0
249,scan,248,0,16088551027349,,16088551159362,16088553175547,35.608,1.1920,1.0940,2.1424,2,0.8545,854,0,1000,0,999,1,247,16088501183724,16088518831059,17647,0,0,13593,17166,0,,,,248,0,999,0,0,0,24,0,0
250,scan,249,0,16088601013839,,16088601134749,16088603177840,35.658,1.1921,1.0939,2.2084,2,0.8650,864,0,1000,0,999,1,248,16088551073870,16088568140367,17066,0,0,13593,17141,0,,,,249,0,999,0,0,0,24,0,0
251,scan,250,0,16088651430603,,16088651562670,16088654068991,35.708,1.1921,1.0939,2.2413,2,0.8688,868,0,1000,0,999,1,249,16088601056667,16088618457216,17400,0,0,13593,17152,0,,,,250,0,999,0,0,0,24,0,0
252,scan,251,0,16088700594924,,16088700730729,16088702170328,35.758,1.1922,1.0938,2.3100,2,0.8681,868,0,1000,0,999,1,250,16088651481926,16088668184827,16702,0,0,13593,17138,0,,,,251,0,999,0,0,0,24,0,0
253,scan,252,0,16088750854609,,16088751008229,16088753138131,35.808,1.1922,1.0937,2.3448,2,0.8735,873,0,1000,0,999,1,251,16088700650746,16088718384864,17734,0,0,13593,17151,0,,,,252,0,999,0,0,0,24,0,0
254,scan,253,0,16088801065984,,16088801204312,16088803292671,35.858,1.1923,1.0937,2.4124,2,0.8672,867,0,1000,0,999,1,252,16088750903732,16088768103962,17200,0,0,13593,17138,0,,,,253,0,999,0,0,0,24,0,0
255,scan,254,0,16088851376603,,16088851517813,16088853293781,35.908,1.1924,1.0936,2.4458,2,0.8628,862,0,1000,0,999,1,253,16088801113419,16088818573445,17460,0,0,13593,17149,0,,,,254,0,999,0,0,0,24,0,0
256,scan,255,0,16088901075922,,16088901192156,16088903293708,35.958,1.1925,1.0936,2.5137,2,0.8705,870,0,1000,0,999,1,254,16088851420449,16088868312882,16892,0,0,13593,17142,0,,,,255,0,999,0,0,0,24,0,0
257,scan,256,0,16088950972274,,16088951094495,16088953267983,36.008,1.1925,1.0935,2.5480,2,0.8838,883,0,1000,0,999,1,255,16088901113770,16088918561879,17448,0,0,13593,17147,0,,,,256,0,999,0,0,0,24,0,0
258,scan,257,0,16089001170013,,16089001292181,16089003180152,36.058,1.1926,1.0935,2.6160,2,0.8797,879,0,962,0,999,1,256,16088951014214,16088968188180,17173,0,0,13593,17144,0,,,,257,0,999,0,0,0,24,0,0
259,scan,258,0,16089051496737,,16089051659805,16089053186617,36.108,1.1927,1.0935,2.6497,2,0.9037,903,0,895,0,973,1,257,16089001208331,16089018342779,17134,0,0,13593,17153,0,,,,258,0,973,0,0,0,24,0,0
260,scan,259,0,16089101765625,,16089101937187,16089104243300,36.158,1.1927,1.0934,2.6834,2,0.9079,907,0,827,0,899,1,258,16089051554350,16089068093096,16538,0,0,13593,17135,0,,,,259,0,899,0,0,0,24,0,0
261,scan,260,0,16089151593693,,16089151738739,16089154099265,36.208,1.1928,1.0934,2.7504,2,0.9137,913,220,693,0,829,1,259,16089101824569,16089119129185,17304,0,0,13593,17149,0,,,,260,0,829,0,0,0,24,0,0
262,scan,261,0,16089201937038,,16089202059120,16089204258918,36.258,1.1929,1.0934,2.7826,2,0.9499,949,220,629,220,683,1,260,16089151644143,16089168299088,16654,0,0,13593,17119,0,,,,261,220,683,0,0,0,24,0,0
263,scan,262,0,16089251736978,,16089251989758,16089254239158,36.308,1.1919,1.0937,2.8408,2,0.9616,961,220,513,220,612,1,261,16089201983877,16089216257995,14274,0,0,13593,17123,0,,,,262,220,612,0,0,0,24,0,0
264,scan,263,0,16089302167972,,16089302307021,16089304332168,36.358,1.1897,1.0943,2.8729,2,0.9895,989,220,449,220,496,1,262,16089251786355,16089273850998,22064,0,0,13593,17241,0,,,,263,220,496,0,0,0,24,0,0
265,scan,264,0,16089351820627,,16089351961178,16089354131656,36.408,1.1820,1.0962,2.9505,2,0.5742,574,220,295,220,433,1,263,16089302218615,16089319640075,17421,0,0,13593,17267,0,,,,264,220,433,0,0,0,24,0,0
266,scan,265,0,16089402161840,,16089402358988,16089404354680,36.458,1.1764,1.0971,2.9889,2,0.5204,520,220,219,220,284,1,264,16089351870983,16089368522743,16651,0,0,13593,17279,0,,,,265,220,284,0,0,0,24,0,0
267,scan,266,0,16089451580831,,16089451749649,16089454054661,36.508,1.1635,1.0987,3.0463,2,0.5257,525,220,105,220,209,1,265,16089402230495,16089419738861,17508,0,0,13593,17327,0,,,,266,220,209,0,0,0,24,0,0
268,scan,267,0,16089501886144,,16089502027524,16089504277020,36.558,1.1563,1.0994,3.0580,2,0.5145,514,220,82,220,102,1,266,16089451621176,16089469221034,17599,0,0,13593,17322,0,,,,267,220,102,0,0,0,24,0,0
269,scan,268,0,16089551721319,,16089551840781,16089554044966,36.608,1.1414,1.1006,3.0553,2,0.5288,528,220,88,220,79,1,267,16089501934970,16089519411012,17476,0,0,13593,17319,0,,,,268,220,79,0,0,0,24,0,0
270,scan,269,0,16089601940006,,16089602071624,16089604309680,36.658,1.1339,1.1013,3.0537,2,0.5231,523,220,91,220,85,1,268,16089551759744,16089568196704,16436,0,0,13593,17274,0,,,,269,220,85,0,0,0,24,0,0
271,scan,270,0,16089652128908,,16089652246543,16089654141820,36.708,1.1190,1.1025,3.0646,2,0.5059,505,220,70,220,87,1,269,16089601985778,16089619513627,17527,0,0,13593,17281,0,,,,270,220,87,0,0,0,24,0,0
272,scan,271,0,16089702384951,,16089702527285,16089704186926,36.758,1.1116,1.1031,3.0711,2,0.5227,522,220,57,220,67,1,270,16089652167754,16089669381933,17214,0,0,13593,17276,0,,,,271,220,67,0,0,0,24,0,0
273,scan,272,0,16089752534736,,16089752657836,16089754175431,36.808,1.0967,1.1041,3.0747,2,0.4848,484,220,50,220,55,1,271,16089702441271,16089719831204,17389,0,0,13593,17271,0,,,,272,220,55,0,0,0,24,0,0
274,scan,273,0,16089802792831,,16089802942794,16089805072918,36.858,1.0892,1.1046,3.0744,2,0.5323,532,220,51,220,48,1,272,16089752577189,16089766956215,14379,0,0,13593,17196,0,,,,273,220,48,0,0,0,24,0,0
275,scan,274,0,16089852751038,,16089852909579,16089855137585,36.908,1.0743,1.1056,3.0782,2,0.5302,530,220,44,220,51,1,273,16089802842612,16089820127138,17284,0,0,13593,17195,0,,,,274,220,51,0,0,0,24,0,0
276,scan,275,0,16089902990805,,16089903119522,16089905192271,36.958,1.0668,1.1060,3.0814,2,0.5498,549,220,37,220,43,1,274,16089852791426,16089869802968,17011,0,0,13593,17172,0,,,,275,220,43,0,0,0,24,0,0
277,scan,276,0,16089952823283,,16089952955634,16089955104686,37.008,1.0594,1.1065,3.0838,2,0.9591,959,220,33,220,37,1,275,16089903035408,16089919962777,16927,0,0,13593,17158,0,,,,276,220,37,0,0,0,24,0,0
278,scan,277,0,16090002539723,,16090002662522,16090004304515,37.058,1.0444,1.1073,3.0855,2,0.9602,960,220,30,220,31,1,276,16089952871126,16089970510511,17639,0,0,13593,17141,0,,,,277,220,31,0,0,0,24,0,0
279,scan,278,0,16090052662167,,16090052802241,16090055067455,37.108,1.0370,1.1077,3.0862,2,0.9472,947,220,28,220,28,1,277,16090002581420,16090020148818,17567,0,0,13593,17134,0,,,,278,220,28,0,0,0,24,0,0
280,scan,279,0,16090102419668,,16090102541482,16090104223697,37.158,1.0220,1.1085,3.0889,2,0.9464,946,220,23,220,28,1,278,16090052712676,16090067178097,14465,0,0,13593,17062,0,,,,279,220,28,0,0,0,24,0,0
281,scan,280,0,16090152746281,,16090152879913,16090155057391,37.208,1.0146,1.1089,3.0902,2,0.9269,926,220,20,220,23,1,279,16090102462673,16090120304618,17841,0,0,13593,17065,0,,,,280,220,23,0,0,0,24,0,0
282,scan,281,0,16090202826504,,16090202961063,16090205065039,37.258,0.9996,1.1097,3.0917,2,0.9233,923,220,18,220,21,1,280,16090152794287,16090170196100,17401,0,0,13593,17075,0,,,,281,220,21,0,0,0,24,0,0
283,scan,282,0,16090252798785,,16090252932401,16090255148456,37.308,0.9921,1.1101,3.0922,2,0.9195,919,220,17,220,17,1,281,16090202877421,16090217238771,14361,0,0,13593,17075,0,,,,282,220,17,0,0,0,24,0,0
284,scan,283,0,16090302846748,,16090302981347,16090305114605,37.358,0.9772,1.1108,3.0937,2,0.8978,897,220,14,220,17,1,282,16090252845216,16090267233194,14387,0,0,13593,17011,0,,,,283,220,17,0,0,0,24,0,0
285,scan,284,0,16090352861480,,16090352991327,16090355104266,37.408,0.9697,1.1111,3.0944,2,0.8960,895,220,12,220,14,1,283,16090302894476,16090320218415,17323,0,0,13593,17008,0,,,,284,220,14,0,0,0,24,0,0
286,scan,285,0,16090402568903,,16090402688022,16090404228601,37.458,0.9548,1.1118,3.0954,2,0.8831,883,220,11,220,13,1,284,16090352906310,16090370303747,17397,0,0,13593,17009,0,,,,285,220,13,0,0,0,24,0,0
287,scan,286,0,16090452736748,,16090452870237,16090455238132,37.508,0.9473,1.1122,3.0958,2,0.8724,872,220,10,220,12,1,285,16090402608276,16090418866460,16258,0,0,13593,16980,0,,,,286,220,12,0,0,0,24,0,0
288,scan,287,0,16090503126169,,16090503268532,16090505182349,37.558,0.9323,1.1129,3.0966,2,0.8614,861,220,8,220,10,1,286,16090452782086,16090469176727,16394,0,0,13593,16964,0,,,,287,220,10,0,0,0,24,0,0
289,scan,288,0,16090552923160,,16090553071871,16090555141842,37.608,0.9249,1.1132,3.0970,2,0.8438,843,220,7,220,8,1,287,16090503177833,16090519787219,16609,0,0,13593,16938,0,,,,288,220,8,0,0,0,24,0,0
290,scan,289,0,16090603140454,,16090603270196,16090605276662,37.658,0.9099,1.1139,3.0978,2,0.8282,828,220,6,220,8,1,288,16090552983711,16090570519498,17535,0,0,13593,16949,0,,,,289,220,8,0,0,0,24,0,0
291,scan,290,0,16090653050770,,16090653201196,16090655177992,37.708,0.9024,1.1142,3.0980,2,0.8321,832,220,6,220,6,1,289,16090603183642,16090619912861,16729,0,0,13593,16933,0,,,,290,220,6,0,0,0,24,0,0
292,scan,291,0,16090703528523,,16090703659246,16090705206673,37.758,0.8875,1.1148,3.0984,2,0.8218,821,220,5,220,6,1,290,16090653103365,16090670899353,17795,0,0,13593,16960,0,,,,291,220,6,0,0,0,24,0,0
293,scan,292,0,16090753585673,,16090753708417,16090755253476,37.808,0.8800,1.1152,3.0986,2,0.8065,806,220,4,220,6,1,291,16090703568947,16090720237849,16668,0,0,13593,16933,0,,,,292,220,6,0,0,0,24,0,0
294,scan,293,0,16090803738932,,16090803878370,16090806123285,37.858,0.8726,1.1155,3.0989,2,0.7965,796,220,4,220,4,1,292,16090753629335,16090771401821,17772,0,0,13593,16948,0,,,,293,220,4,0,0,0,24,0,0
295,scan,294,0,16090853900869,,16090854026722,16090856171358,37.908,0.8576,1.1161,3.0993,2,0.7864,786,220,3,220,4,1,293,16090803785773,16090821271555,17485,0,0,13593,16948,0,,,,294,220,4,0,0,0,24,0,0
296,scan,295,0,16090904324266,,16090904528812,16090906229417,37.958,0.8502,1.1164,3.0995,2,0.7690,768,220,3,220,4,1,294,16090853944307,16090871202226,17257,0,0,13593,16957,0,,,,295,220,4,0,0,0,24,0,0
297,scan,296,0,16090953729018,,16090953859144,16090956169209,38.008,0.8352,1.1171,3.0997,2,0.7604,760,220,2,220,2,1,295,16090904394605,16090921712287,17317,0,0,13593,16954,0,,,,296,220,2,0,0,0,24,0,0
298,scan,297,0,16091003806911,,16091003944922,16091006069846,38.058,0.8278,1.1174,3.0998,2,0.7330,733,220,2,220,2,1,296,16090953774491,16090971141660,17367,0,0,13593,16959,0,,,,297,220,2,0,0,0,24,0,0
299,scan,298,0,16091053703709,,16091053832300,16091056132990,38.108,0.8128,1.1180,3.1000,2,0.7478,747,220,2,220,2,1,297,16091003855021,16091021457100,17602,0,0,13593,16971,0,,,,298,220,2,0,0,0,24,0,0
300,scan,299,0,16091103586797,,16091103733446,16091106068680,38.158,0.8054,1.1183,3.1001,2,0.7358,735,220,2,220,2,1,298,16091053748765,16091071054612,17305,0,0,13593,16990,0,,,,299,220,2,0,0,0,24,0,0
301,scan,300,0,16091153678511,,16091153805623,16091155200233,38.208,0.7904,1.1189,3.1002,2,0.7268,726,220,1,220,2,1,299,16091103632184,16091119818736,16186,0,0,13593,16962,0,,,,300,220,2,0,0,0,24,0,0
302,scan,301,0,16091204165721,,16091204318886,16091206230400,38.258,0.7829,1.1192,3.1002,2,0.7205,720,220,1,220,2,1,300,16091153720688,16091171185648,17464,0,0,13593,16982,0,,,,301,220,2,0,0,0,24,0,0
303,scan,302,0,16091253884462,,16091254013970,16091256244300,38.308,0.7680,1.1198,3.1004,2,0.6922,692,220,1,220,2,1,301,16091204225193,16091218607701,14382,0,0,13593,16985,0,,,,302,220,2,0,0,0,24,0,0
304,scan,303,0,16091303808602,,16091303930766,16091306082744,38.358,0.7605,1.1202,3.1005,2,0.6965,696,220,1,220,2,1,302,16091253934676,16091271108529,17173,0,0,13593,16863,0,,,,303,220,2,0,0,0,24,0,0
305,scan,304,0,16091353629326,,16091353767516,16091355169102,38.408,0.7456,1.1208,3.1006,2,0.6855,685,220,1,220,0,1,303,16091303850893,16091321094125,17243,0,0,13593,16858,0,,,,304,220,0,0,0,0,24,0,0
306,scan,305,0,16091403675378,,16091403801653,16091406114023,38.458,0.7381,1.1211,3.1007,2,0.6719,671,220,0,220,1,1,304,16091353684601,16091370997577,17312,0,0,13593,16875,0,,,,305,220,1,0,0,0,24,0,0
307,scan,306,0,16091453897037,,16091454054247,16091456205177,38.508,0.7231,1.1217,3.1008,2,0.6674,667,220,0,220,0,1,305,16091403719177,16091420624199,16905,0,0,13593,16860,0,,,,306,220,0,0,0,0,24,0,0
308,scan,307,0,16091503728101,,16091503862475,16091506039021,38.558,0.7157,1.1220,3.1008,2,0.6622,662,220,0,220,1,1,306,16091453940222,16091470578339,16638,0,0,13593,16836,0,,,,307,220,1,0,0,0,24,0,0
309,scan,308,0,16091554661648,,16091554811522,16091557060425,38.608,0.7007,1.1226,3.1008,2,0.6395,639,220,0,220,0,1,307,16091503775428,16091521664228,17888,0,0,13593,16846,0,,,,308,220,0,0,0,0,24,0,0
310,scan,309,0,16091604511774,,16091604641313,16091606213954,38.658,0.6932,1.1229,3.1008,2,0.6319,631,220,0,220,1,1,308,16091554709064,16091572152444,17443,0,0,13593,16871,0,,,,309,220,1,0,0,0,24,0,0
311,scan,310,0,16091654471630,,16091654591080,16091656763013,38.708,0.6858,1.1232,3.1009,2,0.6253,625,220,0,220,0,1,309,16091604559510,16091622462945,17903,0,0,13593,16880,0,,,,310,220,0,0,0,0,24,0,0
312,scan,311,0,16091704372849,,16091704515049,16091706191744,38.758,0.6708,1.1238,3.1009,2,0.6145,614,220,0,220,0,1,310,16091654516470,16091671964271,17447,0,0,13593,16886,0,,,,311,220,0,0,0,0,24,0,0
313,scan,312,0,16091754381825,,16091754516380,16091756269013,38.808,0.6633,1.1241,3.1009,2,0.6140,613,220,0,220,0,1,311,16091704421934,16091724383790,19961,0,0,13593,16950,0,,,,312,220,0,0,0,0,24,0,0
314,scan,313,0,16091804849602,,16091804978627,16091807152451,38.858,0.6484,1.1247,3.1009,2,0.5904,590,220,0,220,0,1,312,16091754427993,16091771891962,17463,0,0,13593,17028,0,,,,313,220,0,0,0,0,24,0,0
315,scan,314,0,16091854889073,,16091855044170,16091857326993,38.908,0.6409,1.1250,3.1009,2,0.5881,588,220,0,220,1,1,313,16091804896719,16091822235931,17339,0,0,13593,17029,0,,,,314,220,1,0,0,0,24,0,0
316,scan,315,0,16091904786917,,16091904912281,16091907047726,38.958,0.6260,1.1256,3.1009,2,0.5736,573,220,0,220,0,1,314,16091854937582,16091872311627,17374,0,0,13593,17038,0,,,,315,220,0,0,0,0,24,0,0
317,scan,316,0,16091954786093,,16091954913682,16091957109773,39.008,0.6185,1.1259,3.1009,2,0.5551,555,220,0,220,1,1,315,16091904830876,16091922265422,17434,0,0,13593,17051,0,,,,316,220,1,0,0,0,24,0,0
318,scan,317,0,16092004757215,,16092004886007,16092007045597,39.058,0.6036,1.1266,3.1010,2,0.5640,563,220,0,220,0,1,316,16091954831918,16091971999328,17167,0,0,13593,17039,0,,,,317,220,0,0,0,0,24,0,0
319,scan,318,0,16092054806760,,16092054946125,16092057161925,39.108,0.5961,1.1269,3.1010,2,0.5512,551,220,0,220,1,1,317,16092004801137,16092022271162,17470,0,0,13593,17036,0,,,,318,220,1,0,0,0,24,0,0
320,scan,319,0,16092104989639,,16092105114971,16092107198689,39.158,0.5811,1.1275,3.1011,2,0.5317,531,220,0,220,0,1,318,16092054855399,16092072390215,17534,0,0,13593,17113,0,,,,319,220,0,0,0,0,24,0,0
321,scan,320,0,16092154852307,,16092155018833,16092157298333,39.208,0.5737,1.1278,3.1011,2,0.5276,527,220,0,220,0,1,319,16092105032193,16092122518065,17485,0,0,13593,17104,0,,,,320,220,0,0,0,0,24,0,0
322,scan,321,0,16092204934924,,16092205060645,16092207128499,39.258,0.5587,1.1284,3.1011,2,0.5240,523,220,-1,220,0,1,320,16092154912508,16092172180550,17268,0,0,13593,17101,0,,,,321,220,0,0,0,0,24,0,0
323,scan,322,0,16092254772742,,16092254900156,16092257052481,39.308,0.5512,1.1287,3.1011,2,0.5169,516,220,-1,220,0,1,321,16092204982448,16092219502756,14520,0,0,13593,17105,0,,,,322,220,0,0,0,0,24,0,0
324,scan,323,0,16092305116884,,16092305318110,16092307176667,39.358,0.5363,1.1293,3.1011,2,0.4972,497,220,0,220,1,1,322,16092254818598,16092272197686,17379,0,0,13593,17180,0,,,,323,220,1,0,0,0,24,0,0
325,scan,324,0,16092354814972,,16092354964334,16092357085683,39.408,0.5288,1.1296,3.1011,2,0.4887,488,220,0,220,0,1,323,16092305184752,16092322577111,17392,0,0,13593,17182,0,,,,324,220,0,0,0,0,24,0,0
326,scan,325,0,16092404946419,,16092405079771,16092407238554,39.458,0.5139,1.1302,3.1012,2,0.4877,487,220,-1,220,1,1,324,16092354870351,16092372268067,17397,0,0,13593,17182,0,,,,325,220,1,0,0,0,24,0,0
327,scan,326,0,16092455022131,,16092455155001,16092457229792,39.508,0.5064,1.1305,3.1012,2,0.4798,479,220,-1,220,0,1,325,16092404988433,16092430357328,25368,0,0,13593,17409,0,,,,326,220,0,0,0,0,24,0,0
328,scan,327,0,16092505394745,,16092505533354,16092507400898,39.558,0.4989,1.1308,3.1012,2,0.4724,472,220,-1,220,0,1,326,16092455067749,16092469356398,14288,0,0,13593,17357,0,,,,327,220,0,0,0,0,24,0,0
329,scan,328,0,16092554949177,,16092555088191,16092557224195,39.608,0.4840,1.1314,3.1012,2,0.4431,443,220,-1,220,0,1,327,16092505444017,16092519880801,14436,0,0,13593,17302,0,,,,328,220,0,0,0,0,24,0,0
330,scan,329,0,16092605545241,,16092605695607,16092607190509,39.658,0.4765,1.1317,3.1012,2,0.4519,451,220,-1,220,0,1,328,16092554998285,16092569491350,14493,0,0,13593,17226,0,,,,329,220,0,0,0,0,24,0,0
331,scan,330,0,16092655533542,,16092655664310,16092657150443,39.708,0.4615,1.1323,3.1012,2,0.4372,437,220,-1,220,0,1,329,16092605592743,16092622890345,17297,0,0,13593,17240,0,,,,330,220,0,0,0,0,24,0,0
332,scan,331,0,16092705522267,,16092705682118,16092707135591,39.758,0.4541,1.1326,3.1012,2,0.4229,422,220,-1,220,0,1,330,16092655577826,16092672189057,16611,0,0,13593,17211,0,,,,331,220,0,0,0,0,24,0,0
333,scan,332,0,16092755134626,,16092755251871,16092757166167,39.808,0.4391,1.1332,3.1012,2,0.4137,413,220,-1,220,1,1,331,16092705569149,16092723000374,17431,0,0,13593,17230,0,,,,332,220,1,0,0,0,24,0,0
334,scan,333,0,16092805400172,,16092805561985,16092808102638,39.858,0.4316,1.1335,3.1012,2,0.4117,411,220,-1,220,0,1,332,16092755174801,16092772286974,17112,0,0,13593,17213,0,,,,333,220,0,0,0,0,24,0,0
335,scan,334,0,16092855409962,,16092855535963,16092857148029,39.908,0.4167,1.1341,3.1012,2,0.4070,407,220,-1,220,1,1,333,16092805449925,16092822954161,17504,0,0,13593,17214,0,,,,334,220,1,0,0,0,24,0,0
336,scan,335,0,16092905662220,,16092905798400,16092907223684,39.958,0.4092,1.1344,3.1012,2,0.3978,397,220,-1,220,0,1,334,16092855453385,16092872404879,16951,0,0,13593,17206,0,,,,335,220,0,0,1,0,24,0,0
337,scan,336,0,16092955399481,,16092955538155,16092957256217,40.008,0.3943,1.1350,3.1012,2,0.3659,365,220,-1,220,0,1,335,16092905711826,16092923353401,17641,0,0,13593,17214,0,,,,336,220,0,0,1,0,24,0,0
338,scan,337,0,16093005597066,,16093005720579,16093007155889,40.058,0.3868,1.1353,3.1013,2,0.3670,366,220,-1,220,0,1,336,16092955444707,16092970258581,14813,0,0,13593,17150,0,,,,337,220,0,0,1,0,24,0,0
339,scan,338,0,16093055748348,,16093055887608,16093058119829,40.108,0.3719,1.1359,3.1012,2,0.3719,371,220,-1,220,0,1,337,16093005639769,16093022725472,17085,0,0,13593,17138,0,,,,338,220,0,0,1,0,24,0,0
340,scan,339,0,16093105919340,,16093106047466,16093108331602,40.158,0.3644,1.1362,3.1012,2,0.3718,371,220,-1,220,0,1,338,16093055793886,16093073333518,17539,0,0,13593,17143,0,,,,339,220,0,0,1,0,24,0,0
341,scan,340,0,16093156131592,,16093156265325,16093158247601,40.208,0.3494,1.1368,3.1012,2,0.3574,357,220,-1,220,0,1,339,16093105963763,16093123744642,17780,0,0,13593,17183,0,,,,340,220,0,0,1,0,24,0,0
342,scan,341,0,16093206091158,,16093206213591,16093208631053,40.258,0.3420,1.1371,3.1013,2,0.3470,347,220,-1,220,0,1,340,16093156177460,16093173567434,17389,0,0,13593,17181,0,,,,341,220,0,0,1,0,24,0,0
343,scan,342,0,16093255805703,,16093255954962,16093258088515,40.308,0.3270,1.1377,3.1012,2,0.3421,342,220,-1,220,0,1,341,16093206140798,16093221970742,15829,0,0,13593,17218,0,,,,342,220,0,0,1,0,24,0,0
344,scan,343,0,16093305711532,,16093305835616,16093308200960,40.358,0.3195,1.1380,3.1012,2,0.3368,336,220,-1,220,0,1,342,16093255843604,16093296034486,40190,0,0,13593,17793,0,,,,343,220,0,0,1,0,24,0,0
345,scan,344,0,16093355781640,,16093355904524,16093358130211,40.408,0.3121,1.1383,3.1012,2,0.3370,337,220,-1,220,0,1,342,,,,1,1,13593,17807,0,,,,344,220,0,0,1,0,24,0,0
346,scan,345,0,16093405772267,,16093405897805,16093408089030,40.458,0.2971,1.1389,3.1012,2,0.3204,320,220,-1,220,0,1,342,,,,1,1,13593,17820,0,,,,345,220,0,0,1,0,24,0,0
347,scan,346,0,16093456205384,,16093456330899,16093458254099,40.508,0.2896,1.1392,3.1012,2,0.3196,319,220,-1,220,0,1,342,,,,1,1,13593,17845,0,,,,346,220,0,0,1,0,24,0,0
348,scan,347,0,16093505816161,,16093505966293,16093508129792,40.558,0.2747,1.1398,3.1012,2,0.3125,312,220,-1,220,0,1,345,16093405815098,16093472698985,66883,0,1,13593,19203,0,,,,347,220,0,0,1,0,24,0,0
349,scan,348,0,16093555799549,,16093555932452,16093558136629,40.608,0.2672,1.1401,3.1012,2,0.3151,315,220,-1,220,0,1,346,16093456249039,16093528115306,71866,0,1,13593,20662,0,,,,348,220,0,0,1,0,24,0,0
350,scan,349,0,16093605916693,,16093606077935,16093608245224,40.658,0.2523,1.1407,3.1012,2,0.3041,304,220,-1,220,0,1,346,,,,1,1,13593,20751,0,,,,349,220,0,0,1,0,24,0,0
351,scan,350,0,16093656207093,,16093656339559,16093658163710,40.708,0.2448,1.1410,3.1012,2,0.2957,295,220,-1,220,0,1,348,16093555844784,16093621325790,65481,0,1,13593,22073,0,,,,350,220,0,0,1,0,24,0,0
352,scan,351,0,16093706151355,,16093706313435,16093708333806,40.758,0.2299,1.1416,3.1012,2,0.3114,311,220,-1,220,0,1,349,16093605961633,16093679653300,73691,0,1,13593,23635,0,,,,351,220,0,0,1,0,24,0,0
353,scan,352,0,16093756652726,,16093756781635,16093758122267,40.808,0.2224,1.1419,3.1012,2,0.3018,301,220,-1,220,0,1,350,16093656253657,16093732899847,76646,0,1,13593,25210,0,,,,352,220,0,0,1,0,24,0,0
354,scan,353,0,16093806697350,,16093806824273,16093808202731,40.858,0.2074,1.1426,3.1012,2,0.3065,306,220,-1,220,1,1,351,16093706211798,16093802421345,96209,0,1,13593,27397,0,,,,353,220,1,0,1,0,24,0,0
355,scan,354,0,16093856777551,,16093856903914,16093859144940,40.908,0.2000,1.1429,3.1012,2,0.3070,307,220,-1,220,1,1,351,,,,1,1,13593,27684,0,,,,354,220,1,0,1,0,24,0,0
356,scan,355,0,16093906578601,,16093906713313,16093908316684,40.958,0.1850,1.1435,3.1013,2,0.3022,302,220,-1,220,0,1,352,16093756697467,16093857091952,100394,0,1,13593,30056,0,,,,355,220,0,0,1,0,24,0,0
357,scan,356,0,16093957270011,,16093957418246,16093959282530,41.008,0.1775,1.1438,3.1013,2,0.3068,306,220,-1,220,0,1,354,16093856822092,16093956544507,99722,0,1,13593,32407,0,,,,356,220,0,0,1,0,24,0,0
358,scan,357,0,16094007101254,,16094007228217,16094009244996,41.058,0.1626,1.1444,3.1014,2,0.3166,316,220,-1,220,0,1,354,,,,1,1,13593,32856,0,,,,357,220,0,0,1,0,24,0,0
359,scan,358,0,16094057468657,,16094057612929,16094059322798,41.108,0.1551,1.1447,3.1014,2,0.3136,313,220,-1,220,0,1,355,16093906626862,16094053956537,147329,0,1,13593,36675,1,16094057585579,,,358,220,0,0,1,0,24,0,0
360,scan,359,0,16094107659991,,16094107802231,16094110087929,41.158,0.1402,1.1453,3.1013,2,0.3271,327,220,-1,220,1,1,356,16093957317605,16094082074056,124756,0,1,13593,39829,1,,,,359,220,1,0,1,0,24,0,0
361,flag,359,1,,16094156293937,16094156367319,16094158287622,41.158,0.1402,1.1453,3.1013,2,0.3271,327,220,-1,220,1,1,356,,,,,,,,,,1,1790091202382580959,359,139,-1,1,1,34,25,0,0
362,scan,360,1,16094157596323,,16094157713104,16094159113154,41.208,0.1327,1.1456,3.1013,2,0.3226,322,220,-1,220,0,1,357,16094007144577,16094137021925,129877,0,1,13593,43134,1,,,,360,134,-1,1,1,0,25,0,0
363,scan,361,1,16094207687504,,16094207799523,16094210134819,41.258,0.1252,1.1459,3.1014,2,1.0223,1022,220,-1,220,1,1,358,16094057519606,16094188665484,131145,0,1,13593,46484,1,,,,361,220,-1,1,0,0,25,0,0
364,scan,362,1,16094257362938,,16094257493988,16094259131919,41.308,0.1137,1.1463,3.1078,2,1.0393,1039,220,-14,220,1,1,358,,,,1,1,13593,47452,1,,,,362,220,-14,1,0,0,25,0,0
365,scan,363,1,16094307481796,,16094307616389,16094309142448,41.358,0.1074,1.1465,3.1166,2,1.0115,1011,220,-32,220,1,1,358,,,,1,1,13593,48392,1,,,,363,220,-32,1,0,0,25,0,0
366,scan,364,1,16094357199127,,16094357330913,16094359214442,41.408,0.0927,1.1467,3.1284,2,1.0076,1007,220,-56,220,1,1,358,,,,1,1,13593,49392,1,,,,364,220,-56,1,0,0,25,0,0
367,scan,365,1,16094407142137,,16094407272028,16094409177595,41.458,0.0853,1.1469,3.1243,2,1.0031,1003,220,-48,220,1,1,358,,,,1,1,13593,50459,1,,,,365,220,-48,1,0,0,25,0,0
368,scan,366,1,16094457538723,,16094457680630,16094459159014,41.508,0.0703,1.1472,3.1106,2,0.9953,995,220,-21,220,1,1,358,,,,1,1,13593,51324,1,,,,366,220,-21,1,0,0,25,0,0
369,scan,367,1,16094507402743,,16094507547033,16094509278902,41.558,0.0628,1.1475,3.1094,2,0.9767,976,220,-19,220,1,1,358,,,,1,1,13593,52646,1,,,,367,220,-19,1,0,0,25,0,0
370,scan,368,1,16094557677244,,16094557802249,16094560187742,41.608,0.0479,1.1479,3.1142,2,0.9712,971,220,-29,220,1,1,358,,,,1,1,13593,54062,1,,,,368,220,-29,1,0,0,25,0,0
371,scan,369,1,16094607806153,,16094607981645,16094610370247,41.658,0.0404,1.1481,3.1146,2,0.9671,967,220,-30,220,1,1,358,,,,1,1,13593,55584,1,,,,369,220,-30,1,0,0,25,0,0
372,scan,370,1,16094657784706,,16094657890670,16094660194986,41.708,0.0254,1.1486,3.1092,2,0.9661,966,220,-19,220,0,1,361,16094207735150,16094657190588,449455,0,1,13593,72205,1,,,,370,220,-19,1,0,0,25,0,0
373,scan,371,1,16094708141725,,16094708269664,16094710313195,41.758,0.0179,1.1488,3.1069,2,0.9542,954,220,-15,220,-17,1,367,16094507459199,16094681849891,174390,0,1,13593,78273,1,,,,371,220,-15,1,0,0,25,0,0
374,scan,372,1,16094757862032,,16094757992185,16094760249894,41.808,0.0030,1.1493,3.1071,2,0.9330,932,220,-15,220,-17,1,367,,,,1,1,13593,80707,1,,,,372,220,-15,1,0,0,25,0,0
375,scan,373,1,16094807735431,,16094807861179,16094810173533,41.858,-0.0045,1.1496,3.1078,2,0.9374,937,220,-17,220,-28,1,369,16094607864209,16094799754046,191889,0,1,13593,87698,1,,,,373,220,-17,1,0,0,25,0,0
376,scan,374,1,16094857693717,,16094857809474,16094859233749,41.908,-0.0194,1.1501,3.1064,2,0.9294,929,220,-14,220,-16,1,370,16094657824579,16094857279457,199454,0,1,13593,94976,1,,,,374,220,-14,1,0,0,25,0,0
377,scan,375,1,16094908262047,,16094908412488,16094910130040,41.958,-0.0269,1.1504,3.1050,2,0.9210,920,220,-11,220,-16,1,370,,,,1,1,13593,98227,1,,,,375,220,-11,1,0,0,25,0,0
378,scan,376,1,16094958789097,,16094959057712,16094961250618,42.008,-0.0419,1.1509,3.1038,2,0.9222,922,220,-9,220,-16,1,370,,,,1,1,13593,101731,1,,,,376,220,-9,1,0,0,25,0,0
379,scan,377,1,16095008346183,,16095008471627,16095010156359,42.058,-0.0493,1.1512,3.1040,2,0.9104,910,220,-10,220,-14,1,372,16094757907295,16094966904617,208997,0,1,13593,110174,1,,,,377,220,-10,1,0,0,25,0,0
380,scan,378,1,16095058366662,,16095058580122,16095060475298,42.108,-0.0568,1.1515,3.1042,2,0.8986,898,220,-10,220,-14,1,372,,,,1,1,13593,114405,1,,,,378,220,-10,1,0,0,25,0,0
381,scan,379,1,16095107779340,,16095107901997,16095110133845,42.158,-0.0718,1.1520,3.1032,2,0.8878,887,220,-8,220,-12,1,374,16094857736031,16095077379479,219643,0,1,13593,123592,1,,,,379,220,-8,1,0,0,25,0,0
382,scan,380,1,16095157788837,,16095157915397,16095160218057,42.208,-0.0792,1.1523,3.1025,2,0.8895,889,220,-7,220,-12,1,374,,,,1,1,13593,128630,1,,,,380,220,-7,1,0,0,25,0,0
383,scan,381,1,16095207821554,,16095207953915,16095210299056,42.258,-0.0942,1.1529,3.1020,2,0.8846,884,220,-6,220,-12,1,374,,,,1,1,13593,134192,1,,,,381,220,-6,1,0,0,25,0,0
384,scan,382,1,16095258748516,,16095258875594,16095261140145,42.308,-0.1017,1.1532,3.1020,2,0.8740,874,220,-6,220,-8,1,376,16094958875808,16095217816770,258940,0,1,13593,146348,1,,,,382,220,-6,1,0,0,25,0,0
385,scan,383,1,16095308844149,,16095308983847,16095311164440,42.358,-0.1166,1.1538,3.1017,2,0.8842,884,220,-5,220,-8,1,377,16095008388266,16095268045824,259657,0,1,13593,157321,1,,,,383,220,-5,1,0,0,25,0,0
386,scan,384,1,16095358586000,,16095358740773,16095360249813,42.408,-0.1241,1.1541,3.1014,2,0.8721,872,220,-5,220,-9,1,378,16095058439527,16095316247934,257808,0,1,13593,162106,1,,,,384,220,-5,1,0,0,25,0,0
387,scan,385,1,16095408424366,,16095408583473,16095410177772,42.458,-0.1390,1.1547,3.1008,2,0.8610,861,220,-4,220,-6,1,379,16095107822856,16095387088844,279265,0,1,13593,167432,1,,,,385,220,-4,1,0,0,25,0,0
388,scan,386,1,16095459012840,,16095459161988,16095461242949,42.508,-0.1465,1.1550,3.1008,2,0.8582,858,220,-4,220,-7,1,380,16095157834598,16095425252018,267417,0,1,13593,171779,1,,,,386,220,-4,1,0,0,25,0,0
389,scan,387,1,16095508675170,,16095508794821,16095511078606,42.558,-0.1615,1.1556,3.1006,2,0.8658,865,220,-3,220,-4,1,381,16095207867696,16095493932405,286064,0,1,13593,181308,1,,,,387,220,-3,1,0,0,25,0,0
390,scan,388,1,16095558773532,,16095558909925,16095561055297,42.608,-0.1689,1.1559,3.1005,2,0.8488,848,220,-3,220,-5,1,382,16095258792010,16095543140638,284348,0,1,13593,190547,1,,,,388,220,-3,1,0,0,25,0,0
391,scan,389,1,16095608581705,,16095608705324,16095610283437,42.658,-0.1839,1.1566,3.1001,2,0.8700,870,220,-3,220,-4,1,383,16095308892443,16095595433012,286540,0,1,13593,194547,1,,,,389,220,-3,1,0,0,25,0,0
392,scan,390,1,16095658800367,,16095658922602,16095661089356,42.708,-0.1914,1.1569,3.1001,2,0.8433,843,220,-2,220,-3,1,384,16095358631911,16095645052069,286420,0,1,13593,203752,1,,,,390,220,-2,1,0,0,25,0,0
393,scan,391,1,16095708869892,,16095708998293,16095711134842,42.758,-0.2063,1.1575,3.1000,2,0.8756,875,220,-2,220,-3,1,384,,,,1,1,13593,209407,1,,,,391,220,-2,1,0,0,25,0,0
394,scan,392,1,16095758732028,,16095758876683,16095761208255,42.808,-0.2138,1.1578,3.0999,2,0.8697,869,220,-2,220,-2,1,385,16095408473695,16095717946866,309473,0,1,13593,219530,1,,,,392,220,-2,1,0,0,25,0,0
395,scan,393,1,16095809347455,,16095809641592,16095811206434,42.858,-0.2287,1.1584,3.0997,2,0.8762,876,220,-2,220,-3,1,386,16095459059185,16095777718532,318659,0,1,13593,229202,1,,,,393,220,-2,1,0,0,25,0,0
396,scan,394,1,16095858996003,,16095859153860,16095861220448,42.908,-0.2362,1.1587,3.0996,2,0.8885,888,220,-2,220,-2,1,387,16095508715235,16095828618490,319903,0,1,13593,232981,1,,,,394,220,-2,1,0,0,25,0,0
397,scan,395,1,16095909016945,,16095909142255,16095911207838,42.958,-0.2437,1.1591,3.0996,2,0.8723,872,220,-2,220,-1,1,388,16095558821640,16095905973719,347152,0,1,13593,243263,1,,,,395,220,-2,1,0,0,25,0,0
398,scan,396,1,16095958736190,,16095958854403,16095961053660,43.008,-0.2586,1.1597,3.0995,2,1.0436,1043,220,-1,220,0,1,389,16095608622404,16095942787360,334164,0,1,13593,253031,1,,,,396,220,-1,1,0,0,25,0,0
399,scan,397,1,16096008855286,,16096008980989,16096011146637,43.058,-0.2661,1.1600,3.0994,2,1.0300,1030,220,-1,220,-1,1,390,16095658844474,16095980669302,321824,0,1,13593,255783,1,,,,397,220,-1,1,0,0,25,0,0
400,scan,398,1,16096059125846,,16096059267784,16096061264127,43.108,-0.2810,1.1606,3.0993,2,1.0156,1015,220,-1,220,-2,1,391,16095708913597,16096055865868,346952,0,1,13593,263768,1,,,,398,220,-1,1,0,0,25,0,0
401,scan,399,1,16096109237127,,16096109405865,16096111232951,43.158,-0.2885,1.1610,3.0993,2,1.0281,1028,220,-1,220,-2,1,391,,,,1,1,13593,269560,1,,,,399,220,-1,1,0,0,25,0,0
402,scan,400,1,16096159167417,,16096159301969,16096161245379,43.208,-0.3035,1.1616,3.0992,2,1.0149,1014,220,-1,220,-1,1,392,16095758780871,16096109632261,350851,0,1,13593,278767,1,,,,400,220,-1,1,0,0,25,0,0
403,scan,401,1,16096209086617,,16096209204135,16096211240600,43.258,-0.3109,1.1619,3.0992,2,1.0339,1033,220,-1,220,-1,1,394,16095859046215,16096206064853,347018,0,1,13593,287762,1,,,,401,220,-1,1,0,0,25,0,0
404,scan,402,1,16096259016800,,16096259131296,16096261530314,43.308,-0.3259,1.1625,3.0991,2,1.0328,1032,220,-1,220,-1,1,395,16095909063002,16096258632851,349569,0,1,13593,290234,1,,,,402,220,-1,1,0,0,25,0,0
405,scan,403,1,16096309549736,,16096309670366,16096311136011,43.358,-0.3334,1.1629,3.0991,2,1.0348,1034,220,-1,220,1,1,396,16095958777258,16096303608064,344830,0,1,13593,292334,1,,,,403,220,-1,1,0,0,25,0,0
406,scan,404,1,16096359079887,,16096359201513,16096361390357,43.408,-0.3483,1.1635,3.0990,2,1.0403,1040,220,-1,220,1,1,396,,,,1,1,13593,292334,1,,,,404,220,-1,1,0,0,25,0,0
407,scan,405,1,16096409255350,,16096409387067,16096411343852,43.458,-0.3558,1.1638,3.0990,2,1.0309,1030,220,0,220,2,1,398,16096059177959,16096401003622,341825,0,1,13593,294167,1,,,,405,220,0,1,0,0,25,0,0
408,scan,406,1,16096459065452,,16096459188454,16096461140440,43.508,-0.3707,1.1644,3.0989,2,1.0254,1025,220,0,220,1,1,399,16096109300010,16096448177286,338877,0,1,13593,295764,1,,,,406,220,0,1,0,0,25,0,0
409,scan,407,1,16096509339765,,16096509494498,16096511162042,43.558,-0.3782,1.1648,3.0989,2,1.0527,1052,220,0,220,2,1,400,16096159214946,16096498122464,338907,0,1,13593,297251,1,,,,407,220,0,1,0,0,25,0,0
410,scan,408,1,16096559980703,,16096560146675,16096563056128,43.608,-0.3931,1.1654,3.0989,2,1.0338,1033,220,0,220,1,1,401,16096209130222,16096544929962,335799,0,1,13593,298536,1,,,,408,220,0,1,0,0,25,0,0
411,scan,409,1,16096609663728,,16096609800676,16096612122904,43.658,-0.4006,1.1657,3.0990,2,1.0199,1019,220,0,220,1,1,401,,,,1,1,13593,298536,1,,,,409,220,0,1,0,0,25,0,0
412,scan,410,1,16096659714562,,16096659839155,16096662228501,43.708,-0.4156,1.1664,3.0989,2,1.0381,1038,220,0,220,2,1,402,16096259057724,16096618506435,359448,0,1,13593,295536,1,,,,410,220,0,1,0,0,25,0,0
413,scan,411,1,16096709898098,,16096710023427,16096712124736,43.758,-0.4230,1.1667,3.0989,2,1.0362,1036,220,0,220,2,1,402,,,,1,1,13593,299714,1,,,,411,220,0,1,0,0,25,0,0
414,scan,412,1,16096759998545,,16096760228805,16096762207388,43.808,-0.4305,1.1670,3.0989,2,1.0353,1035,220,0,220,0,1,404,16096359122957,16096711210731,352087,0,1,13593,301459,1,,,,412,220,0,1,0,0,25,0,0
415,scan,413,1,16096809830825,,16096810021704,16096812314246,43.858,-0.4455,1.1676,3.0989,2,1.0185,1018,220,0,220,1,1,405,16096409303518,16096777792583,368489,0,1,13593,307346,1,,,,413,220,0,1,0,0,25,0,0
416,scan,414,1,16096859830934,,16096859987130,16096862230947,43.908,-0.4529,1.1680,3.0989,2,1.0201,1020,220,0,220,0,1,406,16096459105356,16096811376674,352271,0,1,13593,312440,1,,,,414,220,0,1,0,0,25,0,0
417,scan,415,1,16096910047183,,16096910192566,16096912336192,43.958,-0.4679,1.1686,3.0989,2,1.0148,1014,220,0,220,1,1,407,16096509400931,16096878864144,369463,0,1,13593,314279,1,,,,415,220,0,1,0,0,25,0,0
418,scan,416,1,16096960246040,,16096960369420,16096962255112,44.008,-0.4753,1.1689,3.0989,2,1.0314,1031,220,0,220,1,1,409,16096609715199,16096959567193,349851,0,1,13593,315391,1,,,,416,220,0,1,0,0,25,0,0
419,scan,417,1,16097010414366,,16097010556349,16097012211634,44.058,-0.4903,1.1696,3.0989,2,1.0344,1034,220,0,220,1,1,409,,,,1,1,13593,318823,1,,,,417,220,0,1,0,0,25,0,0
420,scan,418,1,16097060038345,,16097060163159,16097062170770,44.108,-0.4978,1.1699,3.0989,2,1.0394,1039,220,0,220,2,1,411,16096709941376,16097058176616,348235,0,1,13593,319742,1,,,,418,220,0,1,0,0,25,0,0
421,scan,419,1,16097110217213,,16097110347249,16097112589048,44.158,-0.5127,1.1705,3.0989,2,1.0274,1027,220,0,220,1,1,412,16096760096726,16097100920211,340823,0,1,13593,323529,1,,,,419,220,0,1,0,0,25,0,0
422,scan,420,1,16097160172163,,16097160301462,16097162171119,44.208,-0.5202,1.1708,3.0989,2,1.0096,1009,220,0,220,1,1,412,,,,1,1,13593,323529,1,,,,420,220,0,1,0,0,25,0,0
423,scan,421,1,16097210035666,,16097210161631,16097212284083,44.258,-0.5351,1.1715,3.0989,2,1.0213,1021,220,0,220,1,1,414,16096859897578,16097206904117,347006,0,1,13593,324240,1,,,,421,220,0,1,0,0,25,0,0
424,scan,422,1,16097260362771,,16097260536006,16097262168427,44.308,-0.5426,1.1718,3.0989,2,1.0158,1015,220,0,220,2,1,415,16096910097663,16097254608990,344511,0,1,13593,326834,1,,,,422,220,0,1,0,0,25,0,0
425,scan,423,1,16097309956814,,16097310095043,16097312188824,44.358,-0.5576,1.1724,3.0989,2,1.0314,1031,220,0,220,1,1,416,16096960292979,16097301758927,341465,0,1,13593,329313,1,,,,423,220,0,1,0,0,25,0,0
426,scan,424,1,16097360105017,,16097360224663,16097362260533,44.408,-0.5650,1.1727,3.0989,2,1.0235,1023,220,0,220,2,1,417,16097010472046,16097355718690,345246,0,1,13593,331962,1,,,,424,220,0,1,0,0,25,0,0
427,scan,425,1,16097410192570,,16097410331108,16097412282546,44.458,-0.5800,1.1734,3.0989,2,1.0121,1012,220,0,220,1,1,418,16097060087198,16097398629933,338542,0,1,13593,333758,1,,,,425,220,0,1,0,0,25,0,0
428,scan,426,1,16097460516773,,16097460647616,16097462161633,44.508,-0.5874,1.1737,3.0989,2,1.0168,1016,220,0,220,2,1,419,16097110265167,16097456248710,345983,0,1,13593,336139,1,,,,426,220,0,1,0,0,25,0,0
429,scan,427,1,16097511026625,,16097511162639,16097513211072,44.558,-0.6024,1.1743,3.0989,2,1.0252,1025,220,-1,220,2,1,419,,,,1,1,13593,337704,1,,,,427,220,-1,1,0,0,25,0,0
430,scan,428,1,16097560785366,,16097560925506,16097563080259,44.608,-0.6099,1.1747,3.0989,2,1.0091,1009,220,-1,220,0,1,421,16097210082422,16097554582193,344499,0,1,13593,339584,1,,,,428,220,-1,1,0,0,25,0,0
431,scan,429,1,16097610865432,,16097610991737,16097613308259,44.658,-0.6173,1.1750,3.0989,2,1.0336,1033,220,-1,220,2,1,422,16097260426998,16097604136952,343709,0,1,13593,341370,1,,,,429,220,-1,1,0,0,25,0,0
432,scan,430,1,16097660733128,,16097660876174,16097663048251,44.708,-0.6323,1.1756,3.0988,2,1.0081,1008,220,0,220,2,1,422,,,,1,1,13593,343143,1,,,,430,220,0,1,0,0,25,0,0
433,scan,431,1,16097711082355,,16097711263456,16097713176482,44.758,-0.6398,1.1759,3.0988,2,1.0212,1021,220,0,220,2,1,424,16097360148578,16097708460403,348311,0,1,13593,343304,1,,,,431,220,0,1,0,0,25,0,0
434,scan,432,1,16097760975448,,16097761120270,16097763149342,44.808,-0.6547,1.1766,3.0988,2,1.0145,1014,220,0,220,2,1,424,,,,1,1,13593,344396,1,,,,432,220,0,1,0,0,25,0,0
435,scan,433,1,16097810737721,,16097810867451,16097813064598,44.858,-0.6622,1.1769,3.0988,2,1.0074,1007,220,0,220,2,1,424,,,,1,1,13593,345254,1,,,,433,220,0,1,0,0,25,0,0
436,scan,434,1,16097860730068,,16097860848224,16097862206540,44.908,-0.6771,1.1775,3.0988,2,1.0150,1015,220,0,220,2,1,426,16097460566718,16097829872273,369305,0,1,13593,346900,1,,,,434,220,0,1,0,0,25,0,0
437,scan,435,1,16097910899923,,16097911025819,16097913098930,44.958,-0.6846,1.1779,3.0988,2,1.0174,1017,220,0,220,2,1,426,,,,1,1,13593,346892,1,,,,435,220,0,1,0,0,25,0,0
438,scan,436,1,16097961041836,,16097961182052,16097963227379,45.008,-0.6995,1.1785,3.0988,2,1.0124,1012,220,0,220,2,1,426,,,,1,1,13593,347346,1,,,,436,220,0,1,0,0,25,0,0
439,scan,437,1,16098011022376,,16098011152428,16098013175452,45.058,-0.7070,1.1788,3.0988,2,1.0037,1003,220,0,220,2,1,426,,,,1,1,13593,348292,1,,,,437,220,0,1,0,0,25,0,0
440,scan,438,1,16098060737522,,16098060860139,16098063136335,45.108,-0.7220,1.1795,3.0988,2,1.0247,1024,220,0,220,2,1,430,16097660785979,16098046705697,385919,0,1,13593,349735,1,,,,438,220,0,1,0,0,25,0,0
441,scan,439,1,16098111123686,,16098111247930,16098113209074,45.158,-0.7294,1.1798,3.0988,2,1.0074,1007,220,0,220,2,1,430,,,,1,1,13593,349735,1,,,,439,220,0,1,0,0,25,0,0
442,scan,440,1,16098161219865,,16098161349666,16098163182621,45.208,-0.7444,1.1804,3.0988,2,1.0052,1005,220,0,220,2,1,432,16097761036234,16098117138268,356102,0,1,13593,349929,1,,,,440,220,0,1,0,0,25,0,0
443,scan,441,1,16098211203822,,16098211361351,16098213242670,45.258,-0.7519,1.1807,3.0988,2,0.9973,997,220,0,220,1,1,433,16097810785744,16098176795471,366009,0,1,13593,350633,1,,,,441,220,0,1,0,0,25,0,0
444,scan,442,1,16098261078871,,16098261207079,16098263294272,45.308,-0.7668,1.1814,3.0988,2,1.0164,1016,220,0,220,1,1,433,,,,1,1,13593,350674,1,,,,442,220,0,1,0,0,25,0,0
445,scan,443,1,16098311452301,,16098311581765,16098313186427,45.358,-0.7743,1.1817,3.0988,2,1.0083,1008,220,0,220,1,1,435,16097910943491,16098263202604,352259,0,1,13593,350959,1,,,,443,220,0,1,0,0,25,0,0
446,scan,444,1,16098361056379,,16098361184859,16098363155274,45.408,-0.7892,1.1823,3.0988,2,1.0106,1010,220,0,220,-1,1,436,16097961087087,16098325444178,364357,0,1,13593,351455,1,,,,444,220,0,1,0,0,25,0,0
447,scan,445,1,16098411152926,,16098411303957,16098413186627,45.458,-0.7967,1.1827,3.0988,2,0.9923,992,220,0,220,2,1,437,16098011068221,16098376843949,365775,0,1,13593,352343,1,,,,445,220,0,1,0,0,25,0,0
448,scan,446,1,16098461173950,,16098461295431,16098463306551,45.508,-0.8042,1.1830,3.0988,2,0.9911,991,220,0,220,2,1,439,16098111167046,16098460127044,348959,0,1,13593,352716,1,,,,446,220,0,1,0,0,25,0,0
449,scan,447,1,16098511781437,,16098511904514,16098514221950,45.558,-0.8191,1.1836,3.0988,2,0.9962,996,220,0,220,2,1,439,,,,1,1,13593,353247,1,,,,447,220,0,1,0,0,25,0,0
450,scan,448,1,16098561546051,,16098561681099,16098564430863,45.608,-0.8266,1.1839,3.0988,2,1.0055,1005,220,0,220,2,1,439,,,,1,1,13593,353945,1,,,,448,220,0,1,0,0,25,0,0
451,scan,449,1,16098611873031,,16098612086028,16098614148889,45.658,-0.8415,1.1846,3.0988,2,0.9922,992,220,0,220,-1,1,442,16098261123544,16098608082340,346958,0,1,13593,353676,1,,,,449,220,0,1,0,0,25,0,0
452,scan,450,1,16098661927268,,16098662073372,16098664134531,45.708,-0.8490,1.1849,3.0988,2,0.9924,992,220,0,220,2,1,443,16098311498416,16098659384165,347885,0,1,13593,353232,1,,,,450,220,0,1,0,0,25,0,0
453,scan,451,1,16098711783183,,16098711955907,16098714080280,45.758,-0.8640,1.1855,3.0988,2,0.9987,998,220,0,220,2,1,443,,,,1,1,13593,353232,1,,,,451,220,0,1,0,0,25,0,0
454,scan,452,1,16098761790321,,16098761927997,16098764131664,45.808,-0.8714,1.1859,3.0988,2,1.0027,1002,220,0,220,-1,1,444,16098361094152,16098755808270,394714,0,1,13593,354871,1,,,,452,220,0,1,0,0,25,0,0
455,scan,453,1,16098811817325,,16098811976725,16098814116133,45.858,-0.8864,1.1865,3.0988,2,0.9896,989,220,0,220,-1,1,444,,,,1,1,13593,354326,1,,,,453,220,0,1,0,0,25,0,0
456,scan,454,1,16098861708916,,16098861842472,16098864286577,45.908,-0.8938,1.1868,3.0988,2,1.0039,1003,220,0,220,1,1,446,16098461218945,16098813494118,352275,0,1,13593,354326,1,,,,454,220,0,1,0,0,25,0,0
457,scan,455,1,16098911545189,,16098911664507,16098913253723,45.958,-0.9088,1.1875,3.0988,2,1.0032,1003,220,-1,220,3,1,447,16098511825091,16098862378453,350553,0,1,13593,353570,1,,,,455,220,-1,1,0,0,25,0,0
458,scan,456,1,16098961826237,,16098961956754,16098964151745,46.008,-0.9163,1.1878,3.0988,2,1.0028,1002,220,-1,220,1,1,448,16098561592907,16098944969976,383377,0,1,13593,354911,1,,,,456,220,-1,1,0,0,25,0,0
459,scan,457,1,16099011724699,,16099011840007,16099014022921,46.058,-0.9312,1.1884,3.0988,2,1.0027,1002,220,0,220,1,1,450,16098661972108,16099009765763,347793,0,1,13593,354637,1,,,,457,220,0,1,0,0,25,0,0
460,scan,458,1,16099062023720,,16099062155755,16099064168894,46.108,-0.9387,1.1887,3.0987,2,1.0081,1008,220,0,220,1,1,450,,,,1,1,13593,354893,1,,,,458,220,0,1,0,0,25,0,0
461,scan,459,1,16099111778857,,16099111900251,16099114021611,46.158,-0.9536,1.1894,3.0987,2,1.0024,1002,220,0,220,2,1,452,16098761838477,16099099379100,337540,0,1,13593,354762,1,,,,459,220,0,1,0,0,25,0,0
462,scan,460,1,16099162012714,,16099162145547,16099164168608,46.208,-0.9611,1.1897,3.0987,2,1.0031,1003,220,0,220,2,1,452,,,,1,1,13593,354762,1,,,,460,220,0,1,0,0,25,0,0
463,scan,461,1,16099212759267,,16099213021436,16099215153804,46.258,-0.9760,1.1903,3.0987,2,0.9958,995,220,0,220,2,1,452,,,,1,1,13593,355085,1,,,,461,220,0,1,0,0,25,0,0
464,scan,462,1,16099262116892,,16099262254986,16099264312345,46.308,-0.9835,1.1907,3.0987,2,0.9757,975,220,0,220,2,1,452,,,,1,1,13593,355545,1,,,,462,220,0,1,0,0,25,0,0
465,scan,463,1,16099312144351,,16099312280549,16099314175783,46.358,-0.9910,1.1910,3.0987,2,0.9647,964,220,0,220,2,1,452,,,,1,1,13593,356185,1,,,,463,220,0,1,0,0,25,0,0
466,scan,464,1,16099362381356,,16099362503732,16099364281826,46.408,-1.0059,1.1916,3.0987,2,0.9609,960,220,0,220,2,1,452,,,,1,1,13593,356706,1,,,,464,220,0,1,0,0,25,0,0
467,scan,465,1,16099412553947,,16099412679499,16099414121374,46.458,-1.0134,1.1919,3.0987,2,0.9462,946,220,0,220,2,1,452,,,,1,1,13593,357614,1,,,,465,220,0,1,0,0,25,0,0
468,scan,466,1,16099462649861,,16099462791786,16099465090729,46.508,-1.0284,1.1926,3.0987,2,0.9355,935,220,-1,220,2,1,452,,,,1,1,13593,358226,1,,,,466,220,-1,1,0,0,25,0,0
469,scan,467,1,16099512654171,,16099512797999,16099515086819,46.558,-1.0358,1.1929,3.0987,2,0.9084,908,220,-1,220,-2,1,459,16099111819780,16099496263881,384444,0,1,13593,359537,1,,,,467,220,-1,1,0,0,25,0,0
470,scan,468,1,16099562563722,,16099562710061,16099565078047,46.608,-1.0508,1.1936,3.0986,3,0.9058,905,0,1000,220,-2,1,461,16099212843171,16099557971016,345127,0,1,13593,359569,1,,,,468,0,1000,1,0,0,25,0,0
471,scan,469,1,16099612565384,,16099612686536,16099614155561,46.658,-1.0583,1.1939,3.0986,3,0.9068,906,0,1000,220,-2,1,461,,,,1,1,13593,360403,1,,,,469,0,1000,1,0,0,25,0,0
472,scan,470,1,16099662741323,,16099662864330,16099665075475,46.708,-1.0697,1.1944,3.0967,3,0.8846,884,0,1000,220,1,1,463,16099312192939,16099651681255,339488,0,1,13593,359358,1,,,,470,0,1000,1,0,0,25,0,0
473,scan,471,1,16099712694192,,16099712816508,16099714243326,46.758,-1.0738,1.1946,3.0942,3,0.8854,885,0,1000,220,4,1,464,16099362423508,16099711614576,349191,0,1,13593,359402,1,,,,471,0,1000,1,0,0,25,0,0
474,scan,472,1,16099762632389,,16099762752032,16099764205194,46.808,-1.0789,1.1948,3.0911,3,0.8811,881,0,1000,220,4,1,464,,,,1,1,13593,359402,1,,,,472,0,1000,1,0,0,25,0,0
475,scan,473,1,16099812852439,,16099812980283,16099815140168,46.858,-1.0806,1.1949,3.0979,3,0.8829,882,0,1000,220,5,1,466,16099462699450,16099810585136,347885,0,1,13593,358853,1,,,,473,0,1000,1,0,0,25,0,0
476,scan,474,1,16099862808487,,16099862924872,16099865155236,46.908,-1.0823,1.1949,-3.1371,3,0.8843,884,0,1000,220,5,1,466,,,,1,1,13593,358330,1,,,,474,0,1000,1,0,0,25,0,0
477,scan,475,1,16099912863955,,16099913003006,16099915220652,46.958,-1.0822,1.1950,-3.0989,3,0.8823,882,0,1000,220,2,1,467,16099512706941,16099888736056,376029,0,1,13593,359173,1,,,,475,0,1000,1,0,0,25,0,0
478,scan,476,1,16099963595840,,16099963727856,16099965187600,47.008,-1.0821,1.1950,-3.0194,3,0.8704,870,0,1000,0,999,1,468,16099562614778,16099940119552,377504,0,1,13593,360006,1,,,,476,0,1000,1,0,0,25,0,0
479,scan,477,1,16100013132370,,16100013252391,16100015255298,47.058,-1.0820,1.1950,-2.9870,3,0.8852,885,0,1000,0,999,1,469,16099612612703,16099964733604,352120,0,1,13593,359664,1,,,,477,0,1000,1,0,0,25,0,0
480,scan,478,1,16100063680084,,16100063809373,16100066043747,47.108,-1.0819,1.1950,-2.9276,3,0.8850,884,0,1000,0,999,1,471,16099712738390,16100059332789,346594,0,1,13593,357954,1,,,,478,0,1000,1,0,0,25,0,0
481,scan,479,1,16100112794139,,16100112916977,16100115083083,47.158,-1.0819,1.1950,-2.8936,3,0.8918,891,0,1000,0,999,1,471,,,,1,1,13593,357954,1,,,,479,0,1000,1,0,0,25,0,0
482,scan,480,1,16100163358976,,16100163634184,16100165347816,47.208,-1.0818,1.1950,-2.8568,3,0.8815,881,0,1000,0,999,1,472,16099762676058,16100120810221,358134,0,1,13593,358042,1,,,,480,0,1000,1,0,0,25,0,0
483,scan,481,1,16100212749326,,16100212878557,16100215087509,47.258,-1.0817,1.1951,-2.7854,3,0.8805,880,0,1000,0,999,1,473,16099812895666,16100181858437,368962,0,1,13593,358171,1,,,,481,0,1000,1,0,0,25,0,0
484,scan,482,1,16100262892998,,16100263023969,16100265275467,47.308,-1.0817,1.1951,-2.7529,3,0.8861,886,0,1000,0,999,1,474,16099862846006,16100224491824,361645,0,1,13593,358315,1,,,,482,0,1000,1,0,0,25,0,0
485,scan,483,1,16100312886324,,16100313005441,16100315100088,47.358,-1.0816,1.1952,-2.6879,3,0.8838,883,0,1000,0,999,1,476,16099963637399,16100307923022,344285,0,1,13593,357983,1,,,,483,0,1000,1,0,0,25,0,0
486,scan,484,1,16100363048193,,16100363232113,16100365173883,47.408,-1.0815,1.1952,-2.6532,3,0.8854,885,0,1000,0,999,1,477,16100013174967,16100363147387,349972,0,1,13593,357384,1,,,,484,0,1000,1,0,0,25,0,0
487,scan,485,1,16100412813242,,16100412932925,16100415157514,47.458,-1.0814,1.1953,-2.5831,3,0.8808,880,0,1000,0,999,1,477,,,,1,1,13593,357019,1,,,,485,0,1000,1,0,0,25,0,0
488,scan,486,1,16100463311157,,16100463456602,16100466081783,47.508,-1.0814,1.1953,-2.5494,3,0.8832,883,0,1000,0,999,1,478,16100063721868,16100418125630,354403,0,1,13593,357256,1,,,,486,0,1000,1,0,0,25,0,0
489,scan,487,1,16100513364525,,16100513477319,16100515149611,47.558,-1.0813,1.1954,-2.4831,3,0.8775,877,0,1000,0,999,1,480,16100163456118,16100507284970,343828,0,1,13593,356696,1,,,,487,0,1000,1,0,0,25,0,0
490,scan,488,1,16100563710760,,16100563843402,16100566061548,47.608,-1.0812,1.1954,-2.4491,3,0.8803,880,0,1000,0,999,1,480,,,,1,1,13593,356696,1,,,,488,0,1000,1,0,0,25,0,0
491,scan,489,1,16100613860691,,16100614081151,16100616234569,47.658,-1.0812,1.1955,-2.3801,3,0.8676,867,0,1000,0,999,1,480,,,,1,1,13593,357119,1,,,,489,0,1000,1,0,0,25,0,0
492,scan,490,1,16100663825867,,16100663957424,16100666148199,47.708,-1.0811,1.1956,-2.3460,3,0.8824,882,0,1000,0,999,1,483,16100312929403,16100659847928,346918,0,1,13593,357077,1,,,,490,0,1000,1,0,0,25,0,0
493,scan,491,1,16100713902881,,16100714044291,16100716245364,47.758,-1.0810,1.1956,-2.2787,3,0.8739,873,0,1000,0,999,1,484,16100363106647,16100708561677,345455,0,1,13593,356593,1,,,,491,0,1000,1,0,0,25,0,0
494,scan,492,1,16100763726821,,16100763860888,16100766072430,47.808,-1.0810,1.1957,-2.2449,3,0.7908,790,0,1000,0,999,1,485,16100412852126,16100752529685,339677,0,1,13593,354300,1,,,,492,0,1000,1,0,0,25,0,0
495,scan,493,1,16100813786662,,16100813908946,16100816150523,47.858,-1.0809,1.1958,-2.1766,3,0.7408,740,0,1000,0,999,1,485,,,,1,1,13593,354300,1,,,,493,0,1000,1,0,0,25,0,0
496,scan,494,1,16100863755278,,16100863891481,16100866075741,47.908,-1.0809,1.1958,-2.1425,3,0.7322,732,0,1000,0,999,1,486,16100463363753,16100814481925,351118,0,1,13593,354252,1,,,,494,0,1000,1,0,0,25,0,0
497,scan,495,1,16100913815188,,16100913936909,16100916101237,47.958,-1.0809,1.1959,-2.0748,3,0.7117,711,0,909,0,999,1,487,16100513404799,16100882191627,368786,0,1,13593,355011,1,,,,495,0,909,1,0,0,25,0,0
498,scan,496,1,16100964152616,,16100964272813,16100966183963,48.008,-1.0809,1.1960,-2.0410,3,0.7174,717,0,841,0,999,1,489,16100613946157,16100959616532,345670,0,1,13593,353440,1,,,,496,0,841,1,0,0,25,0,0
499,scan,497,1,16101014414506,,16101014535531,16101016276511,48.058,-1.0808,1.1961,-2.0077,3,0.7157,715,220,774,0,999,1,489,,,,1,1,13593,353686,1,,,,497,220,774,1,0,0,25,0,0
500,scan,498,1,16101064360956,,16101064483169,16101066170513,48.108,-1.0808,1.1961,-1.9496,3,0.7196,719,220,658,0,999,1,491,16100713950294,16101058342825,344392,0,1,13593,353299,1,,,,498,220,658,1,0,0,25,0,0
501,scan,499,1,16101114075502,,16101114199546,16101116308438,48.158,-1.0812,1.1951,-1.9227,3,0.7229,722,220,605,0,999,1,491,,,,1,1,13593,353984,1,,,,499,220,605,1,0,0,25,0,0
502,scan,500,1,16101164206093,,16101164328877,16101166225831,48.208,-1.0830,1.1898,-1.8521,3,0.7127,712,220,465,0,999,1,493,16100813827708,16101160465685,346637,0,1,13593,353678,1,,,,500,220,465,1,0,0,25,0,0
503,scan,501,1,16101214087537,,16101214205792,16101216262867,48.258,-1.0841,1.1854,-1.8117,3,0.7021,702,220,385,0,997,1,494,16100863801151,16101209610451,345809,0,1,13593,353363,1,,,,501,220,385,1,0,0,25,0,0
504,scan,502,1,16101264131916,,16101264269207,16101266157752,48.308,-1.0866,1.1736,-1.7422,3,0.6953,695,220,247,0,997,1,494,,,,1,1,13593,353363,1,,,,502,220,247,1,0,0,25,0,0
505,scan,503,1,16101314401049,,16101314554657,16101316313919,48.358,-1.0877,1.1669,-1.7194,3,0.6870,686,220,202,0,844,1,496,16100964195418,16101313226782,349031,0,1,13593,353196,1,,,,503,220,202,1,0,0,25,0,0
506,scan,504,1,16101363940198,,16101364105052,16101366383558,48.408,-1.0897,1.1523,-1.7054,3,0.6686,668,220,175,218,772,1,497,16101014457188,16101361343465,346886,0,1,13593,352963,1,,,,504,220,175,1,0,0,25,0,0
507,scan,505,1,16101414294547,,16101414501928,16101416199550,48.458,-1.0907,1.1449,-1.7077,3,0.6672,667,220,181,218,772,1,497,,,,1,1,13593,352963,1,,,,505,220,181,1,0,0,25,0,0
508,scan,506,1,16101463988811,,16101464154798,16101466224342,48.508,-1.0927,1.1301,-1.6990,3,0.6613,661,220,164,218,772,1,497,,,,1,1,13593,352963,1,,,,506,220,164,1,0,0,25,0,0
509,scan,507,1,16101514071904,,16101514196364,16101516281168,48.558,-1.0936,1.1227,-1.6875,3,0.6496,649,220,142,218,772,1,497,,,,1,1,13593,351752,1,,,,507,220,142,1,0,0,25,0,0
510,scan,508,1,16101563899721,,16101564071186,16101566211650,48.608,-1.0952,1.1079,-1.6716,3,0.6407,640,220,111,218,772,1,497,,,,1,1,13593,352017,1,,,,508,220,111,1,0,0,25,0,0
511,scan,509,1,16101613971991,,16101614077712,16101616234365,48.658,-1.0960,1.1004,-1.6701,3,0.6361,636,220,108,220,237,1,502,16101264180251,16101611312237,347131,0,1,13593,351829,1,,,,509,220,108,1,0,0,25,0,0
512,scan,510,1,16101664167295,,16101664280601,16101666254767,48.708,-1.0974,1.0856,-1.6670,3,0.6219,621,220,103,220,193,1,503,16101314447515,16101659733107,345285,0,1,13593,352052,1,,,,510,220,103,1,0,0,25,0,0
513,scan,511,1,16101714241021,,16101714366430,16101716262530,48.758,-1.0981,1.0781,-1.6622,3,0.6071,607,220,93,220,193,1,503,,,,1,1,13593,352166,1,,,,511,220,93,1,0,0,25,0,0
514,scan,512,1,16101764992138,,16101765198102,16101767214459,48.808,-1.0994,1.0632,-1.6519,3,0.6070,607,220,73,220,168,1,504,16101363982398,16101743751193,379768,0,1,13593,353228,1,,,,512,220,73,1,0,0,25,0,0
515,scan,513,1,16101814803429,,16101814917707,16101817081864,48.858,-1.1000,1.0558,-1.6491,3,0.5881,588,220,68,220,158,1,506,16101464073356,16101814262045,350188,0,1,13593,353316,1,,,,513,220,68,1,0,0,25,0,0
516,scan,514,1,16101864763919,,16101864898516,16101867120207,48.908,-1.1006,1.0483,-1.6477,3,0.5856,585,220,65,220,137,1,507,16101514117194,16101859085247,344968,0,1,13593,353007,1,,,,514,220,65,1,0,0,25,0,0
517,scan,515,1,16101914815757,,16101914937507,16101917053120,48.958,-1.1017,1.0334,-1.6444,3,0.5750,574,220,59,220,137,1,507,,,,1,1,13593,352122,1,,,,515,220,59,1,0,0,25,0,0
518,scan,516,1,16101964795494,,16101964917753,16101967071546,49.008,-1.1023,1.0260,-1.6417,3,0.5723,572,220,54,220,104,1,509,16101614013979,16101960617534,346603,0,1,13593,350933,1,,,,516,220,54,1,0,0,25,0,0
519,scan,517,1,16102014976472,,16102015093707,16102017226347,49.058,-1.1033,1.0110,-1.6365,3,0.5442,544,220,44,220,98,1,510,16101664204837,16102013706406,349501,0,1,13593,350833,1,,,,517,220,44,1,0,0,25,0,0
520,scan,518,1,16102065182878,,16102065351833,16102067195539,49.108,-1.1038,1.0036,-1.6349,3,0.5436,543,220,41,220,98,1,510,,,,1,1,13593,351002,1,,,,518,220,41,1,0,0,25,0,0
521,scan,519,1,16102115238140,,16102115399759,16102117139154,49.158,-1.1047,0.9886,-1.6328,3,0.5217,521,220,37,220,71,1,512,16101765060687,16102111293396,346232,0,1,13593,350819,1,,,,519,220,37,1,0,0,25,0,0
522,scan,520,1,16102164993302,,16102165166002,16102167182434,49.208,-1.1052,0.9812,-1.6315,3,0.5230,522,220,34,220,65,1,513,16101814844299,16102162189821,347345,0,1,13593,350404,1,,,,520,220,34,1,0,0,25,0,0
523,scan,521,1,16102215118368,,16102215240776,16102217228084,49.258,-1.1061,0.9662,-1.6284,3,0.5126,512,220,29,220,65,1,513,,,,1,1,13593,349661,1,,,,521,220,29,1,0,0,25,0,0
524,scan,522,1,16102265311175,,16102265438635,16102267216938,49.308,-1.1065,0.9588,-1.6272,3,0.5137,513,220,26,220,65,1,513,,,,1,1,13593,349162,1,,,,522,220,26,1,0,0,25,0,0
525,scan,523,1,16102315388872,,16102315511357,16102317180498,49.358,-1.1073,0.9438,-1.6256,3,0.4950,494,220,23,220,53,1,516,16101964839114,16102314644147,349805,0,1,13593,349392,1,,,,523,220,23,1,0,0,25,0,0
526,scan,524,1,16102365316937,,16102365475031,16102368265931,49.408,-1.1077,0.9363,-1.6249,3,0.4932,493,220,22,220,53,1,516,,,,1,1,13593,349367,1,,,,524,220,22,1,0,0,25,0,0
527,scan,525,1,16102415157855,,16102415290072,16102417137304,49.458,-1.1085,0.9214,-1.6233,3,0.4802,480,220,19,220,41,1,517,16102015019156,16102366039541,351020,0,1,13593,349436,1,,,,525,220,19,1,0,0,25,0,0
528,scan,526,1,16102465061490,,16102465213111,16102467256693,49.508,-1.1089,0.9139,-1.6224,3,0.4639,463,220,17,220,40,1,518,16102065239038,16102427580166,362341,0,1,13593,349766,1,,,,526,220,17,1,0,0,25,0,0
529,scan,527,1,16102515320664,,16102515444088,16102517137162,49.558,-1.1097,0.8990,-1.6211,3,0.4558,455,220,15,220,33,1,520,16102165041788,16102511361711,346319,0,1,13593,349870,1,,,,527,220,15,1,0,0,25,0,0
530,scan,528,1,16102565426620,,16102565543344,16102567156726,49.608,-1.1101,0.8915,-1.6207,3,0.4504,450,220,14,220,27,1,521,16102215160629,16102562197242,347036,0,1,13593,349757,1,,,,528,220,14,1,0,0,25,0,0
531,scan,529,1,16102615675651,,16102615784662,16102618042984,49.658,-1.1108,0.8766,-1.6197,3,0.4463,446,220,12,220,27,1,521,,,,1,1,13593,349757,1,,,,529,220,12,1,0,0,25,0,0
532,scan,530,1,16102665756272,,16102665915790,16102668141451,49.708,-1.1112,0.8691,-1.6192,3,0.4344,434,220,11,220,23,1,523,16102315430543,16102656276979,340846,0,1,13593,349514,1,,,,530,220,11,1,0,0,25,0,0
533,scan,531,1,16102716056585,,16102716248398,16102718371165,49.758,-1.1115,0.8617,-1.6187,3,0.4255,425,220,10,220,23,1,523,,,,1,1,13593,349683,1,,,,531,220,10,1,0,0,25,0,0
534,scan,532,1,16102765761995,,16102765882282,16102768148989,49.808,-1.1122,0.8467,-1.6179,3,0.4137,413,220,9,220,23,1,523,,,,1,1,13593,350118,1,,,,532,220,9,1,0,0,25,0,0
535,scan,533,1,16102815682067,,16102815797849,16102818154597,49.858,-1.1126,0.8393,-1.6176,3,0.4058,405,220,8,220,16,1,526,16102465111184,16102813020506,347909,0,1,13593,350026,1,,,,533,220,8,1,0,0,25,0,0
536,scan,534,1,16102865798477,,16102865945496,16102868153313,49.908,-1.1133,0.8243,-1.6171,3,0.4057,405,220,7,220,16,1,526,,,,1,1,13593,349979,1,,,,534,220,7,1,0,0,25,0,0
537,scan,535,1,16102915923377,,16102916177817,16102918268685,49.958,-1.1136,0.8169,-1.6168,3,0.3932,393,220,6,220,14,1,528,16102565470021,16102909416009,343945,0,1,13593,348899,1,,,,535,212,6,1,1,0,25,0,0
538,scan,536,1,16102966041858,,16102966192502,16102968520128,50.008,-1.1143,0.8022,-1.6163,3,0.3869,386,220,5,220,14,1,528,,,,1,1,13593,349045,1,,,,536,204,5,1,1,0,25,0,0
539,scan,537,1,16103016247798,,16103016386001,16103018253909,50.058,-1.1146,0.7950,-1.6161,3,0.3716,371,220,5,220,13,1,529,16102615713181,16102970216368,354503,0,1,13593,349283,1,,,,537,188,5,1,1,0,25,0,0
540,scan,538,1,16103066006556,,16103066137196,16103068443683,50.108,-1.1153,0.7812,-1.6147,3,0.3672,367,220,2,220,11,1,530,16102665810925,16103034993867,369182,0,1,13593,350360,1,,,,538,183,2,1,1,0,25,0,0
541,scan,539,1,16103116283494,,16103116403496,16103118163302,50.158,-1.1155,0.7748,-1.6106,3,0.3637,363,220,-6,220,11,1,530,,,,1,1,13593,350360,1,,,,539,179,-6,1,1,0,25,0,0
542,scan,540,1,16103166480781,,16103166615597,16103168458066,50.208,-1.1160,0.7625,-1.6060,3,0.3459,345,220,-15,220,9,1,533,16102815724697,16103157688348,341963,0,1,13593,350157,1,,,,540,159,-15,1,1,0,25,0,0
543,scan,541,1,16103216361729,,16103216489740,16103218174734,50.258,-1.1162,0.7564,-1.6083,3,0.3517,351,220,-11,220,9,1,533,,,,1,1,13593,350355,1,,,,541,166,-11,1,1,0,25,0,0
544,scan,542,1,16103266397993,,16103266520219,16103268255212,50.308,-1.1166,0.7450,-1.6124,3,0.3384,338,220,-2,220,7,1,534,16102865840423,16103216601801,350761,0,1,13593,350373,1,,,,542,151,-2,1,1,0,25,0,0
545,scan,543,1,16103317087182,,16103317213706,16103319301586,50.358,-1.1169,0.7394,-1.6116,3,0.3360,336,220,-4,220,5,1,536,16102966100965,16103311700943,345599,0,1,13593,350223,1,,,,543,149,-4,1,1,0,25,0,0
546,scan,544,1,16103366908663,,16103367037992,16103369168511,50.408,-1.1173,0.7291,-1.6086,3,0.3380,337,220,-10,220,5,1,536,,,,1,1,13593,350375,1,,,,544,150,-10,1,1,0,25,0,0
547,scan,545,1,16103417760133,,16103417897883,16103420450215,50.458,-1.1175,0.7240,-1.6086,3,0.3283,328,220,-10,220,6,1,537,16103016296477,16103384924199,368627,0,1,13593,351169,1,,,,545,140,-10,1,1,0,25,0,0
548,scan,546,1,16103467492611,,16103467802149,16103470358249,50.508,-1.1179,0.7141,-1.6111,3,0.3254,325,220,-5,220,3,1,538,16103066051856,16103422259854,356207,0,1,13593,351378,1,,,,546,137,-5,1,1,0,25,0,0
549,scan,547,1,16103516920766,,16103517054982,16103519508384,50.558,-1.1180,0.7093,-1.6112,3,0.3259,325,220,-5,220,3,1,538,,,,1,1,13593,351378,1,,,,547,137,-5,1,1,0,25,0,0
550,scan,548,1,16103566999997,,16103567121768,16103569156824,50.608,-1.1182,0.7047,-1.6104,3,0.3167,316,220,-7,220,-10,1,541,16103216408142,16103564465996,348057,0,1,13593,351246,1,,,,548,127,-7,1,1,0,25,0,0
551,scan,549,1,16103617033472,,16103617149163,16103619159651,50.658,-1.1186,0.6954,-1.6099,3,0.3126,312,220,-8,220,-10,1,541,,,,1,1,13593,351417,1,,,,549,123,-8,1,1,0,25,0,0
552,scan,550,1,16103666877541,,16103667004038,16103669139312,50.708,-1.1188,0.6908,-1.6104,3,0.2977,297,220,-7,220,-2,1,543,16103317132824,16103662837688,345704,0,1,13593,351435,1,,,,550,106,-7,1,1,0,25,0,0
553,scan,551,1,16103716950357,,16103717091383,16103719192436,50.758,-1.1191,0.6831,-1.6108,3,0.3104,310,220,-6,220,-9,1,544,16103366954570,16103713465998,346511,0,1,13593,351238,1,,,,551,121,-6,1,1,0,25,0,0
554,scan,552,1,16103766967380,,16103767085812,16103769165977,50.808,-1.1192,0.6795,-1.6107,3,0.3039,303,220,-6,220,-9,1,545,16103417808618,16103755421056,337612,0,1,13593,349551,1,,,,552,113,-6,1,1,0,25,0,0
555,scan,553,1,16103816879356,,16103816999015,16103819113253,50.858,-1.1195,0.6715,-1.6111,3,0.2900,289,220,-5,220,-4,1,546,16103467602058,16103813339516,345737,0,1,13593,349373,1,,,,553,100,-5,1,1,0,25,0,0
556,scan,554,1,16103866646702,,16103866769788,16103869040929,50.908,-1.1197,0.6677,-1.6114,3,0.2892,289,220,-5,220,-4,1,546,,,,1,1,13593,349557,1,,,,554,100,-5,1,1,0,25,0,0
557,scan,555,1,16103916724133,,16103916845872,16103919088226,50.958,-1.1200,0.6606,-1.6119,3,0.2875,287,220,-4,220,-5,1,547,16103516969224,16103877058453,360089,0,1,13593,349978,1,,,,555,100,-4,1,1,0,25,0,0
558,scan,556,1,16103966883002,,16103967029453,16103969166297,51.008,-1.1201,0.6572,-1.6119,3,0.2814,281,220,-4,220,-5,1,547,,,,1,1,13593,350119,1,,,,556,100,-4,1,1,0,25,0,0
559,scan,557,1,16104017368064,,16104017510254,16104019368028,51.058,-1.1204,0.6504,-1.6121,3,0.2799,279,220,-3,220,-6,1,549,16103617077979,16103968727144,351649,0,1,13593,350208,1,,,,557,100,-3,1,1,0,25,0,0
560,scan,558,1,16104068073686,,16104068208651,16104070198811,51.108,-1.1205,0.6470,-1.6123,3,0.2746,274,220,-3,220,-5,1,551,16103716992347,16104062823781,345831,0,1,13593,350033,1,,,,558,100,-3,1,1,0,25,0,0
561,scan,559,1,16104117726542,,16104117863941,16104120150000,51.158,-1.1208,0.6402,-1.6126,3,0.2836,283,220,-2,220,-5,1,551,,,,1,1,13593,350192,1,,,,559,100,-2,1,1,0,25,0,0
562,scan,560,1,16104168083257,,16104168233582,16104170182179,51.208,-1.1210,0.6368,-1.6127,3,0.2687,268,220,-2,220,-5,1,551,,,,1,1,13593,350315,1,,,,560,100,-2,1,1,0,25,0,0
563,scan,561,1,16104217619147,,16104217738673,16104219367456,51.258,-1.1213,0.6300,-1.6127,3,0.2814,281,220,-2,220,-4,1,553,16103816921649,16104211802594,394880,0,1,13593,352172,1,,,,561,100,-2,1,1,0,25,0,0
564,scan,562,1,16104268290344,,16104268416044,16104271121127,51.308,-1.1214,0.6266,-1.6128,3,0.2773,277,220,-2,220,-4,1,554,16103866690761,16104219542915,352852,0,1,13593,352199,1,,,,562,100,-2,1,1,0,25,0,0
565,scan,563,1,16104317886816,,16104318134082,16104320174455,51.358,-1.1217,0.6198,-1.6130,3,0.2725,272,220,-2,220,-3,1,556,16103966933187,16104305129810,338196,0,1,13593,351735,1,,,,563,100,-2,1,1,0,25,0,0
566,scan,564,1,16104367723273,,16104367848708,16104370273486,51.408,-1.1218,0.6164,-1.6131,3,0.2780,277,220,-2,220,-3,1,556,,,,1,1,13593,351735,1,,,,564,100,-2,1,1,0,25,0,0
567,scan,565,1,16104417836445,,16104417963441,16104420155399,51.458,-1.1220,0.6130,-1.6131,3,0.2756,275,220,-1,220,-2,1,558,16104068124380,16104409731279,341606,0,1,13593,351358,1,,,,565,100,-1,1,1,0,25,0,0
568,scan,566,1,16104467889658,,16104468091395,16104470316703,51.508,-1.1223,0.6062,-1.6132,3,0.2711,271,220,-1,220,-2,1,558,,,,1,1,13593,350901,1,,,,566,100,-1,1,1,0,25,0,0
569,scan,567,1,16104518001509,,16104518153535,16104520226346,51.558,-1.1224,0.6028,-1.6133,3,0.2651,265,220,-1,220,-1,1,560,16104168137784,16104509760751,341622,0,1,13593,350705,1,,,,567,100,-1,1,1,0,25,0,0
570,scan,568,1,16104567807675,,16104567929323,16104570059907,51.608,-1.1227,0.5961,-1.6134,3,0.2638,263,220,-1,220,-1,1,560,,,,1,1,13593,350865,1,,,,568,100,-1,1,1,0,25,0,0
571,scan,569,1,16104617869604,,16104617991675,16104620165052,51.658,-1.1228,0.5927,-1.6134,3,0.2736,273,220,-1,220,-1,1,561,16104217661972,16104606806360,389144,0,1,13593,352460,1,,,,569,100,-1,1,1,0,25,0,0
572,scan,570,1,16104667951219,,16104668116604,16104670181589,51.708,-1.1231,0.5859,-1.6134,3,0.2637,263,220,-1,220,-1,1,562,16104268336060,16104640313505,371977,0,1,13593,353757,1,,,,570,100,-1,1,1,0,25,0,0
573,scan,571,1,16104718197111,,16104718324216,16104720316233,51.758,-1.1233,0.5825,-1.6135,3,0.2711,271,220,-1,220,-1,1,563,16104317923076,16104713595430,395672,0,1,13593,355433,1,,,,571,100,-1,1,1,0,25,0,0
574,scan,572,1,16104768449860,,16104768649850,16104770146221,51.808,-1.1236,0.5757,-1.6136,3,0.2585,258,220,-1,220,-1,1,563,,,,1,1,13593,355433,1,,,,572,100,-1,1,1,0,25,0,0
575,scan,573,1,16104817990463,,16104818106437,16104820253326,51.858,-1.1237,0.5723,-1.6136,3,0.2748,274,220,0,220,-1,1,565,16104417884395,16104814486637,396602,0,1,13593,357381,1,,,,573,100,0,1,1,0,25,0,0
576,scan,574,1,16104867931522,,16104868095545,16104870265020,51.908,-1.1240,0.5655,-1.6136,3,0.2715,271,220,0,220,-1,1,566,16104467946506,16104822497481,354550,0,1,13593,357272,1,,,,574,100,0,1,1,0,25,0,0
577,scan,575,1,16104918214227,,16104918338204,16104920155297,51.958,-1.1241,0.5621,-1.6136,3,0.2720,271,220,0,220,-1,1,568,16104567851617,16104914285281,346433,0,1,13593,357368,1,,,,575,100,0,1,1,0,25,0,0
578,scan,576,1,16104967976253,,16104968115108,16104970258685,52.008,-1.1244,0.5553,-1.6136,3,0.2844,284,220,0,220,-1,1,568,,,,1,1,13593,357368,1,,,,576,100,0,1,1,0,25,0,0
579,scan,577,1,16105018094025,,16105018219936,16105020291115,52.058,-1.1246,0.5519,-1.6136,3,0.2776,277,220,0,220,-1,1,570,16104667997080,16105016338712,348341,0,1,13593,357131,1,,,,577,100,0,1,1,0,25,0,0
580,scan,578,1,16105068189857,,16105068305321,16105070150131,52.108,-1.1249,0.5451,-1.6136,3,0.2746,274,220,0,220,-1,1,571,16104718239642,16105066734133,348494,0,1,13593,356335,1,,,,578,100,0,1,1,0,25,0,0
581,scan,579,1,16105118373268,,16105118485249,16105120193946,52.158,-1.1250,0.5417,-1.6136,3,0.2814,281,220,0,220,1,1,572,16104768517477,16105114073518,345556,0,1,13593,355936,1,,,,579,100,0,1,1,0,25,0,0
582,scan,580,1,16105168510837,,16105168631823,16105170250596,52.208,-1.1253,0.5349,-1.6136,3,0.2810,280,220,0,220,1,1,572,,,,1,1,13593,356473,1,,,,580,100,0,1,1,0,25,0,0
583,scan,581,1,16105219024387,,16105219159552,16105221118939,52.258,-1.1254,0.5315,-1.6136,3,0.2653,265,220,0,220,1,1,573,16104818030976,16105192984314,374953,0,1,13593,357158,1,,,,581,100,0,1,1,0,25,0,0
584,scan,582,1,16105268881063,,16105269025664,16105271132923,52.308,-1.1256,0.5281,-1.6136,3,0.2896,289,220,0,220,1,1,574,16104867976959,16105219234231,351257,0,1,13593,357176,1,,,,582,100,0,1,1,0,25,0,0
585,scan,583,1,16105318675464,,16105318792971,16105320313003,52.358,-1.1259,0.5213,-1.6136,3,0.2855,285,220,0,220,0,1,576,16104968034725,16105316228371,348193,0,1,13593,357272,1,,,,583,100,0,1,1,0,25,0,0
586,scan,584,1,16105368727289,,16105368915683,16105371051733,52.408,-1.1260,0.5179,-1.6136,3,0.3033,303,220,0,220,1,1,577,16105018139410,16105364378841,346239,0,1,13593,356878,1,,,,584,113,0,1,1,0,25,0,0
587,scan,585,1,16105418910611,,16105419048801,16105421157231,52.458,-1.1263,0.5104,-1.6136,3,0.3292,329,220,0,220,1,1,578,16105068231722,16105407094863,338863,0,1,13593,355815,1,,,,585,141,0,1,1,0,25,0,0
588,scan,586,1,16105468850671,,16105468991694,16105471079610,52.508,-1.1265,0.5066,-1.6138,3,1.0712,1071,220,0,220,1,1,578,,,,1,1,13593,355801,1,,,,586,220,0,1,0,0,25,0,0
589,scan,587,1,16105518837044,,16105518970527,16105521137015,52.558,-1.1270,0.4953,-1.6140,3,1.0796,1079,220,0,220,1,1,579,16105118413608,16105502715621,384302,0,1,13593,356819,1,,,,587,220,0,1,0,0,25,0,0
590,scan,588,1,16105568887083,,16105569081059,16105571285612,52.608,-1.1273,0.4880,-1.6142,3,1.0814,1081,220,1,220,1,1,579,,,,1,1,13593,357143,1,,,,588,220,1,1,0,0,25,0,0
591,scan,589,1,16105619039190,,16105619154470,16105621213582,52.658,-1.1280,0.4730,-1.6144,3,1.0835,1083,220,1,220,0,1,581,16105219072492,16105573076969,354004,0,1,13593,357031,1,,,,589,220,1,1,0,0,25,0,0
592,scan,590,1,16105668778598,,16105668901036,16105671119781,52.708,-1.1283,0.4655,-1.6142,3,1.0878,1087,220,1,220,1,1,583,16105318715936,16105656108553,337392,0,1,13593,356734,1,,,,590,220,1,1,0,0,25,0,0
593,scan,591,1,16105718768922,,16105718918622,16105721103499,52.758,-1.1289,0.4506,-1.6140,3,1.0727,1072,220,0,220,1,1,583,,,,1,1,13593,357113,1,,,,591,220,0,1,0,0,25,0,0
594,scan,592,1,16105769675921,,16105769992184,16105772364195,52.808,-1.1293,0.4431,-1.6140,3,1.0697,1069,220,0,220,0,1,585,16105418960643,16105767628246,348667,0,1,13593,357522,1,,,,592,220,0,1,0,0,25,0,0
595,scan,593,1,16105819063833,,16105819196000,16105821341072,52.858,-1.1299,0.4282,-1.6141,3,1.0854,1085,220,1,220,0,1,585,,,,1,1,13593,357976,1,,,,593,220,1,1,0,0,25,0,0
596,scan,594,1,16105869475848,,16105869673873,16105871151317,52.908,-1.1302,0.4207,-1.6141,3,1.0796,1079,220,1,220,1,1,586,16105468900770,16105832665786,363765,0,1,13593,358190,1,,,,594,220,1,1,0,0,25,0,0
597,scan,595,1,16105919196311,,16105919327745,16105921203818,52.958,-1.1309,0.4058,-1.6140,3,1.0682,1068,220,0,220,0,1,588,16105568944436,16105907146546,338202,0,1,13593,357379,1,,,,595,220,0,1,0,0,25,0,0
598,scan,596,1,16105969235052,,16105969359311,16105971173183,53.008,-1.1312,0.3983,-1.6139,3,1.0783,1078,220,0,220,0,1,588,,,,1,1,13593,357379,1,,,,596,220,0,1,0,0,25,0,0
599,scan,597,1,16106019581546,,16106019699042,16106021208099,53.058,-1.1318,0.3833,-1.6139,3,1.0740,1073,220,0,220,1,1,589,16105619079309,16105985583830,366504,0,1,13593,357930,1,,,,597,220,0,1,0,0,25,0,0
600,scan,598,1,16106069648655,,16106069848840,16106072390614,53.108,-1.1322,0.3759,-1.6140,3,1.0748,1074,220,0,220,0,1,590,16105668820006,16106028244904,359424,0,1,13593,358433,1,,,,598,220,0,1,0,0,25,0,0
601,scan,599,1,16106119688879,,16106119809760,16106122193254,53.158,-1.1325,0.3684,-1.6140,3,1.0712,1071,220,0,220,0,1,590,,,,1,1,13593,358433,1,,,,599,220,0,1,0,0,25,0,0
602,scan,600,1,16106169615464,,16106169842795,16106171198643,53.208,-1.1331,0.3535,-1.6140,3,1.0850,1085,220,0,220,1,1,593,16105819106016,16106169701168,350595,0,1,13593,358153,1,,,,600,220,0,1,0,0,25,0,0
603,scan,601,1,16106220095868,,16106220249697,16106223137468,53.258,-1.1335,0.3460,-1.6139,3,1.0741,1074,220,0,220,1,1,593,,,,1,1,13593,356793,1,,,,601,220,0,1,0,0,25,0,0
604,scan,602,1,16106269727081,,16106269853728,16106272158982,53.308,-1.1341,0.3310,-1.6140,3,1.0676,1067,220,0,220,1,1,595,16105919246639,16106264691233,345444,0,1,13593,356518,1,,,,602,220,0,1,0,0,25,0,0
605,scan,603,1,16106319851237,,16106320032624,16106322319143,53.358,-1.1344,0.3236,-1.6140,3,1.0719,1071,220,0,220,1,1,596,16105969278735,16106319451416,350172,0,1,13593,356962,1,,,,603,220,0,1,0,0,25,0,0
606,scan,604,1,16106369696176,,16106369837011,16106372133844,53.408,-1.1351,0.3086,-1.6140,3,1.0579,1057,220,0,220,1,1,597,16106019618552,16106360986267,341367,0,1,13593,356405,1,,,,604,220,0,1,0,0,25,0,0
607,scan,605,1,16106419694194,,16106419834389,16106422143531,53.458,-1.1354,0.3011,-1.6140,3,1.0707,1070,220,0,220,1,1,598,16106069717234,16106408386196,338668,0,1,13593,356300,1,,,,605,220,0,1,0,0,25,0,0
608,scan,606,1,16106469864724,,16106470013056,16106472297817,53.508,-1.1360,0.2862,-1.6140,3,1.0696,1069,220,0,220,1,1,598,,,,1,1,13593,356300,1,,,,606,220,0,1,0,0,25,0,0
609,scan,607,1,16106520093750,,16106520214184,16106522241842,53.558,-1.1364,0.2787,-1.6140,3,1.0686,1068,220,0,220,1,1,600,16106169658893,16106515728216,346069,0,1,13593,356459,1,,,,607,220,0,1,0,0,25,0,0
610,scan,608,1,16106570038690,,16106570157010,16106572458641,53.608,-1.1370,0.2638,-1.6140,3,1.0515,1051,220,0,220,0,1,601,16106220145302,16106561165557,341020,0,1,13593,355927,1,,,,608,220,0,1,0,0,25,0,0
611,scan,609,1,16106620080722,,16106620197142,16106622452667,53.658,-1.1373,0.2563,-1.6140,3,1.0672,1067,220,0,220,0,1,601,,,,1,1,13593,354740,1,,,,609,220,0,1,0,0,25,0,0
612,scan,610,1,16106669630488,,16106669761398,16106671222520,53.708,-1.1380,0.2414,-1.6140,3,1.0774,1077,220,0,220,1,1,602,16106269770734,16106620376144,350605,0,1,13593,353977,1,,,,610,220,0,1,0,0,25,0,0
613,scan,611,1,16106719939035,,16106720103261,16106722200503,53.758,-1.1383,0.2339,-1.6140,3,1.0527,1052,220,0,220,1,1,604,16106369738866,16106716732501,346993,0,1,13593,352238,1,,,,611,220,0,1,0,0,25,0,0
614,scan,612,1,16106769765408,,16106769892255,16106772096025,53.808,-1.1389,0.2189,-1.6140,3,1.0707,1070,220,0,220,0,1,605,16106419741742,16106761796470,342054,0,1,13593,351887,1,,,,612,220,0,1,0,0,25,0,0
615,scan,613,1,16106819937131,,16106820097511,16106822350208,53.858,-1.1393,0.2115,-1.6140,3,1.0454,1045,220,0,220,0,1,605,,,,1,1,13593,350290,1,,,,613,220,0,1,0,0,25,0,0
616,scan,614,1,16106870259368,,16106870538766,16106872379922,53.908,-1.1399,0.1965,-1.6140,3,1.0610,1060,220,0,220,0,1,607,16106520137067,16106870351574,350214,0,1,13593,350135,1,,,,614,220,0,1,0,0,25,0,0
617,scan,615,1,16106920214835,,16106920352425,16106922238881,53.958,-1.1402,0.1890,-1.6140,3,1.0589,1058,220,0,220,0,1,607,,,,1,1,13593,350272,1,,,,615,220,0,1,0,0,25,0,0
618,scan,616,1,16106970181016,,16106970302753,16106972511960,54.008,-1.1406,0.1816,-1.6140,3,1.0595,1059,220,0,220,0,1,609,16106620123925,16106962823796,342699,0,1,13593,350002,1,,,,616,220,0,1,0,0,25,0,0
619,scan,617,1,16107020763863,,16107020915866,16107023086133,54.058,-1.1412,0.1666,-1.6140,3,1.0614,1061,220,0,220,0,1,609,,,,1,1,13593,350064,1,,,,617,220,0,1,0,0,25,0,0
620,scan,618,1,16107070841153,,16107070981307,16107073238900,54.108,-1.1415,0.1592,-1.6140,3,1.0580,1058,220,0,220,1,1,611,16106719985389,16107068657324,348671,0,1,13593,350070,1,,,,618,220,0,1,0,0,25,0,0
621,scan,619,1,16107120682824,,16107120844894,16107123050525,54.158,-1.1422,0.1442,-1.6140,3,1.0362,1036,220,0,220,1,1,612,16106769807446,16107112462601,342655,0,1,13593,349963,1,,,,619,220,0,1,0,0,25,0,0
622,scan,620,1,16107170552225,,16107170676020,16107173114731,54.208,-1.1425,0.1367,-1.6140,3,1.0483,1048,220,0,220,1,1,612,,,,1,1,13593,349963,1,,,,620,220,0,1,0,0,25,0,0
623,scan,621,1,16107221016714,,16107221142990,16107223268961,54.258,-1.1431,0.1218,-1.6140,3,1.0286,1028,220,0,220,1,1,613,16106819981553,16107192325514,372343,0,1,13593,349866,1,,,,621,220,0,1,0,0,25,0,0
624,scan,622,1,16107270994825,,16107271127859,16107273264918,54.308,-1.1435,0.1143,-1.6140,3,1.0199,1019,220,0,220,1,1,613,,,,1,1,13593,349812,1,,,,622,220,0,1,0,0,25,0,0
625,scan,623,1,16107320790528,,16107320913131,16107323069202,54.358,-1.1441,0.0994,-1.6140,3,1.0236,1023,220,0,220,1,1,615,16106920262711,16107311516528,391253,0,1,13593,351469,1,,,,623,220,0,1,0,0,25,0,0
626,scan,624,1,16107370862698,,16107370988795,16107373317357,54.408,-1.1444,0.0919,-1.6140,3,1.0146,1014,220,0,220,1,1,617,16107020813871,16107361403459,340589,0,1,13593,351251,1,,,,624,220,0,1,0,0,25,0,0
627,scan,625,1,16107420901552,,16107421030185,16107423092896,54.458,-1.1451,0.0770,-1.6140,3,0.9952,995,220,0,220,1,1,617,,,,1,1,13593,351747,1,,,,625,220,0,1,0,0,25,0,0
628,scan,626,1,16107471295907,,16107471467178,16107473245055,54.508,-1.1454,0.0695,-1.6140,3,0.9815,981,220,0,220,1,1,619,16107120736745,16107459079626,338342,0,1,13593,351231,1,,,,626,220,0,1,0,0,25,0,0
629,scan,627,1,16107520893836,,16107521015663,16107523094111,54.558,-1.1460,0.0545,-1.6140,3,0.9838,983,220,0,220,1,1,619,,,,1,1,13593,349908,1,,,,627,220,0,1,0,0,25,0,0
630,scan,628,1,16107570963558,,16107571111943,16107573255313,54.608,-1.1464,0.0471,-1.6140,3,0.9724,972,220,0,220,0,1,620,16107170595453,16107530871661,360276,0,1,13593,350307,1,,,,628,220,0,1,0,0,25,0,0
631,scan,629,1,16107621012610,,16107621130325,16107623136087,54.658,-1.1470,0.0321,-1.6140,3,0.9661,966,220,0,220,1,1,621,16107221059944,16107596547425,375487,0,1,13593,351133,1,,,,629,220,0,1,0,0,25,0,0
632,scan,630,1,16107671135559,,16107671261061,16107673202377,54.708,-1.1473,0.0246,-1.6140,3,0.9581,958,220,0,220,1,1,623,16107320831010,16107666105974,345274,0,1,13593,351437,1,,,,630,220,0,1,0,0,25,0,0
633,scan,631,1,16107721092356,,16107721200088,16107723171578,54.758,-1.1480,0.0097,-1.6140,3,0.9552,955,220,0,220,0,1,624,16107370907681,16107719302351,348394,0,1,13593,351324,1,,,,631,220,0,1,0,0,25,0,0
634,scan,632,1,16107770830170,,16107770958389,16107773117717,54.808,-1.1483,0.0022,-1.6140,3,0.9403,940,220,0,220,0,1,624,,,,1,1,13593,351426,1,,,,632,220,0,1,0,0,25,0,0
635,scan,633,1,16107821076408,,16107821198828,16107823288064,54.858,-1.1486,-0.0053,-1.6140,3,0.9367,936,220,0,220,1,1,625,16107420944696,16107802589295,381644,0,1,13593,352545,1,,,,633,220,0,1,0,0,25,0,0
636,scan,634,1,16107871420292,,16107871606321,16107873220584,54.908,-1.1493,-0.0202,-1.6140,3,0.9207,920,220,0,220,1,1,625,,,,1,1,13593,352114,1,,,,634,220,0,1,0,0,25,0,0
637,scan,635,1,16107921190000,,16107921315216,16107923287818,54.958,-1.1496,-0.0277,-1.6140,3,0.9224,922,220,0,220,1,1,628,16107571014052,16107920697170,349683,0,1,13593,352555,1,,,,635,220,0,1,0,0,25,0,0
638,scan,636,1,16107972444565,,16107972573535,16107974218204,55.008,-1.1502,-0.0426,-1.6140,3,0.9196,919,220,0,220,1,1,628,,,,1,1,13593,352555,1,,,,636,220,0,1,0,0,25,0,0
639,scan,637,1,16108021839093,,16108021974644,16108024109465,55.058,-1.1506,-0.0501,-1.6140,3,0.8998,899,220,0,220,1,1,629,16107621055183,16107981607309,360552,0,1,13593,352326,1,,,,637,220,0,1,0,0,25,0,0
640,scan,638,1,16108071703742,,16108071821041,16108073141881,55.108,-1.1512,-0.0650,-1.6140,3,0.8942,894,220,0,220,1,1,631,16107721127884,16108066934251,345806,0,1,13593,351803,1,,,,638,220,0,1,0,0,25,0,0
641,scan,639,1,16108121722695,,16108121830458,16108124157427,55.158,-1.1515,-0.0725,-1.6140,3,0.9093,909,220,0,220,1,1,632,16107770874802,16108115170460,344295,0,1,13593,351525,1,,,,639,220,0,1,0,0,25,0,0
642,scan,640,1,16108171830333,,16108171986525,16108175136722,55.208,-1.1522,-0.0875,-1.6140,3,0.8859,885,220,0,220,2,1,633,16107821119766,16108161399804,340280,0,1,13593,351143,1,,,,640,220,0,1,0,0,25,0,0
643,scan,641,1,16108221709748,,16108221826200,16108223265328,55.258,-1.1525,-0.0949,-1.6140,3,0.8836,883,220,0,220,1,1,634,16107871487945,16108220149905,348661,0,1,13593,351054,1,,,,641,220,0,1,0,0,25,0,0
644,scan,642,1,16108271827567,,16108271985677,16108274175845,55.308,-1.1531,-0.1099,-1.6140,3,0.8915,891,220,0,220,2,1,635,16107921233976,16108268422855,347188,0,1,13593,351116,1,,,,642,220,0,1,0,0,25,0,0
645,scan,643,1,16108321744557,,16108321879222,16108324276675,55.358,-1.1535,-0.1173,-1.6140,3,0.8714,871,220,0,220,1,1,636,16107972489184,16108319640734,347151,0,1,13593,351008,1,,,,643,220,0,1,0,0,25,0,0
646,scan,644,1,16108371767744,,16108371887093,16108374097738,55.408,-1.1541,-0.1323,-1.6140,3,0.8727,872,220,0,220,2,1,637,16108021882522,16108370193541,348311,0,1,13593,351256,1,,,,644,220,0,1,0,0,25,0,0
647,scan,645,1,16108422207747,,16108422383058,16108424279848,55.458,-1.1544,-0.1398,-1.6140,3,0.8721,872,220,0,220,2,1,637,,,,1,1,13593,351723,1,,,,645,220,0,1,0,0,25,0,0
648,scan,646,1,16108471772471,,16108471902123,16108474098971,55.508,-1.1551,-0.1547,-1.6140,3,0.8743,874,220,0,220,1,1,638,16108071743463,16108422412702,350669,0,1,13593,351685,1,,,,646,220,0,1,0,0,25,0,0
649,scan,647,1,16108521807455,,16108521992981,16108524155898,55.558,-1.1554,-0.1622,-1.6140,3,0.8584,858,220,0,220,2,1,639,16108121764038,16108493939516,372175,0,1,13593,352617,1,,,,647,220,0,1,0,0,25,0,0
650,scan,648,1,16108571898088,,16108572071852,16108574229741,55.608,-1.1561,-0.1771,-1.6140,3,0.8605,860,220,0,220,2,1,641,16108221753078,16108567477334,345724,0,1,13593,352785,1,,,,648,220,0,1,0,0,25,0,0
651,scan,649,1,16108622062411,,16108622215126,16108624297576,55.658,-1.1564,-0.1846,-1.6140,3,0.8639,863,220,0,220,2,1,641,,,,1,1,13593,352785,1,,,,649,220,0,1,0,0,25,0,0
652,scan,650,1,16108672119839,,16108672283772,16108674243110,55.708,-1.1567,-0.1921,-1.6140,3,0.8663,866,220,0,220,1,1,642,16108271879885,16108628530905,356651,0,1,13593,353001,1,,,,650,220,0,1,0,0,25,0,0
653,scan,651,1,16108721800690,,16108721969502,16108724113691,55.758,-1.1573,-0.2070,-1.6140,3,0.8526,852,220,0,220,1,1,643,16108321785713,16108674405975,352620,0,1,13593,353202,1,,,,651,220,0,1,0,0,25,0,0
654,scan,652,1,16108771819381,,16108771937408,16108774092749,55.808,-1.1577,-0.2145,-1.6140,3,0.8644,864,220,0,220,1,1,645,16108422285683,16108765604618,343318,0,1,13593,353247,1,,,,652,220,0,1,0,0,25,0,0
655,scan,653,1,16108822176480,,16108822297305,16108824271726,55.858,-1.1583,-0.2294,-1.6140,3,0.8694,869,220,0,220,1,1,646,16108471813931,16108820800969,348987,0,1,13593,353100,1,,,,653,220,0,1,0,0,25,0,0
656,scan,654,1,16108872143728,,16108872315335,16108874285064,55.908,-1.1586,-0.2369,-1.6140,3,0.8644,864,220,0,220,1,1,646,,,,1,1,13593,353204,1,,,,654,220,0,1,0,0,25,0,0
657,scan,655,1,16108922201874,,16108922349466,16108924297712,55.958,-1.1593,-0.2519,-1.6140,3,0.9138,913,220,0,220,1,1,646,,,,1,1,13593,353204,1,,,,655,220,0,1,0,0,25,0,0
658,scan,656,1,16108972558832,,16108972689947,16108974213236,56.008,-1.1596,-0.2593,-1.6140,3,1.0259,1025,220,1,220,1,1,648,16108571943608,16108925091079,353147,0,1,13593,353577,1,,,,656,220,1,1,0,0,25,0,0
659,scan,657,1,16109022563585,,16109022695847,16109024234553,56.058,-1.1603,-0.2743,-1.6140,3,1.0423,1042,220,0,220,1,1,649,16108622111017,16108980591765,358480,0,1,13593,353746,1,,,,657,220,0,1,0,0,25,0,0
660,scan,658,1,16109072816830,,16109072964346,16109075131604,56.108,-1.1606,-0.2818,-1.6139,3,1.0329,1032,220,0,220,2,1,650,16108672175589,16109023216164,351040,0,1,13593,353827,1,,,,658,220,0,1,0,0,25,0,0
661,scan,659,1,16109122654015,,16109122784531,16109125129004,56.158,-1.1612,-0.2967,-1.6139,3,1.0549,1054,220,0,220,1,1,651,16108721858103,16109078787678,356929,0,1,13593,354320,1,,,,659,220,0,1,0,0,25,0,0
662,scan,660,1,16109172561178,,16109172687142,16109174193151,56.208,-1.1615,-0.3042,-1.6139,3,1.0357,1035,220,0,220,1,1,651,,,,1,1,13593,354320,1,,,,660,220,0,1,0,0,25,0,0
663,scan,661,1,16109222584166,,16109222727789,16109224281655,56.258,-1.1622,-0.3191,-1.6139,3,1.0243,1024,220,0,220,1,1,653,16108822221611,16109189084542,366862,0,1,13593,354131,1,,,,661,220,0,1,0,0,25,0,0
664,scan,662,1,16109272708666,,16109272854857,16109275091680,56.308,-1.1625,-0.3266,-1.6139,3,1.0204,1020,220,0,220,1,1,655,16108922249550,16109264628945,342379,0,1,13593,353739,1,,,,662,220,0,1,0,0,25,0,0
665,scan,663,1,16109322598323,,16109322719978,16109324278032,56.358,-1.1632,-0.3415,-1.6139,3,1.0369,1036,220,0,220,1,1,655,,,,1,1,13593,352445,1,,,,663,220,0,1,0,0,25,0,0
666,scan,664,1,16109373194535,,16109373343465,16109375216525,56.408,-1.1635,-0.3490,-1.6139,3,1.0311,1031,220,0,220,3,1,656,16108972604743,16109345512472,372907,0,1,13593,353560,1,,,,664,220,0,1,0,0,25,0,0
667,scan,665,1,16109422921637,,16109423061013,16109425170810,56.458,-1.1641,-0.3640,-1.6139,3,1.0331,1033,220,0,220,3,1,658,16109072865765,16109419120950,346255,0,1,13593,353316,1,,,,665,220,0,1,0,0,25,0,0
668,scan,666,1,16109473094732,,16109473230701,16109475164215,56.508,-1.1644,-0.3714,-1.6139,3,1.0428,1042,220,0,220,3,1,658,,,,1,1,13593,353833,1,,,,666,220,0,1,0,0,25,0,0
669,scan,667,1,16109523007358,,16109523150115,16109525308035,56.558,-1.1648,-0.3789,-1.6139,3,1.0410,1040,220,0,220,3,1,658,,,,1,1,13593,353833,1,,,,667,220,0,1,0,0,25,0,0
670,scan,668,1,16109572829674,,16109572965324,16109575173829,56.608,-1.1654,-0.3939,-1.6139,3,1.0268,1026,220,0,220,3,1,660,16109172606151,16109535351052,362744,0,1,13593,353918,1,,,,668,220,0,1,0,0,25,0,0
671,scan,669,1,16109623320035,,16109623474870,16109625259694,56.658,-1.1657,-0.4013,-1.6139,3,1.0281,1028,220,0,220,1,1,661,16109222627521,16109585969326,363341,0,1,13593,353499,1,,,,669,220,0,1,0,0,25,0,0
672,scan,670,1,16109673285210,,16109673413718,16109675153114,56.708,-1.1664,-0.4163,-1.6139,3,1.0227,1022,220,0,220,1,1,663,16109322638359,16109672630171,349991,0,1,13593,353662,1,,,,670,220,0,1,0,0,25,0,0
673,scan,671,1,16109723210540,,16109723354724,16109725253501,56.758,-1.1667,-0.4237,-1.6139,3,1.0293,1029,220,0,220,1,1,663,,,,1,1,13593,353850,1,,,,671,220,0,1,0,0,25,0,0
674,scan,672,1,16109772994528,,16109773109059,16109775189644,56.808,-1.1673,-0.4387,-1.6139,3,1.0332,1033,220,0,220,2,1,665,16109422977995,16109771170686,348192,0,1,13593,353655,1,,,,672,220,0,1,0,0,25,0,0
675,scan,673,1,16109823058121,,16109823192003,16109825233800,56.858,-1.1677,-0.4462,-1.6139,3,1.0411,1041,220,0,220,2,1,665,,,,1,1,13593,352655,1,,,,673,220,0,1,0,0,25,0,0
676,scan,674,1,16109872892911,,16109873018019,16109875094999,56.908,-1.1683,-0.4611,-1.6139,3,1.0190,1019,220,0,220,1,1,666,16109473144179,16109825446227,352302,0,1,13593,352643,1,,,,674,220,0,1,0,0,25,0,0
677,scan,675,1,16109923039415,,16109923166302,16109925222029,56.958,-1.1686,-0.4686,-1.6139,3,1.0273,1027,220,0,220,2,1,667,16109523057742,16109877702731,354644,0,1,13593,352814,1,,,,675,220,0,1,0,0,25,0,0
678,scan,676,1,16109973154503,,16109973279415,16109975203067,57.008,-1.1693,-0.4835,-1.6139,3,1.0306,1030,220,0,220,2,1,667,,,,1,1,13593,352814,1,,,,676,220,0,1,0,0,25,0,0
679,scan,677,1,16110023783578,,16110023918489,16110026247515,57.058,-1.1696,-0.4910,-1.6139,3,1.0157,1015,220,0,220,2,1,667,,,,1,1,13593,352537,1,,,,677,220,0,1,0,0,25,0,0
680,scan,678,1,16110074005816,,16110074138738,16110076291717,57.108,-1.1702,-0.5059,-1.6139,3,1.0307,1030,220,1,220,2,1,667,,,,1,1,13593,352787,1,,,,678,220,1,1,0,0,25,0,0
681,scan,679,1,16110123726384,,16110123854226,16110127152695,57.158,-1.1706,-0.5134,-1.6139,3,1.0285,1028,220,1,220,2,1,667,,,,1,1,13593,353113,1,,,,679,220,1,1,0,0,25,0,0
682,scan,680,1,16110173868986,,16110173997240,16110176290625,57.208,-1.1712,-0.5284,-1.6139,3,1.0299,1029,220,0,220,2,1,667,,,,1,1,13593,353627,1,,,,680,220,0,1,0,0,25,0,0
683,scan,681,1,16110223669564,,16110223799801,16110226096510,57.258,-1.1715,-0.5358,-1.6138,3,1.0189,1018,220,0,220,2,1,667,,,,1,1,13593,353834,1,,,,681,220,0,1,0,0,25,0,0
684,scan,682,1,16110273756880,,16110273873165,16110275202269,57.308,-1.1722,-0.5508,-1.6137,3,1.0204,1020,220,0,220,2,1,667,,,,1,1,13593,354123,1,,,,682,220,0,1,0,0,25,0,0
685,scan,683,1,16110324268919,,16110324434439,16110326294496,57.358,-1.1725,-0.5583,-1.6138,3,1.0132,1013,220,0,220,2,1,667,,,,1,1,13593,354439,1,,,,683,220,0,1,0,0,25,0,0
686,scan,684,1,16110373939341,,16110374064115,16110376170858,57.408,-1.1728,-0.5657,-1.6138,3,1.0028,1002,220,0,220,3,1,677,16110023831060,16110368272862,344441,0,1,13593,354264,1,,,,684,220,0,1,0,0,25,0,0
687,scan,685,1,16110423990834,,16110424170087,16110426196800,57.458,-1.1735,-0.5807,-1.6138,3,1.0004,1000,220,0,220,3,1,677,,,,1,1,13593,354264,1,,,,685,220,0,1,0,0,25,0,0
688,scan,686,1,16110474109144,,16110474246896,16110476412966,57.508,-1.1738,-0.5882,-1.6138,3,1.0278,1027,220,0,220,1,1,678,16110074050635,16110451262813,377212,0,1,13593,355470,1,,,,686,220,0,1,0,0,25,0,0
689,scan,687,1,16110523914472,,16110524082704,16110526137913,57.558,-1.1744,-0.6031,-1.6138,3,1.0274,1027,220,0,220,3,1,679,16110123771598,16110482207009,358435,0,1,13593,354846,1,,,,687,220,0,1,0,0,25,0,0
690,scan,688,1,16110574066767,,16110574214966,16110576203179,57.608,-1.1747,-0.6106,-1.6138,3,1.0154,1015,220,0,220,3,1,681,16110223714548,16110564075320,340360,0,1,13593,354602,1,,,,688,220,0,1,0,0,25,0,0
691,scan,689,1,16110624094679,,16110624213393,16110626184687,57.658,-1.1754,-0.6255,-1.6138,3,1.0185,1018,220,0,220,3,1,681,,,,1,1,13593,354602,1,,,,689,220,0,1,0,0,25,0,0
692,scan,690,1,16110674293840,,16110674434177,16110676271309,57.708,-1.1757,-0.6330,-1.6138,3,1.0143,1014,220,0,220,2,1,682,16110273793564,16110630327646,356534,0,1,13593,354596,1,,,,690,220,0,1,0,0,25,0,0
693,scan,691,1,16110724599262,,16110724719311,16110726147931,57.758,-1.1764,-0.6479,-1.6138,3,1.0161,1016,220,0,220,3,1,684,16110373983721,16110723472426,349488,0,1,13593,354454,1,,,,691,220,0,1,0,0,25,0,0
694,scan,692,1,16110774571210,,16110774731375,16110776236701,57.808,-1.1767,-0.6554,-1.6138,3,1.0123,1012,220,0,220,1,1,685,16110424081946,16110768251089,344169,0,1,13593,354493,1,,,,692,220,0,1,0,0,25,0,0
695,scan,693,1,16110824963854,,16110825083138,16110827168645,57.858,-1.1773,-0.6704,-1.6138,3,1.0322,1032,220,0,220,3,1,686,16110474159427,16110814436528,340277,0,1,13593,354097,1,,,,693,220,0,1,0,0,25,0,0
696,scan,694,1,16110874813416,,16110874933301,16110877199684,57.908,-1.1776,-0.6778,-1.6138,3,1.0108,1010,220,0,220,1,1,687,16110523956410,16110871630160,347673,0,1,13593,353817,1,,,,694,220,0,1,0,0,25,0,0
697,scan,695,1,16110924546108,,16110924671562,16110926206687,57.958,-1.1783,-0.6928,-1.6138,3,1.0170,1016,220,0,220,3,1,688,16110574119669,16110917773767,343654,0,1,13593,353394,1,,,,695,220,0,1,0,0,25,0,0
698,scan,696,1,16110974653675,,16110974781769,16110977082356,58.008,-1.1786,-0.7002,-1.6138,3,1.0137,1013,220,0,220,3,1,688,,,,1,1,13593,353405,1,,,,696,220,0,1,0,0,25,0,0
699,scan,697,1,16111024616835,,16111024736891,16111026199027,58.058,-1.1792,-0.7152,-1.6138,3,1.0209,1020,220,0,220,3,1,688,,,,1,1,13593,353174,1,,,,697,220,0,1,0,0,25,0,0
700,scan,698,1,16111074763521,,16111074910382,16111077122219,58.108,-1.1796,-0.7227,-1.6138,3,1.0299,1029,220,0,220,1,1,691,16110724643768,16111071152803,346509,0,1,13593,352968,1,,,,698,220,0,1,0,0,25,0,0
701,scan,699,1,16111125068490,,16111125174970,16111127341681,58.158,-1.1802,-0.7376,-1.6138,3,1.0094,1009,220,0,220,4,1,692,16110774626197,16111118761472,344135,0,1,13593,352387,1,,,,699,220,0,1,0,0,25,0,0
702,scan,700,1,16111175179648,,16111175308436,16111177184018,58.208,-1.1805,-0.7451,-1.6138,3,1.0033,1003,220,0,220,1,1,693,16110825006208,16111173958536,348952,0,1,13593,352237,1,,,,700,220,0,1,0,0,25,0,0
703,scan,701,1,16111224843439,,16111224979190,16111227194480,58.258,-1.1809,-0.7526,-1.6138,3,1.0125,1012,220,0,220,1,1,693,,,,1,1,13593,351572,1,,,,701,220,0,1,0,0,25,0,0
704,scan,702,1,16111274859366,,16111274995057,16111277183909,58.308,-1.1815,-0.7675,-1.6138,3,1.0199,1019,220,0,220,1,1,695,16110924587091,16111266468938,341881,0,1,13593,351550,1,,,,702,220,0,1,0,0,25,0,0
705,scan,703,1,16111324861836,,16111324996738,16111327163939,58.358,-1.1818,-0.7750,-1.6138,3,1.0138,1013,220,1,220,1,1,695,,,,1,1,13593,351550,1,,,,703,220,1,1,0,0,25,0,0
706,scan,704,1,16111374892668,,16111375016272,16111377349727,58.408,-1.1825,-0.7899,-1.6138,3,1.0064,1006,220,1,220,1,1,695,,,,1,1,13593,350533,1,,,,704,220,1,1,0,0,25,0,0
707,scan,705,1,16111425007821,,16111425132727,16111427197112,58.458,-1.1828,-0.7974,-1.6138,3,1.0164,1016,220,0,220,1,1,695,,,,1,1,13593,350747,1,,,,705,220,0,1,0,0,25,0,0
708,scan,706,1,16111474973481,,16111475102763,16111477226583,58.508,-1.1834,-0.8123,-1.6137,3,0.9892,989,220,0,220,4,1,698,16111074826366,16111441057084,366230,0,1,13593,351484,1,,,,706,220,0,1,0,0,25,0,0
709,scan,707,1,16111524926764,,16111525045289,16111527303340,58.558,-1.1837,-0.8198,-1.6136,3,1.0066,1006,220,0,220,2,1,699,16111125105083,16111493824318,368719,0,1,13593,352267,1,,,,707,220,0,1,0,0,25,0,0
710,scan,708,1,16111575136994,,16111575270251,16111577227567,58.608,-1.1844,-0.8348,-1.6137,3,1.0158,1015,220,0,220,4,1,700,16111175222793,16111526718271,351495,0,1,13593,351756,1,,,,708,220,0,1,0,0,25,0,0
711,scan,709,1,16111625272687,,16111625398560,16111627206255,58.658,-1.1847,-0.8422,-1.6137,3,1.0115,1011,220,0,220,3,1,701,16111224889467,16111576866333,351976,0,1,13593,351240,1,,,,709,220,0,1,0,0,25,0,0
712,scan,710,1,16111675247968,,16111675376595,16111677204949,58.708,-1.1854,-0.8572,-1.6137,3,0.9965,996,220,0,220,3,1,701,,,,1,1,13593,351299,1,,,,710,220,0,1,0,0,25,0,0
713,scan,711,1,16111725430199,,16111725553577,16111727228030,58.758,-1.1857,-0.8647,-1.6137,3,0.9958,995,220,0,220,3,1,701,,,,1,1,13593,351299,1,,,,711,220,0,1,0,0,25,0,0
714,scan,712,1,16111775701447,,16111775841763,16111778122991,58.808,-1.1863,-0.8796,-1.6137,3,1.0009,1000,220,0,220,0,1,704,16111374936177,16111753364291,378428,0,1,13593,352739,1,,,,712,220,0,1,0,0,25,0,0
715,scan,713,1,16111825663993,,16111825795803,16111827285208,58.858,-1.1866,-0.8871,-1.6137,3,0.9925,992,220,0,220,4,1,705,16111425052811,16111778006777,352953,0,1,13593,352748,1,,,,713,220,0,1,0,0,25,0,0
716,scan,714,1,16111875686564,,16111875826162,16111878111666,58.908,-1.1873,-0.9020,-1.6137,3,1.0198,1019,220,0,220,1,1,706,16111475019826,16111846015293,370995,0,1,13593,353598,1,,,,714,220,0,1,0,0,25,0,0
717,scan,715,1,16111925613396,,16111925737861,16111927239140,58.958,-1.1876,-0.9095,-1.6137,3,0.9928,992,220,0,220,4,1,707,16111524968495,16111882380217,357411,0,1,13593,353724,1,,,,715,220,0,1,0,0,25,0,0
718,scan,716,1,16111975760039,,16111975871505,16111978088284,59.008,-1.1882,-0.9244,-1.6137,3,0.9889,988,220,0,220,4,1,707,,,,1,1,13593,353724,1,,,,716,220,0,1,0,0,25,0,0
719,scan,717,1,16112026531676,,16112026671882,16112028349934,59.058,-1.1886,-0.9319,-1.6137,3,1.0034,1003,220,0,220,4,1,709,16111625318346,16112013011668,387693,0,1,13593,355201,1,,,,717,220,0,1,0,0,25,0,0
720,scan,718,1,16112076669141,,16112076844041,16112079182093,59.108,-1.1889,-0.9394,-1.6137,3,1.0056,1005,220,1,220,4,1,709,,,,1,1,13593,355201,1,,,,718,220,1,1,0,0,25,0,0
721,scan,719,1,16112126151672,,16112126315602,16112129112933,59.158,-1.1895,-0.9543,-1.6137,3,0.9963,996,220,1,220,4,1,709,,,,1,1,13593,355201,1,,,,719,220,1,1,0,0,25,0,0
722,scan,720,1,16112175863815,,16112176040147,16112178274240,59.208,-1.1898,-0.9618,-1.6137,3,0.9967,996,220,1,220,1,1,712,16111775742824,16112138533997,362791,0,1,13593,355517,1,,,,720,220,1,1,0,0,25,0,0
723,scan,721,1,16112225760095,,16112225880680,16112228126970,59.258,-1.1905,-0.9768,-1.6136,3,0.9681,968,220,0,220,5,1,713,16111825712459,16112189572532,363860,0,1,13593,355851,1,,,,721,220,0,1,0,0,25,0,0
724,scan,722,1,16112275552910,,16112275670226,16112277167536,59.308,-1.1908,-0.9842,-1.6135,3,0.9789,978,220,0,220,1,1,714,16111875735234,16112230161809,354426,0,1,13593,355796,1,,,,722,220,0,1,0,0,25,0,0
725,scan,723,1,16112325848965,,16112325989308,16112328176576,59.358,-1.1914,-0.9992,-1.6135,3,0.9655,965,220,0,220,5,1,715,16111925656415,16112284204341,358547,0,1,13593,355898,1,,,,723,220,0,1,0,0,25,0,0
726,scan,724,1,16112376035772,,16112376197435,16112378283761,59.408,-1.1918,-1.0066,-1.6135,3,0.9496,949,220,0,220,1,1,716,16111975797156,16112350835555,375038,0,1,13593,357031,1,,,,724,220,0,1,0,0,25,0,0
727,scan,725,1,16112425743788,,16112425866426,16112428172243,59.458,-1.1924,-1.0216,-1.6136,3,0.9394,939,220,0,220,6,1,717,16112026579594,16112391456003,364876,0,1,13593,357311,1,,,,725,220,0,1,0,0,25,0,0
728,scan,726,1,16112476368536,,16112476499624,16112478147404,59.508,-1.1927,-1.0291,-1.6136,3,0.9345,934,220,0,220,4,1,718,16112076730529,16112428478933,351748,0,1,13593,356402,1,,,,726,220,0,1,0,0,25,0,0
729,scan,727,1,16112526253230,,16112526373122,16112528294194,59.558,-1.1934,-1.0440,-1.6135,3,0.9215,921,220,0,220,7,1,719,16112126208162,16112480153650,353945,0,1,13593,356242,1,,,,727,220,0,1,0,0,25,0,0
730,scan,728,1,16112576238871,,16112576369318,16112578164438,59.608,-1.1937,-1.0515,-1.6135,4,0.9003,900,0,1000,220,-1,1,721,16112225801762,16112569413523,343611,0,1,13593,356358,1,,,,728,0,1000,1,0,0,25,0,0
731,scan,729,1,16112626068366,,16112626187207,16112628277719,59.658,-1.1943,-1.0652,-1.6136,4,0.9042,904,0,1000,220,-1,1,721,,,,1,1,13593,356358,1,,,,729,0,1000,1,0,0,25,0,0
732,scan,730,1,16112675954116,,16112676125915,16112678280342,59.708,-1.1945,-1.0702,-1.6137,4,0.8922,892,0,1000,220,5,1,722,16112275594365,16112644221530,368627,0,1,13593,356790,1,,,,730,0,1000,1,0,0,25,0,0
733,scan,731,1,16112725680097,,16112725808270,16112728164165,59.758,-1.1948,-1.0769,-1.6142,4,0.8917,891,0,1000,220,-1,1,723,16112325897353,16112678106113,352208,0,1,13593,356887,1,,,,731,0,1000,1,0,0,25,0,0
734,scan,732,1,16112775921695,,16112776088965,16112778191649,59.808,-1.1949,-1.0790,-1.6129,4,0.8828,882,0,1000,220,-1,1,723,,,,1,1,13593,357358,1,,,,732,0,1000,1,0,0,25,0,0
735,scan,733,1,16112826469779,,16112826727826,16112828331030,59.858,-1.1950,-1.0817,-1.5862,4,0.8837,883,0,1000,220,-2,1,725,16112425783350,16112782609722,356826,0,1,13593,357971,1,,,,733,0,1000,1,0,0,25,0,0
736,scan,734,1,16112876039816,,16112876167168,16112878151559,59.908,-1.1950,-1.0821,-1.5553,4,0.8843,884,0,1000,220,6,1,726,16112476411803,16112842301471,365889,0,1,13593,358645,1,,,,734,0,1000,1,0,0,25,0,0
737,scan,735,1,16112926483505,,16112926627545,16112928304411,59.958,-1.1950,-1.0820,-1.5158,4,0.8895,889,0,1000,220,-1,1,727,16112526291518,16112902144919,375853,0,1,13593,359838,1,,,,735,0,1000,1,0,0,25,0,0
738,scan,736,1,16112976740575,,16112976867742,16112979057265,60.008,-1.1950,-1.0819,-1.4359,4,0.8914,891,0,1000,0,999,1,728,16112576286898,16112932436247,356149,0,1,13593,359706,1,,,,736,0,1000,1,0,0,25,0,0
739,scan,737,1,16113026659745,,16113026802272,16113028323890,60.058,-1.1950,-1.0819,-1.4043,4,0.8913,891,0,1000,0,999,1,730,16112675996264,16113023762366,347766,0,1,13593,359294,1,,,,737,0,1000,1,0,0,25,0,0
740,scan,738,1,16113076455689,,16113076590880,16113078524527,60.108,-1.1950,-1.0817,-1.3455,4,0.8754,875,0,1000,0,999,1,730,,,,1,1,13593,359751,1,,,,738,0,1000,1,0,0,25,0,0
741,scan,739,1,16113126599640,,16113126744907,16113128259085,60.158,-1.1950,-1.0817,-1.3110,4,0.8864,886,0,1000,0,999,1,730,,,,1,1,13593,360329,1,,,,739,0,1000,1,0,0,25,0,0
742,scan,740,1,16113176843917,,16113176967704,16113179102378,60.208,-1.1951,-1.0816,-1.2368,4,0.8753,875,0,1000,0,999,1,732,16112775964148,16113132425854,356461,0,1,13593,360607,1,,,,740,0,1000,1,0,0,25,0,0
743,scan,741,1,16113226787535,,16113226914622,16113229350118,60.258,-1.1951,-1.0815,-1.2025,4,0.8893,889,0,1000,0,999,1,734,16112876082798,16113216949861,340867,0,1,13593,359902,1,,,,741,0,1000,1,0,0,25,0,0
744,scan,742,1,16113277075522,,16113277224589,16113279260012,60.308,-1.1952,-1.0814,-1.1386,4,0.8805,880,0,1000,0,999,1,734,,,,1,1,13593,360570,1,,,,742,0,1000,1,0,0,25,0,0
745,scan,743,1,16113327307324,,16113327436740,16113329271470,60.358,-1.1952,-1.0814,-1.1053,4,0.8845,884,0,1000,0,999,1,734,,,,1,1,13593,360570,1,,,,743,0,1000,1,0,0,25,0,0
746,scan,744,1,16113377543220,,16113377681031,16113379219462,60.408,-1.1953,-1.0813,-1.0350,4,0.8750,875,0,1000,0,999,1,736,16112976782307,16113333363857,356581,0,1,13593,360427,1,,,,744,0,1000,1,0,0,25,0,0
747,scan,745,1,16113427541690,,16113427669297,16113429137986,60.458,-1.1953,-1.0812,-1.0003,4,0.8780,878,0,1000,0,999,1,738,16113076500495,16113419991681,343491,0,1,13593,359843,1,,,,745,0,1000,1,0,0,25,0,0
748,scan,746,1,16113477559769,,16113477680197,16113479225435,60.508,-1.1954,-1.0811,-0.9337,4,0.8821,882,0,1000,0,999,1,739,16113126643111,16113475292191,348649,0,1,13593,359237,1,,,,746,0,1000,1,0,0,25,0,0
749,scan,747,1,16113527576531,,16113527703775,16113529283695,60.558,-1.1954,-1.0811,-0.9005,4,0.8861,886,0,1000,0,999,1,740,16113176884764,16113525299157,348414,0,1,13593,358537,1,,,,747,0,1000,1,0,0,25,0,0
750,scan,748,1,16113577527922,,16113577672358,16113579220918,60.608,-1.1955,-1.0810,-0.8319,4,0.8781,878,0,1000,0,999,1,740,,,,1,1,13593,358789,1,,,,748,0,1000,1,0,0,25,0,0
751,scan,749,1,16113627670500,,16113627789153,16113630089385,60.658,-1.1955,-1.0810,-0.7973,4,0.8739,873,0,1000,0,999,1,741,16113226832733,16113617122264,390289,0,1,13593,360157,1,,,,749,0,1000,1,0,0,25,0,0
752,scan,750,1,16113677502528,,16113677639346,16113679137453,60.708,-1.1956,-1.0809,-0.7296,4,0.8775,877,0,1000,0,999,1,741,,,,1,1,13593,360157,1,,,,750,0,1000,1,0,0,25,0,0
753,scan,751,1,16113727581534,,16113727729791,16113730060713,60.758,-1.1957,-1.0809,-0.6960,4,0.8790,879,0,1000,0,999,1,743,16113327353673,16113707426415,380072,0,1,13593,360844,1,,,,751,0,1000,1,0,0,25,0,0
754,scan,752,1,16113777599051,,16113777724738,16113779523932,60.808,-1.1957,-1.0808,-0.6622,4,0.7686,768,0,1000,0,999,1,745,16113427586613,16113773805439,346218,0,1,13593,359733,1,,,,752,0,1000,1,0,0,25,0,0
755,scan,753,1,16113827679400,,16113827799629,16113830099800,60.858,-1.1958,-1.0808,-0.5938,4,0.7442,744,0,1000,0,999,1,746,16113477602111,16113821706200,344104,0,1,13593,359428,1,,,,753,0,1000,1,0,0,25,0,0
756,scan,754,1,16113877800688,,16113877986278,16113880192614,60.908,-1.1959,-1.0807,-0.5597,4,0.7235,723,0,1000,0,999,1,746,,,,1,1,13593,359015,1,,,,754,0,1000,1,0,0,25,0,0
757,scan,755,1,16113927683156,,16113927814242,16113930098872,60.958,-1.1960,-1.0807,-0.4921,4,0.7075,707,0,865,0,999,1,746,,,,1,1,13593,359074,1,,,,755,0,865,1,0,0,25,0,0
758,scan,756,1,16113977729168,,16113977853654,16113980072239,61.008,-1.1960,-1.0807,-0.4583,4,0.7065,706,220,797,0,999,1,746,,,,1,1,13593,359074,1,,,,756,220,797,1,0,0,25,0,0
759,scan,757,1,16114027989763,,16114028162552,16114031107654,61.058,-1.1951,-1.0811,-0.3942,4,0.7094,709,220,669,0,999,1,749,16113627716153,16113991277534,363561,0,1,13593,358180,1,,,,757,220,669,1,0,0,25,0,0
760,scan,758,1,16114078080209,,16114078234285,16114080227703,61.108,-1.1930,-1.0819,-0.3655,4,0.7095,709,220,613,0,999,1,750,16113677539209,16114039625229,362086,0,1,13593,358320,1,,,,758,220,613,1,0,0,25,0,0
761,scan,759,1,16114128719560,,16114128890528,16114131182524,61.158,-1.1854,-1.0846,-0.3076,4,0.6993,699,220,499,0,999,1,751,16113727626410,16114095143645,367517,0,1,13593,358637,1,,,,759,220,499,1,0,0,25,0,0
762,scan,760,1,16114178625825,,16114178754600,16114180489233,61.208,-1.1800,-1.0862,-0.2764,4,0.7032,703,220,438,0,998,1,753,16113827721248,16114175506466,347785,0,1,13593,358119,1,,,,760,220,438,1,0,0,25,0,0
763,scan,761,1,16114229200537,,16114229347587,16114231371809,61.258,-1.1667,-1.0896,-0.2187,4,0.6959,695,220,325,0,998,1,753,,,,1,1,13593,357914,1,,,,761,220,325,1,0,0,25,0,0
764,scan,762,1,16114279401425,,16114279539114,16114281198110,61.308,-1.1594,-1.0911,-0.2022,4,0.6793,679,220,293,0,993,1,754,16113877843683,16114238358177,360514,0,1,13593,358132,1,,,,762,220,293,1,0,0,25,0,0
765,scan,763,1,16114328716477,,16114328836837,16114331095867,61.358,-1.1447,-1.0940,-0.1934,4,0.6806,680,220,278,0,870,1,755,16113927726900,16114298202182,370475,0,1,13593,358558,1,,,,763,220,278,1,0,0,25,0,0
766,scan,764,1,16114378747893,,16114378904299,16114381165569,61.408,-1.1374,-1.0955,-0.1884,4,0.6573,657,220,269,102,795,1,756,16113977772470,16114352248362,374475,0,1,13593,358538,1,,,,764,220,269,1,0,0,25,0,0
767,scan,765,1,16114428794392,,16114428918036,16114431178617,61.458,-1.1227,-1.0981,-0.1634,4,0.6552,655,220,221,220,656,1,757,16114028061196,16114402949241,374888,0,1,13593,358895,1,,,,765,220,221,1,0,0,25,0,0
768,scan,766,1,16114478934431,,16114479079228,16114481216002,61.508,-1.1154,-1.0993,-0.1505,4,0.6501,650,220,196,220,484,1,759,16114128771773,16114474628102,345856,0,1,13593,358685,1,,,,766,220,196,1,0,0,25,0,0
769,scan,767,1,16114528703029,,16114528812525,16114531026745,61.558,-1.1006,-1.1014,-0.1372,4,0.6375,637,220,171,220,421,1,760,16114178671988,16114527925585,349253,0,1,13593,358517,1,,,,767,220,171,1,0,0,25,0,0
770,scan,768,1,16114578535473,,16114578669361,16114580174160,61.608,-1.0932,-1.1024,-0.1342,4,0.6208,620,220,165,220,313,1,761,16114229254329,16114577461896,348207,0,1,13593,358681,1,,,,768,220,165,1,0,0,25,0,0
771,scan,769,1,16114628658607,,16114628787723,16114631093597,61.658,-1.0858,-1.1034,-0.1297,4,0.6086,608,220,157,220,313,1,761,,,,1,1,13593,358681,1,,,,769,220,157,1,0,0,25,0,0
772,scan,770,1,16114678873439,,16114679100130,16114681189671,61.708,-1.0709,-1.1052,-0.1155,4,0.6054,605,220,130,220,281,1,762,16114279450642,16114642466162,363015,0,1,13593,358481,1,,,,770,220,130,1,0,0,25,0,0
773,scan,771,1,16114728815172,,16114728955823,16114731105318,61.758,-1.0635,-1.1060,-0.1088,4,0.5934,593,220,117,220,266,1,763,16114328755895,16114681400747,352644,0,1,13593,358497,1,,,,771,220,117,1,0,0,25,0,0
774,scan,772,1,16114778836214,,16114778951000,16114781095144,61.808,-1.0487,-1.1076,-0.1009,4,0.5935,593,220,102,220,211,1,765,16114428837578,16114777991739,349154,0,1,13593,358174,1,,,,772,220,102,1,0,0,25,0,0
775,scan,773,1,16114829024267,,16114829159967,16114831223090,61.858,-1.0412,-1.1084,-0.0985,4,0.5799,579,220,97,220,211,1,765,,,,1,1,13593,358223,1,,,,773,220,97,1,0,0,25,0,0
776,scan,774,1,16114878938510,,16114879059623,16114881392731,61.908,-1.0263,-1.1098,-0.0916,4,0.5699,569,220,85,220,186,1,766,16114478982877,16114832609417,353626,0,1,13593,357785,1,,,,774,220,85,1,0,0,25,0,0
777,scan,775,1,16114929342723,,16114929515579,16114931129995,61.958,-1.0189,-1.1105,-0.0876,4,0.5710,571,220,77,220,163,1,767,16114528739497,16114899588643,370849,0,1,13593,357606,1,,,,775,220,77,1,0,0,25,0,0
778,scan,776,1,16114979097700,,16114979245740,16114981165702,62.008,-1.0040,-1.1117,-0.0813,4,0.5565,556,220,65,220,150,1,769,16114628705081,16114969265430,340560,0,1,13593,357049,1,,,,776,220,65,1,0,0,25,0,0
779,scan,777,1,16115029028748,,16115029152770,16115031152878,62.058,-0.9965,-1.1123,-0.0794,4,0.5475,547,220,61,220,150,1,769,,,,1,1,13593,357393,1,,,,777,220,61,1,0,0,25,0,0
780,scan,778,1,16115079043962,,16115079166574,16115081270103,62.108,-0.9816,-1.1135,-0.0755,4,0.5381,538,220,54,220,150,1,769,,,,1,1,13593,357393,1,,,,778,220,54,1,0,0,25,0,0
781,scan,779,1,16115129395117,,16115129538393,16115131245628,62.158,-0.9742,-1.1140,-0.0733,4,0.5253,525,220,50,220,98,1,772,16114778877661,16115126031090,347153,0,1,13593,357027,1,,,,779,220,50,1,0,0,25,0,0
782,scan,780,1,16115178998435,,16115179122250,16115181188147,62.208,-0.9592,-1.1151,-0.0692,4,0.5185,518,220,42,220,92,1,773,16114829070845,16115175284792,346213,0,1,13593,356661,1,,,,780,220,42,1,0,0,25,0,0
783,scan,781,1,16115229747236,,16115229946000,16115232250519,62.258,-0.9518,-1.1156,-0.0677,4,0.5035,503,220,39,220,92,1,773,,,,1,1,13593,357246,1,,,,781,220,39,1,0,0,25,0,0
784,scan,782,1,16115279611706,,16115279745668,16115282159621,62.308,-0.9368,-1.1166,-0.0652,4,0.4834,483,220,34,220,82,1,774,16114878978016,16115240862590,361884,0,1,13593,357412,1,,,,782,220,34,1,0,0,25,0,0
785,scan,783,1,16115329647448,,16115329775924,16115332129503,62.358,-0.9294,-1.1171,-0.0639,4,0.4816,481,220,32,220,74,1,775,16114929406424,16115303055962,373649,0,1,13593,357972,1,,,,783,220,32,1,0,0,25,0,0
786,scan,784,1,16115379871081,,16115380046384,16115382239284,62.408,-0.9144,-1.1180,-0.0614,4,0.4809,480,220,27,220,62,1,776,16114979140892,16115338835781,359694,0,1,13593,358079,1,,,,784,220,27,1,0,0,25,0,0
787,scan,785,1,16115429810233,,16115429943208,16115432171605,62.458,-0.9070,-1.1185,-0.0603,4,0.4669,466,220,25,220,62,1,776,,,,1,1,13593,358600,1,,,,785,220,25,1,0,0,25,0,0
788,scan,786,1,16115479768914,,16115479901125,16115482216376,62.508,-0.8995,-1.1189,-0.0594,4,0.4694,469,220,24,220,50,1,778,16115079083878,16115467667291,388583,0,1,13593,360026,1,,,,786,220,24,1,0,0,25,0,0
789,scan,787,1,16115529902590,,16115530057737,16115532373880,62.558,-0.8846,-1.1198,-0.0577,4,0.4487,448,220,20,220,50,1,778,,,,1,1,13593,360456,1,,,,787,220,20,1,0,0,25,0,0
790,scan,788,1,16115579688447,,16115579820540,16115582138628,62.608,-0.8772,-1.1202,-0.0568,4,0.4310,431,220,19,220,39,1,781,16115229817383,16115578680565,348863,0,1,13593,360042,1,,,,788,220,19,1,0,0,25,0,0
791,scan,789,1,16115630029698,,16115630167220,16115632268164,62.658,-0.8622,-1.1211,-0.0552,4,0.4294,429,220,16,220,39,1,781,,,,1,1,13593,358922,1,,,,789,220,16,1,0,0,25,0,0
792,scan,790,1,16115679812117,,16115679934836,16115682180632,62.708,-0.8548,-1.1215,-0.0546,4,0.4266,426,220,14,220,39,1,781,,,,1,1,13593,358922,1,,,,790,220,14,1,0,0,25,0,0
793,scan,791,1,16115730037664,,16115730165219,16115732212102,62.758,-0.8398,-1.1223,-0.0536,4,0.4185,418,220,13,220,31,1,783,16115329693213,16115690497764,360804,0,1,13593,358209,1,,,,791,220,13,1,0,0,25,0,0
794,scan,792,1,16115780077281,,16115780202283,16115782253086,62.808,-0.8324,-1.1227,-0.0532,4,0.3995,399,220,12,220,25,1,784,16115379924572,16115741099437,361174,0,1,13593,358762,1,,,,792,218,12,1,1,0,25,0,0
795,scan,793,1,16115829907713,,16115830062470,16115832214155,62.858,-0.8175,-1.1235,-0.0523,4,0.3958,395,220,10,220,23,1,785,16115429856449,16115813374654,383518,0,1,13593,360222,1,,,,793,214,10,1,1,0,25,0,0
796,scan,794,1,16115879896702,,16115880090935,16115883061709,62.908,-0.8101,-1.1239,-0.0519,4,0.3915,391,220,9,220,22,1,786,16115479817171,16115836832622,357015,0,1,13593,360108,1,,,,794,210,9,1,1,0,25,0,0
797,scan,795,1,16115929884106,,16115930013295,16115932344994,62.958,-0.7957,-1.1246,-0.0512,4,0.3898,389,220,8,220,20,1,787,16115529955413,16115886446729,356491,0,1,13593,359983,1,,,,795,207,8,1,1,0,25,0,0
798,scan,796,1,16115980135027,,16115980276005,16115982185694,63.008,-0.7886,-1.1250,-0.0509,4,0.3733,373,220,7,220,18,1,788,16115579735779,16115935156223,355420,0,1,13593,359831,1,,,,796,190,7,1,1,0,25,0,0
799,scan,797,1,16116029612635,,16116029747248,16116031141484,63.058,-0.7747,-1.1257,-0.0477,4,0.3685,368,220,1,220,14,1,790,16115679856165,16116026067813,346211,0,1,13593,359253,1,,,,797,184,1,1,1,0,25,0,0
800,scan,798,1,16116079755038,,16116079883490,16116082184898,63.108,-0.7681,-1.1259,-0.0375,4,0.3655,365,220,-19,220,14,1,790,,,,1,1,13593,359155,1,,,,798,181,-19,1,1,0,25,0,0
801,scan,799,1,16116129841148,,16116129966937,16116132261787,63.158,-0.7557,-1.1263,-0.0242,4,0.3540,354,220,-46,220,13,1,791,16115730082311,16116083657708,353575,0,1,13593,358674,1,,,,799,169,-46,1,1,0,25,0,0
802,scan,800,1,16116180143682,,16116180271700,16116182143322,63.208,-0.7495,-1.1265,-0.0299,4,0.3488,348,220,-35,220,9,1,793,16115829959413,16116178380026,348420,0,1,13593,358696,1,,,,800,162,-35,1,1,0,25,0,0
803,scan,801,1,16116230663145,,16116230787504,16116232256533,63.258,-0.7381,-1.1269,-0.0432,4,0.3454,345,220,-9,220,9,1,793,,,,1,1,13593,358696,1,,,,801,159,-9,1,1,0,25,0,0
804,scan,802,1,16116280592569,,16116280729169,16116282303097,63.308,-0.7326,-1.1271,-0.0423,4,0.3244,324,220,-10,220,10,1,794,16115879947876,16116273168002,393220,0,1,13593,359824,1,,,,802,136,-10,1,1,0,25,0,0
805,scan,803,1,16116330473149,,16116330637388,16116332654487,63.358,-0.7272,-1.1273,-0.0383,4,0.3258,325,220,-18,220,8,1,795,16115929928644,16116287697663,357769,0,1,13593,359386,1,,,,803,137,-18,1,1,0,25,0,0
806,scan,804,1,16116380854674,,16116380980423,16116383130820,63.408,-0.7179,-1.1277,-0.0361,4,0.3254,325,220,-23,220,8,1,795,,,,1,1,13593,358847,1,,,,804,137,-23,1,1,0,25,0,0
807,scan,805,1,16116430713981,,16116430862957,16116433066429,63.458,-0.7132,-1.1279,-0.0395,4,0.3188,318,220,-16,220,8,1,795,,,,1,1,13593,358253,1,,,,805,129,-16,1,1,0,25,0,0
808,scan,806,1,16116480638912,,16116480799298,16116482210667,63.508,-0.7042,-1.1282,-0.0440,4,0.3253,325,220,-7,220,8,1,795,,,,1,1,13593,358729,1,,,,806,137,-7,1,1,0,25,0,0
809,scan,807,1,16116531085377,,16116531228005,16116533251974,63.558,-0.6998,-1.1284,-0.0431,4,0.3048,304,220,-9,220,-33,1,800,16116180190066,16116526722998,346532,0,1,13593,358625,1,,,,807,114,-9,1,1,0,25,0,0
810,scan,808,1,16116580842341,,16116581012718,16116583196270,63.608,-0.6912,-1.1288,-0.0412,4,0.3188,318,220,-13,220,-8,1,801,16116230703001,16116574148160,343445,0,1,13593,358442,1,,,,808,129,-13,1,1,0,25,0,0
811,scan,809,1,16116630774043,,16116630924423,16116633089747,63.658,-0.6874,-1.1289,-0.0425,4,0.3105,310,220,-10,220,-8,1,801,,,,1,1,13593,358442,1,,,,809,121,-10,1,1,0,25,0,0
812,scan,810,1,16116680702179,,16116680828167,16116683207152,63.708,-0.6788,-1.1293,-0.0465,4,0.3099,309,220,-3,220,-10,1,802,16116280642864,16116637097969,356455,0,1,13593,358189,1,,,,810,119,-3,1,1,0,25,0,0
813,scan,811,1,16116730889482,,16116731025485,16116733116798,63.758,-0.6747,-1.1295,-0.0471,4,0.3104,310,220,-1,220,-10,1,802,,,,1,1,13593,358411,1,,,,811,121,-1,1,1,0,25,0,0
814,scan,812,1,16116780655716,,16116780776804,16116782243501,63.808,-0.6665,-1.1299,-0.0454,4,0.3058,305,220,-5,220,-10,1,802,,,,1,1,13593,358797,1,,,,812,115,-5,1,1,0,25,0,0
815,scan,813,1,16116830779171,,16116830922419,16116833083781,63.858,-0.6624,-1.1301,-0.0449,4,0.3000,299,220,-6,220,-16,1,805,16116430762402,16116792600534,361838,0,1,13593,358918,1,,,,813,108,-6,1,1,0,25,0,0
816,scan,814,1,16116880753624,,16116880881296,16116883023034,63.908,-0.6549,-1.1304,-0.0461,4,0.3110,311,220,-3,220,-7,1,806,16116480700036,16116836261870,355561,0,1,13593,358996,1,,,,814,122,-3,1,1,0,25,0,0
817,scan,815,1,16116930852755,,16116930976914,16116933185173,63.958,-0.6512,-1.1306,-0.0469,4,0.2893,289,220,-2,220,-9,1,807,16116531136704,16116906609677,375472,0,1,13593,359181,1,,,,815,100,-2,1,1,0,25,0,0
818,scan,816,1,16116981077652,,16116981202462,16116983161366,64.008,-0.6432,-1.1310,-0.0469,4,0.2886,288,220,-2,220,-12,1,808,16116580919271,16116943529774,362610,0,1,13593,360063,1,,,,816,100,-2,1,1,0,25,0,0
819,scan,817,1,16117031505946,,16117031641279,16117033388541,64.058,-0.6398,-1.1311,-0.0466,4,0.2997,299,220,-2,220,-1,1,810,16116680744046,16117028498697,347754,0,1,13593,359589,1,,,,817,108,-2,1,1,0,25,0,0
820,scan,818,1,16117081393115,,16117081525954,16117083319635,64.108,-0.6327,-1.1315,-0.0468,4,0.2949,294,220,-2,220,-1,1,810,,,,1,1,13593,359589,1,,,,818,103,-2,1,1,0,25,0,0
821,scan,819,1,16117131522942,,16117131674869,16117134069750,64.158,-0.6290,-1.1316,-0.0471,4,0.2932,293,220,-1,220,-5,1,812,16116780696858,16117121159429,340462,0,1,13593,359332,1,,,,819,102,-1,1,1,0,25,0,0
822,scan,820,1,16117181481028,,16117181634598,16117183318427,64.208,-0.6255,-1.1318,-0.0473,4,0.2903,290,220,-1,220,-5,1,812,,,,1,1,13593,359857,1,,,,820,100,-1,1,1,0,25,0,0
823,scan,821,1,16117231464400,,16117231600976,16117233209163,64.258,-0.6186,-1.1321,-0.0472,4,0.2906,290,220,-1,220,-5,1,813,16116830829460,16117206806195,375976,0,1,13593,360477,1,,,,821,100,-1,1,1,0,25,0,0
824,scan,822,1,16117281894064,,16117282092093,16117284207072,64.308,-0.6152,-1.1323,-0.0471,4,0.2799,279,220,-1,220,-3,1,814,16116880796348,16117231650409,350854,0,1,13593,360052,1,,,,822,100,-1,1,1,0,25,0,0
825,scan,823,1,16117331792868,,16117331933486,16117334106740,64.358,-0.6084,-1.1326,-0.0472,4,0.2954,295,220,-1,220,0,1,815,16116930895090,16117283993660,353098,0,1,13593,359262,1,,,,823,104,-1,1,1,0,25,0,0
826,scan,824,1,16117381823733,,16117381954201,16117384150256,64.408,-0.6050,-1.1328,-0.0473,4,0.2874,287,220,-1,220,-1,1,817,16117031556693,16117375576763,344020,0,1,13593,358659,1,,,,824,100,-1,1,1,0,25,0,0
827,scan,825,1,16117431571576,,16117431696677,16117433238751,64.458,-0.5981,-1.1331,-0.0474,4,0.2898,289,220,-1,220,-1,1,817,,,,1,1,13593,358659,1,,,,825,100,-1,1,1,0,25,0,0
828,scan,826,1,16117481786788,,16117481912185,16117484091355,64.508,-0.5947,-1.1333,-0.0474,4,0.2927,292,220,-1,220,-2,1,818,16117081437555,16117479843570,398406,0,1,13593,359037,1,,,,826,101,-1,1,1,0,25,0,0
829,scan,827,1,16117531937369,,16117532126727,16117534152946,64.558,-0.5879,-1.1336,-0.0474,4,0.2908,290,220,-1,220,-1,1,820,16117181535028,16117526105401,344570,0,1,13593,358501,1,,,,827,100,-1,1,1,0,25,0,0
830,scan,828,1,16117582320613,,16117582579092,16117584276264,64.608,-0.5844,-1.1337,-0.0475,4,0.2938,293,220,-1,220,-1,1,821,16117231512224,16117575780885,344268,0,1,13593,358331,1,,,,828,102,-1,1,1,0,25,0,0
831,scan,829,1,16117631753491,,16117631881675,16117634105840,64.658,-0.5776,-1.1341,-0.0476,4,0.2901,290,220,0,220,-1,1,821,,,,1,1,13593,358331,1,,,,829,100,0,1,1,0,25,0,0
832,scan,830,1,16117681780998,,16117681948811,16117684255520,64.708,-0.5741,-1.1342,-0.0476,4,0.2883,288,220,0,220,-1,1,822,16117281955626,16117635062818,353107,0,1,13593,358144,1,,,,830,100,0,1,1,0,25,0,0
833,scan,831,1,16117731700529,,16117731849466,16117734174966,64.758,-0.5673,-1.1346,-0.0476,4,0.2925,292,220,0,220,0,1,823,16117331842909,16117691265785,359422,0,1,13593,358095,1,,,,831,101,0,1,1,0,25,0,0
834,scan,832,1,16117781821938,,16117781958991,16117784116310,64.808,-0.5639,-1.1347,-0.0476,4,0.2778,277,220,0,220,-1,1,824,16117381871075,16117740317397,358446,0,1,13593,357998,1,,,,832,100,0,1,1,0,25,0,0
835,scan,833,1,16117831893516,,16117832066086,16117834100691,64.858,-0.5571,-1.1350,-0.0476,4,0.3064,306,220,0,220,-1,1,824,,,,1,1,13593,357052,1,,,,833,116,0,1,1,0,25,0,0
836,scan,834,1,16117882263406,,16117882390669,16117884318202,64.908,-0.5537,-1.1352,-0.0476,4,0.2720,271,220,0,220,-1,1,824,,,,1,1,13593,357054,1,,,,834,100,0,1,1,0,25,0,0
837,scan,835,1,16117932325241,,16117932454029,16117934240029,64.958,-0.5463,-1.1356,-0.0478,4,0.3083,308,220,0,220,0,1,827,16117531985089,16117893438768,361453,0,1,13593,357245,1,,,,835,118,0,1,1,0,25,0,0
838,scan,836,1,16117982158388,,16117982287553,16117984291842,65.008,-0.5429,-1.1357,-0.0479,4,0.3047,304,220,0,220,-1,1,828,16117582415522,16117940717760,358302,0,1,13593,357356,1,,,,836,114,0,1,1,0,25,0,0
839,scan,837,1,16118032240562,,16118032367505,16118034238823,65.058,-0.5389,-1.1359,-0.0479,4,0.3212,321,220,0,220,1,1,829,16117631797321,16118009750976,377953,0,1,13593,358576,1,,,,837,133,0,1,1,0,25,0,0
840,scan,838,1,16118082243261,,16118082360981,16118084244282,65.108,-0.5312,-1.1363,-0.0478,4,0.3174,317,220,0,220,2,1,831,16117731751017,16118074729029,342978,0,1,13593,357999,1,,,,838,128,0,1,1,0,25,0,0
841,scan,839,1,16118132087246,,16118132213520,16118134203811,65.158,-0.5266,-1.1365,-0.0477,4,0.3189,318,220,0,220,2,1,831,,,,1,1,13593,358169,1,,,,839,129,0,1,1,0,25,0,0
842,scan,840,1,16118182471281,,16118182733240,16118184281438,65.208,-0.5178,-1.1369,-0.0478,4,1.0571,1057,220,0,220,1,1,832,16117781870318,16118148630078,366759,0,1,13593,358874,1,,,,840,220,0,1,0,0,25,0,0
843,scan,841,1,16118232286869,,16118232421875,16118234222670,65.258,-0.5134,-1.1371,-0.0479,4,1.0456,1045,220,0,220,1,1,833,16117831939394,16118193916078,361976,0,1,13593,358989,1,,,,841,220,0,1,0,0,25,0,0
844,scan,842,1,16118282064856,,16118282187777,16118284277434,65.308,-0.5007,-1.1377,-0.0478,4,1.0685,1068,220,0,220,1,1,834,16117882307068,16118242841846,360534,0,1,13593,357779,1,,,,842,220,0,1,0,0,25,0,0
845,scan,843,1,16118332269568,,16118332396287,16118334222497,65.358,-0.4932,-1.1381,-0.0478,4,1.0507,1050,220,0,220,1,1,834,,,,1,1,13593,357779,1,,,,843,220,0,1,0,0,25,0,0
846,scan,844,1,16118382145545,,16118382270610,16118384262231,65.408,-0.4783,-1.1388,-0.0479,4,1.0619,1061,220,0,220,1,1,836,16117982201963,16118343651167,361449,0,1,13593,357915,1,,,,844,220,0,1,0,0,25,0,0
847,scan,845,1,16118432948861,,16118433087286,16118435209287,65.458,-0.4708,-1.1392,-0.0479,4,1.0454,1045,220,0,220,1,1,836,,,,1,1,13593,357915,1,,,,845,220,0,1,0,0,25,0,0
848,scan,846,1,16118482964734,,16118483101013,16118485294364,65.508,-0.4559,-1.1399,-0.0478,4,1.0626,1062,220,0,220,1,1,838,16118082285895,16118451908308,369622,0,1,13593,358333,1,,,,846,220,0,1,0,0,25,0,0
849,scan,847,1,16118533330582,,16118533460495,16118535285124,65.558,-0.4484,-1.1402,-0.0478,4,1.0428,1042,220,0,220,1,1,838,,,,1,1,13593,358770,1,,,,847,220,0,1,0,0,25,0,0
850,scan,848,1,16118582857131,,16118582982510,16118585113460,65.608,-0.4334,-1.1410,-0.0478,4,1.0522,1052,220,0,220,1,1,841,16118232336554,16118578954073,346617,0,1,13593,358887,1,,,,848,220,0,1,0,0,25,0,0
851,scan,849,1,16118633086639,,16118633223260,16118635272100,65.658,-0.4260,-1.1413,-0.0478,4,1.0719,1071,220,0,220,1,1,841,,,,1,1,13593,358887,1,,,,849,220,0,1,0,0,25,0,0
852,scan,850,1,16118683263021,,16118683396131,16118685220942,65.708,-0.4110,-1.1420,-0.0478,4,1.0682,1068,220,0,220,1,1,842,16118282107308,16118641059351,358952,0,1,13593,358980,1,,,,850,220,0,1,0,0,25,0,0
853,scan,851,1,16118733219121,,16118733349715,16118735141811,65.758,-0.4035,-1.1424,-0.0478,4,1.0472,1047,220,0,220,1,1,843,16118332313460,16118695846594,363533,0,1,13593,359143,1,,,,851,220,0,1,0,0,25,0,0
854,scan,852,1,16118783673275,,16118783919156,16118786080742,65.808,-0.3886,-1.1431,-0.0478,4,1.0364,1036,220,0,220,1,1,843,,,,1,1,13593,359143,1,,,,852,220,0,1,0,0,25,0,0
855,scan,853,1,16118833231778,,16118833362495,16118835164318,65.858,-0.3811,-1.1435,-0.0478,4,1.0472,1047,220,0,220,1,1,845,16118432995378,16118803349828,370354,0,1,13593,359447,1,,,,853,220,0,1,0,0,25,0,0
856,scan,854,1,16118883000645,,16118883125195,16118885260096,65.908,-0.3737,-1.1438,-0.0478,4,1.0493,1049,220,0,220,1,1,847,16118533376344,16118878569912,345193,0,1,13593,359076,1,,,,854,220,0,1,0,0,25,0,0
857,scan,855,1,16118933102696,,16118933236989,16118935275134,65.958,-0.3587,-1.1445,-0.0478,4,1.0608,1060,220,0,220,1,1,847,,,,1,1,13593,358469,1,,,,855,220,0,1,0,0,25,0,0
858,scan,856,1,16118983564575,,16118983694386,16118985177303,66.008,-0.3513,-1.1449,-0.0478,4,1.0539,1053,220,0,220,1,1,848,16118582899684,16118963111817,380212,0,1,13593,359121,1,,,,856,220,0,1,0,0,25,0,0
859,scan,857,1,16119033431207,,16119033555929,16119035122995,66.058,-0.3363,-1.1456,-0.0478,4,1.0269,1026,220,0,220,1,1,849,16118633134639,16118983890721,350756,0,1,13593,359232,1,,,,857,220,0,1,0,0,25,0,0
860,scan,858,1,16119083466395,,16119083591574,16119085207435,66.108,-0.3288,-1.1460,-0.0478,4,1.0354,1035,220,0,220,1,1,851,16118733263674,16119076501757,343238,0,1,13593,358661,1,,,,858,220,0,1,0,0,25,0,0
861,scan,859,1,16119133603358,,16119133750418,16119135205761,66.158,-0.3139,-1.1467,-0.0478,4,1.0290,1028,220,0,220,1,1,852,16118783750783,16119132407950,348657,0,1,13593,358954,1,,,,859,220,0,1,0,0,25,0,0
862,scan,860,1,16119183230889,,16119183352518,16119185242750,66.208,-0.3064,-1.1470,-0.0478,4,1.0174,1017,220,0,220,1,1,852,,,,1,1,13593,358954,1,,,,860,220,0,1,0,0,25,0,0
863,scan,861,1,16119233412090,,16119233552525,16119236318032,66.258,-0.2915,-1.1478,-0.0478,4,1.0264,1026,220,0,220,1,1,854,16118883046237,16119224506291,341460,0,1,13593,357721,1,,,,861,220,0,1,0,0,25,0,0
864,scan,862,1,16119283638233,,16119283765122,16119285246191,66.308,-0.2840,-1.1481,-0.0478,4,0.9892,989,220,0,220,2,1,855,16118933154858,16119282805844,349650,0,1,13593,357678,1,,,,862,220,0,1,0,0,25,0,0
865,scan,863,1,16119333839840,,16119333978290,16119336166746,66.358,-0.2691,-1.1488,-0.0478,4,0.9909,990,220,0,220,2,1,855,,,,1,1,13593,357848,1,,,,863,220,0,1,0,0,25,0,0
866,scan,864,1,16119383696365,,16119383826498,16119386118658,66.408,-0.2616,-1.1492,-0.0478,4,0.9861,986,220,0,220,1,1,856,16118983608035,16119342129360,358521,0,1,13593,358385,1,,,,864,220,0,1,0,0,25,0,0
867,scan,865,1,16119433847937,,16119433971921,16119436162972,66.458,-0.2467,-1.1499,-0.0478,4,0.9653,965,220,0,220,2,1,857,16119033473813,16119390579956,357106,0,1,13593,358339,1,,,,865,220,0,1,0,0,25,0,0
868,scan,866,1,16119483873648,,16119484033104,16119486087350,66.508,-0.2392,-1.1503,-0.0478,4,0.9666,966,220,0,220,1,1,858,16119083510961,16119444155518,360644,0,1,13593,356990,1,,,,866,220,0,1,0,0,25,0,0
869,scan,867,1,16119533802987,,16119533929768,16119536092500,66.558,-0.2242,-1.1510,-0.0478,4,0.9720,971,220,0,220,2,1,859,16119133661624,16119490686547,357024,0,1,13593,357435,1,,,,867,220,0,1,0,0,25,0,0
870,scan,868,1,16119583820234,,16119584041154,16119586102991,66.608,-0.2168,-1.1513,-0.0478,4,0.9479,947,220,0,220,2,1,861,16119233459258,16119576449230,342989,0,1,13593,357390,1,,,,868,220,0,1,0,0,25,0,0
871,scan,869,1,16119633779482,,16119633894557,16119636082995,66.658,-0.2018,-1.1520,-0.0478,4,0.9478,947,220,0,220,2,1,861,,,,1,1,13593,357390,1,,,,869,220,0,1,0,0,25,0,0
872,scan,870,1,16119683727057,,16119683844675,16119686130880,66.708,-0.1944,-1.1524,-0.0478,4,0.9329,932,220,0,220,2,1,863,16119333887297,16119677711815,343824,0,1,13593,357058,1,,,,870,220,0,1,0,0,25,0,0
873,scan,871,1,16119733947658,,16119734068361,16119736191823,66.758,-0.1869,-1.1528,-0.0478,4,0.9455,945,220,0,220,1,1,864,16119383741088,16119732267517,348526,0,1,13593,356669,1,,,,871,220,0,1,0,0,25,0,0
874,scan,872,1,16119784080209,,16119784208491,16119787162512,66.808,-0.1719,-1.1535,-0.0478,4,0.9165,916,220,0,220,2,1,865,16119433889369,16119780053552,346164,0,1,13593,356230,1,,,,872,220,0,1,0,0,25,0,0
875,scan,873,1,16119834210185,,16119834339557,16119836299796,66.858,-0.1645,-1.1538,-0.0478,4,0.9147,914,220,0,220,2,1,865,,,,1,1,13593,356230,1,,,,873,220,0,1,0,0,25,0,0
876,scan,874,1,16119883933609,,16119884093954,16119886108222,66.908,-0.1495,-1.1545,-0.0478,4,0.9092,909,220,0,220,1,1,866,16119483919687,16119838844666,354924,0,1,13593,356185,1,,,,874,220,0,1,0,0,25,0,0
877,scan,875,1,16119933919552,,16119934047542,16119936160850,66.958,-0.1421,-1.1549,-0.0478,4,0.8964,896,220,0,220,1,1,867,16119533843498,16119919354549,385511,0,1,13593,357015,1,,,,875,220,0,1,0,0,25,0,0
878,scan,876,1,16119983884858,,16119984080991,16119986194950,67.008,-0.1271,-1.1556,-0.0478,4,0.8946,894,220,0,220,1,1,867,,,,1,1,13593,356969,1,,,,876,220,0,1,0,0,25,0,0
879,scan,877,1,16120034662228,,16120034805595,16120036327801,67.058,-0.1196,-1.1560,-0.0478,4,0.8890,889,220,0,220,1,1,869,16119633816286,16119989455500,355639,0,1,13593,356172,1,,,,877,220,0,1,0,0,25,0,0
880,scan,878,1,16120084693490,,16120084816186,16120086181973,67.108,-0.1047,-1.1567,-0.0478,4,0.8856,885,220,0,220,1,1,870,16119683768018,16120042530278,358762,0,1,13593,356736,1,,,,878,220,0,1,0,0,25,0,0
881,scan,879,1,16120135001012,,16120135177273,16120137264453,67.158,-0.0972,-1.1571,-0.0478,4,0.8708,870,220,0,220,2,1,871,16119733990017,16120093929016,359938,0,1,13593,356846,1,,,,879,220,0,1,0,0,25,0,0
882,scan,880,1,16120184636727,,16120184766548,16120186249855,67.208,-0.0823,-1.1578,-0.0478,4,0.8653,865,220,0,220,1,1,872,16119784126163,16120143120847,358994,0,1,13593,356578,1,,,,880,220,0,1,0,0,25,0,0
883,scan,881,1,16120234469722,,16120234601535,16120236257915,67.258,-0.0748,-1.1581,-0.0478,4,0.8739,873,220,0,220,2,1,873,16119834254799,16120197871238,363616,0,1,13593,356635,1,,,,881,220,0,1,0,0,25,0,0
884,scan,882,1,16120284789395,,16120284952753,16120287151826,67.308,-0.0599,-1.1588,-0.0478,4,0.8447,844,220,0,220,2,1,874,16119883974916,16120235399671,351424,0,1,13593,356321,1,,,,882,220,0,1,0,0,25,0,0
885,scan,883,1,16120335044457,,16120335197083,16120337263489,67.358,-0.0524,-1.1592,-0.0478,4,0.8663,866,220,0,220,2,1,875,16119933965279,16120294578569,360613,0,1,13593,356464,1,,,,883,220,0,1,0,0,25,0,0
886,scan,884,1,16120385040934,,16120385167872,16120387185677,67.408,-0.0375,-1.1599,-0.0478,4,0.8410,841,220,0,220,2,1,877,16120034708853,16120373613494,338904,0,1,13593,355712,1,,,,884,220,0,1,0,0,25,0,0
887,scan,885,1,16120434929126,,16120435053704,16120437235850,67.458,-0.0300,-1.1603,-0.0478,4,0.8561,856,220,0,220,2,1,877,,,,1,1,13593,355712,1,,,,885,220,0,1,0,0,25,0,0
888,scan,886,1,16120484966825,,16120485093286,16120487188925,67.508,-0.0150,-1.1610,-0.0478,4,0.8291,829,220,0,220,2,1,878,16120084733845,16120437153314,352419,0,1,13593,355139,1,,,,886,220,0,1,0,0,25,0,0
889,scan,887,1,16120534823076,,16120534948976,16120537086795,67.558,-0.0076,-1.1613,-0.0478,4,0.8380,837,220,0,220,1,1,879,16120135074003,16120490186806,355112,0,1,13593,355138,1,,,,887,220,0,1,0,0,25,0,0
890,scan,888,1,16120584896969,,16120585032228,16120587137772,67.608,-0.0001,-1.1617,-0.0478,4,0.8345,834,220,0,220,1,1,881,16120234514357,16120579609720,345095,0,1,13593,355089,1,,,,888,220,0,1,0,0,25,0,0
891,scan,889,1,16120635561094,,16120635700346,16120638096325,67.658,0.0148,-1.1624,-0.0478,4,0.8430,842,220,0,220,1,1,881,,,,1,1,13593,355089,1,,,,889,220,0,1,0,0,25,0,0
892,scan,890,1,16120685397345,,16120685531597,16120687197788,67.708,0.0223,-1.1628,-0.0478,4,0.8432,843,220,0,220,2,1,882,16120284842765,16120647092142,362249,0,1,13593,355195,1,,,,890,220,0,1,0,0,25,0,0
893,scan,891,1,16120735594545,,16120735719042,16120738134971,67.758,0.0373,-1.1635,-0.0478,4,0.8635,863,220,0,220,2,1,884,16120385085461,16120732377160,347291,0,1,13593,354671,1,,,,891,220,0,1,0,0,25,0,0
894,scan,892,1,16120785618942,,16120785764277,16120788075681,67.808,0.0447,-1.1638,-0.0478,4,0.8639,863,220,0,220,2,1,884,,,,1,1,13593,354671,1,,,,892,220,0,1,0,0,25,0,0
895,scan,893,1,16120835653652,,16120835797160,16120838151116,67.858,0.0597,-1.1646,-0.0478,4,0.8613,861,220,0,220,1,1,885,16120434969185,16120811787720,376818,0,1,13593,354880,1,,,,893,220,0,1,0,0,25,0,0
896,scan,894,1,16120885433955,,16120885563902,16120887207833,67.908,0.0671,-1.1649,-0.0478,4,0.8703,870,220,0,220,2,1,886,16120485004985,16120841165960,356160,0,1,13593,355234,1,,,,894,220,0,1,0,0,25,0,0
897,scan,895,1,16120935486464,,16120935739323,16120937190552,67.958,0.0821,-1.1656,-0.0478,4,0.9034,903,220,0,220,2,1,888,16120584939889,16120935575593,350635,0,1,13593,355090,1,,,,895,220,0,1,0,0,25,0,0
898,scan,896,1,16120985695539,,16120985836290,16120987212163,68.008,0.0896,-1.1660,-0.0478,4,1.0346,1034,220,0,220,2,1,888,,,,1,1,13593,354279,1,,,,896,220,0,1,0,0,25,0,0
899,scan,897,1,16121035845130,,16121035995528,16121038097023,68.058,0.1045,-1.1667,-0.0478,4,1.0284,1028,220,0,220,1,1,889,16120635618427,16120991022587,355404,0,1,13593,354429,1,,,,897,220,0,1,0,0,25,0,0
900,scan,898,1,16121085691124,,16121085857765,16121088147910,68.108,0.1120,-1.1671,-0.0478,4,1.0209,1020,220,0,220,1,1,889,,,,1,1,13593,354802,1,,,,898,220,0,1,0,0,25,0,0
901,scan,899,1,16121135423864,,16121135541728,16121137198280,68.158,0.1269,-1.1678,-0.0478,4,1.0098,1009,220,0,220,1,1,891,16120735640858,16121091737203,356096,0,1,13593,355050,1,,,,899,220,0,1,0,0,25,0,0
902,scan,900,1,16121185634139,,16121185768423,16121187302427,68.208,0.1344,-1.1681,-0.0478,4,1.0121,1012,220,0,220,3,1,893,16120835702673,16121183482926,347780,0,1,13593,354816,1,,,,900,220,0,1,0,0,25,0,0
903,scan,901,1,16121235733636,,16121235860478,16121238253865,68.258,0.1493,-1.1689,-0.0478,4,1.0222,1022,220,0,220,2,1,894,16120885476315,16121232107471,346631,0,1,13593,354983,1,,,,901,220,0,1,0,0,25,0,0
904,scan,902,1,16121285877613,,16121286047104,16121288319321,68.308,0.1568,-1.1692,-0.0478,4,1.0261,1026,220,0,220,2,1,894,,,,1,1,13593,355160,1,,,,902,220,0,1,0,0,25,0,0
905,scan,903,1,16121335874062,,16121335993989,16121338177474,68.358,0.1717,-1.1699,-0.0478,4,1.0101,1010,220,0,220,2,1,896,16120985742770,16121331163283,345420,0,1,13593,354846,1,,,,903,220,0,1,0,0,25,0,0
906,scan,904,1,16121385743330,,16121385904846,16121388219561,68.408,0.1792,-1.1703,-0.0478,4,1.0091,1009,220,0,220,2,1,896,,,,1,1,13593,354724,1,,,,904,220,0,1,0,0,25,0,0
907,scan,905,1,16121435637475,,16121435755822,16121437580207,68.458,0.1867,-1.1706,-0.0478,4,1.0073,1007,220,0,220,2,1,898,16121085736384,16121432845784,347109,0,1,13593,354390,1,,,,905,220,0,1,0,0,25,0,0
908,scan,906,1,16121485988668,,16121486110195,16121488257924,68.508,0.2016,-1.1714,-0.0478,4,1.0275,1027,220,0,220,2,1,899,16121135462239,16121477218676,341756,0,1,13593,353761,1,,,,906,220,0,1,0,0,25,0,0
909,scan,907,1,16121536216237,,16121536357484,16121538249806,68.558,0.2091,-1.1717,-0.0478,4,1.0277,1027,220,0,220,2,1,899,,,,1,1,13593,353648,1,,,,907,220,0,1,0,0,25,0,0
910,scan,908,1,16121585892711,,16121586032842,16121588529893,68.608,0.2240,-1.1724,-0.0478,4,1.0126,1012,220,0,220,1,1,900,16121185680322,16121545124532,359444,0,1,13593,354216,1,,,,908,220,0,1,0,0,25,0,0
911,scan,909,1,16121636060720,,16121636195237,16121638210163,68.658,0.2315,-1.1728,-0.0478,4,1.0140,1013,220,0,220,1,1,902,16121285930452,16121633619239,347688,0,1,13593,353998,1,,,,909,220,0,1,0,0,25,0,0
912,scan,910,1,16121686226455,,16121686351907,16121688370247,68.708,0.2465,-1.1735,-0.0478,4,1.0256,1025,220,0,220,1,1,902,,,,1,1,13593,354349,1,,,,910,220,0,1,0,0,25,0,0
913,scan,911,1,16121736626493,,16121736789091,16121739169739,68.758,0.2539,-1.1739,-0.0478,4,1.0165,1016,220,0,220,2,1,903,16121335913024,16121699185301,363272,0,1,13593,354858,1,,,,911,220,0,1,0,0,25,0,0
914,scan,912,1,16121786445624,,16121786569691,16121788345571,68.808,0.2689,-1.1746,-0.0478,4,1.0130,1012,220,0,220,3,1,905,16121435678414,16121785377658,349699,0,1,13593,354979,1,,,,912,220,0,1,0,0,25,0,0
915,scan,913,1,16121836734583,,16121836889509,16121839097626,68.858,0.2763,-1.1749,-0.0478,4,1.0056,1005,220,0,220,3,1,905,,,,1,1,13593,354979,1,,,,913,220,0,1,0,0,25,0,0
916,scan,914,1,16121886660564,,16121886793955,16121889168024,68.908,0.2913,-1.1757,-0.0478,4,1.0009,1000,220,0,220,3,1,905,,,,1,1,13593,354981,1,,,,914,220,0,1,0,0,25,0,0
917,scan,915,1,16121936878972,,16121937021324,16121939116750,68.958,0.2988,-1.1760,-0.0478,4,1.0211,1021,220,0,220,3,1,907,16121536264544,16121909914989,373650,0,1,13593,354558,1,,,,915,220,0,1,0,0,25,0,0
918,scan,916,1,16121986522189,,16121986670075,16121988248408,69.008,0.3137,-1.1767,-0.0478,4,1.0071,1007,220,0,220,3,1,909,16121636107317,16121981831191,345723,0,1,13593,354253,1,,,,916,220,0,1,0,0,25,0,0
919,scan,917,1,16122036633773,,16122036759576,16122038276377,69.058,0.3212,-1.1771,-0.0478,4,1.0092,1009,220,0,220,3,1,909,,,,1,1,13593,354204,1,,,,917,220,0,1,0,0,25,0,0
920,scan,918,1,16122087304663,,16122087426847,16122089148975,69.108,0.3361,-1.1778,-0.0478,4,1.0091,1009,220,0,220,2,1,911,16121736674972,16122078990205,342315,0,1,13593,353616,1,,,,918,220,0,1,0,0,25,0,0
921,scan,919,1,16122137330686,,16122137462306,16122139267898,69.158,0.3436,-1.1782,-0.0478,4,1.0169,1016,220,0,220,3,1,912,16121786487200,16122130637954,344150,0,1,13593,353052,1,,,,919,220,0,1,0,0,25,0,0
922,scan,920,1,16122187765002,,16122188046013,16122190181672,69.208,0.3585,-1.1789,-0.0478,4,1.0149,1014,220,0,220,3,1,912,,,,1,1,13593,352832,1,,,,920,220,0,1,0,0,25,0,0
923,scan,921,1,16122237135547,,16122237287899,16122239213941,69.258,0.3660,-1.1792,-0.0478,4,1.0245,1024,220,0,220,2,1,913,16121836784256,16122190427539,353643,0,1,13593,352463,1,,,,921,220,0,1,0,0,25,0,0
924,scan,922,1,16122287107956,,16122287230495,16122289226988,69.308,0.3735,-1.1796,-0.0478,4,1.0000,999,220,0,220,3,1,914,16121886706107,16122258342651,371636,0,1,13593,353212,1,,,,922,220,0,1,0,0,25,0,0
925,scan,923,1,16122336953643,,16122337079704,16122339161477,69.358,0.3884,-1.1803,-0.0478,4,0.9994,999,220,0,220,3,1,916,16121986567449,16122324773178,338205,0,1,13593,352382,1,,,,923,220,0,1,0,0,25,0,0
926,scan,924,1,16122386828257,,16122386971155,16122389090032,69.408,0.3959,-1.1807,-0.0478,4,1.0082,1008,220,0,220,2,1,917,16122036678644,16122384778862,348100,0,1,13593,352722,1,,,,924,220,0,1,0,0,25,0,0
927,scan,925,1,16122436911221,,16122437036095,16122439248743,69.458,0.4108,-1.1814,-0.0478,4,1.0058,1005,220,0,220,2,1,917,,,,1,1,13593,352722,1,,,,925,220,0,1,0,0,25,0,0
928,scan,926,1,16122487230729,,16122487440040,16122489219071,69.508,0.4183,-1.1817,-0.0478,4,0.9869,986,220,0,220,3,1,918,16122087344550,16122439143043,351798,0,1,13593,352699,1,,,,926,220,0,1,0,0,25,0,0
929,scan,927,1,16122537197395,,16122537326517,16122539314709,69.558,0.4332,-1.1825,-0.0478,4,1.0003,1000,220,0,220,1,1,919,16122137376252,16122491222640,353846,0,1,13593,352652,1,,,,927,220,0,1,0,0,25,0,0
930,scan,928,1,16122587509003,,16122587637756,16122589239339,69.608,0.4407,-1.1828,-0.0478,4,1.0008,1000,220,0,220,1,1,921,16122237187331,16122585618196,348430,0,1,13593,352776,1,,,,928,220,0,1,0,0,25,0,0
931,scan,929,1,16122637474602,,16122637595170,16122639228404,69.658,0.4557,-1.1835,-0.0478,4,1.0027,1002,220,0,220,4,1,922,16122287153232,16122635759104,348605,0,1,13593,352627,1,,,,929,220,0,1,0,0,25,0,0
932,scan,930,1,16122687425109,,16122687558062,16122689237850,69.708,0.4631,-1.1839,-0.0478,4,1.0019,1001,220,0,220,4,1,922,,,,1,1,13593,352271,1,,,,930,220,0,1,0,0,25,0,0
933,scan,931,1,16122737327689,,16122737452515,16122739230551,69.758,0.4781,-1.1846,-0.0478,4,0.9932,993,220,0,220,1,1,923,16122336996600,16122701482167,364485,0,1,13593,352907,1,,,,931,220,0,1,0,0,25,0,0
934,scan,932,1,16122787505953,,16122787635682,16122790057139,69.808,0.4855,-1.1850,-0.0478,4,0.9969,996,220,0,220,4,1,924,16122386877715,16122737777590,350899,0,1,13593,352836,1,,,,932,220,0,1,0,0,25,0,0
935,scan,933,1,16122837318635,,16122837437761,16122839230107,69.858,0.5005,-1.1857,-0.0478,4,0.9994,999,220,0,220,3,1,926,16122487338608,16122827660502,340321,0,1,13593,351532,1,,,,933,220,0,1,0,0,25,0,0
936,scan,934,1,16122887369351,,16122887495325,16122889230139,69.908,0.5080,-1.1860,-0.0478,4,0.9816,981,220,0,220,3,1,926,,,,1,1,13593,351361,1,,,,934,220,0,1,0,0,25,0,0
937,scan,935,1,16122937894568,,16122938010841,16122940164265,69.958,0.5229,-1.1867,-0.0478,4,1.0027,1002,220,0,220,3,1,928,16122587555018,16122932699433,345144,0,1,13593,351157,1,,,,935,220,0,1,0,0,25,0,0
938,scan,936,1,16122987891097,,16122988076218,16122990126538,70.008,0.5304,-1.1871,-0.0478,4,0.9891,989,220,0,220,5,1,929,16122637518891,16122985212639,347693,0,1,13593,351034,1,,,,936,220,0,1,0,0,25,0,0
939,scan,937,1,16123037974576,,16123038112089,16123040345031,70.058,0.5453,-1.1878,-0.0478,4,0.9863,986,220,0,220,5,1,929,,,,1,1,13593,350872,1,,,,937,220,0,1,0,0,25,0,0
940,scan,938,1,16123087891026,,16123088097590,16123090297512,70.108,0.5528,-1.1882,-0.0478,4,1.0105,1010,220,0,220,3,1,930,16122687471317,16123064320353,376849,0,1,13593,351800,1,,,,938,220,0,1,0,0,25,0,0
941,scan,939,1,16123138003023,,16123138171691,16123140232927,70.158,0.5603,-1.1885,-0.0478,4,0.9922,992,220,0,220,4,1,931,16122737369407,16123119291787,381922,0,1,13593,352722,1,,,,939,220,0,1,0,0,25,0,0
942,scan,940,1,16123188081769,,16123188229107,16123190174058,70.208,0.5752,-1.1893,-0.0478,4,0.9993,999,220,0,220,4,1,933,16122837359567,16123176740839,339381,0,1,13593,352422,1,,,,940,220,0,1,0,0,25,0,0
943,scan,941,1,16123238251232,,16123238448204,16123240509506,70.258,0.5827,-1.1896,-0.0478,4,1.0038,1003,220,0,220,2,1,934,16122887411933,16123228741792,341329,0,1,13593,352233,1,,,,941,220,0,1,0,0,25,0,0
944,scan,942,1,16123287920745,,16123288084879,16123290208296,70.308,0.5976,-1.1903,-0.0478,4,0.9811,981,220,0,220,2,1,934,,,,1,1,13593,352233,1,,,,942,220,0,1,0,0,25,0,0
945,scan,943,1,16123338638690,,16123338810550,16123341153932,70.358,0.6051,-1.1907,-0.0478,4,0.9819,981,220,0,220,2,1,934,,,,1,1,13593,352485,1,,,,943,220,0,1,0,0,25,0,0
946,scan,944,1,16123388082934,,16123388206735,16123390191351,70.408,0.6200,-1.1914,-0.0478,4,0.9774,977,220,0,220,2,1,934,,,,1,1,13593,352485,1,,,,944,220,0,1,0,0,25,0,0
947,scan,945,1,16123438128385,,16123438255488,16123440201602,70.458,0.6275,-1.1918,-0.0478,4,0.9818,981,220,0,220,2,1,934,,,,1,1,13593,352692,1,,,,945,220,0,1,0,0,25,0,0
948,scan,946,1,16123488096250,,16123488227161,16123490150770,70.508,0.6424,-1.1925,-0.0478,4,0.9810,981,220,0,220,2,1,934,,,,1,1,13593,353129,1,,,,946,220,0,1,0,0,25,0,0
949,scan,947,1,16123537828967,,16123537961601,16123540122411,70.558,0.6499,-1.1928,-0.0478,4,0.9754,975,220,0,220,6,1,939,16123138068644,16123492720175,354651,0,1,13593,353188,1,,,,947,220,0,1,0,0,25,0,0
,wdog,,,,,,16123689111847,,,,,,,,,,,,,,,,,,,,,,,,,947,0,0,1,3,0,25,0,
