line,kind,seq,flag,t_scan_rx_ns,t_flag_rx_ns,t_uart_tx_ns,t_c_rx_ns,sim_time,x,y,yaw,wp_i,min_range,min_mm,local_v,local_w,edge_v,edge_w,edge_ok,edge_seq_used,t_send_ns,t_recv_ns,rtt_us,held,deadline_miss,rtt_min_us,rtt_win_us,rtt_degraded,t_det_rtt_ns,flag_seq,t_det_meta_ns,c_seq,v_out,w_out,mode,state,switch_us,n_sw,bad_lines,lost
1,settle,0,0,18434452753935,,18434452819088,18434455729728,19.860,0.0000,0.0000,0.0000,0,0.5985,598,0,0,0,0,0,,,,,,,,,,,,,0,0,0,0,0,25,40,0,0
2,scan,1,0,18434456731835,,18434456899063,18434458440391,19.910,0.0001,-0.0000,0.0000,0,0.6095,609,220,0,0,0,0,,,,,1,1,,,0,,,,1,0,0,0,0,0,40,0,0
3,scan,2,0,18434458138804,,18434458226224,18434459332619,19.960,0.0001,-0.0000,0.0000,0,0.5911,591,220,0,0,0,0,,,,,1,1,,,0,,,,2,0,0,0,0,0,40,0,0
4,scan,3,0,18434459080535,,18434459302902,18434461545760,20.010,0.0001,-0.0000,0.0000,0,0.6030,602,220,0,0,0,0,,,,,1,1,,,0,,,,3,0,0,0,0,0,40,0,0
5,scan,4,0,18434460257753,,18434460533571,18434462540717,20.060,0.0001,-0.0000,0.0000,0,0.5849,584,220,0,0,0,0,,,,,1,1,,,0,,,,4,0,0,0,0,0,40,0,0
6,scan,5,0,18434461383042,,18434461485565,18434464337285,20.110,0.0001,-0.0000,0.0000,0,0.5946,594,220,0,0,0,0,,,,,1,1,,,0,,,,5,0,0,0,0,0,40,0,0
7,scan,6,0,18434462288681,,18434462806350,18434465969487,20.160,0.0001,-0.0000,0.0000,0,0.5916,591,220,0,0,0,0,,,,,1,1,,,0,,,,6,0,0,0,0,0,40,0,0
8,scan,7,0,18434464237606,,18434464466590,18434467138692,20.210,0.0001,-0.0000,0.0000,0,0.5980,598,220,0,0,0,0,,,,,1,1,,,0,,,,7,0,0,0,0,0,40,0,0
9,scan,8,0,18434465846923,,18434465940513,18434469050208,20.260,0.0001,-0.0000,0.0000,0,0.6007,600,220,0,0,0,0,,,,,1,1,,,0,,,,8,0,0,0,0,0,40,0,0
10,scan,9,0,18434466822959,,18434467265591,18434469652948,20.310,0.0001,-0.0000,0.0000,0,0.6049,604,220,0,0,0,0,,,,,1,1,,,0,,,,9,0,0,0,0,0,40,0,0
11,scan,10,0,18434469454158,,18434469568431,18434471326373,20.360,0.0001,-0.0000,0.0000,0,0.5953,595,220,0,0,0,0,,,,,1,1,,,0,,,,10,0,0,0,0,0,40,0,0
12,scan,11,0,18434519306659,,18434519449416,18434521491563,20.410,0.0001,-0.0000,0.0000,0,0.5965,596,220,0,220,1,1,10,18434469495925,18434503394629,33898,0,0,33898,33898,0,,,,11,220,1,0,0,0,40,0,0
13,scan,12,0,18434569212070,,18434569331116,18434571379297,20.460,0.0012,-0.0000,0.0000,0,0.6014,601,220,0,220,1,1,11,18434519367917,18434554084960,34717,0,0,33898,34308,0,,,,12,220,1,0,0,0,40,0,0
14,scan,13,0,18434619344280,,18434619481292,18434621473759,20.510,0.0035,-0.0000,-0.0000,0,0.5927,592,220,0,220,1,1,12,18434569254500,18434603947254,34692,0,0,33898,34436,0,,,,13,220,1,0,0,0,40,0,0
15,scan,14,0,18434669625989,,18434669771597,18434671446375,20.560,0.0116,-0.0000,-0.0000,0,0.5882,588,220,0,220,1,1,13,18434619394688,18434656348246,36953,0,0,33898,35065,0,,,,14,220,1,0,0,0,40,0,0
16,scan,15,0,18434719508092,,18434719652064,18434721444010,20.610,0.0174,-0.0000,-0.0000,0,0.5859,585,220,0,220,1,1,14,18434669684631,18434707613885,37929,0,0,33898,35638,0,,,,15,220,1,0,0,0,40,0,0
17,scan,16,0,18434769487266,,18434769619157,18434771420582,20.660,0.0318,-0.0000,0.0000,0,0.5545,554,220,0,220,1,1,15,18434719557673,18434756252880,36695,0,0,33898,35814,0,,,,16,220,1,0,0,0,40,0,0
18,scan,17,0,18434819550972,,18434819695920,18434821425753,20.710,0.0393,-0.0000,0.0000,0,0.5568,556,220,0,220,1,1,16,18434769534750,18434807225707,37690,0,0,33898,36082,0,,,,17,220,1,0,0,0,40,0,0
19,scan,18,0,18434869392522,,18434869508417,18434871409136,20.760,0.0542,-0.0000,0.0001,0,0.5496,549,220,0,220,1,1,17,18434819598471,18434856153015,36554,0,0,33898,36141,0,,,,18,220,1,0,0,0,40,0,0
20,scan,19,0,18434919609773,,18434919774679,18434921417451,20.810,0.0617,-0.0000,0.0002,0,0.5501,550,220,0,220,1,1,18,18434869430392,18434906998680,37568,0,0,33898,36300,0,,,,19,220,1,0,0,0,40,0,0
21,scan,20,0,18434969277145,,18434969410948,18434971495640,20.860,0.0692,-0.0000,0.0002,0,0.5343,534,220,0,220,1,1,19,18434919668521,18434956134889,36466,0,0,33898,36316,0,,,,20,220,1,0,0,0,40,0,0
22,scan,21,0,18435019990441,,18435020185323,18435022374614,20.910,0.0841,0.0000,0.0003,0,0.5177,517,220,-1,220,1,1,20,18434969325767,18435003379703,34053,0,0,33898,36110,0,,,,21,220,1,0,0,0,40,0,0
23,scan,22,0,18435069498370,,18435069644585,18435071631559,20.960,0.0916,0.0000,0.0003,0,0.5104,510,220,-1,220,1,1,21,18435020072320,18435057502908,37430,0,0,33898,36220,0,,,,22,220,1,0,0,0,40,0,0
24,scan,23,0,18435119495017,,18435119640545,18435121619481,21.010,0.1066,0.0000,0.0004,0,0.5140,513,220,-1,220,1,1,22,18435069552189,18435107760323,38208,0,0,33898,36373,0,,,,23,220,1,0,0,0,40,0,0
25,scan,24,0,18435169453071,,18435169571336,18435171353895,21.060,0.1140,0.0000,0.0004,0,0.5025,502,220,-1,220,1,1,23,18435119538009,18435156375674,36837,0,0,33898,36406,0,,,,24,220,1,0,0,0,40,0,0
26,scan,25,0,18435219689684,,18435219828615,18435221552388,21.110,0.1290,0.0000,0.0005,0,0.4888,488,220,-1,220,1,1,24,18435169496067,18435206860469,37364,0,0,33898,36470,0,,,,25,220,1,0,0,0,40,0,0
27,scan,26,0,18435269832861,,18435269971321,18435271306145,21.160,0.1365,0.0000,0.0005,0,0.4797,479,220,-1,220,1,1,25,18435219734654,18435257500000,37765,0,0,33898,36551,0,,,,26,220,1,0,0,0,40,0,0
28,scan,27,0,18435319825537,,18435319969352,18435322247817,21.210,0.1514,0.0000,0.0006,0,0.4767,476,220,-1,220,1,1,26,18435269880092,18435307444454,37564,0,0,33898,36611,0,,,,27,220,1,0,0,0,40,0,0
29,scan,28,0,18435369933429,,18435370096279,18435372462577,21.260,0.1589,0.0000,0.0006,0,0.4619,461,220,-1,220,-1,1,27,18435319882630,18435357423427,37540,0,0,33898,36662,0,,,,28,220,-1,0,0,0,40,0,0
30,scan,29,0,18435419789879,,18435419912065,18435422191142,21.310,0.1739,0.0000,0.0006,0,0.4442,444,220,-1,220,-1,1,28,18435369999285,18435407628618,37629,0,0,33898,36713,0,,,,29,220,-1,0,0,0,40,0,0
31,scan,30,0,18435470256164,,18435470393949,18435472533185,21.360,0.1814,0.0000,0.0006,0,0.4475,447,220,-1,220,-1,1,29,18435419834698,18435457615822,37781,0,0,33898,36767,0,,,,30,220,-1,0,0,0,40,0,0
32,scan,31,0,18435520202900,,18435520328820,18435522356418,21.410,0.1963,0.0001,0.0005,0,0.4441,444,220,-1,220,-1,1,30,18435470305420,18435507882645,37577,0,0,33898,36805,0,,,,31,220,-1,0,0,0,40,0,0
33,scan,32,0,18435570052010,,18435570191885,18435572382547,21.460,0.2038,0.0001,0.0004,0,0.4228,422,220,-1,220,1,1,31,18435520245264,18435557751701,37506,0,0,33898,36837,0,,,,32,220,1,0,0,0,40,0,0
34,scan,33,0,18435620688604,,18435620910896,18435622406276,21.510,0.2188,0.0001,0.0004,0,0.4393,439,220,-1,220,1,1,32,18435570097999,18435607964827,37866,0,0,33898,36882,0,,,,33,220,1,0,0,0,40,0,0
35,scan,34,0,18435670219042,,18435670435904,18435672442178,21.560,0.2263,0.0001,0.0005,0,0.4179,417,220,-1,220,1,1,33,18435620761595,18435658629007,37867,0,0,33898,36923,0,,,,34,220,1,0,0,0,40,0,0
36,scan,35,0,18435719881337,,18435719999845,18435722212959,21.610,0.2412,0.0001,0.0006,0,0.4155,415,220,-1,220,1,1,34,18435670272646,18435708028212,37755,0,0,33898,36956,0,,,,35,220,1,0,0,0,40,0,0
37,scan,36,0,18435769974882,,18435770098004,18435772373872,21.660,0.2487,0.0001,0.0006,0,0.4040,403,220,-1,220,-1,1,35,18435719920322,18435754377652,34457,0,0,33898,36860,0,,,,36,220,-1,0,0,0,40,0,0
38,scan,37,0,18435820294216,,18435820484563,18435822482195,21.710,0.2562,0.0001,0.0006,0,0.3999,399,220,-1,220,-1,1,36,18435770018567,18435808129883,38111,0,0,33898,36906,0,,,,37,220,-1,0,1,0,40,0,0
39,scan,38,0,18435870129702,,18435870263919,18435872441640,21.760,0.2711,0.0001,0.0006,0,0.3948,394,220,-1,220,-1,1,37,18435820368686,18435856350460,35981,0,0,33898,36873,0,,,,38,220,-1,0,1,0,40,0,0
40,scan,39,0,18435920772518,,18435920928579,18435922371886,21.810,0.2786,0.0001,0.0005,0,0.3984,398,220,-1,220,-1,1,38,18435870177850,18435906405395,36227,0,0,33898,36851,0,,,,39,220,-1,0,1,0,40,0,0
41,scan,40,0,18435970252801,,18435970466941,18435972487633,21.860,0.2936,0.0001,0.0004,0,0.3794,379,220,-1,220,-1,1,39,18435920839037,18435958656369,37817,0,0,33898,36883,0,,,,40,220,-1,0,1,0,40,0,0
42,scan,41,0,18436020716717,,18436020839000,18436022330458,21.910,0.3010,0.0001,0.0004,0,0.3819,381,220,-1,220,1,1,40,18435970371455,18436007672020,37300,0,0,33898,36897,0,,,,41,220,1,0,1,0,40,0,0
43,scan,42,0,18436070271942,,18436070444226,18436073298155,21.960,0.3160,0.0001,0.0004,0,0.3671,367,220,-1,220,1,1,41,18436020760545,18436058513403,37752,0,0,33898,36923,0,,,,42,220,1,0,1,0,40,0,0
44,scan,43,0,18436120336418,,18436120465247,18436122329851,22.010,0.3235,0.0001,0.0004,0,0.3596,359,220,-1,220,1,1,42,18436070334828,18436108216904,37882,0,0,33898,36952,0,,,,43,220,1,0,1,0,40,0,0
45,scan,44,0,18436170193852,,18436170381673,18436172371332,22.060,0.3384,0.0001,0.0005,0,0.3784,378,220,-1,220,1,1,43,18436120382024,18436157895233,37513,0,0,33898,36969,0,,,,44,220,1,0,1,0,40,0,0
46,scan,45,0,18436220409949,,18436220529951,18436222428626,22.110,0.3459,0.0001,0.0006,0,0.3701,370,220,-1,220,-1,1,44,18436170239178,18436207818843,37579,0,0,33898,36986,0,,,,45,220,-1,0,1,0,40,0,0
47,scan,46,0,18436270578180,,18436270705655,18436272582115,22.160,0.3609,0.0001,0.0006,0,0.3500,350,220,-2,220,-1,1,45,18436220453325,18436257714860,37261,0,0,33898,36994,0,,,,46,220,-1,0,1,0,40,0,0
48,scan,47,0,18436320620124,,18436320768582,18436322528034,22.210,0.3684,0.0001,0.0006,0,0.3776,377,220,-1,220,-1,1,46,18436270623073,18436308116985,37493,0,0,33898,37007,0,,,,47,220,-1,0,1,0,40,0,0
49,scan,48,0,18436370471230,,18436370593342,18436372563332,22.260,0.3833,0.0002,0.0004,0,0.3656,365,220,-1,220,-1,1,47,18436320663627,18436357929194,37265,0,0,33898,37014,0,,,,48,220,-1,0,1,0,40,0,0
50,scan,49,0,18436421299859,,18436421443078,18436423391672,22.310,0.3908,0.0002,0.0004,0,0.3813,381,220,-1,220,1,1,48,18436370513752,18436408096100,37582,0,0,33898,37029,0,,,,49,220,1,0,1,0,40,0,0
51,scan,50,0,18436470997444,,18436471151231,18436473473922,22.360,0.4058,0.0002,0.0004,0,0.3756,375,220,-1,220,1,1,49,18436421353201,18436455670015,34316,0,0,33898,36961,0,,,,50,220,1,0,1,0,40,0,0
52,scan,51,0,18436521261162,,18436521422692,18436523361332,22.410,0.4132,0.0002,0.0004,0,0.3698,369,220,-1,220,1,1,50,18436471054515,18436508049249,36994,0,0,33898,37038,0,,,,51,220,1,0,1,0,40,0,0
53,scan,52,0,18436571256134,,18436571387418,18436573384774,22.460,0.4282,0.0002,0.0005,0,0.3833,383,220,-2,220,1,1,51,18436521318055,18436558712722,37394,0,0,33898,37105,0,,,,52,220,1,0,1,0,40,0,0
54,scan,53,0,18436621317648,,18436621443372,18436623396932,22.510,0.4357,0.0002,0.0006,0,0.3886,388,220,-2,220,0,1,52,18436571308184,18436608087408,36779,0,0,33898,37158,0,,,,53,220,0,0,1,0,40,0,0
55,scan,54,0,18436671174809,,18436671305454,18436673473437,22.560,0.4432,0.0002,0.0006,0,0.6377,637,220,-2,220,0,1,53,18436621360952,18436659768756,38407,0,0,33898,37194,0,,,,54,220,0,0,0,0,40,0,0
56,scan,55,0,18436721231981,,18436721383006,18436723399331,22.610,0.4581,0.0002,0.0006,0,1.5042,1504,220,-2,220,0,1,54,18436671221789,18436708315121,37093,0,0,33898,37173,0,,,,55,220,0,0,0,0,40,0,0
57,scan,56,0,18436771103053,,18436771243916,18436773336696,22.660,0.4656,0.0002,0.0006,0,1.4979,1497,220,-2,220,0,1,55,18436721284395,18436759059694,37775,0,0,33898,37200,0,,,,56,220,0,0,0,0,40,0,0
58,scan,57,0,18436821010961,,18436821135089,18436823228005,22.710,0.4806,0.0002,0.0006,0,1.4824,1482,220,-2,220,0,1,56,18436771155887,18436808473733,37317,0,0,33898,37191,0,,,,57,220,0,0,0,0,40,0,0
59,scan,58,0,18436871018059,,18436871156987,18436873367735,22.760,0.4881,0.0002,0.0006,0,1.4636,1463,220,-2,220,0,1,57,18436821054926,18436858125528,37070,0,0,33898,37204,0,,,,58,220,0,0,0,0,40,0,0
60,scan,59,0,18436921422437,,18436921550368,18436923344811,22.810,0.5030,0.0002,0.0006,0,1.4591,1459,220,-2,220,0,1,58,18436871066936,18436908439381,37372,0,0,33898,37199,0,,,,59,220,0,0,0,0,40,0,0
61,scan,60,0,18436971545124,,18436971691631,18436973395578,22.860,0.5105,0.0002,0.0006,0,1.4562,1456,220,-2,220,0,1,59,18436921465945,18436958622309,37156,0,0,33898,37216,0,,,,60,220,0,0,0,0,40,0,0
62,scan,61,0,18437020923775,,18437021071544,18437023234476,22.910,0.5254,0.0002,0.0006,0,1.4372,1437,220,-2,220,0,1,60,18436971598881,18437005979684,34380,0,0,33898,37224,0,,,,61,220,0,0,0,0,40,0,0
63,scan,62,0,18437071107518,,18437071237447,18437073282973,22.960,0.5329,0.0002,0.0006,0,1.4274,1427,220,-2,220,0,1,61,18437020981120,18437058194745,37213,0,0,33898,37219,0,,,,62,220,0,0,0,0,40,0,0
64,scan,63,0,18437121125260,,18437121272736,18437123261465,23.010,0.5479,0.0002,0.0006,0,1.4232,1423,220,-2,220,0,1,62,18437071152781,18437108307317,37154,0,0,33898,37192,0,,,,63,220,0,0,0,0,40,0,0
65,scan,64,0,18437171043644,,18437171183260,18437173228813,23.060,0.5554,0.0002,0.0006,0,1.3999,1399,220,-2,220,0,1,63,18437121189279,18437158705447,37516,0,0,33898,37209,0,,,,64,220,0,0,0,0,40,0,0
66,scan,65,0,18437221275958,,18437221404525,18437223399986,23.110,0.5703,0.0003,0.0006,0,1.4003,1400,220,-2,220,0,1,64,18437171105781,18437208359349,37253,0,0,33898,37206,0,,,,65,220,0,0,0,0,40,0,0
67,scan,66,0,18437271367252,,18437271513383,18437273493382,23.160,0.5778,0.0003,0.0006,0,1.3861,1386,220,-2,220,0,1,65,18437221322377,18437258908228,37585,0,0,33898,37202,0,,,,66,220,0,0,0,0,40,0,0
68,scan,67,0,18437321526515,,18437321651029,18437323608584,23.210,0.5928,0.0003,0.0006,0,1.3812,1381,220,-2,220,0,1,66,18437271418148,18437308330107,36911,0,0,33898,37186,0,,,,67,220,0,0,0,0,40,0,0
69,scan,68,0,18437371814061,,18437371949047,18437374235708,23.260,0.6003,0.0003,0.0006,0,1.3589,1358,220,-2,220,0,1,67,18437321571295,18437359326800,37755,0,0,33898,37191,0,,,,68,220,0,0,0,0,40,0,0
70,scan,69,0,18437421906396,,18437422029736,18437424425836,23.310,0.6152,0.0003,0.0006,0,1.3508,1350,220,-2,220,0,1,68,18437371862806,18437409084372,37221,0,0,33898,37181,0,,,,69,220,0,0,0,0,40,0,0
71,scan,70,0,18437471646269,,18437471777117,18437473340264,23.360,0.6227,0.0003,0.0006,0,1.3317,1331,220,-2,220,0,1,69,18437421945783,18437459506673,37560,0,0,33898,37175,0,,,,70,220,0,0,0,0,40,0,0
72,scan,71,0,18437521921310,,18437522056477,18437524356503,23.410,0.6302,0.0003,0.0006,0,1.3323,1332,220,-2,220,0,1,70,18437471693444,18437509819733,38126,0,0,33898,37189,0,,,,71,220,0,0,0,0,40,0,0
73,scan,72,0,18437571769502,,18437571900954,18437573386843,23.460,0.6451,0.0003,0.0006,0,1.3252,1325,220,-2,220,0,1,71,18437521968710,18437559264804,37296,0,0,33898,37184,0,,,,72,220,0,0,0,0,40,0,0
74,scan,73,0,18437622094746,,18437622300447,18437624631159,23.510,0.6526,0.0003,0.0006,0,1.3087,1308,220,-2,220,0,1,72,18437571815806,18437609312907,37497,0,0,33898,37175,0,,,,73,220,0,0,0,0,40,0,0
75,scan,74,0,18437672217381,,18437672355617,18437674277150,23.560,0.6676,0.0003,0.0006,0,1.2957,1295,220,-2,220,0,1,73,18437622193619,18437659421535,37227,0,0,33898,37159,0,,,,74,220,0,0,0,0,40,0,0
76,scan,75,0,18437722343124,,18437722472733,18437724458332,23.610,0.6750,0.0003,0.0006,0,1.2797,1279,220,-2,220,0,1,74,18437672274123,18437709618701,37344,0,0,33898,37148,0,,,,75,220,0,0,0,0,40,0,0
77,scan,76,0,18437772353263,,18437772489470,18437774300473,23.660,0.6900,0.0003,0.0006,0,1.2746,1274,220,-2,220,0,1,75,18437722391723,18437759646385,37254,0,0,33898,37218,0,,,,76,220,0,0,0,0,40,0,0
78,scan,77,0,18437822370282,,18437822515058,18437824476034,23.710,0.6975,0.0003,0.0006,0,1.2592,1259,220,-2,220,0,1,76,18437772403386,18437809990739,37587,0,0,33898,37205,0,,,,77,220,0,0,0,0,40,0,0
79,scan,78,0,18437872723642,,18437872905075,18437874318564,23.760,0.7124,0.0003,0.0006,0,1.2489,1248,220,-3,220,0,1,77,18437822418925,18437857113469,34694,0,0,33898,37173,0,,,,78,220,0,0,0,0,40,0,0
80,scan,79,0,18437922722132,,18437922951328,18437925255870,23.810,0.7199,0.0003,0.0006,0,1.2383,1238,220,-3,220,0,1,78,18437872787932,18437910619893,37831,0,0,33898,37213,0,,,,79,220,0,0,0,0,40,0,0
81,scan,80,0,18437972599680,,18437972727624,18437974304852,23.860,0.7349,0.0003,0.0006,0,1.2143,1214,220,-3,220,0,1,79,18437922802243,18437960326296,37524,0,0,33898,37206,0,,,,80,220,0,0,0,0,40,0,0
82,scan,81,0,18438022857174,,18438022995310,18438024497515,23.910,0.7424,0.0004,0.0006,0,1.2205,1220,220,-3,220,0,1,80,18437972645738,18438010207638,37561,0,0,33898,37212,0,,,,81,220,0,0,0,0,40,0,0
83,scan,82,0,18438072616840,,18438072748236,18438074304102,23.960,0.7573,0.0004,0.0006,0,1.2124,1212,220,-3,220,0,1,81,18438022908940,18438058101536,35192,0,0,33898,37148,0,,,,82,220,0,0,0,0,40,0,0
84,scan,83,0,18438122247540,,18438122367518,18438125283500,24.010,0.7648,0.0004,0.0006,0,1.1897,1189,220,-3,220,0,1,82,18438072660610,18438110290974,37630,0,0,33898,37142,0,,,,83,220,0,0,0,0,40,0,0
85,scan,84,0,18438172839279,,18438172972953,18438174406389,24.060,0.7798,0.0004,0.0006,0,1.1751,1175,220,-3,220,0,1,83,18438122290300,18438159719934,37429,0,0,33898,37140,0,,,,84,220,0,0,0,0,40,0,0
86,scan,85,0,18438222539617,,18438222686880,18438224393087,24.110,0.7873,0.0004,0.0006,0,1.1745,1174,220,-3,220,0,1,84,18438172887328,18438210343060,37455,0,0,33898,37137,0,,,,85,220,0,0,0,0,40,0,0
87,scan,86,0,18438272791641,,18438272927314,18438275212862,24.160,0.8022,0.0004,0.0006,0,1.1691,1169,220,-3,220,0,1,85,18438222591327,18438259985437,37394,0,0,33898,37140,0,,,,86,220,0,0,0,0,40,0,0
88,scan,87,0,18438322522942,,18438322656453,18438324332858,24.210,0.8097,0.0004,0.0006,0,1.1507,1150,220,-3,220,0,1,86,18438272833289,18438310525130,37691,0,0,33898,37145,0,,,,87,220,0,0,0,0,40,0,0
89,scan,88,0,18438372583071,,18438372713090,18438374401208,24.260,0.8172,0.0004,0.0006,0,1.1433,1143,220,-3,220,0,1,87,18438322571117,18438359847699,37276,0,0,33898,37145,0,,,,88,220,0,0,0,0,40,0,0
90,scan,89,0,18438422917197,,18438423040842,18438425253543,24.310,0.8321,0.0004,0.0006,0,1.1290,1128,220,-3,220,0,1,88,18438372630935,18438410261941,37631,0,0,33898,37146,0,,,,89,220,0,0,0,0,40,0,0
91,scan,90,0,18438472906097,,18438473042353,18438475229327,24.360,0.8396,0.0004,0.0006,0,1.1245,1124,220,-3,220,0,1,89,18438422960343,18438460063687,37103,0,0,33898,37216,0,,,,90,220,0,0,0,0,40,0,0
92,scan,91,0,18438523124831,,18438523357060,18438525351258,24.410,0.8546,0.0004,0.0006,0,1.1099,1109,220,-4,220,0,1,90,18438472956539,18438510859095,37902,0,0,33898,37239,0,,,,91,220,0,0,0,0,40,0,0
93,scan,92,0,18438572795013,,18438572919889,18438574347208,24.460,0.8621,0.0004,0.0006,0,1.0915,1091,220,-4,220,0,1,91,18438523204453,18438559831391,36626,0,0,33898,37220,0,,,,92,220,0,0,0,0,40,0,0
94,scan,93,0,18438622577734,,18438622699886,18438624443651,24.510,0.8770,0.0004,0.0006,0,1.0923,1092,220,-4,220,0,1,92,18438572840526,18438609853726,37013,0,0,33898,37226,0,,,,93,220,0,0,0,0,40,0,0
95,scan,94,0,18438672761935,,18438672883622,18438674761921,24.560,0.8845,0.0004,0.0006,0,1.0738,1073,220,-4,220,0,1,93,18438622619819,18438660285382,37665,0,0,33898,37207,0,,,,94,220,0,0,0,0,40,0,0
96,scan,95,0,18438723094013,,18438723215380,18438725258811,24.610,0.8995,0.0004,0.0006,0,1.0649,1064,220,-4,220,0,1,94,18438672807076,18438710062533,37255,0,0,33898,37211,0,,,,95,220,0,0,0,0,40,0,0
97,scan,96,0,18438772911041,,18438773029689,18438774339556,24.660,0.9069,0.0004,0.0006,0,1.0565,1056,220,-4,220,0,1,95,18438723136488,18438760220929,37084,0,0,33898,37194,0,,,,96,220,0,0,0,0,40,0,0
98,scan,97,0,18438823059558,,18438823186700,18438825233715,24.710,0.9219,0.0005,0.0006,0,1.0382,1038,220,-4,220,0,1,96,18438772955741,18438810462868,37507,0,0,33898,37198,0,,,,97,220,0,0,0,0,40,0,0
99,scan,98,0,18438872982138,,18438873102515,18438875461496,24.760,0.9294,0.0005,0.0006,0,1.0332,1033,220,-5,220,0,1,97,18438823104283,18438860272644,37168,0,0,33898,37201,0,,,,98,220,0,0,0,0,40,0,0
100,scan,99,0,18438923109309,,18438923233047,18438925297098,24.810,0.9443,0.0005,0.0006,0,1.0252,1025,220,-5,220,0,1,98,18438873026764,18438910307658,37280,0,0,33898,37199,0,,,,99,220,0,0,0,0,40,0,0
101,scan,100,0,18438972985684,,18438973114037,18438975260182,24.860,0.9518,0.0005,0.0006,0,1.0100,1009,220,-5,220,0,1,99,18438923152968,18438959359505,36206,0,0,33898,37175,0,,,,100,220,0,0,0,0,40,0,0
102,scan,101,0,18439023115029,,18439023232229,18439025344533,24.910,0.9668,0.0005,0.0006,0,0.9931,993,220,-5,220,0,1,100,18438973030107,18439010160716,37130,0,0,33898,37244,0,,,,101,220,0,0,0,0,40,0,0
103,scan,102,0,18439073465247,,18439073600012,18439075385693,24.960,0.9742,0.0005,0.0006,0,0.9842,984,220,-6,220,0,1,101,18439023154854,18439060216736,37061,0,0,33898,37240,0,,,,102,220,0,0,0,0,40,0,0
104,scan,103,0,18439122927086,,18439123042538,18439125263960,25.010,0.9892,0.0005,0.0006,0,0.9801,980,220,-6,220,0,1,102,18439073512927,18439107932173,34419,0,0,33898,37171,0,,,,103,220,0,0,0,0,40,0,0
105,scan,104,0,18439173227066,,18439173355722,18439175434584,25.060,0.9967,0.0005,0.0006,0,0.9659,965,220,-6,220,0,1,103,18439122964174,18439160269091,37304,0,0,33898,37166,0,,,,104,220,0,0,0,0,40,0,0
106,scan,105,0,18439223153501,,18439223269307,18439225690684,25.110,1.0042,0.0005,0.0006,0,0.9535,953,220,-6,220,-10,1,104,18439173273922,18439210860467,37586,0,0,33898,37174,0,,,,105,220,-10,0,0,0,40,0,0
107,scan,106,0,18439273046520,,18439273170968,18439275287695,25.160,1.0191,0.0005,0.0006,0,0.9401,940,220,-7,220,-10,1,105,18439223194806,18439260380120,37185,0,0,33898,37164,0,,,,106,220,-10,0,0,0,40,0,0
108,scan,107,0,18439323223838,,18439323374657,18439325385584,25.210,1.0266,0.0005,0.0005,0,0.9248,924,220,-7,220,-11,1,106,18439273091548,18439310631933,37540,0,0,33898,37180,0,,,,107,220,-11,0,0,0,40,0,0
109,scan,108,0,18439373188163,,18439373311895,18439375331003,25.260,1.0416,0.0005,-0.0003,0,0.9215,921,220,-6,220,-11,1,107,18439323287504,18439360271874,36984,0,0,33898,37161,0,,,,108,220,-11,0,0,0,40,0,0
110,scan,109,0,18439423238787,,18439423380115,18439425421339,25.310,1.0491,0.0005,-0.0009,0,0.9066,906,220,-5,220,-10,1,108,18439373231397,18439410495595,37264,0,0,33898,37162,0,,,,109,220,-10,0,0,0,40,0,0
111,scan,110,0,18439473353382,,18439473490619,18439475395308,25.360,1.0640,0.0005,-0.0016,1,0.8965,896,0,1000,220,-9,1,109,18439423288256,18439460328894,37040,0,0,33898,37149,0,,,,110,220,-9,0,0,0,40,0,0
112,scan,111,0,18439523341177,,18439523491295,18439525327264,25.410,1.0715,0.0005,-0.0018,1,0.8934,893,0,1000,0,999,1,110,18439473404856,18439510988910,37584,0,0,33898,37135,0,,,,111,0,999,0,0,0,40,0,0
113,scan,112,0,18439573523442,,18439573670116,18439575321604,25.460,1.0853,0.0005,-0.0023,1,0.8793,879,0,1000,0,999,1,111,18439523388912,18439560422303,37033,0,0,33898,37129,0,,,,112,0,999,0,0,0,40,0,0
114,scan,113,0,18439623797145,,18439623932661,18439625400188,25.510,1.0905,0.0004,-0.0024,1,0.8652,865,0,1000,0,999,1,112,18439573575615,18439611275141,37699,0,0,33898,37134,0,,,,113,0,999,0,0,0,40,0,0
115,scan,114,0,18439673600121,,18439673745670,18439675365647,25.560,1.0974,0.0004,-0.0020,1,0.8582,858,0,1000,0,999,1,113,18439623845990,18439662341969,38495,0,0,33898,37166,0,,,,114,0,999,0,0,0,40,0,0
116,scan,115,0,18439724143932,,18439724455512,18439726455956,25.610,1.0996,0.0004,-0.0006,1,0.8701,870,0,1000,0,999,1,114,18439673646566,18439711202254,37555,0,0,33898,37171,0,,,,115,0,999,0,0,0,40,0,0
117,scan,116,0,18439773795991,,18439773924925,18439775323594,25.660,1.1023,0.0004,0.0244,1,0.8681,868,0,1000,0,999,1,115,18439724253685,18439763431281,39177,0,0,33898,37219,0,,,,116,0,999,0,0,0,40,0,0
118,scan,117,0,18439823701501,,18439823845526,18439826209111,25.710,1.1027,0.0005,0.0540,1,0.8519,851,0,1000,0,999,1,116,18439773840391,18439811367837,37527,0,0,33898,37218,0,,,,117,0,999,0,0,0,40,0,0
119,scan,118,0,18439873763509,,18439873894208,18439875465910,25.760,1.1026,0.0004,0.1353,1,0.8638,863,0,1000,0,999,1,117,18439823766022,18439861958722,38192,0,0,33898,37305,0,,,,118,0,999,0,0,0,40,0,0
120,scan,119,0,18439924493178,,18439924626347,18439926361100,25.810,1.1025,0.0004,0.1739,1,0.8550,854,0,1000,0,999,1,118,18439873809247,18439911193337,37384,0,0,33898,37294,0,,,,119,0,999,0,0,0,40,0,0
121,scan,120,0,18439974592395,,18439974716743,18439976439561,25.860,1.1024,0.0004,0.2344,1,0.8625,862,0,1000,0,999,1,119,18439924539609,18439962076869,37537,0,0,33898,37294,0,,,,120,0,999,0,0,0,40,0,0
122,scan,121,0,18440024171909,,18440024312941,18440026406076,25.910,1.1024,0.0004,0.2642,1,0.8670,866,0,1000,0,999,1,120,18439974632299,18440012430485,37798,0,0,33898,37300,0,,,,121,0,999,0,0,0,40,0,0
123,scan,122,0,18440074171393,,18440074305117,18440077229150,25.960,1.1023,0.0004,0.2982,1,0.8617,861,0,1000,0,999,1,121,18440024221757,18440062103064,37881,0,0,33898,37367,0,,,,122,0,999,0,0,0,40,0,0
124,scan,123,0,18440125027945,,18440125216287,18440127450863,26.010,1.1022,0.0003,0.3726,1,0.8604,860,0,1000,0,999,1,122,18440074218753,18440111808612,37589,0,0,33898,37366,0,,,,123,0,999,0,0,0,40,0,0
125,scan,124,0,18440174822393,,18440174958753,18440176371692,26.060,1.1022,0.0003,0.4072,1,0.8528,852,0,1000,0,999,1,123,18440125080431,18440162925856,37845,0,0,33898,37377,0,,,,124,0,999,0,0,0,40,0,0
126,scan,125,0,18440224803653,,18440224936192,18440226375494,26.110,1.1021,0.0002,0.4710,1,0.8585,858,0,1000,0,999,1,124,18440174872820,18440213335875,38463,0,0,33898,37402,0,,,,125,0,999,0,0,0,40,0,0
127,scan,126,0,18440274567057,,18440274685356,18440276381979,26.160,1.1020,0.0002,0.5040,1,0.8652,865,0,1000,0,999,1,125,18440224851266,18440262494705,37643,0,0,33898,37408,0,,,,126,0,999,0,0,0,40,0,0
128,scan,127,0,18440324715492,,18440324853002,18440326281119,26.210,1.1019,0.0001,0.5743,1,0.8643,864,0,1000,0,999,1,126,18440274609235,18440312398073,37788,0,0,33898,37410,0,,,,127,0,999,0,0,0,40,0,0
129,scan,128,0,18440374853694,,18440374983325,18440377188409,26.260,1.1019,0.0001,0.6091,1,0.8652,865,0,1000,0,999,1,127,18440324764849,18440365494173,40729,0,0,33898,37497,0,,,,128,0,999,0,0,0,40,0,0
130,scan,129,0,18440424599898,,18440424731215,18440426389676,26.310,1.1018,0.0000,0.6757,1,0.8648,864,0,1000,0,999,1,128,18440374899863,18440409130269,34230,0,0,33898,37412,0,,,,129,0,999,0,0,0,40,0,0
131,scan,130,0,18440475372530,,18440475493325,18440477337528,26.360,1.1018,-0.0000,0.7089,1,0.8660,866,0,1000,0,999,1,129,18440424644111,18440462052456,37408,0,0,33898,37419,0,,,,130,0,999,0,0,0,40,0,0
132,scan,131,0,18440525162294,,18440525316307,18440527373338,26.410,1.1017,-0.0001,0.7773,1,0.8613,861,0,1000,0,999,1,130,18440475418168,18440512601939,37183,0,0,33898,37401,0,,,,131,0,999,0,0,0,40,0,0
133,scan,132,0,18440574854774,,18440574981466,18440577300209,26.460,1.1016,-0.0002,0.8118,1,0.8608,860,0,1000,0,999,1,131,18440525215911,18440562660745,37444,0,0,33898,37422,0,,,,132,0,999,0,0,0,40,0,0
134,scan,133,0,18440624995034,,18440625132504,18440627242515,26.510,1.1016,-0.0003,0.8796,1,0.8548,854,0,1000,0,999,1,132,18440574898737,18440612316660,37417,0,0,33898,37432,0,,,,133,0,999,0,0,0,40,0,0
135,scan,134,0,18440674955250,,18440675106723,18440677344597,26.560,1.1015,-0.0003,0.9132,1,0.8651,865,0,1000,0,999,1,133,18440625041473,18440662619623,37578,0,0,33898,37430,0,,,,134,0,999,0,0,0,40,0,0
136,scan,135,0,18440725015228,,18440725163444,18440727275707,26.610,1.1015,-0.0004,0.9810,1,0.8778,877,0,1000,0,999,1,134,18440675002309,18440712363546,37361,0,0,33898,37432,0,,,,135,0,999,0,0,0,40,0,0
137,scan,136,0,18440775518450,,18440775669851,18440777308592,26.660,1.1014,-0.0005,1.0153,1,0.5946,594,0,947,0,996,1,135,18440725067679,18440762642626,37574,0,0,33898,37445,0,,,,136,0,996,0,0,0,40,0,0
138,scan,137,0,18440824836024,,18440824951656,18440826541271,26.710,1.1014,-0.0006,1.0833,1,0.5689,568,0,811,0,956,1,136,18440775571603,18440812229218,36657,0,0,33898,37423,0,,,,137,0,956,0,0,0,40,0,0
139,scan,138,0,18440875045326,,18440875216075,18440877418775,26.760,1.1014,-0.0006,1.1169,1,0.5448,544,220,744,3,811,1,137,18440824873220,18440862405728,37532,0,0,33898,37433,0,,,,138,3,811,0,0,0,40,0,0
140,scan,139,0,18440924948369,,18440925073191,18440927277409,26.810,1.1014,-0.0007,1.1503,1,0.5471,547,220,677,220,738,1,138,18440875105311,18440912411775,37306,0,0,33898,37433,0,,,,139,220,738,0,0,0,40,0,0
141,scan,140,0,18440975107792,,18440975240279,18440977295442,26.860,1.1014,-0.0006,1.2113,1,0.5494,549,220,555,220,665,1,139,18440924992169,18440962054532,37062,0,0,33898,37455,0,,,,140,220,665,0,0,0,40,0,0
142,scan,141,0,18441025287297,,18441025414807,18441027437012,26.910,1.1018,0.0006,1.2376,1,0.5395,539,220,503,220,539,1,140,18440975150537,18441012294861,37144,0,0,33898,37455,0,,,,141,220,539,0,0,0,40,0,0
143,scan,142,0,18441075308650,,18441075427638,18441077310677,26.960,1.1036,0.0062,1.2941,1,0.5409,540,220,392,220,487,1,141,18441025332710,18441062940426,37607,0,0,33898,37469,0,,,,142,220,487,0,0,0,40,0,0
144,scan,143,0,18441125269541,,18441125386170,18441127349410,27.010,1.1048,0.0107,1.3261,1,0.5327,532,220,330,220,379,1,142,18441075349532,18441112289621,36940,0,0,33898,37532,0,,,,143,220,379,0,0,0,40,0,0
145,scan,144,0,18441175308212,,18441175434578,18441177407815,27.060,1.1074,0.0227,1.3879,1,0.5233,523,220,209,220,316,1,143,18441125311579,18441160094933,34783,0,0,33898,37469,0,,,,144,220,316,0,0,0,40,0,0
146,scan,145,0,18441225318154,,18441225443714,18441227319658,27.110,1.1086,0.0297,1.4100,1,0.5086,508,220,166,220,198,1,144,18441175352678,18441212330123,36977,0,0,33898,37453,0,,,,145,220,198,0,0,0,40,0,0
147,scan,146,0,18441275243072,,18441275366956,18441277402056,27.160,1.1109,0.0445,1.4229,1,0.5103,510,220,142,220,158,1,145,18441225362703,18441262769406,37406,0,0,33898,37459,0,,,,146,220,158,0,0,0,40,0,0
148,scan,147,0,18441325348367,,18441325478283,18441327352742,27.210,1.1120,0.0519,1.4211,1,0.4948,494,220,146,220,135,1,146,18441275286483,18441312257935,36971,0,0,33898,37445,0,,,,147,220,135,0,0,0,40,0,0
149,scan,148,0,18441375751973,,18441375899412,18441378258119,27.260,1.1142,0.0666,1.4304,1,0.4804,480,220,130,220,139,1,147,18441325394804,18441362899846,37505,0,0,33898,37458,0,,,,148,220,139,0,0,0,40,0,0
150,scan,149,0,18441425869288,,18441426059083,18441428497680,27.310,1.1152,0.0740,1.4399,1,0.4838,483,220,111,220,124,1,148,18441375805630,18441413788506,37982,0,0,33898,37476,0,,,,149,220,124,0,0,0,40,0,0
151,scan,150,0,18441475789572,,18441475908297,18441477411630,27.360,1.1170,0.0889,1.4509,1,0.4685,468,220,91,220,105,1,149,18441425936478,18441463272067,37335,0,0,33898,37483,0,,,,150,220,105,0,0,0,40,0,0
152,scan,151,0,18441525724160,,18441525851392,18441527298885,27.410,1.1179,0.0963,1.4522,1,0.4642,464,220,89,220,86,1,150,18441475832779,18441512200491,36367,0,0,33898,37453,0,,,,151,220,86,0,0,0,40,0,0
153,scan,152,0,18441575488072,,18441575612167,18441577437654,27.460,1.1197,0.1111,1.4570,1,0.4628,462,220,80,220,85,1,151,18441525769774,18441563417890,37648,0,0,33898,37468,0,,,,152,220,85,0,0,0,40,0,0
154,scan,153,0,18441625695424,,18441625819806,18441627350400,27.510,1.1205,0.1186,1.4614,1,0.4518,451,220,72,220,77,1,152,18441575529716,18441612235863,36706,0,0,33898,37443,0,,,,153,220,77,0,0,0,40,0,0
155,scan,154,0,18441675767485,,18441675880853,18441678220101,27.560,1.1221,0.1334,1.4684,1,0.4462,446,220,59,220,69,1,153,18441625741332,18441663080270,37338,0,0,33898,37414,0,,,,154,220,69,0,0,0,40,0,0
156,scan,155,0,18441725724224,,18441725846552,18441727364824,27.610,1.1228,0.1409,1.4702,1,0.4337,433,220,56,220,57,1,154,18441675804193,18441712583415,36779,0,0,33898,37395,0,,,,155,220,57,0,0,0,40,0,0
157,scan,156,0,18441775848259,,18441775971232,18441778342125,27.660,1.1236,0.1483,1.4717,1,0.4276,427,220,53,220,54,1,155,18441725768528,18441763209077,37440,0,0,33898,37351,0,,,,156,220,54,0,0,0,40,0,0
158,scan,157,0,18441825980537,,18441826110339,18441828390895,27.710,1.1250,0.1632,1.4758,1,0.4142,414,220,46,220,51,1,156,18441775892976,18441813349120,37456,0,0,33898,37350,0,,,,157,220,51,0,0,0,40,0,0
159,scan,158,0,18441875994829,,18441876156346,18441878315504,27.760,1.1257,0.1706,1.4781,1,0.4063,406,220,41,220,44,1,157,18441826027807,18441863308312,37280,0,0,33898,37327,0,,,,158,220,44,0,0,0,40,0,0
160,scan,159,0,18441925957178,,18441926074458,18441928451206,27.810,1.1271,0.1855,1.4816,1,0.3924,392,220,35,220,41,1,158,18441876068165,18441913887232,37819,0,0,33898,37338,0,,,,159,220,41,0,1,0,40,0,0
161,scan,160,0,18441976200658,,18441976319438,18441979252047,27.860,1.1278,0.1930,1.4827,1,0.3833,383,220,33,220,33,1,159,18441925998315,18441963170772,37172,0,0,33898,37329,0,,,,160,220,33,0,1,0,40,0,0
162,scan,161,0,18442026133834,,18442026257290,18442028485263,27.910,1.1291,0.2079,1.4852,1,0.3745,374,220,28,220,32,1,160,18441976243195,18442012410146,36166,0,0,33898,37288,0,,,,161,220,32,0,1,0,40,0,0
163,scan,162,0,18442076199189,,18442076334737,18442078303839,27.960,1.1297,0.2153,1.4864,1,0.3804,380,220,26,220,28,1,161,18442026176684,18442062727668,36550,0,0,33898,37254,0,,,,162,220,28,0,1,0,40,0,0
164,scan,163,0,18442126242735,,18442126361654,18442128489380,28.010,1.1309,0.2303,1.4885,1,0.3530,352,220,22,220,27,1,162,18442076244265,18442113999458,37755,0,0,33898,37259,0,,,,163,220,27,0,1,0,40,0,0
165,scan,164,0,18442176027537,,18442176150296,18442178243139,28.060,1.1315,0.2377,1.4893,1,0.3585,358,220,21,220,23,1,163,18442126283610,18442163803980,37520,0,0,33898,37251,0,,,,164,220,23,0,1,0,40,0,0
166,scan,165,0,18442226179443,,18442226305801,18442228562315,28.110,1.1328,0.2526,1.4910,1,0.3576,357,220,18,220,22,1,164,18442176070691,18442213358639,37287,0,0,33898,37221,0,,,,165,220,22,0,1,0,40,0,0
167,scan,166,0,18442276339559,,18442276457724,18442278376364,28.160,1.1334,0.2601,1.4918,1,0.3532,353,220,16,220,18,1,165,18442226224753,18442263806350,37581,0,0,33898,37220,0,,,,166,220,18,0,1,0,40,0,0
168,scan,167,0,18442326451458,,18442326573965,18442328517100,28.210,1.1345,0.2750,1.4933,1,0.3256,325,220,14,220,16,1,166,18442276381228,18442313684779,37303,0,0,33898,37207,0,,,,167,220,16,0,1,0,40,0,0
169,scan,168,0,18442376505853,,18442376651609,18442378320663,28.260,1.1351,0.2824,1.4939,1,0.3306,330,220,12,220,16,1,167,18442326491785,18442363890095,37398,0,0,33898,37124,0,,,,168,220,16,0,1,0,40,0,0
170,scan,169,0,18442426319000,,18442426441747,18442428550055,28.310,1.1362,0.2973,1.4950,1,0.3295,329,220,10,220,13,1,168,18442376552572,18442413725570,37172,0,0,33898,37198,0,,,,169,220,13,0,1,0,40,0,0
171,scan,170,0,18442476481170,,18442476598753,18442478357106,28.360,1.1368,0.3048,1.4956,1,0.3308,330,220,9,220,11,1,169,18442426361685,18442463644540,37282,0,0,33898,37195,0,,,,170,220,11,0,1,0,40,0,0
172,scan,171,0,18442526660960,,18442526810981,18442528540003,28.410,1.1379,0.3197,1.4965,1,0.3251,325,220,8,220,10,1,170,18442476528077,18442513828984,37300,0,0,33898,37198,0,,,,171,220,10,0,1,0,40,0,0
173,scan,172,0,18442576783280,,18442577010050,18442579190083,28.460,1.1385,0.3271,1.4969,1,0.3094,309,220,7,220,8,1,171,18442526699603,18442563912465,37212,0,0,33898,37192,0,,,,172,220,8,0,1,0,40,0,0
174,scan,173,0,18442627100125,,18442627237107,18442629621122,28.510,1.1390,0.3346,1.4972,1,0.3275,327,220,7,220,7,1,172,18442576845498,18442614635138,37789,0,0,33898,37201,0,,,,173,220,7,0,1,0,40,0,0
175,scan,174,0,18442677368415,,18442677536801,18442679740300,28.560,1.1401,0.3495,1.4977,1,0.3148,314,220,6,220,8,1,173,18442627145622,18442664126773,36981,0,0,33898,37186,0,,,,174,220,8,0,1,0,40,0,0
176,scan,175,0,18442727146722,,18442727346181,18442729556822,28.610,1.1407,0.3570,1.4980,1,0.3268,326,220,5,220,6,1,174,18442677426468,18442713979990,36553,0,0,33898,37166,0,,,,175,220,6,0,1,0,40,0,0
177,scan,176,0,18442777042935,,18442777190235,18442779318530,28.660,1.1417,0.3719,1.4985,1,0.3003,300,220,4,220,7,1,175,18442727214928,18442765408883,38193,0,0,33898,37181,0,,,,176,220,7,0,1,0,40,0,0
178,scan,177,0,18442827871265,,18442828042500,18442830270872,28.710,1.1423,0.3794,1.4987,1,0.2942,294,220,4,220,7,1,176,18442777095805,18442814927854,37832,0,0,33898,37211,0,,,,177,220,7,0,1,0,40,0,0
179,scan,178,0,18442877904784,,18442878053412,18442880412179,28.760,1.1434,0.3943,1.4991,1,0.3020,301,220,3,220,4,1,177,18442827919994,18442864411740,36491,0,0,33898,37185,0,,,,178,220,4,0,1,0,40,0,0
180,scan,179,0,18442927899111,,18442928035614,18442930327215,28.810,1.1439,0.4017,1.4993,1,0.3133,313,220,3,220,4,1,178,18442877952575,18442915200857,37248,0,0,33898,37183,0,,,,179,220,4,0,1,0,40,0,0
181,scan,180,0,18442977730899,,18442977914191,18442979285432,28.860,1.1450,0.4167,1.4997,1,0.3081,308,220,2,220,5,1,179,18442927942880,18442964213246,36270,0,0,33898,37163,0,,,,180,220,5,0,1,0,40,0,0
182,scan,181,0,18443027683868,,18443027840555,18443029367895,28.910,1.1455,0.4241,1.4998,1,0.3166,316,220,2,220,3,1,180,18442977792009,18443015323929,37531,0,0,33898,37173,0,,,,181,220,3,0,1,0,40,0,0
183,scan,182,0,18443077269024,,18443077409587,18443079411456,28.960,1.1465,0.4391,1.5000,1,0.3357,335,220,1,220,1,1,181,18443027738704,18443064184714,36446,0,0,33898,37144,0,,,,182,220,1,0,1,0,40,0,0
184,scan,183,0,18443127068849,,18443127188312,18443129380735,29.010,1.1471,0.4465,1.5001,1,0.3631,363,220,1,220,4,1,182,18443077317523,18443115476702,38159,0,0,33898,37175,0,,,,183,220,4,0,1,0,40,0,0
185,scan,184,0,18443176799006,,18443176922409,18443178356061,29.060,1.1481,0.4614,1.5003,1,1.0117,1011,220,1,220,2,1,183,18443127112517,18443164213100,37100,0,0,33898,37232,0,,,,184,220,2,0,0,0,40,0,0
186,scan,185,0,18443226876946,,18443226997184,18443229274678,29.110,1.1487,0.4689,1.5004,1,1.0135,1013,220,1,220,2,1,184,18443176839414,18443214186220,37346,0,0,33898,37242,0,,,,185,220,2,0,0,0,40,0,0
187,scan,186,0,18443277075922,,18443277205713,18443279323041,29.160,1.1497,0.4838,1.5006,1,1.0373,1037,220,0,220,4,1,185,18443226917796,18443264150834,37233,0,0,33898,37237,0,,,,186,220,4,0,0,0,40,0,0
188,scan,187,0,18443327418833,,18443327558943,18443329426011,29.210,1.1502,0.4913,1.5007,1,1.0217,1021,220,0,220,2,1,186,18443277119875,18443314587819,37467,0,0,33898,37250,0,,,,187,220,2,0,0,0,40,0,0
189,scan,188,0,18443377416269,,18443377538517,18443379390359,29.260,1.1513,0.5062,1.5009,1,1.0450,1044,220,0,220,0,1,187,18443327467877,18443364083463,36615,0,0,33898,37228,0,,,,188,220,0,0,0,0,40,0,0
190,scan,189,0,18443427556710,,18443427734478,18443429346479,29.310,1.1518,0.5137,1.5010,1,1.0361,1036,220,-1,220,0,1,188,18443377455721,18443415066194,37610,0,0,33898,37218,0,,,,189,220,0,0,0,0,40,0,0
191,scan,190,0,18443477651002,,18443477766450,18443479478073,29.360,1.1523,0.5211,1.5010,1,1.0153,1015,220,-1,220,1,1,189,18443427620138,18443462200172,34580,0,0,33898,37149,0,,,,190,220,1,0,0,0,40,0,0
192,scan,191,0,18443527474490,,18443527603915,18443529452087,29.410,1.1534,0.5360,1.5010,1,1.0007,1000,220,-1,220,0,1,190,18443477698992,18443512509489,34810,0,0,33898,37110,0,,,,191,220,0,0,0,0,40,0,0
193,scan,192,0,18443577603448,,18443577750590,18443579416444,29.460,1.1539,0.5435,1.5009,1,1.0261,1026,220,-1,220,0,1,191,18443527519151,18443561860782,34341,0,0,33898,37028,0,,,,192,220,0,0,0,0,40,0,0
194,scan,193,0,18443627662519,,18443627804140,18443629430902,29.510,1.1549,0.5584,1.5010,1,1.0168,1016,220,-1,220,1,1,192,18443577650177,18443612106768,34456,0,0,33898,36972,0,,,,193,220,1,0,0,0,40,0,0
195,scan,194,0,18443677749225,,18443677872016,18443679346646,29.560,1.1555,0.5659,1.5010,1,1.0159,1015,220,-1,220,1,1,193,18443627707817,18443664319764,36611,0,0,33898,36953,0,,,,194,220,1,0,0,0,40,0,0
196,scan,195,0,18443728072880,,18443728200920,18443730361057,29.610,1.1565,0.5808,1.5010,1,1.0187,1018,220,-1,220,0,1,194,18443677793101,18443715343677,37550,0,0,33898,36973,0,,,,195,220,0,0,0,0,40,0,0
197,scan,196,0,18443777871325,,18443778014802,18443780389812,29.660,1.1570,0.5883,1.5011,1,1.0214,1021,220,-1,220,-1,1,195,18443728112162,18443765581161,37468,0,0,33898,36973,0,,,,196,220,-1,0,0,0,40,0,0
198,scan,197,0,18443827651514,,18443827778304,18443829405461,29.710,1.1581,0.6032,1.5011,1,1.0116,1011,220,-1,220,1,1,196,18443777920978,18443815499700,37578,0,0,33898,36976,0,,,,197,220,1,0,0,0,40,0,0
199,scan,198,0,18443877758078,,18443877881617,18443879426743,29.760,1.1586,0.6107,1.5011,1,0.9976,997,220,-1,220,1,1,197,18443827697105,18443865210884,37513,0,0,33898,36982,0,,,,198,220,1,0,0,0,40,0,0
200,scan,199,0,18443927944020,,18443928120293,18443931226036,29.810,1.1596,0.6256,1.5010,1,1.0117,1011,220,-1,220,2,1,198,18443877801843,18443912071395,34269,0,0,33898,36893,0,,,,199,220,2,0,0,0,40,0,0
201,scan,200,0,18443978202904,,18443978328113,18443980330562,29.860,1.1601,0.6331,1.5011,1,1.0078,1007,220,-1,220,2,1,199,18443927987580,18443964233056,36245,0,0,33898,36870,0,,,,200,220,2,0,0,0,40,0,0
202,scan,201,0,18444028195815,,18444028316366,18444030360176,29.910,1.1612,0.6480,1.5013,1,1.0229,1022,220,-1,220,0,1,200,18443978247079,18444015618926,37371,0,0,33898,36900,0,,,,201,220,0,0,0,0,40,0,0
203,scan,202,0,18444078311021,,18444078439125,18444080421688,29.960,1.1617,0.6554,1.5014,1,1.0049,1004,220,-2,220,0,1,201,18444028238364,18444065681662,37443,0,0,33898,36923,0,,,,202,220,0,0,0,0,40,0,0
204,scan,203,0,18444128162572,,18444128287201,18444130407251,30.010,1.1627,0.6704,1.5014,1,1.0155,1015,220,-2,220,2,1,202,18444078357740,18444116089880,37732,0,0,33898,36922,0,,,,203,220,2,0,0,0,40,0,0
205,scan,204,0,18444178188714,,18444178310482,18444180431460,30.060,1.1633,0.6778,1.5013,1,1.0090,1009,220,-2,220,2,1,203,18444128206189,18444165861116,37654,0,0,33898,36926,0,,,,204,220,2,0,0,0,40,0,0
206,scan,205,0,18444228116237,,18444228237472,18444230289023,30.110,1.1643,0.6927,1.5014,1,0.9957,995,220,-2,220,0,1,204,18444178231788,18444216187741,37955,0,0,33898,36942,0,,,,205,220,0,0,0,0,40,0,0
207,scan,206,0,18444278717636,,18444278858934,18444280413168,30.160,1.1648,0.7002,1.5015,1,1.0073,1007,220,-2,220,0,1,205,18444228152511,18444265470024,37317,0,0,33898,36936,0,,,,206,220,0,0,0,0,40,0,0
208,scan,207,0,18444328411664,,18444328533846,18444330364018,30.210,1.1653,0.7077,1.5016,1,1.0089,1008,220,-2,220,0,1,206,18444278773088,18444316256851,37483,0,0,33898,36940,0,,,,207,220,0,0,0,0,40,0,0
209,scan,208,0,18444378043589,,18444378170857,18444380716125,30.260,1.1664,0.7226,1.5016,1,1.0118,1011,220,-2,220,-3,1,207,18444328454843,18444365791937,37337,0,0,33898,36939,0,,,,208,220,-3,0,0,0,40,0,0
210,scan,209,0,18444429233309,,18444429387564,18444431508902,30.310,1.1669,0.7301,1.5015,1,0.9959,995,220,-2,220,-3,1,208,18444378086272,18444415966779,37880,0,0,33898,36956,0,,,,209,220,-3,0,0,0,40,0,0
211,scan,210,0,18444478906272,,18444479036848,18444481269472,30.360,1.1679,0.7450,1.5014,1,1.0039,1003,220,-2,220,1,1,209,18444429286898,18444467073931,37787,0,0,33898,36969,0,,,,210,220,1,0,0,0,40,0,0
212,scan,211,0,18444529361472,,18444529505644,18444531427209,30.410,1.1684,0.7524,1.5013,1,0.9836,983,220,-2,220,1,1,210,18444478951901,18444516418452,37466,0,0,33898,36973,0,,,,211,220,1,0,0,0,40,0,0
213,scan,212,0,18444579090850,,18444579239887,18444581454683,30.460,1.1695,0.7674,1.5012,1,1.0045,1004,220,-2,220,-1,1,211,18444529411589,18444567140737,37729,0,0,33898,36986,0,,,,212,220,-1,0,0,0,40,0,0
214,scan,213,0,18444629104788,,18444629255620,18444631310910,30.510,1.1700,0.7748,1.5013,1,1.0059,1005,220,-2,220,-1,1,212,18444579141543,18444616312896,37171,0,0,33898,36971,0,,,,213,220,-1,0,0,0,40,0,0
215,scan,214,0,18444678746678,,18444678885614,18444680497324,30.560,1.1710,0.7898,1.5014,1,0.9880,987,220,-2,220,0,1,213,18444629150357,18444666398229,37247,0,0,33898,36977,0,,,,214,220,0,0,0,0,40,0,0
216,scan,215,0,18444728775696,,18444728904690,18444730401299,30.610,1.1716,0.7972,1.5013,1,1.0003,1000,220,-2,220,0,1,214,18444678792877,18444716394427,37601,0,0,33898,37003,0,,,,215,220,0,0,0,0,40,0,0
217,scan,216,0,18444778935174,,18444779065843,18444781305493,30.660,1.1726,0.8121,1.5011,1,1.0092,1009,220,-2,220,2,1,215,18444728820942,18444765319757,36498,0,0,33898,36961,0,,,,216,220,2,0,0,0,40,0,0
218,scan,217,0,18444828877244,,18444829016820,18444831231924,30.710,1.1731,0.8196,1.5012,1,1.0130,1012,220,-2,220,2,1,216,18444778981344,18444812612010,33630,0,0,33630,36856,0,,,,217,220,2,0,0,0,40,0,0
219,scan,218,0,18444878757679,,18444878908567,18444880364041,30.760,1.1742,0.8345,1.5014,1,1.0022,1002,220,-2,220,0,1,217,18444828925143,18444866377549,37452,0,0,33630,36880,0,,,,218,220,0,0,0,0,40,0,0
220,scan,219,0,18444928963936,,18444929087673,18444931278408,30.810,1.1747,0.8420,1.5015,1,0.9952,995,220,-3,220,-1,1,218,18444878800547,18444916398170,37597,0,0,33630,36889,0,,,,219,220,-1,0,0,0,40,0,0
221,scan,220,0,18444978767580,,18444978890988,18444980474532,30.860,1.1757,0.8569,1.5015,1,1.0039,1003,220,-3,220,2,1,219,18444929009301,18444966294878,37285,0,0,33630,36914,0,,,,220,220,2,0,0,0,40,0,0
222,scan,221,0,18445028920048,,18445029046277,18445031261601,30.910,1.1762,0.8644,1.5014,1,0.9916,991,220,-3,220,2,1,220,18444978809859,18445015765819,36955,0,0,33630,36900,0,,,,221,220,2,0,0,0,40,0,0
223,scan,222,0,18445079429192,,18445079628196,18445081384457,30.960,1.1773,0.8793,1.5014,1,0.9895,989,220,-3,220,-1,1,221,18445028964849,18445066089241,37124,0,0,33630,36917,0,,,,222,220,-1,0,0,0,40,0,0
224,scan,223,0,18445129338449,,18445129461755,18445131344818,31.010,1.1778,0.8868,1.5015,1,0.9751,975,220,-3,220,-2,1,222,18445079493004,18445115992287,36499,0,0,33630,36875,0,,,,223,220,-2,0,0,0,40,0,0
225,scan,224,0,18445179489137,,18445179611995,18445181633817,31.060,1.1783,0.8942,1.5017,1,1.0004,1000,220,-3,220,-1,1,223,18445129380976,18445165855721,36474,0,0,33630,36859,0,,,,224,220,-1,0,0,0,40,0,0
226,scan,225,0,18445229148579,,18445229292109,18445231344567,31.110,1.1793,0.9091,1.5015,1,0.9977,997,220,-3,220,-4,1,224,18445179532074,18445216366977,36834,0,0,33630,36847,0,,,,225,220,-4,0,0,0,40,0,0
227,scan,226,0,18445279422852,,18445279542989,18445281324485,31.160,1.1798,0.9166,1.5013,1,0.9942,994,220,-3,220,-4,1,225,18445229198457,18445266526375,37327,0,0,33630,36849,0,,,,226,220,-4,0,0,0,40,0,0
228,scan,227,0,18445329034609,,18445329164065,18445331291667,31.210,1.1809,0.9315,1.5011,1,0.9963,996,220,-3,220,0,1,226,18445279463400,18445316294695,36831,0,0,33630,36833,0,,,,227,220,0,0,0,0,40,0,0
229,scan,228,0,18445379031787,,18445379159297,18445381239832,31.260,1.1814,0.9390,1.5010,1,0.9821,982,220,-3,220,0,1,227,18445329077674,18445366255624,37177,0,0,33630,36847,0,,,,228,220,0,0,0,0,40,0,0
230,scan,229,0,18445429279930,,18445429416974,18445431453648,31.310,1.1825,0.9539,1.5009,1,0.9739,973,220,-3,220,-4,1,228,18445379076491,18445416310513,37234,0,0,33630,36838,0,,,,229,220,-4,0,0,0,40,0,0
231,scan,230,0,18445479488125,,18445479648340,18445481449336,31.360,1.1830,0.9614,1.5009,1,0.9629,962,220,-3,220,-4,1,229,18445429328384,18445467000492,37672,0,0,33630,36915,0,,,,230,220,-4,0,0,0,40,0,0
232,scan,231,0,18445529346649,,18445529484208,18445531286656,31.410,1.1840,0.9763,1.5009,1,0.9697,969,220,-3,220,-1,1,230,18445479540593,18445516433946,36893,0,0,33630,36967,0,,,,231,220,-1,0,0,0,40,0,0
233,scan,232,0,18445579604813,,18445579727011,18445582368548,31.460,1.1845,0.9838,1.5007,1,0.9672,967,220,-2,220,-1,1,231,18445529387832,18445567107345,37719,0,0,33630,37052,0,,,,232,220,-1,0,0,0,40,0,0
234,scan,233,0,18445629239520,,18445629384565,18445631406067,31.510,1.1856,0.9987,1.5003,1,0.9471,947,220,-2,220,3,1,232,18445579647499,18445617711475,38063,0,0,33630,37142,0,,,,233,220,3,0,0,0,40,0,0
235,scan,234,0,18445679506637,,18445679649006,18445681421219,31.560,1.1861,1.0062,1.5004,1,0.9522,952,220,-2,220,4,1,233,18445629287181,18445666811286,37524,0,0,33630,37165,0,,,,234,220,4,0,0,0,40,0,0
236,scan,235,0,18445729739348,,18445729858719,18445731329337,31.610,1.1872,1.0211,1.5007,1,0.9370,937,220,-3,220,-1,1,234,18445679556760,18445716272326,36715,0,0,33630,37144,0,,,,235,220,-1,0,0,0,40,0,0
237,scan,236,0,18445779969621,,18445780129425,18445782355159,31.660,1.1877,1.0285,1.5008,1,0.9278,927,220,-3,220,-3,1,235,18445729777316,18445767489656,37712,0,0,33630,37150,0,,,,236,220,-3,0,0,0,40,0,0
238,scan,237,0,18445829661993,,18445829793295,18445831387914,31.710,1.1887,1.0435,1.5009,1,0.9230,923,220,-4,220,1,1,236,18445780048935,18445817708081,37659,0,0,33630,37152,0,,,,237,220,1,0,0,0,40,0,0
239,scan,238,0,18445879728895,,18445879896839,18445882447800,31.760,1.1893,1.0509,1.5007,2,0.9178,917,0,1000,220,1,1,237,18445829705039,18445866808744,37103,0,0,33630,37142,0,,,,238,220,1,0,0,0,40,0,0
240,scan,239,0,18445929757856,,18445929873694,18445931337883,31.810,1.1903,1.0658,1.5004,2,0.8854,885,0,1000,0,999,1,238,18445879789088,18445917644126,37855,0,0,33630,37231,0,,,,239,0,999,0,0,0,40,0,0
241,scan,240,0,18445979706606,,18445979843435,18445982308790,31.860,1.1908,1.0733,1.5006,2,0.8882,888,0,1000,0,999,1,239,18445929792941,18445967208692,37415,0,0,33630,37260,0,,,,240,0,999,0,0,0,40,0,0
242,scan,241,0,18446029864853,,18446029999250,18446031671095,31.910,1.1913,1.0796,1.5027,2,0.8854,885,0,1000,0,999,1,240,18445979749293,18446016441000,36691,0,0,33630,37244,0,,,,241,0,999,0,0,0,40,0,0
243,scan,242,0,18446079827864,,18446079951738,18446081471701,31.960,1.1918,1.0887,1.5257,2,0.8779,877,0,1000,0,999,1,241,18446029913140,18446069639751,39726,0,0,33630,37301,0,,,,242,0,999,0,0,0,40,0,0
244,scan,243,0,18446129911273,,18446130033636,18446132522269,32.010,1.1919,1.0916,1.5407,2,0.8748,874,0,1000,0,999,1,242,18446079870957,18446117474127,37603,0,0,33630,37297,0,,,,243,0,999,0,0,0,40,0,0
245,scan,244,0,18446180153060,,18446180273569,18446182381898,32.060,1.1920,1.0946,1.5620,2,0.8701,870,0,1000,0,999,1,243,18446129954939,18446168028951,38074,0,0,33630,37308,0,,,,244,0,999,0,0,0,40,0,0
246,scan,245,0,18446230014149,,18446230137807,18446232329180,32.110,1.1920,1.0952,1.5778,2,0.8732,873,0,1000,0,999,1,244,18446180194291,18446217827209,37632,0,0,33630,37300,0,,,,245,0,999,0,0,0,40,0,0
247,scan,246,0,18446280160101,,18446280298451,18446282655252,32.160,1.1920,1.0953,1.6494,2,0.8714,871,0,1000,0,999,1,245,18446230057559,18446267826640,37769,0,0,33630,37311,0,,,,246,0,999,0,0,0,40,0,0
248,scan,247,0,18446329987948,,18446330121804,18446332347211,32.210,1.1920,1.0952,1.6955,2,0.8767,876,0,1000,0,999,1,246,18446280208221,18446319298962,39090,0,0,33630,37351,0,,,,247,0,999,0,0,0,40,0,0
249,scan,248,0,18446380257904,,18446380381646,18446382659510,32.260,1.1921,1.0951,1.7651,2,0.8600,859,0,1000,0,999,1,247,18446330034902,18446367409348,37374,0,0,33630,37352,0,,,,248,0,999,0,0,0,40,0,0
250,scan,249,0,18446430574417,,18446430712719,18446432389479,32.310,1.1921,1.0950,1.7909,2,0.8670,866,0,1000,0,999,1,248,18446380299697,18446417662627,37362,0,0,33630,37339,0,,,,249,0,999,0,0,0,40,0,0
251,scan,250,0,18446480167767,,18446480306985,18446482449057,32.360,1.1921,1.0949,1.8545,2,0.8736,873,0,1000,0,999,1,249,18446430622130,18446465211620,34589,0,0,33630,37259,0,,,,250,0,999,0,0,0,40,0,0
252,scan,251,0,18446530767792,,18446530949374,18446532356093,32.410,1.1921,1.0949,1.8934,2,0.8644,864,0,1000,0,999,1,250,18446480220084,18446514851722,34631,0,0,33630,37188,0,,,,251,0,999,0,0,0,40,0,0
253,scan,252,0,18446580513910,,18446580648008,18446582419652,32.460,1.1922,1.0948,1.9660,2,0.8640,864,0,1000,0,999,1,251,18446530830663,18446568117793,37287,0,0,33630,37177,0,,,,252,0,999,0,0,0,40,0,0
254,scan,253,0,18446631251959,,18446631492739,18446633363119,32.510,1.1922,1.0947,1.9971,2,0.8513,851,0,1000,0,999,1,252,18446580560246,18446618195593,37635,0,0,33630,37189,0,,,,253,0,999,0,0,0,40,0,0
255,scan,254,0,18446680823130,,18446680970898,18446682437052,32.560,1.1922,1.0946,2.0608,2,0.8732,873,0,1000,0,999,1,253,18446631342073,18446668265950,36923,0,0,33630,37181,0,,,,254,0,999,0,0,0,40,0,0
256,scan,255,0,18446730692886,,18446730819959,18446732433824,32.610,1.1923,1.0946,2.0961,2,0.8670,866,0,1000,0,999,1,254,18446680873560,18446718106887,37233,0,0,33630,37172,0,,,,255,0,999,0,0,0,40,0,0
257,scan,256,0,18446780688150,,18446780803943,18446782406416,32.660,1.1923,1.0945,2.1674,2,0.8685,868,0,1000,0,999,1,255,18446730738429,18446768161337,37422,0,0,33630,37195,0,,,,256,0,999,0,0,0,40,0,0
258,scan,257,0,18446830760284,,18446830887001,18446832400800,32.710,1.1924,1.0944,2.2007,2,0.8640,864,0,1000,0,999,1,256,18446780725315,18446817847638,37122,0,0,33630,37282,0,,,,257,0,999,0,0,0,40,0,0
259,scan,258,0,18446881305432,,18446881537468,18446883323016,32.760,1.1924,1.0944,2.2331,2,0.8560,856,0,1000,0,999,1,257,18446830805535,18446867478573,36673,0,0,33630,37263,0,,,,258,0,999,0,0,0,40,0,0
260,scan,259,0,18446930862397,,18446930991065,18446933295917,32.810,1.1925,1.0943,2.3001,2,0.8583,858,0,1000,0,999,1,258,18446881379504,18446915089924,33710,0,0,33630,37165,0,,,,259,0,999,0,0,0,40,0,0
261,scan,260,0,18446981113174,,18446981264321,18446983330379,32.860,1.1925,1.0943,2.3349,2,0.8599,859,0,1000,0,999,1,259,18446930905347,18446968432262,37526,0,0,33630,37171,0,,,,260,0,999,0,0,0,40,0,0
262,scan,261,0,18447031086209,,18447031225227,18447033371340,32.910,1.1926,1.0942,2.4038,2,0.8632,863,0,1000,0,999,1,260,18446981175551,18447018867117,37691,0,0,33630,37190,0,,,,261,0,999,0,0,0,40,0,0
263,scan,262,0,18447081250648,,18447081399617,18447083336663,32.960,1.1927,1.0942,2.4372,2,0.8692,869,0,1000,0,999,1,261,18447031129374,18447068542793,37413,0,0,33630,37197,0,,,,262,0,999,0,0,0,40,0,0
264,scan,263,0,18447130868938,,18447130991595,18447133228190,33.010,1.1928,1.0941,2.5043,2,0.8778,877,0,1000,0,999,1,262,18447081301630,18447118620425,37318,0,0,33630,37218,0,,,,263,0,999,0,0,0,40,0,0
265,scan,264,0,18447180793177,,18447180935562,18447182434615,33.060,1.1928,1.0941,2.5385,2,0.8779,877,0,1000,0,999,1,263,18447130909897,18447168654669,37744,0,0,33630,37249,0,,,,264,0,999,0,0,0,40,0,0
266,scan,265,0,18447230837008,,18447231000749,18447233292748,33.110,1.1929,1.0940,2.6070,2,0.8823,882,0,981,0,999,1,264,18447180843111,18447218482750,37639,0,0,33630,37269,0,,,,265,0,999,0,0,0,40,0,0
267,scan,266,0,18447281173541,,18447281299035,18447283476507,33.160,1.1930,1.0940,2.6409,2,0.9071,907,0,913,0,987,1,265,18447230900078,18447268555191,37655,0,0,33630,37278,0,,,,266,0,987,0,0,0,40,0,0
268,scan,267,0,18447331120042,,18447331293821,18447333331003,33.210,1.1931,1.0939,2.7082,2,0.9132,913,220,778,0,918,1,266,18447281219359,18447318925538,37706,0,0,33630,37299,0,,,,267,0,918,0,0,0,40,0,0
269,scan,268,0,18447381164172,,18447381319161,18447383374797,33.260,1.1931,1.0939,2.7417,2,0.9059,905,220,711,217,776,1,267,18447331180164,18447368282916,37102,0,0,33630,37298,0,,,,268,217,776,0,0,0,40,0,0
270,scan,269,0,18447431306537,,18447431518441,18447433326252,33.310,1.1920,1.0943,2.8064,2,0.9603,960,220,582,220,702,1,268,18447381215581,18447418438970,37223,0,0,33630,37297,0,,,,269,220,702,0,0,0,40,0,0
271,scan,270,0,18447481177429,,18447481308582,18447483410869,33.360,1.1897,1.0951,2.8385,2,0.9652,965,220,518,220,565,1,269,18447431376594,18447469626994,38250,0,0,33630,37312,0,,,,270,220,565,0,0,0,40,0,0
272,scan,271,0,18447531120931,,18447531277221,18447533354098,33.410,1.1818,1.0973,2.9064,2,0.9841,984,220,384,220,502,1,270,18447481224407,18447515721510,34497,0,0,33630,37252,0,,,,271,220,502,0,0,0,40,0,0
273,scan,272,0,18447581192470,,18447581332464,18447583364016,33.460,1.1760,1.0986,2.9410,2,0.5817,581,220,316,220,370,1,271,18447531177143,18447568162688,36985,0,0,33630,37234,0,,,,272,220,370,0,0,0,40,0,0
274,scan,273,0,18447631321813,,18447631448999,18447633367071,33.510,1.1627,1.1009,2.9994,2,0.5600,559,220,200,220,304,1,272,18447581243106,18447618953129,37710,0,0,33630,37225,0,,,,273,220,304,0,0,0,40,0,0
275,scan,274,0,18447681773253,,18447681949832,18447684330099,33.560,1.1553,1.1019,3.0133,2,0.5275,527,220,173,220,193,1,273,18447631359631,18447668467691,37108,0,0,33630,37214,0,,,,274,220,193,0,0,0,40,0,0
276,scan,275,0,18447731744521,,18447731918922,18447734201394,33.610,1.1479,1.1028,3.0162,2,0.5528,552,220,168,220,167,1,274,18447681862758,18447719593145,37730,0,0,33630,37240,0,,,,275,220,167,0,0,0,40,0,0
277,scan,276,0,18447781659386,,18447781803883,18447783389922,33.660,1.1331,1.1047,3.0182,2,0.5526,552,220,165,220,162,1,275,18447731789940,18447768269695,36479,0,0,33630,37209,0,,,,276,220,162,0,0,0,40,0,0
278,scan,277,0,18447831993861,,18447832160752,18447835362096,33.710,1.1257,1.1056,3.0261,2,0.5373,537,220,150,220,159,1,276,18447781712489,18447819159897,37447,0,0,33630,37204,0,,,,277,220,159,0,0,0,40,0,0
279,scan,278,0,18447882061933,,18447882195601,18447884343934,33.760,1.1108,1.1071,3.0449,2,0.5565,556,220,113,220,144,1,277,18447832067344,18447870174486,38107,0,0,33630,37229,0,,,,278,220,144,0,0,0,40,0,0
280,scan,279,0,18447931777240,,18447931941857,18447934259431,33.810,1.1034,1.1078,3.0497,2,0.5592,559,220,104,220,108,1,278,18447882109222,18447919338023,37228,0,0,33630,37213,0,,,,279,220,108,0,0,0,40,0,0
281,scan,280,0,18447981772971,,18447981940563,18447984365369,33.860,1.0885,1.1092,3.0543,2,0.5597,559,220,95,220,99,1,279,18447931856582,18447968426324,36569,0,0,33630,37192,0,,,,280,220,99,0,0,0,40,0,0
282,scan,281,0,18448031983059,,18448032176683,18448034278550,33.910,1.0811,1.1098,3.0576,2,0.9932,993,220,89,220,92,1,280,18447981857034,18448019434284,37577,0,0,33630,37214,0,,,,281,220,92,0,0,0,40,0,0
283,scan,282,0,18448081564086,,18448081687123,18448083427281,33.960,1.0662,1.1110,3.0663,2,0.9917,991,220,72,220,85,1,281,18448032085896,18448069507729,37421,0,0,33630,37156,0,,,,282,220,85,0,0,0,40,0,0
284,scan,283,0,18448131872288,,18448131996391,18448134368761,34.010,1.0587,1.1116,3.0698,2,0.9762,976,220,65,220,70,1,282,18448081603317,18448119048391,37445,0,0,33630,37152,0,,,,283,220,70,0,0,0,40,0,0
285,scan,284,0,18448181756138,,18448181916098,18448183437508,34.060,1.0438,1.1126,3.0742,2,0.9568,956,220,57,220,63,1,283,18448131917349,18448168696431,36779,0,0,33630,37120,0,,,,284,220,63,0,0,0,40,0,0
286,scan,285,0,18448231912099,,18448232101240,18448234449170,34.110,1.0363,1.1131,3.0761,2,0.9558,955,220,53,220,56,1,284,18448181795860,18448215202202,33406,0,0,33406,37014,0,,,,285,220,56,0,0,0,40,0,0
287,scan,286,0,18448281942372,,18448282166643,18448284445796,34.160,1.0214,1.1141,3.0807,2,0.9455,945,220,45,220,52,1,285,18448231959547,18448269722500,37762,0,0,33406,37014,0,,,,286,220,52,0,0,0,40,0,0
288,scan,287,0,18448331880201,,18448332043325,18448334271134,34.210,1.0139,1.1145,3.0828,2,0.9313,931,220,40,220,43,1,286,18448282015902,18448319373423,37357,0,0,33406,36971,0,,,,287,220,43,0,0,0,40,0,0
289,scan,288,0,18448382141281,,18448382309028,18448384350424,34.260,0.9990,1.1154,3.0860,2,0.9266,926,220,34,220,39,1,287,18448331922883,18448369667815,37744,0,0,33406,36980,0,,,,288,220,39,0,0,0,40,0,0
290,scan,289,0,18448432628464,,18448432785152,18448434365727,34.310,0.9915,1.1158,3.0872,2,0.9070,906,220,32,220,33,1,288,18448382195918,18448419993351,37797,0,0,33406,36991,0,,,,289,220,33,0,0,0,40,0,0
291,scan,290,0,18448482898769,,18448483149397,18448485277427,34.360,0.9766,1.1166,3.0897,2,0.8972,897,220,27,220,32,1,289,18448432685128,18448470092915,37407,0,0,33406,37061,0,,,,290,220,32,0,0,0,40,0,0
292,scan,291,0,18448532192603,,18448532319761,18448534412017,34.410,0.9691,1.1170,3.0908,2,0.8977,897,220,25,220,26,1,290,18448482976435,18448517460893,34484,0,0,33406,37058,0,,,,291,220,26,0,0,0,40,0,0
293,scan,292,0,18448582352274,,18448582480395,18448584445250,34.460,0.9616,1.1173,3.0919,2,0.8949,894,220,23,220,24,1,291,18448532236612,18448566832238,34595,0,0,33406,36990,0,,,,292,220,24,0,0,0,40,0,0
294,scan,293,0,18448632591073,,18448632731220,18448634354399,34.510,0.9467,1.1181,3.0937,2,0.8693,869,220,19,220,22,1,292,18448582396465,18448619819297,37422,0,0,33406,36985,0,,,,293,220,22,0,0,0,40,0,0
295,scan,294,0,18448682907691,,18448683049156,18448685244431,34.560,0.9392,1.1184,3.0945,2,0.8664,866,220,18,220,19,1,293,18448632633956,18448667067093,34433,0,0,33406,36923,0,,,,294,220,19,0,0,0,40,0,0
296,scan,295,0,18448732984443,,18448733141420,18448735218082,34.610,0.9243,1.1191,3.0959,2,0.8371,837,220,15,220,18,1,294,18448682954261,18448720765943,37811,0,0,33406,36937,0,,,,295,220,18,0,0,0,40,0,0
297,scan,296,0,18448782598502,,18448782748145,18448784369484,34.660,0.9168,1.1195,3.0966,2,0.8452,845,220,14,220,15,1,295,18448733051146,18448770190438,37139,0,0,33406,36930,0,,,,296,220,15,0,0,0,40,0,0
298,scan,297,0,18448832814207,,18448832938994,18448834333999,34.710,0.9019,1.1201,3.0979,2,0.8398,839,220,11,220,13,1,296,18448782651491,18448819886705,37235,0,0,33406,36933,0,,,,297,220,13,0,0,0,40,0,0
299,scan,298,0,18448882958198,,18448883121136,18448885403220,34.760,0.8944,1.1205,3.0985,2,0.8132,813,220,10,220,11,1,297,18448832856018,18448869870845,37014,0,0,33406,36942,0,,,,298,220,11,0,0,0,40,0,0
300,scan,299,0,18448932640654,,18448932766682,18448934472053,34.810,0.8795,1.1211,3.0993,2,0.7995,799,220,9,220,11,1,298,18448883015300,18448919910505,36895,0,0,33406,37021,0,,,,299,220,11,0,0,0,40,0,0
301,scan,300,0,18448982948922,,18448983102745,18448985341813,34.860,0.8720,1.1214,3.0996,2,0.8050,805,220,8,220,9,1,299,18448932685737,18448969947927,37262,0,0,33406,37015,0,,,,300,220,9,0,0,0,40,0,0
302,scan,301,0,18449032758684,,18449032900195,18449034301449,34.910,0.8571,1.1220,3.1003,2,0.7928,792,220,7,220,7,1,300,18448983003039,18449020458155,37455,0,0,33406,37009,0,,,,301,220,7,0,0,0,40,0,0
303,scan,302,0,18449082904278,,18449083038235,18449085402151,34.960,0.8496,1.1223,3.1006,2,0.7741,774,220,6,220,8,1,301,18449032805943,18449070938298,38132,0,0,33406,37027,0,,,,302,220,8,0,0,0,40,0,0
304,scan,303,0,18449132679356,,18449132804980,18449134314533,35.010,0.8347,1.1229,3.1012,2,0.7659,765,220,5,220,6,1,302,18449082947904,18449120518931,37571,0,0,33406,37033,0,,,,303,220,6,0,0,0,40,0,0
305,scan,304,0,18449182892754,,18449183077691,18449185452594,35.060,0.8272,1.1232,3.1014,2,0.7451,745,220,5,220,6,1,303,18449132723100,18449170239863,37516,0,0,33406,37027,0,,,,304,220,6,0,0,0,40,0,0
306,scan,305,0,18449232934393,,18449233070755,18449235278985,35.110,0.8122,1.1238,3.1018,2,0.7423,742,220,4,220,6,1,304,18449182958645,18449220237873,37279,0,0,33406,37018,0,,,,305,220,6,0,0,0,40,0,0
307,scan,306,0,18449283215024,,18449283348558,18449285389059,35.160,0.8048,1.1241,3.1020,2,0.7391,739,220,3,220,4,1,305,18449232975845,18449270391549,37415,0,0,33406,37012,0,,,,306,220,4,0,0,0,40,0,0
308,scan,307,0,18449333311575,,18449333508908,18449335451056,35.210,0.7898,1.1247,3.1024,2,0.7210,721,220,3,220,4,1,306,18449283258187,18449320511220,37253,0,0,33406,37001,0,,,,307,220,4,0,0,0,40,0,0
309,scan,308,0,18449383327949,,18449383467472,18449385338377,35.260,0.7823,1.1250,3.1025,2,0.7185,718,220,2,220,4,1,307,18449333375476,18449370736253,37360,0,0,33406,37007,0,,,,308,220,4,0,0,0,40,0,0
310,scan,309,0,18449433206014,,18449433348578,18449435393727,35.310,0.7749,1.1253,3.1026,2,0.7083,708,220,2,220,2,1,308,18449383370425,18449421841656,38471,0,0,33406,37039,0,,,,309,220,2,0,0,0,40,0,0
311,scan,310,0,18449483285653,,18449483414627,18449485381772,35.360,0.7599,1.1259,3.1029,2,0.7007,700,220,2,220,2,1,309,18449433257022,18449470748920,37491,0,0,33406,37020,0,,,,310,220,2,0,0,0,40,0,0
312,scan,311,0,18449533160451,,18449533312430,18449535272658,35.410,0.7524,1.1262,3.1030,2,0.6880,688,220,2,220,2,1,310,18449483331646,18449517692349,34360,0,0,33406,37016,0,,,,311,220,2,0,0,0,40,0,0
313,scan,312,0,18449582924207,,18449583051345,18449584471140,35.460,0.7375,1.1267,3.1032,2,0.6869,686,220,1,220,2,1,311,18449533224617,18449571050897,37826,0,0,33406,37037,0,,,,312,220,2,0,0,0,40,0,0
314,scan,313,0,18449633415774,,18449633559455,18449635393835,35.510,0.7300,1.1270,3.1032,2,0.6573,657,220,1,220,2,1,312,18449582967932,18449620341116,37373,0,0,33406,37029,0,,,,313,220,2,0,0,0,40,0,0
315,scan,314,0,18449683281094,,18449683404451,18449685520961,35.560,0.7151,1.1276,3.1033,2,0.6733,673,220,1,220,2,1,313,18449633468568,18449670819316,37350,0,0,33406,37035,0,,,,314,220,2,0,0,0,40,0,0
316,scan,315,0,18449733195847,,18449733327257,18449736460878,35.610,0.7076,1.1279,3.1034,2,0.6518,651,220,1,220,2,1,314,18449683324381,18449720333062,37008,0,0,33406,37017,0,,,,315,220,2,0,0,0,40,0,0
317,scan,316,0,18449783304567,,18449783452455,18449785367357,35.660,0.6927,1.1285,3.1036,2,0.6369,636,220,0,220,2,1,315,18449733243172,18449770532488,37289,0,0,33406,37037,0,,,,316,220,2,0,0,0,40,0,0
318,scan,317,0,18449833469925,,18449833651906,18449835377959,35.710,0.6852,1.1287,3.1036,2,0.6329,632,220,0,220,0,1,316,18449783352875,18449821799073,38446,0,0,33406,37062,0,,,,317,220,0,0,0,0,40,0,0
319,scan,318,0,18449883453586,,18449883570609,18449885339183,35.760,0.6702,1.1293,3.1037,2,0.6298,629,220,0,220,0,1,317,18449833524859,18449870847880,37323,0,0,33406,37042,0,,,,318,220,0,0,0,0,40,0,0
320,scan,319,0,18449933729902,,18449933858537,18449935304151,35.810,0.6628,1.1296,3.1037,2,0.6102,610,220,0,220,0,1,318,18449883494760,18449920234231,36739,0,0,33406,37030,0,,,,319,220,0,0,0,0,40,0,0
321,scan,320,0,18449983939772,,18449984098541,18449986299265,35.860,0.6478,1.1302,3.1037,2,0.5979,597,220,0,220,1,1,319,18449933776417,18449971711454,37935,0,0,33406,37064,0,,,,320,220,1,0,0,0,40,0,0
322,scan,321,0,18450034278414,,18450034418802,18450036472469,35.910,0.6403,1.1304,3.1037,2,0.5820,582,220,0,220,0,1,320,18449983983138,18450021454620,37471,0,0,33406,37062,0,,,,321,220,0,0,0,0,40,0,0
323,scan,322,0,18450083925478,,18450084102930,18450086675689,35.960,0.6254,1.1310,3.1037,2,0.5865,586,220,0,220,0,1,321,18450034328633,18450072135839,37807,0,0,33406,37071,0,,,,322,220,0,0,0,0,40,0,0
324,scan,323,0,18450133645015,,18450133776812,18450135463529,36.010,0.6179,1.1313,3.1038,2,0.5750,574,220,0,220,0,1,322,18450083970397,18450121374001,37403,0,0,33406,37070,0,,,,323,220,0,0,0,0,40,0,0
325,scan,324,0,18450184084771,,18450184244485,18450186308571,36.060,0.6029,1.1318,3.1037,2,0.5613,561,220,0,220,0,1,323,18450133690997,18450171153749,37462,0,0,33406,37087,0,,,,324,220,0,0,0,0,40,0,0
326,scan,325,0,18450233784545,,18450233953181,18450235421310,36.110,0.5955,1.1321,3.1037,2,0.5468,546,220,0,220,0,1,324,18450184131391,18450221519351,37387,0,0,33406,37187,0,,,,325,220,0,0,0,0,40,0,0
327,scan,326,0,18450283713917,,18450283837050,18450286247772,36.160,0.5880,1.1324,3.1037,2,0.5481,548,220,0,220,0,1,325,18450233843452,18450271241263,37397,0,0,33406,37178,0,,,,326,220,0,0,0,0,40,0,0
328,scan,327,0,18450333602753,,18450333754001,18450335380530,36.210,0.5731,1.1330,3.1037,2,0.5350,535,220,0,220,0,1,326,18450283758166,18450321553722,37795,0,0,33406,37189,0,,,,327,220,0,0,0,0,40,0,0
329,scan,328,0,18450383731060,,18450383859431,18450385312194,36.260,0.5656,1.1333,3.1037,2,0.5268,526,220,0,220,0,1,327,18450333656039,18450371101138,37445,0,0,33406,37181,0,,,,328,220,0,0,0,0,40,0,0
330,scan,329,0,18450433996552,,18450434144409,18450436320649,36.310,0.5506,1.1338,3.1037,2,0.5209,520,220,0,220,0,1,328,18450383776955,18450420327404,36550,0,0,33406,37150,0,,,,329,220,0,0,0,0,40,0,0
331,scan,330,0,18450484148229,,18450484317050,18450486348406,36.360,0.5432,1.1341,3.1037,2,0.5128,512,220,0,220,0,1,329,18450434042377,18450471641209,37598,0,0,33406,37155,0,,,,330,220,0,0,0,0,40,0,0
332,scan,331,0,18450534271511,,18450534401606,18450536415981,36.410,0.5282,1.1347,3.1037,2,0.4979,497,220,0,220,0,1,330,18450484208257,18450519361524,35153,0,0,33406,37172,0,,,,331,220,0,0,0,0,40,0,0
333,scan,332,0,18450584393536,,18450584567089,18450586439221,36.460,0.5207,1.1350,3.1037,2,0.4897,489,220,0,220,0,1,331,18450534319776,18450571374269,37054,0,0,33406,37233,0,,,,332,220,0,0,0,0,40,0,0
334,scan,333,0,18450634164678,,18450634293163,18450636418966,36.510,0.5058,1.1355,3.1037,2,0.4835,483,220,0,220,0,1,332,18450584467138,18450619094079,34626,0,0,33406,37163,0,,,,333,220,0,0,0,0,40,0,0
335,scan,334,0,18450684086515,,18450684228354,18450686283443,36.560,0.4983,1.1358,3.1037,2,0.4731,473,220,0,220,1,1,333,18450634208380,18450671442314,37233,0,0,33406,37233,0,,,,334,220,1,0,0,0,40,0,0
336,scan,335,0,18450734051354,,18450734184109,18450736435207,36.610,0.4834,1.1364,3.1037,2,0.4577,457,220,0,220,0,1,334,18450684138502,18450721563435,37424,0,0,33406,37224,0,,,,335,220,0,0,0,0,40,0,0
337,scan,336,0,18450784500331,,18450784645693,18450786381550,36.660,0.4759,1.1367,3.1038,2,0.4552,455,220,0,220,0,1,335,18450734097054,18450771452807,37355,0,0,33406,37229,0,,,,336,220,0,0,0,0,40,0,0
338,scan,337,0,18450834529052,,18450834659333,18450836351185,36.710,0.4609,1.1372,3.1038,2,0.4509,450,220,0,220,0,1,336,18450784549768,18450825058376,40508,0,0,33406,37311,0,,,,337,220,0,0,0,0,40,0,0
339,scan,338,0,18450884443455,,18450884594506,18450886327682,36.760,0.4535,1.1375,3.1038,2,0.4348,434,220,0,220,0,1,337,18450834574030,18450871888478,37314,0,0,33406,37318,0,,,,338,220,0,0,0,0,40,0,0
340,scan,339,0,18450934320544,,18450934454499,18450936348840,36.810,0.4385,1.1381,3.1038,2,0.4239,423,220,0,220,1,1,338,18450884499299,18450922194129,37694,0,0,33406,37338,0,,,,339,220,1,0,0,0,40,0,0
341,scan,340,0,18450984477504,,18450984620123,18450986437407,36.860,0.4310,1.1384,3.1038,2,0.4084,408,220,0,220,0,1,339,18450934365114,18450971385574,37020,0,0,33406,37332,0,,,,340,220,0,0,0,0,40,0,0
342,scan,341,0,18451034866586,,18451034987524,18451037249953,36.910,0.4161,1.1389,3.1038,2,0.4082,408,220,0,220,0,1,340,18450984527298,18451020239831,35712,0,0,33406,37289,0,,,,341,220,0,0,0,0,40,0,0
343,scan,342,0,18451084865565,,18451085054909,18451087239190,36.960,0.4086,1.1392,3.1039,2,0.3979,397,220,0,220,0,1,341,18451034905953,18451071409948,36503,0,0,33406,37248,0,,,,342,220,0,0,1,0,40,0,0
344,scan,343,0,18451134780582,,18451134907950,18451137421840,37.010,0.4011,1.1395,3.1039,2,0.3921,392,220,0,220,0,1,342,18451084916178,18451119380143,34463,0,0,33406,37170,0,,,,343,220,0,0,1,0,40,0,0
345,scan,344,0,18451184963286,,18451185085577,18451187258198,37.060,0.3862,1.1400,3.1038,2,0.3809,380,220,0,220,0,1,343,18451134826063,18451172346965,37520,0,0,33406,37170,0,,,,344,220,0,0,1,0,40,0,0
346,scan,345,0,18451234957749,,18451235110233,18451237244498,37.110,0.3787,1.1403,3.1038,2,0.3847,384,220,0,220,0,1,344,18451185006108,18451222365078,37358,0,0,33406,37172,0,,,,345,220,0,0,1,0,40,0,0
347,scan,346,0,18451285022783,,18451285164240,18451287274767,37.160,0.3638,1.1409,3.1038,2,0.3742,374,220,0,220,0,1,345,18451235016724,18451268054034,33037,0,0,33406,37063,0,,,,346,220,0,0,1,0,40,0,0
348,scan,347,0,18451335076443,,18451335203054,18451337301824,37.210,0.3563,1.1412,3.1038,2,0.3699,369,220,0,220,0,1,346,18451285071920,18451322304709,37232,0,0,33406,37062,0,,,,347,220,0,0,1,0,40,0,0
349,scan,348,0,18451385316803,,18451385446291,18451387369194,37.260,0.3413,1.1417,3.1038,2,0.3528,352,220,0,220,0,1,347,18451335120178,18451372317556,37197,0,0,33406,37058,0,,,,348,220,0,0,1,0,40,0,0
350,scan,349,0,18451435041311,,18451435179330,18451437321069,37.310,0.3339,1.1420,3.1038,2,0.3430,343,220,0,220,0,1,348,18451385362656,18451422594824,37232,0,0,33406,37027,0,,,,349,220,0,0,1,0,40,0,0
351,scan,350,0,18451484747821,,18451484873829,18451486452829,37.360,0.3189,1.1426,3.1038,2,0.3378,337,220,0,220,0,1,349,18451435091366,18451472306295,37214,0,0,33406,37020,0,,,,350,220,0,0,1,0,40,0,0
352,scan,351,0,18451535291058,,18451535447116,18451537378735,37.410,0.3114,1.1429,3.1038,2,0.3280,328,220,0,220,1,1,350,18451484793017,18451519609758,34816,0,0,33406,37032,0,,,,351,220,1,0,1,0,40,0,0
353,scan,352,0,18451584945508,,18451585069696,18451587324392,37.460,0.2965,1.1434,3.1038,2,0.3412,341,220,0,220,0,1,351,18451535343233,18451570200034,34856,0,0,33406,36957,0,,,,352,220,0,0,1,0,40,0,0
354,scan,353,0,18451635258988,,18451635399600,18451637387114,37.510,0.2890,1.1437,3.1039,2,0.3237,323,220,0,220,0,1,351,,,,1,1,33406,36947,0,,,,353,220,0,0,1,0,40,0,0
355,scan,354,0,18451684998439,,18451685143236,18451688482294,37.560,0.2741,1.1443,3.1039,2,0.3227,322,220,0,220,0,1,352,18451584986904,18451651861557,66874,0,1,33406,37704,0,,,,354,220,0,0,1,0,40,0,0
356,scan,355,0,18451735075408,,18451735264425,18451737355668,37.610,0.2666,1.1446,3.1039,2,0.3142,314,220,0,220,1,1,353,18451635308561,18451689277206,53968,0,1,33406,38139,0,,,,355,220,1,0,1,0,40,0,0
357,scan,356,0,18451785393803,,18451785523652,18451787445927,37.660,0.2516,1.1451,3.1039,2,0.3179,317,220,0,220,0,1,354,18451685045102,18451782309250,97264,0,1,33406,39677,0,,,,356,220,0,0,1,0,40,0,0
358,scan,357,0,18451835199698,,18451835328917,18451837337291,37.710,0.2442,1.1454,3.1039,2,0.3061,306,220,0,220,1,1,355,18451735139583,18451815137013,79997,0,1,33406,40742,0,,,,357,220,1,0,1,0,40,0,0
359,scan,358,0,18451885436411,,18451885552240,18451887455251,37.760,0.2292,1.1460,3.1040,2,0.3049,304,220,0,220,0,1,356,18451785439889,18451866296496,80856,0,1,33406,41858,0,,,,358,220,0,0,1,0,40,0,0
360,scan,359,0,18451935390574,,18451935520614,18451937303207,37.810,0.2217,1.1463,3.1040,2,0.2996,299,220,0,220,0,1,357,18451835244184,18451920693870,85449,0,1,33406,43107,0,,,,359,220,0,0,1,0,40,0,0
361,scan,360,0,18451985327411,,18451985451671,18451987410921,37.860,0.2143,1.1465,3.1040,2,0.2938,293,220,0,220,0,1,358,18451885473615,18451967039610,81565,0,1,33406,44226,0,,,,360,220,0,0,1,0,40,0,0
362,scan,361,0,18452035289618,,18452035430980,18452037393704,37.910,0.1993,1.1471,3.1040,2,0.3045,304,220,0,220,0,1,358,,,,1,1,33406,44404,0,,,,361,220,0,0,1,0,40,0,0
363,scan,362,0,18452085363188,,18452085503251,18452087586533,37.960,0.1918,1.1474,3.1040,2,0.2893,289,220,0,220,0,1,359,18451935436452,18452043328139,107891,0,1,33406,46248,0,,,,362,220,0,0,1,0,40,0,0
364,scan,363,0,18452135473744,,18452135605283,18452137384361,38.010,0.1769,1.1479,3.1040,2,0.3099,309,220,0,220,1,1,360,18451985370634,18452097362873,111992,0,1,33406,48211,0,,,,363,220,1,0,1,0,40,0,0
365,scan,364,0,18452185547146,,18452185680450,18452187310622,38.060,0.1694,1.1482,3.1040,2,0.2953,295,220,0,220,0,1,361,18452035337739,18452136861926,101524,0,1,33406,49897,0,,,,364,220,0,0,1,0,40,0,0
366,scan,365,0,18452235567348,,18452235706463,18452237461712,38.110,0.1545,1.1488,3.1041,2,0.3228,322,220,-1,220,0,1,362,18452085411621,18452200398839,114987,0,1,33406,51939,0,,,,365,220,0,0,1,0,40,0,0
367,scan,366,0,18452285598560,,18452285737513,18452287316905,38.160,0.1470,1.1491,3.1041,2,0.3363,336,220,-1,220,0,1,363,18452135520158,18452267540203,132020,0,1,33406,54429,1,18452285707452,,,366,220,0,0,1,0,40,0,0
368,scan,367,0,18452335620541,,18452335768324,18452337451911,38.210,0.1321,1.1496,3.1041,2,0.3398,339,220,-1,220,0,1,364,18452185594206,18452302080376,116486,0,1,33406,56500,1,,,,367,220,0,0,1,0,40,0,0
369,scan,368,0,18452385802321,,18452386023999,18452388562657,38.260,0.1246,1.1499,3.1041,2,1.0379,1037,220,-1,220,1,1,365,18452235613618,18452366331123,130717,0,1,33406,58954,1,,,,368,220,1,0,0,0,40,0,0
370,scan,369,0,18452435739640,,18452435858970,18452438214585,38.310,0.1096,1.1505,3.1041,2,1.0321,1032,220,-1,220,0,1,366,18452285645347,18452432918430,147273,0,1,33406,61868,1,,,,369,220,0,0,0,0,40,0,0
371,scan,370,0,18452486005539,,18452486125517,18452488452155,38.360,0.1022,1.1507,3.1041,2,1.0223,1022,220,-1,220,1,1,367,18452335664661,18452483855698,148191,0,1,33406,64778,1,,,,370,220,1,0,0,0,40,0,0
372,scan,371,0,18452536024754,,18452536149413,18452538226531,38.410,0.0872,1.1513,3.1042,2,1.0044,1004,220,-1,220,0,1,368,18452385881429,18452532460478,146579,0,1,33406,67711,1,,,,371,220,0,0,0,0,40,0,0
373,scan,372,0,18452586217932,,18452586343367,18452588430904,38.460,0.0797,1.1516,3.1042,2,1.0111,1011,220,-1,220,0,1,369,18452435782442,18452585718270,149935,0,1,33406,70681,1,,,,372,220,0,0,0,0,40,0,0
374,scan,373,0,18452636108907,,18452636252982,18452638463592,38.510,0.0648,1.1521,3.1042,2,0.9975,997,220,-1,220,0,1,369,,,,1,1,33406,71656,1,,,,373,220,0,0,0,0,40,0,0
375,scan,374,0,18452685993728,,18452686124674,18452688339745,38.560,0.0573,1.1524,3.1042,2,0.9755,975,220,-1,220,1,1,370,18452486049065,18452677462515,191413,0,1,33406,75823,1,,,,374,220,1,0,0,0,40,0,0
376,scan,375,0,18452736419923,,18452736551687,18452738428957,38.610,0.0424,1.1530,3.1042,2,0.9754,975,220,-1,220,0,1,371,18452536067523,18452703408917,167341,0,1,33406,79334,1,,,,375,220,0,0,0,0,40,0,0
377,scan,376,0,18452786051831,,18452786183945,18452788424917,38.660,0.0349,1.1533,3.1042,2,0.9734,973,220,-1,220,1,1,372,18452586262998,18452781197455,194934,0,1,33406,83593,1,,,,376,220,1,0,0,0,40,0,0
378,scan,377,0,18452835987628,,18452836161610,18452838299536,38.710,0.0274,1.1535,3.1043,2,0.9744,974,220,-1,220,0,1,373,18452636159917,18452831574521,195414,0,1,33406,87779,1,,,,377,220,0,0,0,0,40,0,0
379,scan,378,0,18452886306155,,18452886427504,18452888467556,38.760,0.0125,1.1541,3.1043,2,0.9525,952,220,-1,220,0,1,373,,,,1,1,33406,89181,1,,,,378,220,0,0,0,0,40,0,0
380,scan,379,0,18452936638740,,18452936830224,18452938400536,38.810,0.0050,1.1544,3.1043,2,0.9422,942,220,-1,220,0,1,374,18452686038845,18452898580153,212541,0,1,33406,94038,1,,,,379,220,0,0,0,0,40,0,0
381,scan,380,0,18452986509283,,18452986657133,18452988503166,38.860,-0.0100,1.1549,3.1043,2,0.9309,930,220,-1,220,0,1,374,,,,1,1,33406,95667,1,,,,380,220,0,0,0,0,40,0,0
382,scan,381,0,18453036822534,,18453036966923,18453038405318,38.910,-0.0174,1.1552,3.1043,2,0.9273,927,220,-1,220,1,1,377,18452836084470,18453034582274,198497,0,1,33406,100318,1,,,,381,220,1,0,0,0,40,0,0
383,scan,382,0,18453086817956,,18453086940630,18453089256635,38.960,-0.0324,1.1558,3.1043,2,0.9175,917,220,-1,220,1,1,377,,,,1,1,33406,102195,1,,,,382,220,1,0,0,0,40,0,0
384,scan,383,0,18453136725983,,18453136884333,18453138381713,39.010,-0.0399,1.1560,3.1044,2,0.9089,908,220,-1,220,0,1,378,18452886350506,18453096566020,210215,0,1,33406,107364,1,,,,383,220,0,0,0,0,40,0,0
385,scan,384,0,18453186471061,,18453186593269,18453188414317,39.060,-0.0548,1.1566,3.1045,2,0.9082,908,220,-2,220,0,1,379,18452936683232,18453158941468,222258,0,1,33406,112798,1,,,,384,220,0,0,0,0,40,0,0
386,scan,385,0,18453236450007,,18453236578951,18453238362940,39.110,-0.0623,1.1569,3.1045,2,0.9206,920,220,-2,220,0,1,380,18452986574009,18453214443952,227869,0,1,33406,118401,1,,,,385,220,0,0,0,0,40,0,0
387,scan,386,0,18453286647291,,18453286825054,18453288432798,39.160,-0.0772,1.1574,3.1044,2,0.9044,904,220,-1,220,0,1,380,,,,1,1,33406,120988,1,,,,386,220,0,0,0,0,40,0,0
388,scan,387,0,18453337060539,,18453337207162,18453339385784,39.210,-0.0847,1.1577,3.1044,2,0.8932,893,220,-1,220,1,1,382,18453086859750,18453325686553,238826,0,1,33406,127097,1,,,,387,220,1,0,0,0,40,0,0
389,scan,388,0,18453386951749,,18453387096203,18453389268335,39.260,-0.0997,1.1583,3.1045,2,0.8926,892,220,-2,220,1,1,382,,,,1,1,33406,129906,1,,,,388,220,1,0,0,0,40,0,0
390,scan,389,0,18453436710791,,18453436898245,18453438486000,39.310,-0.1071,1.1585,3.1045,2,0.8795,879,220,-2,220,1,1,382,,,,1,1,33406,132896,1,,,,389,220,1,0,0,0,40,0,0
391,scan,390,0,18453486737005,,18453486865477,18453488475984,39.360,-0.1221,1.1591,3.1046,2,0.8854,885,220,-2,220,1,1,384,18453186513560,18453475072072,288558,0,1,33406,141003,1,,,,390,220,1,0,0,0,40,0,0
392,scan,391,0,18453537306858,,18453537417376,18453539362001,39.410,-0.1296,1.1594,3.1046,2,0.8780,877,220,-2,220,1,1,385,18453236496920,18453504234552,267737,0,1,33406,148517,1,,,,391,220,1,0,0,0,40,0,0
393,scan,392,0,18453587618370,,18453587752214,18453589354724,39.460,-0.1445,1.1599,3.1047,2,0.8790,879,220,-2,220,0,1,386,18453286688846,18453554812734,268123,0,1,33406,156042,1,,,,392,220,0,0,0,0,40,0,0
394,scan,393,0,18453637265574,,18453637397846,18453639421278,39.510,-0.1520,1.1602,3.1047,2,0.8749,874,220,-2,220,1,1,387,18453337112916,18453631131286,294018,0,1,33406,160354,1,,,,393,220,1,0,0,0,40,0,0
395,scan,394,0,18453687295456,,18453687445317,18453690295850,39.560,-0.1595,1.1605,3.1047,2,0.8689,868,220,-2,220,0,1,388,18453387006458,18453665909503,278903,0,1,33406,166979,1,,,,394,220,0,0,0,0,40,0,0
396,scan,395,0,18453737179518,,18453737308462,18453739379602,39.610,-0.1744,1.1610,3.1048,2,0.8531,853,220,-2,220,1,1,389,18453436756980,18453719462726,282705,0,1,33406,174127,1,,,,395,220,1,0,0,0,40,0,0
397,scan,396,0,18453787388236,,18453787514172,18453789444478,39.660,-0.1819,1.1613,3.1048,2,0.8571,857,220,-2,220,-2,1,390,18453486780630,18453778562735,291782,0,1,33406,180206,1,,,,396,220,-2,0,0,0,40,0,0
398,scan,397,0,18453837277828,,18453837422388,18453839406493,39.710,-0.1968,1.1619,3.1048,2,0.8507,850,220,-2,220,-2,1,390,,,,1,1,33406,183439,1,,,,397,220,-2,0,0,0,40,0,0
399,scan,398,0,18453887327977,,18453887478950,18453889356383,39.760,-0.2043,1.1621,3.1048,2,0.8662,866,220,-2,220,-2,1,391,18453537352234,18453848113039,310760,0,1,33406,190855,1,,,,398,220,-2,0,0,0,40,0,0
400,scan,399,0,18453937115687,,18453937255710,18453939390588,39.810,-0.2193,1.1627,3.1045,2,0.8750,874,220,-2,220,-1,1,392,18453587664698,18453895914373,308249,0,1,33406,198042,1,,,,399,220,-1,0,0,0,40,0,0
401,scan,400,0,18453987037133,,18453987164034,18453989297907,39.860,-0.2267,1.1630,3.1044,2,0.8662,866,220,-2,220,-2,1,393,18453637313768,18453946097034,308783,0,1,33406,205372,1,,,,400,220,-2,0,0,0,40,0,0
402,scan,401,0,18454037121899,,18454037243056,18454039395775,39.910,-0.2417,1.1635,3.1044,2,0.8962,896,220,-2,220,-2,1,394,18453687365732,18454003635845,316270,0,1,33406,208837,1,,,,401,220,-2,0,0,0,40,0,0
403,scan,402,0,18454087439753,,18454087626257,18454089391791,39.960,-0.2492,1.1638,3.1044,2,0.9028,902,220,-2,220,-2,1,395,18453737224544,18454059241420,322016,0,1,33406,215529,1,,,,402,220,-2,0,0,0,40,0,0
404,scan,403,0,18454137425934,,18454137563651,18454139304258,40.010,-0.2641,1.1644,3.1042,2,1.0285,1028,220,-1,220,-2,1,396,18453787436743,18454116717314,329280,0,1,33406,222319,1,,,,403,220,-2,0,0,0,40,0,0
405,scan,404,0,18454187673634,,18454187813193,18454189386942,40.060,-0.2716,1.1646,3.1041,2,1.0156,1015,220,-1,220,-1,1,397,18453837329338,18454169985164,332655,0,1,33406,229542,1,,,,404,220,-1,0,0,0,40,0,0
406,scan,405,0,18454237576543,,18454237705733,18454239412496,40.110,-0.2865,1.1652,3.1040,2,1.0312,1031,220,-1,220,-2,1,398,18453887382458,18454232467492,345085,0,1,33406,236732,1,,,,405,220,-2,0,0,0,40,0,0
407,scan,406,0,18454287610193,,18454287729785,18454289302517,40.160,-0.2940,1.1655,3.1040,2,1.0377,1037,220,-1,220,-1,1,399,18453937163595,18454280985755,343822,0,1,33406,243351,1,,,,406,220,-1,0,0,0,40,0,0
408,scan,407,0,18454338112758,,18454338284817,18454340452963,40.210,-0.3090,1.1660,3.1039,2,1.0333,1033,220,-1,220,-1,1,399,,,,1,1,33406,247444,1,,,,407,220,-1,0,0,0,40,0,0
409,scan,408,0,18454387741718,,18454387866415,18454389387068,40.260,-0.3164,1.1663,3.1038,2,1.0421,1042,220,-1,220,0,1,400,18453987081667,18454344941178,357859,0,1,33406,254771,1,,,,408,220,0,0,0,0,40,0,0
410,scan,409,0,18454438201305,,18454438450398,18454440416165,40.310,-0.3314,1.1669,3.1037,2,1.0238,1023,220,0,220,1,1,401,18454037163231,18454401785917,364622,0,1,33406,261782,1,,,,409,220,1,0,0,0,40,0,0
411,scan,410,0,18454487671228,,18454487806051,18454490225613,40.360,-0.3389,1.1672,3.1038,2,1.0380,1037,220,-1,220,1,1,402,18454087504875,18454452422405,364917,0,1,33406,268773,1,,,,410,220,1,0,0,0,40,0,0
412,scan,411,0,18454538481657,,18454538632592,18454540395647,40.410,-0.3463,1.1675,3.1038,2,1.0297,1029,220,-1,220,1,1,402,,,,1,1,33406,272846,1,,,,411,220,1,0,0,0,40,0,0
413,scan,412,0,18454588175764,,18454588311200,18454590525025,40.460,-0.3613,1.1680,3.1039,2,1.0260,1025,220,-1,220,1,1,404,18454187719869,18454552700355,364980,0,1,33406,280014,1,,,,412,220,1,0,0,0,40,0,0
414,scan,413,0,18454638710677,,18454638857161,18454640718587,40.510,-0.3688,1.1683,3.1039,2,1.0171,1017,220,-1,220,0,1,405,18454237621615,18454619524971,381903,0,1,33406,283301,1,,,,413,220,0,0,0,0,40,0,0
415,scan,414,0,18454688299590,,18454688427438,18454690439958,40.560,-0.3837,1.1689,3.1040,2,1.0166,1016,220,-1,220,0,1,405,,,,1,1,33406,286364,1,,,,414,220,0,0,0,0,40,0,0
416,scan,415,0,18454738135537,,18454738319387,18454740624602,40.610,-0.3912,1.1692,3.1040,2,1.0444,1044,220,-1,220,0,1,407,18454338190536,18454708772228,370581,0,1,33406,293139,1,,,,415,220,0,0,0,0,40,0,0
417,scan,416,0,18454788287513,,18454788405844,18454790323119,40.660,-0.4061,1.1697,3.1040,2,1.0279,1027,220,-1,220,0,1,408,18454387785842,18454743138689,355352,0,1,33406,298486,1,,,,416,220,0,0,0,0,40,0,0
418,scan,417,0,18454838440123,,18454838565877,18454840372331,40.710,-0.4136,1.1700,3.1039,2,1.0297,1029,220,-1,220,1,1,409,18454438283615,18454809906615,371623,0,1,33406,304360,1,,,,417,220,1,0,0,0,40,0,0
419,scan,418,0,18454888427248,,18454888554201,18454890301453,40.760,-0.4286,1.1706,3.1040,2,1.0179,1017,220,-1,220,0,1,410,18454487717375,18454854054332,366336,0,1,33406,306359,1,,,,418,220,0,0,0,0,40,0,0
420,scan,419,0,18454938303663,,18454938445809,18454940605636,40.810,-0.4360,1.1708,3.1040,2,1.0241,1024,220,-1,220,-1,1,411,18454538535270,18454896353415,357818,0,1,33406,311045,1,,,,419,220,-1,0,0,0,40,0,0
421,scan,420,0,18454988574921,,18454988720781,18454990436705,40.860,-0.4510,1.1714,3.1041,2,1.0110,1011,220,-1,220,0,1,412,18454588221766,18454948868042,360646,0,1,33406,312595,1,,,,420,220,0,0,0,0,40,0,0
422,scan,421,0,18455038632450,,18455038758113,18455040346743,40.910,-0.4585,1.1717,3.1040,2,1.0255,1025,220,-1,220,0,1,413,18454638764280,18455003709660,364945,0,1,33406,317797,1,,,,421,220,0,0,0,0,40,0,0
423,scan,422,0,18455088734320,,18455088867267,18455091240373,40.960,-0.4734,1.1722,3.1039,2,1.0237,1023,220,-1,220,1,1,414,18454688344087,18455063746654,375402,0,1,33406,319542,1,,,,422,220,1,0,0,0,40,0,0
424,scan,423,0,18455138737610,,18455138868704,18455140489330,41.010,-0.4809,1.1725,3.1039,2,1.0323,1032,220,-1,220,0,1,415,18454738199657,18455125649347,387449,0,1,33406,324913,1,,,,423,220,0,0,0,0,40,0,0
425,scan,424,0,18455188631956,,18455188752828,18455190401965,41.060,-0.4958,1.1731,3.1040,2,1.0276,1027,220,-1,220,1,1,416,18454788333728,18455170218004,381884,0,1,33406,329750,1,,,,424,220,1,0,0,0,40,0,0
426,scan,425,0,18455238844027,,18455238977939,18455240393300,41.110,-0.5033,1.1734,3.1040,2,1.0198,1019,220,-1,220,0,1,417,18454838484828,18455231075146,392590,0,1,33406,334742,1,,,,425,220,0,0,0,0,40,0,0
427,scan,426,0,18455289259349,,18455289390724,18455291439718,41.160,-0.5183,1.1739,3.1040,2,1.0185,1018,220,-1,220,1,1,418,18454888471975,18455253750325,365278,0,1,33406,335640,1,,,,426,220,1,0,0,0,40,0,0
428,scan,427,0,18455339156722,,18455339285324,18455341290275,41.210,-0.5257,1.1742,3.1040,2,1.0399,1039,220,-1,220,1,1,418,,,,1,1,33406,338574,1,,,,427,220,1,0,0,0,40,0,0
429,scan,428,0,18455388919569,,18455389047452,18455391262357,41.260,-0.5332,1.1745,3.1040,2,1.0205,1020,220,-1,220,1,1,418,,,,1,1,33406,338574,1,,,,428,220,1,0,0,0,40,0,0
430,scan,429,0,18455439710110,,18455439846818,18455442379461,41.310,-0.5482,1.1751,3.1041,2,1.0177,1017,220,-2,220,1,1,421,18455038675656,18455413771036,375095,0,1,33406,339648,1,,,,429,220,1,0,0,0,40,0,0
431,scan,430,0,18455489434973,,18455489576874,18455491270838,41.360,-0.5556,1.1753,3.1042,2,1.0191,1019,220,-2,220,1,1,421,,,,1,1,33406,341196,1,,,,430,220,1,0,0,0,40,0,0
432,scan,431,0,18455539626234,,18455539787816,18455541324793,41.410,-0.5706,1.1759,3.1042,2,1.0190,1018,220,-2,220,1,1,421,,,,1,1,33406,343492,1,,,,431,220,1,0,0,0,40,0,0
433,scan,432,0,18455589389908,,18455589529601,18455591401710,41.460,-0.5781,1.1762,3.1043,2,1.0267,1026,220,-2,220,0,1,424,18455188673761,18455571270941,382597,0,1,33406,347069,1,,,,432,220,0,0,0,0,40,0,0
434,scan,433,0,18455640152959,,18455640315026,18455643397033,41.510,-0.5930,1.1767,3.1043,2,1.0103,1010,220,-2,220,-1,1,425,18455238891477,18455600914779,362023,0,1,33406,349194,1,,,,433,220,-1,0,0,0,40,0,0
435,scan,434,0,18455689910482,,18455690068403,18455692357706,41.560,-0.6005,1.1770,3.1043,2,1.0111,1011,220,-2,220,1,1,426,18455289298180,18455650613499,361315,0,1,33406,351769,1,,,,434,220,1,0,0,0,40,0,0
436,scan,435,0,18455739559503,,18455739694885,18455741394337,41.610,-0.6154,1.1776,3.1043,2,1.0171,1017,220,-2,220,0,1,427,18455339204728,18455698740518,359535,0,1,33406,354170,1,,,,435,220,0,0,0,0,40,0,0
437,scan,436,0,18455789860779,,18455789979034,18455792302559,41.660,-0.6229,1.1778,3.1043,2,1.0205,1020,220,-2,220,-1,1,428,18455388965512,18455752940465,363974,0,1,33406,356426,1,,,,436,220,-1,0,0,0,40,0,0
438,scan,437,0,18455839887454,,18455840047420,18455842328008,41.710,-0.6378,1.1784,3.1044,2,1.0150,1015,220,-2,220,0,1,429,18455439759439,18455808610198,368850,0,1,33406,356803,1,,,,437,220,0,0,0,0,40,0,0
439,scan,438,0,18455889896893,,18455890028009,18455892380098,41.760,-0.6453,1.1787,3.1043,2,1.0050,1004,220,-2,220,-1,1,430,18455489490203,18455868171358,378681,0,1,33406,358861,1,,,,438,220,-1,0,0,0,40,0,0
440,scan,439,0,18455939890979,,18455940041625,18455942335419,41.810,-0.6603,1.1792,3.1042,2,1.0302,1030,220,-2,220,1,1,431,18455539680998,18455939041673,399360,0,1,33406,361622,1,,,,439,220,1,0,0,0,40,0,0
441,scan,440,0,18455990420077,,18455990565254,18455992369236,41.860,-0.6677,1.1795,3.1042,2,0.9993,999,220,-2,220,0,1,432,18455589439555,18455990094460,400654,0,1,33406,364406,1,,,,440,220,0,0,0,0,40,0,0
442,scan,441,0,18456040225622,,18456040352658,18456042376340,41.910,-0.6827,1.1801,3.1042,2,1.0260,1025,220,-2,220,1,1,433,18455640214307,18456013800782,373586,0,1,33406,366143,1,,,,441,220,1,0,0,0,40,0,0
443,scan,442,0,18456090273762,,18456090402995,18456092556786,41.960,-0.6902,1.1804,3.1043,2,1.0076,1007,220,-2,220,0,1,434,18455689962170,18456068114825,378152,0,1,33406,367844,1,,,,442,220,0,0,0,0,40,0,0
444,scan,443,0,18456139851597,,18456139971362,18456142342016,42.010,-0.7051,1.1809,3.1043,2,1.0137,1013,220,-2,220,2,1,435,18455739606079,18456111892858,372286,0,1,33406,369147,1,,,,443,220,2,0,0,0,40,0,0
445,scan,444,0,18456189702519,,18456189833361,18456191345358,42.060,-0.7126,1.1812,3.1043,2,1.0171,1017,220,-2,220,1,1,436,18455789904659,18456158184036,368279,0,1,33406,370227,1,,,,444,220,1,0,0,0,40,0,0
446,scan,445,0,18456239835333,,18456239985669,18456242398410,42.110,-0.7201,1.1815,3.1043,2,1.0009,1000,220,-3,220,-1,1,437,18455839931918,18456210903563,370971,0,1,33406,371011,1,,,,445,220,-1,0,0,0,40,0,0
447,scan,446,0,18456289942443,,18456290066935,18456292345247,42.160,-0.7350,1.1820,3.1044,2,1.0135,1013,220,-3,220,1,1,438,18455889944659,18456267507159,377562,0,1,33406,372033,1,,,,446,220,1,0,0,0,40,0,0
448,scan,447,0,18456340089715,,18456340230211,18456342383337,42.210,-0.7425,1.1823,3.1045,2,1.0254,1025,220,-3,220,-1,1,439,18455939936080,18456308076619,368140,0,1,33406,371919,1,,,,447,220,-1,0,0,0,40,0,0
449,scan,448,0,18456390188451,,18456390324389,18456392345410,42.260,-0.7574,1.1829,3.1044,2,1.0112,1011,220,-3,220,2,1,440,18455990490590,18456375646092,385155,0,1,33406,372722,1,,,,448,220,2,0,0,0,40,0,0
450,scan,449,0,18456440227180,,18456440395931,18456442427480,42.310,-0.7649,1.1831,3.1043,2,1.0275,1027,220,-3,220,2,1,440,,,,1,1,33406,372967,1,,,,449,220,2,0,0,0,40,0,0
451,scan,450,0,18456490283347,,18456490410069,18456492447408,42.360,-0.7799,1.1837,3.1044,2,1.0111,1011,220,-3,220,-1,1,442,18456090319825,18456465828934,375509,0,1,33406,373288,1,,,,450,220,-1,0,0,0,40,0,0
452,scan,451,0,18456540933803,,18456541065569,18456543253998,42.410,-0.7873,1.1840,3.1045,2,1.0082,1008,220,-3,220,0,1,443,18456139889289,18456515252630,375363,0,1,33406,373349,1,,,,451,220,0,0,0,0,40,0,0
453,scan,452,0,18456590372013,,18456590533171,18456592564731,42.460,-0.8023,1.1845,3.1046,2,1.0087,1008,220,-4,220,-1,1,444,18456189748730,18456557834043,368085,0,1,33406,373441,1,,,,452,220,-1,0,0,0,40,0,0
454,scan,453,0,18456640718619,,18456640880508,18456642321050,42.510,-0.8098,1.1848,3.1045,2,1.0148,1014,220,-4,220,-2,1,445,18456239890889,18456620084291,380193,0,1,33406,373390,1,,,,453,220,-2,0,0,0,40,0,0
455,scan,454,0,18456690426380,,18456690569057,18456692439531,42.560,-0.8247,1.1854,3.1044,2,1.0022,1002,220,-3,220,0,1,446,18456289986200,18456662618586,372632,0,1,33406,373369,1,,,,454,220,0,0,0,0,40,0,0
456,scan,455,0,18456740330258,,18456740461651,18456742582229,42.610,-0.8322,1.1856,3.1043,2,1.0243,1024,220,-4,220,-2,1,447,18456340140244,18456708380502,368240,0,1,33406,373302,1,,,,455,220,-2,0,0,0,40,0,0
457,scan,456,0,18456790473188,,18456790606634,18456792384832,42.660,-0.8471,1.1862,3.1043,2,1.0115,1011,220,-4,220,0,1,448,18456390235241,18456769022000,378786,0,1,33406,373971,1,,,,456,220,0,0,0,0,40,0,0
458,scan,457,0,18456840435370,,18456840670100,18456842363484,42.710,-0.8546,1.1865,3.1042,2,1.0178,1017,220,-4,220,0,1,448,,,,1,1,33406,374040,1,,,,457,220,0,0,0,0,40,0,0
459,scan,458,0,18456890474771,,18456890616573,18456892566847,42.760,-0.8696,1.1870,3.1041,2,1.0193,1019,220,-3,220,0,1,448,,,,1,1,33406,374274,1,,,,458,220,0,0,0,0,40,0,0
460,scan,459,0,18456940769975,,18456940902831,18456942397020,42.810,-0.8770,1.1873,3.1042,2,1.0078,1007,220,-4,220,0,1,448,,,,1,1,33406,374788,1,,,,459,220,0,0,0,0,40,0,0
461,scan,460,0,18456991463532,,18456991651729,18456994289802,42.860,-0.8920,1.1879,3.1042,2,1.0110,1011,220,-4,220,0,1,448,,,,1,1,33406,375244,1,,,,460,220,0,0,0,0,40,0,0
462,scan,461,0,18457041200295,,18457041346846,18457043382665,42.910,-0.8995,1.1882,3.1042,2,0.9988,998,220,-4,220,-2,1,453,18456640765395,18457029678743,388913,0,1,33406,376017,1,,,,461,220,-2,0,0,0,40,0,0
463,scan,462,0,18457091172105,,18457091312554,18457093447750,42.960,-0.9069,1.1884,3.1042,2,1.0008,1000,220,-4,220,-2,1,453,,,,1,1,33406,376038,1,,,,462,220,-2,0,0,0,40,0,0
464,scan,463,0,18457140929408,,18457141084516,18457143239390,43.010,-0.9219,1.1890,3.1041,2,1.0036,1003,220,-4,220,1,1,455,18456740375303,18457108448325,368073,0,1,33406,375392,1,,,,463,220,1,0,0,0,40,0,0
465,scan,464,0,18457190915311,,18457191044272,18457193255770,43.060,-0.9294,1.1893,3.1040,2,1.0004,1000,220,-4,220,-2,1,456,18456790516628,18457174875998,384359,0,1,33406,375475,1,,,,464,220,-2,0,0,0,40,0,0
466,scan,465,0,18457240744593,,18457240896175,18457242430897,43.110,-0.9443,1.1898,3.1039,2,0.9813,981,220,-4,220,-4,1,457,18456840531873,18457208404483,367872,0,1,33406,374651,1,,,,465,220,-4,0,0,0,40,0,0
467,scan,466,0,18457291052774,,18457291180929,18457293285275,43.160,-0.9518,1.1901,3.1039,2,1.0075,1007,220,-4,220,-2,1,458,18456890522810,18457250358349,359835,0,1,33406,374469,1,,,,466,220,-2,0,0,0,40,0,0
468,scan,467,0,18457340838337,,18457340982641,18457343250677,43.210,-0.9667,1.1907,3.1037,2,0.9942,994,220,-4,220,-3,1,459,18456940815749,18457299725176,358909,0,1,33406,373967,1,,,,467,220,-3,0,0,0,40,0,0
469,scan,468,0,18457390831981,,18457390973804,18457393231350,43.260,-0.9742,1.1910,3.1036,2,0.9772,977,220,-4,220,-1,1,460,18456991525492,18457354298049,362772,0,1,33406,373617,1,,,,468,220,-1,0,0,0,40,0,0
470,scan,469,0,18457440871884,,18457440991733,18457442391789,43.310,-0.9892,1.1915,3.1034,2,0.9835,983,220,-4,220,-3,1,461,18457041251919,18457423104238,381852,0,1,33406,373829,1,,,,469,220,-3,0,0,0,40,0,0
471,scan,470,0,18457491078546,,18457491206072,18457493326232,43.360,-0.9966,1.1918,3.1034,2,0.9680,968,220,-4,220,-3,1,461,,,,1,1,33406,373829,1,,,,470,220,-3,0,0,0,40,0,0
472,scan,471,0,18457540813609,,18457540952241,18457543289449,43.410,-1.0116,1.1924,3.1034,2,0.9536,953,220,-4,220,-2,1,463,18457140983062,18457523380062,382397,0,1,33406,374088,1,,,,471,220,-2,0,0,0,40,0,0
473,scan,472,0,18457591158453,,18457591290015,18457593424710,43.460,-1.0191,1.1927,3.1032,2,0.9369,936,220,-4,220,-4,1,464,18457190960606,18457565680905,374720,0,1,33406,373849,1,,,,472,220,-4,0,0,0,40,0,0
474,scan,473,0,18457640932941,,18457641064806,18457643260839,43.510,-1.0340,1.1933,3.1029,2,0.9224,922,220,-4,220,-1,1,465,18457240799502,18457606460914,365661,0,1,33406,373960,1,,,,473,220,-1,0,0,0,40,0,0
475,scan,474,0,18457691311115,,18457691437110,18457693338189,43.560,-1.0415,1.1936,3.1028,2,0.9196,919,220,-4,220,-3,1,466,18457291098187,18457679090289,387992,0,1,33406,374768,1,,,,474,220,-3,0,0,0,40,0,0
476,scan,475,0,18457741455594,,18457741594774,18457743400406,43.610,-1.0564,1.1941,3.1027,3,0.9097,909,0,1000,220,0,1,467,18457340883734,18457719133889,378250,0,1,33406,375335,1,,,,475,220,0,0,0,0,40,0,0
477,scan,476,0,18457791676340,,18457791848508,18457793332668,43.660,-1.0639,1.1944,3.1026,3,0.9000,899,0,1000,220,-2,1,468,18457390890753,18457789571729,398680,0,1,33406,376387,1,,,,476,220,-2,0,0,0,40,0,0
478,scan,477,0,18457841418205,,18457841630646,18457843309494,43.710,-1.0789,1.1950,3.1025,3,0.8760,876,0,1000,220,3,1,469,18457440913656,18457801324642,360410,0,1,33406,376131,1,,,,477,220,3,0,0,0,40,0,0
479,scan,478,0,18457891428543,,18457891550486,18457893341316,43.760,-1.0863,1.1953,3.1024,3,0.8685,868,0,1000,220,3,1,469,,,,1,1,33406,376052,1,,,,478,220,3,0,0,0,40,0,0
480,scan,479,0,18457941408183,,18457941537156,18457943557242,43.810,-1.0938,1.1956,3.1024,3,0.8732,873,0,1000,220,0,1,470,18457491121445,18457900839740,409718,0,1,33406,376375,1,,,,479,220,0,0,0,0,40,0,0
481,scan,480,0,18457991596284,,18457991725099,18457993418941,43.860,-1.1088,1.1962,3.1027,3,0.8546,854,0,1000,220,2,1,472,18457591203750,18457958731707,367527,0,1,33406,375340,1,,,,480,220,2,0,0,0,40,0,0
482,scan,481,0,18458041474030,,18458041598290,18458043433434,43.910,-1.1162,1.1965,3.1028,3,0.8494,849,0,1000,220,-5,1,473,18457640976678,18458028161989,387185,0,1,33406,375765,1,,,,481,220,-5,0,0,0,40,0,0
483,scan,482,0,18458091905507,,18458092074238,18458094251536,43.960,-1.1312,1.1971,3.1028,3,0.8304,830,0,1000,220,-5,1,473,,,,1,1,33406,375688,1,,,,482,220,-5,0,0,0,40,0,0
484,scan,483,0,18458141917928,,18458142079181,18458144590988,44.010,-1.1387,1.1973,3.1026,3,0.8043,804,0,1000,220,-5,1,473,,,,1,1,33406,375801,1,,,,483,220,-5,0,0,0,40,0,0
485,scan,484,0,18458191917538,,18458192075651,18458194248568,44.060,-1.1536,1.1979,3.1020,3,0.8078,807,0,1000,0,999,1,476,18457791728067,18458177002498,385274,0,1,33406,376368,1,,,,484,0,999,0,0,0,40,0,0
486,scan,485,0,18458241740013,,18458241862426,18458243364906,44.110,-1.1611,1.1982,3.1019,3,0.8034,803,0,1000,0,999,1,476,,,,1,1,33406,376554,1,,,,485,0,999,0,0,0,40,0,0
487,scan,486,0,18458291866961,,18458291992911,18458294267150,44.160,-1.1725,1.1986,3.1142,3,0.7900,789,0,1000,0,999,1,478,18457891471074,18458262176724,370705,0,1,33406,376317,1,,,,486,0,999,0,0,0,40,0,0
488,scan,487,0,18458341772741,,18458341896477,18458343341145,44.210,-1.1765,1.1987,3.1312,3,0.7924,792,0,1000,0,999,1,479,18457941452982,18458318750429,377297,0,1,33406,376633,1,,,,487,0,999,0,0,0,40,0,0
489,scan,488,0,18458392059752,,18458392211314,18458394355286,44.260,-1.1811,1.1987,-3.1206,3,0.7837,783,0,1000,0,999,1,480,18457991640306,18458368388450,376748,0,1,33406,376343,1,,,,488,0,999,0,0,0,40,0,0
490,scan,489,0,18458442544331,,18458442724397,18458444454978,44.310,-1.1822,1.1987,-3.1105,3,0.7823,782,0,1000,0,999,1,480,,,,1,1,33406,376343,1,,,,489,0,999,0,0,0,40,0,0
491,scan,490,0,18458492417597,,18458492548305,18458494277539,44.360,-1.1828,1.1987,-3.0662,3,0.7882,788,0,1000,0,999,1,480,,,,1,1,33406,376373,1,,,,490,0,999,0,0,0,40,0,0
492,scan,491,0,18458542458894,,18458542601265,18458544414312,44.410,-1.1828,1.1987,-3.0232,3,0.7793,779,0,1000,0,999,1,480,,,,1,1,33406,376411,1,,,,491,0,999,0,0,0,40,0,0
493,scan,492,0,18458592422455,,18458592544160,18458594287782,44.460,-1.1827,1.1987,-2.9363,3,0.7820,781,0,1000,0,999,1,480,,,,1,1,33406,376731,1,,,,492,0,999,0,0,0,40,0,0
494,scan,493,0,18458642633963,,18458642770120,18458644599714,44.510,-1.1826,1.1987,-2.9065,3,0.7862,786,0,1000,0,999,1,480,,,,1,1,33406,376592,1,,,,493,0,999,0,0,0,40,0,0
495,scan,494,0,18458693182665,,18458693311365,18458695528068,44.560,-1.1825,1.1988,-2.8530,3,0.7906,790,0,1000,0,999,1,486,18458291910838,18458667435476,375524,0,1,33406,376708,1,,,,494,0,999,0,0,0,40,0,0
496,scan,495,0,18458742671001,,18458742798539,18458744394271,44.610,-1.1824,1.1988,-2.8180,3,0.7883,788,0,1000,0,999,1,487,18458341815284,18458710423858,368608,0,1,33406,376723,1,,,,495,0,999,0,0,0,40,0,0
497,scan,496,0,18458793261704,,18458793385514,18458795381481,44.660,-1.1824,1.1988,-2.7787,3,0.7823,782,0,1000,0,999,1,488,18458392113463,18458765848385,373734,0,1,33406,376521,1,,,,496,0,999,0,0,0,40,0,0
498,scan,497,0,18458843105283,,18458843239944,18458845340225,44.710,-1.1823,1.1989,-2.7057,3,0.7733,773,0,1000,0,999,1,489,18458442597604,18458799559411,356961,0,1,33406,375768,1,,,,497,0,999,0,0,0,40,0,0
499,scan,498,0,18458892822003,,18458892948737,18458894344481,44.760,-1.1822,1.1989,-2.6749,3,0.7590,759,0,1000,0,999,1,489,,,,1,1,33406,375768,1,,,,498,0,999,0,0,0,40,0,0
500,scan,499,0,18458942968237,,18458943088479,18458945269138,44.810,-1.1821,1.1989,-2.6116,3,0.7769,776,0,1000,0,999,1,491,18458542502341,18458941888631,399386,0,1,33406,376643,1,,,,499,0,999,0,0,0,40,0,0
501,scan,500,0,18458992812189,,18458992942262,18458994397593,44.860,-1.1821,1.1990,-2.5761,3,0.7746,774,0,1000,0,999,1,492,18458592466804,18458955459309,362992,0,1,33406,376156,1,,,,500,0,999,0,0,0,40,0,0
502,scan,501,0,18459043054277,,18459043263818,18459045362201,44.910,-1.1820,1.1990,-2.5046,3,0.7779,777,0,1000,0,999,1,493,18458642682681,18459021104381,378421,0,1,33406,375781,1,,,,501,0,999,0,0,0,40,0,0
503,scan,502,0,18459093146072,,18459093330132,18459095429158,44.960,-1.1820,1.1991,-2.4713,3,0.7781,778,0,1000,0,999,1,494,18458693224848,18459064616155,371391,0,1,33406,375629,1,,,,502,0,999,0,0,0,40,0,0
504,scan,503,0,18459142846052,,18459143001713,18459145365175,45.010,-1.1819,1.1992,-2.4062,3,0.7725,772,0,1000,0,999,1,495,18458742716550,18459108525670,365809,0,1,33406,375551,1,,,,503,0,999,0,0,0,40,0,0
505,scan,504,0,18459193587687,,18459193807464,18459195359625,45.060,-1.1818,1.1992,-2.3721,3,0.7691,769,0,1000,0,999,1,496,18458793309638,18459175975232,382665,0,1,33406,375493,1,,,,504,0,999,0,0,0,40,0,0
506,scan,505,0,18459243136199,,18459243264721,18459245308940,45.110,-1.1818,1.1993,-2.3024,3,0.7788,778,0,1000,0,999,1,497,18458843151932,18459231646222,388494,0,1,33406,376204,1,,,,505,0,999,0,0,0,40,0,0
507,scan,506,0,18459292908378,,18459293041495,18459295332637,45.160,-1.1817,1.1994,-2.2683,3,0.7917,791,0,1000,0,999,1,497,,,,1,1,33406,376789,1,,,,506,0,999,0,0,0,40,0,0
508,scan,507,0,18459342839965,,18459342962229,18459344369818,45.210,-1.1817,1.1995,-2.2016,3,0.7803,780,0,1000,0,999,1,499,18458943012011,18459323967700,380955,0,1,33406,377576,1,,,,507,0,999,0,0,0,40,0,0
509,scan,508,0,18459393055219,,18459393176174,18459395255660,45.260,-1.1816,1.1995,-2.1678,3,0.7892,789,0,1000,0,999,1,500,18458992857505,18459370533012,377675,0,1,33406,378108,1,,,,508,0,999,0,0,0,40,0,0
510,scan,509,0,18459443065120,,18459443193366,18459445249760,45.310,-1.1816,1.1996,-2.0993,3,0.7833,783,0,1000,0,999,1,500,,,,1,1,33406,377970,1,,,,509,0,999,0,0,0,40,0,0
511,scan,510,0,18459492999689,,18459493145295,18459496477545,45.360,-1.1816,1.1997,-2.0651,3,0.7897,789,0,973,0,999,1,500,,,,1,1,33406,377970,1,,,,510,0,999,0,0,0,40,0,0
512,scan,511,0,18459543451696,,18459543571883,18459545370125,45.410,-1.1815,1.1998,-1.9976,3,0.7656,765,0,838,0,999,1,503,18459142889030,18459525720334,382831,0,1,33406,377986,1,,,,511,0,999,0,0,0,40,0,0
513,scan,512,0,18459593086146,,18459593223068,18459595292048,45.460,-1.1815,1.1998,-1.9639,3,0.7503,750,220,771,0,999,1,504,18459193663870,18459563090202,369426,0,1,33406,377790,1,,,,512,0,999,0,0,0,40,0,0
514,scan,513,0,18459643894987,,18459644068433,18459646286980,45.510,-1.1815,1.1999,-1.9300,3,0.7539,753,220,703,0,999,1,505,18459243180429,18459619211431,376031,0,1,33406,378174,1,,,,513,0,999,0,0,0,40,0,0
515,scan,514,0,18459693822786,,18459693947675,18459695426514,45.560,-1.1814,1.2000,-1.8619,3,0.7545,754,220,567,0,999,1,506,18459292956235,18459656319437,363363,0,1,33406,377261,1,,,,514,0,999,0,0,0,40,0,0
516,scan,515,0,18459743808142,,18459743943131,18459746403152,45.610,-1.1814,1.2000,-1.8279,3,0.7551,755,220,499,0,999,1,506,,,,1,1,33406,377223,1,,,,515,0,999,0,0,0,40,0,0
517,scan,516,0,18459793915911,,18459794056640,18459796540399,45.660,-1.1814,1.2002,-1.7603,3,0.7679,767,220,363,0,999,1,508,18459393096477,18459755413664,362317,0,1,33406,375825,1,,,,516,0,999,0,0,0,40,0,0
518,scan,517,0,18459843912279,,18459844099793,18459846344448,45.710,-1.1814,1.2002,-1.7264,3,0.7523,752,220,296,0,997,1,509,18459443109362,18459802627665,359518,0,1,33406,375791,1,,,,517,0,997,0,0,0,40,0,0
519,scan,518,0,18459893573250,,18459893688761,18459895311676,45.760,-1.1814,1.2003,-1.6584,3,0.7514,751,220,160,0,983,1,510,18459493045414,18459882494918,389449,0,1,33406,376296,1,,,,518,0,983,0,0,0,40,0,0
520,scan,519,0,18459943956789,,18459944104200,18459946249399,45.810,-1.1814,1.2004,-1.6245,3,0.7666,766,220,92,0,983,1,510,,,,1,1,33406,375011,1,,,,519,0,983,0,0,0,40,0,0
521,scan,520,0,18459993633389,,18459993754783,18459995379531,45.860,-1.1814,1.2005,-1.5574,3,0.7625,762,220,-42,219,768,1,512,18459593134507,18459991968533,398834,0,1,33406,376215,1,,,,520,219,768,0,0,0,40,0,0
522,scan,521,0,18460044397467,,18460044532845,18460046364210,45.910,-1.1814,1.2006,-1.5244,3,0.7444,744,220,-108,220,693,1,513,18459643939636,18460011900038,367960,0,1,33406,375476,1,,,,521,220,693,0,0,0,40,0,0
523,scan,522,0,18460093874781,,18460094023100,18460096363245,45.960,-1.1811,1.1971,-1.4568,3,0.7607,760,220,-244,220,549,1,514,18459693866602,18460069184014,375317,0,1,33406,375470,1,,,,522,220,549,0,0,0,40,0,0
524,scan,523,0,18460144056973,,18460144179869,18460146295496,46.010,-1.1807,1.1936,-1.4218,3,0.7587,758,220,-314,220,482,1,515,18459743854335,18460132295713,388441,0,1,33406,375933,1,,,,523,220,482,0,0,0,40,0,0
525,scan,524,0,18460194009554,,18460194143161,18460196446284,46.060,-1.1788,1.1833,-1.3519,3,0.7423,742,220,-456,220,349,1,516,18459793964864,18460180350785,386385,0,1,33406,375973,1,,,,524,220,349,0,0,0,40,0,0
526,scan,525,0,18460244521731,,18460244711571,18460246595507,46.110,-1.1773,1.1770,-1.3191,3,0.7398,739,220,-523,220,349,1,516,,,,1,1,33406,375973,1,,,,525,220,349,0,0,0,40,0,0
527,scan,526,0,18460293936314,,18460294080642,18460296364723,46.160,-1.1734,1.1633,-1.2784,3,0.7197,719,220,-607,220,152,1,518,18459893612686,18460270823404,377210,0,1,33406,376205,1,,,,526,220,152,0,0,0,40,0,0
528,scan,527,0,18460344061014,,18460344190088,18460346358647,46.210,-1.1712,1.1561,-1.2752,3,0.7166,716,220,-616,220,87,1,519,18459944020906,18460318459065,374438,0,1,33406,376103,1,,,,527,220,87,0,0,0,40,0,0
529,scan,528,0,18460394230629,,18460394349968,18460396423895,46.260,-1.1669,1.1419,-1.2753,3,0.6902,690,220,-619,220,-41,1,520,18459993675046,18460364429533,370754,0,1,33406,375889,1,,,,528,220,-41,0,0,0,40,0,0
530,scan,529,0,18460444096119,,18460444238582,18460446687257,46.310,-1.1647,1.1347,-1.2722,3,0.6929,692,220,-628,220,-104,1,521,18460044443582,18460423612206,379168,0,1,33406,376002,1,,,,529,220,-104,0,0,0,40,0,0
531,scan,530,0,18460494442452,,18460494568024,18460496408630,46.360,-1.1625,1.1276,-1.2679,3,0.6842,684,220,-638,220,-230,1,522,18460093917744,18460482615246,388697,0,1,33406,376425,1,,,,530,220,-230,0,0,0,40,0,0
532,scan,531,0,18460544328083,,18460544451259,18460546316912,46.410,-1.1580,1.1133,-1.2725,3,0.6727,672,220,-633,220,-230,1,522,,,,1,1,33406,376425,1,,,,531,220,-230,0,0,0,40,0,0
533,scan,532,0,18460594353812,,18460594476260,18460596481468,46.460,-1.1558,1.1061,-1.2804,3,0.6633,663,220,-619,220,-417,1,524,18460194053814,18460581736696,387682,0,1,33406,376788,1,,,,532,220,-417,0,0,0,40,0,0
534,scan,533,0,18460644235675,,18460644364327,18460646377567,46.510,-1.1516,1.0918,-1.2930,3,0.6583,658,220,-598,219,-485,1,525,18460244586928,18460629974206,385387,0,1,33406,377057,1,,,,533,219,-485,0,0,0,40,0,0
535,scan,534,0,18460694300058,,18460694433598,18460696479241,46.560,-1.1496,1.0845,-1.3052,3,0.6407,640,220,-575,218,-586,1,526,18460293977722,18460669690097,375712,0,1,33406,377063,1,,,,534,218,-586,0,0,0,40,0,0
536,scan,535,0,18460744363845,,18460744547815,18460746338310,46.610,-1.1460,1.0700,-1.3458,3,0.6263,626,220,-498,218,-596,1,527,18460344106982,18460719052174,374945,0,1,33406,377261,1,,,,535,218,-596,0,0,0,40,0,0
537,scan,536,0,18460794627789,,18460794789275,18460796603338,46.660,-1.1444,1.0627,-1.3675,3,0.6084,608,220,-456,218,-596,1,527,,,,1,1,33406,377375,1,,,,536,218,-596,0,0,0,40,0,0
538,scan,537,0,18460844602230,,18460844728952,18460846410897,46.710,-1.1417,1.0481,-1.4065,3,0.6028,602,220,-381,217,-610,1,529,18460444145504,18460837742606,393597,0,1,33406,378556,1,,,,537,217,-610,0,0,0,40,0,0
539,scan,538,0,18460894615431,,18460894742162,18460896342914,46.760,-1.1405,1.0407,-1.4255,3,0.5917,591,220,-344,217,-623,1,530,18460494488059,18460861117569,366629,0,1,33406,378184,1,,,,538,217,-623,0,0,0,40,0,0
540,scan,539,0,18460944632775,,18460944759335,18460946605222,46.810,-1.1387,1.0260,-1.4671,3,0.5934,593,220,-263,217,-617,1,531,18460544370370,18460917461884,373091,0,1,33406,377362,1,,,,539,217,-617,0,0,0,40,0,0
541,scan,540,0,18460995102369,,18460995233477,18460997352590,46.860,-1.1380,1.0186,-1.4893,3,0.5767,576,220,-219,217,-600,1,532,18460594396692,18460978081459,383684,0,1,33406,378009,1,,,,540,217,-600,0,0,0,40,0,0
542,scan,541,0,18461044677141,,18461044805971,18461046332160,46.910,-1.1371,1.0038,-1.5323,3,0.5660,566,220,-134,218,-573,1,533,18460644280486,18461010033028,365752,0,1,33406,377613,1,,,,541,218,-573,0,0,0,40,0,0
543,scan,542,0,18461095438189,,18461095570497,18461097343350,46.960,-1.1369,0.9964,-1.5520,3,0.5526,552,220,-95,218,-546,1,534,18460694346781,18461075648390,381301,0,1,33406,377922,1,,,,542,218,-546,0,0,0,40,0,0
544,scan,543,0,18461145307485,,18461145430832,18461147386026,47.010,-1.1369,0.9815,-1.5899,3,0.5473,547,220,-20,219,-458,1,535,18460744424161,18461115979454,371555,0,1,33406,378102,1,,,,543,219,-458,0,0,0,40,0,0
545,scan,544,0,18461195249739,,18461195379408,18461197391715,47.060,-1.1371,0.9741,-1.6083,3,0.5445,544,220,17,220,-417,1,536,18460794684412,18461158535557,363851,0,1,33406,377514,1,,,,544,220,-417,0,0,0,40,0,0
546,scan,545,0,18461245574086,,18461245695804,18461247433388,47.110,-1.1379,0.9591,-1.6413,3,0.5218,521,220,83,220,-352,1,537,18460844644358,18461237859014,393214,0,1,33406,377662,1,,,,545,220,-352,0,0,0,40,0,0
547,scan,546,0,18461294994164,,18461295113266,18461297298298,47.160,-1.1384,0.9517,-1.6540,3,0.5173,517,220,109,220,-320,1,538,18460894659282,18461288688218,394028,0,1,33406,378157,1,,,,546,220,-320,0,0,0,40,0,0
548,scan,547,0,18461345124023,,18461345257690,18461348464536,47.210,-1.1391,0.9442,-1.6655,3,0.5185,518,220,133,220,-248,1,539,18460944675197,18461326295160,381619,0,1,33406,378178,1,,,,547,220,-248,0,0,0,40,0,0
549,scan,548,0,18461395065414,,18461395188619,18461397554749,47.260,-1.1407,0.9293,-1.6866,3,0.4971,497,220,176,220,-208,1,540,18460995147693,18461379701126,384553,0,1,33406,378386,1,,,,548,220,-208,0,0,0,40,0,0
550,scan,549,0,18461445175171,,18461445298669,18461447399493,47.310,-1.1416,0.9219,-1.6966,3,0.4956,495,220,197,220,-128,1,541,18461044718133,18461420722037,376003,0,1,33406,378316,1,,,,549,220,-128,0,0,0,40,0,0
551,scan,550,0,18461495273933,,18461495405977,18461497418864,47.360,-1.1436,0.9070,-1.7107,3,0.4881,488,220,226,220,-90,1,542,18461095478788,18461470230705,374751,0,1,33406,378214,1,,,,550,220,-90,0,0,0,40,0,0
552,scan,551,0,18461545353608,,18461545491056,18461547421402,47.410,-1.1446,0.8996,-1.7135,3,0.4666,466,220,233,220,-18,1,543,18461145348171,18461517241364,371893,0,1,33406,377902,1,,,,551,220,-18,0,0,0,40,0,0
553,scan,552,0,18461595018134,,18461595152615,18461597343703,47.460,-1.1468,0.8848,-1.7162,3,0.4548,454,220,240,220,16,1,544,18461195295234,18461566259143,370963,0,1,33406,377945,1,,,,552,220,16,0,0,0,40,0,0
554,scan,553,0,18461645444047,,18461645577919,18461647365076,47.510,-1.1479,0.8774,-1.7170,3,0.4577,457,220,242,220,80,1,545,18461245611066,18461640109917,394498,0,1,33406,378473,1,,,,553,220,80,0,0,0,40,0,0
555,scan,554,0,18461695593924,,18461695724005,18461698381640,47.560,-1.1500,0.8626,-1.7158,3,0.4581,458,220,241,220,80,1,545,,,,1,1,33406,378918,1,,,,554,220,80,0,0,0,40,0,0
556,scan,555,0,18461745542687,,18461745670887,18461747399085,47.610,-1.1511,0.8552,-1.7125,3,0.4385,438,220,236,220,126,1,547,18461345170153,18461728801900,383631,0,1,33406,379052,1,,,,555,220,126,0,0,0,40,0,0
557,scan,556,0,18461795307786,,18461795436011,18461797344566,47.660,-1.1531,0.8404,-1.7038,3,0.4357,435,220,220,220,170,1,548,18461395107688,18461760538408,365430,0,1,33406,379141,1,,,,556,220,170,0,0,0,40,0,0
558,scan,557,0,18461845342678,,18461845483359,18461847456674,47.710,-1.1541,0.8330,-1.6998,3,0.4407,440,220,213,220,190,1,549,18461445216994,18461804026296,358809,0,1,33406,379121,1,,,,557,220,190,0,0,0,40,0,0
559,scan,558,0,18461895074137,,18461895204805,18461897408695,47.760,-1.1560,0.8182,-1.6897,3,0.4256,425,220,194,220,218,1,550,18461495319133,18461854450973,359131,0,1,33406,378255,1,,,,558,220,218,0,0,0,40,0,0
560,scan,559,0,18461945318269,,18461945455968,18461947459475,47.810,-1.1568,0.8107,-1.6824,3,0.4182,418,220,180,220,222,1,551,18461545411772,18461915602842,370191,0,1,33406,378031,1,,,,559,220,222,0,0,0,40,0,0
561,scan,560,0,18461996071800,,18461996216268,18461998267202,47.860,-1.1584,0.7959,-1.6663,3,0.4120,411,220,149,220,230,1,552,18461595063735,18461961217911,366154,0,1,33406,377123,1,,,,560,220,230,0,0,0,40,0,0
562,scan,561,0,18462045636559,,18462045763754,18462047529838,47.910,-1.1591,0.7884,-1.6586,3,0.3967,396,220,134,220,232,1,553,18461645493595,18462030017542,384523,0,1,33406,377583,1,,,,561,220,232,0,1,0,40,0,0
563,scan,562,0,18462096310427,,18462096518477,18462098375266,47.960,-1.1603,0.7735,-1.6438,3,0.3858,385,220,106,220,232,1,554,18461695639788,18462055635051,359995,0,1,33406,377157,1,,,,562,220,232,0,1,0,40,0,0
564,scan,563,0,18462145785601,,18462145910293,18462147375133,48.010,-1.1608,0.7661,-1.6360,3,0.3938,393,220,90,220,232,1,554,,,,1,1,33406,376835,1,,,,563,220,232,0,1,0,40,0,0
565,scan,564,0,18462196092241,,18462196239933,18462198692741,48.060,-1.1612,0.7586,-1.6278,3,0.3747,374,220,74,220,232,1,554,,,,1,1,33406,376554,1,,,,564,220,232,0,1,0,40,0,0
566,scan,565,0,18462246139886,,18462246270642,18462248837592,48.110,-1.1620,0.7437,-1.6116,3,0.3742,374,220,42,220,204,1,557,18461845391313,18462217870302,372478,0,1,33406,376438,1,,,,565,220,204,0,1,0,40,0,0
567,scan,566,0,18462295997183,,18462296190643,18462298304306,48.160,-1.1622,0.7363,-1.6038,3,0.3700,369,220,27,220,187,1,558,18461895112690,18462268024651,372911,0,1,33406,376315,1,,,,566,220,187,0,1,0,40,0,0
568,scan,567,0,18462345823561,,18462345967965,18462348324387,48.210,-1.1626,0.7213,-1.5896,3,0.3613,361,220,-1,220,172,1,559,18461945365776,18462307152110,361786,0,1,33406,375953,1,,,,567,220,172,0,1,0,40,0,0
569,scan,568,0,18462395913504,,18462396081609,18462398313567,48.260,-1.1628,0.7139,-1.5836,3,0.3685,368,220,-13,220,142,1,560,18461996115056,18462366544517,370429,0,1,33406,375944,1,,,,568,220,142,0,1,0,40,0,0
570,scan,569,0,18462445523752,,18462445654095,18462447317887,48.310,-1.1629,0.6989,-1.5728,3,0.3438,343,220,-35,220,142,1,560,,,,1,1,33406,375849,1,,,,569,220,142,0,1,0,40,0,0
571,scan,570,0,18462495684533,,18462495967156,18462498256346,48.360,-1.1629,0.6915,-1.5680,3,0.3422,342,220,-45,220,130,1,561,18462045681436,18462457481865,411800,0,1,33406,376529,1,,,,570,220,130,0,1,0,40,0,0
572,scan,571,0,18462545794113,,18462545930704,18462548469099,48.410,-1.1628,0.6765,-1.5591,3,0.3203,320,220,-63,220,87,1,563,18462145827959,18462524772069,378944,0,1,33406,376598,1,,,,571,220,87,0,1,0,40,0,0
573,scan,572,0,18462595982779,,18462596162281,18462598295974,48.460,-1.1627,0.6691,-1.5547,3,0.3258,325,220,-72,220,72,1,564,18462196139989,18462557972427,361832,0,1,33406,375859,1,,,,572,220,72,0,1,0,40,0,0
574,scan,573,0,18462645862642,,18462645998708,18462648432609,48.510,-1.1624,0.6541,-1.5476,3,0.3284,328,220,-87,220,42,1,565,18462246184942,18462616395845,370210,0,1,33406,375426,1,,,,573,220,42,0,1,0,40,0,0
575,scan,574,0,18462695878638,,18462696056407,18462698335627,48.560,-1.1622,0.6466,-1.5458,3,0.3222,322,220,-91,220,42,1,565,,,,1,1,33406,375417,1,,,,574,220,42,0,1,0,40,0,0
576,scan,575,0,18462745713661,,18462745841234,18462747341664,48.610,-1.1618,0.6317,-1.5437,3,0.3094,309,220,-96,220,26,1,566,18462296083860,18462703875410,407791,0,1,33406,376383,1,,,,575,220,26,0,1,0,40,0,0
577,scan,576,0,18462795734976,,18462795862483,18462797360288,48.660,-1.1616,0.6242,-1.5426,3,0.3070,307,220,-99,220,26,1,566,,,,1,1,33406,376383,1,,,,576,220,26,0,1,0,40,0,0
578,scan,577,0,18462845560899,,18462845685657,18462847404431,48.710,-1.1611,0.6093,-1.5399,3,0.3044,304,220,-105,220,-32,1,569,18462445566423,18462820972716,375406,0,1,33406,375848,1,,,,577,220,-32,0,1,0,40,0,0
579,scan,578,0,18462896133331,,18462896314126,18462898470542,48.760,-1.1609,0.6018,-1.5390,3,0.2973,297,220,-107,220,-32,1,569,,,,1,1,33406,376127,1,,,,578,220,-32,0,1,0,40,0,0
580,scan,579,0,18462945935993,,18462946055341,18462948332023,48.810,-1.1604,0.5868,-1.5401,3,0.3034,303,220,-106,220,-32,1,569,,,,1,1,33406,376222,1,,,,579,220,-32,0,1,0,40,0,0
581,scan,580,0,18462995942182,,18462996120252,18462998369938,48.860,-1.1602,0.5793,-1.5423,3,0.2881,288,220,-102,220,-67,1,572,18462596075717,18462961813041,365737,0,1,33406,375662,1,,,,580,220,-67,0,1,0,40,0,0
582,scan,581,0,18463046063344,,18463046198987,18463048437791,48.910,-1.1600,0.5719,-1.5443,3,0.2887,288,220,-98,220,-82,1,573,18462645908814,18463031292462,385383,0,1,33406,376275,1,,,,581,220,-82,0,1,0,40,0,0
583,scan,582,0,18463096291603,,18463096423030,18463098385500,48.960,-1.1596,0.5569,-1.5474,3,0.3050,305,220,-93,220,-86,1,574,18462695921903,18463069148144,373226,0,1,33406,376023,1,,,,582,220,-86,0,1,0,40,0,0
584,scan,583,0,18463146298866,,18463146464229,18463148332825,49.010,-1.1595,0.5494,-1.5496,3,0.2978,297,220,-89,220,-90,1,575,18462745756766,18463114453857,368697,0,1,33406,375933,1,,,,583,220,-90,0,1,0,40,0,0
585,scan,584,0,18463196690289,,18463196820237,18463199265996,49.060,-1.1592,0.5345,-1.5565,3,0.3140,314,220,-76,220,-92,1,576,18462795782224,18463165537472,369755,0,1,33406,376118,1,,,,584,220,-92,0,1,0,40,0,0
586,scan,585,0,18463246816202,,18463246981978,18463249278214,49.110,-1.1591,0.5270,-1.5601,3,0.3347,334,220,-69,220,-92,1,576,,,,1,1,33406,375566,1,,,,585,220,-92,0,1,0,40,0,0
587,scan,586,0,18463296624572,,18463296754100,18463298396343,49.160,-1.1590,0.5120,-1.5660,3,1.0822,1082,220,-58,220,-99,1,577,18462845602345,18463262221610,416619,0,1,33406,376295,1,,,,586,220,-99,0,0,0,40,0,0
588,scan,587,0,18463346886120,,18463347040837,18463349295913,49.210,-1.1590,0.5045,-1.5687,3,1.0761,1076,220,-52,220,-101,1,579,18462945971613,18463308366759,362395,0,1,33406,375675,1,,,,587,220,-101,0,0,0,40,0,0
589,scan,588,0,18463396548205,,18463396680710,18463398323852,49.260,-1.1590,0.4895,-1.5754,3,1.0667,1066,220,-39,220,-97,1,580,18462995983367,18463388534544,392551,0,1,33406,375933,1,,,,588,220,-97,0,0,0,40,0,0
590,scan,589,0,18463446829326,,18463446959389,18463449271683,49.310,-1.1590,0.4821,-1.5792,3,1.0688,1068,220,-32,220,-94,1,581,18463046110417,18463427471868,381361,0,1,33406,376106,1,,,,589,220,-94,0,0,0,40,0,0
591,scan,590,0,18463497357388,,18463497484191,18463499338699,49.360,-1.1592,0.4671,-1.5862,3,1.0647,1064,220,-18,220,-88,1,582,18463096336854,18463460721391,364384,0,1,33406,375771,1,,,,590,220,-88,0,0,0,40,0,0
592,scan,591,0,18463547203054,,18463547328267,18463549441282,49.410,-1.1593,0.4596,-1.5891,3,1.0525,1052,220,-12,220,-84,1,583,18463146355854,18463533160296,386804,0,1,33406,376252,1,,,,591,220,-84,0,0,0,40,0,0
593,scan,592,0,18463597540540,,18463597770538,18463599585058,49.460,-1.1596,0.4446,-1.5947,3,1.0566,1056,220,-1,220,-71,1,584,18463196733548,18463581460659,384727,0,1,33406,376696,1,,,,592,220,-71,0,0,0,40,0,0
594,scan,593,0,18463647314820,,18463647456297,18463649403428,49.510,-1.1598,0.4371,-1.5976,3,1.0394,1039,220,5,220,-65,1,585,18463246870595,18463626615269,379744,0,1,33406,376220,1,,,,593,220,-65,0,0,0,40,0,0
595,scan,594,0,18463697207805,,18463697347003,18463699341088,49.560,-1.1603,0.4222,-1.6029,3,1.0552,1055,220,15,220,-54,1,586,18463296666410,18463661774423,365108,0,1,33406,375873,1,,,,594,220,-54,0,0,0,40,0,0
596,scan,595,0,18463746981930,,18463747110894,18463749266363,49.610,-1.1605,0.4147,-1.6049,3,1.0355,1035,220,19,220,-49,1,587,18463346932555,18463706892389,359959,0,1,33406,375133,1,,,,595,220,-49,0,0,0,40,0,0
597,scan,596,0,18463797019392,,18463797132674,18463799283153,49.660,-1.1611,0.3998,-1.6082,3,1.0461,1046,220,26,220,-49,1,587,,,,1,1,33406,375446,1,,,,596,220,-49,0,0,0,40,0,0
598,scan,597,0,18463847124053,,18463847254519,18463849419654,49.710,-1.1613,0.3923,-1.6098,3,1.0435,1043,220,29,220,-30,1,589,18463446874078,18463823033260,376159,0,1,33406,376006,1,,,,597,220,-30,0,0,0,40,0,0
599,scan,598,0,18463897336351,,18463897542562,18463899360792,49.760,-1.1616,0.3848,-1.6114,3,1.0279,1027,220,33,220,-17,1,590,18463497398506,18463871704451,374305,0,1,33406,376496,1,,,,598,220,-17,0,0,0,40,0,0
600,scan,599,0,18463947282101,,18463947444304,18463949314169,49.810,-1.1623,0.3699,-1.6141,3,1.0243,1024,220,39,220,-12,1,591,18463547246684,18463906759000,359512,0,1,33406,376151,1,,,,599,220,-12,0,0,0,40,0,0
601,scan,600,0,18463997403491,,18463997523492,18463999391778,49.860,-1.1626,0.3624,-1.6148,3,1.0334,1033,220,40,220,0,1,592,18463597611764,18463987982970,390371,0,1,33406,376932,1,,,,600,220,0,0,0,0,40,0,0
602,scan,601,0,18464047581492,,18464047705404,18464049332365,49.910,-1.1633,0.3474,-1.6149,3,1.0423,1042,220,41,220,6,1,593,18463647365222,18464012817567,365452,0,1,33406,376317,1,,,,601,220,6,0,0,0,40,0,0
603,scan,602,0,18464097560746,,18464097687074,18464099441408,49.960,-1.1636,0.3400,-1.6147,3,1.0311,1031,220,41,220,15,1,594,18463697253817,18464070000226,372746,0,1,33406,376728,1,,,,602,220,15,0,0,0,40,0,0
604,scan,603,0,18464147717229,,18464147842739,18464149381024,50.010,-1.1642,0.3250,-1.6143,3,1.0293,1029,220,40,220,20,1,595,18463747025159,18464129074214,382049,0,1,33406,376895,1,,,,603,220,20,0,0,0,40,0,0
605,scan,604,0,18464197870357,,18464197998278,18464200428596,50.060,-1.1646,0.3175,-1.6138,3,1.0201,1020,220,39,220,25,1,596,18463797055635,18464159963279,362907,0,1,33406,376471,1,,,,604,220,25,0,0,0,40,0,0
606,scan,605,0,18464247753600,,18464247876710,18464250229330,50.110,-1.1652,0.3026,-1.6122,3,1.0352,1035,220,37,220,25,1,596,,,,1,1,33406,376596,1,,,,605,220,25,0,0,0,40,0,0
607,scan,606,0,18464297997749,,18464298122920,18464300619250,50.160,-1.1655,0.2951,-1.6112,3,1.0345,1034,220,35,220,31,1,598,18463897409600,18464280966775,383557,0,1,33406,376928,1,,,,606,220,31,0,0,0,40,0,0
608,scan,607,0,18464347832723,,18464347970568,18464350237490,50.210,-1.1661,0.2802,-1.6094,3,1.0212,1021,220,31,220,36,1,599,18463947330403,18464320673153,373342,0,1,33406,377289,1,,,,607,220,36,0,0,0,40,0,0
609,scan,608,0,18464398026202,,18464398153416,18464400336767,50.260,-1.1664,0.2727,-1.6084,3,1.0480,1048,220,30,220,39,1,600,18463997447834,18464359953870,362506,0,1,33406,377042,1,,,,608,220,39,0,0,0,40,0,0
610,scan,609,0,18464448124843,,18464448261372,18464450321680,50.310,-1.1669,0.2578,-1.6060,3,1.0325,1032,220,25,220,39,1,601,18464047623175,18464413559641,365936,0,1,33406,376705,1,,,,609,220,39,0,0,0,40,0,0
611,scan,610,0,18464498025640,,18464498245803,18464500584449,50.360,-1.1672,0.2503,-1.6045,3,1.0158,1015,220,22,220,40,1,602,18464097605730,18464460407066,362801,0,1,33406,375220,1,,,,610,220,40,0,0,0,40,0,0
612,scan,611,0,18464547860771,,18464548063537,18464550346153,50.410,-1.1677,0.2353,-1.6017,3,1.0275,1027,220,17,220,40,1,602,,,,1,1,33406,375104,1,,,,611,220,40,0,0,0,40,0,0
613,scan,612,0,18464598072148,,18464598236357,18464600543831,50.460,-1.1679,0.2279,-1.6004,3,1.0414,1041,220,14,220,40,1,602,,,,1,1,33406,375532,1,,,,612,220,40,0,0,0,40,0,0
614,scan,613,0,18464648563755,,18464648689686,18464650387393,50.510,-1.1683,0.2129,-1.5978,3,1.0432,1043,220,9,220,34,1,605,18464247792494,18464622201192,374408,0,1,33406,375668,1,,,,613,220,34,0,0,0,40,0,0
615,scan,614,0,18464698879826,,18464699027251,18464701486890,50.560,-1.1685,0.2054,-1.5964,3,1.0292,1029,220,6,220,34,1,605,,,,1,1,33406,375668,1,,,,614,220,34,0,0,0,40,0,0
616,scan,615,0,18464749054652,,18464749191874,18464751362057,50.610,-1.1687,0.1980,-1.5950,3,1.0575,1057,220,4,220,34,1,606,18464298039824,18464701708603,403668,0,1,33406,375535,1,,,,615,220,34,0,0,0,40,0,0
617,scan,616,0,18464798446778,,18464798564353,18464800400762,50.660,-1.1690,0.1830,-1.5928,3,1.0284,1028,220,-1,220,27,1,608,18464398070436,18464764390465,366320,0,1,33406,375247,1,,,,616,220,27,0,0,0,40,0,0
618,scan,617,0,18464848765543,,18464848900388,18464850299587,50.710,-1.1692,0.1755,-1.5918,3,1.0429,1042,220,-3,220,24,1,609,18464448167711,18464837020428,388852,0,1,33406,375667,1,,,,617,220,24,0,0,0,40,0,0
619,scan,618,0,18464898438892,,18464898568221,18464900490707,50.760,-1.1695,0.1606,-1.5898,3,1.0463,1046,220,-7,220,22,1,610,18464498088173,18464879241401,381153,0,1,33406,375833,1,,,,618,220,22,0,0,0,40,0,0
620,scan,619,0,18464948437689,,18464948577610,18464950476089,50.810,-1.1696,0.1531,-1.5890,3,1.0413,1041,220,-9,220,17,1,611,18464547906925,18464914858506,366951,0,1,33406,375572,1,,,,619,220,17,0,0,0,40,0,0
621,scan,620,0,18464998680011,,18464998802294,18465000570066,50.860,-1.1699,0.1382,-1.5877,3,1.0325,1032,220,-11,220,13,1,612,18464598119820,18464972454209,374334,0,1,33406,375825,1,,,,620,220,13,0,0,0,40,0,0
622,scan,621,0,18465048701685,,18465048931152,18465052547970,50.910,-1.1700,0.1307,-1.5871,3,1.0493,1049,220,-12,220,13,1,612,,,,1,1,33406,375535,1,,,,621,220,13,0,0,0,40,0,0
623,scan,622,0,18465098267486,,18465098395621,18465100356832,50.960,-1.1703,0.1157,-1.5862,3,1.0519,1051,220,-14,220,7,1,614,18464698930039,18465064781154,365851,0,1,33406,375312,1,,,,622,220,7,0,0,0,40,0,0
624,scan,623,0,18465148556124,,18465148731080,18465150457435,51.010,-1.1704,0.1082,-1.5858,3,1.0276,1027,220,-15,220,4,1,615,18464749102228,18465124597072,375494,0,1,33406,375518,1,,,,623,220,4,0,0,0,40,0,0
625,scan,624,0,18465198697321,,18465198824040,18465200464174,51.060,-1.1706,0.0933,-1.5852,3,1.0355,1035,220,-17,220,0,1,616,18464798489670,18465168385535,369895,0,1,33406,375522,1,,,,624,220,0,0,0,0,40,0,0
626,scan,625,0,18465248554408,,18465248693496,18465250397914,51.110,-1.1707,0.0858,-1.5852,3,1.0245,1024,220,-17,220,-2,1,617,18464848810263,18465216786223,367975,0,1,33406,375300,1,,,,625,220,-2,0,0,0,40,0,0
627,scan,626,0,18465298443113,,18465298568153,18465300462550,51.160,-1.1709,0.0708,-1.5853,3,1.0012,1001,220,-17,220,-2,1,617,,,,1,1,33406,374048,1,,,,626,220,-2,0,0,0,40,0,0
628,scan,627,0,18465348849289,,18465348988929,18465350371439,51.210,-1.1710,0.0634,-1.5854,3,0.9999,999,220,-17,220,-7,1,619,18464948479654,18465308351340,359871,0,1,33406,373971,1,,,,627,220,-7,0,0,0,40,0,0
629,scan,628,0,18465398678487,,18465398835596,18465400445547,51.260,-1.1713,0.0484,-1.5856,3,0.9859,985,220,-16,220,-9,1,620,18464998724953,18465381173012,382448,0,1,33406,373665,1,,,,628,220,-9,0,0,0,40,0,0
630,scan,629,0,18465448793937,,18465448938729,18465451262591,51.310,-1.1714,0.0409,-1.5858,3,0.9826,982,220,-16,220,-11,1,621,18465048805361,18465414717525,365912,0,1,33406,373197,1,,,,629,220,-11,0,0,0,40,0,0
631,scan,630,0,18465498736663,,18465498854019,18465500558685,51.360,-1.1716,0.0260,-1.5865,3,0.9746,974,220,-15,220,-14,1,622,18465098311660,18465474770873,376459,0,1,33406,373563,1,,,,630,220,-14,0,0,0,40,0,0
632,scan,631,0,18465548929732,,18465549068010,18465551266044,51.410,-1.1717,0.0185,-1.5870,3,0.9597,959,220,-14,220,-14,1,623,18465148605393,18465519277182,370671,0,1,33406,373074,1,,,,631,220,-14,0,0,0,40,0,0
633,scan,632,0,18465599096905,,18465599344120,18465601448500,51.460,-1.1718,0.0110,-1.5874,3,0.9525,952,220,-13,220,-15,1,624,18465198738078,18465561685378,362947,0,1,33406,372414,1,,,,632,220,-15,0,0,0,40,0,0
634,scan,633,0,18465649124467,,18465649262995,18465651402066,51.510,-1.1721,-0.0040,-1.5883,3,0.9388,938,220,-12,220,-15,1,625,18465248599069,18465607408222,358809,0,1,33406,371780,1,,,,633,220,-15,0,0,0,40,0,0
635,scan,634,0,18465699108740,,18465699251824,18465701343962,51.560,-1.1722,-0.0114,-1.5888,3,0.9453,945,220,-11,220,-15,1,626,18465298484312,18465670662255,372177,0,1,33406,371994,1,,,,634,220,-15,0,0,0,40,0,0
636,scan,635,0,18465749122226,,18465749246065,18465751417596,51.610,-1.1725,-0.0264,-1.5899,3,0.9321,932,220,-9,220,-16,1,627,18465348898323,18465739136714,390238,0,1,33406,372911,1,,,,635,220,-16,0,0,0,40,0,0
637,scan,636,0,18465799647448,,18465799863642,18465802312732,51.660,-1.1726,-0.0339,-1.5904,3,0.9251,925,220,-8,220,-14,1,628,18465398729202,18465771938778,373209,0,1,33406,372920,1,,,,636,220,-14,0,0,0,40,0,0
638,scan,637,0,18465849174235,,18465849297143,18465851373822,51.710,-1.1729,-0.0488,-1.5914,3,0.9201,920,220,-6,220,-15,1,629,18465448842578,18465848237700,399395,0,1,33406,373604,1,,,,637,220,-15,0,0,0,40,0,0
639,scan,638,0,18465899089642,,18465899225860,18465901465370,51.760,-1.1731,-0.0563,-1.5919,3,0.9310,931,220,-5,220,-12,1,630,18465498773773,18465868789239,370015,0,1,33406,373477,1,,,,638,220,-12,0,0,0,40,0,0
640,scan,639,0,18465948869983,,18465949001637,18465951265769,51.810,-1.1734,-0.0713,-1.5929,3,0.9194,919,220,-3,220,-12,1,631,18465548976818,18465917487930,368511,0,1,33406,373742,1,,,,639,220,-12,0,0,0,40,0,0
641,scan,640,0,18465999231728,,18465999353101,18466001464445,51.860,-1.1736,-0.0787,-1.5933,3,0.9029,902,220,-2,220,-12,1,632,18465599185756,18465980436030,381250,0,1,33406,373474,1,,,,640,220,-12,0,0,0,40,0,0
642,scan,641,0,18466048971662,,18466049124764,18466051246076,51.910,-1.1739,-0.0937,-1.5940,3,0.9052,905,220,-1,220,-11,1,633,18465649172310,18466020596865,371424,0,1,33406,373649,1,,,,641,220,-11,0,0,0,40,0,0
643,scan,642,0,18466099508484,,18466099649136,18466101494370,51.960,-1.1741,-0.1012,-1.5944,3,0.8943,894,220,0,220,-9,1,634,18465699151003,18466089298016,390147,0,1,33406,374161,1,,,,642,220,-9,0,0,0,40,0,0
644,scan,643,0,18466149369174,,18466149494961,18466151339433,52.010,-1.1745,-0.1161,-1.5952,3,0.8803,880,220,2,220,-6,1,635,18465749166651,18466120078164,370911,0,1,33406,373834,1,,,,643,220,-6,0,0,0,40,0,0
645,scan,644,0,18466199485935,,18466199615003,18466201349971,52.060,-1.1747,-0.1236,-1.5955,3,0.8871,887,220,2,220,-6,1,635,,,,1,1,33406,374165,1,,,,644,220,-6,0,0,0,40,0,0
646,scan,645,0,18466249603433,,18466249806274,18466251349799,52.110,-1.1750,-0.1386,-1.5959,3,0.8737,873,220,3,220,-5,1,637,18465849218576,18466223424366,374205,0,1,33406,374166,1,,,,645,220,-5,0,0,0,40,0,0
647,scan,646,0,18466300086479,,18466300218937,18466302505859,52.160,-1.1752,-0.1461,-1.5960,3,0.8822,882,220,3,220,-4,1,638,18465899136889,18466278432488,379295,0,1,33406,374041,1,,,,646,220,-4,0,0,0,40,0,0
648,scan,647,0,18466349989918,,18466350206176,18466352365020,52.210,-1.1756,-0.1610,-1.5964,3,0.8867,886,220,4,220,-2,1,639,18465948915020,18466310827991,361912,0,1,33406,373704,1,,,,647,220,-2,0,0,0,40,0,0
649,scan,648,0,18466399861625,,18466400112324,18466402274643,52.260,-1.1758,-0.1685,-1.5966,3,0.8935,893,220,5,220,-1,1,640,18465999274161,18466355783713,356509,0,1,33406,373528,1,,,,648,220,-1,0,0,0,40,0,0
650,scan,649,0,18466449912746,,18466450073785,18466452441544,52.310,-1.1760,-0.1760,-1.5967,3,0.8843,884,220,5,220,-1,1,640,,,,1,1,33406,373758,1,,,,649,220,-1,0,0,0,40,0,0
651,scan,650,0,18466499915973,,18466500084812,18466502310461,52.360,-1.1764,-0.1909,-1.5967,3,0.8947,894,220,5,220,0,1,642,18466099556200,18466469202735,369646,0,1,33406,373966,1,,,,650,220,0,0,0,0,40,0,0
652,scan,651,0,18466549772375,,18466549898296,18466551392073,52.410,-1.1766,-0.1984,-1.5967,3,0.8589,858,220,5,220,1,1,643,18466149410497,18466516552235,367141,0,1,33406,373765,1,,,,651,220,1,0,0,0,40,0,0
653,scan,652,0,18466599817183,,18466599951060,18466602332874,52.460,-1.1769,-0.2134,-1.5967,3,0.8586,858,220,5,220,5,1,644,18466199530625,18466588499585,388968,0,1,33406,374199,1,,,,652,220,5,0,0,0,40,0,0
654,scan,653,0,18466649753772,,18466649884851,18466651385629,52.510,-1.1771,-0.2208,-1.5967,3,0.8802,880,220,5,220,4,1,645,18466249669940,18466613340710,363670,0,1,33406,373892,1,,,,653,220,4,0,0,0,40,0,0
655,scan,654,0,18466699751615,,18466699880321,18466701353680,52.560,-1.1775,-0.2358,-1.5964,3,0.8884,888,220,5,220,4,1,646,18466300133820,18466664036523,363902,0,1,33406,373615,1,,,,654,220,4,0,0,0,40,0,0
656,scan,655,0,18466750075501,,18466750215359,18466752523515,52.610,-1.1777,-0.2433,-1.5962,3,0.9127,912,220,4,220,5,1,647,18466350058138,18466715896423,365838,0,1,33406,372564,1,,,,655,220,5,0,0,0,40,0,0
657,scan,656,0,18466800211958,,18466800344291,18466802380991,52.660,-1.1781,-0.2582,-1.5959,3,0.9134,913,220,4,220,7,1,648,18466399922893,18466773696542,373773,0,1,33406,372771,1,,,,656,220,7,0,0,0,40,0,0
658,scan,657,0,18466850229340,,18466850365617,18466852582486,52.710,-1.1783,-0.2657,-1.5958,3,1.0187,1018,220,3,220,7,1,648,,,,1,1,33406,372312,1,,,,657,220,7,0,0,0,40,0,0
659,scan,658,0,18466899914104,,18466900107286,18466902273274,52.760,-1.1787,-0.2806,-1.5954,3,1.0451,1045,220,3,220,6,1,650,18466499961924,18466873262821,373300,0,1,33406,372087,1,,,,658,220,6,0,0,0,40,0,0
660,scan,659,0,18466950182040,,18466950408584,18466953259157,52.810,-1.1788,-0.2881,-1.5951,3,1.0245,1024,220,2,220,7,1,651,18466549816964,18466936091744,386274,0,1,33406,372639,1,,,,659,220,7,0,0,0,40,0,0
661,scan,660,0,18467000446370,,18467000566469,18467002331887,52.860,-1.1792,-0.3031,-1.5945,3,1.0450,1045,220,1,220,7,1,652,18466599866061,18466973533942,373667,0,1,33406,372620,1,,,,660,220,7,0,0,0,40,0,0
662,scan,661,0,18467050015902,,18467050195676,18467052457418,52.910,-1.1794,-0.3106,-1.5944,3,1.0257,1025,220,1,220,6,1,653,18466649798299,18467032687332,382889,0,1,33406,372906,1,,,,661,220,6,0,0,0,40,0,0
663,scan,662,0,18467100058835,,18467100182883,18467102413795,52.960,-1.1797,-0.3255,-1.5940,3,1.0300,1029,220,0,220,6,1,653,,,,1,1,33406,373107,1,,,,662,220,6,0,0,0,40,0,0
664,scan,663,0,18467150239878,,18467150377198,18467152456724,53.010,-1.1799,-0.3330,-1.5937,3,1.0219,1021,220,-1,220,5,1,655,18466750120790,18467111684932,361564,0,1,33406,372709,1,,,,663,220,5,0,0,0,40,0,0
665,scan,664,0,18467200042700,,18467200162474,18467202556951,53.060,-1.1802,-0.3479,-1.5933,3,1.0243,1024,220,-1,220,5,1,655,,,,1,1,33406,372792,1,,,,664,220,5,0,0,0,40,0,0
666,scan,665,0,18467250157162,,18467250291241,18467252354069,53.110,-1.1804,-0.3554,-1.5931,3,1.0110,1011,220,-2,220,4,1,657,18466850278767,18467223029817,372751,0,1,33406,372932,1,,,,665,220,4,0,0,0,40,0,0
667,scan,666,0,18467300530515,,18467300656279,18467302392372,53.160,-1.1806,-0.3629,-1.5930,3,1.0149,1014,220,-2,220,4,1,658,18466899975987,18467269771871,369795,0,1,33406,372843,1,,,,666,220,4,0,0,0,40,0,0
668,scan,667,0,18467351552817,,18467351694910,18467353467982,53.210,-1.1809,-0.3779,-1.5927,3,1.0334,1033,220,-3,220,3,1,659,18466950251257,18467335815116,385563,0,1,33406,373577,1,,,,667,220,3,0,0,0,40,0,0
669,scan,668,0,18467401094671,,18467401242150,18467403314123,53.260,-1.1811,-0.3853,-1.5926,3,1.0342,1034,220,-3,220,3,1,659,,,,1,1,33406,373316,1,,,,668,220,3,0,0,0,40,0,0
670,scan,669,0,18467450759316,,18467450920876,18467452664665,53.310,-1.1814,-0.4003,-1.5924,3,1.0316,1031,220,-3,220,0,1,661,18467050111781,18467425572209,375460,0,1,33406,373597,1,,,,669,220,0,0,0,0,40,0,0
671,scan,670,0,18467501345707,,18467501517321,18467503423070,53.360,-1.1816,-0.4078,-1.5923,3,1.0289,1028,220,-4,220,0,1,661,,,,1,1,33406,373510,1,,,,670,220,0,0,0,0,40,0,0
672,scan,671,0,18467550609026,,18467550732398,18467552460851,53.410,-1.1819,-0.4227,-1.5922,3,1.0230,1023,220,-4,220,0,1,661,,,,1,1,33406,373599,1,,,,671,220,0,0,0,0,40,0,0
673,scan,672,0,18467601501771,,18467601651749,18467603441880,53.460,-1.1820,-0.4302,-1.5922,3,1.0196,1019,220,-4,220,-1,1,664,18467200080928,18467558248073,358167,0,1,33406,373449,1,,,,672,220,-1,0,0,0,40,0,0
674,scan,673,0,18467651345042,,18467651477223,18467653365644,53.510,-1.1824,-0.4452,-1.5923,3,1.0402,1040,220,-4,220,-1,1,665,18467250205070,18467611326433,361121,0,1,33406,373521,1,,,,673,220,-1,0,0,0,40,0,0
675,scan,674,0,18467702281292,,18467702415630,18467704431325,53.560,-1.1825,-0.4526,-1.5923,3,1.0144,1014,220,-4,220,0,1,666,18467300575113,18467680426643,379851,0,1,33406,373761,1,,,,674,220,0,0,0,0,40,0,0
676,scan,675,0,18467751627437,,18467751750743,18467753421686,53.610,-1.1828,-0.4676,-1.5924,3,1.0242,1024,220,-4,220,0,1,667,18467351602064,18467737314267,385712,0,1,33406,373620,1,,,,675,220,0,0,0,0,40,0,0
677,scan,676,0,18467801668259,,18467801798158,18467803417650,53.660,-1.1830,-0.4751,-1.5924,3,1.0291,1029,220,-4,220,-1,1,668,18467401144670,18467763013166,361868,0,1,33406,373265,1,,,,676,220,-1,0,0,0,40,0,0
678,scan,677,0,18467851748741,,18467851960689,18467854372266,53.710,-1.1833,-0.4900,-1.5924,3,1.0172,1017,220,-4,220,-3,1,669,18467450808444,18467812333916,361525,0,1,33406,372082,1,,,,677,220,-3,0,0,0,40,0,0
679,scan,678,0,18467901352992,,18467901479236,18467903453948,53.760,-1.1835,-0.4975,-1.5924,3,1.0190,1018,220,-4,220,-1,1,670,18467501406289,18467862335860,360929,0,1,33406,371798,1,,,,678,220,-1,0,0,0,40,0,0
680,scan,679,0,18467951432733,,18467951581214,18467953385898,53.810,-1.1838,-0.5125,-1.5926,3,1.0151,1015,220,-4,220,-2,1,671,18467550651950,18467915262252,364610,0,1,33406,371676,1,,,,679,220,-2,0,0,0,40,0,0
681,scan,680,0,18468001473221,,18468001632935,18468003334185,53.860,-1.1840,-0.5199,-1.5927,3,1.0042,1004,220,-3,220,-3,1,672,18467601564553,18467969836853,368272,0,1,33406,371271,1,,,,680,220,-3,0,0,0,40,0,0
682,scan,681,0,18468051158569,,18468051290510,18468053398230,53.910,-1.1843,-0.5349,-1.5927,3,1.0356,1035,220,-3,220,-4,1,673,18467651389044,18468020188292,368799,0,1,33406,371189,1,,,,681,220,-4,0,0,0,40,0,0
683,scan,682,0,18468101366193,,18468101490132,18468103341613,53.960,-1.1845,-0.5424,-1.5928,3,1.0238,1023,220,-3,220,-1,1,674,18467702330796,18468064883119,362552,0,1,33406,370326,1,,,,682,220,-1,0,0,0,40,0,0
684,scan,683,0,18468151416026,,18468151647484,18468153470487,54.010,-1.1846,-0.5499,-1.5929,3,1.0255,1025,220,-3,220,-1,1,674,,,,1,1,33406,370307,1,,,,683,220,-1,0,0,0,40,0,0
685,scan,684,0,18468201585546,,18468201736081,18468203423945,54.060,-1.1850,-0.5648,-1.5932,3,1.0231,1023,220,-3,220,-3,1,676,18467801716421,18468177147338,375430,0,1,33406,370467,1,,,,684,220,-3,0,0,0,40,0,0
686,scan,685,0,18468252130761,,18468252259719,18468254334357,54.110,-1.1851,-0.5723,-1.5932,3,1.0073,1007,220,-3,220,-3,1,676,,,,1,1,33406,370347,1,,,,685,220,-3,0,0,0,40,0,0
687,scan,686,0,18468301789450,,18468301949222,18468304388799,54.160,-1.1855,-0.5872,-1.5932,3,1.0322,1032,220,-3,220,-4,1,678,18467901396157,18468300335407,398939,0,1,33406,370981,1,,,,686,220,-4,0,0,0,40,0,0
688,scan,687,0,18468352260047,,18468352384584,18468354344934,54.210,-1.1856,-0.5947,-1.5933,3,1.0109,1010,220,-2,220,-4,1,678,,,,1,1,33406,371283,1,,,,687,220,-4,0,0,0,40,0,0
689,scan,688,0,18468401957166,,18468402088736,18468404584135,54.260,-1.1860,-0.6097,-1.5937,3,1.0313,1031,220,-2,220,-1,1,680,18468001534746,18468357283472,355748,0,1,33406,371257,1,,,,688,220,-1,0,0,0,40,0,0
690,scan,689,0,18468451949581,,18468452172544,18468454290665,54.310,-1.1861,-0.6172,-1.5939,3,1.0171,1017,220,-1,220,-2,1,681,18468051196598,18468414637220,363440,0,1,33406,371005,1,,,,689,220,-2,0,0,0,40,0,0
691,scan,690,0,18468501902574,,18468502037460,18468504474420,54.360,-1.1865,-0.6321,-1.5940,3,1.0239,1023,220,-1,220,-2,1,682,18468101408414,18468487091557,385683,0,1,33406,371523,1,,,,690,220,-2,0,0,0,40,0,0
692,scan,691,0,18468551704083,,18468551839306,18468554252176,54.410,-1.1867,-0.6396,-1.5940,3,1.0381,1038,220,-1,220,0,1,683,18468151481155,18468531324922,379843,0,1,33406,371932,1,,,,691,220,0,0,0,0,40,0,0
693,scan,692,0,18468601801243,,18468601922536,18468603475825,54.460,-1.1870,-0.6546,-1.5941,3,1.0072,1007,220,-1,220,0,1,683,,,,1,1,33406,371364,1,,,,692,220,0,0,0,0,40,0,0
694,scan,693,0,18468651723440,,18468651889682,18468654387860,54.510,-1.1872,-0.6620,-1.5941,3,1.0200,1019,220,-1,220,-2,1,685,18468252177695,18468620415633,368237,0,1,33406,371517,1,,,,693,220,-2,0,0,0,40,0,0
695,scan,694,0,18468701781312,,18468701905177,18468704343998,54.560,-1.1875,-0.6770,-1.5941,3,1.0057,1005,220,-1,220,-3,1,686,18468301872465,18468691242994,389370,0,1,33406,372366,1,,,,694,220,-3,0,0,0,40,0,0
696,scan,695,0,18468751697350,,18468751870246,18468753425446,54.610,-1.1877,-0.6845,-1.5941,3,1.0140,1014,220,-1,220,0,1,687,18468352303402,18468742418937,390115,0,1,33406,373175,1,,,,695,220,0,0,0,0,40,0,0
697,scan,696,0,18468801837814,,18468801953523,18468803383965,54.660,-1.1881,-0.6994,-1.5944,3,1.0185,1018,220,-1,220,1,1,688,18468402000083,18468781460808,379460,0,1,33406,373364,1,,,,696,220,1,0,0,0,40,0,0
698,scan,697,0,18468852039396,,18468852172101,18468854248541,54.710,-1.1882,-0.7069,-1.5944,3,1.0219,1021,220,0,220,0,1,689,18468452062055,18468811910544,359848,0,1,33406,372928,1,,,,697,220,0,0,0,0,40,0,0
699,scan,698,0,18468902133964,,18468902263427,18468905332679,54.760,-1.1886,-0.7219,-1.5943,3,1.0188,1018,220,-1,220,0,1,689,,,,1,1,33406,372916,1,,,,698,220,0,0,0,0,40,0,0
700,scan,699,0,18468952338262,,18468952466818,18468954563702,54.810,-1.1888,-0.7293,-1.5942,3,1.0182,1018,220,-1,220,2,1,691,18468551747759,18468921424024,369676,0,1,33406,372363,1,,,,699,220,2,0,0,0,40,0,0
701,scan,700,0,18469002144525,,18469002277218,18469004372382,54.860,-1.1889,-0.7368,-1.5942,3,0.9996,999,220,-1,220,0,1,692,18468601841897,18468968317188,366475,0,1,33406,372123,1,,,,700,220,0,0,0,0,40,0,0
702,scan,701,0,18469052077734,,18469052213393,18469054420085,54.910,-1.1893,-0.7518,-1.5942,3,1.0121,1012,220,-1,220,0,1,693,18468651766945,18469015413133,363646,0,1,33406,371482,1,,,,701,220,0,0,0,0,40,0,0
703,scan,702,0,18469102251441,,18469102379540,18469104389264,54.960,-1.1895,-0.7592,-1.5942,3,1.0063,1006,220,-1,220,2,1,694,18468701823469,18469074602302,372778,0,1,33406,371523,1,,,,702,220,2,0,0,0,40,0,0
704,scan,703,0,18469152593798,,18469152749393,18469154389007,55.010,-1.1898,-0.7742,-1.5940,3,1.0284,1028,220,-1,220,2,1,695,18468751740079,18469118601246,366861,0,1,33406,371694,1,,,,703,220,2,0,0,0,40,0,0
705,scan,704,0,18469203044208,,18469203235831,18469205302658,55.060,-1.1900,-0.7817,-1.5940,3,1.0176,1017,220,-1,220,0,1,696,18468801876071,18469168797463,366921,0,1,33406,371545,1,,,,704,220,0,0,0,0,40,0,0
706,scan,705,0,18469252736292,,18469252887382,18469254350054,55.110,-1.1903,-0.7966,-1.5939,3,1.0070,1006,220,-2,220,0,1,697,18468852086553,18469213602916,361516,0,1,33406,371194,1,,,,705,220,0,0,0,0,40,0,0
707,scan,706,0,18469303073589,,18469303211732,18469305275809,55.160,-1.1905,-0.8041,-1.5939,3,0.9856,985,220,-2,220,2,1,698,18468902177237,18469266258586,364081,0,1,33406,371016,1,,,,706,220,2,0,0,0,40,0,0
708,scan,707,0,18469352888326,,18469353016874,18469355235224,55.210,-1.1909,-0.8191,-1.5939,3,1.0224,1022,220,-2,220,1,1,699,18468952383143,18469325830565,373447,0,1,33406,370637,1,,,,707,220,1,0,0,0,40,0,0
709,scan,708,0,18469403183460,,18469403327477,18469405417252,55.260,-1.1910,-0.8265,-1.5939,3,1.0144,1014,220,-2,220,1,1,700,18469002191989,18469381759541,379567,0,1,33406,370907,1,,,,708,220,1,0,0,0,40,0,0
710,scan,709,0,18469452910021,,18469453049539,18469455254149,55.310,-1.1914,-0.8415,-1.5937,3,1.0153,1015,220,-2,220,-1,1,701,18469052123133,18469415843214,363720,0,1,33406,370552,1,,,,709,220,-1,0,0,0,40,0,0
711,scan,710,0,18469502776302,,18469502908591,18469504394207,55.360,-1.1915,-0.8490,-1.5936,3,1.0100,1009,220,-3,220,-2,1,702,18469102296112,18469470717546,368421,0,1,33406,370489,1,,,,710,220,-2,0,0,0,40,0,0
712,scan,711,0,18469552737369,,18469552872696,18469554437491,55.410,-1.1919,-0.8639,-1.5937,3,1.0102,1010,220,-2,220,1,1,703,18469152645633,18469534763349,382117,0,1,33406,370821,1,,,,711,220,1,0,0,0,40,0,0
713,scan,712,0,18469602939542,,18469603110726,18469605277029,55.460,-1.1921,-0.8714,-1.5939,3,1.0141,1014,220,-2,220,0,1,704,18469203110655,18469586965577,383854,0,1,33406,371555,1,,,,712,220,0,0,0,0,40,0,0
714,scan,713,0,18469652764010,,18469652908916,18469654323897,55.510,-1.1924,-0.8864,-1.5939,3,1.0003,1000,220,-2,220,-1,1,705,18469252786813,18469626739513,373952,0,1,33406,371922,1,,,,713,220,-1,0,0,0,40,0,0
715,scan,714,0,18469702947216,,18469703082702,18469705520689,55.560,-1.1926,-0.8938,-1.5938,3,1.0135,1013,220,-2,220,3,1,706,18469303119788,18469677968407,374848,0,1,33406,371779,1,,,,714,220,3,0,0,0,40,0,0
716,scan,715,0,18469753365341,,18469753544662,18469755602005,55.610,-1.1929,-0.9088,-1.5938,3,1.0046,1004,220,-3,220,1,1,707,18469352930955,18469724038262,371107,0,1,33406,371362,1,,,,715,220,1,0,0,0,40,0,0
717,scan,716,0,18469802944252,,18469803070947,18469805237200,55.660,-1.1931,-0.9163,-1.5937,3,0.9844,984,220,-3,220,0,1,708,18469403236865,18469787130398,383893,0,1,33406,371991,1,,,,716,220,0,0,0,0,40,0,0
718,scan,717,0,18469852998829,,18469853153529,18469855355791,55.710,-1.1933,-0.9238,-1.5937,3,1.0068,1006,220,-3,220,-2,1,709,18469452958012,18469846283294,393325,0,1,33406,372899,1,,,,717,220,-2,0,0,0,40,0,0
719,scan,718,0,18469902833386,,18469902969289,18469905232552,55.760,-1.1936,-0.9387,-1.5935,3,1.0135,1013,220,-3,220,2,1,710,18469502822219,18469868370130,365547,0,1,33406,373031,1,,,,718,220,2,0,0,0,40,0,0
720,scan,719,0,18469953071925,,18469953191965,18469955245591,55.810,-1.1938,-0.9462,-1.5936,3,1.0151,1015,220,-3,220,1,1,711,18469552784651,18469941997656,389213,0,1,33406,373734,1,,,,719,220,1,0,0,0,40,0,0
721,scan,720,0,18470002876740,,18470003007291,18470005227749,55.860,-1.1941,-0.9611,-1.5937,3,1.0011,1001,220,-3,220,0,1,712,18469602998073,18469983838624,380840,0,1,33406,374093,1,,,,720,220,0,0,0,0,40,0,0
722,scan,721,0,18470052788176,,18470052928099,18470055205180,55.910,-1.1943,-0.9686,-1.5936,3,0.9815,981,220,-4,220,-3,1,713,18469652809557,18470036248323,383438,0,1,33406,374512,1,,,,721,220,-3,0,0,0,40,0,0
723,scan,722,0,18470102976113,,18470103106951,18470105306094,55.960,-1.1946,-0.9836,-1.5935,3,0.9791,979,220,-4,220,-3,1,713,,,,1,1,33406,374863,1,,,,722,220,-3,0,0,0,40,0,0
724,scan,723,0,18470152947519,,18470153154363,18470155293199,56.010,-1.1948,-0.9911,-1.5936,3,0.9667,966,220,-4,220,-3,1,713,,,,1,1,33406,374863,1,,,,723,220,-3,0,0,0,40,0,0
725,scan,724,0,18470203138353,,18470203344402,18470205423144,56.060,-1.1951,-1.0060,-1.5940,3,0.9559,955,220,-4,220,-3,1,713,,,,1,1,33406,374846,1,,,,724,220,-3,0,0,0,40,0,0
726,scan,725,0,18470253057128,,18470253195010,18470255279349,56.110,-1.1953,-1.0135,-1.5942,3,0.9479,947,220,-4,220,-2,1,717,18469853051494,18470229371700,376320,0,1,33406,374890,1,,,,725,220,-2,0,0,0,40,0,0
727,scan,726,0,18470303197309,,18470303380302,18470305379098,56.160,-1.1957,-1.0285,-1.5942,3,0.9323,932,220,-4,220,2,1,718,18469902874096,18470277153359,374279,0,1,33406,374164,1,,,,726,220,2,0,0,0,40,0,0
728,scan,727,0,18470353161834,,18470353348132,18470355349895,56.210,-1.1958,-1.0359,-1.5942,3,0.9278,927,220,-4,220,1,1,719,18469953112778,18470339990092,386877,0,1,33406,374528,1,,,,727,220,1,0,0,0,40,0,0
729,scan,728,0,18470403040763,,18470403160915,18470405248447,56.260,-1.1962,-1.0509,-1.5943,4,0.9083,908,0,1000,220,-2,1,720,18470002921158,18470395414972,392493,0,1,33406,375577,1,,,,728,220,-2,0,0,0,40,0,0
730,scan,729,0,18470453623684,,18470453761665,18470455323189,56.310,-1.1964,-1.0584,-1.5942,4,0.9003,900,0,1000,220,-4,1,721,18470052835013,18470425108777,372273,0,1,33406,375830,1,,,,729,220,-4,0,0,0,40,0,0
731,scan,730,0,18470505041917,,18470505180547,18470507443179,56.360,-1.1967,-1.0733,-1.5942,4,0.8860,886,0,1000,220,-4,1,721,,,,1,1,33406,375540,1,,,,730,220,-4,0,0,0,40,0,0
732,scan,731,0,18470555254123,,18470555421906,18470557463600,56.410,-1.1969,-1.0808,-1.5944,4,0.8835,883,0,1000,220,0,1,723,18470152993222,18470531618406,378625,0,1,33406,375504,1,,,,731,220,0,0,0,0,40,0,0
733,scan,732,0,18470605240585,,18470605352319,18470607362252,56.460,-1.1972,-1.0958,-1.5949,4,0.8684,868,0,1000,220,-3,1,724,18470203182410,18470593262393,390079,0,1,33406,375921,1,,,,732,220,-3,0,0,0,40,0,0
734,scan,733,0,18470655681742,,18470655818228,18470657386876,56.510,-1.1974,-1.1032,-1.5948,4,0.8557,855,0,1000,220,-5,1,725,18470253104615,18470631331503,378226,0,1,33406,376206,1,,,,733,220,-5,0,0,0,40,0,0
735,scan,734,0,18470705522521,,18470705670607,18470707470775,56.560,-1.1976,-1.1107,-1.5947,4,0.8479,847,0,1000,220,2,1,726,18470303239614,18470684368413,381128,0,1,33406,375970,1,,,,734,220,2,0,0,0,40,0,0
736,scan,735,0,18470755146460,,18470755278585,18470757386574,56.610,-1.1980,-1.1257,-1.5948,4,0.8490,848,0,1000,220,2,1,726,,,,1,1,33406,375554,1,,,,735,220,2,0,0,0,40,0,0
737,scan,736,0,18470805244718,,18470805364483,18470807349807,56.660,-1.1981,-1.1331,-1.5951,4,0.8308,830,0,1000,220,2,1,726,,,,1,1,33406,375436,1,,,,736,220,2,0,0,0,40,0,0
738,scan,737,0,18470855151734,,18470855267876,18470857261655,56.710,-1.1985,-1.1481,-1.5951,4,0.8115,811,0,1000,220,2,1,726,,,,1,1,33406,375923,1,,,,737,220,2,0,0,0,40,0,0
739,scan,738,0,18470905354737,,18470905559500,18470907310577,56.760,-1.1987,-1.1556,-1.5948,4,0.7995,799,0,1000,220,2,1,726,,,,1,1,33406,375923,1,,,,738,220,2,0,0,0,40,0,0
740,scan,739,0,18470955231174,,18470955354516,18470957390092,56.810,-1.1990,-1.1705,-1.5945,4,0.7948,794,0,1000,220,2,1,726,,,,1,1,33406,376125,1,,,,739,220,2,0,0,0,40,0,0
741,scan,740,0,18471005062557,,18471005186683,18471007351199,56.860,-1.1992,-1.1780,-1.5946,4,0.7789,778,0,1000,220,2,1,726,,,,1,1,33406,376446,1,,,,740,220,2,0,0,0,40,0,0
742,scan,741,0,18471055324918,,18471055450575,18471057433939,56.910,-1.1996,-1.1930,-1.5946,4,0.7714,771,0,1000,220,2,1,726,,,,1,1,33406,376888,1,,,,741,220,2,0,0,0,40,0,0
743,scan,742,0,18471105331018,,18471105445283,18471107427645,56.960,-1.1998,-1.2004,-1.5945,4,0.7647,764,0,1000,0,999,1,728,18470403084153,18471104487517,701403,0,1,33406,388220,1,,,,742,0,999,0,0,0,40,0,0
744,scan,743,0,18471155547377,,18471155675856,18471157568304,57.010,-1.2001,-1.2142,-1.5978,4,0.7392,739,0,1000,0,999,1,734,18470705573159,18471107828411,402255,0,1,33406,389440,1,,,,743,0,999,0,0,0,40,0,0
745,scan,744,0,18471205703346,,18471205837584,18471207367875,57.060,-1.2003,-1.2194,-1.6139,4,0.7398,739,0,1000,0,999,1,736,18470805287142,18471171643791,366356,0,1,33406,389421,1,,,,744,0,999,0,0,0,40,0,0
746,scan,745,0,18471255650119,,18471255778078,18471257324028,57.110,-1.2008,-1.2269,-1.6679,4,0.7295,729,0,1000,0,999,1,737,18470855195841,18471219776385,364580,0,1,33406,389526,1,,,,745,0,999,0,0,0,40,0,0
747,scan,746,0,18471305834000,,18471305981221,18471308538343,57.160,-1.2011,-1.2299,-1.6802,4,0.7363,736,0,1000,0,999,1,737,,,,1,1,33406,390435,1,,,,746,0,999,0,0,0,40,0,0
748,scan,747,0,18471355834919,,18471355992131,18471358270542,57.210,-1.2015,-1.2341,-1.6490,4,0.7369,736,0,1000,0,999,1,739,18470955271632,18471321859570,366587,0,1,33406,390190,1,,,,747,0,999,0,0,0,40,0,0
749,scan,748,0,18471405765155,,18471405918532,18471407416630,57.260,-1.2016,-1.2353,-1.6213,4,0.7355,735,0,1000,0,999,1,739,,,,1,1,33406,390584,1,,,,748,0,999,0,0,0,40,0,0
750,scan,749,0,18471455710097,,18471455825506,18471457370360,57.310,-1.2016,-1.2358,-1.5699,4,0.7214,721,0,1000,0,999,1,741,18471055366062,18471440607446,385241,0,1,33406,391381,1,,,,749,0,999,0,0,0,40,0,0
751,scan,750,0,18471505976054,,18471506127218,18471508419922,57.360,-1.2016,-1.2357,-1.5388,4,0.7377,737,0,1000,0,999,1,741,,,,1,1,33406,392264,1,,,,750,0,999,0,0,0,40,0,0
752,scan,751,0,18471556184443,,18471556312077,18471558401356,57.410,-1.2016,-1.2357,-1.5013,4,0.7302,730,0,1000,0,999,1,743,18471155589433,18471526155900,370566,0,1,33406,391819,1,,,,751,0,999,0,0,0,40,0,0
753,scan,752,0,18471606276199,,18471606440874,18471608612053,57.460,-1.2016,-1.2355,-1.4249,4,0.7292,729,0,1000,0,999,1,744,18471205750094,18471570243311,364493,0,1,33406,391075,1,,,,752,0,999,0,0,0,40,0,0
754,scan,753,0,18471656136217,,18471656288096,18471658336417,57.510,-1.2017,-1.2355,-1.3924,4,0.7166,716,0,1000,0,999,1,745,18471255691791,18471633339785,377647,0,1,33406,391217,1,,,,753,0,999,0,0,0,40,0,0
755,scan,754,0,18471706165428,,18471706291010,18471708428944,57.560,-1.2017,-1.2354,-1.3309,4,0.7342,734,0,1000,0,999,1,746,18471305882771,18471673847111,367964,0,1,33406,390952,1,,,,754,0,999,0,0,0,40,0,0
756,scan,755,0,18471756102891,,18471756226018,18471758357083,57.610,-1.2017,-1.2353,-1.2968,4,0.7284,728,0,1000,0,999,1,747,18471355886906,18471729141152,373254,0,1,33406,391035,1,,,,755,0,999,0,0,0,40,0,0
757,scan,756,0,18471806279181,,18471806412365,18471808386972,57.660,-1.2018,-1.2352,-1.2246,4,0.7184,718,0,1000,0,999,1,748,18471405818345,18471781229425,375411,0,1,33406,390708,1,,,,756,0,999,0,0,0,40,0,0
758,scan,757,0,18471856460201,,18471856611135,18471858405391,57.710,-1.2018,-1.2352,-1.1903,4,0.7337,733,0,1000,0,999,1,749,18471455746255,18471820674801,364928,0,1,33406,389616,1,,,,757,0,999,0,0,0,40,0,0
759,scan,758,0,18471906412143,,18471906540421,18471908336003,57.760,-1.2018,-1.2350,-1.1252,4,0.7292,729,0,1000,0,999,1,750,18471506034870,18471863595959,357561,0,1,33406,389309,1,,,,758,0,999,0,0,0,40,0,0
760,scan,759,0,18471956363834,,18471956489297,18471958381009,57.810,-1.2019,-1.2350,-1.0919,4,0.7249,724,0,1000,0,999,1,751,18471556229991,18471923871962,367641,0,1,33406,388479,1,,,,759,0,999,0,0,0,40,0,0
761,scan,760,0,18472006399804,,18472006526399,18472008609281,57.860,-1.2019,-1.2349,-1.0225,4,0.7270,726,0,1000,0,999,1,751,,,,1,1,33406,388785,1,,,,760,0,999,0,0,0,40,0,0
762,scan,761,0,18472056707109,,18472056832859,18472058368720,57.910,-1.2020,-1.2349,-0.9879,4,0.7332,733,0,1000,0,999,1,753,18471656195741,18472027356287,371160,0,1,33406,388294,1,,,,761,0,999,0,0,0,40,0,0
763,scan,762,0,18472106843258,,18472106967677,18472108446774,57.960,-1.2020,-1.2348,-0.9209,4,0.7240,723,0,1000,0,999,1,754,18471706210037,18472095810504,389600,0,1,33406,388344,1,,,,762,0,999,0,0,0,40,0,0
764,scan,763,0,18472156708043,,18472156830499,18472158331537,58.010,-1.2021,-1.2347,-0.8875,4,0.7269,726,0,1000,0,999,1,755,18471756145042,18472118984759,362839,0,1,33406,387399,1,,,,763,0,999,0,0,0,40,0,0
765,scan,764,0,18472206667684,,18472206785457,18472208373301,58.060,-1.2022,-1.2346,-0.8193,4,0.7271,727,0,1000,0,999,1,756,18471806323099,18472169576788,363253,0,1,33406,386537,1,,,,764,0,999,0,0,0,40,0,0
766,scan,765,0,18472256855480,,18472256992675,18472259218234,58.110,-1.2022,-1.2346,-0.7849,4,0.7158,715,0,1000,0,999,1,756,,,,1,1,33406,386916,1,,,,765,0,999,0,0,0,40,0,0
767,scan,766,0,18472306808796,,18472306920418,18472308488667,58.160,-1.2023,-1.2345,-0.7172,4,0.7208,720,0,1000,0,999,1,758,18471906457263,18472295289029,388831,0,1,33406,387454,1,,,,766,0,999,0,0,0,40,0,0
768,scan,767,0,18472357213073,,18472357347403,18472359362328,58.210,-1.2023,-1.2345,-0.6836,4,0.7305,730,0,1000,0,999,1,759,18471956405798,18472335283062,378877,0,1,33406,387158,1,,,,767,0,999,0,0,0,40,0,0
769,scan,768,0,18472407073383,,18472407219328,18472409411296,58.260,-1.2024,-1.2345,-0.6498,4,0.7274,727,0,1000,0,999,1,759,,,,1,1,33406,386953,1,,,,768,0,999,0,0,0,40,0,0
770,scan,769,0,18472457120558,,18472457264627,18472459374515,58.310,-1.2025,-1.2344,-0.5817,4,0.7324,732,0,1000,0,999,1,761,18472056749201,18472427254950,370505,0,1,33406,386885,1,,,,769,0,999,0,0,0,40,0,0
771,scan,770,0,18472507125683,,18472507253712,18472509408320,58.360,-1.2025,-1.2344,-0.5476,4,0.7480,748,0,1000,0,999,1,762,18472106886892,18472475980890,369093,0,1,33406,386226,1,,,,770,0,999,0,0,0,40,0,0
772,scan,771,0,18472557746529,,18472557881036,18472559590598,58.410,-1.2027,-1.2343,-0.4799,4,0.7645,764,0,994,0,999,1,762,,,,1,1,33406,386518,1,,,,771,0,999,0,0,0,40,0,0
773,scan,772,0,18472607811758,,18472607943314,18472610479984,58.460,-1.2027,-1.2343,-0.4461,4,0.7631,763,0,926,0,999,1,764,18472206705941,18472578192027,371486,0,1,33406,385803,1,,,,772,0,999,0,0,0,40,0,0
774,scan,773,0,18472657504750,,18472657640779,18472659391141,58.510,-1.2028,-1.2343,-0.3782,4,0.7805,780,220,791,0,999,1,765,18472256903742,18472621365059,364461,0,1,33406,385274,1,,,,773,0,999,0,0,0,40,0,0
775,scan,774,0,18472707449392,,18472707582577,18472709311801,58.560,-1.2029,-1.2342,-0.3442,4,0.7875,787,220,723,0,999,1,765,,,,1,1,33406,385440,1,,,,774,0,999,0,0,0,40,0,0
776,scan,775,0,18472758075530,,18472758229381,18472760464752,58.610,-1.2030,-1.2342,-0.2764,4,0.7881,788,220,587,0,999,1,767,18472357262010,18472744199277,386937,0,1,33406,385497,1,,,,775,0,999,0,0,0,40,0,0
777,scan,776,0,18472807456397,,18472807574783,18472810334522,58.660,-1.2031,-1.2342,-0.2425,4,0.7842,784,220,519,0,999,1,768,18472407126233,18472805011774,397885,0,1,33406,385956,1,,,,776,0,999,0,0,0,40,0,0
778,scan,777,0,18472857539852,,18472857683668,18472859462955,58.710,-1.2032,-1.2342,-0.1747,4,0.7803,780,220,384,0,999,1,769,18472457169859,18472841055192,383885,0,1,33406,385882,1,,,,777,0,999,0,0,0,40,0,0
779,scan,778,0,18472907918900,,18472908169110,18472910315898,58.760,-1.2032,-1.2342,-0.1407,4,0.7776,777,220,316,0,999,1,770,18472507170211,18472877576772,370406,0,1,33406,385348,1,,,,778,0,999,0,0,0,40,0,0
780,scan,779,0,18472957601612,,18472957726004,18472959351014,58.810,-1.2033,-1.2342,-0.0729,4,0.7880,788,220,180,0,992,1,771,18472557791237,18472948201750,390410,0,1,33406,385517,1,,,,779,0,992,0,0,0,40,0,0
781,scan,780,0,18473007649524,,18473007773418,18473009437033,58.860,-1.2034,-1.2342,-0.0390,4,0.7873,787,220,112,0,931,1,772,18472607859424,18472981541298,373681,0,1,33406,385135,1,,,,780,0,931,0,0,0,40,0,0
782,scan,781,0,18473057832958,,18473057960604,18473060393491,58.910,-1.2035,-1.2342,0.0281,4,0.7833,783,220,-22,183,788,1,773,18472657551490,18473036369998,378818,0,1,33406,384938,1,,,,781,183,788,0,0,0,40,0,0
783,scan,782,0,18473107815602,,18473107954767,18473110240781,58.960,-1.2036,-1.2342,0.0598,4,0.7882,788,220,-85,220,715,1,774,18472707498004,18473085934141,378436,0,1,33406,374845,1,,,,782,220,715,0,0,0,40,0,0
784,scan,783,0,18473158015571,,18473158211799,18473160432168,59.010,-1.2002,-1.2339,0.1227,4,0.7900,790,220,-211,220,715,1,774,,,,1,1,33406,373961,1,,,,783,220,715,0,0,0,40,0,0
785,scan,784,0,18473207862051,,18473208055397,18473210254975,59.060,-1.1968,-1.2334,0.1569,4,0.7775,777,220,-280,220,501,1,776,18472807500481,18473176272506,368772,0,1,33406,374039,1,,,,784,220,501,0,0,0,40,0,0
786,scan,785,0,18473258104811,,18473258318411,18473260436649,59.110,-1.1923,-1.2326,0.1922,4,0.7817,781,220,-352,220,501,1,776,,,,1,1,33406,374354,1,,,,785,220,501,0,0,0,40,0,0
787,scan,786,0,18473307999702,,18473308169135,18473310356782,59.160,-1.1804,-1.2299,0.2596,4,0.7683,768,220,-489,220,303,1,778,18472907976359,18473293261057,385284,0,1,33406,374707,1,,,,786,220,303,0,0,0,40,0,0
788,scan,787,0,18473357902389,,18473358033079,18473360294462,59.210,-1.1736,-1.2280,0.2861,4,0.7550,755,220,-544,220,173,1,779,18472957642820,18473334410272,376767,0,1,33406,375035,1,,,,787,220,173,0,0,0,40,0,0
789,scan,788,0,18473408216581,,18473408366787,18473410337230,59.260,-1.1595,-1.2236,0.3052,4,0.7509,750,220,-586,220,108,1,780,18473007692040,18473372622525,364930,0,1,33406,374719,1,,,,788,220,108,0,0,0,40,0,0
790,scan,789,0,18473458272518,,18473458413201,18473460351458,59.310,-1.1523,-1.2214,0.3000,4,0.7229,722,220,-578,220,-20,1,781,18473057876640,18473432264639,374387,0,1,33406,374380,1,,,,789,220,-20,0,0,0,40,0,0
791,scan,790,0,18473507788036,,18473507913525,18473510273115,59.360,-1.1380,-1.2170,0.2988,4,0.7239,723,220,-580,220,-20,1,781,,,,1,1,33406,374380,1,,,,790,220,-20,0,0,0,40,0,0
792,scan,791,0,18473558208486,,18473558355131,18473560562012,59.410,-1.1309,-1.2148,0.3039,4,0.7214,721,220,-592,220,-201,1,783,18473158109988,18473534030340,375920,0,1,33406,374548,1,,,,791,220,-201,0,0,0,40,0,0
793,scan,792,0,18473608277023,,18473608405051,18473610366358,59.460,-1.1166,-1.2103,0.3045,4,0.7126,712,220,-598,220,-264,1,784,18473207914311,18473582641998,374727,0,1,33406,374867,1,,,,792,220,-264,0,0,0,40,0,0
794,scan,793,0,18473658371394,,18473658550876,18473660582730,59.510,-1.1095,-1.2081,0.2976,4,0.6985,698,220,-587,220,-326,1,785,18473258159831,18473634900430,376740,0,1,33406,374839,1,,,,793,220,-326,0,0,0,40,0,0
795,scan,794,0,18473708458357,,18473708636148,18473710362185,59.560,-1.0951,-1.2038,0.2738,4,0.6818,681,220,-544,219,-450,1,786,18473308088474,18473691572545,383484,0,1,33406,375324,1,,,,794,219,-450,0,0,0,40,0,0
796,scan,795,0,18473758530594,,18473758666838,18473760400369,59.610,-1.0878,-1.2018,0.2610,4,0.6633,663,220,-520,219,-450,1,786,,,,1,1,33406,375391,1,,,,795,219,-450,0,0,0,40,0,0
797,scan,796,0,18473808568079,,18473808689719,18473810478347,59.660,-1.0734,-1.1982,0.2384,4,0.6583,658,220,-479,218,-558,1,788,18473408265451,18473776346289,368080,0,1,33406,375154,1,,,,796,218,-558,0,0,0,40,0,0
798,scan,797,0,18473858389382,,18473858512743,18473860682425,59.710,-1.0661,-1.1964,0.2246,4,0.6534,653,220,-453,218,-550,1,789,18473458322763,18473827474360,369151,0,1,33406,375291,1,,,,797,218,-550,0,0,0,40,0,0
799,scan,798,0,18473908466107,,18473908610643,18473910419363,59.760,-1.0515,-1.1934,0.1887,4,0.6377,637,220,-384,218,-552,1,790,18473507829546,18473867473692,359644,0,1,33406,375358,1,,,,798,218,-552,0,0,0,40,0,0
800,scan,799,0,18473958718969,,18473958855049,18473960421523,59.810,-1.0442,-1.1921,0.1687,4,0.6323,632,220,-346,218,-567,1,791,18473558261443,18473942133667,383872,0,1,33406,375881,1,,,,799,218,-567,0,0,0,40,0,0
801,scan,800,0,18474008829227,,18474008949579,18474011248077,59.860,-1.0295,-1.1898,0.1300,4,0.6157,615,220,-271,218,-573,1,792,18473608322211,18473973244400,364922,0,1,33406,375539,1,,,,800,218,-573,0,0,0,40,0,0
802,scan,801,0,18474058754299,,18474058904649,18474061260816,59.910,-1.0221,-1.1889,0.1115,4,0.6050,604,220,-235,218,-561,1,793,18473658425037,18474048095387,389670,0,1,33406,376117,1,,,,801,218,-561,0,0,0,40,0,0
803,scan,802,0,18474108839727,,18474108969551,18474111245183,59.960,-1.0147,-1.1882,0.0928,4,0.6027,602,220,-199,219,-509,1,794,18473708545451,18474084837269,376291,0,1,33406,375701,1,,,,802,219,-509,0,0,0,40,0,0
804,scan,803,0,18474158877903,,18474159028913,18474161258698,60.010,-0.9998,-1.1871,0.0537,4,0.5820,581,220,-122,219,-482,1,795,18473758578494,18474146523016,387944,0,1,33406,376486,1,,,,803,219,-482,0,0,0,40,0,0
805,scan,804,0,18474208889811,,18474209080935,18474211252694,60.060,-0.9923,-1.1867,0.0347,4,0.5900,589,220,-84,219,-482,1,795,,,,1,1,33406,376913,1,,,,804,219,-482,0,0,0,40,0,0
806,scan,805,0,18474258902116,,18474259040388,18474261514269,60.110,-0.9774,-1.1865,0.0023,4,0.5708,570,220,-20,220,-418,1,797,18473858434822,18474229331731,370896,0,1,33406,376725,1,,,,805,220,-418,0,0,0,40,0,0
807,scan,806,0,18474308784830,,18474308907679,18474310353931,60.160,-0.9699,-1.1865,-0.0123,4,0.5549,554,220,9,220,-358,1,798,18473908522642,18474306806379,398283,0,1,33406,377020,1,,,,806,220,-358,0,0,0,40,0,0
808,scan,807,0,18474358958134,,18474359080806,18474361233363,60.210,-0.9549,-1.1869,-0.0418,4,0.5518,551,220,69,220,-358,1,798,,,,1,1,33406,376960,1,,,,807,220,-358,0,0,0,40,0,0
809,scan,808,0,18474408947952,,18474409078957,18474411303545,60.260,-0.9474,-1.1873,-0.0542,4,0.5364,536,220,94,220,-358,1,798,,,,1,1,33406,376960,1,,,,808,220,-358,0,0,0,40,0,0
810,scan,809,0,18474458751190,,18474458878560,18474460330787,60.310,-0.9325,-1.1882,-0.0753,4,0.5302,530,220,137,220,-224,1,801,18474058798966,18474435172343,376373,0,1,33406,377150,1,,,,809,220,-224,0,0,0,40,0,0
811,scan,810,0,18474508813307,,18474508950093,18474511292556,60.360,-0.9250,-1.1888,-0.0869,4,0.5226,522,220,161,220,-189,1,802,18474108884773,18474483654093,374769,0,1,33406,377333,1,,,,810,220,-189,0,0,0,40,0,0
812,scan,811,0,18474558994169,,18474559121525,18474561308671,60.410,-0.9101,-1.1903,-0.1111,4,0.5171,517,220,211,220,-116,1,803,18474158930921,18474530079983,371149,0,1,33406,377139,1,,,,811,220,-116,0,0,0,40,0,0
813,scan,812,0,18474609105275,,18474609257712,18474612374228,60.460,-0.9027,-1.1912,-0.1181,4,0.5035,503,220,226,220,-80,1,804,18474208944764,18474592668263,383723,0,1,33406,377522,1,,,,812,220,-80,0,0,0,40,0,0
814,scan,813,0,18474658915773,,18474659038329,18474661243834,60.510,-0.8879,-1.1930,-0.1209,4,0.4856,485,220,233,220,-18,1,805,18474258947499,18474629375592,370428,0,1,33406,377708,1,,,,813,220,-18,0,0,0,40,0,0
815,scan,814,0,18474710121463,,18474710272016,18474712435319,60.560,-0.8804,-1.1939,-0.1212,4,0.4900,490,220,235,220,-18,1,805,,,,1,1,33406,377708,1,,,,814,220,-18,0,0,0,40,0,0
816,scan,815,0,18474759706411,,18474759838573,18474762374000,60.610,-0.8656,-1.1957,-0.1253,4,0.4839,483,220,246,220,66,1,807,18474359000925,18474724305062,365304,0,1,33406,377032,1,,,,815,220,66,0,0,0,40,0,0
817,scan,816,0,18474810694918,,18474810856558,18474812641255,60.660,-0.8582,-1.1966,-0.1266,4,0.4641,464,220,249,220,89,1,808,18474408995150,18474779635936,370640,0,1,33406,376181,1,,,,816,220,89,0,0,0,40,0,0
818,scan,817,0,18474860317482,,18474860441993,18474862395716,60.710,-0.8433,-1.1985,-0.1229,4,0.4695,469,220,244,220,130,1,809,18474458793599,18474830729994,371936,0,1,33406,375807,1,,,,817,220,130,0,0,0,40,0,0
819,scan,818,0,18474909926608,,18474910088358,18474912448607,60.760,-0.8359,-1.1994,-0.1178,4,0.4579,457,220,235,220,154,1,810,18474508860621,18474888519714,379659,0,1,33406,376097,1,,,,818,220,154,0,0,0,40,0,0
820,scan,819,0,18474959839806,,18474959988887,18474962326362,60.810,-0.8285,-1.2003,-0.1126,4,0.4625,462,220,226,220,201,1,811,18474559035643,18474929512020,370476,0,1,33406,375474,1,,,,819,220,201,0,0,0,40,0,0
821,scan,820,0,18475009909113,,18475010046569,18475012446119,60.860,-0.8136,-1.2019,-0.1031,4,0.4564,456,220,209,220,215,1,812,18474609153079,18474978908352,369755,0,1,33406,375351,1,,,,820,220,215,0,0,0,40,0,0
822,scan,821,0,18475059921082,,18475060096738,18475062354172,60.910,-0.8062,-1.2026,-0.0977,4,0.4483,448,220,199,220,223,1,813,18474658955463,18475039978388,381022,0,1,33406,375420,1,,,,821,220,223,0,0,0,40,0,0
823,scan,822,0,18475109792271,,18475109919575,18475111391407,60.960,-0.7913,-1.2040,-0.0823,4,0.4456,445,220,169,220,224,1,814,18474710172824,18475088378076,378205,0,1,33406,375413,1,,,,822,220,224,0,0,0,40,0,0
824,scan,823,0,18475159908445,,18475160077882,18475162358128,61.010,-0.7839,-1.2045,-0.0734,4,0.4317,431,220,152,220,234,1,815,18474759747907,18475146674137,386926,0,1,33406,375761,1,,,,823,220,234,0,0,0,40,0,0
825,scan,824,0,18475209774596,,18475209907706,18475211388041,61.060,-0.7690,-1.2055,-0.0578,4,0.4287,428,220,123,220,239,1,816,18474810761390,18475202109742,391348,0,1,33406,376446,1,,,,824,220,239,0,0,0,40,0,0
826,scan,825,0,18475260055357,,18475260186894,18475262366924,61.110,-0.7615,-1.2059,-0.0507,4,0.4215,421,220,109,220,232,1,817,18474860355696,18475228874424,368518,0,1,33406,376212,1,,,,825,220,232,0,0,0,40,0,0
827,scan,826,0,18475309915471,,18475310050510,18475312516267,61.160,-0.7466,-1.2066,-0.0348,4,0.3970,397,220,78,220,224,1,818,18474909986042,18475301269650,391283,0,1,33406,376389,1,,,,826,220,224,0,1,0,40,0,0
828,scan,827,0,18475359855564,,18475359982412,18475362283373,61.210,-0.7391,-1.2068,-0.0262,4,0.3964,396,220,61,220,224,1,818,,,,1,1,33406,376377,1,,,,827,220,224,0,1,0,40,0,0
829,scan,828,0,18475409781039,,18475409897754,18475412440522,61.260,-0.7242,-1.2071,-0.0106,4,0.4079,407,220,30,220,199,1,820,18475009952489,18475375325094,365372,0,1,33406,376391,1,,,,828,220,199,0,0,0,40,0,0
830,scan,829,0,18475460381482,,18475460586864,18475462416936,61.310,-0.7167,-1.2071,-0.0036,4,0.3948,394,220,17,220,190,1,821,18475059969667,18475444620137,384650,0,1,33406,376702,1,,,,829,220,190,0,1,0,40,0,0
831,scan,830,0,18475510604324,,18475510729950,18475512494977,61.360,-0.7018,-1.2071,0.0101,4,0.3869,386,220,-11,220,161,1,822,18475109836919,18475483220917,373383,0,1,33406,376604,1,,,,830,220,161,0,1,0,40,0,0
832,scan,831,0,18475560833227,,18475560960446,18475563233280,61.410,-0.6943,-1.2070,0.0165,4,0.3785,378,220,-24,220,145,1,823,18475159953349,18475542558714,382605,0,1,33406,376801,1,,,,831,220,145,0,1,0,40,0,0
833,scan,832,0,18475610965845,,18475611117396,18475613299648,61.460,-0.6794,-1.2066,0.0277,4,0.3833,383,220,-46,220,118,1,824,18475209829197,18475577733528,367904,0,1,33406,376600,1,,,,832,220,118,0,1,0,40,0,0
834,scan,833,0,18475660617275,,18475660767279,18475662586420,61.510,-0.6719,-1.2064,0.0322,4,0.3673,367,220,-56,220,104,1,825,18475260100199,18475625132319,365032,0,1,33406,376256,1,,,,833,220,104,0,1,0,40,0,0
835,scan,834,0,18475710751933,,18475711006994,18475713264425,61.560,-0.6570,-1.2059,0.0399,4,0.3662,366,220,-72,220,104,1,825,,,,1,1,33406,376037,1,,,,834,220,104,0,1,0,40,0,0
836,scan,835,0,18475760488070,,18475760631629,18475762350793,61.610,-0.6495,-1.2056,0.0432,4,0.3565,356,220,-79,220,104,1,825,,,,1,1,33406,376037,1,,,,835,220,104,0,1,0,40,0,0
837,scan,836,0,18475810525876,,18475810647013,18475812467923,61.660,-0.6421,-1.2052,0.0464,4,0.3535,353,220,-86,220,58,1,827,18475359900170,18475768524547,408624,0,1,33406,377265,1,,,,836,220,58,0,1,0,40,0,0
838,scan,837,0,18475860393045,,18475860520148,18475862517024,61.710,-0.6271,-1.2045,0.0534,4,0.3587,358,220,-101,220,58,1,827,,,,1,1,33406,377519,1,,,,837,220,58,0,1,0,40,0,0
839,scan,838,0,18475910545846,,18475910680092,18475912542563,61.760,-0.6197,-1.2041,0.0569,4,0.3594,359,220,-108,220,-10,1,830,18475510643829,18475891968156,381324,0,1,33406,378196,1,,,,838,220,-10,0,1,0,40,0,0
840,scan,839,0,18475960488494,,18475960614335,18475962458532,61.810,-0.6047,-1.2032,0.0598,4,0.3370,337,220,-115,220,-23,1,831,18475560878558,18475940250052,379371,0,1,33406,378056,1,,,,839,220,-23,0,1,0,40,0,0
841,scan,840,0,18476010668499,,18476010819770,18476012512546,61.860,-0.5973,-1.2028,0.0587,4,0.3576,357,220,-113,220,-44,1,832,18475611010829,18475983455507,372444,0,1,33406,378291,1,,,,840,220,-44,0,1,0,40,0,0
842,scan,841,0,18476060761722,,18476060892051,18476063249793,61.910,-0.5823,-1.2019,0.0548,4,0.3598,359,220,-107,220,-52,1,833,18475660662286,18476046410872,385748,0,1,33406,378168,1,,,,841,220,-52,0,1,0,40,0,0
843,scan,842,0,18476110839190,,18476110964499,18476113260749,61.960,-0.5749,-1.2015,0.0534,4,0.3614,361,220,-105,220,-67,1,834,18475710828530,18476072231211,361402,0,1,33406,377703,1,,,,842,220,-67,0,1,0,40,0,0
844,scan,843,0,18476161035443,,18476161160608,18476163295713,62.010,-0.5599,-1.2007,0.0507,4,0.3684,368,220,-100,220,-73,1,835,18475760537043,18476136835090,376298,0,1,33406,377339,1,,,,843,220,-73,0,1,0,40,0,0
845,scan,844,0,18476211057662,,18476211199874,18476213301062,62.060,-0.5524,-1.2004,0.0483,4,0.3832,383,220,-96,220,-80,1,836,18475810569881,18476171094946,360525,0,1,33406,376830,1,,,,844,220,-80,0,1,0,40,0,0
846,scan,845,0,18476261060689,,18476261204599,18476263383472,62.110,-0.5375,-1.1997,0.0423,4,0.4097,409,220,-85,220,-93,1,837,18475860437934,18476234682905,374244,0,1,33406,376931,1,,,,845,220,-93,0,0,0,40,0,0
847,scan,846,0,18476310874035,,18476311032978,18476313299503,62.160,-0.5300,-1.1994,0.0393,4,1.0563,1056,220,-80,220,-93,1,837,,,,1,1,33406,376264,1,,,,846,220,-93,0,0,0,40,0,0
848,scan,847,0,18476360699033,,18476360818027,18476362433622,62.210,-0.5150,-1.1988,0.0338,4,1.0601,1060,220,-69,220,-93,1,837,,,,1,1,33406,376264,1,,,,847,220,-93,0,0,0,40,0,0
849,scan,848,0,18476411111347,,18476411242547,18476413395652,62.260,-0.5075,-1.1986,0.0306,4,1.0473,1047,220,-63,220,-93,1,837,,,,1,1,33406,376264,1,,,,848,220,-93,0,0,0,40,0,0
850,scan,849,0,18476461161891,,18476461299056,18476464372436,62.310,-0.4926,-1.1982,0.0238,4,1.0528,1052,220,-50,220,-101,1,841,18476060804587,18476433968910,373164,0,1,33406,376163,1,,,,849,220,-101,0,0,0,40,0,0
851,scan,850,0,18476511470957,,18476511713126,18476514285074,62.360,-0.4851,-1.1980,0.0206,4,1.0309,1030,220,-44,220,-97,1,842,18476110881643,18476476929798,366048,0,1,33406,375891,1,,,,850,220,-97,0,0,0,40,0,0
852,scan,851,0,18476561801691,,18476561980712,18476564340757,62.410,-0.4701,-1.1978,0.0144,4,1.0358,1035,220,-32,220,-94,1,843,18476161076953,18476539381134,378304,0,1,33406,376115,1,,,,851,220,-94,0,0,0,40,0,0
853,scan,852,0,18476612129314,,18476612378928,18476614490451,62.460,-0.4627,-1.1977,0.0110,4,1.0487,1048,220,-26,220,-90,1,844,18476211105787,18476572827240,361721,0,1,33406,375427,1,,,,852,220,-90,0,0,0,40,0,0
854,scan,853,0,18476662085876,,18476662222964,18476664395621,62.510,-0.4552,-1.1976,0.0075,4,1.0272,1027,220,-19,220,-79,1,845,18476261107703,18476631964824,370857,0,1,33406,375440,1,,,,853,220,-79,0,0,0,40,0,0
855,scan,854,0,18476712073150,,18476712211911,18476714367127,62.560,-0.4402,-1.1975,0.0012,4,1.0254,1025,220,-6,220,-74,1,846,18476310923148,18476674847426,363924,0,1,33406,375091,1,,,,854,220,-74,0,0,0,40,0,0
856,scan,855,0,18476761716038,,18476761866703,18476764308317,62.610,-0.4327,-1.1975,-0.0015,4,1.0150,1015,220,-1,220,-65,1,847,18476360737109,18476721207076,360469,0,1,33406,374945,1,,,,855,220,-65,0,0,0,40,0,0
857,scan,856,0,18476811585059,,18476811732462,18476813350162,62.660,-0.4177,-1.1976,-0.0063,4,1.0178,1017,220,9,220,-59,1,848,18476411154697,18476786921491,375766,0,1,33406,375100,1,,,,856,220,-59,0,0,0,40,0,0
858,scan,857,0,18476861680067,,18476861811262,18476864357289,62.710,-0.4103,-1.1976,-0.0084,4,1.0243,1024,220,13,220,-47,1,849,18476461205253,18476837099729,375894,0,1,33406,375220,1,,,,857,220,-47,0,0,0,40,0,0
859,scan,858,0,18476911874930,,18476912060184,18476914269110,62.760,-0.3953,-1.1978,-0.0122,4,1.0007,1000,220,21,220,-42,1,850,18476511571259,18476895978808,384407,0,1,33406,375364,1,,,,858,220,-42,0,0,0,40,0,0
860,scan,859,0,18476961555719,,18476961708589,18476963385679,62.810,-0.3878,-1.1979,-0.0138,4,0.9963,996,220,24,220,-29,1,851,18476561879143,18476924673239,362794,0,1,33406,375131,1,,,,859,220,-29,0,0,0,40,0,0
861,scan,860,0,18477011538864,,18477011658854,18477013438758,62.860,-0.3728,-1.1981,-0.0163,4,1.0156,1015,220,29,220,-23,1,852,18476612202688,18476989788411,377585,0,1,33406,375369,1,,,,860,220,-23,0,0,0,40,0,0
862,scan,861,0,18477061777115,,18477061947563,18477064424569,62.910,-0.3654,-1.1982,-0.0172,4,1.0102,1010,220,31,220,-23,1,852,,,,1,1,33406,375192,1,,,,861,220,-23,0,0,0,40,0,0
863,scan,862,0,18477111635753,,18477111764067,18477114207082,62.960,-0.3504,-1.1985,-0.0186,4,1.0071,1007,220,35,220,-4,1,854,18476712119680,18477093720173,381600,0,1,33406,375298,1,,,,862,220,-4,0,0,0,40,0,0
864,scan,863,0,18477162002946,,18477162151425,18477164452417,63.010,-0.3429,-1.1987,-0.0193,4,1.0153,1015,220,36,220,-4,1,854,,,,1,1,33406,374923,1,,,,863,220,-4,0,0,0,40,0,0
865,scan,864,0,18477211885276,,18477212087765,18477214301408,63.060,-0.3280,-1.1989,-0.0202,4,1.0030,1002,220,39,220,9,1,856,18476811633544,18477184150085,372516,0,1,33406,374315,1,,,,864,220,9,0,0,0,40,0,0
866,scan,865,0,18477262088750,,18477262234914,18477264433952,63.110,-0.3205,-1.1991,-0.0201,4,1.0053,1005,220,39,220,13,1,857,18476861728331,18477237730577,376002,0,1,33406,374557,1,,,,865,220,13,0,0,0,40,0,0
867,scan,866,0,18477311888247,,18477312045010,18477314232230,63.160,-0.3055,-1.1994,-0.0193,4,0.9852,985,220,38,220,20,1,858,18476911931166,18477285107546,373176,0,1,33406,373973,1,,,,866,220,20,0,0,0,40,0,0
868,scan,867,0,18477362046029,,18477362169495,18477364323495,63.210,-0.2981,-1.1995,-0.0188,4,1.0080,1007,220,37,220,24,1,859,18476961599930,18477322709387,361109,0,1,33406,373571,1,,,,867,220,24,0,0,0,40,0,0
869,scan,868,0,18477412214084,,18477412345155,18477414443748,63.260,-0.2831,-1.1998,-0.0175,4,1.0090,1008,220,35,220,28,1,860,18477011579761,18477375506628,363926,0,1,33406,373526,1,,,,868,220,28,0,0,0,40,0,0
870,scan,869,0,18477462360312,,18477462504052,18477464513772,63.310,-0.2756,-1.1999,-0.0166,4,0.9955,995,220,33,220,30,1,861,18477061863193,18477439534805,377671,0,1,33406,373307,1,,,,869,220,30,0,0,0,40,0,0
871,scan,870,0,18477512373267,,18477512499540,18477514432344,63.360,-0.2681,-1.2001,-0.0157,4,1.0019,1001,220,31,220,30,1,861,,,,1,1,33406,373305,1,,,,870,220,30,0,0,0,40,0,0
872,scan,871,0,18477562246475,,18477562382798,18477564428207,63.410,-0.2532,-1.2003,-0.0135,4,1.0055,1005,220,28,220,30,1,861,,,,1,1,33406,372995,1,,,,871,220,30,0,0,0,40,0,0
873,scan,872,0,18477611953042,,18477612116840,18477614222330,63.460,-0.2457,-1.2004,-0.0125,4,1.0106,1010,220,26,220,30,1,861,,,,1,1,33406,373171,1,,,,872,220,30,0,0,0,40,0,0
874,scan,873,0,18477661911165,,18477662060338,18477664345485,63.510,-0.2308,-1.2005,-0.0105,4,0.9966,996,220,22,220,30,1,861,,,,1,1,33406,373461,1,,,,873,220,30,0,0,0,40,0,0
875,scan,874,0,18477712372230,,18477712572824,18477714384859,63.560,-0.2233,-1.2006,-0.0095,4,0.9988,998,220,20,220,35,1,866,18477311926674,18477687030940,375104,0,1,33406,373518,1,,,,874,220,35,0,0,0,40,0,0
876,scan,875,0,18477762613474,,18477762770575,18477764484138,63.610,-0.2083,-1.2007,-0.0074,4,0.9948,994,220,16,220,37,1,867,18477362088298,18477735044363,372956,0,1,33406,373499,1,,,,875,220,37,0,0,0,40,0,0
877,scan,876,0,18477813013337,,18477813165574,18477815386082,63.660,-0.2008,-1.2008,-0.0062,4,0.9827,982,220,14,220,35,1,868,18477412252125,18477782574731,370322,0,1,33406,372222,1,,,,876,220,35,0,0,0,40,0,0
878,scan,877,0,18477862614722,,18477862757296,18477864475845,63.710,-0.1859,-1.2009,-0.0036,4,0.9696,969,220,9,220,35,1,868,,,,1,1,33406,372222,1,,,,877,220,35,0,0,0,40,0,0
879,scan,878,0,18477912626824,,18477912754212,18477914394987,63.760,-0.1784,-1.2009,-0.0023,4,0.9633,963,220,7,220,31,1,870,18477512416015,18477870525775,358109,0,1,33406,371449,1,,,,878,220,31,0,0,0,40,0,0
880,scan,879,0,18477962432622,,18477962573718,18477964454805,63.810,-0.1635,-1.2009,-0.0001,4,0.9545,954,220,2,220,27,1,871,18477562293002,18477932876485,370583,0,1,33406,371156,1,,,,879,220,27,0,0,0,40,0,0
881,scan,880,0,18478012609354,,18478012853093,18478014378156,63.860,-0.1560,-1.2009,0.0009,4,0.9494,949,220,0,220,24,1,872,18477611996448,18477981376177,369379,0,1,33406,371053,1,,,,880,220,24,0,0,0,40,0,0
882,scan,881,0,18478062522830,,18478062642689,18478064487657,63.910,-0.1410,-1.2009,0.0027,4,0.9377,937,220,-4,220,22,1,873,18477661969767,18478038901382,376931,0,1,33406,370760,1,,,,881,220,22,0,0,0,40,0,0
883,scan,882,0,18478112669936,,18478112788266,18478114404209,63.960,-0.1335,-1.2009,0.0035,4,0.9315,931,220,-5,220,20,1,874,18477712437600,18478079869220,367431,0,1,33406,370960,1,,,,882,220,20,0,0,0,40,0,0
884,scan,883,0,18478162857427,,18478162992172,18478165646519,64.010,-0.1186,-1.2008,0.0049,4,0.9203,920,220,-8,220,16,1,875,18477762678247,18478156430559,393752,0,1,33406,371542,1,,,,883,220,16,0,0,0,40,0,0
885,scan,884,0,18478213438957,,18478213564980,18478215390460,64.060,-0.1111,-1.2008,0.0056,4,0.9155,915,220,-9,220,14,1,876,18477813060417,18478180210399,367149,0,1,33406,371763,1,,,,884,220,14,0,0,0,40,0,0
886,scan,885,0,18478263555823,,18478263755014,18478265503030,64.110,-0.0961,-1.2007,0.0067,4,0.9059,905,220,-12,220,11,1,877,18477862662348,18478244532172,381869,0,1,33406,372017,1,,,,885,220,11,0,0,0,40,0,0
887,scan,886,0,18478313101799,,18478313230232,18478316328372,64.160,-0.0887,-1.2006,0.0072,4,0.9014,901,220,-13,220,7,1,878,18477912670034,18478274798400,362128,0,1,33406,371698,1,,,,886,220,7,0,0,0,40,0,0
888,scan,887,0,18478362999741,,18478363122072,18478365300035,64.210,-0.0812,-1.2006,0.0075,4,0.8921,892,220,-14,220,3,1,879,18477962487938,18478334837090,372349,0,1,33406,371719,1,,,,887,220,3,0,0,0,40,0,0
889,scan,888,0,18478413243812,,18478413370039,18478415338109,64.260,-0.0662,-1.2004,0.0080,4,0.8846,884,220,-15,220,1,1,880,18478012709024,18478395006637,382297,0,1,33406,372039,1,,,,888,220,1,0,0,0,40,0,0
890,scan,889,0,18478463812919,,18478463985409,18478466221887,64.310,-0.0588,-1.2004,0.0082,4,0.8866,886,220,-15,220,1,1,880,,,,1,1,33406,372004,1,,,,889,220,1,0,0,0,40,0,0
891,scan,890,0,18478513153563,,18478513281468,18478515294092,64.360,-0.0438,-1.2003,0.0082,4,0.8880,888,220,-16,220,1,1,880,,,,1,1,33406,372196,1,,,,890,220,1,0,0,0,40,0,0
892,scan,891,0,18478563074579,,18478563198697,18478565272477,64.410,-0.0363,-1.2002,0.0082,4,0.8596,859,220,-16,220,-6,1,883,18478162903452,18478535299446,372395,0,1,33406,372006,1,,,,891,220,-6,0,0,0,40,0,0
893,scan,892,0,18478613107550,,18478613245230,18478615374973,64.460,-0.0214,-1.2001,0.0082,4,0.8724,872,220,-16,220,-8,1,884,18478213482694,18478583410006,369927,0,1,33406,372270,1,,,,892,220,-8,0,0,0,40,0,0
894,scan,893,0,18478663003664,,18478663130860,18478665254120,64.510,-0.0139,-1.2000,0.0080,4,0.8782,878,220,-16,220,-8,1,884,,,,1,1,33406,372317,1,,,,893,220,-8,0,0,0,40,0,0
895,scan,894,0,18478713244598,,18478713370257,18478715431562,64.560,0.0011,-1.1999,0.0073,4,0.8539,853,220,-15,220,-10,1,886,18478313146586,18478703028700,389882,0,1,33406,373183,1,,,,894,220,-10,0,0,0,40,0,0
896,scan,895,0,18478763458477,,18478763582394,18478765469865,64.610,0.0086,-1.1998,0.0069,4,0.8577,857,220,-14,220,-10,1,886,,,,1,1,33406,373621,1,,,,895,220,-10,0,0,0,40,0,0
897,scan,896,0,18478813175055,,18478813302377,18478815424632,64.660,0.0235,-1.1997,0.0064,4,0.8538,853,220,-13,220,-10,1,886,,,,1,1,33406,373544,1,,,,896,220,-10,0,0,0,40,0,0
898,scan,897,0,18478863293508,,18478863424741,18478865346473,64.710,0.0310,-1.1997,0.0061,4,0.8599,859,220,-13,220,-14,1,889,18478463875470,18478831007068,367131,0,1,33406,373231,1,,,,897,220,-14,0,0,0,40,0,0
899,scan,898,0,18478913708540,,18478913864749,18478915350758,64.760,0.0460,-1.1996,0.0053,4,0.8593,859,220,-12,220,-14,1,889,,,,1,1,33406,372818,1,,,,898,220,-14,0,0,0,40,0,0
900,scan,899,0,18478963666576,,18478963788127,18478965422743,64.810,0.0535,-1.1996,0.0048,4,0.8575,857,220,-11,220,-14,1,891,18478563117927,18478958048109,394930,0,1,33406,374008,1,,,,899,220,-14,0,0,0,40,0,0
901,scan,900,0,18479013694834,,18479013816630,18479015447703,64.860,0.0684,-1.1995,0.0038,4,0.8705,870,220,-9,220,-14,1,892,18478613153446,18478984306173,371152,0,1,33406,373769,1,,,,900,220,-14,0,0,0,40,0,0
902,scan,901,0,18479063812053,,18479063936970,18479066275394,64.910,0.0759,-1.1995,0.0033,4,0.8610,861,220,-8,220,-14,1,893,18478663047402,18479025584670,362537,0,1,33406,373368,1,,,,901,220,-14,0,0,0,40,0,0
903,scan,902,0,18479113791121,,18479113906585,18479115331431,64.960,0.0909,-1.1994,0.0024,4,0.8679,867,220,-6,220,-12,1,894,18478713287799,18479073210792,359922,0,1,33406,372594,1,,,,902,220,-12,0,0,0,40,0,0
904,scan,903,0,18479163755765,,18479163885493,18479166240817,65.010,0.0983,-1.1994,0.0019,4,0.8770,876,220,-6,220,-12,1,895,18478763503623,18479121815742,358312,0,1,33406,372102,1,,,,903,220,-12,0,0,0,40,0,0
905,scan,904,0,18479213855669,,18479213993429,18479215669647,65.060,0.1058,-1.1994,0.0015,4,1.0211,1021,220,-5,220,-10,1,896,18478813219196,18479177920141,364700,0,1,33406,371832,1,,,,904,220,-10,0,0,0,40,0,0
906,scan,905,0,18479263714770,,18479263848725,18479266307794,65.110,0.1208,-1.1994,0.0006,4,1.0345,1034,220,-3,220,-10,1,897,18478863339412,18479247091856,383752,0,1,33406,372099,1,,,,905,220,-10,0,0,0,40,0,0
907,scan,906,0,18479313777722,,18479313902835,18479315320325,65.160,0.1283,-1.1994,0.0003,4,1.0288,1028,220,-2,220,-8,1,898,18478913768089,18479277460250,363692,0,1,33406,371772,1,,,,906,220,-8,0,0,0,40,0,0
908,scan,907,0,18479363808377,,18479363932443,18479366248560,65.210,0.1432,-1.1994,-0.0003,4,1.0155,1015,220,-1,220,-8,1,899,18478963709322,18479323423693,359714,0,1,33406,371724,1,,,,907,220,-8,0,0,0,40,0,0
909,scan,908,0,18479413944995,,18479414076720,18479416338226,65.260,0.1507,-1.1994,-0.0006,4,1.0294,1029,220,-1,220,-6,1,900,18479013736003,18479391270642,377534,0,1,33406,372193,1,,,,908,220,-6,0,0,0,40,0,0
910,scan,909,0,18479463939985,,18479464119355,18479466307951,65.310,0.1657,-1.1994,-0.0011,4,1.0180,1017,220,0,220,-7,1,901,18479063855127,18479437413223,373558,0,1,33406,372052,1,,,,909,220,-7,0,0,0,40,0,0
911,scan,910,0,18479514331160,,18479514515485,18479516351591,65.360,0.1731,-1.1994,-0.0013,4,1.0134,1013,220,1,220,-7,1,901,,,,1,1,33406,372052,1,,,,910,220,-7,0,0,0,40,0,0
912,scan,911,0,18479564329990,,18479564467826,18479566325917,65.410,0.1881,-1.1994,-0.0017,4,1.0224,1022,220,2,220,-5,1,903,18479163801423,18479540100022,376298,0,1,33406,372193,1,,,,911,220,-5,0,0,0,40,0,0
913,scan,912,0,18479614281515,,18479614419356,18479616445673,65.460,0.1956,-1.1995,-0.0019,4,1.0219,1021,220,2,220,-3,1,904,18479213904280,18479576544596,362640,0,1,33406,371885,1,,,,912,220,-3,0,0,0,40,0,0
914,scan,913,0,18479664460243,,18479664600487,18479666438116,65.510,0.2105,-1.1995,-0.0024,4,1.0175,1017,220,3,220,-3,1,905,18479263760074,18479633925257,370165,0,1,33406,371831,1,,,,913,220,-3,0,0,0,40,0,0
915,scan,914,0,18479714374723,,18479714507569,18479716575494,65.560,0.2180,-1.1995,-0.0024,4,1.0136,1013,220,3,220,-1,1,906,18479313819230,18479677290855,363471,0,1,33406,371468,1,,,,914,220,-1,0,0,0,40,0,0
916,scan,915,0,18479763963482,,18479764138199,18479766262933,65.610,0.2330,-1.1995,-0.0025,4,1.0326,1032,220,3,220,-1,1,907,18479363849293,18479726439638,362590,0,1,33406,371144,1,,,,915,220,-1,0,0,0,40,0,0
917,scan,916,0,18479814108254,,18479814232148,18479816369493,65.660,0.2405,-1.1996,-0.0025,4,1.0236,1023,220,3,220,1,1,908,18479413991410,18479794972620,380981,0,1,33406,371477,1,,,,916,220,1,0,0,0,40,0,0
918,scan,917,0,18479863913037,,18479864079628,18479866232877,65.710,0.2554,-1.1996,-0.0026,4,1.0229,1022,220,4,220,0,1,909,18479463984748,18479828482224,364497,0,1,33406,371265,1,,,,917,220,0,0,0,0,40,0,0
919,scan,918,0,18479914100104,,18479914230007,18479916289358,65.760,0.2629,-1.1996,-0.0026,4,1.0177,1017,220,4,220,0,1,910,18479514399332,18479878861140,364461,0,1,33406,371458,1,,,,918,220,0,0,0,0,40,0,0
920,scan,919,0,18479964132220,,18479964254240,18479966311509,65.810,0.2779,-1.1997,-0.0024,4,1.0306,1030,220,4,220,2,1,911,18479564377631,18479934445710,370068,0,1,33406,371442,1,,,,919,220,2,0,0,0,40,0,0
921,scan,920,0,18480014264457,,18480014387156,18480016410042,65.860,0.2853,-1.1997,-0.0024,4,1.0042,1004,220,4,220,2,1,912,18479614330236,18479975123384,360793,0,1,33406,371182,1,,,,920,220,2,0,0,0,40,0,0
922,scan,921,0,18480064529198,,18480064680801,18480066421027,65.910,0.2928,-1.1997,-0.0025,4,1.0293,1029,220,4,220,2,1,913,18479664512228,18480031773736,367261,0,1,33406,370889,1,,,,921,220,2,0,0,0,40,0,0
923,scan,922,0,18480114307621,,18480114445923,18480116388392,65.960,0.3078,-1.1997,-0.0024,4,1.0257,1025,220,4,220,2,1,913,,,,1,1,33406,370997,1,,,,922,220,2,0,0,0,40,0,0
924,scan,923,0,18480164902702,,18480165039779,18480167252195,66.010,0.3153,-1.1997,-0.0022,4,1.0165,1016,220,3,220,2,1,913,,,,1,1,33406,370263,1,,,,923,220,2,0,0,0,40,0,0
925,scan,924,0,18480214668926,,18480214792020,18480217300393,66.060,0.3302,-1.1998,-0.0021,4,1.0321,1032,220,3,220,2,1,913,,,,1,1,33406,370367,1,,,,924,220,2,0,0,0,40,0,0
926,scan,925,0,18480265022200,,18480265149979,18480267258030,66.110,0.3377,-1.1998,-0.0020,4,1.0011,1001,220,3,220,7,1,917,18479863959433,18480255341657,391382,0,1,33406,370684,1,,,,925,220,7,0,0,0,40,0,0
927,scan,926,0,18480315051921,,18480315181855,18480317313256,66.160,0.3527,-1.1998,-0.0019,4,1.0225,1022,220,3,220,7,1,917,,,,1,1,33406,370979,1,,,,926,220,7,0,0,0,40,0,0
928,scan,927,0,18480364771889,,18480364897887,18480367273565,66.210,0.3601,-1.1998,-0.0017,4,1.0069,1006,220,3,220,5,1,919,18479964170140,18480335262852,371092,0,1,33406,370936,1,,,,927,220,5,0,0,0,40,0,0
929,scan,928,0,18480414979874,,18480415106583,18480417272424,66.260,0.3751,-1.1999,-0.0010,4,0.9997,999,220,1,220,5,1,920,18480014306717,18480390265873,375959,0,1,33406,370717,1,,,,928,220,5,0,0,0,40,0,0
930,scan,929,0,18480465243439,,18480465385527,18480467303834,66.310,0.3826,-1.1999,-0.0008,4,1.0358,1035,220,1,220,5,1,921,18480064579301,18480429542373,364963,0,1,33406,370525,1,,,,929,220,5,0,0,0,40,0,0
931,scan,930,0,18480515354177,,18480515494678,18480517301243,66.360,0.3975,-1.1999,-0.0006,4,1.0144,1014,220,1,220,5,1,922,18480114355476,18480475448209,361092,0,1,33406,370221,1,,,,930,220,5,0,0,0,40,0,0
932,scan,931,0,18480565198759,,18480565322330,18480567421529,66.410,0.4050,-1.1999,-0.0005,4,1.0145,1014,220,0,220,5,1,923,18480164950100,18480543453360,378503,0,1,33406,370418,1,,,,931,220,5,0,0,0,40,0,0
933,scan,932,0,18480615423725,,18480615572630,18480617593511,66.460,0.4200,-1.1999,-0.0001,4,1.0282,1028,220,0,220,5,1,924,18480214712529,18480584658542,369946,0,1,33406,370419,1,,,,932,220,5,0,0,0,40,0,0
934,scan,933,0,18480665353147,,18480665475912,18480667418244,66.510,0.4275,-1.1999,0.0002,4,1.0143,1014,220,-1,220,5,1,925,18480265066302,18480643701350,378635,0,1,33406,370675,1,,,,933,220,5,0,0,0,40,0,0
935,scan,934,0,18480715335731,,18480715464766,18480717344228,66.560,0.4424,-1.1999,0.0004,4,0.9997,999,220,-2,220,5,1,925,,,,1,1,33406,370056,1,,,,934,220,5,0,0,0,40,0,0
936,scan,935,0,18480765536458,,18480765668764,18480767351860,66.610,0.4499,-1.1999,0.0006,4,1.0131,1013,220,-2,220,5,1,927,18480364815888,18480762664570,397848,0,1,33406,370924,1,,,,935,220,5,0,0,0,40,0,0
937,scan,936,0,18480815396243,,18480815511941,18480817460275,66.660,0.4649,-1.1999,0.0009,4,1.0135,1013,220,-3,220,4,1,928,18480415026614,18480780298224,365271,0,1,33406,370753,1,,,,936,220,4,0,0,0,40,0,0
938,scan,937,0,18480865634857,,18480865777712,18480867444225,66.710,0.4723,-1.1999,0.0011,4,1.0202,1020,220,-3,220,4,1,929,18480465295114,18480841616521,376321,0,1,33406,371032,1,,,,937,220,4,0,0,0,40,0,0
939,scan,938,0,18480915627001,,18480915759766,18480917587980,66.760,0.4798,-1.1998,0.0013,4,1.0329,1032,220,-4,220,4,1,930,18480515401459,18480883923342,368521,0,1,33406,370958,1,,,,938,220,4,0,0,0,40,0,0
940,scan,939,0,18480965663255,,18480965798609,18480967334297,66.810,0.4948,-1.1998,0.0015,4,1.0170,1017,220,-4,220,4,1,931,18480565242677,18480942192976,376950,0,1,33406,370429,1,,,,939,220,4,0,0,0,40,0,0
941,scan,940,0,18481015620757,,18481015774617,18481017366991,66.860,0.5023,-1.1998,0.0016,4,1.0335,1033,220,-5,220,2,1,932,18480615477987,18480977923830,362445,0,1,33406,370173,1,,,,940,220,2,0,0,0,40,0,0
942,scan,941,0,18481065483946,,18481065609513,18481067390704,66.910,0.5172,-1.1998,0.0019,4,1.0222,1022,220,-5,220,2,1,932,,,,1,1,33406,370404,1,,,,941,220,2,0,0,0,40,0,0
943,scan,942,0,18481115589271,,18481115714915,18481117327908,66.960,0.5247,-1.1998,0.0020,4,1.0416,1041,220,-6,220,2,1,934,18480715381051,18481096024532,380643,0,1,33406,371032,1,,,,942,220,2,0,0,0,40,0,0
944,scan,943,0,18481165601653,,18481165727975,18481167385204,67.010,0.5397,-1.1997,0.0021,4,1.0217,1021,220,-6,220,2,1,934,,,,1,1,33406,371430,1,,,,943,220,2,0,0,0,40,0,0
945,scan,944,0,18481215974778,,18481216144341,18481218278964,67.060,0.5471,-1.1997,0.0021,4,1.0174,1017,220,-6,220,0,1,936,18480815434147,18481179795059,364360,0,1,33406,371419,1,,,,944,220,0,0,0,0,40,0,0
946,scan,945,0,18481265869135,,18481265997773,18481268475185,67.110,0.5621,-1.1997,0.0023,4,1.0180,1017,220,-7,220,0,1,937,18480865685411,18481227844382,362158,0,1,33406,370744,1,,,,945,220,0,0,0,0,40,0,0
947,scan,946,0,18481315932420,,18481316160519,18481318391976,67.160,0.5696,-1.1997,0.0023,4,1.0246,1024,220,-7,220,0,1,938,18480915673417,18481290056249,374382,0,1,33406,371078,1,,,,946,220,0,0,0,0,40,0,0
948,scan,947,0,18481365967679,,18481366107883,18481368430807,67.210,0.5845,-1.1996,0.0022,4,1.0170,1017,220,-8,220,-2,1,939,18480965709518,18481344512811,378803,0,1,33406,371675,1,,,,947,220,-2,0,0,0,40,0,0
949,scan,948,0,18481416092978,,18481416220079,18481418294680,67.260,0.5920,-1.1996,0.0022,4,1.0281,1028,220,-8,220,-2,1,939,,,,1,1,33406,371486,1,,,,948,220,-2,0,0,0,40,0,0
950,scan,949,0,18481466151777,,18481466287448,18481468459636,67.310,0.6070,-1.1996,0.0021,4,1.0188,1018,220,-8,220,-2,1,939,,,,1,1,33406,371417,1,,,,949,220,-2,0,0,0,40,0,0
951,scan,950,0,18481516164815,,18481516298599,18481518325305,67.360,0.6145,-1.1996,0.0021,4,1.0248,1024,220,-9,220,-2,1,939,,,,1,1,33406,371417,1,,,,950,220,-2,0,0,0,40,0,0
952,scan,951,0,18481566104480,,18481566242533,18481568462290,67.410,0.6294,-1.1996,0.0019,4,1.0315,1031,220,-9,220,-2,1,939,,,,1,1,33406,371248,1,,,,951,220,-2,0,0,0,40,0,0
953,scan,952,0,18481616288030,,18481616415590,18481618385487,67.460,0.6369,-1.1995,0.0018,4,1.0229,1022,220,-9,220,-2,1,944,18481216058680,18481594059832,378001,0,1,33406,371778,1,,,,952,220,-2,0,0,0,40,0,0
,wdog,,,,,,18481766525689,,,,,,,,,,,,,,,,,,,,,,,,,952,0,0,0,3,0,40,0,
