line,kind,seq,flag,t_scan_rx_ns,t_flag_rx_ns,t_uart_tx_ns,t_c_rx_ns,sim_time,x,y,yaw,wp_i,min_range,min_mm,local_v,local_w,edge_v,edge_w,edge_ok,edge_seq_used,t_send_ns,t_recv_ns,rtt_us,held,deadline_miss,rtt_min_us,rtt_win_us,rtt_degraded,t_det_rtt_ns,flag_seq,t_det_meta_ns,c_seq,v_out,w_out,mode,state,switch_us,n_sw,bad_lines,lost
1,settle,0,0,20766624601485,,20766624765733,20766627589310,26.757,0.0000,0.0000,0.0000,0,0.5921,592,0,0,0,0,0,,,,,,,,,,,,,0,0,0,0,0,25,56,0,0
2,scan,1,0,20766655180275,,20766655331545,20766658601902,27.257,0.0001,-0.0000,0.0000,0,0.5899,589,220,0,0,0,0,,,,,1,1,,,0,,,,1,0,0,0,0,0,56,0,0
3,scan,2,0,20766705389136,,20766705543371,20766707447281,27.307,0.0001,-0.0000,0.0000,0,0.5980,598,220,0,0,0,0,,,,,1,1,,,0,,,,2,0,0,0,0,0,56,0,0
4,scan,3,0,20766755471586,,20766755607094,20766757499300,27.357,0.0001,-0.0000,0.0000,0,0.5943,594,220,0,220,1,1,1,20766655253404,20766720589770,65336,0,1,65336,65336,0,,,,3,220,1,0,0,0,56,0,0
5,scan,4,0,20766805735760,,20766805906550,20766807533468,27.407,0.0001,-0.0000,0.0000,0,0.5940,594,220,0,220,1,1,2,20766705437925,20766770037887,64599,0,1,64599,64968,0,,,,4,220,1,0,0,0,56,0,0
6,scan,5,0,20766855765809,,20766855901162,20766857608995,27.457,0.0035,-0.0000,0.0000,0,0.6003,600,220,0,220,1,1,3,20766755525688,20766820286226,64760,0,1,64599,64898,0,,,,5,220,1,0,0,0,56,0,0
7,scan,6,0,20766905488500,,20766905648098,20766908165409,27.507,0.0070,-0.0000,-0.0000,0,0.5905,590,220,0,220,1,1,4,20766805787671,20766873834837,68047,0,1,64599,65686,0,,,,6,220,1,0,0,0,56,0,0
8,scan,7,0,20766955683243,,20766955811432,20766957700710,27.557,0.0174,-0.0000,-0.0000,0,0.5814,581,220,0,220,1,1,5,20766855812955,20766923407320,67594,0,1,64599,66067,0,,,,7,220,1,0,0,0,56,0,0
9,scan,8,0,20767005782585,,20767005941719,20767007599283,27.607,0.0243,-0.0000,-0.0000,0,0.5701,570,220,0,220,1,1,6,20766905557904,20766972801893,67243,0,1,64599,66263,0,,,,8,220,1,0,0,0,56,0,0
10,scan,9,0,20767055844745,,20767055997527,20767057599992,27.657,0.0318,-0.0000,0.0000,0,0.5540,553,220,0,220,1,1,7,20766955723431,20767022989430,67265,0,1,64599,66406,0,,,,9,220,1,0,0,0,56,0,0
11,scan,10,0,20767105512082,,20767105688938,20767107500110,27.707,0.0467,-0.0000,0.0001,0,0.5506,550,220,0,220,1,1,8,20767005833805,20767073318940,67485,0,1,64599,66541,0,,,,10,220,1,0,0,0,56,0,0
12,scan,11,0,20767155915049,,20767156078493,20767157496830,27.757,0.0542,-0.0000,0.0001,0,0.5464,546,220,0,220,1,1,9,20767055893981,20767123309135,67415,0,1,64599,66638,0,,,,11,220,1,0,0,0,56,0,0
13,scan,12,0,20767205745981,,20767205869946,20767207509794,27.807,0.0692,-0.0000,0.0002,0,0.5375,537,220,0,220,1,1,10,20767105558005,20767173308304,67750,0,1,64599,66749,0,,,,12,220,1,0,0,0,56,0,0
14,scan,13,0,20767255680993,,20767255816282,20767257558276,27.857,0.0766,0.0000,0.0002,0,0.5355,535,220,0,220,1,1,11,20767155963173,20767223260651,67297,0,1,64599,66799,0,,,,13,220,1,0,0,0,56,0,0
15,scan,14,0,20767305618261,,20767305753130,20767307551228,27.907,0.0916,0.0000,0.0003,0,0.5202,520,220,-1,220,1,1,12,20767205789345,20767269765385,63976,0,1,63976,66564,0,,,,14,220,1,0,0,0,56,0,0
16,scan,15,0,20767355870767,,20767356050335,20767357567892,27.957,0.0991,0.0000,0.0003,0,0.5086,508,220,-1,220,1,1,13,20767255729924,20767323271487,67541,0,1,63976,66639,0,,,,15,220,1,0,0,0,56,0,0
17,scan,16,0,20767405909746,,20767406055088,20767408444859,28.007,0.1140,0.0000,0.0004,0,0.4895,489,220,-1,220,1,1,14,20767305671671,20767373469654,67797,0,1,63976,66722,0,,,,16,220,1,0,0,0,56,0,0
18,scan,17,0,20767456279733,,20767456418966,20767458463672,28.057,0.1215,0.0000,0.0004,0,0.4963,496,220,-1,220,1,1,15,20767355918294,20767421100840,65182,0,1,63976,66619,0,,,,17,220,1,0,0,0,56,0,0
19,scan,18,0,20767505780856,,20767505921569,20767507712609,28.107,0.1365,0.0000,0.0005,0,0.4875,487,220,-1,220,1,1,16,20767405962216,20767473524182,67561,0,1,63976,66678,0,,,,18,220,1,0,0,0,56,0,0
20,scan,19,0,20767556571116,,20767556717612,20767558522952,28.157,0.1440,0.0000,0.0005,0,0.4696,469,220,-1,220,1,1,17,20767456330672,20767523720031,67389,0,1,63976,66720,0,,,,19,220,1,0,0,0,56,0,0
21,scan,20,0,20767607101558,,20767607254478,20767609419343,28.207,0.1589,0.0000,0.0006,0,0.4631,463,220,-1,220,1,1,18,20767505829933,20767573800193,67970,0,1,63976,66789,0,,,,20,220,1,0,0,0,56,0,0
22,scan,21,0,20767656626013,,20767656781524,20767658614364,28.257,0.1664,0.0000,0.0006,0,0.4623,462,220,-1,220,-1,1,19,20767556623626,20767623990739,67367,0,1,63976,66820,0,,,,21,220,-1,0,0,0,56,0,0
23,scan,22,0,20767706418866,,20767706565029,20767708636951,28.307,0.1814,0.0000,0.0007,0,0.4525,452,220,-1,220,-1,1,20,20767607156204,20767674765670,67609,0,1,63976,66859,0,,,,22,220,-1,0,0,0,56,0,0
24,scan,23,0,20767756785218,,20767756929230,20767758611028,28.357,0.1889,0.0001,0.0007,0,0.4512,451,220,-1,220,-1,1,21,20767656690434,20767724032812,67342,0,1,63976,66882,0,,,,23,220,-1,0,0,0,56,0,0
25,scan,24,0,20767806936857,,20767807069039,20767808627716,28.407,0.2038,0.0001,0.0005,0,0.4455,445,220,-1,220,-1,1,22,20767706462932,20767774173966,67711,0,1,63976,66920,0,,,,24,220,-1,0,0,0,56,0,0
26,scan,25,0,20767856786514,,20767856928351,20767858534352,28.457,0.2113,0.0001,0.0005,0,0.4186,418,220,-1,220,-1,1,23,20767756835804,20767823984610,67148,0,1,63976,66930,0,,,,25,220,-1,0,0,0,56,0,0
27,scan,26,0,20767906787658,,20767906922461,20767908700511,28.507,0.2188,0.0001,0.0005,0,0.4177,417,220,-1,220,-1,1,24,20767806978952,20767875096097,68117,0,1,63976,66979,0,,,,26,220,-1,0,0,0,56,0,0
28,scan,27,0,20767956829614,,20767956965677,20767958676639,28.557,0.2338,0.0001,0.0004,0,0.4169,416,220,-1,220,1,1,25,20767856835931,20767923845828,67009,0,1,63976,66980,0,,,,27,220,1,0,0,0,56,0,0
29,scan,28,0,20768006774097,,20768006906670,20768008560435,28.607,0.2412,0.0001,0.0004,0,0.4080,408,220,-1,220,1,1,26,20767906835157,20767973909495,67074,0,1,63976,66984,0,,,,28,220,1,0,0,0,56,0,0
30,scan,29,0,20768056761331,,20768056901488,20768058466176,28.657,0.2562,0.0001,0.0004,0,0.3944,394,220,-1,220,1,1,27,20767956876816,20768023947243,67070,0,1,63976,66987,0,,,,29,220,1,0,1,0,56,0,0
31,scan,30,0,20768106908022,,20768107060691,20768108514537,28.707,0.2637,0.0001,0.0004,0,0.3947,394,220,-1,220,1,1,28,20768006821480,20768074496034,67674,0,1,63976,67012,0,,,,30,220,1,0,1,0,56,0,0
32,scan,31,0,20768156818748,,20768156952782,20768158594628,28.757,0.2786,0.0001,0.0006,0,0.3883,388,220,-1,220,1,1,29,20768056810610,20768123060734,66250,0,1,63976,66985,0,,,,31,220,1,0,1,0,56,0,0
33,scan,32,0,20768206711854,,20768206838765,20768208606545,28.807,0.2861,0.0001,0.0006,0,0.3886,388,220,-1,220,1,1,30,20768106960179,20768173283230,66323,0,1,63976,66963,0,,,,32,220,1,0,1,0,56,0,0
34,scan,33,0,20768256991788,,20768257119612,20768258586435,28.857,0.3010,0.0001,0.0006,0,0.3770,376,220,-1,220,-1,1,31,20768156869230,20768223992652,67123,0,1,63976,66969,0,,,,33,220,-1,0,1,0,56,0,0
35,scan,34,0,20768306885888,,20768307016214,20768308531686,28.907,0.3085,0.0001,0.0006,0,0.3810,381,220,-2,220,-1,1,32,20768206756753,20768274189990,67433,0,1,63976,66983,0,,,,34,220,-1,0,1,0,56,0,0
36,scan,35,0,20768356878528,,20768357000875,20768358531060,28.957,0.3235,0.0001,0.0007,0,0.3697,369,220,-2,220,-1,1,33,20768257036134,20768323901467,66865,0,1,63976,66979,0,,,,35,220,-1,0,1,0,56,0,0
37,scan,36,0,20768406991748,,20768407129955,20768408529920,29.007,0.3310,0.0001,0.0006,0,0.3676,367,220,-1,220,-1,1,34,20768306926753,20768374545100,67618,0,1,63976,66998,0,,,,36,220,-1,0,1,0,56,0,0
38,scan,37,0,20768457510087,,20768457638415,20768459576122,29.057,0.3459,0.0001,0.0005,0,0.3619,361,220,-1,220,-1,1,35,20768356921457,20768424035318,67113,0,1,63976,67002,0,,,,37,220,-1,0,1,0,56,0,0
39,scan,38,0,20768506961184,,20768507105478,20768508546304,29.107,0.3534,0.0001,0.0004,0,0.3708,370,220,-1,220,-1,1,36,20768407048985,20768474676835,67627,0,1,63976,67019,0,,,,38,220,-1,0,1,0,56,0,0
40,scan,39,0,20768557348758,,20768557489667,20768559812148,29.157,0.3684,0.0001,0.0004,0,0.3648,364,220,-1,220,1,1,37,20768457552919,20768525170770,67617,0,1,63976,67035,0,,,,39,220,1,0,1,0,56,0,0
41,scan,40,0,20768607606011,,20768607745744,20768609780554,29.207,0.3758,0.0001,0.0004,0,0.3698,369,220,-1,220,1,1,38,20768507007313,20768574700818,67693,0,1,63976,67052,0,,,,40,220,1,0,1,0,56,0,0
42,scan,41,0,20768658059145,,20768658186731,20768660533092,29.257,0.3908,0.0002,0.0004,0,0.3609,360,220,-1,220,1,1,39,20768557393244,20768624977383,67584,0,1,63976,67066,0,,,,41,220,1,0,1,0,56,0,0
43,scan,42,0,20768707839667,,20768707978593,20768709496330,29.307,0.3983,0.0002,0.0004,0,0.3750,375,220,-1,220,1,1,40,20768607654891,20768674558985,66904,0,1,63976,67062,0,,,,42,220,1,0,1,0,56,0,0
44,scan,43,0,20768757822130,,20768757960577,20768759557471,29.357,0.4058,0.0002,0.0005,0,0.3820,381,220,-1,220,1,1,41,20768658099274,20768722610207,64510,0,1,63976,67041,0,,,,43,220,1,0,1,0,56,0,0
45,scan,44,0,20768807720796,,20768807856013,20768809605100,29.407,0.4207,0.0002,0.0006,0,0.3648,364,220,-2,220,1,1,42,20768707888108,20768775610647,67722,0,1,63976,67119,0,,,,44,220,1,0,1,0,56,0,0
46,scan,45,0,20768857983273,,20768858130645,20768859576132,29.457,0.4282,0.0002,0.0006,0,0.3926,392,220,-2,220,-1,1,43,20768757870035,20768825738001,67867,0,1,63976,67197,0,,,,45,220,-1,0,1,0,56,0,0
47,scan,46,0,20768907656557,,20768907815708,20768909506754,29.507,0.4432,0.0002,0.0006,0,0.4119,411,220,-2,220,0,1,44,20768807769532,20768875470959,67701,0,1,63976,67188,0,,,,46,220,0,0,0,0,56,0,0
48,scan,47,0,20768957587465,,20768957737181,20768959608711,29.557,0.4507,0.0002,0.0006,0,0.6693,669,220,-2,220,0,1,45,20768858034367,20768925637639,67603,0,1,63976,67189,0,,,,47,220,0,0,0,0,56,0,0
49,scan,48,0,20769007908983,,20769008085621,20769009466409,29.607,0.4656,0.0002,0.0005,0,1.4919,1491,220,-2,220,0,1,46,20768907705256,20768975138461,67433,0,1,63976,67193,0,,,,48,220,0,0,0,0,56,0,0
50,scan,49,0,20769057839411,,20769057976452,20769059533895,29.657,0.4731,0.0002,0.0005,0,1.4958,1495,220,-2,220,0,1,47,20768957638509,20769024986748,67348,0,1,63976,67195,0,,,,49,220,0,0,0,0,56,0,0
51,scan,50,0,20769107814908,,20769107938763,20769109521982,29.707,0.4881,0.0002,0.0006,0,1.4648,1464,220,-2,220,0,1,48,20769007959981,20769075599259,67639,0,1,63976,67199,0,,,,50,220,0,0,0,0,56,0,0
52,scan,51,0,20769158100842,,20769158241746,20769160459709,29.757,0.4955,0.0002,0.0006,0,1.4659,1465,220,-2,220,0,1,49,20769057887460,20769125377779,67490,0,1,63976,67201,0,,,,51,220,0,0,0,0,56,0,0
53,scan,52,0,20769207958794,,20769208134677,20769209635718,29.807,0.5105,0.0002,0.0006,0,1.4592,1459,220,-2,220,0,1,50,20769107858931,20769175099723,67240,0,1,63976,67188,0,,,,52,220,0,0,0,0,56,0,0
54,scan,53,0,20769258038029,,20769258196147,20769260442863,29.857,0.5180,0.0002,0.0005,0,1.4472,1447,220,-2,220,0,1,51,20769158144132,20769225299463,67155,0,1,63976,67185,0,,,,53,220,0,0,0,0,56,0,0
55,scan,54,0,20769308116843,,20769308255897,20769310451114,29.907,0.5329,0.0002,0.0006,0,1.4316,1431,220,-2,220,0,1,52,20769208049310,20769275360403,67311,0,1,63976,67268,0,,,,54,220,0,0,0,0,56,0,0
56,scan,55,0,20769358010658,,20769358143455,20769359506203,29.957,0.5404,0.0002,0.0006,0,1.4148,1414,220,-2,220,0,1,53,20769258086980,20769325472138,67385,0,1,63976,67264,0,,,,55,220,0,0,0,0,56,0,0
57,scan,56,0,20769408068698,,20769408196048,20769411407722,30.007,0.5554,0.0002,0.0006,0,1.4136,1413,220,-2,220,0,1,54,20769308166569,20769375360568,67193,0,1,63976,67249,0,,,,56,220,0,0,0,0,56,0,0
58,scan,57,0,20769457903188,,20769458025835,20769459489820,30.057,0.5628,0.0002,0.0006,0,1.4036,1403,220,-2,220,0,1,55,20769358057090,20769425433921,67376,0,1,63976,67304,0,,,,57,220,0,0,0,0,56,0,0
59,scan,58,0,20769508549731,,20769508719396,20769510670128,30.107,0.5778,0.0003,0.0006,0,1.3902,1390,220,-2,220,0,1,56,20769408110214,20769475744568,67634,0,1,63976,67306,0,,,,58,220,0,0,0,0,56,0,0
60,scan,59,0,20769558262098,,20769558411889,20769560503679,30.157,0.5853,0.0003,0.0006,0,1.3763,1376,220,-2,220,0,1,57,20769457945126,20769522502649,64557,0,1,63976,67235,0,,,,59,220,0,0,0,0,56,0,0
61,scan,60,0,20769608280987,,20769608431604,20769610482845,30.207,0.5928,0.0003,0.0006,0,1.3693,1369,220,-2,220,0,1,58,20769508599123,20769576614368,68015,0,1,63976,67236,0,,,,60,220,0,0,0,0,56,0,0
62,scan,61,0,20769658260840,,20769658387201,20769660470202,30.257,0.6077,0.0003,0.0006,0,1.3344,1334,220,-2,220,0,1,59,20769558307160,20769625984935,67677,0,1,63976,67244,0,,,,61,220,0,0,0,0,56,0,0
63,scan,62,0,20769708529174,,20769708656945,20769710531442,30.307,0.6152,0.0003,0.0006,0,1.3370,1337,220,-2,220,0,1,60,20769608334203,20769675551827,67217,0,1,63976,67234,0,,,,62,220,0,0,0,0,56,0,0
64,scan,63,0,20769758672134,,20769758809009,20769760618349,30.357,0.6302,0.0003,0.0006,0,1.3304,1330,220,-2,220,0,1,61,20769658306749,20769722706369,64399,0,1,63976,67161,0,,,,63,220,0,0,0,0,56,0,0
65,scan,64,0,20769808635178,,20769808771108,20769810589709,30.407,0.6377,0.0003,0.0006,0,1.3116,1311,220,-2,220,0,1,62,20769708574182,20769776088536,67514,0,1,63976,67156,0,,,,64,220,0,0,0,0,56,0,0
66,scan,65,0,20769858439856,,20769858578919,20769860544241,30.457,0.6526,0.0003,0.0006,0,1.3028,1302,220,-2,220,0,1,63,20769758720658,20769826760996,68040,0,1,63976,67178,0,,,,65,220,0,0,0,0,56,0,0
67,scan,66,0,20769908608231,,20769908778624,20769910584455,30.507,0.6601,0.0003,0.0006,0,1.3005,1300,220,-2,220,0,1,64,20769808681428,20769875886449,67205,0,1,63976,67155,0,,,,66,220,0,0,0,0,56,0,0
68,scan,67,0,20769958702862,,20769958823644,20769960509627,30.557,0.6750,0.0003,0.0006,0,1.2979,1297,220,-2,220,0,1,65,20769858483102,20769926127756,67644,0,1,63976,67171,0,,,,67,220,0,0,0,0,56,0,0
69,scan,68,0,20770008879219,,20770009015116,20770010619544,30.607,0.6825,0.0003,0.0006,0,1.2822,1282,220,-2,220,0,1,66,20769908665170,20769975747808,67082,0,1,63976,67171,0,,,,68,220,0,0,0,0,56,0,0
70,scan,69,0,20770059024023,,20770059150633,20770061493467,30.657,0.6975,0.0003,0.0006,0,1.2645,1264,220,-2,220,0,1,67,20769958744545,20770026002574,67258,0,1,63976,67176,0,,,,69,220,0,0,0,0,56,0,0
71,scan,70,0,20770108739690,,20770108882733,20770110577887,30.707,0.7050,0.0003,0.0006,0,1.2563,1256,220,-2,220,0,1,68,20770008927257,20770073295512,64368,0,1,63976,67093,0,,,,70,220,0,0,0,0,56,0,0
72,scan,71,0,20770158722876,,20770158861177,20770160578170,30.757,0.7199,0.0003,0.0006,0,1.2382,1238,220,-3,220,0,1,69,20770059068132,20770123422095,64353,0,1,63976,67046,0,,,,71,220,0,0,0,0,56,0,0
73,scan,72,0,20770208899204,,20770209097050,20770211376827,30.807,0.7274,0.0003,0.0006,0,1.2303,1230,220,-3,220,0,1,70,20770108784989,20770175500751,66715,0,1,63976,67056,0,,,,72,220,0,0,0,0,56,0,0
74,scan,73,0,20770258646423,,20770258788596,20770260514428,30.857,0.7424,0.0003,0.0006,0,1.2152,1215,220,-3,220,0,1,71,20770158764633,20770225296184,66531,0,1,63976,67041,0,,,,73,220,0,0,0,0,56,0,0
75,scan,74,0,20770308919003,,20770309066449,20770310639895,30.907,0.7499,0.0003,0.0006,0,1.2132,1213,220,-3,220,0,1,72,20770208973005,20770275024853,66051,0,1,63976,67006,0,,,,74,220,0,0,0,0,56,0,0
76,scan,75,0,20770359328519,,20770359527749,20770361500325,30.957,0.7648,0.0004,0.0006,0,1.1994,1199,220,-3,220,0,1,73,20770258690686,20770326427857,67737,0,1,63976,67028,0,,,,75,220,0,0,0,0,56,0,0
77,scan,76,0,20770409144490,,20770409342543,20770411436921,31.007,0.7723,0.0004,0.0006,0,1.1952,1195,220,-3,220,0,1,74,20770308966480,20770375727708,66761,0,1,63976,67007,0,,,,76,220,0,0,0,0,56,0,0
78,scan,77,0,20770459183717,,20770459313931,20770461506207,31.057,0.7798,0.0004,0.0006,0,1.1787,1178,220,-3,220,0,1,75,20770359392352,20770427430239,68037,0,1,63976,67030,0,,,,77,220,0,0,0,0,56,0,0
79,scan,78,0,20770509073063,,20770509217148,20770511438035,31.107,0.7947,0.0004,0.0006,0,1.1726,1172,220,-3,220,0,1,76,20770409211795,20770474889735,65677,0,1,63976,66981,0,,,,78,220,0,0,0,0,56,0,0
80,scan,79,0,20770559757745,,20770559966221,20770561509263,31.157,0.8022,0.0004,0.0006,0,1.1529,1152,220,-3,220,0,1,77,20770459230103,20770526795888,67565,0,1,63976,66980,0,,,,79,220,0,0,0,0,56,0,0
81,scan,80,0,20770609298833,,20770609427267,20770611418171,31.207,0.8172,0.0004,0.0006,0,1.1543,1154,220,-3,220,0,1,78,20770509122186,20770575854640,66732,0,1,63976,66956,0,,,,80,220,0,0,0,0,56,0,0
82,scan,81,0,20770659361922,,20770659482099,20770661662948,31.257,0.8246,0.0004,0.0006,0,1.1396,1139,220,-3,220,0,1,79,20770559829583,20770627145490,67315,0,1,63976,66949,0,,,,81,220,0,0,0,0,56,0,0
83,scan,82,0,20770709445427,,20770709598706,20770711573814,31.307,0.8396,0.0004,0.0006,0,1.1177,1117,220,-3,220,0,1,80,20770609343247,20770676967429,67624,0,1,63976,66967,0,,,,82,220,0,0,0,0,56,0,0
84,scan,83,0,20770759614920,,20770759826919,20770761568437,31.357,0.8471,0.0004,0.0006,0,1.1142,1114,220,-3,220,0,1,81,20770659405378,20770723536473,64131,0,1,63976,66958,0,,,,83,220,0,0,0,0,56,0,0
85,scan,84,0,20770809750479,,20770809884209,20770811486823,31.407,0.8621,0.0004,0.0006,0,1.1047,1104,220,-4,220,0,1,82,20770709502129,20770775716133,66214,0,1,63976,66920,0,,,,84,220,0,0,0,0,56,0,0
86,scan,85,0,20770859406258,,20770859534304,20770861685588,31.457,0.8695,0.0004,0.0006,0,1.0870,1087,220,-4,220,0,1,83,20770759684863,20770827062067,67377,0,1,63976,66908,0,,,,85,220,0,0,0,0,56,0,0
87,scan,86,0,20770909660582,,20770909826005,20770911637342,31.507,0.8845,0.0004,0.0006,0,1.0820,1082,220,-4,220,0,1,84,20770809798672,20770877339308,67540,0,1,63976,66904,0,,,,86,220,0,0,0,0,56,0,0
88,scan,87,0,20770959722391,,20770959854670,20770961549700,31.557,0.8920,0.0004,0.0006,0,1.0589,1058,220,-4,220,0,1,85,20770859451546,20770926999854,67548,0,1,63976,66902,0,,,,87,220,0,0,0,0,56,0,0
89,scan,88,0,20771009682051,,20771009811069,20771011481523,31.607,0.9069,0.0004,0.0006,0,1.0568,1056,220,-4,220,0,1,86,20770909712782,20770976617946,66905,0,1,63976,66889,0,,,,88,220,0,0,0,0,56,0,0
90,scan,89,0,20771059871116,,20771060041241,20771062508896,31.657,0.9144,0.0004,0.0006,0,1.0510,1051,220,-4,220,0,1,87,20770959772050,20771027529769,67757,0,1,63976,66899,0,,,,89,220,0,0,0,0,56,0,0
91,scan,90,0,20771110032117,,20771110157678,20771111596356,31.707,0.9294,0.0004,0.0006,0,1.0321,1032,220,-4,220,0,1,88,20771009724738,20771077074335,67349,0,1,63976,66892,0,,,,90,220,0,0,0,0,56,0,0
92,scan,91,0,20771159777329,,20771159918088,20771161716252,31.757,0.9369,0.0005,0.0006,0,1.0271,1027,220,-5,220,0,1,89,20771059912507,20771127496705,67584,0,1,63976,66894,0,,,,91,220,0,0,0,0,56,0,0
93,scan,92,0,20771209926103,,20771210045624,20771211556564,31.807,0.9518,0.0005,0.0006,0,1.0176,1017,220,-5,220,0,1,90,20771110075068,20771177205449,67130,0,1,63976,66892,0,,,,92,220,0,0,0,0,56,0,0
94,scan,93,0,20771259812822,,20771259938134,20771261612405,31.857,0.9593,0.0005,0.0006,0,1.0017,1001,220,-5,220,0,1,91,20771159827398,20771226443078,66615,0,1,63976,66878,0,,,,93,220,0,0,0,0,56,0,0
95,scan,94,0,20771310083430,,20771310217640,20771312524200,31.907,0.9668,0.0005,0.0006,0,0.9909,990,220,-5,220,0,1,92,20771209965403,20771276448917,66483,0,1,63976,66857,0,,,,94,220,0,0,0,0,56,0,0
96,scan,95,0,20771360509159,,20771360638057,20771362643288,31.957,0.9817,0.0005,0.0006,0,0.9686,968,220,-5,220,0,1,93,20771259855304,20771326916947,67061,0,1,63976,66849,0,,,,95,220,0,0,0,0,56,0,0
97,scan,96,0,20771410171969,,20771410344022,20771412466934,32.007,0.9892,0.0005,0.0006,0,0.9671,967,220,-6,220,0,1,94,20771310130756,20771378394866,68264,0,1,63976,66876,0,,,,96,220,0,0,0,0,56,0,0
98,scan,97,0,20771460223092,,20771460391136,20771463498592,32.057,1.0042,0.0005,0.0006,0,0.9630,962,220,-6,220,0,1,95,20771360555051,20771427827549,67272,0,1,63976,66873,0,,,,97,220,0,0,0,0,56,0,0
99,scan,98,0,20771510511908,,20771510665645,20771512555486,32.107,1.0117,0.0005,0.0006,0,0.9570,956,220,-6,220,0,1,96,20771410232567,20771477316265,67083,0,1,63976,66860,0,,,,98,220,0,0,0,0,56,0,0
100,scan,99,0,20771560435610,,20771560555756,20771562620702,32.157,1.0266,0.0005,0.0006,0,0.9392,939,220,-7,220,0,1,97,20771460289302,20771527808715,67519,0,1,63976,66934,0,,,,99,220,0,0,0,0,56,0,0
101,scan,100,0,20771610614073,,20771610758423,20771612609138,32.207,1.0341,0.0005,0.0006,0,0.9179,917,220,-7,220,0,1,98,20771510578030,20771578007648,67429,0,1,63976,66919,0,,,,100,220,0,0,0,0,56,0,0
102,scan,101,0,20771660545456,,20771660688657,20771662600440,32.257,1.0491,0.0005,0.0006,0,0.9107,910,220,-8,220,-11,1,99,20771560479645,20771628096270,67616,0,1,63976,66918,0,,,,101,220,-11,0,0,0,56,0,0
103,scan,102,0,20771710501966,,20771710631431,20771712512621,32.307,1.0565,0.0005,0.0006,1,0.8992,899,0,1000,220,-12,1,100,20771610663894,20771678280530,67616,0,1,63976,66928,0,,,,102,220,-12,0,0,0,56,0,0
104,scan,103,0,20771760612298,,20771760738368,20771762670561,32.357,1.0715,0.0005,0.0001,1,0.8895,889,0,1000,220,-13,1,101,20771660595821,20771725267838,64672,0,1,63976,66934,0,,,,103,220,-13,0,0,0,56,0,0
105,scan,104,0,20771810668354,,20771810812635,20771812546050,32.407,1.0790,0.0005,-0.0005,1,0.8861,886,0,1000,0,999,1,102,20771710547298,20771778109859,67562,0,1,63976,66936,0,,,,104,0,999,0,0,0,56,0,0
106,scan,105,0,20771860789106,,20771860908925,20771862508144,32.457,1.0928,0.0005,-0.0015,1,0.8742,874,0,1000,0,999,1,103,20771760655928,20771827831863,67175,0,1,63976,66914,0,,,,105,0,999,0,0,0,56,0,0
107,scan,106,0,20771911054462,,20771911194966,20771913501030,32.507,1.0980,0.0005,-0.0015,1,0.8630,862,0,1000,0,999,1,104,20771810713056,20771878486615,67773,0,1,63976,66928,0,,,,106,0,999,0,0,0,56,0,0
108,scan,107,0,20771960886532,,20771961048151,20771962493248,32.557,1.1048,0.0005,-0.0007,1,0.8540,854,0,1000,0,999,1,105,20771860831496,20771927959252,67127,0,1,63976,66915,0,,,,107,0,999,0,0,0,56,0,0
109,scan,108,0,20772010772571,,20772010902908,20772012609738,32.607,1.1070,0.0005,0.0007,1,0.8448,844,0,1000,0,999,1,106,20771911103857,20771978653100,67549,0,1,63976,66927,0,,,,108,0,999,0,0,0,56,0,0
110,scan,109,0,20772061041253,,20772061147163,20772063376252,32.657,1.1097,0.0005,0.0253,1,0.8633,863,0,1000,0,999,1,107,20771960936530,20772027840574,66904,0,1,63976,66918,0,,,,109,0,999,0,0,0,56,0,0
111,scan,110,0,20772110745743,,20772110917811,20772112584251,32.707,1.1102,0.0005,0.0550,1,0.8562,856,0,1000,0,999,1,108,20772010817980,20772075292966,64474,0,1,63976,66921,0,,,,110,0,999,0,0,0,56,0,0
112,scan,111,0,20772160856336,,20772160981661,20772162717751,32.757,1.1102,0.0005,0.0940,1,0.8501,850,0,1000,0,999,1,109,20772061079424,20772127561519,66482,0,1,63976,66974,0,,,,111,0,999,0,0,0,56,0,0
113,scan,112,0,20772211021105,,20772211172376,20772212533474,32.807,1.1100,0.0005,0.1751,1,0.8549,854,0,1000,0,999,1,110,20772110804143,20772178040544,67236,0,1,63976,66987,0,,,,112,0,999,0,0,0,56,0,0
114,scan,113,0,20772261389659,,20772261506684,20772263579551,32.857,1.1100,0.0005,0.2072,1,0.8526,852,0,1000,0,999,1,111,20772160901301,20772228140445,67239,0,1,63976,67005,0,,,,113,0,999,0,0,0,56,0,0
115,scan,114,0,20772310749643,,20772310885458,20772312507789,32.907,1.1099,0.0004,0.2652,1,0.8562,856,0,1000,0,999,1,112,20772211072971,20772277812445,66739,0,1,63976,67022,0,,,,114,0,999,0,0,0,56,0,0
116,scan,115,0,20772361144186,,20772361301710,20772363486715,32.957,1.1098,0.0004,0.2993,1,0.8608,860,0,1000,0,999,1,113,20772261436268,20772326968871,65532,0,1,63976,66967,0,,,,115,0,999,0,0,0,56,0,0
117,scan,116,0,20772410850580,,20772410987356,20772412529716,33.007,1.1097,0.0004,0.3738,1,0.8549,854,0,1000,0,999,1,114,20772310802549,20772378241967,67439,0,1,63976,66984,0,,,,116,0,999,0,0,0,56,0,0
118,scan,117,0,20772461530180,,20772461752343,20772463543298,33.057,1.1096,0.0004,0.4084,1,0.8517,851,0,1000,0,999,1,115,20772361213905,20772428039859,66825,0,1,63976,66953,0,,,,117,0,999,0,0,0,56,0,0
119,scan,118,0,20772511490302,,20772511649977,20772513529690,33.107,1.1095,0.0003,0.4721,1,0.8449,844,0,1000,0,999,1,116,20772410892519,20772478386734,67494,0,1,63976,66999,0,,,,118,0,999,0,0,0,56,0,0
120,scan,119,0,20772561575128,,20772561702767,20772563569513,33.157,1.1095,0.0003,0.5051,1,0.8472,847,0,1000,0,999,1,117,20772461606502,20772525945724,64339,0,1,63976,66918,0,,,,119,0,999,0,0,0,56,0,0
121,scan,120,0,20772611438948,,20772611571975,20772613506638,33.207,1.1094,0.0002,0.5754,1,0.8565,856,0,1000,0,999,1,118,20772511542310,20772575973918,64431,0,1,63976,66861,0,,,,120,0,999,0,0,0,56,0,0
122,scan,121,0,20772661440421,,20772661570979,20772663537342,33.257,1.1094,0.0002,0.6103,1,0.8535,853,0,1000,0,999,1,119,20772561619633,20772625971402,64351,0,1,63976,66786,0,,,,121,0,999,0,0,0,56,0,0
123,scan,122,0,20772711406397,,20772711577232,20772713535007,33.307,1.1093,0.0001,0.6769,1,0.8447,844,0,1000,0,999,1,120,20772611483575,20772676486811,65003,0,1,63976,66721,0,,,,122,0,999,0,0,0,56,0,0
124,scan,123,0,20772761445881,,20772761598280,20772763561492,33.357,1.1092,0.0001,0.7100,1,0.8520,852,0,1000,0,999,1,121,20772661485390,20772725114051,63628,0,1,63628,66708,0,,,,123,0,999,0,0,0,56,0,0
125,scan,124,0,20772811426964,,20772811559815,20772813605655,33.407,1.1092,-0.0000,0.7784,1,0.8435,843,0,1000,0,999,1,122,20772711463693,20772775809908,64346,0,1,63628,66662,0,,,,124,0,999,0,0,0,56,0,0
126,scan,125,0,20772861707114,,20772861865876,20772863618370,33.457,1.1091,-0.0001,0.8130,1,0.8463,846,0,1000,0,999,1,123,20772761499342,20772825831193,64331,0,1,63628,66586,0,,,,125,0,999,0,0,0,56,0,0
127,scan,126,0,20772911699506,,20772911818986,20772913545373,33.507,1.1090,-0.0002,0.8808,1,0.8544,854,0,1000,0,999,1,124,20772811472101,20772878679930,67207,0,1,63628,66577,0,,,,126,0,999,0,0,0,56,0,0
128,scan,127,0,20772961526528,,20772961643548,20772963547472,33.557,1.1090,-0.0002,0.9143,1,0.8616,861,0,1000,0,999,1,125,20772861753192,20772929106425,67353,0,1,63628,66572,0,,,,127,0,999,0,0,0,56,0,0
129,scan,128,0,20773011575120,,20773011710367,20773014005017,33.607,1.1090,-0.0003,0.9481,1,0.8515,851,0,1000,0,999,1,126,20772911736550,20772979813669,68077,0,1,63628,66602,0,,,,128,0,999,0,0,0,56,0,0
130,scan,129,0,20773062090067,,20773062214410,20773064434062,33.657,1.1089,-0.0004,1.0164,1,0.5994,599,0,957,0,999,1,127,20772961569395,20773028884638,67315,0,1,63628,66591,0,,,,129,0,999,0,0,0,56,0,0
131,scan,130,0,20773112088864,,20773112218749,20773114415919,33.707,1.1089,-0.0004,1.0505,1,0.5800,580,0,889,0,999,1,128,20773011621589,20773079044319,67422,0,1,63628,66592,0,,,,130,0,999,0,0,0,56,0,0
132,scan,131,0,20773161903129,,20773162023591,20773163608818,33.757,1.1089,-0.0005,1.1182,1,0.5615,561,220,754,0,969,1,129,20773062136502,20773129838708,67702,0,1,63628,66595,0,,,,131,0,969,0,0,0,56,0,0
133,scan,132,0,20773212294395,,20773212440531,20773214882281,33.807,1.1088,-0.0006,1.1519,1,0.5456,545,220,686,0,895,1,130,20773112133775,20773176615083,64481,0,1,63628,66529,0,,,,132,0,895,0,0,0,56,0,0
134,scan,133,0,20773262002627,,20773262124187,20773263609737,33.857,1.1088,-0.0007,1.2182,1,0.5468,546,220,554,220,751,1,131,20773161943348,20773229445710,67502,0,1,63628,66551,0,,,,133,220,751,0,0,0,56,0,0
135,scan,134,0,20773312100924,,20773312229045,20773314440608,33.907,1.1088,-0.0008,1.2484,1,0.5407,540,220,493,220,675,1,132,20773212337865,20773279373317,67035,0,1,63628,66565,0,,,,134,220,675,0,0,0,56,0,0
136,scan,135,0,20773362338290,,20773362465436,20773364533838,33.957,1.1097,0.0025,1.3107,1,0.5396,539,220,370,220,539,1,133,20773262043541,20773329266429,67222,0,1,63628,66569,0,,,,135,220,539,0,0,0,56,0,0
137,scan,136,0,20773412433105,,20773412582296,20773415441545,34.007,1.1106,0.0058,1.3478,1,0.5455,545,220,296,220,479,1,134,20773312146659,20773379434863,67288,0,1,63628,66545,0,,,,136,220,479,0,0,0,56,0,0
138,scan,137,0,20773462285035,,20773462430774,20773464574893,34.057,1.1124,0.0158,1.4237,1,0.5362,536,220,146,220,355,1,135,20773362383384,20773429576143,67192,0,1,63628,66543,0,,,,137,220,355,0,0,0,56,0,0
139,scan,138,0,20773513045848,,20773513184882,20773515431929,34.107,1.1133,0.0222,1.4568,1,0.5277,527,220,81,220,284,1,136,20773412485581,20773479894403,67408,0,1,63628,66551,0,,,,138,220,284,0,0,0,56,0,0
140,scan,139,0,20773562694604,,20773562825043,20773564550365,34.157,1.1146,0.0362,1.4956,1,0.5135,513,220,4,220,138,1,137,20773462344050,20773529711560,67367,0,1,63628,66547,0,,,,139,220,138,0,0,0,56,0,0
141,scan,140,0,20773612781640,,20773612973172,20773614613091,34.207,1.1151,0.0436,1.4982,1,0.5131,513,220,-1,220,76,1,138,20773513094477,20773577189709,64095,0,1,63628,66464,0,,,,140,220,76,0,0,0,56,0,0
142,scan,141,0,20773662430245,,20773662547812,20773664522753,34.257,1.1162,0.0585,1.4953,1,0.5055,505,220,4,220,4,1,139,20773562741395,20773630616807,67875,0,1,63628,66470,0,,,,141,220,4,0,0,0,56,0,0
143,scan,142,0,20773712618010,,20773712743370,20773714539804,34.307,1.1168,0.0660,1.4984,1,0.4857,485,220,-2,220,0,1,140,20773612827234,20773679804893,66977,0,1,63628,66454,0,,,,142,220,0,0,0,0,56,0,0
144,scan,143,0,20773762937548,,20773763138787,20773765432346,34.357,1.1178,0.0809,1.5067,1,0.4808,480,220,-18,220,5,1,141,20773662470501,20773726929300,64458,0,1,63628,66449,0,,,,143,220,5,0,0,0,56,0,0
145,scan,144,0,20773812525244,,20773812652985,20773814502797,34.407,1.1183,0.0884,1.5057,1,0.4743,474,220,-17,220,0,1,142,20773712662373,20773779519222,66856,0,1,63628,66431,0,,,,144,220,0,0,0,0,56,0,0
146,scan,145,0,20773862742768,,20773862862188,20773864714811,34.457,1.1188,0.0958,1.5025,1,0.4709,470,220,-10,220,-17,1,143,20773763002687,20773830723482,67720,0,1,63628,66445,0,,,,145,220,-17,0,0,0,56,0,0
147,scan,146,0,20773912624565,,20773912746415,20773914611614,34.507,1.1198,0.1107,1.5001,1,0.4537,453,220,-6,220,-16,1,144,20773812566756,20773879663201,67096,0,1,63628,66428,0,,,,146,220,-16,0,0,0,56,0,0
148,scan,147,0,20773962699130,,20773962832085,20773964585200,34.557,1.1203,0.1182,1.5020,1,0.4412,441,220,-9,220,-9,1,145,20773862784074,20773930206534,67422,0,1,63628,66435,0,,,,147,220,-9,0,0,0,56,0,0
149,scan,148,0,20774012809658,,20774012934767,20774014591779,34.607,1.1214,0.1331,1.5030,1,0.4420,441,220,-12,220,-4,1,146,20773912662694,20773979814789,67152,0,1,63628,66425,0,,,,148,220,-4,0,0,0,56,0,0
150,scan,149,0,20774062736288,,20774062862805,20774064606186,34.657,1.1219,0.1406,1.5013,1,0.4307,430,220,-8,220,-8,1,147,20773962746408,20774030277234,67530,0,1,63628,66441,0,,,,149,220,-8,0,0,0,56,0,0
151,scan,150,0,20774112833759,,20774113007471,20774114605338,34.707,1.1229,0.1555,1.4993,1,0.4213,421,220,-4,220,-10,1,148,20774012852202,20774079664503,66812,0,1,63628,66499,0,,,,150,220,-10,0,0,0,56,0,0
152,scan,151,0,20774162549836,,20774162675582,20774164523481,34.757,1.1235,0.1630,1.4999,1,0.4115,411,220,-5,220,-6,1,149,20774062784583,20774130181217,67396,0,1,63628,66522,0,,,,151,220,-6,0,0,0,56,0,0
153,scan,152,0,20774212689043,,20774212818396,20774214544393,34.807,1.1245,0.1779,1.5006,1,0.3858,385,220,-7,220,-2,1,150,20774112899908,20774179957656,67057,0,1,63628,66518,0,,,,152,220,-2,0,1,0,56,0,0
154,scan,153,0,20774263600306,,20774263747866,20774265627228,34.857,1.1250,0.1854,1.4999,1,0.3840,384,220,-6,220,-5,1,151,20774162594474,20774229812742,67218,0,1,63628,66517,0,,,,153,220,-5,0,1,0,56,0,0
155,scan,154,0,20774312582405,,20774312710642,20774314610534,34.907,1.1261,0.2003,1.4987,1,0.3903,390,220,-3,220,-5,1,152,20774212731332,20774279261684,66530,0,1,63628,66512,0,,,,154,220,-5,0,1,0,56,0,0
156,scan,155,0,20774362868628,,20774363148450,20774365450680,34.957,1.1267,0.2078,1.4988,1,0.3768,376,220,-4,220,-4,1,153,20774263654639,20774330194407,66539,0,1,63628,66537,0,,,,155,220,-4,0,1,0,56,0,0
157,scan,156,0,20774412490941,,20774412611826,20774414556626,35.007,1.1277,0.2227,1.4992,1,0.3795,379,220,-4,220,-3,1,154,20774312626350,20774379868830,67242,0,1,63628,66532,0,,,,156,220,-3,0,1,0,56,0,0
158,scan,157,0,20774462891249,,20774463031800,20774464593017,35.057,1.1283,0.2302,1.4990,1,0.3664,366,220,-4,220,-2,1,155,20774362951953,20774430516002,67564,0,1,63628,66551,0,,,,157,220,-2,0,1,0,56,0,0
159,scan,158,0,20774513223045,,20774513353299,20774515503741,35.107,1.1294,0.2451,1.4982,1,0.3587,358,220,-3,220,-2,1,156,20774412529224,20774479813319,67284,0,1,63628,66546,0,,,,158,220,-2,0,1,0,56,0,0
160,scan,159,0,20774563353681,,20774563478015,20774565667163,35.157,1.1299,0.2526,1.4982,1,0.3471,347,220,-2,220,-3,1,157,20774462939901,20774530570718,67630,0,1,63628,66628,0,,,,159,220,-3,0,1,0,56,0,0
161,scan,160,0,20774613273747,,20774613451483,20774615528046,35.207,1.1310,0.2675,1.4984,1,0.3479,347,220,-3,220,-2,1,158,20774513268263,20774580884072,67615,0,1,63628,66707,0,,,,160,220,-2,0,1,0,56,0,0
162,scan,161,0,20774663495108,,20774663647021,20774665507003,35.257,1.1315,0.2749,1.4984,1,0.3461,346,220,-3,220,-1,1,159,20774563396354,20774630578854,67182,0,1,63628,66778,0,,,,161,220,-1,0,1,0,56,0,0
163,scan,162,0,20774713616823,,20774713747462,20774715660109,35.307,1.1321,0.2824,1.4982,1,0.3286,328,220,-3,220,-1,1,160,20774613311085,20774681842549,68531,0,1,63628,66866,0,,,,162,220,-1,0,1,0,56,0,0
164,scan,163,0,20774763581951,,20774763742104,20774765633287,35.357,1.1332,0.2973,1.4978,1,0.3344,334,220,-2,220,0,1,161,20774663553239,20774728127770,64574,0,1,63628,66890,0,,,,163,220,0,0,1,0,56,0,0
165,scan,164,0,20774813645382,,20774813843007,20774815682574,35.407,1.1337,0.3048,1.4979,1,0.3195,319,220,-2,220,-1,1,162,20774713663159,20774781366141,67702,0,1,63628,66974,0,,,,164,220,-1,0,1,0,56,0,0
166,scan,165,0,20774863508904,,20774863641667,20774865686127,35.457,1.1348,0.3197,1.4981,1,0.3221,322,220,-3,220,-1,1,163,20774763638281,20774831341481,67703,0,1,63628,67058,0,,,,165,220,-1,0,1,0,56,0,0
167,scan,166,0,20774913733616,,20774913935886,20774915606663,35.507,1.1353,0.3271,1.4981,1,0.3266,326,220,-3,220,0,1,164,20774813712132,20774881352483,67640,0,1,63628,67069,0,,,,166,220,0,0,1,0,56,0,0
168,scan,167,0,20774963894506,,20774964049358,20774965579057,35.557,1.1364,0.3420,1.4978,1,0.3159,315,220,-2,220,-1,1,165,20774863553919,20774931192052,67638,0,1,63628,67076,0,,,,167,220,-1,0,1,0,56,0,0
169,scan,168,0,20775014299332,,20775014520122,20775016717569,35.607,1.1370,0.3495,1.4978,1,0.3003,300,220,-2,220,-2,1,166,20774913804180,20774981210107,67405,0,1,63628,67059,0,,,,168,220,-2,0,1,0,56,0,0
170,scan,169,0,20775064278537,,20775064408750,20775066578253,35.657,1.1381,0.3644,1.4980,1,0.3095,309,220,-2,220,-2,1,167,20774963948562,20775031988866,68040,0,1,63628,67078,0,,,,169,220,-2,0,1,0,56,0,0
171,scan,170,0,20775114345422,,20775114544875,20775116679503,35.707,1.1386,0.3719,1.4979,1,0.3015,301,220,-2,220,-1,1,168,20775014386561,20775081958576,67572,0,1,63628,67081,0,,,,170,220,-1,0,1,0,56,0,0
172,scan,171,0,20775164068577,,20775164202206,20775166475127,35.757,1.1397,0.3868,1.4976,1,0.3111,311,220,-2,220,-1,1,169,20775064327488,20775131885249,67557,0,1,63628,67078,0,,,,171,220,-1,0,1,0,56,0,0
173,scan,172,0,20775214177976,,20775214314005,20775216452378,35.807,1.1402,0.3943,1.4975,1,0.3151,315,220,-2,220,0,1,170,20775114410892,20775181890527,67479,0,1,63628,67153,0,,,,172,220,0,0,1,0,56,0,0
174,scan,173,0,20775264315475,,20775264452987,20775266475386,35.857,1.1413,0.4092,1.4976,1,0.3061,306,220,-2,220,0,1,171,20775164109008,20775231797725,67688,0,1,63628,67157,0,,,,173,220,0,0,1,0,56,0,0
175,scan,174,0,20775314105211,,20775314228635,20775317485337,35.907,1.1419,0.4166,1.4977,1,0.3062,306,220,-2,220,-1,1,172,20775214225637,20775281562828,67337,0,1,63628,67165,0,,,,174,220,-1,0,1,0,56,0,0
176,scan,175,0,20775363985562,,20775364137110,20775366410605,35.957,1.1430,0.4316,1.4976,1,0.3217,321,220,-2,220,-2,1,173,20775264355980,20775331499327,67143,0,1,63628,67163,0,,,,175,220,-2,0,1,0,56,0,0
177,scan,176,0,20775413835304,,20775413964102,20775415520090,36.007,1.1435,0.4390,1.4976,1,0.3154,315,220,-2,220,-1,1,174,20775314146827,20775381544921,67398,0,1,63628,67166,0,,,,176,220,-1,0,1,0,56,0,0
178,scan,177,0,20775464273246,,20775464475424,20775466589879,36.057,1.1446,0.4539,1.4974,1,0.3504,350,220,-2,220,-1,1,175,20775364052759,20775431646267,67593,0,1,63628,67176,0,,,,177,220,-1,0,1,0,56,0,0
179,scan,178,0,20775514032748,,20775514159274,20775515622554,36.107,1.1452,0.4614,1.4974,1,1.0471,1047,220,-1,220,0,1,176,20775413879915,20775477698386,63818,0,1,63628,67086,0,,,,178,220,0,0,0,0,56,0,0
180,scan,179,0,20775564121200,,20775564251140,20775566452655,36.157,1.1457,0.4689,1.4974,1,1.0165,1016,220,-1,220,2,1,177,20775464338426,20775531972437,67634,0,1,63628,67093,0,,,,179,220,2,0,0,0,56,0,0
181,scan,180,0,20775614362121,,20775614486548,20775616587402,36.207,1.1468,0.4838,1.4974,1,1.0417,1041,220,-1,220,0,1,178,20775514074317,20775581680461,67606,0,1,63628,67180,0,,,,180,220,0,0,0,0,56,0,0
182,scan,181,0,20775664793862,,20775664925852,20775666636314,36.257,1.1474,0.4913,1.4974,1,1.0033,1003,220,-2,220,2,1,179,20775564167259,20775631469367,67302,0,1,63628,67166,0,,,,181,220,2,0,0,0,56,0,0
183,scan,182,0,20775714724261,,20775714877505,20775716609182,36.307,1.1484,0.5062,1.4975,1,1.0202,1020,220,-2,220,1,1,180,20775614402321,20775681440094,67037,0,1,63628,67168,0,,,,182,220,1,0,0,0,56,0,0
184,scan,183,0,20775764666722,,20775764802935,20775766585184,36.357,1.1490,0.5136,1.4976,1,1.0115,1011,220,-2,220,0,1,181,20775664841822,20775728752813,63910,0,1,63628,67154,0,,,,183,220,0,0,0,0,56,0,0
185,scan,184,0,20775814551233,,20775814715367,20775816609694,36.407,1.1501,0.5286,1.4977,1,1.0154,1015,220,-2,220,-2,1,182,20775714782082,20775782265653,67483,0,1,63628,67169,0,,,,184,220,-2,0,0,0,56,0,0
186,scan,185,0,20775864803541,,20775864927575,20775866665614,36.457,1.1506,0.5360,1.4977,1,1.0063,1006,220,-2,220,-1,1,183,20775764709170,20775831878799,67169,0,1,63628,67156,0,,,,185,220,-1,0,0,0,56,0,0
187,scan,186,0,20775914644436,,20775914784970,20775916557334,36.507,1.1517,0.5509,1.4975,1,1.0236,1023,220,-2,220,-1,1,184,20775814592154,20775882302444,67710,0,1,63628,67171,0,,,,186,220,-1,0,0,0,56,0,0
188,scan,187,0,20775964754894,,20775964877508,20775966586740,36.557,1.1523,0.5584,1.4975,1,1.0326,1032,220,-2,220,0,1,185,20775864845162,20775932108045,67262,0,1,63628,67167,0,,,,187,220,0,0,0,0,56,0,0
189,scan,188,0,20776014716892,,20776014858559,20776016513121,36.607,1.1534,0.5733,1.4974,1,1.0091,1009,220,-2,220,0,1,186,20775914687140,20775981754082,67066,0,1,63628,67165,0,,,,188,220,0,0,0,0,56,0,0
190,scan,189,0,20776064842769,,20776064958936,20776066512067,36.657,1.1539,0.5808,1.4975,1,1.0248,1024,220,-2,220,0,1,187,20775964796194,20776031929603,67133,0,1,63628,67155,0,,,,189,220,0,0,0,0,56,0,0
191,scan,190,0,20776114892059,,20776115044163,20776117450838,36.707,1.1550,0.5957,1.4975,1,1.0085,1008,220,-2,220,0,1,188,20776014768258,20776082308198,67539,0,1,63628,67173,0,,,,190,220,0,0,0,0,56,0,0
192,scan,191,0,20776165112127,,20776165313239,20776167434716,36.757,1.1556,0.6031,1.4975,1,1.0254,1025,220,-2,220,1,1,189,20776064885291,20776131983851,67098,0,1,63628,67166,0,,,,191,220,1,0,0,0,56,0,0
193,scan,192,0,20776214923832,,20776215066964,20776216589880,36.807,1.1567,0.6181,1.4975,1,1.0111,1011,220,-2,220,0,1,190,20776114932514,20776182615885,67683,0,1,63628,67181,0,,,,192,220,0,0,0,0,56,0,0
194,scan,193,0,20776264836410,,20776264976160,20776266542155,36.857,1.1572,0.6255,1.4975,1,1.0332,1033,220,-2,220,2,1,191,20776165179532,20776231918564,66739,0,1,63628,67169,0,,,,193,220,2,0,0,0,56,0,0
195,scan,194,0,20776315209371,,20776315356393,20776317445547,36.907,1.1583,0.6404,1.4976,1,1.0239,1023,220,-2,220,2,1,192,20776214971709,20776282679862,67708,0,1,63628,67199,0,,,,194,220,2,0,0,0,56,0,0
196,scan,195,0,20776365333713,,20776365452877,20776367632266,36.957,1.1588,0.6479,1.4976,1,1.0003,1000,220,-2,220,0,1,193,20776264883845,20776331763941,66880,0,1,63628,67207,0,,,,195,220,0,0,0,0,56,0,0
197,scan,196,0,20776415282474,,20776415426229,20776417602909,37.007,1.1594,0.6554,1.4977,1,1.0066,1006,220,-3,220,-2,1,194,20776315255078,20776382042954,66787,0,1,63628,67196,0,,,,196,220,-2,0,0,0,56,0,0
198,scan,197,0,20776465459935,,20776465616652,20776467547061,37.057,1.1605,0.6703,1.4978,1,1.0124,1012,220,-3,220,-1,1,195,20776365374272,20776431361975,65987,0,1,63628,67157,0,,,,197,220,-1,0,0,0,56,0,0
199,scan,198,0,20776515660928,,20776515793506,20776517591918,37.107,1.1610,0.6778,1.4978,1,1.0023,1002,220,-3,220,-3,1,196,20776415331851,20776482760075,67428,0,1,63628,67160,0,,,,198,220,-3,0,0,0,56,0,0
200,scan,199,0,20776565400000,,20776565554209,20776567594095,37.157,1.1621,0.6927,1.4975,1,1.0132,1013,220,-3,220,-3,1,197,20776465518514,20776533084064,67565,0,1,63628,67159,0,,,,199,220,-3,0,0,0,56,0,0
201,scan,200,0,20776615898662,,20776616072755,20776617590024,37.207,1.1627,0.7001,1.4974,1,1.0146,1014,220,-2,220,-2,1,198,20776515708368,20776583313249,67604,0,1,63628,67158,0,,,,200,220,-2,0,0,0,56,0,0
202,scan,201,0,20776665449181,,20776665566603,20776667551718,37.257,1.1638,0.7151,1.4972,1,1.0126,1012,220,-2,220,-2,1,199,20776565452363,20776633052923,67600,0,1,63628,67169,0,,,,201,220,-2,0,0,0,56,0,0
203,scan,202,0,20776715568544,,20776715692445,20776717516258,37.307,1.1643,0.7225,1.4972,1,0.9951,995,220,-2,220,2,1,200,20776615945059,20776683567899,67622,0,1,63628,67146,0,,,,202,220,2,0,0,0,56,0,0
204,scan,203,0,20776765426016,,20776765549768,20776767541473,37.357,1.1654,0.7374,1.4971,1,1.0119,1011,220,-2,220,1,1,201,20776665491496,20776729829831,64338,0,1,63628,67140,0,,,,203,220,1,0,0,0,56,0,0
205,scan,204,0,20776815766405,,20776815912034,20776817613771,37.407,1.1660,0.7449,1.4972,1,0.9973,997,220,-2,220,-1,1,202,20776715611043,20776783162783,67551,0,1,63628,67136,0,,,,204,220,-1,0,0,0,56,0,0
206,scan,205,0,20776866229742,,20776866511190,20776868655623,37.457,1.1671,0.7598,1.4974,1,1.0107,1010,220,-2,220,-1,1,203,20776765468088,20776832945387,67477,0,1,63628,67131,0,,,,205,220,-1,0,0,0,56,0,0
207,scan,206,0,20776915577482,,20776915699076,20776917593624,37.507,1.1676,0.7673,1.4973,1,1.0011,1001,220,-2,220,0,1,204,20776815813453,20776883108696,67295,0,1,63628,67122,0,,,,206,220,0,0,0,0,56,0,0
208,scan,207,0,20776965576965,,20776965693918,20776967606079,37.557,1.1687,0.7822,1.4971,1,0.9869,986,220,-2,220,0,1,205,20776866284250,20776933201846,66917,0,1,63628,67104,0,,,,207,220,0,0,0,0,56,0,0
209,scan,208,0,20777015658104,,20777015789792,20777017602539,37.607,1.1693,0.7896,1.4971,1,0.9948,994,220,-2,220,2,1,206,20776915618406,20776983130810,67512,0,1,63628,67107,0,,,,208,220,2,0,0,0,56,0,0
210,scan,209,0,20777065693455,,20777065818808,20777067523499,37.657,1.1704,0.8046,1.4972,1,1.0019,1001,220,-2,220,1,1,207,20776965614720,20777032925751,67311,0,1,63628,67088,0,,,,209,220,1,0,0,0,56,0,0
211,scan,210,0,20777115834346,,20777115965292,20777117561434,37.707,1.1709,0.8120,1.4973,1,1.0036,1003,220,-3,220,-1,1,208,20777015703249,20777083088357,67385,0,1,63628,67084,0,,,,210,220,-1,0,0,0,56,0,0
212,scan,211,0,20777166017207,,20777166143205,20777167514719,37.757,1.1720,0.8270,1.4974,1,0.9974,997,220,-3,220,-2,1,209,20777065739021,20777134071995,68332,0,1,63628,67103,0,,,,211,220,-2,0,0,0,56,0,0
213,scan,212,0,20777215544044,,20777215668525,20777217507275,37.807,1.1726,0.8344,1.4973,1,0.9930,992,220,-3,220,0,1,210,20777115878959,20777183399294,67520,0,1,63628,67104,0,,,,212,220,0,0,0,0,56,0,0
214,scan,213,0,20777265589332,,20777265731741,20777268521176,37.857,1.1731,0.8419,1.4972,1,0.9971,997,220,-3,220,0,1,211,20777166057871,20777233594470,67536,0,1,63628,67100,0,,,,213,220,0,0,0,0,56,0,0
215,scan,214,0,20777316123141,,20777316244243,20777317583577,37.907,1.1742,0.8568,1.4971,1,0.9877,987,220,-3,220,2,1,212,20777215586029,20777283047712,67461,0,1,63628,67103,0,,,,214,220,2,0,0,0,56,0,0
216,scan,215,0,20777365756147,,20777365887295,20777367573966,37.957,1.1748,0.8642,1.4972,1,0.9931,993,220,-3,220,-1,1,213,20777265634089,20777332856477,67222,0,1,63628,67105,0,,,,215,220,-1,0,0,0,56,0,0
217,scan,216,0,20777415936862,,20777416138086,20777417510513,38.007,1.1759,0.8792,1.4973,1,0.9891,989,220,-3,220,-2,1,214,20777316164964,20777382614769,66449,0,1,63628,67082,0,,,,216,220,-2,0,0,0,56,0,0
218,scan,217,0,20777465835479,,20777465967346,20777467527245,38.057,1.1764,0.8866,1.4973,1,0.9867,986,220,-3,220,1,1,215,20777365801921,20777432103805,66301,0,1,63628,67049,0,,,,217,220,1,0,0,0,56,0,0
219,scan,218,0,20777515725580,,20777515848423,20777517692975,38.107,1.1775,0.9015,1.4971,1,0.9715,971,220,-3,220,0,1,216,20777415989509,20777483576921,67587,0,1,63628,67144,0,,,,218,220,0,0,0,0,56,0,0
220,scan,219,0,20777566288354,,20777566421315,20777568472773,38.157,1.1781,0.9090,1.4971,1,0.9931,993,220,-3,220,-3,1,217,20777465882087,20777533277136,67395,0,1,63628,67138,0,,,,219,220,-3,0,0,0,56,0,0
221,scan,220,0,20777616572348,,20777616715702,20777618640090,38.207,1.1792,0.9239,1.4973,1,0.9730,972,220,-4,220,2,1,218,20777515765875,20777583407040,67641,0,1,63628,67139,0,,,,220,220,2,0,0,0,56,0,0
222,scan,221,0,20777666510508,,20777666629888,20777668633075,38.257,1.1797,0.9314,1.4972,1,0.9814,981,220,-4,220,-1,1,219,20777566335061,20777633730426,67395,0,1,63628,67141,0,,,,221,220,-1,0,0,0,56,0,0
223,scan,222,0,20777716671488,,20777716798395,20777718518284,38.307,1.1808,0.9463,1.4969,1,0.9949,994,220,-3,220,-2,1,220,20777616622040,20777684018991,67396,0,1,63628,67150,0,,,,222,220,-2,0,0,0,56,0,0
224,scan,223,0,20777766911090,,20777767067891,20777768631523,38.357,1.1814,0.9538,1.4969,1,0.9880,987,220,-3,220,1,1,221,20777666554249,20777730572806,64018,0,1,63628,67153,0,,,,223,220,1,0,0,0,56,0,0
225,scan,224,0,20777816707126,,20777816830573,20777818603330,38.407,1.1825,0.9687,1.4970,1,0.9707,970,220,-4,220,0,1,222,20777716714802,20777783321003,66606,0,1,63628,67131,0,,,,224,220,0,0,0,0,56,0,0
226,scan,225,0,20777866772442,,20777866918049,20777868638417,38.457,1.1830,0.9761,1.4970,1,0.9860,985,220,-4,220,-5,1,223,20777766964173,20777831017938,64053,0,1,63628,67053,0,,,,225,220,-5,0,0,0,56,0,0
227,scan,226,0,20777916676754,,20777916807533,20777918586036,38.507,1.1841,0.9911,1.4970,1,0.9703,970,220,-4,220,-6,1,224,20777816750340,20777883534020,66783,0,1,63628,67030,0,,,,226,220,-6,0,0,0,56,0,0
228,scan,227,0,20777966756939,,20777966897937,20777968500260,38.557,1.1847,0.9985,1.4968,1,0.9642,964,220,-4,220,-2,1,225,20777866822242,20777933375708,66553,0,1,63628,67012,0,,,,227,220,-2,0,0,0,56,0,0
229,scan,228,0,20778016956775,,20778017126477,20778019371024,38.607,1.1858,1.0134,1.4963,1,0.9602,960,220,-3,220,-3,1,226,20777916720573,20777983789359,67068,0,1,63628,67012,0,,,,228,220,-3,0,0,0,56,0,0
230,scan,229,0,20778066885436,,20778067011310,20778068506443,38.657,1.1863,1.0209,1.4962,1,0.9369,936,220,-3,220,0,1,227,20777966799924,20778034490038,67690,0,1,63628,67026,0,,,,229,220,0,0,0,0,56,0,0
231,scan,230,0,20778116912024,,20778117043652,20778118973215,38.707,1.1869,1.0284,1.4962,1,0.9296,929,220,-3,220,2,1,228,20778017000405,20778083751011,66750,0,1,63628,67006,0,,,,230,220,2,0,0,0,56,0,0
232,scan,231,0,20778166912378,,20778167045810,20778168583734,38.757,1.1880,1.0433,1.4963,1,0.9230,922,220,-4,220,-4,1,229,20778066931730,20778134231556,67299,0,1,63628,67011,0,,,,231,220,-4,0,0,0,56,0,0
233,scan,232,0,20778216722122,,20778216846442,20778218551159,38.807,1.1886,1.0507,1.4963,2,0.9142,914,0,1000,220,0,1,230,20778116957029,20778183878530,66921,0,1,63628,66992,0,,,,232,220,0,0,0,0,56,0,0
234,scan,233,0,20778266665934,,20778266788691,20778268606882,38.857,1.1897,1.0657,1.4962,2,0.8958,895,0,1000,220,-1,1,231,20778166958579,20778231543613,64585,0,1,63628,66938,0,,,,233,220,-1,0,0,0,56,0,0
235,scan,234,0,20778316687947,,20778316826526,20778318562678,38.907,1.1902,1.0731,1.4961,2,0.8958,895,0,1000,0,999,1,232,20778216765106,20778283227855,66462,0,1,63628,66907,0,,,,234,0,999,0,0,0,56,0,0
236,scan,235,0,20778366738479,,20778366869835,20778368545347,38.957,1.1913,1.0869,1.4978,2,0.8804,880,0,1000,0,999,1,233,20778266709679,20778333720959,67011,0,1,63628,66910,0,,,,235,0,999,0,0,0,56,0,0
237,scan,236,0,20778416751924,,20778416872868,20778418519808,39.007,1.1916,1.0920,1.5052,2,0.8695,869,0,1000,0,999,1,234,20778316736104,20778383848931,67112,0,1,63628,66918,0,,,,236,0,999,0,0,0,56,0,0
238,scan,237,0,20778467154383,,20778467284058,20778469500818,39.057,1.1920,1.0989,1.5309,2,0.8742,874,0,1000,0,999,1,235,20778366781805,20778434179087,67397,0,1,63628,66954,0,,,,237,0,999,0,0,0,56,0,0
239,scan,238,0,20778517674073,,20778517850743,20778519481440,39.107,1.1921,1.1007,1.5412,2,0.8642,864,0,1000,0,999,1,236,20778416792695,20778483184192,66391,0,1,63628,66928,0,,,,238,0,999,0,0,0,56,0,0
240,scan,239,0,20778567338557,,20778567485691,20778569510223,39.157,1.1921,1.1027,1.5665,2,0.8619,861,0,1000,0,999,1,237,20778467199685,20778533852477,66652,0,1,63628,66905,0,,,,239,0,999,0,0,0,56,0,0
241,scan,240,0,20778617465571,,20778617622727,20778619536419,39.207,1.1921,1.1028,1.5957,2,0.8705,870,0,1000,0,999,1,238,20778517718714,20778584988164,67269,0,1,63628,66897,0,,,,240,0,999,0,0,0,56,0,0
242,scan,241,0,20778667538278,,20778667666341,20778669592341,39.257,1.1921,1.1027,1.6846,2,0.8670,866,0,1000,0,999,1,239,20778567390634,20778634777433,67386,0,1,63628,66891,0,,,,241,0,999,0,0,0,56,0,0
243,scan,242,0,20778717320758,,20778717450371,20778719530107,39.307,1.1921,1.1026,1.7249,2,0.8593,859,0,1000,0,999,1,240,20778617525663,20778684930081,67404,0,1,63628,66886,0,,,,242,0,999,0,0,0,56,0,0
244,scan,243,0,20778767502676,,20778767624055,20778769624331,39.357,1.1922,1.1025,1.7809,2,0.8692,869,0,1000,0,999,1,241,20778667582910,20778732308705,64725,0,1,63628,66895,0,,,,243,0,999,0,0,0,56,0,0
245,scan,244,0,20778817395193,,20778817528476,20778819545671,39.407,1.1922,1.1025,1.8091,2,0.8592,859,0,1000,0,999,1,242,20778717365311,20778788967458,71602,0,1,63628,66997,0,,,,244,0,999,0,0,0,56,0,0
246,scan,245,0,20778867426892,,20778867546851,20778869699721,39.457,1.1922,1.1024,1.8827,2,0.8616,861,0,1000,0,999,1,243,20778767543484,20778834949475,67405,0,1,63628,66995,0,,,,245,0,999,0,0,0,56,0,0
247,scan,246,0,20778917652859,,20778917782555,20778919609524,39.507,1.1922,1.1023,1.9212,2,0.8571,857,0,1000,0,999,1,244,20778817441176,20778884938718,67497,0,1,63628,67000,0,,,,246,0,999,0,0,0,56,0,0
248,scan,247,0,20778967599096,,20778967721199,20778969535215,39.557,1.1923,1.1023,1.9559,2,0.8665,866,0,1000,0,999,1,245,20778867465711,20778934575462,67109,0,1,63628,67005,0,,,,247,0,999,0,0,0,56,0,0
249,scan,248,0,20779017591875,,20779017729637,20779019557712,39.607,1.1923,1.1022,2.0175,2,0.8572,857,0,1000,0,999,1,246,20778917697141,20778985296080,67598,0,1,63628,67007,0,,,,248,0,999,0,0,0,56,0,0
250,scan,249,0,20779068040376,,20779068161446,20779070404820,39.657,1.1923,1.1021,2.0502,2,0.8597,859,0,1000,0,999,1,247,20778967640798,20779035067045,67426,0,1,63628,67010,0,,,,249,0,999,0,0,0,56,0,0
251,scan,250,0,20779117975807,,20779118135378,20779120440434,39.707,1.1924,1.1020,2.1218,2,0.8534,853,0,1000,0,999,1,248,20779017637286,20779085097199,67459,0,1,63628,67012,0,,,,250,0,999,0,0,0,56,0,0
252,scan,251,0,20779167865724,,20779168000094,20779169566028,39.757,1.1924,1.1020,2.1570,2,0.8558,855,0,1000,0,999,1,249,20779068085089,20779135390282,67305,0,1,63628,66986,0,,,,251,0,999,0,0,0,56,0,0
253,scan,252,0,20779217780492,,20779217908244,20779220478973,39.807,1.1925,1.1019,2.2228,2,0.8561,856,0,1000,0,999,1,250,20779118036054,20779185427380,67391,0,1,63628,66983,0,,,,252,0,999,0,0,0,56,0,0
254,scan,253,0,20779268172824,,20779268300221,20779270476089,39.857,1.1926,1.1018,2.2556,2,0.8551,855,0,1000,0,999,1,251,20779167912070,20779235405995,67493,0,1,63628,66982,0,,,,253,0,999,0,0,0,56,0,0
255,scan,254,0,20779318260117,,20779318391942,20779320532280,39.907,1.1926,1.1018,2.3244,2,0.8566,856,0,1000,0,999,1,252,20779217823763,20779285349547,67525,0,1,63628,66983,0,,,,254,0,999,0,0,0,56,0,0
256,scan,255,0,20779368455257,,20779368584052,20779370618130,39.957,1.1927,1.1017,2.3593,2,0.8604,860,0,1000,0,999,1,253,20779268217565,20779335399717,67182,0,1,63628,66982,0,,,,255,0,999,0,0,0,56,0,0
257,scan,256,0,20779418554536,,20779418685606,20779420601339,40.007,1.1928,1.1016,2.4269,2,0.8473,847,0,1000,0,999,1,254,20779318303445,20779385547266,67243,0,1,63628,67002,0,,,,256,0,999,0,0,0,56,0,0
258,scan,257,0,20779468890040,,20779469031485,20779470550718,40.057,1.1928,1.1016,2.4602,2,0.8619,861,0,1000,0,999,1,255,20779368499938,20779436063474,67563,0,1,63628,67034,0,,,,257,0,999,0,0,0,56,0,0
259,scan,258,0,20779518752990,,20779518903786,20779520541626,40.107,1.1929,1.1015,2.5281,2,0.8644,864,0,1000,0,999,1,256,20779418601804,20779486205648,67603,0,1,63628,67034,0,,,,258,0,999,0,0,0,56,0,0
260,scan,259,0,20779569474414,,20779569677133,20779571504749,40.157,1.1930,1.1015,2.5624,2,0.8761,876,0,1000,0,999,1,257,20779468937208,20779536101886,67164,0,1,63628,67028,0,,,,259,0,999,0,0,0,56,0,0
261,scan,260,0,20779618618706,,20779618752163,20779620523320,40.207,1.1931,1.1015,2.6304,2,0.8794,879,0,940,0,999,1,258,20779518796168,20779583289809,64493,0,1,63628,66950,0,,,,260,0,999,0,0,0,56,0,0
262,scan,261,0,20779668696919,,20779668815114,20779670571656,40.257,1.1931,1.1014,2.6641,2,0.8948,894,0,873,0,998,1,259,20779569544304,20779637254553,67710,0,1,63628,66957,0,,,,261,0,998,0,0,0,56,0,0
263,scan,262,0,20779718809979,,20779718958734,20779720652702,40.307,1.1932,1.1014,2.7316,2,0.9021,902,220,738,0,948,1,260,20779618664500,20779686346688,67682,0,1,63628,66965,0,,,,262,0,948,0,0,0,56,0,0
264,scan,263,0,20779768680013,,20779768805633,20779770601352,40.357,1.1933,1.1014,2.7657,2,0.9206,920,220,669,0,878,1,261,20779668739238,20779732999918,64260,0,1,63628,66971,0,,,,263,0,878,0,0,0,56,0,0
265,scan,264,0,20779818843861,,20779818970154,20779820754921,40.407,1.1934,1.1014,2.7994,2,0.9353,935,220,602,220,731,1,262,20779718849687,20779783549144,64699,0,1,63628,66923,0,,,,264,220,731,0,0,0,56,0,0
266,scan,265,0,20779869137444,,20779869479754,20779871576869,40.457,1.1935,1.1013,2.8604,2,0.9568,956,220,480,220,656,1,263,20779768722316,20779835716900,66994,0,1,63628,66997,0,,,,265,220,656,0,0,0,56,0,0
267,scan,266,0,20779918871357,,20779919021302,20779920603080,40.507,1.1924,1.1016,2.8891,2,0.9826,982,220,423,220,586,1,264,20779818886607,20779886173158,67286,0,1,63628,67009,0,,,,266,220,586,0,0,0,56,0,0
268,scan,267,0,20779968739442,,20779968878332,20779970498365,40.557,1.1869,1.1029,2.9609,2,0.5763,576,220,280,220,464,1,265,20779869242370,20779943675145,74432,0,1,63628,67206,0,,,,267,220,464,0,0,0,56,0,0
269,scan,268,0,20780018774733,,20780018924337,20780020619664,40.607,1.1824,1.1036,3.0012,2,0.5441,544,220,200,220,408,1,266,20779918922761,20779983839426,64916,0,1,63628,67152,0,,,,268,220,408,0,0,0,56,0,0
270,scan,269,0,20780068774838,,20780068902941,20780070671081,40.657,1.1705,1.1048,3.0721,2,0.5147,514,220,59,220,268,1,267,20779968794488,20780033191706,64397,0,1,63628,67070,0,,,,269,220,268,0,0,0,56,0,0
271,scan,270,0,20780118792690,,20780118945167,20780120533151,40.707,1.1637,1.1052,3.0962,2,0.4937,493,220,11,220,192,1,268,20780018825784,20780086383293,67557,0,1,63628,67090,0,,,,270,220,192,0,0,0,56,0,0
272,scan,271,0,20780168814874,,20780168942317,20780170495583,40.757,1.1490,1.1057,3.1118,2,0.4870,486,220,-21,220,57,1,269,20780068820738,20780136161441,67340,0,1,63628,67091,0,,,,271,220,57,0,0,0,56,0,0
273,scan,272,0,20780218974533,,20780219132218,20780220545352,40.807,1.1415,1.1059,3.1087,2,0.4977,497,220,-15,220,11,1,270,20780118837534,20780186268609,67431,0,1,63628,67104,0,,,,272,220,11,0,0,0,56,0,0
274,scan,273,0,20780268868344,,20780269000501,20780270586604,40.857,1.1266,1.1064,3.1107,2,0.4842,484,220,-19,220,-19,1,271,20780168858307,20780233059097,64200,0,1,63628,67094,0,,,,273,220,-19,0,0,0,56,0,0
275,scan,274,0,20780319417327,,20780319556362,20780321604877,40.907,1.1191,1.1067,3.1148,2,0.4999,499,220,-27,220,-14,1,272,20780219034407,20780286362487,67328,0,1,63628,67116,0,,,,274,220,-14,0,0,0,56,0,0
276,scan,275,0,20780369410824,,20780369531466,20780371674070,40.957,1.1041,1.1070,3.1151,2,0.4918,491,220,-28,220,-18,1,273,20780268912783,20780335994696,67081,0,1,63628,67118,0,,,,275,220,-18,0,0,0,56,0,0
277,scan,276,0,20780419385189,,20780419508391,20780421539447,41.007,1.0967,1.1073,3.1117,2,0.5155,515,220,-21,220,-25,1,274,20780319460752,20780386801537,67340,0,1,63628,67123,0,,,,276,220,-25,0,0,0,56,0,0
278,scan,277,0,20780469873745,,20780470121271,20780472424217,41.057,1.0817,1.1077,3.1086,2,0.4960,495,220,-15,220,-26,1,275,20780369452019,20780436145015,66692,0,1,63628,67106,0,,,,277,220,-26,0,0,0,56,0,0
279,scan,278,0,20780519601784,,20780519751524,20780521566811,41.107,1.0742,1.1080,3.1096,2,0.5173,517,220,-17,220,-20,1,276,20780419428525,20780486447876,67019,0,1,63628,67121,0,,,,278,220,-20,0,0,0,56,0,0
280,scan,279,0,20780569758593,,20780569894852,20780571507756,41.157,1.0593,1.1085,3.1095,2,0.5264,526,220,-17,220,-14,1,277,20780469956437,20780534577686,64621,0,1,63628,67071,0,,,,279,220,-14,0,0,0,56,0,0
281,scan,280,0,20780619841787,,20780619993133,20780621577612,41.207,1.0518,1.1087,3.1078,2,0.5426,542,220,-13,220,-16,1,278,20780519652213,20780582937374,63285,0,1,63285,66971,0,,,,280,220,-16,0,0,0,56,0,0
282,scan,281,0,20780669905357,,20780670020541,20780671758929,41.257,1.0443,1.1090,3.1061,2,0.9596,959,220,-10,220,-15,1,279,20780569798078,20780637826256,68028,0,1,63285,66987,0,,,,281,220,-15,0,0,0,56,0,0
283,scan,282,0,20780719684471,,20780719813696,20780721517244,41.307,1.0294,1.1095,3.1055,2,0.9453,945,220,-9,220,-12,1,280,20780619894969,20780687365154,67470,0,1,63285,66989,0,,,,282,220,-12,0,0,0,56,0,0
284,scan,283,0,20780769654410,,20780769780650,20780771538051,41.357,1.0219,1.1098,3.1058,2,0.9425,942,220,-10,220,-9,1,281,20780669949788,20780734368127,64418,0,1,63285,66981,0,,,,283,220,-9,0,0,0,56,0,0
285,scan,284,0,20780819694620,,20780819842840,20780821563937,41.407,1.0069,1.1103,3.1049,2,0.9355,935,220,-8,220,-8,1,282,20780719731341,20780787237011,67505,0,1,63285,66879,0,,,,284,220,-8,0,0,0,56,0,0
286,scan,285,0,20780869687640,,20780869857272,20780871531098,41.457,0.9995,1.1106,3.1041,2,0.9127,912,220,-6,220,-9,1,283,20780769698821,20780837226575,67527,0,1,63285,66882,0,,,,285,220,-9,0,0,0,56,0,0
287,scan,286,0,20780919749337,,20780919912752,20780921511093,41.507,0.9845,1.1112,3.1036,2,0.8979,897,220,-5,220,-7,1,284,20780819746593,20780887344487,67597,0,1,63285,66884,0,,,,286,220,-7,0,0,0,56,0,0
288,scan,287,0,20780970542093,,20780970706680,20780972654433,41.557,0.9770,1.1115,3.1036,2,0.9024,902,220,-5,220,-5,1,285,20780869747194,20780936653842,66906,0,1,63285,66879,0,,,,287,220,-5,0,0,0,56,0,0
289,scan,288,0,20781020363752,,20781020490126,20781022596401,41.607,0.9621,1.1120,3.1032,2,0.8820,881,220,-5,220,-5,1,286,20780919803111,20780987045304,67242,0,1,63285,66870,0,,,,288,220,-5,0,0,0,56,0,0
290,scan,289,0,20781070222327,,20781070350727,20781072513966,41.657,0.9546,1.1123,3.1028,2,0.8767,876,220,-4,220,-6,1,287,20780970600297,20781038006704,67406,0,1,63285,66870,0,,,,289,220,-6,0,0,0,56,0,0
291,scan,290,0,20781120252515,,20781120376235,20781122478813,41.707,0.9396,1.1129,3.1024,2,0.8556,855,220,-3,220,-3,1,288,20781020406143,20781087821851,67415,0,1,63285,66869,0,,,,290,220,-3,0,0,0,56,0,0
292,scan,291,0,20781170961402,,20781171115482,20781173434650,41.757,0.9321,1.1132,3.1024,2,0.8549,854,220,-3,220,-4,1,289,20781070270177,20781137580878,67310,0,1,63285,66869,0,,,,291,220,-4,0,0,0,56,0,0
293,scan,292,0,20781220544594,,20781220695308,20781222508870,41.807,0.9172,1.1138,3.1021,2,0.8516,851,220,-2,220,-1,1,290,20781120292723,20781187600751,67308,0,1,63285,66867,0,,,,292,220,-1,0,0,0,56,0,0
294,scan,293,0,20781270583349,,20781270713983,20781272629325,41.857,0.9097,1.1141,3.1019,2,0.8320,832,220,-2,220,-2,1,291,20781171009204,20781238206279,67197,0,1,63285,66859,0,,,,293,220,-2,0,0,0,56,0,0
295,scan,294,0,20781320814956,,20781320954944,20781322693231,41.907,0.8948,1.1147,3.1018,2,0.8143,814,220,-2,220,-1,1,292,20781220591581,20781287856558,67264,0,1,63285,66853,0,,,,294,220,-1,0,0,0,56,0,0
296,scan,295,0,20781370492467,,20781370632737,20781372567026,41.957,0.8873,1.1150,3.1018,2,0.8183,818,220,-2,220,-2,1,293,20781270630961,20781338288600,67657,0,1,63285,66865,0,,,,295,220,-2,0,0,0,56,0,0
297,scan,296,0,20781420208635,,20781420325218,20781422436049,42.007,0.8724,1.1156,3.1017,2,0.8029,802,220,-2,220,-1,1,294,20781320858765,20781387853767,66995,0,1,63285,66858,0,,,,296,220,-1,0,0,0,56,0,0
298,scan,297,0,20781470496853,,20781470661763,20781472518612,42.057,0.8649,1.1159,3.1016,2,0.7874,787,220,-2,220,-1,1,295,20781370549173,20781437924723,67375,0,1,63285,66854,0,,,,297,220,-1,0,0,0,56,0,0
299,scan,298,0,20781520549294,,20781520681937,20781522620162,42.107,0.8574,1.1162,3.1016,2,0.7870,787,220,-1,220,-1,1,296,20781420245301,20781487806766,67561,0,1,63285,66853,0,,,,298,220,-1,0,0,0,56,0,0
300,scan,299,0,20781570750050,,20781570909324,20781572521613,42.157,0.8425,1.1168,3.1015,2,0.7728,772,220,-1,220,-1,1,297,20781470558005,20781535224578,64666,0,1,63285,66790,0,,,,299,220,-1,0,0,0,56,0,0
301,scan,300,0,20781620870533,,20781621010701,20781622539316,42.207,0.8350,1.1171,3.1015,2,0.7708,770,220,-1,220,-2,1,298,20781520594982,20781585260463,64665,0,1,63285,66795,0,,,,300,220,-2,0,0,0,56,0,0
302,scan,301,0,20781670636555,,20781670767187,20781672541653,42.257,0.8201,1.1177,3.1014,2,0.7580,758,220,-1,220,-1,1,299,20781570807397,20781635068557,64261,0,1,63285,66708,0,,,,301,220,-1,0,0,0,56,0,0
303,scan,302,0,20781720943528,,20781721108926,20781722609166,42.307,0.8126,1.1180,3.1014,2,0.7448,744,220,-1,220,0,1,300,20781620921140,20781685287246,64366,0,1,63285,66625,0,,,,302,220,0,0,0,0,56,0,0
304,scan,303,0,20781770661979,,20781770798104,20781772561589,42.357,0.7977,1.1186,3.1012,2,0.7249,724,220,-1,220,1,1,301,20781670682610,20781735070364,64387,0,1,63285,66629,0,,,,303,220,1,0,0,0,56,0,0
305,scan,304,0,20781820818970,,20781820944713,20781822520082,42.407,0.7902,1.1189,3.1012,2,0.7116,711,220,-1,220,0,1,302,20781720991050,20781785301896,64310,0,1,63285,66619,0,,,,304,220,0,0,0,0,56,0,0
306,scan,305,0,20781870943195,,20781871067702,20781872570167,42.457,0.7753,1.1195,3.1014,2,0.7155,715,220,-1,220,1,1,303,20781770707317,20781834885051,64177,0,1,63285,66548,0,,,,305,220,1,0,0,0,56,0,0
307,scan,306,0,20781920758085,,20781920920933,20781922634019,42.507,0.7678,1.1198,3.1014,2,0.7053,705,220,-1,220,0,1,304,20781820862040,20781888142788,67280,0,1,63285,66548,0,,,,306,220,0,0,0,0,56,0,0
308,scan,307,0,20781970818138,,20781970958981,20781972608546,42.557,0.7528,1.1204,3.1013,2,0.6888,688,220,-1,220,0,1,305,20781870987786,20781937971906,66984,0,1,63285,66362,0,,,,307,220,0,0,0,0,56,0,0
309,scan,308,0,20782020917985,,20782021040817,20782022594774,42.607,0.7454,1.1207,3.1013,2,0.6811,681,220,-1,220,1,1,306,20781920803968,20781987671667,66867,0,1,63285,66411,0,,,,308,220,1,0,0,0,56,0,0
310,scan,309,0,20782071065879,,20782071211127,20782073399624,42.657,0.7304,1.1213,3.1014,2,0.6748,674,220,-1,220,0,1,307,20781970865798,20782038364803,67499,0,1,63285,66488,0,,,,309,220,0,0,0,0,56,0,0
311,scan,310,0,20782121116944,,20782121392074,20782123480905,42.707,0.7229,1.1216,3.1014,2,0.6581,658,220,-1,220,1,1,308,20782020959460,20782087721570,66762,0,1,63285,66469,0,,,,310,220,1,0,0,0,56,0,0
312,scan,311,0,20782170994047,,20782171150606,20782172596492,42.757,0.7080,1.1222,3.1015,2,0.6498,649,220,-1,220,0,1,309,20782071117255,20782138810889,67693,0,1,63285,66477,0,,,,311,220,0,0,0,0,56,0,0
313,scan,312,0,20782220942978,,20782221067730,20782222554945,42.807,0.7005,1.1225,3.1015,2,0.6339,633,220,-1,220,1,1,310,20782121205751,20782188151363,66945,0,1,63285,66465,0,,,,312,220,1,0,0,0,56,0,0
314,scan,313,0,20782270983942,,20782271121048,20782273451118,42.857,0.6855,1.1231,3.1015,2,0.6387,638,220,-1,220,0,1,311,20782171048566,20782238834476,67785,0,1,63285,66555,0,,,,313,220,0,0,0,0,56,0,0
315,scan,314,0,20782320692333,,20782320821238,20782322499979,42.907,0.6781,1.1234,3.1016,2,0.6181,618,220,-1,220,0,1,312,20782220987219,20782287878880,66891,0,1,63285,66544,0,,,,314,220,0,0,0,0,56,0,0
316,scan,315,0,20782370996883,,20782371192247,20782373675368,42.957,0.6706,1.1237,3.1016,2,0.6099,609,220,-2,220,-2,1,313,20782271028465,20782339260525,68232,0,1,63285,66573,0,,,,315,220,-2,0,0,0,56,0,0
317,scan,316,0,20782421180155,,20782421325592,20782423412488,43.007,0.6556,1.1243,3.1016,2,0.6040,603,220,-2,220,-2,1,314,20782320736373,20782387939563,67203,0,1,63285,66569,0,,,,316,220,-2,0,0,0,56,0,0
318,scan,317,0,20782471697764,,20782471847959,20782473465022,43.057,0.6482,1.1246,3.1016,2,0.5906,590,220,-1,220,-1,1,315,20782371066403,20782438656533,67590,0,1,63285,66592,0,,,,317,220,-1,0,0,0,56,0,0
319,scan,318,0,20782521591924,,20782521746714,20782523566984,43.107,0.6332,1.1252,3.1014,2,0.5907,590,220,-1,220,-2,1,316,20782421229587,20782488122217,66892,0,1,63285,66589,0,,,,318,220,-2,0,0,0,56,0,0
320,scan,319,0,20782571701169,,20782571829200,20782573501150,43.157,0.6257,1.1255,3.1013,2,0.5661,566,220,-1,220,-1,1,317,20782471744186,20782539338449,67594,0,1,63285,66663,0,,,,319,220,-1,0,0,0,56,0,0
321,scan,320,0,20782622027067,,20782622173402,20782623561895,43.207,0.6108,1.1261,3.1013,2,0.5611,561,220,-1,220,0,1,318,20782521644705,20782585423808,63779,0,1,63285,66675,0,,,,320,220,0,0,0,0,56,0,0
322,scan,321,0,20782671737929,,20782671856648,20782673683616,43.257,0.6033,1.1264,3.1012,2,0.5552,555,220,-1,220,0,1,319,20782571744849,20782638398362,66653,0,1,63285,66641,0,,,,321,220,0,0,0,0,56,0,0
323,scan,322,0,20782721728526,,20782721884554,20782723524069,43.307,0.5884,1.1270,3.1012,2,0.5529,552,220,-1,220,0,1,320,20782622086796,20782689122980,67036,0,1,63285,66630,0,,,,322,220,0,0,0,0,56,0,0
324,scan,323,0,20782771897108,,20782772073544,20782773595617,43.357,0.5809,1.1273,3.1012,2,0.5374,537,220,-1,220,0,1,321,20782671782079,20782736157451,64375,0,1,63285,66629,0,,,,323,220,0,0,0,0,56,0,0
325,scan,324,0,20782821736078,,20782821891879,20782823479382,43.407,0.5660,1.1279,3.1012,2,0.5331,533,220,-1,220,0,1,322,20782721782522,20782789198624,67416,0,1,63285,66627,0,,,,324,220,0,0,0,0,56,0,0
326,scan,325,0,20782872290877,,20782872499297,20782874631603,43.457,0.5585,1.1282,3.1012,2,0.5190,518,220,-1,220,0,1,323,20782771944686,20782839492366,67547,0,1,63285,66627,0,,,,325,220,0,0,0,0,56,0,0
327,scan,326,0,20782921735130,,20782921859240,20782923590951,43.507,0.5435,1.1288,3.1012,2,0.4963,496,220,-1,220,0,1,324,20782821788568,20782889436509,67647,0,1,63285,66628,0,,,,326,220,0,0,0,0,56,0,0
328,scan,327,0,20782971863081,,20782971985678,20782973585213,43.557,0.5361,1.1291,3.1012,2,0.4972,497,220,-1,220,0,1,325,20782872363271,20782939811086,67447,0,1,63285,66642,0,,,,327,220,0,0,0,0,56,0,0
329,scan,328,0,20783022010968,,20783022167070,20783025486443,43.607,0.5211,1.1297,3.1012,2,0.4845,484,220,-1,220,0,1,326,20782921775568,20782989498573,67723,0,1,63285,66654,0,,,,328,220,0,0,0,0,56,0,0
330,scan,329,0,20783072424111,,20783072564658,20783074578448,43.657,0.5136,1.1300,3.1012,2,0.4779,477,220,-1,220,0,1,327,20782971906020,20783039243367,67337,0,1,63285,66652,0,,,,329,220,0,0,0,0,56,0,0
331,scan,330,0,20783122235938,,20783122355329,20783124473897,43.707,0.4987,1.1306,3.1012,2,0.4735,473,220,-1,220,0,1,328,20783022065513,20783089525088,67459,0,1,63285,66653,0,,,,330,220,0,0,0,0,56,0,0
332,scan,331,0,20783172816049,,20783172956891,20783174450562,43.757,0.4912,1.1309,3.1012,2,0.4597,459,220,-1,220,0,1,329,20783072473172,20783140094426,67621,0,1,63285,66661,0,,,,331,220,0,0,0,0,56,0,0
333,scan,332,0,20783222622413,,20783222761020,20783224519950,43.807,0.4837,1.1312,3.1012,2,0.4474,447,220,-1,220,0,1,330,20783122273774,20783189609402,67335,0,1,63285,66662,0,,,,332,220,0,0,0,0,56,0,0
334,scan,333,0,20783272783408,,20783272922808,20783274505763,43.857,0.4688,1.1318,3.1012,2,0.4486,448,220,-1,220,0,1,331,20783172864922,20783239770918,66905,0,1,63285,66655,0,,,,333,220,0,0,0,0,56,0,0
335,scan,334,0,20783322628738,,20783322755309,20783324584300,43.907,0.4613,1.1321,3.1012,2,0.4290,428,220,-1,220,0,1,332,20783222669517,20783290190712,67521,0,1,63285,66661,0,,,,334,220,0,0,0,0,56,0,0
336,scan,335,0,20783372640824,,20783372782273,20783374546908,43.957,0.4464,1.1327,3.1012,2,0.4233,423,220,-1,220,0,1,333,20783272833363,20783339379820,66546,0,1,63285,66633,0,,,,335,220,0,0,0,0,56,0,0
337,scan,336,0,20783422517587,,20783422659869,20783424602534,44.007,0.4389,1.1330,3.1012,2,0.4204,420,220,-1,220,0,1,334,20783322672169,20783389552773,66880,0,1,63285,66630,0,,,,336,220,0,0,0,0,56,0,0
338,scan,337,0,20783472399734,,20783472535919,20783474608807,44.057,0.4239,1.1336,3.1012,2,0.4060,405,220,-1,220,0,1,335,20783372690084,20783440023025,67332,0,1,63285,66629,0,,,,337,220,0,0,0,0,56,0,0
339,scan,338,0,20783522578763,,20783522749033,20783524541656,44.107,0.4165,1.1339,3.1012,2,0.4110,411,220,-1,220,0,1,336,20783422564452,20783487059745,64495,0,1,63285,66553,0,,,,338,220,0,0,0,0,56,0,0
340,scan,339,0,20783572571930,,20783572698265,20783574632999,44.157,0.4015,1.1345,3.1012,2,0.3841,384,220,-1,220,0,1,337,20783472446373,20783539585441,67139,0,1,63285,66614,0,,,,339,220,0,0,1,0,56,0,0
341,scan,340,0,20783622956343,,20783623119840,20783625469700,44.207,0.3941,1.1348,3.1012,2,0.3823,382,220,-1,220,0,1,338,20783522636345,20783589258931,66622,0,1,63285,66663,0,,,,340,220,0,0,1,0,56,0,0
342,scan,341,0,20783672817983,,20783672953707,20783674712794,44.257,0.3791,1.1354,3.1012,2,0.3785,378,220,-1,220,1,1,339,20783572615339,20783639185512,66570,0,1,63285,66721,0,,,,341,220,1,0,1,0,56,0,0
343,scan,342,0,20783723019539,,20783723191632,20783725539295,44.307,0.3716,1.1357,3.1012,2,0.3750,375,220,-1,220,0,1,340,20783623021856,20783690601897,67580,0,1,63285,66801,0,,,,342,220,0,0,1,0,56,0,0
344,scan,343,0,20783772912132,,20783773033269,20783774484753,44.357,0.3567,1.1363,3.1013,2,0.3635,363,220,-1,220,-1,1,341,20783672866675,20783736937282,64070,0,1,63285,66793,0,,,,343,220,-1,0,1,0,56,0,0
345,scan,344,0,20783822980787,,20783823107409,20783824540485,44.407,0.3492,1.1366,3.1013,2,0.3501,350,220,-1,220,0,1,342,20783723067246,20783787569440,64502,0,1,63285,66798,0,,,,344,220,0,0,1,0,56,0,0
346,scan,345,0,20783872926094,,20783873069409,20783874512168,44.457,0.3343,1.1372,3.1012,2,0.3408,340,220,-1,220,0,1,343,20783772950957,20783841030561,68079,0,1,63285,66896,0,,,,345,220,0,0,1,0,56,0,0
347,scan,346,0,20783922917221,,20783923044335,20783924544546,44.507,0.3268,1.1375,3.1012,2,0.3308,330,220,-1,220,0,1,343,,,,1,1,63285,66886,0,,,,346,220,0,0,1,0,56,0,0
348,scan,347,0,20783973150022,,20783973313135,20783975422716,44.557,0.3118,1.1381,3.1012,2,0.3410,340,220,-1,220,0,1,345,20783872971736,20783971035956,98064,0,1,63285,67683,0,,,,347,220,0,0,1,0,56,0,0
349,scan,348,0,20784022831058,,20784022964478,20784024563924,44.607,0.3044,1.1384,3.1012,2,0.3255,325,220,-1,220,0,1,345,,,,1,1,63285,67704,0,,,,348,220,0,0,1,0,56,0,0
350,scan,349,0,20784072988732,,20784073118268,20784074660927,44.657,0.2969,1.1387,3.1012,2,0.3302,330,220,-1,220,0,1,346,20783922962039,20784035542751,112580,0,1,63285,68891,0,,,,349,220,0,0,1,0,56,0,0
351,scan,350,0,20784123337310,,20784123449564,20784125575517,44.707,0.2819,1.1393,3.1012,2,0.3225,322,220,-1,220,0,1,347,20783973202999,20784074214613,101011,0,1,63285,69792,0,,,,350,220,0,0,1,0,56,0,0
352,scan,351,0,20784173607763,,20784173732502,20784175585437,44.757,0.2745,1.1396,3.1012,2,0.3147,314,220,-1,220,-1,1,348,20784022876186,20784134253339,111377,0,1,63285,70942,0,,,,351,220,-1,0,1,0,56,0,0
353,scan,352,0,20784223544325,,20784223754301,20784225665916,44.807,0.2595,1.1402,3.1012,2,0.3127,312,220,-1,220,-1,1,348,,,,1,1,63285,71050,0,,,,352,220,-1,0,1,0,56,0,0
354,scan,353,0,20784273628985,,20784273744438,20784275546932,44.857,0.2521,1.1405,3.1012,2,0.3148,314,220,-1,220,-1,1,350,20784123379146,20784271691479,148312,0,1,63285,73226,0,,,,353,220,-1,0,1,0,56,0,0
355,scan,354,0,20784323885125,,20784324055473,20784325493058,44.907,0.2371,1.1412,3.1011,2,0.2923,292,220,-1,220,-1,1,350,,,,1,1,63285,73402,0,,,,354,220,-1,0,1,0,56,0,0
356,scan,355,0,20784373686984,,20784373840469,20784375607195,44.957,0.2296,1.1415,3.1010,2,0.3023,302,220,-1,220,0,1,352,20784223617371,20784356112455,132495,0,1,63285,75187,0,,,,355,220,0,0,1,0,56,0,0
357,scan,356,0,20784423460205,,20784423580968,20784425529167,45.007,0.2147,1.1421,3.1010,2,0.3022,302,220,-1,220,0,1,352,,,,1,1,63285,75415,0,,,,356,220,0,0,1,0,56,0,0
358,scan,357,0,20784473707596,,20784473834896,20784475628930,45.057,0.2072,1.1424,3.1010,2,0.2974,297,220,-1,220,0,1,353,20784273672357,20784461223990,187551,0,1,63285,78843,0,,,,357,220,0,0,1,0,56,0,0
359,scan,358,0,20784524166698,,20784524308521,20784526525857,45.107,0.1923,1.1430,3.1010,2,0.2843,284,220,-1,220,0,1,354,20784323928301,20784486570487,162642,0,1,63285,81578,0,,,,358,220,0,0,1,0,56,0,0
360,scan,359,0,20784574137589,,20784574268452,20784576450097,45.157,0.1848,1.1433,3.1010,2,0.3004,300,220,-1,220,-1,1,355,20784373742411,20784549172012,175429,0,1,63285,84659,1,20784574241714,,,359,220,-1,0,1,0,56,0,0
361,scan,360,0,20784623977468,,20784624137036,20784625608202,45.207,0.1698,1.1439,3.1010,2,0.3037,303,220,-1,220,0,1,356,20784423500786,20784588138766,164637,0,1,63285,87541,1,,,,360,220,0,0,1,0,56,0,0
362,scan,361,0,20784674014113,,20784674149500,20784675585295,45.257,0.1624,1.1442,3.1010,2,0.2995,299,220,-1,220,-1,1,357,20784473751850,20784632627051,158875,0,1,63285,90176,1,,,,361,220,-1,0,1,0,56,0,0
363,scan,362,0,20784723844619,,20784723994473,20784725587886,45.307,0.1474,1.1448,3.1009,2,0.3160,315,220,-1,220,0,1,358,20784524213225,20784686657714,162444,0,1,63285,92902,1,,,,362,220,0,0,1,0,56,0,0
364,scan,363,0,20784773770428,,20784774079478,20784775574136,45.357,0.1399,1.1451,3.1009,2,0.3340,333,220,-1,220,0,1,358,,,,1,1,63285,93741,1,,,,363,220,0,0,1,0,56,0,0
365,scan,364,0,20784824111325,,20784824264599,20784826451205,45.407,0.1250,1.1457,3.1009,2,0.3363,336,220,0,220,0,1,358,,,,1,1,63285,94539,1,,,,364,220,0,0,1,0,56,0,0
366,scan,365,0,20784873938816,,20784874065357,20784875835766,45.457,0.1175,1.1460,3.1009,2,1.0251,1025,220,0,220,0,1,358,,,,1,1,63285,95382,1,,,,365,220,0,0,0,0,56,0,0
367,scan,366,0,20784923750759,,20784923905178,20784925739934,45.507,0.1100,1.1463,3.1009,2,1.0297,1029,220,-1,220,0,1,358,,,,1,1,63285,96277,1,,,,366,220,0,0,0,0,56,0,0
368,scan,367,0,20784973982289,,20784974125570,20784975604885,45.557,0.0951,1.1469,3.1009,2,1.0117,1011,220,-1,220,0,1,362,20784723892226,20784928511470,204619,0,1,63285,100702,1,,,,367,220,0,0,0,0,56,0,0
369,scan,368,0,20785024153765,,20785024301446,20785026490046,45.607,0.0876,1.1472,3.1009,2,0.9981,998,220,-1,220,0,1,362,,,,1,1,63285,101801,1,,,,368,220,0,0,0,0,56,0,0
370,scan,369,0,20785073980070,,20785074122409,20785075649625,45.657,0.0727,1.1478,3.1009,2,0.9973,997,220,0,220,0,1,364,20784824160084,20785030952469,206792,0,1,63285,106449,1,,,,369,220,0,0,0,0,56,0,0
371,scan,370,0,20785124919571,,20785125074454,20785126537586,45.707,0.0652,1.1481,3.1009,2,0.9927,992,220,-1,220,0,1,365,20784873984151,20785106803970,232819,0,1,63285,111961,1,,,,370,220,0,0,0,0,56,0,0
372,scan,371,0,20785174634557,,20785174769315,20785176694210,45.757,0.0503,1.1487,3.1009,2,0.9820,981,220,-1,220,0,1,366,20784923807949,20785160302327,236494,0,1,63285,117591,1,,,,371,220,0,0,0,0,56,0,0
373,scan,372,0,20785224670319,,20785224798511,20785226492690,45.807,0.0428,1.1491,3.1009,2,0.9741,974,220,-1,220,0,1,366,,,,1,1,63285,119324,1,,,,372,220,0,0,0,0,56,0,0
374,scan,373,0,20785274697247,,20785274819424,20785276572097,45.857,0.0278,1.1497,3.1009,2,0.9496,949,220,-1,220,0,1,368,20785024212689,20785260618028,236405,0,1,63285,125168,1,,,,373,220,0,0,0,0,56,0,0
375,scan,374,0,20785324675531,,20785324829487,20785326527852,45.907,0.0204,1.1500,3.1009,2,0.9673,967,220,-1,220,0,1,369,20785074029519,20785324052430,250022,0,1,63285,131461,1,,,,374,220,0,0,0,0,56,0,0
376,scan,375,0,20785374335627,,20785374459973,20785376549472,45.957,0.0054,1.1506,3.1009,2,0.9390,938,220,-1,220,0,1,370,20785124972554,20785363637924,238665,0,1,63285,137397,1,,,,375,220,0,0,0,0,56,0,0
377,scan,376,0,20785424452160,,20785424574346,20785426576681,46.007,-0.0021,1.1509,3.1009,2,0.9365,936,220,-1,220,0,1,371,20785174676034,20785416670806,241994,0,1,63285,143435,1,,,,376,220,0,0,0,0,56,0,0
378,scan,377,0,20785474789578,,20785474943606,20785476512671,46.057,-0.0170,1.1515,3.1009,2,0.9232,923,220,-1,220,0,1,371,,,,1,1,63285,146153,1,,,,377,220,0,0,0,0,56,0,0
379,scan,378,0,20785524751707,,20785524906783,20785526604264,46.107,-0.0245,1.1518,3.1009,2,0.9279,927,220,-1,220,0,1,372,20785224714188,20785488471981,263757,0,1,63285,153270,1,,,,378,220,0,0,0,0,56,0,0
380,scan,379,0,20785574706901,,20785574839685,20785576513502,46.157,-0.0394,1.1524,3.1009,2,0.9138,913,220,-1,220,1,1,373,20785274737013,20785528433382,253696,0,1,63285,159932,1,,,,379,220,1,0,0,0,56,0,0
381,scan,380,0,20785624737687,,20785624876440,20785626564443,46.207,-0.0469,1.1527,3.1009,2,0.9118,911,220,-1,220,0,1,374,20785324722662,20785590100698,265378,0,1,63285,167031,1,,,,380,220,0,0,0,0,56,0,0
382,scan,381,0,20785674834680,,20785674961258,20785676502090,46.257,-0.0619,1.1533,3.1009,2,0.8963,896,220,-1,220,1,1,375,20785374378401,20785642679095,268300,0,1,63285,174235,1,,,,381,220,1,0,0,0,56,0,0
383,scan,382,0,20785724700255,,20785724917156,20785726553085,46.307,-0.0693,1.1536,3.1009,2,0.8954,895,220,-1,220,1,1,375,,,,1,1,63285,178186,1,,,,382,220,1,0,0,0,56,0,0
384,scan,383,0,20785774688588,,20785774868895,20785776629348,46.357,-0.0768,1.1539,3.1009,2,0.8976,897,220,-1,220,-1,1,377,20785474842705,20785752727534,277884,0,1,63285,186105,1,,,,383,220,-1,0,0,0,56,0,0
385,scan,384,0,20785825023559,,20785825159835,20785827412236,46.407,-0.0917,1.1545,3.1010,2,0.8749,874,220,-1,220,-1,1,377,,,,1,1,63285,190782,1,,,,384,220,-1,0,0,0,56,0,0
386,scan,385,0,20785875025412,,20785875150788,20785876539633,46.457,-0.0992,1.1548,3.1010,2,0.8824,882,220,-1,220,0,1,378,20785524803287,20785830722074,305918,0,1,63285,199929,1,,,,385,220,0,0,0,0,56,0,0
387,scan,386,0,20785925242033,,20785925362893,20785927510511,46.507,-0.1142,1.1554,3.1010,2,0.8918,891,220,-1,220,-1,1,379,20785574752417,20785880800520,306048,0,1,63285,203860,1,,,,386,220,-1,0,0,0,56,0,0
388,scan,387,0,20785975477398,,20785975601814,20785977706620,46.557,-0.1216,1.1557,3.1009,2,0.8665,866,220,-1,220,1,1,380,20785624784922,20785962992612,338207,0,1,63285,212754,1,,,,387,220,1,0,0,0,56,0,0
389,scan,388,0,20786025809754,,20786025942836,20786027705652,46.607,-0.1366,1.1564,3.1009,2,0.8694,869,220,-1,220,0,1,381,20785674873489,20785988433481,313559,0,1,63285,216354,1,,,,388,220,0,0,0,0,56,0,0
390,scan,389,0,20786076179866,,20786076321690,20786078570235,46.657,-0.1441,1.1567,3.1010,2,0.8745,874,220,-1,220,1,1,382,20785724765031,20786033174690,308409,0,1,63285,223348,1,,,,389,220,1,0,0,0,56,0,0
391,scan,390,0,20786125592872,,20786125712308,20786127534509,46.707,-0.1590,1.1573,3.1010,2,0.8799,879,220,-1,220,0,1,383,20785774748834,20786110586545,335837,0,1,63285,231734,1,,,,390,220,0,0,0,0,56,0,0
392,scan,391,0,20786175667297,,20786175797344,20786177506443,46.757,-0.1665,1.1576,3.1010,2,0.8723,872,220,-1,220,1,1,384,20785825070148,20786147248923,322178,0,1,63285,239263,1,,,,391,220,1,0,0,0,56,0,0
393,scan,392,0,20786225356450,,20786225480932,20786227615102,46.807,-0.1814,1.1582,3.1011,2,0.8823,882,220,-1,220,0,1,385,20785875069820,20786208759985,333690,0,1,63285,242519,1,,,,392,220,0,0,0,0,56,0,0
394,scan,393,0,20786275742008,,20786275938303,20786277608448,46.857,-0.1889,1.1585,3.1011,2,0.8564,856,220,-1,220,0,1,385,,,,1,1,63285,245884,1,,,,393,220,0,0,0,0,56,0,0
395,scan,394,0,20786325719738,,20786325847884,20786327553986,46.907,-0.2039,1.1591,3.1012,2,0.8675,867,220,-1,220,-1,1,386,20785925283737,20786278378268,353094,0,1,63285,249581,1,,,,394,220,-1,0,0,0,56,0,0
396,scan,395,0,20786375487398,,20786375613749,20786377528354,46.957,-0.2113,1.1594,3.1011,2,0.8674,867,220,-1,220,1,1,387,20785975520773,20786327715196,352194,0,1,63285,257156,1,,,,395,220,1,0,0,0,56,0,0
397,scan,396,0,20786425548792,,20786425673542,20786427507602,47.007,-0.2263,1.1600,3.1011,2,0.8660,865,220,-1,220,0,1,388,20786025854215,20786400866153,375011,0,1,63285,261085,1,,,,396,220,0,0,0,0,56,0,0
398,scan,397,0,20786475753462,,20786475884319,20786477633485,47.057,-0.2338,1.1603,3.1011,2,0.8758,875,220,-1,220,1,1,389,20786076230665,20786449344147,373113,0,1,63285,267270,1,,,,397,220,1,0,0,0,56,0,0
399,scan,398,0,20786525978566,,20786526162426,20786527641326,47.107,-0.2487,1.1609,3.1012,2,0.9044,904,220,-1,220,0,1,390,20786125634103,20786505924473,380290,0,1,63285,274525,1,,,,398,220,0,0,0,0,56,0,0
400,scan,399,0,20786575810276,,20786575930613,20786577514949,47.157,-0.2562,1.1612,3.1012,2,1.0163,1016,220,-1,220,1,1,391,20786175713197,20786547669775,371956,0,1,63285,281076,1,,,,399,220,1,0,0,0,56,0,0
401,scan,400,0,20786625783280,,20786625935023,20786628054477,47.207,-0.2636,1.1615,3.1012,2,1.0369,1036,220,-2,220,0,1,392,20786225398003,20786592383044,366985,0,1,63285,287821,1,,,,400,220,0,0,0,0,56,0,0
402,scan,401,0,20786675868464,,20786675987950,20786677676014,47.257,-0.2786,1.1621,3.1012,2,1.0238,1023,220,-2,220,-1,1,393,20786275811062,20786669236999,393425,0,1,63285,295639,1,,,,401,220,-1,0,0,0,56,0,0
403,scan,402,0,20786726021622,,20786726146966,20786727587028,47.307,-0.2861,1.1624,3.1013,2,1.0349,1034,220,-2,220,0,1,394,20786325765298,20786721214759,395449,0,1,63285,303406,1,,,,402,220,0,0,0,0,56,0,0
404,scan,403,0,20786775997604,,20786776164961,20786778439738,47.357,-0.3010,1.1630,3.1013,2,1.0205,1020,220,-2,220,0,1,394,,,,1,1,63285,303406,1,,,,403,220,0,0,0,0,56,0,0
405,scan,404,0,20786826173955,,20786826302929,20786828485720,47.407,-0.3085,1.1633,3.1012,2,1.0349,1034,220,-2,220,0,1,395,20786375531346,20786795140489,419609,0,1,63285,307155,1,,,,404,220,0,0,0,0,56,0,0
406,scan,405,0,20786876083232,,20786876210000,20786878406180,47.457,-0.3234,1.1639,3.1012,2,1.0385,1038,220,-2,220,0,1,396,20786425591779,20786854658596,429066,0,1,63285,310964,1,,,,405,220,0,0,0,0,56,0,0
407,scan,406,0,20786926282661,,20786926408280,20786928477040,47.507,-0.3309,1.1642,3.1013,2,1.0454,1045,220,-2,220,0,1,396,,,,1,1,63285,310964,1,,,,406,220,0,0,0,0,56,0,0
408,scan,407,0,20786976071392,,20786976202787,20786978449851,47.557,-0.3459,1.1648,3.1013,2,1.0386,1038,220,-2,220,0,1,398,20786526038164,20786935541542,409503,0,1,63285,317367,1,,,,407,220,0,0,0,0,56,0,0
409,scan,408,0,20787026434605,,20787026569231,20787028521199,47.607,-0.3533,1.1651,3.1013,2,1.0261,1026,220,-2,220,0,1,399,20786575851291,20786987775047,411923,0,1,63285,320232,1,,,,408,220,0,0,0,0,56,0,0
410,scan,409,0,20787076654165,,20787076781927,20787078522618,47.657,-0.3683,1.1657,3.1012,2,1.0248,1024,220,-2,220,-1,1,400,20786625844353,20787028362730,402518,0,1,63285,326164,1,,,,409,220,-1,0,0,0,56,0,0
411,scan,410,0,20787126483757,,20787126611912,20787128527287,47.707,-0.3758,1.1660,3.1012,2,1.0294,1029,220,-2,220,0,1,401,20786675911667,20787099272287,423360,0,1,63285,331937,1,,,,410,220,0,0,0,0,56,0,0
412,scan,411,0,20787176413549,,20787176546537,20787178514119,47.757,-0.3907,1.1666,3.1012,2,1.0284,1028,220,-2,220,-1,1,402,20786726064785,20787131840003,405775,0,1,63285,337067,1,,,,411,220,-1,0,0,0,56,0,0
413,scan,412,0,20787226443006,,20787226561028,20787228554404,47.807,-0.3982,1.1669,3.1012,2,1.0276,1027,220,-2,220,0,1,404,20786826218280,20787225154802,398936,0,1,63285,338887,1,,,,412,220,0,0,0,0,56,0,0
414,scan,413,0,20787276567409,,20787276714407,20787278554725,47.857,-0.4131,1.1675,3.1012,2,1.0215,1021,220,-2,220,0,1,404,,,,1,1,63285,341992,1,,,,413,220,0,0,0,0,56,0,0
415,scan,414,0,20787326937456,,20787327076967,20787328843735,47.907,-0.4206,1.1678,3.1012,2,1.0269,1026,220,-2,220,0,1,405,20786876127209,20787279844621,403717,0,1,63285,346650,1,,,,414,220,0,0,0,0,56,0,0
416,scan,415,0,20787376878726,,20787377019925,20787378596204,47.957,-0.4355,1.1684,3.1012,2,1.0279,1027,220,-2,220,1,1,407,20786976112415,20787368151571,392039,0,1,63285,351298,1,,,,415,220,1,0,0,0,56,0,0
417,scan,416,0,20787426943741,,20787427069449,20787428568777,48.007,-0.4430,1.1687,3.1012,2,1.0438,1043,220,-2,220,1,1,407,,,,1,1,63285,354713,1,,,,416,220,1,0,0,0,56,0,0
418,scan,417,0,20787477014415,,20787477148927,20787478749865,48.057,-0.4505,1.1690,3.1012,2,1.0275,1027,220,-2,220,0,1,408,20787026480134,20787463363619,436883,0,1,63285,357203,1,,,,417,220,0,0,0,0,56,0,0
419,scan,418,0,20787526654859,,20787526785907,20787528704836,48.107,-0.4654,1.1696,3.1013,2,1.0140,1014,220,-2,220,1,1,409,20787076701929,20787477352349,400650,0,1,63285,361352,1,,,,418,220,1,0,0,0,56,0,0
420,scan,419,0,20787576717923,,20787576848634,20787578502266,48.157,-0.4729,1.1699,3.1013,2,1.0424,1042,220,-2,220,0,1,410,20787126532170,20787534183285,407651,0,1,63285,366017,1,,,,419,220,0,0,0,0,56,0,0
421,scan,420,0,20787626606645,,20787626746091,20787628620608,48.207,-0.4879,1.1706,3.1013,2,1.0087,1008,220,-2,220,1,1,411,20787176458116,20787584886734,408428,0,1,63285,370352,1,,,,420,220,1,0,0,0,56,0,0
422,scan,421,0,20787677379487,,20787677511008,20787679533968,48.257,-0.4953,1.1709,3.1013,2,1.0303,1030,220,-2,220,1,1,411,,,,1,1,63285,373541,1,,,,421,220,1,0,0,0,56,0,0
423,scan,422,0,20787727258265,,20787727400262,20787729481013,48.307,-0.5103,1.1715,3.1013,2,1.0296,1029,220,-2,220,1,1,413,20787276622011,20787694145653,417523,0,1,63285,374874,1,,,,422,220,1,0,0,0,56,0,0
424,scan,423,0,20787777383552,,20787777518163,20787779476375,48.357,-0.5178,1.1718,3.1014,2,1.0373,1037,220,-2,220,-1,1,415,20787376924962,20787767747178,390822,0,1,63285,378296,1,,,,423,220,-1,0,0,0,56,0,0
425,scan,424,0,20787827244041,,20787827375276,20787829473216,48.407,-0.5327,1.1724,3.1015,2,1.0151,1015,220,-3,220,-1,1,415,,,,1,1,63285,378296,1,,,,424,220,-1,0,0,0,56,0,0
426,scan,425,0,20787877459263,,20787877580696,20787879979161,48.457,-0.5402,1.1727,3.1015,2,1.0279,1027,220,-3,220,0,1,417,20787477061905,20787873281956,396220,0,1,63285,381032,1,,,,425,220,0,0,0,0,56,0,0
427,scan,426,0,20787927142075,,20787927267011,20787929774700,48.507,-0.5551,1.1733,3.1013,2,1.0172,1017,220,-2,220,0,1,417,,,,1,1,63285,383376,1,,,,426,220,0,0,0,0,56,0,0
428,scan,427,0,20787977577879,,20787977703032,20787979550260,48.557,-0.5626,1.1736,3.1013,2,1.0218,1021,220,-2,220,1,1,418,20787526700108,20787941450017,414749,0,1,63285,385768,1,,,,427,220,1,0,0,0,56,0,0
429,scan,428,0,20788027618665,,20788027822473,20788029508274,48.607,-0.5776,1.1742,3.1014,2,1.0121,1012,220,-3,220,1,1,420,20787626654708,20788022157641,395502,0,1,63285,388328,1,,,,428,220,1,0,0,0,56,0,0
430,scan,429,0,20788077844991,,20788077989129,20788079556130,48.657,-0.5850,1.1745,3.1014,2,1.0126,1012,220,-3,220,1,1,420,,,,1,1,63285,390906,1,,,,429,220,1,0,0,0,56,0,0
431,scan,430,0,20788127454364,,20788127591341,20788129578360,48.707,-0.6000,1.1751,3.1015,2,1.0298,1029,220,-3,220,0,1,421,20787677427788,20788079725416,402297,0,1,63285,393050,1,,,,430,220,0,0,0,0,56,0,0
432,scan,431,0,20788177485810,,20788177611479,20788179573600,48.757,-0.6074,1.1754,3.1015,2,1.0336,1033,220,-3,220,-1,1,422,20787727307544,20788170098321,442790,0,1,63285,396941,1,,,,431,220,-1,0,0,0,56,0,0
433,scan,432,0,20788227982864,,20788228270659,20788230442299,48.807,-0.6224,1.1760,3.1015,2,1.0032,1003,220,-3,220,1,1,423,20787777431003,20788210365478,432934,0,1,63285,400142,1,,,,432,220,1,0,0,0,56,0,0
434,scan,433,0,20788277597961,,20788277746081,20788279669424,48.857,-0.6299,1.1763,3.1015,2,1.0216,1021,220,-3,220,1,1,425,20787877502422,20788268128372,390625,0,1,63285,399845,1,,,,433,220,1,0,0,0,56,0,0
435,scan,434,0,20788327475210,,20788327611100,20788329603397,48.907,-0.6373,1.1766,3.1014,2,1.0067,1006,220,-3,220,-1,1,426,20787927183704,20788324704528,397520,0,1,63285,401233,1,,,,434,220,-1,0,0,0,56,0,0
436,scan,435,0,20788377558014,,20788377677146,20788379573074,48.957,-0.6523,1.1772,3.1015,2,1.0129,1012,220,-3,220,1,1,427,20787977620999,20788374666891,397045,0,1,63285,402635,1,,,,435,220,1,0,0,0,56,0,0
437,scan,436,0,20788427749153,,20788427884002,20788429461401,49.007,-0.6598,1.1775,3.1016,2,0.9979,997,220,-3,220,1,1,427,,,,1,1,63285,403526,1,,,,436,220,1,0,0,0,56,0,0
438,scan,437,0,20788477791653,,20788477918817,20788479590220,49.057,-0.6747,1.1781,3.1016,2,1.0204,1020,220,-3,220,1,1,427,,,,1,1,63285,404540,1,,,,437,220,1,0,0,0,56,0,0
439,scan,438,0,20788527761396,,20788527915681,20788529601968,49.107,-0.6822,1.1784,3.1016,2,1.0223,1022,220,-4,220,-2,1,429,20788077905515,20788480833169,402927,0,1,63285,405294,1,,,,438,220,-2,0,0,0,56,0,0
440,scan,439,0,20788577740535,,20788577866422,20788579547061,49.157,-0.6971,1.1790,3.1017,2,0.9985,998,220,-4,220,0,1,430,20788127500812,20788529301763,401800,0,1,63285,406289,1,,,,439,220,0,0,0,0,56,0,0
441,scan,440,0,20788627696667,,20788627883219,20788629629160,49.207,-0.7046,1.1793,3.1016,2,1.0061,1006,220,-4,220,-3,1,431,20788177529541,20788599323846,421794,0,1,63285,408116,1,,,,440,220,-3,0,0,0,56,0,0
442,scan,441,0,20788678113657,,20788678241941,20788680525213,49.257,-0.7196,1.1799,3.1014,2,1.0097,1009,220,-3,220,-2,1,432,20788228097118,20788637717418,409620,0,1,63285,408656,1,,,,441,220,-2,0,0,0,56,0,0
443,scan,442,0,20788728386190,,20788728512255,20788730515213,49.307,-0.7270,1.1802,3.1013,2,1.0177,1017,220,-3,220,-3,1,433,20788277645103,20788686030545,408385,0,1,63285,409087,1,,,,442,220,-3,0,0,0,56,0,0
444,scan,443,0,20788778260342,,20788778497269,20788780588087,49.357,-0.7420,1.1808,3.1012,2,1.0034,1003,220,-3,220,-3,1,435,20788377600461,20788775793164,398192,0,1,63285,408736,1,,,,443,220,-3,0,0,0,56,0,0
445,scan,444,0,20788828444997,,20788828570250,20788830576367,49.407,-0.7495,1.1811,3.1011,2,0.9919,991,220,-3,220,-4,1,436,20788427801133,20788827449056,399647,0,1,63285,408092,1,,,,444,220,-4,0,0,0,56,0,0
446,scan,445,0,20788878228335,,20788878352898,20788880479555,49.457,-0.7644,1.1817,3.1009,2,1.0055,1005,220,-3,220,-3,1,437,20788477837645,20788871356361,393518,0,1,63285,406945,1,,,,445,220,-3,0,0,0,56,0,0
447,scan,446,0,20788928757890,,20788928879929,20788931476133,49.507,-0.7719,1.1820,3.1007,2,1.0064,1006,220,-2,220,-4,1,438,20788527811605,20788921546404,393734,0,1,63285,406532,1,,,,446,220,-4,0,0,0,56,0,0
448,scan,447,0,20788978532596,,20788978654709,20788980588982,49.557,-0.7868,1.1826,3.1004,2,0.9976,997,220,-2,220,-4,1,438,,,,1,1,63285,406436,1,,,,447,220,-4,0,0,0,56,0,0
449,scan,448,0,20789028597827,,20789028720784,20789030603661,49.607,-0.7943,1.1829,3.1003,2,1.0054,1005,220,-2,220,-2,1,439,20788577783519,20788998329105,420545,0,1,63285,406714,1,,,,448,220,-2,0,0,0,56,0,0
450,scan,449,0,20789078467074,,20789078579388,20789080631928,49.657,-0.8092,1.1835,3.1001,2,0.9946,994,220,-1,220,-2,1,439,,,,1,1,63285,406854,1,,,,449,220,-2,0,0,0,56,0,0
451,scan,450,0,20789129345769,,20789129467729,20789131499590,49.707,-0.8167,1.1838,3.1000,2,1.0084,1008,220,-1,220,0,1,441,20788678157704,20789126728539,448570,0,1,63285,407695,1,,,,450,220,0,0,0,0,56,0,0
452,scan,451,0,20789179048696,,20789179169838,20789181429232,49.757,-0.8242,1.1841,3.0999,2,1.0138,1013,220,-1,220,-1,1,442,20788728429339,20789177098550,448669,0,1,63285,409124,1,,,,451,220,-1,0,0,0,56,0,0
453,scan,452,0,20789228751951,,20789228893746,20789230545385,49.807,-0.8391,1.1848,3.0999,2,0.9998,999,220,-1,220,0,1,443,20788778315063,20789196245705,417930,0,1,63285,409758,1,,,,452,220,0,0,0,0,56,0,0
454,scan,453,0,20789278602624,,20789278750811,20789280601450,49.857,-0.8466,1.1851,3.1000,2,0.9991,999,220,-1,220,-1,1,444,20788828490081,20789252420488,423930,0,1,63285,410215,1,,,,453,220,-1,0,0,0,56,0,0
455,scan,454,0,20789328947006,,20789329111810,20789330538362,49.907,-0.8616,1.1857,3.0999,2,1.0077,1007,220,-1,220,0,1,445,20788878269408,20789289371728,411102,0,1,63285,410453,1,,,,454,220,0,0,0,0,56,0,0
456,scan,455,0,20789379003178,,20789379133842,20789380492555,49.957,-0.8690,1.1860,3.0999,2,1.0035,1003,220,-1,220,0,1,445,,,,1,1,63285,411067,1,,,,455,220,0,0,0,0,56,0,0
457,scan,456,0,20789428654983,,20789428781526,20789430544586,50.007,-0.8840,1.1866,3.0998,2,1.0004,1000,220,-1,220,0,1,445,,,,1,1,63285,411067,1,,,,456,220,0,0,0,0,56,0,0
458,scan,457,0,20789479024118,,20789479180405,20789481406349,50.057,-0.8915,1.1869,3.0998,2,1.0151,1015,220,-1,220,1,1,448,20789028640135,20789437212554,408572,0,1,63285,410123,1,,,,457,220,1,0,0,0,56,0,0
459,scan,458,0,20789528709324,,20789528852951,20789530570782,50.107,-0.9064,1.1876,3.0999,2,1.0004,1000,220,-1,220,1,1,448,,,,1,1,63285,410450,1,,,,458,220,1,0,0,0,56,0,0
460,scan,459,0,20789578882259,,20789579008153,20789580517866,50.157,-0.9139,1.1879,3.0999,2,0.9937,993,220,-1,220,1,1,450,20789129388746,20789559056627,429667,0,1,63285,411209,1,,,,459,220,1,0,0,0,56,0,0
461,scan,460,0,20789628668361,,20789628801326,20789630689845,50.207,-0.9288,1.1885,3.1000,2,1.0094,1009,220,-2,220,0,1,451,20789179093828,20789584394416,405300,0,1,63285,411101,1,,,,460,220,0,0,0,0,56,0,0
462,scan,461,0,20789678832537,,20789678958975,20789680524253,50.257,-0.9363,1.1888,3.1000,2,0.9876,987,220,-2,220,0,1,453,20789278651788,20789673818832,395167,0,1,63285,410570,1,,,,461,220,0,0,0,0,56,0,0
463,scan,462,0,20789728491573,,20789728617717,20789730565272,50.307,-0.9512,1.1894,3.1001,2,1.0007,1000,220,-2,220,0,1,453,,,,1,1,63285,410330,1,,,,462,220,0,0,0,0,56,0,0
464,scan,463,0,20789778638170,,20789778776035,20789780629258,50.357,-0.9587,1.1897,3.1000,2,0.9926,992,220,-2,220,2,1,454,20789329004065,20789741412265,412408,0,1,63285,411074,1,,,,463,220,2,0,0,0,56,0,0
465,scan,464,0,20789828974909,,20789829097989,20789830590758,50.407,-0.9737,1.1904,3.1000,2,0.9764,976,220,-2,220,0,1,455,20789379050149,20789793426290,414376,0,1,63285,411184,1,,,,464,220,0,0,0,0,56,0,0
466,scan,465,0,20789879152524,,20789879279387,20789881490490,50.457,-0.9811,1.1907,3.1001,2,0.9888,988,220,-2,220,3,1,456,20789428698857,20789835548316,406849,0,1,63285,411539,1,,,,465,220,3,0,0,0,56,0,0
467,scan,466,0,20789929136197,,20789929262442,20789931416989,50.507,-0.9961,1.1913,3.1003,2,0.9696,969,220,-3,220,3,1,456,,,,1,1,63285,411539,1,,,,466,220,3,0,0,0,56,0,0
468,scan,467,0,20789979181801,,20789979298530,20789981520267,50.557,-1.0036,1.1916,3.1003,2,0.9575,957,220,-3,220,1,1,459,20789578924957,20789971587333,392662,0,1,63285,410803,1,,,,467,220,1,0,0,0,56,0,0
469,scan,468,0,20790029508292,,20790029654001,20790031605318,50.607,-1.0110,1.1919,3.1004,2,0.9468,946,220,-3,220,1,1,459,,,,1,1,63285,411330,1,,,,468,220,1,0,0,0,56,0,0
470,scan,469,0,20790079428166,,20790079557096,20790081614852,50.657,-1.0260,1.1925,3.1006,2,0.9387,938,220,-4,220,2,1,461,20789678877069,20790079094341,400217,0,1,63285,410960,1,,,,469,220,2,0,0,0,56,0,0
471,scan,470,0,20790129440429,,20790129579898,20790131534354,50.707,-1.0335,1.1928,3.1006,2,0.9230,922,220,-4,220,2,1,461,,,,1,1,63285,411258,1,,,,470,220,2,0,0,0,56,0,0
472,scan,471,0,20790179830832,,20790180064709,20790182477331,50.757,-1.0484,1.1934,3.1006,2,0.9203,920,220,-4,220,-3,1,462,20789728533113,20790147696883,419163,0,1,63285,410444,1,,,,471,220,-3,0,0,0,56,0,0
473,scan,472,0,20790229836753,,20790230016842,20790231552543,50.807,-1.0559,1.1938,3.1007,3,0.9073,907,0,1000,220,-3,1,462,,,,1,1,63285,409640,1,,,,472,220,-3,0,0,0,56,0,0
474,scan,473,0,20790279636305,,20790279760475,20790281541811,50.857,-1.0708,1.1944,3.1008,3,0.8850,885,0,1000,220,-3,1,464,20789829015760,20790238238177,409222,0,1,63285,410305,1,,,,473,220,-3,0,0,0,56,0,0
475,scan,474,0,20790329719855,,20790329846523,20790331769187,50.907,-1.0783,1.1947,3.1006,3,0.8768,876,0,1000,220,3,1,465,20789879196537,20790282538167,403341,0,1,63285,410513,1,,,,474,220,3,0,0,0,56,0,0
476,scan,475,0,20790379599584,,20790379725003,20790381479417,50.957,-1.0932,1.1953,3.1002,3,0.8693,869,0,1000,220,-3,1,466,20789929174470,20790361691106,432516,0,1,63285,411779,1,,,,475,220,-3,0,0,0,56,0,0
477,scan,476,0,20790429887118,,20790430168473,20790432447487,51.007,-1.1007,1.1956,3.1003,3,0.8638,863,0,1000,220,3,1,467,20789979221688,20790379818072,400596,0,1,63285,411394,1,,,,476,220,3,0,0,0,56,0,0
478,scan,477,0,20790479606391,,20790479728306,20790481514569,51.057,-1.1157,1.1962,3.1007,3,0.8474,847,0,1000,220,0,1,468,20790029552189,20790465435237,435883,0,1,63285,412210,1,,,,477,220,0,0,0,0,56,0,0
479,scan,478,0,20790530711662,,20790530866490,20790532517180,51.107,-1.1231,1.1965,3.1007,3,0.8356,835,0,1000,220,2,1,469,20790079470474,20790480448255,400977,0,1,63285,412145,1,,,,478,220,2,0,0,0,56,0,0
480,scan,479,0,20790580559901,,20790580675127,20790582547810,51.157,-1.1381,1.1971,3.1007,3,0.8130,813,0,1000,220,-9,1,471,20790179875207,20790577550946,397675,0,1,63285,412008,1,,,,479,220,-9,0,0,0,56,0,0
481,scan,480,0,20790630559371,,20790630682769,20790632560974,51.207,-1.1456,1.1974,3.1007,3,0.8124,812,0,1000,0,999,1,472,20790229898235,20790625927471,396029,0,1,63285,411149,1,,,,480,0,999,0,0,0,56,0,0
482,scan,481,0,20790680216361,,20790680339563,20790682471278,51.257,-1.1593,1.1980,3.1017,3,0.8078,807,0,1000,0,999,1,472,,,,1,1,63285,411201,1,,,,481,0,999,0,0,0,56,0,0
483,scan,482,0,20790730421852,,20790730551627,20790732636458,51.307,-1.1645,1.1982,3.1062,3,0.8037,803,0,1000,0,999,1,473,20790279676603,20790697774705,418098,0,1,63285,411536,1,,,,482,0,999,0,0,0,56,0,0
484,scan,483,0,20790780812980,,20790781018450,20790782561681,51.357,-1.1714,1.1984,3.1225,3,0.7966,796,0,1000,0,999,1,474,20790329762788,20790738281039,408518,0,1,63285,411892,1,,,,483,0,999,0,0,0,56,0,0
485,scan,484,0,20790830397488,,20790830520133,20790832566886,51.407,-1.1733,1.1984,3.1296,3,0.7845,784,0,1000,0,999,1,474,,,,1,1,63285,412330,1,,,,484,0,999,0,0,0,56,0,0
486,scan,485,0,20790880544052,,20790880667756,20790883503813,51.457,-1.1747,1.1984,3.1383,3,0.7921,792,0,1000,0,999,1,477,20790479646970,20790879351323,399704,0,1,63285,412551,1,,,,485,0,999,0,0,0,56,0,0
487,scan,486,0,20790930516674,,20790930645473,20790932533916,51.507,-1.1759,1.1984,-3.0989,3,0.7843,784,0,1000,0,999,1,477,,,,1,1,63285,413248,1,,,,486,0,999,0,0,0,56,0,0
488,scan,487,0,20790980601673,,20790980721585,20790982538809,51.557,-1.1758,1.1984,-3.0580,3,0.7937,793,0,1000,0,999,1,479,20790580599841,20790974403127,393803,0,1,63285,412553,1,,,,487,0,999,0,0,0,56,0,0
489,scan,488,0,20791030420801,,20791030550132,20791032566924,51.607,-1.1757,1.1985,-2.9732,3,0.7831,783,0,1000,0,999,1,479,,,,1,1,63285,412257,1,,,,488,0,999,0,0,0,56,0,0
490,scan,489,0,20791081034910,,20791081157852,20791082473351,51.657,-1.1756,1.1985,-2.9421,3,0.7946,794,0,1000,0,999,1,480,20790630603583,20791052654867,422051,0,1,63285,412607,1,,,,489,0,999,0,0,0,56,0,0
491,scan,490,0,20791130507547,,20791130633102,20791132534572,51.707,-1.1755,1.1985,-2.8868,3,0.7906,790,0,1000,0,999,1,481,20790680256879,20791091811510,411554,0,1,63285,411285,1,,,,490,0,999,0,0,0,56,0,0
492,scan,491,0,20791180608184,,20791180732197,20791182590054,51.757,-1.1754,1.1985,-2.8524,3,0.7901,790,0,1000,0,999,1,483,20790780880115,20791177207933,396327,0,1,63285,409416,1,,,,491,0,999,0,0,0,56,0,0
493,scan,492,0,20791230763206,,20791230893562,20791232572079,51.807,-1.1753,1.1986,-2.7761,3,0.7870,787,0,1000,0,999,1,483,,,,1,1,63285,409100,1,,,,492,0,999,0,0,0,56,0,0
494,scan,493,0,20791281149764,,20791281275439,20791283435627,51.857,-1.1753,1.1986,-2.7414,3,0.7837,783,0,1000,0,999,1,484,20790830437482,20791235252637,404815,0,1,63285,408392,1,,,,493,0,999,0,0,0,56,0,0
495,scan,494,0,20791330620215,,20791330746269,20791332524064,51.907,-1.1752,1.1987,-2.6790,3,0.7902,790,0,1000,0,999,1,484,,,,1,1,63285,408288,1,,,,494,0,999,0,0,0,56,0,0
496,scan,495,0,20791381305784,,20791381442880,20791383552475,51.957,-1.1751,1.1987,-2.6462,3,0.7905,790,0,1000,0,999,1,486,20790930559787,20791334860884,404301,0,1,63285,408140,1,,,,495,0,999,0,0,0,56,0,0
497,scan,496,0,20791430823046,,20791430949293,20791432546557,52.007,-1.1750,1.1987,-2.5751,3,0.7790,778,0,1000,0,999,1,487,20790980644247,20791387035346,406391,0,1,63285,408078,1,,,,496,0,999,0,0,0,56,0,0
498,scan,497,0,20791480823774,,20791480982247,20791482507934,52.057,-1.1750,1.1988,-2.5400,3,0.7938,793,0,1000,0,999,1,488,20791030465457,20791454121285,423655,0,1,63285,408617,1,,,,497,0,999,0,0,0,56,0,0
499,scan,498,0,20791530825805,,20791531033655,20791532619541,52.107,-1.1749,1.1989,-2.4739,3,0.7817,781,0,1000,0,999,1,490,20791130548642,20791527929781,397381,0,1,63285,408229,1,,,,498,0,999,0,0,0,56,0,0
500,scan,499,0,20791580777960,,20791580935866,20791582542312,52.157,-1.1749,1.1989,-2.4410,3,0.7751,775,0,1000,0,999,1,490,,,,1,1,63285,407464,1,,,,499,0,999,0,0,0,56,0,0
501,scan,500,0,20791631053441,,20791631191355,20791632515669,52.207,-1.1748,1.1990,-2.3724,3,0.7904,790,0,1000,0,999,1,490,,,,1,1,63285,407544,1,,,,500,0,999,0,0,0,56,0,0
502,scan,501,0,20791681024388,,20791681148654,20791683385131,52.257,-1.1747,1.1990,-2.3376,3,0.7800,780,0,1000,0,999,1,492,20791230806922,20791637758512,406951,0,1,63285,407980,1,,,,501,0,999,0,0,0,56,0,0
503,scan,502,0,20791730776122,,20791730912725,20791732948581,52.307,-1.1747,1.1991,-2.3035,3,0.7972,797,0,1000,0,999,1,493,20791281192898,20791699968431,418775,0,1,63285,408366,1,,,,502,0,999,0,0,0,56,0,0
504,scan,503,0,20791780681937,,20791780816877,20791782526169,52.357,-1.1746,1.1992,-2.2366,3,0.7885,788,0,1000,0,999,1,494,20791330662876,20791750237389,419574,0,1,63285,408622,1,,,,503,0,999,0,0,0,56,0,0
505,scan,504,0,20791831114403,,20791831237074,20791833448425,52.407,-1.1746,1.1992,-2.2029,3,0.7976,797,0,1000,0,999,1,496,20791430863570,20791830848546,399984,0,1,63285,408108,1,,,,504,0,999,0,0,0,56,0,0
506,scan,505,0,20791881130129,,20791881411326,20791883516794,52.457,-1.1745,1.1993,-2.1344,3,0.7910,791,0,1000,0,999,1,496,,,,1,1,63285,408154,1,,,,505,0,999,0,0,0,56,0,0
507,scan,506,0,20791931470682,,20791931597659,20791933524570,52.507,-1.1745,1.1994,-2.1003,3,0.7965,796,0,1000,0,999,1,498,20791530895207,20791921943099,391047,0,1,63285,407543,1,,,,506,0,999,0,0,0,56,0,0
508,scan,507,0,20791981454678,,20791981581308,20791983541979,52.557,-1.1745,1.1995,-2.0327,3,0.7618,761,0,903,0,999,1,498,,,,1,1,63285,408094,1,,,,507,0,999,0,0,0,56,0,0
509,scan,508,0,20792031468076,,20792031595503,20792033569747,52.607,-1.1745,1.1995,-1.9990,3,0.7493,749,0,835,0,999,1,498,,,,1,1,63285,408094,1,,,,508,0,999,0,0,0,56,0,0
510,scan,509,0,20792081502907,,20792081639283,20792083527614,52.657,-1.1744,1.1997,-1.9311,3,0.7426,742,220,699,0,999,1,498,,,,1,1,63285,408397,1,,,,509,0,999,0,0,0,56,0,0
511,scan,510,0,20792131572944,,20792131701054,20792133633651,52.707,-1.1744,1.1997,-1.8970,3,0.7468,746,220,631,0,999,1,501,20791681065966,20792086449292,405383,0,1,63285,408286,1,,,,510,0,999,0,0,0,56,0,0
512,scan,511,0,20792181673772,,20792181826763,20792183582232,52.757,-1.1744,1.1998,-1.8292,3,0.7618,761,220,495,0,999,1,502,20791730830152,20792141790620,410960,0,1,63285,407982,1,,,,511,0,999,0,0,0,56,0,0
513,scan,512,0,20792232086313,,20792232243866,20792234627173,52.807,-1.1744,1.1999,-1.7954,3,0.7415,741,220,428,0,999,1,503,20791780726398,20792197516836,416790,0,1,63285,408296,1,,,,512,0,999,0,0,0,56,0,0
514,scan,513,0,20792281657393,,20792281781480,20792283581725,52.857,-1.1744,1.2000,-1.7275,3,0.7569,756,220,292,0,999,1,503,,,,1,1,63285,408262,1,,,,513,0,999,0,0,0,56,0,0
515,scan,514,0,20792332166581,,20792332330737,20792334652601,52.907,-1.1744,1.2001,-1.6935,3,0.7628,762,220,224,0,999,1,505,20791881173688,20792293237912,412064,0,1,63285,408585,1,,,,514,0,999,0,0,0,56,0,0
516,scan,515,0,20792381979956,,20792382101396,20792383504166,52.957,-1.1744,1.2002,-1.6256,3,0.7515,751,220,88,0,997,1,506,20791931515360,20792339601735,408086,0,1,63285,407680,1,,,,515,0,997,0,0,0,56,0,0
517,scan,516,0,20792432093823,,20792432250933,20792434465096,53.007,-1.1744,1.2002,-1.5917,3,0.7596,759,220,21,0,908,1,507,20791981498498,20792403354903,421856,0,1,63285,408468,1,,,,516,0,908,0,0,0,56,0,0
518,scan,517,0,20792482388403,,20792482513513,20792484654613,53.057,-1.1744,1.2004,-1.5247,3,0.7675,767,220,-114,0,837,1,508,20792031511252,20792448568422,417057,0,1,63285,407771,1,,,,517,0,837,0,0,0,56,0,0
519,scan,518,0,20792532370212,,20792532525283,20792534729788,53.107,-1.1744,1.2004,-1.4935,3,0.7537,753,220,-176,0,837,1,508,,,,1,1,63285,408032,1,,,,518,0,837,0,0,0,56,0,0
520,scan,519,0,20792582502407,,20792582625352,20792584789401,53.157,-1.1744,1.2005,-1.4647,3,0.7611,761,220,-233,0,837,1,508,,,,1,1,63285,408446,1,,,,519,0,837,0,0,0,56,0,0
521,scan,520,0,20792632597714,,20792632743160,20792634644323,53.207,-1.1744,1.2005,-1.4113,3,0.7649,764,220,-340,220,478,1,511,20792181725822,20792584690646,402964,0,1,63285,408724,1,,,,520,220,478,0,0,0,56,0,0
522,scan,521,0,20792682775971,,20792682892251,20792684553528,53.257,-1.1744,1.2006,-1.3835,3,0.7544,754,220,-396,220,281,1,513,20792281698577,20792677234502,395535,0,1,63285,408216,1,,,,521,220,281,0,0,0,56,0,0
523,scan,522,0,20792732706185,,20792732820360,20792735002697,53.307,-1.1737,1.1973,-1.3170,3,0.7615,761,220,-530,220,215,1,514,20792332222581,20792730708340,398485,0,1,63285,407462,1,,,,522,220,215,0,0,0,56,0,0
524,scan,523,0,20792782802546,,20792782924740,20792784611465,53.357,-1.1728,1.1941,-1.2774,3,0.7540,754,220,-610,220,85,1,515,20792382018623,20792777298486,395279,0,1,63285,406953,1,,,,523,220,85,0,0,0,56,0,0
525,scan,524,0,20792832783828,,20792832919152,20792835493697,53.407,-1.1696,1.1848,-1.2034,3,0.7375,737,220,-760,220,85,1,515,,,,1,1,63285,406953,1,,,,524,220,85,0,0,0,56,0,0
526,scan,525,0,20792883126872,,20792883271294,20792885515529,53.457,-1.1674,1.1794,-1.1772,3,0.7319,731,0,-815,220,20,1,516,20792432148150,20792847981086,415832,0,1,63285,407573,1,,,,525,220,20,0,0,0,56,0,0
527,scan,526,0,20792932677667,,20792932793186,20792934486061,53.507,-1.1621,1.1671,-1.1563,3,0.7275,727,0,-861,220,-166,1,518,20792532421416,20792923209302,390787,0,1,63285,406951,1,,,,526,220,-166,0,0,0,56,0,0
528,scan,527,0,20792982728962,,20792982861238,20792984558941,53.557,-1.1591,1.1603,-1.1587,3,0.7191,719,0,-859,220,-166,1,518,,,,1,1,63285,407457,1,,,,527,220,-166,0,0,0,56,0,0
529,scan,528,0,20793032499136,,20793032621528,20793034601500,53.607,-1.1532,1.1465,-1.1758,3,0.7185,718,0,-830,220,-221,1,519,20792582545318,20792989437092,406891,0,1,63285,407436,1,,,,528,220,-221,0,0,0,56,0,0
530,scan,529,0,20793082948704,,20793083090183,20793085504537,53.657,-1.1504,1.1396,-1.1843,3,0.6915,691,0,-815,220,-221,1,519,,,,1,1,63285,406874,1,,,,529,220,-221,0,0,0,56,0,0
531,scan,530,0,20793132959880,,20793133117787,20793135530779,53.707,-1.1448,1.1257,-1.1947,3,0.6853,685,220,-800,220,-364,1,521,20792682817626,20793085132920,402315,0,1,63285,406519,1,,,,530,220,-364,0,0,0,56,0,0
532,scan,531,0,20793182804244,,20793182928042,20793184605828,53.757,-1.1421,1.1187,-1.2009,3,0.6748,674,220,-790,218,-588,1,523,20792782844808,20793178794435,395949,0,1,63285,406504,1,,,,531,218,-588,0,0,0,56,0,0
533,scan,532,0,20793233220245,,20793233341293,20793235579777,53.807,-1.1368,1.1047,-1.2245,3,0.6684,668,220,-747,218,-588,1,523,,,,1,1,63285,406504,1,,,,532,218,-588,0,0,0,56,0,0
534,scan,533,0,20793283064474,,20793283189412,20793285479855,53.857,-1.1344,1.0977,-1.2471,3,0.6560,656,220,-704,119,-802,1,524,20792832829128,20793264974079,432144,0,1,63285,407555,1,,,,533,119,-802,0,0,0,56,0,0
535,scan,534,0,20793333723009,,20793333846026,20793335627161,53.907,-1.1303,1.0846,-1.2988,3,0.6403,640,220,-605,6,-889,1,525,20792883174507,20793283347590,400173,0,1,63285,407282,1,,,,534,6,-889,0,0,0,56,0,0
536,scan,535,0,20793383633857,,20793383776993,20793385536658,53.957,-1.1290,1.0796,-1.3188,3,0.6365,636,220,-566,2,-914,1,527,20792982773975,20793380693930,397919,0,1,63285,407045,1,,,,535,2,-914,0,0,0,56,0,0
537,scan,536,0,20793433420035,,20793433544664,20793435653124,54.007,-1.1280,1.0757,-1.3352,3,0.6197,619,220,-534,2,-914,1,527,,,,1,1,63285,407071,1,,,,536,2,-914,0,0,0,56,0,0
538,scan,537,0,20793483556393,,20793483701031,20793485575607,54.057,-1.1271,1.0713,-1.3720,3,0.6239,623,220,-462,2,-914,1,527,,,,1,1,63285,406407,1,,,,537,2,-914,0,0,0,56,0,0
539,scan,538,0,20793533624988,,20793533757919,20793535544527,54.107,-1.1269,1.0706,-1.3952,3,0.6260,626,220,-416,12,-871,1,530,20793133010710,20793532601487,399590,0,1,63285,406496,1,,,,538,12,-871,0,0,0,56,0,0
540,scan,539,0,20793583323537,,20793583444249,20793585602200,54.157,-1.1268,1.0699,-1.4546,3,0.6273,627,220,-297,12,-871,1,530,,,,1,1,63285,406496,1,,,,539,12,-871,0,0,0,56,0,0
541,scan,540,0,20793633880146,,20793634011766,20793635522444,54.207,-1.1268,1.0695,-1.4888,3,0.6202,620,220,-229,12,-871,1,530,,,,1,1,63285,406496,1,,,,540,12,-871,0,0,0,56,0,0
542,scan,541,0,20793683551879,,20793683696244,20793685515253,54.257,-1.1267,1.0686,-1.5495,3,0.6185,618,220,-107,169,-777,1,532,20793233261976,20793645474143,412212,0,1,63285,406706,1,,,,541,169,-777,0,0,0,56,0,0
543,scan,542,0,20793733790402,,20793733929561,20793735622118,54.307,-1.1267,1.0681,-1.5761,3,0.6220,621,220,-54,213,-706,1,533,20793283107354,20793686861579,403754,0,1,63285,406105,1,,,,542,213,-706,0,0,0,56,0,0
544,scan,543,0,20793783566382,,20793783723594,20793785599098,54.357,-1.1268,1.0643,-1.6342,3,0.6114,611,220,62,218,-534,1,535,20793383702379,20793781953119,398250,0,1,63285,405252,1,,,,543,218,-534,0,0,0,56,0,0
545,scan,544,0,20793833642233,,20793833778062,20793835617120,54.407,-1.1271,1.0606,-1.6670,3,0.6102,610,220,128,218,-534,1,535,,,,1,1,63285,405472,1,,,,544,218,-534,0,0,0,56,0,0
546,scan,545,0,20793883613058,,20793883739263,20793885535067,54.457,-1.1285,1.0500,-1.7312,3,0.5880,588,220,257,218,-534,1,535,,,,1,1,63285,405472,1,,,,545,218,-534,0,0,0,56,0,0
547,scan,546,0,20793933753141,,20793933907968,20793935528943,54.507,-1.1297,1.0433,-1.7597,3,0.5894,589,220,315,220,-423,1,537,20793483606400,20793884193635,400587,0,1,63285,405869,1,,,,546,220,-423,0,0,0,56,0,0
548,scan,547,0,20793983606172,,20793983759712,20793985529982,54.557,-1.1327,1.0288,-1.7990,3,0.5839,583,220,396,220,-382,1,538,20793533668078,20793938100076,404431,0,1,63285,405812,1,,,,547,220,-382,0,0,0,56,0,0
549,scan,548,0,20794033801356,,20794033936105,20794035510556,54.607,-1.1345,1.0215,-1.8075,3,0.5680,567,220,414,220,-382,1,538,,,,1,1,63285,405812,1,,,,548,220,-382,0,0,0,56,0,0
550,scan,549,0,20794083817850,,20794083930880,20794086419924,54.657,-1.1381,1.0070,-1.8253,3,0.5640,563,220,453,220,-216,1,540,20793633925947,20794034246488,400320,0,1,63285,405600,1,,,,549,220,-216,0,0,0,56,0,0
551,scan,550,0,20794133614197,,20794133758570,20794135582282,54.707,-1.1400,0.9997,-1.8404,3,0.5599,559,220,485,220,-101,1,541,20793683599882,20794099834579,416234,0,1,63285,406018,1,,,,550,220,-101,0,0,0,56,0,0
552,scan,551,0,20794184062451,,20794184204480,20794186424529,54.757,-1.1442,0.9854,-1.8662,3,0.5435,543,220,540,220,60,1,543,20793783622745,20794176460423,392837,0,1,63285,405321,1,,,,551,220,60,0,0,0,56,0,0
553,scan,552,0,20794234272288,,20794234398766,20794236623546,54.807,-1.1464,0.9782,-1.8665,3,0.5407,540,220,542,220,60,1,543,,,,1,1,63285,404862,1,,,,552,220,60,0,0,0,56,0,0
554,scan,553,0,20794284382608,,20794284551797,20794286575710,54.857,-1.1486,0.9711,-1.8604,3,0.5276,527,220,532,220,246,1,545,20793883656564,20794278131650,394475,0,1,63285,404463,1,,,,553,220,246,0,0,0,56,0,0
555,scan,554,0,20794334611868,,20794334748011,20794336500253,54.907,-1.1527,0.9567,-1.8471,3,0.5314,531,220,509,220,246,1,545,,,,1,1,63285,404158,1,,,,554,220,246,0,0,0,56,0,0
556,scan,555,0,20794384573924,,20794384735563,20794386534070,54.957,-1.1548,0.9495,-1.8452,3,0.5102,510,220,507,220,303,1,546,20793933805762,20794342881348,409075,0,1,63285,404198,1,,,,555,220,303,0,0,0,56,0,0
557,scan,556,0,20794434710158,,20794434835156,20794436530343,55.007,-1.1587,0.9352,-1.8313,3,0.5180,518,220,482,220,381,1,547,20793983666574,20794414421930,430755,0,1,63285,404554,1,,,,556,220,381,0,0,0,56,0,0
558,scan,557,0,20794484778595,,20794484914269,20794486572106,55.057,-1.1606,0.9279,-1.8171,3,0.5094,509,220,456,220,400,1,548,20794033848907,20794437203974,403355,0,1,63285,404006,1,,,,557,220,400,0,0,0,56,0,0
559,scan,558,0,20794534550130,,20794534676652,20794536613833,55.107,-1.1640,0.9134,-1.7878,3,0.5017,501,220,400,220,400,1,548,,,,1,1,63285,404006,1,,,,558,220,400,0,0,0,56,0,0
560,scan,559,0,20794584597044,,20794584751819,20794586490123,55.157,-1.1656,0.9061,-1.7748,3,0.4848,484,220,375,220,467,1,550,20794133656357,20794545076855,411420,0,1,63285,404291,1,,,,559,220,467,0,0,0,56,0,0
561,scan,560,0,20794634674111,,20794634852119,20794637480030,55.207,-1.1684,0.8915,-1.7490,3,0.4903,490,220,326,220,522,1,551,20794184109400,20794598186926,414077,0,1,63285,404718,1,,,,560,220,522,0,0,0,56,0,0
562,scan,561,0,20794684681942,,20794684829122,20794686486868,55.257,-1.1696,0.8842,-1.7332,3,0.4913,491,220,296,220,524,1,552,20794234316897,20794640908128,406591,0,1,63285,405144,1,,,,561,220,524,0,0,0,56,0,0
563,scan,562,0,20794734727211,,20794734875025,20794736587377,55.307,-1.1718,0.8694,-1.6958,3,0.4767,476,220,223,220,524,1,552,,,,1,1,63285,405410,1,,,,562,220,524,0,0,0,56,0,0
564,scan,563,0,20794784668286,,20794784797488,20794786530403,55.357,-1.1726,0.8620,-1.6766,3,0.4636,463,220,185,220,490,1,555,20794384622222,20794780992973,396370,0,1,63285,405454,1,,,,563,220,490,0,0,0,56,0,0
565,scan,564,0,20794834621461,,20794834749092,20794836526089,55.407,-1.1739,0.8472,-1.6418,3,0.4492,449,220,117,220,490,1,555,,,,1,1,63285,405454,1,,,,564,220,490,0,0,0,56,0,0
566,scan,565,0,20794884922724,,20794885125454,20794887480105,55.457,-1.1744,0.8398,-1.6258,3,0.4498,449,220,85,220,490,1,555,,,,1,1,63285,405021,1,,,,565,220,490,0,0,0,56,0,0
567,scan,566,0,20794934576595,,20794934708805,20794936526530,55.507,-1.1750,0.8249,-1.5937,3,0.4321,432,220,21,220,440,1,557,20794484825336,20794904610401,419785,0,1,63285,406230,1,,,,566,220,440,0,0,0,56,0,0
568,scan,567,0,20794984843232,,20794984975291,20794986548248,55.557,-1.1751,0.8174,-1.5768,3,0.4355,435,220,-13,220,362,1,559,20794584650300,20794984319764,399669,0,1,63285,405967,1,,,,567,220,362,0,0,0,56,0,0
569,scan,568,0,20795034646616,,20795034831862,20795036510883,55.607,-1.1749,0.8025,-1.5450,3,0.4272,427,220,-77,220,362,1,559,,,,1,1,63285,405929,1,,,,568,220,362,0,0,0,56,0,0
570,scan,569,0,20795084576714,,20795084698718,20795086542408,55.657,-1.1747,0.7950,-1.5334,3,0.4207,420,220,-100,220,362,1,559,,,,1,1,63285,405929,1,,,,569,220,362,0,0,0,56,0,0
571,scan,570,0,20795134581500,,20795134726932,20795136746406,55.707,-1.1744,0.7876,-1.5238,3,0.3987,398,220,-120,220,362,1,559,,,,1,1,63285,406086,1,,,,570,220,362,0,1,0,56,0,0
572,scan,571,0,20795185178641,,20795185342581,20795187470456,55.757,-1.1735,0.7727,-1.5014,3,0.4037,403,220,-166,220,214,1,562,20794734771820,20795175575667,440803,0,1,63285,408036,1,,,,571,220,214,0,0,0,56,0,0
573,scan,572,0,20795235372730,,20795235514655,20795237555229,55.807,-1.1729,0.7652,-1.4876,3,0.3858,385,220,-194,220,179,1,563,20794784714653,20795210048198,425333,0,1,63285,408757,1,,,,572,220,179,0,1,0,56,0,0
574,scan,573,0,20795285290823,,20795285421238,20795287624495,55.857,-1.1715,0.7503,-1.4695,3,0.3809,380,220,-232,220,112,1,564,20794834664160,20795243941499,409277,0,1,63285,407804,1,,,,573,220,112,0,1,0,56,0,0
575,scan,574,0,20795335494083,,20795335631818,20795337520743,55.907,-1.1708,0.7429,-1.4687,3,0.3713,371,220,-234,220,82,1,565,20794884994033,20795291186379,406192,0,1,63285,408055,1,,,,574,220,82,0,1,0,56,0,0
576,scan,575,0,20795385434031,,20795385574418,20795387531867,55.957,-1.1692,0.7280,-1.4652,3,0.3574,357,220,-243,220,82,1,565,,,,1,1,63285,408495,1,,,,575,220,82,0,1,0,56,0,0
577,scan,576,0,20795435760587,,20795435892659,20795437544252,56.007,-1.1684,0.7206,-1.4606,3,0.3544,354,220,-253,220,-11,1,567,20794984888859,20795395347825,410458,0,1,63285,408577,1,,,,576,220,-11,0,1,0,56,0,0
578,scan,577,0,20795485592728,,20795485708458,20795487531173,56.057,-1.1667,0.7057,-1.4535,3,0.3493,349,220,-269,220,-96,1,569,20795084620143,20795484762811,400142,0,1,63285,408240,1,,,,577,220,-96,0,1,0,56,0,0
579,scan,578,0,20795535649915,,20795535769270,20795537579290,56.107,-1.1659,0.6982,-1.4545,3,0.3383,338,220,-269,220,-96,1,569,,,,1,1,63285,408600,1,,,,578,220,-96,0,1,0,56,0,0
580,scan,579,0,20795585410746,,20795585531173,20795587518558,56.157,-1.1642,0.6833,-1.4638,3,0.3364,336,220,-252,220,-114,1,570,20795134626320,20795544275711,409649,0,1,63285,408642,1,,,,579,220,-114,0,1,0,56,0,0
581,scan,580,0,20795635722744,,20795635890509,20795637526357,56.207,-1.1634,0.6759,-1.4688,3,0.3274,327,220,-243,220,-114,1,570,,,,1,1,63285,408642,1,,,,580,220,-114,0,1,0,56,0,0
582,scan,581,0,20795685433311,,20795685556354,20795687469747,56.257,-1.1619,0.6610,-1.4748,3,0.3166,316,220,-233,220,-183,1,572,20795235422720,20795647983641,412560,0,1,63285,408656,1,,,,581,220,-183,0,1,0,56,0,0
583,scan,582,0,20795735733914,,20795735862553,20795737543077,56.307,-1.1612,0.6535,-1.4776,3,0.3158,315,220,-228,220,-218,1,573,20795285334694,20795693351124,408016,0,1,63285,408826,1,,,,582,220,-218,0,1,0,56,0,0
584,scan,583,0,20795785653177,,20795785799287,20795787630754,56.357,-1.1599,0.6386,-1.4890,3,0.3132,313,220,-207,220,-221,1,574,20795335541541,20795750264526,414722,0,1,63285,409485,1,,,,583,220,-221,0,1,0,56,0,0
585,scan,584,0,20795835682633,,20795835807269,20795837592001,56.407,-1.1593,0.6311,-1.4983,3,0.3081,308,220,-189,220,-221,1,574,,,,1,1,63285,409485,1,,,,584,220,-221,0,1,0,56,0,0
586,scan,585,0,20795886218928,,20795886459030,20795888640983,56.457,-1.1584,0.6162,-1.5162,3,0.3126,312,220,-155,220,-239,1,576,20795435806169,20795862379718,426573,0,1,63285,410143,1,,,,585,220,-239,0,1,0,56,0,0
587,scan,586,0,20795935564540,,20795935695477,20795937655878,56.507,-1.1580,0.6087,-1.5228,3,0.2992,299,220,-143,220,-239,1,576,,,,1,1,63285,410525,1,,,,586,220,-239,0,1,0,56,0,0
588,scan,587,0,20795985976822,,20795986095768,20795988431468,56.557,-1.1576,0.6012,-1.5289,3,0.2981,298,220,-131,220,-238,1,579,20795585451211,20795982130241,396679,0,1,63285,410215,1,,,,587,220,-238,0,1,0,56,0,0
589,scan,588,0,20796035651245,,20796035773200,20796037481775,56.607,-1.1571,0.5862,-1.5450,3,0.3000,300,220,-100,220,-238,1,579,,,,1,1,63285,410215,1,,,,588,220,-238,0,1,0,56,0,0
590,scan,589,0,20796085752971,,20796085869096,20796087525856,56.657,-1.1570,0.5787,-1.5544,3,0.3075,307,220,-81,220,-220,1,581,20795685473323,20796079678774,394205,0,1,63285,409970,1,,,,589,220,-220,0,1,0,56,0,0
591,scan,590,0,20796135887191,,20796136058273,20796137546860,56.707,-1.1569,0.5638,-1.5711,3,0.3137,313,220,-48,220,-220,1,581,,,,1,1,63285,409709,1,,,,590,220,-220,0,1,0,56,0,0
592,scan,591,0,20796185717973,,20796185854308,20796187498540,56.757,-1.1569,0.5563,-1.5777,3,0.3224,322,220,-35,220,-216,1,582,20795735777420,20796161669937,425892,0,1,63285,411086,1,,,,591,220,-216,0,1,0,56,0,0
593,scan,592,0,20796235808934,,20796235930435,20796237586456,56.807,-1.1571,0.5413,-1.5911,3,0.3382,338,220,-9,220,-216,1,582,,,,1,1,63285,411086,1,,,,592,220,-216,0,1,0,56,0,0
594,scan,593,0,20796285815931,,20796285933600,20796287575413,56.857,-1.1573,0.5339,-1.5988,3,1.0434,1043,220,7,220,-216,1,582,,,,1,1,63285,411809,1,,,,593,220,-216,0,0,0,56,0,0
595,scan,594,0,20796336367782,,20796336494458,20796338586810,56.907,-1.1578,0.5189,-1.6145,3,1.0307,1030,220,38,220,-148,1,585,20795886295870,20796314699715,428403,0,1,63285,412500,1,,,,594,220,-148,0,0,0,56,0,0
596,scan,595,0,20796386473985,,20796386617182,20796388568008,56.957,-1.1582,0.5114,-1.6217,3,1.0286,1028,220,53,220,-135,1,586,20795935609537,20796342489007,406879,0,1,63285,412409,1,,,,595,220,-135,0,0,0,56,0,0
597,scan,596,0,20796436505666,,20796436629004,20796439490350,57.007,-1.1590,0.4965,-1.6331,3,1.0198,1019,220,76,220,-124,1,587,20795986019754,20796395493421,409473,0,1,63285,411522,1,,,,596,220,-124,0,0,0,56,0,0
598,scan,597,0,20796486380242,,20796486514592,20796488533324,57.057,-1.1595,0.4890,-1.6365,3,1.0100,1010,220,84,220,-95,1,588,20796035691351,20796460190671,424499,0,1,63285,412403,1,,,,597,220,-95,0,0,0,56,0,0
599,scan,598,0,20796536451507,,20796536574666,20796538488613,57.107,-1.1605,0.4741,-1.6433,3,1.0047,1004,220,98,220,-78,1,589,20796085794355,20796508517200,422722,0,1,63285,412816,1,,,,598,220,-78,0,0,0,56,0,0
600,scan,599,0,20796586638289,,20796586757629,20796588594132,57.157,-1.1611,0.4666,-1.6470,3,1.0207,1020,220,106,220,-32,1,591,20796185764548,20796580552411,394787,0,1,63285,412150,1,,,,599,220,-32,0,0,0,56,0,0
601,scan,600,0,20796636293436,,20796636412701,20796638504459,57.207,-1.1623,0.4517,-1.6525,3,1.0018,1001,220,118,220,-32,1,591,,,,1,1,63285,412070,1,,,,600,220,-32,0,0,0,56,0,0
602,scan,601,0,20796686289110,,20796686410983,20796688498350,57.257,-1.1629,0.4442,-1.6532,3,0.9947,994,220,120,220,-32,1,591,,,,1,1,63285,412308,1,,,,601,220,-32,0,0,0,56,0,0
603,scan,602,0,20796736515376,,20796736635889,20796738739974,57.307,-1.1641,0.4293,-1.6530,3,1.0094,1009,220,120,220,7,1,593,20796285857327,20796688211180,402353,0,1,63285,411893,1,,,,602,220,7,0,0,0,56,0,0
604,scan,603,0,20796786271031,,20796786393922,20796788480595,57.357,-1.1647,0.4219,-1.6541,3,1.0025,1002,220,123,220,7,1,593,,,,1,1,63285,412568,1,,,,603,220,7,0,0,0,56,0,0
605,scan,604,0,20796836266661,,20796836391660,20796838643248,57.407,-1.1653,0.4144,-1.6557,3,0.9973,997,220,127,220,7,1,593,,,,1,1,63285,412568,1,,,,604,220,7,0,0,0,56,0,0
606,scan,605,0,20796886469084,,20796886608355,20796888664862,57.457,-1.1666,0.3995,-1.6557,3,0.9951,995,220,128,220,7,1,593,,,,1,1,63285,412568,1,,,,605,220,7,0,0,0,56,0,0
607,scan,606,0,20796936386966,,20796936516972,20796938544767,57.507,-1.1672,0.3921,-1.6542,3,1.0130,1012,220,126,220,7,1,593,,,,1,1,63285,412240,1,,,,606,220,7,0,0,0,56,0,0
608,scan,607,0,20796986508310,,20796986631416,20796988533550,57.557,-1.1685,0.3772,-1.6530,3,1.0144,1014,220,125,220,7,1,593,,,,1,1,63285,412839,1,,,,607,220,7,0,0,0,56,0,0
609,scan,608,0,20797036740501,,20797036872241,20797038505834,57.607,-1.1691,0.3697,-1.6535,3,0.9952,995,220,126,220,7,1,593,,,,1,1,63285,412839,1,,,,608,220,7,0,0,0,56,0,0
610,scan,609,0,20797086772219,,20797086893633,20797088636260,57.657,-1.1703,0.3548,-1.6538,3,1.0051,1005,220,128,220,7,1,593,,,,1,1,63285,412839,1,,,,609,220,7,0,0,0,56,0,0
611,scan,610,0,20797136732161,,20797136857241,20797138512610,57.707,-1.1709,0.3473,-1.6532,3,0.9807,980,220,127,220,7,1,593,,,,1,1,63285,412839,1,,,,610,220,7,0,0,0,56,0,0
612,scan,611,0,20797186754092,,20797186884068,20797188620103,57.757,-1.1722,0.3324,-1.6520,3,0.9931,993,220,126,220,7,1,593,,,,1,1,63285,411441,1,,,,611,220,7,0,0,0,56,0,0
613,scan,612,0,20797236798963,,20797236932444,20797238504890,57.807,-1.1728,0.3249,-1.6520,3,0.9777,977,220,127,220,101,1,599,20796586680567,20797232145719,645465,0,1,63285,422447,1,,,,612,220,101,0,0,0,56,0,0
614,scan,613,0,20797286607257,,20797286720411,20797288568850,57.857,-1.1740,0.3100,-1.6514,3,0.9787,978,220,127,220,123,1,605,20796886512789,20797282938611,396425,0,1,63285,421805,1,,,,613,220,123,0,0,0,56,0,0
615,scan,614,0,20797336691461,,20797336808773,20797338555977,57.907,-1.1746,0.3026,-1.6482,3,0.9858,985,220,121,220,119,1,606,20796936430434,20797327964813,391534,0,1,63285,421072,1,,,,614,220,119,0,0,0,56,0,0
616,scan,615,0,20797387365359,,20797387594485,20797389665176,57.957,-1.1757,0.2877,-1.6367,3,0.9789,978,220,99,220,119,1,606,,,,1,1,63285,421072,1,,,,615,220,119,0,0,0,56,0,0
617,scan,616,0,20797437120635,,20797437245533,20797439535515,58.007,-1.1761,0.2802,-1.6316,3,1.0001,1000,220,89,220,121,1,608,20797036784435,20797431625236,394840,0,1,63285,420291,1,,,,616,220,121,0,0,0,56,0,0
618,scan,617,0,20797487235545,,20797487367966,20797489485709,58.057,-1.1770,0.2652,-1.6254,3,1.0048,1004,220,78,220,121,1,608,,,,1,1,63285,421351,1,,,,617,220,121,0,0,0,56,0,0
619,scan,618,0,20797536956681,,20797537075567,20797538535853,58.107,-1.1774,0.2578,-1.6222,3,1.0037,1003,220,72,220,121,1,608,,,,1,1,63285,421351,1,,,,618,220,121,0,0,0,56,0,0
620,scan,619,0,20797587075169,,20797587292632,20797589481356,58.157,-1.1781,0.2428,-1.6130,3,1.0164,1016,220,54,220,121,1,610,20797136774528,20797544246012,407471,0,1,63285,421237,1,,,,619,220,121,0,0,0,56,0,0
621,scan,620,0,20797636714433,,20797636839415,20797638697749,58.207,-1.1784,0.2354,-1.6081,3,1.0313,1031,220,45,220,120,1,611,20797186798285,20797613981293,427183,0,1,63285,421534,1,,,,620,220,120,0,0,0,56,0,0
622,scan,621,0,20797686972480,,20797687135221,20797689422421,58.257,-1.1787,0.2279,-1.6039,3,1.0263,1026,220,36,220,120,1,611,,,,1,1,63285,422006,1,,,,621,220,120,0,0,0,56,0,0
623,scan,622,0,20797737176539,,20797737315905,20797739463374,58.307,-1.1791,0.2129,-1.5968,3,1.0193,1019,220,22,220,120,1,613,20797286646137,20797703400238,416754,0,1,63285,422466,1,,,,622,220,120,0,0,0,56,0,0
624,scan,623,0,20797786965721,,20797787092626,20797789410729,58.357,-1.1793,0.2055,-1.5929,3,1.0337,1033,220,15,220,120,1,613,,,,1,1,63285,422896,1,,,,623,220,120,0,0,0,56,0,0
625,scan,624,0,20797837058427,,20797837183559,20797839447755,58.407,-1.1795,0.1905,-1.5842,3,1.0239,1023,220,-3,220,95,1,615,20797387450333,20797787762077,400311,0,1,63285,421708,1,,,,624,220,95,0,0,0,56,0,0
626,scan,625,0,20797887351655,,20797887484294,20797889637682,58.457,-1.1796,0.1831,-1.5799,3,1.0322,1032,220,-11,220,95,1,615,,,,1,1,63285,421438,1,,,,625,220,95,0,0,0,56,0,0
627,scan,626,0,20797937671065,,20797937822270,20797939614676,58.507,-1.1797,0.1681,-1.5730,3,1.0440,1044,220,-25,220,95,1,615,,,,1,1,63285,421438,1,,,,626,220,95,0,0,0,56,0,0
628,scan,627,0,20797987711644,,20797987842327,20797989569548,58.557,-1.1797,0.1607,-1.5704,3,1.0465,1046,220,-31,220,51,1,619,20797587145205,20797982916690,395771,0,1,63285,421387,1,,,,627,220,51,0,0,0,56,0,0
629,scan,628,0,20798037815740,,20798038039129,20798039553778,58.607,-1.1797,0.1457,-1.5647,3,1.0611,1061,220,-42,220,42,1,620,20797636758141,20798037917171,401159,0,1,63285,420322,1,,,,628,220,42,0,0,0,56,0,0
630,scan,629,0,20798088051110,,20798088166866,20798090728035,58.657,-1.1796,0.1383,-1.5624,3,1.0599,1059,220,-47,220,36,1,621,20797687027808,20798083900704,396872,0,1,63285,420463,1,,,,629,220,36,0,0,0,56,0,0
631,scan,630,0,20798137950105,,20798138071933,20798139532598,58.707,-1.1795,0.1233,-1.5605,3,1.0702,1070,220,-52,220,36,1,621,,,,1,1,63285,420463,1,,,,630,220,36,0,0,0,56,0,0
632,scan,631,0,20798187921259,,20798188138880,20798190410184,58.757,-1.1794,0.1158,-1.5599,3,1.0479,1047,220,-53,220,36,1,621,,,,1,1,63285,420161,1,,,,631,220,36,0,0,0,56,0,0
633,scan,632,0,20798238037192,,20798238169797,20798240460617,58.807,-1.1792,0.1009,-1.5574,3,1.0326,1032,220,-59,220,-2,1,624,20797837100053,20798228962698,391862,0,1,63285,418672,1,,,,632,220,-2,0,0,0,56,0,0
634,scan,633,0,20798287984860,,20798288126714,20798290421744,58.857,-1.1791,0.0934,-1.5557,3,1.0371,1037,220,-63,220,-2,1,624,,,,1,1,63285,418672,1,,,,633,220,-2,0,0,0,56,0,0
635,scan,634,0,20798337585316,,20798337702604,20798340575082,58.907,-1.1789,0.0785,-1.5546,3,1.0233,1023,220,-65,220,-9,1,625,20797887397646,20798328874682,441477,0,1,63285,419360,1,,,,634,220,-9,0,0,0,56,0,0
636,scan,635,0,20798387764429,,20798387909181,20798389498883,58.957,-1.1788,0.0710,-1.5556,3,1.0189,1018,220,-64,220,-29,1,627,20797987757754,20798381296989,393539,0,1,63285,418658,1,,,,635,220,-29,0,0,0,56,0,0
637,scan,636,0,20798438788012,,20798439175580,20798441510045,59.007,-1.1785,0.0560,-1.5573,3,1.0156,1015,220,-61,220,-29,1,627,,,,1,1,63285,419168,1,,,,636,220,-29,0,0,0,56,0,0
638,scan,637,0,20798487878385,,20798488036225,20798489483414,59.057,-1.1784,0.0486,-1.5578,3,1.0108,1010,220,-60,220,-44,1,629,20798088092135,20798483123151,395031,0,1,63285,417531,1,,,,637,220,-44,0,0,0,56,0,0
639,scan,638,0,20798537795406,,20798537902533,20798539850120,59.107,-1.1783,0.0411,-1.5586,3,0.9940,993,220,-59,220,-48,1,630,20798137990197,20798531198807,393208,0,1,63285,415891,1,,,,638,220,-48,0,0,0,56,0,0
640,scan,639,0,20798588195984,,20798588319059,20798590477264,59.157,-1.1782,0.0261,-1.5616,3,0.9806,980,220,-54,220,-48,1,630,,,,1,1,63285,417133,1,,,,639,220,-48,0,0,0,56,0,0
641,scan,640,0,20798638791982,,20798638934958,20798640576990,59.207,-1.1781,0.0186,-1.5636,3,0.9772,977,220,-50,220,-50,1,631,20798187970969,20798612818966,424847,0,1,63285,417561,1,,,,640,220,-50,0,0,0,56,0,0
642,scan,641,0,20798689001264,,20798689141758,20798691631531,59.257,-1.1780,0.0037,-1.5671,3,0.9673,967,220,-44,220,-56,1,632,20798238083480,20798663571982,425488,0,1,63285,417978,1,,,,641,220,-56,0,0,0,56,0,0
643,scan,642,0,20798738893823,,20798739038839,20798740615055,59.307,-1.1780,-0.0038,-1.5686,3,0.9611,961,220,-41,220,-60,1,634,20798337623826,20798728656273,391032,0,1,63285,417383,1,,,,642,220,-60,0,0,0,56,0,0
644,scan,643,0,20798788546539,,20798788669421,20798790501157,59.357,-1.1780,-0.0188,-1.5721,3,0.9512,951,220,-35,220,-60,1,634,,,,1,1,63285,417383,1,,,,643,220,-60,0,0,0,56,0,0
645,scan,644,0,20798838573769,,20798838729980,20798840498801,59.407,-1.1780,-0.0263,-1.5743,3,0.9425,942,220,-30,220,-58,1,635,20798387814799,20798804181181,416366,0,1,63285,417332,1,,,,644,220,-58,0,0,0,56,0,0
646,scan,645,0,20798888694977,,20798888819698,20798890501617,59.457,-1.1781,-0.0413,-1.5788,3,0.9270,927,220,-22,220,-57,1,636,20798438888824,20798876107081,437218,0,1,63285,418279,1,,,,645,220,-57,0,0,0,56,0,0
647,scan,646,0,20798938858957,,20798938993913,20798940523401,59.507,-1.1782,-0.0488,-1.5807,3,0.9309,930,220,-18,220,-55,1,638,20798537837231,20798932238340,394401,0,1,63285,417193,1,,,,646,220,-55,0,0,0,56,0,0
648,scan,647,0,20798988527313,,20798988676351,20798990629091,59.557,-1.1784,-0.0637,-1.5842,3,0.9162,916,220,-11,220,-55,1,638,,,,1,1,63285,417193,1,,,,647,220,-55,0,0,0,56,0,0
649,scan,648,0,20799038401181,,20799038531236,20799040530195,59.607,-1.1785,-0.0712,-1.5861,3,0.9192,919,220,-8,220,-46,1,640,20798638841087,20799035450856,396609,0,1,63285,416298,1,,,,648,220,-46,0,0,0,56,0,0
650,scan,649,0,20799091213928,,20799091333689,20799093465220,59.657,-1.1787,-0.0862,-1.5899,3,0.9075,907,220,0,220,-46,1,640,,,,1,1,63285,416298,1,,,,649,220,-46,0,0,0,56,0,0
651,scan,650,0,20799140450005,,20799140588749,20799142506428,59.707,-1.1789,-0.0937,-1.5915,3,0.9052,905,220,3,220,-41,1,641,20798689049474,20799112082125,423032,0,1,63285,416579,1,,,,650,220,-41,0,0,0,56,0,0
652,scan,651,0,20799189616845,,20799189763905,20799191509041,59.757,-1.1792,-0.1087,-1.5942,3,0.9095,909,220,9,220,-41,1,641,,,,1,1,63285,416579,1,,,,651,220,-41,0,0,0,56,0,0
653,scan,652,0,20799239382128,,20799239516407,20799241586230,59.807,-1.1794,-0.1161,-1.5955,3,0.8872,887,220,11,220,-32,1,643,20798788588141,20799212425067,423836,0,1,63285,407344,1,,,,652,220,-32,0,0,0,56,0,0
654,scan,653,0,20799289531480,,20799289643706,20799291625255,59.857,-1.1798,-0.1311,-1.5983,3,0.8936,893,220,17,220,-28,1,644,20798838618843,20799280057868,441439,0,1,63285,409220,1,,,,653,220,-28,0,0,0,56,0,0
655,scan,654,0,20799339390691,,20799339525300,20799341733400,59.907,-1.1800,-0.1386,-1.5995,3,0.9007,900,220,20,220,-19,1,645,20798888736949,20799298725092,409988,0,1,63285,409989,1,,,,654,220,-19,0,0,0,56,0,0
656,scan,655,0,20799389617036,,20799389753728,20799391552045,59.957,-1.1802,-0.1460,-1.6004,3,0.9068,906,220,22,220,-16,1,646,20798938907869,20799346736746,407828,0,1,63285,409902,1,,,,655,220,-16,0,0,0,56,0,0
657,scan,656,0,20799439415190,,20799439546117,20799441530455,60.007,-1.1806,-0.1610,-1.6016,3,0.8925,892,220,24,220,-11,1,647,20798988579582,20799399292992,410713,0,1,63285,410537,1,,,,656,220,-11,0,0,0,56,0,0
658,scan,657,0,20799489404810,,20799489526147,20799491726007,60.057,-1.1809,-0.1685,-1.6020,3,0.8906,890,220,25,220,-7,1,648,20799038447904,20799483100647,444652,0,1,63285,411850,1,,,,657,220,-7,0,0,0,56,0,0
659,scan,658,0,20799539538746,,20799539672906,20799541556856,60.107,-1.1814,-0.1834,-1.6029,3,0.8716,871,220,28,220,-7,1,648,,,,1,1,63285,411850,1,,,,658,220,-7,0,0,0,56,0,0
660,scan,659,0,20799589771118,,20799589895935,20799591567827,60.157,-1.1816,-0.1909,-1.6031,3,0.9189,918,220,28,220,5,1,650,20799140498590,20799545143667,404645,0,1,63285,411741,1,,,,659,220,5,0,0,0,56,0,0
661,scan,660,0,20799639737889,,20799639876007,20799641611372,60.207,-1.1821,-0.2058,-1.6033,3,0.8940,893,220,29,220,5,1,650,,,,1,1,63285,411123,1,,,,660,220,5,0,0,0,56,0,0
662,scan,661,0,20799689775931,,20799689905256,20799691580811,60.257,-1.1823,-0.2133,-1.6031,3,0.8957,895,220,29,220,5,1,650,,,,1,1,63285,411123,1,,,,661,220,5,0,0,0,56,0,0
663,scan,662,0,20799739592968,,20799739733868,20799741617109,60.307,-1.1828,-0.2282,-1.6025,3,0.9231,923,220,28,220,17,1,653,20799289567283,20799719499851,429932,0,1,63285,411650,1,,,,662,220,17,0,0,0,56,0,0
664,scan,663,0,20799789863064,,20799789996374,20799791609909,60.357,-1.1830,-0.2357,-1.6023,3,0.9332,933,220,28,220,19,1,654,20799339439072,20799751886345,412447,0,1,63285,411681,1,,,,663,220,19,0,0,0,56,0,0
665,scan,664,0,20799839597542,,20799839729692,20799841560061,60.407,-1.1835,-0.2507,-1.6016,3,1.0169,1016,220,27,220,20,1,655,20799389664752,20799810220649,420555,0,1,63285,412460,1,,,,664,220,20,0,0,0,56,0,0
666,scan,665,0,20799889738030,,20799889864136,20799891608719,60.457,-1.1837,-0.2581,-1.6009,3,1.0047,1004,220,26,220,25,1,656,20799439459929,20799863607967,424148,0,1,63285,412892,1,,,,665,220,25,0,0,0,56,0,0
667,scan,666,0,20799939427096,,20799939546130,20799941593893,60.507,-1.1842,-0.2731,-1.5990,3,1.0126,1012,220,22,220,25,1,656,,,,1,1,63285,412892,1,,,,666,220,25,0,0,0,56,0,0
668,scan,667,0,20799989661198,,20799989811056,20799991542847,60.557,-1.1844,-0.2806,-1.5982,3,1.0080,1007,220,21,220,26,1,658,20799539582779,20799968920334,429337,0,1,63285,414136,1,,,,667,220,26,0,0,0,56,0,0
669,scan,668,0,20800040134176,,20800040279094,20800042461988,60.607,-1.1848,-0.2955,-1.5966,3,1.0210,1021,220,18,220,26,1,658,,,,1,1,63285,414635,1,,,,668,220,26,0,0,0,56,0,0
670,scan,669,0,20800089926925,,20800090058627,20800091577635,60.657,-1.1850,-0.3030,-1.5957,3,1.0191,1019,220,16,220,28,1,660,20799639785599,20800051613115,411827,0,1,63285,415210,1,,,,669,220,28,0,0,0,56,0,0
671,scan,670,0,20800140394531,,20800140639751,20800142642751,60.707,-1.1853,-0.3180,-1.5938,3,1.0145,1014,220,13,220,27,1,661,20799689819577,20800123435926,433616,0,1,63285,415892,1,,,,670,220,27,0,0,0,56,0,0
672,scan,671,0,20800189829366,,20800189967247,20800192483363,60.757,-1.1855,-0.3254,-1.5929,3,1.0325,1032,220,11,220,27,1,662,20799739639699,20800160414680,420774,0,1,63285,416066,1,,,,671,220,27,0,0,0,56,0,0
673,scan,672,0,20800239705533,,20800239827177,20800241871186,60.807,-1.1856,-0.3329,-1.5919,3,1.0307,1030,220,9,220,27,1,663,20799789908566,20800192975710,403067,0,1,63285,416466,1,,,,672,220,27,0,0,0,56,0,0
674,scan,673,0,20800289974463,,20800290141226,20800292455798,60.857,-1.1859,-0.3479,-1.5901,3,1.0316,1031,220,6,220,26,1,664,20799839640417,20800251494551,411854,0,1,63285,416307,1,,,,673,220,26,0,0,0,56,0,0
675,scan,674,0,20800340434065,,20800340594131,20800342633748,60.907,-1.1861,-0.3554,-1.5892,3,1.0250,1025,220,4,220,22,1,666,20799939466287,20800328072786,388606,0,1,63285,414484,1,,,,674,220,22,0,0,0,56,0,0
676,scan,675,0,20800390284585,,20800390407267,20800392620746,60.957,-1.1864,-0.3703,-1.5874,3,1.0194,1019,220,0,220,22,1,666,,,,1,1,63285,415232,1,,,,675,220,22,0,0,0,56,0,0
677,scan,676,0,20800440405388,,20800440533986,20800442602602,61.007,-1.1865,-0.3778,-1.5867,3,1.0393,1039,220,-1,220,22,1,666,,,,1,1,63285,415232,1,,,,676,220,22,0,0,0,56,0,0
678,scan,677,0,20800490279109,,20800490436746,20800492494102,61.057,-1.1867,-0.3928,-1.5854,3,1.0189,1018,220,-4,220,19,1,668,20800040183733,20800440869558,400685,0,1,63285,415434,1,,,,677,220,19,0,0,0,56,0,0
679,scan,678,0,20800540699758,,20800540844263,20800542554368,61.107,-1.1868,-0.4002,-1.5846,3,1.0063,1006,220,-5,220,17,1,669,20800089974171,20800493366589,403392,0,1,63285,415798,1,,,,678,220,17,0,0,0,56,0,0
680,scan,679,0,20800590341788,,20800590507361,20800592640257,61.157,-1.1870,-0.4152,-1.5832,3,1.0434,1043,220,-8,220,17,1,669,,,,1,1,63285,415798,1,,,,679,220,17,0,0,0,56,0,0
681,scan,680,0,20800640470217,,20800640611102,20800642583807,61.207,-1.1871,-0.4227,-1.5826,3,1.0282,1028,220,-10,220,11,1,671,20800189877542,20800592933667,403056,0,1,63285,415019,1,,,,680,220,11,0,0,0,56,0,0
682,scan,681,0,20800690496568,,20800690627047,20800692562151,61.257,-1.1873,-0.4376,-1.5817,3,1.0341,1034,220,-12,220,11,1,671,,,,1,1,63285,414632,1,,,,681,220,11,0,0,0,56,0,0
683,scan,682,0,20800740706668,,20800740851665,20800742568096,61.307,-1.1873,-0.4451,-1.5813,3,1.0353,1035,220,-13,220,6,1,673,20800290028093,20800695571295,405543,0,1,63285,415169,1,,,,682,220,6,0,0,0,56,0,0
684,scan,683,0,20800790720747,,20800790880916,20800792553420,61.357,-1.1875,-0.4600,-1.5807,3,1.0355,1035,220,-14,220,4,1,674,20800340483913,20800748132932,407649,0,1,63285,414901,1,,,,683,220,4,0,0,0,56,0,0
685,scan,684,0,20800840697503,,20800840833816,20800842565647,61.407,-1.1876,-0.4675,-1.5805,3,1.0401,1040,220,-15,220,0,1,675,20800390326210,20800793689122,403362,0,1,63285,414436,1,,,,684,220,0,0,0,0,56,0,0
686,scan,685,0,20800890742510,,20800890878576,20800892575562,61.457,-1.1877,-0.4825,-1.5803,3,1.0262,1026,220,-15,220,0,1,676,20800440450572,20800851972581,411522,0,1,63285,413518,1,,,,685,220,0,0,0,0,56,0,0
687,scan,686,0,20800941114593,,20800941305608,20800943507376,61.507,-1.1878,-0.4900,-1.5803,3,1.0284,1028,220,-15,220,-2,1,677,20800490336387,20800901694403,411358,0,1,63285,414124,1,,,,686,220,-2,0,0,0,56,0,0
688,scan,687,0,20800990951564,,20800991090065,20800993606940,61.557,-1.1879,-0.4974,-1.5804,3,1.0222,1022,220,-15,220,-2,1,678,20800540743494,20800959087019,418343,0,1,63285,414269,1,,,,687,220,-2,0,0,0,56,0,0
689,scan,688,0,20801040858360,,20801040983189,20801042733388,61.607,-1.1880,-0.5124,-1.5805,3,1.0299,1029,220,-15,220,-2,1,678,,,,1,1,63285,414900,1,,,,688,220,-2,0,0,0,56,0,0
690,scan,689,0,20801090894209,,20801091029131,20801092538203,61.657,-1.1881,-0.5199,-1.5806,3,1.0275,1027,220,-16,220,-7,1,680,20800640521246,20801058777312,418256,0,1,63285,415016,1,,,,689,220,-7,0,0,0,56,0,0
691,scan,690,0,20801140732232,,20801140888998,20801142564910,61.707,-1.1882,-0.5348,-1.5807,3,1.0300,1029,220,-16,220,-10,1,681,20800690538779,20801096387690,405848,0,1,63285,414423,1,,,,690,220,-10,0,0,0,56,0,0
692,scan,691,0,20801190817959,,20801190943088,20801192556162,61.757,-1.1883,-0.5423,-1.5808,3,1.0097,1009,220,-16,220,-12,1,682,20800740756307,20801148934724,408178,0,1,63285,414215,1,,,,691,220,-12,0,0,0,56,0,0
693,scan,692,0,20801240932953,,20801241061759,20801243533994,61.807,-1.1884,-0.5573,-1.5815,3,1.0240,1023,220,-15,220,-12,1,682,,,,1,1,63285,413883,1,,,,692,220,-12,0,0,0,56,0,0
694,scan,693,0,20801290922495,,20801291137547,20801293487921,61.857,-1.1885,-0.5648,-1.5820,3,1.0199,1019,220,-14,220,-12,1,682,,,,1,1,63285,412899,1,,,,693,220,-12,0,0,0,56,0,0
695,scan,694,0,20801340993160,,20801341122297,20801342510757,61.907,-1.1887,-0.5797,-1.5830,3,1.0334,1033,220,-12,220,-13,1,685,20800890788081,20801300118056,409329,0,1,63285,412876,1,,,,694,220,-13,0,0,0,56,0,0
696,scan,695,0,20801391603847,,20801391746251,20801393540014,61.957,-1.1888,-0.5872,-1.5833,3,1.0021,1002,220,-11,220,-13,1,686,20800941182618,20801353626973,412444,0,1,63285,413041,1,,,,695,220,-13,0,0,0,56,0,0
697,scan,696,0,20801441487772,,20801441614339,20801443448873,62.007,-1.1890,-0.6022,-1.5841,3,1.0224,1022,220,-10,220,-13,1,686,,,,1,1,63285,413127,1,,,,696,220,-13,0,0,0,56,0,0
698,scan,697,0,20801491542850,,20801491720211,20801493493623,62.057,-1.1891,-0.6097,-1.5846,3,1.0181,1018,220,-9,220,-12,1,688,20801040902421,20801468287225,427384,0,1,63285,412487,1,,,,697,220,-12,0,0,0,56,0,0
699,scan,698,0,20801541383509,,20801541492086,20801543628464,62.107,-1.1893,-0.6246,-1.5856,3,1.0048,1004,220,-8,220,-13,1,690,20801140786541,20801539358904,398572,0,1,63285,411990,1,,,,698,220,-13,0,0,0,56,0,0
700,scan,699,0,20801591469242,,20801591586968,20801593566657,62.157,-1.1894,-0.6321,-1.5860,3,1.0108,1010,220,-7,220,-14,1,691,20801190864257,20801587561426,396697,0,1,63285,411706,1,,,,699,220,-14,0,0,0,56,0,0
701,scan,700,0,20801641548871,,20801641685415,20801643528880,62.207,-1.1896,-0.6470,-1.5867,3,1.0178,1017,220,-6,220,-14,1,691,,,,1,1,63285,411706,1,,,,700,220,-14,0,0,0,56,0,0
702,scan,701,0,20801691749089,,20801691896436,20801693591561,62.257,-1.1898,-0.6545,-1.5872,3,1.0279,1027,220,-5,220,-14,1,692,20801240978817,20801646294132,405315,0,1,63285,411486,1,,,,701,220,-14,0,0,0,56,0,0
703,scan,702,0,20801741606096,,20801741731502,20801743463747,62.307,-1.1900,-0.6695,-1.5883,3,1.0128,1012,220,-3,220,-10,1,693,20801290988720,20801704779740,413791,0,1,63285,410929,1,,,,702,220,-10,0,0,0,56,0,0
704,scan,703,0,20801791708837,,20801791883179,20801793614035,62.357,-1.1902,-0.6770,-1.5888,3,1.0155,1015,220,-2,220,-9,1,694,20801341037966,20801755231202,414193,0,1,63285,410990,1,,,,703,220,-9,0,0,0,56,0,0
705,scan,704,0,20801841712950,,20801841849516,20801843567310,62.407,-1.1904,-0.6919,-1.5895,3,1.0259,1025,220,0,220,-9,1,695,20801391652295,20801795075809,403423,0,1,63285,410399,1,,,,704,220,-9,0,0,0,56,0,0
706,scan,705,0,20801891981612,,20801892134056,20801894452289,62.457,-1.1906,-0.6994,-1.5897,3,1.0135,1013,220,0,220,-9,1,695,,,,1,1,63285,409908,1,,,,705,220,-9,0,0,0,56,0,0
707,scan,706,0,20801941934493,,20801942057799,20801943787726,62.507,-1.1907,-0.7069,-1.5899,3,1.0053,1005,220,1,220,-6,1,698,20801541424548,20801934335128,392910,0,1,63285,409322,1,,,,706,220,-6,0,0,0,56,0,0
708,scan,707,0,20801992168137,,20801992328498,20801994528947,62.557,-1.1910,-0.7218,-1.5906,3,1.0044,1004,220,2,220,-6,1,698,,,,1,1,63285,408607,1,,,,707,220,-6,0,0,0,56,0,0
709,scan,708,0,20802041905669,,20802042036089,20802044432529,62.607,-1.1912,-0.7293,-1.5909,3,1.0214,1021,220,3,220,-6,1,699,20801591511130,20802010827051,419315,0,1,63285,408976,1,,,,708,220,-6,0,0,0,56,0,0
710,scan,709,0,20802091860057,,20802091981778,20802093576616,62.657,-1.1915,-0.7443,-1.5913,3,1.0082,1008,220,3,220,-6,1,699,,,,1,1,63285,408874,1,,,,709,220,-6,0,0,0,56,0,0
711,scan,710,0,20802141836590,,20802141956182,20802143526034,62.707,-1.1916,-0.7518,-1.5914,3,0.9995,999,220,4,220,-2,1,701,20801691803886,20802137409075,445605,0,1,63285,409303,1,,,,710,220,-2,0,0,0,56,0,0
712,scan,711,0,20802191747740,,20802191895113,20802193567006,62.757,-1.1919,-0.7667,-1.5917,3,1.0158,1015,220,5,220,-1,1,702,20801741649370,20802149145385,407496,0,1,63285,408828,1,,,,711,220,-1,0,0,0,56,0,0
713,scan,712,0,20802241757797,,20802241902826,20802243494372,62.807,-1.1921,-0.7742,-1.5919,3,1.0155,1015,220,5,220,0,1,703,20801791762420,20802205199874,413437,0,1,63285,409199,1,,,,712,220,0,0,0,0,56,0,0
714,scan,713,0,20802291750427,,20802291872158,20802293636222,62.857,-1.1924,-0.7892,-1.5919,3,0.9999,999,220,5,220,0,1,703,,,,1,1,63285,409100,1,,,,713,220,0,0,0,0,56,0,0
715,scan,714,0,20802341923628,,20802342048428,20802343544494,62.907,-1.1926,-0.7966,-1.5918,3,1.0164,1016,220,5,220,4,1,705,20801892051722,20802319988194,427936,0,1,63285,410557,1,,,,714,220,4,0,0,0,56,0,0
716,scan,715,0,20802392057879,,20802392181939,20802393507698,62.957,-1.1929,-0.8116,-1.5917,3,0.9884,988,220,5,220,4,1,705,,,,1,1,63285,410557,1,,,,715,220,4,0,0,0,56,0,0
717,scan,716,0,20802442418722,,20802442546638,20802444590596,63.007,-1.1930,-0.8191,-1.5917,3,1.0245,1024,220,5,220,4,1,708,20802041951122,20802437737012,395785,0,1,63285,410029,1,,,,716,220,4,0,0,0,56,0,0
718,scan,717,0,20802492839019,,20802492973516,20802494533231,63.057,-1.1933,-0.8340,-1.5913,3,1.0099,1009,220,5,220,3,1,709,20802091901740,20802489123219,397221,0,1,63285,409906,1,,,,717,220,3,0,0,0,56,0,0
719,scan,718,0,20802542559188,,20802542702927,20802544529719,63.107,-1.1935,-0.8415,-1.5911,3,1.0155,1015,220,4,220,3,1,709,,,,1,1,63285,410147,1,,,,718,220,3,0,0,0,56,0,0
720,scan,719,0,20802592684632,,20802592811103,20802594588568,63.157,-1.1938,-0.8565,-1.5909,3,1.0206,1020,220,4,220,3,1,709,,,,1,1,63285,410147,1,,,,719,220,3,0,0,0,56,0,0
721,scan,720,0,20802642767659,,20802642905757,20802644498614,63.207,-1.1939,-0.8639,-1.5909,3,1.0233,1023,220,4,220,6,1,712,20802241808204,20802638647804,396839,0,1,63285,409917,1,,,,720,220,6,0,0,0,56,0,0
722,scan,721,0,20802693023134,,20802693133674,20802694559327,63.257,-1.1942,-0.8789,-1.5907,3,1.0208,1020,220,4,220,5,1,713,20802291792847,20802686633967,394841,0,1,63285,409378,1,,,,721,220,5,0,0,0,56,0,0
723,scan,722,0,20802742881631,,20802743008876,20802744574698,63.307,-1.1944,-0.8864,-1.5904,3,1.0092,1009,220,3,220,5,1,713,,,,1,1,63285,409520,1,,,,722,220,5,0,0,0,56,0,0
724,scan,723,0,20802793436154,,20802793586547,20802795559286,63.357,-1.1945,-0.8939,-1.5901,3,1.0118,1011,220,3,220,8,1,715,20802392098616,20802792146673,400048,0,1,63285,409239,1,,,,723,220,8,0,0,0,56,0,0
725,scan,724,0,20802842804788,,20802842943609,20802844667306,63.407,-1.1948,-0.9088,-1.5898,3,1.0048,1004,220,2,220,7,1,716,20802442463051,20802840681942,398218,0,1,63285,409048,1,,,,724,220,7,0,0,0,56,0,0
726,scan,725,0,20802892947442,,20802893103367,20802895533007,63.457,-1.1950,-0.9163,-1.5896,3,1.0049,1004,220,2,220,7,1,716,,,,1,1,63285,408953,1,,,,725,220,7,0,0,0,56,0,0
727,scan,726,0,20802942923747,,20802943070732,20802944533948,63.507,-1.1952,-0.9312,-1.5891,3,1.0103,1010,220,1,220,3,1,718,20802542609274,20802938209983,395600,0,1,63285,408347,1,,,,726,220,3,0,0,0,56,0,0
728,scan,727,0,20802993066962,,20802993198673,20802995422594,63.557,-1.1954,-0.9387,-1.5888,3,1.0165,1016,220,1,220,3,1,718,,,,1,1,63285,407947,1,,,,727,220,3,0,0,0,56,0,0
729,scan,728,0,20803043045990,,20803043195824,20803045447649,63.607,-1.1956,-0.9537,-1.5885,3,1.0144,1014,220,0,220,7,1,719,20802592725631,20803004911575,412185,0,1,63285,408110,1,,,,728,220,7,0,0,0,56,0,0
730,scan,729,0,20803092980358,,20803093110423,20803094534701,63.657,-1.1958,-0.9612,-1.5885,3,0.9960,995,220,0,220,6,1,720,20802642816170,20803068198003,425381,0,1,63285,408384,1,,,,729,220,6,0,0,0,56,0,0
731,scan,730,0,20803142962595,,20803143093831,20803144518119,63.707,-1.1960,-0.9761,-1.5883,3,0.9837,983,220,0,220,5,1,721,20802693059318,20803094735997,401676,0,1,63285,408224,1,,,,730,220,5,0,0,0,56,0,0
732,scan,731,0,20803193298732,,20803193423310,20803195482042,63.757,-1.1962,-0.9836,-1.5880,3,0.9718,971,220,-1,220,5,1,721,,,,1,1,63285,408226,1,,,,731,220,5,0,0,0,56,0,0
733,scan,732,0,20803243100920,,20803243214884,20803245444488,63.807,-1.1964,-0.9986,-1.5874,3,0.9660,966,220,-2,220,6,1,724,20802842853484,20803242373384,399519,0,1,63285,407891,1,,,,732,220,6,0,0,0,56,0,0
734,scan,733,0,20803293453851,,20803293778885,20803295534914,63.857,-1.1965,-1.0060,-1.5873,3,0.9548,954,220,-3,220,5,1,725,20802893003008,20803290189773,397186,0,1,63285,407494,1,,,,733,220,5,0,0,0,56,0,0
735,scan,734,0,20803343442658,,20803343583615,20803345557886,63.907,-1.1968,-1.0210,-1.5871,3,0.9389,938,220,-3,220,1,1,726,20802942974422,20803337426629,394452,0,1,63285,406943,1,,,,734,220,1,0,0,0,56,0,0
736,scan,735,0,20803393521901,,20803393673318,20803395541503,63.957,-1.1969,-1.0285,-1.5869,3,0.9215,921,220,-4,220,1,1,726,,,,1,1,63285,406732,1,,,,735,220,1,0,0,0,56,0,0
737,scan,736,0,20803443607217,,20803443729722,20803445548213,64.007,-1.1971,-1.0434,-1.5866,3,0.9200,919,220,-5,220,0,1,727,20802993111780,20803434453793,441342,0,1,63285,408014,1,,,,736,220,0,0,0,0,56,0,0
738,scan,737,0,20803494169251,,20803494392470,20803496645229,64.057,-1.1973,-1.0509,-1.5866,4,0.9058,905,0,1000,220,4,1,729,20803093026459,20803492161634,399135,0,1,63285,406967,1,,,,737,220,4,0,0,0,56,0,0
739,scan,738,0,20803544038617,,20803544157516,20803545512926,64.107,-1.1975,-1.0659,-1.5868,4,0.8931,893,0,1000,220,4,1,729,,,,1,1,63285,407290,1,,,,738,220,4,0,0,0,56,0,0
740,scan,739,0,20803593886517,,20803594007548,20803595604164,64.157,-1.1976,-1.0733,-1.5866,4,0.8898,889,0,1000,220,0,1,730,20803143006892,20803558567104,415560,0,1,63285,408016,1,,,,739,220,0,0,0,0,56,0,0
741,scan,740,0,20803643824972,,20803643950385,20803645967350,64.207,-1.1977,-1.0808,-1.5864,4,0.8779,877,0,1000,220,-1,1,731,20803193341328,20803618413506,425072,0,1,63285,408647,1,,,,740,220,-1,0,0,0,56,0,0
742,scan,741,0,20803693800016,,20803693925098,20803695595117,64.257,-1.1980,-1.0958,-1.5861,4,0.8668,866,0,1000,220,-1,1,731,,,,1,1,63285,408776,1,,,,741,220,-1,0,0,0,56,0,0
743,scan,742,0,20803744055213,,20803744199471,20803746487415,64.307,-1.1981,-1.1033,-1.5862,4,0.8525,852,0,1000,220,-1,1,731,,,,1,1,63285,408575,1,,,,742,220,-1,0,0,0,56,0,0
744,scan,743,0,20803793942881,,20803794063438,20803795530528,64.357,-1.1983,-1.1182,-1.5866,4,0.8452,845,0,1000,220,1,1,734,20803343488967,20803767279648,423790,0,1,63285,408959,1,,,,743,220,1,0,0,0,56,0,0
745,scan,744,0,20803843940858,,20803844126483,20803845582352,64.407,-1.1984,-1.1257,-1.5865,4,0.8374,837,0,1000,220,1,1,734,,,,1,1,63285,409190,1,,,,744,220,1,0,0,0,56,0,0
746,scan,745,0,20803893775066,,20803893913724,20803895500275,64.457,-1.1987,-1.1407,-1.5863,4,0.8155,815,0,1000,220,-4,1,736,20803443646181,20803855077021,411430,0,1,63285,409279,1,,,,745,220,-4,0,0,0,56,0,0
747,scan,746,0,20803944174391,,20803944325112,20803946512597,64.507,-1.1988,-1.1481,-1.5863,4,0.8095,809,0,1000,220,-4,1,736,,,,1,1,63285,409961,1,,,,746,220,-4,0,0,0,56,0,0
748,scan,747,0,20803994094485,,20803994243259,20803997471346,64.557,-1.1990,-1.1631,-1.5865,4,0.8067,806,0,1000,220,-4,1,736,,,,1,1,63285,409961,1,,,,747,220,-4,0,0,0,56,0,0
749,scan,748,0,20804044056781,,20804044189458,20804046432399,64.607,-1.1991,-1.1706,-1.5867,4,0.7887,788,0,1000,220,-4,1,736,,,,1,1,63285,409555,1,,,,748,220,-4,0,0,0,56,0,0
750,scan,749,0,20804093905881,,20804094057094,20804095609818,64.657,-1.1994,-1.1855,-1.5871,4,0.7757,775,0,1000,220,-4,1,736,,,,1,1,63285,409555,1,,,,749,220,-4,0,0,0,56,0,0
751,scan,750,0,20804144097681,,20804144218887,20804146416797,64.707,-1.1995,-1.1930,-1.5872,4,0.7623,762,0,1000,0,999,1,741,20803693842340,20804106600882,412758,0,1,63285,408126,1,,,,750,0,999,0,0,0,56,0,0
752,scan,751,0,20804193934095,,20804194053993,20804195533425,64.757,-1.1997,-1.2068,-1.5865,4,0.7539,753,0,1000,0,999,1,742,20803744106245,20804156516146,412409,0,1,63285,408340,1,,,,751,0,999,0,0,0,56,0,0
753,scan,752,0,20804244796830,,20804244939968,20804246568684,64.807,-1.1998,-1.2120,-1.5829,4,0.7461,746,0,1000,0,999,1,742,,,,1,1,63285,408108,1,,,,752,0,999,0,0,0,56,0,0
754,scan,753,0,20804294327091,,20804294448380,20804296492784,64.857,-1.1998,-1.2189,-1.5702,4,0.7575,757,0,1000,0,999,1,745,20803893828098,20804292794118,398966,0,1,63285,407711,1,,,,753,0,999,0,0,0,56,0,0
755,scan,754,0,20804344551878,,20804344714525,20804346585206,64.907,-1.1998,-1.2209,-1.5644,4,0.7479,747,0,1000,0,999,1,745,,,,1,1,63285,406792,1,,,,754,0,999,0,0,0,56,0,0
756,scan,755,0,20804394959850,,20804395081286,20804397473434,64.957,-1.1998,-1.2232,-1.5393,4,0.7432,743,0,1000,0,999,1,746,20803944223219,20804351638531,407415,0,1,63285,406819,1,,,,755,0,999,0,0,0,56,0,0
757,scan,756,0,20804444628585,,20804444785300,20804446875161,65.007,-1.1998,-1.2236,-1.5099,4,0.7322,732,0,1000,0,999,1,748,20804044103782,20804440693825,396590,0,1,63285,406854,1,,,,756,0,999,0,0,0,56,0,0
758,scan,757,0,20804494769276,,20804494897626,20804496700271,65.057,-1.1998,-1.2235,-1.4694,4,0.7411,741,0,1000,0,999,1,748,,,,1,1,63285,407291,1,,,,757,0,999,0,0,0,56,0,0
759,scan,758,0,20804545061230,,20804545188326,20804547535558,65.107,-1.1998,-1.2234,-1.3855,4,0.7396,739,0,1000,0,999,1,749,20804093949371,20804498203092,404253,0,1,63285,407159,1,,,,758,0,999,0,0,0,56,0,0
760,scan,759,0,20804595048063,,20804595176417,20804596570840,65.157,-1.1999,-1.2233,-1.3542,4,0.7438,743,0,1000,0,999,1,750,20804144137933,20804577816800,433678,0,1,63285,408264,1,,,,759,0,999,0,0,0,56,0,0
761,scan,760,0,20804645049429,,20804645178494,20804647414565,65.207,-1.1999,-1.2232,-1.2983,4,0.7411,741,0,1000,0,999,1,751,20804193973327,20804629223124,435249,0,1,63285,409865,1,,,,760,0,999,0,0,0,56,0,0
762,scan,761,0,20804694735546,,20804694893625,20804696517094,65.257,-1.1999,-1.2231,-1.2640,4,0.7262,726,0,1000,0,999,1,752,20804244844995,20804664819096,419974,0,1,63285,410912,1,,,,761,0,999,0,0,0,56,0,0
763,scan,762,0,20804744592092,,20804744756383,20804746740446,65.307,-1.2000,-1.2230,-1.1881,4,0.7472,747,0,1000,0,999,1,753,20804294370172,20804704538199,410168,0,1,63285,410882,1,,,,762,0,999,0,0,0,56,0,0
764,scan,763,0,20804794620211,,20804794756259,20804796545439,65.357,-1.2000,-1.2230,-1.1535,4,0.7361,736,0,1000,0,999,1,754,20804344614673,20804758505174,413890,0,1,63285,411436,1,,,,763,0,999,0,0,0,56,0,0
765,scan,764,0,20804844572156,,20804844706495,20804846562509,65.407,-1.2000,-1.2229,-1.0908,4,0.7405,740,0,1000,0,999,1,755,20804394998213,20804797108049,402109,0,1,63285,411591,1,,,,764,0,999,0,0,0,56,0,0
766,scan,765,0,20804894505392,,20804894654986,20804896642848,65.457,-1.2001,-1.2228,-1.0580,4,0.7393,739,0,1000,0,999,1,756,20804444673243,20804859873238,415199,0,1,63285,411730,1,,,,765,0,999,0,0,0,56,0,0
767,scan,766,0,20804944707812,,20804944859431,20804946572919,65.507,-1.2001,-1.2227,-0.9871,4,0.7333,733,0,1000,0,999,1,757,20804494814346,20804908922975,414108,0,1,63285,412442,1,,,,766,0,999,0,0,0,56,0,0
768,scan,767,0,20804994962408,,20804995082854,20804996572476,65.557,-1.2002,-1.2227,-0.9520,4,0.7369,736,0,1000,0,999,1,759,20804595092178,20804989126541,394034,0,1,63285,411760,1,,,,767,0,999,0,0,0,56,0,0
769,scan,768,0,20805044804077,,20805044924178,20805046528787,65.607,-1.2002,-1.2226,-0.8858,4,0.7395,739,0,1000,0,999,1,759,,,,1,1,63285,411744,1,,,,768,0,999,0,0,0,56,0,0
770,scan,769,0,20805094813703,,20805094932142,20805096695905,65.657,-1.2003,-1.2226,-0.8529,4,0.7363,736,0,1000,0,999,1,759,,,,1,1,63285,411198,1,,,,769,0,999,0,0,0,56,0,0
771,scan,770,0,20805144675770,,20805144798057,20805146646861,65.707,-1.2004,-1.2225,-0.7844,4,0.7354,735,0,1000,0,999,1,759,,,,1,1,63285,411595,1,,,,770,0,999,0,0,0,56,0,0
772,scan,771,0,20805194723145,,20805194847674,20805196585111,65.757,-1.2004,-1.2225,-0.7497,4,0.7384,738,0,1000,0,999,1,762,20804744645548,20805164774151,420128,0,1,63285,411937,1,,,,771,0,999,0,0,0,56,0,0
773,scan,772,0,20805244955647,,20805245159712,20805247434961,65.807,-1.2005,-1.2224,-0.6820,4,0.7285,728,0,1000,0,999,1,764,20804844618668,20805245044775,400426,0,1,63285,411973,1,,,,772,0,999,0,0,0,56,0,0
774,scan,773,0,20805295784802,,20805295946806,20805297639993,65.857,-1.2006,-1.2224,-0.6485,4,0.7467,746,0,1000,0,999,1,764,,,,1,1,63285,412589,1,,,,773,0,999,0,0,0,56,0,0
775,scan,774,0,20805345888575,,20805346016817,20805347690639,65.907,-1.2006,-1.2223,-0.6148,4,0.7553,755,0,1000,0,999,1,765,20804894566377,20805341237626,446671,0,1,63285,414765,1,,,,774,0,999,0,0,0,56,0,0
776,scan,775,0,20805395787869,,20805395979875,20805397597830,65.957,-1.2007,-1.2223,-0.5464,4,0.7634,763,0,1000,0,999,1,766,20804944755936,20805356964842,412208,0,1,63285,414662,1,,,,775,0,999,0,0,0,56,0,0
777,scan,776,0,20805445756928,,20805445926201,20805447617958,66.007,-1.2008,-1.2222,-0.5123,4,0.7503,750,0,1000,0,999,1,768,20805044843271,20805440400535,395557,0,1,63285,412831,1,,,,776,0,999,0,0,0,56,0,0
778,scan,777,0,20805495729303,,20805495858128,20805497526369,66.057,-1.2009,-1.2222,-0.4447,4,0.7658,765,0,912,0,999,1,768,,,,1,1,63285,413402,1,,,,777,0,999,0,0,0,56,0,0
779,scan,778,0,20805545848187,,20805546009305,20805547578671,66.107,-1.2009,-1.2222,-0.4110,4,0.7815,781,0,844,0,999,1,769,20805094854259,20805509022612,414168,0,1,63285,413432,1,,,,778,0,999,0,0,0,56,0,0
780,scan,779,0,20805595662004,,20805595827207,20805597542272,66.157,-1.2010,-1.2221,-0.3431,4,0.7852,785,220,708,0,999,1,769,,,,1,1,63285,413344,1,,,,779,0,999,0,0,0,56,0,0
781,scan,780,0,20805645604869,,20805645729460,20805647583902,66.207,-1.2011,-1.2221,-0.3091,4,0.7738,773,220,640,0,999,1,771,20805194765210,20805598076724,403311,0,1,63285,412437,1,,,,780,0,999,0,0,0,56,0,0
782,scan,781,0,20805695586056,,20805695709363,20805697550097,66.257,-1.2012,-1.2221,-0.2413,4,0.7845,784,220,505,0,999,1,772,20805244993661,20805645821228,400827,0,1,63285,411973,1,,,,781,0,999,0,0,0,56,0,0
783,scan,782,0,20805745974339,,20805746084936,20805747547844,66.307,-1.2013,-1.2221,-0.2074,4,0.7811,781,220,437,0,999,1,774,20805345934245,20805744414329,398480,0,1,63285,411454,1,,,,782,0,999,0,0,0,56,0,0
784,scan,783,0,20805795850049,,20805795972528,20805797625034,66.357,-1.2014,-1.2221,-0.1396,4,0.7822,782,220,301,0,999,1,775,20805395864135,20805792684909,396820,0,1,63285,410416,1,,,,783,0,999,0,0,0,56,0,0
785,scan,784,0,20805846327979,,20805846521239,20805848597127,66.407,-1.2015,-1.2221,-0.1056,4,0.7776,777,220,233,0,999,1,775,,,,1,1,63285,410416,1,,,,784,0,999,0,0,0,56,0,0
786,scan,785,0,20805896288131,,20805896414893,20805898465410,66.457,-1.2016,-1.2221,-0.0378,4,0.7680,767,220,98,0,997,1,776,20805445810034,20805847560872,401750,0,1,63285,410044,1,,,,785,0,997,0,0,0,56,0,0
787,scan,786,0,20805946019503,,20805946147294,20805948435264,66.507,-1.2016,-1.2221,-0.0039,4,0.7840,783,220,30,0,917,1,777,20805495773349,20805911774389,416001,0,1,63285,410265,1,,,,786,0,917,0,0,0,56,0,0
788,scan,787,0,20805996145641,,20805996272975,20805998461001,66.557,-1.2018,-1.2221,0.0633,4,0.7898,789,220,-104,0,847,1,778,20805545920138,20805955053825,409133,0,1,63285,410224,1,,,,787,0,847,0,0,0,56,0,0
789,scan,788,0,20806046273999,,20806046448084,20806048559534,66.607,-1.2018,-1.2221,0.0947,4,0.7759,775,220,-167,220,625,1,780,20805645646228,20806041684743,396038,0,1,63285,409735,1,,,,788,220,625,0,0,0,56,0,0
790,scan,789,0,20806096958189,,20806097221042,20806099464571,66.657,-1.2008,-1.2220,0.1526,4,0.7888,788,220,-283,220,625,1,780,,,,1,1,63285,409735,1,,,,789,220,625,0,0,0,56,0,0
791,scan,790,0,20806146196589,,20806146324808,20806148472318,66.707,-1.1985,-1.2216,0.1854,4,0.7788,778,220,-349,220,487,1,781,20805695625919,20806101469563,405843,0,1,63285,409497,1,,,,790,220,487,0,0,0,56,0,0
792,scan,791,0,20806196373581,,20806196552551,20806198662116,66.757,-1.1952,-1.2209,0.2233,4,0.7790,779,220,-426,220,290,1,783,20805795891699,20806193245183,397353,0,1,63285,408977,1,,,,791,220,290,0,0,0,56,0,0
793,scan,792,0,20806246091547,,20806246212493,20806248472843,66.807,-1.1853,-1.2183,0.3009,4,0.7684,768,220,-583,220,224,1,784,20805846372994,20806240520622,394147,0,1,63285,408483,1,,,,792,220,224,0,0,0,56,0,0
794,scan,793,0,20806295849234,,20806295972937,20806297608985,66.857,-1.1795,-1.2163,0.3333,4,0.7595,759,220,-650,220,224,1,784,,,,1,1,63285,408811,1,,,,793,220,224,0,0,0,56,0,0
795,scan,794,0,20806345739157,,20806345862904,20806347576751,66.907,-1.1666,-1.2116,0.3647,4,0.7476,747,220,-718,220,94,1,785,20805896330356,20806298615348,402284,0,1,63285,408594,1,,,,794,220,94,0,0,0,56,0,0
796,scan,795,0,20806396058716,,20806396179176,20806398454417,66.957,-1.1596,-1.2089,0.3643,4,0.7342,734,220,-720,220,29,1,786,20805946061516,20806346199200,400137,0,1,63285,408351,1,,,,795,220,29,0,0,0,56,0,0
797,scan,796,0,20806446355398,,20806446551288,20806448607632,67.007,-1.1456,-1.2036,0.3606,4,0.7345,734,220,-718,220,-99,1,787,20805996190188,20806415956367,419766,0,1,63285,409124,1,,,,796,220,-99,0,0,0,56,0,0
798,scan,797,0,20806496605854,,20806496733239,20806498497481,67.057,-1.1386,-1.2010,0.3634,4,0.7106,710,220,-726,220,-99,1,787,,,,1,1,63285,409124,1,,,,797,220,-99,0,0,0,56,0,0
799,scan,798,0,20806546623381,,20806546751268,20806548665250,67.107,-1.1246,-1.1956,0.3652,4,0.7114,711,220,-735,220,-267,1,789,20806097039333,20806504065611,407026,0,1,63285,409216,1,,,,798,220,-267,0,0,0,56,0,0
800,scan,799,0,20806596641880,,20806596772903,20806598754182,67.157,-1.1176,-1.1930,0.3589,4,0.6974,697,220,-725,220,-323,1,790,20806146239599,20806549943474,403703,0,1,63285,408217,1,,,,799,220,-323,0,0,0,56,0,0
801,scan,800,0,20806646494994,,20806646621299,20806648564924,67.207,-1.1036,-1.1878,0.3475,4,0.6812,681,220,-708,220,-390,1,791,20806196473153,20806619597736,423124,0,1,63285,407813,1,,,,800,220,-390,0,0,0,56,0,0
802,scan,801,0,20806696587771,,20806696736722,20806698584390,67.257,-1.0965,-1.1853,0.3413,4,0.6654,665,220,-698,220,-390,1,791,,,,1,1,63285,407393,1,,,,801,220,-390,0,0,0,56,0,0
803,scan,802,0,20806746948302,,20806747113015,20806749422115,67.307,-1.0823,-1.1804,0.3126,4,0.6581,658,220,-646,210,-723,1,794,20806345781571,20806744809696,399028,0,1,63285,407009,1,,,,802,210,-723,0,0,0,56,0,0
804,scan,803,0,20806796935800,,20806797097190,20806799433272,67.357,-1.0751,-1.1782,0.2945,4,0.6550,654,220,-612,210,-723,1,794,,,,1,1,63285,406764,1,,,,803,210,-723,0,0,0,56,0,0
805,scan,804,0,20806846690729,,20806846833969,20806848564656,67.407,-1.0613,-1.1742,0.2585,4,0.6204,620,220,-545,210,-723,1,794,,,,1,1,63285,406936,1,,,,804,210,-723,0,0,0,56,0,0
806,scan,805,0,20806896735593,,20806896857455,20806898722119,67.457,-1.0543,-1.1725,0.2337,4,0.6195,619,220,-497,210,-723,1,794,,,,1,1,63285,406618,1,,,,805,210,-723,0,0,0,56,0,0
807,scan,806,0,20806946584429,,20806946718655,20806948584781,67.507,-1.0403,-1.1696,0.1758,4,0.6114,611,220,-385,210,-723,1,794,,,,1,1,63285,406319,1,,,,806,210,-723,0,0,0,56,0,0
808,scan,807,0,20806996755486,,20806996868808,20806998667101,67.557,-1.0332,-1.1684,0.1504,4,0.6001,600,220,-335,200,-749,1,798,20806546666386,20806996537709,449871,0,1,63285,408552,1,,,,807,200,-749,0,0,0,56,0,0
809,scan,808,0,20807046926946,,20807047121454,20807049436620,67.607,-1.0261,-1.1674,0.1283,4,0.5952,595,220,-292,207,-734,1,799,20806596687197,20807002149431,405462,0,1,63285,408433,1,,,,808,207,-734,0,0,0,56,0,0
810,scan,809,0,20807096816780,,20807096945858,20807098518621,67.657,-1.0124,-1.1659,0.0859,4,0.5881,588,220,-210,213,-707,1,800,20806646537856,20807070363487,423825,0,1,63285,409003,1,,,,809,213,-707,0,0,0,56,0,0
811,scan,810,0,20807146910856,,20807147025847,20807148552506,67.707,-1.0054,-1.1654,0.0613,4,0.5820,581,220,-161,217,-633,1,802,20806747019386,20807146282703,399263,0,1,63285,408655,1,,,,810,217,-633,0,0,0,56,0,0
812,scan,811,0,20807196766129,,20807196886899,20807198506522,67.757,-0.9911,-1.1649,0.0085,4,0.5659,565,220,-56,217,-633,1,802,,,,1,1,63285,408230,1,,,,811,217,-633,0,0,0,56,0,0
813,scan,812,0,20807247030436,,20807247149940,20807249420180,67.807,-0.9837,-1.1649,-0.0117,4,0.5603,560,220,-16,217,-633,1,802,,,,1,1,63285,408531,1,,,,812,217,-633,0,0,0,56,0,0
814,scan,813,0,20807297054023,,20807297167308,20807299427513,67.857,-0.9689,-1.1653,-0.0455,4,0.5344,534,220,52,219,-460,1,805,20806896777821,20807294304058,397526,0,1,63285,408123,1,,,,813,219,-460,0,0,0,56,0,0
815,scan,814,0,20807347636598,,20807347788199,20807349526951,67.907,-0.9615,-1.1657,-0.0667,4,0.5476,547,220,95,219,-460,1,805,,,,1,1,63285,406640,1,,,,814,219,-460,0,0,0,56,0,0
816,scan,815,0,20807397414028,,20807397533557,20807399560829,67.957,-0.9466,-1.1670,-0.1090,4,0.5395,539,220,180,220,-357,1,806,20806946626813,20807377104267,430477,0,1,63285,407343,1,,,,815,220,-357,0,0,0,56,0,0
817,scan,816,0,20807447407118,,20807447525069,20807449558643,68.007,-0.9392,-1.1679,-0.1224,4,0.5244,524,220,208,220,-276,1,808,20807046994605,20807446590088,399595,0,1,63285,407498,1,,,,816,220,-276,0,0,0,56,0,0
818,scan,817,0,20807497503846,,20807497637264,20807499557695,68.057,-0.9243,-1.1699,-0.1404,4,0.5121,512,220,246,220,-276,1,808,,,,1,1,63285,407498,1,,,,817,220,-276,0,0,0,56,0,0
819,scan,818,0,20807547532910,,20807547663096,20807549523610,68.107,-0.9169,-1.1709,-0.1485,4,0.5095,509,220,263,220,-199,1,809,20807096859999,20807527893458,431033,0,1,63285,408147,1,,,,818,220,-199,0,0,0,56,0,0
820,scan,819,0,20807597702891,,20807597847651,20807599528999,68.157,-0.9021,-1.1733,-0.1668,4,0.4923,492,220,302,220,-54,1,811,20807196807651,20807590180430,393372,0,1,63285,407600,1,,,,819,220,-54,0,0,0,56,0,0
821,scan,820,0,20807647807418,,20807647944258,20807649650636,68.207,-0.8947,-1.1746,-0.1748,4,0.4951,495,220,319,220,-54,1,811,,,,1,1,63285,407765,1,,,,820,220,-54,0,0,0,56,0,0
822,scan,821,0,20807697879858,,20807698001694,20807699440509,68.257,-0.8800,-1.1772,-0.1842,4,0.4822,482,220,341,220,-14,1,812,20807247073961,20807655663326,408589,0,1,63285,408063,1,,,,821,220,-14,0,0,0,56,0,0
823,scan,822,0,20807747787526,,20807747925357,20807749559712,68.307,-0.8726,-1.1786,-0.1850,4,0.4618,461,220,344,220,91,1,814,20807347683100,20807741174095,393490,0,1,63285,407871,1,,,,822,220,91,0,0,0,56,0,0
824,scan,823,0,20807798434685,,20807798817424,20807801509176,68.357,-0.8579,-1.1813,-0.1824,4,0.4749,474,220,342,220,172,1,815,20807397454216,20807790391084,392936,0,1,63285,407722,1,,,,823,220,172,0,0,0,56,0,0
825,scan,824,0,20807848042631,,20807848358831,20807850487401,68.407,-0.8506,-1.1827,-0.1792,4,0.4736,473,220,338,220,172,1,815,,,,1,1,63285,407722,1,,,,824,220,172,0,0,0,56,0,0
826,scan,825,0,20807898031312,,20807898174528,20807900429690,68.457,-0.8432,-1.1840,-0.1744,4,0.4664,466,220,329,220,198,1,816,20807447450830,20807849387945,401937,0,1,63285,407729,1,,,,825,220,198,0,0,0,56,0,0
827,scan,826,0,20807947858096,,20807947980430,20807949588353,68.507,-0.8285,-1.1865,-0.1604,4,0.4601,460,220,304,220,198,1,816,,,,1,1,63285,407398,1,,,,826,220,198,0,0,0,56,0,0
828,scan,827,0,20807997920081,,20807998059170,20808000438390,68.557,-0.8211,-1.1877,-0.1534,4,0.4628,462,220,292,220,198,1,816,,,,1,1,63285,407326,1,,,,827,220,198,0,0,0,56,0,0
829,scan,828,0,20808047909138,,20808048081188,20808049552676,68.607,-0.8063,-1.1899,-0.1407,4,0.4449,444,220,269,220,198,1,816,,,,1,1,63285,407817,1,,,,828,220,198,0,0,0,56,0,0
830,scan,829,0,20808097855610,,20808097972927,20808099524613,68.657,-0.7989,-1.1909,-0.1343,4,0.4308,430,220,257,220,307,1,820,20807647856982,20808087590081,439733,0,1,63285,409147,1,,,,829,220,307,0,0,0,56,0,0
831,scan,830,0,20808147914782,,20808148108801,20808150433324,68.707,-0.7841,-1.1928,-0.1196,4,0.4329,432,220,230,220,326,1,821,20807697921987,20808100281359,402359,0,1,63285,409002,1,,,,830,220,326,0,0,0,56,0,0
832,scan,831,0,20808198184871,,20808198329163,20808200478096,68.757,-0.7767,-1.1936,-0.1094,4,0.4277,427,220,211,220,331,1,822,20807747831895,20808168406857,420574,0,1,63285,409969,1,,,,831,220,331,0,0,0,56,0,0
833,scan,832,0,20808248899143,,20808249039226,20808250559933,68.807,-0.7618,-1.1951,-0.0839,4,0.4049,404,220,161,220,327,1,823,20807798517468,20808243933057,445415,0,1,63285,412105,1,,,,832,220,327,0,0,0,56,0,0
834,scan,833,0,20808298468751,,20808298636017,20808300544773,68.857,-0.7544,-1.1957,-0.0718,4,0.4013,401,220,138,220,323,1,824,20807848096042,20808268115541,420019,0,1,63285,412422,1,,,,833,220,323,0,0,0,56,0,0
835,scan,834,0,20808348278491,,20808348403502,20808350530778,68.907,-0.7395,-1.1966,-0.0512,4,0.4069,406,220,98,220,315,1,825,20807898081564,20808311553568,413472,0,1,63285,412869,1,,,,834,220,315,0,0,0,56,0,0
836,scan,835,0,20808398896802,,20808399050703,20808400621965,68.957,-0.7321,-1.1969,-0.0411,4,0.3933,393,220,78,220,278,1,827,20807997968188,20808391293325,393325,0,1,63285,412597,1,,,,835,220,278,0,1,0,56,0,0
837,scan,836,0,20808448788588,,20808448934363,20808450626010,69.007,-0.7172,-1.1974,-0.0191,4,0.3944,394,220,35,220,257,1,828,20808047954036,20808448500124,400546,0,1,63285,411828,1,,,,836,220,257,0,1,0,56,0,0
838,scan,837,0,20808498571814,,20808498709677,20808500568116,69.057,-0.7097,-1.1975,-0.0090,4,0.3871,387,220,15,220,257,1,828,,,,1,1,63285,411828,1,,,,837,220,257,0,1,0,56,0,0
839,scan,838,0,20808548651332,,20808548897917,20808550650551,69.107,-0.6948,-1.1975,0.0073,4,0.3819,381,220,-18,220,257,1,828,,,,1,1,63285,412028,1,,,,838,220,257,0,1,0,56,0,0
840,scan,839,0,20808598781426,,20808598901047,20808600656487,69.157,-0.6873,-1.1974,0.0151,4,0.3685,368,220,-34,220,200,1,831,20808198243827,20808596557635,398313,0,1,63285,411804,1,,,,839,220,200,0,1,0,56,0,0
841,scan,840,0,20808648625092,,20808648743287,20808650627804,69.207,-0.6724,-1.1971,0.0325,4,0.3693,369,220,-69,220,200,1,831,,,,1,1,63285,411311,1,,,,840,220,200,0,1,0,56,0,0
842,scan,841,0,20808698752455,,20808698874354,20808700609872,69.257,-0.6649,-1.1968,0.0403,4,0.3596,359,220,-85,220,154,1,832,20808248949026,20808653983762,405034,0,1,63285,411050,1,,,,841,220,154,0,1,0,56,0,0
843,scan,842,0,20808748867063,,20808748989657,20808750579579,69.307,-0.6574,-1.1965,0.0463,4,0.3537,353,220,-98,220,132,1,833,20808298518667,20808714293017,415774,0,1,63285,411748,1,,,,842,220,132,0,1,0,56,0,0
844,scan,843,0,20808798760575,,20808798878802,20808800559981,69.357,-0.6425,-1.1957,0.0559,4,0.3470,347,220,-118,220,93,1,834,20808348320492,20808765666129,417345,0,1,63285,411971,1,,,,843,220,93,0,1,0,56,0,0
845,scan,844,0,20808848808732,,20808848963152,20808850577941,69.407,-0.6350,-1.1953,0.0604,4,0.3434,343,220,-127,220,93,1,834,,,,1,1,63285,411971,1,,,,844,220,93,0,1,0,56,0,0
846,scan,845,0,20808898768299,,20808898896371,20808900583405,69.457,-0.6201,-1.1943,0.0679,4,0.3414,341,220,-144,220,14,1,837,20808498618847,20808887686066,389067,0,1,63285,411090,1,,,,845,220,14,0,1,0,56,0,0
847,scan,846,0,20808949080648,,20808949212387,20808951442673,69.507,-0.6127,-1.1938,0.0704,4,0.3319,331,220,-150,220,-17,1,838,20808548691572,20808945240935,396549,0,1,63285,410552,1,,,,846,220,-17,0,1,0,56,0,0
848,scan,847,0,20808998822596,,20808998957330,20809000567232,69.557,-0.5978,-1.1927,0.0725,4,0.3307,330,220,-156,220,-32,1,839,20808598822944,20808996080989,397258,0,1,63285,408603,1,,,,847,220,-32,0,1,0,56,0,0
849,scan,848,0,20809048912351,,20809049062508,20809050517473,69.607,-0.5903,-1.1922,0.0711,4,0.3286,328,220,-153,220,-32,1,839,,,,1,1,63285,408724,1,,,,848,220,-32,0,1,0,56,0,0
850,scan,849,0,20809098874152,,20809098996111,20809100595554,69.657,-0.5754,-1.1912,0.0669,4,0.3340,334,220,-147,220,-79,1,841,20808698795294,20809095099580,396304,0,1,63285,407666,1,,,,849,220,-79,0,1,0,56,0,0
851,scan,850,0,20809148834505,,20809148973802,20809150530406,69.707,-0.5679,-1.1907,0.0660,4,0.3316,331,220,-146,220,-79,1,841,,,,1,1,63285,408002,1,,,,850,220,-79,0,1,0,56,0,0
852,scan,851,0,20809198806531,,20809199120836,20809200567404,69.757,-0.5530,-1.1897,0.0634,4,0.3550,355,220,-142,220,-92,1,842,20808748911247,20809156122590,407211,0,1,63285,407971,1,,,,851,220,-92,0,1,0,56,0,0
853,scan,852,0,20809249145183,,20809249346635,20809251562504,69.807,-0.5455,-1.1892,0.0600,4,0.3466,346,220,-136,220,-92,1,842,,,,1,1,63285,407971,1,,,,852,220,-92,0,1,0,56,0,0
854,scan,853,0,20809298914806,,20809299136006,20809301440541,69.857,-0.5305,-1.1884,0.0520,4,0.3524,352,220,-121,220,-120,1,844,20808848876341,20809265199115,416322,0,1,63285,408694,1,,,,853,220,-120,0,1,0,56,0,0
855,scan,854,0,20809349172077,,20809349308910,20809351497403,69.907,-0.5231,-1.1880,0.0489,4,0.3891,389,220,-116,220,-140,1,846,20808949125905,20809346111062,396985,0,1,63285,408261,1,,,,854,220,-140,0,1,0,56,0,0
856,scan,855,0,20809399433173,,20809399556022,20809401551850,69.957,-0.5081,-1.1873,0.0426,4,1.0859,1085,220,-105,220,-147,1,847,20808998863790,20809393217032,394353,0,1,63285,406923,1,,,,855,220,-147,0,0,0,56,0,0
857,scan,856,0,20809449648134,,20809449777145,20809451620078,70.007,-0.5006,-1.1870,0.0375,4,1.0828,1082,220,-95,220,-145,1,848,20809048963566,20809443622301,394658,0,1,63285,406740,1,,,,856,220,-145,0,0,0,56,0,0
858,scan,857,0,20809500278590,,20809500501620,20809502487081,70.057,-0.4857,-1.1865,0.0255,4,1.0594,1059,220,-72,220,-145,1,848,,,,1,1,63285,406740,1,,,,857,220,-145,0,0,0,56,0,0
859,scan,858,0,20809549915614,,20809550055372,20809552435280,70.107,-0.4782,-1.1864,0.0204,4,1.0441,1044,220,-62,220,-137,1,850,20809148881489,20809544295059,395413,0,1,63285,405420,1,,,,858,220,-137,0,0,0,56,0,0
860,scan,859,0,20809600395600,,20809600537244,20809603411033,70.157,-0.4707,-1.1862,0.0161,4,1.0607,1060,220,-54,220,-137,1,850,,,,1,1,63285,405884,1,,,,859,220,-137,0,0,0,56,0,0
861,scan,860,0,20809649926038,,20809650238732,20809652749686,70.207,-0.4557,-1.1861,0.0076,4,1.0471,1047,220,-37,220,-137,1,850,,,,1,1,63285,405884,1,,,,860,220,-137,0,0,0,56,0,0
862,scan,861,0,20809699921742,,20809700060412,20809702447427,70.257,-0.4482,-1.1860,0.0028,4,1.0562,1056,220,-28,220,-128,1,852,20809249212211,20809660809351,411597,0,1,63285,406000,1,,,,861,220,-128,0,0,0,56,0,0
863,scan,862,0,20809749783023,,20809749900894,20809751535769,70.307,-0.4333,-1.1861,-0.0070,4,1.0420,1041,220,-9,220,-109,1,854,20809349219124,20809740382019,391162,0,1,63285,405910,1,,,,862,220,-109,0,0,0,56,0,0
864,scan,863,0,20809799669438,,20809799822426,20809801535723,70.357,-0.4258,-1.1861,-0.0114,4,1.0201,1020,220,0,220,-109,1,854,,,,1,1,63285,406429,1,,,,863,220,-109,0,0,0,56,0,0
865,scan,864,0,20809849665561,,20809849786137,20809851640199,70.407,-0.4108,-1.1863,-0.0186,4,1.0159,1015,220,15,220,-109,1,854,,,,1,1,63285,406429,1,,,,864,220,-109,0,0,0,56,0,0
866,scan,865,0,20809900086654,,20809900220986,20809902673533,70.457,-0.4033,-1.1865,-0.0219,4,1.0174,1017,220,21,220,-109,1,854,,,,1,1,63285,406616,1,,,,865,220,-109,0,0,0,56,0,0
867,scan,866,0,20809949644649,,20809949788095,20809951849410,70.507,-0.3883,-1.1869,-0.0293,4,1.0167,1016,220,36,220,-109,1,854,,,,1,1,63285,406616,1,,,,866,220,-109,0,0,0,56,0,0
868,scan,867,0,20809999815416,,20809999940014,20810001625176,70.557,-0.3809,-1.1871,-0.0332,4,1.0065,1006,220,45,220,-109,1,854,,,,1,1,63285,406616,1,,,,867,220,-109,0,0,0,56,0,0
869,scan,868,0,20810050062985,,20810050178543,20810052507559,70.607,-0.3659,-1.1877,-0.0408,4,1.0007,1000,220,60,220,-35,1,860,20809649972508,20810049322674,399350,0,1,63285,406326,1,,,,868,220,-35,0,0,0,56,0,0
870,scan,869,0,20810100088462,,20810100212208,20810102473564,70.657,-0.3584,-1.1880,-0.0443,4,0.9936,993,220,68,220,-35,1,860,,,,1,1,63285,404934,1,,,,869,220,-35,0,0,0,56,0,0
871,scan,870,0,20810150543833,,20810150677658,20810152609163,70.707,-0.3435,-1.1887,-0.0488,4,1.0011,1001,220,78,220,-7,1,862,20809749823245,20810147004515,397181,0,1,63285,404718,1,,,,870,220,-7,0,0,0,56,0,0
872,scan,871,0,20810200519087,,20810200634135,20810202542320,70.757,-0.3360,-1.1890,-0.0488,4,0.9815,981,220,78,220,0,1,863,20809799720671,20810196485314,396764,0,1,63285,403726,1,,,,871,220,0,0,0,0,56,0,0
873,scan,872,0,20810250479210,,20810250606015,20810252654035,70.807,-0.3211,-1.1898,-0.0483,4,0.9997,999,220,78,220,15,1,864,20809849705883,20810244714750,395008,0,1,63285,401625,1,,,,872,220,15,0,0,0,56,0,0
874,scan,873,0,20810300515578,,20810300642933,20810302529084,70.857,-0.3136,-1.1901,-0.0484,4,0.9823,982,220,79,220,15,1,864,,,,1,1,63285,400826,1,,,,873,220,15,0,0,0,56,0,0
875,scan,874,0,20810350939523,,20810351194705,20810353420778,70.907,-0.2986,-1.1909,-0.0483,4,0.9878,987,220,80,220,35,1,866,20809949702266,20810342537657,392835,0,1,63285,399928,1,,,,874,220,35,0,0,0,56,0,0
876,scan,875,0,20810400276031,,20810400421744,20810402478882,70.957,-0.2912,-1.1912,-0.0475,4,0.9738,973,220,79,220,35,1,866,,,,1,1,63285,400229,1,,,,875,220,35,0,0,0,56,0,0
877,scan,876,0,20810450583668,,20810450709816,20810452558020,71.007,-0.2837,-1.1916,-0.0464,4,0.9918,991,220,77,220,59,1,868,20810050104995,20810447205594,397100,0,1,63285,400072,1,,,,876,220,59,0,0,0,56,0,0
878,scan,877,0,20810500835794,,20810500961005,20810502581002,71.057,-0.2688,-1.1922,-0.0436,4,0.9918,991,220,73,220,59,1,868,,,,1,1,63285,400072,1,,,,877,220,59,0,0,0,56,0,0
879,scan,878,0,20810550834364,,20810550949675,20810552595859,71.107,-0.2613,-1.1926,-0.0421,4,0.9893,989,220,70,220,75,1,870,20810150583736,20810550006551,399422,0,1,63285,400044,1,,,,878,220,75,0,0,0,56,0,0
880,scan,879,0,20810600719426,,20810600847217,20810602654289,71.157,-0.2463,-1.1932,-0.0379,4,0.9909,990,220,63,220,75,1,870,,,,1,1,63285,400122,1,,,,879,220,75,0,0,0,56,0,0
881,scan,880,0,20810651003018,,20810651163747,20810653446444,71.207,-0.2389,-1.1934,-0.0350,4,0.9812,981,220,57,220,75,1,871,20810200559871,20810626960581,426400,0,1,63285,401265,1,,,,880,220,75,0,0,0,56,0,0
882,scan,881,0,20810700765672,,20810700881671,20810702665942,71.257,-0.2239,-1.1939,-0.0293,4,0.9952,995,220,47,220,74,1,873,20810300558886,20810698776578,398217,0,1,63285,400968,1,,,,881,220,74,0,0,0,56,0,0
883,scan,882,0,20810750841524,,20810750977503,20810752662448,71.307,-0.2165,-1.1941,-0.0268,4,0.9821,982,220,42,220,76,1,874,20810351015521,20810745963411,394947,0,1,63285,400063,1,,,,882,220,76,0,0,0,56,0,0
884,scan,883,0,20810800676375,,20810800848282,20810802610197,71.357,-0.2015,-1.1945,-0.0223,4,0.9703,970,220,34,220,76,1,874,,,,1,1,63285,399277,1,,,,883,220,76,0,0,0,56,0,0
885,scan,884,0,20810850878533,,20810851065044,20810853440872,71.407,-0.1940,-1.1946,-0.0197,4,0.9768,976,220,29,220,74,1,876,20810450629109,20810847752389,397123,0,1,63285,399184,1,,,,884,220,74,0,0,0,56,0,0
886,scan,885,0,20810900669900,,20810900812723,20810902581492,71.457,-0.1791,-1.1949,-0.0141,4,0.9589,958,220,18,220,74,1,876,,,,1,1,63285,399644,1,,,,885,220,74,0,0,0,56,0,0
887,scan,886,0,20810950925733,,20810951057153,20810952614694,71.507,-0.1716,-1.1950,-0.0116,4,0.9417,941,220,13,220,70,1,877,20810500879424,20810929976599,429097,0,1,63285,401123,1,,,,886,220,70,0,0,0,56,0,0
888,scan,887,0,20811001030474,,20811001145559,20811003550731,71.557,-0.1567,-1.1951,-0.0069,4,0.9566,956,220,4,220,60,1,879,20810600763817,20810998385991,397622,0,1,63285,401140,1,,,,887,220,60,0,0,0,56,0,0
889,scan,888,0,20811051243373,,20811051364302,20811053905336,71.607,-0.1492,-1.1952,-0.0046,4,0.9387,938,220,-1,220,60,1,879,,,,1,1,63285,401140,1,,,,888,220,60,0,0,0,56,0,0
890,scan,889,0,20811101356568,,20811101519835,20811103554645,71.657,-0.1342,-1.1952,-0.0002,4,0.9393,939,220,-10,220,54,1,880,20810651047650,20811060131582,409083,0,1,63285,401720,1,,,,889,220,54,0,0,0,56,0,0
891,scan,890,0,20811151832538,,20811151988313,20811153603678,71.707,-0.1268,-1.1952,0.0017,4,0.9228,922,220,-14,220,45,1,881,20810700806895,20811125784846,424977,0,1,63285,402732,1,,,,890,220,45,0,0,0,56,0,0
892,scan,891,0,20811201890492,,20811202062845,20811203651139,71.757,-0.1118,-1.1952,0.0053,4,0.9138,913,220,-21,220,31,1,883,20810800733120,20811200683906,399950,0,1,63285,402416,1,,,,891,220,31,0,0,0,56,0,0
893,scan,892,0,20811251444440,,20811251563039,20811253576797,71.807,-0.1043,-1.1951,0.0068,4,0.9199,919,220,-24,220,31,1,883,,,,1,1,63285,402416,1,,,,892,220,31,0,0,0,56,0,0
894,scan,893,0,20811301533977,,20811301655542,20811303679806,71.857,-0.0968,-1.1951,0.0080,4,0.9080,907,220,-27,220,29,1,884,20810850947132,20811280570272,429623,0,1,63285,402994,1,,,,893,220,29,0,0,0,56,0,0
895,scan,894,0,20811351498787,,20811351617818,20811353545178,71.907,-0.0819,-1.1949,0.0098,4,0.9035,903,220,-31,220,18,1,885,20810900730547,20811331800383,431069,0,1,63285,404476,1,,,,894,220,18,0,0,0,56,0,0
896,scan,895,0,20811401462616,,20811401583899,20811403521525,71.957,-0.0744,-1.1948,0.0106,4,0.8807,880,220,-33,220,14,1,886,20810950971504,20811360141120,409169,0,1,63285,405120,1,,,,895,220,14,0,0,0,56,0,0
897,scan,896,0,20811451456398,,20811451598166,20811454453082,72.007,-0.0595,-1.1947,0.0123,4,0.8674,867,220,-37,220,14,1,886,,,,1,1,63285,405596,1,,,,896,220,14,0,0,0,56,0,0
898,scan,897,0,20811501845354,,20811502000723,20811503612692,72.057,-0.0520,-1.1946,0.0127,4,0.8772,877,220,-38,220,1,1,888,20811051285250,20811461917943,410632,0,1,63285,405815,1,,,,897,220,1,0,0,0,56,0,0
899,scan,898,0,20811551738871,,20811551868071,20811553604871,72.107,-0.0370,-1.1944,0.0131,4,0.8578,857,220,-40,220,1,1,888,,,,1,1,63285,406288,1,,,,898,220,1,0,0,0,56,0,0
900,scan,899,0,20811601759606,,20811601885888,20811603499581,72.157,-0.0295,-1.1943,0.0132,4,0.8700,870,220,-40,220,-18,1,891,20811201944650,20811599535236,397590,0,1,63285,405909,1,,,,899,220,-18,0,0,0,56,0,0
901,scan,900,0,20811652187266,,20811652325413,20811654822075,72.207,-0.0146,-1.1941,0.0129,4,0.8563,856,220,-40,220,-18,1,891,,,,1,1,63285,405909,1,,,,900,220,-18,0,0,0,56,0,0
902,scan,901,0,20811702714352,,20811702853231,20811704956422,72.257,-0.0071,-1.1940,0.0124,4,0.8402,840,220,-40,220,-18,1,891,,,,1,1,63285,405651,1,,,,901,220,-18,0,0,0,56,0,0
903,scan,902,0,20811752465886,,20811752598712,20811754729275,72.307,0.0079,-1.1938,0.0105,4,0.8532,853,220,-37,220,-28,1,894,20811351537667,20811745455577,393917,0,1,63285,405776,1,,,,902,220,-28,0,0,0,56,0,0
904,scan,903,0,20811802449973,,20811802584886,20811804869323,72.357,0.0153,-1.1938,0.0098,4,0.8515,851,220,-36,220,-28,1,894,,,,1,1,63285,405776,1,,,,903,220,-28,0,0,0,56,0,0
905,scan,904,0,20811852452070,,20811852602391,20811854759340,72.407,0.0303,-1.1936,0.0086,4,0.8396,839,220,-34,220,-30,1,895,20811401503577,20811817101006,415597,0,1,63285,406203,1,,,,904,220,-30,0,0,0,56,0,0
906,scan,905,0,20811902541144,,20811902692070,20811904527283,72.457,0.0378,-1.1936,0.0076,4,0.8409,840,220,-32,220,-30,1,895,,,,1,1,63285,406203,1,,,,905,220,-30,0,0,0,56,0,0
907,scan,906,0,20811952658593,,20811952795913,20811954581651,72.507,0.0527,-1.1935,0.0051,4,0.8452,845,220,-28,220,-34,1,897,20811501898146,20811903140032,401241,0,1,63285,405996,1,,,,906,220,-34,0,0,0,56,0,0
908,scan,907,0,20812002546039,,20812002681716,20812004509546,72.557,0.0602,-1.1934,0.0041,4,0.8311,831,220,-26,220,-37,1,899,20811601806120,20811996225405,394419,0,1,63285,405533,1,,,,907,220,-37,0,0,0,56,0,0
909,scan,908,0,20812052621711,,20812052753136,20812054591548,72.607,0.0752,-1.1934,0.0021,4,0.8488,848,220,-22,220,-37,1,899,,,,1,1,63285,405791,1,,,,908,220,-37,0,0,0,56,0,0
910,scan,909,0,20812102289159,,20812102439338,20812104725175,72.657,0.0827,-1.1934,0.0009,4,0.8631,863,220,-20,220,-37,1,900,20811652234289,20812059361910,407127,0,1,63285,405844,1,,,,909,220,-37,0,0,0,56,0,0
911,scan,910,0,20812152536818,,20812152708499,20812154639949,72.707,0.0902,-1.1934,-0.0006,4,0.8626,862,220,-18,220,-35,1,901,20811702762869,20812120849655,418086,0,1,63285,406681,1,,,,910,220,-35,0,0,0,56,0,0
912,scan,911,0,20812202558101,,20812202700988,20812204590785,72.757,0.1051,-1.1934,-0.0033,4,0.9058,905,220,-12,220,-35,1,901,,,,1,1,63285,407094,1,,,,911,220,-35,0,0,0,56,0,0
913,scan,912,0,20812252654985,,20812252786650,20812254506723,72.807,0.1126,-1.1934,-0.0045,4,1.0261,1026,220,-10,220,-35,1,901,,,,1,1,63285,407619,1,,,,912,220,-35,0,0,0,56,0,0
914,scan,913,0,20812302764488,,20812302893776,20812304516410,72.857,0.1276,-1.1935,-0.0066,4,1.0258,1025,220,-6,220,-35,1,901,,,,1,1,63285,407619,1,,,,913,220,-35,0,0,0,56,0,0
915,scan,914,0,20812352663947,,20812352813123,20812354548593,72.907,0.1350,-1.1936,-0.0078,4,1.0388,1038,220,-4,220,-28,1,905,20811902588505,20812340675206,438086,0,1,63285,409587,1,,,,914,220,-28,0,0,0,56,0,0
916,scan,915,0,20812402515183,,20812402634873,20812404625365,72.957,0.1500,-1.1937,-0.0103,4,1.0116,1011,220,1,220,-24,1,907,20812002593921,20812401756147,399162,0,1,63285,409152,1,,,,915,220,-24,0,0,0,56,0,0
917,scan,916,0,20812452683258,,20812452808631,20812454644304,73.007,0.1575,-1.1938,-0.0113,4,1.0199,1019,220,3,220,-24,1,907,,,,1,1,63285,409676,1,,,,916,220,-24,0,0,0,56,0,0
918,scan,917,0,20812502884164,,20812503038784,20812504574730,73.057,0.1725,-1.1940,-0.0127,4,1.0311,1031,220,6,220,-19,1,909,20812102341022,20812493882040,391541,0,1,63285,408921,1,,,,917,220,-19,0,0,0,56,0,0
919,scan,918,0,20812552936309,,20812553067030,20812554620921,73.107,0.1799,-1.1941,-0.0134,4,1.0287,1028,220,8,220,-19,1,909,,,,1,1,63285,409334,1,,,,918,220,-19,0,0,0,56,0,0
920,scan,919,0,20812602957131,,20812603079576,20812604572504,73.157,0.1949,-1.1943,-0.0149,4,1.0227,1022,220,11,220,-12,1,911,20812202601877,20812601109418,398507,0,1,63285,408883,1,,,,919,220,-12,0,0,0,56,0,0
921,scan,920,0,20812652928765,,20812653051558,20812654567263,73.207,0.2024,-1.1944,-0.0156,4,1.0053,1005,220,12,220,-12,1,911,,,,1,1,63285,408121,1,,,,920,220,-12,0,0,0,56,0,0
922,scan,921,0,20812703114530,,20812703241125,20812705454515,73.257,0.2173,-1.1946,-0.0165,4,0.9919,991,220,14,220,-12,1,911,,,,1,1,63285,408571,1,,,,921,220,-12,0,0,0,56,0,0
923,scan,922,0,20812753337191,,20812753453178,20812755520240,73.307,0.2248,-1.1947,-0.0167,4,1.0076,1007,220,15,220,0,1,914,20812352722394,20812750023394,397301,0,1,63285,408678,1,,,,922,220,0,0,0,0,56,0,0
924,scan,923,0,20812803406867,,20812803552110,20812805655455,73.357,0.2398,-1.1950,-0.0173,4,1.0111,1011,220,17,220,0,1,914,,,,1,1,63285,408678,1,,,,923,220,0,0,0,0,56,0,0
925,scan,924,0,20812853511843,,20812853635243,20812855582829,73.407,0.2473,-1.1951,-0.0175,4,1.0124,1012,220,17,220,3,1,915,20812402557355,20812816145489,413588,0,1,63285,409427,1,,,,924,220,3,0,0,0,56,0,0
926,scan,925,0,20812904200674,,20812904322465,20812906487710,73.457,0.2622,-1.1954,-0.0171,4,1.0037,1003,220,17,220,5,1,916,20812452727079,20812864481749,411754,0,1,63285,409528,1,,,,925,220,5,0,0,0,56,0,0
927,scan,926,0,20812953617837,,20812953751759,20812955525170,73.507,0.2697,-1.1955,-0.0169,4,1.0017,1001,220,17,220,5,1,916,,,,1,1,63285,408638,1,,,,926,220,5,0,0,0,56,0,0
928,scan,927,0,20813003578588,,20813003694410,20813005698026,73.557,0.2772,-1.1956,-0.0168,4,1.0151,1015,220,17,220,11,1,919,20812603001958,20812995592689,392590,0,1,63285,408410,1,,,,927,220,11,0,0,0,56,0,0
929,scan,928,0,20813053632269,,20813053761259,20813055521072,73.607,0.2921,-1.1959,-0.0166,4,1.0037,1003,220,17,220,11,1,919,,,,1,1,63285,408410,1,,,,928,220,11,0,0,0,56,0,0
930,scan,929,0,20813104023527,,20813104194255,20813106442138,73.657,0.2996,-1.1960,-0.0164,4,1.0012,1001,220,17,220,11,1,919,,,,1,1,63285,408377,1,,,,929,220,11,0,0,0,56,0,0
931,scan,930,0,20813153891159,,20813154021548,20813155534990,73.707,0.3146,-1.1963,-0.0154,4,1.0121,1012,220,15,220,16,1,921,20812703158964,20813105709937,402550,0,1,63285,407309,1,,,,930,220,16,0,0,0,56,0,0
932,scan,931,0,20813203670949,,20813203795347,20813205548486,73.757,0.3220,-1.1964,-0.0149,4,1.0083,1008,220,15,220,16,1,921,,,,1,1,63285,407677,1,,,,931,220,16,0,0,0,56,0,0
933,scan,932,0,20813253717478,,20813253845889,20813255561533,73.807,0.3370,-1.1966,-0.0141,4,1.0171,1017,220,13,220,16,1,921,,,,1,1,63285,407677,1,,,,932,220,16,0,0,0,56,0,0
934,scan,933,0,20813303546687,,20813303673322,20813305677624,73.857,0.3445,-1.1967,-0.0135,4,1.0074,1007,220,13,220,16,1,921,,,,1,1,63285,406522,1,,,,933,220,16,0,0,0,56,0,0
935,scan,934,0,20813353604561,,20813353729528,20813356445573,73.907,0.3594,-1.1969,-0.0123,4,1.0103,1010,220,10,220,16,1,921,,,,1,1,63285,405159,1,,,,934,220,16,0,0,0,56,0,0
936,scan,935,0,20813403884385,,20813404034667,20813405543523,73.957,0.3669,-1.1970,-0.0117,4,1.0121,1012,220,9,220,16,1,921,,,,1,1,63285,404923,1,,,,935,220,16,0,0,0,56,0,0
937,scan,936,0,20813453804802,,20813453932816,20813455713205,74.007,0.3819,-1.1971,-0.0107,4,1.0065,1006,220,8,220,19,1,927,20813003620390,20813423540357,419919,0,1,63285,405756,1,,,,936,220,19,0,0,0,56,0,0
938,scan,937,0,20813503940209,,20813504083583,20813505512553,74.057,0.3893,-1.1972,-0.0102,4,1.0057,1005,220,7,220,17,1,929,20813104089586,20813500470366,396380,0,1,63285,404964,1,,,,937,220,17,0,0,0,56,0,0
939,scan,938,0,20813554197870,,20813554344995,20813556470128,74.107,0.4043,-1.1974,-0.0090,4,0.9959,995,220,5,220,17,1,929,,,,1,1,63285,404964,1,,,,938,220,17,0,0,0,56,0,0
940,scan,939,0,20813604179227,,20813604310624,20813606486103,74.157,0.4118,-1.1974,-0.0083,4,1.0155,1015,220,3,220,14,1,930,20813153936008,20813563969222,410033,0,1,63285,405655,1,,,,939,220,14,0,0,0,56,0,0
941,scan,940,0,20813654395407,,20813654523907,20813656585179,74.207,0.4267,-1.1975,-0.0072,4,0.9994,999,220,1,220,16,1,932,20813253762050,20813645886320,392124,0,1,63285,404943,1,,,,940,220,16,0,0,0,56,0,0
942,scan,941,0,20813704584159,,20813704781562,20813706547946,74.257,0.4342,-1.1976,-0.0068,4,1.0159,1015,220,0,220,16,1,932,,,,1,1,63285,404943,1,,,,941,220,16,0,0,0,56,0,0
943,scan,942,0,20813754884099,,20813754992503,20813756656068,74.307,0.4492,-1.1977,-0.0059,4,1.0167,1016,220,-1,220,11,1,934,20813353649133,20813745138010,391488,0,1,63285,404815,1,,,,942,220,11,0,0,0,56,0,0
944,scan,943,0,20813804415524,,20813804580434,20813806572510,74.357,0.4567,-1.1977,-0.0053,4,1.0104,1010,220,-3,220,11,1,934,,,,1,1,63285,404815,1,,,,943,220,11,0,0,0,56,0,0
945,scan,944,0,20813854589980,,20813854721756,20813857185464,74.407,0.4641,-1.1978,-0.0047,4,1.0016,1001,220,-4,220,11,1,935,20813403927856,20813807419230,403491,0,1,63285,404178,1,,,,944,220,11,0,0,0,56,0,0
946,scan,945,0,20813904514698,,20813904643104,20813906479848,74.457,0.4791,-1.1978,-0.0040,4,1.0095,1009,220,-6,220,7,1,937,20813503981704,20813896489983,392508,0,1,63285,403595,1,,,,945,220,7,0,0,0,56,0,0
947,scan,946,0,20813954878665,,20813955019282,20813956526926,74.507,0.4866,-1.1979,-0.0037,4,1.0250,1024,220,-6,220,7,1,937,,,,1,1,63285,403719,1,,,,946,220,7,0,0,0,56,0,0
948,scan,947,0,20814004466814,,20814004675345,20814006560275,74.557,0.5015,-1.1979,-0.0032,4,1.0107,1010,220,-8,220,7,1,937,,,,1,1,63285,404235,1,,,,947,220,7,0,0,0,56,0,0
949,scan,948,0,20814054525029,,20814054645129,20814056527847,74.607,0.5090,-1.1979,-0.0029,4,1.0104,1010,220,-8,220,5,1,940,20813654439108,20814048985649,394546,0,1,63285,403725,1,,,,948,220,5,0,0,0,56,0,0
950,scan,949,0,20814104384638,,20814104550467,20814106632408,74.657,0.5240,-1.1980,-0.0025,4,1.0179,1017,220,-10,220,5,1,940,,,,1,1,63285,403536,1,,,,949,220,5,0,0,0,56,0,0
951,scan,950,0,20814154595580,,20814154741568,20814156540463,74.707,0.5314,-1.1980,-0.0023,4,1.0242,1024,220,-10,220,5,1,940,,,,1,1,63285,402680,1,,,,950,220,5,0,0,0,56,0,0
952,scan,951,0,20814204615077,,20814204801950,20814206527615,74.757,0.5464,-1.1980,-0.0021,4,1.0158,1015,220,-11,220,0,1,943,20813804459015,20814202702853,398243,0,1,63285,402434,1,,,,951,220,0,0,0,0,56,0,0
953,scan,952,0,20814254481932,,20814254633236,20814256616658,74.807,0.5539,-1.1980,-0.0019,4,1.0187,1018,220,-12,220,0,1,944,20813854636491,20814250698095,396061,0,1,63285,402099,1,,,,952,220,0,0,0,0,56,0,0
954,scan,953,0,20814304494364,,20814304608323,20814306511937,74.857,0.5688,-1.1981,-0.0017,4,1.0228,1022,220,-13,220,-3,1,945,20813904560238,20814300880762,396320,0,1,63285,401810,1,,,,953,220,-3,0,0,0,56,0,0
955,scan,954,0,20814354686969,,20814354815928,20814356562784,74.907,0.5763,-1.1981,-0.0018,4,1.0397,1039,220,-14,220,-3,1,946,20813954922925,20814347519277,392596,0,1,63285,399535,1,,,,954,220,-3,0,0,0,56,0,0
956,scan,955,0,20814404869745,,20814405067898,20814407444308,74.957,0.5913,-1.1981,-0.0020,4,1.0160,1016,220,-14,220,-3,1,946,,,,1,1,63285,399555,1,,,,955,220,-3,0,0,0,56,0,0
957,scan,956,0,20814454696369,,20814454831357,20814456593345,75.007,0.5988,-1.1981,-0.0022,4,1.0320,1031,220,-14,220,-3,1,946,,,,1,1,63285,399555,1,,,,956,220,-3,0,0,0,56,0,0
958,scan,957,0,20814504548868,,20814504679375,20814506629746,75.057,0.6137,-1.1982,-0.0023,4,1.0173,1017,220,-15,220,-6,1,948,20814054567969,20814462825644,408257,0,1,63285,400435,1,,,,957,220,-6,0,0,0,56,0,0
959,scan,958,0,20814554863294,,20814554998782,20814556518676,75.107,0.6212,-1.1982,-0.0024,4,1.0324,1032,220,-16,220,-8,1,949,20814104428383,20814509180824,404752,0,1,63285,400650,1,,,,958,220,-8,0,0,0,56,0,0
960,scan,959,0,20814605264790,,20814605504039,20814607557714,75.157,0.6362,-1.1982,-0.0028,4,1.0120,1012,220,-16,220,-9,1,951,20814204711882,20814595553027,390841,0,1,63285,400267,1,,,,959,220,-9,0,0,0,56,0,0
961,scan,960,0,20814654860614,,20814654985987,20814656554842,75.207,0.6437,-1.1982,-0.0031,4,1.0174,1017,220,-16,220,-10,1,952,20814254559332,20814648354639,393795,0,1,63285,399959,1,,,,960,220,-10,0,0,0,56,0,0
,wdog,,,,,,20814805505083,,,,,,,,,,,,,,,,,,,,,,,,,960,0,0,0,3,0,56,0,
