line,kind,seq,flag,t_scan_rx_ns,t_flag_rx_ns,t_uart_tx_ns,t_c_rx_ns,sim_time,x,y,yaw,wp_i,min_range,min_mm,local_v,local_w,edge_v,edge_w,edge_ok,edge_seq_used,t_send_ns,t_recv_ns,rtt_us,held,deadline_miss,rtt_min_us,rtt_win_us,rtt_degraded,t_det_rtt_ns,flag_seq,t_det_meta_ns,c_seq,v_out,w_out,mode,state,switch_us,n_sw,bad_lines,lost
1,settle,0,0,12809280559268,,12809280633852,12809282040978,28.494,0.0000,0.0000,0.0000,0,0.6027,602,0,0,0,0,0,,,,,,,,,,,,,0,0,0,0,0,25,2,0,0
2,scan,1,0,12809282539071,,12809282764029,12809284987275,28.544,0.0001,-0.0000,0.0000,0,0.5875,587,220,0,0,0,0,,,,,1,1,,,0,,,,1,0,0,0,0,0,2,0,0
3,scan,2,0,12809283850143,,12809283992235,12809287201913,28.594,0.0001,-0.0000,0.0000,0,0.6003,600,220,0,0,0,0,,,,,1,1,,,0,,,,2,0,0,0,0,0,2,0,0
4,scan,3,0,12809284904848,,12809285076949,12809287294658,28.644,0.0001,-0.0000,0.0000,0,0.5936,593,220,0,0,0,0,,,,,1,1,,,0,,,,3,0,0,0,0,0,2,0,0
5,scan,4,0,12809287635418,,12809287759581,12809289006635,28.694,0.0001,-0.0000,0.0000,0,0.5838,583,220,0,0,0,0,,,,,1,1,,,0,,,,4,0,0,0,0,0,2,0,0
6,scan,5,0,12809288835827,,12809288905778,12809291094498,28.744,0.0001,-0.0000,0.0000,0,0.6078,607,220,0,0,0,0,,,,,1,1,,,0,,,,5,0,0,0,0,0,2,0,0
7,scan,6,0,12809289889558,,12809290096059,12809292285350,28.794,0.0001,-0.0000,0.0000,0,0.5873,587,220,0,0,0,0,,,,,1,1,,,0,,,,6,0,0,0,0,0,2,0,0
8,scan,7,0,12809291017290,,12809291168235,12809293220749,28.844,0.0001,-0.0000,0.0000,0,0.5931,593,220,0,0,0,0,,,,,1,1,,,0,,,,7,0,0,0,0,0,2,0,0
9,scan,8,0,12809292062079,,12809292242902,12809294372749,28.894,0.0001,-0.0000,0.0000,0,0.5921,592,220,0,0,0,0,,,,,1,1,,,0,,,,8,0,0,0,0,0,2,0,0
10,scan,9,0,12809293134268,,12809293343741,12809295544169,28.944,0.0001,-0.0000,0.0000,0,0.5896,589,220,0,0,0,0,,,,,1,1,,,0,,,,9,0,0,0,0,0,2,0,0
11,scan,10,0,12809294266806,,12809294488102,12809295974374,28.994,0.0001,-0.0000,0.0000,0,0.5999,599,220,0,0,0,0,,,,,1,1,,,0,,,,10,0,0,0,0,0,2,0,0
12,scan,11,0,12809335432818,,12809335553312,12809337008502,29.044,0.0001,-0.0000,0.0000,0,0.5902,590,220,0,0,0,0,,,,,1,1,,,0,,,,11,0,0,0,0,0,2,0,0
13,scan,12,0,12809385753736,,12809385886081,12809387904304,29.094,0.0001,-0.0000,0.0000,0,0.6029,602,220,0,220,1,1,10,12809294445651,12809358022322,63576,0,1,63576,63576,0,,,,12,220,1,0,0,0,2,0,0
14,scan,13,0,12809435839436,,12809435974824,12809438005172,29.144,0.0001,-0.0000,0.0000,0,0.5910,591,220,0,220,1,1,11,12809335480171,12809400277820,64797,0,1,63576,64186,0,,,,13,220,1,0,0,0,2,0,0
15,scan,14,0,12809485801740,,12809485952897,12809488095696,29.194,0.0012,-0.0000,0.0000,0,0.5975,597,220,0,220,1,1,12,12809385807954,12809450242404,64434,0,1,63576,64269,0,,,,14,220,1,0,0,0,2,0,0
16,scan,15,0,12809535969566,,12809536151779,12809537983063,29.244,0.0070,-0.0000,-0.0000,0,0.5890,588,220,0,220,1,1,13,12809435891351,12809503222445,67331,0,1,63576,65034,0,,,,15,220,1,0,0,0,2,0,0
17,scan,16,0,12809585680826,,12809585798433,12809587961149,29.294,0.0116,-0.0000,-0.0000,0,0.5797,579,220,0,220,1,1,14,12809485859990,12809553640716,67780,0,1,63576,65584,0,,,,16,220,1,0,0,0,2,0,0
18,scan,17,0,12809635619392,,12809635744115,12809637840133,29.344,0.0243,-0.0000,-0.0000,0,0.5670,566,220,0,220,1,1,15,12809536067761,12809603377774,67310,0,1,63576,65871,0,,,,17,220,1,0,0,0,2,0,0
19,scan,18,0,12809685601759,,12809685731756,12809687806859,29.394,0.0318,-0.0000,0.0000,0,0.5674,567,220,0,220,1,1,16,12809585723444,12809653081281,67357,0,1,63576,66084,0,,,,18,220,1,0,0,0,2,0,0
20,scan,19,0,12809735475477,,12809735603041,12809736883100,29.444,0.0467,-0.0000,0.0001,0,0.5614,561,220,0,220,1,1,17,12809635665305,12809703215165,67549,0,1,63576,66267,0,,,,19,220,1,0,0,0,2,0,0
21,scan,20,0,12809785792523,,12809785998118,12809787910700,29.494,0.0542,-0.0000,0.0001,0,0.5342,534,220,0,220,1,1,18,12809685648990,12809753618447,67969,0,1,63576,66456,0,,,,20,220,1,0,0,0,2,0,0
22,scan,21,0,12809835897830,,12809836059732,12809837934162,29.544,0.0692,-0.0000,0.0002,0,0.5407,540,220,0,220,1,1,19,12809735517658,12809802833435,67315,0,1,63576,66542,0,,,,21,220,1,0,0,0,2,0,0
23,scan,22,0,12809886122525,,12809886240942,12809887972013,29.594,0.0766,0.0000,0.0002,0,0.5286,528,220,0,220,1,1,20,12809785838529,12809853747376,67908,0,1,63576,66666,0,,,,22,220,1,0,0,0,2,0,0
24,scan,23,0,12809936217725,,12809936360704,12809937924252,29.644,0.0916,0.0000,0.0003,0,0.5253,525,220,-1,220,1,1,21,12809835943016,12809903547803,67604,0,1,63576,66744,0,,,,23,220,1,0,0,0,2,0,0
25,scan,24,0,12809985934921,,12809986066797,12809987982979,29.694,0.0991,0.0000,0.0003,0,0.5077,507,220,-1,220,1,1,22,12809886165776,12809953658008,67492,0,1,63576,66802,0,,,,24,220,1,0,0,0,2,0,0
26,scan,25,0,12810036101550,,12810036220753,12810037947430,29.744,0.1140,0.0000,0.0004,0,0.5030,502,220,-1,220,1,1,23,12809936269627,12810003018904,66749,0,1,63576,66798,0,,,,25,220,1,0,0,0,2,0,0
27,scan,26,0,12810085880344,,12810086011271,12810087906280,29.794,0.1215,0.0000,0.0004,0,0.4984,498,220,-1,220,1,1,24,12809985978483,12810052907834,66929,0,1,63576,66807,0,,,,26,220,1,0,0,0,2,0,0
28,scan,27,0,12810135916187,,12810136072397,12810138055543,29.844,0.1365,0.0000,0.0005,0,0.4833,483,220,-1,220,1,1,25,12810036145610,12810104343340,68197,0,1,63576,66894,0,,,,27,220,1,0,0,0,2,0,0
29,scan,28,0,12810186327770,,12810186507108,12810187956310,29.894,0.1440,0.0000,0.0005,0,0.4804,480,220,-1,220,1,1,26,12810085926584,12810153255944,67329,0,1,63576,66919,0,,,,28,220,1,0,0,0,2,0,0
30,scan,29,0,12810237030765,,12810237266150,12810239111334,29.944,0.1589,0.0000,0.0006,0,0.4714,471,220,-1,220,1,1,27,12810135958726,12810203132001,67173,0,1,63576,66933,0,,,,29,220,1,0,0,0,2,0,0
31,scan,30,0,12810286475700,,12810286589900,12810287890042,29.994,0.1664,0.0000,0.0006,0,0.4596,459,220,-1,220,-1,1,28,12810186401153,12810250989376,64588,0,1,63576,66810,0,,,,30,220,-1,0,0,0,2,0,0
32,scan,31,0,12810336159189,,12810336275455,12810338239597,30.044,0.1739,0.0000,0.0007,0,0.4544,454,220,-1,220,-1,1,29,12810237112398,12810302667162,65554,0,1,63576,66747,0,,,,31,220,-1,0,0,0,2,0,0
33,scan,32,0,12810386339758,,12810386477388,12810387873053,30.094,0.1889,0.0001,0.0007,0,0.4509,450,220,-1,220,-1,1,30,12810286520750,12810350288059,63767,0,1,63576,66605,0,,,,32,220,-1,0,0,0,2,0,0
34,scan,33,0,12810436763081,,12810436884744,12810438983802,30.144,0.1963,0.0001,0.0006,0,0.4399,439,220,-1,220,-1,1,31,12810336201177,12810404457661,68256,0,1,63576,66680,0,,,,33,220,-1,0,0,0,2,0,0
35,scan,34,0,12810486885419,,12810487021668,12810489110594,30.194,0.2113,0.0001,0.0005,0,0.4313,431,220,-1,220,-1,1,32,12810386383267,12810453741256,67357,0,1,63576,66710,0,,,,34,220,-1,0,0,0,2,0,0
36,scan,35,0,12810536628850,,12810536771071,12810538913095,30.244,0.2188,0.0001,0.0005,0,0.4207,420,220,-1,220,-1,1,33,12810436807510,12810503740359,66932,0,1,63576,66719,0,,,,35,220,-1,0,0,0,2,0,0
37,scan,36,0,12810586547303,,12810586671099,12810588902557,30.294,0.2338,0.0001,0.0004,0,0.4269,426,220,-1,220,1,1,34,12810486941024,12810554573412,67632,0,1,63576,66755,0,,,,36,220,1,0,0,0,2,0,0
38,scan,37,0,12810636741172,,12810636869185,12810638922257,30.344,0.2412,0.0001,0.0004,0,0.4035,403,220,-1,220,1,1,35,12810536679650,12810603449098,66769,0,1,63576,66756,0,,,,37,220,1,0,0,0,2,0,0
39,scan,38,0,12810686561601,,12810686676877,12810689789012,30.394,0.2562,0.0001,0.0004,0,0.4071,407,220,-1,220,1,1,36,12810586592478,12810654007422,67414,0,1,63576,66780,0,,,,38,220,1,0,0,0,2,0,0
40,scan,39,0,12810736917890,,12810737063964,12810738966362,30.444,0.2637,0.0001,0.0004,0,0.3998,399,220,-1,220,1,1,37,12810636789736,12810703751192,66961,0,1,63576,66787,0,,,,39,220,1,0,1,0,2,0,0
41,scan,40,0,12810786780566,,12810786899625,12810788881272,30.494,0.2786,0.0001,0.0006,0,0.3905,390,220,-1,220,1,1,38,12810686601348,12810750760433,64159,0,1,63576,66696,0,,,,40,220,1,0,1,0,2,0,0
42,scan,41,0,12810837155189,,12810837273851,12810838888702,30.544,0.2861,0.0001,0.0006,0,0.3838,383,220,-1,220,1,1,39,12810736962461,12810803889252,66926,0,1,63576,66704,0,,,,41,220,1,0,1,0,2,0,0
43,scan,42,0,12810887156409,,12810887314877,12810888984477,30.594,0.3011,0.0001,0.0006,0,0.3866,386,220,-1,220,-1,1,40,12810786822290,12810854409332,67587,0,1,63576,66732,0,,,,42,220,-1,0,1,0,2,0,0
44,scan,43,0,12810937254918,,12810937398446,12810939070886,30.644,0.3085,0.0001,0.0006,0,0.3915,391,220,-2,220,-1,1,41,12810837197768,12810903667992,66470,0,1,63576,66724,0,,,,43,220,-1,0,1,0,2,0,0
45,scan,44,0,12810987036842,,12810987157721,12810988884562,30.694,0.3235,0.0001,0.0007,0,0.3734,373,220,-2,220,-1,1,42,12810887205260,12810951938851,64733,0,1,63576,66664,0,,,,44,220,-1,0,1,0,2,0,0
46,scan,45,0,12811037297494,,12811037435719,12811038944531,30.744,0.3310,0.0001,0.0006,0,0.3637,363,220,-1,220,-1,1,43,12810937307378,12811005353399,68046,0,1,63576,66704,0,,,,45,220,-1,0,1,0,2,0,0
47,scan,46,0,12811087035765,,12811087147219,12811088997343,30.794,0.3459,0.0001,0.0005,0,0.3724,372,220,-1,220,-1,1,44,12810987077752,12811054415079,67337,0,1,63576,66722,0,,,,46,220,-1,0,1,0,2,0,0
48,scan,47,0,12811137145404,,12811137286846,12811138916198,30.844,0.3534,0.0001,0.0004,0,0.3563,356,220,-1,220,-1,1,45,12811037347909,12811104964642,67616,0,1,63576,66747,0,,,,47,220,-1,0,1,0,2,0,0
49,scan,48,0,12811187187851,,12811187343681,12811189213877,30.894,0.3609,0.0001,0.0004,0,0.3810,381,220,-1,220,1,1,46,12811087073213,12811154460366,67387,0,1,63576,66765,0,,,,48,220,1,0,1,0,2,0,0
50,scan,49,0,12811237128973,,12811237285850,12811238968921,30.944,0.3758,0.0001,0.0004,0,0.3661,366,220,-1,220,1,1,47,12811137196271,12811203746085,66549,0,1,63576,66759,0,,,,49,220,1,0,1,0,2,0,0
51,scan,50,0,12811287193174,,12811287310942,12811289009316,30.994,0.3833,0.0001,0.0003,0,0.3432,343,220,-1,220,1,1,48,12811187235201,12811254825740,67590,0,1,63576,66780,0,,,,50,220,1,0,1,0,2,0,0
52,scan,51,0,12811337101527,,12811337219641,12811338999712,31.044,0.3983,0.0002,0.0004,0,0.3784,378,220,-1,220,1,1,49,12811237176036,12811304275345,67099,0,1,63576,66788,0,,,,51,220,1,0,1,0,2,0,0
53,scan,52,0,12811387271427,,12811387398484,12811388974362,31.094,0.4058,0.0002,0.0005,0,0.3666,366,220,-1,220,1,1,50,12811287238813,12811351952889,64714,0,1,63576,66817,0,,,,52,220,1,0,1,0,2,0,0
54,scan,53,0,12811437121102,,12811437254534,12811438984010,31.144,0.4207,0.0002,0.0006,0,0.3797,379,220,-2,220,1,1,51,12811337142594,12811403816645,66674,0,1,63576,66864,0,,,,53,220,1,0,1,0,2,0,0
55,scan,54,0,12811487380991,,12811487509551,12811488982767,31.194,0.4282,0.0002,0.0006,0,0.4126,412,220,-2,220,-1,1,52,12811387315927,12811454818952,67503,0,1,63576,66940,0,,,,54,220,-1,0,0,0,2,0,0
56,scan,55,0,12811537301030,,12811537418658,12811538941949,31.244,0.4432,0.0002,0.0006,0,0.4237,423,220,-2,220,0,1,53,12811437161686,12811504042727,66881,0,1,63576,66929,0,,,,55,220,0,0,0,0,2,0,0
57,scan,56,0,12811587706717,,12811587839732,12811589980632,31.294,0.4507,0.0002,0.0006,0,0.6612,661,220,-2,220,0,1,54,12811487426117,12811554666387,67240,0,1,63576,66916,0,,,,56,220,0,0,0,0,2,0,0
58,scan,57,0,12811637725605,,12811637852037,12811639960738,31.344,0.4656,0.0002,0.0005,0,1.5091,1509,220,-2,220,0,1,55,12811537343838,12811603607604,66263,0,1,63576,66889,0,,,,57,220,0,0,0,0,2,0,0
59,scan,58,0,12811687704379,,12811687831723,12811690002646,31.394,0.4731,0.0002,0.0005,0,1.4888,1488,220,-2,220,0,1,56,12811587753681,12811656181471,68427,0,1,63576,66916,0,,,,58,220,0,0,0,0,2,0,0
60,scan,59,0,12811737488790,,12811737616388,12811739810407,31.444,0.4881,0.0002,0.0006,0,1.4707,1470,220,-2,220,0,1,57,12811637770662,12811705227529,67456,0,1,63576,66914,0,,,,59,220,0,0,0,0,2,0,0
61,scan,60,0,12811787958111,,12811788123486,12811790001729,31.494,0.4955,0.0002,0.0006,0,1.4707,1470,220,-2,220,0,1,58,12811687749338,12811755469464,67720,0,1,63576,66908,0,,,,60,220,0,0,0,0,2,0,0
62,scan,61,0,12811837675806,,12811837805352,12811839985380,31.544,0.5105,0.0002,0.0006,0,1.4555,1455,220,-2,220,0,1,59,12811737532580,12811805079076,67546,0,1,63576,66913,0,,,,61,220,0,0,0,0,2,0,0
63,scan,62,0,12811887444019,,12811887595027,12811888897063,31.594,0.5180,0.0002,0.0005,0,1.4531,1453,220,-2,220,0,1,60,12811788040060,12811855400985,67360,0,1,63576,66900,0,,,,62,220,0,0,0,0,2,0,0
64,scan,63,0,12811937644399,,12811937761081,12811939893367,31.644,0.5329,0.0002,0.0006,0,1.4303,1430,220,-2,220,0,1,61,12811837725152,12811904985014,67259,0,1,63576,66891,0,,,,63,220,0,0,0,0,2,0,0
65,scan,64,0,12811987670806,,12811987804112,12811989988093,31.694,0.5404,0.0002,0.0006,0,1.4255,1425,220,-2,220,0,1,62,12811887497617,12811954703821,67206,0,1,63576,66884,0,,,,64,220,0,0,0,0,2,0,0
66,scan,65,0,12812037830002,,12812037962961,12812039995876,31.744,0.5479,0.0002,0.0006,0,1.4025,1402,220,-2,220,0,1,63,12811937682411,12812003775889,66093,0,1,63576,66867,0,,,,65,220,0,0,0,0,2,0,0
67,scan,66,0,12812087815589,,12812087939881,12812089982689,31.794,0.5628,0.0002,0.0006,0,1.4106,1410,220,-2,220,0,1,64,12811987718205,12812054120052,66401,0,1,63576,66854,0,,,,66,220,0,0,0,0,2,0,0
68,scan,67,0,12812137883329,,12812138018558,12812139951322,31.844,0.5703,0.0003,0.0006,0,1.3857,1385,220,-2,220,0,1,65,12812037877038,12812105379695,67502,0,1,63576,66837,0,,,,67,220,0,0,0,0,2,0,0
69,scan,68,0,12812188157527,,12812188290211,12812190064705,31.894,0.5853,0.0003,0.0006,0,1.3845,1384,220,-2,220,0,1,66,12812087860432,12812155265945,67405,0,1,63576,66839,0,,,,68,220,0,0,0,0,2,0,0
70,scan,69,0,12812238263089,,12812238384687,12812239958177,31.944,0.5928,0.0003,0.0006,0,1.3681,1368,220,-2,220,0,1,67,12812137930987,12812205640673,67709,0,1,63576,66852,0,,,,69,220,0,0,0,0,2,0,0
71,scan,70,0,12812288520163,,12812288641244,12812290765604,31.994,0.6077,0.0003,0.0006,0,1.3567,1356,220,-2,220,0,1,68,12812188204482,12812255600566,67396,0,1,63576,66922,0,,,,70,220,0,0,0,0,2,0,0
72,scan,71,0,12812338637087,,12812338791162,12812340923004,32.044,0.6152,0.0003,0.0006,0,1.3502,1350,220,-2,220,0,1,69,12812238306947,12812305535005,67228,0,1,63576,66964,0,,,,71,220,0,0,0,0,2,0,0
73,scan,72,0,12812388686951,,12812388853300,12812391099323,32.094,0.6302,0.0003,0.0006,0,1.3279,1327,220,-2,220,0,1,70,12812288568523,12812353691570,65123,0,1,63576,66998,0,,,,72,220,0,0,0,0,2,0,0
74,scan,73,0,12812438533035,,12812438675033,12812440779606,32.144,0.6377,0.0003,0.0006,0,1.3199,1319,220,-2,220,0,1,71,12812338686475,12812405023705,66337,0,1,63576,66950,0,,,,73,220,0,0,0,0,2,0,0
75,scan,74,0,12812488678068,,12812488825393,12812491041773,32.194,0.6526,0.0003,0.0006,0,1.3173,1317,220,-2,220,0,1,72,12812388741433,12812455933068,67191,0,1,63576,66946,0,,,,74,220,0,0,0,0,2,0,0
76,scan,75,0,12812538600267,,12812538729490,12812540777937,32.244,0.6601,0.0003,0.0006,0,1.2911,1291,220,-2,220,0,1,73,12812438583315,12812503103577,64520,0,1,63576,66886,0,,,,75,220,0,0,0,0,2,0,0
77,scan,76,0,12812588761533,,12812588891685,12812590977810,32.294,0.6750,0.0003,0.0006,0,1.2909,1290,220,-2,220,0,1,74,12812488740193,12812555717566,66977,0,1,63576,66869,0,,,,76,220,0,0,0,0,2,0,0
78,scan,77,0,12812638682401,,12812638836611,12812640923263,32.344,0.6825,0.0003,0.0006,0,1.2738,1273,220,-2,220,0,1,75,12812538646615,12812605782345,67135,0,1,63576,66878,0,,,,77,220,0,0,0,0,2,0,0
79,scan,78,0,12812688739583,,12812688895624,12812690971532,32.394,0.6975,0.0003,0.0006,0,1.2694,1269,220,-2,220,0,1,76,12812588806523,12812655985312,67178,0,1,63576,66873,0,,,,78,220,0,0,0,0,2,0,0
80,scan,79,0,12812738791847,,12812739050815,12812740885344,32.444,0.7050,0.0003,0.0006,0,1.2485,1248,220,-2,220,0,1,77,12812638735888,12812706091485,67355,0,1,63576,66882,0,,,,79,220,0,0,0,0,2,0,0
81,scan,80,0,12812788997989,,12812789198587,12812790941479,32.494,0.7199,0.0003,0.0006,0,1.2520,1252,220,-3,220,0,1,78,12812688793918,12812755961903,67167,0,1,63576,66958,0,,,,80,220,0,0,0,0,2,0,0
82,scan,81,0,12812838767906,,12812838900587,12812840941998,32.544,0.7274,0.0003,0.0006,0,1.2364,1236,220,-3,220,0,1,79,12812738838352,12812806360499,67522,0,1,63576,66973,0,,,,81,220,0,0,0,0,2,0,0
83,scan,82,0,12812888876015,,12812889028872,12812891145436,32.594,0.7349,0.0003,0.0006,0,1.2268,1226,220,-3,220,0,1,80,12812789036805,12812855907565,66870,0,1,63576,66955,0,,,,82,220,0,0,0,0,2,0,0
84,scan,83,0,12812938974188,,12812939131077,12812941176550,32.644,0.7499,0.0003,0.0006,0,1.2220,1221,220,-3,220,0,1,81,12812838815013,12812906749452,67934,0,1,63576,66991,0,,,,83,220,0,0,0,0,2,0,0
85,scan,84,0,12812988934195,,12812989073862,12812990946715,32.694,0.7573,0.0004,0.0006,0,1.1998,1199,220,-3,220,0,1,82,12812888924524,12812955686078,66761,0,1,63576,67042,0,,,,84,220,0,0,0,0,2,0,0
86,scan,85,0,12813039640391,,12813039791216,12813042027443,32.744,0.7723,0.0004,0.0006,0,1.1836,1183,220,-3,220,0,1,83,12812939024032,12813006377511,67353,0,1,63576,67025,0,,,,85,220,0,0,0,0,2,0,0
87,scan,86,0,12813088941943,,12813089115599,12813090919443,32.794,0.7798,0.0004,0.0006,0,1.1800,1180,220,-3,220,0,1,84,12812988984712,12813056045407,67060,0,1,63576,67018,0,,,,86,220,0,0,0,0,2,0,0
88,scan,87,0,12813139061990,,12813139197011,12813140946093,32.844,0.7947,0.0004,0.0006,0,1.1655,1165,220,-3,220,0,1,85,12813039692725,12813107335290,67642,0,1,63576,67018,0,,,,87,220,0,0,0,0,2,0,0
89,scan,88,0,12813189328320,,12813189470980,12813190864291,32.894,0.8022,0.0004,0.0006,0,1.1673,1167,220,-3,220,0,1,86,12813088997805,12813156032095,67034,0,1,63576,67010,0,,,,88,220,0,0,0,0,2,0,0
90,scan,89,0,12813239682629,,12813239843551,12813242044146,32.944,0.8172,0.0004,0.0006,0,1.1470,1147,220,-3,220,0,1,87,12813139108631,12813206673763,67565,0,1,63576,67035,0,,,,89,220,0,0,0,0,2,0,0
91,scan,90,0,12813289699804,,12813289845772,12813291881560,32.994,0.8246,0.0004,0.0006,0,1.1307,1130,220,-3,220,0,1,88,12813189380270,12813255775278,66395,0,1,63576,67005,0,,,,90,220,0,0,0,0,2,0,0
92,scan,91,0,12813339509947,,12813339641880,12813341803068,33.044,0.8396,0.0004,0.0006,0,1.1233,1123,220,-3,220,0,1,89,12813239734579,12813306933109,67198,0,1,63576,67008,0,,,,91,220,0,0,0,0,2,0,0
93,scan,92,0,12813389974048,,12813390156834,12813392076139,33.094,0.8471,0.0004,0.0006,0,1.1131,1113,220,-3,220,0,1,90,12813289752204,12813357197576,67445,0,1,63576,67076,0,,,,92,220,0,0,0,0,2,0,0
94,scan,93,0,12813439568784,,12813439701317,12813441926695,33.144,0.8621,0.0004,0.0006,0,1.1020,1102,220,-4,220,0,1,91,12813339554120,12813406964379,67410,0,1,63576,67094,0,,,,93,220,0,0,0,0,2,0,0
95,scan,94,0,12813489743210,,12813489871906,12813491908811,33.194,0.8695,0.0004,0.0006,0,1.0967,1096,220,-4,220,0,1,92,12813390037108,12813457709253,67672,0,1,63576,67098,0,,,,94,220,0,0,0,0,2,0,0
96,scan,95,0,12813539727262,,12813539895133,12813541987501,33.244,0.8845,0.0004,0.0006,0,1.0790,1078,220,-4,220,0,1,93,12813439614044,12813507225750,67611,0,1,63576,67117,0,,,,95,220,0,0,0,0,2,0,0
97,scan,96,0,12813589700606,,12813589846538,12813591913258,33.294,0.8920,0.0004,0.0006,0,1.0722,1072,220,-4,220,0,1,94,12813489789639,12813556998720,67209,0,1,63576,67116,0,,,,96,220,0,0,0,0,2,0,0
98,scan,97,0,12813639705578,,12813639849691,12813642002374,33.344,0.9069,0.0004,0.0006,0,1.0534,1053,220,-4,220,0,1,95,12813539777810,12813607564453,67786,0,1,63576,67154,0,,,,97,220,0,0,0,0,2,0,0
99,scan,98,0,12813689488431,,12813689622386,12813691111814,33.394,0.9144,0.0004,0.0006,0,1.0438,1043,220,-4,220,0,1,96,12813589751081,12813657213868,67462,0,1,63576,67130,0,,,,98,220,0,0,0,0,2,0,0
100,scan,99,0,12813739969750,,12813740167563,12813742109679,33.444,0.9219,0.0004,0.0006,0,1.0428,1042,220,-4,220,0,1,97,12813639760876,12813707811439,68050,0,1,63576,67145,0,,,,99,220,0,0,0,0,2,0,0
101,scan,100,0,12813789790084,,12813789924274,12813791934532,33.494,0.9369,0.0005,0.0006,0,1.0235,1023,220,-5,220,0,1,98,12813689537279,12813757513230,67975,0,1,63576,67151,0,,,,100,220,0,0,0,0,2,0,0
102,scan,101,0,12813839839189,,12813839975169,12813842117579,33.544,0.9443,0.0005,0.0006,0,1.0123,1012,220,-5,220,0,1,99,12813740060904,12813807609921,67549,0,1,63576,67151,0,,,,101,220,0,0,0,0,2,0,0
103,scan,102,0,12813889688177,,12813889822998,12813891959281,33.594,0.9593,0.0005,0.0006,0,1.0018,1001,220,-5,220,0,1,100,12813789838738,12813857448577,67609,0,1,63576,67157,0,,,,102,220,0,0,0,0,2,0,0
104,scan,103,0,12813940044818,,12813940186972,12813942038155,33.644,0.9668,0.0005,0.0006,0,0.9991,999,220,-5,220,0,1,101,12813839887842,12813907592730,67704,0,1,63576,67168,0,,,,103,220,0,0,0,0,2,0,0
105,scan,104,0,12813990119813,,12813990256721,12813991953700,33.694,0.9817,0.0005,0.0006,0,0.9819,981,220,-5,220,0,1,102,12813889737133,12813957197082,67459,0,1,63576,67175,0,,,,104,220,0,0,0,0,2,0,0
106,scan,105,0,12814040345129,,12814040483747,12814042788422,33.744,0.9892,0.0005,0.0006,0,0.9687,968,220,-6,220,0,1,103,12813940099067,12814006886149,66787,0,1,63576,67192,0,,,,105,220,0,0,0,0,2,0,0
107,scan,106,0,12814090096255,,12814090232649,12814092082905,33.794,1.0042,0.0005,0.0006,0,0.9593,959,220,-6,220,0,1,104,12813990168087,12814057640068,67471,0,1,63576,67219,0,,,,106,220,0,0,0,0,2,0,0
108,scan,107,0,12814140590835,,12814140761856,12814142870176,33.844,1.0117,0.0005,0.0006,0,0.9433,943,220,-6,220,0,1,105,12814040393026,12814107730331,67337,0,1,63576,67215,0,,,,107,220,0,0,0,0,2,0,0
109,scan,108,0,12814190641035,,12814190807208,12814192887134,33.894,1.0266,0.0005,0.0006,0,0.9387,938,220,-7,220,0,1,106,12814090141102,12814157745500,67604,0,1,63576,67220,0,,,,108,220,0,0,0,0,2,0,0
110,scan,109,0,12814240560946,,12814240687671,12814242860116,33.944,1.0341,0.0005,0.0006,0,0.9254,925,220,-7,220,0,1,107,12814140651431,12814207874060,67222,0,1,63576,67208,0,,,,109,220,0,0,0,0,2,0,0
111,scan,110,0,12814290483538,,12814290619169,12814292873592,33.994,1.0491,0.0005,0.0006,0,0.9094,909,220,-8,220,-11,1,108,12814190691413,12814258219891,67528,0,1,63576,67211,0,,,,110,220,-11,0,0,0,2,0,0
112,scan,111,0,12814340564209,,12814340695710,12814342874971,34.044,1.0565,0.0005,0.0006,1,0.9024,902,0,1000,220,-12,1,109,12814240604474,12814308225633,67621,0,1,63576,67221,0,,,,111,220,-12,0,0,0,2,0,0
113,scan,112,0,12814390727499,,12814390868345,12814392965867,34.094,1.0715,0.0005,0.0001,1,0.8964,896,0,1000,220,-13,1,110,12814290529819,12814358018220,67488,0,1,63576,67280,0,,,,112,220,-13,0,0,0,2,0,0
114,scan,113,0,12814440939744,,12814441087275,12814442977921,34.144,1.0790,0.0005,-0.0005,1,0.8849,884,0,1000,0,999,1,111,12814340611483,12814407423417,66811,0,1,63576,67292,0,,,,113,0,999,0,0,0,2,0,0
115,scan,114,0,12814490750563,,12814490885778,12814492923644,34.194,1.0928,0.0005,-0.0015,1,0.8737,873,0,1000,0,999,1,112,12814390771744,12814457607307,66835,0,1,63576,67283,0,,,,114,0,999,0,0,0,2,0,0
116,scan,115,0,12814540597236,,12814540730071,12814542833592,34.244,1.0980,0.0005,-0.0015,1,0.8688,868,0,1000,0,999,1,113,12814440986227,12814507768425,66782,0,1,63576,67339,0,,,,115,0,999,0,0,0,2,0,0
117,scan,116,0,12814590564168,,12814590727219,12814592881915,34.294,1.1020,0.0005,-0.0011,1,0.8640,863,0,1000,0,999,1,114,12814490789549,12814555176752,64387,0,1,63576,67275,0,,,,116,0,999,0,0,0,2,0,0
118,scan,117,0,12814640895271,,12814641096333,12814642970830,34.344,1.1070,0.0005,0.0007,1,0.8479,847,0,1000,0,999,1,115,12814540645171,12814604983793,64338,0,1,63576,67205,0,,,,117,0,999,0,0,0,2,0,0
119,scan,118,0,12814690688189,,12814690818849,12814692903773,34.394,1.1087,0.0005,0.0077,1,0.8489,848,0,1000,0,999,1,116,12814590614193,12814654632806,64018,0,1,63576,67126,0,,,,118,0,999,0,0,0,2,0,0
120,scan,119,0,12814741081589,,12814741237268,12814743077491,34.444,1.1102,0.0005,0.0550,1,0.8548,854,0,1000,0,999,1,117,12814640964511,12814709243006,68278,0,1,63576,67149,0,,,,119,0,999,0,0,0,2,0,0
121,scan,120,0,12814790681674,,12814790818091,12814792951850,34.494,1.1102,0.0005,0.0940,1,0.8580,857,0,1000,0,999,1,118,12814690735491,12814755316571,64581,0,1,63576,67084,0,,,,120,0,999,0,0,0,2,0,0
122,scan,121,0,12814840897497,,12814841077186,12814842972471,34.544,1.1100,0.0005,0.1751,1,0.8527,852,0,1000,0,999,1,119,12814741134300,12814805586976,64452,0,1,63576,67007,0,,,,121,0,999,0,0,0,2,0,0
123,scan,122,0,12814890780237,,12814890959936,12814893830974,34.594,1.1100,0.0005,0.2072,1,0.8529,852,0,1000,0,999,1,120,12814790730211,12814855190300,64460,0,1,63576,66947,0,,,,122,0,999,0,0,0,2,0,0
124,scan,123,0,12814940795427,,12814940932335,12814942915581,34.644,1.1099,0.0004,0.2652,1,0.8592,859,0,1000,0,999,1,121,12814840963829,12814907650581,66686,0,1,63576,66916,0,,,,123,0,999,0,0,0,2,0,0
125,scan,124,0,12814990959284,,12814991098044,12814992992697,34.694,1.1098,0.0004,0.2993,1,0.8453,845,0,1000,0,999,1,122,12814890848143,12814958481160,67633,0,1,63576,66938,0,,,,124,0,999,0,0,0,2,0,0
126,scan,125,0,12815040713569,,12815040861373,12815042962380,34.744,1.1097,0.0004,0.3738,1,0.8496,849,0,1000,0,999,1,123,12814940839948,12815007784234,66944,0,1,63576,66927,0,,,,125,0,999,0,0,0,2,0,0
127,scan,126,0,12815091293433,,12815091494878,12815093968654,34.794,1.1096,0.0004,0.4084,1,0.8623,862,0,1000,0,999,1,124,12814991008180,12815054351574,63343,0,1,63343,66835,0,,,,126,0,999,0,0,0,2,0,0
128,scan,127,0,12815140815275,,12815140934570,12815142876295,34.844,1.1095,0.0003,0.4721,1,0.8504,850,0,1000,0,999,1,125,12815040763079,12815106511029,65747,0,1,63343,66787,0,,,,127,0,999,0,0,0,2,0,0
129,scan,128,0,12815190729085,,12815190858350,12815192856073,34.894,1.1095,0.0003,0.5051,1,0.8506,850,0,1000,0,999,1,126,12815091354733,12815159316442,67961,0,1,63343,66810,0,,,,128,0,999,0,0,0,2,0,0
130,scan,129,0,12815241127542,,12815241243340,12815242963598,34.944,1.1094,0.0002,0.5754,1,0.8481,848,0,1000,0,999,1,127,12815140856525,12815207564320,66707,0,1,63343,66789,0,,,,129,0,999,0,0,0,2,0,0
131,scan,130,0,12815290873654,,12815291015501,12815292917100,34.994,1.1094,0.0002,0.6103,1,0.8588,858,0,1000,0,999,1,128,12815190776084,12815258081309,67305,0,1,63343,66812,0,,,,130,0,999,0,0,0,2,0,0
132,scan,131,0,12815341037497,,12815341175324,12815342998446,35.044,1.1093,0.0001,0.6769,1,0.8523,852,0,1000,0,999,1,129,12815241165505,12815307811444,66645,0,1,63343,66798,0,,,,131,0,999,0,0,0,2,0,0
133,scan,132,0,12815391536233,,12815391673923,12815393833279,35.094,1.1092,0.0001,0.7100,1,0.8599,859,0,1000,0,999,1,130,12815290922232,12815358220599,67298,0,1,63343,66794,0,,,,132,0,999,0,0,0,2,0,0
134,scan,133,0,12815441249266,,12815441377279,12815443085392,35.144,1.1092,0.0000,0.7439,1,0.8520,852,0,1000,0,999,1,131,12815341074799,12815407736858,66662,0,1,63343,66775,0,,,,133,0,999,0,0,0,2,0,0
135,scan,134,0,12815491651660,,12815491805261,12815493967053,35.194,1.1091,-0.0001,0.8130,1,0.8488,848,0,1000,0,999,1,132,12815391585045,12815459273499,67688,0,1,63343,66776,0,,,,134,0,999,0,0,0,2,0,0
136,scan,135,0,12815541616212,,12815541753928,12815543821805,35.244,1.1091,-0.0001,0.8471,1,0.8494,849,0,1000,0,999,1,133,12815441295043,12815507762602,66467,0,1,63343,66747,0,,,,135,0,999,0,0,0,2,0,0
137,scan,136,0,12815591590065,,12815591724341,12815593976296,35.294,1.1090,-0.0002,0.9143,1,0.8561,856,0,1000,0,999,1,134,12815491718173,12815559254883,67536,0,1,63343,66755,0,,,,136,0,999,0,0,0,2,0,0
138,scan,137,0,12815641912417,,12815642049917,12815643996545,35.344,1.1090,-0.0003,0.9481,1,0.8601,860,0,1000,0,999,1,135,12815541664473,12815609417255,67752,0,1,63343,66755,0,,,,137,0,999,0,0,0,2,0,0
139,scan,138,0,12815691772703,,12815691893579,12815694008786,35.394,1.1089,-0.0004,1.0164,1,0.6142,614,0,957,0,999,1,136,12815591635803,12815658957408,67321,0,1,63343,66751,0,,,,138,0,999,0,0,0,2,0,0
140,scan,139,0,12815741817195,,12815741951802,12815743949227,35.444,1.1089,-0.0004,1.0505,1,0.5750,574,0,889,0,999,1,137,12815641961857,12815709625707,67663,0,1,63343,66741,0,,,,139,0,999,0,0,0,2,0,0
141,scan,140,0,12815791722897,,12815791859008,12815793926581,35.494,1.1088,-0.0005,1.1182,1,0.5543,554,220,754,0,969,1,138,12815691813657,12815758997794,67184,0,1,63343,66722,0,,,,140,0,969,0,0,0,2,0,0
142,scan,141,0,12815841804632,,12815841933507,12815843930192,35.544,1.1088,-0.0006,1.1520,1,0.5508,550,220,686,0,895,1,139,12815741865932,12815808828832,66962,0,1,63343,66707,0,,,,141,0,895,0,0,0,2,0,0
143,scan,142,0,12815891960833,,12815892125680,12815893904662,35.594,1.1088,-0.0007,1.2182,1,0.5561,556,220,554,220,751,1,140,12815791770055,12815859705907,67935,0,1,63343,66715,0,,,,142,220,751,0,0,0,2,0,0
144,scan,143,0,12815941720708,,12815941850071,12815943918328,35.644,1.1088,-0.0008,1.2484,1,0.5482,548,220,493,220,675,1,141,12815841852123,12815909306443,67454,0,1,63343,66709,0,,,,143,220,675,0,0,0,2,0,0
145,scan,144,0,12815991731185,,12815991853328,12815993978517,35.694,1.1097,0.0025,1.3107,1,0.5457,545,220,370,220,539,1,142,12815892033974,12815959489053,67455,0,1,63343,66709,0,,,,144,220,539,0,0,0,2,0,0
146,scan,145,0,12816041654869,,12816041781470,12816043999110,35.744,1.1106,0.0058,1.3478,1,0.5400,539,220,296,220,479,1,143,12815941765888,12816008998162,67232,0,1,63343,66720,0,,,,145,220,479,0,0,0,2,0,0
147,scan,146,0,12816091588223,,12816091716527,12816093947602,35.794,1.1124,0.0158,1.4237,1,0.5335,533,220,146,220,355,1,144,12815991770458,12816059238883,67468,0,1,63343,66720,0,,,,146,220,355,0,0,0,2,0,0
148,scan,147,0,12816141939353,,12816142067744,12816143940040,35.844,1.1133,0.0222,1.4568,1,0.5223,522,220,81,220,284,1,145,12816041698005,12816109489255,67791,0,1,63343,66731,0,,,,147,220,284,0,0,0,2,0,0
149,scan,148,0,12816191845139,,12816191978323,12816193902460,35.894,1.1146,0.0362,1.4956,1,0.5221,522,220,4,220,138,1,146,12816091630232,12816158877100,67246,0,1,63343,66722,0,,,,148,220,138,0,0,0,2,0,0
150,scan,149,0,12816241785552,,12816241936268,12816243997457,35.944,1.1151,0.0436,1.4982,1,0.5084,508,220,-1,220,76,1,147,12816141983864,12816209135010,67151,0,1,63343,66720,0,,,,149,220,76,0,0,0,2,0,0
151,scan,150,0,12816292628756,,12816292755271,12816295221224,35.994,1.1156,0.0511,1.4960,1,0.5038,503,220,3,220,4,1,148,12816191888823,12816259308075,67419,0,1,63343,66718,0,,,,150,220,4,0,0,0,2,0,0
152,scan,151,0,12816342583260,,12816342838817,12816345081510,36.044,1.1168,0.0660,1.4984,1,0.4923,492,220,-2,220,0,1,149,12816241843585,12816309322450,67478,0,1,63343,66714,0,,,,151,220,0,0,0,0,2,0,0
153,scan,152,0,12816392610739,,12816392748379,12816394886059,36.094,1.1173,0.0734,1.5036,1,0.4802,480,220,-12,220,4,1,150,12816292673837,12816359939257,67265,0,1,63343,66708,0,,,,152,220,4,0,0,0,2,0,0
154,scan,153,0,12816442702784,,12816442839514,12816444907369,36.144,1.1183,0.0884,1.5058,1,0.4859,485,220,-17,220,0,1,151,12816342665753,12816410644991,67979,0,1,63343,66738,0,,,,153,220,0,0,0,0,2,0,0
155,scan,154,0,12816492682364,,12816492851898,12816494913425,36.194,1.1188,0.0958,1.5026,1,0.4627,462,220,-11,220,-12,1,152,12816392660744,12816459444187,66783,0,1,63343,66736,0,,,,154,220,-12,0,0,0,2,0,0
156,scan,155,0,12816542406090,,12816542545426,12816544798348,36.244,1.1198,0.1108,1.5002,1,0.4519,451,220,-6,220,-16,1,153,12816442750348,12816509225873,66475,0,1,63343,66729,0,,,,155,220,-16,0,0,0,2,0,0
157,scan,156,0,12816592675090,,12816592802981,12816594846312,36.294,1.1203,0.1182,1.5018,1,0.4490,448,220,-9,220,-9,1,154,12816492743405,12816558969378,66225,0,1,63343,66775,0,,,,156,220,-9,0,0,0,2,0,0
158,scan,157,0,12816642431893,,12816642562865,12816644889838,36.344,1.1214,0.1331,1.5027,1,0.4350,434,220,-11,220,-4,1,155,12816542452299,12816609807069,67354,0,1,63343,66850,0,,,,157,220,-4,0,0,0,2,0,0
159,scan,158,0,12816692994209,,12816693166271,12816694969826,36.394,1.1219,0.1406,1.5012,1,0.4332,433,220,-8,220,-8,1,156,12816592718983,12816659913722,67194,0,1,63343,66929,0,,,,158,220,-8,0,0,0,2,0,0
160,scan,159,0,12816742881526,,12816743008783,12816745021714,36.444,1.1229,0.1555,1.4993,1,0.4221,422,220,-4,220,-10,1,157,12816642477401,12816710071246,67593,0,1,63343,66912,0,,,,159,220,-10,0,0,0,2,0,0
161,scan,160,0,12816792705161,,12816792842574,12816795066310,36.494,1.1235,0.1630,1.4998,1,0.4107,410,220,-5,220,-6,1,158,12816693049812,12816760244188,67194,0,1,63343,66978,0,,,,160,220,-6,0,0,0,2,0,0
162,scan,161,0,12816842676867,,12816842801229,12816844956107,36.544,1.1245,0.1779,1.5004,1,0.4008,400,220,-7,220,-2,1,159,12816742925435,12816810020543,67095,0,1,63343,67044,0,,,,161,220,-2,0,0,0,2,0,0
163,scan,162,0,12816893072276,,12816893215386,12816895951659,36.594,1.1251,0.1854,1.4998,1,0.4026,402,220,-5,220,-5,1,160,12816792753056,12816860077890,67324,0,1,63343,67115,0,,,,162,220,-5,0,0,0,2,0,0
164,scan,163,0,12816942939127,,12816943070221,12816945039130,36.644,1.1261,0.2003,1.4987,1,0.3740,373,220,-3,220,-4,1,161,12816842718354,12816910284855,67566,0,1,63343,67137,0,,,,163,220,-4,0,1,0,2,0,0
165,scan,164,0,12816993142933,,12816993285788,12816995030450,36.694,1.1267,0.2078,1.4988,1,0.3790,378,220,-3,220,-4,1,162,12816893124175,12816959807018,66682,0,1,63343,67114,0,,,,164,220,-4,0,1,0,2,0,0
166,scan,165,0,12817043244570,,12817043446211,12817045018071,36.744,1.1277,0.2227,1.4991,1,0.3738,373,220,-4,220,-3,1,163,12816942983301,12817007351645,64368,0,1,63343,67049,0,,,,165,220,-3,0,1,0,2,0,0
167,scan,166,0,12817092846716,,12817093015539,12817094967999,36.794,1.1283,0.2302,1.4988,1,0.3670,367,220,-4,220,-2,1,164,12816993194063,12817059541810,66347,0,1,63343,67124,0,,,,166,220,-2,0,1,0,2,0,0
168,scan,167,0,12817142975885,,12817143165717,12817144934631,36.844,1.1288,0.2376,1.4984,1,0.3641,364,220,-3,220,-2,1,165,12817043309337,12817111152522,67843,0,1,63343,67177,0,,,,167,220,-2,0,1,0,2,0,0
169,scan,168,0,12817192771411,,12817192899356,12817195033052,36.894,1.1299,0.2526,1.4981,1,0.3466,346,220,-2,220,-3,1,166,12817092907805,12817157303726,64395,0,1,63343,67088,0,,,,168,220,-3,0,1,0,2,0,0
170,scan,169,0,12817242906833,,12817243059144,12817245050396,36.944,1.1305,0.2600,1.4982,1,0.3476,347,220,-3,220,-1,1,167,12817143034331,12817207323331,64289,0,1,63343,67027,0,,,,169,220,-1,0,1,0,2,0,0
171,scan,170,0,12817292768739,,12817292890337,12817294935604,36.994,1.1315,0.2749,1.4983,1,0.3397,339,220,-3,220,-1,1,168,12817192815200,12817260147493,67332,0,1,63343,67028,0,,,,170,220,-1,0,1,0,2,0,0
172,scan,171,0,12817343095122,,12817343239723,12817345036808,37.044,1.1321,0.2824,1.4981,1,0.3337,333,220,-2,220,-2,1,169,12817242966759,12817310084970,67118,0,1,63343,67040,0,,,,171,220,-2,0,1,0,2,0,0
173,scan,172,0,12817393160181,,12817393285484,12817394952780,37.094,1.1332,0.2973,1.4979,1,0.3345,334,220,-2,220,0,1,170,12817292808910,12817360055076,67246,0,1,63343,67038,0,,,,172,220,0,0,1,0,2,0,0
174,scan,173,0,12817443563396,,12817443743854,12817445828563,37.144,1.1337,0.3048,1.4980,1,0.3232,323,220,-2,220,-1,1,171,12817343139900,12817410726609,67586,0,1,63343,67061,0,,,,173,220,-1,0,1,0,2,0,0
175,scan,174,0,12817493257543,,12817493387284,12817494946563,37.194,1.1348,0.3197,1.4980,1,0.3204,320,220,-2,220,-1,1,172,12817393204495,12817460414277,67209,0,1,63343,67049,0,,,,174,220,-1,0,1,0,2,0,0
176,scan,175,0,12817543458892,,12817543588870,12817545788521,37.244,1.1354,0.3271,1.4980,1,0.3223,322,220,-2,220,0,1,173,12817443606813,12817510765149,67158,0,1,63343,67067,0,,,,175,220,0,0,1,0,2,0,0
177,scan,176,0,12817593378619,,12817593512416,12817594997175,37.294,1.1364,0.3420,1.4978,1,0.3076,307,220,-2,220,-1,1,174,12817493302295,12817559775514,66473,0,1,63343,67040,0,,,,176,220,-1,0,1,0,2,0,0
178,scan,177,0,12817643649074,,12817643872101,12817645995390,37.344,1.1370,0.3495,1.4978,1,0.3140,313,220,-2,220,-2,1,175,12817543505664,12817607912963,64407,0,1,63343,66956,0,,,,177,220,-2,0,1,0,2,0,0
179,scan,178,0,12817693458592,,12817693599326,12817695885550,37.394,1.1381,0.3644,1.4979,1,0.2952,295,220,-2,220,-2,1,176,12817593425011,12817661854940,68429,0,1,63343,66984,0,,,,178,220,-2,0,1,0,2,0,0
180,scan,179,0,12817743804346,,12817743934156,12817745993789,37.444,1.1386,0.3719,1.4978,1,0.3012,301,220,-2,220,-1,1,177,12817643725502,12817711519575,67794,0,1,63343,66987,0,,,,179,220,-1,0,1,0,2,0,0
181,scan,180,0,12817793635646,,12817793758994,12817795843832,37.494,1.1397,0.3868,1.4975,1,0.3066,306,220,-2,220,-1,1,178,12817693506657,12817760102737,66596,0,1,63343,66973,0,,,,180,220,-1,0,1,0,2,0,0
182,scan,181,0,12817843726009,,12817843870206,12817846009172,37.544,1.1403,0.3943,1.4975,1,0.3220,322,220,-1,220,0,1,179,12817743849188,12817811677514,67828,0,1,63343,66994,0,,,,181,220,0,0,1,0,2,0,0
183,scan,182,0,12817893651563,,12817893774039,12817895856995,37.594,1.1414,0.4092,1.4976,1,0.3053,305,220,-2,220,0,1,180,12817793677377,12817861179603,67502,0,1,63343,66984,0,,,,182,220,0,0,1,0,2,0,0
184,scan,183,0,12817943775982,,12817943931931,12817946047157,37.644,1.1419,0.4166,1.4976,1,0.3085,308,220,-2,220,-1,1,181,12817843777442,12817911010201,67232,0,1,63343,66978,0,,,,183,220,-1,0,1,0,2,0,0
185,scan,184,0,12817993759052,,12817993882097,12817996059636,37.694,1.1424,0.4241,1.4976,1,0.3216,321,220,-2,220,-2,1,182,12817893690152,12817961863420,68173,0,1,63343,66996,0,,,,184,220,-2,0,1,0,2,0,0
186,scan,185,0,12818044053388,,12818044187484,12818046018235,37.744,1.1435,0.4390,1.4975,1,0.3179,317,220,-2,220,-1,1,183,12817943828578,12818010526744,66698,0,1,63343,66983,0,,,,185,220,-1,0,1,0,2,0,0
187,scan,186,0,12818094230349,,12818094366904,12818095954129,37.794,1.1441,0.4465,1.4974,1,0.3419,341,220,-1,220,-2,1,184,12817993801903,12818060649460,66847,0,1,63343,66967,0,,,,186,220,-2,0,1,0,2,0,0
188,scan,187,0,12818144269650,,12818144404563,12818145889457,37.844,1.1452,0.4614,1.4973,1,1.0265,1026,220,-1,220,0,1,185,12818044099579,12818111289004,67189,0,1,63343,66952,0,,,,187,220,0,0,0,0,2,0,0
189,scan,188,0,12818194551222,,12818194683468,12818196882247,37.894,1.1457,0.4689,1.4973,1,1.0333,1033,220,-1,220,1,1,186,12818094278517,12818160377677,66099,0,1,63343,66923,0,,,,188,220,1,0,0,0,2,0,0
190,scan,189,0,12818244150581,,12818244284834,12818245997002,37.944,1.1468,0.4838,1.4972,1,1.0435,1043,220,-1,220,0,1,187,12818144314802,12818210526315,66211,0,1,63343,66900,0,,,,189,220,0,0,0,0,2,0,0
191,scan,190,0,12818294262060,,12818294396265,12818295897678,37.994,1.1474,0.4913,1.4973,1,1.0249,1024,220,-1,220,2,1,188,12818194598413,12818262030441,67432,0,1,63343,66900,0,,,,190,220,2,0,0,0,2,0,0
192,scan,191,0,12818344642301,,12818344914144,12818346976809,38.044,1.1485,0.5062,1.4974,1,1.0337,1033,220,-1,220,1,1,189,12818244194746,12818312220278,68025,0,1,63343,66914,0,,,,191,220,1,0,0,0,2,0,0
193,scan,192,0,12818394432677,,12818394559382,12818395920529,38.094,1.1490,0.5136,1.4974,1,1.0262,1026,220,-2,220,0,1,190,12818294309549,12818361691889,67382,0,1,63343,66917,0,,,,192,220,0,0,0,0,2,0,0
194,scan,193,0,12818444405683,,12818444523695,12818446015567,38.144,1.1501,0.5286,1.4975,1,1.0138,1013,220,-2,220,0,1,191,12818344720031,12818411922876,67202,0,1,63343,66897,0,,,,193,220,0,0,0,0,2,0,0
195,scan,194,0,12818494281471,,12818494430606,12818495916742,38.194,1.1507,0.5360,1.4975,1,1.0215,1021,220,-2,220,1,1,192,12818394476960,12818461708847,67231,0,1,63343,66909,0,,,,194,220,1,0,0,0,2,0,0
196,scan,195,0,12818544392775,,12818544517475,12818546778422,38.244,1.1518,0.5509,1.4975,1,1.0340,1034,220,-2,220,-1,1,193,12818444446169,12818512147776,67701,0,1,63343,66939,0,,,,195,220,-1,0,0,0,2,0,0
197,scan,196,0,12818594228166,,12818594347985,12818595916954,38.294,1.1523,0.5584,1.4975,1,1.0240,1024,220,-2,220,0,1,194,12818494332585,12818560892771,66560,0,1,63343,66948,0,,,,196,220,0,0,0,0,2,0,0
198,scan,197,0,12818644812173,,12818644957797,12818647081219,38.344,1.1534,0.5733,1.4976,1,1.0022,1002,220,-2,220,1,1,195,12818544435872,12818611082438,66646,0,1,63343,66930,0,,,,197,220,1,0,0,0,2,0,0
199,scan,198,0,12818694426458,,12818694567421,12818696972435,38.394,1.1540,0.5808,1.4975,1,1.0160,1015,220,-2,220,-2,1,196,12818594268335,12818662953516,68685,0,1,63343,66967,0,,,,198,220,-2,0,0,0,2,0,0
200,scan,199,0,12818744728664,,12818744856486,12818746921029,38.444,1.1551,0.5957,1.4975,1,1.0348,1034,220,-2,220,-2,1,197,12818644863183,12818711861594,66998,0,1,63343,66952,0,,,,199,220,-2,0,0,0,2,0,0
201,scan,200,0,12818794861097,,12818795022494,12818797004018,38.494,1.1556,0.6031,1.4975,1,1.0153,1015,220,-2,220,-1,1,198,12818694475626,12818761846714,67371,0,1,63343,66957,0,,,,200,220,-1,0,0,0,2,0,0
202,scan,201,0,12818844837309,,12818844982936,12818847026518,38.544,1.1561,0.6106,1.4974,1,1.0128,1012,220,-2,220,-1,1,199,12818744768884,12818811738654,66969,0,1,63343,66954,0,,,,201,220,-1,0,0,0,2,0,0
203,scan,202,0,12818894901285,,12818895049814,12818897959515,38.594,1.1572,0.6255,1.4972,1,1.0141,1014,220,-1,220,2,1,200,12818794917395,12818862188649,67271,0,1,63343,66952,0,,,,202,220,2,0,0,0,2,0,0
204,scan,203,0,12818944794491,,12818944945851,12818947007181,38.644,1.1578,0.6330,1.4972,1,1.0205,1020,220,-1,220,0,1,201,12818844887548,12818911620031,66732,0,1,63343,66931,0,,,,203,220,0,0,0,0,2,0,0
205,scan,204,0,12818994442506,,12818994570132,12818995894407,38.694,1.1589,0.6479,1.4973,1,1.0107,1010,220,-2,220,0,1,202,12818894956703,12818962784887,67828,0,1,63343,66960,0,,,,204,220,0,0,0,0,2,0,0
206,scan,205,0,12819044489452,,12819044617376,12819046842027,38.744,1.1594,0.6554,1.4974,1,1.0088,1008,220,-2,220,1,1,203,12818944865587,12819011186903,66321,0,1,63343,67009,0,,,,205,220,1,0,0,0,2,0,0
207,scan,206,0,12819094544394,,12819094668189,12819096816345,38.794,1.1605,0.6703,1.4973,1,0.9973,997,220,-2,220,1,1,204,12818994486202,12819061907865,67421,0,1,63343,67036,0,,,,206,220,1,0,0,0,2,0,0
208,scan,207,0,12819144700840,,12819144844527,12819146988718,38.844,1.1611,0.6778,1.4973,1,1.0247,1024,220,-2,220,-1,1,205,12819044534726,12819111868285,67333,0,1,63343,67023,0,,,,207,220,-1,0,0,0,2,0,0
209,scan,208,0,12819194517635,,12819194686222,12819196865306,38.894,1.1622,0.6927,1.4974,1,0.9967,996,220,-2,220,2,1,206,12819094585481,12819158884264,64298,0,1,63343,67021,0,,,,208,220,2,0,0,0,2,0,0
210,scan,209,0,12819244812412,,12819244992726,12819246993745,38.944,1.1627,0.7001,1.4974,1,1.0103,1010,220,-2,220,0,1,207,12819144752761,12819212074833,67322,0,1,63343,67096,0,,,,209,220,0,0,0,0,2,0,0
211,scan,210,0,12819294864238,,12819294989530,12819296910664,38.994,1.1638,0.7150,1.4974,1,0.9960,996,220,-2,220,0,1,208,12819194575905,12819261721974,67146,0,1,63343,67092,0,,,,210,220,0,0,0,0,2,0,0
212,scan,211,0,12819345069523,,12819345203943,12819346935724,39.044,1.1644,0.7225,1.4974,1,1.0092,1009,220,-2,220,2,1,209,12819244876652,12819311686031,66809,0,1,63343,67084,0,,,,211,220,2,0,0,0,2,0,0
213,scan,212,0,12819395473491,,12819395598534,12819397900553,39.094,1.1655,0.7374,1.4975,1,0.9941,994,220,-2,220,1,1,210,12819294908657,12819362546950,67638,0,1,63343,67094,0,,,,212,220,1,0,0,0,2,0,0
214,scan,213,0,12819444960675,,12819445084218,12819446959658,39.144,1.1660,0.7449,1.4975,1,0.9966,996,220,-2,220,-1,1,211,12819345116004,12819411761204,66645,0,1,63343,67070,0,,,,213,220,-1,0,0,0,2,0,0
215,scan,214,0,12819495007987,,12819495141936,12819497019130,39.194,1.1671,0.7598,1.4976,1,0.9947,994,220,-3,220,-1,1,212,12819395517879,12819462961272,67443,0,1,63343,67076,0,,,,214,220,-1,0,0,0,2,0,0
216,scan,215,0,12819545065534,,12819545210723,12819546893045,39.244,1.1677,0.7673,1.4976,1,1.0115,1011,220,-3,220,-2,1,213,12819445004135,12819511752192,66748,0,1,63343,67066,0,,,,215,220,-2,0,0,0,2,0,0
217,scan,216,0,12819595545529,,12819595677218,12819597920975,39.294,1.1688,0.7822,1.4974,1,0.9887,988,220,-3,220,-2,1,214,12819495055285,12819562231190,67175,0,1,63343,67083,0,,,,216,220,-2,0,0,0,2,0,0
218,scan,217,0,12819645349499,,12819645479646,12819646882646,39.344,1.1693,0.7896,1.4973,1,1.0021,1002,220,-2,220,0,1,215,12819545115028,12819611772539,66657,0,1,63343,67140,0,,,,217,220,0,0,0,0,2,0,0
219,scan,218,0,12819695683850,,12819695846774,12819697927701,39.394,1.1699,0.7971,1.4973,1,0.9932,993,220,-2,220,1,1,216,12819595586748,12819663544116,67957,0,1,63343,67128,0,,,,218,220,1,0,0,0,2,0,0
220,scan,219,0,12819745645902,,12819745779386,12819747849374,39.444,1.1710,0.8120,1.4973,1,0.9828,982,220,-2,220,-1,1,217,12819645395950,12819711896214,66500,0,1,63343,67096,0,,,,219,220,-1,0,0,0,2,0,0
221,scan,220,0,12819795608154,,12819795734435,12819797843220,39.494,1.1715,0.8195,1.4973,1,0.9970,996,220,-2,220,1,1,218,12819695735862,12819763342194,67606,0,1,63343,67121,0,,,,220,220,1,0,0,0,2,0,0
222,scan,221,0,12819845440580,,12819845565592,12819846940428,39.544,1.1726,0.8344,1.4973,1,0.9905,990,220,-3,220,0,1,219,12819745692919,12819813052978,67360,0,1,63343,67109,0,,,,221,220,0,0,0,0,2,0,0
223,scan,222,0,12819895827012,,12819895958158,12819898012526,39.594,1.1732,0.8419,1.4973,1,0.9985,998,220,-3,220,3,1,220,12819795653339,12819863029057,67375,0,1,63343,67106,0,,,,222,220,3,0,0,0,2,0,0
224,scan,223,0,12819945500922,,12819945624495,12819947858074,39.644,1.1742,0.8568,1.4974,1,1.0001,1000,220,-3,220,2,1,221,12819845487762,12819912954889,67467,0,1,63343,67112,0,,,,223,220,2,0,0,0,2,0,0
225,scan,224,0,12819995572313,,12819995699397,12819997849481,39.694,1.1748,0.8642,1.4975,1,0.9979,997,220,-3,220,-1,1,222,12819895875339,12819962319906,66444,0,1,63343,67069,0,,,,224,220,-1,0,0,0,2,0,0
226,scan,225,0,12820045631140,,12820045762878,12820047852335,39.744,1.1759,0.8792,1.4977,1,0.9905,990,220,-4,220,-2,1,223,12819945545647,12820012709243,67163,0,1,63343,67080,0,,,,225,220,-2,0,0,0,2,0,0
227,scan,226,0,12820095924064,,12820096099926,12820097883567,39.794,1.1764,0.8866,1.4977,1,0.9744,974,220,-4,220,1,1,224,12819995615656,12820063267200,67651,0,1,63343,67100,0,,,,226,220,1,0,0,0,2,0,0
228,scan,227,0,12820145680085,,12820145811651,12820148055440,39.844,1.1775,0.9015,1.4974,1,0.9973,997,220,-4,220,-2,1,225,12820045676595,12820112867513,67190,0,1,63343,67100,0,,,,227,220,-2,0,0,0,2,0,0
229,scan,228,0,12820196414102,,12820196643404,12820198859203,39.894,1.1781,0.9090,1.4974,1,0.9843,984,220,-4,220,-5,1,226,12820095970921,12820162994747,67023,0,1,63343,67123,0,,,,228,220,-5,0,0,0,2,0,0
230,scan,229,0,12820245931754,,12820246056779,12820247948435,39.944,1.1792,0.9239,1.4975,1,0.9886,988,220,-4,220,2,1,227,12820145726318,12820212106498,66380,0,1,63343,67128,0,,,,229,220,2,0,0,0,2,0,0
231,scan,230,0,12820296096212,,12820296217771,12820297966237,39.994,1.1797,0.9314,1.4974,1,0.9930,992,220,-4,220,-1,1,228,12820196499651,12820262531796,66032,0,1,63343,67093,0,,,,230,220,-1,0,0,0,2,0,0
232,scan,231,0,12820345940245,,12820346078019,12820347986535,40.044,1.1808,0.9463,1.4970,1,0.9962,996,220,-3,220,-4,1,229,12820245974086,12820312869695,66895,0,1,63343,67064,0,,,,231,220,-4,0,0,0,2,0,0
233,scan,232,0,12820395819747,,12820395952969,12820397979991,40.094,1.1814,0.9538,1.4970,1,0.9744,974,220,-3,220,1,1,230,12820296137565,12820363273703,67136,0,1,63343,67058,0,,,,232,220,1,0,0,0,2,0,0
234,scan,233,0,12820445921710,,12820446044025,12820448051031,40.144,1.1825,0.9687,1.4971,1,0.9627,962,220,-4,220,0,1,231,12820345983703,12820413155053,67171,0,1,63343,67057,0,,,,233,220,0,0,0,0,2,0,0
235,scan,234,0,12820496178751,,12820496376531,12820497966021,40.194,1.1830,0.9761,1.4971,1,0.9736,973,220,-4,220,-5,1,232,12820395867183,12820463112533,67245,0,1,63343,67058,0,,,,234,220,-5,0,0,0,2,0,0
236,scan,235,0,12820545964003,,12820546126893,12820548100462,40.244,1.1836,0.9836,1.4970,1,0.9741,974,220,-4,220,-6,1,233,12820445961205,12820513204902,67243,0,1,63343,67046,0,,,,235,220,-6,0,0,0,2,0,0
237,scan,236,0,12820596727164,,12820596922356,12820599052130,40.294,1.1847,0.9985,1.4969,1,0.9674,967,220,-4,220,-2,1,234,12820496243387,12820563141183,66897,0,1,63343,67055,0,,,,236,220,-2,0,0,0,2,0,0
238,scan,237,0,12820646689366,,12820646829631,12820648905437,40.344,1.1852,1.0060,1.4967,1,0.9365,936,220,-4,220,1,1,235,12820546011823,12820613292313,67280,0,1,63343,67071,0,,,,237,220,1,0,0,0,2,0,0
239,scan,238,0,12820696533816,,12820696661819,12820698796875,40.394,1.1863,1.0209,1.4963,1,0.9464,946,220,-3,220,0,1,236,12820596794107,12820662642143,65848,0,1,63343,67000,0,,,,238,220,0,0,0,0,2,0,0
240,scan,239,0,12820746323444,,12820746449197,12820747872595,40.444,1.1869,1.0284,1.4964,1,0.9266,926,220,-3,220,-5,1,237,12820646740543,12820713891214,67150,0,1,63343,67004,0,,,,239,220,-5,0,0,0,2,0,0
241,scan,240,0,12820796561027,,12820796697937,12820798867511,40.494,1.1880,1.0433,1.4967,1,0.9218,921,220,-4,220,-4,1,238,12820696578488,12820763766321,67187,0,1,63343,66999,0,,,,240,220,-4,0,0,0,2,0,0
242,scan,241,0,12820846479847,,12820846642521,12820848861898,40.544,1.1886,1.0507,1.4965,2,0.9083,908,0,1000,220,0,1,239,12820746366200,12820813558491,67192,0,1,63343,67004,0,,,,241,220,0,0,0,0,2,0,0
243,scan,242,0,12820896354056,,12820896479642,12820898789507,40.594,1.1897,1.0657,1.4958,2,0.8974,897,0,1000,220,-3,1,240,12820796609964,12820863832105,67222,0,1,63343,67003,0,,,,242,220,-3,0,0,0,2,0,0
244,scan,243,0,12820946457861,,12820946587878,12820948805666,40.644,1.1902,1.0731,1.4957,2,0.8924,892,0,1000,0,999,1,241,12820846542071,12820913988084,67446,0,1,63343,67021,0,,,,243,0,999,0,0,0,2,0,0
245,scan,244,0,12820997019108,,12820997170175,12820999014350,40.694,1.1913,1.0869,1.4978,2,0.8845,884,0,1000,0,999,1,242,12820896399291,12820963812851,67413,0,1,63343,67011,0,,,,244,0,999,0,0,0,2,0,0
246,scan,245,0,12821046522915,,12821046648099,12821048855235,40.744,1.1916,1.0920,1.5052,2,0.8741,874,0,1000,0,999,1,243,12820946506510,12821013530789,67024,0,1,63343,67028,0,,,,245,0,999,0,0,0,2,0,0
247,scan,246,0,12821096963220,,12821097080747,12821098980241,40.794,1.1920,1.0989,1.5306,2,0.8675,867,0,1000,0,999,1,244,12820997082827,12821063844243,66761,0,1,63343,67012,0,,,,246,0,999,0,0,0,2,0,0
248,scan,247,0,12821146766428,,12821146909492,12821148972965,40.844,1.1921,1.1007,1.5409,2,0.8758,875,0,1000,0,999,1,245,12821046566612,12821113923869,67357,0,1,63343,67012,0,,,,247,0,999,0,0,0,2,0,0
249,scan,248,0,12821196733591,,12821196863396,12821199001033,40.894,1.1921,1.1027,1.5664,2,0.8464,846,0,1000,0,999,1,246,12821097003183,12821163979740,66976,0,1,63343,67079,0,,,,248,0,999,0,0,0,2,0,0
250,scan,249,0,12821246670480,,12821246804080,12821248862581,40.944,1.1921,1.1028,1.5956,2,0.8674,867,0,1000,0,999,1,247,12821146816413,12821213324476,66508,0,1,63343,67059,0,,,,249,0,999,0,0,0,2,0,0
251,scan,250,0,12821296857133,,12821296974184,12821298876084,40.994,1.1921,1.1027,1.6843,2,0.8612,861,0,1000,0,999,1,248,12821196777424,12821262851423,66073,0,1,63343,67032,0,,,,250,0,999,0,0,0,2,0,0
252,scan,251,0,12821347037048,,12821347173230,12821348993773,41.044,1.1921,1.1026,1.7246,2,0.8548,854,0,1000,0,999,1,249,12821246717158,12821313525355,66808,0,1,63343,67032,0,,,,251,0,999,0,0,0,2,0,0
253,scan,252,0,12821397588011,,12821397795032,12821399979739,41.094,1.1922,1.1026,1.7552,2,0.8653,865,0,1000,0,999,1,250,12821296895205,12821363533860,66638,0,1,63343,67007,0,,,,252,0,999,0,0,0,2,0,0
254,scan,253,0,12821447165899,,12821447290733,12821448910536,41.144,1.1922,1.1025,1.8090,2,0.8700,870,0,1000,0,999,1,251,12821347078608,12821414596925,67518,0,1,63343,67029,0,,,,253,0,999,0,0,0,2,0,0
255,scan,254,0,12821497372567,,12821497508111,12821499070404,41.194,1.1922,1.1024,1.8435,2,0.8574,857,0,1000,0,999,1,252,12821397672103,12821465984226,68312,0,1,63343,67051,0,,,,254,0,999,0,0,0,2,0,0
256,scan,255,0,12821547415998,,12821547545586,12821548984192,41.244,1.1922,1.1023,1.9210,2,0.8449,844,0,1000,0,999,1,253,12821447208765,12821514592158,67383,0,1,63343,67067,0,,,,255,0,999,0,0,0,2,0,0
257,scan,256,0,12821597475159,,12821597616560,12821599913614,41.294,1.1923,1.1023,1.9557,2,0.8631,863,0,1000,0,999,1,254,12821497421668,12821561763646,64341,0,1,63343,66996,0,,,,256,0,999,0,0,0,2,0,0
258,scan,257,0,12821647555242,,12821647688955,12821649847757,41.344,1.1923,1.1022,2.0174,2,0.8604,860,0,1000,0,999,1,255,12821547460925,12821614626679,67165,0,1,63343,67008,0,,,,257,0,999,0,0,0,2,0,0
259,scan,258,0,12821697543234,,12821697684807,12821699877339,41.394,1.1924,1.1021,2.0501,2,0.8545,854,0,1000,0,999,1,256,12821597527015,12821661689464,64162,0,1,63343,66914,0,,,,258,0,999,0,0,0,2,0,0
260,scan,259,0,12821747544293,,12821747688189,12821749885885,41.444,1.1924,1.1020,2.1216,2,0.8587,858,0,1000,0,999,1,257,12821647601646,12821711492507,63890,0,1,63343,66848,0,,,,259,0,999,0,0,0,2,0,0
261,scan,260,0,12821797750433,,12821797934156,12821799948640,41.494,1.1925,1.1020,2.1568,2,0.8556,855,0,1000,0,999,1,258,12821697589667,12821761856221,64266,0,1,63343,66765,0,,,,260,0,999,0,0,0,2,0,0
262,scan,261,0,12821847778059,,12821847902038,12821849895383,41.544,1.1925,1.1019,2.2227,2,0.8463,846,0,1000,0,999,1,259,12821747592734,12821811962562,64369,0,1,63343,66690,0,,,,261,0,999,0,0,0,2,0,0
263,scan,262,0,12821897820570,,12821897981938,12821899975540,41.594,1.1926,1.1018,2.2555,2,0.8591,859,0,1000,0,999,1,260,12821797800924,12821862209763,64408,0,1,63343,66616,0,,,,262,0,999,0,0,0,2,0,0
264,scan,263,0,12821947924375,,12821948066387,12821949985487,41.644,1.1927,1.1018,2.3243,2,0.8604,860,0,1000,0,999,1,261,12821847820650,12821912107845,64287,0,1,63343,66536,0,,,,263,0,999,0,0,0,2,0,0
265,scan,264,0,12821997871192,,12821997996675,12821999950760,41.694,1.1927,1.1017,2.3591,2,0.8677,867,0,1000,0,999,1,262,12821897871298,12821962235121,64363,0,1,63343,66484,0,,,,264,0,999,0,0,0,2,0,0
266,scan,265,0,12822047593590,,12822047735008,12822049920576,41.744,1.1928,1.1016,2.4267,2,0.8587,858,0,1000,0,999,1,263,12821947970629,12822012153694,64183,0,1,63343,66410,0,,,,265,0,999,0,0,0,2,0,0
267,scan,266,0,12822098150042,,12822098360118,12822099980554,41.794,1.1928,1.1016,2.4601,2,0.8635,863,0,1000,0,999,1,264,12821997915622,12822064777753,66862,0,1,63343,66390,0,,,,266,0,999,0,0,0,2,0,0
268,scan,267,0,12822147886442,,12822148095930,12822149982139,41.844,1.1929,1.1016,2.5279,2,0.8677,867,0,1000,0,999,1,265,12822047640260,12822115057294,67417,0,1,63343,66396,0,,,,267,0,999,0,0,0,2,0,0
269,scan,268,0,12822198045396,,12822198186109,12822199922361,41.894,1.1930,1.1015,2.5622,2,0.8660,866,0,1000,0,999,1,266,12822098262202,12822166024590,67762,0,1,63343,66414,0,,,,268,0,999,0,0,0,2,0,0
270,scan,269,0,12822248105942,,12822248239444,12822249958868,41.944,1.1930,1.1015,2.5964,2,0.8721,872,0,1000,0,999,1,267,12822147935700,12822215377089,67441,0,1,63343,66441,0,,,,269,0,999,0,0,0,2,0,0
271,scan,270,0,12822297814777,,12822297935762,12822299957891,41.994,1.1931,1.1014,2.6639,2,0.8921,892,0,873,0,998,1,268,12822198094313,12822265358294,67263,0,1,63343,66472,0,,,,270,0,998,0,0,0,2,0,0
272,scan,271,0,12822347837382,,12822347967665,12822349935302,42.044,1.1932,1.1014,2.6976,2,0.9149,914,0,806,0,994,1,269,12822248154688,12822315524086,67369,0,1,63343,66483,0,,,,271,0,994,0,0,0,2,0,0
273,scan,272,0,12822397773134,,12822397909498,12822399913214,42.094,1.1933,1.1014,2.7655,2,0.9182,918,220,670,0,878,1,270,12822297856184,12822365223811,67367,0,1,63343,66489,0,,,,272,0,878,0,0,0,2,0,0
274,scan,273,0,12822447706957,,12822447846379,12822449934417,42.144,1.1934,1.1014,2.7995,2,0.9331,933,220,602,26,802,1,271,12822347885119,12822414798505,66913,0,1,63343,66483,0,,,,273,26,802,0,0,0,2,0,0
275,scan,274,0,12822498208261,,12822498342616,12822499958585,42.194,1.1926,1.1016,2.8630,2,0.9519,951,220,475,220,656,1,272,12822397817584,12822465485895,67668,0,1,63343,66493,0,,,,274,220,656,0,0,0,2,0,0
276,scan,275,0,12822549060249,,12822549258676,12822550925087,42.244,1.1918,1.1018,2.8921,2,0.9739,973,220,417,220,586,1,273,12822447755615,12822515056446,67300,0,1,63343,66495,0,,,,275,220,586,0,0,0,2,0,0
277,scan,276,0,12822598552435,,12822598688857,12822601026712,42.294,1.1868,1.1030,2.9443,2,0.6091,609,220,313,220,459,1,274,12822498254226,12822565866000,67611,0,1,63343,66513,0,,,,276,220,459,0,0,0,2,0,0
278,scan,277,0,12822648593776,,12822648728661,12822650878223,42.344,1.1826,1.1037,2.9699,2,0.5709,570,220,263,220,402,1,275,12822549134332,12822615896574,66762,0,1,63343,66500,0,,,,277,220,402,0,0,0,2,0,0
279,scan,278,0,12822698536932,,12822698664482,12822700892662,42.394,1.1708,1.1055,3.0248,2,0.5393,539,220,154,220,301,1,276,12822598600276,12822665968344,67368,0,1,63343,66538,0,,,,278,220,301,0,0,0,2,0,0
280,scan,279,0,12822748507992,,12822748637710,12822750919888,42.444,1.1637,1.1062,3.0502,2,0.5249,524,220,103,220,252,1,277,12822648642185,12822715762588,67120,0,1,63343,66537,0,,,,279,220,252,0,0,0,2,0,0
281,scan,280,0,12822798471135,,12822798597259,12822800849420,42.494,1.1489,1.1073,3.0719,2,0.5093,509,220,60,220,147,1,278,12822698581193,12822765188645,66607,0,1,63343,66522,0,,,,280,220,147,0,0,0,2,0,0
282,scan,281,0,12822848935882,,12822849074030,12822850962370,42.544,1.1414,1.1079,3.0705,2,0.5167,516,220,63,220,100,1,279,12822748552808,12822815613549,67060,0,1,63343,66519,0,,,,281,220,100,0,0,0,2,0,0
283,scan,282,0,12822898581839,,12822898711818,12822901870551,42.594,1.1265,1.1089,3.0768,2,0.5183,518,220,51,220,58,1,280,12822798514401,12822866305412,67791,0,1,63343,66533,0,,,,282,220,58,0,0,0,2,0,0
284,scan,283,0,12822948780545,,12822948901853,12822950928444,42.644,1.1191,1.1094,3.0845,2,0.5064,506,220,36,220,61,1,281,12822848985501,12822912889648,63904,0,1,63343,66445,0,,,,283,220,61,0,0,0,2,0,0
285,scan,284,0,12822999221500,,12822999429879,12823002030777,42.694,1.1041,1.1101,3.0919,2,0.5040,504,220,21,220,49,1,282,12822898627962,12822966088587,67460,0,1,63343,66446,0,,,,284,220,49,0,0,0,2,0,0
286,scan,285,0,12823048909529,,12823049054023,12823051137189,42.744,1.0967,1.1105,3.0905,2,0.5239,523,220,24,220,34,1,283,12822948823339,12823015650004,66826,0,1,63343,66441,0,,,,285,220,34,0,0,0,2,0,0
287,scan,286,0,12823098925355,,12823099082444,12823101023176,42.794,1.0892,1.1109,3.0895,2,0.5278,527,220,26,220,21,1,284,12822999283603,12823067016506,67732,0,1,63343,66465,0,,,,286,220,21,0,0,0,2,0,0
288,scan,287,0,12823148940260,,12823149076196,12823150892704,42.844,1.0743,1.1117,3.0937,2,0.5261,526,220,18,220,23,1,285,12823048959572,12823115673381,66713,0,1,63343,66449,0,,,,287,220,23,0,0,0,2,0,0
289,scan,288,0,12823199084925,,12823199233204,12823200934364,42.894,1.0668,1.1120,3.0965,2,0.5514,551,220,13,220,27,1,286,12823098982381,12823166543319,67560,0,1,63343,66464,0,,,,288,220,27,0,0,0,2,0,0
290,scan,289,0,12823248641063,,12823248778466,12823250885476,42.944,1.0519,1.1127,3.0972,2,0.9640,963,220,11,220,18,1,287,12823148988382,12823216206510,67218,0,1,63343,66482,0,,,,289,220,18,0,0,0,2,0,0
291,scan,290,0,12823298643669,,12823298767574,12823300905765,42.994,1.0444,1.1130,3.0967,2,0.9681,968,220,12,220,14,1,288,12823199131646,12823263645029,64513,0,1,63343,66442,0,,,,290,220,14,0,0,0,2,0,0
292,scan,291,0,12823348723255,,12823348839644,12823350969883,43.044,1.0294,1.1137,3.0983,2,0.9481,948,220,9,220,12,1,289,12823248688882,12823315865787,67176,0,1,63343,66452,0,,,,291,220,12,0,0,0,2,0,0
293,scan,292,0,12823398863481,,12823398990287,12823401037656,43.094,1.0220,1.1140,3.0997,2,0.9318,931,220,6,220,12,1,290,12823298687855,12823366060925,67373,0,1,63343,66470,0,,,,292,220,12,0,0,0,2,0,0
294,scan,293,0,12823449480215,,12823449624452,12823451924030,43.144,1.0070,1.1146,3.1005,2,0.9318,931,220,5,220,10,1,291,12823348764753,12823416500934,67736,0,1,63343,66476,0,,,,293,220,10,0,0,0,2,0,0
295,scan,294,0,12823499603673,,12823499734729,12823501822006,43.194,0.9995,1.1149,3.1002,2,0.9212,921,220,5,220,6,1,292,12823398905574,12823466383169,67477,0,1,63343,66455,0,,,,294,220,6,0,0,0,2,0,0
296,scan,295,0,12823549427378,,12823549553913,12823550965691,43.244,0.9846,1.1156,3.1008,2,0.9106,910,220,4,220,7,1,293,12823449530508,12823517344458,67813,0,1,63343,66465,0,,,,295,220,7,0,0,0,2,0,0
297,scan,296,0,12823599861620,,12823600108613,12823602048779,43.294,0.9771,1.1159,3.1014,2,0.8978,897,220,3,220,6,1,294,12823499651458,12823564308962,64657,0,1,63343,66473,0,,,,296,220,6,0,0,0,2,0,0
298,scan,297,0,12823649546560,,12823649670207,12823651832539,43.344,0.9621,1.1165,3.1018,2,0.8889,888,220,2,220,5,1,295,12823549469941,12823614293743,64823,0,1,63343,66415,0,,,,297,220,5,0,0,0,2,0,0
299,scan,298,0,12823699692444,,12823699847488,12823701961717,43.394,0.9547,1.1168,3.1018,2,0.8897,889,220,2,220,5,1,296,12823599928479,12823664475887,64547,0,1,63343,66424,0,,,,298,220,5,0,0,0,2,0,0
300,scan,299,0,12823749583976,,12823749723210,12823751862149,43.444,0.9397,1.1173,3.1020,2,0.8596,859,220,2,220,2,1,297,12823649586154,12823713910181,64324,0,1,63343,66435,0,,,,299,220,2,0,0,0,2,0,0
301,scan,300,0,12823799529221,,12823799670693,12823801833600,43.494,0.9322,1.1176,3.1023,2,0.8482,848,220,1,220,3,1,298,12823699748815,12823763947939,64199,0,1,63343,66434,0,,,,300,220,3,0,0,0,2,0,0
302,scan,301,0,12823849588774,,12823849707858,12823851891746,43.544,0.9173,1.1182,3.1027,2,0.8565,856,220,1,220,2,1,299,12823749633563,12823813644333,64010,0,1,63343,66425,0,,,,301,220,2,0,0,0,2,0,0
303,scan,302,0,12823900354976,,12823900481201,12823902180309,43.594,0.9098,1.1185,3.1026,2,0.8412,841,220,1,220,3,1,300,12823799573338,12823867001363,67428,0,1,63343,66500,0,,,,302,220,3,0,0,0,2,0,0
304,scan,303,0,12823950362418,,12823950508406,12823952057787,43.644,0.9024,1.1188,3.1026,2,0.8366,836,220,1,220,0,1,301,12823849626009,12823914028598,64402,0,1,63343,66503,0,,,,303,220,0,0,0,0,2,0,0
305,scan,304,0,12824000254477,,12824000378097,12824001998414,43.694,0.8874,1.1194,3.1029,2,0.8116,811,220,0,220,1,1,302,12823900399510,12823967961415,67561,0,1,63343,66583,0,,,,304,220,1,0,0,0,2,0,0
306,scan,305,0,12824050112270,,12824050279785,12824052156604,43.744,0.8800,1.1197,3.1031,2,0.8043,804,220,0,220,1,1,303,12823950406251,12824018037319,67631,0,1,63343,66669,0,,,,305,220,1,0,0,0,2,0,0
307,scan,306,0,12824100571785,,12824100787187,12824102871805,43.794,0.8650,1.1203,3.1031,2,0.7970,796,220,0,220,0,1,304,12824000298306,12824067622656,67324,0,1,63343,66681,0,,,,306,220,0,0,0,0,2,0,0
308,scan,307,0,12824150020702,,12824150233055,12824152060230,43.844,0.8575,1.1205,3.1030,2,0.7985,798,220,0,220,1,1,305,12824050170854,12824118050091,67879,0,1,63343,66692,0,,,,307,220,1,0,0,0,2,0,0
309,scan,308,0,12824200166584,,12824200299882,12824202001247,43.894,0.8426,1.1211,3.1030,2,0.7676,767,220,0,220,0,1,306,12824100639016,12824167669975,67030,0,1,63343,66674,0,,,,308,220,0,0,0,0,2,0,0
310,scan,309,0,12824250160737,,12824250325601,12824251916652,43.944,0.8351,1.1214,3.1031,2,0.7652,765,220,0,220,1,1,307,12824150084810,12824217409179,67324,0,1,63343,66671,0,,,,309,220,1,0,0,0,2,0,0
311,scan,310,0,12824299865971,,12824300034223,12824302093807,43.994,0.8202,1.1220,3.1032,2,0.7624,762,220,0,220,1,1,308,12824200213144,12824267652518,67439,0,1,63343,66675,0,,,,310,220,1,0,0,0,2,0,0
312,scan,311,0,12824350211439,,12824350369047,12824351986025,44.044,0.8127,1.1223,3.1032,2,0.7517,751,220,0,220,0,1,309,12824250224830,12824316378605,66153,0,1,63343,66645,0,,,,311,220,0,0,0,0,2,0,0
313,scan,312,0,12824399686124,,12824399818396,12824402120289,44.094,0.7978,1.1228,3.1032,2,0.7352,735,220,0,220,1,1,310,12824299911866,12824366520929,66609,0,1,63343,66626,0,,,,312,220,1,0,0,0,2,0,0
314,scan,313,0,12824449793772,,12824449929268,12824451958131,44.144,0.7903,1.1231,3.1033,2,0.7353,735,220,-1,220,0,1,311,12824350267158,12824417633083,67365,0,1,63343,66637,0,,,,313,220,0,0,0,0,2,0,0
315,scan,314,0,12824499690405,,12824499843309,12824502014838,44.194,0.7753,1.1237,3.1033,2,0.7108,710,220,-1,220,1,1,312,12824399729463,12824467073603,67344,0,1,63343,66629,0,,,,314,220,1,0,0,0,2,0,0
316,scan,315,0,12824549767289,,12824549912859,12824552090164,44.244,0.7679,1.1240,3.1033,2,0.7006,700,220,-1,220,0,1,313,12824449840543,12824516843125,67002,0,1,63343,66622,0,,,,315,220,0,0,0,0,2,0,0
317,scan,316,0,12824600078664,,12824600230842,12824602046450,44.294,0.7529,1.1246,3.1033,2,0.6942,694,220,-1,220,1,1,314,12824499733619,12824568819157,69085,0,1,63343,66659,0,,,,316,220,1,0,0,0,2,0,0
318,scan,317,0,12824650395973,,12824650526870,12824651909627,44.344,0.7454,1.1248,3.1033,2,0.6880,687,220,-1,220,1,1,315,12824549818673,12824617802692,67984,0,1,63343,66689,0,,,,317,220,1,0,0,0,2,0,0
319,scan,318,0,12824700644422,,12824700798442,12824702999006,44.394,0.7305,1.1254,3.1034,2,0.6738,673,220,-1,220,1,1,316,12824600129433,12824667759284,67629,0,1,63343,66696,0,,,,318,220,1,0,0,0,2,0,0
320,scan,319,0,12824750654547,,12824750787871,12824752873996,44.444,0.7230,1.1257,3.1034,2,0.6686,668,220,-1,220,1,1,317,12824650440079,12824717737238,67297,0,1,63343,66700,0,,,,319,220,1,0,0,0,2,0,0
321,scan,320,0,12824800892498,,12824801082609,12824802922802,44.494,0.7155,1.1260,3.1034,2,0.6551,655,220,-1,220,0,1,318,12824700695768,12824767501959,66806,0,1,63343,66705,0,,,,320,220,0,0,0,0,2,0,0
322,scan,321,0,12824850451288,,12824850608619,12824852866281,44.544,0.7006,1.1266,3.1035,2,0.6453,645,220,-1,220,1,1,319,12824750700673,12824814512593,63811,0,1,63343,66624,0,,,,321,220,1,0,0,0,2,0,0
323,scan,322,0,12824900642656,,12824900810172,12824902875024,44.594,0.6931,1.1268,3.1035,2,0.6354,635,220,-1,220,1,1,320,12824800965138,12824865788771,64823,0,1,63343,66550,0,,,,322,220,1,0,0,0,2,0,0
324,scan,323,0,12824950590148,,12824950715893,12824952888890,44.644,0.6781,1.1274,3.1035,2,0.6195,619,220,-1,220,-1,1,321,12824850505305,12824917795023,67289,0,1,63343,66634,0,,,,323,220,-1,0,0,0,2,0,0
325,scan,324,0,12825000730666,,12825000883193,12825003042037,44.694,0.6707,1.1277,3.1036,2,0.6152,615,220,-1,220,-1,1,322,12824900694583,12824967900927,67206,0,1,63343,66628,0,,,,324,220,-1,0,0,0,2,0,0
326,scan,325,0,12825050878688,,12825051052402,12825053007469,44.744,0.6557,1.1283,3.1036,2,0.6013,601,220,-1,220,-2,1,323,12824950637843,12825014797929,64160,0,1,63343,66561,0,,,,325,220,-2,0,0,0,2,0,0
327,scan,326,0,12825100997392,,12825101135407,12825102959119,44.794,0.6483,1.1285,3.1036,2,0.6001,600,220,-1,220,-1,1,324,12825000783736,12825065247367,64463,0,1,63343,66480,0,,,,326,220,-1,0,0,0,2,0,0
328,scan,327,0,12825150742780,,12825150898667,12825153036000,44.844,0.6333,1.1291,3.1034,2,0.5928,592,220,-1,220,-2,1,325,12825050941975,12825118506399,67564,0,1,63343,66501,0,,,,327,220,-2,0,0,0,2,0,0
329,scan,328,0,12825200765399,,12825200914659,12825202914967,44.894,0.6258,1.1294,3.1033,2,0.5744,574,220,-1,220,-1,1,326,12825101047030,12825167740055,66693,0,1,63343,66479,0,,,,328,220,-1,0,0,0,2,0,0
330,scan,329,0,12825250723167,,12825250869689,12825252946931,44.944,0.6109,1.1300,3.1033,2,0.5674,567,220,-1,220,0,1,327,12825150798302,12825217966138,67167,0,1,63343,66478,0,,,,329,220,0,0,0,0,2,0,0
331,scan,330,0,12825300772498,,12825300911331,12825303022582,44.994,0.6034,1.1303,3.1033,2,0.5630,562,220,-1,220,0,1,328,12825200822893,12825267632668,66809,0,1,63343,66535,0,,,,330,220,0,0,0,0,2,0,0
332,scan,331,0,12825350835940,,12825350963826,12825353026578,45.044,0.5885,1.1308,3.1032,2,0.5449,544,220,-1,220,0,1,329,12825250780722,12825321655419,70874,0,1,63343,66628,0,,,,331,220,0,0,0,0,2,0,0
333,scan,332,0,12825400932816,,12825401055245,12825402985042,45.094,0.5810,1.1311,3.1032,2,0.5472,547,220,-1,220,0,1,330,12825300821857,12825367659273,66837,0,1,63343,66614,0,,,,332,220,0,0,0,0,2,0,0
334,scan,333,0,12825450776536,,12825450898193,12825452938504,45.144,0.5660,1.1317,3.1033,2,0.5288,528,220,-1,220,0,1,331,12825350880045,12825415359390,64479,0,1,63343,66533,0,,,,333,220,0,0,0,0,2,0,0
335,scan,334,0,12825500833709,,12825500977694,12825502992095,45.194,0.5585,1.1320,3.1033,2,0.5132,513,220,-1,220,0,1,332,12825400976142,12825467977088,67000,0,1,63343,66521,0,,,,334,220,0,0,0,0,2,0,0
336,scan,335,0,12825550722056,,12825551047471,12825552963871,45.244,0.5436,1.1326,3.1032,2,0.5142,514,220,-1,220,1,1,333,12825450816180,12825518583012,67766,0,1,63343,66520,0,,,,335,220,1,0,0,0,2,0,0
337,scan,336,0,12825600984194,,12825601128160,12825602953700,45.294,0.5361,1.1328,3.1032,2,0.5130,512,220,-1,220,0,1,334,12825500884977,12825567580719,66695,0,1,63343,66571,0,,,,336,220,0,0,0,0,2,0,0
338,scan,337,0,12825651664792,,12825651909008,12825653932641,45.344,0.5286,1.1331,3.1032,2,0.4963,496,220,-1,220,1,1,335,12825550935843,12825618786011,67850,0,1,63343,66646,0,,,,337,220,1,0,0,0,2,0,0
339,scan,338,0,12825701754302,,12825702019593,12825703905431,45.394,0.5137,1.1337,3.1033,2,0.4784,478,220,-1,220,0,1,336,12825601030516,12825668183869,67153,0,1,63343,66712,0,,,,338,220,0,0,0,0,2,0,0
340,scan,339,0,12825751539598,,12825751689557,12825753860005,45.444,0.5062,1.1340,3.1033,2,0.4816,481,220,-1,220,0,1,337,12825651727201,12825719019694,67292,0,1,63343,66786,0,,,,339,220,0,0,0,0,2,0,0
341,scan,340,0,12825801744641,,12825801880824,12825803996896,45.494,0.4913,1.1346,3.1033,2,0.4621,462,220,-1,220,1,1,338,12825701813534,12825769039692,67226,0,1,63343,66861,0,,,,340,220,1,0,0,0,2,0,0
342,scan,341,0,12825852326486,,12825852499326,12825853923425,45.544,0.4838,1.1348,3.1033,2,0.4529,452,220,-1,220,0,1,339,12825751591258,12825818791956,67200,0,1,63343,66941,0,,,,341,220,0,0,0,0,2,0,0
343,scan,342,0,12825901674390,,12825901890523,12825903855147,45.594,0.4689,1.1354,3.1033,2,0.4549,454,220,-1,220,1,1,340,12825801791289,12825869359597,67568,0,1,63343,66945,0,,,,342,220,1,0,0,0,2,0,0
344,scan,343,0,12825951723042,,12825951867610,12825953890707,45.644,0.4614,1.1357,3.1034,2,0.4398,439,220,-1,220,0,1,341,12825852388146,12825916352595,63964,0,1,63343,66934,0,,,,343,220,0,0,0,0,2,0,0
345,scan,344,0,12826001789716,,12826002030722,12826004106137,45.694,0.4464,1.1363,3.1034,2,0.4275,427,220,-1,220,0,1,342,12825901716643,12825969225631,67508,0,1,63343,66932,0,,,,344,220,0,0,0,0,2,0,0
346,scan,345,0,12826051983993,,12826052178558,12826054016607,45.744,0.4390,1.1366,3.1034,2,0.4261,426,220,-1,220,1,1,343,12825951774573,12826019035922,67261,0,1,63343,66923,0,,,,345,220,1,0,0,0,2,0,0
347,scan,346,0,12826102157107,,12826102309728,12826104058632,45.794,0.4240,1.1371,3.1034,2,0.4116,411,220,-1,220,0,1,344,12826001904359,12826069639638,67735,0,1,63343,66933,0,,,,346,220,0,0,0,0,2,0,0
348,scan,347,0,12826152463559,,12826152627323,12826154803122,45.844,0.4165,1.1374,3.1034,2,0.4000,399,220,-1,220,1,1,345,12826052084595,12826119399554,67314,0,1,63343,66919,0,,,,347,220,1,0,1,0,2,0,0
349,scan,348,0,12826202248705,,12826202386224,12826203892529,45.894,0.4016,1.1380,3.1035,2,0.4064,406,220,-1,220,0,1,346,12826102209001,12826168980559,66771,0,1,63343,66913,0,,,,348,220,0,0,0,0,2,0,0
350,scan,349,0,12826252489477,,12826252642553,12826254819387,45.944,0.3941,1.1383,3.1035,2,0.3918,391,220,-1,220,0,1,347,12826152520334,12826219967565,67447,0,1,63343,66916,0,,,,349,220,0,0,1,0,2,0,0
351,scan,350,0,12826302390648,,12826302556058,12826304056551,45.994,0.3792,1.1388,3.1035,2,0.3804,380,220,-1,220,0,1,348,12826202295704,12826268755527,66459,0,1,63343,66891,0,,,,350,220,0,0,1,0,2,0,0
352,scan,351,0,12826352159621,,12826352309825,12826354867567,46.044,0.3717,1.1391,3.1035,2,0.3739,373,220,-1,220,-2,1,349,12826252543163,12826319741967,67198,0,1,63343,66918,0,,,,351,220,-2,0,1,0,2,0,0
353,scan,352,0,12826402739568,,12826402900371,12826405055179,46.094,0.3567,1.1397,3.1035,2,0.3664,366,220,-1,220,-1,1,350,12826302444051,12826370199759,67755,0,1,63343,66946,0,,,,352,220,-1,0,1,0,2,0,0
354,scan,353,0,12826452580527,,12826452709432,12826454828241,46.144,0.3493,1.1400,3.1034,2,0.3493,349,220,-1,220,-2,1,351,12826352212153,12826416597033,64384,0,1,63343,66872,0,,,,353,220,-2,0,1,0,2,0,0
355,scan,354,0,12826502717012,,12826502891998,12826505058342,46.194,0.3418,1.1403,3.1033,2,0.3522,352,220,-1,220,1,1,352,12826402791894,12826468717899,65926,0,1,63343,66836,0,,,,354,220,1,0,1,0,2,0,0
356,scan,355,0,12826552658024,,12826552814881,12826554935450,46.244,0.3268,1.1408,3.1032,2,0.3484,348,220,-1,220,0,1,353,12826452624660,12826529405659,76780,0,1,63343,67081,0,,,,355,220,0,0,1,0,2,0,0
357,scan,356,0,12826602558657,,12826602695217,12826604844516,46.294,0.3194,1.1411,3.1032,2,0.3403,340,220,-1,220,0,1,354,12826502769498,12826585600539,82831,0,1,63343,67424,0,,,,356,220,0,0,1,0,2,0,0
358,scan,357,0,12826652682600,,12826652857645,12826654957537,46.344,0.3044,1.1417,3.1032,2,0.3296,329,220,-1,220,0,1,354,,,,1,1,63343,67410,0,,,,357,220,0,0,1,0,2,0,0
359,scan,358,0,12826702724142,,12826702925463,12826704907149,46.394,0.2969,1.1420,3.1033,2,0.3285,328,220,-1,220,0,1,356,12826602607139,12826702818848,100211,0,1,63343,68245,0,,,,358,220,0,0,1,0,2,0,0
360,scan,359,0,12826752459249,,12826752598866,12826753938611,46.444,0.2820,1.1426,3.1032,2,0.3261,326,220,-1,220,0,1,356,,,,1,1,63343,68270,0,,,,359,220,0,0,1,0,2,0,0
361,scan,360,0,12826803074896,,12826803246976,12826804940830,46.494,0.2745,1.1428,3.1032,2,0.3126,312,220,-1,220,1,1,357,12826652743767,12826758857731,106113,0,1,63343,69305,0,,,,360,220,1,0,1,0,2,0,0
362,scan,361,0,12826852982748,,12826853121213,12826854990238,46.544,0.2596,1.1434,3.1032,2,0.3077,307,220,-1,220,0,1,358,12826702769388,12826838009922,135240,0,1,63343,71184,0,,,,361,220,0,0,1,0,2,0,0
363,scan,362,0,12826902905821,,12826903052424,12826904954550,46.594,0.2521,1.1437,3.1033,2,0.3035,303,220,-1,220,1,1,359,12826752507005,12826872408666,119901,0,1,63343,72634,0,,,,362,220,1,0,1,0,2,0,0
364,scan,363,0,12826953526462,,12826953763269,12826956831955,46.644,0.2371,1.1443,3.1034,2,0.3087,308,220,-1,220,0,1,360,12826803127168,12826948293362,145166,0,1,63343,74683,0,,,,363,220,0,0,1,0,2,0,0
365,scan,364,0,12827003379762,,12827003545082,12827005836583,46.694,0.2297,1.1446,3.1034,2,0.2949,294,220,-1,220,0,1,360,,,,1,1,63343,74885,0,,,,364,220,0,0,1,0,2,0,0
366,scan,365,0,12827053280705,,12827053406856,12827054911149,46.744,0.2147,1.1451,3.1034,2,0.3051,305,220,-1,220,0,1,361,12826853030887,12827014694499,161663,0,1,63343,77521,0,,,,365,220,0,0,1,0,2,0,0
367,scan,366,0,12827103190565,,12827103351928,12827104970182,46.794,0.2073,1.1454,3.1034,2,0.2806,280,220,-1,220,1,1,362,12826902955885,12827086762338,183806,0,1,63343,80746,0,,,,366,220,1,0,1,0,2,0,0
368,scan,367,0,12827152993854,,12827153117203,12827154953183,46.844,0.1923,1.1460,3.1034,2,0.3000,299,220,-1,220,0,1,363,12826953608929,12827105256790,151647,0,1,63343,83019,0,,,,367,220,0,0,1,0,2,0,0
369,scan,368,0,12827202782945,,12827202933923,12827204954477,46.894,0.1848,1.1463,3.1034,2,0.3128,312,220,-1,220,1,1,364,12827003428152,12827177855060,174426,0,1,63343,85930,1,12827202894416,,,368,220,1,0,1,0,2,0,0
370,scan,369,0,12827253172727,,12827253326651,12827254950742,46.944,0.1699,1.1468,3.1035,2,0.2936,293,220,-1,220,1,1,364,,,,1,1,63343,86452,1,,,,369,220,1,0,1,0,2,0,0
371,scan,370,0,12827303014046,,12827303158512,12827304940944,46.994,0.1624,1.1471,3.1035,2,0.3134,313,220,-1,220,0,1,366,12827103258887,12827296748399,193489,0,1,63343,89970,1,,,,370,220,0,0,1,0,2,0,0
372,scan,371,0,12827353043874,,12827353175262,12827355291773,47.044,0.1549,1.1474,3.1035,2,0.3113,311,220,-1,220,0,1,366,,,,1,1,63343,90516,1,,,,371,220,0,0,1,0,2,0,0
373,scan,372,0,12827403006342,,12827403140223,12827405006201,47.094,0.1400,1.1480,3.1036,2,0.3476,347,220,-2,220,0,1,368,12827202829926,12827387743410,184913,0,1,63343,93890,1,,,,372,220,0,0,1,0,2,0,0
374,scan,373,0,12827452942430,,12827453084573,12827454990100,47.144,0.1325,1.1483,3.1036,2,0.3609,360,220,-2,220,0,1,368,,,,1,1,63343,94755,1,,,,373,220,0,0,1,0,2,0,0
375,scan,374,0,12827503309193,,12827503457245,12827505859957,47.194,0.1176,1.1488,3.1035,2,1.0368,1036,220,-2,220,-2,1,370,12827303059303,12827489961694,186902,0,1,63343,98281,1,,,,374,220,-2,0,0,0,2,0,0
376,scan,375,0,12827553388865,,12827553514024,12827555966079,47.244,0.1101,1.1491,3.1035,2,1.0230,1023,220,-2,220,-2,1,370,,,,1,1,63343,99206,1,,,,375,220,-2,0,0,0,2,0,0
377,scan,376,0,12827603947952,,12827604111757,12827606220642,47.294,0.0951,1.1497,3.1035,2,1.0063,1006,220,-1,220,-2,1,371,12827353091320,12827560722520,207631,0,1,63343,103477,1,,,,376,220,-2,0,0,0,2,0,0
378,scan,377,0,12827653646664,,12827653794428,12827655923561,47.344,0.0877,1.1500,3.1034,2,1.0067,1006,220,-1,220,-2,1,372,12827403052961,12827609984584,206931,0,1,63343,107691,1,,,,377,220,-2,0,0,0,2,0,0
379,scan,378,0,12827703535766,,12827703664474,12827705896522,47.394,0.0727,1.1505,3.1032,2,0.9998,999,220,-1,220,-2,1,373,12827452992564,12827668890537,215897,0,1,63343,112199,1,,,,378,220,-2,0,0,0,2,0,0
380,scan,379,0,12827753446455,,12827753572360,12827754890944,47.444,0.0652,1.1508,3.1031,2,0.9932,993,220,-1,220,-1,1,374,12827503360824,12827731712808,228351,0,1,63343,117079,1,,,,379,220,-1,0,0,0,2,0,0
381,scan,380,0,12827803680394,,12827803812463,12827805956059,47.494,0.0503,1.1514,3.1030,2,0.9761,976,220,-1,220,-2,1,375,12827553432605,12827771689717,218257,0,1,63343,121656,1,,,,380,220,-2,0,0,0,2,0,0
382,scan,381,0,12827853787751,,12827853976080,12827855937496,47.544,0.0428,1.1517,3.1030,2,0.9695,969,220,0,220,1,1,376,12827603995044,12827827184676,223189,0,1,63343,126383,1,,,,381,220,1,0,0,0,2,0,0
383,scan,382,0,12827903748268,,12827903893733,12827905964396,47.594,0.0279,1.1523,3.1029,2,0.9645,964,220,0,220,0,1,377,12827653698408,12827879178420,225480,0,1,63343,131168,1,,,,382,220,0,0,0,0,2,0,0
384,scan,383,0,12827954005521,,12827954131617,12827955976480,47.644,0.0204,1.1526,3.1029,2,0.9630,962,220,0,220,1,1,378,12827703581032,12827944548855,240967,0,1,63343,136532,1,,,,383,220,1,0,0,0,2,0,0
385,scan,384,0,12828003924930,,12828004073918,12828006024005,47.694,0.0054,1.1531,3.1030,2,0.9555,955,220,-1,220,1,1,379,12827753490629,12827994080898,240590,0,1,63343,141777,1,,,,384,220,1,0,0,0,2,0,0
386,scan,385,0,12828053960124,,12828054087248,12828055986471,47.744,-0.0020,1.1534,3.1031,2,0.9425,942,220,-1,220,1,1,379,,,,1,1,63343,144105,1,,,,385,220,1,0,0,0,2,0,0
387,scan,386,0,12828104425675,,12828104547281,12828105984630,47.794,-0.0170,1.1540,3.1031,2,0.9416,941,220,-1,220,1,1,379,,,,1,1,63343,146569,1,,,,386,220,1,0,0,0,2,0,0
388,scan,387,0,12828154024613,,12828154156388,12828156143300,47.844,-0.0245,1.1543,3.1031,2,0.9386,938,220,-1,220,1,1,381,12827853854208,12828148249037,294394,0,1,63343,153894,1,,,,387,220,1,0,0,0,2,0,0
389,scan,388,0,12828204187327,,12828204344158,12828206167749,47.894,-0.0319,1.1546,3.1032,2,0.9185,918,220,-1,220,0,1,382,12827903798254,12828160083713,256285,0,1,63343,160007,1,,,,388,220,0,0,0,0,2,0,0
390,scan,389,0,12828253817894,,12828253943663,12828255990029,47.944,-0.0469,1.1552,3.1033,2,0.9200,919,220,-1,220,1,1,383,12827954053055,12828225477593,271424,0,1,63343,166587,1,,,,389,220,1,0,0,0,2,0,0
391,scan,390,0,12828303824322,,12828303955723,12828305918685,47.994,-0.0544,1.1554,3.1033,2,0.9106,910,220,-1,220,0,1,384,12828003970439,12828286986850,283016,0,1,63343,173573,1,,,,390,220,0,0,0,0,2,0,0
392,scan,391,0,12828353901814,,12828354033359,12828355971378,48.044,-0.0693,1.1560,3.1033,2,0.9078,907,220,-1,220,0,1,385,12828054002498,12828339279553,285277,0,1,63343,180608,1,,,,391,220,0,0,0,0,2,0,0
393,scan,392,0,12828403916759,,12828404071852,12828405993218,48.094,-0.0768,1.1563,3.1033,2,0.9070,907,220,-1,220,0,1,385,,,,1,1,63343,184370,1,,,,392,220,0,0,0,0,2,0,0
394,scan,393,0,12828453948404,,12828454075905,12828455981146,48.144,-0.0917,1.1569,3.1033,2,0.8999,899,220,-1,220,0,1,385,,,,1,1,63343,188507,1,,,,393,220,0,0,0,0,2,0,0
395,scan,394,0,12828504452630,,12828504589864,12828506818594,48.194,-0.0992,1.1572,3.1033,2,0.8774,877,220,-1,220,0,1,385,,,,1,1,63343,192885,1,,,,394,220,0,0,0,0,2,0,0
396,scan,395,0,12828554399581,,12828554529710,12828556096961,48.244,-0.1142,1.1577,3.1033,2,0.8775,877,220,-1,220,0,1,385,,,,1,1,63343,197185,1,,,,395,220,0,0,0,0,2,0,0
397,scan,396,0,12828604449267,,12828604605111,12828606819987,48.294,-0.1216,1.1580,3.1033,2,0.8767,876,220,-1,220,0,1,385,,,,1,1,63343,201583,1,,,,396,220,0,0,0,0,2,0,0
398,scan,397,0,12828654400622,,12828654542431,12828655907168,48.344,-0.1366,1.1586,3.1033,2,0.8642,864,220,-1,220,0,1,385,,,,1,1,63343,201583,1,,,,397,220,0,0,0,0,2,0,0
399,scan,398,0,12828704518320,,12828704672057,12828706813292,48.394,-0.1441,1.1589,3.1033,2,0.8555,855,220,-1,220,0,1,391,12828353947417,12828680422865,326475,0,1,63343,210286,1,,,,398,220,0,0,0,0,2,0,0
400,scan,399,0,12828754807659,,12828754933907,12828756911590,48.444,-0.1590,1.1594,3.1033,2,0.8755,875,220,-1,220,0,1,392,12828403961213,12828737103498,333142,0,1,63343,214836,1,,,,399,220,0,0,0,0,2,0,0
401,scan,400,0,12828804537430,,12828804668306,12828806830489,48.494,-0.1665,1.1597,3.1033,2,0.8521,852,220,-1,220,0,1,392,,,,1,1,63343,219018,1,,,,400,220,0,0,0,0,2,0,0
402,scan,401,0,12828854600444,,12828854734819,12828856912477,48.544,-0.1814,1.1603,3.1033,2,0.8631,863,220,-1,220,0,1,394,12828504501380,12828840579049,336077,0,1,63343,226742,1,,,,401,220,0,0,0,0,2,0,0
403,scan,402,0,12828904570622,,12828904692120,12828906842491,48.594,-0.1889,1.1606,3.1033,2,0.8808,880,220,-1,220,1,1,395,12828554445894,12828902631529,348185,0,1,63343,235522,1,,,,402,220,1,0,0,0,2,0,0
404,scan,403,0,12828954743564,,12828954857087,12828956897003,48.644,-0.2038,1.1612,3.1033,2,0.8637,863,220,-1,220,1,1,395,,,,1,1,63343,239137,1,,,,403,220,1,0,0,0,2,0,0
405,scan,404,0,12829004571025,,12829004705149,12829006799231,48.694,-0.2113,1.1615,3.1033,2,0.8805,880,220,-1,220,0,1,396,12828604504792,12828976570150,372065,0,1,63343,244249,1,,,,404,220,0,0,0,0,2,0,0
406,scan,405,0,12829054798255,,12829054950169,12829057036025,48.744,-0.2188,1.1617,3.1034,2,0.8697,869,220,-2,220,1,1,397,12828654447313,12829019760451,365313,0,1,63343,252082,1,,,,405,220,1,0,0,0,2,0,0
407,scan,406,0,12829105114867,,12829105252662,12829106937090,48.794,-0.2337,1.1623,3.1034,2,0.8704,870,220,-2,220,1,1,398,12828704573185,12829076536202,371963,0,1,63343,259319,1,,,,406,220,1,0,0,0,2,0,0
408,scan,407,0,12829155135549,,12829155285283,12829156941269,48.844,-0.2412,1.1626,3.1034,2,0.8922,892,220,-2,220,0,1,399,12828754850912,12829140671457,385820,0,1,63343,268325,1,,,,407,220,0,0,0,0,2,0,0
409,scan,408,0,12829204743348,,12829204872852,12829206950143,48.894,-0.2562,1.1632,3.1035,2,0.9257,925,220,-2,220,1,1,400,12828804582319,12829194637416,390055,0,1,63343,276619,1,,,,408,220,1,0,0,0,2,0,0
410,scan,409,0,12829254715670,,12829254849530,12829256883321,48.944,-0.2636,1.1635,3.1035,2,1.0269,1026,220,-2,220,0,1,401,12828854639532,12829249790556,395151,0,1,63343,281009,1,,,,409,220,0,0,0,0,2,0,0
411,scan,410,0,12829304706677,,12829304828190,12829306872600,48.994,-0.2786,1.1640,3.1035,2,1.0335,1033,220,-2,220,1,1,402,12828904613688,12829292238326,387624,0,1,63343,288199,1,,,,410,220,1,0,0,0,2,0,0
412,scan,411,0,12829354866755,,12829354993566,12829356992310,49.044,-0.2861,1.1643,3.1035,2,1.0246,1024,220,-2,220,0,1,403,12828954782237,12829351410983,396628,0,1,63343,292072,1,,,,411,220,0,0,0,0,2,0,0
413,scan,412,0,12829405032714,,12829405159394,12829407022855,49.094,-0.3010,1.1649,3.1035,2,1.0130,1012,220,-2,220,0,1,403,,,,1,1,63343,296040,1,,,,412,220,0,0,0,0,2,0,0
414,scan,413,0,12829455102429,,12829455251996,12829457026877,49.144,-0.3085,1.1652,3.1035,2,1.0341,1034,220,-2,220,0,1,403,,,,1,1,63343,296040,1,,,,413,220,0,0,0,0,2,0,0
415,scan,414,0,12829505020203,,12829505145273,12829506874174,49.194,-0.3234,1.1657,3.1036,2,1.0372,1037,220,-2,220,1,1,405,12829054862634,12829460868525,406005,0,1,63343,304155,1,,,,414,220,1,0,0,0,2,0,0
416,scan,415,0,12829554777659,,12829554892577,12829556924473,49.244,-0.3309,1.1660,3.1035,2,1.0282,1028,220,-2,220,1,1,407,12829155182445,12829550451735,395269,0,1,63343,307409,1,,,,415,220,1,0,0,0,2,0,0
417,scan,416,0,12829604919601,,12829605068586,12829606951797,49.294,-0.3459,1.1666,3.1036,2,1.0314,1031,220,-2,220,1,1,407,,,,1,1,63343,311105,1,,,,416,220,1,0,0,0,2,0,0
418,scan,417,0,12829654789916,,12829654915188,12829657083689,49.344,-0.3533,1.1669,3.1036,2,1.0370,1037,220,-2,220,1,1,407,,,,1,1,63343,315112,1,,,,417,220,1,0,0,0,2,0,0
419,scan,418,0,12829704663182,,12829704784939,12829706876672,49.394,-0.3683,1.1674,3.1037,2,1.0402,1040,220,-3,220,-2,1,410,12829304748194,12829696815762,392067,0,1,63343,321887,1,,,,418,220,-2,0,0,0,2,0,0
420,scan,419,0,12829754970748,,12829755129700,12829756977428,49.444,-0.3758,1.1677,3.1038,2,1.0252,1025,220,-3,220,-2,1,410,,,,1,1,63343,325629,1,,,,419,220,-2,0,0,0,2,0,0
421,scan,420,0,12829805416693,,12829805618650,12829807882287,49.494,-0.3907,1.1683,3.1037,2,1.0206,1020,220,-3,220,-2,1,411,12829354909830,12829757742952,402833,0,1,63343,333012,1,,,,420,220,-2,0,0,0,2,0,0
422,scan,421,0,12829855452978,,12829855572313,12829857883308,49.544,-0.3982,1.1686,3.1036,2,1.0078,1007,220,-2,220,-1,1,412,12829405078453,12829829531861,424453,0,1,63343,341062,1,,,,421,220,-1,0,0,0,2,0,0
423,scan,422,0,12829905421783,,12829905546127,12829907539831,49.594,-0.4057,1.1689,3.1034,2,1.0288,1028,220,-2,220,-2,1,413,12829455150495,12829898365447,443214,0,1,63343,349772,1,,,,422,220,-2,0,0,0,2,0,0
424,scan,423,0,12829955267205,,12829955398545,12829956894395,49.644,-0.4206,1.1694,3.1034,2,1.0369,1036,220,-2,220,-2,1,413,,,,1,1,63343,354305,1,,,,423,220,-2,0,0,0,2,0,0
425,scan,424,0,12830005433804,,12830005577813,12830007790458,49.694,-0.4281,1.1697,3.1034,2,1.0074,1007,220,-2,220,-2,1,415,12829554820729,12829958395777,403575,0,1,63343,361096,1,,,,424,220,-2,0,0,0,2,0,0
426,scan,425,0,12830055855457,,12830056061312,12830058065585,49.744,-0.4430,1.1703,3.1033,2,1.0108,1010,220,-2,220,-2,1,415,,,,1,1,63343,361096,1,,,,425,220,-2,0,0,0,2,0,0
427,scan,426,0,12830105777948,,12830105903232,12830107979215,49.794,-0.4505,1.1706,3.1031,2,1.0080,1008,220,-2,220,-1,1,417,12829654834146,12830071098978,416264,0,1,63343,363303,1,,,,426,220,-1,0,0,0,2,0,0
428,scan,427,0,12830155991121,,12830156138198,12830157985445,49.844,-0.4655,1.1711,3.1030,2,1.0331,1033,220,-1,220,-3,1,418,12829704703577,12830113287725,408584,0,1,63343,367871,1,,,,427,220,-3,0,0,0,2,0,0
429,scan,428,0,12830206109955,,12830206232354,12830208033021,49.894,-0.4729,1.1714,3.1030,2,1.0160,1015,220,-1,220,-1,1,419,12829755026707,12830194678595,439651,0,1,63343,375205,1,,,,428,220,-1,0,0,0,2,0,0
430,scan,429,0,12830255671994,,12830255800410,12830257972150,49.944,-0.4879,1.1720,3.1029,2,1.0310,1030,220,-1,220,-2,1,420,12829805481446,12830213077262,407595,0,1,63343,380652,1,,,,429,220,-2,0,0,0,2,0,0
431,scan,430,0,12830305641454,,12830305767436,12830307929087,49.994,-0.4954,1.1723,3.1028,2,1.0236,1023,220,-1,220,-2,1,420,,,,1,1,63343,384720,1,,,,430,220,-2,0,0,0,2,0,0
432,scan,431,0,12830355946895,,12830356107076,12830357981341,50.044,-0.5103,1.1729,3.1027,2,1.0234,1023,220,-1,220,1,1,422,12829905467550,12830312317667,406850,0,1,63343,389786,1,,,,431,220,1,0,0,0,2,0,0
433,scan,432,0,12830406044164,,12830406176426,12830407947644,50.094,-0.5178,1.1732,3.1026,2,1.0384,1038,220,-1,220,1,1,422,,,,1,1,63343,389786,1,,,,432,220,1,0,0,0,2,0,0
434,flag,432,1,,12830443617507,12830443674654,12830445848758,50.094,-0.5178,1.1732,3.1026,2,1.0384,1038,220,-1,220,1,1,422,,,,,,,,,,1,1790087938436487062,432,220,-1,1,0,35,3,0,0
435,scan,433,1,12830456482340,,12830456642068,12830458910995,50.144,-0.5327,1.1738,3.1026,2,1.0321,1032,220,-1,220,1,1,424,12830005478969,12830440233841,434754,0,1,63343,391584,1,,,,433,220,-1,1,0,0,3,0,0
436,scan,434,1,12830506498848,,12830506650385,12830509047552,50.194,-0.5402,1.1740,3.1027,2,1.0217,1021,220,-1,220,-1,1,425,12830055915572,12830458839878,402924,0,1,63343,392021,1,,,,434,220,-1,1,0,0,3,0,0
437,scan,435,1,12830556551713,,12830556675872,12830558876590,50.244,-0.5552,1.1746,3.1027,2,1.0148,1014,220,-1,220,-1,1,425,,,,1,1,63343,392021,1,,,,435,220,-1,1,0,0,3,0,0
438,scan,436,1,12830606342223,,12830606489731,12830607981293,50.294,-0.5626,1.1749,3.1026,2,1.0056,1005,220,-1,220,0,1,427,12830156057349,12830559721346,403663,0,1,63343,392452,1,,,,436,220,-1,1,0,0,3,0,0
439,scan,437,1,12830657143614,,12830657412066,12830659072958,50.344,-0.5776,1.1755,3.1024,2,1.0216,1021,220,0,220,0,1,427,,,,1,1,63343,392452,1,,,,437,220,0,1,0,0,3,0,0
440,scan,438,1,12830706594127,,12830706721585,12830708873808,50.394,-0.5851,1.1758,3.1024,2,0.9992,999,220,0,220,-1,1,430,12830305686182,12830697783277,392097,0,1,63343,394882,1,,,,438,220,0,1,0,0,3,0,0
441,scan,439,1,12830756559170,,12830756682234,12830758877399,50.444,-0.5925,1.1761,3.1025,2,1.0270,1026,220,0,220,-1,1,430,,,,1,1,63343,397257,1,,,,439,220,0,1,0,0,3,0,0
442,scan,440,1,12830806623993,,12830806748879,12830808912990,50.494,-0.6075,1.1767,3.1025,2,1.0059,1005,220,0,220,0,1,432,12830406093137,12830801072650,394979,0,1,63343,397173,1,,,,440,220,0,1,0,0,3,0,0
443,scan,441,1,12830857172744,,12830857377467,12830858892176,50.544,-0.6149,1.1770,3.1025,2,1.0103,1010,220,0,220,1,1,433,12830456531394,12830856611865,400080,0,1,63343,399543,1,,,,441,220,0,1,0,0,3,0,0
444,scan,442,1,12830906564599,,12830906680746,12830908798921,50.594,-0.6299,1.1776,3.1024,2,1.0257,1025,220,0,220,0,1,434,12830506545443,12830906277849,399732,0,1,63343,401452,1,,,,442,220,0,1,0,0,3,0,0
445,scan,443,1,12830956623474,,12830956746422,12830959811010,50.644,-0.6374,1.1778,3.1024,2,1.0144,1014,220,0,220,0,1,434,,,,1,1,63343,401452,1,,,,443,220,0,1,0,0,3,0,0
446,scan,444,1,12831006702234,,12831006816194,12831008870135,50.694,-0.6523,1.1784,3.1025,2,1.0108,1010,220,0,220,0,1,436,12830606386804,12831003050807,396664,0,1,63343,402363,1,,,,444,220,0,1,0,0,3,0,0
447,flag,444,0,,12831043182007,12831043233102,12831044976337,50.694,-0.6523,1.1784,3.1025,2,1.0108,1010,220,0,220,0,1,436,,,,,,,,,,2,1790087939036456105,444,220,0,0,0,34,4,0,0
448,scan,445,0,12831056811323,,12831056923749,12831058897286,50.744,-0.6598,1.1787,3.1025,2,1.0223,1022,220,0,220,3,1,437,12830657232217,12831054352143,397119,0,1,63343,403541,1,,,,445,220,3,0,0,0,4,0,0
449,scan,446,0,12831106958443,,12831107084519,12831108943266,50.794,-0.6747,1.1793,3.1025,2,1.0246,1024,220,0,220,3,1,437,,,,1,1,63343,404756,1,,,,446,220,3,0,0,0,4,0,0
450,scan,447,0,12831157035044,,12831157167059,12831159118459,50.844,-0.6822,1.1796,3.1026,2,1.0088,1008,220,-1,220,2,1,439,12830756603720,12831154288426,397684,0,1,63343,405212,1,,,,447,220,2,0,0,0,4,0,0
451,scan,448,0,12831206771583,,12831206912688,12831208980809,50.894,-0.6972,1.1802,3.1029,2,1.0155,1015,220,-1,220,2,1,439,,,,1,1,63343,405818,1,,,,448,220,2,0,0,0,4,0,0
452,scan,449,0,12831256838264,,12831256983992,12831258914447,50.944,-0.7046,1.1805,3.1030,2,1.0236,1023,220,-2,220,2,1,439,,,,1,1,63343,406263,1,,,,449,220,2,0,0,0,4,0,0
453,scan,450,0,12831306791810,,12831306919280,12831308996972,50.994,-0.7196,1.1811,3.1030,2,1.0196,1019,220,-2,220,2,1,439,,,,1,1,63343,407073,1,,,,450,220,2,0,0,0,4,0,0
454,scan,451,0,12831357151298,,12831357283129,12831358906300,51.044,-0.7271,1.1813,3.1030,2,1.0056,1005,220,-2,220,3,1,442,12830906606621,12831325397794,418791,0,1,63343,408037,1,,,,451,220,3,0,0,0,4,0,0
455,scan,452,0,12831407064024,,12831407190415,12831409015126,51.094,-0.7420,1.1819,3.1032,2,1.0052,1005,220,-2,220,3,1,443,12830956670146,12831360835892,404165,0,1,63343,407876,1,,,,452,220,3,0,0,0,4,0,0
456,scan,453,0,12831457303622,,12831457432748,12831459075164,51.144,-0.7495,1.1822,3.1034,2,1.0202,1020,220,-3,220,1,1,444,12831006742169,12831407939520,401197,0,1,63343,407608,1,,,,453,220,1,0,0,0,4,0,0
457,scan,454,0,12831507819675,,12831508095602,12831509989899,51.194,-0.7644,1.1828,3.1036,2,1.0236,1023,220,-3,220,1,1,446,12831107002070,12831507936669,400934,0,1,63343,407406,1,,,,454,220,1,0,0,0,4,0,0
458,scan,455,0,12831557743993,,12831557954775,12831560054314,51.244,-0.7719,1.1831,3.1036,2,1.0085,1008,220,-3,220,1,1,446,,,,1,1,63343,407911,1,,,,455,220,1,0,0,0,4,0,0
459,scan,456,0,12831607527905,,12831607661543,12831609849242,51.294,-0.7794,1.1833,3.1036,2,0.9992,999,220,-3,220,-1,1,448,12831206816992,12831604284374,397467,0,1,63343,407493,1,,,,456,220,-1,0,0,0,4,0,0
460,scan,457,0,12831657389426,,12831657521753,12831658924063,51.344,-0.7943,1.1839,3.1036,2,1.0014,1001,220,-3,220,-2,1,449,12831256889786,12831655749333,398859,0,1,63343,407161,1,,,,457,220,-2,0,0,0,4,0,0
461,scan,458,0,12831707637968,,12831707773030,12831709941306,51.394,-0.8018,1.1842,3.1036,2,1.0103,1010,220,-3,220,-2,1,449,,,,1,1,63343,407765,1,,,,458,220,-2,0,0,0,4,0,0
462,scan,459,0,12831757294155,,12831757415788,12831758921172,51.444,-0.8168,1.1848,3.1035,2,0.9858,985,220,-3,220,0,1,450,12831306835432,12831715535014,408699,0,1,63343,407801,1,,,,459,220,0,0,0,0,4,0,0
463,scan,460,0,12831807421419,,12831807541069,12831809002309,51.494,-0.8242,1.1850,3.1034,2,1.0119,1011,220,-3,220,-1,1,451,12831357197026,12831774210533,417013,0,1,63343,408346,1,,,,460,220,-1,0,0,0,4,0,0
464,scan,461,0,12831857620671,,12831857755309,12831859866978,51.544,-0.8392,1.1856,3.1033,2,1.0009,1000,220,-3,220,0,1,452,12831407107342,12831808151926,401044,0,1,63343,407446,1,,,,461,220,0,0,0,0,4,0,0
465,scan,462,0,12831907697021,,12831907897798,12831909935023,51.594,-0.8467,1.1859,3.1033,2,0.9970,996,220,-3,220,-1,1,453,12831457348990,12831885134073,427785,0,1,63343,406853,1,,,,462,220,-1,0,0,0,4,0,0
466,scan,463,0,12831957776365,,12831957902077,12831959988167,51.644,-0.8616,1.1865,3.1034,2,0.9951,995,220,-3,220,-1,1,454,12831507879033,12831936464818,428585,0,1,63343,407658,1,,,,463,220,-1,0,0,0,4,0,0
467,scan,464,0,12832008235162,,12832008363139,12832010250507,51.694,-0.8691,1.1868,3.1033,2,1.0038,1003,220,-3,220,-1,1,454,,,,1,1,63343,407815,1,,,,464,220,-1,0,0,0,4,0,0
468,scan,465,0,12832057874029,,12832057991889,12832060326497,51.744,-0.8840,1.1873,3.1032,2,1.0067,1006,220,-3,220,-4,1,456,12831607570810,12832013507440,405936,0,1,63343,407745,1,,,,465,220,-4,0,0,0,4,0,0
469,scan,466,0,12832107890253,,12832108039932,12832110033400,51.794,-0.8915,1.1876,3.1031,2,0.9931,993,220,-3,220,-2,1,457,12831657432079,12832068798358,411366,0,1,63343,407564,1,,,,466,220,-2,0,0,0,4,0,0
470,scan,467,0,12832157643385,,12832157770016,12832159864628,51.844,-0.9065,1.1882,3.1030,2,1.0104,1010,220,-3,220,-2,1,457,,,,1,1,63343,407524,1,,,,467,220,-2,0,0,0,4,0,0
471,scan,468,0,12832207730011,,12832207850721,12832209964590,51.894,-0.9139,1.1885,3.1029,2,0.9992,999,220,-3,220,-1,1,459,12831757336713,12832181578277,424241,0,1,63343,406932,1,,,,468,220,-1,0,0,0,4,0,0
472,scan,469,0,12832257854551,,12832257973525,12832259979269,51.944,-0.9289,1.1891,3.1027,2,1.0022,1002,220,-3,220,-1,1,460,12831807464514,12832240858729,433394,0,1,63343,407924,1,,,,469,220,-1,0,0,0,4,0,0
473,scan,470,0,12832307943294,,12832308133731,12832309967923,51.994,-0.9363,1.1894,3.1027,2,0.9890,989,220,-3,220,1,1,461,12831857668602,12832270983470,413314,0,1,63343,408124,1,,,,470,220,1,0,0,0,4,0,0
474,scan,471,0,12832357773635,,12832357885644,12832359991440,52.044,-0.9513,1.1899,3.1028,2,1.0033,1003,220,-3,220,0,1,462,12831907758963,12832322090927,414331,0,1,63343,408401,1,,,,471,220,0,0,0,0,4,0,0
475,scan,472,0,12832407764899,,12832407900624,12832409993883,52.094,-0.9588,1.1902,3.1028,2,1.0021,1002,220,-3,220,-4,1,463,12831957821272,12832358040713,400219,0,1,63343,408108,1,,,,472,220,-4,0,0,0,4,0,0
476,scan,473,0,12832458125333,,12832458260536,12832460252687,52.144,-0.9662,1.1905,3.1028,2,0.9915,991,220,-3,220,-4,1,463,,,,1,1,63343,407122,1,,,,473,220,-4,0,0,0,4,0,0
477,scan,474,0,12832508230903,,12832508355857,12832509875835,52.194,-0.9812,1.1911,3.1027,2,0.9832,983,220,-3,220,-3,1,465,12832057914540,12832472544829,414630,0,1,63343,407555,1,,,,474,220,-3,0,0,0,4,0,0
478,scan,475,0,12832558009938,,12832558122662,12832559977395,52.244,-0.9887,1.1914,3.1024,2,0.9732,973,220,-3,220,-2,1,467,12832157684634,12832555263817,397579,0,1,63343,407199,1,,,,475,220,-2,0,0,0,4,0,0
479,scan,476,0,12832608346526,,12832608500648,12832609975270,52.294,-1.0036,1.1920,3.1021,2,0.9653,965,220,-3,220,-2,1,467,,,,1,1,63343,407330,1,,,,476,220,-2,0,0,0,4,0,0
480,scan,477,0,12832658154347,,12832658297532,12832659995331,52.344,-1.0111,1.1923,3.1021,2,0.9287,928,220,-3,220,-2,1,469,12832257896501,12832653398674,395502,0,1,63343,406907,1,,,,477,220,-2,0,0,0,4,0,0
481,scan,478,0,12832708160555,,12832708271731,12832709909177,52.394,-1.0260,1.1929,3.1021,2,0.9335,933,220,-3,220,-4,1,470,12832307990079,12832707199544,399209,0,1,63343,407161,1,,,,478,220,-4,0,0,0,4,0,0
482,scan,479,0,12832758583769,,12832758702620,12832761025742,52.444,-1.0335,1.1932,3.1020,2,0.9251,925,220,-3,220,-4,1,470,,,,1,1,63343,407161,1,,,,479,220,-4,0,0,0,4,0,0
483,scan,480,0,12832808910567,,12832809032708,12832810989926,52.494,-1.0485,1.1938,3.1017,2,0.9072,907,220,-3,220,-4,1,470,,,,1,1,63343,407613,1,,,,480,220,-4,0,0,0,4,0,0
484,scan,481,0,12832858979727,,12832859130428,12832860951255,52.544,-1.0559,1.1941,3.1015,3,0.9009,900,0,1000,220,2,1,473,12832458174747,12832854926960,396752,0,1,63343,407489,1,,,,481,220,2,0,0,0,4,0,0
485,scan,482,0,12832908770154,,12832908885670,12832911941701,52.594,-1.0709,1.1947,3.1013,3,0.8961,896,0,1000,220,-3,1,474,12832508274039,12832907034255,398760,0,1,63343,407453,1,,,,482,220,-3,0,0,0,4,0,0
486,scan,483,0,12832958865356,,12832959005901,12832961061853,52.644,-1.0784,1.1950,3.1014,3,0.8760,875,0,1000,220,-3,1,474,,,,1,1,63343,407453,1,,,,483,220,-3,0,0,0,4,0,0
487,scan,484,0,12833008862364,,12833008992179,12833010874190,52.694,-1.0933,1.1956,3.1016,3,0.8660,865,0,1000,220,-3,1,474,,,,1,1,63343,407868,1,,,,484,220,-3,0,0,0,4,0,0
488,scan,485,0,12833058801775,,12833058921038,12833061081406,52.744,-1.1008,1.1959,3.1014,3,0.8635,863,0,1000,220,-1,1,476,12832608394819,12833019900482,411505,0,1,63343,408422,1,,,,485,220,-1,0,0,0,4,0,0
489,scan,486,0,12833108751215,,12833108875387,12833110982860,52.794,-1.1157,1.1965,3.1009,3,0.8498,849,0,1000,220,-1,1,476,,,,1,1,63343,408422,1,,,,486,220,-1,0,0,0,4,0,0
490,scan,487,0,12833159092205,,12833159207298,12833161110936,52.844,-1.1232,1.1968,3.1009,3,0.8414,841,0,1000,220,-3,1,479,12832758626005,12833153004151,394378,0,1,63343,408294,1,,,,487,220,-3,0,0,0,4,0,0
491,scan,488,0,12833208873854,,12833208985987,12833210984842,52.894,-1.1382,1.1974,3.1011,3,0.8217,821,0,1000,220,2,1,480,12832808953356,12833206689017,397735,0,1,63343,407903,1,,,,488,220,2,0,0,0,4,0,0
492,scan,489,0,12833258705700,,12833258840697,12833260877814,52.944,-1.1456,1.1977,3.1010,3,0.8191,819,0,1000,220,2,1,480,,,,1,1,63343,407903,1,,,,489,220,2,0,0,0,4,0,0
493,scan,490,0,12833308837602,,12833308958049,12833310936679,52.994,-1.1531,1.1980,3.1008,3,0.8052,805,0,1000,0,999,1,482,12832908812186,12833300547924,391735,0,1,63343,407326,1,,,,490,0,999,0,0,0,4,0,0
494,scan,491,0,12833359195539,,12833359317637,12833360903572,53.044,-1.1680,1.1986,3.1009,3,0.7960,796,0,1000,0,999,1,483,12832958917365,12833358752227,399834,0,1,63343,406649,1,,,,491,0,999,0,0,0,4,0,0
495,scan,492,0,12833409342664,,12833409482684,12833410963504,53.094,-1.1744,1.1988,3.1029,3,0.7814,781,0,1000,0,999,1,483,,,,1,1,63343,406741,1,,,,492,0,999,0,0,0,4,0,0
496,scan,493,0,12833459510527,,12833459788207,12833461923282,53.144,-1.1835,1.1991,3.1256,3,0.7801,780,0,1000,0,999,1,483,,,,1,1,63343,406954,1,,,,493,0,999,0,0,0,4,0,0
497,scan,494,0,12833509200453,,12833509350124,12833511007085,53.194,-1.1864,1.1992,3.1403,3,0.7699,769,0,1000,0,999,1,485,12833058843203,12833463535472,404692,0,1,63343,407099,1,,,,494,0,999,0,0,0,4,0,0
498,scan,495,0,12833559208204,,12833559380114,12833560942757,53.244,-1.1894,1.1991,-3.1218,3,0.7739,773,0,1000,0,999,1,486,12833108793802,12833509434911,400641,0,1,63343,406859,1,,,,495,0,999,0,0,0,4,0,0
499,scan,496,0,12833609422414,,12833609577017,12833612356300,53.294,-1.1900,1.1991,-3.1060,3,0.7667,766,0,1000,0,999,1,488,12833208911162,12833608126350,399215,0,1,63343,406924,1,,,,496,0,999,0,0,0,4,0,0
500,scan,497,0,12833659426231,,12833659549382,12833660967887,53.344,-1.1901,1.1991,-3.0341,3,0.7840,784,0,1000,0,999,1,488,,,,1,1,63343,407234,1,,,,497,0,999,0,0,0,4,0,0
501,scan,498,0,12833709739465,,12833709875440,12833712192941,53.394,-1.1900,1.1991,-2.9869,3,0.7798,779,0,1000,0,999,1,490,12833308882192,12833705270932,396388,0,1,63343,406833,1,,,,498,0,999,0,0,0,4,0,0
502,scan,499,0,12833759194356,,12833759306817,12833760908986,53.444,-1.1899,1.1992,-2.9160,3,0.7710,771,0,1000,0,999,1,491,12833359252390,12833757317388,398064,0,1,63343,406439,1,,,,499,0,999,0,0,0,4,0,0
503,scan,500,0,12833809308909,,12833809446332,12833811042004,53.494,-1.1898,1.1992,-2.8909,3,0.7665,766,0,1000,0,999,1,491,,,,1,1,63343,406032,1,,,,500,0,999,0,0,0,4,0,0
504,scan,501,0,12833859341075,,12833859460306,12833860918624,53.544,-1.1897,1.1992,-2.8284,3,0.7748,774,0,1000,0,999,1,493,12833459607607,12833855546970,395939,0,1,63343,405836,1,,,,501,0,999,0,0,0,4,0,0
505,scan,502,0,12833909393062,,12833909512290,12833911969842,53.594,-1.1897,1.1992,-2.7891,3,0.7797,779,0,1000,0,999,1,493,,,,1,1,63343,404958,1,,,,502,0,999,0,0,0,4,0,0
506,scan,503,0,12833959338008,,12833959458113,12833960907077,53.644,-1.1896,1.1993,-2.7157,3,0.7730,773,0,1000,0,999,1,494,12833509248818,12833910118149,400869,0,1,63343,403849,1,,,,503,0,999,0,0,0,4,0,0
507,scan,504,0,12834009698408,,12834009848567,12834011958901,53.694,-1.1895,1.1993,-2.6848,3,0.7619,761,0,1000,0,999,1,495,12833559267658,12833960352049,401084,0,1,63343,403743,1,,,,504,0,999,0,0,0,4,0,0
508,scan,505,0,12834059752773,,12834059920409,12834061990460,53.744,-1.1894,1.1994,-2.6217,3,0.7765,776,0,1000,0,999,1,496,12833609471909,12834012316107,402844,0,1,63343,403624,1,,,,505,0,999,0,0,0,4,0,0
509,scan,506,0,12834109863757,,12834109984670,12834112049815,53.794,-1.1894,1.1994,-2.5863,3,0.7636,763,0,1000,0,999,1,497,12833659468092,12834075012133,415544,0,1,63343,403785,1,,,,506,0,999,0,0,0,4,0,0
510,scan,507,0,12834160203541,,12834160426269,12834162829560,53.844,-1.1893,1.1995,-2.5499,3,0.7723,772,0,1000,0,999,1,498,12833709796752,12834121326532,411529,0,1,63343,404071,1,,,,507,0,999,0,0,0,4,0,0
511,scan,508,0,12834209760507,,12834209881038,12834211939809,53.894,-1.1893,1.1995,-2.4814,3,0.7553,755,0,1000,0,999,1,499,12833759235357,12834170074442,410839,0,1,63343,403575,1,,,,508,0,999,0,0,0,4,0,0
512,scan,509,0,12834259870224,,12834259995013,12834262026225,53.944,-1.1892,1.1996,-2.4491,3,0.7613,761,0,1000,0,999,1,500,12833809355935,12834210352398,400996,0,1,63343,402375,1,,,,509,0,999,0,0,0,4,0,0
513,scan,510,0,12834310010883,,12834310162190,12834311919850,53.994,-1.1891,1.1997,-2.3823,3,0.7703,770,0,1000,0,999,1,500,,,,1,1,63343,401954,1,,,,510,0,999,0,0,0,4,0,0
514,scan,511,0,12834360217667,,12834360345203,12834362153383,54.044,-1.1891,1.1997,-2.3474,3,0.7759,775,0,1000,0,999,1,502,12833909434198,12834328987579,419553,0,1,63343,402155,1,,,,511,0,999,0,0,0,4,0,0
515,scan,512,0,12834409963223,,12834410085767,12834412098952,54.094,-1.1890,1.1998,-2.2784,3,0.7715,771,0,1000,0,999,1,503,12833959381366,12834383786280,424404,0,1,63343,403085,1,,,,512,0,999,0,0,0,4,0,0
516,scan,513,0,12834460403172,,12834460549449,12834461951995,54.144,-1.1890,1.1998,-2.2450,3,0.7817,781,0,1000,0,999,1,505,12834059802170,12834457167220,397365,0,1,63343,402874,1,,,,513,0,999,0,0,0,4,0,0
517,scan,514,0,12834510291760,,12834510412720,12834511965663,54.194,-1.1889,1.1999,-2.1780,3,0.7916,791,0,1000,0,999,1,505,,,,1,1,63343,402421,1,,,,514,0,999,0,0,0,4,0,0
518,scan,515,0,12834560388535,,12834560590806,12834562795849,54.244,-1.1889,1.2000,-2.1438,3,0.7831,783,0,1000,0,999,1,506,12834109905668,12834541689496,431783,0,1,63343,403737,1,,,,515,0,999,0,0,0,4,0,0
519,scan,516,0,12834610234693,,12834610358688,12834611953435,54.294,-1.1888,1.2001,-2.0752,3,0.7929,792,0,1000,0,999,1,507,12834160275217,12834579343365,419068,0,1,63343,404305,1,,,,516,0,999,0,0,0,4,0,0
520,scan,517,0,12834660588366,,12834660763462,12834663003095,54.344,-1.1888,1.2002,-2.0414,3,0.7841,784,0,932,0,999,1,509,12834259914939,12834658434926,398519,0,1,63343,404416,1,,,,517,0,999,0,0,0,4,0,0
521,scan,518,0,12834710671784,,12834710876748,12834712920242,54.394,-1.1888,1.2003,-1.9741,3,0.7618,761,220,797,0,999,1,509,,,,1,1,63343,404617,1,,,,518,0,999,0,0,0,4,0,0
522,scan,519,0,12834760750267,,12834760861815,12834763004835,54.444,-1.1888,1.2003,-1.9402,3,0.7657,765,220,729,0,999,1,510,12834310064462,12834715945672,405881,0,1,63343,404664,1,,,,519,0,999,0,0,0,4,0,0
523,scan,520,0,12834810401859,,12834810589311,12834812847366,54.494,-1.1887,1.2004,-1.8720,3,0.7484,748,220,593,0,999,1,511,12834360267616,12834789982126,429714,0,1,63343,405558,1,,,,520,0,999,0,0,0,4,0,0
524,scan,521,0,12834860547194,,12834860670723,12834862860411,54.544,-1.1887,1.2005,-1.8380,3,0.7625,762,220,525,0,999,1,513,12834460466997,12834859247910,398780,0,1,63343,405631,1,,,,521,0,999,0,0,0,4,0,0
525,scan,522,0,12834910871227,,12834910982657,12834912967326,54.594,-1.1887,1.2006,-1.7704,3,0.7646,764,220,390,0,999,1,514,12834510332271,12834908891482,398559,0,1,63343,405623,1,,,,522,0,999,0,0,0,4,0,0
526,scan,523,0,12834960796128,,12834960918005,12834963811383,54.644,-1.1887,1.2007,-1.7365,3,0.7609,760,220,322,0,999,1,515,12834560456937,12834959178156,398721,0,1,63343,405385,1,,,,523,0,999,0,0,0,4,0,0
527,scan,524,0,12835010921563,,12835011071698,12835012957409,54.694,-1.1887,1.2007,-1.7025,3,0.7724,772,220,254,0,999,1,515,,,,1,1,63343,405385,1,,,,524,0,999,0,0,0,4,0,0
528,scan,525,0,12835060871795,,12835060987146,12835062932294,54.744,-1.1887,1.2008,-1.6345,3,0.7622,762,220,118,0,993,1,516,12834610274707,12835053338053,443063,0,1,63343,406474,1,,,,525,0,993,0,0,0,4,0,0
529,scan,526,0,12835110953911,,12835111072286,12835113150356,54.794,-1.1887,1.2009,-1.6006,3,0.7601,760,220,50,0,993,1,516,,,,1,1,63343,406474,1,,,,526,0,993,0,0,0,4,0,0
530,scan,527,0,12835160994090,,12835161115655,12835163003212,54.844,-1.1887,1.2010,-1.5331,3,0.7679,767,220,-85,98,795,1,518,12834710739486,12835126051055,415311,0,1,63343,407195,1,,,,527,98,795,0,0,0,4,0,0
531,scan,528,0,12835210973203,,12835211134806,12835212985858,54.894,-1.1887,1.2011,-1.4995,3,0.7650,765,220,-152,220,723,1,519,12834760791639,12835199793518,439001,0,1,63343,408618,1,,,,528,220,723,0,0,0,4,0,0
532,scan,529,0,12835260937778,,12835261054275,12835263010344,54.944,-1.1884,1.1978,-1.4301,3,0.7549,754,220,-291,220,723,1,519,,,,1,1,63343,408618,1,,,,529,220,723,0,0,0,4,0,0
533,scan,530,0,12835310777375,,12835310900959,12835313003589,54.994,-1.1878,1.1944,-1.3934,3,0.7566,756,220,-365,220,723,1,519,,,,1,1,63343,409221,1,,,,530,220,723,0,0,0,4,0,0
534,scan,531,0,12835360632447,,12835360754934,12835362914701,55.044,-1.1856,1.1844,-1.3204,3,0.7453,745,220,-513,220,723,1,519,,,,1,1,63343,409569,1,,,,531,220,723,0,0,0,4,0,0
535,scan,532,0,12835410576430,,12835410698230,12835412843479,55.094,-1.1839,1.1779,-1.2857,3,0.7418,741,220,-584,220,245,1,524,12835010985617,12835405701570,394715,0,1,63343,409039,1,,,,532,220,245,0,0,0,4,0,0
536,scan,533,0,12835460881327,,12835461004097,12835462998252,55.144,-1.1794,1.1640,-1.2319,3,0.7334,733,220,-695,220,245,1,524,,,,1,1,63343,409039,1,,,,533,220,245,0,0,0,4,0,0
537,scan,534,0,12835510974991,,12835511113251,12835512976629,55.194,-1.1768,1.1570,-1.2247,3,0.7146,714,220,-712,220,50,1,526,12835110994823,12835506125708,395130,0,1,63343,408697,1,,,,534,220,50,0,0,0,4,0,0
538,scan,535,0,12835560863188,,12835560982233,12835562914393,55.244,-1.1718,1.1429,-1.2344,3,0.7095,709,220,-697,220,50,1,526,,,,1,1,63343,408995,1,,,,535,220,50,0,0,0,4,0,0
539,scan,536,0,12835611270693,,12835611419850,12835613794881,55.294,-1.1694,1.1359,-1.2355,3,0.6925,692,220,-697,220,-80,1,527,12835161036070,12835562824166,401788,0,1,63343,409091,1,,,,536,220,-80,0,0,0,4,0,0
540,scan,537,0,12835661324118,,12835661468466,12835664054825,55.344,-1.1644,1.1218,-1.2258,3,0.6929,692,220,-721,220,-274,1,529,12835260977306,12835659584450,398607,0,1,63343,408716,1,,,,537,220,-274,0,0,0,4,0,0
541,scan,538,0,12835711395607,,12835711527054,12835714037776,55.394,-1.1619,1.1147,-1.2253,3,0.6844,684,220,-724,220,-274,1,529,,,,1,1,63343,409173,1,,,,538,220,-274,0,0,0,4,0,0
542,scan,539,0,12835761423268,,12835761545222,12835763874882,55.444,-1.1569,1.1006,-1.2451,3,0.6540,653,220,-689,220,-274,1,529,,,,1,1,63343,409600,1,,,,539,220,-274,0,0,0,4,0,0
543,scan,540,0,12835811461811,,12835811586271,12835813835383,55.494,-1.1545,1.0934,-1.2599,3,0.6510,650,220,-661,220,-274,1,529,,,,1,1,63343,409600,1,,,,540,220,-274,0,0,0,4,0,0
544,scan,541,0,12835861616088,,12835861735565,12835863938310,55.544,-1.1523,1.0863,-1.2719,3,0.6473,647,220,-640,214,-693,1,533,12835460923520,12835852962725,392039,0,1,63343,409450,1,,,,541,214,-693,0,0,0,4,0,0
545,scan,542,0,12835911657215,,12835911776069,12835913909516,55.594,-1.1480,1.0719,-1.2852,3,0.6278,627,220,-617,214,-693,1,533,,,,1,1,63343,409450,1,,,,542,214,-693,0,0,0,4,0,0
546,scan,543,0,12835961815314,,12835962016321,12835963969629,55.644,-1.1459,1.0648,-1.2943,3,0.6120,611,220,-601,214,-693,1,533,,,,1,1,63343,409793,1,,,,543,214,-693,0,0,0,4,0,0
547,scan,544,0,12836011450081,,12836011590611,12836013853596,55.694,-1.1422,1.0506,-1.3475,3,0.6054,605,220,-498,214,-693,1,533,,,,1,1,63343,410156,1,,,,544,214,-693,0,0,0,4,0,0
548,scan,545,0,12836061880251,,12836062006144,12836063999064,55.744,-1.1407,1.0435,-1.3821,3,0.6050,604,220,-430,214,-694,1,536,12835611316025,12836012409690,401093,0,1,63343,410083,1,,,,545,214,-694,0,0,0,4,0,0
549,scan,546,0,12836111864729,,12836111986667,12836113908590,55.794,-1.1384,1.0290,-1.4293,3,0.5902,590,220,-338,208,-728,1,537,12835661375768,12836081440830,420065,0,1,63343,410272,1,,,,546,208,-728,0,0,0,4,0,0
550,flag,546,1,,12836142838699,12836142887449,12836144974701,55.794,-1.1384,1.0290,-1.4293,3,0.5902,590,220,-338,208,-728,1,537,,,,,,,,,,3,1790087944136474437,546,220,-338,1,0,35,5,0,0
551,scan,547,1,12836161831781,,12836162056108,12836164196598,55.844,-1.1374,1.0218,-1.4453,3,0.5849,584,220,-307,206,-734,1,538,12835711441071,12836128658519,417217,0,1,63343,410509,1,,,,547,220,-307,1,0,0,5,0,0
552,scan,548,1,12836211908813,,12836212174426,12836213912483,55.894,-1.1358,1.0072,-1.4886,3,0.5723,572,220,-222,206,-734,1,538,,,,1,1,63343,410494,1,,,,548,220,-222,1,0,0,5,0,0
553,scan,549,1,12836261865097,,12836261990895,12836263967634,55.944,-1.1353,0.9997,-1.5082,3,0.5618,561,220,-184,216,-650,1,540,12835811504458,12836234479725,422975,0,1,63343,411450,1,,,,549,220,-184,1,0,0,5,0,0
554,scan,550,1,12836311887473,,12836312054155,12836313997137,55.994,-1.1345,0.9848,-1.5164,3,0.5518,551,220,-169,217,-624,1,541,12835861658504,12836303655648,441997,0,1,63343,412723,1,,,,550,220,-169,1,0,0,5,0,0
555,scan,551,1,12836362166769,,12836362336274,12836364056438,56.044,-1.1341,0.9773,-1.5140,3,0.5471,547,220,-174,218,-577,1,543,12835961884238,12836358002154,396117,0,1,63343,411746,1,,,,551,220,-174,1,0,0,5,0,0
556,scan,552,1,12836412078008,,12836412192916,12836414064982,56.094,-1.1333,0.9624,-1.5256,3,0.5263,526,220,-152,218,-577,1,543,,,,1,1,63343,411196,1,,,,552,220,-152,1,0,0,5,0,0
557,scan,553,1,12836462073059,,12836462226083,12836463986145,56.144,-1.1330,0.9549,-1.5371,3,0.5157,515,220,-130,219,-460,1,544,12836011492380,12836426227626,414735,0,1,63343,411951,1,,,,553,220,-130,1,0,0,5,0,0
558,scan,554,1,12836512416025,,12836512549108,12836514787550,56.194,-1.1326,0.9399,-1.5501,3,0.5102,510,220,-104,219,-460,1,544,,,,1,1,63343,411951,1,,,,554,220,-104,1,0,0,5,0,0
559,scan,555,1,12836562090915,,12836562226037,12836563890136,56.244,-1.1324,0.9324,-1.5507,3,0.4950,495,220,-103,220,-316,1,546,12836111906796,12836513433015,401526,0,1,63343,410636,1,,,,555,220,-103,1,0,0,5,0,0
560,scan,556,1,12836613049708,,12836613226250,12836615086473,56.294,-1.1321,0.9175,-1.5544,3,0.4928,492,220,-97,220,-289,1,547,12836161918844,12836563459808,401540,0,1,63343,409874,1,,,,556,220,-97,1,0,0,5,0,0
561,scan,557,1,12836662167794,,12836662294469,12836664070511,56.344,-1.1320,0.9100,-1.5596,3,0.4720,472,220,-87,220,-289,1,547,,,,1,1,63343,410390,1,,,,557,220,-87,1,0,0,5,0,0
562,scan,558,1,12836712450267,,12836712567314,12836714831994,56.394,-1.1320,0.9025,-1.5651,3,0.4644,464,220,-76,220,-161,1,550,12836311929164,12836707036876,395107,0,1,63343,409725,1,,,,558,220,-76,1,0,0,5,0,0
563,scan,559,1,12836762753192,,12836762872852,12836764904380,56.444,-1.1319,0.8875,-1.5712,3,0.4630,462,220,-64,220,-161,1,550,,,,1,1,63343,409900,1,,,,559,220,-64,1,0,0,5,0,0
564,scan,560,1,12836812785101,,12836812901063,12836815950152,56.494,-1.1319,0.8800,-1.5724,3,0.4365,436,220,-62,220,-161,1,550,,,,1,1,63343,408956,1,,,,560,220,-62,1,0,0,5,0,0
565,scan,561,1,12836863273501,,12836863425097,12836865913405,56.544,-1.1320,0.8651,-1.5762,3,0.4449,444,220,-55,220,-123,1,553,12836462121110,12836857898588,395777,0,1,63343,408813,1,,,,561,220,-55,1,0,0,5,0,0
566,scan,562,1,12836913817447,,12836913954567,12836916075405,56.594,-1.1320,0.8576,-1.5790,3,0.4380,437,220,-50,220,-123,1,553,,,,1,1,63343,409326,1,,,,562,220,-50,1,0,0,5,0,0
567,scan,563,1,12836963255925,,12836963374644,12836964918013,56.644,-1.1322,0.8426,-1.5835,3,0.4227,422,220,-41,220,-123,1,553,,,,1,1,63343,409884,1,,,,563,220,-41,1,0,0,5,0,0
568,scan,564,1,12837013212631,,12837013331468,12837014935370,56.694,-1.1323,0.8351,-1.5847,3,0.4212,421,220,-39,220,-98,1,555,12836562135057,12836969430568,407295,0,1,63343,409755,1,,,,564,220,-39,1,0,0,5,0,0
569,scan,565,1,12837063312027,,12837063439701,12837065851468,56.744,-1.1325,0.8201,-1.5868,3,0.4072,407,220,-35,220,-82,1,557,12836662212125,12837060857470,398645,0,1,63343,407534,1,,,,565,220,-35,1,0,0,5,0,0
570,scan,566,1,12837113433727,,12837113566429,12837115022501,56.794,-1.1326,0.8127,-1.5882,3,0.4075,407,220,-32,220,-82,1,557,,,,1,1,63343,407534,1,,,,566,220,-32,1,0,0,5,0,0
571,scan,567,1,12837163207056,,12837163337657,12837164980978,56.844,-1.1329,0.7977,-1.5911,3,0.3920,391,220,-27,220,-72,1,558,12836712493294,12837120259087,407765,0,1,63343,407157,1,,,,567,210,-27,1,1,0,5,0,0
572,scan,568,1,12837212873839,,12837213005893,12837215042740,56.894,-1.1331,0.7902,-1.5921,3,0.3729,372,220,-25,220,-61,1,559,12836762801246,12837167188382,404387,0,1,63343,405426,1,,,,568,189,-25,1,1,0,5,0,0
573,flag,568,0,,12837242641666,12837242689247,12837244833091,56.894,-1.1331,0.7902,-1.5921,3,0.3729,372,220,-25,220,-61,1,559,,,,,,,,,,4,1790087945236445048,568,220,-61,0,1,37,6,0,0
574,scan,569,0,12837262708109,,12837262826869,12837264953823,56.944,-1.1334,0.7763,-1.6057,3,0.3710,370,220,2,220,-61,1,559,,,,1,1,63343,405426,1,,,,569,220,-61,0,1,0,6,0,0
575,scan,570,0,12837312881806,,12837313020085,12837314940460,56.994,-1.1337,0.7689,-1.6174,3,0.3601,360,220,26,220,-61,1,559,,,,1,1,63343,405426,1,,,,570,220,-61,0,1,0,6,0,0
576,scan,571,0,12837362688620,,12837362811649,12837364959934,57.044,-1.1345,0.7539,-1.6217,3,0.3641,364,220,35,220,-61,1,559,,,,1,1,63343,405426,1,,,,571,220,-61,0,1,0,6,0,0
577,scan,572,0,12837412710717,,12837412838528,12837414999668,57.094,-1.1349,0.7465,-1.6172,3,0.3573,357,220,26,220,-61,1,559,,,,1,1,63343,405990,1,,,,572,220,-61,0,1,0,6,0,0
578,scan,573,0,12837463360989,,12837463507445,12837465975960,57.144,-1.1355,0.7315,-1.6189,3,0.3279,327,220,29,220,-47,1,562,12836913866450,12837432442228,518575,0,1,63343,411619,1,,,,573,220,-47,0,1,0,6,0,0
579,scan,574,0,12837513056858,,12837513175623,12837515097810,57.194,-1.1359,0.7240,-1.6251,3,0.3487,348,220,42,220,-47,1,562,,,,1,1,63343,412487,1,,,,574,220,-47,0,1,0,6,0,0
580,scan,575,0,12837563632484,,12837563773827,12837565923036,57.244,-1.1364,0.7166,-1.6303,3,0.3372,337,220,53,220,-47,1,562,,,,1,1,63343,412487,1,,,,575,220,-47,0,1,0,6,0,0
581,scan,576,0,12837613467937,,12837613591265,12837615863598,57.294,-1.1373,0.7016,-1.6308,3,0.3253,325,220,54,220,-25,1,567,12837163253461,12837566463724,403210,0,1,63343,412562,1,,,,576,220,-25,0,1,0,6,0,0
582,scan,577,0,12837663420159,,12837663546790,12837665809074,57.344,-1.1377,0.6942,-1.6297,3,0.3126,312,220,52,220,-25,1,567,,,,1,1,63343,413337,1,,,,577,220,-25,0,1,0,6,0,0
583,scan,578,0,12837713366364,,12837713487666,12837715906035,57.394,-1.1386,0.6792,-1.6328,3,0.3044,304,220,59,220,3,1,569,12837262752260,12837675137757,412385,0,1,63343,413287,1,,,,578,220,3,0,1,0,6,0,0
584,scan,579,0,12837763687383,,12837763800507,12837765909362,57.444,-1.1391,0.6717,-1.6352,3,0.3164,316,220,64,220,25,1,570,12837312931824,12837715372055,402440,0,1,63343,412744,1,,,,579,220,25,0,1,0,6,0,0
585,scan,580,0,12837813563026,,12837813685603,12837815839886,57.494,-1.1400,0.6568,-1.6354,3,0.3128,312,220,65,220,35,1,571,12837362730442,12837781528999,418798,0,1,63343,413033,1,,,,580,220,35,0,1,0,6,0,0
586,scan,581,0,12837863761950,,12837863898505,12837865971119,57.544,-1.1405,0.6493,-1.6330,3,0.3010,300,220,60,220,25,1,572,12837412754756,12837814392302,401637,0,1,63343,413490,1,,,,581,220,25,0,1,0,6,0,0
587,scan,582,0,12837914013899,,12837914139178,12837915915625,57.594,-1.1414,0.6344,-1.6292,3,0.2967,296,220,53,220,29,1,573,12837463398877,12837881520342,418121,0,1,63343,413700,1,,,,582,220,29,0,1,0,6,0,0
588,scan,583,0,12837963851754,,12837963971827,12837965975784,57.644,-1.1419,0.6269,-1.6290,3,0.3022,302,220,53,220,29,1,573,,,,1,1,63343,413700,1,,,,583,220,29,0,1,0,6,0,0
589,scan,584,0,12838014049043,,12838014179420,12838015919144,57.694,-1.1427,0.6120,-1.6288,3,0.3061,306,220,53,220,41,1,574,12837513096407,12837971981213,458884,0,1,63343,415665,1,,,,584,220,41,0,1,0,6,0,0
590,scan,585,0,12838064661807,,12838064940088,12838066961009,57.744,-1.1432,0.6046,-1.6275,3,0.3098,309,220,50,220,41,1,574,,,,1,1,63343,416327,1,,,,585,220,41,0,1,0,6,0,0
591,scan,586,0,12838114022684,,12838114214826,12838116087158,57.794,-1.1440,0.5896,-1.6238,3,0.3135,313,220,43,220,41,1,574,,,,1,1,63343,416149,1,,,,586,220,41,0,1,0,6,0,0
592,scan,587,0,12838163838154,,12838163969866,12838165976917,57.844,-1.1444,0.5822,-1.6222,3,0.2949,294,220,40,220,41,1,574,,,,1,1,63343,416096,1,,,,587,220,41,0,1,0,6,0,0
593,scan,588,0,12838213662001,,12838213790773,12838215901515,57.894,-1.1451,0.5672,-1.6200,3,0.3064,306,220,36,220,41,1,574,,,,1,1,63343,416096,1,,,,588,220,41,0,1,0,6,0,0
594,scan,589,0,12838263588441,,12838263713567,12838265855025,57.944,-1.1455,0.5598,-1.6188,3,0.3188,318,220,34,220,58,1,581,12837863810600,12838261831912,398021,0,1,63343,414848,1,,,,589,220,58,0,1,0,6,0,0
595,scan,590,0,12838313715368,,12838313830327,12838315907392,57.994,-1.1462,0.5448,-1.6156,3,0.3233,323,220,28,220,50,1,582,12837914057636,12838306336695,392279,0,1,63343,412362,1,,,,590,220,50,0,1,0,6,0,0
596,scan,591,0,12838363578630,,12838363701092,12838365808082,58.044,-1.1465,0.5373,-1.6135,3,0.3242,324,220,24,220,50,1,582,,,,1,1,63343,413217,1,,,,591,220,50,0,1,0,6,0,0
597,scan,592,0,12838414038421,,12838414196110,12838416271518,58.094,-1.1468,0.5299,-1.6113,3,1.0624,1062,220,20,220,51,1,583,12837963894543,12838369046035,405151,0,1,63343,412814,1,,,,592,220,51,0,0,0,6,0,0
598,scan,593,0,12838463764101,,12838463880728,12838466061939,58.144,-1.1474,0.5149,-1.6078,3,1.0547,1054,220,13,220,47,1,585,12838064755803,12838462678006,397922,0,1,63343,411973,1,,,,593,220,47,0,0,0,6,0,0
599,scan,594,0,12838513750325,,12838513874229,12838515935934,58.194,-1.1477,0.5075,-1.6064,3,1.0719,1071,220,10,220,47,1,585,,,,1,1,63343,411973,1,,,,594,220,47,0,0,0,6,0,0
600,scan,595,0,12838565023996,,12838565148915,12838566915057,58.244,-1.1482,0.4925,-1.6033,3,1.0687,1068,220,4,220,47,1,585,,,,1,1,63343,412523,1,,,,595,220,47,0,0,0,6,0,0
601,scan,596,0,12838614637118,,12838614769240,12838616894571,58.294,-1.1484,0.4850,-1.6016,3,1.0591,1059,220,0,220,47,1,585,,,,1,1,63343,413133,1,,,,596,220,47,0,0,0,6,0,0
602,scan,597,0,12838664565175,,12838664677620,12838667805116,58.344,-1.1488,0.4701,-1.5983,3,1.0667,1066,220,-6,220,35,1,588,12838213704881,12838657654910,443950,0,1,63343,414755,1,,,,597,220,35,0,0,0,6,0,0
603,scan,598,0,12838714749180,,12838714884197,12838717445841,58.394,-1.1490,0.4626,-1.5968,3,1.0655,1065,220,-9,220,28,1,590,12838313752771,12838710535420,396782,0,1,63343,414843,1,,,,598,220,28,0,0,0,6,0,0
604,scan,599,0,12838764784579,,12838764905374,12838767029281,58.444,-1.1494,0.4477,-1.5942,3,1.0624,1062,220,-15,220,23,1,591,12838363622950,12838762771079,399148,0,1,63343,414059,1,,,,599,220,23,0,0,0,6,0,0
605,scan,600,0,12838814807961,,12838814938570,12838817064193,58.494,-1.1496,0.4402,-1.5933,3,1.0659,1065,220,-16,220,23,1,591,,,,1,1,63343,414059,1,,,,600,220,23,0,0,0,6,0,0
606,scan,601,0,12838864918441,,12838865068519,12838866977638,58.544,-1.1499,0.4252,-1.5921,3,1.0795,1079,220,-19,220,23,1,591,,,,1,1,63343,415021,1,,,,601,220,23,0,0,0,6,0,0
607,scan,602,0,12838914736676,,12838914856713,12838916886311,58.594,-1.1501,0.4178,-1.5914,3,1.0538,1053,220,-20,220,23,1,591,,,,1,1,63343,415021,1,,,,602,220,23,0,0,0,6,0,0
608,scan,603,0,12838964592841,,12838964708150,12838967005254,58.644,-1.1504,0.4028,-1.5896,3,1.0675,1067,220,-24,220,3,1,595,12838565068581,12838963603279,398534,0,1,63343,414196,1,,,,603,220,3,0,0,0,6,0,0
609,scan,604,0,12839014728095,,12839014845532,12839016847910,58.694,-1.1505,0.3953,-1.5888,3,1.0623,1062,220,-26,220,3,1,595,,,,1,1,63343,414560,1,,,,604,220,3,0,0,0,6,0,0
610,scan,605,0,12839064695370,,12839064811992,12839066857730,58.744,-1.1508,0.3804,-1.5881,3,1.0706,1070,220,-28,220,1,1,596,12838614686080,12839015678472,400992,0,1,63343,414683,1,,,,605,220,1,0,0,0,6,0,0
611,scan,606,0,12839114702706,,12839114838484,12839116913244,58.794,-1.1509,0.3729,-1.5884,3,1.0584,1058,220,-27,220,-6,1,597,12838664605779,12839065374921,400769,0,1,63343,413988,1,,,,606,220,-6,0,0,0,6,0,0
612,scan,607,0,12839164692189,,12839164808980,12839166926834,58.844,-1.1512,0.3579,-1.5888,3,1.0812,1081,220,-27,220,-8,1,598,12838714796981,12839115787986,400991,0,1,63343,413649,1,,,,607,220,-8,0,0,0,6,0,0
613,scan,608,0,12839214584212,,12839214708361,12839216839909,58.894,-1.1513,0.3505,-1.5888,3,1.0795,1079,220,-27,220,-14,1,599,12838764830614,12839173767922,408937,0,1,63343,413876,1,,,,608,220,-14,0,0,0,6,0,0
614,scan,609,0,12839264857463,,12839264996105,12839267015040,58.944,-1.1514,0.3430,-1.5889,3,1.0703,1070,220,-27,220,-15,1,600,12838814853323,12839221770974,406917,0,1,63343,413545,1,,,,609,220,-15,0,0,0,6,0,0
615,scan,610,0,12839314871405,,12839314994529,12839316960529,58.994,-1.1517,0.3280,-1.5898,3,1.0680,1068,220,-25,220,-18,1,601,12838864957738,12839289242407,424284,0,1,63343,414033,1,,,,610,220,-18,0,0,0,6,0,0
616,scan,611,0,12839365064586,,12839365296556,12839366968150,59.044,-1.1519,0.3205,-1.5906,3,1.0601,1060,220,-24,220,-22,1,603,12838964632802,12839365149349,400516,0,1,63343,413445,1,,,,611,220,-22,0,0,0,6,0,0
617,scan,612,0,12839414889656,,12839415023454,12839417000431,59.094,-1.1522,0.3056,-1.5918,3,1.0651,1065,220,-21,220,-22,1,603,,,,1,1,63343,413445,1,,,,612,220,-22,0,0,0,6,0,0
618,scan,613,0,12839465307289,,12839465423995,12839467109796,59.144,-1.1523,0.2981,-1.5925,3,1.0456,1045,220,-20,220,-23,1,604,12839014770557,12839464686000,449915,0,1,63343,410460,1,,,,613,220,-23,0,0,0,6,0,0
619,scan,614,0,12839515439186,,12839515562346,12839517787102,59.194,-1.1527,0.2831,-1.5941,3,1.0620,1061,220,-17,220,-26,1,605,12839064733329,12839475327322,410593,0,1,63343,410466,1,,,,614,220,-26,0,0,0,6,0,0
620,scan,615,0,12839565331704,,12839565463485,12839566987478,59.244,-1.1528,0.2757,-1.5949,3,1.0676,1067,220,-16,220,-26,1,606,12839114756474,12839521079703,406323,0,1,63343,410300,1,,,,615,220,-26,0,0,0,6,0,0
621,scan,616,0,12839615171337,,12839615297988,12839616922539,59.294,-1.1532,0.2607,-1.5966,3,1.0651,1065,220,-12,220,-25,1,607,12839164727663,12839596440148,431712,0,1,63343,411440,1,,,,616,220,-25,0,0,0,6,0,0
622,scan,617,0,12839665240927,,12839665373443,12839666957057,59.344,-1.1534,0.2532,-1.5975,3,1.0561,1056,220,-11,220,-25,1,608,12839214626005,12839616367962,401741,0,1,63343,411067,1,,,,617,220,-25,0,0,0,6,0,0
623,scan,618,0,12839715244692,,12839715369436,12839716906514,59.394,-1.1538,0.2383,-1.5993,3,1.0516,1051,220,-7,220,-25,1,608,,,,1,1,63343,411014,1,,,,618,220,-25,0,0,0,6,0,0
624,scan,619,0,12839765473947,,12839765593562,12839767781239,59.444,-1.1540,0.2308,-1.6001,3,1.0425,1042,220,-6,220,-21,1,611,12839365106490,12839761883080,396776,0,1,63343,410788,1,,,,619,220,-21,0,0,0,6,0,0
625,scan,620,0,12839815372643,,12839815487856,12839816907810,59.494,-1.1545,0.2158,-1.6017,3,1.0605,1060,220,-2,220,-20,1,612,12839414934662,12839806487242,391552,0,1,63343,409698,1,,,,620,220,-20,0,0,0,6,0,0
626,scan,621,0,12839865523433,,12839865640340,12839867785015,59.544,-1.1547,0.2084,-1.6025,3,1.0300,1029,220,-1,220,-20,1,613,12839465350309,12839864598608,399248,0,1,63343,409602,1,,,,621,220,-20,0,0,0,6,0,0
627,scan,622,0,12839915528886,,12839915652496,12839917908207,59.594,-1.1552,0.1934,-1.6037,3,1.0588,1058,220,2,220,-20,1,613,,,,1,1,63343,409247,1,,,,622,220,-20,0,0,0,6,0,0
628,scan,623,0,12839965728599,,12839965849496,12839967966579,59.644,-1.1554,0.1859,-1.6044,3,1.0409,1040,220,3,220,-20,1,613,,,,1,1,63343,409247,1,,,,623,220,-20,0,0,0,6,0,0
629,scan,624,0,12840015799073,,12840015943273,12840017993995,59.694,-1.1560,0.1710,-1.6058,3,1.0322,1032,220,6,220,-14,1,615,12839565380057,12839973331810,407951,0,1,63343,407125,1,,,,624,220,-14,0,0,0,6,0,0
630,scan,625,0,12840065789288,,12840065916322,12840067981922,59.744,-1.1562,0.1635,-1.6065,3,1.0449,1044,220,7,220,-11,1,616,12839615215289,12840030964204,415748,0,1,63343,407470,1,,,,625,220,-11,0,0,0,6,0,0
631,scan,626,0,12840115909081,,12840116126489,12840118080085,59.794,-1.1565,0.1560,-1.6071,3,1.0428,1042,220,9,220,-11,1,617,12839665283611,12840085813571,420529,0,1,63343,407972,1,,,,626,220,-11,0,0,0,6,0,0
632,scan,627,0,12840165792251,,12840165934410,12840167992630,59.844,-1.1570,0.1411,-1.6078,3,1.0496,1049,220,10,220,-7,1,618,12839715285122,12840121951997,406666,0,1,63343,407924,1,,,,627,220,-7,0,0,0,6,0,0
633,scan,628,0,12840215474088,,12840215585298,12840217893380,59.894,-1.1573,0.1336,-1.6080,3,1.0309,1030,220,11,220,-2,1,620,12839815413398,12840213160009,397746,0,1,63343,407560,1,,,,628,220,-2,0,0,0,6,0,0
634,scan,629,0,12840265823983,,12840265955020,12840267977879,59.944,-1.1579,0.1186,-1.6086,3,1.0418,1041,220,12,220,-2,1,620,,,,1,1,63343,407914,1,,,,629,220,-2,0,0,0,6,0,0
635,scan,630,0,12840315771516,,12840315912286,12840317910022,59.994,-1.1582,0.1112,-1.6087,3,1.0206,1020,220,12,220,-1,1,621,12839865566203,12840288181728,422615,0,1,63343,409037,1,,,,630,220,-1,0,0,0,6,0,0
636,scan,631,0,12840365905204,,12840366025423,12840367975332,60.044,-1.1587,0.0962,-1.6086,3,1.0137,1013,220,12,220,2,1,622,12839915571933,12840321910455,406338,0,1,63343,408941,1,,,,631,220,2,0,0,0,6,0,0
637,scan,632,0,12840416105509,,12840416231881,12840418017146,60.094,-1.1590,0.0887,-1.6086,3,1.0197,1019,220,12,220,2,1,623,12839965773478,12840370806898,405033,0,1,63343,408937,1,,,,632,220,2,0,0,0,6,0,0
638,scan,633,0,12840466144218,,12840466290877,12840467988207,60.144,-1.1596,0.0738,-1.6086,3,1.0093,1009,220,12,220,2,1,623,,,,1,1,63343,409345,1,,,,633,220,2,0,0,0,6,0,0
639,scan,634,0,12840516510727,,12840516638395,12840517889770,60.194,-1.1599,0.0663,-1.6085,3,1.0065,1006,220,12,220,2,1,623,,,,1,1,63343,409345,1,,,,634,220,2,0,0,0,6,0,0
640,scan,635,0,12840566414292,,12840566549130,12840567956339,60.244,-1.1604,0.0514,-1.6083,3,0.9858,985,220,12,220,2,1,623,,,,1,1,63343,409345,1,,,,635,220,2,0,0,0,6,0,0
641,scan,636,0,12840616836747,,12840616976917,12840619905017,60.294,-1.1607,0.0439,-1.6082,3,0.9819,981,220,12,220,10,1,628,12840215514065,12840606427700,390913,0,1,63343,408686,1,,,,636,220,10,0,0,0,6,0,0
642,scan,637,0,12840666602980,,12840666723213,12840668869881,60.344,-1.1613,0.0289,-1.6081,3,0.9724,972,220,12,220,10,1,628,,,,1,1,63343,407380,1,,,,637,220,10,0,0,0,6,0,0
643,scan,638,0,12840716546574,,12840716683335,12840718849537,60.394,-1.1615,0.0215,-1.6078,3,0.9638,963,220,11,220,13,1,629,12840265870129,12840679361290,413491,0,1,63343,407999,1,,,,638,220,13,0,0,0,6,0,0
644,scan,639,0,12840766469329,,12840766577147,12840767942761,60.444,-1.1621,0.0065,-1.6068,3,0.9652,965,220,9,220,13,1,631,12840365944405,12840764638194,398693,0,1,63343,407982,1,,,,639,220,13,0,0,0,6,0,0
645,scan,640,0,12840816571753,,12840816694405,12840818922610,60.494,-1.1624,-0.0010,-1.6063,3,0.9507,950,220,8,220,13,1,631,,,,1,1,63343,407982,1,,,,640,220,13,0,0,0,6,0,0
646,scan,641,0,12840866664142,,12840866787570,12840868895711,60.544,-1.1629,-0.0159,-1.6055,3,0.9404,940,220,7,220,13,1,632,12840416147963,12840831180575,415032,0,1,63343,408234,1,,,,641,220,13,0,0,0,6,0,0
647,scan,642,0,12840917312861,,12840917434664,12840918914145,60.594,-1.1631,-0.0234,-1.6051,3,0.9328,932,220,6,220,14,1,633,12840466188282,12840884889109,418700,0,1,63343,408595,1,,,,642,220,14,0,0,0,6,0,0
648,scan,643,0,12840967070429,,12840967199431,12840969081836,60.644,-1.1634,-0.0309,-1.6046,3,0.9300,930,220,5,220,13,1,634,12840516556149,12840922829229,406273,0,1,63343,408862,1,,,,643,220,13,0,0,0,6,0,0
649,scan,644,0,12841017054064,,12841017178360,12841018974589,60.694,-1.1639,-0.0458,-1.6036,3,0.9108,910,220,3,220,13,1,634,,,,1,1,63343,408862,1,,,,644,220,13,0,0,0,6,0,0
650,scan,645,0,12841066682184,,12841066805615,12841069036584,60.744,-1.1641,-0.0533,-1.6031,3,0.8924,892,220,2,220,13,1,634,,,,1,1,63343,409143,1,,,,645,220,13,0,0,0,6,0,0
651,scan,646,0,12841116838440,,12841116969050,12841119118432,60.794,-1.1646,-0.0682,-1.6023,3,0.9043,904,220,0,220,13,1,634,,,,1,1,63343,409453,1,,,,646,220,13,0,0,0,6,0,0
652,scan,647,0,12841166802559,,12841166928316,12841168963024,60.844,-1.1648,-0.0757,-1.6019,3,0.9091,909,220,0,220,12,1,638,12840716594810,12841123328863,406734,0,1,63343,409666,1,,,,647,220,12,0,0,0,6,0,0
653,scan,648,0,12841216732886,,12841216858925,12841219013877,60.894,-1.1653,-0.0907,-1.6010,3,0.8765,876,220,-2,220,10,1,639,12840766510116,12841185171872,418661,0,1,63343,410026,1,,,,648,220,10,0,0,0,6,0,0
654,scan,649,0,12841266696551,,12841266843808,12841269021026,60.944,-1.1655,-0.0981,-1.6006,3,0.8957,895,220,-3,220,10,1,639,,,,1,1,63343,410146,1,,,,649,220,10,0,0,0,6,0,0
655,scan,650,0,12841317015720,,12841317131646,12841318914293,60.994,-1.1660,-0.1131,-1.5998,3,0.8860,886,220,-4,220,10,1,639,,,,1,1,63343,409580,1,,,,650,220,10,0,0,0,6,0,0
656,scan,651,0,12841366754794,,12841366871004,12841368946575,61.044,-1.1662,-0.1206,-1.5996,3,0.8861,886,220,-5,220,6,1,643,12840967117062,12841361785239,394668,0,1,63343,409346,1,,,,651,220,6,0,0,0,6,0,0
657,scan,652,0,12841416831091,,12841416990955,12841418992987,61.094,-1.1666,-0.1355,-1.5990,3,0.8750,875,220,-6,220,6,1,643,,,,1,1,63343,409346,1,,,,652,220,6,0,0,0,6,0,0
658,scan,653,0,12841467641603,,12841467777463,12841469915462,61.144,-1.1668,-0.1430,-1.5987,3,0.8637,863,220,-7,220,5,1,644,12841017096534,12841428683837,411587,0,1,63343,407813,1,,,,653,220,5,0,0,0,6,0,0
659,scan,654,0,12841517497468,,12841517611899,12841519812028,61.194,-1.1672,-0.1579,-1.5984,3,0.8762,876,220,-8,220,2,1,645,12841066725482,12841491724421,424998,0,1,63343,408389,1,,,,654,220,2,0,0,0,6,0,0
660,scan,655,0,12841567551038,,12841567688903,12841569862207,61.244,-1.1674,-0.1654,-1.5983,3,0.8487,848,220,-8,220,1,1,646,12841116882960,12841529021177,412138,0,1,63343,408622,1,,,,655,220,1,0,0,0,6,0,0
661,scan,656,0,12841617596850,,12841617741179,12841619917817,61.294,-1.1679,-0.1804,-1.5980,3,0.8682,868,220,-9,220,-2,1,648,12841216775627,12841614622488,397846,0,1,63343,407267,1,,,,656,220,-2,0,0,0,6,0,0
662,scan,657,0,12841667569948,,12841667695022,12841669868182,61.344,-1.1681,-0.1879,-1.5980,3,0.8739,873,220,-9,220,-2,1,648,,,,1,1,63343,407497,1,,,,657,220,-2,0,0,0,6,0,0
663,scan,658,0,12841717759569,,12841717927063,12841720054004,61.394,-1.1685,-0.2028,-1.5982,3,0.8563,856,220,-8,220,-3,1,650,12841317054593,12841712728651,395674,0,1,63343,407024,1,,,,658,220,-3,0,0,0,6,0,0
664,scan,659,0,12841767601995,,12841767713862,12841769858879,61.444,-1.1687,-0.2103,-1.5983,3,0.8596,859,220,-8,220,-3,1,650,,,,1,1,63343,407451,1,,,,659,220,-3,0,0,0,6,0,0
665,scan,660,0,12841817955892,,12841818127662,12841820119259,61.494,-1.1689,-0.2178,-1.5984,3,0.8814,881,220,-8,220,-3,1,650,,,,1,1,63343,408143,1,,,,660,220,-3,0,0,0,6,0,0
666,scan,661,0,12841867783793,,12841867903439,12841869941840,61.544,-1.1693,-0.2327,-1.5986,3,0.8679,867,220,-8,220,-3,1,650,,,,1,1,63343,408547,1,,,,661,220,-3,0,0,0,6,0,0
667,scan,662,0,12841917737337,,12841917857239,12841919903095,61.594,-1.1695,-0.2402,-1.5987,3,0.8789,878,220,-8,220,-3,1,650,,,,1,1,63343,408547,1,,,,662,220,-3,0,0,0,6,0,0
668,scan,663,0,12841968806813,,12841968945943,12841970934847,61.644,-1.1699,-0.2551,-1.5989,3,0.9082,908,220,-7,220,-3,1,650,,,,1,1,63343,408547,1,,,,663,220,-3,0,0,0,6,0,0
669,scan,664,0,12842018353100,,12842018517518,12842019844376,61.694,-1.1701,-0.2626,-1.5990,3,1.0345,1034,220,-7,220,-7,1,656,12841617647483,12842016761833,399114,0,1,63343,408145,1,,,,664,220,-7,0,0,0,6,0,0
670,scan,665,0,12842068536812,,12842068717466,12842070872910,61.744,-1.1706,-0.2776,-1.5992,3,1.0434,1043,220,-7,220,-7,1,656,,,,1,1,63343,407783,1,,,,665,220,-7,0,0,0,6,0,0
671,scan,666,0,12842118284169,,12842118424717,12842119920532,61.794,-1.1708,-0.2851,-1.5994,3,1.0490,1048,220,-7,220,-7,1,657,12841667614346,12842085648040,418033,0,1,63343,407664,1,,,,666,220,-7,0,0,0,6,0,0
672,scan,667,0,12842168142413,,12842168308366,12842169973193,61.844,-1.1712,-0.3000,-1.6001,3,1.0197,1019,220,-5,220,-7,1,657,,,,1,1,63343,407714,1,,,,667,220,-7,0,0,0,6,0,0
673,scan,668,0,12842218327857,,12842218453484,12842219951045,61.894,-1.1714,-0.3075,-1.6003,3,1.0301,1030,220,-5,220,-7,1,659,12841767645460,12842198719416,431073,0,1,63343,409381,1,,,,668,220,-7,0,0,0,6,0,0
674,scan,669,0,12842268383356,,12842268510795,12842270820659,61.944,-1.1719,-0.3224,-1.6007,3,1.0378,1037,220,-4,220,-7,1,660,12841818014620,12842221768620,403754,0,1,63343,409113,1,,,,669,220,-7,0,0,0,6,0,0
675,scan,670,0,12842318099068,,12842318219311,12842319948661,61.994,-1.1721,-0.3299,-1.6009,3,1.0266,1026,220,-4,220,-6,1,661,12841867825153,12842274521582,406696,0,1,63343,408355,1,,,,670,220,-6,0,0,0,6,0,0
676,scan,671,0,12842367974027,,12842368162750,12842369916868,62.044,-1.1725,-0.3449,-1.6014,3,1.0138,1013,220,-3,220,-5,1,663,12841968854205,12842368090190,399235,0,1,63343,408016,1,,,,671,220,-5,0,0,0,6,0,0
677,scan,672,0,12842418287333,,12842418506742,12842419985586,62.094,-1.1728,-0.3524,-1.6017,3,1.0384,1038,220,-2,220,-5,1,663,,,,1,1,63343,408166,1,,,,672,220,-5,0,0,0,6,0,0
678,scan,673,0,12842468042870,,12842468171541,12842469937372,62.144,-1.1732,-0.3673,-1.6020,3,1.0264,1026,220,-2,220,-5,1,663,,,,1,1,63343,408166,1,,,,673,220,-5,0,0,0,6,0,0
679,scan,674,0,12842518469247,,12842518662579,12842520805915,62.194,-1.1735,-0.3748,-1.6021,3,1.0269,1026,220,-2,220,-5,1,663,,,,1,1,63343,408166,1,,,,674,220,-5,0,0,0,6,0,0
680,scan,675,0,12842568774257,,12842568899679,12842570882745,62.244,-1.1739,-0.3897,-1.6025,3,1.0348,1034,220,-1,220,-5,1,666,12842118332896,12842535085583,416752,0,1,63343,408575,1,,,,675,220,-5,0,0,0,6,0,0
681,scan,676,0,12842618912268,,12842619056854,12842621934635,62.294,-1.1742,-0.3972,-1.6027,3,1.0273,1027,220,-1,220,-5,1,668,12842218372139,12842611925028,393552,0,1,63343,408700,1,,,,676,220,-5,0,0,0,6,0,0
682,scan,677,0,12842669048194,,12842669178854,12842670899268,62.344,-1.1744,-0.4047,-1.6029,3,1.0291,1029,220,0,220,-5,1,668,,,,1,1,63343,408700,1,,,,677,220,-5,0,0,0,6,0,0
683,scan,678,0,12842718790665,,12842718910775,12842720961016,62.394,-1.1749,-0.4196,-1.6032,3,1.0195,1019,220,0,220,-5,1,668,,,,1,1,63343,408461,1,,,,678,220,-5,0,0,0,6,0,0
684,scan,679,0,12842768941237,,12842769071526,12842770886198,62.444,-1.1751,-0.4271,-1.6033,3,1.0223,1022,220,1,220,-1,1,671,12842368051528,12842767506963,399455,0,1,63343,408499,1,,,,679,220,-1,0,0,0,6,0,0
685,scan,680,0,12842818716453,,12842818845698,12842820980444,62.494,-1.1756,-0.4421,-1.6036,3,1.0154,1015,220,1,220,-1,1,671,,,,1,1,63343,408499,1,,,,680,220,-1,0,0,0,6,0,0
686,scan,681,0,12842868667835,,12842868793437,12842870872182,62.544,-1.1759,-0.4495,-1.6037,3,1.0204,1020,220,2,220,-1,1,671,,,,1,1,63343,408155,1,,,,681,220,-1,0,0,0,6,0,0
687,scan,682,0,12842918905016,,12842919040576,12842920924252,62.594,-1.1764,-0.4645,-1.6036,3,1.0218,1021,220,1,220,-1,1,673,12842468087262,12842870732154,402644,0,1,63343,407310,1,,,,682,220,-1,0,0,0,6,0,0
688,scan,683,0,12842968973788,,12842969137260,12842970957409,62.644,-1.1766,-0.4720,-1.6036,3,1.0318,1031,220,1,220,-2,1,674,12842518529563,12842936633106,418103,0,1,63343,407932,1,,,,683,220,-2,0,0,0,6,0,0
689,scan,684,0,12843018882817,,12843019032746,12843020973084,62.694,-1.1771,-0.4869,-1.6038,3,1.0230,1022,220,2,220,-2,1,674,,,,1,1,63343,407932,1,,,,684,220,-2,0,0,0,6,0,0
690,scan,685,0,12843068922191,,12843069044676,12843070982327,62.744,-1.1774,-0.4944,-1.6039,3,1.0112,1011,220,2,220,1,1,676,12842618964199,12843041297812,422333,0,1,63343,408652,1,,,,685,220,1,0,0,0,6,0,0
691,scan,686,0,12843118963807,,12843119084826,12843121067854,62.794,-1.1779,-0.5094,-1.6040,3,1.0133,1013,220,2,220,0,1,677,12842669095107,12843071459622,402364,0,1,63343,408353,1,,,,686,220,0,0,0,0,6,0,0
692,scan,687,0,12843169190953,,12843169316915,12843170903588,62.844,-1.1781,-0.5168,-1.6039,3,1.0063,1006,220,2,220,2,1,678,12842718831772,12843154428303,435596,0,1,63343,409727,1,,,,687,220,2,0,0,0,6,0,0
693,scan,688,0,12843219219000,,12843219346336,12843220914913,62.894,-1.1786,-0.5318,-1.6038,3,1.0148,1014,220,2,220,1,1,679,12842769000878,12843190682164,421681,0,1,63343,409871,1,,,,688,220,1,0,0,0,6,0,0
694,scan,689,0,12843269384458,,12843269551387,12843271915350,62.944,-1.1788,-0.5393,-1.6037,3,1.0217,1021,220,2,220,4,1,680,12842818763345,12843225260324,406496,0,1,63343,409718,1,,,,689,220,4,0,0,0,6,0,0
695,scan,690,0,12843319216595,,12843319358353,12843320940068,62.994,-1.1793,-0.5542,-1.6036,3,1.0331,1033,220,2,220,4,1,681,12842868713111,12843283137559,414424,0,1,63343,409922,1,,,,690,220,4,0,0,0,6,0,0
696,scan,691,0,12843369452681,,12843369647754,12843372195129,63.044,-1.1796,-0.5617,-1.6035,3,1.0103,1010,220,1,220,3,1,682,12842918951820,12843322871052,403919,0,1,63343,410325,1,,,,691,220,3,0,0,0,6,0,0
697,scan,692,0,12843419907638,,12843420063566,12843422145284,63.094,-1.1801,-0.5766,-1.6032,3,1.0130,1012,220,1,220,3,1,684,12843018929433,12843417645861,398716,0,1,63343,409841,1,,,,692,220,3,0,0,0,6,0,0
698,scan,693,0,12843469828289,,12843469954723,12843471963868,63.144,-1.1803,-0.5841,-1.6030,3,1.0403,1040,220,1,220,3,1,684,,,,1,1,63343,409765,1,,,,693,220,3,0,0,0,6,0,0
699,scan,694,0,12843519485461,,12843519613284,12843521850541,63.194,-1.1805,-0.5916,-1.6030,3,1.0219,1021,220,0,220,3,1,685,12843068966876,12843473010687,404043,0,1,63343,408854,1,,,,694,220,3,0,0,0,6,0,0
700,scan,695,0,12843569508837,,12843569639395,12843571842068,63.244,-1.1810,-0.6065,-1.6028,3,1.0190,1018,220,0,220,4,1,686,12843119004556,12843520185544,401180,0,1,63343,408378,1,,,,695,220,4,0,0,0,6,0,0
701,scan,696,0,12843620256999,,12843620387673,12843621920410,63.294,-1.1813,-0.6140,-1.6027,3,1.0262,1026,220,0,220,4,1,686,,,,1,1,63343,408856,1,,,,696,220,4,0,0,0,6,0,0
702,scan,697,0,12843670010666,,12843670141728,12843672079067,63.344,-1.1817,-0.6290,-1.6024,3,1.0304,1030,220,-1,220,5,1,688,12843219264611,12843646683022,427418,0,1,63343,409663,1,,,,697,220,5,0,0,0,6,0,0
703,scan,698,0,12843720140949,,12843720270210,12843722003987,63.394,-1.1820,-0.6364,-1.6023,3,1.0226,1022,220,-1,220,4,1,689,12843269450457,12843674298380,404847,0,1,63343,410062,1,,,,698,220,4,0,0,0,6,0,0
704,scan,699,0,12843770390746,,12843770529887,12843772080262,63.444,-1.1824,-0.6514,-1.6020,3,1.0279,1027,220,-2,220,5,1,691,12843369521152,12843761237924,391716,0,1,63343,409298,1,,,,699,220,5,0,0,0,6,0,0
705,scan,700,0,12843819997813,,12843820154845,12843821986073,63.494,-1.1827,-0.6589,-1.6018,3,0.9974,997,220,-2,220,5,1,691,,,,1,1,63343,409298,1,,,,700,220,5,0,0,0,6,0,0
706,scan,701,0,12843869993902,,12843870115132,12843871922872,63.544,-1.1831,-0.6738,-1.6015,3,1.0123,1012,220,-3,220,2,1,692,12843419945281,12843839700562,419755,0,1,63343,409716,1,,,,701,220,2,0,0,0,6,0,0
707,scan,702,0,12843920054289,,12843920188653,12843921906121,63.594,-1.1834,-0.6813,-1.6014,3,1.0136,1013,220,-3,220,2,1,692,,,,1,1,63343,409716,1,,,,702,220,2,0,0,0,6,0,0
708,scan,703,0,12843969993194,,12843970113376,12843971990453,63.644,-1.1838,-0.6963,-1.6011,3,1.0129,1012,220,-4,220,2,1,692,,,,1,1,63343,409716,1,,,,703,220,2,0,0,0,6,0,0
709,scan,704,0,12844020150585,,12844020276865,12844022031790,63.694,-1.1841,-0.7037,-1.6011,3,1.0105,1010,220,-4,220,2,1,695,12843569553496,12843976342320,406788,0,1,63343,410023,1,,,,704,220,2,0,0,0,6,0,0
710,scan,705,0,12844069803718,,12844069932993,12844071966939,63.744,-1.1845,-0.7187,-1.6010,3,1.0070,1007,220,-4,220,2,1,695,,,,1,1,63343,410023,1,,,,705,220,2,0,0,0,6,0,0
711,scan,706,0,12844120126190,,12844120318233,12844122889234,63.794,-1.1847,-0.7262,-1.6010,3,1.0012,1001,220,-4,220,2,1,695,,,,1,1,63343,409689,1,,,,706,220,2,0,0,0,6,0,0
712,scan,707,0,12844169597831,,12844169714608,12844171855314,63.844,-1.1852,-0.7411,-1.6007,3,1.0154,1015,220,-5,220,2,1,695,,,,1,1,63343,409689,1,,,,707,220,2,0,0,0,6,0,0
713,scan,708,0,12844220062522,,12844220196269,12844221934036,63.894,-1.1854,-0.7486,-1.6007,3,1.0266,1026,220,-5,220,-1,1,699,12843770432931,12844171463524,401030,0,1,63343,408437,1,,,,708,220,-1,0,0,0,6,0,0
714,scan,709,0,12844270352257,,12844270520212,12844272826534,63.944,-1.1859,-0.7635,-1.6006,3,1.0148,1014,220,-5,220,-1,1,699,,,,1,1,63343,408641,1,,,,709,220,-1,0,0,0,6,0,0
715,scan,710,0,12844320382912,,12844320529228,12844322890736,63.994,-1.1861,-0.7710,-1.6006,3,1.0194,1019,220,-5,220,-3,1,702,12843920101869,12844313483738,393381,0,1,63343,408062,1,,,,710,220,-3,0,0,0,6,0,0
716,scan,711,0,12844370730431,,12844370925985,12844372917422,64.044,-1.1863,-0.7785,-1.6007,3,1.0109,1010,220,-5,220,-3,1,702,,,,1,1,63343,408463,1,,,,711,220,-3,0,0,0,6,0,0
717,scan,712,0,12844420660845,,12844420879273,12844423025688,64.094,-1.1867,-0.7934,-1.6009,3,1.0167,1016,220,-5,220,-2,1,704,12844020196653,12844414944235,394747,0,1,63343,407867,1,,,,712,220,-2,0,0,0,6,0,0
718,scan,713,0,12844470740928,,12844470862874,12844473058854,64.144,-1.1870,-0.8009,-1.6010,3,1.0010,1001,220,-5,220,-2,1,704,,,,1,1,63343,407867,1,,,,713,220,-2,0,0,0,6,0,0
719,scan,714,0,12844520617882,,12844520746209,12844522906250,64.194,-1.1874,-0.8159,-1.6012,3,1.0135,1013,220,-5,220,0,1,705,12844069853001,12844488717191,418864,0,1,63343,408325,1,,,,714,220,0,0,0,0,6,0,0
720,flag,714,1,,12844544128401,12844544174582,12844545975701,64.194,-1.1874,-0.8159,-1.6012,3,1.0135,1013,220,-5,220,0,1,705,,,,,,,,,,5,1790087952536462696,714,220,-5,1,0,35,7,0,0
721,scan,715,1,12844570488353,,12844570654324,12844572846509,64.244,-1.1877,-0.8234,-1.6012,3,1.0238,1023,220,-5,220,-1,1,706,12844120195146,12844522515084,402319,0,1,63343,407724,1,,,,715,220,-5,1,0,0,7,0,0
722,scan,716,1,12844620807414,,12844620926694,12844622944441,64.294,-1.1881,-0.8383,-1.6013,3,1.0244,1024,220,-5,220,-4,1,708,12844220109905,12844617913590,397803,0,1,63343,407901,1,,,,716,220,-5,1,0,0,7,0,0
723,scan,717,1,12844670947674,,12844671156446,12844672986782,64.344,-1.1883,-0.8458,-1.6014,3,1.0106,1010,220,-5,220,-2,1,709,12844270403515,12844670577765,400174,0,1,63343,407592,1,,,,717,220,-5,1,0,0,7,0,0
724,scan,718,1,12844720832461,,12844720956022,12844722966768,64.394,-1.1888,-0.8607,-1.6019,3,0.9978,997,220,-4,220,-3,1,710,12844320445226,12844708109471,387664,0,1,63343,406825,1,,,,718,220,-4,1,0,0,7,0,0
725,scan,719,1,12844770712323,,12844770834423,12844773024885,64.444,-1.1890,-0.8682,-1.6022,3,1.0152,1015,220,-3,220,-3,1,710,,,,1,1,63343,407120,1,,,,719,220,-3,1,0,0,7,0,0
726,scan,720,1,12844820658130,,12844820856947,12844822879968,64.494,-1.1895,-0.8832,-1.6024,3,1.0185,1018,220,-3,220,-4,1,711,12844370803056,12844792027718,421224,0,1,63343,407663,1,,,,720,220,-3,1,0,0,7,0,0
727,scan,721,1,12844870746643,,12844870869456,12844873003650,64.544,-1.1897,-0.8906,-1.6024,3,1.0097,1009,220,-3,220,-4,1,711,,,,1,1,63343,407663,1,,,,721,220,-3,1,0,0,7,0,0
728,scan,722,1,12844920865598,,12844920984730,12844922891739,64.594,-1.1902,-0.9056,-1.6026,3,1.0147,1014,220,-3,220,-3,1,713,12844470788879,12844898596803,427807,0,1,63343,408630,1,,,,722,220,-3,1,0,0,7,0,0
729,flag,722,0,,12844947592498,12844947641862,12844949838584,64.594,-1.1902,-0.9056,-1.6026,3,1.0147,1014,220,-3,220,-3,1,713,,,,,,,,,,6,1790087952936478384,722,220,-3,0,0,36,8,0,0
730,scan,723,0,12844971725033,,12844971934659,12844973987541,64.644,-1.1905,-0.9131,-1.6027,3,0.9985,998,220,-3,220,-5,1,714,12844520662047,12844923712428,403050,0,1,63343,408052,1,,,,723,220,-5,0,0,0,8,0,0
731,scan,724,0,12845021060112,,12845021175075,12845022967901,64.694,-1.1909,-0.9280,-1.6030,3,1.0167,1016,220,-2,220,-4,1,716,12844620851132,12845015976539,395125,0,1,63343,407573,1,,,,724,220,-4,0,0,0,8,0,0
732,scan,725,0,12845071148510,,12845071282069,12845072890631,64.744,-1.1912,-0.9355,-1.6031,3,0.9985,998,220,-2,220,-4,1,716,,,,1,1,63343,407005,1,,,,725,220,-4,0,0,0,8,0,0
733,scan,726,0,12845121253409,,12845121368794,12845122925872,64.794,-1.1917,-0.9505,-1.6035,3,1.0099,1009,220,-1,220,-5,1,717,12844671025956,12845098747851,427721,0,1,63343,407980,1,,,,726,220,-5,0,0,0,8,0,0
734,scan,727,0,12845171188858,,12845171310271,12845172928343,64.844,-1.1919,-0.9579,-1.6036,3,0.9988,998,220,-1,220,-1,1,718,12844720874667,12845134565102,413690,0,1,63343,407138,1,,,,727,220,-1,0,0,0,8,0,0
735,scan,728,0,12845221379211,,12845221544363,12845223829390,64.894,-1.1922,-0.9654,-1.6037,3,1.0005,1000,220,-1,220,-2,1,719,12844770757262,12845172595341,401838,0,1,63343,406375,1,,,,728,220,-2,0,0,0,8,0,0
736,scan,729,0,12845271007451,,12845271140781,12845272946538,64.944,-1.1926,-0.9804,-1.6039,3,0.9808,980,220,-1,220,1,1,720,12844820774147,12845232811255,412037,0,1,63343,406588,1,,,,729,220,1,0,0,0,8,0,0
737,scan,730,0,12845321217781,,12845321358258,12845323007909,64.994,-1.1929,-0.9878,-1.6039,3,0.9837,983,220,-1,220,0,1,721,12844870788944,12845296124566,425335,0,1,63343,407007,1,,,,730,220,0,0,0,0,8,0,0
738,scan,731,0,12845371162275,,12845371325766,12845373010050,65.044,-1.1934,-1.0028,-1.6039,3,0.9594,959,220,-1,220,0,1,721,,,,1,1,63343,407131,1,,,,731,220,0,0,0,0,8,0,0
739,scan,732,0,12845421806449,,12845421936682,12845424050792,65.094,-1.1936,-1.0103,-1.6038,3,0.9483,948,220,-1,220,-3,1,723,12844971798180,12845400546443,428748,0,1,63343,408332,1,,,,732,220,-3,0,0,0,8,0,0
740,scan,733,0,12845471708225,,12845471851700,12845473994502,65.144,-1.1941,-1.0252,-1.6039,3,0.9387,938,220,-1,220,0,1,724,12845021099431,12845433904364,412804,0,1,63343,408504,1,,,,733,220,0,0,0,0,8,0,0
741,scan,734,0,12845521655850,,12845521812061,12845523999899,65.194,-1.1944,-1.0327,-1.6040,3,0.9271,927,220,-1,220,0,1,724,,,,1,1,63343,408683,1,,,,734,220,0,0,0,0,8,0,0
742,scan,735,0,12845571992221,,12845572186283,12845573885640,65.244,-1.1949,-1.0476,-1.6042,3,0.9131,913,220,0,220,2,1,726,12845121288336,12845535295130,414006,0,1,63343,409196,1,,,,735,220,2,0,0,0,8,0,0
743,scan,736,0,12845621593546,,12845621797648,12845623944988,65.294,-1.1951,-1.0551,-1.6041,4,0.9182,918,0,1000,220,2,1,727,12845171229531,12845593805918,422576,0,1,63343,409710,1,,,,736,220,2,0,0,0,8,0,0
744,scan,737,0,12845671516151,,12845671635137,12845672897178,65.344,-1.1956,-1.0701,-1.6039,4,0.8868,886,0,1000,220,4,1,729,12845271051705,12845660941991,389890,0,1,63343,408267,1,,,,737,220,4,0,0,0,8,0,0
745,scan,738,0,12845721831634,,12845721985787,12845723914392,65.394,-1.1959,-1.0775,-1.6038,4,0.8832,883,0,1000,220,4,1,729,,,,1,1,63343,408404,1,,,,738,220,4,0,0,0,8,0,0
746,scan,739,0,12845771808744,,12845771926828,12845774010962,65.444,-1.1964,-1.0925,-1.6037,4,0.8693,869,0,1000,220,-3,1,731,12845371224353,12845760486202,389261,0,1,63343,408305,1,,,,739,220,-3,0,0,0,8,0,0
747,scan,740,0,12845821654655,,12845821787759,12845823858307,65.494,-1.1966,-1.1000,-1.6035,4,0.8640,863,0,1000,220,-3,1,731,,,,1,1,63343,408305,1,,,,740,220,-3,0,0,0,8,0,0
748,scan,741,0,12845871505691,,12845871625396,12845873838754,65.544,-1.1971,-1.1149,-1.6034,4,0.8505,850,0,1000,220,5,1,732,12845421853173,12845843186971,421333,0,1,63343,408369,1,,,,741,220,5,0,0,0,8,0,0
749,scan,742,0,12845921561125,,12845921698566,12845923906214,65.594,-1.1973,-1.1224,-1.6037,4,0.8136,813,0,1000,220,5,1,732,,,,1,1,63343,408369,1,,,,742,220,5,0,0,0,8,0,0
750,scan,743,0,12845971817131,,12845971935641,12845974023052,65.644,-1.1978,-1.1374,-1.6038,4,0.8198,819,0,1000,220,5,1,732,,,,1,1,63343,408369,1,,,,743,220,5,0,0,0,8,0,0
751,scan,744,0,12846021999950,,12846022119624,12846023983767,65.694,-1.1981,-1.1448,-1.6034,4,0.8249,824,0,1000,220,-3,1,734,12845521703153,12846017584313,495881,0,1,63343,411932,1,,,,744,220,-3,0,0,0,8,0,0
752,scan,745,0,12846072047963,,12846072230020,12846074023167,65.744,-1.1983,-1.1523,-1.6030,4,0.8146,814,0,1000,0,999,1,736,12845621702134,12846023824477,402122,0,1,63343,411555,1,,,,745,0,999,0,0,0,8,0,0
753,scan,746,0,12846121990907,,12846122104387,12846123954376,65.794,-1.1988,-1.1673,-1.6029,4,0.7902,790,0,1000,0,999,1,738,12845721883639,12846117826530,395942,0,1,63343,410977,1,,,,746,0,999,0,0,0,8,0,0
754,scan,747,0,12846171908179,,12846172088170,12846174001346,65.844,-1.1990,-1.1736,-1.6038,4,0.7826,782,0,1000,0,999,1,738,,,,1,1,63343,410977,1,,,,747,0,999,0,0,0,8,0,0
755,scan,748,0,12846222270777,,12846222501814,12846223979149,65.894,-1.1993,-1.1828,-1.6097,4,0.7828,782,0,1000,0,999,1,740,12845821702255,12846222357707,400655,0,1,63343,410963,1,,,,748,0,999,0,0,0,8,0,0
756,scan,749,0,12846273209050,,12846273420165,12846274909437,65.944,-1.1995,-1.1857,-1.6132,4,0.7789,778,0,1000,0,999,1,740,,,,1,1,63343,410963,1,,,,749,0,999,0,0,0,8,0,0
757,scan,750,0,12846322496627,,12846322624061,12846324808623,65.994,-1.1996,-1.1897,-1.6072,4,0.7842,784,0,1000,0,999,1,742,12845921606199,12846322230067,400623,0,1,63343,411231,1,,,,750,0,999,0,0,0,8,0,0
758,scan,751,0,12846372683539,,12846372834381,12846374938864,66.044,-1.1997,-1.1909,-1.5888,4,0.7726,772,0,1000,0,999,1,743,12845971854814,12846369328546,397473,0,1,63343,410740,1,,,,751,0,999,0,0,0,8,0,0
759,scan,752,0,12846422872829,,12846422994137,12846424922061,66.094,-1.1997,-1.1914,-1.5216,4,0.7745,774,0,1000,0,999,1,743,,,,1,1,63343,411332,1,,,,752,0,999,0,0,0,8,0,0
760,scan,753,0,12846472768412,,12846472887739,12846474995801,66.144,-1.1997,-1.1913,-1.4809,4,0.7803,780,0,1000,0,999,1,745,12846072097430,12846468473317,396375,0,1,63343,410798,1,,,,753,0,999,0,0,0,8,0,0
761,scan,754,0,12846523489566,,12846523639335,12846527032156,66.194,-1.1997,-1.1912,-1.4103,4,0.7756,775,0,1000,0,999,1,745,,,,1,1,63343,410499,1,,,,754,0,999,0,0,0,8,0,0
762,scan,755,0,12846572785361,,12846572920538,12846575025616,66.244,-1.1997,-1.1912,-1.3808,4,0.7702,770,0,1000,0,999,1,746,12846122032017,12846529293497,407261,0,1,63343,410682,1,,,,755,0,999,0,0,0,8,0,0
763,scan,756,0,12846622702482,,12846622819981,12846624867230,66.294,-1.1997,-1.1911,-1.3165,4,0.7731,773,0,1000,0,999,1,748,12846222313132,12846612336879,390023,0,1,63343,410394,1,,,,756,0,999,0,0,0,8,0,0
764,scan,757,0,12846672700078,,12846672820853,12846674843724,66.344,-1.1998,-1.1910,-1.2800,4,0.7728,772,0,1000,0,999,1,748,,,,1,1,63343,410787,1,,,,757,0,999,0,0,0,8,0,0
765,scan,758,0,12846722718661,,12846722845491,12846724841813,66.394,-1.1998,-1.1909,-1.2089,4,0.7749,774,0,1000,0,999,1,750,12846322547626,12846712892660,390345,0,1,63343,410890,1,,,,758,0,999,0,0,0,8,0,0
766,scan,759,0,12846772741472,,12846772851363,12846774884030,66.444,-1.1998,-1.1908,-1.1763,4,0.7675,767,0,1000,0,999,1,751,12846372743703,12846764957691,392213,0,1,63343,410198,1,,,,759,0,999,0,0,0,8,0,0
767,scan,760,0,12846822648625,,12846822769846,12846824875879,66.494,-1.1999,-1.1907,-1.1112,4,0.7718,771,0,1000,0,999,1,751,,,,1,1,63343,409774,1,,,,760,0,999,0,0,0,8,0,0
768,scan,761,0,12846872648630,,12846872765537,12846874903777,66.544,-1.1999,-1.1907,-1.0767,4,0.7537,753,0,1000,0,999,1,752,12846422914315,12846836044958,413130,0,1,63343,409899,1,,,,761,0,999,0,0,0,8,0,0
769,scan,762,0,12846922890108,,12846923030094,12846925020308,66.594,-1.2000,-1.1906,-1.0415,4,0.7682,768,0,1000,0,999,1,753,12846472812313,12846885642859,412830,0,1,63343,409344,1,,,,762,0,999,0,0,0,8,0,0
770,scan,763,0,12846973668976,,12846973809458,12846975932442,66.644,-1.2000,-1.1906,-0.9730,4,0.7667,766,0,1000,0,999,1,755,12846572832170,12846971961447,399129,0,1,63343,409199,1,,,,763,0,999,0,0,0,8,0,0
771,scan,764,0,12847023652477,,12847023782671,12847026108452,66.694,-1.2001,-1.1905,-0.9399,4,0.7657,765,0,1000,0,999,1,755,,,,1,1,63343,409740,1,,,,764,0,999,0,0,0,8,0,0
772,scan,765,0,12847073659227,,12847073826416,12847076224225,66.744,-1.2001,-1.1904,-0.8728,4,0.7548,754,0,1000,0,999,1,756,12846622741643,12847053908685,431167,0,1,63343,410534,1,,,,765,0,999,0,0,0,8,0,0
773,scan,766,0,12847123522668,,12847123649216,12847125867135,66.794,-1.2002,-1.1904,-0.8384,4,0.7674,767,0,1000,0,999,1,757,12846672739833,12847077187231,404447,0,1,63343,409672,1,,,,766,0,999,0,0,0,8,0,0
774,scan,767,0,12847173762855,,12847173894679,12847176102572,66.844,-1.2003,-1.1903,-0.7699,4,0.7619,761,0,1000,0,999,1,759,12846772783540,12847171280301,398496,0,1,63343,409109,1,,,,767,0,999,0,0,0,8,0,0
775,scan,768,0,12847223581177,,12847223712465,12847225926364,66.894,-1.2003,-1.1903,-0.7361,4,0.7640,764,0,1000,0,999,1,759,,,,1,1,63343,409389,1,,,,768,0,999,0,0,0,8,0,0
776,scan,769,0,12847273646678,,12847273770013,12847275862219,66.944,-1.2004,-1.1902,-0.6688,4,0.7744,774,0,1000,0,999,1,759,,,,1,1,63343,409283,1,,,,769,0,999,0,0,0,8,0,0
777,scan,770,0,12847323682599,,12847323819365,12847325979470,66.994,-1.2005,-1.1902,-0.6347,4,0.7756,775,0,1000,0,999,1,761,12846872688591,12847298966655,426278,0,1,63343,409320,1,,,,770,0,999,0,0,0,8,0,0
778,scan,771,0,12847373873416,,12847373987454,12847376091677,67.044,-1.2006,-1.1901,-0.5665,4,0.7773,777,0,1000,0,999,1,763,12846973716387,12847363473402,389757,0,1,63343,408568,1,,,,771,0,999,0,0,0,8,0,0
779,scan,772,0,12847423972270,,12847424180748,12847425979020,67.094,-1.2006,-1.1901,-0.5326,4,0.7872,787,0,1000,0,999,1,763,,,,1,1,63343,407761,1,,,,772,0,999,0,0,0,8,0,0
780,scan,773,0,12847473763939,,12847473879459,12847475869499,67.144,-1.2007,-1.1900,-0.4651,4,0.7884,788,0,920,0,999,1,765,12847073716923,12847473270660,399553,0,1,63343,407231,1,,,,773,0,999,0,0,0,8,0,0
781,scan,774,0,12847523490769,,12847523656588,12847524962585,67.194,-1.2008,-1.1900,-0.4312,4,0.7758,775,0,852,0,999,1,765,,,,1,1,63343,407231,1,,,,774,0,999,0,0,0,8,0,0
782,scan,775,0,12847573915107,,12847574044991,12847575903929,67.244,-1.2009,-1.1900,-0.3632,4,0.7649,764,220,716,0,999,1,766,12847123565970,12847550989903,427423,0,1,63343,407767,1,,,,775,0,999,0,0,0,8,0,0
783,scan,776,0,12847624126475,,12847624261206,12847626119894,67.294,-1.2009,-1.1900,-0.3292,4,0.7583,758,220,648,0,999,1,767,12847173810155,12847583833358,410023,0,1,63343,407265,1,,,,776,0,999,0,0,0,8,0,0
784,scan,777,0,12847674194856,,12847674320496,12847675908590,67.344,-1.2011,-1.1899,-0.2615,4,0.7611,761,220,513,0,999,1,769,12847273688855,12847672907690,399218,0,1,63343,407638,1,,,,777,0,999,0,0,0,8,0,0
785,scan,778,0,12847724120964,,12847724238688,12847725865671,67.394,-1.2011,-1.1899,-0.2276,4,0.7520,751,220,445,0,999,1,769,,,,1,1,63343,407638,1,,,,778,0,999,0,0,0,8,0,0
786,scan,779,0,12847774192504,,12847774316652,12847776404010,67.444,-1.2012,-1.1899,-0.1936,4,0.7692,769,220,377,0,999,1,770,12847323729647,12847740795815,417066,0,1,63343,408751,1,,,,779,0,999,0,0,0,8,0,0
787,scan,780,0,12847823813306,,12847823939671,12847826007876,67.494,-1.2013,-1.1899,-0.1257,4,0.7668,766,220,241,0,999,1,770,,,,1,1,63343,408751,1,,,,780,0,999,0,0,0,8,0,0
788,scan,781,0,12847873867627,,12847873988398,12847876042744,67.544,-1.2014,-1.1899,-0.0918,4,0.7616,761,220,174,0,925,1,773,12847473804589,12847869305029,395500,0,1,63343,407717,1,,,,781,0,925,0,0,0,8,0,0
789,scan,782,0,12847923719865,,12847923874686,12847925895021,67.594,-1.2015,-1.1899,-0.0246,4,0.7740,774,220,39,0,856,1,774,12847523531551,12847913413022,389881,0,1,63343,407031,1,,,,782,0,856,0,0,0,8,0,0
790,scan,783,0,12847973882640,,12847974000833,12847975875669,67.644,-1.2015,-1.1899,0.0071,4,0.7687,768,220,-24,220,708,1,775,12847573960507,12847969954478,395993,0,1,63343,406622,1,,,,783,220,708,0,0,0,8,0,0
791,scan,784,0,12848023715575,,12848023833709,12848025959001,67.694,-1.2005,-1.1899,0.0656,4,0.7572,757,220,-141,220,708,1,775,,,,1,1,63343,403189,1,,,,784,220,708,0,0,0,8,0,0
792,scan,785,0,12848073855383,,12848073992742,12848075951158,67.744,-1.1982,-1.1897,0.0979,4,0.7630,763,220,-206,220,708,1,775,,,,1,1,63343,403232,1,,,,785,220,708,0,0,0,8,0,0
793,scan,786,0,12848124125018,,12848124249371,12848125917234,67.794,-1.1902,-1.1886,0.1726,4,0.7496,749,220,-357,220,708,1,775,,,,1,1,63343,403536,1,,,,786,220,708,0,0,0,8,0,0
794,scan,787,0,12848174327916,,12848174613126,12848176895281,67.844,-1.1846,-1.1875,0.2093,4,0.7547,754,220,-431,220,430,1,778,12847724162484,12848171294393,447131,0,1,63343,405280,1,,,,787,220,430,0,0,0,8,0,0
795,scan,788,0,12848224552360,,12848224674770,12848226867909,67.894,-1.1713,-1.1843,0.2704,4,0.7482,748,220,-557,220,430,1,778,,,,1,1,63343,405472,1,,,,788,220,430,0,0,0,8,0,0
796,scan,789,0,12848274328021,,12848274448818,12848276866278,67.944,-1.1642,-1.1822,0.2876,4,0.7314,731,220,-593,220,232,1,780,12847823857425,12848225009389,401151,0,1,63343,405299,1,,,,789,220,232,0,0,0,8,0,0
797,scan,790,0,12848324048315,,12848324167972,12848325954596,67.994,-1.1499,-1.1779,0.2975,4,0.7195,719,220,-618,220,39,1,782,12847923779801,12848314847295,391067,0,1,63343,404917,1,,,,790,220,39,0,0,0,8,0,0
798,scan,791,0,12848374273231,,12848374472837,12848376834568,68.044,-1.1428,-1.1757,0.3011,4,0.6997,699,220,-627,220,-22,1,783,12847973926317,12848373115457,399189,0,1,63343,404986,1,,,,791,220,-22,0,0,0,8,0,0
799,scan,792,0,12848424068113,,12848424197291,12848425924256,68.094,-1.1285,-1.1712,0.3103,4,0.6909,690,220,-650,220,-22,1,783,,,,1,1,63343,404986,1,,,,792,220,-22,0,0,0,8,0,0
800,scan,793,0,12848474511767,,12848474634228,12848476935078,68.144,-1.1214,-1.1689,0.3089,4,0.6899,689,220,-650,220,-195,1,785,12848073903486,12848470238734,396335,0,1,63343,404984,1,,,,793,220,-195,0,0,0,8,0,0
801,scan,794,0,12848524629980,,12848524768776,12848527845639,68.194,-1.1071,-1.1644,0.2991,4,0.6793,679,220,-636,220,-331,1,786,12848124165535,12848518746218,394580,0,1,63343,404584,1,,,,794,220,-331,0,0,0,8,0,0
802,scan,795,0,12848574643158,,12848574859026,12848576941828,68.244,-1.0999,-1.1622,0.2934,4,0.6653,665,220,-627,220,-331,1,786,,,,1,1,63343,404477,1,,,,795,220,-331,0,0,0,8,0,0
803,scan,796,0,12848624830742,,12848624973791,12848626944190,68.294,-1.0927,-1.1601,0.2859,4,0.6567,656,220,-614,220,-394,1,787,12848174385952,12848574908052,400522,0,1,63343,404897,1,,,,796,220,-394,0,0,0,8,0,0
804,scan,797,0,12848674766531,,12848674884365,12848677049984,68.344,-1.0783,-1.1560,0.2611,4,0.6362,636,220,-569,218,-569,1,789,12848274370932,12848674296354,399925,0,1,63343,404706,1,,,,797,218,-569,0,0,0,8,0,0
805,scan,798,0,12848724608358,,12848724760856,12848726885340,68.394,-1.0710,-1.1541,0.2467,4,0.6393,639,220,-542,218,-569,1,789,,,,1,1,63343,405280,1,,,,798,218,-569,0,0,0,8,0,0
806,scan,799,0,12848774715616,,12848774880041,12848776976395,68.444,-1.0565,-1.1507,0.2159,4,0.6184,618,220,-485,218,-569,1,789,,,,1,1,63343,405825,1,,,,799,218,-569,0,0,0,8,0,0
807,scan,800,0,12848824767816,,12848824881959,12848827022994,68.494,-1.0492,-1.1492,0.1961,4,0.6068,606,220,-447,217,-637,1,792,12848424109182,12848820595661,396486,0,1,63343,405451,1,,,,800,217,-637,0,0,0,8,0,0
808,scan,801,0,12848874893038,,12848875014034,12848876941215,68.544,-1.0346,-1.1466,0.1518,4,0.5858,585,220,-362,217,-637,1,793,12848474555498,12848869406111,394850,0,1,63343,404720,1,,,,801,217,-637,0,0,0,8,0,0
809,scan,802,0,12848924736912,,12848924865195,12848926884686,68.594,-1.0273,-1.1456,0.1301,4,0.5891,589,220,-320,217,-637,1,793,,,,1,1,63343,404382,1,,,,802,217,-637,0,0,0,8,0,0
810,scan,803,0,12848974558756,,12848974686785,12848976873911,68.644,-1.0125,-1.1439,0.0877,4,0.5793,579,220,-237,217,-619,1,794,12848524675014,12848931445616,406770,0,1,63343,404700,1,,,,803,217,-619,0,0,0,8,0,0
811,scan,804,0,12849024878726,,12849025001938,12849026982242,68.694,-1.0051,-1.1434,0.0661,4,0.5693,569,220,-195,218,-593,1,796,12848624878384,12849021824325,396945,0,1,63343,404390,1,,,,804,218,-593,0,0,0,8,0,0
812,scan,805,0,12849075233805,,12849075363152,12849076910323,68.744,-0.9903,-1.1427,0.0231,4,0.5545,554,220,-110,218,-593,1,796,,,,1,1,63343,403274,1,,,,805,218,-593,0,0,0,8,0,0
813,scan,806,0,12849125500455,,12849125616799,12849127891292,68.794,-0.9828,-1.1426,0.0031,4,0.5506,550,220,-71,219,-508,1,798,12848724660451,12849117290942,392630,0,1,63343,402782,1,,,,806,219,-508,0,0,0,8,0,0
814,scan,807,0,12849175274740,,12849175395518,12849177027991,68.844,-0.9679,-1.1428,-0.0348,4,0.5411,541,220,5,219,-508,1,798,,,,1,1,63343,402968,1,,,,807,219,-508,0,0,0,8,0,0
815,scan,808,0,12849225294427,,12849225418960,12849227851379,68.894,-0.9604,-1.1431,-0.0521,4,0.5320,532,220,40,219,-447,1,799,12848774789158,12849185555916,410766,0,1,63343,403293,1,,,,808,219,-447,0,0,0,8,0,0
816,scan,809,0,12849275439872,,12849275586692,12849277925065,68.944,-0.9455,-1.1442,-0.0841,4,0.5201,520,220,104,220,-412,1,800,12848824810890,12849237423581,412612,0,1,63343,403666,1,,,,809,220,-412,0,0,0,8,0,0
817,scan,810,0,12849325590355,,12849325711315,12849327891589,68.994,-0.9381,-1.1448,-0.0992,4,0.5121,512,220,135,220,-300,1,802,12848924779167,12849320658454,395879,0,1,63343,402450,1,,,,810,220,-300,0,0,0,8,0,0
818,scan,811,0,12849375623280,,12849375740542,12849377897486,69.044,-0.9232,-1.1465,-0.1265,4,0.4996,499,220,191,220,-300,1,802,,,,1,1,63343,402979,1,,,,811,220,-300,0,0,0,8,0,0
819,scan,812,0,12849425659652,,12849425802709,12849427881099,69.094,-0.9158,-1.1475,-0.1364,4,0.4804,480,220,212,220,-185,1,804,12849024921559,12849416385793,391464,0,1,63343,402518,1,,,,812,220,-185,0,0,0,8,0,0
820,scan,813,0,12849475745512,,12849475886997,12849477977214,69.144,-0.9084,-1.1486,-0.1443,4,0.4788,478,220,228,220,-185,1,804,,,,1,1,63343,402642,1,,,,813,220,-185,0,0,0,8,0,0
821,scan,814,0,12849525460882,,12849525582630,12849527833415,69.194,-0.8936,-1.1508,-0.1579,4,0.4629,462,220,258,220,-104,1,805,12849075272764,12849497938115,422665,0,1,63343,403443,1,,,,814,220,-104,0,0,0,8,0,0
822,scan,815,0,12849575529531,,12849575659038,12849577875430,69.244,-0.8862,-1.1520,-0.1635,4,0.4623,462,220,270,220,-104,1,805,,,,1,1,63343,402444,1,,,,815,220,-104,0,0,0,8,0,0
823,scan,816,0,12849625468274,,12849625587626,12849627807493,69.294,-0.8714,-1.1545,-0.1721,4,0.4541,454,220,290,220,-104,1,805,,,,1,1,63343,402114,1,,,,816,220,-104,0,0,0,8,0,0
824,scan,817,0,12849675797065,,12849675929461,12849678035567,69.344,-0.8640,-1.1558,-0.1746,4,0.4445,444,220,296,220,-104,1,805,,,,1,1,63343,402246,1,,,,817,220,-104,0,0,0,8,0,0
825,scan,818,0,12849725814971,,12849725935909,12849727930068,69.394,-0.8493,-1.1584,-0.1802,4,0.4554,455,220,310,220,128,1,810,12849325634571,12849724090766,398456,0,1,63343,402081,1,,,,818,220,128,0,0,0,8,0,0
826,scan,819,0,12849776046991,,12849776175786,12849778053560,69.444,-0.8419,-1.1598,-0.1843,4,0.4390,439,220,320,220,182,1,811,12849375661196,12849771659804,395998,0,1,63343,401165,1,,,,819,220,182,0,0,0,8,0,0
827,scan,820,0,12849825847008,,12849825967299,12849827988087,69.494,-0.8273,-1.1626,-0.1950,4,0.4225,422,220,344,220,182,1,811,,,,1,1,63343,401165,1,,,,820,220,182,0,0,0,8,0,0
828,scan,821,0,12849875766151,,12849875882426,12849877989195,69.544,-0.8200,-1.1640,-0.1930,4,0.4374,437,220,342,220,218,1,813,12849475795175,12849873824400,398029,0,1,63343,401275,1,,,,821,220,218,0,0,0,8,0,0
829,scan,822,0,12849925550518,,12849925669637,12849927895128,69.594,-0.8053,-1.1667,-0.1678,4,0.4276,427,220,294,220,218,1,813,,,,1,1,63343,401793,1,,,,822,220,218,0,0,0,8,0,0
830,scan,823,0,12849975765761,,12849975887448,12849978009857,69.644,-0.7979,-1.1679,-0.1562,4,0.4227,422,220,272,220,257,1,815,12849575573748,12849973301092,397727,0,1,63343,401872,1,,,,823,220,257,0,0,0,8,0,0
831,scan,824,0,12850025771005,,12850025885073,12850027980478,69.694,-0.7831,-1.1702,-0.1466,4,0.4167,416,220,256,220,277,1,816,12849625509852,12850021895861,396386,0,1,63343,401633,1,,,,824,220,277,0,0,0,8,0,0
832,scan,825,0,12850075792115,,12850075954031,12850078306651,69.744,-0.7757,-1.1713,-0.1415,4,0.4201,420,220,246,220,277,1,816,,,,1,1,63343,401633,1,,,,825,220,277,0,0,0,8,0,0
833,scan,826,0,12850126095972,,12850126212125,12850127984894,69.794,-0.7609,-1.1732,-0.1194,4,0.3893,389,220,204,220,277,1,816,,,,1,1,63343,401633,1,,,,826,220,277,0,1,0,8,0,0
834,scan,827,0,12850176639909,,12850176758778,12850178862620,69.844,-0.7535,-1.1741,-0.1067,4,0.3909,390,220,180,220,306,1,819,12849776094257,12850176294533,400200,0,1,63343,399593,1,,,,827,220,306,0,1,0,8,0,0
835,scan,828,0,12850227041618,,12850227296952,12850228918221,69.894,-0.7387,-1.1755,-0.0887,4,0.3905,390,220,146,220,306,1,819,,,,1,1,63343,399593,1,,,,828,220,306,0,1,0,8,0,0
836,scan,829,0,12850276394167,,12850276527244,12850278812814,69.944,-0.7312,-1.1761,-0.0808,4,0.3784,378,220,130,220,306,1,819,,,,1,1,63343,399522,1,,,,829,220,306,0,1,0,8,0,0
837,scan,830,0,12850326864831,,12850327023237,12850328934569,69.994,-0.7238,-1.1767,-0.0709,4,0.3726,372,220,111,220,327,1,821,12849875808515,12850291658698,415850,0,1,63343,400648,1,,,,830,220,327,0,1,0,8,0,0
838,scan,831,0,12850376666184,,12850376806193,12850379818736,70.044,-0.7089,-1.1776,-0.0469,4,0.3694,369,220,64,220,327,1,821,,,,1,1,63343,400718,1,,,,831,220,327,0,1,0,8,0,0
839,scan,832,0,12850426718276,,12850426848421,12850429027216,70.094,-0.7015,-1.1779,-0.0357,4,0.3558,355,220,42,220,260,1,823,12849975810618,12850382656814,406846,0,1,63343,400996,1,,,,832,220,260,0,1,0,8,0,0
840,scan,833,0,12850476569383,,12850476765032,12850478986024,70.144,-0.6865,-1.1783,-0.0154,4,0.3694,369,220,2,220,244,1,824,12850025812404,12850431061726,405249,0,1,63343,401402,1,,,,833,220,244,0,1,0,8,0,0
841,scan,834,0,12850526678003,,12850526807800,12850528989304,70.194,-0.6791,-1.1784,-0.0067,4,0.3540,353,220,-16,220,244,1,824,,,,1,1,63343,401726,1,,,,834,220,244,0,1,0,8,0,0
842,scan,835,0,12850576477349,,12850576659797,12850578997286,70.244,-0.6641,-1.1784,0.0088,4,0.3505,350,220,-47,220,244,1,824,,,,1,1,63343,401726,1,,,,835,220,244,0,1,0,8,0,0
843,scan,836,0,12850627088295,,12850627227435,12850628972136,70.294,-0.6567,-1.1783,0.0167,4,0.3357,335,220,-63,220,172,1,827,12850176684232,12850609555832,432871,0,1,63343,403267,1,,,,836,220,172,0,1,0,8,0,0
844,scan,837,0,12850676751971,,12850676875372,12850679015161,70.344,-0.6417,-1.1779,0.0334,4,0.3366,336,220,-97,220,140,1,828,12850227119877,12850636216243,409096,0,1,63343,403704,1,,,,837,220,140,0,1,0,8,0,0
845,scan,838,0,12850726560444,,12850726773292,12850728986613,70.394,-0.6343,-1.1776,0.0398,4,0.3210,321,220,-111,220,124,1,829,12850276440180,12850713182352,436742,0,1,63343,405205,1,,,,838,220,124,0,1,0,8,0,0
846,scan,839,0,12850776525614,,12850776636234,12850778862452,70.444,-0.6193,-1.1770,0.0473,4,0.3141,314,220,-127,220,62,1,831,12850376712375,12850774432246,397719,0,1,63343,404880,1,,,,839,220,62,0,1,0,8,0,0
847,scan,840,0,12850826455252,,12850826663883,12850828873330,70.494,-0.6119,-1.1766,0.0502,4,0.3211,321,220,-134,220,62,1,831,,,,1,1,63343,405261,1,,,,840,220,62,0,1,0,8,0,0
848,scan,841,0,12850876737444,,12850876862738,12850878907427,70.544,-0.5969,-1.1758,0.0565,4,0.3204,320,220,-148,220,62,1,831,,,,1,1,63343,405757,1,,,,841,220,62,0,1,0,8,0,0
849,scan,842,0,12850927151443,,12850927309345,12850928967254,70.594,-0.5895,-1.1754,0.0584,4,0.3188,318,220,-152,220,1,1,833,12850476677468,12850892239426,415561,0,1,63343,406203,1,,,,842,220,1,0,1,0,8,0,0
850,scan,843,0,12850976768838,,12850976890730,12850978876617,70.644,-0.5745,-1.1745,0.0607,4,0.3181,318,220,-159,220,-14,1,834,12850526725719,12850936074124,409348,0,1,63343,406320,1,,,,843,220,-14,0,1,0,8,0,0
851,scan,844,0,12851026701489,,12851026846233,12851029047012,70.694,-0.5671,-1.1740,0.0609,4,0.3209,320,220,-160,220,-45,1,835,12850576522272,12850981230674,404708,0,1,63343,406673,1,,,,844,220,-45,0,1,0,8,0,0
852,scan,845,0,12851077171110,,12851077421643,12851079057832,70.744,-0.5522,-1.1731,0.0590,4,0.3240,324,220,-158,220,-91,1,837,12850676793383,12851077284182,400490,0,1,63343,406404,1,,,,845,220,-91,0,1,0,8,0,0
853,scan,846,0,12851126796525,,12851126934389,12851129001261,70.794,-0.5447,-1.1727,0.0570,4,0.3108,310,220,-155,220,-91,1,837,,,,1,1,63343,407030,1,,,,846,220,-91,0,1,0,8,0,0
854,scan,847,0,12851177032754,,12851177170047,12851179202266,70.844,-0.5372,-1.1723,0.0547,4,0.3241,324,220,-151,220,-104,1,838,12850726673703,12851134575307,407901,0,1,63343,407068,1,,,,847,220,-104,0,1,0,8,0,0
855,scan,848,0,12851226827180,,12851226950105,12851228986299,70.894,-0.5223,-1.1715,0.0478,4,0.3352,335,220,-139,220,-119,1,839,12850776566663,12851186861664,410295,0,1,63343,407047,1,,,,848,220,-119,0,1,0,8,0,0
856,scan,849,0,12851277232313,,12851277355936,12851278909837,70.944,-0.5148,-1.1712,0.0441,4,0.3966,396,220,-132,220,-125,1,840,12850826504266,12851238545809,412041,0,1,63343,407023,1,,,,849,220,-125,0,1,0,8,0,0
857,scan,850,0,12851327662676,,12851327788187,12851329947212,70.994,-0.4998,-1.1706,0.0365,4,1.0889,1088,220,-118,220,-138,1,841,12850876780097,12851326986746,450206,0,1,63343,409385,1,,,,850,220,-138,0,0,0,8,0,0
858,scan,851,0,12851377624364,,12851377763190,12851380036737,71.044,-0.4923,-1.1703,0.0321,4,1.1013,1101,220,-110,220,-143,1,842,12850927207290,12851328343836,401136,0,1,63343,409041,1,,,,851,220,-143,0,0,0,8,0,0
859,scan,852,0,12851427762524,,12851427890782,12851429919684,71.094,-0.4774,-1.1699,0.0225,4,1.0925,1092,220,-92,220,-151,1,843,12850976809750,12851379762495,402952,0,1,63343,409520,1,,,,852,220,-151,0,0,0,8,0,0
860,scan,853,0,12851477785778,,12851477914557,12851480067801,71.144,-0.4699,-1.1697,0.0174,4,1.0682,1068,220,-82,220,-149,1,845,12851077235597,12851474010699,396775,0,1,63343,409010,1,,,,853,220,-149,0,0,0,8,0,0
861,scan,854,0,12851527702823,,12851527837854,12851530022316,71.194,-0.4549,-1.1696,0.0073,4,1.0608,1060,220,-63,220,-149,1,845,,,,1,1,63343,408441,1,,,,854,220,-149,0,0,0,8,0,0
862,scan,855,0,12851577556303,,12851577693798,12851579876837,71.244,-0.4474,-1.1695,0.0022,4,1.0544,1054,220,-53,220,-145,1,846,12851126853142,12851552070008,425216,0,1,63343,409112,1,,,,855,220,-145,0,0,0,8,0,0
863,scan,856,0,12851627830638,,12851628068179,12851629978614,71.294,-0.4324,-1.1696,-0.0079,4,1.0449,1044,220,-34,220,-130,1,848,12851226869937,12851627935241,401065,0,1,63343,408802,1,,,,856,220,-130,0,0,0,8,0,0
864,scan,857,0,12851678090630,,12851678375576,12851679983701,71.344,-0.4249,-1.1696,-0.0128,4,1.0298,1029,220,-24,220,-130,1,848,,,,1,1,63343,408802,1,,,,857,220,-130,0,0,0,8,0,0
865,scan,858,0,12851728099657,,12851728284929,12851730052344,71.394,-0.4100,-1.1699,-0.0220,4,1.0522,1052,220,-6,220,-124,1,849,12851277273911,12851685153632,407879,0,1,63343,409165,1,,,,858,220,-124,0,0,0,8,0,0
866,scan,859,0,12851777821387,,12851777941748,12851779894365,71.444,-0.4025,-1.1701,-0.0261,4,1.0180,1018,220,2,220,-109,1,850,12851327707060,12851754124678,426417,0,1,63343,410335,1,,,,859,220,-109,0,0,0,8,0,0
867,scan,860,0,12851827711078,,12851827825673,12851829864435,71.494,-0.3875,-1.1705,-0.0343,4,1.0305,1030,220,19,220,-104,1,851,12851377673189,12851789767006,412093,0,1,63343,410400,1,,,,860,220,-104,0,0,0,8,0,0
868,scan,861,0,12851877859599,,12851877985544,12851879913582,71.544,-0.3800,-1.1708,-0.0381,4,1.0034,1003,220,27,220,-85,1,852,12851427808088,12851856449018,428640,0,1,63343,411534,1,,,,861,220,-85,0,0,0,8,0,0
869,scan,862,0,12851928168601,,12851928287250,12851929930420,71.594,-0.3651,-1.1714,-0.0447,4,1.0176,1017,220,40,220,-76,1,853,12851477833557,12851890641444,412807,0,1,63343,411579,1,,,,862,220,-76,0,0,0,8,0,0
870,scan,863,0,12851978159189,,12851978287732,12851979969221,71.644,-0.3576,-1.1718,-0.0475,4,1.0211,1021,220,46,220,-58,1,854,12851527743155,12851948552460,420809,0,1,63343,412404,1,,,,863,220,-58,0,0,0,8,0,0
871,scan,864,0,12852028388712,,12852028510181,12852031001355,71.694,-0.3501,-1.1721,-0.0500,4,1.0079,1007,220,51,220,-48,1,855,12851577602797,12851996483297,418880,0,1,63343,413207,1,,,,864,220,-48,0,0,0,8,0,0
872,scan,865,0,12852078607576,,12852078738451,12852080911758,71.744,-0.3352,-1.1729,-0.0541,4,0.9976,997,220,60,220,-30,1,856,12851627880788,12852041698510,413817,0,1,63343,413228,1,,,,865,220,-30,0,0,0,8,0,0
873,scan,866,0,12852128659883,,12852128784929,12852131008379,71.794,-0.3277,-1.1733,-0.0557,4,1.0006,1000,220,64,220,-30,1,856,,,,1,1,63343,413228,1,,,,866,220,-30,0,0,0,8,0,0
874,scan,867,0,12852178493994,,12852178616983,12852180894238,71.844,-0.3128,-1.1742,-0.0579,4,0.9822,982,220,69,220,-4,1,858,12851728150850,12852149380135,421229,0,1,63343,413953,1,,,,867,220,-4,0,0,0,8,0,0
875,scan,868,0,12852228508021,,12852228633032,12852230825200,71.894,-0.3053,-1.1746,-0.0586,4,1.0089,1008,220,71,220,3,1,859,12851777863983,12852193284240,415420,0,1,63343,414002,1,,,,868,220,3,0,0,0,8,0,0
876,scan,869,0,12852278565140,,12852278691320,12852280828057,71.944,-0.2904,-1.1755,-0.0594,4,0.9920,991,220,74,220,19,1,860,12851827749084,12852252806136,425057,0,1,63343,414359,1,,,,869,220,19,0,0,0,8,0,0
877,scan,870,0,12852328602858,,12852328775271,12852330886179,71.994,-0.2829,-1.1759,-0.0591,4,0.9945,994,220,74,220,26,1,861,12851877902489,12852287541413,409638,0,1,63343,414158,1,,,,870,220,26,0,0,0,8,0,0
878,scan,871,0,12852378740913,,12852378889066,12852380929752,72.044,-0.2680,-1.1768,-0.0575,4,1.0150,1015,220,72,220,39,1,862,12851928205019,12852333983447,405778,0,1,63343,413896,1,,,,871,220,39,0,0,0,8,0,0
879,scan,872,0,12852428636181,,12852428769243,12852430842122,72.094,-0.2605,-1.1772,-0.0564,4,0.9970,997,220,70,220,39,1,862,,,,1,1,63343,414124,1,,,,872,220,39,0,0,0,8,0,0
880,scan,873,0,12852478762195,,12852478890849,12852480953927,72.144,-0.2456,-1.1781,-0.0540,4,0.9944,994,220,66,220,49,1,864,12852028429999,12852435091039,406661,0,1,63343,414169,1,,,,873,220,49,0,0,0,8,0,0
881,scan,874,0,12852528775136,,12852529058487,12852530985039,72.194,-0.2381,-1.1785,-0.0526,4,0.9851,985,220,64,220,58,1,865,12852078652690,12852494892173,416239,0,1,63343,414234,1,,,,874,220,58,0,0,0,8,0,0
882,scan,875,0,12852578769204,,12852578904330,12852580978487,72.244,-0.2232,-1.1792,-0.0493,4,0.9833,983,220,58,220,61,1,866,12852128701584,12852559499614,430798,0,1,63343,414736,1,,,,875,220,61,0,0,0,8,0,0
883,scan,876,0,12852629102677,,12852629247114,12852630909577,72.294,-0.2157,-1.1796,-0.0472,4,0.9794,979,220,54,220,66,1,867,12852178536059,12852602767010,424230,0,1,63343,414474,1,,,,876,220,66,0,0,0,8,0,0
884,scan,877,0,12852679053101,,12852679183955,12852681068177,72.344,-0.2008,-1.1802,-0.0427,4,0.9697,969,220,46,220,69,1,868,12852228551403,12852629273680,400722,0,1,63343,414220,1,,,,877,220,69,0,0,0,8,0,0
885,scan,878,0,12852728759203,,12852728876321,12852730889361,72.394,-0.1933,-1.1806,-0.0404,4,0.9596,959,220,42,220,70,1,870,12852328653230,12852727890838,399237,0,1,63343,413084,1,,,,878,220,70,0,0,0,8,0,0
886,scan,879,0,12852778883222,,12852779001635,12852780992715,72.444,-0.1784,-1.1811,-0.0359,4,0.9480,948,220,33,220,70,1,870,,,,1,1,63343,413564,1,,,,879,220,70,0,0,0,8,0,0
887,scan,880,0,12852828785302,,12852828912442,12852830924903,72.494,-0.1709,-1.1814,-0.0335,4,0.9515,951,220,29,220,70,1,870,,,,1,1,63343,413564,1,,,,880,220,70,0,0,0,8,0,0
888,scan,881,0,12852879180614,,12852879309540,12852881283921,72.544,-0.1634,-1.1816,-0.0310,4,0.9438,943,220,24,220,66,1,872,12852428680563,12852830838082,402157,0,1,63343,413218,1,,,,881,220,66,0,0,0,8,0,0
889,scan,882,0,12852929439650,,12852929560845,12852931011298,72.594,-0.1485,-1.1821,-0.0262,4,0.9276,927,220,15,220,61,1,874,12852528970294,12852929125569,400155,0,1,63343,412751,1,,,,882,220,61,0,0,0,8,0,0
890,scan,883,0,12852979524476,,12852979656221,12852981983890,72.644,-0.1410,-1.1822,-0.0239,4,0.9181,918,220,10,220,61,1,874,,,,1,1,63343,412858,1,,,,883,220,61,0,0,0,8,0,0
891,scan,884,0,12853029344416,,12853029472809,12853030919185,72.694,-0.1260,-1.1826,-0.0197,4,0.9176,917,220,2,220,55,1,875,12852578809173,12852984602686,405793,0,1,63343,412892,1,,,,884,220,55,0,0,0,8,0,0
892,scan,885,0,12853079561337,,12853079707803,12853081893372,72.744,-0.1186,-1.1827,-0.0178,4,0.9219,921,220,-2,220,55,1,875,,,,1,1,63343,413292,1,,,,885,220,55,0,0,0,8,0,0
893,scan,886,0,12853129836695,,12853129958251,12853131947585,72.794,-0.1036,-1.1829,-0.0139,4,0.9053,905,220,-10,220,55,1,875,,,,1,1,63343,413292,1,,,,886,220,55,0,0,0,8,0,0
894,scan,887,0,12853179995190,,12853180167640,12853181988640,72.844,-0.0961,-1.1830,-0.0121,4,0.8948,894,220,-14,220,40,1,878,12852728800448,12853140497268,411696,0,1,63343,413414,1,,,,887,220,40,0,0,0,8,0,0
895,scan,888,0,12853229603471,,12853229732030,12853232165050,72.894,-0.0812,-1.1832,-0.0085,4,0.8906,890,220,-21,220,32,1,879,12852778920941,12853224394799,445473,0,1,63343,414549,1,,,,888,220,32,0,0,0,8,0,0
896,scan,889,0,12853279582293,,12853279710031,12853282061335,72.944,-0.0737,-1.1833,-0.0071,4,0.8748,874,220,-24,220,32,1,879,,,,1,1,63343,414632,1,,,,889,220,32,0,0,0,8,0,0
897,scan,890,0,12853329869433,,12853329991989,12853332026467,72.994,-0.0588,-1.1833,-0.0052,4,0.8689,868,220,-28,220,24,1,881,12852879224540,12853293435359,414210,0,1,63343,413433,1,,,,890,220,24,0,0,0,8,0,0
898,scan,891,0,12853379541196,,12853379670023,12853381930781,73.044,-0.0513,-1.1834,-0.0043,4,0.8728,872,220,-30,220,14,1,882,12852929482338,12853345508348,416026,0,1,63343,413929,1,,,,891,220,14,0,0,0,8,0,0
899,scan,892,0,12853429791638,,12853429922792,12853431935897,73.094,-0.0363,-1.1834,-0.0024,4,0.8527,852,220,-35,220,14,1,882,,,,1,1,63343,414307,1,,,,892,220,14,0,0,0,8,0,0
900,scan,893,0,12853479945129,,12853480119801,12853482037978,73.144,-0.0288,-1.1835,-0.0019,4,0.8628,862,220,-36,220,4,1,884,12853029390540,12853433399885,404009,0,1,63343,414557,1,,,,893,220,4,0,0,0,8,0,0
901,scan,894,0,12853529952747,,12853530078498,12853532124587,73.194,-0.0139,-1.1835,-0.0016,4,0.8370,836,220,-37,220,0,1,885,12853079611875,12853495619000,416007,0,1,63343,414605,1,,,,894,220,0,0,0,0,8,0,0
902,scan,895,0,12853579870069,,12853580043230,12853582049622,73.244,-0.0064,-1.1835,-0.0015,4,0.8474,847,220,-38,220,-12,1,887,12853180068162,12853578780394,398712,0,1,63343,413722,1,,,,895,220,-12,0,0,0,8,0,0
903,scan,896,0,12853630192000,,12853630326363,12853632086875,73.294,0.0086,-1.1835,-0.0015,4,0.8631,863,220,-39,220,-18,1,888,12853229647420,12853623204038,393556,0,1,63343,413472,1,,,,896,220,-18,0,0,0,8,0,0
904,scan,897,0,12853680253141,,12853680373996,12853681941613,73.344,0.0160,-1.1835,-0.0019,4,0.8395,839,220,-38,220,-18,1,888,,,,1,1,63343,413472,1,,,,897,220,-18,0,0,0,8,0,0
905,scan,898,0,12853730373675,,12853730504096,12853732297661,73.394,0.0235,-1.1835,-0.0026,4,0.8427,842,220,-37,220,-26,1,890,12853329910804,12853728568783,398657,0,1,63343,413164,1,,,,898,220,-26,0,0,0,8,0,0
906,flag,898,1,,12853747180517,12853747227134,12853749023402,73.394,0.0235,-1.1835,-0.0026,4,0.8427,842,220,-37,220,-26,1,890,,,,,,,,,,7,1790087961736455147,898,220,-37,1,0,37,9,0,0
907,scan,899,1,12853780352458,,12853780486047,12853781926953,73.444,0.0385,-1.1836,-0.0043,4,0.8381,838,220,-35,220,-29,1,891,12853379586304,12853777699248,398112,0,1,63343,412221,1,,,,899,220,-35,1,0,0,9,0,0
908,scan,900,1,12853830614831,,12853830754053,12853833032814,73.494,0.0460,-1.1836,-0.0050,4,0.8467,846,220,-33,220,-33,1,892,12853429835135,12853824799919,394964,0,1,63343,411650,1,,,,900,220,-33,1,0,0,9,0,0
909,flag,900,0,,12853845030510,12853845073372,12853846931283,73.494,0.0460,-1.1836,-0.0050,4,0.8467,846,220,-33,220,-33,1,892,,,,,,,,,,8,1790087961836493157,900,220,-33,0,0,37,10,0,0
910,scan,901,0,12853880474600,,12853880588764,12853882837282,73.544,0.0609,-1.1837,-0.0074,4,0.8405,840,220,-29,220,-33,1,893,12853479993426,12853872086054,392092,0,1,63343,410431,1,,,,901,220,-33,0,0,0,10,0,0
911,scan,902,0,12853930691738,,12853930832067,12853932956450,73.594,0.0684,-1.1838,-0.0088,4,0.8543,854,220,-27,220,-33,1,893,,,,1,1,63343,410349,1,,,,902,220,-33,0,0,0,10,0,0
912,scan,903,0,12853980435923,,12853980580241,12853982916645,73.644,0.0834,-1.1839,-0.0111,4,0.8702,870,220,-23,220,-34,1,894,12853529998749,12853935854663,405855,0,1,63343,409834,1,,,,903,220,-34,0,0,0,10,0,0
913,scan,904,0,12854030527454,,12854030655686,12854032942680,73.694,0.0909,-1.1840,-0.0120,4,0.8608,860,220,-21,220,-34,1,895,12853579916193,12853983122980,403206,0,1,63343,409293,1,,,,904,220,-34,0,0,0,10,0,0
914,scan,905,0,12854080608902,,12854080735322,12854082871664,73.744,0.1058,-1.1842,-0.0142,4,0.8965,896,220,-17,220,-33,1,896,12853630245944,12854055208671,424962,0,1,63343,409678,1,,,,905,220,-33,0,0,0,10,0,0
915,scan,906,0,12854130756706,,12854130884911,12854133975544,73.794,0.1133,-1.1843,-0.0155,4,1.0080,1007,220,-15,220,-32,1,898,12853730420519,12854126589728,396169,0,1,63343,409227,1,,,,906,220,-32,0,0,0,10,0,0
916,scan,907,0,12854180559265,,12854180695507,12854182845392,73.844,0.1283,-1.1846,-0.0179,4,1.0234,1023,220,-10,220,-32,1,898,,,,1,1,63343,408813,1,,,,907,220,-32,0,0,0,10,0,0
917,scan,908,0,12854230799597,,12854230940012,12854232979247,73.894,0.1357,-1.1847,-0.0189,4,1.0234,1023,220,-8,220,-31,1,899,12853780409755,12854196568561,416158,0,1,63343,408839,1,,,,908,220,-31,0,0,0,10,0,0
918,scan,909,0,12854280883301,,12854281001101,12854283069514,73.944,0.1507,-1.1850,-0.0209,4,1.0425,1042,220,-4,220,-31,1,899,,,,1,1,63343,408260,1,,,,909,220,-31,0,0,0,10,0,0
919,scan,910,0,12854330772784,,12854330898350,12854333063788,73.994,0.1582,-1.1852,-0.0220,4,1.0094,1009,220,-2,220,-31,1,899,,,,1,1,63343,408209,1,,,,910,220,-31,0,0,0,10,0,0
920,scan,911,0,12854380672422,,12854380815935,12854382995589,74.044,0.1731,-1.1855,-0.0242,4,1.0161,1016,220,2,220,-31,1,899,,,,1,1,63343,408302,1,,,,911,220,-31,0,0,0,10,0,0
921,scan,912,0,12854430921059,,12854431050508,12854432976000,74.094,0.1806,-1.1857,-0.0252,4,1.0300,1030,220,4,220,-18,1,904,12854030571473,12854423151427,392579,0,1,63343,407720,1,,,,912,220,-18,0,0,0,10,0,0
922,scan,913,0,12854480956329,,12854481108672,12854482984107,74.144,0.1956,-1.1861,-0.0272,4,1.0064,1006,220,8,220,-18,1,904,,,,1,1,63343,407761,1,,,,913,220,-18,0,0,0,10,0,0
923,scan,914,0,12854531051551,,12854531168594,12854532909625,74.194,0.2031,-1.1863,-0.0278,4,1.0134,1013,220,10,220,-14,1,906,12854130802657,12854523242288,392439,0,1,63343,406845,1,,,,914,220,-14,0,0,0,10,0,0
924,scan,915,0,12854581277925,,12854581509194,12854583877745,74.244,0.2105,-1.1865,-0.0282,4,1.0105,1010,220,11,220,-14,1,906,,,,1,1,63343,405887,1,,,,915,220,-14,0,0,0,10,0,0
925,scan,916,0,12854631102825,,12854631238256,12854632984639,74.294,0.2255,-1.1869,-0.0290,4,1.0010,1001,220,12,220,-7,1,907,12854180600615,12854592199516,411598,0,1,63343,405382,1,,,,916,220,-7,0,0,0,10,0,0
926,scan,917,0,12854681335281,,12854681533240,12854683818179,74.344,0.2330,-1.1871,-0.0295,4,1.0089,1008,220,14,220,-5,1,908,12854230844030,12854640635019,409790,0,1,63343,405744,1,,,,917,220,-5,0,0,0,10,0,0
927,scan,918,0,12854731347013,,12854731513827,12854733019159,74.394,0.2479,-1.1876,-0.0303,4,1.0094,1009,220,16,220,-1,1,910,12854330815930,12854725617556,394801,0,1,63343,405567,1,,,,918,220,-1,0,0,0,10,0,0
928,scan,919,0,12854781528932,,12854781662078,12854783916942,74.444,0.2554,-1.1878,-0.0304,4,1.0033,1003,220,16,220,-1,1,910,,,,1,1,63343,405567,1,,,,919,220,-1,0,0,0,10,0,0
929,scan,920,0,12854831443033,,12854831572184,12854833821813,74.494,0.2704,-1.1883,-0.0302,4,1.0089,1008,220,16,220,6,1,912,12854430961867,12854822141247,391179,0,1,63343,405014,1,,,,920,220,6,0,0,0,10,0,0
930,scan,921,0,12854881387368,,12854881534329,12854883823087,74.544,0.2778,-1.1885,-0.0302,4,1.0106,1010,220,16,220,6,1,912,,,,1,1,63343,405128,1,,,,921,220,6,0,0,0,10,0,0
931,scan,922,0,12854931487233,,12854931660950,12854933969831,74.594,0.2928,-1.1890,-0.0301,4,1.0148,1014,220,17,220,6,1,912,,,,1,1,63343,405335,1,,,,922,220,6,0,0,0,10,0,0
932,scan,923,0,12854981684620,,12854981829144,12854983930432,74.644,0.3003,-1.1892,-0.0299,4,1.0106,1010,220,16,220,6,1,912,,,,1,1,63343,405335,1,,,,923,220,6,0,0,0,10,0,0
933,scan,924,0,12855031534848,,12855031668866,12855033843617,74.694,0.3152,-1.1896,-0.0292,4,1.0152,1015,220,16,220,13,1,915,12854581357819,12854994109122,412751,0,1,63343,405625,1,,,,924,220,13,0,0,0,10,0,0
934,scan,925,0,12855081580709,,12855081713339,12855083868071,74.744,0.3227,-1.1898,-0.0290,4,1.0192,1019,220,15,220,14,1,916,12854631151018,12855035391677,404240,0,1,63343,405570,1,,,,925,220,14,0,0,0,10,0,0
935,scan,926,0,12855131681924,,12855131847917,12855133916103,74.794,0.3376,-1.1903,-0.0285,4,1.0292,1029,220,15,220,13,1,917,12854681382901,12855090069234,408686,0,1,63343,405690,1,,,,926,220,13,0,0,0,10,0,0
936,scan,927,0,12855181527602,,12855181693695,12855183875974,74.844,0.3451,-1.1905,-0.0279,4,1.0085,1008,220,14,220,17,1,918,12854731433548,12855160200559,428767,0,1,63343,406346,1,,,,927,220,17,0,0,0,10,0,0
937,scan,928,0,12855231752650,,12855231892971,12855233999924,74.894,0.3601,-1.1909,-0.0266,4,1.0017,1001,220,12,220,17,1,919,12854781579168,12855189430806,407851,0,1,63343,404899,1,,,,928,220,17,0,0,0,10,0,0
938,scan,929,0,12855281746153,,12855281868459,12855283907851,74.944,0.3675,-1.1911,-0.0261,4,1.0158,1015,220,11,220,15,1,920,12854831484594,12855238041817,406557,0,1,63343,404960,1,,,,929,220,15,0,0,0,10,0,0
939,scan,930,0,12855331689643,,12855331828535,12855333889585,74.994,0.3825,-1.1915,-0.0251,4,0.9982,998,220,9,220,15,1,920,,,,1,1,63343,404605,1,,,,930,220,15,0,0,0,10,0,0
940,scan,931,0,12855381881625,,12855382023340,12855384068531,75.044,0.3900,-1.1917,-0.0246,4,1.0276,1027,220,8,220,17,1,922,12854931532780,12855335004915,403472,0,1,63343,404122,1,,,,931,220,17,0,0,0,10,0,0
941,scan,932,0,12855431950530,,12855432110002,12855434123901,75.094,0.3975,-1.1918,-0.0240,4,1.0150,1015,220,7,220,17,1,922,,,,1,1,63343,404122,1,,,,932,220,17,0,0,0,10,0,0
942,scan,933,0,12855481876497,,12855482072077,12855483906300,75.144,0.4124,-1.1922,-0.0230,4,1.0163,1016,220,6,220,17,1,923,12854981728925,12855461489023,479760,0,1,63343,407035,1,,,,933,220,17,0,0,0,10,0,0
943,scan,934,0,12855532264084,,12855532472893,12855533911005,75.194,0.4199,-1.1924,-0.0224,4,1.0262,1026,220,5,220,16,1,926,12855131751708,12855524759001,393007,0,1,63343,406151,1,,,,934,220,16,0,0,0,10,0,0
944,scan,935,0,12855581836087,,12855581995008,12855584062202,75.244,0.4348,-1.1927,-0.0212,4,1.0200,1019,220,2,220,16,1,926,,,,1,1,63343,406448,1,,,,935,220,16,0,0,0,10,0,0
945,scan,936,0,12855631807744,,12855631944319,12855633888426,75.294,0.4423,-1.1928,-0.0206,4,1.0041,1004,220,1,220,13,1,927,12855181601829,12855594333029,412731,0,1,63343,407215,1,,,,936,220,13,0,0,0,10,0,0
946,scan,937,0,12855682202751,,12855682319993,12855683902359,75.344,0.4573,-1.1931,-0.0196,4,1.0052,1005,220,-1,220,11,1,929,12855281788246,12855678944298,397156,0,1,63343,406828,1,,,,937,220,11,0,0,0,10,0,0
947,scan,938,0,12855732327830,,12855732456067,12855733982189,75.394,0.4648,-1.1933,-0.0192,4,1.0179,1017,220,-2,220,11,1,929,,,,1,1,63343,407155,1,,,,938,220,11,0,0,0,10,0,0
948,scan,939,0,12855782313474,,12855782441659,12855783923200,75.444,0.4797,-1.1936,-0.0184,4,1.0115,1011,220,-3,220,12,1,931,12855381929873,12855779235078,397305,0,1,63343,407123,1,,,,939,220,12,0,0,0,10,0,0
949,scan,940,0,12855832525134,,12855832647979,12855834936442,75.494,0.4872,-1.1937,-0.0181,4,1.0191,1019,220,-4,220,12,1,931,,,,1,1,63343,407630,1,,,,940,220,12,0,0,0,10,0,0
950,scan,941,0,12855882419702,,12855882549208,12855883918228,75.544,0.5021,-1.1940,-0.0173,4,1.0127,1012,220,-6,220,6,1,933,12855481923995,12855881842556,399918,0,1,63343,407956,1,,,,941,220,6,0,0,0,10,0,0
951,scan,942,0,12855932530349,,12855932652350,12855934923675,75.594,0.5096,-1.1941,-0.0169,4,1.0261,1026,220,-7,220,6,1,933,,,,1,1,63343,407956,1,,,,942,220,6,0,0,0,10,0,0
952,scan,943,0,12855982475338,,12855982605121,12855984820527,75.644,0.5246,-1.1943,-0.0162,4,1.0173,1017,220,-9,220,3,1,934,12855532337890,12855944804677,412466,0,1,63343,408231,1,,,,943,220,3,0,0,0,10,0,0
953,scan,944,0,12856032505083,,12856032640464,12856034898818,75.694,0.5321,-1.1945,-0.0162,4,1.0214,1021,220,-9,220,5,1,935,12855581897932,12856003802919,421904,0,1,63343,409010,1,,,,944,220,5,0,0,0,10,0,0
954,scan,945,0,12856082496889,,12856082623394,12856084799528,75.744,0.5470,-1.1947,-0.0161,4,0.9984,998,220,-10,220,4,1,936,12855631854383,12856033245573,401391,0,1,63343,408028,1,,,,945,220,4,0,0,0,10,0,0
955,scan,946,0,12856132715400,,12856132837213,12856134917461,75.794,0.5545,-1.1948,-0.0159,4,1.0070,1007,220,-10,220,1,1,937,12855682244983,12856095020325,412775,0,1,63343,408720,1,,,,946,220,1,0,0,0,10,0,0
956,scan,947,0,12856182777960,,12856182906959,12856185031052,75.844,0.5694,-1.1951,-0.0155,4,1.0048,1004,220,-12,220,-2,1,938,12855732374523,12856138621495,406246,0,1,63343,408621,1,,,,947,220,-2,0,0,0,10,0,0
957,scan,948,0,12856233160167,,12856233308652,12856234911233,75.894,0.5769,-1.1952,-0.0154,4,1.0171,1017,220,-12,220,0,1,939,12855782357403,12856211988925,429631,0,1,63343,409160,1,,,,948,220,0,0,0,0,10,0,0
958,scan,949,0,12856283371154,,12856283515157,12856285811899,75.944,0.5844,-1.1953,-0.0155,4,1.0051,1005,220,-13,220,-1,1,940,12855832565913,12856234490042,401924,0,1,63343,408882,1,,,,949,220,-1,0,0,0,10,0,0
959,scan,950,0,12856333125420,,12856333264474,12856334898814,75.994,0.5994,-1.1955,-0.0158,4,1.0136,1013,220,-13,220,-5,1,942,12855932576961,12856330133107,397556,0,1,63343,408462,1,,,,950,220,-5,0,0,0,10,0,0
960,scan,951,0,12856382952646,,12856383078921,12856384923542,76.044,0.6068,-1.1956,-0.0157,4,1.0296,1029,220,-14,220,-5,1,942,,,,1,1,63343,408462,1,,,,951,220,-5,0,0,0,10,0,0
961,scan,952,0,12856432943580,,12856433067443,12856434962902,76.094,0.6218,-1.1959,-0.0158,4,1.0109,1010,220,-15,220,-9,1,943,12855982521855,12856394724358,412202,0,1,63343,409189,1,,,,952,220,-9,0,0,0,10,0,0
962,scan,953,0,12856483405317,,12856483542537,12856485865563,76.144,0.6293,-1.1960,-0.0160,4,1.0146,1014,220,-15,220,-10,1,944,12856032551376,12856444133677,411582,0,1,63343,409274,1,,,,953,220,-10,0,0,0,10,0,0
963,scan,954,0,12856533423951,,12856533554412,12856535989699,76.194,0.6442,-1.1962,-0.0168,4,1.0139,1013,220,-15,220,-5,1,945,12856082541195,12856483777631,401236,0,1,63343,409589,1,,,,954,220,-5,0,0,0,10,0,0
,wdog,,,,,,12856684115899,,,,,,,,,,,,,,,,,,,,,,,,,954,0,0,0,3,0,10,0,
